target,feature,category,best_k,t_best,p_best,r_best,b_1sd_best,n_best,t_lev_at_best,t_exinfl_at_best,t_incr_at_best,t_incr_base_at_best,best_k_exinfl,t_k0,t_k1,t_k2,t_k3,t_k4,t_k5,t_k6,t_ex_k0,t_ex_k1,t_ex_k2,t_ex_k3,t_ex_k4,t_ex_k5,t_ex_k6,t_incr_k0,t_incr_k1,t_incr_k2,t_incr_k3,t_incr_k4,t_incr_k5,t_incr_k6,q_by_lagfamily,n_tests_lagfamily
d_margin,eu_ppi_plastic_products_idx__yoy,packaging_freight,0,-8.82154,4.04699e-14,-0.471787,-0.567493,101,-8.26215,-2.98083,-7.6616,,0,-8.82154,-4.43415,-2.47866,-1.33337,-0.0212316,1.40347,2.3155,-2.98083,-1.89092,-0.863976,-0.00773386,1.49383,2.63371,2.48471,-7.6616,-5.91338,-4.02573,-2.7788,-0.931504,0.634509,2.07789,4.38172e-10,1386
d_margin,packaging_eu_yoy,packaging_freight,0,-5.8445,6.52381e-08,-0.458064,-0.550986,101,-5.40141,-2.97542,-5.59689,,6,-5.8445,-3.04673,-1.76934,-0.631261,0.971292,2.21655,2.95867,-2.97542,-1.53989,-0.478256,0.646283,2.3085,3.46146,3.92136,-5.59689,-4.18483,-3.28118,-2.18813,0.279518,1.69413,2.6615,0.000353169,1386
d_margin,eu_ppi_dom_c105_idx__yoy,producer_prices_input_costs,6,5.1596,1.39449e-06,0.318208,0.390699,95,5.06967,5.58272,4.50782,,6,-1.90623,-0.77957,0.444499,1.43913,2.53509,4.00742,5.1596,-0.846557,0.169903,1.14516,1.81771,2.79347,4.55337,5.58272,-3.43315,-2.79899,-0.804462,0.801242,2.04967,3.15419,4.50782,0.00420575,1386
d_margin,w_ec_food_retail_sell_price_exp_lvl,price_expectations,0,-5.27302,1.80476e-06,-0.49041,-0.61862,64,-4.8129,-1.11919,-4.78651,,6,-5.27302,-3.62224,-2.53993,-1.5857,-0.343105,1.63473,2.28483,-1.11919,-1.38949,-1.1484,0.191541,1.75889,2.61536,2.76695,-4.78651,-3.7432,-3.19069,-2.83606,-1.16976,0.531198,1.67295,0.00420575,1386
d_margin,w_gov10y_d4,rates,0,-5.05586,1.94224e-06,-0.536335,-0.6445,102,-4.85638,-3.0596,-4.72378,,0,-5.05586,-3.73734,-2.31822,-1.47939,-0.335359,1.09218,2.5506,-3.0596,-2.66505,-1.63224,-0.906767,0.25959,1.69135,2.83941,-4.72378,-4.60955,-3.28413,-2.56167,-1.28632,0.338665,2.15247,0.00420575,1386
d_margin,no_govbond_10y__d4,rates,0,-4.93904,3.15218e-06,-0.571731,-0.687034,102,-4.74455,-3.63955,-4.55702,,0,-4.93904,-4.06079,-2.48637,-1.40735,-0.204294,0.89749,2.17677,-3.63955,-2.72373,-1.51611,-0.706593,0.484157,1.52131,2.38954,-4.55702,-4.33819,-3.18187,-2.45813,-1.026,0.249336,1.83097,0.00568816,1386
d_margin,se_ppi_food_hmpi_idx__yoy,producer_prices_input_costs,6,4.77224,6.22696e-06,0.241197,0.289841,102,4.61586,4.71956,3.54906,,6,-1.13948,-0.588844,0.619087,2.06975,2.80857,3.92068,4.77224,0.279141,0.653848,1.87752,2.72721,3.57153,4.51515,4.71956,-2.41848,-1.72211,-0.233249,1.20616,2.51729,3.07314,3.54906,0.00963141,1386
d_margin,eu_ppi_paper_packaging_idx__yoy,packaging_freight,0,-4.72322,7.66711e-06,-0.430147,-0.517406,101,-4.30111,-2.67821,-4.65391,,6,-4.72322,-2.51499,-1.38299,0.0451729,1.6556,2.4916,3.04618,-2.67821,-1.21884,-0.206094,1.03124,2.57439,3.38434,3.59717,-4.65391,-3.6251,-3.09012,-1.53126,1.19677,2.0437,2.74664,0.0103766,1386
d_margin,ea_ec_food_ind_sell_price_exp__lvl,price_expectations,0,-4.6502,1.01623e-05,-0.439174,-0.527744,102,-4.38474,-1.40452,-4.88441,,6,-4.6502,-3.72582,-2.05829,-1.09548,-0.094965,0.906067,2.03595,-1.40452,-1.23968,-0.300866,0.445115,1.3651,1.7854,2.60008,-4.88441,-4.49705,-3.21692,-2.29601,-0.826664,0.1232,1.64913,0.0122254,1386
d_margin,eu_ppi_dom_c107_idx__yoy,producer_prices_input_costs,5,4.4701,2.18213e-05,0.284531,0.347628,96,4.35628,5.74738,3.38526,,5,-0.947993,-0.11021,1.152,2.43053,3.54432,4.4701,3.5722,0.479652,1.3042,2.06133,3.39715,5.64026,5.74738,3.31087,-2.87419,-1.6287,0.243615,1.75046,2.81799,3.38526,3.28477,0.0236261,1386
d_margin,se_cpi_idx__dyoy,consumer_prices,0,-4.21062,5.57593e-05,-0.473451,-0.568933,102,-3.96672,-3.53735,-3.67922,,0,-4.21062,-3.70111,-2.75797,-1.68985,-0.0453425,1.1373,2.24199,-3.53735,-3.13394,-2.10107,-0.955334,0.511598,1.55407,2.50669,-3.67922,-4.11998,-4.69835,-4.51783,-1.23012,0.353691,1.9948,0.0462517,1386
d_margin,se_cpi_idx__yoy,consumer_prices,6,4.17761,6.31039e-05,0.279125,0.335417,102,4.05593,4.34486,3.3533,,6,-2.26319,-1.11071,-0.112518,0.987069,2.18316,3.2612,4.17761,-0.592602,0.670731,1.8574,2.75866,3.63476,4.1395,4.34486,-3.56208,-2.33243,-1.2298,0.237196,1.97227,2.68595,3.3533,0.0462517,1386
d_margin,se_real_wage_yoy_q__d4,wages_income,0,4.1756,6.35791e-05,0.414888,0.49856,102,3.9632,4.14999,3.82841,,0,4.1756,3.59503,2.04119,-0.0539032,-1.22634,-2.05887,-2.04702,4.14999,3.42806,1.35437,-0.442264,-1.42752,-2.21559,-2.1804,3.82841,4.67598,4.8504,1.32638,-0.665706,-1.68063,-1.86429,0.0462517,1386
d_margin,se_real_wage_yoy_q__lvl,wages_income,5,-4.17147,6.45688e-05,-0.27063,-0.325209,102,-4.05017,-3.88049,-3.29591,,5,1.66605,0.643014,-0.33053,-1.67735,-2.79856,-4.17147,-3.92189,0.164135,-1.21284,-2.06556,-2.89463,-3.56717,-3.88049,-3.35423,2.83236,1.8181,0.514648,-1.247,-2.65016,-3.29591,-2.98342,0.0462517,1386
d_margin,eu_ppi_dom_food_mfg_idx__yoy,producer_prices_input_costs,6,4.16987,6.83496e-05,0.251808,0.309172,95,4.08325,4.19858,3.33932,,6,-2.11598,-1.3338,-0.498485,0.678035,1.77808,3.20348,4.16987,-0.442202,-0.0756358,0.4066,1.21536,2.25942,3.98245,4.19858,-3.57208,-2.9361,-1.79286,-0.139235,1.24563,2.27582,3.33932,0.0462517,1386
d_margin,w_cpi_yoy,consumer_prices,6,4.13836,7.30463e-05,0.235392,0.282864,102,4.00084,3.98863,3.46706,,5,-1.35707,-0.674864,0.179413,1.44184,2.45896,3.8994,4.13836,0.925535,1.79792,2.70113,3.64405,4.31632,4.79344,3.98863,-2.52609,-1.73559,-0.710044,0.755962,1.77885,2.77258,3.46706,0.0465223,1386
d_margin,us_ppi_corrugated_boxes_idx__yoy,packaging_freight,0,-4.09438,8.59772e-05,-0.452302,-0.543519,102,-3.9324,-2.54752,-3.75853,,0,-4.09438,-4.03635,-2.85988,-1.63637,0.322287,2.09163,2.48601,-2.54752,-2.42121,-1.77107,-0.954447,1.17083,2.25264,2.33201,-3.75853,-3.93158,-3.28486,-2.29069,-0.125423,1.97626,2.60957,0.0511531,1386
d_margin,se_gov_bond_10y__d4,rates,0,-4.06909,9.43754e-05,-0.472685,-0.568013,102,-3.90386,-2.85367,-3.81257,,6,-4.06909,-3.20721,-2.18802,-1.44408,-0.487832,0.976875,2.39681,-2.85367,-2.54475,-1.69903,-1.04331,0.0107547,1.68841,2.88669,-3.81257,-4.04543,-3.06863,-2.29377,-1.34967,0.278361,2.00802,0.0511531,1386
d_margin,nw_retail_food_vol_dyoy,activity_retail,0,4.05491,0.000102706,0.383985,0.46858,97,3.85401,2.47953,3.52012,,0,4.05491,2.19803,1.16205,0.113066,-0.456421,-1.62485,-2.15887,2.47953,0.360927,-0.420298,-1.05902,-1.42858,-1.87587,-1.90795,3.52012,2.42175,1.66048,0.578089,-0.147441,-1.16689,-1.87643,0.0511531,1386
d_margin,no_ssb_bts_consgoods_home_price_exp__d4,price_expectations,0,-4.01839,0.000113645,-0.409128,-0.491639,102,-3.87629,-2.22766,-3.47276,,2,-4.01839,-3.49727,-3.19796,-0.882108,-0.257969,1.08683,1.21453,-2.22766,-2.15576,-2.38401,0.322998,0.31545,1.66245,1.94614,-3.47276,-3.86456,-3.2959,-1.71879,-0.923212,0.695337,0.822386,0.0511531,1386
d_margin,nw_food_ppi_yoy,producer_prices_input_costs,6,4.02082,0.000117828,0.219282,0.269236,95,3.87446,3.83198,3.14792,,5,-1.50684,-0.892333,0.361073,1.82467,2.55175,3.6386,4.02082,0.306575,0.672574,2.02709,2.83805,3.61069,4.2985,3.83198,-2.68962,-2.11986,-0.701674,0.87127,2.04992,2.54899,3.14792,0.0511531,1386
d_margin,eu_ppi_dom_c103_idx__yoy,producer_prices_input_costs,5,4.01061,0.000121434,0.277422,0.338943,96,3.85367,4.20187,3.27567,,4,-0.741114,0.431134,1.64658,2.71622,3.72975,4.01061,2.88348,0.528325,1.47954,2.58439,3.42648,4.8461,4.20187,2.38693,-2.22095,-0.508264,1.01811,2.13416,3.11449,3.27567,2.70022,0.0511531,1386
d_margin,ea_hicp_food_idx__yoy,consumer_prices,5,3.87441,0.00019762,0.235231,0.287396,96,3.79141,4.00611,2.62723,,5,-1.13384,-0.331079,0.857552,1.50142,3.10504,3.87441,3.18878,0.170406,0.45057,1.05845,1.29927,3.83461,4.00611,2.77878,-2.62497,-1.5027,-0.0701379,0.709406,2.06847,2.62723,2.86558,0.0713217,1386
d_margin,elec_nordic_loc_dyoy,energy,3,-3.78294,0.000270997,-0.370803,-0.452494,97,-3.59458,-2.59358,-3.21041,,3,-0.0654467,-0.680674,-1.98424,-3.78294,-2.94977,-1.79432,-0.563776,-0.0396443,-0.36158,-0.978469,-2.59358,-2.20715,-0.889382,0.0905323,0.218921,-0.410944,-1.68335,-3.21041,-2.66705,-1.58224,-0.487494,0.0943154,1386
d_margin,w_food_ppi_yoy,producer_prices_input_costs,6,3.77797,0.000278754,0.224831,0.27605,95,3.67609,3.72303,2.99886,,5,-1.82377,-1.07591,0.251879,1.72262,2.3973,3.38543,3.77797,-0.120361,0.347244,1.76324,2.5765,3.19384,4.15182,3.72303,-3.04672,-2.45979,-0.952891,0.8248,1.95643,2.39792,2.99886,0.0943154,1386
d_margin,eu_ppi_plastic_products_idx__dyoy,packaging_freight,2,-3.67255,0.000400868,-0.3833,-0.470619,95,-3.34687,-4.78372,-3.14178,,1,-2.85779,-3.39291,-3.67255,-2.4981,-0.976587,0.31284,1.12251,-3.98887,-5.67414,-4.78372,-1.29195,0.127586,1.00949,1.23606,-2.40709,-2.80842,-3.14178,-2.96354,-1.44764,-0.141317,0.817635,0.117304,1386
d_margin,se_na_hhcons_food_sa__yoy,activity_retail,4,-3.65176,0.000416575,-0.334553,-0.402023,102,-3.51005,-3.59661,-3.24096,,4,0.176956,-0.944451,-1.42151,-2.55541,-3.65176,-3.20747,-3.13409,-0.484897,-1.2144,-1.36423,-2.60708,-3.59661,-2.56735,-2.78378,0.753469,-0.600205,-0.871994,-2.18565,-3.24096,-2.79991,-2.84142,0.118692,1386
d_margin,eu_ppi_dom_c103_idx__dyoy,producer_prices_input_costs,0,-3.58364,0.000536897,-0.32163,-0.392487,97,-3.38774,-3.38706,-4.60153,,0,-3.58364,-2.40881,-0.973071,0.732818,1.64199,2.07988,2.37342,-3.38706,-1.94483,-0.497979,0.733751,1.67996,2.33079,2.63635,-4.60153,-5.01862,-2.95092,-0.0488831,1.21658,1.55604,2.05618,0.13795,1386
d_margin,se_cpi_food_idx__yoy,consumer_prices,6,3.57198,0.000546763,0.291951,0.350829,102,3.40961,3.43724,2.91033,,5,-1.28518,-0.667407,0.236716,1.24914,1.89458,2.98029,3.57198,0.869421,0.612203,0.83076,1.1987,1.8613,3.64705,3.43724,-2.25911,-1.80831,-0.580823,0.455546,1.09201,2.02996,2.91033,0.13795,1386
d_margin,us_ppi_corrugated_boxes_idx__dyoy,packaging_freight,1,-3.57138,0.000547871,-0.441048,-0.529995,102,-3.4574,-2.90092,-3.42144,,1,-2.75416,-3.57138,-3.2767,-2.22326,-0.383095,1.22695,1.85126,-2.25749,-2.90092,-2.58269,-1.6429,0.599898,1.80556,2.08777,-2.2699,-3.42144,-3.13287,-2.28353,-0.401175,1.17459,1.84536,0.13795,1386
d_margin,w_retail_food_vol_dyoy,activity_retail,0,3.56249,0.000576502,0.365317,0.445799,97,3.39486,1.68026,3.36935,,5,3.56249,2.05065,1.12797,0.177732,-0.674382,-1.74021,-2.04911,1.68026,0.250241,-0.518208,-1.06139,-1.68283,-1.9482,-1.81509,3.36935,2.32036,1.58666,0.639554,-0.394239,-1.23759,-1.78816,0.138707,1386
d_margin,w_gdp_vol_dyoy,activity_retail,1,-3.5213,0.000648523,-0.275122,-0.330606,102,-3.13641,-2.13261,-3.24334,,1,-1.48647,-3.5213,-2.65482,-1.70727,-1.7743,-0.118827,1.34717,-1.52514,-2.13261,-1.96797,-1.00904,-2.04752,-0.053196,1.09631,-1.27504,-3.24334,-2.67352,-1.96822,-1.89009,-0.293041,1.19708,0.146284,1386
d_margin,eu_ppi_dom_c106_idx__yoy,producer_prices_input_costs,6,3.48306,0.000757491,0.253612,0.311387,95,3.36351,3.51874,2.82854,,5,-2.30947,-1.4469,-0.316622,1.18423,2.17533,3.18122,3.48306,-1.32442,-0.624905,0.631463,2.11877,2.78875,3.78608,3.51874,-3.51586,-2.67362,-1.27079,0.670027,2.20797,2.76277,2.82854,0.164029,1386
d_margin,w_food_cpi_yoy,consumer_prices,5,3.46046,0.000794314,0.247565,0.297493,102,3.38769,3.64261,2.37175,,5,-0.625245,0.546418,1.70158,1.97889,2.69087,3.46046,2.6892,1.7696,2.76318,3.15762,2.60428,3.50883,3.64261,2.49428,-1.88832,-0.355111,0.947151,1.26989,2.02284,2.37175,2.19595,0.16863,1386
d_margin,packaging_eu_dyoy,packaging_freight,2,-3.44132,0.000868915,-0.356115,-0.437241,95,-3.22996,-3.54722,-3.18345,,1,-2.59034,-3.1364,-3.44132,-2.34721,-0.625911,0.897142,1.51954,-3.35838,-4.05083,-3.54722,-1.37461,0.279215,1.31421,1.62804,-2.24844,-2.65405,-3.18345,-3.28547,-1.42184,0.389723,1.24572,0.180062,1386
d_margin,natgas_eu_eur_yoy,energy,2,-3.44346,0.000881428,-0.370415,-0.463051,90,-3.16098,-1.10994,-3.02437,,3,-2.50946,-3.15082,-3.44346,-3.29737,-2.5623,-2.09501,-0.884518,-0.782162,-1.0746,-1.10994,-1.17667,-0.982386,-1.13371,-0.507595,-2.09846,-2.66859,-3.02437,-3.26377,-2.92676,-2.26773,-1.15237,0.180062,1386
d_margin,w_food_cpi_xvat_yoy,consumer_prices,5,3.38751,0.0010098,0.262559,0.31551,102,3.29326,3.47002,2.37075,,5,-0.779043,0.389557,1.54925,1.94968,2.60645,3.38751,3.13322,0.892206,1.5113,2.16273,2.35166,3.13435,3.47002,2.80348,-2.08584,-0.532103,0.758201,1.30661,2.05579,2.37075,2.5587,0.19953,1386
d_margin,eu_agri_basket_yoy,commodities,0,-3.36171,0.00110195,-0.377353,-0.453902,101,-3.14814,-1.95812,-3.08918,,6,-3.36171,-2.4303,-0.967749,0.0815761,0.439852,1.50349,2.31284,-1.95812,-1.30646,-0.0373515,0.837001,0.883405,1.66321,2.43578,-3.08918,-3.02373,-2.35203,-1.07795,-0.550286,0.62497,1.75426,0.209315,1386
d_margin,no_earn_idx_food_manuf_q__dyoy,wages_income,5,3.32758,0.00123462,0.205921,0.247536,100,3.19035,3.43874,3.28747,,5,-1.01421,-1.13058,-1.80253,-1.6267,1.01164,3.32758,2.83134,-1.21076,-1.37406,-1.61959,-1.68672,0.876521,3.43874,2.5136,-1.04941,-1.26057,-1.72343,-1.64746,0.904621,3.28747,2.688,0.230471,1386
d_margin,eu_ppi_paper_packaging_idx__dyoy,packaging_freight,2,-3.29619,0.00138842,-0.322251,-0.395663,95,-3.16035,-2.84313,-3.33002,,1,-2.5783,-3.13472,-3.29619,-2.13338,-0.303902,1.2133,1.67541,-3.13907,-3.54463,-2.84313,-1.27024,0.358771,1.47645,1.8189,-2.22345,-2.67444,-3.33002,-3.49521,-1.23304,0.752035,1.41084,0.252251,1386
d_margin,glob_gscpi__lvl,packaging_freight,4,-3.28152,0.00142241,-0.352841,-0.424,102,-2.97283,-0.955152,-3.84174,,6,-1.5011,-1.83069,-1.90716,-3.07518,-3.28152,-1.71904,-0.863993,0.383078,0.510468,1.11751,-0.236084,-0.955152,0.463547,1.79085,-1.34278,-1.70154,-1.95602,-3.09705,-3.84174,-2.26009,-1.06753,0.252251,1386
d_margin,se_retail_grocery_vol_sa_idx__yoy,activity_retail,4,-3.25101,0.00156769,-0.352581,-0.423687,102,-3.05298,-3.64813,-3.06672,,4,-0.35127,-1.8224,-1.49391,-2.1792,-3.25101,-1.76525,-1.21971,-0.76858,-2.32122,-1.8904,-2.02313,-3.64813,-2.7413,-1.72922,0.277322,-1.33398,-1.29486,-1.97891,-3.06672,-1.86889,-1.19398,0.261793,1386
d_margin,w_ec_food_retail_sell_price_exp_d4,price_expectations,2,-3.32344,0.00157166,-0.490234,-0.641593,58,-3.01647,-2.76202,-2.99369,,1,-2.57293,-3.01331,-3.32344,-3.20353,-2.76928,0.0143797,1.19594,-2.32034,-2.77169,-2.76202,-2.48414,-2.2809,0.203688,1.30796,-2.14256,-2.71046,-2.99369,-3.1404,-2.85852,-0.483172,0.878897,0.261793,1386
d_margin,no_nbes_bl_sell_price_di__d4,price_expectations,3,-3.1998,0.00190635,-0.460866,-0.572273,91,-2.90225,-2.73491,-3.40839,,3,-2.31404,-2.74759,-2.83728,-3.1998,-2.58728,-1.14064,0.119108,-2.12301,-2.36367,-2.40943,-2.73491,-1.9643,-0.393081,0.793939,-2.06138,-2.82277,-3.10753,-3.40839,-2.66631,-1.1929,0.0761684,0.29486,1386
d_margin,glob_gscpi__d4,packaging_freight,4,-3.16872,0.00203164,-0.360472,-0.433169,102,-2.95111,-3.14082,-2.61172,,3,1.02589,-0.178565,-1.299,-2.51581,-3.16872,-2.09793,-0.761436,1.72327,0.0865447,-0.560101,-3.14829,-3.14082,-0.818126,0.0725728,1.5678,0.33133,-0.932218,-1.95325,-2.61172,-1.86735,-0.708692,0.301326,1386
d_margin,eu_ppi_dom_c106_idx__dyoy,producer_prices_input_costs,0,-3.16044,0.00211384,-0.433177,-0.528609,97,-3.02139,-2.85282,-3.12654,,0,-3.16044,-3.0941,-1.97402,-0.0348052,0.884648,1.55492,2.32105,-2.85282,-2.70406,-1.46785,0.287153,1.11182,1.83103,2.73178,-3.12654,-3.42084,-3.03409,-0.723691,0.688073,1.20406,1.9133,0.306851,1386
d_margin,glob_fao_cereals_idx__dyoy,commodities,3,-3.12943,0.00229562,-0.293875,-0.353142,102,-2.98716,-2.92631,-3.36683,,3,-1.49213,-2.13131,-2.54709,-3.12943,-2.02336,-0.149885,0.763333,-1.80852,-2.05945,-2.36884,-2.92631,-1.65351,0.340266,1.27093,-1.37999,-2.31207,-2.75202,-3.36683,-2.07573,-0.148079,0.750565,0.306851,1386
d_margin,w_ec_food_ind_sell_price_exp_lvl,price_expectations,6,3.10926,0.00244325,0.335265,0.402878,102,2.88604,3.53921,2.7098,,6,-1.93883,-1.29667,-0.568483,0.245073,1.36424,2.36061,3.10926,-0.0581529,0.401374,1.24816,1.75747,2.11651,3.00326,3.53921,-2.4469,-2.1804,-1.35229,-0.323065,0.932776,1.93812,2.7098,0.322602,1386
d_margin,price_cost_gap_agri,other,0,3.10202,0.00250463,0.371619,0.447005,101,2.96519,2.20184,2.76335,,0,3.10202,2.49569,1.28907,0.349835,0.350953,-0.683116,-1.70559,2.20184,1.68093,0.461878,-0.359004,-0.0838468,-0.80613,-1.70657,2.76335,2.77068,2.26847,1.3079,1.35737,0.192805,-1.2062,0.32322,1386
d_margin,w_policy_rate_d4,rates,6,3.09678,0.00253894,0.250246,0.300714,102,2.92505,3.47121,3.02695,,6,-2.58709,-1.94218,-0.97837,0.0850532,0.880375,1.85877,3.09678,-1.91654,-1.25965,-0.561409,0.226603,0.957342,1.99661,3.47121,-3.6132,-2.98137,-1.7585,-0.489727,0.541151,1.76818,3.02695,0.323403,1386
d_margin,eu_agri_basket_wloc_yoy,commodities,0,-3.05674,0.00287679,-0.36856,-0.443326,101,-2.87363,-1.55212,-2.88976,,6,-3.05674,-1.95121,-0.323448,0.781048,1.14999,1.71555,2.14417,-1.55212,-0.757849,0.879071,1.60833,1.5109,1.86369,2.40813,-2.88976,-2.5899,-1.8802,-0.193334,0.36112,0.70781,1.46312,0.345147,1386
d_margin,ea_ec_food_ind_sell_price_exp__d4,price_expectations,1,-3.05099,0.00292069,-0.344301,-0.413737,102,-2.88918,-2.45782,-2.54458,,1,-2.66762,-3.05099,-2.98695,-2.69972,-1.66164,-0.729298,0.457149,-1.96445,-2.45782,-2.35675,-2.08046,-0.945948,-0.272588,0.484089,-2.21409,-2.54458,-2.75931,-3.014,-2.11686,-1.05642,0.354032,0.345147,1386
d_margin,price_cost_gap_ppi,other,0,3.05123,0.00292543,0.363071,0.436723,101,2.82104,2.05278,2.81013,,0,3.05123,2.28902,1.43083,0.251023,-0.210141,-0.886841,-1.41352,2.05278,1.09547,0.57228,-0.375437,-0.583696,-0.927924,-1.14666,2.81013,2.54124,1.93878,0.751041,0.179534,-0.326319,-1.08884,0.345147,1386
d_margin,w_food_ppi_dyoy,producer_prices_input_costs,1,-3.04637,0.00300614,-0.273976,-0.334733,96,-2.88402,-2.61558,-3.63175,,1,-2.82492,-3.04637,-2.02655,-0.369862,1.08604,1.72546,1.70087,-2.39742,-2.61558,-1.50744,-0.158929,1.11371,1.84659,2.02665,-2.5529,-3.63175,-3.84804,-1.44449,0.698597,1.25133,1.40444,0.345147,1386
d_margin,se_food_vat_rate__d4,tax_policy,0,-3.03907,0.00302842,-0.0436355,-0.0524357,102,-3.00898,-2.63878,-2.23048,,0,-3.03907,,,,,,,-2.63878,,,,,,,-2.23048,,,,,,,0.345147,1386
d_margin,se_food_vat_rate__lvl,tax_policy,0,-3.03907,0.00302842,-0.0436355,-0.0524357,102,-3.00898,-2.63878,-2.23048,,0,-3.03907,,,,,,,-2.63878,,,,,,,-2.23048,,,,,,,0.345147,1386
d_margin,nw_price_cost_gap_ppi,other,0,3.02954,0.0031244,0.351314,0.422581,101,2.82949,2.19227,2.97387,,0,3.02954,2.59225,1.77837,0.413546,-0.18966,-0.875911,-1.72821,2.19227,1.46214,0.823874,-0.316337,-0.672743,-1.04416,-1.61195,2.97387,2.81305,2.32631,0.956271,0.196726,-0.356536,-1.36131,0.352377,1386
d_margin,eu_agri_wheat_bread_price__yoy,commodities,0,-3.12066,0.00354614,-0.583189,-0.70209,38,-2.72366,,-7.26778,,,-3.12066,-2.89297,-2.95047,-2.91012,-2.37829,-1.62125,-0.0219797,,,,,,,,-7.26778,-4.50456,-2.95009,-2.8013,-2.29645,-2.40246,-0.846703,0.39178,1386
d_margin,ea_negotiated_wages_yoy_q__d4,wages_income,4,2.97138,0.00371327,0.26121,0.313889,102,2.78942,2.74758,2.48436,,3,-0.429954,0.23866,1.30895,2.88018,2.97138,2.08175,1.09164,1.02558,1.44268,1.49827,2.75042,2.74758,1.62743,0.494933,-1.51586,-0.360676,1.01057,2.28577,2.48436,1.76742,1.02711,0.402039,1386
d_margin,glob_wb_food_idx_eur__dyoy,commodities,4,-2.95782,0.00390057,-0.294602,-0.357664,98,-2.86905,-2.64672,-2.78958,,4,0.10264,-0.414166,-1.15579,-2.28892,-2.95782,-1.38893,-0.543539,0.407027,0.213849,-0.581108,-1.83359,-2.64672,-0.805356,-0.127066,0.122117,-0.395756,-1.08947,-2.19934,-2.78958,-1.26334,-0.51079,0.411855,1386
d_margin,w_gdp_vol_yoy,activity_retail,0,-2.93771,0.00410482,-0.265323,-0.318832,102,-2.71831,-2.16902,-3.28098,,0,-2.93771,-2.68974,-1.54337,-0.558852,-0.629508,0.633675,1.6944,-2.16902,-1.83768,-1.31188,-0.355606,-0.910648,-0.0682017,0.582132,-3.28098,-3.30564,-2.0071,-0.981128,-1.06852,0.311539,1.57429,0.423269,1386
d_margin,nw_food_ppi_dyoy,producer_prices_input_costs,1,-2.93802,0.00415491,-0.268719,-0.328309,96,-2.77351,-2.42616,-3.83442,,1,-2.82515,-2.93802,-2.15155,-0.504159,1.05823,1.57885,1.60032,-2.2433,-2.42616,-1.72149,-0.347313,1.05546,1.68516,1.95051,-2.70092,-3.83442,-3.84533,-1.48971,0.636961,1.0856,1.31413,0.424393,1386
d_margin,glob_fao_dairy_idx__yoy,commodities,0,-2.90342,0.00454227,-0.387288,-0.465393,102,-2.80007,-2.39362,-2.70508,,0,-2.90342,-2.2887,-1.57375,-0.400041,0.293296,0.525941,1.16844,-2.39362,-1.8825,-1.24048,0.00392766,0.692086,0.907757,1.52636,-2.70508,-2.54541,-2.48838,-1.46861,-0.112636,0.000729623,0.786515,0.458673,1386
d_margin,w_wage_dyoy,wages_income,6,2.90096,0.00457525,0.217963,0.26192,102,2.78797,2.85578,3.39816,,6,-1.92634,-1.74921,-0.237275,-0.861263,1.26042,1.11033,2.90096,-1.80627,-2.26136,-0.570907,-1.22119,0.981434,0.83386,2.85578,-2.2429,-1.39789,-1.30985,-0.531254,1.07794,1.1504,3.39816,0.458673,1386
d_margin,eu_ppi_dom_food_mfg_idx__dyoy,producer_prices_input_costs,1,-2.891,0.00476957,-0.299716,-0.366181,96,-2.78025,-2.25009,-3.43681,,6,-2.58094,-2.891,-2.6068,-1.15863,0.299475,1.5671,2.0943,-1.95977,-2.25009,-1.91739,-0.678723,0.565734,1.83923,2.44713,-2.5299,-3.43681,-4.06406,-2.35464,-0.1786,1.13828,1.76718,0.472835,1386
d_margin,no_qna_hh_food_cons_sa_mnok__yoy,activity_retail,5,-2.87531,0.00493241,-0.316247,-0.380025,102,-2.68513,-1.3017,-2.17112,,2,1.00177,0.206824,-1.02441,-1.83425,-2.32804,-2.87531,-2.85494,-0.483957,-0.969289,-1.35481,-1.26292,-0.928495,-1.3017,-1.22335,1.50583,0.662292,-0.661792,-1.14998,-1.67189,-2.17112,-2.46683,0.472835,1386
d_margin,eu_agri_wheat_bread_price__dyoy,commodities,4,-3.05179,0.00493981,-0.410666,-0.540097,30,-2.85098,,-3.47888,,,-0.790572,-1.36179,-1.94109,-2.73191,-3.05179,,,,,,,,,,-1.38679,-2.23212,-2.91759,-3.20247,-3.47888,,,0.472835,1386
d_margin,w_unemp_lvl,labour_market,4,-2.87212,0.00497855,-0.281766,-0.33859,102,-2.81019,-2.49676,-2.43676,,3,0.716221,0.030829,-1.04241,-2.52607,-2.87212,-2.40557,-1.6157,0.0952366,-0.469484,-1.4093,-2.55424,-2.49676,-2.10152,-1.48444,1.46446,0.612364,-0.592897,-2.15603,-2.43676,-2.16852,-1.57994,0.472835,1386
d_margin,glob_fao_vegoils_idx__dyoy,commodities,4,-2.86175,0.00513147,-0.225743,-0.27127,102,-2.79276,-2.47024,-2.89044,,3,-0.459187,-0.709535,-1.63712,-2.80241,-2.86175,-1.3268,-0.336076,-1.54099,-1.27162,-1.82542,-2.69111,-2.47024,-0.698418,0.270081,-0.178512,-0.530739,-1.48342,-2.54256,-2.89044,-1.29973,-0.308938,0.480991,1386
d_margin,natgas_eu_eur_dyoy,energy,4,-2.85168,0.00563339,-0.366871,-0.448631,76,-2.64268,-2.13921,-2.59248,,4,-0.00147227,-0.738605,-1.58771,-2.61028,-2.85168,-2.45105,-1.90777,0.053376,0.0674842,-0.343407,-1.82947,-2.13921,-1.50735,-1.12983,0.321503,-0.34133,-1.14822,-2.12477,-2.59248,-2.25658,-1.8227,0.501809,1386
d_margin,w_unemp_d4,labour_market,6,-2.81988,0.00579345,-0.316415,-0.380227,102,-2.68631,-2.80095,-2.71954,,6,2.69498,1.92806,0.669446,-0.201716,-1.24677,-2.47284,-2.81988,1.72504,1.32103,0.401094,-0.218743,-0.680853,-1.89515,-2.80095,3.62778,2.69966,1.26529,0.285789,-0.828354,-2.03467,-2.71954,0.501809,1386
d_margin,w_ec_food_ind_sell_price_exp_d4,price_expectations,1,-2.81369,0.00589755,-0.384676,-0.462255,102,-2.64667,-2.16234,-2.65431,,6,-2.65769,-2.81369,-2.72823,-1.8875,-0.276161,1.28786,2.17813,-1.68456,-2.16234,-2.08451,-1.33967,0.0503878,1.40175,2.2917,-2.24591,-2.65431,-3.14858,-2.99324,-0.84375,1.01194,1.93312,0.506773,1386
d_margin,no_retail_foodstores_vol_sa_idx__dyoy,activity_retail,0,2.81003,0.00601547,0.277418,0.338535,97,2.61304,0.231231,2.22309,,6,2.81003,2.06642,1.23392,0.585913,0.382652,-0.806839,-1.59957,0.231231,-0.372764,-0.549384,-0.756166,-0.238202,-0.683836,-0.860776,2.22309,1.97804,1.50225,0.994235,0.734505,-0.372809,-1.29856,0.508829,1386
d_margin,se_nier_food_mfg_sell_price_exp__lvl,price_expectations,6,2.80185,0.00612344,0.334081,0.401597,100,2.63701,3.06403,2.44981,,6,-1.90675,-1.176,-0.564659,0.0896146,0.630109,1.71991,2.80185,-0.393536,0.63387,1.40006,1.92398,1.83946,2.16945,3.06403,-2.06525,-1.48409,-1.08604,-0.434368,0.235718,1.01592,2.44981,0.509095,1386
d_margin,w_cpi_dyoy,consumer_prices,1,-2.78006,0.00649456,-0.287043,-0.344932,102,-2.64064,-1.96169,-3.79706,,6,-2.73732,-2.78006,-2.21708,-0.871832,0.662173,1.97051,2.14352,-1.58535,-1.96169,-1.60449,-0.0542974,1.27884,2.248,2.31016,-2.97953,-3.79706,-3.76428,-2.38101,-0.208485,1.35897,1.97734,0.527123,1386
d_margin,w_ec_cons_price_exp_lvl,price_expectations,0,-2.76239,0.00682979,-0.294518,-0.353915,102,-2.66827,-1.74635,-2.58613,,0,-2.76239,-1.49772,-0.942173,-0.747353,-0.502232,-0.0354729,0.778946,-1.74635,-0.469323,0.188535,0.252313,0.223818,0.562853,1.48008,-2.58613,-1.90138,-1.46078,-1.41857,-1.1123,-0.614813,0.406172,0.545384,1386
d_margin,no_cpi_food_idx__yoy,consumer_prices,3,2.75619,0.00695109,0.278867,0.335107,102,2.66099,2.81457,2.36287,,2,0.0430894,1.04365,2.57477,2.75619,1.53857,1.23804,0.797074,1.84904,3.02233,3.14549,2.81457,1.34461,1.036,0.784915,-0.329397,0.622744,2.05984,2.36287,1.31316,1.07008,0.735936,0.545384,1386
d_margin,no_cpi_food_idx__dyoy,consumer_prices,3,2.75363,0.00700173,0.226421,0.272084,102,2.62975,3.14649,1.77675,,3,-0.866341,-0.178007,1.2827,2.75363,1.4831,1.52588,1.40826,0.06911,0.670702,1.02885,3.14649,1.4516,1.32498,1.46994,-1.17516,-0.754997,0.51522,1.77675,0.77915,0.866048,1.15339,0.545384,1386
d_margin,fao_ffpi_sek_yoy,commodities,0,-2.74765,0.00712129,-0.35816,-0.430391,102,-2.63956,-1.53798,-3.03788,,0,-2.74765,-1.73234,-1.18465,-0.830423,-0.712806,-0.403779,0.0464594,-1.53798,-0.540083,0.0330068,0.240228,0.0367518,0.0523723,0.162872,-3.03788,-2.33166,-1.75944,-1.58887,-1.43082,-1.00027,-0.192352,0.550734,1386
d_margin,no_policy_rate__d4,rates,6,2.7304,0.00747711,0.231223,0.277854,102,2.62985,2.95828,2.77971,,6,-2.46877,-1.77198,-0.885356,0.22061,0.802721,1.65007,2.7304,-1.86099,-1.13925,-0.587722,0.191558,0.700636,1.53388,2.95828,-2.79364,-2.36439,-1.52618,-0.261989,0.499273,1.47497,2.77971,0.563078,1386
d_margin,no_jordbruk_malpris_mnok__lvl,tax_policy,5,2.72913,0.00754092,0.196041,0.236809,99,2.58711,2.93099,1.60686,,5,-0.54263,0.675721,1.79344,2.46707,2.41287,2.72913,1.66974,1.3672,1.91001,1.99616,2.60055,2.79246,2.93099,1.47527,-1.16473,0.303806,1.80202,2.37086,2.43153,1.60686,1.0127,0.563078,1386
d_margin,w_food_cpi_xvat_dyoy,consumer_prices,0,-2.70931,0.00793384,-0.270162,-0.324647,102,-2.52969,-2.06901,-3.29895,,5,-2.70931,-2.0466,-0.899433,0.383718,2.06558,2.34122,2.02294,-2.06901,-2.23323,-1.69142,-0.3248,2.28298,2.64415,2.33676,-3.29895,-3.57934,-1.57783,-0.2893,1.3416,1.70413,1.80635,0.580408,1386
d_margin,ea_hicp_food_idx__dyoy,consumer_prices,0,-2.69413,0.00834487,-0.276715,-0.337678,97,-2.53388,-1.73328,-3.59901,,6,-2.69413,-2.39014,-1.88087,-0.973063,1.23848,1.61226,1.89481,-1.73328,-1.81144,-1.3929,-1.00816,1.17919,1.82269,2.16645,-3.59901,-4.27809,-3.39825,-1.58404,0.615531,1.09636,1.65949,0.590074,1386
d_margin,nw_food_cpi_xvat_yoy,consumer_prices,6,2.67769,0.00866643,0.24478,0.294146,102,2.61781,2.43459,2.18632,,6,-0.778496,-0.0313918,1.1499,1.66666,1.7869,2.34811,2.67769,1.30476,1.45827,1.6687,1.63247,1.68005,2.36184,2.43459,-1.52086,-0.779226,0.592958,1.1644,1.28617,1.70188,2.18632,0.605369,1386
d_margin,elec_nordic_loc_yoy,energy,3,-2.67441,0.008759,-0.327911,-0.39443,101,-2.53357,-1.55506,-2.96269,,3,-1.75016,-1.99617,-2.47796,-2.67441,-1.6941,-0.907352,0.362406,-0.833784,-0.891225,-1.11711,-1.55506,-1.00432,-0.253456,0.707765,-1.56871,-1.82294,-2.48643,-2.96269,-1.90215,-1.07837,0.218006,0.607913,1386
d_margin,w_retail_total_vol_yoy,activity_retail,4,-2.67249,0.00886155,-0.314057,-0.383246,97,-2.56396,-2.47357,-2.4024,,2,-0.226279,-1.23063,-2.16827,-2.55026,-2.67249,-2.52639,-1.77404,-2.70347,-2.54469,-3.01243,-2.4544,-2.47357,-2.01086,-1.21112,0.094485,-0.950364,-1.81489,-2.16029,-2.4024,-2.35471,-1.79537,0.610728,1386
d_margin,wb_food_wloc_dyoy,commodities,4,-2.65547,0.00921735,-0.247733,-0.297694,102,-2.57449,-2.29882,-2.45797,,4,-0.139781,-0.38776,-0.916127,-2.01367,-2.65547,-1.05783,-0.484311,0.288502,0.251392,-0.422094,-1.62898,-2.29882,-0.592605,-0.158201,-0.258548,-0.594354,-0.909951,-2.04788,-2.45797,-0.897849,-0.364845,0.620496,1386
d_margin,glob_wb_food_idx__dyoy,commodities,3,-2.65286,0.00928415,-0.218181,-0.262182,102,-2.58019,-2.47145,-2.87662,,3,-0.699512,-0.973102,-1.72883,-2.65286,-1.95834,-0.610995,-0.0168283,-1.30039,-1.23187,-1.75832,-2.47145,-1.43741,0.0604939,0.720831,-0.689937,-1.06833,-1.82674,-2.87662,-2.02694,-0.589907,0.0336129,0.620496,1386
d_margin,se_policy_rate__d4,rates,6,2.6495,0.00937061,0.235821,0.28338,102,2.49435,3.15984,2.41243,,6,-2.47901,-1.57657,-0.577956,0.259828,1.02517,1.8006,2.6495,-1.88564,-1.24447,-0.478094,0.359041,1.22703,2.1558,3.15984,-3.68058,-2.53636,-1.26969,-0.242561,0.771753,1.63884,2.41243,0.622432,1386
d_margin,no_jordbruk_malpris_mnok__d4,tax_policy,0,-2.61563,0.0103761,-0.280233,-0.343415,96,-2.46229,-2.46844,-3.0501,,0,-2.61563,-1.09533,0.487282,0.850429,1.42717,1.92998,0.891573,-2.46844,-0.4263,0.602651,0.821937,1.47971,1.87154,0.89703,-3.0501,-2.47157,-0.125409,0.355893,0.767323,0.5789,0.37794,0.683847,1386
d_margin,glob_fao_ffpi_eur__dyoy,commodities,4,-2.60321,0.0107007,-0.259851,-0.315474,98,-2.51659,-2.42323,-2.63533,,4,-0.811496,-1.37854,-1.43353,-1.93012,-2.60321,-1.34693,-0.297991,-0.567059,-0.740368,-0.767767,-1.43601,-2.42323,-0.915757,-0.140239,-0.499867,-1.04272,-1.33909,-1.96369,-2.63533,-1.32094,-0.311814,0.683847,1386
d_margin,se_cpi_food_idx__dyoy,consumer_prices,1,-2.59699,0.0108222,-0.264277,-0.317575,102,-2.43748,-1.95053,-3.42112,,2,-1.95081,-2.59699,-2.38311,-1.95166,-0.938213,1.66936,2.14669,-0.653029,-1.95053,-2.3133,-2.19478,-1.42217,1.3286,2.2797,-1.99544,-3.42112,-3.85849,-2.63023,-1.32132,0.898239,1.94696,0.683847,1386
d_margin,se_retail_grocery_vol_sa_idx__dyoy,activity_retail,4,-2.59222,0.0109635,-0.291692,-0.350518,102,-2.47918,-2.66854,-2.4102,,0,2.28979,0.229189,-0.201878,-1.77159,-2.59222,-1.89798,-1.45985,2.68739,1.18923,0.0513789,-1.43685,-2.66854,-2.60455,-2.34386,2.83077,0.676058,0.04656,-1.29166,-2.4102,-1.65304,-1.31029,0.683847,1386
d_margin,se_na_hhcons_food_sa__dyoy,activity_retail,6,-2.58402,0.0112105,-0.253942,-0.305155,102,-2.41816,-2.48714,-2.41904,,6,2.31957,1.0974,1.70041,-1.18012,-2.5192,-2.30458,-2.58402,1.65557,0.862222,1.31187,-1.14062,-2.46527,-2.12427,-2.48714,2.9095,1.35912,1.96089,-0.57132,-2.02425,-1.79658,-2.41904,0.683847,1386
d_margin,no_earn_idx_food_manuf_q__yoy,wages_income,6,2.58305,0.0112403,0.304856,0.366337,102,2.49531,2.08177,2.43636,,6,0.274623,0.155597,-0.200909,0.237917,1.8749,2.31575,2.58305,-0.618643,-0.695411,-0.844391,-0.582285,1.43867,1.78432,2.08177,0.274614,0.217077,-0.203562,0.342366,1.8752,2.53285,2.43636,0.683847,1386
d_margin,nw_retail_food_vol_yoy,activity_retail,5,-2.58119,0.0113922,-0.283028,-0.345793,96,-2.42557,-2.25477,-2.01151,,3,1.40375,0.406857,-0.30723,-1.16916,-1.79613,-2.58119,-2.2483,-0.722885,-1.80455,-2.27012,-2.57499,-2.52219,-2.25477,-1.51019,1.71127,0.785179,0.070321,-0.902288,-1.50751,-2.01151,-1.9546,0.683847,1386
d_margin,nw_food_cpi_yoy,consumer_prices,6,2.5757,0.0114664,0.219377,0.26362,102,2.5068,2.41471,2.12705,,1,-0.673344,0.152499,1.36647,1.91455,1.79472,2.34019,2.5757,1.96174,3.16498,3.13023,2.44191,1.77735,2.43132,2.41471,-1.35612,-0.554017,0.808893,1.40469,1.24942,1.63496,2.12705,0.683847,1386
d_margin,eu_agri_basket_dyoy,commodities,1,-2.55441,0.0122436,-0.296515,-0.36227,96,-2.47102,-2.13546,-2.4122,,1,-2.32014,-2.55441,-2.21073,-1.40266,-1.12224,0.276498,1.21999,-1.66389,-2.13546,-1.98691,-1.01283,-0.902107,0.131065,1.31276,-1.90251,-2.4122,-2.93798,-2.90053,-2.31705,-0.540169,0.819174,0.709573,1386
d_margin,w_fx_vs_eur_dyoy,fx,4,2.53061,0.0129459,0.236618,0.284338,102,2.47028,2.29218,2.24341,,4,-0.721831,-0.292049,1.6112,2.17568,2.53061,1.82042,1.33714,-0.617493,-0.454637,1.44376,1.88086,2.29218,1.47499,1.22279,-1.11796,-0.514983,1.29379,1.85245,2.24341,1.83679,1.14677,0.727199,1386
d_margin,eu_ppi_dom_c107_idx__dyoy,producer_prices_input_costs,0,-2.53231,0.0129713,-0.293052,-0.357613,97,-2.40456,-1.65038,-3.48971,,5,-2.53231,-2.29027,-1.72262,-0.321255,1.2493,2.27562,2.40743,-1.65038,-1.45052,-1.0836,0.0899459,1.56331,2.78845,2.73623,-3.48971,-4.66594,-3.61763,-1.4282,0.649268,1.74665,2.17183,0.727199,1386
d_margin,eu_ppi_dom_c105_idx__dyoy,producer_prices_input_costs,0,-2.52523,0.0132182,-0.305604,-0.37293,97,-2.42403,-2.18703,-2.67957,,6,-2.52523,-2.44561,-1.81864,-1.18849,0.0145442,1.57937,2.47425,-2.18703,-1.9466,-1.34443,-0.775517,0.468324,2.05661,2.97987,-2.67957,-3.93933,-4.6427,-3.18657,-1.13955,0.864048,2.12345,0.727199,1386
d_margin,glob_fao_ffpi__yoy,commodities,0,-2.52244,0.0132315,-0.302896,-0.363983,102,-2.40764,-2.04536,-2.79111,,0,-2.52244,-1.75215,-1.44979,-1.05937,-0.499517,0.0294228,0.698903,-2.04536,-1.23553,-0.865661,-0.29586,0.419793,0.905559,1.56783,-2.79111,-2.466,-2.20394,-1.764,-0.950086,-0.298989,0.457721,0.727199,1386
d_margin,no_ppi_food_dom_idx__dyoy,producer_prices_input_costs,1,-2.51673,0.0135204,-0.288636,-0.352224,97,-2.3147,-1.49876,-2.35656,,2,-2.23992,-2.51673,-2.33346,-1.92617,-0.680685,0.320472,0.573367,-0.833859,-1.49876,-1.60811,-1.38607,-0.591392,0.127541,0.419321,-1.9273,-2.35656,-2.67723,-2.90661,-1.23913,-0.243769,0.301604,0.72884,1386
d_margin,no_nbes_bl_sell_price_di__lvl,price_expectations,1,-2.51258,0.0136701,-0.367696,-0.448702,97,-2.41733,-1.64072,-3.25541,,1,-2.22063,-2.51258,-2.13783,-1.64595,-0.755733,-0.185442,0.841753,-1.48743,-1.64072,-1.2176,-0.92097,-0.155846,0.456628,1.43237,-2.65483,-3.25541,-3.02187,-2.3878,-1.25213,-0.735101,0.53336,0.73019,1386
d_margin,fao_ffpi_wloc_yoy,commodities,0,-2.50685,0.0137925,-0.328746,-0.395045,102,-2.40816,-1.37066,-2.55363,,0,-2.50685,-1.83144,-1.4991,-1.32146,-1.09764,-0.480982,0.0991946,-1.37066,-0.724966,-0.438875,-0.391919,-0.332856,0.178364,0.509334,-2.55363,-2.23465,-1.96369,-2.05022,-1.696,-0.874471,-0.0462819,0.73019,1386
d_margin,nw_price_cost_gap_ppi_d4,other,2,2.5075,0.0138928,0.282025,0.346273,95,2.40736,2.03843,2.37449,,2,2.1035,2.43564,2.5075,0.713169,0.172454,0.00593436,-0.445895,1.47702,1.87536,2.03843,0.113586,-0.235997,-0.220057,-0.613572,1.74865,2.06055,2.37449,1.14598,0.38766,0.273409,-0.196326,0.73019,1386
d_margin,se_eursek__yoy,fx,3,2.50178,0.0139796,0.282575,0.339563,102,2.42126,2.26726,2.40454,,2,-0.632718,0.666185,2.41989,2.50178,1.98191,0.89981,-0.0376312,-0.226794,1.0979,2.36864,2.26726,1.63633,0.323892,-0.704982,-1.00024,0.30445,2.35189,2.40454,1.64495,0.756124,-0.253121,0.731199,1386
d_margin,no_qna_hh_food_cons_sa_mnok__dyoy,activity_retail,0,2.49752,0.0141386,0.320198,0.384774,102,2.30915,0.409311,2.69582,,5,2.49752,1.8957,0.857799,0.513371,-0.261516,-1.76271,-2.17141,0.409311,0.182286,-0.303613,-0.28682,-0.396277,-1.70586,-1.11607,2.69582,2.21921,1.2409,1.2296,0.12794,-1.20068,-1.81148,0.733082,1386
d_margin,w_retail_food_vol_yoy,activity_retail,5,-2.49631,0.0142909,-0.279241,-0.341165,96,-2.39537,-2.16592,-2.03392,,4,0.922018,0.183275,-0.436419,-1.15602,-1.92413,-2.49631,-2.13496,-1.40813,-2.22529,-2.47142,-2.32876,-2.51896,-2.16592,-1.5044,1.22776,0.497634,-0.10825,-0.892817,-1.65469,-2.03392,-1.90989,0.733082,1386
d_margin,w_fx_vs_eur_yoy,fx,2,2.49181,0.0143541,0.212567,0.255435,102,2.42688,2.26343,2.25923,,2,0.451027,1.07069,2.49181,2.33776,1.75281,1.22652,0.149333,0.341465,0.737411,2.26343,1.98028,1.50202,1.08117,0.221211,0.186294,0.918312,2.25923,2.33395,1.71261,1.20052,-0.00572185,0.733082,1386
d_margin,se_ppi_food_hmpi_idx__dyoy,producer_prices_input_costs,1,-2.47888,0.0148528,-0.252703,-0.303667,102,-2.36992,-1.93928,-3.73892,,6,-2.42901,-2.47888,-1.81554,-0.389002,1.2371,1.92734,2.12937,-1.82298,-1.93928,-1.61983,-0.337034,1.33209,2.14638,2.45549,-2.83972,-3.73892,-2.83217,-1.11429,0.983953,1.73025,1.98734,0.737346,1386
d_margin,nw_food_cpi_xvat_dyoy,consumer_prices,6,2.47183,0.0151311,0.196999,0.236729,102,2.31175,2.67014,2.04521,,6,-2.11915,-2.19767,-1.17457,-0.026525,0.747807,2.18919,2.47183,-0.807234,-1.60276,-1.50983,-1.08756,0.0272514,2.40863,2.67014,-2.33266,-3.36456,-2.08808,-0.574587,0.110362,1.26484,2.04521,0.740584,1386
d_margin,glob_fao_ffpi_eur__yoy,commodities,0,-2.43218,0.0167858,-0.307315,-0.369292,102,-2.34113,-1.39699,-2.3495,,0,-2.43218,-1.94384,-1.81171,-1.63591,-1.3181,-0.640361,0.0697572,-1.39699,-0.90825,-0.848152,-0.813737,-0.637631,-0.0572324,0.409783,-2.3495,-2.25842,-2.22924,-2.30128,-1.78949,-0.994155,-0.0365275,0.790282,1386
d_margin,packaging_us_yoy,packaging_freight,0,-2.41973,0.017338,-0.281937,-0.338796,102,-2.31472,-1.14912,-2.43271,,0,-2.41973,-2.39607,-2.00651,-1.638,-1.02529,0.0482514,0.830945,-1.14912,-0.934265,-0.697396,-0.563623,0.00811211,0.63378,0.465636,-2.43271,-2.64086,-2.2848,-1.93016,-1.29684,-0.16904,0.834072,0.802221,1386
d_margin,nw_food_cpi_dyoy,consumer_prices,6,2.41713,0.017455,0.190371,0.228764,102,2.25469,2.58081,2.05923,,6,-1.7721,-1.62353,-0.74629,0.47226,0.507216,1.90859,2.41713,-0.404601,-0.829131,-0.836127,-0.0333879,-0.375398,1.76203,2.58081,-2.03504,-2.77131,-1.604,-0.116282,-0.0758855,0.955881,2.05923,0.8042,1386
d_margin,glob_fao_ffpi__dyoy,commodities,3,-2.4106,0.0177528,-0.204371,-0.245587,102,-2.33889,-2.12052,-2.71158,,3,-1.25362,-1.46688,-1.95519,-2.4106,-1.63828,-0.518198,0.22905,-1.73774,-1.49676,-1.75468,-2.12052,-1.08718,0.0120119,0.644644,-1.12596,-1.46287,-2.02899,-2.71158,-1.90085,-0.577192,0.226609,0.811019,1386
d_margin,w_retail_total_vol_dyoy,activity_retail,4,-2.40459,0.0182165,-0.248068,-0.306714,93,-2.27699,-3.25867,-1.97516,,4,1.88112,0.766515,-0.453008,-1.73855,-2.40459,-2.3306,-1.75633,0.721524,-0.0520615,-1.36246,-2.15108,-3.25867,-2.18598,-1.17987,2.2493,1.32785,0.216536,-1.18178,-1.97516,-1.60556,-1.52393,0.814492,1386
d_margin,glob_wb_food_idx_nok__dyoy,commodities,4,-2.3967,0.0184016,-0.210606,-0.25308,102,-2.31695,-2.13654,-2.11064,,4,0.108378,-0.507765,-1.00394,-2.17162,-2.3967,-0.49269,-0.0722618,0.545271,-0.0034491,-0.738766,-1.98478,-2.13654,-0.23148,0.181816,-0.189641,-0.766171,-0.994125,-2.16277,-2.11064,-0.341128,0.0478932,0.814492,1386
d_margin,no_ppi_food_dom_idx__yoy,producer_prices_input_costs,0,-2.3945,0.0185059,-0.282606,-0.3396,102,-2.08087,0.442391,-3.04216,,6,-2.3945,-1.57511,-0.997154,-0.121765,1.17942,1.99584,2.39332,0.442391,0.27627,0.321963,0.817824,1.59376,2.21858,2.38862,-3.04216,-2.31451,-1.88534,-0.979706,0.467903,1.18238,1.99188,0.814492,1386
d_margin,no_ssb_bts_consgoods_home_price_exp__lvl,price_expectations,6,2.38324,0.0190493,0.180242,0.216592,102,2.24801,4.59514,1.75779,,6,-2.21491,-1.36892,-0.966562,0.0177476,0.729874,1.74538,2.38324,-0.3789,0.704005,1.40526,2.51326,2.63951,3.49907,4.59514,-2.43226,-2.15506,-1.45214,-0.402597,0.327399,1.26357,1.75779,0.825273,1386
d_margin,w_food_cpi_dyoy,consumer_prices,0,-2.37711,0.0193516,-0.242068,-0.290887,102,-2.20947,-1.56108,-3.07223,,5,-2.37711,-1.7422,-0.446053,0.214202,1.94428,2.33667,1.74551,-1.56108,-1.7173,-0.832107,-0.576297,2.0423,2.64309,1.9802,-3.07223,-3.14634,-1.09355,-0.386785,1.17981,1.72142,1.54504,0.834746,1386
d_margin,price_cost_gap_ppi_d4,other,1,2.35889,0.0203997,0.293736,0.358875,96,2.25919,1.75597,1.97276,,1,2.06146,2.35889,2.11595,0.554412,0.189221,-0.0670894,-0.635912,1.38761,1.75597,1.42772,-0.0596387,-0.208517,-0.26553,-0.720988,1.66672,1.97276,2.12933,1.01255,0.449726,0.28719,-0.30342,0.869565,1386
d_margin,eu_agri_basket_wloc_dyoy,commodities,0,-2.35215,0.0207292,-0.319371,-0.389731,97,-2.27488,-1.59333,-2.02442,,1,-2.35215,-2.2235,-1.38333,-0.47875,-0.150934,0.754584,1.23798,-1.59333,-1.66619,-0.978521,-0.135463,-0.115459,0.553778,1.28888,-2.02442,-2.27351,-2.41359,-1.74006,-1.07159,-0.0901504,0.784196,0.878896,1386
d_margin,se_ec_cons_conf__lvl,consumer_survey,4,-2.34764,0.0208621,-0.236468,-0.284158,102,-2.14949,-2.87516,-1.81473,,3,0.3059,-0.278559,-1.16684,-2.27756,-2.34764,-2.13798,-1.3334,-2.33304,-2.73423,-3.00836,-3.90234,-2.87516,-2.06635,-1.18664,0.907835,0.0786219,-0.857262,-1.75492,-1.81473,-1.51234,-1.04352,0.878896,1386
d_margin,se_nier_food_mfg_sell_price_exp__d4,price_expectations,2,-2.32739,0.0220021,-0.32367,-0.389082,100,-2.21693,-1.58542,-2.47479,,6,-2.23627,-2.2076,-2.32739,-2.14725,-1.78397,-0.0739054,1.79471,-1.2124,-1.1435,-1.58542,-1.51843,-1.30029,0.127796,1.97583,-1.91554,-2.00875,-2.47479,-2.93386,-2.86132,-0.568392,1.51509,0.895856,1386
d_margin,ea_negotiated_wages_yoy_q__lvl,wages_income,3,2.32121,0.022305,0.227232,0.273059,102,2.2191,1.89768,2.69613,,0,1.95552,2.23496,2.25884,2.32121,1.96571,1.55152,1.01331,2.9388,2.57343,1.91208,1.89768,1.4372,0.961259,0.307895,1.54452,1.89005,2.33708,2.69613,2.30354,1.84052,1.11216,0.900158,1386
d_margin,fao_ffpi_wloc_dyoy,commodities,4,-2.28531,0.0244059,-0.220467,-0.264929,102,-2.20429,-2.05761,-2.42669,,4,-1.19899,-1.41546,-1.27467,-1.69319,-2.28531,-0.993429,-0.213155,-0.861381,-0.717722,-0.64487,-1.23014,-2.05761,-0.688694,-0.160411,-0.914379,-1.23831,-1.22646,-1.84205,-2.42669,-0.96456,-0.155407,0.930441,1386
d_margin,se_eursek__dyoy,fx,4,2.27687,0.0249243,0.230423,0.276894,102,2.19879,2.13485,1.98215,,4,-2.19889,-0.505429,1.21179,1.86124,2.27687,0.991846,-0.0809836,-1.84418,0.43271,1.74985,2.08597,2.13485,0.436985,-0.784938,-2.31685,-0.866857,1.12246,1.8696,1.98215,0.742696,-0.46869,0.943557,1386
d_margin,price_cost_gap_agri_d4,other,1,2.25858,0.0262214,0.25453,0.310974,96,2.18848,1.86742,1.97848,,2,1.92169,2.25858,2.16963,1.35611,1.50716,0.389982,-0.775759,1.28992,1.86742,2.13179,0.91174,1.19563,0.531806,-0.762338,1.47584,1.97848,2.51363,2.41994,2.45104,1.02138,-0.420244,0.975608,1386
d_margin,price_cost_gap_fao_wloc_d4,other,3,2.25109,0.0265686,0.216802,0.260525,102,2.17447,2.01618,2.26164,,3,0.874044,1.03028,1.63895,2.25109,1.22642,0.495907,-0.356113,0.385533,0.412521,1.13391,2.01618,0.87532,0.407074,-0.292249,0.641698,0.851479,1.57892,2.26164,1.24274,0.482674,-0.453263,0.985138,1386
d_margin,no_fx_eurnok__dyoy,fx,5,2.23156,0.0279954,0.242755,0.296236,97,2.15119,2.13281,2.16785,,6,-0.0411804,-0.384683,0.723401,1.09645,2.00741,2.23156,1.9045,0.0389072,-0.803281,-0.0905212,0.292329,1.49056,2.13281,2.15389,-0.42919,-0.495919,0.486371,0.9416,1.87324,2.16785,1.88717,1,1386
d_margin,glob_fao_vegoils_idx__yoy,commodities,0,-2.21948,0.0287137,-0.249133,-0.299377,102,-2.14621,-2.1247,-2.10454,,0,-2.21948,-1.77714,-1.59637,-1.48735,-0.993322,-0.55989,0.124914,-2.1247,-1.16802,-0.846903,-0.654156,0.0301417,0.5117,1.36641,-2.10454,-2.09483,-2.21017,-2.22582,-1.5746,-0.996206,-0.131708,1,1386
d_margin,price_cost_gap_fao_nok_d4,other,3,2.20912,0.0294485,0.189728,0.227991,102,2.13197,2.05161,2.10939,,3,1.0017,1.11474,1.88442,2.20912,0.660777,0.0805916,-0.5881,0.601637,0.685114,1.58478,2.05161,0.490895,0.0611836,-0.574088,0.800058,0.940399,1.76065,2.10939,0.649237,0.0272886,-0.731322,1,1386
d_margin,no_retail_foodstores_vol_sa_idx__yoy,activity_retail,6,-2.18938,0.031072,-0.27708,-0.340201,95,-2.0087,-0.599038,-1.89116,,3,1.73962,1.00828,0.193194,-0.537081,-0.979782,-1.96186,-2.18938,-0.472441,-1.05813,-1.69148,-2.14356,-0.867144,-0.765224,-0.599038,1.88397,1.30371,0.586565,-0.152855,-0.536153,-1.38671,-1.89116,1,1386
d_margin,w_wage_yoy,wages_income,6,2.18634,0.0311229,0.160015,0.192286,102,2.12135,1.94169,2.57799,,6,-0.751685,-0.440432,0.772342,0.480197,1.91999,1.80274,2.18634,-1.24056,-1.23201,0.324026,0.0776303,1.4687,1.46537,1.94169,-1.10541,-0.307464,0.206776,0.750815,2.0569,1.94911,2.57799,1,1386
d_margin,w_ec_cons_price_exp_d4,price_expectations,3,-2.18216,0.0314393,-0.21417,-0.257363,102,-2.12633,-1.94862,-2.55597,,3,-1.7468,-1.9427,-1.82463,-2.18216,-1.97245,-0.951041,0.375444,-1.89597,-1.39496,-1.34124,-1.94862,-1.82521,-0.96647,0.26088,-1.28762,-1.62041,-1.84086,-2.55597,-2.62256,-1.33771,0.277965,1,1386
d_margin,glob_fao_ffpi_nok__dyoy,commodities,4,-2.17876,0.0316985,-0.188778,-0.22685,102,-2.10176,-2.06261,-2.15958,,4,-1.04995,-1.50166,-1.34556,-1.89432,-2.17876,-0.401828,0.203435,-0.577042,-0.897959,-0.90763,-1.63943,-2.06261,-0.309055,0.18594,-0.918737,-1.3795,-1.30081,-1.96736,-2.15958,-0.35934,0.270802,1,1386
d_margin,brent_nok_yoy,energy,0,-2.17324,0.0321234,-0.271182,-0.325872,102,-2.08925,-1.38168,-2.59563,,0,-2.17324,-1.20549,-0.810371,-0.629523,-0.329997,-0.632823,-0.0174261,-1.38168,0.357301,1.01832,0.724811,0.363322,-0.476089,-0.603015,-2.59563,-1.99383,-1.39412,-1.18964,-0.741829,-1.01145,-0.0746067,1,1386
d_margin,nw_cons_conf_z,consumer_survey,3,-2.07988,0.0400937,-0.181312,-0.217878,102,-1.97372,-2.81675,-1.60493,,3,0.152053,-0.356541,-1.14198,-2.07988,-1.91219,-1.36796,-0.728537,-2.46257,-2.70029,-2.71606,-2.81675,-2.16794,-1.56065,-1.12413,0.560594,-0.0688967,-0.841205,-1.60493,-1.5402,-1.04018,-0.547862,1,1386
d_margin,glob_fao_cereals_idx__yoy,commodities,0,-2.07836,0.0402367,-0.25689,-0.308697,102,-1.97991,-1.57157,-2.73858,,6,-2.07836,-1.76077,-1.652,-1.29769,-0.582328,0.494798,1.39263,-1.57157,-1.36086,-1.26799,-0.810656,0.144581,1.44271,2.42808,-2.73858,-2.64309,-2.35957,-1.85052,-0.982584,0.247368,1.16521,1,1386
d_margin,w_fx_vs_nok_dyoy,fx,5,-2.03298,0.0447042,-0.238433,-0.286519,102,-1.95254,-1.98822,-2.13085,,5,-0.624421,0.307618,0.0854608,0.024932,-1.05018,-2.03298,-1.79338,-0.75883,0.798532,0.886364,0.944199,-0.144001,-1.98822,-1.88033,-0.205257,0.412096,0.125385,-0.0200199,-1.28052,-2.13085,-1.88038,1,1386
d_margin,no_cpi_total_idx__dyoy,consumer_prices,3,-2.031,0.0449084,-0.226997,-0.272777,102,-1.95742,-1.49497,-2.11703,,3,-1.30167,-0.973054,-1.63521,-2.031,-1.19317,-0.633737,0.639212,-0.53613,-0.229392,-0.836364,-1.49497,-0.460442,0.191191,0.997657,-1.41812,-1.28877,-1.97388,-2.11703,-1.4111,-0.857289,0.538873,1,1386
d_margin,wb_food_sek_dyoy,commodities,4,-2.02069,0.0459851,-0.206525,-0.248175,102,-1.95768,-1.62397,-2.1255,,4,-0.741602,-0.459101,-0.559966,-1.27443,-2.02069,-1.2206,-0.772924,-0.121139,0.498385,0.201835,-0.72555,-1.62397,-0.786846,-0.538285,-0.869872,-0.735644,-0.653909,-1.46205,-2.1255,-1.15615,-0.700764,1,1386
d_margin,glob_fao_dairy_idx__dyoy,commodities,2,-2.00241,0.0479486,-0.17243,-0.207204,102,-1.94752,-1.82205,-2.12918,,2,-1.77931,-1.78867,-2.00241,-1.23888,-0.642168,-0.512278,-0.235337,-1.69069,-1.59994,-1.82205,-1.03794,-0.369278,-0.185595,0.0938017,-1.54885,-1.7109,-2.12918,-2.06238,-1.04128,-0.840269,-0.33166,1,1386
d_margin,no_cpi_total_idx__yoy,consumer_prices,6,1.99151,0.0491527,0.186091,0.223621,102,1.92499,1.87135,1.93255,,6,-1.22799,-0.662551,-0.526522,-0.326176,0.468498,0.762296,1.99151,0.111108,0.637662,0.74931,0.620031,1.12356,1.11992,1.87135,-1.55205,-1.03992,-1.0227,-0.752222,0.161093,0.482368,1.93255,1,1386
d_margin,price_cost_gap_fao_wloc,other,0,1.97128,0.051455,0.260111,0.312568,102,1.8866,0.987492,2.0437,,0,1.97128,1.68978,1.60899,1.3583,0.855383,0.330097,-0.587805,0.987492,0.704544,0.738891,0.620831,0.251315,-0.0513548,-0.862338,2.0437,1.87277,2.11954,1.87201,1.22405,0.604928,-0.441269,1,1386
d_margin,w_food_cpi_rel_dyoy,consumer_prices,5,1.94713,0.0543246,0.184021,0.221133,102,1.82662,2.12996,1.61951,,5,-0.71049,0.0186121,0.812666,0.609457,1.72886,1.94713,0.805064,-0.595226,-0.826566,-0.0763362,-0.566436,1.27102,2.12996,1.01018,-1.08678,-0.282625,0.48338,0.422836,1.42207,1.61951,0.671152,1,1386
d_margin,glob_fao_ffpi_nok__yoy,commodities,0,-1.94695,0.0543458,-0.28567,-0.343282,102,-1.8682,-0.940389,-2.03036,,0,-1.94695,-1.66094,-1.44852,-1.43812,-1.06116,-0.142175,0.318057,-0.940389,-0.628108,-0.496452,-0.608291,-0.326121,0.56796,0.843005,-2.03036,-1.96744,-1.80035,-2.05992,-1.60068,-0.484938,0.196343,1,1386
d_margin,se_ec_cons_conf__d4,consumer_survey,5,-1.942,0.0549504,-0.218722,-0.262832,102,-1.83732,-1.83168,-1.4136,,5,1.49072,0.891615,0.0185231,-1.05828,-1.61233,-1.942,-1.76808,-0.0527537,-0.305677,-0.493466,-1.03228,-1.35244,-1.83168,-1.37423,2.19094,1.45302,0.514847,-0.621938,-1.21928,-1.4136,-1.51161,1,1386
d_margin,glob_wb_food_idx_eur__yoy,commodities,3,-1.93888,0.0553354,-0.257702,-0.309674,102,-1.86461,-1.09179,-2.30624,,3,-1.2174,-1.05504,-1.54227,-1.93888,-1.66723,-1.00868,-0.330644,-0.247784,0.0975607,-0.525756,-1.09179,-0.917023,-0.246808,0.337191,-1.66151,-1.50064,-1.86269,-2.30624,-1.87791,-1.21623,-0.369179,1,1386
d_margin,price_wage_gap,other,5,1.93128,0.0562801,0.154392,0.185529,102,1.75539,1.95924,1.58436,,1,-0.177484,0.681224,1.2487,1.79061,1.63161,1.93128,0.996734,2.35447,3.12195,1.5903,1.86074,1.57565,1.95924,1.01685,-0.638171,-0.0448412,0.879063,0.964042,1.18578,1.58436,0.821053,1,1386
d_margin,w_food_cpi_rel_yoy,consumer_prices,2,1.90009,0.0603018,0.227237,0.273065,102,1.79247,1.3871,1.48783,,5,0.695711,1.68829,1.90009,1.19154,1.84866,1.49413,0.59427,1.0332,1.03546,1.3871,0.552666,1.56264,1.68243,0.929342,0.276867,1.15073,1.48783,1.10527,1.72654,1.45888,0.499977,1,1386
d_margin,w_cons_conf_z,consumer_survey,3,-1.87067,0.0643153,-0.163679,-0.196688,102,-1.7791,-2.93282,-1.42157,,3,0.152775,-0.225475,-0.890119,-1.87067,-1.76319,-1.34315,-0.581505,-2.8177,-2.84517,-2.79399,-2.93282,-2.11867,-1.55737,-0.997393,0.529406,0.0392787,-0.619101,-1.42157,-1.40671,-1.01311,-0.419581,1,1386
d_margin,packaging_us_dyoy,packaging_freight,2,-1.86119,0.0656554,-0.229812,-0.276159,102,-1.77412,-0.82314,-1.72609,,5,-0.751868,-1.8113,-1.86119,-1.30303,-0.59531,0.347696,0.823387,-0.760764,-0.991409,-0.82314,-0.110384,0.650498,1.20212,1.1802,-0.525024,-1.74625,-1.72609,-1.24231,-0.536979,0.37383,0.925557,1,1386
d_margin,w_hh_real_inc_dyoy,wages_income,4,-1.86897,0.0662771,-0.194574,-0.244187,65,-1.71394,-3.36227,-1.29824,,4,1.3603,-0.0657922,-0.568577,-0.981825,-1.86897,-0.855281,-0.543511,2.14326,1.09191,0.319626,-0.31457,-3.36227,-1.4724,-1.17457,1.47937,0.136402,-0.177866,-0.636188,-1.29824,-0.443599,-0.325047,1,1386
d_margin,nw_cons_conf_z_d4,consumer_survey,5,-1.84577,0.0678838,-0.153274,-0.184185,102,-1.7864,-1.76208,-1.06608,,5,1.14807,0.529983,-0.388556,-1.33924,-1.63783,-1.84577,-1.10569,-0.238601,-0.58949,-0.760601,-1.08794,-1.41341,-1.76208,-1.05939,1.74822,1.04637,0.0922509,-0.836919,-1.12773,-1.06608,-0.818413,1,1386
d_margin,price_cost_gap_fao_nok,other,0,1.79268,0.0760484,0.246944,0.296745,102,1.71851,0.855274,1.85974,,6,1.79268,1.65414,1.7575,1.33371,0.575592,0.126817,-0.667038,0.855274,0.764977,1.02014,0.639972,-0.0468046,-0.343078,-1.20977,1.85974,1.78932,2.17852,1.76551,0.864359,0.325753,-0.573371,1,1386
d_margin,w_fx_vs_nok_yoy,fx,0,-1.77981,0.0781448,-0.195199,-0.234565,102,-1.72833,-1.3343,-1.4147,,5,-1.77981,-1.11047,-0.803724,-0.358869,-0.603655,-1.33991,-0.799284,-1.3343,-0.223742,0.19168,0.530828,-0.116648,-1.52419,-1.27159,-1.4147,-1.10002,-0.951361,-0.588755,-0.930222,-1.61134,-0.911212,1,1386
d_margin,price_wage_gap_d4,other,5,1.76636,0.080387,0.132915,0.15972,102,1.64187,1.81724,1.30612,,5,-0.916026,-0.581519,-0.190975,0.59214,1.2189,1.76636,0.217166,-0.0169254,-0.103314,-0.146441,0.349648,0.972679,1.81724,0.279638,-1.35175,-1.6996,-0.273393,-0.0946953,0.723512,1.30612,-0.00607829,1,1386
d_margin,w_cons_conf_z_d4,consumer_survey,5,-1.7618,0.0811592,-0.142137,-0.170802,102,-1.69311,-2.03804,-0.982145,,5,0.958674,0.537507,-0.325015,-1.2019,-1.44475,-1.7618,-0.813074,-0.601534,-0.707268,-0.784884,-1.0376,-1.23431,-2.03804,-1.1052,1.4588,0.965571,0.0776284,-0.788308,-1.03329,-0.982145,-0.527997,1,1386
d_margin,glob_wb_food_idx_nok__yoy,commodities,3,-1.75452,0.0824051,-0.218741,-0.262856,102,-1.68945,-0.97012,-2.03662,,3,-0.968569,-0.857005,-1.19144,-1.75452,-1.42769,-0.58755,-0.132958,0.108985,0.316396,-0.184184,-0.97012,-0.712841,0.391477,0.834882,-1.60752,-1.33925,-1.47437,-2.03662,-1.6244,-0.773901,-0.181241,1,1386
d_margin,fao_ffpi_sek_dyoy,commodities,0,-1.74049,0.0848493,-0.177702,-0.21354,102,-1.69395,-1.27612,-1.39696,,4,-1.74049,-1.40098,-0.936333,-1.08187,-1.65972,-1.15087,-0.490028,-1.27612,-0.475576,-0.103223,-0.468217,-1.35677,-0.914882,-0.570482,-1.39696,-1.29974,-0.995716,-1.3658,-2.06319,-1.27963,-0.49643,1,1386
d_margin,no_fx_eurnok__yoy,fx,2,1.73363,0.0860661,0.172141,0.206858,102,1.69263,1.02559,1.70358,,5,1.06957,1.2013,1.73363,1.39799,1.23121,1.59668,0.523807,0.78139,0.562982,1.02559,0.791434,0.904241,1.64671,0.8407,0.765269,1.08663,1.70358,1.58233,1.45015,1.62921,0.556181,1,1386
d_margin,se_wage_idx_m__yoy,wages_income,1,1.65797,0.100457,0.201031,0.241573,102,1.60187,1.1851,1.53986,,0,1.65593,1.65797,1.4714,0.904565,0.512431,0.37972,0.764201,1.31819,1.1851,0.811051,0.111553,-0.467747,-0.687819,-0.239983,1.46771,1.53986,1.52145,1.16601,0.726904,0.677441,1.0213,1,1386
d_margin,wb_food_wloc_yoy,commodities,3,-1.63455,0.105287,-0.220366,-0.264808,102,-1.56758,-0.745534,-2.00887,,3,-1.23142,-0.955619,-1.22956,-1.63455,-1.48039,-0.902458,-0.362994,-0.186253,0.259409,-0.119727,-0.745534,-0.687173,-0.0331191,0.435591,-1.90374,-1.47729,-1.57605,-2.00887,-1.73216,-1.11228,-0.43256,1,1386
d_margin,eu_ppi_dom_c108_idx__dyoy,producer_prices_input_costs,0,-1.62606,0.107249,-0.194887,-0.237822,97,-1.53574,-0.545032,-2.8665,,4,-1.62606,-0.592053,0.189426,0.791444,0.829123,0.408132,0.0563838,-0.545032,0.101252,0.574866,1.05524,1.20954,0.795701,0.484261,-2.8665,-1.8966,-0.591596,0.240527,0.4091,-0.0825057,-0.247414,1,1386
d_margin,no_real_wage_qna_yoy_q__d4,wages_income,4,1.60896,0.110978,0.145223,0.178626,96,1.56026,1.31279,1.71297,,4,-0.219109,-0.109713,0.817789,-0.427764,1.60896,0.917059,0.569152,-0.755404,-0.549053,0.479738,-0.756118,1.31279,0.935178,0.417125,-0.0375261,0.33224,0.978415,-0.0853557,1.71297,0.964454,0.51819,1,1386
d_margin,eu_ppi_dom_c108_idx__yoy,producer_prices_input_costs,3,1.59834,0.113253,0.137356,0.166758,98,1.50942,2.11003,1.05214,,3,-0.621112,0.183848,1.00022,1.59834,1.50809,1.05614,0.707328,1.12299,1.69705,1.96876,2.11003,1.71571,1.08189,0.667404,-1.77412,-0.623766,0.417013,1.05214,1.08293,0.709533,0.555618,1,1386
d_margin,glob_wb_food_idx__yoy,commodities,0,-1.5923,0.114474,-0.216269,-0.259885,102,-1.50074,-1.13539,-2.41552,,6,-1.5923,-1.18152,-1.27704,-1.21715,-0.755021,-0.239833,0.348512,-1.13539,-0.603062,-0.674513,-0.515679,0.234699,0.909712,1.7307,-2.41552,-2.02383,-1.92808,-1.70603,-1.10916,-0.506344,0.176827,1,1386
d_margin,no_imp_price_food_idx__dyoy,producer_prices_input_costs,3,-1.50861,0.134941,-0.197029,-0.244658,91,-1.46318,-1.71262,-1.6075,,3,0.636848,-0.408401,-0.329527,-1.50861,-0.434242,1.28158,1.25763,1.71065,0.0563814,-0.557546,-1.71262,-0.995972,0.859301,1.09089,0.290514,-0.882234,-0.560927,-1.6075,-0.399592,1.66871,1.40203,1,1386
d_margin,us_ppi_plastic_resins_idx__yoy,packaging_freight,4,-1.5062,0.135167,-0.192952,-0.231865,102,-1.3916,-0.702474,-1.586,,6,-1.16571,-1.19208,-1.24709,-1.42483,-1.5062,-1.2383,-0.742988,-0.190489,0.35994,0.289123,-0.17472,-0.702474,-0.87501,-1.00192,-1.26066,-1.46123,-1.40636,-1.50616,-1.586,-1.21328,-0.688425,1,1386
d_margin,se_policy_rate__lvl,rates,5,1.50011,0.136736,0.172103,0.206812,102,1.46618,0.82628,1.71229,,5,-0.0363126,0.515913,0.907859,1.20042,1.4225,1.50011,1.41683,-0.470962,-0.147289,0.171742,0.497793,0.757494,0.82628,0.69211,-0.482765,0.163157,0.635952,1.04048,1.39224,1.71229,1.76345,1,1386
d_margin,glob_fao_sugar_idx__yoy,commodities,6,-1.48947,0.139511,-0.206053,-0.247609,102,-1.43991,-1.21808,-1.32804,,6,0.00747966,0.36788,0.15711,-0.653693,-1.15865,-1.16596,-1.48947,0.213205,0.83514,1.08459,0.260247,-0.538802,-0.736627,-1.21808,-0.113739,0.278623,-0.0192957,-0.540643,-1.05935,-1.09995,-1.32804,1,1386
d_margin,se_wage_idx_m__dyoy,wages_income,1,1.48692,0.140181,0.172552,0.207352,102,1.42777,2.29162,0.945354,,1,1.19803,1.48692,1.13078,-0.303914,-0.401463,-0.264289,0.299967,1.97589,2.29162,1.3563,0.160181,-0.0284013,-0.465989,-0.132132,0.607181,0.945354,0.826485,-0.222799,-0.359842,-0.222642,0.347145,1,1386
d_margin,glob_fao_meat_idx__dyoy,commodities,1,-1.473,0.143891,-0.157817,-0.189644,102,-1.42779,-1.01715,-1.4258,,0,-1.07018,-1.473,-1.09207,-0.434463,0.0555771,0.480929,1.11354,-1.22845,-1.01715,-0.213785,0.560467,0.858227,0.792222,0.709574,-1.07599,-1.4258,-1.06069,-0.611121,0.00398821,0.360449,1.05781,1,1386
d_margin,no_policy_rate__lvl,rates,5,1.43973,0.153068,0.187707,0.225562,102,1.39256,0.633329,1.84907,,4,0.0288865,0.577835,0.955746,1.2545,1.39709,1.43973,1.42123,-0.624744,-0.250036,0.0939056,0.464582,0.639652,0.633329,0.590057,-0.310991,0.314811,0.811357,1.22953,1.48224,1.84907,2.05639,1,1386
d_margin,wb_food_sek_yoy,commodities,0,-1.38529,0.169047,-0.24097,-0.289567,102,-1.32381,-0.335737,-2.27241,,1,-1.38529,-0.916438,-0.952087,-1.14268,-1.14759,-0.896264,-0.478192,-0.335737,0.418483,0.387386,-0.073694,-0.320778,-0.182815,0.0336552,-2.27241,-1.53617,-1.37003,-1.62137,-1.528,-1.23009,-0.649756,1,1386
d_margin,w_policy_rate_lvl,rates,5,1.30302,0.19556,0.164361,0.197508,102,1.26703,0.51659,1.65982,,0,-0.242307,0.312771,0.726789,1.0413,1.24294,1.30302,1.24305,-0.582159,-0.287162,0.0173685,0.311257,0.48588,0.51659,0.42139,-0.721292,-0.0484756,0.487415,0.936835,1.26994,1.65982,1.7998,1,1386
d_margin,glob_fao_sugar_idx__dyoy,commodities,3,1.27157,0.206475,0.0966887,0.116188,102,1.2332,1.92301,1.2974,,3,0.618753,0.901364,1.05814,1.27157,-0.0964188,-0.377486,-1.16476,0.394573,0.859781,1.34271,1.92301,0.593207,0.00520899,-0.967306,0.498007,0.851648,0.938365,1.2974,0.0618578,-0.218043,-0.923515,1,1386
d_margin,no_vat_food_rate__d4,tax_policy,6,-1.27144,0.206523,-0.0609267,-0.073214,102,-1.13587,-0.977826,-1.06168,,1,0.806875,1.14938,0.820485,0.761685,-0.580829,-1.0717,-1.27144,1.03326,1.34275,0.965284,0.874204,-0.401324,-0.857634,-0.977826,1.01327,1.11948,0.728009,0.858151,-0.495569,-0.895247,-1.06168,1,1386
d_margin,no_govbond_10y__lvl,rates,6,1.26655,0.208259,0.170424,0.204794,102,1.22888,0.213358,1.66773,,0,-0.926919,-0.405991,0.258383,0.742114,1.08616,1.22988,1.26655,-1.49304,-1.15124,-0.613702,-0.209285,0.119683,0.205485,0.213358,-1.10177,-0.626915,0.0859982,0.603098,1.04318,1.4409,1.66773,1,1386
d_margin,glob_fao_meat_idx__yoy,commodities,1,-1.25837,0.211187,-0.148892,-0.178919,102,-1.21564,-0.285591,-1.58694,,3,-1.18115,-1.25837,-0.622911,0.079884,0.485618,0.780414,1.07495,-0.574324,-0.285591,0.836363,1.43594,1.38204,1.20674,0.865404,-1.47655,-1.58694,-0.834587,-0.136343,0.426008,0.628186,0.888138,1,1386
d_margin,w_fx_vs_usd_dyoy,fx,2,1.21023,0.229042,0.160063,0.192343,102,1.17192,2.06042,1.16038,,2,0.634992,0.687077,1.21023,0.697157,-0.101394,-0.220961,-0.681729,2.01386,1.68236,2.06042,1.07107,-0.449321,-0.74398,-1.33664,0.544678,0.629428,1.16038,0.712124,-0.0842003,-0.146012,-0.61359,1,1386
d_margin,no_fn_cci_sa__d4,consumer_survey,3,-1.19578,0.234611,-0.120332,-0.1446,102,-1.16266,-0.813394,-0.848368,,1,0.560641,-0.134595,-1.10978,-1.19578,-0.902623,-0.392614,0.0349654,-0.458338,-1.01374,-0.942342,-0.813394,-0.831782,-0.696643,-0.585394,0.945527,0.292117,-0.654377,-0.848368,-0.647945,-0.0952195,0.254315,1,1386
d_margin,w_gov10y_lvl,rates,6,1.19366,0.235434,0.164407,0.197564,102,1.16014,0.0995216,1.5011,,0,-0.790408,-0.323806,0.270327,0.667749,0.962242,1.11323,1.19366,-1.35231,-1.12833,-0.677977,-0.373902,-0.113569,0.0331399,0.0995216,-0.977335,-0.519397,0.0952888,0.52761,0.89113,1.24877,1.5011,1,1386
d_margin,w_fx_vs_usd_yoy,fx,6,-1.1753,0.242664,-0.14229,-0.170986,102,-1.14305,-2.03074,-0.982277,,0,0.527371,0.545734,0.819002,0.264519,-0.515319,-0.666519,-1.1753,2.29697,1.54922,1.1856,0.0406511,-1.14439,-1.41727,-2.03074,0.454736,0.536796,0.96331,0.443105,-0.435941,-0.504107,-0.982277,1,1386
d_margin,brent_nok_dyoy,energy,0,-1.17268,0.243708,-0.144494,-0.173634,102,-1.10579,-0.951674,-1.04634,,2,-1.17268,-0.503168,-0.531126,-0.812513,-0.959398,-0.983851,-0.536961,-0.951674,0.531012,0.992131,0.507409,0.128189,-0.177737,-0.342693,-1.04634,-0.762328,-0.81702,-1.14688,-1.35213,-1.47561,-0.767528,1,1386
d_margin,w_hh_saving_d4,wages_income,2,-1.11998,0.265405,-0.166643,-0.200251,102,-1.07728,-3.0774,-0.859215,,2,0.770409,0.335647,-1.11998,-0.42164,-0.15777,-0.349422,0.216925,-0.599221,-1.4431,-3.0774,-1.34048,-0.102488,1.40907,2.16141,0.688116,0.534748,-0.859215,-0.206063,0.376752,0.199392,0.487826,1,1386
d_margin,se_gov_bond_10y__lvl,rates,6,1.09454,0.276348,0.149051,0.179111,102,1.06571,-0.0202009,1.36105,,0,-0.593337,-0.231696,0.264598,0.600767,0.834299,0.977065,1.09454,-1.4934,-1.28908,-0.858503,-0.568919,-0.351498,-0.165988,-0.0202009,-0.713961,-0.386281,0.11865,0.48492,0.764159,1.08935,1.36105,1,1386
d_margin,no_fn_cci_sa__lvl,consumer_survey,3,-1.07366,0.28556,-0.115659,-0.138984,102,-1.0426,-1.76121,-0.972726,,1,-0.0290834,-0.418175,-0.882321,-1.07366,-0.769321,-0.368257,-0.146345,-1.86383,-1.99058,-1.94056,-1.76121,-1.44355,-1.14416,-1.00117,0.246092,-0.200187,-0.686078,-0.972726,-0.742579,-0.273293,-0.0320305,1,1386
d_margin,w_hh_real_inc_yoy,wages_income,2,-1.03574,0.303939,-0.114971,-0.140381,71,-0.997623,-0.745801,-0.636161,,4,0.799428,-0.442908,-1.03574,-0.81,-0.966285,-0.222756,-0.163182,0.437501,0.0124567,-0.745801,-0.665065,-1.63046,-0.818973,-0.742988,1.19975,-0.0733789,-0.636161,-0.674117,-0.824805,-0.0644953,-0.0515526,1,1386
d_margin,w_real_wage_dyoy,wages_income,2,0.99615,0.321582,0.126911,0.152506,102,0.962648,0.168822,0.906198,,5,0.694156,0.728307,0.99615,-0.0821588,0.638736,-0.53331,0.364064,-0.455508,-0.457151,0.168822,-0.826313,-0.130372,-0.965223,0.294553,0.870674,1.56205,0.906198,0.728067,1.2162,0.0727971,0.708742,1,1386
d_margin,w_real_wage_yoy,wages_income,5,-0.989227,0.32494,-0.0953793,-0.114615,102,-0.918297,-0.967222,-0.736752,,1,0.581826,0.173309,0.46805,-0.761097,-0.264962,-0.989227,-0.986269,-1.90535,-2.57935,-0.721778,-1.84017,-0.640972,-0.967222,-0.764127,0.854665,0.84193,0.578304,-0.035841,0.0778345,-0.736752,-0.855932,1,1386
d_margin,no_imp_price_food_idx__yoy,producer_prices_input_costs,3,-0.854735,0.394894,-0.108588,-0.133325,95,-0.815615,-0.835088,-0.926089,,0,0.783698,0.503861,0.444553,-0.854735,-0.435046,0.562837,0.592284,2.67237,1.69678,0.683119,-0.835088,-0.611873,0.584558,0.885515,0.457856,0.148533,0.210237,-0.926089,-0.457588,0.747076,0.687564,1,1386
d_margin,nw_real_wage_yoy,wages_income,3,-0.810978,0.419304,-0.0773357,-0.0929322,102,-0.788803,-2.07442,-0.166842,,1,0.228358,-0.158013,0.47367,-0.810978,-0.0912881,-0.687023,-0.637441,-1.98516,-2.71295,-0.633127,-2.07442,-0.610063,-0.919563,-0.696936,0.441378,0.475018,0.395596,-0.166842,0.167792,-0.506156,-0.481129,1,1386
d_margin,nw_real_wage_dyoy,wages_income,2,0.746683,0.457007,0.0935064,0.112364,102,0.723301,0.102561,0.526406,,3,0.25684,0.269572,0.746683,-0.623356,0.325432,-0.680061,0.407296,-0.679141,-0.87937,0.102561,-1.19006,-0.25502,-0.996051,0.401838,0.464936,1.11563,0.526406,0.0917638,0.692303,-0.276055,0.623475,1,1386
d_margin,no_vat_food_rate__lvl,tax_policy,5,-0.720743,0.472749,-0.0483141,-0.0580577,102,-0.688425,-0.489764,-0.0219065,,1,0.105238,0.210423,0.246694,0.0769775,-0.617282,-0.720743,-0.418061,0.665297,0.683736,0.614212,0.383619,-0.336377,-0.489764,-0.287014,0.204965,0.209539,0.286187,0.321529,-0.459174,-0.0219065,0.198108,1,1386
d_margin,us_ppi_plastic_resins_idx__dyoy,packaging_freight,3,-0.70684,0.48131,-0.111482,-0.133965,102,-0.670789,0.757764,-0.604242,,2,0.279316,-0.197355,-0.554921,-0.70684,-0.636888,-0.18549,-0.0492424,0.266709,0.732757,0.855626,0.757764,0.558075,0.657677,0.28715,0.366591,-0.258483,-0.527014,-0.604242,-0.550384,-0.0926017,0.116323,1,1386
d_margin,no_real_wage_qna_yoy_q__lvl,wages_income,4,0.678967,0.498792,0.0865748,0.105809,98,0.653657,0.302263,0.905036,,1,0.239847,0.0203948,0.466532,0.128603,0.678967,0.206044,-0.488253,-0.719782,-0.808144,-0.300371,-0.497862,0.302263,0.00898068,-0.76824,0.512042,0.510085,0.809414,0.379003,0.905036,0.352129,-0.47526,1,1386
d_margin,w_hh_saving_lvl,wages_income,2,-0.369778,0.71233,-0.0544328,-0.0654104,102,-0.35974,0.939722,-0.276394,,6,0.332194,0.0532615,-0.369778,-0.252704,-0.0357127,-0.070692,0.118576,1.7223,1.47328,0.939722,1.15117,1.72032,1.90236,2.04564,0.372759,0.0886216,-0.276394,-0.21239,0.0610878,-0.140706,0.0155808,1,1386
d_margin_r4,eu_ppi_plastic_products_idx__yoy,packaging_freight,1,-15.813,1.33752e-28,-0.62252,-0.553655,99,-15.11,-2.83435,-16.4029,,1,-15.4379,-15.813,-10.5218,-6.0495,-3.22455,-1.26603,0.509489,-2.82538,-2.83435,-2.37033,-1.67947,-0.568017,0.599204,1.77166,-17.8934,-16.4029,-11.3706,-7.4766,-5.03095,-2.76571,-1.05639,1.44815e-24,1386
d_margin_r4,packaging_eu_yoy,packaging_freight,0,-13.8523,1.01676e-24,-0.649565,-0.577709,99,-13.3379,-2.9401,-10.8607,,1,-13.8523,-11.523,-7.48468,-4.49932,-2.12342,-0.0569726,1.71035,-2.9401,-3.04167,-2.34206,-1.28394,0.0206907,1.31081,2.30777,-10.8607,-8.3516,-7.18373,-6.12378,-4.27807,-1.9571,-0.092236,3.66952e-21,1386
d_margin_r4,eu_ppi_paper_packaging_idx__yoy,packaging_freight,0,-10.3106,2.86595e-17,-0.658137,-0.585333,99,-9.70185,-2.85169,-7.71789,,1,-10.3106,-9.68166,-6.71964,-3.90903,-1.34352,0.78627,2.15366,-2.85169,-3.13753,-2.27307,-0.992052,0.370564,1.54452,2.28423,-7.71789,-6.48775,-6.03826,-6.0158,-4.1028,-1.28393,0.572031,5.17165e-14,1386
d_margin_r4,w_food_ppi_yoy,producer_prices_input_costs,0,-7.5351,2.57444e-11,-0.506839,-0.450771,99,-6.99877,-0.961594,-8.51129,,6,-7.5351,-4.50257,-2.52169,-0.848795,0.924502,2.34946,3.48005,-0.961594,-0.551599,0.186459,1.1224,1.7978,2.21595,2.79862,-8.51129,-6.11735,-4.0662,-1.48091,-0.65941,0.664974,1.55098,3.48421e-08,1386
d_margin_r4,se_cpi_idx__yoy,consumer_prices,0,-7.37024,5.69881e-11,-0.624624,-0.555527,99,-7.12894,-2.34485,-9.32943,,6,-7.37024,-4.61062,-2.5232,-1.0777,0.32878,1.76253,3.11352,-2.34485,-1.47313,0.0198634,1.64162,2.52369,2.73818,3.15607,-9.32943,-6.01059,-3.46246,-1.89919,-1.4315,-0.282819,1.01263,6.17015e-08,1386
d_margin_r4,eu_ppi_dom_c105_idx__yoy,producer_prices_input_costs,0,-6.29144,9.07898e-09,-0.63344,-0.563367,99,-6.01139,-3.57158,-5.94011,,0,-6.29144,-3.94268,-1.94299,-0.481738,0.814614,2.21569,3.80515,-3.57158,-2.74862,-0.737764,0.727739,1.51314,2.28918,3.44077,-5.94011,-4.62374,-3.18335,-1.15477,-0.876907,0.389456,1.49814,8.19158e-06,1386
d_margin_r4,se_real_wage_yoy_q__lvl,wages_income,0,6.08142,2.35796e-08,0.521168,0.463515,99,5.7105,2.12484,7.35419,,6,6.08142,3.38087,1.69202,0.269856,-1.01915,-2.29717,-3.71339,2.12484,0.491858,-0.944853,-2.08556,-2.42564,-2.77916,-3.35517,7.35419,4.4677,2.80471,0.895764,0.203843,-0.769868,-1.52749,1.96384e-05,1386
d_margin_r4,w_ec_food_retail_sell_price_exp_lvl,price_expectations,2,-6.05241,1.00421e-07,-0.632668,-0.587756,62,-5.5474,-0.998787,-4.92875,,6,-3.49757,-5.09926,-6.05241,-5.11249,-3.62728,-1.89332,0.326696,1.80037,-0.251833,-0.998787,-0.958104,-0.437903,1.46759,2.16487,-3.64396,-5.0043,-4.92875,-4.01398,-3.30268,-2.3421,-0.845895,7.24844e-05,1386
d_margin_r4,eu_ppi_dom_food_mfg_idx__yoy,producer_prices_input_costs,0,-5.74011,1.0809e-07,-0.554711,-0.493347,99,-5.37574,-1.53112,-6.3347,,6,-5.74011,-4.18684,-2.67583,-1.39794,-0.0544857,1.46911,3.12845,-1.53112,-1.52831,-0.546149,0.345437,1.18335,2.04076,2.9715,-6.3347,-4.89912,-4.08578,-2.9216,-2.56539,-0.609085,0.793353,7.31437e-05,1386
d_margin_r4,eu_ppi_dom_c103_idx__dyoy,producer_prices_input_costs,1,-5.71013,1.31317e-07,-0.466867,-0.42127,96,-5.3765,-5.03869,-4.40234,,1,-5.06784,-5.71013,-5.15476,-2.5203,-0.105534,1.16934,2.0614,-3.51826,-5.03869,-3.88239,-1.35175,0.309711,1.33472,2.23502,-4.23929,-4.40234,-4.93137,-3.79013,-1.61173,-0.238285,0.665517,8.36339e-05,1386
d_margin_r4,w_gov10y_d4,rates,1,-5.40804,4.57838e-07,-0.654874,-0.58243,99,-5.17849,-2.89038,-5.08232,,2,-4.02674,-5.40804,-5.29221,-4.29345,-3.02692,-1.54789,0.256794,-2.19044,-2.89038,-2.92043,-2.7122,-1.77699,-0.530209,1.20205,-3.86902,-5.08232,-4.96417,-4.57807,-4.01143,-2.55889,-0.799409,0.000275392,1386
d_margin_r4,eu_ppi_dom_c107_idx__yoy,producer_prices_input_costs,0,-5.36076,5.60474e-07,-0.488566,-0.43452,99,-4.97529,-2.11489,-7.10463,,6,-5.36076,-2.46447,-1.00912,0.383851,2.16894,3.82429,4.41105,-2.11489,-0.389943,0.999998,1.89045,2.68509,3.60813,4.3107,-7.10463,-4.65955,-2.57219,0.0744664,0.592877,1.75705,2.90882,0.000306293,1386
d_margin_r4,w_cpi_yoy,consumer_prices,0,-5.35854,5.65791e-07,-0.51202,-0.455379,99,-5.05577,-0.912627,-7.43593,,6,-5.35854,-2.86199,-1.55189,-0.479392,0.747855,2.4983,4.46659,-0.912627,0.42904,1.522,2.39955,2.83175,3.26174,4.11469,-7.43593,-3.85123,-2.15705,-0.919083,-0.701144,0.13154,1.39196,0.000306293,1386
d_margin_r4,se_cpi_idx__dyoy,consumer_prices,1,-5.34388,6.02301e-07,-0.632336,-0.562386,99,-5.06678,-3.76371,-4.75668,,2,-5.28642,-5.34388,-5.23019,-4.74409,-3.25689,-1.21235,0.461486,-3.19057,-3.76371,-4.60614,-4.15398,-1.71104,-0.245471,0.889124,-6.01632,-4.75668,-4.2409,-4.39673,-4.02535,-2.28987,-0.654316,0.000310532,1386
d_margin_r4,ea_ec_food_ind_sell_price_exp__lvl,price_expectations,2,-5.30852,7.00083e-07,-0.558787,-0.496972,99,-4.9288,-1.50099,-5.51893,,6,-4.5669,-5.17022,-5.30852,-3.81238,-2.17682,-0.992019,0.236035,-1.25516,-1.37751,-1.50099,-1.41542,-0.0189631,1.0018,1.79657,-4.5434,-5.53979,-5.51893,-4.12397,-3.00119,-1.90593,-0.658612,0.000344539,1386
d_margin_r4,ea_hicp_food_idx__yoy,consumer_prices,0,-5.2777,7.97873e-07,-0.420086,-0.373615,99,-4.78943,-1.13098,-5.28316,,6,-5.2777,-3.07166,-1.40171,-0.015643,1.64306,3.09551,3.91114,-1.13098,-0.361503,0.393766,0.811396,1.7208,2.85572,3.74057,-5.28316,-4.51033,-2.37154,-0.236521,0.127965,0.957058,2.14742,0.000345546,1386
d_margin_r4,se_real_wage_yoy_q__d4,wages_income,2,5.25376,8.82923e-07,0.486718,0.432876,99,5.03857,5.40181,4.21529,,2,4.26168,4.88302,5.25376,3.91286,1.38949,-0.396322,-1.62722,3.05321,3.97862,5.40181,2.52996,0.499842,-0.752576,-1.73479,4.14338,4.03588,4.21529,5.04687,3.14495,0.890935,-0.464797,0.000367673,1386
d_margin_r4,w_food_cpi_xvat_dyoy,consumer_prices,1,-5.22809,9.8398e-07,-0.383526,-0.3411,99,-4.80803,-3.04513,-4.38333,,1,-4.54714,-5.22809,-4.42215,-2.43411,-0.236144,1.11797,1.95291,-2.32171,-3.04513,-3.02133,-2.47127,-0.763846,1.07024,2.34547,-3.64269,-4.38333,-5.31103,-2.29543,-1.24948,-0.179785,0.858231,0.000380487,1386
d_margin_r4,nw_food_ppi_yoy,producer_prices_input_costs,0,-5.1326,1.46908e-06,-0.45989,-0.409016,99,-4.62914,-0.223256,-6.22347,,6,-5.1326,-3.25676,-1.87159,-0.579977,1.06377,2.60613,3.85345,-0.223256,0.201597,0.665895,1.34287,2.05444,2.46457,3.06876,-6.22347,-4.27597,-2.74404,-1.02329,-0.413109,0.763343,1.57972,0.000513092,1386
d_margin_r4,nw_food_cpi_xvat_dyoy,consumer_prices,1,-4.94398,3.20597e-06,-0.420328,-0.37383,99,-4.36474,-2.18469,-4.43929,,2,-4.77144,-4.94398,-4.1318,-2.51405,-1.08796,0.455813,1.4557,-1.55735,-2.18469,-2.34355,-2.12125,-1.69137,-0.149092,1.32911,-4.0856,-4.43929,-4.95237,-2.93512,-2.34589,-0.896091,0.29878,0.00105186,1386
d_margin_r4,no_ssb_bts_consgoods_home_price_exp__d4,price_expectations,2,-4.90976,3.6875e-06,-0.538689,-0.479098,99,-4.65268,-2.92193,-4.86266,,2,-3.29223,-4.07397,-4.90976,-3.90759,-2.56678,-0.866649,0.175919,-2.31071,-2.2288,-2.92193,-2.70968,-1.67934,0.274499,1.19097,-3.6137,-4.06018,-4.86266,-4.43054,-3.35345,-1.51641,-0.3326,0.00110903,1386
d_margin_r4,w_unemp_d4,labour_market,0,4.85805,4.55133e-06,0.544913,0.484633,99,4.67122,3.88212,5.42222,,0,4.85805,3.93511,2.73456,1.55309,0.511318,-0.660845,-1.74043,3.88212,3.07393,2.13641,1.30998,0.679235,-0.11619,-1.08225,5.42222,5.02232,3.5178,1.91005,1.19258,0.178183,-0.918987,0.00129678,1386
d_margin_r4,se_policy_rate__d4,rates,0,-4.83887,4.91938e-06,-0.53367,-0.474634,99,-4.48792,-3.18621,-3.87605,,0,-4.83887,-4.20528,-2.91222,-1.36272,-0.164969,0.710078,1.54156,-3.18621,-2.55394,-1.75698,-0.882983,0.00560484,0.903848,1.9168,-3.87605,-4.04795,-3.32161,-1.43661,-1.11724,-0.45103,0.465582,0.00136571,1386
d_margin_r4,nw_food_cpi_dyoy,consumer_prices,0,-4.75767,6.82437e-06,-0.45258,-0.402515,99,-4.21942,-1.80759,-4.26073,,0,-4.75767,-4.07374,-2.89164,-1.44859,-0.627848,0.537118,1.40768,-1.80759,-1.78306,-1.35047,-0.794355,-0.84993,-0.0268659,1.25961,-4.26073,-4.53882,-4.38839,-1.99775,-1.86272,-1.0463,-0.0686689,0.00180215,1386
d_margin_r4,nw_retail_food_vol_dyoy,activity_retail,1,4.64393,1.10876e-05,0.491077,0.443115,96,4.40095,2.27786,4.51683,,0,4.53048,4.64393,3.63697,1.91849,0.756683,-0.0782749,-0.959769,2.32225,2.27786,1.64315,0.210476,-0.446998,-0.879156,-1.32656,4.205,4.51683,3.70436,2.12212,1.1131,0.3605,-0.456517,0.00279179,1386
d_margin_r4,no_govbond_10y__d4,rates,2,-4.60126,1.27102e-05,-0.662029,-0.588794,99,-4.43204,-2.85271,-4.33204,,1,-3.63892,-4.6011,-4.60126,-4.11564,-3.06755,-1.61306,0.210362,-2.42541,-2.98209,-2.85271,-2.53716,-1.74074,-0.605056,1.04304,-3.49585,-4.47561,-4.33204,-3.88384,-3.29549,-2.17856,-0.621466,0.00299347,1386
d_margin_r4,se_gov_bond_10y__d4,rates,2,-4.54385,1.59221e-05,-0.57798,-0.514043,99,-4.38726,-2.79086,-4.43933,,2,-3.18715,-4.44393,-4.54385,-3.71854,-2.66445,-1.40132,0.199236,-1.90135,-2.76064,-2.79086,-2.53716,-1.77296,-0.619611,1.26073,-3.02226,-4.22523,-4.43933,-4.24307,-3.92129,-2.50927,-0.717219,0.00351816,1386
d_margin_r4,w_food_cpi_dyoy,consumer_prices,1,-4.52967,1.68291e-05,-0.361519,-0.321527,99,-4.13931,-2.46757,-4.29158,,1,-4.38313,-4.52967,-3.28282,-2.00329,-0.175126,1.09871,1.83596,-2.21321,-2.46757,-1.97324,-1.88394,-0.650708,1.04213,2.24911,-3.62988,-4.29158,-4.51684,-1.99141,-1.19468,-0.341619,0.623382,0.00363134,1386
d_margin_r4,w_food_ppi_dyoy,producer_prices_input_costs,2,-4.52491,1.78337e-05,-0.388146,-0.351752,95,-4.26157,-3.18798,-3.94982,,2,-3.13689,-3.87018,-4.52491,-4.33946,-1.52601,0.212842,1.12242,-1.80715,-2.65882,-3.18798,-2.63824,-0.74921,0.415871,1.22388,-3.04905,-3.38604,-3.94982,-5.15751,-3.41257,-0.964747,0.173478,0.00371321,1386
d_margin_r4,eu_ppi_dom_c106_idx__yoy,producer_prices_input_costs,0,-4.47733,2.06302e-05,-0.59579,-0.529883,99,-4.23528,-2.79603,-4.82524,,6,-4.47733,-3.63003,-2.39146,-1.12949,0.268183,1.52076,2.80151,-2.79603,-2.94032,-1.62647,-0.0195044,1.63123,2.40805,3.25227,-4.82524,-4.29731,-3.38004,-2.02735,-0.79429,0.374184,1.19925,0.00406119,1386
d_margin_r4,se_cpi_food_idx__dyoy,consumer_prices,3,-4.45425,2.25586e-05,-0.303448,-0.26988,99,-4.31889,-2.79133,-5.46046,,3,-2.53905,-3.11786,-3.81981,-4.45425,-3.18045,-1.34752,0.170673,-0.724173,-1.52533,-2.31674,-2.79133,-2.55421,-1.588,-0.386776,-2.40386,-2.95026,-3.92253,-5.46046,-4.76704,-3.63558,-2.11437,0.00422534,1386
d_margin_r4,eu_ppi_dom_c103_idx__yoy,producer_prices_input_costs,6,4.4631,2.26349e-05,0.350114,0.317285,95,4.28147,4.30972,3.05205,,6,-4.13645,-2.16796,-0.441819,1.17178,2.74196,4.01174,4.4631,-1.02739,0.0238355,1.30212,2.13438,2.80125,3.58343,4.30972,-4.91568,-3.35966,-1.09121,0.901567,1.51941,2.42013,3.05205,0.00422534,1386
d_margin_r4,w_policy_rate_d4,rates,0,-4.44219,2.36346e-05,-0.587381,-0.522404,99,-4.13484,-3.07478,-3.64175,,0,-4.44219,-3.89883,-3.15336,-2.02037,-0.646594,0.496906,1.4994,-3.07478,-2.51897,-1.84754,-1.0855,-0.294805,0.571882,1.64806,-3.64175,-3.54264,-3.59536,-2.26238,-1.91381,-1.11879,0.313099,0.00426489,1386
d_margin_r4,nw_food_ppi_dyoy,producer_prices_input_costs,2,-4.38505,3.05052e-05,-0.37937,-0.343798,95,-4.17704,-2.71692,-4.23939,,2,-3.41785,-4.07282,-4.38505,-4.29155,-1.69694,0.158752,1.01722,-1.92548,-2.66842,-2.71692,-2.49726,-0.847034,0.35327,1.08028,-3.20586,-3.60194,-4.23939,-5.21523,-3.877,-1.07753,0.033795,0.00516067,1386
d_margin_r4,w_ec_food_retail_sell_price_exp_d4,price_expectations,5,-4.41104,5.06975e-05,-0.421736,-0.405586,55,-4.16338,-2.57609,-3.32774,,5,-0.781786,-2.06178,-3.22103,-3.81035,-4.1283,-4.41104,-2.86076,1.18326,-1.05965,-2.46497,-2.22158,-2.44647,-2.57609,-1.78969,-0.593111,-1.84574,-3.94939,-4.04057,-3.67722,-3.32774,-2.21667,0.00795516,1386
d_margin_r4,us_ppi_corrugated_boxes_idx__yoy,packaging_freight,3,-4.21794,5.54455e-05,-0.520865,-0.463246,99,-4.01476,-2.31575,-3.92406,,2,-2.4172,-3.32788,-4.06953,-4.21794,-3.02522,-1.06614,0.878987,-1.13134,-1.85974,-2.33077,-2.31575,-1.59663,-0.252666,1.20983,-2.49461,-3.67541,-4.32808,-3.92406,-2.93208,-1.30752,0.347636,0.00857591,1386
d_margin_r4,se_na_hhcons_food_sa__yoy,activity_retail,6,-4.17419,6.52779e-05,-0.395998,-0.352192,99,-4.02527,-3.57447,-3.03133,,6,0.798809,0.313971,-0.217088,-1.5774,-2.85924,-3.89625,-4.17419,-0.856772,-0.900675,-0.929879,-1.47003,-2.55103,-2.89326,-3.57447,1.02518,0.506427,-0.0349471,-1.39374,-2.07319,-2.64417,-3.03133,0.00968178,1386
d_margin_r4,w_food_cpi_xvat_yoy,consumer_prices,0,-4.14269,7.33744e-05,-0.37445,-0.333027,99,-3.60317,-0.184221,-5.22911,,6,-4.14269,-2.11492,-0.541766,0.901514,2.24963,3.1233,3.66963,-0.184221,0.514496,1.17104,1.57812,2.08911,2.5562,3.02696,-5.22911,-2.81588,-0.852024,0.524154,0.90554,1.42384,2.04489,0.0106367,1386
d_margin_r4,w_cpi_dyoy,consumer_prices,0,-4.13419,7.57195e-05,-0.536818,-0.477434,99,-3.83794,-3.06684,-3.99065,,0,-4.13419,-3.68094,-3.47278,-3.31352,-2.29401,-0.336934,1.326,-3.06684,-2.30223,-2.06407,-1.7844,-0.814737,0.514981,1.64146,-3.99065,-3.56482,-3.62297,-3.77919,-3.73919,-2.02798,-0.284384,0.0106367,1386
d_margin_r4,natgas_eu_eur_yoy,energy,5,-4.15695,7.66282e-05,-0.441672,-0.415419,87,-3.7841,-1.36861,-3.84761,,5,-1.38897,-2.27353,-2.83954,-3.35924,-4.0338,-4.15695,-3.6211,-0.44691,-0.205188,-0.320037,-0.683727,-1.19144,-1.36861,-1.35939,-1.24116,-2.14465,-2.80588,-3.4058,-3.82317,-3.84761,-3.56363,0.0106367,1386
d_margin_r4,w_gdp_vol_yoy,activity_retail,1,-4.07406,9.44824e-05,-0.405598,-0.36073,99,-3.84242,-2.77642,-4.23673,,0,-3.94595,-4.07406,-3.5952,-2.29237,-1.67431,-0.691614,0.119293,-3.0684,-2.77642,-2.68309,-2.00365,-2.09486,-1.4344,-0.673219,-3.86446,-4.23673,-3.97735,-2.55096,-2.2215,-1.25999,-0.358422,0.0124424,1386
d_margin_r4,se_ec_cons_conf__d4,consumer_survey,0,4.06497,9.76816e-05,0.437796,0.389366,99,3.6336,2.35877,4.79426,,0,4.06497,2.4561,1.51751,0.552342,-0.333655,-1.14483,-1.81978,2.35877,0.929418,0.238913,-0.363897,-0.723928,-1.06417,-1.56014,4.79426,3.5854,2.23717,0.798282,0.232006,-0.436163,-1.02481,0.0124424,1386
d_margin_r4,se_ppi_food_hmpi_idx__yoy,producer_prices_input_costs,6,4.06026,9.93812e-05,0.304534,0.270846,99,3.86569,3.41157,1.62621,,6,-3.56807,-2.07729,-1.1031,-0.187483,1.17015,2.67169,4.06026,-0.949757,-0.00401275,0.753896,1.46799,2.30107,2.82212,3.41157,-4.39276,-3.02904,-1.82569,-0.509119,0.0250286,1.07318,1.62621,0.0125117,1386
d_margin_r4,no_jordbruk_malpris_mnok__d4,tax_policy,0,-3.98867,0.000132307,-0.563891,-0.511341,95,-3.70025,-2.92801,-6.50539,,1,-3.98867,-3.73869,-2.93025,-0.507237,0.426683,1.06113,1.89758,-2.92801,-3.47679,-2.84068,0.0807137,0.637951,1.05921,1.70894,-6.50539,-6.1273,-4.7341,-0.941417,-0.093836,0.471215,0.57538,0.0157418,1386
d_margin_r4,ea_hicp_food_idx__dyoy,consumer_prices,3,-3.96144,0.000146853,-0.23764,-0.216188,94,-3.80759,-2.33518,-5.42915,,1,-3.51658,-3.82342,-3.95795,-3.96144,-1.7393,0.0623042,1.25144,-1.91754,-2.44543,-2.27889,-2.33518,-1.12883,0.155394,1.42154,-3.435,-3.8861,-4.96939,-5.42915,-3.74926,-1.92248,-0.132581,0.0171977,1386
d_margin_r4,ea_ec_food_ind_sell_price_exp__d4,price_expectations,3,-3.91521,0.000167939,-0.487664,-0.433717,99,-3.69288,-3.1122,-3.86759,,4,-1.0966,-2.13558,-3.27965,-3.91521,-3.65533,-2.85094,-1.43062,-1.09489,-1.41204,-2.04461,-3.1122,-3.40351,-2.31599,-0.746968,-1.01837,-2.03608,-3.35246,-3.86759,-3.36061,-2.61601,-1.30005,0.018698,1386
d_margin_r4,se_cpi_food_idx__yoy,consumer_prices,0,-3.89176,0.000182601,-0.437576,-0.38917,99,-3.38842,-0.170757,-4.77785,,6,-3.89176,-2.71841,-1.51992,-0.477573,0.655029,2.06379,3.28243,-0.170757,0.670191,0.669474,0.713384,0.983025,1.90824,2.86284,-4.77785,-3.73711,-2.14388,-0.727867,-0.464144,0.323979,1.52844,0.01901,1386
d_margin_r4,eu_ppi_dom_c106_idx__dyoy,producer_prices_input_costs,1,-3.86398,0.000205044,-0.518559,-0.467913,96,-3.70277,-3.49048,-3.7467,,2,-3.25627,-3.86398,-3.74202,-2.90086,-1.00232,0.22711,1.04133,-2.69081,-3.49048,-3.6954,-2.90144,-0.520959,0.562123,1.29429,-2.96894,-3.7467,-3.93458,-3.59521,-1.51629,-0.241161,0.486134,0.0209437,1386
d_margin_r4,eu_agri_basket_yoy,commodities,1,-3.84847,0.000212934,-0.56214,-0.499955,99,-3.65046,-2.21467,-3.81608,,1,-3.6275,-3.84847,-3.3919,-2.28417,-1.09036,0.245518,1.33816,-1.92375,-2.21467,-2.17197,-1.14891,0.0838561,1.09287,1.86609,-3.79808,-3.81608,-3.30267,-2.59874,-2.09524,-1.02323,-0.0386588,0.0214599,1386
d_margin_r4,w_ec_food_ind_sell_price_exp_d4,price_expectations,3,-3.82954,0.000227661,-0.442459,-0.393513,99,-3.63926,-2.8315,-3.91189,,3,-2.05787,-3.16173,-3.77299,-3.82954,-3.13706,-1.21347,0.42022,-1.59632,-2.0293,-2.52433,-2.8315,-2.58476,-0.725657,0.737622,-2.00761,-3.06766,-3.56782,-3.91189,-3.57241,-1.9619,-0.0346042,0.0226138,1386
d_margin_r4,no_retail_foodstores_vol_sa_idx__dyoy,activity_retail,1,3.82009,0.000239285,0.38277,0.345387,96,3.4659,0.79419,3.38598,,0,2.86712,3.82009,3.22702,1.96915,1.31538,0.549296,-0.249454,0.999363,0.79419,0.442648,-0.115031,-0.0593655,-0.202522,-0.466372,2.53926,3.38598,3.13606,2.11645,1.51754,0.794354,0.0224477,0.0229271,1386
d_margin_r4,w_gdp_vol_dyoy,activity_retail,3,-3.80743,0.00024609,-0.324771,-0.288844,99,-3.61147,-2.45763,-4.01109,,4,-0.469692,-1.75559,-3.37392,-3.80743,-3.37784,-2.03033,-0.803841,-0.79952,-1.66949,-2.59922,-2.45763,-3.66928,-2.57456,-0.763977,-0.389803,-1.88144,-3.63109,-4.01109,-3.61682,-2.16298,-0.818287,0.0231691,1386
d_margin_r4,glob_fao_ffpi__yoy,commodities,1,-3.79821,0.000254186,-0.404917,-0.360124,99,-3.67107,-2.92392,-3.65658,,1,-2.33717,-3.79821,-2.91467,-1.91253,-1.3448,-0.815826,-0.226357,-2.38497,-2.92392,-2.59763,-1.7133,-0.846882,0.158085,0.853683,-2.52892,-3.65658,-3.21345,-2.70366,-2.34905,-1.46566,-0.60059,0.0232884,1386
d_margin_r4,w_ec_food_ind_sell_price_exp_lvl,price_expectations,0,-3.79623,0.000255955,-0.527247,-0.468921,99,-3.56691,-1.16337,-4.11272,,6,-3.79623,-3.07525,-2.07228,-1.13298,-0.321845,0.756217,1.84148,-1.16337,-0.886678,-0.185,1.17669,1.79601,2.39005,2.50108,-4.11272,-3.50508,-2.54157,-1.6183,-1.13291,-0.224379,0.697886,0.0232884,1386
d_margin_r4,eu_agri_wheat_bread_price__yoy,commodities,4,-4.11124,0.000255961,-0.681443,-0.675605,34,-3.73284,,-4.15536,,,-1.62343,-2.89148,-3.65496,-3.91528,-4.11124,-4.10639,-3.3274,,,,,,,,-3.2886,-7.18615,-8.23991,-4.9718,-4.15536,-3.4185,-2.61616,0.0232884,1386
d_margin_r4,eu_ppi_dom_c108_idx__dyoy,producer_prices_input_costs,0,-3.76288,0.000290605,-0.452315,-0.406178,97,-3.49877,-2.22237,-3.49668,,0,-3.76288,-2.64753,-1.34994,-0.392913,0.271014,0.71778,0.714406,-2.22237,-1.09561,-0.192941,0.342692,0.810354,1.29845,1.51756,-3.49668,-3.16524,-2.26575,-0.847768,-0.759952,-0.713841,-0.613417,0.0257902,1386
d_margin_r4,eu_agri_basket_wloc_yoy,commodities,0,-3.75711,0.000293463,-0.597338,-0.531259,99,-3.5797,-1.8384,-4.13581,,6,-3.75711,-3.66773,-3.1447,-1.8375,-0.332587,0.941885,1.74712,-1.8384,-1.80069,-1.57259,-0.31761,1.18976,1.68759,2.11709,-4.13581,-3.66018,-2.94573,-2.11845,-1.72984,-0.576315,0.249031,0.0258321,1386
d_margin_r4,eu_ppi_plastic_products_idx__dyoy,packaging_freight,3,-3.76181,0.000296477,-0.498684,-0.453668,94,-3.43103,-6.63098,-3.49273,,3,-1.57382,-2.60606,-3.39989,-3.76181,-3.22914,-1.99451,-0.686649,-1.48532,-2.59436,-3.88282,-6.63098,-2.90874,-0.59804,0.353993,-1.43689,-2.66063,-3.44863,-3.49273,-2.74234,-1.79476,-0.753693,0.025887,1386
d_margin_r4,no_qna_hh_food_cons_sa_mnok__dyoy,activity_retail,0,3.7497,0.000301127,0.453763,0.403567,99,3.50547,1.37086,3.89324,,0,3.7497,3.54566,2.74736,1.91837,1.12428,0.0355788,-1.03492,1.37086,1.30607,0.905788,0.773658,0.770059,-0.0145628,-0.704372,3.89324,3.82088,2.96158,2.07476,1.56876,0.749504,-0.237998,0.0260826,1386
d_margin_r4,brent_nok_yoy,energy,0,-3.73815,0.000313462,-0.388173,-0.345232,99,-3.61641,-2.92072,-3.77512,,1,-3.73815,-2.78006,-1.71203,-1.18801,-0.856669,-0.740093,-0.527097,-2.92072,-3.01061,-0.785363,0.412036,0.7374,0.258454,-0.265078,-3.77512,-3.12325,-2.24254,-1.7367,-1.66268,-1.53928,-1.1031,0.0268742,1386
d_margin_r4,w_food_cpi_yoy,consumer_prices,0,-3.7219,0.000331631,-0.360247,-0.320395,99,-3.19799,0.344064,-5.48738,,6,-3.7219,-1.86227,-0.364842,1.03973,2.42123,3.32937,3.68527,0.344064,1.49642,2.17716,2.11937,2.42173,2.8491,3.21199,-5.48738,-2.88431,-0.805282,0.621101,0.875508,1.27055,1.7759,0.0278341,1386
d_margin_r4,ea_negotiated_wages_yoy_q__d4,wages_income,5,3.6709,0.000395382,0.311513,0.277053,99,3.58758,5.219,2.41921,,5,-1.67031,-0.998441,-0.0685587,1.31561,2.87353,3.6709,2.84295,-0.396406,0.661731,1.36217,2.49347,3.31672,5.219,3.00639,-2.21416,-1.75969,-0.497833,1.40039,1.83529,2.41921,2.10827,0.0315672,1386
d_margin_r4,eu_ppi_dom_c107_idx__dyoy,producer_prices_input_costs,0,-3.66858,0.000402349,-0.50087,-0.44978,97,-3.41409,-3.32517,-3.44278,,0,-3.66858,-3.32086,-3.10241,-2.66463,-1.41367,0.300107,2.01244,-3.32517,-3.27886,-2.20513,-1.51559,-0.534251,0.816614,2.56822,-3.44278,-3.4709,-4.21558,-5.04563,-4.1667,-2.03076,-0.00499793,0.0315672,1386
d_margin_r4,w_retail_food_vol_dyoy,activity_retail,0,3.66566,0.000406387,0.449302,0.403472,97,3.4534,1.66484,3.59406,,0,3.66566,3.54903,2.90719,1.807,0.715223,-0.12252,-1.05246,1.66484,1.52282,1.00388,0.161602,-0.55256,-0.994607,-1.42434,3.59406,3.62018,3.04087,1.94526,1.07169,0.38126,-0.442351,0.0316546,1386
d_margin_r4,nw_food_cpi_xvat_yoy,consumer_prices,0,-3.59002,0.00052085,-0.397943,-0.353922,99,-3.07816,0.00648621,-4.09899,,6,-3.59002,-1.92881,-0.730685,0.449107,1.49824,2.27944,2.72526,0.00648621,0.901144,1.18071,1.43886,1.54729,1.82303,2.15093,-4.09899,-2.30059,-0.983279,0.260376,0.552541,1.01528,1.48798,0.0381033,1386
d_margin_r4,glob_fao_vegoils_idx__dyoy,commodities,5,-3.53906,0.000618355,-0.267952,-0.23831,99,-3.44805,-4.07803,-2.63816,,5,0.143345,-0.188095,-0.720237,-1.45465,-2.64488,-3.53906,-1.89923,-1.34365,-1.54318,-1.66765,-1.83208,-2.50621,-4.07803,-1.42568,0.369145,-0.0205655,-0.682247,-1.4766,-2.16866,-2.63816,-1.56993,0.0437581,1386
d_margin_r4,no_ppi_food_dom_idx__yoy,producer_prices_input_costs,0,-3.50427,0.000694581,-0.459305,-0.408496,99,-3.12525,1.22108,-4.70433,,6,-3.50427,-3.39622,-3.16355,-2.34655,-1.02981,0.61604,1.87742,1.22108,1.09886,0.478973,0.3153,0.836047,1.52921,2.02975,-4.70433,-3.68524,-3.1063,-2.62557,-2.34049,-1.48315,0.0349239,0.048518,1386
d_margin_r4,fao_ffpi_sek_yoy,commodities,1,-3.50144,0.000701144,-0.481371,-0.428121,99,-3.33012,-1.86071,-3.76264,,1,-3.01628,-3.50144,-2.74464,-1.82204,-1.24204,-0.85966,-0.528553,-1.68356,-1.86071,-1.81075,-0.845086,-0.11338,0.137434,0.193366,-3.34898,-3.76264,-3.17198,-2.41254,-1.9605,-1.51341,-1.04371,0.0486625,1386
d_margin_r4,eu_ppi_paper_packaging_idx__dyoy,packaging_freight,3,-3.50098,0.000717013,-0.463193,-0.421381,94,-3.23841,-3.03064,-2.95941,,3,-2.03527,-2.65463,-3.15084,-3.50098,-3.2485,-1.63521,0.194117,-1.50029,-2.01788,-2.66007,-3.03064,-2.2018,-0.562628,0.671609,-2.40364,-2.91036,-2.93955,-2.95941,-2.74594,-1.96492,-0.446459,0.0494469,1386
d_margin_r4,se_ppi_food_hmpi_idx__dyoy,producer_prices_input_costs,0,-3.4837,0.000743714,-0.419608,-0.37319,99,-3.24122,-2.5123,-3.29613,,1,-3.4837,-3.42602,-3.11804,-2.79153,-1.20666,0.371909,1.28752,-2.5123,-3.03623,-2.22673,-1.96109,-0.777486,0.527408,1.38689,-3.29613,-3.64481,-4.19011,-4.2194,-3.05948,-0.619951,0.406439,0.0507793,1386
d_margin_r4,no_jordbruk_malpris_mnok__lvl,tax_policy,6,3.48408,0.000745713,0.302047,0.269999,98,3.23922,4.00196,2.17021,,6,-2.54853,-1.30751,0.00114329,1.24629,2.01197,2.59904,3.48408,-0.411867,0.86637,2.51542,2.57802,2.50408,2.86618,4.00196,-3.16376,-1.75097,-0.268005,1.49434,1.9352,2.18693,2.17021,0.0507793,1386
d_margin_r4,w_retail_total_vol_yoy,activity_retail,5,-3.47126,0.000784288,-0.402577,-0.363259,96,-3.29513,-2.62767,-2.69233,,2,0.586749,0.0456634,-0.753951,-1.7515,-2.72666,-3.47126,-3.4192,-2.6083,-2.59908,-2.67652,-2.41486,-2.41006,-2.62767,-2.60348,0.767749,0.1796,-0.780785,-1.9655,-2.34255,-2.69233,-2.79342,0.052417,1386
d_margin_r4,eu_ppi_dom_food_mfg_idx__dyoy,producer_prices_input_costs,2,-3.46304,0.00080912,-0.403679,-0.365828,95,-3.31469,-3.15427,-3.7001,,2,-2.87756,-3.28303,-3.46304,-3.38981,-2.16395,-0.469985,0.782678,-1.74931,-2.9591,-3.15427,-2.69275,-1.35467,0.020166,1.13407,-2.77099,-3.259,-3.7001,-4.29776,-3.11231,-1.32192,-0.0745779,0.0537449,1386
d_margin_r4,packaging_eu_dyoy,packaging_freight,3,-3.456,0.000831506,-0.491147,-0.446811,94,-3.16386,-3.72779,-3.03246,,3,-1.90026,-2.59655,-3.126,-3.456,-3.18611,-1.83789,-0.182472,-1.52235,-2.12721,-2.90294,-3.72779,-2.63701,-0.606167,0.556478,-2.10102,-2.88304,-3.05491,-3.03246,-2.68924,-1.87599,-0.585312,0.054895,1386
d_margin_r4,glob_gscpi__d4,packaging_freight,5,-3.43917,0.000861564,-0.34873,-0.310153,99,-3.25178,-2.43762,-2.53569,,5,1.86513,1.35524,0.413753,-1.07417,-2.65838,-3.43917,-2.88103,0.473157,0.669156,0.450193,-0.262741,-1.80244,-2.43762,-1.22934,2.15682,1.64369,0.538597,-0.86329,-1.83147,-2.53569,-2.43789,0.0561942,1386
d_margin_r4,no_ppi_food_dom_idx__dyoy,producer_prices_input_costs,3,-3.38071,0.00105846,-0.338414,-0.306683,95,-3.17798,-1.91188,-3.18004,,4,-1.95057,-2.44766,-2.99845,-3.38071,-3.37388,-1.83683,-0.360889,0.171451,-0.463289,-1.28574,-1.91188,-2.00159,-0.973361,-0.204237,-1.87943,-2.42971,-2.88565,-3.18004,-3.09897,-2.30142,-1.04209,0.0647463,1386
d_margin_r4,price_cost_gap_agri,other,1,3.35247,0.00114314,0.523266,0.465381,99,3.21453,2.33817,3.32299,,2,3.18571,3.35247,2.96355,2.12911,1.35146,0.450626,-0.43121,2.08913,2.33817,2.38715,1.54911,0.551211,-0.275659,-1.03213,3.00907,3.32299,3.0169,2.42676,1.90151,1.09945,0.36949,0.0687602,1386
d_margin_r4,se_ec_cons_conf__lvl,consumer_survey,6,-3.34304,0.0011785,-0.290258,-0.258149,99,-3.24742,-2.8759,-1.78691,,5,1.8149,0.836017,0.14323,-0.690769,-1.73985,-2.87102,-3.34304,-1.50295,-2.03851,-2.11568,-2.55918,-2.85543,-2.90053,-2.8759,2.33509,1.21513,0.380354,-0.766086,-1.23555,-1.6502,-1.78691,0.0701086,1386
d_margin_r4,elec_nordic_loc_dyoy,energy,5,-3.26284,0.00154341,-0.428375,-0.388208,95,-3.01526,-2.32252,-2.61493,,5,1.15203,0.30794,-0.384727,-1.16629,-2.25867,-3.26284,-2.7147,0.772753,0.491211,0.156479,-0.36929,-1.22576,-2.32252,-1.85722,1.15447,0.373598,-0.294791,-0.996486,-1.78399,-2.61493,-2.2717,0.0866841,1386
d_margin_r4,glob_fao_cereals_idx__yoy,commodities,1,-3.24307,0.00162205,-0.370959,-0.329923,99,-3.15516,-2.25674,-3.20539,,2,-2.06596,-3.24307,-2.90992,-2.08061,-1.6104,-0.990803,-0.0825854,-1.77016,-2.25674,-2.49443,-1.85292,-1.3024,-0.334552,1.00901,-1.91933,-3.20539,-3.76364,-3.16037,-2.81345,-1.70484,-0.479194,0.0893577,1386
d_margin_r4,w_ec_cons_price_exp_lvl,price_expectations,1,-3.22967,0.00169218,-0.404912,-0.36012,99,-3.09846,-2.19734,-2.95214,,1,-2.2536,-3.22967,-2.55766,-1.58058,-1.04719,-0.683365,-0.24739,-2.15453,-2.19734,-1.57542,-0.584584,0.0653916,0.464536,0.892598,-2.24504,-2.95214,-2.68541,-2.18085,-1.74713,-1.36076,-0.824326,0.092532,1386
d_margin_r4,us_ppi_corrugated_boxes_idx__dyoy,packaging_freight,3,-3.22609,0.00171139,-0.510173,-0.453737,99,-3.11678,-2.48056,-3.75818,,3,-0.120747,-1.58168,-2.73319,-3.22609,-2.83387,-1.49205,0.087601,0.485619,-0.941144,-2.06661,-2.48056,-2.18831,-0.7489,0.878226,-0.0618128,-1.48316,-2.97928,-3.75818,-2.87664,-1.32364,0.25253,0.0927412,1386
d_margin_r4,eu_ppi_dom_c105_idx__dyoy,producer_prices_input_costs,1,-3.2187,0.00176786,-0.467142,-0.421518,96,-3.09379,-2.86763,-3.17885,,2,-3.01166,-3.2187,-3.09814,-2.68413,-1.93384,-0.656167,0.896992,-2.22567,-2.86763,-3.30234,-2.28711,-1.30706,-0.0912209,1.42844,-3.17508,-3.17885,-3.5428,-4.31234,-4.82355,-2.45561,-0.570464,0.0942896,1386
d_margin_r4,nw_food_cpi_yoy,consumer_prices,0,-3.2132,0.00178226,-0.385222,-0.342608,99,-2.75511,0.275039,-4.35482,,2,-3.2132,-1.64184,-0.525462,0.642603,1.7555,2.53852,2.84202,0.275039,1.97876,3.04789,2.58173,2.20645,2.24827,2.43173,-4.35482,-2.54971,-1.01906,0.405928,0.579317,0.847383,1.23578,0.0945919,1386
d_margin_r4,se_retail_grocery_vol_sa_idx__dyoy,activity_retail,0,3.20708,0.00181685,0.359034,0.319317,99,3.07665,2.02227,3.15281,,2,3.20708,2.20353,1.68736,0.26317,-1.23849,-1.78033,-2.14912,2.02227,2.44453,2.7738,0.91652,-1.01188,-1.73683,-2.22435,3.15281,2.20744,1.56066,0.370652,-0.640835,-1.06092,-1.39755,0.0959569,1386
d_margin_r4,se_nier_food_mfg_sell_price_exp__d4,price_expectations,3,-3.20359,0.00183683,-0.421856,-0.37519,99,-3.07285,-2.00402,-3.11628,,4,-1.45022,-2.22534,-2.94946,-3.20359,-3.19036,-2.65041,-0.966888,-1.55433,-1.51869,-1.77653,-2.00402,-2.33872,-2.17839,-0.621382,-1.43875,-2.10297,-2.76077,-3.11628,-3.21638,-2.88163,-1.31622,0.0965416,1386
d_margin_r4,no_policy_rate__d4,rates,1,-3.18889,0.00192344,-0.431293,-0.383583,99,-3.03977,-2.17186,-2.83469,,0,-3.18864,-3.18889,-2.84086,-1.87407,-0.527374,0.474706,1.29915,-2.32189,-2.17186,-1.79255,-1.2268,-0.532055,0.243751,1.21897,-2.89127,-2.83469,-2.57437,-1.6858,-1.33706,-0.798404,0.384969,0.0992128,1386
d_margin_r4,glob_fao_vegoils_idx__yoy,commodities,2,-3.18813,0.001928,-0.341706,-0.303906,99,-3.07436,-2.52807,-2.99533,,1,-1.12546,-2.18124,-3.18813,-2.3337,-1.67663,-1.19371,-0.68029,-2.23586,-2.72313,-2.52807,-1.832,-1.03372,-0.158902,0.581255,-1.23546,-2.45537,-2.99533,-2.82907,-2.54664,-1.87181,-1.10875,0.0992128,1386
d_margin_r4,se_retail_grocery_vol_sa_idx__yoy,activity_retail,6,-3.11629,0.00240943,-0.367386,-0.326745,99,-2.94893,-3.27844,-2.0573,,6,0.772625,-0.144917,-1.02784,-1.87791,-2.79889,-2.856,-3.11629,-1.82503,-2.30148,-2.20437,-1.80667,-2.32887,-2.75458,-3.27844,0.943546,0.0168412,-1.01573,-1.96602,-2.37345,-2.02817,-2.0573,0.113918,1386
d_margin_r4,glob_gscpi__lvl,packaging_freight,5,-3.10336,0.00250715,-0.419124,-0.37276,99,-2.80848,1.20631,-3.76727,,2,-1.14569,-1.58795,-1.81804,-2.15891,-2.83788,-3.10336,-2.55972,1.69067,1.85375,1.96102,1.71371,1.13066,1.20631,1.29155,-1.07239,-1.54359,-1.89757,-2.37116,-3.11568,-3.76727,-3.25878,0.117512,1386
d_margin_r4,se_na_hhcons_food_sa__dyoy,activity_retail,6,-3.04505,0.00299528,-0.246559,-0.219284,99,-2.83311,-2.96047,-1.97778,,6,1.72359,1.75936,2.18313,1.60418,-0.123687,-1.61683,-3.04505,1.06878,1.03542,1.55355,1.46888,-0.0120773,-1.45557,-2.96047,1.88937,2.08096,2.45555,1.63971,0.388806,-0.453967,-1.97778,0.136261,1386
d_margin_r4,glob_fao_cereals_idx__dyoy,commodities,4,-3.03215,0.00311452,-0.383526,-0.341099,99,-2.84608,-2.88464,-3.46524,,4,-0.0733753,-1.01076,-2.56806,-2.68915,-3.03215,-2.56887,-0.870792,-0.722635,-1.67685,-2.54395,-2.46137,-2.88464,-2.71083,-0.384342,0.0324868,-0.932879,-2.59736,-2.70689,-3.46524,-2.6126,-0.691489,0.141093,1386
d_margin_r4,no_ssb_bts_consgoods_home_price_exp__lvl,price_expectations,0,-2.97783,0.00366657,-0.482741,-0.429339,99,-2.8426,-0.768492,-2.95388,,4,-2.97783,-2.45843,-2.17999,-1.41732,-0.662022,0.160221,0.960831,-0.768492,-0.341687,0.0754252,1.65714,2.92238,2.84183,2.91183,-2.95388,-2.48769,-2.27725,-1.62547,-1.30294,-0.766657,-0.122479,0.162034,1386
d_margin_r4,nw_cons_conf_z_d4,consumer_survey,0,2.97033,0.00374953,0.412168,0.366573,99,2.70337,1.57707,3.99744,,6,2.97033,1.82208,1.05644,0.21946,-0.618238,-1.42859,-2.11162,1.57707,0.569051,-0.129007,-0.719308,-1.01042,-1.31255,-1.91094,3.99744,2.69792,1.51484,0.394086,-0.0299847,-0.491517,-0.880483,0.165026,1386
d_margin_r4,no_cpi_food_idx__yoy,consumer_prices,4,2.95766,0.00389365,0.266389,0.23692,99,2.85961,3.51012,1.56832,,3,-1.23212,-0.451881,0.570499,2.08888,2.95766,2.47545,1.74549,0.526217,1.81839,3.86016,4.37833,3.51012,2.58913,1.78436,-1.95174,-1.05257,0.175464,1.76562,1.56832,1.1798,0.865639,0.169988,1386
d_margin_r4,no_nbes_bl_sell_price_di__lvl,price_expectations,1,-2.95439,0.00394946,-0.466157,-0.418608,97,-2.86232,-1.87362,-3.07341,,1,-2.51065,-2.95439,-2.8792,-2.70922,-2.38635,-1.76569,-0.913685,-1.52826,-1.87362,-1.85462,-1.70397,-1.37104,-0.806979,-0.127315,-2.42311,-3.07341,-3.19968,-3.11983,-3.05367,-2.66046,-1.79511,0.170987,1386
d_margin_r4,ea_negotiated_wages_yoy_q__lvl,wages_income,3,2.95163,0.00396393,0.260782,0.231934,99,2.87746,3.21002,2.71364,,2,0.360004,1.41833,2.72152,2.95163,2.52088,2.09885,1.79511,2.83163,3.13589,3.24861,3.21002,2.78341,2.19363,1.53375,0.191961,1.36467,2.42096,2.71364,2.29619,2.00834,1.69007,0.170987,1386
d_margin_r4,eu_ppi_dom_c108_idx__yoy,producer_prices_input_costs,0,-2.9492,0.00399269,-0.36737,-0.326731,99,-2.74919,0.118196,-3.65428,,5,-2.9492,-1.50026,-0.44102,0.463846,1.29056,1.74881,1.46813,0.118196,1.00784,1.48441,1.72667,2.08353,2.36296,1.80719,-3.65428,-2.3542,-1.08276,0.295963,0.23017,0.0948801,-0.026449,0.170987,1386
d_margin_r4,glob_wb_food_idx__yoy,commodities,1,-2.94896,0.00399551,-0.321271,-0.285731,99,-2.87934,-1.90768,-2.98293,,0,-2.30607,-2.94896,-2.10654,-1.5168,-1.20013,-0.898466,-0.456372,-1.92759,-1.90768,-1.53068,-1.01291,-0.499433,0.138472,0.846496,-2.17433,-2.98293,-2.9123,-2.36955,-2.27558,-1.67843,-0.898979,0.170987,1386
d_margin_r4,glob_fao_dairy_idx__yoy,commodities,2,-2.9465,0.00402479,-0.444179,-0.395043,99,-2.8619,-2.4264,-2.92821,,3,-2.32638,-2.87991,-2.9465,-2.56855,-1.43178,-0.356627,0.359954,-2.02305,-2.31078,-2.4264,-2.50676,-1.22059,0.165845,0.782419,-2.56929,-3.02796,-2.92821,-2.88567,-2.24384,-0.819885,0.0513796,0.171562,1386
d_margin_r4,fao_ffpi_wloc_yoy,commodities,1,-2.94395,0.00405523,-0.430583,-0.382951,99,-2.80762,-1.52671,-3.08714,,2,-2.21066,-2.94395,-2.70431,-2.06685,-1.61422,-1.2175,-0.741487,-1.30764,-1.52671,-1.65777,-1.2211,-0.665833,-0.223377,0.139881,-2.50151,-3.08714,-2.89913,-2.57386,-2.29251,-1.76293,-1.06426,0.172182,1386
d_margin_r4,no_nbes_bl_sell_price_di__d4,price_expectations,2,-2.94722,0.00408304,-0.343794,-0.315213,92,-2.75811,-2.65945,-2.4049,,2,-0.277833,-2.57353,-2.94722,-2.91731,-2.88622,-2.70606,-1.95814,-0.530049,-2.63753,-2.65945,-2.5649,-2.55863,-2.33873,-1.41398,-0.0401352,-1.63509,-2.4049,-2.76289,-2.91289,-2.78266,-1.93192,0.172685,1386
d_margin_r4,price_cost_gap_ppi,other,1,2.92717,0.0042615,0.47325,0.420898,99,2.74094,2.56717,2.84041,,1,2.69994,2.92717,2.67192,1.81231,0.963834,0.207906,-0.618031,1.47908,2.56717,1.82567,0.724414,0.130979,-0.318863,-0.9348,2.48607,2.84041,2.60572,1.92251,1.25272,0.608889,0.0529005,0.178836,1386
d_margin_r4,w_ec_cons_price_exp_d4,price_expectations,3,-2.89741,0.0046512,-0.27088,-0.240915,99,-2.82201,-2.76629,-2.71922,,4,-0.485473,-1.16723,-2.16962,-2.89741,-2.88265,-2.48001,-1.39885,-1.92449,-2.1646,-2.50651,-2.76629,-2.81927,-2.426,-1.29831,-0.423394,-1.26608,-2.06703,-2.71922,-2.77579,-2.55868,-1.46669,0.190195,1386
d_margin_r4,price_cost_gap_fao_wloc,other,1,2.81575,0.00589486,0.370411,0.329436,99,2.69304,1.8223,2.65844,,1,2.27329,2.81575,2.34863,1.85609,1.46654,1.0451,0.502756,1.53965,1.8223,1.74911,1.1362,0.637599,0.286473,-0.108492,2.33206,2.65844,2.57745,2.32961,1.99333,1.40916,0.752324,0.223162,1386
d_margin_r4,nw_price_cost_gap_ppi,other,1,2.79856,0.00619273,0.461803,0.410718,99,2.63733,2.72328,2.84353,,1,2.4759,2.79856,2.76333,2.05581,1.18143,0.332695,-0.541411,1.40844,2.72328,2.22075,0.977665,0.231275,-0.324696,-1.00103,2.42945,2.84353,2.74755,2.15747,1.4575,0.725538,0.122201,0.231204,1386
d_margin_r4,natgas_eu_eur_dyoy,energy,6,-2.79892,0.00657576,-0.440236,-0.409544,74,-2.59741,-2.09271,-2.34422,,6,1.30792,0.513581,-0.311973,-1.07005,-1.79427,-2.34372,-2.79892,0.47899,0.840216,0.856293,0.345594,-0.496717,-1.51902,-2.09271,1.43974,0.615083,-0.220454,-0.927539,-1.35554,-1.82658,-2.34422,0.242164,1386
d_margin_r4,w_retail_total_vol_dyoy,activity_retail,0,2.76322,0.00687335,0.448464,0.40272,97,2.57882,1.122,3.55112,,6,2.76322,2.43282,1.55716,0.404359,-0.857902,-1.8874,-2.49114,1.122,0.991186,0.410847,-0.428347,-1.31527,-2.08962,-2.57141,3.55112,2.8045,1.74386,0.615972,-0.201786,-0.897325,-1.58306,0.250653,1386
d_margin_r4,wb_food_sek_yoy,commodities,0,-2.76183,0.00687572,-0.393298,-0.34979,99,-2.63738,-1.31161,-3.13477,,0,-2.76183,-1.96162,-1.4368,-1.15452,-1.03149,-1.01517,-0.960586,-1.31161,-0.734425,-0.177778,0.259137,0.316951,0.104633,-0.0482984,-3.13477,-2.74828,-2.06936,-1.60239,-1.71849,-1.71971,-1.53344,0.250653,1386
d_margin_r4,elec_nordic_loc_yoy,energy,5,-2.75924,0.00692635,-0.375751,-0.334185,99,-2.59173,-1.8958,-2.60461,,5,-1.38608,-1.62983,-1.77587,-2.17458,-2.74976,-2.75924,-1.73917,-0.513918,-0.505031,-0.54194,-0.852184,-1.50173,-1.8958,-1.10947,-1.16102,-1.4987,-1.71709,-2.14401,-2.68638,-2.60461,-1.60229,0.251652,1386
d_margin_r4,no_qna_hh_food_cons_sa_mnok__yoy,activity_retail,6,-2.75224,0.00706517,-0.376515,-0.334864,99,-2.54507,-1.03718,-1.63815,,6,2.72678,2.21776,1.05378,-0.315145,-1.53515,-2.38022,-2.75224,0.939757,0.594131,-0.153494,-0.651633,-0.739816,-0.918692,-1.03718,2.81046,2.33184,1.30384,-0.0718142,-0.578273,-1.12535,-1.63815,0.255837,1386
d_margin_r4,eu_agri_basket_dyoy,commodities,2,-2.74559,0.007251,-0.405743,-0.367698,95,-2.66572,-2.19274,-2.64246,,3,-2.04786,-2.54548,-2.74559,-2.63803,-2.43338,-1.53015,-0.30361,-1.49659,-1.79074,-2.19274,-2.62327,-2.60748,-1.33616,-0.0621097,-1.86562,-2.51377,-2.64246,-2.73227,-2.67493,-1.89737,-0.703034,0.2591,1386
d_margin_r4,w_cons_conf_z_d4,consumer_survey,0,2.7335,0.00744879,0.373775,0.332427,99,2.46677,1.34343,3.67821,,6,2.7335,1.61534,0.911569,0.19975,-0.509909,-1.26405,-1.97992,1.34343,0.309333,-0.436966,-0.971678,-1.12554,-1.35275,-1.91132,3.67821,2.44103,1.33195,0.358683,0.0059032,-0.416968,-0.668655,0.262929,1386
d_margin_r4,nw_cons_conf_z,consumer_survey,5,-2.68439,0.00854594,-0.218938,-0.194719,99,-2.57581,-2.77976,-1.08811,,4,1.05698,0.487733,-0.0194454,-0.695007,-1.65186,-2.68439,-2.25261,-2.06263,-2.27827,-2.3629,-2.65409,-2.79285,-2.77976,-2.496,1.28521,0.705046,0.140938,-0.726185,-1.00347,-1.08811,-0.813905,0.290055,1386
d_margin_r4,glob_fao_ffpi_eur__yoy,commodities,2,-2.67705,0.00872196,-0.410904,-0.365449,99,-2.555,-1.81559,-2.72454,,3,-1.76981,-2.54137,-2.67705,-2.24395,-1.84857,-1.48618,-0.952829,-1.14959,-1.35696,-1.81559,-1.87003,-1.18608,-0.725413,-0.214787,-1.7514,-2.43326,-2.72454,-2.70122,-2.42097,-1.89404,-1.1496,0.294185,1386
d_margin_r4,w_unemp_lvl,labour_market,5,-2.65298,0.0093228,-0.303384,-0.269823,99,-2.58903,-3.05012,-1.60384,,5,2.45141,1.66172,0.738094,-0.41767,-1.78066,-2.65298,-2.57457,1.76928,1.01574,0.183521,-0.831331,-2.17551,-3.05012,-2.60367,2.45235,1.75431,0.894725,-0.237024,-0.764335,-1.60384,-2.1141,0.306865,1386
d_margin_r4,no_cpi_food_idx__dyoy,consumer_prices,5,2.64126,0.00962842,0.205376,0.182657,99,2.57605,3.23765,0.668629,,5,-2.26507,-1.57576,-0.817914,0.408505,1.63738,2.64126,2.36085,-1.77508,-1.07602,-0.198742,1.15901,2.09287,3.23765,2.91228,-3.61116,-2.68745,-1.37113,0.147834,0.418097,0.668629,0.893538,0.313056,1386
d_margin_r4,eu_agri_basket_wloc_dyoy,commodities,1,-2.64063,0.00969035,-0.460425,-0.415457,96,-2.56117,-1.77632,-2.65776,,2,-2.49362,-2.64063,-2.59621,-2.11365,-1.48175,-0.482327,0.405683,-1.76922,-1.77632,-1.93223,-1.82509,-1.19113,-0.237663,0.541204,-2.48088,-2.65776,-2.53407,-2.28961,-2.01752,-1.16955,-0.243588,0.314126,1386
d_margin_r4,nw_retail_food_vol_yoy,activity_retail,6,-2.58424,0.011316,-0.362918,-0.328889,95,-2.40247,-2.32403,-1.7287,,6,2.16558,1.70726,1.03639,0.134642,-0.77342,-1.70303,-2.58424,-0.451521,-0.78718,-1.18652,-1.56458,-1.75426,-1.92184,-2.32403,2.20454,1.68654,1.12168,0.309628,-0.269839,-0.917725,-1.7287,0.359294,1386
d_margin_r4,w_retail_food_vol_yoy,activity_retail,6,-2.56892,0.011793,-0.354354,-0.321128,95,-2.43454,-2.29964,-1.73253,,6,1.52866,1.17283,0.63967,-0.0736849,-0.90028,-1.78842,-2.56892,-1.16309,-1.43268,-1.769,-1.78059,-1.85951,-2.02706,-2.29964,1.63765,1.23161,0.765169,0.0659288,-0.431784,-1.005,-1.73253,0.366922,1386
d_margin_r4,price_cost_gap_ppi_d4,other,2,2.56525,0.0119099,0.368975,0.334378,95,2.47379,2.11972,2.34613,,2,1.17841,1.97072,2.56525,2.17131,1.25251,0.581852,0.133234,0.555287,1.10861,2.11972,1.94779,0.501635,0.0404853,-0.265832,0.925328,1.72722,2.34613,2.15964,1.256,0.618919,0.204131,0.369484,1386
d_margin_r4,no_retail_foodstores_vol_sa_idx__yoy,activity_retail,0,2.55069,0.0123152,0.421707,0.375057,99,2.3462,0.0407387,2.63596,,6,2.55069,2.42432,1.81365,0.850945,0.0361184,-0.934554,-1.8456,0.0407387,-0.0894702,-0.410813,-1.02805,-1.01541,-1.12659,-1.14694,2.63596,2.41902,1.83673,1.00007,0.52388,-0.164271,-1.01051,0.3788,1386
d_margin_r4,glob_wb_food_idx__dyoy,commodities,4,-2.53885,0.0127122,-0.248162,-0.22071,99,-2.44879,-2.4465,-3.14848,,4,-0.264813,-0.626404,-1.51525,-2.04478,-2.53885,-2.13292,-1.05707,-1.43725,-1.69102,-1.91586,-1.92269,-2.4465,-2.24278,-0.410997,-0.194113,-0.580152,-1.5248,-2.08788,-3.14848,-2.44606,-1.01506,0.384798,1386
d_margin_r4,glob_fao_ffpi__dyoy,commodities,4,-2.5305,0.0129992,-0.275976,-0.245447,99,-2.42753,-2.48589,-2.81531,,5,-0.284988,-0.944703,-1.66193,-2.01422,-2.5305,-2.22043,-0.968785,-1.36264,-1.80445,-1.87551,-1.87457,-2.48589,-2.49784,-0.363347,-0.217413,-1.07303,-1.83257,-2.03465,-2.81531,-2.29976,-0.78842,0.392044,1386
d_margin_r4,nw_price_cost_gap_ppi_d4,other,2,2.51808,0.0135088,0.366304,0.331957,95,2.43648,2.1171,2.29215,,3,1.07945,1.90907,2.51808,2.28013,1.39446,0.655703,0.184182,0.423973,1.10853,2.1171,2.28691,0.715603,0.112608,-0.215651,0.78254,1.60498,2.29215,2.24585,1.35686,0.661954,0.225428,0.401814,1386
d_margin_r4,glob_fao_dairy_idx__dyoy,commodities,4,-2.4862,0.0146208,-0.210951,-0.187615,99,-2.42691,-2.51432,-2.44755,,4,-0.758427,-1.40835,-1.84359,-2.33889,-2.4862,-1.36722,-0.66593,-1.06479,-1.4298,-1.66105,-2.10441,-2.51432,-1.05196,-0.316968,-0.734506,-1.47468,-1.92849,-2.37644,-2.44755,-1.19524,-0.438291,0.427839,1386
d_margin_r4,no_earn_idx_food_manuf_q__yoy,wages_income,6,2.42405,0.0172014,0.232778,0.207028,99,2.34169,1.69684,2.37965,,6,0.367285,0.442698,0.181193,0.0511231,0.336719,1.15687,2.42405,-1.0502,-0.797931,-1.06473,-1.19119,-0.86545,0.0700864,1.69684,0.436131,0.445751,0.17276,0.0729089,0.386509,1.16615,2.37965,0.486268,1386
d_margin_r4,price_cost_gap_agri_d4,other,3,2.38492,0.0191346,0.290856,0.264601,94,2.31056,2.47522,2.3773,,4,1.30977,1.98096,2.36821,2.38492,2.26103,1.63021,0.740649,1.25399,1.50938,1.9136,2.47522,2.66605,1.46877,0.486646,1.20764,1.93033,2.21378,2.3773,2.25645,1.65842,0.791276,0.53395,1386
d_margin_r4,price_wage_gap,other,5,2.36336,0.0201044,0.179866,0.159969,99,2.30859,2.27646,0.671862,,1,-1.44186,-0.789314,-0.0843865,0.824932,1.95085,2.36336,1.87274,2.25278,2.61146,2.36503,2.08686,2.19756,2.27646,1.81391,-2.09778,-1.20458,-0.393837,0.705051,0.615733,0.671862,0.811912,0.556679,1386
d_margin_r4,se_nier_food_mfg_sell_price_exp__lvl,price_expectations,0,-2.36238,0.0201548,-0.444136,-0.395005,99,-2.23507,-0.907066,-2.55152,,6,-2.36238,-2.28402,-1.88877,-1.18765,-0.462128,0.278067,1.28892,-0.907066,-0.758986,-0.341356,0.857346,2.08557,2.2796,2.65212,-2.55152,-2.41944,-1.99594,-1.40705,-0.93925,-0.349896,0.42659,0.556679,1386
d_margin_r4,no_cpi_total_idx__yoy,consumer_prices,0,-2.29867,0.0236701,-0.415537,-0.369569,99,-2.14535,-0.197438,-2.53916,,6,-2.29867,-1.53366,-1.09198,-0.791753,-0.436714,0.0168619,0.825803,-0.197438,0.235772,0.440087,0.677164,1.21241,1.38403,1.43361,-2.53916,-1.76542,-1.25419,-0.902557,-0.998374,-1.04138,-0.319027,0.635927,1386
d_margin_r4,w_fx_vs_eur_yoy,fx,4,2.2861,0.0244242,0.25393,0.22584,99,2.22852,3.09595,2.02446,,4,-0.230706,0.168261,0.873232,1.78723,2.2861,2.17013,1.55556,0.0741259,0.172228,0.617214,2.03646,3.09595,2.44552,1.65525,-0.429933,0.0409225,0.701694,1.617,2.02446,2.02323,1.37058,0.649737,1386
d_margin_r4,se_eursek__yoy,fx,4,2.27155,0.0253233,0.281676,0.250517,99,2.19977,2.21006,2.24443,,4,-1.26956,-0.973291,0.0521231,1.79838,2.27155,1.95962,1.30503,-0.7836,-0.506282,0.508199,1.91857,2.21006,1.84446,1.01685,-1.7659,-1.0649,-0.00580888,1.93801,2.24443,1.9565,1.15819,0.66387,1386
d_margin_r4,price_cost_gap_fao_nok,other,1,2.24351,0.0271385,0.33945,0.301899,99,2.14422,1.2386,2.21932,,3,1.89098,2.24351,2.15263,1.90198,1.44896,0.890121,0.296057,1.12129,1.2386,1.36538,1.41165,0.663007,0.0798076,-0.41917,2.03892,2.21932,2.32698,2.26833,1.87582,1.20097,0.519117,0.696282,1386
d_margin_r4,w_fx_vs_eur_dyoy,fx,5,2.22781,0.0282041,0.257328,0.228862,99,2.17371,1.91199,2.25581,,6,-1.16348,-0.990065,-0.411901,0.887536,1.94532,2.22781,2.22036,-0.733571,-0.77522,-0.575474,0.494783,1.62977,1.91199,2.02738,-1.73621,-1.22421,-0.479061,0.783455,1.72924,2.25581,2.34015,0.721911,1386
d_margin_r4,glob_wb_food_idx_nok__dyoy,commodities,5,-2.18564,0.0312491,-0.20679,-0.183914,99,-2.12353,-1.979,-2.39269,,5,-0.20186,-0.335264,-0.595048,-1.14774,-1.86444,-2.18564,-1.24158,-0.489518,-0.0979766,-0.0870239,-0.692274,-1.57183,-1.979,-0.850323,-0.260322,-0.423553,-0.699143,-1.29435,-2.23629,-2.39269,-1.15322,0.785004,1386
d_margin_r4,glob_fao_ffpi_nok__yoy,commodities,1,-2.18268,0.0314727,-0.394401,-0.350772,99,-2.07935,-1.08026,-2.45775,,2,-1.827,-2.18268,-2.12541,-1.89331,-1.66758,-1.21371,-0.565643,-0.965212,-1.08026,-1.11022,-1.00306,-0.836349,-0.13908,0.418306,-2.23302,-2.45775,-2.27556,-2.17825,-2.19171,-1.71641,-0.903088,0.786969,1386
d_margin_r4,wb_food_wloc_yoy,commodities,0,-2.17855,0.0317878,-0.321547,-0.285976,99,-2.08998,-0.987681,-2.33806,,0,-2.17855,-1.75918,-1.43039,-1.33046,-1.34824,-1.3396,-1.10421,-0.987681,-0.519584,-0.146828,-0.0193041,-0.185455,-0.299425,-0.112067,-2.33806,-2.2357,-1.93482,-1.81395,-2.09525,-2.01529,-1.51178,0.789379,1386
d_margin_r4,w_cons_conf_z,consumer_survey,5,-2.17585,0.0319957,-0.198693,-0.176713,99,-2.07753,-2.66316,-0.811604,,3,0.989611,0.477969,0.0434093,-0.513423,-1.27099,-2.17585,-1.95802,-2.59265,-2.66732,-2.58915,-2.8084,-2.75414,-2.66316,-2.37114,1.2303,0.686505,0.194432,-0.50921,-0.70789,-0.811604,-0.588807,0.790915,1386
d_margin_r4,glob_wb_food_idx_eur__dyoy,commodities,5,-2.16896,0.0325821,-0.281945,-0.253186,97,-2.11219,-1.93105,-2.52677,,5,0.134351,0.00542829,-0.486084,-1.20878,-1.78538,-2.16896,-1.89332,-0.386091,0.0294464,0.127748,-0.47023,-1.26464,-1.93105,-1.49741,0.183097,0.0214316,-0.454111,-1.22399,-1.97723,-2.52677,-2.00712,0.79338,1386
d_margin_r4,eu_agri_wheat_bread_price__dyoy,commodities,4,-2.24486,0.0328602,-0.498291,-0.521362,30,-2.01386,,-4.23651,,,1.46544,-0.0812683,-1.02467,-1.67698,-2.24486,,,,,,,,,,0.446715,-0.840139,-2.55468,-4.17109,-4.23651,,,0.795929,1386
d_margin_r4,price_cost_gap_fao_nok_d4,other,4,2.15857,0.0333514,0.209549,0.186368,99,2.09364,2.23403,1.86826,,4,0.209434,0.752634,1.26301,1.80078,2.15857,1.37634,0.373808,0.585339,0.675645,0.909972,1.39733,2.23403,1.14709,0.180072,0.212062,0.78894,1.28804,1.73349,1.86826,1.11844,0.203244,0.802441,1386
d_margin_r4,se_eursek__dyoy,fx,0,-2.15319,0.033783,-0.375146,-0.333647,99,-2.0628,-1.90621,-2.78713,,0,-2.15319,-2.01112,-1.25107,0.384033,1.43739,1.85175,1.7577,-1.90621,-1.76513,-0.75695,1.11581,1.67601,1.71989,1.39918,-2.78713,-2.32954,-1.37105,0.563073,1.70649,2.40028,2.27632,0.809112,1386
d_margin_r4,packaging_us_yoy,packaging_freight,3,-2.13099,0.0356178,-0.379188,-0.337241,99,-1.98333,-0.856932,-2.37397,,0,-2.09346,-2.06913,-2.0801,-2.13099,-1.93505,-1.498,-0.883979,-1.21346,-0.904359,-0.804769,-0.856932,-0.726976,-0.412861,-0.107694,-2.31418,-2.37311,-2.38613,-2.37397,-2.23522,-1.78147,-1.0804,0.843845,1386
d_margin_r4,glob_fao_ffpi_eur__dyoy,commodities,5,-2.10563,0.0378739,-0.273891,-0.245953,97,-2.0444,-1.8381,-2.08856,,5,0.0449047,-0.514718,-1.29715,-1.72048,-1.94693,-2.10563,-1.88112,-0.471427,-0.567551,-0.857685,-1.09971,-1.40899,-1.8381,-1.6645,0.118135,-0.487848,-1.21862,-1.66117,-1.86198,-2.08856,-1.80731,0.881858,1386
d_margin_r4,glob_fao_ffpi_nok__dyoy,commodities,5,-2.06913,0.0411928,-0.215532,-0.191689,99,-2.00488,-2.17168,-2.05572,,5,-0.235222,-0.910217,-1.39423,-1.63541,-1.96663,-2.06913,-1.20892,-0.553097,-0.779662,-0.933401,-1.14206,-1.63521,-2.17168,-0.996563,-0.265304,-1.00922,-1.44551,-1.69468,-2.02935,-2.05572,-0.975944,0.940927,1386
d_margin_r4,w_hh_saving_d4,wages_income,0,2.06078,0.0420007,0.261318,0.23241,99,2.00801,1.35136,2.12107,,3,2.06078,1.75161,0.663916,-0.157324,-0.41789,-0.766721,-0.311046,1.35136,0.872423,-0.682935,-1.70499,-1.46273,-1.00522,0.696744,2.12107,1.9086,0.863209,0.0034127,-0.000345407,-0.0509967,0.547122,0.951351,1386
d_margin_r4,no_cpi_total_idx__dyoy,consumer_prices,0,-2.04764,0.0432987,-0.285764,-0.254152,99,-1.97879,-1.57681,-2.04973,,0,-2.04764,-1.34918,-1.15261,-1.22139,-1.4157,-1.69688,-1.19032,-1.57681,-0.491969,-0.311908,-0.425565,-0.656741,-1.05306,-0.417811,-2.04973,-1.52662,-1.35393,-1.38731,-1.78233,-2.03364,-1.45986,0.971375,1386
d_margin_r4,w_policy_rate_lvl,rates,0,-2.03004,0.0450911,-0.255103,-0.226883,99,-1.97299,-1.74213,-1.78656,,0,-2.03004,-1.08125,-0.190927,0.432782,0.822115,1.04849,1.15825,-1.74213,-1.45037,-1.05283,-0.619491,-0.225838,0.0723851,0.224786,-1.78656,-0.868908,-0.146935,0.425423,0.621118,1.00174,1.46,1,1386
d_margin_r4,price_wage_gap_d4,other,0,-2.02775,0.0453286,-0.306048,-0.272192,99,-1.87149,-0.464411,-2.37716,,6,-2.02775,-1.5358,-1.02123,-0.458346,0.0756677,0.829716,1.14544,-0.464411,-0.242201,-0.117971,0.0201864,0.152796,0.791012,1.20004,-2.37716,-2.09984,-1.45581,-0.75034,-0.691853,-0.327555,0.0462182,1,1386
d_margin_r4,w_wage_yoy,wages_income,6,1.99694,0.0486342,0.191899,0.170671,99,1.92234,1.64289,1.99031,,0,-1.36215,-0.839767,-0.331309,-0.0134487,0.744351,1.40131,1.99694,-1.95639,-1.7473,-1.30366,-1.01142,0.12028,0.99792,1.64289,-1.19778,-0.712202,-0.310411,-0.00885454,0.470591,1.04517,1.99031,1,1386
d_margin_r4,w_wage_dyoy,wages_income,1,-1.97522,0.0510853,-0.190307,-0.169255,99,-1.91545,-1.80322,-1.88289,,3,-1.72274,-1.97522,-1.58175,-1.50009,-0.407708,0.311055,1.46852,-1.44013,-1.80322,-1.88157,-2.35742,-1.09223,-0.215784,1.36471,-1.68113,-1.88289,-1.59262,-1.41011,-0.619617,0.0647183,1.27603,1,1386
d_margin_r4,wb_food_wloc_dyoy,commodities,5,-1.94689,0.0544406,-0.234515,-0.208573,99,-1.89534,-1.68316,-2.24487,,5,-0.206353,-0.401404,-0.692905,-1.10501,-1.59905,-1.94689,-1.58815,-0.70283,-0.257502,-0.0315908,-0.410798,-1.13432,-1.68316,-1.1078,-0.222802,-0.417047,-0.711673,-1.19844,-1.89747,-2.24487,-1.52378,1,1386
d_margin_r4,w_food_cpi_rel_yoy,consumer_prices,4,1.92931,0.0566155,0.270148,0.240264,99,1.87637,1.22383,1.26583,,5,-0.447179,0.235186,1.13921,1.6875,1.92931,1.86807,1.46571,1.0304,1.1385,1.40527,1.07377,1.22383,1.42075,1.3992,-0.81113,0.0279038,0.875528,1.30186,1.26583,1.16143,0.98153,1,1386
d_margin_r4,price_cost_gap_fao_wloc_d4,other,4,1.89886,0.0605552,0.226544,0.201484,99,1.84399,1.6222,1.71746,,4,0.246482,0.795596,1.24655,1.60707,1.89886,1.69672,0.806777,0.687376,0.687303,0.741459,1.05094,1.6222,1.41245,0.526949,0.225508,0.782425,1.19149,1.51731,1.71746,1.47485,0.639284,1,1386
d_margin_r4,fao_ffpi_wloc_dyoy,commodities,5,-1.88973,0.0617797,-0.236876,-0.210672,99,-1.83222,-1.6667,-1.84445,,5,-0.228005,-0.874019,-1.50156,-1.67007,-1.80424,-1.88973,-1.54969,-0.729933,-0.891557,-1.01558,-1.02886,-1.30079,-1.6667,-1.24111,-0.229293,-0.935353,-1.48035,-1.64931,-1.77128,-1.84445,-1.34083,1,1386
d_margin_r4,no_fx_eurnok__dyoy,fx,6,1.86033,0.0659649,0.248666,0.224379,96,1.79926,1.55423,1.6831,,6,-0.586646,-0.405953,-0.0417729,0.376627,0.905499,1.4695,1.86033,0.07027,-0.209361,-0.406977,-0.50164,0.0188939,0.844115,1.55423,-0.866998,-0.548786,-0.14183,0.278959,0.631544,1.2077,1.6831,1,1386
d_margin_r4,w_hh_real_inc_dyoy,wages_income,0,1.86051,0.0672032,0.320031,0.290049,69,1.71513,1.61014,1.96114,,5,1.86051,1.32798,0.684081,-0.142717,-1.18168,-1.49075,-1.36029,1.61014,2.11956,1.88588,1.05216,-1.00229,-3.0036,-2.9394,1.96114,1.30394,0.576889,-0.124191,-0.56576,-0.626645,-0.651921,1,1386
d_margin_r4,se_policy_rate__lvl,rates,0,-1.81332,0.0728755,-0.225538,-0.200589,99,-1.75997,-1.61888,-1.62736,,0,-1.81332,-0.770101,0.0725833,0.625431,0.975245,1.21107,1.33887,-1.61888,-1.27683,-0.825604,-0.347861,0.0730689,0.399519,0.544876,-1.62736,-0.659687,0.0398545,0.5618,0.702534,0.981013,1.33185,1,1386
d_margin_r4,glob_wb_food_idx_nok__yoy,commodities,0,-1.80431,0.0742855,-0.290865,-0.258689,99,-1.7368,-0.700875,-2.15457,,0,-1.80431,-1.46788,-1.25783,-1.28044,-1.40038,-1.32063,-0.92189,-0.700875,-0.241402,0.0441488,0.00916792,-0.272565,-0.213509,0.180418,-2.15457,-1.96531,-1.70526,-1.71338,-2.0978,-1.96293,-1.32414,1,1386
d_margin_r4,no_govbond_10y__lvl,rates,0,-1.77652,0.0787819,-0.195176,-0.173586,99,-1.7368,-2.1848,-1.44214,,0,-1.77652,-1.31299,-0.760603,-0.172072,0.406696,0.824214,1.06539,-2.1848,-2.13107,-1.95045,-1.66935,-1.22384,-0.721059,-0.364254,-1.44214,-1.05357,-0.5839,-0.0715074,0.372814,0.925865,1.38079,1,1386
d_margin_r4,fao_ffpi_sek_dyoy,commodities,2,-1.76659,0.0804425,-0.241197,-0.214515,99,-1.71093,-1.15248,-1.6746,,1,-0.641479,-1.32694,-1.76659,-1.48729,-1.29298,-1.25995,-1.30286,-1.07651,-1.18697,-1.15248,-0.754838,-0.676691,-0.808086,-1.01203,-0.719415,-1.42884,-1.6746,-1.46762,-1.33059,-1.30721,-1.2603,1,1386
d_margin_r4,no_fx_eurnok__yoy,fx,5,1.72878,0.0870301,0.218666,0.194477,99,1.6791,1.59385,1.6359,,6,0.297718,0.700042,1.2015,1.54234,1.64132,1.72878,1.4866,0.647842,0.589701,0.719551,1.0824,1.30861,1.59385,1.63131,0.0882309,0.4845,0.9661,1.38811,1.48853,1.6359,1.40053,1,1386
d_margin_r4,no_earn_idx_food_manuf_q__dyoy,wages_income,3,-1.71205,0.0900821,-0.211382,-0.187998,99,-1.65188,-1.95986,-1.78039,,3,-0.0731347,-0.526699,-1.40376,-1.71205,-1.21208,-0.427849,1.61751,0.200598,-0.610572,-1.61559,-1.95986,-1.45791,-0.588517,1.35768,-0.0315902,-0.573715,-1.51403,-1.78039,-1.34865,-0.479878,1.64908,1,1386
d_margin_r4,se_food_vat_rate__d4,tax_policy,0,-1.70656,0.0911036,-0.0304859,-0.0271135,99,-1.68915,-0.896641,-1.95046,,0,-1.70656,,,,,,,-0.896641,,,,,,,-1.95046,,,,,,,1,1386
d_margin_r4,se_food_vat_rate__lvl,tax_policy,0,-1.70656,0.0911036,-0.0304859,-0.0271135,99,-1.68915,-0.896641,-1.95046,,0,-1.70656,,,,,,,-0.896641,,,,,,,-1.95046,,,,,,,1,1386
d_margin_r4,us_ppi_plastic_resins_idx__yoy,packaging_freight,6,-1.69385,0.0935027,-0.206609,-0.183754,99,-1.58279,-1.01857,-1.88671,,0,-1.36185,-1.1616,-1.08359,-1.16871,-1.30851,-1.46525,-1.69385,-1.12627,-0.0936394,0.322154,0.315235,0.026794,-0.439174,-1.01857,-1.55906,-1.31833,-1.23012,-1.31558,-1.53689,-1.71508,-1.88671,1,1386
d_margin_r4,w_gov10y_lvl,rates,0,-1.68701,0.094815,-0.188969,-0.168064,99,-1.64761,-1.96764,-1.40538,,0,-1.68701,-1.20427,-0.642227,-0.104896,0.379138,0.741668,0.968535,-1.96764,-1.95048,-1.82794,-1.62279,-1.29567,-0.883369,-0.571739,-1.40538,-0.99272,-0.504898,-0.0280228,0.323953,0.761174,1.13001,1,1386
d_margin_r4,w_real_wage_dyoy,wages_income,0,1.63365,0.105575,0.279034,0.248167,99,1.5607,0.35287,1.66454,,3,1.63365,1.21622,1.00103,0.625251,0.680924,0.435994,0.25641,0.35287,-0.202172,-0.262027,-0.519043,-0.295408,-0.430417,-0.439067,1.66454,1.41544,1.16854,0.870252,1.15588,1.05561,1.02094,1,1386
d_margin_r4,glob_wb_food_idx_eur__yoy,commodities,5,-1.6327,0.105775,-0.293579,-0.261103,99,-1.56381,-0.829202,-2.16581,,5,-1.58922,-1.50758,-1.45336,-1.51918,-1.61254,-1.6327,-1.30732,-0.785588,-0.442318,-0.272572,-0.403512,-0.723519,-0.829202,-0.472275,-1.54299,-1.64307,-1.74836,-1.94578,-2.26849,-2.16581,-1.56332,1,1386
d_margin_r4,w_real_wage_yoy,wages_income,0,1.57512,0.118485,0.343245,0.305274,99,1.43726,-1.64618,1.81687,,3,1.57512,1.09725,0.712412,0.235211,-0.0260602,-0.581923,-1.06892,-1.64618,-2.04667,-2.02097,-2.15513,-1.97514,-1.66606,-1.25689,1.81687,1.2816,0.905183,0.488453,0.772091,0.68977,0.122577,1,1386
d_margin_r4,w_hh_real_inc_yoy,wages_income,0,1.5062,0.136451,0.26259,0.239619,73,1.36042,-0.00910617,1.64667,,4,1.5062,1.22584,0.39936,-0.784809,-1.34857,-0.892198,-0.573716,-0.00910617,0.318604,-0.17533,-0.755048,-1.95645,-1.94672,-1.74401,1.64667,1.28189,0.519143,-0.380968,-0.621937,-0.329425,-0.0449148,1,1386
d_margin_r4,packaging_us_dyoy,packaging_freight,3,-1.49787,0.137413,-0.246044,-0.218826,99,-1.41639,-0.511141,-1.61458,,6,0.2978,-0.42985,-1.10863,-1.49787,-1.39743,-0.888192,-0.306737,-0.212732,-0.276966,-0.431377,-0.511141,-0.244749,0.476074,0.923502,0.368704,-0.479195,-1.17264,-1.61458,-1.43498,-0.9047,-0.238198,1,1386
d_margin_r4,w_food_cpi_rel_dyoy,consumer_prices,6,1.47612,0.143152,0.185141,0.16466,99,1.40101,1.23726,0.84286,,6,-1.33338,-0.887845,-0.220631,0.169152,0.821034,1.34454,1.47612,-0.321536,-0.613211,-0.625457,-1.03528,-0.225998,0.784526,1.23726,-1.69553,-1.12649,-0.335251,0.0527489,0.353215,0.627456,0.84286,1,1386
d_margin_r4,se_wage_idx_m__yoy,wages_income,2,1.47011,0.144767,0.223555,0.198825,99,1.41829,0.954347,1.79551,,2,0.474505,1.18488,1.47011,1.46064,1.19012,0.865935,0.658539,-0.0592857,0.682394,0.954347,0.809057,0.26406,-0.308575,-0.645837,0.415909,1.29985,1.79551,1.79491,1.38812,1.06335,0.78743,1,1386
d_margin_r4,w_fx_vs_nok_yoy,fx,2,-1.46651,0.145743,-0.191002,-0.169873,99,-1.43106,-0.768704,-1.22228,,0,-1.03467,-1.46506,-1.46651,-1.01965,-0.724248,-0.854962,-0.952642,-1.65896,-1.29617,-0.768704,-0.0838554,0.141791,-0.399801,-1.05938,-0.787449,-1.12918,-1.22228,-0.938783,-0.693256,-0.834844,-0.967823,1,1386
d_margin_r4,no_fn_cci_sa__d4,consumer_survey,0,1.43467,0.154599,0.285618,0.254022,99,1.35741,0.69253,1.7624,,5,1.43467,0.92642,0.38426,-0.404674,-1.14957,-1.25012,-0.790392,0.69253,0.105605,-0.68907,-1.31008,-1.34183,-1.35125,-1.24832,1.7624,1.18053,0.585122,-0.32467,-0.538593,-0.362848,0.0367695,1,1386
d_margin_r4,wb_food_sek_dyoy,commodities,6,-1.43103,0.155637,-0.201199,-0.178942,99,-1.38634,-0.950265,-1.497,,0,-0.760253,-1.01366,-0.951243,-0.885419,-1.03357,-1.27286,-1.43103,-1.09186,-0.622159,-0.109856,0.00205697,-0.381939,-0.770876,-0.950265,-0.82399,-1.02065,-0.985964,-0.991063,-1.29922,-1.56642,-1.497,1,1386
d_margin_r4,brent_nok_dyoy,energy,1,-1.42918,0.156166,-0.170553,-0.151686,99,-1.37779,-1.51837,-1.62343,,0,-1.12781,-1.42918,-1.0141,-0.750247,-0.696082,-0.801191,-0.892938,-2.32481,-1.51837,-0.105744,0.547561,0.671203,0.413841,0.0741545,-1.51515,-1.62343,-1.14274,-0.999811,-1.16462,-1.45347,-1.60807,1,1386
d_margin_r4,glob_fao_meat_idx__dyoy,commodities,3,-1.42522,0.157304,-0.177732,-0.158071,99,-1.37431,-0.929754,-1.39715,,0,-0.602472,-1.03008,-1.32964,-1.42522,-0.939474,-0.290749,0.265544,-1.32268,-1.19778,-1.04319,-0.929754,-0.293567,0.492695,0.844163,-0.691776,-1.09655,-1.31565,-1.39715,-0.981994,-0.33988,0.254479,1,1386
d_margin_r4,glob_fao_meat_idx__yoy,commodities,0,-1.41226,0.161075,-0.195956,-0.174279,99,-1.37265,-1.09932,-1.65912,,5,-1.41226,-1.39558,-1.21251,-0.92227,-0.360993,0.232408,0.679271,-1.09932,-0.795463,-0.339586,0.374705,1.27706,1.35387,1.31165,-1.65912,-1.60482,-1.41035,-1.13786,-0.728683,-0.143396,0.299405,1,1386
d_margin_r4,se_wage_idx_m__dyoy,wages_income,0,-1.33551,0.184835,-0.157774,-0.140321,99,-1.29646,-0.347342,-2.00929,,2,-1.33551,0.131148,0.953481,1.09179,0.631551,0.0690197,-0.129556,-0.347342,1.0717,1.93001,1.92794,1.21624,0.183599,-0.175887,-2.00929,0.00832195,1.06805,1.15573,0.126176,-0.685729,-0.909034,1,1386
d_margin_r4,no_real_wage_qna_yoy_q__d4,wages_income,5,1.32591,0.188188,0.114663,0.105075,93,1.28298,1.02343,2.18802,,5,0.845876,0.195764,0.117293,-0.0104782,0.605088,1.32591,0.869211,0.105406,-0.455763,-0.417265,-0.666726,-0.0762529,1.02343,0.80813,0.872646,0.266628,0.20023,0.101344,1.07017,2.18802,1.45413,1,1386
d_margin_r4,no_policy_rate__lvl,rates,0,-1.30045,0.19653,-0.178463,-0.158721,99,-1.26638,-1.79654,-1.03085,,0,-1.30045,-0.535589,0.167081,0.677301,0.996505,1.17511,1.27391,-1.79654,-1.6328,-1.2428,-0.669748,-0.128246,0.194434,0.355981,-1.03085,-0.390223,0.20959,0.749736,1.02589,1.47098,1.90222,1,1386
d_margin_r4,nw_real_wage_dyoy,wages_income,0,1.27935,0.203826,0.205219,0.182518,99,1.24122,0.377637,1.45795,,3,1.27935,0.838083,0.661218,0.229175,0.292042,0.0755944,-0.162744,0.377637,-0.339409,-0.432123,-0.885428,-0.546783,-0.599812,-0.562545,1.45795,1.05058,0.785483,0.405021,0.704845,0.630423,0.48175,1,1386
d_margin_r4,w_fx_vs_nok_dyoy,fx,6,-1.25775,0.211503,-0.18878,-0.167897,99,-1.20733,-0.83031,-1.13791,,0,-0.0762078,-0.250636,-0.264886,-0.0431124,-0.119567,-0.614842,-1.25775,-1.1892,-0.592981,0.200239,0.827375,0.859602,0.246493,-0.83031,0.0372265,-0.133678,-0.134689,0.0368835,0.0388132,-0.425476,-1.13791,1,1386
d_margin_r4,se_gov_bond_10y__lvl,rates,0,-1.19903,0.233439,-0.153496,-0.136516,99,-1.16958,-1.99099,-1.00035,,1,-1.19903,-0.849888,-0.43394,-0.0312261,0.348341,0.662659,0.883361,-1.99099,-2.01667,-1.93923,-1.77619,-1.49379,-1.10403,-0.775246,-1.00035,-0.693976,-0.326532,0.0357201,0.318576,0.688338,1.0126,1,1386
d_margin_r4,glob_fao_sugar_idx__dyoy,commodities,4,1.15343,0.251567,0.157338,0.139933,99,1.09772,1.65508,1.04973,,5,-0.569772,0.352376,0.704907,0.95281,1.15343,0.916527,-0.158937,-0.948246,0.204174,0.72068,1.11357,1.65508,2.15517,0.446268,-0.64843,0.214921,0.575195,0.881524,1.04973,0.633745,-0.322784,1,1386
d_margin_r4,nw_real_wage_yoy,wages_income,0,1.13902,0.2575,0.259514,0.230806,99,1.06682,-1.58235,1.36955,,3,1.13902,0.72315,0.415724,-0.0136019,-0.118756,-0.360332,-0.692289,-1.58235,-2.07699,-2.08776,-2.62967,-2.10783,-1.54562,-1.16131,1.36955,0.924776,0.587636,0.15826,0.497687,0.551255,0.15318,1,1386
d_margin_r4,glob_fao_sugar_idx__yoy,commodities,6,-1.13177,0.26052,-0.19759,-0.175732,99,-1.09339,-0.617713,-1.16547,,4,-0.866468,-0.197655,0.106894,0.146918,-0.147811,-0.803807,-1.13177,-0.419912,0.347665,0.718961,0.940115,0.949856,-0.0138953,-0.617713,-0.908067,-0.286634,0.0249873,0.0991148,-0.313901,-0.976996,-1.16547,1,1386
d_margin_r4,no_fn_cci_sa__lvl,consumer_survey,4,-0.992363,0.323489,-0.127941,-0.113788,99,-0.960754,-2.41132,-0.538931,,4,0.54747,0.190427,-0.17711,-0.6184,-0.992363,-0.959754,-0.6284,-1.6173,-1.85224,-2.14929,-2.37868,-2.41132,-2.27919,-1.94942,0.700897,0.337364,-0.0643299,-0.563341,-0.538931,-0.315374,-0.0213831,1,1386
d_margin_r4,no_real_wage_qna_yoy_q__lvl,wages_income,0,0.987464,0.325977,0.232288,0.209981,95,0.946999,-0.237485,1.10039,,3,0.987464,0.521191,0.314569,0.229331,0.456534,0.501363,0.178424,-0.237485,-0.660224,-0.837302,-1.12728,-0.853621,-0.187902,-0.176674,1.10039,0.645853,0.45869,0.415621,1.12165,1.52842,0.985423,1,1386
d_margin_r4,no_vat_food_rate__d4,tax_policy,2,0.964034,0.337426,0.0673702,0.0599176,99,0.935304,1.20147,0.27895,,2,0.650491,0.850982,0.964034,0.878921,0.392615,-0.189327,-0.700337,0.907767,1.1671,1.20147,1.05753,0.585357,0.0361401,-0.396682,-0.428165,-0.201816,0.27895,0.539877,-0.0606325,-0.746371,-1.14504,1,1386
d_margin_r4,w_fx_vs_usd_dyoy,fx,4,0.943912,0.34756,0.111767,0.099403,99,0.916022,1.93867,0.787619,,1,0.267876,0.440841,0.722934,0.890873,0.943912,0.6447,-0.115256,1.86264,2.21988,2.00984,1.98013,1.93867,0.530561,-0.622805,0.105963,0.373375,0.716518,0.848895,0.787619,0.482442,-0.132396,1,1386
d_margin_r4,no_imp_price_food_idx__dyoy,producer_prices_input_costs,4,-0.827253,0.410331,-0.0973419,-0.0901421,90,-0.797044,-1.11348,-1.26527,,0,-0.382092,-0.0375266,0.220379,-0.303555,-0.827253,-0.323433,0.00427518,1.23714,1.19646,1.0177,-0.11105,-1.11348,-0.801484,-0.474091,-0.578408,-0.184604,0.137101,-0.429344,-1.26527,-0.968257,-0.77679,1,1386
d_margin_r4,w_fx_vs_usd_yoy,fx,3,0.746713,0.457043,0.0942153,0.083793,99,0.725742,1.66547,0.74351,,1,0.505865,0.575525,0.705348,0.746713,0.490854,0.00614533,-0.578509,2.25096,2.62672,2.38942,1.66547,0.637578,-0.589393,-1.35827,0.442295,0.56973,0.717857,0.74351,0.645043,0.347762,-0.265841,1,1386
d_margin_r4,no_vat_food_rate__lvl,tax_policy,6,-0.673783,0.502052,-0.0574227,-0.0510705,99,-0.6518,-0.226732,-0.0370984,,1,0.0956493,0.156043,0.161433,-0.130846,-0.374015,-0.609877,-0.673783,1.55321,1.71105,1.47414,0.738772,0.319892,-0.0355791,-0.226732,-0.111912,-0.0333181,0.0563458,0.0793612,-0.0358701,-0.148171,-0.0370984,1,1386
d_margin_r4,us_ppi_plastic_resins_idx__dyoy,packaging_freight,5,-0.544578,0.587294,-0.11448,-0.101816,99,-0.51554,0.884949,-0.596736,,3,0.424717,0.303037,0.0293154,-0.313357,-0.544111,-0.544578,-0.474287,-0.64642,0.259797,0.849731,0.989809,0.906999,0.884949,0.760423,0.471381,0.276867,-0.0146996,-0.370221,-0.583078,-0.596736,-0.494602,1,1386
d_margin_r4,no_imp_price_food_idx__yoy,producer_prices_input_costs,2,0.516354,0.606819,0.0773722,0.0698155,96,0.491576,2.77344,0.475882,,0,-0.334502,0.0930391,0.516354,0.385046,-0.155349,-0.143531,-0.128539,3.59554,3.572,2.77344,1.3677,0.076229,-0.170682,-0.108468,-0.708019,-0.129263,0.475882,0.279099,-0.647672,-0.861583,-1.07327,1,1386
d_margin_r4,w_hh_saving_lvl,wages_income,0,0.498159,0.6195,0.0838558,0.0745795,99,0.485876,2.47334,0.411367,,2,0.498159,0.465818,0.202829,-0.0895665,-0.171668,-0.192124,-0.0685295,2.47334,2.68184,2.73293,2.3402,2.16018,2.15316,2.47823,0.411367,0.377647,0.121984,-0.162499,-0.252495,-0.341287,-0.272696,1,1386
d_og,eu_ppi_dom_c106_idx__yoy,producer_prices_input_costs,6,-7.77097,1.13826e-11,-0.34836,-1.65685,95,-7.32046,-7.5273,-4.52548,-3.71809,6,4.06172,3.18727,1.44544,-0.132451,-1.6399,-3.67743,-7.77097,3.94202,3.0647,1.10434,-0.299189,-1.58167,-3.50344,-7.5273,5.86564,4.59563,2.72318,1.15696,-0.935351,-2.79185,-4.52548,1.2324e-07,1386
d_og,eu_ppi_dom_c106_idx__dyoy,producer_prices_input_costs,2,7.36255,7.827e-11,0.322093,1.58678,95,6.91408,6.44008,7.672,2.89288,2,4.6289,6.43626,7.36255,4.71829,1.86738,-0.0270202,-1.55476,3.86715,5.63275,6.44008,4.69444,2.07705,0.0738131,-1.53512,3.68356,5.46805,7.672,6.9516,2.88469,0.443278,-0.473286,4.23718e-07,1386
d_og,w_ec_cons_price_exp_d4,price_expectations,3,7.16277,1.74638e-10,0.345396,1.54453,98,6.63168,5.57127,6.07674,1.73823,3,1.1027,2.42023,4.26899,7.16277,4.31878,2.82488,1.84771,0.590306,2.45652,4.18553,5.57127,4.57084,3.34002,2.57584,-0.433229,1.36104,3.42448,6.07674,4.21037,2.67457,1.65998,6.30273e-07,1386
d_og,no_retail_foodstores_vol_sa_idx__dyoy,activity_retail,1,-6.72329,1.46754e-09,-0.356103,-1.6578,96,-5.73782,-2.50226,-7.19854,-3.05586,2,-3.56192,-6.72329,-5.34093,-1.96978,-0.0172231,0.739617,1.38622,-0.918409,-2.50226,-3.73115,-2.47388,-2.78296,-0.676509,0.321661,-3.4134,-7.19854,-6.26106,-2.90742,-0.321288,0.483581,0.81121,3.9723e-06,1386
d_og,eu_ppi_dom_c108_idx__yoy,producer_prices_input_costs,4,-6.55812,3.02494e-09,-0.351163,-1.29028,97,-6.18117,-4.89119,-6.96316,-4.37487,3,0.717279,-0.698048,-2.03192,-4.83684,-6.55812,-4.99292,-4.00345,0.100458,-1.08997,-3.07137,-5.69631,-4.89119,-3.95421,-3.60143,1.51327,0.260576,-0.771809,-2.80362,-6.96316,-5.34469,-4.67666,6.55027e-06,1386
d_og,se_ec_cons_conf__lvl,consumer_survey,6,6.35178,7.51701e-09,0.393949,1.56044,98,5.79454,4.72912,6.2495,4.08516,5,-2.00158,0.257509,1.45843,2.21018,3.55815,5.9902,6.35178,-0.879919,0.719795,1.65025,2.25265,5.35554,6.19376,4.72912,-2.86701,-0.985384,0.234427,1.57159,3.57499,5.40724,6.2495,1.16268e-05,1386
d_og,se_ppi_food_hmpi_idx__yoy,producer_prices_input_costs,5,-6.21449,1.4e-08,-0.344963,-1.31963,98,-5.80756,-5.57105,-5.15306,-3.50142,5,2.02233,1.01519,-1.11055,-2.46313,-3.78485,-6.21449,-5.68131,1.18269,0.559216,-1.33335,-2.84701,-5.12072,-5.57105,-5.04402,3.13265,2.01562,0.472189,-0.955113,-3.07529,-5.15306,-5.60943,1.89475e-05,1386
d_og,glob_gscpi__d4,packaging_freight,5,6.08001,2.56168e-08,0.266421,1.32215,98,5.64158,3.82658,5.83158,4.45961,5,0.675601,1.16502,1.26896,0.752006,3.37786,6.08001,3.72345,0.326938,0.473262,0.319244,0.354765,2.32911,3.82658,3.72852,-1.00642,0.0536078,0.681879,0.70994,3.51074,5.83158,3.30378,3.08172e-05,1386
d_og,ea_ec_food_ind_sell_price_exp__d4,price_expectations,3,6.04216,3.03381e-08,0.416789,1.79465,98,5.77133,6.15386,9.08905,2.9032,3,2.17582,3.5832,5.85908,6.04216,5.1585,2.0628,0.347302,1.16063,2.51236,5.10796,6.15386,5.2943,3.40685,0.876536,1.58664,3.29795,5.95996,9.08905,5.16199,1.87778,0.316659,3.28473e-05,1386
d_og,nw_food_cpi_xvat_yoy,consumer_prices,6,-5.97516,4.08858e-08,-0.282065,-1.2069,98,-5.33121,-4.93426,-5.41075,-2.47442,3,0.0129023,-1.05558,-1.79902,-2.61574,-3.73507,-5.51897,-5.97516,-1.77883,-2.24268,-3.39441,-5.37703,-5.06851,-5.0122,-4.93426,1.15033,0.0102242,-0.925736,-2.33638,-3.70902,-4.87804,-5.41075,3.67396e-05,1386
d_og,nw_cons_conf_z_d4,consumer_survey,6,5.95806,4.41129e-08,0.360299,1.47066,98,5.70378,6.17399,3.53254,3.96393,6,-4.23841,-2.03632,-0.540222,0.570644,1.91176,4.99096,5.95806,-3.47382,-2.3182,-1.4107,-0.225391,1.22279,5.26226,6.17399,-6.39393,-5.56484,-3.31719,-1.43443,1.29072,4.61453,3.53254,3.67396e-05,1386
d_og,no_qna_hh_food_cons_sa_mnok__yoy,activity_retail,5,5.78785,9.34813e-08,0.326722,1.67787,98,5.10081,3.45253,5.35917,3.81601,5,-0.941759,-0.753019,0.0822163,2.15453,3.26611,5.78785,4.73735,0.110289,-0.717317,-0.480757,0.942097,1.38355,3.45253,2.80856,-1.19463,-1.28241,-0.288021,1.46882,3.52725,5.35917,3.88623,6.74754e-05,1386
d_og,eu_ppi_dom_food_mfg_idx__dyoy,producer_prices_input_costs,1,5.69914,1.43876e-07,0.345716,1.50223,96,5.41394,5.95217,7.85208,2.53933,1,5.46658,5.69914,4.31747,1.36913,0.0709001,-0.812442,-1.90519,5.49203,5.95217,4.38345,1.75868,0.333321,-0.763974,-2.01883,6.235,7.85208,6.27679,2.98488,0.715307,-0.363897,-0.712045,9.48195e-05,1386
d_og,eu_ppi_dom_c107_idx__dyoy,producer_prices_input_costs,0,5.61957,1.98684e-07,0.39042,1.48678,97,5.23513,6.39301,7.44406,2.49593,0,5.61957,4.09276,2.26522,0.800567,-0.333527,-1.76458,-3.30757,6.39301,4.45641,2.79904,0.961639,-0.316729,-1.95267,-3.74352,7.44406,6.53827,3.73035,1.83358,0.249357,-1.27727,-1.73851,0.00011951,1386
d_og,eu_ppi_plastic_products_idx__dyoy,packaging_freight,3,5.62171,2.09889e-07,0.35247,1.52392,94,5.12628,4.20674,6.45119,2.56269,1,3.31068,4.81608,5.5275,5.62171,4.1268,2.11474,-0.351964,2.51368,5.52959,4.69696,4.20674,3.96079,3.12508,-0.15096,2.73213,5.34254,6.69367,6.45119,7.42065,3.03939,0.502744,0.000119605,1386
d_og,packaging_us_dyoy,packaging_freight,4,5.56652,2.4478e-07,0.30022,1.5038,98,5.17598,4.1524,5.04837,5.26674,4,0.271526,1.49068,3.51027,4.96305,5.56652,3.91544,1.37159,-1.31616,0.191198,2.60828,3.42149,4.1524,3.53264,1.39613,-0.94325,0.356021,2.40248,4.02179,5.04837,3.7823,0.863511,0.000132513,1386
d_og,no_ppi_food_dom_idx__yoy,producer_prices_input_costs,6,-5.53556,2.90983e-07,-0.282745,-1.30291,96,-5.02998,-5.01558,-4.12535,-2.64636,4,2.25807,1.17494,-0.66944,-2.17273,-3.13674,-4.57348,-5.53556,0.876371,-0.429307,-2.10494,-5.04637,-6.75157,-5.77377,-5.01558,4.59192,2.78785,1.22222,-0.724401,-2.8188,-4.07126,-4.12535,0.000144682,1386
d_og,w_gdp_vol_dyoy,activity_retail,2,5.48973,3.40505e-07,0.412134,1.93263,98,4.59176,3.23509,4.719,2.00777,4,1.53543,3.48484,5.48973,3.85586,1.26008,1.16113,0.418565,0.540057,2.10713,3.23509,3.14822,6.66823,4.77151,2.94415,0.428871,2.2753,4.719,4.08151,1.29801,1.16213,0.503682,0.000153612,1386
d_og,w_real_wage_dyoy,wages_income,0,-5.4709,3.69087e-07,-0.449954,-1.88927,98,-5.26038,-5.61256,-7.47378,-3.00614,0,-5.4709,-1.87025,-2.47632,-0.881941,0.923203,0.37624,2.77519,-5.61256,-0.836766,-1.90885,-0.218365,1.24354,0.463438,2.98582,-7.47378,-3.64171,-4.24015,-1.61541,0.441489,0.175745,2.05567,0.000159538,1386
d_og,ea_hicp_food_idx__yoy,consumer_prices,4,-5.43458,4.39061e-07,-0.363633,-1.42161,97,-5.13583,-5.13845,-5.90114,-4.16369,3,0.620007,-0.777414,-2.34218,-3.78144,-5.43458,-5.11417,-4.34692,-0.220722,-1.30688,-4.18008,-5.31759,-5.13845,-4.52497,-4.07129,1.59935,0.433559,-1.30965,-3.12445,-5.90114,-5.18546,-4.87081,0.000176065,1386
d_og,w_food_cpi_yoy,consumer_prices,5,-5.38392,5.34719e-07,-0.297624,-1.26424,98,-4.58843,-4.40287,-5.63829,-3.92835,3,-0.149256,-1.33378,-2.19407,-3.31935,-5.09502,-5.38392,-4.89429,-1.28184,-2.28889,-4.84671,-5.17983,-4.66563,-4.40287,-4.02744,1.29865,-0.0342633,-1.66435,-3.08879,-5.28867,-5.63829,-4.98284,0.000206766,1386
d_og,w_ec_food_ind_sell_price_exp_d4,price_expectations,2,5.35811,5.96579e-07,0.412325,1.75453,98,5.15706,4.58723,7.36223,2.9186,2,2.87222,4.23285,5.35811,2.92876,1.61445,0.778259,-1.01792,1.8446,3.0876,4.58723,2.86115,2.34327,1.18171,-0.727928,2.68604,4.54585,7.36223,4.98795,2.84391,1.36339,-0.298163,0.000222732,1386
d_og,w_food_cpi_xvat_yoy,consumer_prices,5,-5.33948,6.45541e-07,-0.312658,-1.30978,98,-4.50233,-4.37084,-5.60692,-4.02814,2,-0.150356,-1.33941,-2.2218,-3.28729,-5.07263,-5.33948,-5.04957,-1.2215,-2.23389,-5.09019,-5.0586,-4.69228,-4.37084,-4.45236,1.25811,-0.0472221,-1.74107,-3.08749,-5.42138,-5.60692,-5.25418,0.00022898,1386
d_og,w_ec_cons_price_exp_lvl,price_expectations,2,5.33533,6.56948e-07,0.346235,1.78933,98,4.99614,4.07531,5.02337,2.59476,2,3.36264,4.75678,5.33533,3.96979,2.05631,0.689753,-0.476889,2.6871,3.96947,4.07531,2.9656,1.46348,0.375861,-0.729625,2.77733,4.56379,5.02337,3.75714,2.15104,0.802007,-0.105755,0.00022898,1386
d_og,eu_ppi_dom_food_mfg_idx__yoy,producer_prices_input_costs,6,-5.31747,7.46735e-07,-0.326966,-1.40362,95,-4.80646,-4.74114,-4.45249,-2.61711,5,2.37661,1.59366,0.248567,-1.76924,-3.02158,-4.94205,-5.31747,2.35964,1.28128,-0.212736,-1.77653,-3.51604,-5.28335,-4.74114,3.60182,2.37334,1.14353,-0.331762,-2.491,-3.68929,-4.45249,0.000244999,1386
d_og,price_wage_gap,other,5,-5.29505,7.78682e-07,-0.24742,-1.07767,98,-4.64525,-5.35873,-6.4309,-2.95835,3,1.32198,-1.30208,-2.30335,-3.56245,-4.88744,-5.29505,-4.77256,0.440178,-2.28965,-4.41564,-5.42521,-4.59494,-5.35873,-4.68945,3.30041,0.355112,-1.2791,-2.80924,-4.80495,-6.4309,-5.05173,0.000246965,1386
d_og,nw_food_cpi_yoy,consumer_prices,5,-5.28913,7.98347e-07,-0.275939,-1.24751,98,-5.04657,-4.90935,-5.26582,-3.09514,4,0.131387,-1.0548,-1.80198,-2.57361,-3.77456,-5.28913,-4.99776,-1.52884,-2.28336,-3.26066,-4.52744,-5.06497,-4.90935,-4.53759,1.3553,0.0441938,-0.91864,-2.24018,-3.86515,-5.26582,-5.24302,0.000246965,1386
d_og,eu_ppi_dom_c107_idx__yoy,producer_prices_input_costs,5,-5.25368,9.58156e-07,-0.382294,-1.5025,96,-4.70206,-5.23239,-4.70615,-3.80862,4,1.60004,0.0691857,-1.40805,-2.80096,-4.80285,-5.25368,-4.61173,1.38159,-0.175227,-1.6582,-3.34011,-5.68846,-5.23239,-4.60712,2.61712,1.14436,-0.0284892,-1.26389,-5.09691,-4.70615,-4.48757,0.000288168,1386
d_og,nw_cons_conf_z,consumer_survey,5,5.22567,1.04206e-06,0.341069,1.29043,98,4.78001,5.31447,4.57585,3.62108,5,-0.540476,0.97643,1.9229,2.68905,4.11051,5.22567,3.84359,0.699999,1.90052,2.78361,2.93228,4.55826,5.31447,4.12556,-1.34233,-0.225008,0.752283,1.8591,3.89345,4.57585,2.88502,0.000304933,1386
d_og,se_ec_cons_conf__d4,consumer_survey,6,5.21906,1.07127e-06,0.403091,1.62372,98,4.94532,5.08433,3.77598,3.58213,6,-5.11631,-3.4888,-1.74722,0.0200227,1.22301,3.83001,5.21906,-4.89684,-4.37454,-3.25878,-1.29211,0.357316,3.52447,5.08433,-6.91768,-6.19978,-4.01327,-1.98819,0.648356,3.01787,3.77598,0.00030523,1386
d_og,w_cpi_yoy,consumer_prices,5,-5.13398,1.52706e-06,-0.323488,-1.23538,98,-4.81895,-5.30459,-4.56972,-2.78996,4,1.20321,0.199347,-0.794748,-2.10058,-4.10702,-5.13398,-4.48838,-0.241787,-1.40317,-2.31718,-3.97925,-6.68868,-5.30459,-4.49267,1.99838,0.974638,0.084199,-1.06514,-3.57594,-4.56972,-4.51635,0.00041334,1386
d_og,nw_food_ppi_yoy,producer_prices_input_costs,5,-5.13028,1.59939e-06,-0.334489,-1.37995,96,-4.48874,-4.20306,-5.1455,-3.75165,3,1.75295,0.208651,-1.80309,-2.96931,-4.69222,-5.13028,-4.78739,0.533,-0.642907,-3.77502,-5.55819,-5.2338,-4.20306,-4.22593,3.33083,1.70992,-0.0632776,-1.75235,-4.65838,-5.1455,-4.80156,0.000422361,1386
d_og,se_real_wage_yoy_q__lvl,wages_income,6,5.10413,1.72806e-06,0.316257,1.18067,98,4.60253,4.28602,5.58669,2.28264,5,-1.53264,-0.488892,0.217692,0.891355,3.09244,4.68859,5.10413,-1.27834,0.0529321,0.361494,1.11332,3.51517,4.89983,4.28602,-2.56861,-1.23405,-0.471062,0.231251,2.54553,3.92339,5.58669,0.000424265,1386
d_og,price_cost_gap_fao_wloc,other,1,-5.09393,1.80254e-06,-0.475878,-1.88302,98,-4.76205,-4.21192,-5.23064,-2.16189,1,-3.1441,-5.09393,-4.28717,-2.26745,-1.02098,0.1988,0.98894,-1.94503,-4.21192,-3.14129,-1.56029,-0.654793,0.29631,1.06894,-2.75287,-5.23064,-5.10043,-4.18135,-1.45831,-0.227156,0.100492,0.000424265,1386
d_og,eu_ppi_dom_c103_idx__yoy,producer_prices_input_costs,4,-5.0764,1.96683e-06,-0.315455,-1.22921,97,-4.79712,-5.38136,-5.46574,-3.35618,4,0.555006,-0.718702,-2.32538,-3.53044,-5.0764,-4.60814,-3.79102,0.169214,-0.673926,-2.58147,-3.93956,-5.38136,-4.33581,-3.55219,1.19277,0.100791,-1.1941,-2.31953,-5.46574,-4.58623,-4.49102,0.000443966,1386
d_og,w_gdp_vol_yoy,activity_retail,2,5.01396,2.50528e-06,0.465089,2.04816,98,4.27182,3.69185,5.44209,2.97535,2,2.28716,3.36253,5.01396,1.55813,0.108843,-0.643653,-1.66648,1.78438,2.99991,3.69185,1.60603,2.40148,0.799301,-0.660831,1.9764,3.24598,5.44209,2.40276,0.424037,-0.345318,-0.984358,0.000542497,1386
d_og,se_cpi_food_idx__yoy,consumer_prices,5,-5.00303,2.62007e-06,-0.352894,-1.46684,98,-4.54902,-5.26943,-4.46214,-3.39355,4,2.08071,0.0531899,-1.4098,-2.40634,-3.70803,-5.00303,-4.63532,0.122132,-0.655642,-2.354,-5.42649,-5.50678,-5.26943,-4.41327,3.31876,1.64858,0.0161996,-1.86319,-3.80806,-4.46214,-4.06372,0.00055623,1386
d_og,se_cpi_food_idx__dyoy,consumer_prices,0,4.94991,3.25484e-06,0.37608,1.40192,98,4.48695,5.38872,7.13692,2.72465,1,4.94991,3.57845,1.9738,-0.225918,-1.03257,-1.85665,-2.21399,5.38872,5.485,2.61181,0.193444,-0.751821,-1.72547,-2.23003,7.13692,7.20707,4.43189,1.62294,-0.432296,-1.45972,-0.97206,0.000629294,1386
d_og,glob_fao_ffpi_eur__yoy,commodities,2,4.92189,3.64771e-06,0.443195,1.82286,98,4.62737,3.86367,5.13003,2.46885,2,2.1502,3.27954,4.92189,3.74846,2.02032,0.718186,-0.602732,1.03053,1.87884,3.86367,2.84284,1.36602,0.493466,-0.570768,1.61678,2.82344,5.13003,4.5091,2.20333,0.798178,-0.320559,0.000663468,1386
d_og,packaging_us_yoy,packaging_freight,2,4.92111,3.65936e-06,0.389882,1.9075,98,4.53608,3.08924,4.49006,2.31823,4,2.38262,3.74202,4.92111,4.82009,3.69841,1.26616,-1.15489,0.817231,1.81316,3.08924,3.08705,3.22973,1.98713,-0.628327,1.43799,2.81837,4.49006,4.59947,3.92893,1.43587,-0.87493,0.000663468,1386
d_og,w_food_ppi_dyoy,producer_prices_input_costs,0,4.92324,3.67671e-06,0.368184,1.43565,97,4.63423,5.51903,6.80359,2.24108,0,4.92324,4.34111,2.42293,0.250434,-0.636982,-1.41212,-2.33916,5.51903,4.08022,3.35342,0.663156,-0.451912,-1.35486,-2.58508,6.80359,5.83806,4.54675,1.75567,-0.075261,-1.08722,-1.34856,0.000663468,1386
d_og,price_wage_gap_d4,other,0,4.89321,4.09767e-06,0.315477,1.30202,98,4.4396,5.78187,7.93768,2.67051,0,4.89321,1.15188,0.30992,-0.762943,-1.61102,-1.4463,-3.34236,5.78187,1.62173,1.14207,-0.593454,-1.57211,-1.62936,-3.65371,7.93768,6.21973,2.58475,0.182901,-1.29952,-1.30969,-2.37517,0.000715577,1386
d_og,nw_retail_food_vol_dyoy,activity_retail,1,-4.87456,4.53586e-06,-0.355339,-1.65452,96,-4.31132,-2.19286,-6.55481,-2.9782,2,-3.83458,-4.87456,-4.76949,-2.42677,0.179551,1.25646,2.04969,-1.51674,-2.19286,-2.87193,-2.05086,-0.255207,0.553211,1.48578,-4.78968,-6.55481,-6.78954,-3.52815,-0.125375,1.0135,1.37188,0.000767347,1386
d_og,eu_ppi_paper_packaging_idx__dyoy,packaging_freight,1,4.8705,4.61059e-06,0.355078,1.45172,96,4.65809,4.57366,4.93984,1.50566,1,3.56418,4.8705,4.56963,3.71966,2.1969,0.616968,-0.790461,2.53134,4.57366,3.83772,3.39976,2.81959,0.892205,-0.710795,3.23064,4.93984,5.14372,4.77791,3.33352,1.06364,-0.0629616,0.000767989,1386
d_og,w_food_ppi_yoy,producer_prices_input_costs,5,-4.85236,4.95913e-06,-0.335953,-1.38184,96,-4.25671,-4.12709,-4.71939,-3.50687,4,2.03426,0.796532,-1.43955,-2.74991,-4.22752,-4.85236,-4.60345,1.3874,0.0329955,-2.19298,-5.01065,-5.23575,-4.12709,-4.01344,3.43283,2.00673,0.342531,-1.59786,-4.14293,-4.71939,-4.7567,0.00081353,1386
d_og,us_ppi_plastic_resins_idx__dyoy,packaging_freight,4,4.82027,5.49903e-06,0.257197,1.41765,98,4.552,3.30281,4.2323,4.15894,4,-0.117096,1.1522,3.07555,4.1152,4.82027,3.85087,1.1229,-1.19863,-0.0465138,2.95764,2.873,3.30281,2.97028,0.99702,-1.44375,-0.156586,1.89954,3.05884,4.2323,3.57621,0.546331,0.000863474,1386
d_og,fao_ffpi_sek_dyoy,commodities,3,4.7963,6.05381e-06,0.391275,1.58126,98,4.49573,3.93407,3.63922,1.86196,3,0.798395,2.12756,4.02115,4.7963,2.87541,1.06721,0.243725,-0.163947,1.30514,3.46048,3.93407,2.83134,1.64831,0.675851,-0.180002,1.40947,3.19365,3.63922,2.47016,0.90546,0.120178,0.00091035,1386
d_og,eu_ppi_paper_packaging_idx__yoy,packaging_freight,6,-4.80187,6.14796e-06,-0.333995,-1.35449,95,-4.47663,-4.90226,-3.44493,-2.58485,6,2.90875,2.31619,1.67061,0.491717,-0.999213,-3.20557,-4.80187,4.12142,4.53242,3.55164,0.715975,-0.684305,-3.14744,-4.90226,5.07589,4.11066,2.57297,1.26812,-0.403981,-2.21245,-3.44493,0.000911842,1386
d_og,packaging_eu_yoy,packaging_freight,6,-4.77683,6.7917e-06,-0.316472,-1.31023,95,-4.56544,-5.08314,-3.22536,-2.52634,6,3.19273,2.46154,1.89767,0.772821,-0.763669,-2.63699,-4.77683,4.35567,4.95805,4.06654,0.810611,-0.620025,-2.92696,-5.08314,5.45559,4.41329,2.9525,1.52281,-0.145798,-1.79002,-3.22536,0.000967557,1386
d_og,no_qna_hh_food_cons_sa_mnok__dyoy,activity_retail,1,-4.75414,7.1649e-06,-0.321251,-1.58483,98,-4.30288,-3.49801,-6.10614,-4.29762,1,-3.12642,-4.75414,-3.53597,-0.461245,0.966572,2.05051,2.63938,-0.896787,-3.49801,-3.02672,-1.19567,-0.414578,1.69015,1.62279,-3.2683,-6.10614,-4.30078,-1.71815,0.606116,1.73752,1.5906,0.000981963,1386
d_og,no_ppi_food_dom_idx__dyoy,producer_prices_input_costs,0,4.75054,7.26838e-06,0.426463,1.70573,98,4.36367,6.38554,6.37523,2.62125,0,4.75054,4.19862,3.32191,0.417299,-0.808927,-1.25844,-1.87552,6.38554,3.80383,2.7859,0.758333,-0.616805,-1.00917,-1.79712,6.37523,6.65935,6.59688,3.77667,-0.0482845,-0.812848,-0.69742,0.000983692,1386
d_og,eu_ppi_dom_c103_idx__dyoy,producer_prices_input_costs,0,4.69926,9.01406e-06,0.325131,1.31231,97,4.35685,6.41788,8.1856,2.8121,0,4.69926,2.47377,0.543873,-0.142727,-0.911027,-1.9988,-2.18466,6.41788,3.35902,0.942914,0.225791,-0.774173,-2.4315,-3.17192,8.1856,4.62531,1.87748,0.899326,-0.316985,-1.41306,-1.01696,0.00115453,1386
d_og,packaging_eu_dyoy,packaging_freight,2,4.70454,9.03984e-06,0.409167,1.69542,95,4.17708,4.00892,5.24708,2.11332,1,3.38607,4.6211,4.70454,4.39851,2.98979,1.11825,-0.651481,2.65661,4.94251,4.00892,3.55677,3.28643,1.54757,-0.523373,3.04967,4.99199,5.24708,5.2036,4.80186,1.74692,0.130574,0.00115453,1386
d_og,se_cpi_idx__yoy,consumer_prices,6,-4.69497,9.06384e-06,-0.355011,-1.29305,98,-4.38855,-5.10956,-4.07239,-2.00018,5,1.50774,1.02731,-0.0663857,-0.913809,-2.31832,-4.4123,-4.69497,0.0666893,0.355028,-0.67541,-1.35784,-2.99478,-5.28137,-5.10956,2.43871,1.64859,0.65984,-0.14111,-1.75914,-3.50758,-4.07239,0.00115453,1386
d_og,fao_ffpi_wloc_yoy,commodities,2,4.67949,9.63636e-06,0.453169,1.82504,98,4.40587,3.69687,5.37142,3.00463,2,2.25913,3.42213,4.67949,3.1581,1.41147,0.107348,-1.11581,1.02009,1.89206,3.69687,2.18023,0.835209,-0.134019,-1.19315,1.9526,3.25694,5.37142,4.19595,1.60731,0.273616,-0.608792,0.00118561,1386
d_og,w_cons_conf_z,consumer_survey,5,4.66222,1.03164e-05,0.344564,1.24932,98,4.29042,5.55469,4.23073,3.99562,5,-0.524572,0.808397,1.7466,2.49752,3.61392,4.66222,4.16764,1.01684,2.01479,2.76326,2.85068,4.33398,5.55469,4.64326,-1.15946,-0.233381,0.629752,1.75461,3.31527,4.23073,2.9368,0.00125501,1386
d_og,w_food_cpi_rel_yoy,consumer_prices,4,-4.64994,1.08283e-05,-0.249237,-1.3208,98,-4.36878,-4.76995,-5.52814,-4.07483,4,-1.24767,-2.02891,-2.90629,-4.50916,-4.64994,-2.79857,-1.46353,-1.28625,-1.75154,-2.82144,-4.24627,-4.76995,-3.88673,-4.17117,-0.239168,-1.36932,-2.90317,-4.39913,-5.52814,-3.37665,-1.09821,0.00130266,1386
d_og,w_cons_conf_z_d4,consumer_survey,6,4.63569,1.14529e-05,0.346879,1.37595,98,4.42388,5.87043,2.42004,2.98274,6,-4.02381,-1.95696,-0.678738,0.519176,1.6271,3.69295,4.63569,-2.78258,-2.04868,-1.31182,-0.174253,1.01939,4.84928,5.87043,-6.12186,-4.8685,-3.58131,-1.68192,0.784328,3.38897,2.42004,0.00134981,1386
d_og,us_ppi_plastic_resins_idx__yoy,packaging_freight,2,4.6243,1.1977e-05,0.394038,1.94407,98,4.19824,2.94912,3.94039,1.95367,2,2.11025,3.23598,4.6243,4.55601,3.86223,1.95519,-0.815278,0.873362,1.74006,2.94912,2.77807,2.75559,1.95405,-0.433523,1.03996,2.18528,3.94039,4.10682,3.75277,2.04616,-0.674813,0.00137953,1386
d_og,se_real_wage_yoy_q__d4,wages_income,0,-4.60582,1.28778e-05,-0.382655,-1.5328,98,-4.38156,-4.65987,-5.49355,-2.41954,0,-4.60582,-4.2512,-2.58459,-1.46728,-0.0694916,1.13729,2.68812,-4.65987,-4.43409,-3.22525,-1.75685,-0.173024,0.969009,2.72475,-5.49355,-5.94468,-4.35602,-2.31161,-0.62635,0.670647,1.72086,0.00144083,1386
d_og,no_nbes_bl_sell_price_di__d4,price_expectations,5,4.61609,1.37436e-05,0.362834,1.78844,89,4.08875,4.22003,4.70656,4.445,5,0.896121,1.45687,2.35492,2.24998,3.44375,4.61609,3.72839,0.410278,0.84419,1.73984,1.74444,3.23294,4.22003,3.17032,0.00543218,0.494694,1.77966,2.50737,3.62767,4.70656,4.24365,0.00148803,1386
d_og,w_retail_total_vol_dyoy,activity_retail,6,4.58017,1.53958e-05,0.341065,1.52404,91,4.29379,4.24639,3.76161,3.07355,6,-1.7555,-0.969455,0.47368,1.81412,2.42622,3.35747,4.58017,-0.887005,-0.0662157,0.371149,1.23173,2.44902,3.06209,4.24639,-4.20143,-2.42789,-0.892728,0.983514,2.15493,2.99707,3.76161,0.00161836,1386
d_og,price_cost_gap_fao_nok,other,1,-4.55443,1.57405e-05,-0.442347,-1.78844,98,-4.28667,-3.86586,-4.54975,-2.05508,1,-3.24672,-4.55443,-3.13395,-1.46145,-0.763503,0.0448633,0.860801,-2.2252,-3.86586,-2.18765,-0.924468,-0.269563,0.41602,1.31447,-3.01441,-4.54975,-3.82701,-3.30104,-1.15445,-0.422235,-0.178144,0.00162308,1386
d_og,nw_food_ppi_dyoy,producer_prices_input_costs,0,4.52673,1.77082e-05,0.376742,1.39887,97,4.15037,5.52444,7.40986,2.4376,0,4.52673,3.88434,1.75496,0.104176,-0.668954,-1.54417,-2.59757,5.52444,4.0079,2.71929,0.393356,-0.573455,-1.53084,-2.98714,7.40986,5.79559,4.06837,1.48404,-0.0583064,-1.20885,-1.49109,0.00180876,1386
d_og,no_ssb_bts_consgoods_home_price_exp__d4,price_expectations,2,4.50629,1.8975e-05,0.428956,1.78981,98,4.17505,3.67115,5.99646,3.90316,2,3.32311,2.89081,4.50629,2.46258,1.96088,1.34869,-1.79161,1.85047,1.7834,3.67115,1.67179,2.30358,1.13227,-1.58771,2.86805,3.44801,5.99646,4.33107,3.36854,2.18579,-0.572873,0.00189833,1386
d_og,se_ppi_food_hmpi_idx__dyoy,producer_prices_input_costs,0,4.50444,1.91111e-05,0.36157,1.27358,98,4.10936,5.22164,6.4891,2.12481,0,4.50444,4.3291,2.63192,0.853206,-0.0708187,-1.34794,-2.7744,5.22164,4.72328,3.06268,1.23335,-0.0938949,-1.41729,-2.98142,6.4891,7.39947,4.75034,1.96201,0.578793,-0.872064,-1.6149,0.00189833,1386
d_og,w_fx_vs_eur_dyoy,fx,5,-4.44178,2.43317e-05,-0.199029,-1.35256,98,-4.14665,-4.32586,-3.44601,-3.23923,5,1.56677,0.463037,-0.562173,-1.75376,-3.33615,-4.44178,-3.19282,1.35659,1.06286,0.219635,-1.35427,-2.95789,-4.32586,-3.8168,2.36816,1.72489,0.177468,-1.20193,-3.42699,-3.44601,-1.95429,0.00237334,1386
d_og,us_ppi_corrugated_boxes_idx__dyoy,packaging_freight,4,4.42466,2.59828e-05,0.270892,1.18858,98,4.17872,3.52022,3.97173,4.27997,4,0.783045,1.55106,2.69278,4.27772,4.42466,2.53454,1.08223,-0.541596,0.347727,1.66007,3.20277,3.52022,2.88543,1.50744,0.119891,1.03565,2.1828,3.6759,3.97173,2.55364,1.08189,0.00251177,1386
d_og,price_cost_gap_ppi_d4,other,1,-4.41699,2.72664e-05,-0.352077,-1.58388,96,-4.21834,-3.34604,-4.24681,-1.61474,1,-2.99727,-4.41699,-3.23862,-3.34913,-1.74555,-0.106281,0.45793,-2.13357,-3.34604,-2.2881,-2.62417,-1.99227,-0.331685,0.339642,-2.64063,-4.24681,-4.01119,-4.82757,-2.28476,-0.458698,-0.634121,0.00258961,1386
d_og,ea_negotiated_wages_yoy_q__d4,wages_income,5,-4.33614,3.63994e-05,-0.447959,-1.6981,98,-4.13685,-4.37153,-3.76182,-3.06,5,0.132351,-0.735825,-0.928556,-2.71046,-3.64154,-4.33614,-4.26046,-0.648818,-0.608957,-0.919384,-2.68948,-2.94217,-4.37153,-3.80079,1.41943,0.274076,-0.0664729,-1.23598,-3.46568,-3.76182,-3.39355,0.00333982,1386
d_og,eu_ppi_dom_c108_idx__dyoy,producer_prices_input_costs,0,4.30656,4.10553e-05,0.375787,1.45734,97,3.90382,4.66144,7.44175,2.86586,0,4.30656,2.75165,1.29361,-0.162214,-1.35525,-2.33975,-2.93532,4.66144,3.13828,1.71663,-0.0907933,-1.51476,-2.98838,-3.74113,7.44175,4.53357,2.45487,1.00311,-0.723459,-2.1992,-1.80303,0.00364352,1386
d_og,nw_price_cost_gap_ppi_d4,other,1,-4.30493,4.16693e-05,-0.353548,-1.58949,96,-4.08256,-3.39203,-4.18142,-1.64497,1,-3.20188,-4.30493,-2.41172,-2.56543,-1.47039,-0.00266163,0.172852,-2.41227,-3.39203,-1.63952,-1.93454,-1.45755,-0.132043,0.202652,-2.82012,-4.18142,-3.2935,-4.30825,-1.90161,-0.409107,-1.25835,0.00366794,1386
d_og,price_cost_gap_ppi,other,0,-4.25173,5.00159e-05,-0.374719,-1.61579,98,-3.9852,-3.12655,-6.0046,-2.76855,0,-4.25173,-3.66274,-2.35034,-0.598258,0.676637,2.09655,2.63192,-3.12655,-2.6372,-1.53019,-0.141559,0.516023,1.73531,2.32999,-6.0046,-5.77381,-4.11087,-2.18182,-0.27314,1.39047,1.53703,0.00420612,1386
d_og,w_cpi_dyoy,consumer_prices,0,4.19759,6.12023e-05,0.369771,1.47531,98,3.90644,5.65132,7.04988,2.74132,0,4.19759,3.54301,2.31137,0.861192,-0.429518,-1.60546,-3.03726,5.65132,3.46779,2.78913,0.772228,-0.394167,-1.74276,-3.2501,7.04988,5.69149,3.74939,1.79175,0.170228,-1.1186,-1.91582,0.00492838,1386
d_og,nw_real_wage_dyoy,wages_income,0,-4.19671,6.14032e-05,-0.410398,-1.68549,98,-4.00958,-3.59787,-5.04185,-3.04498,6,-4.19671,-0.961887,-1.82108,-0.314955,0.871593,0.0489159,3.74812,-3.59787,-0.226073,-1.38105,0.368803,1.37074,0.053034,3.85243,-5.04185,-2.2887,-3.0807,-0.969999,0.462968,-0.0770502,3.58592,0.00492838,1386
d_og,fao_ffpi_sek_yoy,commodities,2,4.15046,7.28693e-05,0.464201,1.79899,98,3.91616,3.07953,5.18691,3.83346,2,2.06083,3.14764,4.15046,3.04945,1.15927,-0.675138,-1.99987,0.679268,1.5786,3.07953,2.05868,0.800499,-0.557862,-1.91632,1.91147,3.11875,5.18691,4.36628,1.39256,-0.417477,-1.31141,0.00575885,1386
d_og,w_real_wage_yoy,wages_income,6,4.14644,7.39578e-05,0.270858,1.1954,98,3.78721,4.08702,4.30668,2.2913,4,-2.1649,-0.117483,0.229369,1.42721,3.89909,3.12783,4.14644,-1.86147,1.37297,1.25373,3.11305,6.50791,3.19587,4.08702,-4.22027,-1.51198,-0.745092,0.619383,3.54225,2.84526,4.30668,0.00580252,1386
d_og,natgas_eu_eur_yoy,energy,2,4.14886,7.82167e-05,0.338641,1.68255,90,3.77156,1.72489,4.97443,2.37423,3,1.73277,3.60189,4.14886,3.7654,3.78906,1.23534,-0.288313,0.0484651,1.18183,1.72489,2.69029,2.33351,0.584868,-0.324033,1.00836,3.10262,4.97443,6.80215,5.10128,1.46735,-0.0237412,0.00602979,1386
d_og,eu_ppi_plastic_products_idx__yoy,packaging_freight,0,4.13088,7.83187e-05,0.354512,1.63598,98,3.67992,3.65518,6.66247,5.95593,6,4.13088,2.92711,2.3222,1.23028,-0.408707,-1.7995,-4.00024,3.65518,4.33583,4.39057,0.988897,-0.480675,-2.28535,-5.70741,6.66247,5.175,3.81802,2.06071,0.228196,-1.19116,-2.55989,0.00602979,1386
d_og,glob_fao_ffpi_nok__yoy,commodities,2,4.13017,7.85253e-05,0.408072,1.67319,98,3.91745,3.40663,4.55403,2.7371,2,2.56333,3.39578,4.13017,2.37625,0.682782,-0.20973,-1.03667,1.53605,2.14117,3.40663,1.43628,0.25756,-0.554198,-1.39189,2.47644,3.45182,4.55403,3.30071,0.892935,0.0092221,-0.278261,0.00602979,1386
d_og,se_eursek__dyoy,fx,5,-4.10026,8.76362e-05,-0.252985,-1.45865,98,-3.90553,-3.73266,-3.26957,-3.30137,5,1.47249,2.14634,1.25976,-0.312983,-1.85031,-4.10026,-3.60064,0.675464,1.57245,1.03013,-0.26641,-1.23804,-3.73266,-3.49153,2.03411,2.8384,1.94096,0.561305,-1.59712,-3.26957,-2.75964,0.00649894,1386
d_og,se_cpi_idx__dyoy,consumer_prices,0,4.09601,8.90091e-05,0.359747,1.40183,98,3.84972,2.6329,4.75774,2.06172,1,4.09601,4.03183,3.2334,1.96674,0.74244,-0.533385,-2.2065,2.6329,4.96273,4.04756,2.58584,0.657123,-0.395783,-2.15549,4.75774,6.62259,5.36306,3.13985,1.37309,-0.0879755,-1.05385,0.00655585,1386
d_og,ea_hicp_food_idx__dyoy,consumer_prices,0,4.09375,9.04012e-05,0.343574,1.37325,97,3.65755,5.47519,9.23635,3.10037,0,4.09375,3.02779,0.491853,-0.748358,-1.59514,-2.54217,-3.17584,5.47519,4.08158,0.891622,-0.474003,-1.60596,-2.8039,-4.14004,9.23635,5.3142,2.33398,0.527381,-1.03428,-2.14865,-1.64216,0.00661339,1386
d_og,se_na_hhcons_food_sa__yoy,activity_retail,5,4.07999,9.43779e-05,0.254662,1.19262,98,3.83432,3.77047,3.98459,3.1023,5,-1.64398,1.59279,1.67772,-0.235429,3.89501,4.07999,2.05356,-1.60038,0.930727,1.09417,-0.741967,3.70832,3.77047,1.70552,-2.51907,0.639929,1.17884,-0.232101,3.72377,3.98459,2.17466,0.00681225,1386
d_og,se_nier_food_mfg_sell_price_exp__d4,price_expectations,3,4.07597,9.57753e-05,0.349855,1.5313,98,3.84489,3.03798,4.79708,2.43913,3,1.82735,2.62189,3.40516,4.07597,2.07376,1.03321,0.454801,0.997677,1.75578,2.34675,3.03798,2.05975,1.47,0.684831,1.5689,2.58834,3.791,4.79708,2.41765,1.2579,0.593676,0.00686734,1386
d_og,no_ssb_bts_consgoods_home_price_exp__lvl,price_expectations,6,-4.0734,9.66784e-05,-0.292724,-1.29032,98,-3.77173,-4.8657,-2.94551,-2.02634,6,1.72382,0.946745,0.765931,-0.579216,-1.177,-1.62959,-4.0734,0.0551706,-0.774283,-0.611086,-1.7702,-1.88837,-2.73074,-4.8657,1.98335,1.33165,1.27263,0.287567,-0.752021,-1.30551,-2.94551,0.00688648,1386
d_og,glob_fao_ffpi_eur__dyoy,commodities,4,4.07047,9.77173e-05,0.260439,1.25088,98,3.759,3.63874,3.51201,3.52314,4,0.316053,1.38463,2.87638,3.91463,4.07047,2.71271,1.55554,-0.374731,0.654559,2.30878,3.37378,3.63874,3.11182,1.78418,-1.08068,0.332833,1.94817,2.92689,3.51201,2.23779,1.1233,0.00691499,1386
d_og,w_ec_food_ind_sell_price_exp_lvl,price_expectations,6,-4.05174,0.000104612,-0.360607,-1.40241,98,-3.87246,-4.60675,-2.97519,-2.12912,6,2.96896,2.74096,2.29926,-0.502483,-1.50624,-2.43377,-4.05174,1.08839,1.42473,1.52576,-0.971231,-1.4686,-2.58982,-4.60675,3.68638,3.6445,3.16074,0.893553,-0.913763,-1.91304,-2.97519,0.00727466,1386
d_og,fao_ffpi_wloc_dyoy,commodities,3,4.05121,0.000104815,0.351599,1.46504,98,3.78715,3.46661,3.00432,1.42898,3,0.70039,1.83066,3.40348,4.05121,3.0258,1.74663,0.940984,-0.0548256,1.10775,2.84543,3.46661,2.89177,2.09807,1.13234,-0.534436,0.92597,2.44226,3.00432,2.57819,1.48441,0.714931,0.00727466,1386
d_og,eu_ppi_dom_c105_idx__dyoy,producer_prices_input_costs,1,3.99471,0.000130343,0.290648,1.19697,96,3.62415,3.48486,2.65434,1.39533,2,2.28295,3.99471,3.66323,2.31796,0.864951,0.154955,-0.707417,1.35326,3.48486,3.52877,2.52029,0.905071,0.0893273,-0.81542,1.42088,2.65434,3.02488,2.40664,1.08696,0.332477,-0.235434,0.00871132,1386
d_og,se_eursek__yoy,fx,5,-3.97105,0.000140034,-0.288415,-1.63252,98,-3.77704,-3.56825,-3.28509,-2.92108,5,-0.189256,-0.564753,-1.3373,-2.25113,-2.57644,-3.97105,-3.32905,-0.841074,-0.622048,-0.868532,-1.58306,-1.72382,-3.56825,-2.91087,0.684926,0.588499,-0.642421,-1.71758,-2.41094,-3.28509,-2.69049,0.00928657,1386
d_og,nw_price_cost_gap_ppi,other,0,-3.92371,0.000165882,-0.389812,-1.64167,98,-3.6933,-2.8172,-6.20009,-3.04627,0,-3.92371,-3.34343,-1.97558,-0.388014,0.906361,2.32025,2.07658,-2.8172,-2.21304,-1.0418,0.175334,0.885336,2.05886,1.82057,-6.20009,-5.85604,-3.71995,-2.05071,-0.133651,1.5688,1.14424,0.0108849,1386
d_og,ea_ec_food_ind_sell_price_exp__lvl,price_expectations,0,3.91166,0.000173159,0.30155,1.5689,98,3.47241,1.2758,4.07725,3.40003,6,3.91166,3.49661,2.77484,2.19863,0.310676,-1.39604,-2.67261,1.2758,1.96612,2.16413,2.34869,-0.309419,-1.40137,-2.85062,4.07725,4.38071,3.53725,3.02826,0.538346,-1.23874,-2.02578,0.0111596,1386
d_og,no_retail_foodstores_vol_sa_idx__yoy,activity_retail,6,3.8822,0.000195836,0.33538,1.5367,95,3.50288,2.51408,2.76415,2.28906,6,-2.45356,-3.24827,-2.32912,0.757215,1.8409,2.96026,3.8822,-0.841854,-1.56501,-2.00101,-0.0701356,0.673234,1.84778,2.51408,-2.93303,-4.22885,-2.9451,-0.240691,1.57715,2.54405,2.76415,0.0123276,1386
d_og,no_fx_eurnok__yoy,fx,4,-3.86326,0.000205564,-0.238558,-1.47154,98,-3.59329,-3.27281,-3.95451,-3.17056,4,0.00618099,-1.32355,-2.12116,-2.97014,-3.86326,-2.04051,-0.356474,0.65425,-0.582859,-1.37319,-2.30266,-3.27281,-2.65849,-1.30503,1.01645,-0.579299,-1.68815,-2.75653,-3.95451,-1.8613,0.180375,0.0128378,1386
d_og,w_unemp_d4,labour_market,1,-3.84993,0.000215464,-0.38963,-1.50986,98,-3.65732,-2.87454,-4.77462,-2.49218,1,-3.09447,-3.84993,-2.75174,0.0525524,0.660193,1.81768,3.42154,-2.33709,-2.87454,-2.64325,-1.29841,-0.80206,0.809247,2.27731,-3.60049,-4.77462,-3.66043,-1.47959,0.15132,1.23855,2.22036,0.01318,1386
d_og,glob_wb_food_idx_nok__dyoy,commodities,1,3.84407,0.00021995,0.362252,1.38415,98,3.64194,3.22681,3.2471,1.20971,1,3.03933,3.84407,2.93476,1.69475,1.21454,0.642642,0.192165,2.47296,3.22681,2.54734,1.40024,1.2244,0.443545,-0.255392,2.26655,3.2471,2.92513,2.64559,1.52003,0.787171,0.993248,0.0132999,1386
d_og,nw_retail_food_vol_yoy,activity_retail,6,3.84767,0.000221111,0.336094,1.48152,95,3.60618,2.92369,2.97196,2.05354,6,-1.97267,-1.66775,-0.927454,0.66572,2.11296,3.0993,3.84767,-0.946932,-0.702259,-0.820095,0.102015,1.51275,2.44542,2.92369,-3.2576,-2.50441,-1.62952,0.113135,1.95569,2.84214,2.97196,0.0132999,1386
d_og,eu_agri_wheat_bread_price__yoy,commodities,2,4.14154,0.000224742,0.430714,2.08992,36,3.51078,,5.53877,2.35453,,2.48885,3.12756,4.14154,3.61428,2.39887,1.53728,0.151616,,,,,,,,1.98428,3.61725,5.53877,6.80165,4.65441,1.92704,0.922029,0.0133895,1386
d_og,natgas_eu_eur_dyoy,energy,5,3.8879,0.000225073,0.185058,1.17881,75,3.56618,2.35592,3.35005,2.79513,4,-0.39656,1.40454,1.96475,2.81551,3.68948,3.8879,2.79029,-1.21106,0.243827,0.727488,1.80946,2.72813,2.35592,1.94994,-1.69804,0.27503,1.1594,2.34182,3.68772,3.35005,2.5345,0.0133895,1386
d_og,w_hh_saving_d4,wages_income,1,-3.72792,0.000329759,-0.312927,-1.4918,98,-3.48682,-2.99802,-3.00457,-2.06775,1,-1.67569,-3.72792,-3.34981,0.177244,0.616392,1.38903,0.596053,-0.55539,-2.99802,-2.40484,-0.518374,-1.10245,0.604165,-0.807955,-1.36076,-3.00457,-2.44893,-0.936323,0.559126,1.01665,0.0103614,0.0183094,1386
d_og,w_retail_food_vol_dyoy,activity_retail,1,-3.71293,0.000350912,-0.304924,-1.49777,96,-3.36932,-1.59481,-5.71615,-2.93067,6,-3.53019,-3.71293,-3.32728,-1.66232,0.67942,1.67044,2.37911,-1.31011,-1.59481,-1.62863,-1.16114,0.54721,1.24597,1.98802,-4.83799,-5.71615,-4.89784,-2.77559,0.317128,1.42594,1.53383,0.0190922,1386
d_og,glob_fao_cereals_idx__dyoy,commodities,5,3.7036,0.000358577,0.287433,1.69623,98,3.38536,3.57846,3.49039,2.92691,5,0.350237,0.45636,1.65394,2.87122,3.48834,3.7036,2.83387,0.439772,0.422851,1.19754,2.46677,3.41234,3.57846,2.56545,-0.760122,-0.417192,0.745301,2.56967,3.49941,3.49039,3.13187,0.0193152,1386
d_og,se_wage_idx_m__yoy,wages_income,3,-3.69876,0.000364598,-0.31774,-1.44976,98,-3.5302,-3.04401,-5.2242,-3.14353,3,-2.0937,-1.5106,-2.07257,-3.69876,-2.48053,-2.13085,-1.40903,-1.89893,-1.4066,-1.96937,-3.04401,-1.80809,-1.55674,-0.570286,-2.51654,-2.20105,-3.26689,-5.2242,-2.58381,-2.47275,-2.03901,0.0194696,1386
d_og,brent_nok_dyoy,energy,4,3.66607,0.000407803,0.247969,1.27456,98,3.35533,2.56542,3.31535,3.24247,6,-0.0636917,1.14361,1.63764,2.6885,3.66607,2.31399,2.31197,-0.792602,0.0784909,0.408465,1.60734,2.56542,2.66105,2.84453,-0.995663,0.35432,1.02169,2.16104,3.31535,1.73734,1.1563,0.0214336,1386
d_og,no_fx_eurnok__dyoy,fx,4,-3.65957,0.000416951,-0.269638,-1.43413,98,-3.42853,-3.28657,-3.5652,-2.93338,4,2.42155,0.122668,-1.0185,-1.82251,-3.65957,-3.4458,-1.87888,2.45661,1.14511,-0.145567,-1.26055,-3.28657,-3.14574,-2.68225,3.00827,1.20046,-0.417364,-1.2322,-3.5652,-2.81703,-0.751863,0.0216575,1386
d_og,wb_food_sek_dyoy,commodities,2,3.64809,0.000433586,0.447279,1.65014,98,3.45062,3.22482,3.70213,2.08718,2,1.93893,3.00596,3.64809,2.85463,2.35928,0.707995,-0.296534,1.25602,2.22098,3.22482,2.3016,1.95192,0.730957,-0.336904,1.4075,2.74025,3.70213,3.48346,2.46857,0.747921,0.173005,0.0222487,1386
d_og,nw_food_cpi_xvat_dyoy,consumer_prices,0,3.61672,0.000482323,0.280942,1.07746,98,3.16049,3.74542,6.26623,3.10822,0,3.61672,1.74887,0.634054,-0.903789,-1.69375,-2.26022,-3.02117,3.74542,3.06177,2.33197,-0.354803,-1.21684,-2.20496,-3.11375,6.26623,5.63648,3.05457,0.57836,-1.14829,-1.73527,-1.41338,0.0245171,1386
d_og,nw_food_cpi_dyoy,consumer_prices,0,3.61458,0.000485829,0.26174,1.06173,98,3.18192,3.26229,6.38801,3.02426,0,3.61458,1.6452,0.531817,-0.533715,-1.48046,-1.95416,-2.49294,3.26229,2.63871,1.94253,0.233969,-0.945614,-1.88396,-2.6043,6.38801,5.36831,2.73506,0.912438,-1.07736,-1.53694,-1.19616,0.0245206,1386
d_og,no_earn_idx_food_manuf_q__dyoy,wages_income,2,-3.57316,0.000558671,-0.410116,-1.70137,98,-3.35485,-3.173,-3.29781,-3.39084,2,0.119231,-0.334589,-3.57316,-0.46625,-0.15364,-1.02398,2.15492,0.283807,-0.6408,-3.173,-0.0934901,-0.098134,-0.477819,2.21475,0.696426,0.0550547,-3.29781,-0.866894,-0.494821,-1.08161,1.56389,0.0274944,1386
d_og,glob_fao_vegoils_idx__dyoy,commodities,6,3.5617,0.000580579,0.279429,1.22304,98,3.33054,3.02757,2.95422,3.02205,6,-0.974784,-0.190334,0.585769,1.57152,2.5654,2.72017,3.5617,-0.548737,-0.178636,0.161233,0.978536,2.33064,2.42742,3.02757,-1.81229,-1.3863,-0.632669,0.54382,2.79816,2.44256,2.95422,0.0281685,1386
d_og,glob_gscpi__lvl,packaging_freight,1,3.55306,0.000597641,0.271977,1.43206,98,3.06539,1.5236,3.23828,3.28155,1,2.11879,3.55306,2.56425,1.62926,2.21923,2.03074,1.0022,0.643634,1.5236,0.347136,-0.0259699,0.523898,0.754913,-0.0315161,1.85898,3.23828,2.79662,2.19871,2.62723,2.42239,1.34846,0.0286315,1386
d_og,se_na_hhcons_food_sa__dyoy,activity_retail,0,-3.50979,0.000690406,-0.323593,-1.62685,98,-3.28132,-2.98695,-4.28232,-3.07262,0,-3.50979,-1.41325,0.0391543,-1.81433,1.90693,2.82544,1.76914,-2.98695,-1.22427,-0.204657,-2.42309,1.68604,2.55489,1.65279,-4.28232,-2.93604,-0.865208,-2.16972,1.72624,2.57647,1.44296,0.0322202,1386
d_og,w_fx_vs_nok_yoy,fx,4,3.49848,0.000716804,0.225237,1.29079,98,3.25581,3.12549,3.82656,3.0368,4,-0.656533,1.11985,1.93347,2.63534,3.49848,1.06999,-0.45532,-2.19588,0.175125,1.03069,1.90479,3.12549,1.84233,0.43756,-1.55336,0.606054,1.59432,2.38942,3.82656,0.995477,-0.879483,0.0333086,1386
d_og,us_ppi_corrugated_boxes_idx__yoy,packaging_freight,2,3.47459,0.000775723,0.243709,1.22557,98,3.30792,2.28385,3.99478,1.99689,3,2.06922,2.93417,3.47459,2.89096,1.23242,-0.0754482,-1.34633,0.420197,1.32684,2.28385,2.57164,1.77967,0.597951,-0.638819,1.79501,2.94738,3.99478,3.86314,1.53916,0.112024,-0.955662,0.0352892,1386
d_og,w_food_cpi_xvat_dyoy,consumer_prices,0,3.45929,0.000815836,0.251187,0.994488,98,3.03466,5.28861,7.43183,2.48459,0,3.45929,1.91638,-0.115372,-0.983252,-1.65715,-2.30432,-3.26992,5.28861,3.71707,0.581396,-0.588887,-1.49584,-2.34496,-3.65446,7.43183,4.7858,1.68167,0.054934,-1.20291,-2.09054,-2.01185,0.0369587,1386
d_og,no_imp_price_food_idx__yoy,producer_prices_input_costs,4,-3.45102,0.000852413,-0.2591,-1.30023,94,-3.12988,-3.53268,-3.67575,-2.63711,5,0.481189,-0.705307,-1.02831,-2.72945,-3.45102,-3.11981,-2.43684,-0.307111,-0.903836,-1.16974,-2.38589,-3.53268,-3.88163,-2.53453,1.27634,0.108959,-0.452225,-2.32745,-3.67575,-2.65348,-1.21749,0.0384548,1386
d_og,elec_nordic_loc_yoy,energy,3,3.44256,0.00086193,0.223907,1.47213,98,3.14241,1.82576,3.6276,2.39664,3,0.3524,1.97841,3.06628,3.44256,3.11522,1.23573,-0.489401,-1.23851,0.405718,1.36125,1.82576,1.63595,1.80923,0.529469,0.126589,1.61026,2.94386,3.6276,3.25877,1.27691,-0.325794,0.0385628,1386
d_og,glob_fao_ffpi__dyoy,commodities,5,3.43722,0.000877152,0.26168,1.25072,98,3.22457,3.03636,2.89267,3.04173,4,-0.343684,0.434613,1.59881,2.67506,3.3401,3.43722,2.72562,-0.29267,0.110862,1.03697,2.40787,3.10572,3.03636,2.35062,-1.38005,-0.836578,0.313078,1.74984,3.15799,2.89267,2.23821,0.0390823,1386
d_og,w_ec_food_retail_sell_price_exp_d4,price_expectations,1,3.51544,0.000887358,0.294012,1.56088,59,3.11054,1.72622,3.40047,1.66381,4,2.04856,3.51544,3.44437,3.16169,2.01348,0.638534,0.190505,0.305695,1.72622,1.99271,4.34259,4.72857,2.08282,0.519557,1.87873,3.40047,3.42051,4.48975,2.68007,0.911486,1.25968,0.0392739,1386
d_og,w_food_cpi_dyoy,consumer_prices,0,3.4179,0.000934368,0.242727,0.981736,98,2.99466,5.20324,7.37833,2.42277,0,3.4179,1.8528,0.15636,-0.857599,-1.54982,-2.17986,-3.37257,5.20324,3.71414,1.2346,-0.422649,-1.3796,-2.22104,-3.53936,7.37833,4.68577,1.90916,0.143553,-1.18376,-1.96528,-2.26436,0.0407923,1386
d_og,price_cost_gap_fao_wloc_d4,other,2,-3.41109,0.000955339,-0.336084,-1.37712,98,-3.20058,-2.74432,-2.34589,-0.984732,3,-1.23439,-2.59025,-3.41109,-3.35156,-2.15463,-1.47054,-1.0309,-0.605737,-2.0898,-2.74432,-3.03352,-2.4947,-1.63412,-1.18625,-9.38549e-05,-1.56576,-2.34589,-3.19689,-2.05937,-1.5831,-1.60337,0.0415403,1386
d_og,glob_fao_ffpi_nok__dyoy,commodities,2,3.40151,0.000985605,0.337321,1.3874,98,3.21757,2.70767,2.20981,1.00353,3,1.2869,2.15247,3.40151,3.09926,1.60056,1.0889,0.810385,0.610013,1.4759,2.70767,2.90531,2.05108,1.43583,0.872745,0.348719,1.21968,2.20981,2.59459,1.43589,0.954548,0.872006,0.0423462,1386
d_og,eu_agri_wheat_bread_price__dyoy,commodities,4,3.68628,0.00100867,0.449915,2.48993,30,3.28281,,3.76075,2.90702,,0.178807,0.834584,1.99376,3.40039,3.68628,,,,,,,,,,-0.650339,0.11978,1.24499,2.57571,3.76075,,,0.042996,1386
d_og,no_jordbruk_malpris_mnok__lvl,tax_policy,5,-3.38918,0.0010259,-0.247983,-1.22821,98,-2.97538,-3.42884,-5.53592,-3.26186,5,-0.255984,-0.212918,-1.12551,-1.81861,-2.52214,-3.38918,-2.9319,-0.831795,-0.742715,-1.18876,-1.41573,-2.51765,-3.42884,-3.15542,0.516771,0.53299,-0.147847,-1.62003,-2.77002,-5.53592,-5.44,0.0433889,1386
d_og,w_fx_vs_eur_yoy,fx,4,-3.36879,0.00109597,-0.200278,-1.36149,98,-3.1273,-2.75648,-3.28627,-2.59835,5,-0.640537,-1.35828,-2.00342,-2.82007,-3.36879,-3.05178,-1.50189,-0.397114,-0.877249,-1.46724,-2.34359,-2.75648,-3.04018,-2.00553,0.360353,-0.437433,-1.54335,-2.65278,-3.28627,-2.65289,-0.819621,0.045639,1386
d_og,wb_food_wloc_dyoy,commodities,2,3.31358,0.00130892,0.384894,1.40146,98,3.14957,2.85889,3.26903,1.65151,2,2.08284,3.10058,3.31358,2.40706,2.28921,1.3681,0.40648,1.53478,2.41892,2.85889,1.88713,1.88411,1.10511,0.0900978,1.22177,2.68709,3.26903,3.02675,2.46547,1.36062,0.872927,0.0511299,1386
d_og,w_retail_total_vol_yoy,activity_retail,4,3.31354,0.00131368,0.282049,1.16704,97,3.0798,3.01264,3.61572,2.37454,4,0.62115,1.27387,2.35407,2.88268,3.31354,2.72597,2.34302,1.35952,2.00609,2.37114,2.30013,3.01264,2.00204,1.68413,-0.347963,0.532799,1.85692,2.98253,3.61572,3.08388,3.12333,0.0511299,1386
d_og,w_fx_vs_usd_dyoy,fx,6,-3.31152,0.00131755,-0.265122,-1.07866,98,-3.14129,-2.69683,-2.24187,-3.4956,6,1.28286,1.36769,1.50001,-0.0400856,-1.29397,-2.69589,-3.31152,0.487296,0.87869,1.25183,0.293656,-0.604356,-2.14525,-2.69683,1.53071,2.11763,2.26195,0.990781,-0.868455,-2.28687,-2.24187,0.0511299,1386
d_og,w_retail_food_vol_yoy,activity_retail,6,3.30903,0.00134239,0.28302,1.28639,95,3.11437,2.39145,2.5871,1.55876,5,-1.45306,-0.955119,-0.165647,0.928321,2.33534,3.06848,3.30903,-0.190941,0.168597,0.217465,0.523277,2.02143,2.62774,2.39145,-2.29622,-1.52031,-0.734005,0.432424,2.23854,2.8314,2.5871,0.0517231,1386
d_og,se_wage_idx_m__dyoy,wages_income,5,-3.29984,0.00136763,-0.332374,-1.3881,98,-3.12077,-4.04046,-2.93592,-2.30284,3,0.1019,0.457421,-0.373317,-3.29266,-3.11044,-3.29984,-2.48609,-0.129038,-0.159724,-2.20925,-5.12906,-3.59985,-4.04046,-2.10662,0.732257,0.727289,-0.20934,-2.26721,-2.48427,-2.93592,-2.29388,0.052394,1386
d_og,se_food_vat_rate__d4,tax_policy,0,3.278,0.00146608,0.0510244,0.199329,98,3.18808,2.6482,2.91549,4.48891,0,3.278,,,,,,,2.6482,,,,,,,2.91549,,,,,,,0.055116,1386
d_og,se_food_vat_rate__lvl,tax_policy,0,3.278,0.00146608,0.0510244,0.199329,98,3.18808,2.6482,2.91549,4.48891,0,3.278,,,,,,,2.6482,,,,,,,2.91549,,,,,,,0.055116,1386
d_og,w_fx_vs_nok_dyoy,fx,4,3.27524,0.00147896,0.277557,1.36974,98,3.0531,2.80669,3.02817,2.77635,0,-2.89804,0.168914,1.33243,1.66593,3.27524,2.23296,0.740422,-3.57642,-1.00067,0.439319,0.994873,2.80669,1.91384,1.2515,-3.0939,-0.58281,0.880034,1.08028,3.02817,1.78781,-0.170126,0.0554076,1386
d_og,no_earn_idx_food_manuf_q__yoy,wages_income,2,-3.25726,0.00156565,-0.394741,-1.61575,98,-3.00064,-2.9283,-3.78364,-4.0812,2,-0.749147,-1.19641,-3.25726,-0.435852,-0.98715,-0.711845,2.18483,-0.0922414,-0.796334,-2.9283,0.302174,-0.541482,0.16984,2.42064,-0.788917,-1.51548,-3.78364,-1.31204,-1.37527,-1.13931,1.359,0.0580528,1386
d_og,eu_ppi_dom_c105_idx__yoy,producer_prices_input_costs,6,-3.24342,0.00165205,-0.266724,-1.11281,95,-2.99167,-3.11039,-2.79112,-2.06708,6,2.52003,2.16492,1.08716,-0.100496,-1.0786,-2.17653,-3.24342,1.4757,2.58653,1.43752,0.0913342,-0.84015,-2.11365,-3.11039,2.02888,2.34307,1.41496,0.47001,-0.778752,-1.70349,-2.79112,0.0606334,1386
d_og,w_unemp_lvl,labour_market,6,3.23116,0.00170001,0.320663,1.46917,98,3.07126,2.56394,2.78758,1.93915,6,-1.11173,-0.479309,0.854406,2.10378,2.34296,2.9751,3.23116,-0.339837,-0.218465,0.583456,1.55374,1.65926,2.33915,2.56394,-1.70213,-1.23337,-0.0512228,1.49664,2.07277,2.42018,2.78758,0.0615591,1386
d_og,ea_negotiated_wages_yoy_q__lvl,wages_income,3,-3.21238,0.0018032,-0.348605,-1.27413,98,-2.97422,-3.08436,-4.35916,-1.88347,0,-3.15348,-2.99814,-2.32833,-3.21238,-2.07127,-1.56524,-1.87158,-3.79129,-3.11403,-1.93375,-3.08436,-1.62879,-1.20783,-1.45914,-2.0716,-3.18454,-3.32258,-4.35916,-2.5224,-1.85241,-2.9873,0.0650781,1386
d_og,glob_wb_food_idx_nok__yoy,commodities,0,3.20575,0.00184105,0.4393,1.72154,98,3.01471,2.3288,4.22074,2.38505,6,3.20575,2.70724,1.80768,0.789862,-0.122953,-0.945252,-1.31035,2.3288,1.46216,0.652904,-0.470671,-1.09958,-2.24182,-3.00554,4.22074,4.49183,3.62296,2.33264,0.366029,-0.701031,-0.1979,0.0662233,1386
d_og,no_imp_price_food_idx__dyoy,producer_prices_input_costs,0,3.20695,0.00185809,0.31814,1.19326,94,2.93471,3.01676,2.97115,2.29442,0,3.20695,2.01467,0.682103,-0.953179,-1.93597,-2.63094,-1.57031,3.01676,2.86402,0.689363,-0.541543,-1.52493,-2.61425,-1.24475,2.97115,2.29812,1.30714,0.345853,-1.48789,-1.84277,0.538167,0.0663952,1386
d_og,w_food_cpi_rel_dyoy,consumer_prices,6,-3.19908,0.00187987,-0.228546,-0.997789,98,-3.05224,-4.52432,-1.86373,-2.04042,6,0.798214,-0.0747179,-1.02244,-1.77881,-2.44371,-2.47636,-3.19908,3.01099,2.01644,-0.235967,-1.09039,-2.0413,-2.47359,-4.52432,2.20519,1.05941,-0.174964,-1.12777,-2.20666,-2.42294,-1.86373,0.066733,1386
d_og,glob_fao_meat_idx__dyoy,commodities,3,3.14202,0.0022443,0.278427,1.24084,98,2.93142,2.37884,1.78931,1.25221,3,0.778849,1.2389,1.8949,3.14202,1.05703,0.538942,0.134565,0.431313,0.580406,1.20562,2.37884,1.23732,1.40812,0.964651,-0.466008,0.262891,0.930185,1.78931,0.758512,0.410162,-0.342652,0.0771403,1386
d_og,glob_wb_food_idx_eur__yoy,commodities,1,3.13167,0.00231711,0.375864,1.4473,98,2.98266,1.67515,3.67176,1.9561,0,2.74736,3.13167,2.64414,1.87693,1.16622,0.0720426,-0.977232,1.73593,1.67515,1.30369,0.730993,0.299106,-0.553033,-1.50888,2.76683,3.67176,4.03875,3.23171,1.58665,0.29814,-0.310169,0.0788918,1386
d_og,nw_real_wage_yoy,wages_income,6,3.0908,0.0026265,0.248644,1.08613,98,2.78049,3.20176,4.52091,2.18754,4,-2.0719,0.343331,0.63219,1.23748,3.03563,1.73793,3.0908,-1.67311,1.70982,1.43063,2.18876,3.41514,1.80523,3.20176,-4.14185,-1.02958,-0.439267,0.814899,2.9938,1.77415,4.52091,0.086174,1386
d_og,no_jordbruk_malpris_mnok__d4,tax_policy,1,3.08766,0.00267429,0.232584,1.15412,95,2.818,2.46102,4.56949,3.25883,6,2.47635,3.08766,2.17243,0.186679,-1.20027,-2.23842,-2.79835,1.97887,2.46102,2.02939,0.403296,-1.28264,-2.29161,-2.84537,3.84473,4.56949,3.23613,0.938541,-0.156739,-1.68994,-2.29221,0.0874767,1386
d_og,glob_wb_food_idx_eur__dyoy,commodities,4,3.02898,0.00316804,0.204147,1.25093,98,2.83316,2.47528,3.15181,2.73771,4,1.32901,2.25715,2.99614,2.71485,3.02898,2.36891,1.15347,0.86754,1.60587,2.44816,2.14355,2.47528,2.02041,0.834211,0.173332,1.54642,2.7343,3.05978,3.15181,2.14551,1.42113,0.100884,1386
d_og,price_cost_gap_fao_nok_d4,other,2,-3.0032,0.00342312,-0.284196,-1.22402,98,-2.80234,-2.54781,-2.1445,-0.807021,2,-1.43683,-2.63541,-3.0032,-1.95557,-1.50056,-1.38065,-0.950596,-0.918693,-2.05785,-2.54781,-2.23751,-1.8397,-1.40138,-0.862769,-0.204956,-1.39742,-2.1445,-2.64228,-1.51734,-1.57085,-1.76406,0.107117,1386
d_og,elec_nordic_loc_dyoy,energy,5,2.99038,0.00358394,0.147801,1.03386,95,2.77821,2.20532,2.93875,2.69329,5,-1.23727,0.694058,2.10709,2.76646,2.39505,2.99038,1.01737,-1.62249,-0.532064,0.660809,1.36004,0.960044,2.20532,1.29759,-1.613,-0.0798432,1.66,2.24504,2.09501,2.93875,0.709334,0.110868,1386
d_og,brent_nok_yoy,energy,3,2.92316,0.00434082,0.290799,1.47788,98,2.6878,1.85402,2.58711,1.92143,4,1.47067,2.15577,2.61328,2.92316,2.46914,0.346077,-0.262152,0.388253,1.14087,1.54807,1.85402,1.89056,1.24933,0.889759,0.782512,1.48909,2.02474,2.58711,2.01534,-0.0103262,-0.649006,0.129117,1386
d_og,wb_food_wloc_yoy,commodities,1,2.92011,0.00437986,0.37437,1.40704,98,2.77956,1.48379,4.11492,2.55989,6,2.82713,2.92011,2.22052,1.35367,0.597535,-0.617283,-1.52794,1.72825,1.48379,0.951582,0.137041,-0.357161,-1.62086,-2.69208,3.43166,4.11492,3.92308,2.84415,1.03209,-0.359347,-0.627276,0.129921,1386
d_og,glob_wb_food_idx__dyoy,commodities,5,2.8546,0.00530172,0.190262,1.17272,98,2.70663,2.30084,2.58559,2.39505,4,0.245426,0.705387,1.24464,1.96748,2.58953,2.8546,2.20345,0.750571,0.728177,0.792272,1.46052,2.30871,2.30084,1.67705,-0.575474,-0.133491,0.541796,1.63129,2.58513,2.58559,2.34745,0.15226,1386
d_og,glob_fao_ffpi__yoy,commodities,2,2.7528,0.00709205,0.331076,1.49229,98,2.57315,1.87,1.94788,1.11815,3,1.68668,2.2356,2.7528,2.61099,1.8317,1.31907,0.524715,0.928656,1.32594,1.87,1.91714,1.16732,0.825725,0.232514,0.738449,1.25877,1.94788,2.21211,1.67869,1.20001,0.284942,0.195883,1386
d_og,glob_fao_vegoils_idx__yoy,commodities,3,2.73806,0.00739276,0.322938,1.512,98,2.52509,1.70112,2.33857,1.44092,3,1.06731,1.82272,2.43824,2.73806,2.16201,1.76455,1.43038,0.437266,0.970988,1.26294,1.70112,1.26294,0.964168,0.729815,-0.0246153,0.933151,1.73079,2.33857,2.19014,1.62813,1.11159,0.201111,1386
d_og,wb_food_sek_yoy,commodities,1,2.73146,0.00753104,0.390363,1.41542,98,2.58535,1.30975,3.67969,2.95132,6,2.64314,2.73146,2.11414,1.31578,0.372318,-1.51207,-2.68648,1.37915,1.30975,0.942187,0.130396,-0.438635,-2.19925,-3.76412,3.47313,3.67969,3.72836,2.84745,0.861251,-1.17921,-1.59865,0.204359,1386
d_og,price_cost_gap_agri,other,2,-2.70684,0.00806822,-0.268642,-1.36455,98,-2.53284,-2.00243,-2.03923,-1.68349,2,-1.60284,-2.54813,-2.70684,-1.54642,-0.575885,0.0588634,0.776163,-0.400374,-1.48888,-2.00243,-1.20915,-0.902091,-0.114144,0.649557,-1.20073,-1.83131,-2.03923,-1.12061,-0.504764,-0.0617761,0.958288,0.214106,1386
d_og,w_ec_food_retail_sell_price_exp_lvl,price_expectations,0,2.69182,0.00919537,0.265165,1.51683,64,2.39014,0.345708,3.1288,4.44315,2,2.69182,2.37671,1.97274,0.908357,-0.428011,-1.6539,-1.82984,0.345708,1.67334,2.60236,1.01551,-0.324654,-1.70599,-1.81715,3.1288,3.37602,2.60034,1.78061,-0.0322624,-1.32095,-0.936327,0.238751,1386
d_og,no_cpi_total_idx__yoy,consumer_prices,6,-2.65658,0.00927468,-0.215598,-1.08354,98,-2.42642,-2.26412,-2.10671,-1.01584,0,-0.0819786,0.288375,-0.0815605,-0.734755,-0.799581,-1.85353,-2.65658,-2.38986,-1.55177,-1.77511,-1.4056,-0.974791,-1.94279,-2.26412,0.507058,0.734552,0.486749,-0.239001,-0.817676,-1.51775,-2.10671,0.240234,1386
d_og,no_fn_cci_sa__lvl,consumer_survey,3,2.5952,0.0109686,0.238789,0.975227,98,2.40639,2.97091,1.77096,-2.12581,4,0.413517,1.61525,2.37262,2.5952,2.11111,1.46332,1.06687,1.40017,2.37142,2.91138,2.97091,2.99618,2.71413,2.21576,-0.442949,0.451228,1.22835,1.77096,2.05344,1.4173,0.790914,0.274904,1386
d_og,eu_agri_basket_dyoy,commodities,2,2.58039,0.0114694,0.218759,1.1792,95,2.40006,2.00931,1.95863,1.25949,2,1.29571,2.13633,2.58039,1.59352,0.481504,0.307949,-0.0443592,0.243333,1.38424,2.00931,1.65338,1.08417,0.467954,0.0350689,1.18062,1.67996,1.95863,1.34565,0.508788,0.347704,0.0548961,0.284165,1386
d_og,no_cpi_food_idx__yoy,consumer_prices,3,-2.57432,0.0116053,-0.220451,-1.406,98,-2.38626,-2.00034,-2.66755,-0.378299,1,-1.29357,-1.80177,-2.38382,-2.57432,-2.18985,-1.60585,-1.65559,-2.13538,-2.20927,-2.13244,-2.00034,-1.6919,-1.74453,-2.05266,-0.222934,-1.11837,-1.89707,-2.66755,-4.01662,-2.58998,-2.30909,0.286122,1386
d_og,glob_fao_dairy_idx__yoy,commodities,3,2.55955,0.0120759,0.295639,1.37595,98,2.36518,2.18996,1.53241,1.04708,3,-0.154758,1.08054,2.16268,2.55955,2.17806,0.993288,0.407545,-0.85582,0.473995,1.68906,2.18996,1.79144,0.824361,0.336168,-1.0826,-0.0221124,0.882672,1.53241,1.67873,0.722066,-0.113765,0.293813,1386
d_og,glob_fao_cereals_idx__yoy,commodities,2,2.50882,0.0138256,0.294626,1.26221,98,2.38047,1.72416,2.32519,1.2942,0,2.34614,2.22891,2.50882,2.2733,1.55907,1.21365,0.431992,1.98342,1.61117,1.72416,1.62072,0.991578,0.67628,-0.0134865,1.77433,1.86722,2.32519,2.4575,1.61151,1.31233,0.633415,0.331909,1386
d_og,no_real_wage_qna_yoy_q__d4,wages_income,6,2.501,0.0142359,0.18377,1.09956,92,2.32358,2.80478,2.30921,2.52519,6,-1.88723,-0.102312,-1.76883,0.627974,-0.061068,-0.406314,2.501,-1.48314,0.140557,-1.89446,0.960066,0.657408,-0.0620519,2.80478,-1.51319,-0.430867,-2.3182,0.00123686,-0.284224,-0.519948,2.30921,0.34047,1386
d_og,w_policy_rate_d4,rates,6,-2.49656,0.0142813,-0.168299,-1.06997,98,-2.24909,-2.60724,-1.82514,-1.51265,6,1.58693,0.804424,0.303691,0.0141723,-0.562817,-1.11719,-2.49656,1.27216,0.486479,0.201903,0.0500625,-0.412173,-0.955456,-2.60724,2.53766,1.61002,0.931225,0.499857,-0.369215,-0.900073,-1.82514,0.340584,1386
d_og,glob_fao_meat_idx__yoy,commodities,3,2.41019,0.0178903,0.25335,1.18447,98,2.25122,1.67044,1.73839,1.17444,3,1.86817,2.03749,2.09966,2.41019,0.617162,-0.029206,-0.715988,1.26565,1.36516,1.42745,1.67044,0.510769,0.425243,-0.202941,0.768188,1.17217,1.37386,1.73839,0.447968,-0.0824595,-0.979822,0.40523,1386
d_og,w_hh_real_inc_yoy,wages_income,2,2.41461,0.0184891,0.235358,1.52839,71,2.17627,1.82165,2.52404,0.00287494,4,1.46892,1.85112,2.41461,2.37056,1.65814,1.23992,0.157726,1.37254,2.02674,1.82165,2.72994,3.76391,2.10154,2.17183,0.435256,0.847842,2.52404,2.66334,1.94074,1.4012,0.351943,0.416181,1386
d_og,glob_fao_dairy_idx__dyoy,commodities,4,2.35854,0.020418,0.242344,0.970781,98,2.21804,1.99294,1.62625,2.01868,4,-1.43313,0.0535395,0.894814,1.97442,2.35854,1.53211,1.48394,-1.55112,-0.233468,0.648422,1.67889,1.99294,1.3075,1.19574,-1.96258,-0.847284,-0.144013,0.638129,1.62625,1.06144,0.624638,0.45024,1386
d_og,price_cost_gap_agri_d4,other,2,-2.33381,0.0218077,-0.213043,-1.16917,95,-2.16771,-1.69741,-1.50861,-0.820258,3,-0.788249,-1.64143,-2.33381,-1.79376,-0.946894,-0.916951,-0.855254,0.284201,-0.88542,-1.69741,-1.73612,-1.55751,-1.04471,-0.943433,-0.410534,-0.988612,-1.50861,-1.25207,-0.833216,-0.850305,-0.673717,0.46848,1386
d_og,w_fx_vs_usd_yoy,fx,6,-2.2994,0.0236965,-0.200175,-1.05212,98,-2.17553,-1.96066,-1.39127,-1.79723,6,0.578949,0.33403,0.247095,-1.39304,-1.79531,-2.27583,-2.2994,-0.283121,-0.141153,0.252238,-0.925757,-1.18873,-1.81732,-1.96066,1.50846,1.6604,1.58877,-0.0175358,-1.25384,-1.79088,-1.39127,0.493562,1386
d_og,se_policy_rate__lvl,rates,4,-2.26428,0.0258553,-0.209025,-1.057,98,-2.14948,-1.86704,-2.19213,-2.30009,4,-1.1687,-1.74383,-2.12622,-2.18511,-2.26428,-2.09139,-1.96271,-0.725464,-1.29905,-1.71428,-1.77683,-1.86704,-1.63239,-1.43517,-1.13605,-1.77803,-2.31737,-2.58571,-2.19213,-2.2264,-2.39473,0.530535,1386
d_og,eu_agri_basket_yoy,commodities,1,2.23774,0.0275998,0.133109,0.969309,98,2.10824,1.21689,1.75616,1.84633,2,1.65567,2.23774,1.98348,0.485165,-0.507234,-0.917687,-1.46808,0.266,1.21689,1.56123,0.319661,-0.132119,-0.783327,-1.41723,1.40364,1.75616,1.58117,0.505871,-0.575459,-0.849144,-1.83961,0.558173,1386
d_og,eu_agri_basket_wloc_dyoy,commodities,1,2.22101,0.0288049,0.11263,1.01081,96,2.03109,1.5767,1.97756,1.18572,2,1.65185,2.22101,2.17195,0.751872,-0.381353,-0.388973,-0.521701,0.618313,1.5767,1.77899,1.02941,0.196564,-0.231822,-0.523662,1.86265,1.97756,1.66867,0.760746,-0.26424,-0.307192,-0.392894,0.575412,1386
d_og,w_policy_rate_lvl,rates,4,-2.20713,0.0297391,-0.207305,-1.10832,98,-2.09899,-1.70657,-2.11626,-2.12383,4,-1.12945,-1.65376,-1.91386,-1.9061,-2.20713,-2.12509,-2.09816,-0.843828,-1.28126,-1.48417,-1.40852,-1.70657,-1.57992,-1.51328,-1.09344,-1.69898,-2.12298,-2.28969,-2.11626,-2.15125,-2.30582,0.589544,1386
d_og,se_nier_food_mfg_sell_price_exp__lvl,price_expectations,2,2.1985,0.0303678,0.205549,0.985003,98,2.08974,1.02949,2.68687,4.78091,6,1.9695,2.14254,2.1985,2.00045,-0.847208,-1.65514,-2.05122,0.486291,0.784939,1.02949,1.14457,-0.87304,-1.46215,-1.87529,2.25129,2.55707,2.68687,2.32379,-0.373936,-1.31729,-1.58296,0.59781,1386
d_og,no_fn_cci_sa__d4,consumer_survey,4,2.13242,0.0355789,0.153391,0.747648,98,2.01307,2.0965,1.27107,1.13731,6,-1.79258,0.13155,0.955265,1.43984,2.13242,2.096,1.86348,-1.29228,-0.111027,0.475609,0.823478,2.0965,4.78414,6.15299,-4.77605,-3.3746,-1.68783,-0.404439,1.27107,1.67739,0.908669,0.667619,1386
d_og,glob_wb_food_idx__yoy,commodities,1,2.06052,0.0421115,0.258638,1.11938,98,1.94953,1.18485,1.65105,0.865703,0,1.97074,2.06052,1.68499,1.61655,1.20946,0.797513,0.316777,1.45448,1.18485,0.592464,0.656133,0.344861,0.0600371,-0.384809,1.55819,1.65105,1.49001,1.6373,1.23719,0.812154,0.378595,0.74991,1386
d_og,no_policy_rate__d4,rates,6,-2.0575,0.0424075,-0.151771,-1.13312,98,-1.90926,-1.94744,-1.76553,-1.52712,6,0.741409,0.49049,0.412557,0.378872,-0.466095,-1.0443,-2.0575,0.358764,0.202239,0.373853,0.577889,-0.10706,-0.643356,-1.94744,1.02908,0.884989,0.792084,0.636155,-0.361429,-0.913041,-1.76553,0.75394,1386
d_og,se_policy_rate__d4,rates,6,-2.04349,0.0438023,-0.150757,-0.772161,98,-1.83868,-2.70922,-1.38667,-0.866414,6,1.60742,0.595809,0.00202185,-0.220479,-0.517205,-0.890728,-2.04349,1.855,0.612892,0.0537199,-0.193865,-0.568087,-1.13271,-2.70922,3.01315,1.4956,0.587733,0.235553,-0.280934,-0.676363,-1.38667,0.771141,1386
d_og,w_wage_yoy,wages_income,0,-1.98513,0.050045,-0.141305,-1.09437,98,-1.87274,-1.69581,-2.38161,-1.56888,0,-1.98513,0.0603519,-0.752352,-0.399906,0.717142,-1.16346,-0.343545,-1.69581,0.677763,-0.260408,0.219617,1.36643,-0.899152,-0.0135922,-2.38161,-0.591927,-1.00807,-0.444361,0.780238,-1.16426,-0.0836849,0.85599,1386
d_og,se_retail_grocery_vol_sa_idx__yoy,activity_retail,2,1.9819,0.0504106,0.210353,0.925483,98,1.84859,1.29115,1.99742,-0.58861,6,-0.122558,1.78148,1.9819,0.200396,1.0415,1.33205,0.498681,-0.565554,1.23705,1.29115,0.330067,1.85854,1.79764,2.15187,-0.92705,1.07427,1.99742,0.630044,1.58523,1.84044,1.02128,0.859528,1386
d_og,w_wage_dyoy,wages_income,0,-1.942,0.0551308,-0.19175,-0.947025,98,-1.81335,-1.83383,-1.89121,-1.17866,0,-1.942,0.962098,-0.352446,-0.138554,1.03643,-1.42467,0.792624,-1.83383,1.35681,-0.164371,0.561359,1.64703,-1.27431,1.07566,-1.89121,0.311414,-0.667253,-0.0958715,1.0225,-1.21698,1.00894,0.912701,1386
d_og,eu_agri_basket_wloc_yoy,commodities,1,1.87167,0.0643624,0.0816362,0.699892,98,1.75933,0.870229,1.44582,2.01784,6,1.43196,1.87167,1.48909,-0.593275,-1.49602,-1.4952,-1.6188,-0.0775539,0.870229,1.0847,-0.531066,-1.03986,-1.52307,-1.71478,1.38208,1.44582,1.07451,-0.253102,-1.6834,-1.44716,-2.09469,1,1386
d_og,se_retail_grocery_vol_sa_idx__dyoy,activity_retail,5,1.77334,0.0794119,0.128432,0.629535,98,1.60083,1.86777,1.82031,1.88466,6,-0.900809,-0.0546077,0.932187,-0.214927,0.400723,1.77334,1.55421,-2.26779,-0.604554,0.173368,-0.451758,1.19941,1.86777,3.15267,-1.3831,-1.32961,0.0747406,-0.145265,0.520695,1.82031,1.69983,1,1386
d_og,no_policy_rate__lvl,rates,4,-1.69709,0.0929884,-0.171736,-0.93654,98,-1.6087,-1.0598,-1.55556,-1.6505,1,-1.37023,-1.65945,-1.62605,-1.41921,-1.69709,-1.66281,-1.68999,-0.890824,-1.13836,-0.976101,-0.660737,-1.0598,-1.02282,-1.05947,-1.77665,-2.10912,-2.11747,-1.97286,-1.55556,-1.5853,-1.7902,1,1386
d_og,no_govbond_10y__lvl,rates,0,-1.65684,0.100887,-0.135753,-0.640072,98,-1.5855,-1.34511,-2.52649,-2.53885,0,-1.65684,-1.19553,-1.2443,-1.12184,-1.22092,-1.16344,-1.15185,-1.34511,-0.675888,-0.611677,-0.345152,-0.296885,-0.13266,-0.100664,-2.52649,-2.03579,-1.96012,-1.88297,-1.13116,-1.21921,-1.34671,1,1386
d_og,no_cpi_total_idx__dyoy,consumer_prices,2,1.5724,0.119218,0.166194,0.918876,98,1.47093,0.56277,2.25689,1.84361,6,0.446445,1.46591,1.5724,1.44071,0.779902,0.414501,-1.26028,-0.614473,0.409807,0.56277,0.862286,0.224538,-0.0704152,-1.31498,1.03989,2.19836,2.25689,2.13916,1.01861,0.890628,-0.563265,1,1386
d_og,no_nbes_bl_sell_price_di__lvl,price_expectations,2,1.52039,0.131843,0.17628,0.826677,96,1.44089,0.75998,1.29546,1.21338,6,1.07147,1.30106,1.52039,0.706994,0.479639,0.110372,-0.714229,0.199714,0.570209,0.75998,-0.5435,-0.36907,-0.379597,-0.900715,0.745031,0.978649,1.29546,0.811469,0.625536,0.180754,-0.664493,1,1386
d_og,no_real_wage_qna_yoy_q__lvl,wages_income,6,1.51212,0.134007,0.134445,0.843926,94,1.39075,1.55024,1.49657,0.911311,6,-1.43831,-0.203673,-0.183044,0.607058,0.575147,0.0271898,1.51212,-0.695149,0.439818,-0.167379,0.653922,0.993059,0.213592,1.55024,-1.64846,-0.769994,-1.01897,0.20336,0.633959,0.0298605,1.49657,1,1386
d_og,w_gov10y_lvl,rates,0,-1.42265,0.158146,-0.123694,-0.55564,98,-1.36262,-1.04385,-2.09968,-2.25898,0,-1.42265,-1.2042,-1.38629,-1.36806,-1.41353,-1.30663,-1.16436,-1.04385,-0.611818,-0.73714,-0.619157,-0.52066,-0.357357,-0.125455,-2.09968,-1.89351,-2.04349,-2.06775,-1.34527,-1.38572,-1.3787,1,1386
d_og,se_gov_bond_10y__lvl,rates,3,-1.408,0.16243,-0.120905,-0.702738,98,-1.35259,-0.606126,-2.12892,-2.91345,0,-1.39745,-1.19073,-1.38014,-1.408,-1.36202,-1.16278,-0.968151,-0.797634,-0.438394,-0.63776,-0.606126,-0.439065,-0.202163,0.0743712,-2.1642,-1.8948,-2.06158,-2.12892,-1.27678,-1.23052,-1.20646,1,1386
d_og,no_cpi_food_idx__dyoy,consumer_prices,4,-1.33728,0.184358,-0.0873087,-0.608902,98,-1.23394,-0.693738,-1.65356,-0.84377,6,1.18625,-0.29546,-0.650815,-0.719768,-1.33728,-0.735506,-1.12301,0.622004,-0.286226,0.417802,0.0905913,-0.693738,-0.852839,-1.50852,2.7916,1.11182,0.61763,-0.00304707,-1.65356,-0.667293,-0.783663,1,1386
d_og,w_hh_real_inc_dyoy,wages_income,3,1.28715,0.202826,0.102015,0.678795,66,1.09512,0.650167,1.06957,0.279386,4,-0.351545,-0.115534,1.1732,1.28715,0.888875,0.647229,-0.0642539,-1.29334,-0.576235,0.29906,0.650167,1.69191,1.18231,0.952475,-1.19906,-0.953086,0.897533,1.06957,0.832361,0.621428,-0.191823,1,1386
d_og,se_gov_bond_10y__d4,rates,3,-0.951099,0.343993,-0.0800329,-0.433065,98,-0.904343,-2.19953,-0.636251,0.821922,3,0.68152,0.348062,-0.628911,-0.951099,-0.831337,-0.297774,-0.0429863,-0.744299,-0.521675,-1.85637,-2.19953,-1.63878,-0.635447,-0.229671,0.846273,0.49772,-0.161408,-0.636251,-0.733071,-0.271496,0.0956092,1,1386
d_og,w_hh_saving_lvl,wages_income,6,0.939623,0.349819,0.0871929,0.541224,98,0.894473,-0.154009,0.757988,2.22563,1,0.00370825,-0.304738,-0.184427,0.657282,0.59431,0.900469,0.939623,-0.747717,-1.11861,-1.11667,-0.46192,-0.617014,-0.208412,-0.154009,0.0688044,-0.376199,-0.269134,0.405624,0.38024,0.740477,0.757988,1,1386
d_og,no_vat_food_rate__d4,tax_policy,6,0.843146,0.401287,0.0614056,0.170033,98,0.670873,0.454444,0.331148,0.549728,3,0.480032,-3.88656e-05,0.268827,0.772877,0.765867,0.54797,0.843146,0.303841,-0.355594,-0.177738,0.633633,0.563355,0.306835,0.454444,1.95899,1.13549,0.485685,1.9819,-2.04373,-1.15545,0.331148,1,1386
d_og,w_gov10y_d4,rates,0,0.799533,0.425997,0.00765527,0.498532,98,0.748241,-1.29196,0.928269,2.07446,2,0.799533,0.746323,-0.121008,-0.412216,-0.668254,-0.456384,-0.466908,-1.29196,-0.809726,-2.05532,-1.71755,-1.26388,-0.51025,-0.417681,0.928269,0.850689,0.325308,-0.0906255,-0.558266,-0.431196,-0.320417,1,1386
d_og,glob_fao_sugar_idx__yoy,commodities,5,0.645138,0.520409,-0.00565571,0.245132,98,0.612095,0.271591,0.266817,0.368267,4,0.129965,-0.215739,0.508791,0.472683,-0.0425734,0.645138,-0.0784772,-0.329594,-0.972371,-0.451962,-0.738039,-0.982845,0.271591,-0.230715,0.641008,-0.311775,0.173889,0.10594,-0.627707,0.266817,-0.906915,1,1386
d_og,no_govbond_10y__d4,rates,6,-0.612527,0.541668,0.0742238,-0.386543,98,-0.542919,-0.283569,-0.684405,0.06975,0,0.0967338,0.487552,0.32896,0.2364,0.0506544,-0.0372609,-0.612527,-2.28903,-1.41681,-1.44797,-0.793103,-0.529765,0.196078,-0.283569,0.172701,0.442072,0.477467,0.19872,0.0384896,-0.071244,-0.684405,1,1386
d_og,glob_fao_sugar_idx__dyoy,commodities,5,0.534328,0.594376,-0.0022906,0.222477,98,0.505636,0.286345,0.202744,0.389435,1,0.128896,-0.525105,0.427526,0.448254,0.128626,0.534328,-0.0154336,0.309876,-0.911365,-0.129474,-0.339884,-0.488047,0.286345,-0.230906,0.515893,-0.515599,0.116632,0.176316,-0.425478,0.202744,-0.618359,1,1386
d_og,no_vat_food_rate__lvl,tax_policy,0,0.486339,0.627859,0.0821407,0.196901,98,0.4619,-0.247284,1.02411,2.42796,3,0.486339,0.20366,0.236297,-0.256199,0.154441,0.20318,0.112708,-0.247284,-0.598078,-0.55497,-0.984495,-0.382093,-0.336375,-0.415572,1.02411,0.727434,0.691103,0.38936,-0.242709,0.0153159,0.520772,1,1386
d_og_r4,eu_ppi_dom_c106_idx__dyoy,producer_prices_input_costs,2,8.75484,9.50418e-14,0.549134,1.59206,95,8.31465,7.25667,9.82408,5.0799,2,3.1794,6.17691,8.75484,6.0238,3.21799,1.51373,0.300812,2.53085,4.81386,7.25667,6.80682,3.92968,1.84493,0.452432,2.55244,6.23668,9.82408,9.83766,6.45779,3.40513,1.21503,1.02903e-09,1386
d_og_r4,eu_ppi_dom_c107_idx__dyoy,producer_prices_input_costs,0,8.2562,1.05313e-12,0.52166,1.48908,95,7.66339,7.82521,8.93327,3.24858,0,8.2562,5.51067,3.6796,1.93297,0.704317,-0.325256,-1.6005,7.82521,7.73256,6.80143,3.10223,1.0176,-0.226031,-1.6269,8.93327,6.36888,5.5206,3.62966,2.77552,1.58102,0.317508,5.70117e-09,1386
d_og_r4,se_real_wage_yoy_q__lvl,wages_income,6,8.14158,1.82662e-12,0.356685,1.06766,95,7.85946,8.66496,2.84728,1.53692,6,-1.90391,-0.993943,-0.334793,0.221611,1.16625,2.76532,8.14158,-1.78277,-0.851769,-0.28727,0.24594,1.25568,3.18107,8.66496,-2.79216,-1.60186,-0.763875,-0.208109,0.182341,0.822211,2.84728,6.59231e-09,1386
d_og_r4,eu_ppi_dom_food_mfg_idx__dyoy,producer_prices_input_costs,0,7.59158,2.5238e-11,0.436017,1.41005,95,7.23912,5.28312,7.78122,2.4759,1,7.59158,6.97615,4.8463,2.5277,1.01063,0.0527214,-0.907484,5.28312,7.34689,6.948,3.54191,1.4486,0.315573,-0.724616,7.78122,8.12875,6.98771,4.05988,2.5237,1.30752,0.246533,5.25705e-08,1386
d_og_r4,w_ec_cons_price_exp_d4,price_expectations,3,7.58077,2.65659e-11,0.418935,1.50521,95,7.25009,7.35732,6.79221,2.82854,4,-0.655056,1.40171,4.05066,7.58077,7.2404,4.92744,2.94386,-1.20584,0.649143,3.20135,7.35732,7.97442,5.82449,3.79546,-1.11818,0.467045,3.77395,6.79221,4.84397,3.18803,1.4973,5.25705e-08,1386
d_og_r4,eu_agri_wheat_bread_price__yoy,commodities,3,9.89779,2.91328e-11,0.676394,1.94274,35,8.15917,,9.83615,0.926592,,3.52971,5.24018,7.45786,9.89779,9.65948,5.47917,1.4471,,,,,,,,3.09231,3.96778,6.66764,9.83615,6.39068,6.10665,2.80664,5.25705e-08,1386
d_og_r4,ea_ec_food_ind_sell_price_exp__d4,price_expectations,3,7.42694,5.50213e-11,0.554423,1.67771,95,7.05232,6.80157,7.41947,3.64044,4,0.476932,2.46987,6.13594,7.42694,5.72488,3.4705,1.64492,-1.13055,1.30825,4.0938,6.80157,6.99616,5.54571,2.76734,0.101802,1.88139,5.94556,7.41947,5.2459,2.84574,0.771305,8.51029e-08,1386
d_og_r4,w_cons_conf_z_d4,consumer_survey,0,-7.37663,6.97669e-11,-0.705843,-2.06472,95,-6.76706,-6.51835,-6.48644,-5.86091,1,-7.37663,-5.86835,-2.96527,-0.653404,0.469943,2.05791,3.88789,-6.51835,-6.73007,-4.50204,-1.83803,-0.386672,1.43559,3.63123,-6.48644,-5.73628,-4.57499,-2.68287,-1.6516,-0.695735,0.192308,8.76097e-08,1386
d_og_r4,price_cost_gap_ppi,other,0,-7.21059,1.52345e-10,-0.510672,-1.49688,95,-6.95313,-4.61546,-6.31636,-3.01102,0,-7.21059,-6.26189,-3.46514,-1.54218,-0.113853,1.22864,2.51559,-4.61546,-4.11328,-2.62099,-1.18545,-0.0498674,1.00577,2.08733,-6.31636,-6.9996,-4.94022,-2.6053,-1.60724,-0.274126,0.951886,1.4995e-07,1386
d_og_r4,se_cpi_idx__dyoy,consumer_prices,1,7.13345,2.18656e-10,0.507748,1.43163,95,6.71577,5.62446,6.76622,3.4662,2,4.52639,7.13345,5.01387,3.20257,1.92147,0.943569,0.0671415,2.19227,5.62446,7.5162,5.53754,2.56336,1.1539,0.224803,3.43005,6.76622,6.61193,5.3879,4.55697,2.83729,1.19981,1.97284e-07,1386
d_og_r4,nw_price_cost_gap_ppi,other,0,-7.10631,2.48245e-10,-0.553052,-1.59778,95,-6.84968,-4.68495,-6.60798,-3.61698,0,-7.10631,-6.24015,-3.41615,-1.42551,0.0518979,1.47085,2.52781,-4.68495,-4.18792,-2.59403,-1.02504,0.214254,1.34154,2.19322,-6.60798,-7.53129,-5.68058,-2.88942,-1.77674,-0.349086,0.926008,2.06752e-07,1386
d_og_r4,w_gdp_vol_dyoy,activity_retail,3,6.90408,6.36516e-10,0.425388,1.34347,95,6.52653,3.86918,5.09447,2.46218,5,-1.19823,0.736005,3.88608,6.90408,4.53524,2.77913,1.27713,-1.5456,0.0647399,2.08094,3.86918,5.93201,7.21316,5.34141,-1.76608,-0.30134,2.57615,5.09447,3.03423,1.79556,0.285927,4.59441e-07,1386
d_og_r4,eu_ppi_plastic_products_idx__dyoy,packaging_freight,2,6.77499,1.15646e-09,0.476407,1.43543,95,6.24073,6.02158,6.76442,2.15021,2,1.95227,4.6163,6.77499,5.94629,4.43295,3.04957,1.3991,0.584787,2.58845,6.02158,5.59744,4.69949,4.23992,2.85205,1.07735,3.54169,6.76442,6.46013,5.13223,3.91453,1.5921,7.82566e-07,1386
d_og_r4,se_real_wage_yoy_q__d4,wages_income,1,-6.70583,1.59023e-09,-0.464871,-1.28532,95,-6.31902,-6.56956,-6.10251,-3.12384,2,-5.39438,-6.70583,-4.02959,-2.32759,-1.30994,-0.642221,0.257924,-3.20696,-6.56956,-7.02947,-3.31192,-1.69912,-0.854674,0.143863,-4.52036,-6.10251,-6.77952,-4.48512,-3.65224,-2.4991,-1.17028,1.0128e-06,1386
d_og_r4,se_ec_cons_conf__d4,consumer_survey,0,-6.68956,1.71377e-09,-0.648849,-1.86529,95,-6.22971,-4.56189,-5.81461,-4.23543,2,-6.68956,-5.49364,-3.80944,-1.49157,-0.0101358,1.7062,3.67609,-4.56189,-5.38762,-6.13876,-4.70091,-1.38392,1.02455,3.29358,-5.81461,-5.212,-4.50957,-3.04398,-1.60086,-0.363149,0.789237,1.03084e-06,1386
d_og_r4,se_ppi_food_hmpi_idx__dyoy,producer_prices_input_costs,0,6.64446,2.10789e-09,0.488208,1.40662,95,6.23151,5.07001,6.35567,2.73246,2,6.64446,5.61805,3.86446,1.83852,0.73823,-0.25551,-1.46186,5.07001,6.9918,8.1591,3.27869,1.09039,-0.212658,-1.49858,6.35567,6.23916,6.75697,3.95255,2.9577,1.66454,0.419931,1.20118e-06,1386
d_og_r4,nw_cons_conf_z,consumer_survey,6,6.63056,2.24661e-09,0.48874,1.36372,95,6.34733,5.67792,2.33708,1.38877,6,-1.56701,-0.508987,0.841861,2.61955,4.35689,5.85348,6.63056,-0.808623,0.0102761,1.30999,3.14319,4.83893,5.55036,5.67792,-1.65055,-0.845219,0.0554452,1.39878,1.87373,2.30446,2.33708,1.21621e-06,1386
d_og_r4,nw_cons_conf_z_d4,consumer_survey,0,-6.58339,2.78802e-09,-0.722287,-2.17057,95,-6.10328,-5.3443,-6.07977,-5.20456,1,-6.58339,-5.41954,-2.75613,-0.65175,0.516818,2.11653,4.12593,-5.3443,-5.60381,-4.55394,-2.03553,-0.363979,1.47312,3.7078,-6.07977,-5.8941,-4.98473,-2.99804,-1.71323,-0.657858,0.193909,1.43744e-06,1386
d_og_r4,eu_ppi_dom_c103_idx__yoy,producer_prices_input_costs,5,-6.39255,6.6441e-09,-0.426147,-1.36969,95,-5.69941,-6.65069,-4.0249,-1.37996,5,0.929133,0.282856,-0.671249,-2.21071,-4.79781,-6.39255,-5.39604,0.741379,0.261555,-0.479637,-1.80274,-4.64872,-6.65069,-5.08395,1.23233,0.561452,-0.20906,-1.27749,-2.25777,-4.0249,-4.65189,3.26983e-06,1386
d_og_r4,ea_negotiated_wages_yoy_q__d4,wages_income,5,-6.36225,7.62043e-09,-0.472552,-1.44373,95,-6.14408,-5.65077,-3.4591,-1.71882,6,1.69466,0.730032,-0.163646,-1.7383,-3.59215,-6.36225,-6.23989,1.32885,0.727791,-0.12211,-1.5925,-3.43186,-5.65077,-5.70475,2.3259,1.2123,0.617082,-0.448167,-1.15373,-3.4591,-3.68643,3.58727e-06,1386
d_og_r4,price_cost_gap_fao_wloc,other,2,-6.33761,8.51767e-09,-0.603656,-1.74494,95,-6.09114,-5.27363,-5.84598,-3.2307,2,-3.31883,-5.63059,-6.33761,-5.30955,-3.0457,-0.922528,0.32909,-2.34816,-3.95593,-5.27363,-4.80211,-2.81363,-0.980684,0.185949,-2.74282,-4.88194,-5.84598,-5.44092,-3.37321,-1.26831,0.167283,3.84256e-06,1386
d_og_r4,w_cons_conf_z,consumer_survey,6,6.18313,1.70559e-08,0.501036,1.44149,95,5.76765,5.19873,2.92777,2.02652,5,-1.51981,-0.552644,0.834075,2.72073,4.45488,5.74183,6.18313,-0.655864,0.157446,1.65959,3.77695,5.38906,5.50185,5.19873,-1.50126,-0.771052,0.131758,1.63735,2.19443,2.83088,2.92777,6.32935e-06,1386
d_og_r4,w_ec_food_ind_sell_price_exp_d4,price_expectations,2,6.14167,2.05287e-08,0.550186,1.60788,95,5.8645,5.28927,6.04417,3.23407,2,3.30929,5.39079,6.14167,4.55628,2.75685,1.59789,0.127924,2.32706,3.82607,5.28927,4.97724,3.81987,2.38254,0.662032,2.72028,4.78569,6.04417,5.65905,4.35227,3.08818,0.527404,7.12555e-06,1386
d_og_r4,se_cpi_idx__yoy,consumer_prices,6,-6.10346,2.43413e-08,-0.373042,-1.12062,95,-5.87058,-6.80186,-2.58959,-1.28061,6,1.9652,1.21367,0.542628,-0.0860527,-0.882471,-2.60763,-6.10346,0.741636,0.739975,0.328407,-0.192759,-1.10021,-3.22668,-6.80186,2.56377,1.68378,0.917039,0.294053,-0.0852542,-1.06428,-2.58959,7.86737e-06,1386
d_og_r4,eu_ppi_dom_c103_idx__dyoy,producer_prices_input_costs,0,6.10012,2.47057e-08,0.519429,1.47256,95,5.73412,7.48968,6.55765,3.48482,0,6.10012,3.77657,2.01423,0.906953,0.144929,-0.804624,-1.92976,7.48968,6.43854,3.32334,1.57929,0.548843,-0.555262,-2.04442,6.55765,5.36268,3.54873,1.90527,1.59845,0.903335,0.0739787,7.86737e-06,1386
d_og_r4,eu_ppi_dom_c107_idx__yoy,producer_prices_input_costs,5,-6.02714,3.41657e-08,-0.407771,-1.35132,95,-5.3537,-5.81761,-2.64165,-1.29565,6,1.98934,1.03738,0.0310228,-1.50815,-4.01731,-6.02714,-5.9678,2.73738,1.49687,0.236193,-1.34299,-4.08722,-5.81761,-5.9557,2.34394,1.45487,0.538309,-0.530709,-1.50367,-2.64165,-3.12966,1.0569e-05,1386
d_og_r4,eu_ppi_dom_c108_idx__yoy,producer_prices_input_costs,4,-6.00682,3.73834e-08,-0.355266,-1.27998,95,-5.17823,-4.99503,-3.25954,-0.547539,4,1.13357,0.311552,-0.754827,-3.28385,-6.00682,-4.67882,-3.84236,0.992338,0.200051,-0.77929,-3.33072,-4.99503,-3.98354,-3.47008,1.55485,0.709393,-0.109724,-1.7014,-3.25954,-4.46086,-3.87826,1.09393e-05,1386
d_og_r4,no_ppi_food_dom_idx__dyoy,producer_prices_input_costs,0,5.96386,4.52021e-08,0.572683,1.65755,95,5.28525,5.05474,5.60151,3.35231,2,5.96386,5.33899,5.48111,2.59205,0.466142,-0.68808,-1.40114,5.05474,5.43812,5.67473,3.35745,1.00119,-0.277617,-1.18055,5.60151,5.14341,6.30918,7.14595,3.28696,1.05115,0.072478,1.25489e-05,1386
d_og_r4,w_cpi_yoy,consumer_prices,6,-5.93112,5.22196e-08,-0.431291,-1.23777,95,-5.39935,-5.82725,-2.93428,-1.36779,6,1.44274,0.659676,-0.156694,-1.07477,-2.49144,-4.55862,-5.93112,0.485863,0.0734405,-0.719565,-2.06896,-3.90093,-5.22912,-5.82725,1.88283,1.07172,0.301958,-0.447032,-1.02058,-1.92508,-2.93428,1.37899e-05,1386
d_og_r4,se_ppi_food_hmpi_idx__yoy,producer_prices_input_costs,6,-5.80908,8.91854e-08,-0.464634,-1.42009,95,-5.20391,-5.32728,-2.51353,-2.35923,6,2.31348,1.44189,0.323639,-1.26208,-3.12621,-5.1251,-5.80908,2.28137,1.9042,0.572145,-1.08152,-3.23573,-4.77649,-5.32728,2.51615,1.82715,0.854169,-0.345635,-1.01933,-2.01613,-2.51353,2.19459e-05,1386
d_og_r4,eu_ppi_dom_food_mfg_idx__yoy,producer_prices_input_costs,6,-5.7251,1.28557e-07,-0.409105,-1.44808,95,-5.06819,-5.62846,-2.68415,-2.45284,6,2.44635,1.55644,0.76925,-0.44188,-2.18898,-4.40706,-5.7251,2.06551,1.53511,0.7399,-0.389113,-1.8912,-4.07006,-5.62846,2.66927,1.83958,1.08468,0.124138,-0.709643,-1.78178,-2.68415,2.96436e-05,1386
d_og_r4,eu_ppi_dom_c106_idx__yoy,producer_prices_input_costs,0,5.69608,1.458e-07,0.571714,1.62466,95,5.42114,4.61001,5.37346,3.54809,1,5.69608,4.39145,2.48754,0.997141,-0.352553,-1.78159,-4.33825,4.61001,5.0898,3.18629,1.21632,-0.253403,-1.69613,-4.17537,5.37346,5.19008,3.49399,1.79785,0.935411,-0.214612,-1.45633,3.28872e-05,1386
d_og_r4,w_food_cpi_rel_yoy,consumer_prices,4,-5.68888,1.50417e-07,-0.421598,-1.40283,95,-5.38164,-4.30047,-5.43665,-1.9565,6,0.254896,-1.93495,-4.26414,-5.37522,-5.68888,-4.4673,-2.61722,0.603083,-0.942502,-2.84837,-4.11754,-4.30047,-4.34738,-4.46527,0.779552,-1.10092,-3.90351,-5.58113,-5.43665,-3.54079,-0.747019,3.32363e-05,1386
d_og_r4,w_retail_total_vol_yoy,activity_retail,4,5.61963,2.02839e-07,0.381631,1.18314,95,5.41584,4.86056,4.36175,0.961843,4,0.512452,1.36748,3.2317,4.26935,5.61963,4.79723,3.90426,2.11905,2.97073,3.7535,3.82588,4.86056,4.69371,3.7566,0.0937017,0.853074,2.48863,3.95906,4.36175,3.6152,2.87756,4.18955e-05,1386
d_og_r4,nw_food_cpi_xvat_dyoy,consumer_prices,0,5.6137,2.08083e-07,0.542518,1.51663,95,5.21123,3.85899,5.69197,3.34633,2,5.6137,4.07688,1.8575,0.0146374,-0.993262,-1.79014,-2.55885,3.85899,4.218,4.34978,1.40067,-0.288815,-1.36708,-2.39814,5.69197,4.72705,3.10868,1.16799,0.649485,0.535185,0.0753098,4.18955e-05,1386
d_og_r4,glob_fao_ffpi_eur__dyoy,commodities,5,5.61273,2.08953e-07,0.423946,1.22215,95,5.36942,5.37692,2.18517,2.55673,5,-1.6938,0.255468,1.76962,3.2513,5.16444,5.61273,2.56324,-2.28185,-0.314514,1.19765,2.72378,4.66654,5.37692,2.85591,-2.14225,-0.593213,0.999845,2.77382,3.19981,2.18517,0.557587,4.18955e-05,1386
d_og_r4,w_cpi_dyoy,consumer_prices,0,5.58693,2.33472e-07,0.495932,1.38483,95,5.30378,3.84078,6.46719,2.87427,1,5.58693,4.51176,3.08787,1.7099,0.692033,-0.160572,-1.30555,3.84078,5.28545,4.99506,2.29106,0.937603,-0.0524178,-1.27997,6.46719,6.15579,4.54322,2.92795,2.41863,1.51567,0.445368,4.59605e-05,1386
d_og_r4,w_gdp_vol_yoy,activity_retail,2,5.5461,2.78146e-07,0.524305,1.57429,95,5.03538,5.28304,4.6094,3.07362,2,1.31686,2.34931,5.5461,4.70091,3.13593,1.68532,-0.0186748,1.27456,2.24749,5.28304,4.69629,4.38267,3.64955,1.99175,0.800942,1.89055,4.6094,4.29912,2.71064,1.38517,-0.295661,5.3777e-05,1386
d_og_r4,w_real_wage_dyoy,wages_income,0,-5.516,3.1635e-07,-0.547571,-1.61303,95,-5.27978,-3.86431,-5.11564,-3.15605,0,-5.516,-3.64811,-3.17489,-1.77388,0.161934,0.662895,2.14084,-3.86431,-2.75385,-2.71585,-1.49347,0.383926,0.942418,2.20881,-5.11564,-4.89117,-4.57957,-2.51409,-1.09108,-0.973516,0.388527,6.00904e-05,1386
d_og_r4,no_ssb_bts_consgoods_home_price_exp__d4,price_expectations,2,5.48186,3.65945e-07,0.557619,1.58673,95,5.23439,3.90571,4.82619,2.98873,3,3.06061,4.33145,5.48186,4.9408,3.65033,2.86459,0.726727,2.04478,2.78634,3.90571,5.06947,4.91981,4.22547,1.50108,2.40225,3.50093,4.82619,5.41249,4.69228,4.62325,1.60594,6.41099e-05,1386
d_og_r4,ea_hicp_food_idx__dyoy,consumer_prices,0,5.4818,3.66044e-07,0.593399,1.68704,95,4.9077,5.99354,5.87342,4.10753,0,5.4818,3.79197,1.91973,0.339832,-0.735779,-1.75897,-2.86673,5.99354,5.79728,3.36956,0.880797,-0.460945,-1.61239,-3.00865,5.87342,5.74769,4.08852,1.48043,1.07774,0.486916,-0.0933374,6.41099e-05,1386
d_og_r4,no_retail_foodstores_vol_sa_idx__dyoy,activity_retail,2,-5.46007,4.0151e-07,-0.451871,-1.24423,95,-5.01461,-1.62461,-4.11878,-2.75661,4,-1.10435,-2.55197,-5.46007,-4.42913,-2.10361,-0.335026,0.87517,0.764966,-0.182959,-1.62461,-2.28364,-2.98931,-2.32553,-0.692652,-0.807199,-2.13607,-4.11878,-3.87338,-1.73901,-0.172954,0.847481,6.9003e-05,1386
d_og_r4,nw_food_cpi_dyoy,consumer_prices,0,5.45207,4.15391e-07,0.532486,1.48858,95,5.10953,3.49261,5.38395,3.38341,1,5.45207,4.00371,1.74351,0.113483,-0.851107,-1.60454,-2.22437,3.49261,3.78426,3.03,1.68821,-0.0622221,-1.16131,-2.06157,5.38395,4.5622,3.21743,1.35625,0.819436,0.464996,-0.0534091,7.02731e-05,1386
d_og_r4,glob_wb_food_idx_eur__yoy,commodities,2,5.39371,5.3195e-07,0.515288,1.48887,95,5.16575,4.6038,5.31431,3.30365,2,3.19761,4.64643,5.39371,3.90888,1.91941,0.512047,-0.612782,2.80326,4.21779,4.6038,3.31063,1.40279,0.0508886,-0.916072,2.67257,4.13642,5.31431,4.60645,2.71879,0.818164,-0.542744,8.45079e-05,1386
d_og_r4,se_ec_cons_conf__lvl,consumer_survey,5,5.32914,6.98419e-07,0.490978,1.51956,95,4.70415,5.0523,3.17503,1.27355,4,-2.4721,-1.23253,0.119821,2.40679,4.87445,5.32914,4.926,-1.6409,-0.822847,0.217783,2.3348,5.26049,5.0523,4.5196,-2.55701,-1.49157,-0.477485,1.11015,2.53983,3.17503,3.12699,0.000105026,1386
d_og_r4,se_wage_idx_m__dyoy,wages_income,6,-5.32316,7.16202e-07,-0.426828,-1.45348,95,-5.10704,-4.77933,-4.06564,-2.54584,5,0.805363,0.952833,0.554311,-0.727178,-2.29536,-5.02924,-5.32316,1.23935,1.01222,0.274878,-1.54652,-3.67472,-5.96826,-4.77933,1.18362,1.2405,0.728857,-0.404858,-1.35634,-3.58394,-4.06564,0.000105226,1386
d_og_r4,ea_hicp_food_idx__yoy,consumer_prices,6,-5.32216,7.19191e-07,-0.496026,-1.45819,95,-4.60233,-4.93826,-3.69395,-2.1335,6,1.25057,0.294874,-1.49837,-4.389,-4.8117,-4.8529,-5.32216,1.10348,0.170755,-1.26661,-4.03216,-4.39013,-4.64777,-4.93826,1.69652,0.74821,-0.470867,-2.85955,-3.62669,-3.69201,-3.69395,0.000105226,1386
d_og_r4,w_ec_food_ind_sell_price_exp_lvl,price_expectations,6,-5.30989,7.57236e-07,-0.323258,-1.38856,95,-5.02041,-4.81949,-2.36637,-2.25003,6,2.69947,2.20893,1.64653,0.725528,-0.643267,-2.60408,-5.30989,1.236,1.20597,1.18749,0.471093,-0.621349,-2.32634,-4.81949,2.83544,2.35906,1.85232,1.0087,0.280769,-0.787896,-2.36637,0.00010803,1386
d_og_r4,glob_wb_food_idx_nok__yoy,commodities,2,5.29152,8.17878e-07,0.552691,1.55211,95,5.07122,4.97652,5.73812,3.99605,1,4.53045,5.24119,5.29152,3.26361,1.06608,-0.332802,-1.50522,4.32627,5.14811,4.97652,2.79399,0.629562,-0.84899,-2.23214,4.11765,5.28456,5.73812,4.09074,2.09835,0.552268,-0.534446,0.000115003,1386
d_og_r4,packaging_eu_dyoy,packaging_freight,2,5.20143,1.19117e-06,0.484003,1.39987,95,4.75228,4.79223,5.77436,2.14265,2,2.47299,4.80945,5.20143,4.32651,3.36952,2.3463,1.13442,0.899126,3.39818,4.79223,4.09927,3.45991,2.82125,1.70348,1.57423,4.9527,5.77436,4.8994,4.53227,4.05841,2.18928,0.000163252,1386
d_og_r4,wb_food_wloc_yoy,commodities,2,5.19567,1.21999e-06,0.547126,1.54627,95,4.98526,4.4836,5.32271,3.78363,1,3.9771,4.82812,5.19567,3.76263,1.69165,0.128939,-1.22882,3.73218,4.48479,4.4836,3.12142,1.17001,-0.439525,-1.8575,3.61474,4.72809,5.32271,4.35577,2.55776,0.726297,-0.624229,0.000165112,1386
d_og_r4,glob_fao_ffpi_eur__yoy,commodities,3,5.19121,1.24284e-06,0.570043,1.62147,95,4.97789,4.86618,4.71234,3.07292,3,1.29976,3.05972,4.93069,5.19121,3.86152,2.05999,0.420121,0.277963,2.21711,3.7632,4.86618,3.87702,1.95928,0.482647,0.752562,2.38901,4.26395,4.71234,3.31584,1.6349,-0.223976,0.000166127,1386
d_og_r4,price_wage_gap_d4,other,0,5.17398,1.33489e-06,0.567172,1.60702,95,4.67024,4.67958,4.4455,3.09243,1,5.17398,4.1883,1.46826,-0.0664177,-1.23465,-1.69015,-2.40364,4.67958,5.38876,3.52928,0.585334,-0.972792,-1.5969,-2.42181,4.4455,4.6948,4.1519,1.39949,0.346539,0.132473,-0.622416,0.000176255,1386
d_og_r4,price_cost_gap_fao_nok,other,2,-5.14711,1.49201e-06,-0.578411,-1.65584,95,-4.91782,-4.33793,-5.65321,-3.05707,2,-3.3672,-5.07309,-5.14711,-3.7273,-2.29181,-0.812442,0.277196,-2.65764,-4.03154,-4.33793,-3.25198,-2.08635,-0.831152,0.258775,-2.93127,-5.25521,-5.65321,-4.36745,-2.87747,-1.55237,-0.20379,0.000192312,1386
d_og_r4,eu_ppi_paper_packaging_idx__yoy,packaging_freight,0,5.13047,1.59815e-06,0.490229,1.37187,95,4.68286,4.93491,5.12925,4.87015,1,5.13047,3.17132,2.01629,1.08518,0.245717,-0.895842,-3.72695,4.93491,5.5387,4.98406,1.86801,0.588393,-0.592209,-3.94377,5.12925,3.74712,2.80625,1.78545,1.392,0.678369,-0.66257,0.000203569,1386
d_og_r4,packaging_eu_yoy,packaging_freight,0,5.06161,2.12167e-06,0.474222,1.33894,95,4.78725,4.2702,4.8503,4.73054,2,5.06161,3.47052,2.31261,1.34132,0.436634,-0.718432,-3.64103,4.2702,5.66386,5.67609,2.08664,0.661765,-0.467217,-3.78244,4.8503,3.86339,2.97646,1.98673,1.52072,0.723001,-0.741742,0.000259738,1386
d_og_r4,fao_ffpi_sek_dyoy,commodities,4,5.06007,2.13508e-06,0.537589,1.52254,95,4.88131,4.46863,3.61389,2.71011,4,-1.11982,0.799494,2.78582,4.18716,5.06007,3.71113,1.44609,-2.34435,-0.0113535,1.9876,3.44391,4.46863,3.79164,1.83079,-1.64757,-0.0428066,2.0242,3.43389,3.61389,2.11134,-0.0679585,0.000259738,1386
d_og_r4,fao_ffpi_wloc_yoy,commodities,3,5.05574,2.17335e-06,0.587501,1.6653,95,4.85877,4.54885,4.81468,3.38905,3,1.61083,3.22914,4.93872,5.05574,3.71986,1.81289,0.13668,0.669236,2.27599,3.71996,4.54885,3.49213,1.7047,0.206233,1.14923,2.76125,4.50936,4.81468,3.40116,1.66659,-0.257523,0.000261457,1386
d_og_r4,price_wage_gap,other,6,-5.04945,2.23009e-06,-0.444798,-1.31867,95,-4.55813,-4.68023,-3.8602,-2.67726,6,2.04003,-0.0672791,-2.3236,-4.15182,-3.96185,-4.37055,-5.04945,1.59093,-0.432112,-3.04986,-4.13015,-3.4398,-3.85962,-4.68023,2.82493,1.09411,-0.977621,-3.67585,-3.35327,-4.02524,-3.8602,0.000265334,1386
d_og_r4,se_cpi_food_idx__dyoy,consumer_prices,0,5.03041,2.41073e-06,0.527983,1.49708,95,4.62527,3.41017,4.99968,2.65821,2,5.03041,4.26851,3.5121,1.20249,-0.385668,-1.27989,-1.90541,3.41017,3.97561,5.06317,2.79839,0.0765067,-1.02372,-1.80822,4.99968,4.41361,4.80599,3.40365,1.47064,0.459006,-0.122025,0.00028201,1386
d_og_r4,no_ppi_food_dom_idx__yoy,producer_prices_input_costs,6,-5.01506,2.56673e-06,-0.394788,-1.28206,95,-4.42094,-5.4886,-1.43108,-1.82483,6,4.42882,2.53779,0.824534,-1.0045,-2.87926,-4.27664,-5.01506,4.23307,2.57417,0.409842,-1.50625,-3.95967,-5.09136,-5.4886,4.18236,3.47152,1.99319,0.0940337,-0.601984,-1.12744,-1.43108,0.000293954,1386
d_og_r4,w_real_wage_yoy,wages_income,6,5.01064,2.6135e-06,0.418037,1.31532,95,4.75667,4.39191,3.96159,2.52511,6,-2.66465,-0.987819,0.113246,1.45534,4.12498,4.76447,5.01064,-1.48631,-0.102123,1.06527,2.59349,4.16102,4.14864,4.39191,-3.80553,-2.12738,-0.794498,0.584901,2.18239,2.93296,3.96159,0.000294756,1386
d_og_r4,nw_food_cpi_xvat_yoy,consumer_prices,6,-4.99347,2.80291e-06,-0.471841,-1.31549,95,-4.57335,-4.48949,-1.85919,-1.20032,6,1.28438,0.00134859,-1.53837,-3.01787,-3.76903,-4.46344,-4.99347,0.0365173,-0.867397,-1.96245,-3.77415,-4.17618,-4.10176,-4.48949,1.4743,0.460463,-0.693402,-2.29979,-2.46623,-2.27019,-1.85919,0.00031286,1386
d_og_r4,w_food_cpi_yoy,consumer_prices,6,-4.95843,3.23206e-06,-0.444616,-1.25868,95,-4.35856,-4.56045,-2.63104,-1.56181,6,1.09518,-0.37205,-2.29921,-3.48253,-3.97714,-4.30399,-4.95843,0.54182,-0.598369,-2.91931,-3.94286,-3.73566,-4.00672,-4.56045,1.40167,0.348541,-1.28706,-3.22555,-3.25946,-3.12398,-2.63104,0.000357079,1386
d_og_r4,w_food_cpi_xvat_yoy,consumer_prices,6,-4.94136,3.46371e-06,-0.456727,-1.26786,95,-4.38946,-4.56822,-2.54174,-1.39403,6,1.01998,-0.435575,-2.34807,-3.48243,-3.983,-4.2917,-4.94136,0.352732,-0.716355,-3.06504,-4.08406,-3.81569,-4.03222,-4.56822,1.32367,0.280285,-1.31574,-3.12226,-3.17827,-3.02367,-2.54174,0.000375303,1386
d_og_r4,eu_ppi_paper_packaging_idx__dyoy,packaging_freight,1,4.82885,5.4491e-06,0.369573,1.12804,95,4.55023,3.48612,5.4809,1.2799,2,2.68755,4.82885,4.80967,3.74188,2.79773,1.89171,0.928714,1.03178,3.48612,4.35997,3.75531,3.11267,2.31722,1.29248,1.86502,5.4809,5.38903,4.40458,4.10632,3.73759,2.38683,0.000542853,1386
d_og_r4,no_jordbruk_malpris_mnok__lvl,tax_policy,5,-4.78862,6.3991e-06,-0.302032,-1.10361,95,-4.62679,-4.34995,-2.32555,-1.01396,6,0.505067,-0.114246,-0.759629,-1.53044,-2.33525,-4.78862,-4.50673,-0.209135,-0.465275,-0.721194,-1.30157,-2.08391,-4.34995,-4.47307,0.550358,0.103892,-0.351973,-1.04735,-1.27885,-2.32555,-3.31915,0.000597273,1386
d_og_r4,fao_ffpi_wloc_dyoy,commodities,4,4.77113,6.86053e-06,0.472091,1.35966,95,4.60363,4.21892,2.99597,2.30464,4,-1.20904,0.518786,2.21815,3.77962,4.77113,3.79513,1.80825,-1.91181,-0.0870523,1.59787,3.18619,4.21892,3.73991,2.06637,-1.69251,-0.32545,1.48714,3.24757,2.99597,1.79098,0.233082,0.000634868,1386
d_og_r4,w_unemp_d4,labour_market,2,-4.72468,8.24867e-06,-0.563151,-1.58679,95,-4.53236,-4.61327,-4.85231,-3.49043,2,-3.59924,-4.64936,-4.72468,-3.15143,-1.45693,0.022942,1.3507,-3.01294,-4.17871,-4.61327,-4.46663,-3.64596,-1.88227,0.15497,-3.25226,-4.50488,-4.85231,-3.3848,-2.08659,-0.738378,0.443012,0.000750496,1386
d_og_r4,fao_ffpi_sek_yoy,commodities,3,4.71631,8.52654e-06,0.60369,1.71826,95,4.54479,4.02718,4.44835,3.61455,3,1.64702,3.00287,4.45179,4.71631,3.72475,1.55762,-0.288602,0.668879,2.0551,3.23067,4.02718,3.48746,1.65654,-0.0536689,1.3168,2.58676,3.97319,4.44835,3.54088,1.4808,-0.57006,0.000762955,1386
d_og_r4,wb_food_sek_yoy,commodities,2,4.67953,9.85791e-06,0.55932,1.57499,95,4.48183,3.67778,4.64097,3.62951,2,3.75979,4.39946,4.67953,3.70414,1.8383,-0.0930699,-1.98709,3.33747,3.65543,3.67778,2.99676,1.41757,-0.619524,-2.51034,3.62376,4.38169,4.64097,4.05124,2.71867,0.656897,-0.978908,0.000863127,1386
d_og_r4,glob_fao_ffpi_nok__yoy,commodities,2,4.63162,1.18976e-05,0.526548,1.49076,95,4.3993,3.86495,5.06916,2.79544,2,1.87915,3.34808,4.63162,4.33496,2.75308,1.28541,-0.0113182,1.18582,2.61593,3.86495,3.86306,2.49652,1.20719,0.033093,1.44447,3.06223,5.06916,4.81312,2.8629,1.47604,-0.123022,0.00101431,1386
d_og_r4,natgas_eu_eur_yoy,energy,3,4.59761,1.49446e-05,0.460258,1.29578,87,4.2921,2.72442,4.121,2.47505,3,1.16856,2.26125,3.56028,4.59761,3.2833,1.80047,0.524887,0.406656,0.971559,1.82031,2.72442,2.07495,1.05232,0.107506,0.716358,1.6898,2.7761,4.121,3.44131,1.95794,0.457762,0.00125431,1386
d_og_r4,nw_food_cpi_yoy,consumer_prices,6,-4.53699,1.7196e-05,-0.424662,-1.21379,95,-4.30783,-4.11976,-1.98217,-1.28296,6,1.45401,0.148908,-1.44129,-2.94716,-3.74726,-4.36334,-4.53699,0.317183,-0.590142,-1.73736,-3.44695,-3.89574,-3.879,-4.11976,1.65111,0.61332,-0.570916,-2.27223,-2.52203,-2.37479,-1.98217,0.00140939,1386
d_og_r4,price_cost_gap_ppi_d4,other,1,-4.53197,1.75334e-05,-0.4239,-1.39557,95,-4.3337,-3.42637,-4.24705,-1.99796,1,-3.02355,-4.53197,-4.30287,-3.64904,-2.34785,-1.10426,-0.40665,-2.24177,-3.42637,-3.38143,-2.98901,-2.27555,-1.36566,-0.849698,-2.06205,-4.24705,-4.68856,-4.48187,-3.42484,-2.05727,-0.864735,0.00141447,1386
d_og_r4,no_fn_cci_sa__d4,consumer_survey,0,-4.50305,1.96044e-05,-0.659951,-2.10175,95,-4.31564,-3.45712,-5.64745,-3.77037,0,-4.50305,-3.01563,-0.840252,0.408821,1.16644,1.72781,1.91067,-3.45712,-3.03782,-2.00612,-0.516661,0.496068,1.47251,2.68004,-5.64745,-5.0471,-3.42242,-1.66973,-1.60468,-1.05999,-0.695401,0.00152704,1386
d_og_r4,no_nbes_bl_sell_price_di__d4,price_expectations,6,4.49909,2.14926e-05,0.480783,1.39455,88,4.17665,4.82499,2.9219,3.37239,6,-0.294504,0.950693,2.53983,2.74664,3.40233,4.07246,4.49909,-0.565258,0.58029,2.00932,2.14799,3.02682,4.23931,4.82499,-0.699257,0.275683,1.83964,2.3289,2.72036,2.95699,2.9219,0.00166216,1386
d_og_r4,glob_wb_food_idx_eur__dyoy,commodities,4,4.45426,2.3647e-05,0.446737,1.30239,95,4.29142,4.08313,3.85588,2.46327,4,0.663932,2.24519,3.40611,4.22329,4.45426,2.8816,1.33893,0.497221,1.91854,2.90629,3.76399,4.08313,2.54295,1.16267,-0.100888,1.45131,2.67325,3.78917,3.85588,1.98871,0.494358,0.00177798,1386
d_og_r4,ea_negotiated_wages_yoy_q__lvl,wages_income,2,-4.43783,2.51812e-05,-0.343474,-1.07399,95,-4.22226,-4.36647,-4.72439,-1.00381,2,-1.31862,-3.01391,-4.43783,-4.38177,-3.49928,-2.69979,-2.63363,-1.86268,-3.35577,-4.36647,-4.20208,-3.32833,-2.4982,-2.45941,-0.979271,-2.39483,-4.72439,-6.35412,-6.93593,-5.52442,-5.50063,0.00186739,1386
d_og_r4,wb_food_wloc_dyoy,commodities,3,4.41588,2.73827e-05,0.519137,1.52223,95,4.23914,3.97418,4.04838,2.67812,3,1.62034,3.34016,4.4052,4.41588,3.73417,2.275,0.871783,1.35601,2.93992,3.8308,3.97418,3.43005,2.0586,0.738175,0.617663,2.50704,3.59833,4.04838,3.36622,1.70866,0.253363,0.0019765,1386
d_og_r4,eu_ppi_dom_c108_idx__dyoy,producer_prices_input_costs,0,4.41259,2.77279e-05,0.589117,1.70969,95,3.91822,4.21106,4.88764,3.48267,0,4.41259,3.41318,2.31623,1.16634,0.0361855,-1.54829,-2.82769,4.21106,3.85387,3.40419,1.8366,0.316109,-1.58382,-2.90497,4.88764,4.78961,4.0521,2.34845,2.02574,1.04205,-0.602862,0.00198816,1386
d_og_r4,w_food_ppi_dyoy,producer_prices_input_costs,0,4.41002,2.80006e-05,0.546141,1.57334,95,3.91597,3.59026,4.56286,2.67209,2,4.41002,4.10387,3.32129,1.46421,0.251449,-0.695386,-1.54054,3.59026,4.03929,4.63808,2.76913,0.777274,-0.465651,-1.47932,4.56286,4.5168,4.71499,3.17227,2.56634,1.3106,0.328887,0.0019882,1386
d_og_r4,glob_wb_food_idx_nok__dyoy,commodities,2,4.40913,2.80957e-05,0.497119,1.4832,95,4.20026,4.01836,3.75512,2.58292,2,2.05078,3.40153,4.40913,3.89507,2.56228,1.3952,0.455947,1.78998,3.07809,4.01836,3.77966,2.53374,1.3891,0.428262,1.28278,2.70072,3.75512,3.63112,2.36007,1.13008,0.1463,0.0019882,1386
d_og_r4,se_cpi_food_idx__yoy,consumer_prices,6,-4.38637,3.06362e-05,-0.483768,-1.41891,95,-3.72028,-4.36131,-2.01264,-1.75678,6,2.4792,1.29069,-0.26445,-2.77539,-4.04609,-4.05446,-4.38637,1.3612,1.11388,-0.317626,-2.93739,-4.01587,-3.79482,-4.36131,2.62788,1.68904,0.534132,-1.43016,-2.4194,-2.26436,-2.01264,0.00208617,1386
d_og_r4,nw_price_cost_gap_ppi_d4,other,1,-4.35745,3.41846e-05,-0.463871,-1.46201,95,-4.15871,-3.5314,-4.41377,-2.0721,1,-3.15673,-4.35745,-3.87616,-3.12905,-2.00063,-0.897966,-0.390468,-2.49545,-3.5314,-3.15828,-2.55951,-1.8282,-1.01461,-0.661632,-2.31269,-4.41377,-4.52942,-4.22385,-3.20837,-1.98614,-0.999991,0.00226168,1386
d_og_r4,nw_food_ppi_dyoy,producer_prices_input_costs,0,4.32535,3.8589e-05,0.588461,1.67575,95,3.82928,3.669,4.28136,2.90496,2,4.32535,4.07333,3.14471,1.28136,0.144573,-0.805281,-1.65419,3.669,4.10878,4.89217,2.5984,0.60588,-0.646651,-1.67003,4.28136,4.52695,5.18027,3.41546,2.88633,1.41829,0.46619,0.0024838,1386
d_og_r4,no_vat_food_rate__d4,tax_policy,1,4.30117,4.22619e-05,0.169531,0.576277,95,4.14368,4.7462,4.12259,1.06297,1,4.2787,4.30117,0.809119,1.59135,1.0181,0.819868,0.95164,4.4432,4.7462,0.75241,1.28743,0.979175,0.755425,0.914182,3.12537,4.12259,3.60113,1.20964,-0.181172,-0.623846,-0.742504,0.00266031,1386
d_og_r4,w_ec_cons_price_exp_lvl,price_expectations,1,4.29413,4.33934e-05,0.349013,1.46271,95,4.03658,3.14668,3.84182,2.34143,1,2.85592,4.29413,3.8015,3.02535,2.14367,1.31865,0.165074,2.4743,3.14668,2.89959,2.70561,2.03538,1.30203,0.253955,2.56916,3.84182,3.46647,3.01521,2.09301,1.13984,-0.260425,0.00271575,1386
d_og_r4,wb_food_sek_dyoy,commodities,2,4.26396,4.85828e-05,0.517121,1.54476,95,4.08426,3.51582,3.43018,2.30694,4,1.9279,3.66837,4.26396,4.26228,4.06172,2.52366,0.630231,1.52507,3.03886,3.51582,3.70604,3.75566,2.39152,0.617607,0.840563,2.88288,3.43018,3.91891,3.74349,1.88885,-0.0173863,0.00292228,1386
d_og_r4,price_cost_gap_fao_wloc_d4,other,3,-4.20787,5.98597e-05,-0.436357,-1.31693,95,-4.05179,-3.58943,-3.7328,-2.02433,4,0.170222,-1.59984,-3.06925,-4.20787,-4.02386,-2.21839,-1.28791,0.678495,-1.02223,-2.45601,-3.58943,-3.74672,-2.37535,-1.63349,1.20815,-0.70782,-2.42976,-3.7328,-2.52342,-1.25096,-0.336457,0.00354157,1386
d_og_r4,eu_ppi_plastic_products_idx__yoy,packaging_freight,0,4.18826,6.43674e-05,0.42438,1.2232,95,4.04029,2.27582,3.80132,3.45004,2,4.18826,3.95301,2.84699,1.76745,0.748293,-0.412464,-3.00164,2.27582,3.19529,3.82795,2.40417,0.796932,-0.239263,-2.69394,3.80132,3.97265,3.26463,2.30329,1.69631,0.769019,-0.84237,0.00376212,1386
d_og_r4,nw_food_ppi_yoy,producer_prices_input_costs,6,-4.17746,6.69874e-05,-0.46193,-1.39805,95,-3.57988,-3.88795,-2.08038,-1.91429,0,2.52288,1.30942,-0.286137,-2.12316,-3.57625,-3.98909,-4.17746,4.20911,1.96818,-0.280193,-2.51793,-3.58009,-3.71144,-3.88795,3.01101,2.01539,0.584777,-0.920406,-1.60326,-2.08766,-2.08038,0.0038785,1386
d_og_r4,w_food_cpi_xvat_dyoy,consumer_prices,0,4.15093,7.38642e-05,0.515571,1.42682,95,3.79366,3.69437,4.49319,2.83778,1,4.15093,2.85204,1.02881,-0.220263,-1.02799,-1.80259,-2.46824,3.69437,4.21701,3.16542,0.602608,-0.63711,-1.65569,-2.45599,4.49319,3.74647,2.31607,0.823515,0.77385,0.404503,-0.0263037,0.0042314,1386
d_og_r4,w_retail_food_vol_yoy,activity_retail,6,4.14894,7.44077e-05,0.37071,1.05111,95,3.92296,2.93158,2.03041,1.3444,6,-0.623687,-0.28993,0.135621,0.768601,2.28793,3.78349,4.14894,1.67703,1.66888,1.79979,1.98297,2.68487,2.88968,2.93158,-0.581061,-0.369331,-0.0426488,0.582746,1.87294,2.15055,2.03041,0.0042401,1386
d_og_r4,nw_retail_food_vol_yoy,activity_retail,6,4.13739,7.76306e-05,0.375103,1.04573,95,3.85453,2.51067,1.94105,1.41768,6,-0.97307,-0.875548,-0.544091,0.0142622,1.10786,2.62866,4.13739,1.15977,0.767153,0.45793,0.615414,1.13177,1.63774,2.51067,-0.880254,-0.951985,-0.817765,-0.248369,0.633789,1.46875,1.94105,0.0044006,1386
d_og_r4,w_food_cpi_dyoy,consumer_prices,0,4.13535,7.82156e-05,0.510126,1.41042,95,3.76288,3.64286,4.35116,2.8432,1,4.13535,2.84897,1.10086,-0.129689,-0.94076,-1.70725,-2.47515,3.64286,4.2608,3.60801,0.817825,-0.515264,-1.54378,-2.45058,4.35116,3.75912,2.43684,0.898082,0.826623,0.339055,-0.213831,0.00441066,1386
d_og_r4,glob_fao_cereals_idx__dyoy,commodities,4,4.00214,0.00012691,0.327867,1.04937,95,3.84424,3.79296,2.49677,2.10802,4,-0.907952,0.438549,1.43851,2.96599,4.00214,3.77959,3.16183,-0.853425,0.476998,1.40129,2.88113,3.79296,3.62405,3.02629,-1.25534,-0.124395,0.815279,2.38061,2.49677,1.90321,1.63948,0.00663799,1386
d_og_r4,se_na_hhcons_food_sa__yoy,activity_retail,5,3.96459,0.000145207,0.335899,0.988822,95,3.80176,3.77208,2.30759,1.56084,5,-1.03742,0.595792,1.89248,1.16277,2.9709,3.96459,2.93249,-0.549829,0.343529,1.63536,0.979764,2.52928,3.77208,2.56568,-0.97333,0.493645,1.72562,0.983689,2.69361,2.30759,1.53453,0.00741587,1386
d_og_r4,glob_fao_ffpi__dyoy,commodities,5,3.94514,0.000155652,0.385155,1.15082,95,3.77121,4.07928,1.39861,2.52773,5,-2.40956,-0.619688,0.626967,2.19367,3.56922,3.94514,3.0395,-2.31863,-0.655445,0.336443,1.60398,3.2564,4.07928,3.01439,-2.00821,-1.04633,-0.14762,1.39088,1.52937,1.39861,1.20485,0.00782049,1386
d_og_r4,se_nier_food_mfg_sell_price_exp__d4,price_expectations,3,3.94448,0.000156018,0.509486,1.46793,95,3.78283,3.18211,3.91209,2.6598,3,1.44225,2.74091,3.70207,3.94448,2.99571,1.97971,1.18532,0.413325,2.12382,2.81748,3.18211,2.94786,2.39134,1.6829,1.0479,2.43314,3.45274,3.91209,3.47267,2.7694,1.31164,0.00782049,1386
d_og_r4,w_food_ppi_yoy,producer_prices_input_costs,6,-3.94283,0.00015694,-0.457412,-1.43597,95,-3.28548,-3.81351,-2.24424,-2.0299,6,2.42672,1.37434,-0.0186164,-1.88074,-3.38735,-3.80122,-3.94283,3.32202,1.9015,-0.00817014,-1.989,-3.2814,-3.59018,-3.81351,2.77075,1.89961,0.735962,-0.745665,-1.56236,-2.14154,-2.24424,0.00783044,1386
d_og_r4,w_food_cpi_rel_dyoy,consumer_prices,0,3.91877,0.000170968,0.388851,1.01466,95,3.74627,4.41985,3.47056,2.90767,0,3.91877,1.27487,-0.357116,-1.28989,-2.06258,-2.57284,-3.22466,4.41985,3.31103,1.11946,-0.503616,-1.49637,-2.16732,-3.05838,3.47056,1.99831,0.506303,-0.697059,-0.822185,-0.996705,-0.930887,0.00849121,1386
d_og_r4,glob_gscpi__lvl,packaging_freight,2,3.91677,0.000172188,0.312792,1.06318,95,3.66956,2.39536,3.64312,5.79546,2,1.7858,3.17627,3.91677,2.9625,2.16711,1.40528,0.803698,1.05902,2.32083,2.39536,1.05209,0.569031,0.320647,-0.0235655,1.71913,3.01756,3.64312,2.8824,2.17331,1.45726,0.775938,0.00851278,1386
d_og_r4,packaging_us_dyoy,packaging_freight,5,3.89065,0.000188881,0.442903,1.24827,95,3.74118,3.31931,2.21564,2.80768,5,-1.33734,-0.207442,1.01195,2.1386,3.26448,3.89065,2.74603,-1.46113,-1.06992,-0.0992602,1.05975,2.35852,3.31931,2.64774,-1.975,-0.937633,0.266309,1.16513,1.5288,2.21564,1.3996,0.00917056,1386
d_og_r4,w_retail_total_vol_dyoy,activity_retail,6,3.88026,0.000201077,0.391476,1.2626,91,3.68994,3.6407,1.42624,2.22646,6,-2.25484,-1.15552,-0.0898758,0.767525,1.85744,2.77561,3.88026,-1.40391,-0.494108,0.0295894,0.532579,1.47888,2.27242,3.6407,-3.97016,-2.37848,-0.940389,0.103279,0.421642,0.924801,1.42624,0.00959067,1386
d_og_r4,us_ppi_plastic_resins_idx__dyoy,packaging_freight,4,3.79665,0.000262691,0.364317,1.11595,95,3.60382,2.79662,1.55836,1.83139,5,-1.68536,-0.366241,1.3398,2.88149,3.79665,3.64952,2.204,-1.33323,-0.797358,0.261556,1.87582,2.79662,2.83286,1.88419,-2.14991,-1.2477,0.375838,1.52054,1.55836,1.46138,0.193963,0.0121546,1386
d_og_r4,nw_real_wage_dyoy,wages_income,0,-3.76368,0.000294563,-0.527633,-1.52853,95,-3.60791,-3.25741,-3.96273,-2.79107,0,-3.76368,-2.47607,-2.34054,-1.38793,0.510724,0.717431,2.35467,-3.25741,-2.20581,-2.20351,-1.15939,0.890868,1.20315,2.91191,-3.96273,-3.33116,-3.09519,-1.97326,-0.852098,-0.929057,0.767551,0.0131724,1386
d_og_r4,eu_agri_wheat_bread_price__dyoy,commodities,4,3.98427,0.00046137,0.50509,1.48195,30,3.62204,,4.38746,-0.0239462,,0.0229155,0.525868,1.19889,2.37869,3.98427,,,,,,,,,,-0.504051,-0.048827,0.752292,1.98229,4.38746,,,0.0189935,1386
d_og_r4,se_wage_idx_m__yoy,wages_income,5,-3.61763,0.000485479,-0.413358,-1.14417,95,-3.45933,-3.12877,-8.85607,-2.64664,4,-1.49276,-1.57722,-1.96485,-2.93159,-3.35951,-3.61763,-3.11862,-1.08376,-1.27873,-1.97905,-3.00797,-3.26686,-3.12877,-2.63484,-1.34435,-1.53419,-2.0388,-3.22243,-4.89144,-8.85607,-5.70953,0.0198797,1386
d_og_r4,no_retail_foodstores_vol_sa_idx__yoy,activity_retail,6,3.61697,0.000486569,0.347527,1.01298,95,3.26892,1.23253,1.87341,1.6102,6,-1.15919,-1.75959,-2.26484,-1.08938,0.365956,1.8086,3.61697,0.979745,0.266641,-1.1559,-0.798269,-0.108286,0.428734,1.23253,-0.955984,-1.6529,-2.61314,-1.65339,-0.102913,1.03808,1.87341,0.0198797,1386
d_og_r4,glob_wb_food_idx__dyoy,commodities,4,3.61082,0.000496766,0.315307,1.01536,95,3.48035,3.47214,2.87247,2.2288,4,-0.70691,0.786225,1.94778,3.47285,3.61082,2.7745,2.09004,-0.325262,1.28641,2.09447,3.00064,3.47214,2.51014,1.81699,-0.69286,0.404941,1.42808,3.11033,2.87247,1.52641,1.02381,0.0202201,1386
d_og_r4,no_imp_price_food_idx__dyoy,producer_prices_input_costs,2,3.59181,0.000537496,0.378152,0.984337,92,3.41387,3.63781,2.96891,2.71116,2,3.10356,3.28143,3.59181,0.429075,-1.29922,-2.39422,-3.15413,2.74699,3.20886,3.63781,1.25939,-0.838334,-2.07281,-2.85229,3.26404,2.94053,2.96891,1.11932,-0.508718,-1.16939,-1.54403,0.0215779,1386
d_og_r4,nw_real_wage_yoy,wages_income,6,3.58708,0.000538097,0.398024,1.1956,95,3.42911,3.80753,3.19221,1.89412,6,-2.54603,-0.903595,0.326472,1.35892,3.14906,3.00792,3.58708,-1.71857,-0.1184,1.22426,2.16373,3.6065,3.33338,3.80753,-4.09201,-2.33579,-0.742204,0.587226,1.85475,1.93691,3.19221,0.0215779,1386
d_og_r4,glob_fao_ffpi_nok__dyoy,commodities,3,3.53063,0.000649843,0.425083,1.25963,95,3.35201,3.06326,2.9128,1.90036,4,-0.476344,0.770139,2.24266,3.53063,3.28677,2.2358,1.25458,-1.03195,0.291006,1.72935,3.06326,3.0765,2.45146,1.56902,-0.980214,0.0636276,1.53582,2.9128,1.80585,0.937157,0.0944337,0.0255869,1386
d_og_r4,glob_fao_vegoils_idx__dyoy,commodities,5,3.53061,0.000649887,0.333632,1.06095,95,3.39676,3.407,1.84828,2.57928,5,-2.43899,-0.975023,0.173786,1.61937,3.03145,3.53061,3.39316,-2.17334,-0.81445,0.0848844,1.10661,2.43557,3.407,3.39995,-2.12429,-1.28044,-0.561455,0.882295,1.54249,1.84828,2.00094,0.0255869,1386
d_og_r4,glob_fao_dairy_idx__dyoy,commodities,0,-3.52134,0.000670223,-0.441751,-1.1738,95,-3.35492,-3.97253,-2.14427,-2.18676,0,-3.52134,-1.87086,-0.67058,0.202705,0.967315,1.5267,1.84939,-3.97253,-2.23112,-0.842545,0.019372,0.777988,1.39732,1.73123,-2.14427,-1.7801,-1.17028,-0.463556,-0.0446507,0.305948,0.879655,0.0262919,1386
d_og_r4,no_ssb_bts_consgoods_home_price_exp__lvl,price_expectations,6,-3.46345,0.000811424,-0.225342,-1.01141,95,-3.31835,-4.5807,-1.46333,-0.658482,6,1.68285,1.41105,1.05643,0.40374,-0.472817,-1.41161,-3.46345,0.459698,0.428508,0.255293,-0.233273,-1.00054,-2.22283,-4.5807,1.55017,1.34991,1.06693,0.585832,0.141403,-0.225602,-1.46333,0.0308258,1386
d_og_r4,w_hh_saving_d4,wages_income,2,-3.41778,0.00094214,-0.384187,-1.12275,95,-3.25595,-2.32706,-2.84752,-2.24275,2,-0.239677,-1.94225,-3.41778,-2.55494,-1.0918,0.12804,0.78676,0.969753,-1.08282,-2.32706,-2.2212,-2.04464,-1.00171,-0.695754,0.288021,-1.41607,-2.84752,-2.24645,-0.735333,0.418561,1.13438,0.0356666,1386
d_og_r4,no_qna_hh_food_cons_sa_mnok__dyoy,activity_retail,2,-3.3765,0.0010771,-0.41048,-1.07136,95,-3.18158,-1.4833,-3.31769,-2.68205,4,-1.25815,-2.30258,-3.3765,-2.39146,-0.740397,0.754466,1.85293,0.361067,-0.416971,-1.4833,-1.47318,-1.692,-0.29607,0.331473,-1.12656,-2.17962,-3.31769,-2.78045,-1.18128,0.283432,1.0803,0.0396663,1386
d_og_r4,glob_fao_vegoils_idx__yoy,commodities,3,3.3479,0.00118108,0.37767,1.25977,95,3.18283,2.45501,2.83017,2.10978,3,-0.801882,1.20277,2.44548,3.3479,2.97702,2.2715,1.53955,-1.08273,0.630144,1.58763,2.45501,2.41554,1.8679,1.20348,-0.896209,0.880769,2.15132,2.83017,2.11881,1.21277,0.464413,0.042768,1386
d_og_r4,us_ppi_plastic_resins_idx__yoy,packaging_freight,4,3.31391,0.00131688,0.437847,1.20105,95,3.1685,2.70569,1.90989,1.3723,4,0.0448083,1.25865,2.59923,3.30801,3.31391,2.67203,1.02767,-0.354691,0.47833,1.62757,2.595,2.70569,2.34954,1.33715,-0.460889,0.683185,1.83336,2.42387,1.90989,1.16345,-0.5708,0.0469013,1386
d_og_r4,price_cost_gap_fao_nok_d4,other,3,-3.28674,0.00143579,-0.370238,-1.12481,95,-3.14915,-2.88137,-2.72042,-1.83903,3,-0.113945,-1.65895,-3.00526,-3.28674,-2.5349,-1.60614,-1.11725,0.262712,-1.19022,-2.51388,-2.88137,-2.56272,-1.8273,-1.38676,0.771214,-0.77759,-2.3199,-2.72042,-1.73024,-1.115,-0.567241,0.0504722,1386
d_og_r4,glob_fao_cereals_idx__yoy,commodities,2,3.28066,0.00146376,0.381255,1.20094,95,3.1212,2.90317,3.00981,2.02355,2,1.65052,2.72201,3.28066,3.17332,2.22604,1.35758,0.626555,1.52034,2.56856,2.90317,2.86464,1.89004,1.04411,0.373038,1.32116,2.43598,3.00981,3.01651,1.89429,0.899262,0.0686777,0.0511235,1386
d_og_r4,packaging_us_yoy,packaging_freight,4,3.14467,0.0022393,0.448684,1.20805,95,3.01853,2.64851,2.02207,1.64122,5,0.307044,1.27229,2.43615,3.04709,3.14467,2.51112,0.943161,-0.468101,0.298199,1.38381,2.19272,2.64851,2.78766,1.84968,-0.21053,0.725189,1.72494,2.29309,2.02207,1.57739,0.112635,0.0728082,1386
d_og_r4,natgas_eu_eur_dyoy,energy,4,3.13352,0.00248691,0.365679,1.19746,76,2.88187,2.47689,1.74684,1.41532,4,-1.02866,0.219574,1.43171,2.46509,3.13352,3.10826,2.48159,-0.560017,-0.145983,0.534114,1.63768,2.47689,2.0457,1.43939,-2.03072,-0.98984,0.473477,1.61663,1.74684,1.32739,1.07179,0.0796627,1386
d_og_r4,no_earn_idx_food_manuf_q__yoy,wages_income,2,-3.09008,0.00264704,-0.368903,-1.01267,95,-2.92314,-2.66344,-2.64232,-3.16119,2,-0.820055,-0.987364,-3.09008,-2.6113,-2.10106,-1.60163,0.72298,-0.411133,-0.729028,-2.66344,-2.26841,-1.65819,-1.329,1.44312,-0.712816,-0.939508,-2.64232,-2.37325,-1.99704,-1.67739,0.104489,0.0842934,1386
d_og_r4,no_qna_hh_food_cons_sa_mnok__yoy,activity_retail,6,3.07238,0.00279344,0.401194,1.09737,95,2.79715,1.02528,1.97276,1.46249,0,-0.665482,-0.551299,-0.358983,0.433283,1.07589,2.10925,3.07238,1.21797,0.593619,-0.106292,0.123294,0.265145,0.656671,1.02528,-0.562639,-0.619213,-0.548284,0.253894,0.866817,1.56188,1.97276,0.0881772,1386
d_og_r4,us_ppi_corrugated_boxes_idx__dyoy,packaging_freight,5,3.06069,0.00289414,0.354509,0.942766,95,2.9282,3.13859,3.06683,2.74345,5,-0.29249,0.0602658,0.395006,0.874927,1.74955,3.06069,2.60141,-1.23294,-1.03174,-0.450603,0.167611,1.25166,3.13859,3.09558,-0.889244,-0.306924,0.10726,0.583994,1.24589,3.06683,2.29371,0.0905704,1386
d_og_r4,nw_retail_food_vol_dyoy,activity_retail,2,-3.05254,0.00296635,-0.437508,-1.15899,95,-2.84446,-1.32918,-3.04652,-2.31762,4,-1.53089,-2.44468,-3.05254,-2.87576,-1.89611,-0.0643,1.10356,-0.177724,-0.692703,-1.32918,-1.7667,-1.94159,-0.872218,0.282502,-1.3034,-2.26514,-3.04652,-3.05683,-2.10448,-0.332295,0.608734,0.0922901,1386
d_og_r4,se_policy_rate__lvl,rates,6,-3.04492,0.00303545,-0.305594,-0.898498,95,-2.92773,-2.65341,-4.7982,-2.17748,6,-0.440575,-0.650683,-1.03232,-1.5989,-2.34847,-2.90272,-3.04492,-0.230127,-0.318289,-0.623438,-1.15894,-1.9371,-2.53087,-2.65341,-0.407602,-0.621756,-0.978618,-1.44946,-2.18713,-3.42051,-4.7982,0.0933667,1386
d_og_r4,w_fx_vs_nok_dyoy,fx,0,-2.96137,0.0038964,-0.331329,-0.823375,95,-2.84358,-2.3539,-3.36927,-2.57438,0,-2.96137,-1.56207,0.106399,1.14474,2.25652,2.83931,1.69617,-2.3539,-1.89958,-0.435002,0.533005,1.87679,2.28447,1.19448,-3.36927,-2.11293,-0.221362,0.787629,1.7348,1.3941,0.370422,0.114018,1386
d_og_r4,no_fn_cci_sa__lvl,consumer_survey,5,2.91787,0.00442916,0.364302,0.980276,95,2.78949,3.95258,0.993926,-1.34247,6,-0.801651,0.149284,1.32725,2.31583,2.91261,2.91787,2.42271,-0.24648,0.599088,1.69337,2.61243,3.30081,3.95258,4.70295,-0.940814,-0.317057,0.48541,1.34952,1.18127,0.993926,0.530481,0.12788,1386
d_og_r4,se_policy_rate__d4,rates,0,2.8905,0.00479793,0.278876,0.809107,95,2.64275,3.75857,4.18657,3.09828,0,2.8905,1.52641,0.866308,0.538083,0.254898,-0.0233168,-0.565007,3.75857,2.25591,1.19208,0.714359,0.351605,0.00351064,-0.599152,4.18657,2.73989,1.42608,0.854669,0.740781,0.500841,-0.0474743,0.137428,1386
d_og_r4,no_fx_eurnok__dyoy,fx,5,-2.86489,0.00516833,-0.308669,-0.92997,95,-2.72767,-2.2801,-1.19418,-2.22072,5,2.23046,1.0475,-0.0327594,-0.994892,-2.09218,-2.86489,-2.18087,1.85497,1.14961,0.341725,-0.452554,-1.66553,-2.2801,-1.7583,2.74222,1.40958,0.342907,-0.538509,-1.29582,-1.19418,-0.630833,0.145851,1386
d_og_r4,w_fx_vs_usd_dyoy,fx,0,2.86184,0.00521415,0.344076,0.900207,95,2.72375,2.38316,1.96137,1.37746,0,2.86184,1.62573,1.16355,0.611476,-0.00746307,-1.15167,-2.66196,2.38316,1.24007,0.892468,0.56503,0.290364,-0.527455,-2.11313,1.96137,1.46814,1.46814,1.18787,0.948025,-0.00915601,-1.23888,0.146254,1386
d_og_r4,no_imp_price_food_idx__yoy,producer_prices_input_costs,6,-2.86266,0.00523723,-0.335442,-1.07109,92,-2.69823,-2.90455,-1.64871,-1.93708,6,1.25156,0.661256,0.161163,-1.26111,-2.13403,-2.5286,-2.86266,0.903478,0.569916,0.273151,-0.970323,-1.97826,-2.49028,-2.90455,1.16304,0.627552,0.172491,-1.43358,-2.8224,-2.10514,-1.64871,0.146522,1386
d_og_r4,se_nier_food_mfg_sell_price_exp__lvl,price_expectations,6,-2.85782,0.00527508,-0.163876,-0.918967,95,-2.73227,-2.49479,-1.57438,-1.17799,6,1.91677,1.88193,1.61735,1.26467,0.358396,-1.05921,-2.85782,0.773364,0.880869,0.812588,0.819152,0.207534,-0.883977,-2.49479,1.99238,1.98033,1.74163,1.41757,0.753473,-0.360898,-1.57438,0.147201,1386
d_og_r4,w_policy_rate_d4,rates,0,2.83787,0.00558749,0.285405,0.766049,95,2.63668,2.18416,3.32868,2.27104,0,2.83787,1.73902,1.06394,0.725599,0.390372,0.0623595,-0.496427,2.18416,1.78964,1.20504,0.862736,0.528807,0.226011,-0.290883,3.32868,2.57443,1.5417,1.00351,0.831951,0.547566,-0.0551231,0.153544,1386
d_og_r4,glob_gscpi__d4,packaging_freight,6,2.76527,0.00687252,0.281226,0.842609,95,2.59422,2.82779,1.51277,1.57408,6,-0.616582,1.12899,2.44597,2.35204,2.24505,2.40377,2.76527,0.160843,0.766104,1.53158,1.60639,2.22443,2.78842,2.82779,-0.908423,0.367904,1.71298,1.80956,1.30603,1.28615,1.51277,0.184639,1386
d_og_r4,no_jordbruk_malpris_mnok__d4,tax_policy,0,2.75623,0.00710729,0.353835,0.962579,91,2.63343,1.51562,2.79818,2.12494,2,2.75623,2.70639,2.03781,1.18929,0.664827,-0.313383,-1.7386,1.51562,2.20308,2.46087,1.71616,0.956791,-0.20184,-1.78013,2.79818,3.36593,3.10181,2.09128,2.25229,1.28732,-0.175421,0.189225,1386
d_og_r4,brent_nok_dyoy,energy,5,2.75189,0.00713696,0.335351,0.939202,95,2.62257,2.40745,0.553869,1.76558,5,-2.22981,-0.396598,0.555739,1.7701,2.60603,2.75189,2.27875,-2.31823,-0.83419,-0.200005,0.750578,2.24948,2.40745,2.13111,-1.93443,-0.781058,0.101817,1.22147,1.2507,0.553869,0.137097,0.189393,1386
d_og_r4,glob_fao_ffpi__yoy,commodities,3,2.71413,0.00793406,0.430559,1.29184,95,2.56812,2.20941,2.09938,1.69625,3,-0.343966,1.05624,2.14469,2.71413,2.44776,1.84721,1.01991,-0.807851,0.491677,1.45987,2.20941,2.14935,1.6032,0.872405,-0.559435,0.623188,1.53346,2.09938,1.39061,0.697871,-0.232207,0.207495,1386
d_og_r4,ea_ec_food_ind_sell_price_exp__lvl,price_expectations,1,2.69402,0.00839104,0.350509,1.02651,95,2.50666,1.01155,2.64112,2.84319,6,2.31249,2.69402,2.26185,1.76789,1.03425,-0.0790796,-1.86976,0.272809,1.01155,1.36973,1.56275,0.85338,-0.141558,-1.59925,2.29141,2.64112,2.25157,1.85727,1.2309,0.0672327,-1.96839,0.217346,1386
d_og_r4,no_earn_idx_food_manuf_q__dyoy,wages_income,2,-2.6872,0.00855132,-0.28408,-0.77086,95,-2.55333,-2.71012,-1.74438,-1.86205,2,0.397401,0.0179345,-2.6872,-1.97764,-1.2803,-1.22813,1.09738,0.52661,-0.135862,-2.71012,-2.18802,-1.27002,-0.847308,1.37748,0.821788,0.468391,-1.74438,-1.58106,-0.695042,-0.434584,1.20495,0.220443,1386
d_og_r4,se_na_hhcons_food_sa__dyoy,activity_retail,0,-2.62445,0.0101618,-0.324532,-0.834341,95,-2.47518,-1.92629,-2.63135,-1.93628,0,-2.62445,-1.86445,-0.356488,-0.839739,0.399316,1.39514,1.50616,-1.92629,-1.78545,-0.447361,-0.900467,0.242591,1.1641,1.17586,-2.63135,-2.02008,-0.861717,-1.55807,-0.41769,0.212093,0.137632,0.25827,1386
d_og_r4,se_retail_grocery_vol_sa_idx__yoy,activity_retail,2,2.61935,0.0103039,0.170733,0.880459,95,2.53863,1.94322,2.42748,0.06651,5,0.118915,1.22234,2.61935,1.91568,2.09199,1.88887,1.03881,0.338443,0.803755,1.94322,1.72712,2.31508,2.50335,2.4968,-0.107835,0.912277,2.42748,1.97321,2.20229,1.74627,0.570337,0.260658,1386
d_og_r4,w_ec_food_retail_sell_price_exp_d4,price_expectations,2,2.61821,0.0113964,0.388942,1.16637,58,2.37539,0.758368,2.58796,1.58799,5,1.38163,2.11656,2.61821,2.49082,1.79416,1.05667,0.580699,0.0524443,0.445514,0.758368,1.23986,1.82774,2.57378,1.84398,1.22151,1.99593,2.58796,2.57631,2.16869,1.67387,1.24557,0.282357,1386
d_og_r4,w_policy_rate_lvl,rates,6,-2.57404,0.0116492,-0.319478,-0.864507,95,-2.46619,-2.1438,-3.48259,-1.73959,6,-0.297113,-0.45999,-0.796473,-1.25463,-1.84734,-2.28803,-2.57404,-0.192384,-0.212643,-0.447555,-0.857479,-1.44552,-1.87884,-2.1438,-0.286542,-0.432831,-0.72277,-1.07956,-1.65994,-2.56363,-3.48259,0.287961,1386
d_og_r4,w_unemp_lvl,labour_market,6,2.56036,0.0120853,0.385769,1.1463,95,2.45855,2.05197,1.65434,1.15297,6,-2.15375,-1.73297,-0.850246,0.355262,1.11901,1.86667,2.56036,-1.8166,-1.49951,-0.789357,0.196158,0.827215,1.39784,2.05197,-2.4505,-2.03384,-1.31363,-0.263954,0.287155,1.03921,1.65434,0.296038,1386
d_og_r4,no_cpi_food_idx__yoy,consumer_prices,3,-2.53962,0.0127749,-0.29535,-1.14406,95,-2.38462,-1.96932,-2.88491,-0.434752,1,0.282643,-1.18015,-2.32826,-2.53962,-2.2071,-1.6768,-1.35404,-0.736417,-2.25664,-2.24999,-1.96932,-1.61229,-1.37855,-1.38729,0.470647,-0.538802,-1.7486,-2.88491,-2.59701,-1.972,-1.34019,0.30943,1386
d_og_r4,w_fx_vs_nok_yoy,fx,4,2.43809,0.0166861,0.326913,0.932305,95,2.32704,1.97846,2.09732,1.64531,4,-1.07132,0.135803,0.824337,1.70387,2.43809,2.01858,0.617025,-1.89363,-0.903617,0.165712,1.13897,1.97846,1.56819,0.650553,-1.35753,-0.150894,0.622195,1.67276,2.09732,0.891791,-0.451971,0.379541,1386
d_og_r4,eu_ppi_dom_c105_idx__dyoy,producer_prices_input_costs,3,2.41934,0.0175376,0.383475,1.00721,94,2.29343,2.88732,2.02811,2.06996,3,0.522053,1.35954,2.08048,2.41934,2.01543,1.2451,0.518173,-0.20789,0.879818,2.01593,2.88732,2.43317,1.35349,0.57814,0.151864,0.882041,1.61468,2.02811,1.67015,1.26309,0.479416,0.395585,1386
d_og_r4,w_retail_food_vol_dyoy,activity_retail,1,-2.3837,0.0191943,-0.383337,-0.991014,95,-2.17814,-0.810152,-2.49684,-1.84685,6,-2.15151,-2.3837,-2.06134,-1.60752,-0.749477,0.67514,1.68051,-0.885607,-0.810152,-0.779622,-0.727901,-0.423881,0.301642,1.02509,-2.0503,-2.49684,-2.36772,-2.03126,-1.49113,-0.093229,0.658871,0.426732,1386
d_og_r4,glob_wb_food_idx__yoy,commodities,2,2.31841,0.0226429,0.306399,1.01199,95,2.19467,1.83782,2.15743,1.86825,1,1.43607,2.18624,2.31841,2.24361,1.54817,0.800206,0.178774,1.20034,1.95488,1.83782,1.7022,1.04556,0.244875,-0.378167,1.43731,2.16361,2.15743,2.04424,1.16006,0.272728,-0.492683,0.490313,1386
d_og_r4,brent_nok_yoy,energy,4,2.31759,0.0226895,0.351517,0.953245,95,2.19013,2.04267,1.12442,1.5269,4,-0.232279,0.654092,1.23836,1.9832,2.31759,1.87529,0.760348,-1.19959,-0.112548,0.481765,1.34181,2.04267,1.88242,1.30509,-0.420626,0.302086,0.834952,1.52161,1.12442,0.0343617,-1.28519,0.490342,1386
d_og_r4,w_hh_real_inc_yoy,wages_income,3,2.30606,0.024209,0.272503,0.898588,70,2.17278,1.78799,1.95742,-0.126109,3,0.290915,1.51726,2.21334,2.30606,1.78436,1.25561,0.450505,0.738153,1.59111,1.6485,1.78799,1.40175,1.30069,1.43953,-0.151395,0.729673,1.76803,1.95742,1.01192,0.463543,-0.414228,0.512942,1386
d_og_r4,no_cpi_food_idx__dyoy,consumer_prices,0,2.25454,0.026535,0.394072,1.03406,95,2.08746,1.21719,4.59919,2.34503,0,2.25454,1.13088,-0.0993579,-0.910256,-1.10411,-0.955562,-0.908251,1.21719,0.714601,0.410033,0.068912,-0.286157,-0.51448,-0.878129,4.59919,2.55106,1.00398,-0.0479241,0.0690066,0.290123,0.0592323,0.549324,1386
d_og_r4,glob_fao_meat_idx__dyoy,commodities,4,2.24022,0.0274842,0.307968,0.876915,95,2.13588,1.7566,0.614096,1.48938,4,-1.45622,-0.0352468,1.18435,2.10958,2.24022,1.56195,0.801593,-1.31805,-0.33719,0.497986,1.4783,1.7566,1.58563,1.34315,-1.50609,-0.751587,0.369264,1.34067,0.614096,-0.115041,-0.876451,0.563586,1386
d_og_r4,w_fx_vs_usd_yoy,fx,0,2.22062,0.0288323,0.425309,1.11845,95,2.08614,1.76888,1.95716,2.10732,6,2.22062,0.954488,0.430148,-0.283848,-0.967604,-1.67306,-2.01266,1.76888,0.61182,0.242899,-0.169968,-0.473441,-1.19887,-1.84993,1.95716,1.13907,0.855201,0.347162,0.543793,0.407019,0.0544588,0.584587,1386
d_og_r4,w_ec_food_retail_sell_price_exp_lvl,price_expectations,1,2.22368,0.0299464,0.344168,1.02829,63,2.00916,-0.0216436,2.18788,3.1337,6,2.11871,2.22368,1.75915,1.10214,0.274988,-0.537039,-1.18566,-0.524525,-0.0216436,0.424454,0.510218,-0.0805289,-0.716522,-1.36512,2.06965,2.18788,1.82963,1.32286,0.859131,0.186851,-0.417386,0.60043,1386
d_og_r4,w_fx_vs_eur_dyoy,fx,5,-2.19356,0.0307874,-0.241491,-0.814468,95,-2.08884,-1.72633,-0.810504,-1.65446,6,1.50238,0.654231,0.0245636,-0.742564,-1.61486,-2.19356,-2.12787,1.22856,0.658732,0.244304,-0.332248,-1.15668,-1.72633,-1.85151,1.71491,0.908719,0.374404,-0.255247,-0.671715,-0.810504,-0.751992,0.612753,1386
d_og_r4,se_eursek__dyoy,fx,6,-2.16609,0.0328898,-0.234807,-0.921412,95,-2.06511,-1.66275,-1.14493,-2.02979,6,1.15709,1.13624,1.1665,0.821685,0.0105203,-1.16832,-2.16609,0.676471,0.713724,0.858363,0.67118,0.220598,-0.751273,-1.66275,1.09619,1.17011,1.34124,1.2824,0.904105,-0.291405,-1.14493,0.648636,1386
d_og_r4,se_food_vat_rate__d4,tax_policy,0,-2.14023,0.0349815,-0.0157607,-0.107261,95,-2.1078,-2.33132,-0.482272,-1.37543,0,-2.14023,,,,,,,-2.33132,,,,,,,-0.482272,,,,,,,0.681201,1386
d_og_r4,se_food_vat_rate__lvl,tax_policy,0,-2.14023,0.0349815,-0.0157607,-0.107261,95,-2.1078,-2.33132,-0.482272,-1.37543,0,-2.14023,,,,,,,-2.33132,,,,,,,-0.482272,,,,,,,0.681201,1386
d_og_r4,no_fx_eurnok__yoy,fx,4,-2.07042,0.0412154,-0.335614,-0.971846,95,-1.97622,-1.58193,-1.6995,-1.07688,4,0.980455,-0.496259,-1.20173,-1.88606,-2.07042,-1.58347,-0.813258,1.4897,0.230357,-0.68771,-1.37023,-1.58193,-1.25445,-0.783946,1.27185,-0.0254528,-0.913275,-1.96956,-1.6995,-0.730657,0.225742,0.780146,1386
d_og_r4,no_policy_rate__lvl,rates,6,-2.04915,0.043295,-0.277884,-0.732284,95,-1.93974,-1.59121,-3.6753,-1.41733,6,-0.7503,-0.762295,-0.977516,-1.26384,-1.67125,-1.90036,-2.04915,-0.505308,-0.389694,-0.479703,-0.682514,-1.12208,-1.40568,-1.59121,-0.864728,-0.845305,-0.982745,-1.15268,-1.64076,-2.65119,-3.6753,0.811002,1386
d_og_r4,glob_fao_meat_idx__yoy,commodities,3,1.98001,0.0506902,0.373527,1.04188,95,1.86176,1.5833,1.28131,1.04846,3,-0.385031,0.771493,1.63054,1.98001,1.76462,1.00101,0.00904218,-0.667067,0.305082,1.10205,1.5833,1.42472,1.00514,0.485866,-0.974534,0.00262443,0.8455,1.28131,0.386751,-0.56146,-2.06263,0.929266,1386
d_og_r4,no_govbond_10y__lvl,rates,0,-1.94154,0.0552523,-0.217479,-0.631644,95,-1.86911,-1.85142,-2.05025,-2.62995,0,-1.94154,-1.90505,-1.85276,-1.63049,-1.3495,-1.19215,-1.14845,-1.85142,-1.63863,-1.44462,-1.11153,-0.684965,-0.423735,-0.266402,-2.05025,-2.06231,-2.00152,-1.76874,-1.75975,-2.03206,-2.16151,1,1386
d_og_r4,elec_nordic_loc_yoy,energy,3,1.8827,0.0629014,0.273885,0.78548,95,1.74423,0.600342,1.69289,1.59165,0,-0.106187,0.631982,1.43336,1.8827,1.53885,1.20615,0.569024,-1.01137,-0.332881,0.419007,0.600342,0.461674,0.523399,0.544872,-0.426836,0.39802,1.25515,1.69289,1.31889,0.874327,0.228473,1,1386
d_og_r4,eu_ppi_dom_c105_idx__yoy,producer_prices_input_costs,6,-1.87073,0.0645616,-0.199892,-0.769832,95,-1.7587,-1.66926,-1.55626,-1.07932,6,0.8036,1.12072,1.10648,0.707224,0.0417073,-0.749335,-1.87073,-0.00164664,0.839465,1.41072,1.2086,0.346043,-0.539292,-1.66926,0.520053,0.867922,0.964473,0.736561,0.222708,-0.475353,-1.55626,1,1386
d_og_r4,glob_fao_dairy_idx__yoy,commodities,5,1.83076,0.0703733,0.352787,0.904026,95,1.71521,1.76346,0.517456,1.67233,0,-1.76135,-0.699727,0.044349,0.825691,1.44459,1.83076,1.56325,-2.42373,-1.06839,-0.213214,0.606581,1.29492,1.76346,1.56388,-1.60672,-1.1229,-0.555336,0.189624,0.362376,0.517456,0.321119,1,1386
d_og_r4,w_fx_vs_eur_yoy,fx,3,-1.78504,0.0775501,-0.22054,-0.783982,95,-1.69005,-1.36123,-1.78166,-0.484205,3,0.647315,-0.839638,-1.40594,-1.78504,-1.56286,-1.22819,-0.882532,0.831933,-0.431915,-1.04967,-1.36123,-1.16931,-0.990764,-0.812892,0.877012,-0.2046,-1.07275,-1.78166,-1.1743,-0.531116,-0.0118966,1,1386
d_og_r4,se_gov_bond_10y__lvl,rates,0,-1.78396,0.0777277,-0.179732,-0.53503,95,-1.71618,-1.44461,-1.83396,-3.01026,0,-1.78396,-1.73064,-1.70372,-1.6711,-1.60895,-1.4757,-1.24019,-1.44461,-1.21904,-1.08762,-0.956526,-0.796465,-0.585636,-0.299878,-1.83396,-1.84473,-1.83719,-1.79326,-1.9925,-2.28798,-2.24306,1,1386
d_og_r4,w_gov10y_lvl,rates,2,-1.77905,0.0785341,-0.190697,-0.553683,95,-1.70981,-1.30238,-1.93091,-2.60737,0,-1.70296,-1.75964,-1.77905,-1.69056,-1.56158,-1.47209,-1.36946,-1.60576,-1.42299,-1.30238,-1.125,-0.887305,-0.702814,-0.479326,-1.8149,-1.91065,-1.93091,-1.82392,-1.94806,-2.20888,-2.23803,1,1386
d_og_r4,us_ppi_corrugated_boxes_idx__yoy,packaging_freight,4,1.68392,0.0955865,0.313715,0.732955,95,1.60754,1.77778,2.01953,1.88248,5,0.702942,1.06606,1.42818,1.65642,1.68392,1.08439,0.476327,-0.611266,-0.197267,0.447286,1.04435,1.77778,1.85499,1.1064,0.210917,0.693337,1.17924,1.5951,2.01953,1.74354,0.852787,1,1386
d_og_r4,se_eursek__yoy,fx,6,-1.67886,0.0965721,-0.330858,-0.871665,95,-1.59977,-1.21884,-0.746211,-0.81453,6,1.1742,0.00587684,-0.415643,-0.780464,-0.903516,-1.27238,-1.67886,0.73939,-0.205847,-0.412399,-0.607692,-0.552859,-0.856605,-1.21884,1.32081,0.72841,0.110589,-0.42662,-0.2967,-0.516872,-0.746211,1,1386
d_og_r4,no_nbes_bl_sell_price_di__lvl,price_expectations,2,1.54324,0.126205,0.20732,0.740873,95,1.45675,1.08075,1.34959,1.47329,2,0.881752,1.29377,1.54324,1.26917,0.965875,0.641185,-0.00232426,0.0959233,0.718147,1.08075,0.809041,0.567369,0.310469,-0.185635,0.595012,1.01606,1.34959,1.16015,0.749006,0.446753,-0.307139,1,1386
d_og_r4,w_wage_dyoy,wages_income,4,1.39895,0.16519,0.172767,0.444181,95,1.32454,2.00105,0.668542,2.01995,4,-1.09454,-0.520258,-0.509618,-0.15807,1.39895,0.65856,1.01644,-1.04866,-0.478118,-0.412501,0.195594,2.00105,1.10054,1.39479,-1.44152,-1.05286,-0.96881,-0.4409,0.668542,0.368544,1.06479,1,1386
d_og_r4,no_cpi_total_idx__yoy,consumer_prices,6,-1.37294,0.173107,-0.235956,-0.660633,95,-1.28259,-1.55668,-0.660572,0.147816,3,0.43599,0.259352,-0.118928,-0.720462,-0.748007,-1.03224,-1.37294,-1.02254,-1.06371,-1.33617,-1.84414,-1.32473,-1.40734,-1.55668,0.636322,0.521982,0.233496,-0.406704,-0.294496,-0.457503,-0.660572,1,1386
d_og_r4,eu_agri_basket_wloc_yoy,commodities,6,-1.3562,0.178354,-0.103676,-0.599583,95,-1.26592,-0.991443,-2.10932,-0.412791,0,0.0358589,0.0516477,0.237115,0.059394,-0.324441,-0.737749,-1.3562,-1.44488,-0.802312,-0.210078,-0.0287951,-0.0741291,-0.375181,-0.991443,0.150123,0.0402415,0.115171,-0.106438,-0.600339,-1.05623,-2.10932,1,1386
d_og_r4,se_retail_grocery_vol_sa_idx__dyoy,activity_retail,0,-1.35192,0.179714,-0.231208,-0.488794,95,-1.27589,-1.38144,-1.56239,-1.64307,0,-1.35192,-0.510834,0.493502,0.130584,0.0988997,0.606344,0.619688,-1.38144,-1.2331,-0.555368,-0.492547,-0.104636,0.550778,1.30317,-1.56239,-0.877931,0.0504371,-0.213736,-0.87436,-0.502857,-0.461916,1,1386
d_og_r4,no_real_wage_qna_yoy_q__lvl,wages_income,1,-1.31482,0.191987,-0.183955,-0.42733,91,-1.26226,-0.618587,-1.3437,-2.91039,1,-1.24842,-1.31482,-0.816352,-0.37506,0.0595828,0.00862673,0.266345,-0.35091,-0.618587,-0.572321,-0.407972,0.102968,0.177663,0.6031,-1.30227,-1.3437,-1.14986,-0.722839,-0.46627,-0.670567,-0.409628,1,1386
d_og_r4,price_cost_gap_agri_d4,other,4,-1.2943,0.198873,-0.236941,-0.69749,93,-1.22884,-1.35772,-0.593907,-1.10617,0,0.724249,0.0772784,-0.810613,-1.25019,-1.2943,-1.28323,-1.07741,2.61786,1.1969,-0.120306,-0.856887,-1.35772,-1.53068,-1.61952,0.581232,0.256857,-0.482394,-0.864477,-0.593907,-0.535927,-0.192238,1,1386
d_og_r4,w_hh_real_inc_dyoy,wages_income,4,1.27249,0.207951,0.115251,0.469615,65,1.1439,0.322642,0.126941,0.126243,6,-1.10631,-0.453516,0.684307,1.1096,1.27249,1.21315,0.346027,-0.662395,-0.573411,-0.446885,0.134241,0.322642,0.836014,1.07044,-1.32697,-0.829842,0.291709,0.937696,0.126941,-0.257292,-1.20683,1,1386
d_og_r4,no_real_wage_qna_yoy_q__d4,wages_income,0,-1.25752,0.21197,-0.225413,-0.503713,89,-1.19178,-0.766686,-1.2384,-0.759055,2,-1.25752,-0.959662,-1.03706,-0.29472,0.150897,0.00647698,0.696256,-0.766686,-0.844417,-1.44658,-0.593472,0.113845,0.295924,1.24121,-1.2384,-0.840264,-0.950834,-0.369484,-0.11143,-0.283666,0.333614,1,1386
d_og_r4,elec_nordic_loc_dyoy,energy,0,-1.25012,0.214427,-0.216461,-0.532393,95,-1.17119,-0.850258,-1.5647,-1.37579,0,-1.25012,-0.359012,0.62325,1.12468,0.991913,1.09369,1.04537,-0.850258,-0.512138,-0.0617508,0.0393802,-0.116783,0.274692,0.562439,-1.5647,-0.891532,0.249028,0.7561,0.505997,0.565211,0.579584,1,1386
d_og_r4,no_cpi_total_idx__dyoy,consumer_prices,2,1.19766,0.234126,0.25123,0.551372,95,1.13627,0.670833,1.5256,1.29723,2,0.983347,1.10803,1.19766,0.896073,0.512476,0.344941,-0.0385561,0.492042,0.577288,0.670833,0.342663,0.0313574,-0.00279531,-0.255094,1.25036,1.48956,1.5256,1.13976,1.04432,0.964735,0.625497,1,1386
d_og_r4,eu_agri_basket_dyoy,commodities,3,1.16338,0.247717,0.217186,0.667802,94,1.09944,0.921129,0.955227,1.07297,0,-7.4217e-05,0.381686,1.00602,1.16338,1.0201,0.895475,0.559678,-1.53974,-0.487855,0.420486,0.921129,1.19477,1.18315,1.03019,0.14241,0.356091,0.864574,0.955227,0.674742,0.551358,0.133352,1,1386
d_og_r4,w_wage_yoy,wages_income,4,1.14618,0.254694,0.120284,0.466278,95,1.08988,1.51357,0.7276,1.61257,4,-0.948675,-0.387747,-0.185245,0.261445,1.14618,0.565131,0.557832,-0.743159,-0.120569,0.239395,0.746229,1.51357,0.860332,0.765494,-1.51031,-0.995985,-0.700973,-0.012207,0.7276,0.104362,0.156919,1,1386
d_og_r4,eu_agri_basket_yoy,commodities,6,-1.0516,0.295738,-0.0483449,-0.47086,95,-0.986768,-0.626236,-2.13595,-0.624169,0,0.159904,0.297319,0.554498,0.462292,0.197369,-0.211762,-1.0516,-1.20467,-0.45381,0.126924,0.310053,0.334129,0.10076,-0.626236,0.191055,0.201083,0.383832,0.266878,-0.14584,-0.63749,-2.13595,1,1386
d_og_r4,glob_fao_sugar_idx__dyoy,commodities,0,-0.991326,0.324127,-0.0629346,-0.332032,95,-0.949624,-0.407674,-0.365492,-0.547447,0,-0.991326,-0.573941,0.276778,0.714798,0.290493,0.166292,-0.0087152,-0.407674,-0.177529,0.244761,0.164442,-0.333105,-0.239686,-0.27016,-0.365492,-0.15681,0.489,0.599734,-0.0191767,-0.247296,-0.499165,1,1386
d_og_r4,glob_fao_sugar_idx__yoy,commodities,0,-0.987757,0.325863,-0.104957,-0.316883,95,-0.937971,-0.915735,-0.315915,-0.387106,0,-0.987757,-0.450113,0.315658,0.626432,0.399054,0.307542,-0.00871125,-0.915735,-0.524401,-0.0981219,-0.0378849,-0.299092,-0.275849,-0.43057,-0.315915,-0.0492323,0.420522,0.445005,0.0292446,-0.263125,-0.783377,1,1386
d_og_r4,w_hh_saving_lvl,wages_income,2,-0.977715,0.330779,-0.0833507,-0.37,95,-0.937532,-1.55551,-0.966755,1.44827,2,-0.499878,-0.781554,-0.977715,-0.570456,-0.340354,0.0415091,0.294448,-0.992577,-1.29775,-1.55551,-1.42823,-1.37793,-1.03129,-0.741341,-0.442664,-0.723596,-0.966755,-0.696122,-0.432833,0.0945059,0.483316,1,1386
d_og_r4,se_gov_bond_10y__d4,rates,4,-0.977362,0.330953,-0.0859154,-0.459405,95,-0.920784,-1.27018,-0.978673,0.801381,4,-0.0803092,-0.345299,-0.680155,-0.93132,-0.977362,-0.515077,-0.0637344,-1.21664,-1.01928,-1.12006,-1.22297,-1.27018,-0.72856,-0.185697,0.00220017,-0.291892,-0.603205,-0.868175,-0.978673,-0.401554,0.314492,1,1386
d_og_r4,no_policy_rate__d4,rates,3,0.956297,0.341429,0.269001,0.601199,95,0.905248,1.06858,1.00271,2.59041,3,0.922905,0.895346,0.859193,0.956297,0.750719,0.362968,-0.227485,0.385101,0.711782,0.849312,1.06858,0.963532,0.694234,0.178745,0.854637,0.958207,0.939805,1.00271,0.867623,0.521537,-0.109824,1,1386
d_og_r4,price_cost_gap_agri,other,3,-0.948163,0.345531,-0.267658,-0.671003,95,-0.882607,-0.688027,-0.64526,-0.838428,0,0.0122049,-0.357361,-0.849519,-0.948163,-0.887554,-0.673001,0.14966,1.32562,0.399433,-0.336588,-0.688027,-0.931228,-0.983191,-0.40643,0.0854595,-0.151866,-0.574241,-0.64526,-0.316484,-0.00157673,1.39082,1,1386
d_og_r4,no_vat_food_rate__lvl,tax_policy,0,0.922362,0.358753,0.157575,0.252255,95,0.889403,0.509315,0.842826,2.38226,4,0.922362,0.46482,0.127796,-0.187543,-0.437022,-0.429233,-0.36165,0.509315,0.0601799,-0.272056,-0.586534,-0.82998,-0.828268,-0.662353,0.842826,0.492832,0.200274,-0.113858,-0.132864,0.302644,0.56107,1,1386
d_og_r4,eu_agri_basket_wloc_dyoy,commodities,3,0.795213,0.428559,0.17034,0.480858,94,0.747429,0.697656,0.637723,0.838628,0,0.195297,0.377977,0.76683,0.795213,0.569404,0.380162,-0.0134735,-0.997605,-0.34802,0.320391,0.697656,0.851987,0.760779,0.46884,0.453505,0.474739,0.709007,0.637723,0.337602,0.216835,-0.160737,1,1386
d_og_r4,w_gov10y_d4,rates,3,-0.648683,0.518159,-0.0202163,-0.302529,95,-0.609093,-1.44306,-0.543011,0.748521,3,0.105449,-0.0847524,-0.439131,-0.648683,-0.639878,-0.312965,-0.0394889,-1.27377,-1.161,-1.37697,-1.44306,-1.11993,-0.438417,-0.0190461,0.0991679,-0.0955192,-0.373053,-0.543011,-0.481498,-0.011583,0.43859,1,1386
d_og_r4,no_govbond_10y__d4,rates,2,-0.567179,0.571974,-0.0378657,-0.317378,95,-0.533108,-1.65802,-0.611822,0.41103,0,-0.499855,-0.497522,-0.567179,-0.314036,0.0996053,0.387508,0.374794,-1.79707,-1.66935,-1.65802,-1.37039,-0.471141,0.322524,0.506167,-0.535636,-0.576951,-0.611822,-0.439766,-0.00132128,0.513906,0.620049,1,1386
og,se_cpi_food_idx__yoy,consumer_prices,0,11.5155,5.62067e-20,0.530492,1.72846,102,11,3.54775,11.6696,,1,11.5155,8.2877,4.06333,1.88913,0.648567,-0.0790046,-0.506349,3.54775,3.6614,1.91595,0.523631,0.170084,-0.0566642,-0.0346759,11.6696,7.95775,4.09308,1.45528,-0.00770204,-0.912448,-0.350249,6.08556e-16,1386
og,no_ppi_food_dom_idx__yoy,producer_prices_input_costs,0,9.08965,1.05729e-14,0.513321,1.70392,102,8.45976,1.55357,8.53894,,0,9.08965,7.51455,4.78929,2.70509,1.47632,0.756722,0.0117727,1.55357,1.17087,0.667778,0.193924,-0.0781643,-0.0784153,-0.00179534,8.53894,6.7145,4.46616,2.51212,0.946866,0.021973,0.178585,5.72369e-11,1386
og,w_food_ppi_yoy,producer_prices_input_costs,0,8.34782,4.5678e-13,0.504631,1.64092,101,8.00562,1.52749,7.2231,,0,8.34782,6.07432,3.86596,2.37652,1.27542,0.0596605,-0.7268,1.52749,1.49605,0.872829,0.429965,0.163569,-0.234175,-0.518245,7.2231,5.48987,3.91498,2.04889,0.63637,-0.922608,-0.804449,1.39707e-09,1386
og,nw_food_ppi_yoy,producer_prices_input_costs,0,8.27795,6.45174e-13,0.533295,1.72899,101,7.67404,2.4146,7.69208,,0,8.27795,6.11112,3.98132,2.61219,1.57268,0.219012,-0.613398,2.4146,2.15499,1.36078,0.903572,0.417326,-0.0850987,-0.408271,7.69208,5.74976,4.13126,2.07565,0.874712,-0.879116,-0.639689,1.39707e-09,1386
og,w_real_wage_yoy,wages_income,0,-7.61562,1.58288e-11,-0.509169,-1.81151,102,-7.37577,-2.32214,-7.37926,,0,-7.61562,-3.59924,-2.2463,-1.63709,-0.683154,-0.399068,0.652621,-2.32214,-0.0893136,0.5696,0.536321,0.771502,0.384218,0.950849,-7.37926,-2.93729,-2.44367,-1.16098,-0.176286,0.125454,0.739268,2.85632e-08,1386
og,nw_food_cpi_xvat_yoy,consumer_prices,0,7.53571,2.33675e-11,0.484611,1.58929,102,7.13316,2.74267,7.85291,,0,7.53571,4.18309,2.67763,1.15808,0.354787,-0.187943,-0.704825,2.74267,2.46934,2.37366,0.761682,0.541165,0.217424,-0.0985476,7.85291,4.16696,2.35468,0.556952,-0.290204,-0.872367,-0.572761,3.61432e-08,1386
og,eu_ppi_dom_c107_idx__yoy,producer_prices_input_costs,0,7.37271,5.38702e-11,0.510618,1.66697,101,6.96609,2.67687,6.96844,,0,7.37271,4.88316,3.23377,2.21115,1.02899,-0.387391,-1.16394,2.67687,2.30643,1.74356,1.46476,0.893505,-0.198491,-0.765649,6.96844,5.09803,3.52196,1.93514,0.447261,-1.42195,-1.35832,6.48064e-08,1386
og,se_ec_cons_conf__lvl,consumer_survey,0,-7.28239,7.98043e-11,-0.554051,-1.82314,102,-6.94146,-2.9383,-7.46076,,1,-7.28239,-5.45234,-3.24301,-1.88951,-0.743768,0.348488,1.13921,-2.9383,-3.16911,-2.70934,-1.96665,-0.839576,0.497708,0.905365,-7.46076,-5.84059,-3.2707,-1.57054,-0.229946,1.1611,1.16574,8.64048e-08,1386
og,nw_cons_conf_z,consumer_survey,0,-7.16367,1.41359e-10,-0.56459,-1.86387,102,-6.87665,-3.17578,-7.84668,,0,-7.16367,-5.16679,-3.47757,-2.53528,-1.56574,-0.440227,0.412931,-3.17578,-2.95464,-2.52302,-1.90189,-0.883262,0.205109,0.650306,-7.84668,-6.8321,-4.34005,-2.55491,-1.09921,0.570844,0.143128,1.39137e-07,1386
og,se_ppi_food_hmpi_idx__yoy,producer_prices_input_costs,0,7.06197,2.30213e-10,0.51711,1.69804,102,6.80993,2.29054,6.72244,,1,7.06197,5.62321,3.62243,2.52872,1.64179,0.260326,-0.817737,2.29054,2.30469,1.33244,1.05098,0.665384,-0.274938,-0.756524,6.72244,5.37358,3.72211,2.22003,1.37381,-0.766487,-0.851547,2.07711e-07,1386
og,se_cpi_idx__yoy,consumer_prices,0,6.77891,8.84637e-10,0.552083,1.7642,102,6.56349,1.3526,6.3112,,1,6.77891,5.77512,4.04652,2.98942,2.18403,1.37572,0.176593,1.3526,2.12637,1.80015,1.64567,1.33533,1.02825,0.204408,6.3112,5.60268,4.04848,3.14649,2.22357,0.89267,0.459705,7.13723e-07,1386
og,se_real_wage_yoy_q__lvl,wages_income,0,-6.76995,9.22881e-10,-0.551379,-1.79852,102,-6.42788,-2.2429,-5.92177,,0,-6.76995,-4.66797,-3.46094,-2.62113,-2.05677,-1.36482,-0.252238,-2.2429,-2.107,-2.00971,-1.79354,-1.59939,-1.12528,0.0977672,-5.92177,-4.34122,-3.60371,-2.76708,-2.15981,-0.89416,-0.763382,7.13723e-07,1386
og,nw_food_cpi_yoy,consumer_prices,0,6.71405,1.20127e-09,0.444331,1.5386,102,6.28005,1.96933,7.62662,,0,6.71405,3.6749,2.37273,1.24672,0.400081,-0.13054,-0.594717,1.96933,1.54332,1.38615,0.735812,0.446914,0.160426,-0.0370054,7.62662,3.84015,2.08199,0.671229,-0.238775,-0.811686,-0.458163,8.67083e-07,1386
og,w_cpi_yoy,consumer_prices,0,6.67412,1.44952e-09,0.561928,1.80481,102,6.24279,2.38011,6.71407,,0,6.67412,4.72314,3.48781,2.53907,1.79226,0.77538,-0.312849,2.38011,1.82826,1.65268,1.33857,1.09783,0.364882,-0.321903,6.71407,4.68408,3.66518,2.76493,1.66371,-0.118359,-0.178631,9.54755e-07,1386
og,price_wage_gap,other,0,6.66697,1.49909e-09,0.429589,1.54388,102,6.25968,1.60804,7.1314,,0,6.66697,3.10561,1.38859,0.636962,-0.165297,-0.459536,-1.24116,1.60804,0.29705,-0.664223,-0.513635,-0.646309,-0.47451,-0.988871,7.1314,2.75078,1.25837,0.0124244,-0.818695,-1.13536,-1.50085,9.54755e-07,1386
og,w_food_cpi_xvat_yoy,consumer_prices,0,6.4714,3.73987e-09,0.447417,1.45298,102,6.0735,2.0633,6.39354,,0,6.4714,3.98588,2.07443,0.949524,0.11388,-0.560133,-0.997025,2.0633,1.78575,0.786706,0.483154,0.104583,-0.223289,-0.50643,6.39354,3.98298,1.74848,0.201612,-0.588687,-1.24512,-0.955855,2.24955e-06,1386
og,ea_hicp_food_idx__yoy,consumer_prices,0,6.24394,1.098e-08,0.489697,1.59099,101,5.84893,1.89747,6.01876,,0,6.24394,3.91314,2.24146,1.11669,0.278572,-0.485836,-1.12604,1.89747,1.43575,0.602424,0.278236,-0.0711626,-0.281144,-0.608765,6.01876,3.81667,2.1008,0.376166,-0.820789,-1.63358,-1.22177,6.25694e-06,1386
og,w_food_cpi_yoy,consumer_prices,0,6.19653,1.32881e-08,0.42649,1.41592,102,5.75597,1.57729,6.26755,,0,6.19653,3.80002,2.17532,1.00015,0.162615,-0.486214,-1.05659,1.57729,1.35842,0.773845,0.400231,0.058518,-0.196619,-0.646325,6.26755,3.80014,1.88612,0.255885,-0.527834,-1.14722,-1.07014,7.19356e-06,1386
og,nw_real_wage_yoy,wages_income,0,-6.00355,3.19429e-08,-0.525757,-1.88252,102,-5.76357,-3.49624,-6.45475,,0,-6.00355,-3.158,-2.02306,-1.5514,-0.856496,-0.790871,0.557068,-3.49624,-1.15309,-0.153741,0.140846,0.526169,0.0849022,1.1825,-6.45475,-2.77378,-2.3786,-1.08431,-0.384675,-0.432673,0.619363,1.50369e-05,1386
og,no_ssb_bts_consgoods_home_price_exp__lvl,price_expectations,2,5.95599,3.95815e-08,0.544465,1.82444,102,5.73487,2.75001,5.7088,,2,3.94115,4.13244,5.95599,4.34115,4.2686,3.11923,1.51098,1.40077,1.48242,2.75001,2.1168,2.66283,2.18633,0.0056993,4.2109,4.04745,5.7088,4.42739,3.65386,3.25543,2.08451,1.78564e-05,1386
og,eu_ppi_plastic_products_idx__yoy,packaging_freight,2,5.95553,4.25094e-08,0.484292,1.64225,99,5.58936,0.708666,5.7219,,5,3.84249,5.02944,5.95553,5.22691,3.68624,2.52313,1.23923,-1.14083,-0.195437,0.708666,1.29918,1.5691,1.69972,0.497443,4.85114,5.55727,5.7219,4.83847,3.36252,2.1696,1.24029,1.84101e-05,1386
og,glob_gscpi__lvl,packaging_freight,5,5.78721,8.42036e-08,0.469791,1.59505,102,5.39617,0.699106,5.86233,,3,1.94245,2.79741,2.99996,2.73835,4.14934,5.78721,5.26384,0.533516,0.439075,0.119453,-0.851066,-0.323401,0.699106,0.832426,2.03705,2.96679,3.08021,2.89862,4.12978,5.86233,5.81574,3.50646e-05,1386
og,w_ec_food_ind_sell_price_exp_lvl,price_expectations,2,5.68128,1.34571e-07,0.493074,1.70568,102,5.35312,2.42788,5.43884,,2,4.46996,5.26166,5.68128,3.01168,2.58225,1.68225,0.380849,1.6823,1.99772,2.42788,0.833574,1.22499,0.587757,-0.339039,4.51954,5.28086,5.43884,2.96719,2.40396,1.39461,0.616688,5.20361e-05,1386
og,w_cons_conf_z,consumer_survey,0,-5.61762,1.78039e-07,-0.522305,-1.71756,102,-5.38415,-2.39302,-5.809,,0,-5.61762,-4.43869,-3.08322,-2.0136,-1.2337,-0.147057,0.687843,-2.39302,-2.38545,-1.89165,-0.879867,-0.0435253,0.750983,0.961743,-5.809,-5.0243,-3.47975,-1.998,-0.705775,0.907159,0.651982,6.40369e-05,1386
og,packaging_eu_yoy,packaging_freight,2,5.62408,1.8335e-07,0.509775,1.67294,99,5.2619,1.55786,5.1269,,5,4.24048,5.43726,5.62408,4.6347,3.47022,2.54418,1.19952,-0.523738,0.5513,1.55786,2.29439,2.38725,2.7354,1.33467,5.17724,5.39962,5.1269,4.49498,3.37422,2.14317,1.24034,6.40369e-05,1386
og,eu_ppi_paper_packaging_idx__yoy,packaging_freight,1,5.40325,4.67346e-07,0.493013,1.59333,100,5.10581,0.933369,5.14177,,5,4.27332,5.40325,5.30321,4.31091,3.34692,2.56517,1.08236,-0.0893795,0.933369,1.90638,2.59496,2.48608,2.77387,1.74351,5.07619,5.14177,4.80117,4.29316,3.412,2.06999,1.15035,0.000148823,1386
og,eu_ppi_dom_food_mfg_idx__yoy,producer_prices_input_costs,0,5.21803,1.01125e-06,0.478759,1.60301,101,4.95502,0.794732,5.04664,,1,5.21803,4.62722,3.46307,2.24849,1.44674,0.614927,-0.401372,0.794732,0.943096,0.775525,0.442583,0.340867,-0.0810479,-0.531979,5.04664,4.2127,3.18521,2.04111,1.19801,-0.0799176,-0.367662,0.000283223,1386
og,nw_retail_food_vol_yoy,activity_retail,0,-5.12825,1.47484e-06,-0.430373,-1.56699,101,-4.79762,-1.36865,-5.19272,,3,-5.12825,-4.40357,-3.32848,-1.94047,-0.745536,-0.0454269,0.484137,-1.36865,-1.36245,-1.93628,-2.11497,-1.25948,-1.1685,-0.676128,-5.19272,-4.36716,-3.36769,-1.94015,-0.54758,0.281188,0.443581,0.000389468,1386
og,se_wage_idx_m__dyoy,wages_income,1,4.99449,2.53859e-06,0.379552,1.31796,102,4.77938,4.19483,4.93478,,1,4.26337,4.99449,2.88915,0.810746,0.209256,-0.400859,-0.748281,3.31201,4.19483,2.33916,0.540569,0.576523,-0.814214,-0.971352,4.47062,4.93478,2.46715,0.250802,-0.398423,-0.940945,-0.714162,0.000639198,1386
og,eu_ppi_dom_c108_idx__yoy,producer_prices_input_costs,0,4.92082,3.48098e-06,0.475646,1.56088,101,4.62288,1.44888,4.46583,,0,4.92082,3.29596,2.35683,1.48691,0.426986,-0.570287,-1.34981,1.44888,0.979796,0.620818,0.150602,-0.344717,-0.758932,-1.10693,4.46583,3.23797,2.29487,0.980823,-0.477423,-1.90807,-1.70637,0.000856565,1386
og,w_retail_food_vol_yoy,activity_retail,0,-4.72093,7.82086e-06,-0.415406,-1.50335,101,-4.34544,-0.471909,-4.51159,,3,-4.72093,-3.80481,-2.80789,-1.7699,-0.535249,0.0966581,0.525598,-0.471909,-0.379022,-0.67011,-0.887782,-0.163636,-0.210692,-0.221021,-4.51159,-3.62173,-2.82,-1.65117,-0.262618,0.507711,0.488144,0.00176411,1386
og,w_ec_food_retail_sell_price_exp_lvl,price_expectations,1,4.87087,8.46182e-06,0.497641,1.76283,63,4.44636,-0.366354,4.5658,,6,3.79523,4.87087,4.0762,3.58302,3.17065,2.33502,2.04692,-0.513789,-0.366354,-0.507848,-0.175801,0.664315,0.580843,1.00144,3.75223,4.5658,3.58033,3.19638,2.95982,2.29969,3.2792,0.00186973,1386
og,se_food_vat_rate__lvl,tax_policy,0,4.65334,1.01366e-05,0.0717422,0.268408,102,4.58243,4.57327,4.7589,,0,4.65334,,,,,,,4.57327,,,,,,,4.7589,,,,,,,0.00211058,1386
og,se_food_vat_rate__d4,tax_policy,0,4.65334,1.01366e-05,0.0717422,0.268408,102,4.58243,4.57327,4.7589,,0,4.65334,,,,,,,4.57327,,,,,,,4.7589,,,,,,,0.00211058,1386
og,no_fn_cci_sa__lvl,consumer_survey,0,-4.54212,1.57305e-05,-0.501307,-1.68165,102,-4.31959,-3.13191,-5.20236,,0,-4.54212,-3.3969,-2.69403,-2.32575,-1.75024,-1.07888,-0.680425,-3.13191,-2.36938,-1.83358,-1.46117,-0.768286,-0.103723,0.231697,-5.20236,-4.32641,-3.26027,-2.28199,-1.2359,-0.536309,-1.19698,0.00309665,1386
og,no_ssb_bts_consgoods_home_price_exp__d4,price_expectations,4,4.52933,1.65393e-05,0.42049,1.51879,102,4.24305,2.7407,5.0607,,4,0.454337,1.26224,3.01272,3.0588,4.52933,3.9968,2.44889,-0.811808,0.187782,2.26444,1.41674,2.7407,2.46334,1.0261,0.913947,1.61044,4.10544,3.6108,5.0607,4.33819,2.54528,0.00319772,1386
og,eu_ppi_dom_c103_idx__yoy,producer_prices_input_costs,0,4.41337,2.61824e-05,0.44777,1.45677,101,4.13592,1.41658,4.21691,,0,4.41337,2.99431,2.00192,1.39036,0.58691,-0.475399,-1.26374,1.41658,1.24516,1.03269,1.11623,0.616804,-0.161545,-0.808211,4.21691,3.00092,1.83825,0.8658,-0.168438,-1.43216,-1.33209,0.00472531,1386
og,ea_ec_food_ind_sell_price_exp__lvl,price_expectations,3,4.41113,2.6186e-05,0.463722,1.5554,102,4.15846,1.17312,4.24765,,3,2.69658,3.68829,4.24931,4.41113,3.39047,2.46067,1.58438,0.105114,0.577237,0.936051,1.17312,0.920351,0.896082,0.431236,2.72942,3.78727,4.16242,4.24765,3.1723,2.24498,1.59025,0.00472531,1386
og,no_cpi_total_idx__yoy,consumer_prices,1,4.28015,4.32074e-05,0.444082,1.52457,102,4.01803,1.93957,4.01947,,1,3.03904,4.28015,3.61561,3.00065,2.31986,1.73057,0.911252,0.506724,1.93957,1.93658,1.54015,1.16262,1.16472,0.914143,2.89586,4.01947,3.41079,3.20229,2.00578,1.36871,1.04176,0.00730954,1386
og,w_policy_rate_d4,rates,3,4.2515,4.81511e-05,0.41455,1.36067,102,3.91669,3.71684,4.39686,,3,2.32771,2.87429,3.82916,4.2515,3.47512,2.50516,1.59939,0.519045,1.43084,2.6802,3.71684,3.63041,3.24673,2.47262,2.50663,2.9068,3.85911,4.39686,3.53791,2.21694,1.85601,0.00761823,1386
og,se_nier_food_mfg_sell_price_exp__lvl,price_expectations,2,4.23513,5.12157e-05,0.468159,1.64863,102,3.95704,2.66392,4.261,,2,3.04378,3.82205,4.23513,3.9921,2.64513,2.04587,1.53094,1.86919,2.49626,2.66392,2.38059,1.22859,1.19114,0.822587,2.94588,3.81986,4.261,4.08997,2.60057,1.89156,1.59897,0.00781009,1386
og,w_ec_food_retail_sell_price_exp_d4,price_expectations,6,4.13554,0.000132327,0.312568,1.07791,54,3.83426,2.40017,3.74804,,6,0.522448,1.0782,1.21595,1.7392,2.40879,2.87495,4.13554,-0.609021,-0.49819,-1.26335,-0.366725,0.782715,1.37313,2.40017,0.841281,1.42988,1.46973,2.08666,2.53807,3.21639,3.74804,0.0178101,1386
og,no_nbes_bl_sell_price_di__d4,price_expectations,6,3.93137,0.000171654,0.46149,1.58801,88,3.75632,4.156,3.78984,,6,-1.03891,-0.688377,0.125854,1.33918,2.67899,3.72514,3.93137,-1.40881,-1.25519,-0.723133,0.388141,1.9123,3.30221,4.156,-0.91412,-0.457218,0.464943,1.55451,2.90571,3.85288,3.78984,0.0218648,1386
og,no_earn_idx_food_manuf_q__yoy,wages_income,2,-3.75782,0.000289845,-0.373688,-1.28691,102,-3.60843,-3.33237,-4.15134,,2,-1.42718,-2.3065,-3.75782,-1.82017,-1.53785,-2.02437,-0.423984,-0.67538,-1.27087,-3.33237,-0.433525,-0.23863,-1.11066,0.878555,-1.52759,-2.17316,-4.15134,-1.81163,-1.55779,-1.94535,-0.665675,0.0341107,1386
og,se_ec_cons_conf__d4,consumer_survey,1,-3.64887,0.000422567,-0.430917,-1.4302,102,-3.37638,-2.06109,-4.50764,,2,-2.77831,-3.64887,-3.47657,-2.52422,-1.6096,-0.33864,0.720998,-1.21993,-2.06109,-2.40488,-2.21271,-1.9967,-0.357713,0.519556,-3.98376,-4.50764,-3.68287,-2.60555,-1.53295,0.0573157,0.655532,0.0466854,1386
og,eu_ppi_dom_c106_idx__yoy,producer_prices_input_costs,2,3.64139,0.000439428,0.405562,1.5101,99,3.41723,2.04329,3.54068,,2,2.96,3.38052,3.64139,3.17602,2.24267,1.16816,-0.19294,1.37162,1.71742,2.04329,1.85443,1.2656,0.478825,-0.583138,3.71701,3.63153,3.54068,3.13405,2.19994,0.849871,-0.118571,0.0480578,1386
og,nw_cons_conf_z_d4,consumer_survey,1,-3.59386,0.000509782,-0.419893,-1.40846,102,-3.32171,-2.27983,-3.96387,,2,-3.44614,-3.59386,-3.17925,-2.57021,-1.68992,-0.29562,0.624886,-1.67946,-2.27983,-2.49096,-2.26398,-1.67801,-0.0996868,0.521822,-4.36318,-3.96387,-3.23892,-2.52815,-1.54144,0.160532,0.538658,0.053587,1386
og,w_cons_conf_z_d4,consumer_survey,1,-3.51579,0.000663157,-0.41138,-1.37475,102,-3.27304,-2.49819,-3.85541,,1,-3.3081,-3.51579,-3.18506,-2.44951,-1.75352,-0.528868,0.454603,-1.79914,-2.49819,-2.40728,-1.87755,-1.43871,0.147336,0.621073,-4.01001,-3.85541,-3.26533,-2.48436,-1.65351,-0.0670964,0.364462,0.0690391,1386
og,no_policy_rate__d4,rates,3,3.46453,0.000786538,0.379282,1.25718,102,3.21929,3.57978,3.64116,,3,1.54116,2.07959,2.95453,3.46453,2.45636,1.55448,0.971987,0.205479,1.13911,2.33663,3.57978,3.31447,3.21903,2.87086,1.55704,2.07459,3.0457,3.64116,2.47691,1.40029,0.983499,0.0765915,1386
og,wb_food_sek_yoy,commodities,2,3.43194,0.000875891,0.461438,1.51287,102,3.2732,2.54527,3.66685,,2,2.29452,3.24247,3.43194,2.78009,2.26339,1.23629,0.56173,1.54789,2.12151,2.54527,1.69304,0.90686,-0.539839,-1.29491,2.5756,3.4808,3.66685,2.81331,2.13207,1.19601,0.675546,0.0824639,1386
og,se_policy_rate__d4,rates,3,3.4169,0.000920293,0.355435,1.13931,102,3.09182,2.91846,3.00433,,4,2.41856,2.8366,3.30763,3.4169,2.96877,2.37462,1.5046,0.998793,1.56611,2.21733,2.91846,3.01254,2.70746,1.73863,2.687,2.93119,3.15714,3.00433,2.75637,2.03377,1.86429,0.0858974,1386
og,se_cpi_idx__dyoy,consumer_prices,3,3.38912,0.00100791,0.449265,1.47531,102,3.1863,2.00717,3.4263,,5,1.36506,2.25018,2.90601,3.38912,3.26204,3.0776,2.37374,-0.54349,0.567296,1.33757,2.00717,2.24066,2.56471,2.38496,1.90506,3.18563,3.32837,3.4263,3.14617,2.97024,2.25439,0.0917037,1386
og,eu_agri_wheat_bread_price__yoy,commodities,4,3.5473,0.00126208,0.552152,1.96189,34,2.97484,,3.80962,,,0.477975,1.24056,1.92883,2.74968,3.5473,3.39669,3.49946,,,,,,,,0.529775,1.32917,2.21197,2.96345,3.80962,3.38185,3.82316,0.111095,1386
og,eu_ppi_dom_c105_idx__yoy,producer_prices_input_costs,2,3.22803,0.00170611,0.382391,1.27185,99,3.04567,1.40875,3.34664,,5,2.20989,3.04265,3.22803,2.90775,2.23615,1.71092,0.59922,-0.0839761,0.773452,1.40875,1.74023,1.75532,1.83259,1.11522,2.35817,3.23659,3.34664,2.96538,2.1698,1.32441,0.699808,0.139941,1386
og,glob_fao_cereals_idx__dyoy,commodities,6,3.21941,0.0017376,0.314312,1.15578,102,3.09509,2.91661,3.01726,,6,-1.26449,-1.06334,-0.514782,0.743003,1.86596,2.59577,3.21941,-0.805853,-0.776628,-0.349997,0.630499,1.64689,2.27956,2.91661,-1.19854,-0.91662,-0.197104,1.20654,2.51357,3.01281,3.01726,0.141452,1386
og,w_unemp_lvl,labour_market,1,-3.18494,0.00193638,-0.448066,-1.45243,102,-3.07675,-3.05606,-3.31971,,1,-2.80965,-3.18494,-2.67099,-1.49336,-1.02693,-0.293488,0.438021,-2.38402,-3.05606,-2.88254,-2.11012,-1.69347,-0.924291,-0.151353,-2.79629,-3.31971,-2.90529,-1.27028,-0.613811,0.268719,0.448467,0.154479,1386
og,se_nier_food_mfg_sell_price_exp__d4,price_expectations,6,3.16629,0.00208821,0.334928,1.21411,96,2.98406,2.56838,3.20867,,6,0.208519,0.88396,1.35777,2.07994,2.21776,2.56009,3.16629,0.216374,0.493953,0.967638,1.37603,1.30369,2.0187,2.56838,0.511871,1.24984,1.74671,2.58759,2.69066,3.03708,3.20867,0.162481,1386
og,fao_ffpi_sek_yoy,commodities,2,3.15653,0.00211597,0.450778,1.44042,102,2.99722,2.18704,4.10094,,2,1.04693,2.21773,3.15653,3.0385,2.45959,1.63473,1.15421,0.0500058,1.10386,2.18704,1.85647,1.32237,0.60256,0.152172,1.31468,2.639,4.10094,3.46449,2.65834,1.79716,1.18364,0.162481,1386
og,eu_ppi_dom_c106_idx__dyoy,producer_prices_input_costs,4,3.12868,0.00236661,0.334281,1.3016,93,2.95399,2.49561,3.37781,,5,0.779371,1.47549,2.16805,2.88204,3.12868,2.93499,1.97976,0.111165,0.825583,1.45438,2.14366,2.49561,2.61316,1.87489,1.34707,2.15441,2.79692,3.26161,3.37781,3.10649,1.96152,0.179839,1386
og,eu_ppi_dom_c107_idx__dyoy,producer_prices_input_costs,3,3.10175,0.00256194,0.345234,1.20965,94,2.8632,2.06875,3.23143,,4,1.68257,2.30433,2.81879,3.10175,2.99583,2.31877,0.9782,0.305717,1.07009,1.61914,2.06875,2.25311,1.78672,0.740701,2.46307,2.90119,3.10029,3.23143,2.99832,2.16936,1.22181,0.189989,1386
og,se_na_hhcons_food_sa__dyoy,activity_retail,3,-3.0763,0.00271011,-0.273973,-0.980099,102,-2.95179,-2.58095,-3.16713,,3,-2.19168,-1.57889,-0.975262,-3.0763,0.112036,0.896923,0.25592,-1.32716,-0.15014,-0.140676,-2.58095,0.737248,0.40962,-0.0432615,-2.683,-1.74915,-1.06524,-3.16713,0.114117,0.967649,0.217071,0.196302,1386
og,w_ec_food_ind_sell_price_exp_d4,price_expectations,5,3.07516,0.0027196,0.329203,1.17227,102,2.87965,2.28384,3.2595,,5,0.598361,1.19723,2.01598,2.08625,2.50202,3.07516,2.23259,0.084974,0.678009,1.37336,1.00209,1.76198,2.28384,2.03065,1.00613,1.67438,2.83948,2.42602,2.71888,3.2595,2.19745,0.196302,1386
og,se_real_wage_yoy_q__d4,wages_income,4,-3.06353,0.00281792,-0.339072,-1.10826,102,-2.8699,-2.45396,-3.0005,,4,-1.50484,-2.01159,-2.67132,-2.99034,-3.06353,-2.65185,-1.84808,0.163589,-0.517752,-1.56961,-2.10519,-2.45396,-2.27915,-1.69728,-2.19638,-2.49215,-2.96042,-3.09352,-3.0005,-2.58704,-1.83949,0.201891,1386
og,eu_ppi_dom_c108_idx__dyoy,producer_prices_input_costs,3,3.06852,0.00283431,0.308683,1.0861,94,2.84919,2.20297,3.20196,,3,2.15207,2.44776,2.86415,3.06852,2.34929,0.953604,-0.215318,0.961126,1.31732,1.84098,2.20297,1.40722,-0.0973053,-0.901774,2.78113,2.66031,2.92646,3.20196,2.07856,0.307508,-0.0686966,0.201891,1386
og,se_wage_idx_m__yoy,wages_income,5,-3.03444,0.0030784,-0.332723,-1.21844,102,-2.91476,-2.24065,-3.27919,,5,-0.0552123,-0.356214,-1.35652,-2.56094,-2.75225,-3.03444,-2.74114,0.494241,0.37255,-0.410873,-1.63369,-1.78042,-2.24065,-1.91645,-0.514782,-0.726303,-1.62114,-2.90101,-3.19979,-3.27919,-2.8111,0.21095,1386
og,no_govbond_10y__d4,rates,5,3.01927,0.00322289,0.401692,1.29449,102,2.87832,2.61692,2.88477,,6,0.893722,1.02856,1.30409,1.66526,2.35949,3.01927,2.71127,-1.56636,-1.5114,-0.916567,0.0655291,1.19637,2.61692,3.02118,0.747347,0.8903,1.18215,1.54476,2.17576,2.88477,2.6431,0.219462,1386
og,no_jordbruk_malpris_mnok__d4,tax_policy,2,3.01912,0.00327185,0.378612,1.36679,96,2.82005,1.99134,3.21371,,2,2.17617,2.70084,3.01912,2.12806,1.67692,0.978342,-0.0908441,1.17716,1.7466,1.99134,1.54307,1.30756,0.755444,-0.0239575,2.42022,2.99357,3.21371,2.11381,1.49492,0.705903,-0.0216686,0.220389,1386
og,glob_wb_food_idx_nok__yoy,commodities,1,2.99174,0.00350131,0.401045,1.38607,102,2.88767,1.98483,3.21521,,1,2.62408,2.99174,2.77625,2.27035,2.13141,1.60958,1.11209,1.8722,1.98483,1.81142,1.07165,0.676129,-0.158021,-0.843378,2.958,3.21521,2.96881,2.24644,1.98108,1.55272,1.2891,0.225203,1386
og,no_real_wage_qna_yoy_q__lvl,wages_income,0,-2.99154,0.00353599,-0.361454,-1.2647,98,-2.83839,-2.43895,-3.28288,,0,-2.99154,-2.12277,-2.89822,-2.14368,-2.20893,-2.37684,-1.44243,-2.43895,-0.833392,-2.00574,-1.17274,-1.40946,-1.82608,-1.16052,-3.28288,-2.21686,-3.11585,-2.09035,-1.96079,-2.1796,-1.58813,0.225203,1386
og,w_cpi_dyoy,consumer_prices,3,2.85521,0.00523992,0.346861,1.17205,102,2.68564,1.71767,2.94694,,4,1.84504,2.25144,2.71552,2.85521,2.84631,2.38348,1.06949,0.201536,0.671412,1.25464,1.71767,2.15324,1.83091,0.591039,2.56778,2.63997,2.878,2.94694,2.84001,2.34662,1.19141,0.311162,1386
og,no_qna_hh_food_cons_sa_mnok__dyoy,activity_retail,1,-2.85394,0.00525928,-0.331125,-1.22046,102,-2.65012,-0.361417,-3.53833,,6,-2.00019,-2.85394,-2.25288,-1.40126,-0.65448,-0.341155,-0.0946301,0.706169,-0.361417,0.0903091,0.162756,-0.303948,-0.699592,-1.72563,-2.20415,-3.53833,-2.89904,-1.39776,-0.619481,-0.264124,-0.111024,0.311162,1386
og,w_gov10y_d4,rates,5,2.84854,0.00534234,0.36016,1.17052,102,2.66291,2.13151,2.68503,,6,1.44025,1.38399,1.31523,1.62265,2.35432,2.84854,2.76396,-1.28221,-1.41256,-1.39861,-0.411024,0.876101,2.13151,2.59881,1.36862,1.25249,1.14129,1.41205,2.05395,2.68503,3.05283,0.314359,1386
og,no_retail_foodstores_vol_sa_idx__yoy,activity_retail,1,-2.8454,0.00541185,-0.391534,-1.40291,100,-2.58256,-1.28983,-3.15251,,2,-2.68279,-2.8454,-2.37413,-1.10775,-0.368921,-0.0172624,0.407318,-0.57607,-1.28983,-1.55111,-0.737511,-1.12326,-1.33123,-1.35598,-2.87961,-3.15251,-2.53791,-1.05698,-0.207264,0.210866,0.376413,0.315025,1386
og,se_ppi_food_hmpi_idx__dyoy,producer_prices_input_costs,3,2.84169,0.00544952,0.302388,1.0615,102,2.65415,1.83563,2.87939,,4,1.5701,2.1073,2.46337,2.84169,2.81508,1.98413,0.206244,0.62854,1.16172,1.30587,1.83563,2.12415,1.60246,0.259952,2.25307,2.76545,2.76259,2.87939,2.7462,1.68655,0.267485,0.315521,1386
og,nw_food_ppi_dyoy,producer_prices_input_costs,4,2.83138,0.00571733,0.203658,0.744465,93,2.66929,1.87506,3.19026,,4,1.62813,1.91374,2.15204,2.41967,2.83138,2.09613,0.463529,0.53247,0.656975,0.804192,1.26423,1.87506,1.29737,0.240083,2.39807,2.39865,2.35256,2.61365,3.19026,1.67335,0.738829,0.327524,1386
og,wb_food_wloc_yoy,commodities,2,2.82323,0.00574797,0.407311,1.33091,102,2.69782,1.84678,3.08836,,2,1.91899,2.7572,2.82323,2.38439,2.14557,1.46873,0.896393,1.38629,1.77743,1.84678,1.05474,0.553201,-0.406573,-1.14851,2.30021,3.06439,3.08836,2.39528,2.04092,1.42808,1.00336,0.327546,1386
og,se_na_hhcons_food_sa__yoy,activity_retail,0,-2.77882,0.00652858,-0.323289,-1.14962,102,-2.48753,-0.794965,-2.78145,,3,-2.77882,-0.891718,-0.401309,-1.58905,1.16376,1.43841,1.17654,-0.794965,1.30273,0.573771,-1.65905,1.223,0.809838,0.56401,-2.78145,-0.796726,-0.149787,-1.35939,1.65465,1.8824,1.15958,0.355726,1386
og,nw_retail_food_vol_dyoy,activity_retail,2,-2.73449,0.00749477,-0.366093,-1.3349,95,-2.52812,-0.568476,-3.44546,,3,-1.86631,-2.24042,-2.73449,-2.46017,-1.5327,-0.733738,-0.297579,-0.0992131,-0.00428479,-0.568476,-0.957082,-0.707333,-0.461998,-0.199493,-2.44273,-2.84576,-3.44546,-2.80947,-1.60983,-0.708847,-0.316758,0.393915,1386
og,no_imp_price_food_idx__yoy,producer_prices_input_costs,0,2.72467,0.00766224,0.373034,1.37279,98,2.50196,1.28686,2.78306,,1,2.72467,2.34516,2.06908,1.01293,0.266694,0.0431644,0.286904,1.28686,1.3208,0.849873,-0.0242324,0.0379209,-0.464631,0.156873,2.78306,2.52023,2.32087,0.615821,-0.379157,-0.72774,0.567554,0.400772,1386
og,eu_ppi_dom_c103_idx__dyoy,producer_prices_input_costs,4,2.7037,0.00819847,0.234536,0.845785,93,2.55057,2.07524,2.57842,,4,2.01888,2.41672,2.49589,2.6771,2.7037,2.2042,1.12299,0.514298,1.15611,1.54037,2.05434,2.07524,1.76773,1.15295,2.61186,2.75682,2.64587,2.69031,2.57842,1.67171,1.30364,0.416484,1386
og,no_vat_food_rate__lvl,tax_policy,6,2.69361,0.00830299,0.206824,0.826724,102,2.42171,3.84112,2.17412,,6,1.88561,1.88727,2.33572,2.66446,2.69336,2.62558,2.69361,1.69153,1.84313,2.72643,3.34468,3.71088,3.61291,3.84112,2.20725,2.11698,2.20338,2.12117,1.91422,1.97012,2.17412,0.416484,1386
og,no_fn_cci_sa__d4,consumer_survey,0,-2.67737,0.00868721,-0.344889,-1.15435,102,-2.53809,-1.96113,-2.87658,,0,-2.67737,-2.1107,-1.85984,-1.91151,-1.26902,-0.210453,0.20814,-1.96113,-1.80713,-1.74781,-1.80369,-0.980082,0.0550058,0.471457,-2.87658,-2.23443,-1.84425,-1.6646,-0.904431,0.125342,0.115549,0.427413,1386
og,w_retail_total_vol_dyoy,activity_retail,0,-2.6771,0.00876364,-0.340475,-1.19701,97,-2.48053,-0.967559,-2.93876,,0,-2.6771,-2.36952,-1.93917,-0.770961,-0.145746,0.359059,1.21717,-0.967559,-0.553826,-0.54096,-0.255436,0.380374,0.499798,0.856006,-2.93876,-2.47075,-1.93713,-0.474184,0.215168,0.77385,1.24974,0.427413,1386
og,se_retail_grocery_vol_sa_idx__yoy,activity_retail,0,-2.658,0.00916647,-0.280186,-0.974992,102,-2.3893,-1.48868,-2.52408,,3,-2.658,-2.17893,-1.20871,-2.09958,-1.32687,0.205297,0.456104,-1.48868,-0.345258,-0.396232,-2.8547,-0.669276,-0.0500139,0.608335,-2.52408,-2.17942,-0.820116,-1.28493,-0.847791,0.456353,0.38297,0.439142,1386
og,se_gov_bond_10y__d4,rates,6,2.61748,0.0102476,0.339815,1.11814,102,2.44742,2.36577,3.02894,,6,1.26364,1.07316,0.894362,1.06921,1.783,2.39036,2.61748,-1.21846,-1.28134,-1.42177,-0.816152,0.460363,1.6917,2.36577,1.22074,0.960923,0.721609,0.858622,1.51432,2.24316,3.02894,0.476186,1386
og,ea_negotiated_wages_yoy_q__d4,wages_income,2,2.61219,0.0103969,0.287191,0.957182,102,2.43895,2.38545,2.83332,,2,2.56597,2.00435,2.61219,1.42976,0.0943074,-1.12832,-1.44822,1.66185,1.36244,2.38545,1.17238,0.380372,-0.748679,-0.95815,2.54103,1.90568,2.83332,1.04059,-0.782511,-2.04048,-1.55425,0.481061,1386
og,no_vat_food_rate__d4,tax_policy,0,-2.60595,0.0105755,-0.0987214,-0.303914,102,-2.38124,-3.80993,-1.55474,,0,-2.60595,-1.98447,-1.4301,0.303065,0.153497,0.404833,0.936979,-3.80993,-3.4356,-2.852,-0.190861,-0.383209,-0.305203,0.278967,-1.55474,-1.50755,-1.13749,0.441906,0.309906,0.514131,0.805068,0.485178,1386
og,se_policy_rate__lvl,rates,6,-2.58682,0.0111407,-0.289655,-1.04664,102,-2.51797,-1.69256,-2.81556,,6,0.248278,-0.2144,-0.759011,-1.20047,-1.62842,-2.0984,-2.58682,0.0530084,0.0132204,-0.0770169,-0.18346,-0.451193,-0.922684,-1.69256,-0.0554273,-0.593708,-1.13986,-1.52707,-2.0805,-2.46604,-2.81556,0.506811,1386
og,eu_ppi_paper_packaging_idx__dyoy,packaging_freight,5,2.57249,0.0117536,0.318496,1.09722,92,2.22901,2.07702,2.9811,,0,0.358514,0.918333,1.43721,1.94853,2.34812,2.57249,2.36907,-2.46734,-1.42433,0.245643,1.16254,1.76932,2.07702,1.82849,0.670743,1.3652,1.98291,2.3776,2.79958,2.9811,2.29599,0.527378,1386
og,w_food_ppi_dyoy,producer_prices_input_costs,4,2.55707,0.0122299,0.193867,0.713418,93,2.41997,1.90952,3.02782,,4,1.46772,1.73644,1.98724,2.24674,2.55707,1.98909,0.496263,0.448752,0.58256,0.756191,1.22867,1.90952,1.27216,0.216747,2.14484,2.21032,2.22633,2.5174,3.02782,1.72042,0.76488,0.538268,1386
og,no_retail_foodstores_vol_sa_idx__dyoy,activity_retail,2,-2.54684,0.0125307,-0.311142,-1.15233,95,-2.30312,-0.219015,-3.68418,,3,-1.37107,-1.97271,-2.54684,-1.58664,-0.947604,-0.670415,-0.394185,0.13669,-0.0173377,-0.219015,0.71449,0.286684,-0.0556226,-0.652629,-1.80557,-2.76799,-3.68418,-1.77908,-0.984448,-0.656539,-0.400111,0.549275,1386
og,nw_real_wage_dyoy,wages_income,0,-2.53558,0.012791,-0.317312,-1.20643,102,-2.44245,-1.95606,-3.43538,,6,-2.53558,-1.69848,-2.14195,-1.83956,-1.14634,-2.22722,1.32684,-1.95606,-0.615234,-1.25705,-0.727634,0.0275984,-1.63698,2.27568,-3.43538,-1.4712,-2.85269,-1.58588,-0.851187,-2.1801,1.59814,0.552182,1386
og,w_gdp_vol_yoy,activity_retail,2,2.51705,0.0134396,0.291217,1.04352,102,2.40777,2.12354,3.01654,,6,0.489341,1.47495,2.51705,1.59752,0.906023,0.785813,0.454928,-0.189571,1.00333,2.12354,1.31699,2.8128,3.1276,3.29274,0.943371,1.76817,3.01654,1.65697,0.899522,0.77752,0.41085,0.570635,1386
og,w_retail_food_vol_dyoy,activity_retail,2,-2.51513,0.0136342,-0.33917,-1.26531,95,-2.33544,-0.330443,-2.87238,,3,-2.12927,-2.39287,-2.51513,-2.42033,-1.29327,-0.493313,-0.0734698,-0.456024,-0.238204,-0.330443,-0.806943,0.00929819,0.242714,0.351715,-2.67105,-2.81861,-2.87238,-2.5998,-1.27918,-0.408722,-0.110963,0.576636,1386
og,nw_price_cost_gap_ppi,other,1,-2.4934,0.0143457,-0.38074,-1.3239,100,-2.34464,-0.966187,-2.83563,,1,-2.28719,-2.4934,-2.34334,-2.09124,-1.58064,-0.900735,-0.777937,-0.915385,-0.966187,-0.535385,-0.329441,-0.196641,0.273398,-0.0814205,-2.92636,-2.83563,-2.37484,-2.03084,-1.40478,-0.647749,-0.903122,0.597393,1386
og,packaging_eu_dyoy,packaging_freight,5,2.48604,0.0147844,0.325846,1.13915,92,2.17823,2.061,3.04553,,0,0.306263,0.872987,1.40968,1.86004,2.23774,2.48604,2.30991,-2.30567,-1.46508,0.199311,0.99303,1.62919,2.061,1.78748,0.628521,1.3293,1.99046,2.32743,2.78586,3.04553,2.24057,0.613304,1386
og,eu_ppi_plastic_products_idx__dyoy,packaging_freight,5,2.48052,0.0150002,0.312705,1.12011,92,2.22666,2.10228,3.34326,,5,0.211112,0.773069,1.39729,1.81227,2.19096,2.48052,2.16905,-1.9833,-1.36263,0.113649,0.65005,1.28979,2.10228,1.38565,0.538237,1.24514,2.08413,2.39406,2.96232,3.34326,2.104,0.619878,1386
og,fao_ffpi_wloc_yoy,commodities,3,2.47265,0.0151159,0.394839,1.34525,102,2.32701,1.28885,2.86238,,2,0.710597,1.62098,2.36104,2.47265,2.27643,1.93393,1.61407,-0.123024,0.64094,1.42166,1.28885,0.980764,0.666232,0.375454,1.03779,2.0605,3.16441,2.86238,2.54152,2.12709,1.6163,0.622286,1386
og,ea_ec_food_ind_sell_price_exp__d4,price_expectations,5,2.44355,0.0163139,0.324097,1.13904,102,2.27643,1.62136,3.07541,,6,-0.14201,0.603459,1.23361,1.80752,2.17419,2.44355,2.43503,-0.808192,-0.368433,0.389935,0.908897,1.08172,1.62136,1.68935,0.104315,1.0268,1.81506,2.60045,2.93171,3.07541,2.40829,0.649383,1386
og,w_unemp_d4,labour_market,2,-2.40242,0.0181508,-0.395837,-1.29542,102,-2.27524,-2.4271,-2.62545,,4,-1.56457,-2.22963,-2.40242,-1.60825,-1.31717,-0.996524,-0.232457,-0.731732,-1.71097,-2.4271,-2.7876,-4.90146,-4.74475,-2.97885,-1.78998,-2.57311,-2.62545,-1.59426,-1.22626,-0.797071,-0.203481,0.706906,1386
og,se_eursek__dyoy,fx,2,2.3975,0.0183825,0.232252,0.926145,102,2.28421,1.97184,2.59615,,2,1.28962,2.17284,2.3975,1.62141,0.492649,-0.485053,-0.821267,0.403646,1.30117,1.97184,1.39568,0.299199,-0.518538,-0.633942,1.30216,2.24692,2.59615,1.76907,0.327693,-0.526468,-0.755492,0.713367,1386
og,us_ppi_corrugated_boxes_idx__yoy,packaging_freight,5,2.39349,0.0185732,0.315145,0.990589,102,2.28697,2.18717,2.42776,,6,0.582359,1.02991,1.52356,2.00861,2.38448,2.39349,1.78973,-2.18144,-1.44599,-0.677965,0.358283,1.69112,2.18717,2.22339,0.746196,1.17563,1.70661,2.29331,2.58261,2.42776,1.6488,0.718192,1386
og,ea_hicp_food_idx__dyoy,consumer_prices,1,2.38285,0.0192135,0.343762,1.17592,96,2.15176,0.933226,2.73391,,3,2.19915,2.38285,2.24099,1.96854,1.75881,1.56142,0.186997,0.784425,0.933226,0.863889,0.999876,0.816556,0.878388,0.164777,2.95612,2.73391,2.4124,1.88405,1.54922,0.912753,0.454306,0.71897,1386
og,se_eursek__yoy,fx,1,2.37851,0.0193013,0.296939,1.13112,102,2.24142,2.134,2.3784,,2,2.18599,2.37851,1.91209,0.871879,-0.00316486,-0.765719,-0.965254,1.45155,2.134,2.22121,1.20366,0.472775,-0.201879,-0.266054,2.06035,2.3784,1.74788,0.603912,-0.242266,-0.887299,-0.813846,0.71897,1386
og,se_gov_bond_10y__lvl,rates,0,-2.37572,0.0194398,-0.181745,-0.75633,102,-2.29653,-1.63837,-2.59192,,0,-2.37572,-2.23267,-2.27025,-2.29519,-2.20246,-2.15931,-2.20196,-1.63837,-1.47227,-1.44774,-1.43964,-1.21169,-1.07487,-1.05481,-2.59192,-2.44028,-2.51322,-2.54711,-2.41949,-2.43629,-2.58024,0.71897,1386
og,eu_ppi_dom_c105_idx__dyoy,producer_prices_input_costs,5,2.34908,0.0210336,0.233264,0.842374,92,2.22158,1.85395,2.50058,,6,0.341192,0.910773,1.49215,1.9491,2.10952,2.34908,2.32114,-1.09601,-0.559418,0.218171,0.975397,1.42782,1.85395,1.87061,0.530108,1.20992,1.88697,2.30713,2.38046,2.50058,2.28322,0.747954,1386
og,glob_fao_ffpi_nok__yoy,commodities,2,2.34154,0.0212081,0.370171,1.19298,102,2.22581,1.44248,2.85722,,2,1.1903,1.87414,2.34154,2.33435,2.15756,2.05913,1.92614,0.375548,0.897939,1.44248,1.33671,1.03665,0.853136,0.704008,1.56457,2.24839,2.85722,2.52678,2.29325,2.17636,1.93744,0.747954,1386
og,glob_wb_food_idx__dyoy,commodities,6,2.3325,0.0216991,0.248715,0.897372,102,2.215,1.72688,2.21295,,5,-0.979,-0.58903,-0.142659,0.817104,1.79521,2.07954,2.3325,-0.0397471,-0.0221297,0.374812,1.11743,1.71669,1.76747,1.72688,-0.943159,-0.463542,0.108111,1.17585,2.27105,2.43404,2.21295,0.757865,1386
og,w_retail_total_vol_yoy,activity_retail,0,-2.32643,0.0220555,-0.292913,-1.03218,101,-2.10213,-0.187169,-2.02799,,6,-2.32643,-1.54783,-0.736463,0.0688835,0.525766,0.919824,1.3775,-0.187169,0.280655,0.30127,0.205964,0.499469,0.483999,0.676301,-2.02799,-1.25159,-0.340052,0.476422,1.04345,1.48147,1.4429,0.763064,1386
og,nw_food_cpi_xvat_dyoy,consumer_prices,0,2.32471,0.0221299,0.336764,1.11857,102,2.10348,0.687531,2.94739,,4,2.32471,2.17191,2.21996,1.82049,1.32453,1.02921,0.20976,0.687531,0.64611,0.89657,0.949002,1.46843,1.42694,0.960776,2.94739,2.42307,2.29735,1.82842,1.12439,0.433094,0.379576,0.763064,1386
og,w_fx_vs_usd_yoy,fx,0,2.32239,0.02226,0.228913,0.944718,102,2.21609,1.64066,2.23857,,0,2.32239,2.1143,1.94294,1.00365,0.0900928,-0.483784,-0.520967,1.64066,1.58921,1.50983,0.741961,0.188487,-0.303453,-0.0915039,2.23857,2.02906,1.92481,0.710782,-0.283027,-0.844953,-0.569771,0.764259,1386
og,natgas_eu_eur_yoy,energy,4,2.32718,0.0223057,0.340662,1.25311,89,2.11424,-0.35736,2.62988,,5,0.334724,1.14139,1.72928,2.24558,2.32718,1.74723,1.62564,-0.82953,-0.447477,-0.498365,-0.187393,-0.35736,-1.16642,-0.168617,0.565382,1.50787,2.09582,2.69479,2.62988,2.08446,1.59262,0.764259,1386
og,ea_negotiated_wages_yoy_q__lvl,wages_income,6,-2.29789,0.0236721,-0.276228,-0.967342,102,-2.17186,-1.90034,-2.24296,,6,1.22571,0.30091,-0.252318,-1.2708,-1.76045,-1.96568,-2.29789,0.342727,0.116896,-0.293401,-1.04411,-1.29017,-1.48291,-1.90034,1.05658,-0.28054,-0.917649,-1.93487,-2.20927,-2.18604,-2.24296,0.791049,1386
og,price_cost_gap_ppi,other,2,-2.26395,0.0258278,-0.308842,-1.21429,99,-2.09118,-0.216833,-2.39725,,1,-1.85198,-2.22929,-2.26395,-1.94761,-1.45611,-0.682344,-0.328506,-0.279797,-0.498005,-0.216833,0.0332769,-0.0534745,0.416303,0.213169,-2.51936,-2.70057,-2.39725,-1.95488,-1.3424,-0.467945,-0.404829,0.841183,1386
og,no_earn_idx_food_manuf_q__dyoy,wages_income,2,-2.26219,0.0258716,-0.228372,-0.723711,102,-2.16485,-2.31147,-3.20944,,2,0.00804154,0.185365,-2.26219,-0.518934,1.26497,-0.856114,1.02951,-0.317243,-0.208342,-2.31147,0.0586346,1.18775,-0.48721,1.59369,-0.16761,-0.0151973,-3.20944,-0.486497,1.18876,-0.82417,1.12502,0.841183,1386
og,us_ppi_corrugated_boxes_idx__dyoy,packaging_freight,6,2.24921,0.0267145,0.249212,0.845012,102,2.16945,1.63127,2.07833,,0,-0.706728,-0.276693,0.207233,0.903833,1.46569,2.1723,2.24921,-2.13674,-1.87034,-1.61382,-0.88014,0.0918716,1.34768,1.63127,-0.545756,-0.116327,0.36009,1.08748,1.81393,2.50116,2.07833,0.856336,1386
og,price_cost_gap_fao_nok_d4,other,6,-2.24433,0.0270373,-0.213956,-0.824454,102,-2.1591,-1.76748,-2.19627,,6,0.599828,0.0607137,-0.701683,-0.924612,-1.13204,-1.68584,-2.24433,0.147382,-0.402019,-0.668886,-0.654797,-0.830956,-1.18637,-1.76748,0.421669,-0.437654,-1.02208,-1.09106,-1.29693,-1.86988,-2.19627,0.856336,1386
og,glob_fao_ffpi__dyoy,commodities,6,2.24418,0.0270471,0.270722,0.941469,102,2.1027,1.77522,2.21625,,6,-1.43113,-1.00339,-0.43962,0.55073,1.35605,1.79056,2.24418,-0.983873,-0.766809,-0.309565,0.507407,1.04537,1.41397,1.77522,-1.50839,-0.956724,-0.193195,0.98143,1.8911,2.2912,2.21625,0.856336,1386
og,eu_ppi_dom_food_mfg_idx__dyoy,producer_prices_input_costs,4,2.21855,0.029033,0.230581,0.877721,93,2.10094,1.38649,2.3155,,4,1.25874,1.69125,2.05813,2.17183,2.21855,2.15181,1.46339,0.169554,0.572828,0.862829,1.05596,1.38649,1.37645,0.74647,1.91162,2.35207,2.48401,2.37405,2.3155,2.15956,1.65885,0.878052,1386
og,w_real_wage_dyoy,wages_income,5,-2.20323,0.0298975,-0.156018,-0.601474,102,-2.12511,-1.38871,-2.24029,,6,-2.07686,-1.70153,-2.08826,-2.08423,-1.24405,-2.20323,0.546254,-1.48778,-0.390732,-0.833045,-0.672968,0.318349,-1.38871,1.56325,-3.06871,-1.66172,-2.59888,-1.94835,-1.00112,-2.24029,0.669404,0.892034,1386
og,glob_fao_dairy_idx__dyoy,commodities,0,-2.19802,0.0302784,-0.212901,-0.829121,102,-2.07879,-2.08754,-2.38517,,0,-2.19802,-1.28645,-0.695455,0.0601683,0.73413,0.857533,1.27726,-2.08754,-1.36631,-0.928663,-0.324382,0.225547,0.51029,0.983202,-2.38517,-1.27794,-0.561524,0.275916,0.859302,0.955283,1.19702,0.894488,1386
og,nw_food_cpi_dyoy,consumer_prices,0,2.19245,0.0306896,0.307429,1.07113,102,1.98307,0.605875,2.79258,,4,2.19245,1.93062,1.86183,2.01413,1.38317,1.11968,0.317312,0.605875,0.467509,0.595387,1.23341,1.69161,1.4293,1.04356,2.79258,2.19326,1.95618,2.07057,1.2338,0.536513,0.477327,0.899724,1386
og,glob_wb_food_idx_eur__yoy,commodities,2,2.19214,0.030713,0.349036,1.12045,102,2.09047,1.07424,2.53875,,2,1.11637,1.88928,2.19214,2.06121,1.93701,1.43572,0.92714,0.61023,0.942068,1.07424,0.64774,0.31409,-0.169178,-0.770819,1.52162,2.2656,2.53875,2.13953,1.90145,1.34597,0.911069,0.899724,1386
og,price_cost_gap_fao_wloc_d4,other,6,-2.17197,0.0322461,-0.218045,-0.792284,102,-2.09498,-1.70105,-2.10269,,6,0.529118,-0.150571,-0.753002,-1.117,-1.23242,-1.54962,-2.17197,0.134718,-0.530881,-0.654456,-0.710461,-0.807467,-1.0538,-1.70105,0.343774,-0.654214,-1.16937,-1.37648,-1.4899,-1.8029,-2.10269,0.916474,1386
og,w_ec_cons_price_exp_d4,price_expectations,6,2.14383,0.0344957,0.25579,0.877765,102,1.98328,1.86765,2.17988,,6,-1.13438,-0.424949,0.272485,1.05384,1.41123,1.71599,2.14383,-0.716435,-0.135911,0.572751,1.06943,1.05218,1.39373,1.86765,-1.0277,-0.106447,0.69008,1.53942,1.82528,2.20653,2.17988,0.954618,1386
og,no_qna_hh_food_cons_sa_mnok__yoy,activity_retail,0,-2.13356,0.0353503,-0.308379,-1.12542,102,-1.93644,-0.41534,-2.28032,,1,-2.13356,-2.08695,-1.3351,-0.458278,0.288803,0.729352,0.978739,-0.41534,-1.90642,-1.62129,-1.3546,-1.25506,-1.13105,-1.59559,-2.28032,-2.24698,-1.42003,-0.212354,0.58466,1.10673,0.965531,0.971425,1386
og,packaging_us_dyoy,packaging_freight,5,2.13174,0.035503,0.258473,0.989265,102,1.98382,1.4108,2.53863,,0,-1.01498,-0.449553,0.422072,0.985188,1.53417,2.13174,1.46926,-1.93379,-1.69609,-0.282699,0.207543,0.639862,1.4108,0.228862,-0.927736,-0.274772,0.761513,1.34097,2.06664,2.53863,1.25439,0.971464,1386
og,w_food_cpi_dyoy,consumer_prices,2,2.08789,0.0393745,0.262145,0.851485,102,1.93014,0.991755,2.27912,,3,1.81514,1.90887,2.08789,1.93062,1.63941,0.760078,-0.681447,0.505086,0.614409,0.991755,1.64292,1.59315,1.06056,-0.309808,2.22814,2.12208,2.27912,1.7619,1.19045,0.127645,-0.596612,1,1386
og,w_gov10y_lvl,rates,6,-2.08757,0.0394047,-0.279414,-1.10379,102,-2.01629,-0.942519,-2.42491,,0,-1.87715,-1.88957,-1.96412,-1.98849,-1.98145,-1.98743,-2.08757,-1.49858,-1.31937,-1.25859,-1.17053,-0.997775,-0.877717,-0.942519,-2.18738,-2.12064,-2.19695,-2.19282,-2.23662,-2.27177,-2.42491,1,1386
og,se_cpi_food_idx__dyoy,consumer_prices,1,2.08607,0.0395435,0.344129,1.13674,102,1.8088,0.861461,2.62526,,6,1.91394,2.08607,1.94975,1.78842,1.47335,1.12635,0.576553,0.852124,0.861461,0.61994,0.572085,0.92066,0.903216,1.03905,2.75035,2.62526,2.14869,1.96545,1.47011,0.605314,0.790338,1,1386
og,wb_food_sek_dyoy,commodities,4,2.07704,0.0403874,0.2601,1.0261,102,1.98018,1.41376,2.32476,,2,-0.00759052,1.26002,1.8302,1.95024,2.07704,1.55091,1.28548,0.825285,1.84849,2.19151,1.52087,1.41376,0.971382,0.636359,0.476999,1.85394,2.48794,2.24396,2.32476,1.71947,1.15298,1,1386
og,glob_fao_ffpi_eur__yoy,commodities,3,2.06815,0.0412329,0.345873,1.17988,102,1.94871,0.890087,2.52738,,3,0.261896,1.02414,1.77153,2.06815,2.03089,1.81641,1.52798,-0.569027,0.0454509,0.762498,0.890087,0.707557,0.585527,0.361488,0.554956,1.41024,2.47707,2.52738,2.36448,1.96685,1.43226,1,1386
og,no_imp_price_food_idx__dyoy,producer_prices_input_costs,0,2.05464,0.0427809,0.300172,1.0972,94,1.91574,0.950277,2.4615,,1,2.05464,1.83929,1.14557,0.706682,-0.286883,-0.619202,-0.0305754,0.950277,1.27983,0.282781,0.169529,-0.150154,-0.742682,0.141291,2.4615,2.18014,1.24344,0.485813,-0.56673,-0.99977,0.0853487,1,1386
og,w_food_cpi_xvat_dyoy,consumer_prices,1,2.04051,0.0439617,0.307727,1.01973,102,1.80736,0.751429,2.25017,,4,1.90876,2.04051,1.97678,1.85724,1.53485,0.648565,-0.462873,0.601546,0.751429,0.859506,1.51893,1.55437,0.99728,0.0567939,2.33767,2.25017,2.16821,1.63462,1.05071,0.0318516,-0.350217,1,1386
og,glob_gscpi__d4,packaging_freight,6,2.01525,0.0465889,0.284337,1.01063,102,1.78815,0.837016,2.15058,,3,-1.09807,-0.857886,-0.391273,-0.595328,0.448649,1.35772,2.01525,1.07378,-0.123519,-0.621305,-1.89081,-1.40982,0.024413,0.837016,-1.05464,-0.626068,-0.191142,-0.356565,0.846843,1.78516,2.15058,1,1386
og,price_cost_gap_fao_nok,other,5,-1.9905,0.0492927,-0.236099,-0.945438,102,-1.89586,-0.793601,-2.09317,,1,-0.951966,-1.62094,-1.93677,-1.93736,-1.9379,-1.9905,-1.64411,-0.689119,-1.25847,-1.18755,-0.913062,-0.784693,-0.793601,-0.342881,-1.44513,-2.24738,-2.2554,-2.11668,-2.01693,-2.09317,-1.79498,1,1386
og,w_hh_real_inc_yoy,wages_income,1,-1.99958,0.049485,-0.274475,-0.995373,72,-1.86025,-0.991557,-2.12784,,3,-1.78083,-1.99958,-1.08315,-0.664458,-0.899907,-0.644599,-0.705917,-1.2807,-0.991557,-0.965426,-1.4075,-0.738287,-1.08291,-1.21411,-1.65229,-2.12784,-0.60265,-0.155708,-0.447771,-0.304253,-0.932355,1,1386
og,w_ec_cons_price_exp_lvl,price_expectations,3,1.98575,0.0498271,0.302747,1.06296,102,1.8851,0.947154,2.24653,,3,0.269131,1.1363,1.62731,1.98575,1.8066,1.78193,1.36245,-0.0756886,0.705466,0.870661,0.947154,0.570926,0.592834,0.0775444,0.705739,1.54581,1.93955,2.24653,1.97913,1.96513,1.47504,1,1386
og,w_hh_saving_lvl,wages_income,0,1.97923,0.0505678,0.231833,0.901719,102,1.91254,0.934263,2.33534,,0,1.97923,1.68873,1.61509,1.89855,1.85793,1.86356,1.82506,0.934263,0.346835,0.23706,0.710446,0.611456,0.726105,0.555146,2.33534,1.87548,1.81741,2.09072,2.17024,2.27531,2.7115,1,1386
og,price_wage_gap_d4,other,0,1.9721,0.051388,0.333164,1.17299,102,1.74317,1.03227,2.5584,,6,1.9721,1.72643,1.91307,1.90019,0.647825,0.87107,-1.2655,1.03227,0.585098,0.964133,0.924978,-0.206047,0.79392,-1.24416,2.5584,1.81196,2.44977,1.568,0.141841,0.31087,-1.29561,1,1386
og,packaging_us_yoy,packaging_freight,4,1.95524,0.0533748,0.253237,0.946535,102,1.79882,0.8065,2.35892,,0,0.0427049,0.727946,1.5346,1.7817,1.95524,1.88632,0.945969,-2.46574,-1.73412,-0.324864,0.126412,0.8065,1.25781,0.150931,0.321726,1.0067,1.99252,2.16716,2.35892,2.25424,0.822425,1,1386
og,w_policy_rate_lvl,rates,6,-1.94613,0.0544743,-0.221057,-0.908081,102,-1.88618,-0.856008,-2.30388,,6,0.774104,0.375023,-0.120894,-0.53362,-1.00093,-1.47341,-1.94613,0.590351,0.651778,0.637289,0.574313,0.269875,-0.16282,-0.856008,0.451135,-0.0713432,-0.588247,-0.938231,-1.59706,-2.02293,-2.30388,1,1386
og,price_cost_gap_fao_wloc,other,3,-1.94158,0.0550305,-0.300022,-1.06769,102,-1.83295,-0.816078,-2.1967,,1,-0.769377,-1.5318,-1.91711,-1.94158,-1.77172,-1.65389,-1.37576,-0.434138,-1.18962,-1.09818,-0.816078,-0.589319,-0.439236,-0.170413,-1.24481,-2.33717,-2.48063,-2.1967,-1.92722,-1.78363,-1.47423,1,1386
og,glob_fao_vegoils_idx__dyoy,commodities,6,1.93613,0.0557039,0.27198,0.861071,102,1.81155,1.53173,2.1332,,6,-1.56014,-1.19199,-0.858418,-0.186632,0.810224,1.23954,1.93613,-0.570401,-0.474574,-0.216101,0.209756,0.903636,1.10175,1.53173,-1.71901,-1.23509,-0.788931,0.118862,1.26196,1.76579,2.1332,1,1386
og,glob_fao_ffpi_nok__dyoy,commodities,6,1.92146,0.0575504,0.194301,0.797342,102,1.83824,1.44344,1.81735,,6,-0.580577,-0.0563295,0.542311,1.181,1.23309,1.36918,1.92146,-0.458936,-0.00964887,0.553543,0.811042,0.822719,1.01936,1.44344,-0.360874,0.313213,1.03739,1.42335,1.48788,1.63551,1.81735,1,1386
og,no_ppi_food_dom_idx__dyoy,producer_prices_input_costs,2,1.90724,0.0595764,0.307048,1.09436,96,1.69516,0.270162,2.25665,,0,1.56853,1.7822,1.90724,1.77269,1.3689,1.3915,0.837112,0.733259,0.540748,0.270162,0.167207,-0.173551,0.150546,0.300986,2.53652,2.47579,2.25665,1.96928,1.36466,1.24073,0.965829,1,1386
og,no_govbond_10y__lvl,rates,6,-1.8704,0.0643829,-0.249744,-1.01127,102,-1.80211,-0.693488,-2.15289,,0,-1.86948,-1.74992,-1.71623,-1.70467,-1.72344,-1.72247,-1.8704,-1.30473,-1.07823,-0.950322,-0.815462,-0.692733,-0.545144,-0.693488,-2.28116,-2.05828,-1.95913,-1.89293,-1.97189,-1.99041,-2.15289,1,1386
og,glob_fao_cereals_idx__yoy,commodities,5,1.86854,0.0646442,0.232036,1.02595,102,1.76258,1.03175,1.93075,,5,0.0658089,0.448766,0.985981,1.63338,1.83877,1.86854,1.5107,-0.157485,-0.0855821,0.182199,0.65633,0.930631,1.03175,0.695503,0.423938,0.724773,1.28092,1.8165,1.96296,1.93075,1.50894,1,1386
og,w_wage_dyoy,wages_income,6,1.85792,0.0661521,0.181555,0.569979,102,1.7905,2.82775,2.16766,,6,-1.01236,0.209001,0.218897,0.0780264,0.922553,-0.336097,1.85792,-1.70849,0.0602898,0.183041,0.532594,1.97326,0.0349501,2.82775,-1.45636,0.669353,-0.044632,0.251543,1.12621,-0.346992,2.16766,1,1386
og,no_policy_rate__lvl,rates,6,-1.85176,0.0670404,-0.233076,-0.95706,102,-1.77971,-0.727174,-2.12706,,2,-0.0357231,-0.313321,-0.599961,-0.828972,-1.18833,-1.52716,-1.85176,0.489955,0.660378,0.768818,0.752707,0.365833,-0.0860791,-0.727174,-0.453787,-0.737335,-0.961339,-1.10803,-1.62184,-1.93897,-2.12706,1,1386
og,wb_food_wloc_dyoy,commodities,4,1.84901,0.0674405,0.226424,0.911383,102,1.75121,1.25548,2.1101,,2,-0.218247,0.785077,1.32639,1.57426,1.84901,1.64193,1.58763,0.818871,1.47171,1.71353,1.20465,1.25548,1.06168,0.851321,0.229937,1.39261,1.94547,1.81538,2.1101,1.79304,1.4085,1,1386
og,no_cpi_food_idx__yoy,consumer_prices,0,1.82806,0.0705526,0.230633,0.993108,102,1.69219,0.576406,2.07505,,3,1.82806,1.05322,0.882322,0.453626,0.0409415,-0.194584,-0.583276,0.576406,0.0574811,0.515277,0.580638,0.540186,0.323648,-0.0768606,2.07505,1.00518,0.595253,-0.0108325,-0.400216,-0.600492,-0.480454,1,1386
og,se_retail_grocery_vol_sa_idx__dyoy,activity_retail,4,-1.82549,0.0709421,-0.139885,-0.512863,102,-1.74077,-2.07685,-1.53712,,3,-0.927001,-1.42444,-1.02086,-1.47035,-1.82549,-0.043952,0.69681,-0.388684,-0.16256,-0.87114,-2.80485,-2.07685,-0.810157,0.471604,-1.06314,-1.53575,-0.920209,-1.32078,-1.53712,-0.060135,0.610338,1,1386
og,no_cpi_total_idx__dyoy,consumer_prices,3,1.78762,0.0768975,0.222982,0.865398,102,1.71464,0.357334,1.83937,,5,0.872837,1.36839,1.61622,1.78762,1.65104,1.73383,1.1343,-0.384157,-0.169189,-0.0401608,0.357334,0.376766,0.78071,0.452818,0.892582,1.49574,1.63238,1.83937,1.57504,1.67539,1.14137,1,1386
og,fao_ffpi_wloc_dyoy,commodities,6,1.77614,0.0787824,0.206224,0.772606,102,1.69789,1.29229,1.69522,,6,-0.917043,-0.0828338,0.655102,1.21241,1.44563,1.475,1.77614,-0.761207,-0.00875258,0.693065,0.804987,0.876787,0.990364,1.29229,-0.838497,0.258087,1.19516,1.61456,1.88637,1.88084,1.69522,1,1386
og,glob_fao_dairy_idx__yoy,commodities,0,-1.76947,0.0798951,-0.17463,-0.686113,102,-1.69409,-2.4642,-1.70637,,0,-1.76947,-0.666448,0.134816,0.886873,1.23184,1.13749,1.22488,-2.4642,-1.31972,-0.607315,0.0780177,0.466279,0.593471,0.845728,-1.70637,-0.496623,0.319727,1.07496,1.37936,1.30581,1.18033,1,1386
og,w_fx_vs_usd_dyoy,fx,1,1.76522,0.0806098,0.174244,0.827849,102,1.66417,1.39993,1.74612,,1,1.41238,1.76522,1.61294,0.69708,-0.177998,-0.802198,-1.16753,1.02543,1.39993,1.1898,0.185554,-0.466142,-1.04491,-1.14582,1.57041,1.74612,1.63778,0.647689,-0.294208,-0.930864,-1.21456,1,1386
og,price_cost_gap_ppi_d4,other,4,-1.75318,0.0829765,-0.231701,-0.863702,93,-1.66731,-0.928041,-1.9578,,4,-0.449418,-1.06393,-1.32635,-1.52455,-1.75318,-1.41867,-1.47612,0.00364497,-0.428921,-0.229153,-0.409602,-0.928041,-0.582032,-0.771241,-0.947924,-1.63414,-1.64909,-1.73835,-1.9578,-1.51537,-1.47805,1,1386
og,glob_wb_food_idx_nok__dyoy,commodities,6,1.72479,0.0876863,0.143843,0.636155,102,1.65708,0.988107,1.52803,,2,0.267238,1.01741,1.26618,1.51937,1.66008,1.57708,1.72479,1.09295,1.47253,1.53547,1.19108,1.22019,1.12748,0.988107,1.00966,1.61244,1.729,1.59148,1.76743,1.64082,1.52803,1,1386
og,brent_nok_dyoy,energy,6,1.71965,0.088621,0.195164,0.804784,102,1.62723,1.36496,1.60582,,6,-1.04202,-0.224424,0.167077,0.876352,1.32186,1.35237,1.71965,-1.23245,-1.01547,-1.01531,-0.315336,0.126692,0.578674,1.36496,-0.910622,-0.0200249,0.385376,1.18055,1.62548,1.6192,1.60582,1,1386
og,natgas_eu_eur_dyoy,energy,6,1.72407,0.0890475,0.248024,0.980365,74,1.58664,0.0147827,1.60298,,5,-0.847485,-0.066819,0.324088,0.754182,1.13,1.32363,1.72407,0.572541,0.743859,-0.150908,-0.137308,-0.245976,-0.862795,0.0147827,-0.885114,0.114306,0.558074,1.06656,1.47933,1.57217,1.60298,1,1386
og,glob_wb_food_idx_eur__dyoy,commodities,4,1.7103,0.0904741,0.219612,0.860825,98,1.60999,1.06334,2.18905,,4,-0.537291,0.211335,0.879717,1.31744,1.7103,1.55001,1.4605,0.267553,0.579976,1.05689,0.913928,1.06334,0.892825,0.638916,-0.260145,0.735781,1.53956,1.75941,2.18905,1.80501,1.39506,1,1386
og,no_jordbruk_malpris_mnok__lvl,tax_policy,0,1.69497,0.0932253,0.237928,0.898955,102,1.52137,-0.704249,2.25838,,6,1.69497,1.68195,1.3722,0.984935,-0.293204,-0.905709,-1.55954,-0.704249,-0.25069,-0.420209,-0.3939,-1.16705,-1.21721,-1.34272,2.25838,2.60731,2.42567,0.888938,-0.533891,-1.31005,-1.56112,1,1386
og,nw_price_cost_gap_ppi_d4,other,6,-1.69337,0.0939218,-0.200913,-0.690777,91,-1.62118,-0.901208,-1.70766,,6,-0.550872,-1.13459,-1.2334,-1.48165,-1.65974,-1.34426,-1.69337,-0.214474,-0.558824,-0.130724,-0.408494,-0.745792,-0.404738,-0.901208,-1.12656,-1.69172,-1.45488,-1.64105,-1.79693,-1.40537,-1.70766,1,1386
og,fao_ffpi_sek_dyoy,commodities,4,1.69024,0.0941291,0.22665,0.826529,102,1.60681,1.05138,2.15675,,2,-0.677177,0.383575,1.14174,1.59228,1.69024,1.39692,1.45735,-0.960115,0.398262,1.26428,1.15474,1.05138,0.936402,1.08281,-0.538719,0.798177,1.7828,2.10525,2.15675,1.79355,1.39222,1,1386
og,glob_fao_vegoils_idx__yoy,commodities,5,1.68191,0.0957384,0.231046,0.966818,102,1.59931,0.4495,2.04839,,5,-0.646568,-0.0634589,0.516071,1.17302,1.61063,1.68191,1.67238,-0.377921,-0.222853,-0.00494459,0.183344,0.407024,0.4495,0.29965,-0.509875,0.244142,0.874219,1.54191,2.01567,2.04839,1.83194,1,1386
og,us_ppi_plastic_resins_idx__dyoy,packaging_freight,5,1.67769,0.0965626,0.206718,0.828492,102,1.56264,0.910861,1.97225,,0,-1.04943,-0.471223,0.448708,0.856602,1.28763,1.67769,0.967364,-1.19166,-0.899885,0.594264,0.628546,0.696428,0.910861,-0.64725,-0.988914,-0.323303,0.852969,1.21944,1.72894,1.97225,0.75975,1,1386
og,no_real_wage_qna_yoy_q__d4,wages_income,2,-1.67861,0.0965844,-0.138753,-0.615048,96,-1.60332,-0.895929,-1.86857,,6,-0.667826,-0.198434,-1.67861,-0.316647,-0.77241,-0.837656,0.74359,0.0469069,0.895359,-0.895929,1.11187,0.191709,-0.339838,1.18376,-0.990758,-0.21589,-1.86857,-0.0325266,-0.511506,-0.635637,0.861001,1,1386
og,no_fx_eurnok__yoy,fx,0,1.67317,0.097451,0.220179,0.860353,102,1.60188,1.55355,1.65499,,0,1.67317,0.634604,-0.0283192,-0.335222,-0.686552,-0.322642,0.111766,1.55355,1.06261,0.806199,0.661629,0.323509,0.327137,0.423692,1.65499,0.428361,-0.293527,-0.691564,-0.838836,-0.549923,0.191506,1,1386
og,w_hh_saving_d4,wages_income,1,-1.66008,0.100062,-0.159757,-0.748128,102,-1.58155,-1.13066,-2.05753,,6,-0.712711,-1.66008,-1.52021,-0.65154,-0.0361613,-0.292668,-0.549308,0.872947,-1.13066,-0.633493,0.220576,-0.0454576,-0.263132,-1.49285,-1.02517,-2.05753,-1.77891,-0.733856,0.0291527,-0.219371,-0.548034,1,1386
og,elec_nordic_loc_yoy,energy,3,1.64019,0.104172,0.255981,0.910176,101,1.52454,-0.632908,1.78142,,4,0.204208,0.885461,1.52224,1.64019,1.3687,1.41243,0.940904,-0.747445,-0.75048,-0.784049,-0.632908,-0.84287,0.145984,0.595682,0.19661,1.06577,1.6892,1.78142,1.45094,1.53503,0.941838,1,1386
og,glob_fao_ffpi_eur__dyoy,commodities,6,1.62587,0.107362,0.202836,0.747019,96,1.54741,1.06704,1.61255,,6,-1.09641,-0.39342,0.359196,0.97828,1.31474,1.38643,1.62587,-0.809438,-0.42696,0.200595,0.515203,0.707139,0.845809,1.06704,-1.04236,-0.0650467,0.874647,1.47488,1.89912,1.87201,1.61255,1,1386
og,eu_agri_wheat_bread_price__dyoy,commodities,0,-1.65043,0.108952,-0.281677,-0.934504,34,-1.47249,,-1.72683,,,-1.65043,-1.17177,0.0100489,0.94012,1.5712,,,,,,,,,,-1.72683,-1.09299,-0.0562913,0.874418,2.07718,,,1,1386
og,no_nbes_bl_sell_price_di__lvl,price_expectations,5,1.61565,0.10967,0.253005,0.888255,93,1.54449,0.677729,1.56798,,5,0.692184,0.826162,1.12934,1.22168,1.42122,1.61565,1.48461,-0.51959,-0.363038,-0.0218978,-0.0164382,0.400302,0.677729,0.631894,0.702045,0.849783,1.17461,1.22744,1.38111,1.56798,1.56316,1,1386
og,w_fx_vs_nok_dyoy,fx,0,-1.61069,0.110431,-0.194012,-0.670321,102,-1.55053,-0.923686,-1.83237,,0,-1.61069,-0.203052,0.694686,0.614319,1.23728,0.962261,0.414341,-0.923686,-0.0696551,0.488896,0.0800111,0.619423,0.149772,-0.17001,-1.83237,-0.0949999,0.971108,0.987747,1.48324,1.17015,0.391791,1,1386
og,w_fx_vs_nok_yoy,fx,0,-1.5955,0.113788,-0.178958,-0.698104,102,-1.53151,-1.55417,-1.71217,,0,-1.5955,-0.0952849,0.617303,0.682097,0.873617,0.206817,-0.56046,-1.55417,-0.612414,-0.12037,-0.370489,-0.413108,-0.699016,-1.01259,-1.71217,0.0719847,0.828051,1.03857,1.0239,0.41133,-0.604895,1,1386
og,glob_fao_ffpi__yoy,commodities,5,1.58686,0.115733,0.206687,0.895637,102,1.49337,0.548142,1.78278,,0,-0.509176,0.0878866,0.737348,1.39301,1.57698,1.58686,1.33988,-0.920374,-0.564406,-0.186634,0.275603,0.422975,0.548142,0.270244,-0.274657,0.378708,1.04193,1.64647,1.8133,1.78278,1.3459,1,1386
og,eu_agri_basket_wloc_yoy,commodities,2,1.57817,0.117815,0.287164,0.980304,99,1.46343,-0.015381,1.57114,,0,1.23391,1.40206,1.57817,1.29617,1.18153,1.41309,1.47017,-1.0835,-0.549092,-0.015381,-0.182646,0.228305,0.636877,0.846791,1.14785,1.34966,1.57114,1.29761,1.13656,1.26213,1.51071,1,1386
og,w_fx_vs_eur_yoy,fx,0,1.53584,0.127767,0.212546,0.864953,102,1.4445,1.36509,1.3877,,0,1.53584,1.08431,0.584256,0.0239011,-0.40924,-0.480058,-0.267817,1.36509,1.30725,1.29854,0.674797,0.201489,-0.0911784,0.0166377,1.3877,0.874461,0.295636,-0.288193,-0.57285,-0.565873,-0.163127,1,1386
og,us_ppi_plastic_resins_idx__yoy,packaging_freight,4,1.50295,0.136035,0.181416,0.775488,102,1.39453,0.21341,1.81072,,0,-0.267051,0.435936,1.27298,1.42627,1.50295,1.35307,0.517122,-1.8145,-1.36884,-0.0968581,0.0308643,0.21341,0.0996307,-1.1639,0.0212586,0.762439,1.74522,1.75072,1.81072,1.63145,0.416008,1,1386
og,w_gdp_vol_dyoy,activity_retail,6,1.49777,0.137375,0.245355,0.883567,102,1.33538,2.284,1.48844,,6,-0.437512,0.0544241,0.945881,1.33234,1.15102,1.38021,1.49777,-1.98506,-1.07575,0.310119,0.434843,1.15601,1.72875,2.284,-0.263745,0.446219,1.69332,1.72614,1.34191,1.64708,1.48844,1,1386
og,no_fx_eurnok__dyoy,fx,0,1.4837,0.141065,0.202756,0.747183,102,1.41995,0.835217,1.57271,,0,1.4837,0.581411,-0.0729743,-0.312321,-0.961129,-0.959757,-0.683969,0.835217,0.456863,0.167752,0.131852,-0.395635,-0.346076,-0.199185,1.57271,0.520399,-0.279791,-0.659318,-1.2943,-1.15151,-0.635686,1,1386
og,glob_wb_food_idx__yoy,commodities,4,1.47043,0.144616,0.208879,0.916978,102,1.37477,0.122838,1.53592,,6,0.32212,0.70953,0.944793,1.33267,1.47043,1.30951,0.916708,0.0752024,0.00281094,-0.112204,0.0212682,0.122838,0.0331658,-0.656597,0.56769,0.88905,1.11334,1.4161,1.53592,1.37972,0.975304,1,1386
og,brent_nok_yoy,energy,3,1.45814,0.147966,0.209216,0.839684,102,1.38372,0.0563013,1.60892,,0,0.0126874,0.615843,1.01371,1.45814,1.42995,1.0011,0.783705,-1.70473,-1.01538,-0.704931,0.0563013,0.261168,0.565616,0.825896,0.182633,0.724758,1.09183,1.60892,1.51825,1.08411,0.607608,1,1386
og,eu_agri_basket_yoy,commodities,2,1.38069,0.170581,0.261619,0.897358,99,1.28462,-0.233661,1.43019,,0,0.862082,1.12954,1.38069,1.19185,1.07547,1.1552,1.09343,-1.68282,-0.957503,-0.233661,-0.259916,0.13764,0.430159,0.515612,0.83211,1.12902,1.43019,1.22161,1.0654,1.0849,1.11642,1,1386
og,price_cost_gap_agri,other,6,-1.30291,0.195858,-0.129995,-0.543823,95,-1.24389,-0.674828,-1.287,,0,-0.262014,-0.680879,-1.09551,-1.03644,-1.02203,-1.19071,-1.30291,1.86821,1.13025,0.324359,0.317081,-0.108121,-0.439502,-0.674828,-0.312265,-0.749263,-1.21863,-1.14023,-1.10171,-1.26878,-1.287,1,1386
og,price_cost_gap_agri_d4,other,6,-1.28208,0.203183,-0.156767,-0.605113,91,-1.21825,-0.696876,-1.2382,,0,0.478807,0.214554,-0.241432,-0.597832,-0.558191,-0.861213,-1.28208,1.28112,1.22323,0.838311,0.563612,0.143464,-0.339402,-0.696876,0.440393,0.0687554,-0.459909,-0.72313,-0.660905,-0.947728,-1.2382,1,1386
og,glob_fao_meat_idx__dyoy,commodities,3,1.27697,0.2046,0.166401,0.61412,102,1.20357,1.08043,1.59599,,3,-0.617796,-0.0529015,0.506166,1.27697,0.871287,0.856051,0.826918,-0.483734,-0.235566,0.288246,1.08043,0.508113,0.77866,0.697096,-0.535492,0.174372,0.869216,1.59599,1.09179,1.02908,0.709002,1,1386
og,no_cpi_food_idx__dyoy,consumer_prices,3,1.2709,0.206741,0.174135,0.533151,102,1.19904,1.95111,1.2304,,3,1.2676,0.807327,0.877522,1.2709,0.700877,0.566779,0.0131858,0.0960971,-0.197444,0.401103,1.95111,1.64788,1.1082,0.568117,1.42592,0.815179,0.821846,1.2304,0.489052,0.272258,0.117651,1,1386
og,w_food_cpi_rel_dyoy,consumer_prices,6,-1.25436,0.212666,-0.201442,-0.557425,102,-1.16374,-0.881253,-1.18225,,6,1.21926,0.84336,0.464971,-0.093267,-0.480054,-0.621469,-1.25436,0.587398,0.520696,0.487343,0.449146,-0.0200503,0.00567995,-0.881253,1.33277,0.796941,0.276183,-0.333279,-0.742859,-0.864479,-1.18225,1,1386
og,eu_agri_basket_dyoy,commodities,6,1.25339,0.213385,0.136024,0.544782,91,1.19403,0.682589,1.2392,,0,0.0583955,0.320686,0.698437,0.887904,0.740024,0.971898,1.25339,-1.20191,-1.09624,-0.625105,-0.329071,0.0405346,0.462235,0.682589,0.121092,0.435628,0.84783,0.978705,0.788151,0.994193,1.2392,1,1386
og,w_fx_vs_eur_dyoy,fx,0,1.18433,0.239118,0.166659,0.67758,102,1.09813,0.663643,1.15427,,1,1.18433,0.909609,0.475931,0.022862,-0.645753,-0.866706,-0.790829,0.663643,0.751635,0.642877,0.286321,-0.308072,-0.565057,-0.460638,1.15427,0.814548,0.346285,-0.232558,-0.915736,-0.943309,-0.732413,1,1386
og,w_food_cpi_rel_yoy,consumer_prices,6,-1.1695,0.245012,-0.170136,-0.554499,102,-1.1087,-0.866907,-1.1406,,6,1.04161,0.500231,-0.237325,-0.73546,-0.93248,-0.958814,-1.1695,0.551538,0.322725,-0.542878,-0.440282,-0.489441,-0.480559,-0.866907,0.977463,0.237696,-0.665092,-1.10704,-1.27081,-1.27774,-1.1406,1,1386
og,eu_agri_basket_wloc_dyoy,commodities,6,1.15602,0.250802,0.107504,0.461804,91,1.10367,0.645668,1.16021,,0,0.410447,0.52299,0.732889,0.755512,0.58895,0.903518,1.15602,-0.970978,-0.934072,-0.607979,-0.535228,-0.132504,0.408546,0.645668,0.44476,0.593206,0.834696,0.805529,0.588426,0.870999,1.16021,1,1386
og,glob_fao_meat_idx__yoy,commodities,3,1.14151,0.256411,0.140271,0.620557,102,1.07866,0.195693,1.36688,,6,-0.28586,0.283292,0.672653,1.14151,0.686956,0.392265,-0.0731224,-1.00932,-0.664899,-0.451721,0.195693,-0.359516,-0.425794,-1.38224,0.0107262,0.595454,0.979752,1.36688,0.920706,0.635395,-0.0566304,1,1386
og,elec_nordic_loc_dyoy,energy,5,1.05986,0.291984,0.15425,0.585185,95,0.974143,-0.599979,1.18246,,4,-0.807313,-0.351762,0.305162,0.469654,0.476173,1.05986,0.970902,-0.0949127,-0.50674,-0.881632,-0.957719,-1.47145,-0.599979,-0.308591,-0.874675,-0.23261,0.57637,0.701721,0.650223,1.18246,0.890202,1,1386
og,w_wage_yoy,wages_income,0,-0.924921,0.357256,-0.0427334,-0.369566,102,-0.884319,-0.735812,-1.27237,,4,-0.924921,0.266926,0.584863,0.244902,0.61392,-0.0531191,0.236262,-0.735812,0.899661,1.66354,1.42104,1.92765,0.707517,1.12973,-1.27237,0.586072,0.245175,0.330658,0.705252,-0.19303,0.326343,1,1386
og,w_hh_real_inc_dyoy,wages_income,1,-0.898395,0.372291,-0.132665,-0.561583,68,-0.837547,0.00115463,-0.885319,,5,-0.772015,-0.898395,-0.265243,-0.0407791,-0.524718,-0.645572,-0.479207,-0.221935,0.00115463,0.066427,-1.40737,-0.512694,-2.06101,-1.73006,-0.777032,-0.885319,0.0509213,0.174345,-0.242207,-0.357792,-0.502071,1,1386
og,glob_fao_sugar_idx__dyoy,commodities,0,0.737048,0.462836,0.0559599,0.268807,102,0.699595,0.852031,0.624631,,6,0.737048,0.105495,0.544698,0.376512,0.17467,0.14595,-0.133201,0.852031,0.10607,0.815279,0.296911,-0.168117,-0.168658,-0.913898,0.624631,0.0553115,0.482416,0.256432,0.0838197,-0.0332928,-0.275559,1,1386
og,glob_fao_sugar_idx__yoy,commodities,0,0.634856,0.526987,0.0459572,0.24091,102,0.610186,-0.339682,0.470244,,6,0.634856,-0.0989647,0.131999,-0.0562631,-0.333371,-0.221147,-0.496253,-0.339682,-1.10356,-0.720848,-1.03993,-1.48877,-1.30118,-2.26474,0.470244,-0.162709,0.0745686,-0.0886407,-0.345861,-0.304726,-0.502314,1,1386
vol_proxy,w_food_ppi_yoy,producer_prices_input_costs,0,-5.51819,2.79777e-07,-0.357772,-1.22933,101,-4.83824,-1.16643,-5.44305,,0,-5.51819,-3.4904,-2.10452,-1.17525,-0.441694,-0.054645,-0.275679,-1.16643,-0.688146,-0.549898,-0.0895778,0.163937,-0.119245,-0.565071,-5.44305,-4.40651,-3.18309,-2.04794,-1.02514,-0.240122,-0.510004,0.00302917,1386
vol_proxy,nw_food_cpi_xvat_yoy,consumer_prices,0,-5.32606,6.29318e-07,-0.403893,-1.38393,102,-4.79335,-1.48205,-5.4662,,0,-5.32606,-3.25262,-2.01465,-1.10819,0.665602,1.31144,0.879399,-1.48205,-0.710893,0.299461,0.174243,0.784637,0.456249,-0.0145192,-5.4662,-3.8529,-2.77625,-1.80298,0.0381453,1.16693,0.720465,0.00340684,1386
vol_proxy,se_cpi_food_idx__yoy,consumer_prices,0,-5.10422,1.60827e-06,-0.348045,-1.25046,102,-4.47621,-1.50867,-4.76976,,0,-5.10422,-3.93565,-2.5594,-1.48981,-0.46123,0.575703,0.808833,-1.50867,-0.875829,-0.680187,-0.436173,0.178778,0.204843,0.198122,-4.76976,-4.50102,-3.65765,-2.4173,-1.0094,0.417877,0.624353,0.00580428,1386
vol_proxy,nw_food_cpi_yoy,consumer_prices,0,-5.03444,2.15122e-06,-0.391975,-1.35261,102,-4.47289,-1.2058,-5.19393,,0,-5.03444,-3.30199,-2.12358,-1.26173,0.272456,1.08022,0.817434,-1.2058,-0.766097,0.0792304,-0.0286033,0.328422,0.119337,-0.120221,-5.19393,-3.93304,-3.04339,-2.02265,-0.417663,0.940316,0.659106,0.00582287,1386
vol_proxy,w_food_cpi_yoy,consumer_prices,0,-4.19881,5.86986e-05,-0.391962,-1.3399,102,-3.8906,-1.39455,-4.50253,,0,-4.19881,-2.53916,-1.5753,-0.488101,0.65054,0.656442,-0.149529,-1.39455,-0.494014,-0.319969,0.144053,0.0670183,-0.204664,-0.800243,-4.50253,-3.50393,-2.5847,-1.48011,-0.298811,0.502684,-0.473451,0.106328,1386
vol_proxy,no_retail_foodstores_vol_sa_idx__dyoy,activity_retail,3,4.20163,6.17639e-05,0.377544,1.27801,94,3.67445,0.393645,3.80185,,6,-1.31875,0.446401,1.97043,4.20163,3.02346,1.74713,0.0677509,0.529623,0.548213,0.144128,0.393645,-0.726333,-2.34618,-4.85406,-1.83839,0.0893352,1.89787,3.80185,2.78913,1.5581,-0.142544,0.106328,1386
vol_proxy,w_food_cpi_xvat_yoy,consumer_prices,0,-4.1565,6.8744e-05,-0.389187,-1.32749,102,-3.86608,-1.35216,-4.46064,,0,-4.1565,-2.4894,-1.51387,-0.29394,0.886872,0.719967,0.0947255,-1.35216,-0.357468,-0.198124,0.41878,0.288283,-0.136566,-0.594411,-4.46064,-3.36083,-2.44017,-1.26487,-0.0299255,0.5766,-0.227491,0.106328,1386
vol_proxy,w_ec_food_retail_sell_price_exp_lvl,price_expectations,2,-4.10721,0.000125089,-0.393739,-1.57061,62,-3.51511,-1.15807,-4.23587,,1,-1.10471,-2.38344,-4.10721,-2.51918,-1.38964,-0.895872,-0.0617363,-1.15243,-1.44646,-1.15807,0.0464641,1.0053,0.925104,0.969179,-0.811953,-2.01519,-4.23587,-3.35664,-1.86806,-1.04695,-0.117942,0.158935,1386
vol_proxy,nw_food_ppi_yoy,producer_prices_input_costs,0,-3.93469,0.000155708,-0.311301,-1.11091,101,-3.36742,0.180266,-4.18282,,6,-3.93469,-2.8266,-1.8645,-0.986584,-0.20429,0.0610338,-0.301968,0.180266,0.159177,-0.141243,0.237685,0.333056,-0.0427269,-0.524643,-4.18282,-3.66263,-2.75212,-1.69824,-0.796924,-0.114295,-0.528798,0.158935,1386
vol_proxy,nw_food_cpi_xvat_dyoy,consumer_prices,0,-3.92298,0.000161473,-0.362826,-1.2004,102,-3.37289,-1.65041,-3.4268,,5,-3.92298,-3.22374,-2.0475,-0.940202,0.715323,2.19758,2.1741,-1.65041,-0.885248,0.170755,0.580065,1.57194,1.89442,1.46584,-3.4268,-2.96286,-2.09603,-1.08857,0.497369,2.04539,2.06183,0.158935,1386
vol_proxy,w_food_cpi_rel_yoy,consumer_prices,0,-3.8091,0.000242115,-0.40512,-1.34804,102,-3.64421,-1.40462,-3.68697,,0,-3.8091,-2.94126,-0.992633,0.830284,1.28751,1.27714,0.525557,-1.40462,-0.691058,-0.651363,-0.00991998,-0.146338,-0.169982,-0.791696,-3.68697,-3.03879,-1.93922,-0.0192571,1.03608,1.23783,0.226923,0.21845,1386
vol_proxy,glob_gscpi__d4,packaging_freight,0,3.64089,0.000434282,0.409942,1.30253,102,3.35485,1.02115,4.09848,,3,3.64089,2.45886,1.57204,-1.1075,-0.796857,-0.0368151,0.372114,1.02115,-0.135866,-0.366727,-1.68207,-0.670324,0.248225,0.918063,4.09848,3.11669,2.20592,-0.182139,-0.400884,0.0916824,0.749825,0.361693,1386
vol_proxy,se_na_hhcons_food_sa__yoy,activity_retail,1,3.3882,0.00101094,0.32694,1.0564,102,3.23984,2.46866,3.88548,,3,1.86748,3.3882,1.75666,-1.58461,0.403162,0.027412,-0.857068,0.134463,2.46866,0.665586,-2.67008,0.590763,-0.410482,-0.281991,2.1435,3.88548,2.19778,-0.381271,1.33393,0.387291,-0.475846,0.729703,1386
vol_proxy,eu_agri_basket_wloc_yoy,commodities,1,-3.32453,0.00125094,-0.36502,-1.23708,100,-3.08541,-1.70326,-3.24795,,0,-2.51823,-3.32453,-2.7907,-2.56122,-1.43463,-0.135575,0.751852,-1.75023,-1.70326,-1.10739,-1.37652,-0.425715,0.189637,0.436705,-2.03415,-3.24795,-3.00286,-2.84501,-1.62495,-0.203189,0.600079,0.830659,1386
vol_proxy,nw_food_cpi_dyoy,consumer_prices,0,-3.27372,0.00146265,-0.330955,-1.10562,102,-2.80402,-1.02536,-2.72082,,5,-3.27372,-2.9178,-2.01863,-0.722122,0.664417,2.09435,2.29064,-1.02536,-0.556268,0.165379,0.956384,1.47984,1.64394,1.63777,-2.72082,-2.62588,-2.07637,-0.864602,0.472328,1.96058,2.16381,0.830659,1386
vol_proxy,eu_ppi_dom_c107_idx__yoy,producer_prices_input_costs,0,-3.2305,0.00168273,-0.304127,-1.12742,101,-2.95522,-0.859337,-3.5902,,6,-3.2305,-2.22443,-1.36224,-0.564917,-0.218697,-0.429518,-0.825918,-0.859337,-0.326811,0.0277849,0.434269,0.344165,-0.40178,-1.04353,-3.5902,-2.70697,-1.81272,-1.05204,-0.707905,-0.696833,-1.13851,0.830659,1386
vol_proxy,natgas_eu_eur_dyoy,energy,0,3.25151,0.00170444,0.360693,1.23456,80,3.04075,0.841581,3.9439,,2,3.25151,1.94028,0.675174,-0.207448,-1.04404,-1.59355,-0.946353,0.841581,0.224886,-1.08993,-1.03979,-0.839374,-0.764976,0.771077,3.9439,2.80411,1.57942,0.851239,-0.267233,-1.50661,-0.778839,0.830659,1386
vol_proxy,ea_hicp_food_idx__yoy,consumer_prices,0,-3.21544,0.00176457,-0.320845,-1.13996,101,-2.98656,-0.698807,-3.71064,,6,-3.21544,-2.08178,-1.41318,-0.890666,-0.43801,-0.274626,-0.665364,-0.698807,-0.385345,-0.514279,-0.306425,-0.432794,-0.625038,-1.09968,-3.71064,-2.76675,-2.07055,-1.52474,-1.04752,-0.495271,-0.958525,0.830659,1386
vol_proxy,w_gov10y_d4,rates,2,-3.17437,0.00200147,-0.292188,-1.10489,102,-2.95888,-2.228,-3.60458,,2,-2.08345,-2.74237,-3.17437,-2.49963,-1.19224,-0.218833,0.285124,-1.86035,-2.06496,-2.228,-1.40762,-0.215623,0.895377,1.2651,-1.71998,-2.82162,-3.60458,-3.44129,-1.71795,-0.342997,0.150464,0.902922,1386
vol_proxy,eu_ppi_paper_packaging_idx__yoy,packaging_freight,1,-3.13302,0.00228826,-0.285714,-1.04072,100,-2.71222,-0.24358,-3.0699,,5,-2.44418,-3.13302,-1.91317,-0.957151,-0.303799,0.201235,0.25823,-1.32259,-0.24358,1.08227,2.15552,2.3751,2.60024,1.32049,-1.9326,-3.0699,-2.19713,-1.25847,-0.482171,0.130681,0.120424,0.991007,1386
vol_proxy,w_gov10y_lvl,rates,0,-3.09412,0.00256611,-0.287793,-1.07395,102,-2.97375,-2.83108,-3.47418,,0,-3.09412,-2.82343,-2.51036,-1.97988,-1.34951,-0.993211,-0.833236,-2.83108,-2.57139,-2.37367,-2.19963,-1.88501,-1.70433,-1.76278,-3.47418,-3.24222,-2.93491,-2.58905,-2.05582,-1.45499,-1.18723,1,1386
vol_proxy,no_jordbruk_malpris_mnok__lvl,tax_policy,0,-3.08929,0.00260446,-0.343732,-1.34581,102,-2.80141,-1.78944,-4.45205,,0,-3.08929,-2.29162,-1.81863,-0.873325,-0.85942,-0.589895,-0.959716,-1.78944,-0.863194,-0.629429,0.240378,-0.432434,-0.620887,-0.943853,-4.45205,-3.24591,-2.25297,-1.81342,-1.79023,-0.999755,-1.51897,1,1386
vol_proxy,se_wage_idx_m__dyoy,wages_income,5,-3.07523,0.00271903,-0.27655,-0.961221,102,-2.93055,-2.52673,-2.96324,,5,0.974917,1.78485,0.506699,-1.62589,-1.76293,-3.07523,-2.74544,1.82859,1.86424,0.098574,-1.39679,-0.897552,-2.52673,-2.0644,0.664473,1.20174,0.25465,-1.37525,-1.70945,-2.96324,-2.70185,1,1386
vol_proxy,eu_ppi_dom_c105_idx__yoy,producer_prices_input_costs,0,-2.94615,0.0040202,-0.344909,-1.29229,101,-2.72073,-1.48296,-2.82206,,5,-2.94615,-2.51498,-1.60987,-0.644983,0.214221,1.09182,0.995701,-1.48296,-1.05555,-0.258,0.462576,1.02764,1.63241,1.35066,-2.82206,-2.59666,-1.72344,-0.965601,-0.170843,0.930472,0.739059,1,1386
vol_proxy,eu_agri_basket_yoy,commodities,1,-2.93416,0.0041744,-0.351179,-1.20743,100,-2.74535,-1.80022,-2.78478,,1,-2.10325,-2.93416,-2.69702,-2.54067,-1.58438,-0.532476,0.275826,-1.78154,-1.80022,-1.28733,-1.41869,-0.560206,0.0334851,0.237303,-1.6958,-2.78478,-2.77711,-2.56245,-1.6485,-0.566686,0.188353,1,1386
vol_proxy,se_gov_bond_10y__lvl,rates,0,-2.89275,0.00469614,-0.272596,-0.987015,102,-2.77709,-2.85499,-3.2139,,0,-2.89275,-2.61917,-2.24833,-1.73471,-1.18059,-0.912081,-0.793071,-2.85499,-2.62032,-2.47074,-2.3768,-1.99241,-1.84199,-1.86033,-3.2139,-3.05919,-2.81243,-2.47082,-1.9739,-1.39987,-1.18023,1,1386
vol_proxy,no_retail_foodstores_vol_sa_idx__yoy,activity_retail,3,2.87396,0.0050017,0.317362,1.11671,98,2.64394,-0.585651,3.32331,,5,0.559233,1.32394,1.90638,2.87396,2.07625,1.00988,-0.744965,-0.762493,-0.835759,-0.992787,-0.585651,-1.96102,-2.59483,-2.44047,0.46231,1.41223,2.17387,3.32331,2.2516,0.995139,-0.788608,1,1386
vol_proxy,w_hh_real_inc_dyoy,wages_income,5,-2.87584,0.00554302,-0.300142,-1.16714,64,-2.64564,-2.18828,-2.62549,,3,2.32556,1.27568,0.498861,-1.76577,-2.22268,-2.87584,-2.29516,0.156247,-0.188114,-0.618293,-2.5676,-1.2443,-2.18828,-1.66654,2.293,1.23263,0.749592,-0.865485,-2.21309,-2.62549,-1.89482,1,1386
vol_proxy,eu_ppi_dom_food_mfg_idx__yoy,producer_prices_input_costs,1,-2.83147,0.00563403,-0.320397,-1.09036,100,-2.61983,-0.761038,-2.94656,,0,-2.65198,-2.83147,-2.13291,-1.43276,-0.860787,-0.517411,-0.54247,-0.848733,-0.761038,-0.64698,-0.465675,-0.125625,-0.242157,-0.633464,-2.4138,-2.94656,-2.42057,-1.82998,-1.11508,-0.638562,-0.70679,1,1386
vol_proxy,no_ppi_food_dom_idx__yoy,producer_prices_input_costs,1,-2.82841,0.00567335,-0.276253,-0.946288,101,-2.40856,0.616697,-3.22739,,1,-2.00631,-2.82841,-2.38677,-1.5831,-1.00405,-0.268157,0.259194,0.581465,0.616697,0.388809,0.402603,0.357402,0.234696,0.0566762,-1.95688,-3.22739,-3.12817,-2.17765,-1.45288,-0.385692,0.116772,1,1386
vol_proxy,w_food_cpi_xvat_dyoy,consumer_prices,0,-2.80986,0.00597356,-0.347033,-1.14536,102,-2.52727,-1.05629,-2.56428,,4,-2.80986,-1.97449,-1.07638,0.274512,2.00995,2.51288,1.17281,-1.05629,-0.0971961,0.448904,1.72289,2.09495,1.73676,0.397645,-2.56428,-1.94859,-1.15144,-0.212249,1.20378,2.27951,0.862707,1,1386
vol_proxy,no_govbond_10y__lvl,rates,0,-2.80704,0.00602218,-0.265437,-1.01822,102,-2.68219,-2.63396,-3.13338,,0,-2.80704,-2.46532,-2.14707,-1.77319,-1.23476,-0.908278,-0.804746,-2.63396,-2.29139,-2.03682,-1.84333,-1.57137,-1.35115,-1.44278,-3.13338,-2.832,-2.45452,-2.18298,-1.73515,-1.28223,-1.12266,1,1386
vol_proxy,no_qna_hh_food_cons_sa_mnok__dyoy,activity_retail,3,2.73559,0.00738026,0.307444,1.07865,102,2.49077,-0.532671,3.39927,,6,0.357946,1.0714,2.47481,2.73559,2.09133,1.22648,-0.730226,0.69199,-0.430413,0.0608781,-0.532671,-1.61119,-1.80512,-3.06355,0.145203,1.12378,2.53904,3.39927,2.22788,1.18061,-0.681386,1,1386
vol_proxy,se_retail_grocery_vol_sa_idx__dyoy,activity_retail,4,-2.73196,0.00745631,-0.273666,-0.998192,102,-2.57422,-1.93279,-2.63642,,3,2.65599,2.04558,0.180219,-2.62627,-2.73196,-1.70047,-0.119058,0.71873,1.78634,-0.189816,-2.92386,-1.93279,-1.40868,-0.0647865,2.67843,1.85118,0.436407,-1.4013,-2.63642,-1.88487,0.340483,1,1386
vol_proxy,se_retail_grocery_vol_sa_idx__yoy,activity_retail,3,-2.71692,0.00777861,-0.229121,-0.743281,102,-2.48388,-3.96765,-1.67913,,3,1.54003,1.14795,-0.155342,-2.71692,-2.63877,-1.5573,-0.36105,-0.810642,0.0636501,-0.694515,-3.96765,-2.02456,-1.43963,-0.341071,1.692,1.23878,0.254269,-1.67913,-2.44639,-1.53415,0.111414,1,1386
vol_proxy,wb_food_wloc_dyoy,commodities,0,2.70296,0.00808889,0.273077,0.950598,102,2.59748,1.64412,2.57161,,1,2.70296,2.42765,1.24907,0.2157,-0.0899424,-0.257587,0.010458,1.64412,1.7222,1.22723,0.334471,0.400117,0.374269,0.55422,2.57161,2.33649,1.82801,0.724162,0.273154,-0.100233,0.258189,1,1386
vol_proxy,se_ppi_food_hmpi_idx__yoy,producer_prices_input_costs,0,-2.69431,0.00828676,-0.291499,-1.1149,102,-2.40331,-0.294202,-2.6049,,6,-2.69431,-2.31464,-1.9406,-0.851915,-0.126088,-0.188602,-0.732691,-0.294202,-0.0742079,-0.549426,0.0440277,0.272408,-0.220165,-0.701883,-2.6049,-2.50704,-2.27905,-1.31689,-0.495562,-0.245481,-0.891952,1,1386
vol_proxy,w_food_cpi_dyoy,consumer_prices,0,-2.68284,0.00855617,-0.335451,-1.12215,102,-2.4113,-0.806433,-2.40292,,4,-2.68284,-1.95825,-0.965814,0.245029,1.91609,2.61493,0.76278,-0.806433,-0.0876864,0.683957,1.70744,1.9526,1.88455,-0.0437027,-2.40292,-1.93729,-1.03518,-0.22526,1.15535,2.36046,0.466504,1,1386
vol_proxy,price_wage_gap,other,0,-2.65708,0.00918981,-0.287525,-1.01656,102,-2.38283,0.627558,-2.58034,,6,-2.65708,-2.36668,-1.82633,-0.76562,-0.22755,0.112411,-0.575086,0.627558,0.126076,-0.443231,-0.191952,-0.421164,-0.392317,-1.00095,-2.58034,-3.37031,-2.41279,-1.65168,-1.04145,0.150862,-0.922211,1,1386
vol_proxy,wb_food_sek_dyoy,commodities,0,2.65296,0.00929511,0.258676,0.902807,102,2.54875,1.605,2.5529,,1,2.65296,2.48841,1.12444,-0.0513862,-0.380316,-0.5939,-0.295971,1.605,1.89454,1.48929,0.523979,0.511677,0.336843,0.458433,2.5529,2.51853,1.80121,0.421446,-0.124754,-0.462951,-0.0688654,1,1386
vol_proxy,packaging_eu_yoy,packaging_freight,1,-2.64647,0.00949147,-0.277819,-0.979474,100,-2.29794,-0.535888,-2.43041,,5,-1.59995,-2.64647,-2.11411,-1.27275,-0.736928,-0.342617,-0.273903,-1.49063,-0.535888,0.764414,1.88225,2.22059,2.29078,0.891332,-1.21842,-2.43041,-2.32314,-1.60776,-0.917266,-0.405181,-0.37663,1,1386
vol_proxy,ea_ec_food_ind_sell_price_exp__lvl,price_expectations,3,-2.63421,0.00978793,-0.30205,-1.09102,102,-2.39378,-0.635483,-2.90541,,4,-0.252589,-1.11115,-2.11686,-2.63421,-2.46177,-1.81915,-1.26336,-0.216208,-0.727804,-0.80732,-0.635483,-0.83463,-0.395439,-0.386621,-0.0120252,-0.921267,-1.99793,-2.90541,-2.59821,-1.77717,-1.19273,1,1386
vol_proxy,w_food_cpi_rel_dyoy,consumer_prices,0,-2.62676,0.00999041,-0.362056,-1.21451,102,-2.47705,-0.674251,-2.41893,,6,-2.62676,-2.22946,-1.00355,0.657942,1.49985,1.7329,0.647008,-0.674251,-0.28528,0.194011,0.591624,0.321882,0.481739,-0.754809,-2.41893,-2.1733,-1.14759,-0.045297,1.30243,1.65492,0.396801,1,1386
vol_proxy,w_ec_food_ind_sell_price_exp_lvl,price_expectations,3,-2.49286,0.014331,-0.316459,-1.03927,102,-2.36471,-1.01097,-2.6225,,3,-1.17222,-2.00261,-1.88361,-2.49286,-1.47787,-0.846518,-0.485815,-0.832355,-0.601839,0.0747339,-1.01097,0.0458219,0.0225458,-0.265335,-0.868982,-1.79311,-1.91694,-2.6225,-1.57917,-0.796155,-0.384477,1,1386
vol_proxy,se_gov_bond_10y__d4,rates,2,-2.48166,0.0147613,-0.259255,-0.987597,102,-2.34241,-1.78116,-2.83846,,2,-2.29807,-2.41704,-2.48166,-2.04518,-0.80581,0.0994326,0.443991,-1.69437,-1.63836,-1.78116,-1.49994,-0.322777,0.672428,1.04031,-1.99719,-2.62542,-2.83846,-2.61112,-1.27961,-0.06167,0.279627,1,1386
vol_proxy,w_wage_dyoy,wages_income,0,-2.48095,0.0147892,-0.255695,-0.976367,102,-2.3531,-2.18299,-2.59843,,0,-2.48095,-1.15553,-0.38158,-0.131068,1.57247,0.558295,2.11629,-2.18299,-0.786434,-0.398451,0.202738,1.71152,0.017986,1.87262,-2.59843,-0.91166,-1.03019,-0.243813,1.5102,0.22973,2.6826,1,1386
vol_proxy,elec_nordic_loc_yoy,energy,4,-2.46757,0.0153554,-0.27752,-0.962574,100,-2.29435,-1.02394,-2.54022,,6,0.662555,0.109805,-0.344773,-1.49575,-2.46757,-1.53263,-1.12061,-0.534112,-0.703695,-1.32064,-1.33426,-1.02394,0.791111,1.68061,0.958014,0.389658,-0.0689963,-1.37539,-2.54022,-1.48446,-1.05117,1,1386
vol_proxy,elec_nordic_loc_dyoy,energy,4,-2.46531,0.015524,-0.217372,-0.729584,96,-2.26318,-2.01875,-2.48204,,4,1.90336,1.18006,0.721877,-0.541245,-2.46531,-1.63767,-1.35938,0.160335,-0.80863,-1.85735,-1.87535,-2.01875,0.0649848,0.877457,2.03219,1.36927,0.96497,-0.136029,-2.48204,-1.61567,-1.24568,1,1386
vol_proxy,natgas_eu_eur_yoy,energy,5,-2.44496,0.0165517,-0.34702,-1.18483,88,-2.19623,-0.832093,-2.30751,,2,1.3523,0.275849,-0.60644,-1.40847,-2.28171,-2.44496,-1.49488,-0.309743,-0.837745,-1.36266,-0.990241,-0.67455,-0.832093,0.22084,1.8202,0.916611,-0.017604,-1.0425,-2.52193,-2.30751,-1.36295,1,1386
vol_proxy,w_cpi_yoy,consumer_prices,0,-2.41386,0.0176221,-0.243817,-0.931813,102,-2.08223,0.493638,-2.67263,,6,-2.41386,-2.02254,-1.41077,-0.904171,-0.582276,-0.555916,-0.739399,0.493638,0.273493,0.350414,0.459376,0.452333,-0.0914953,-0.676979,-2.67263,-2.60708,-1.99847,-1.40523,-0.973035,-0.7015,-0.943452,1,1386
vol_proxy,no_earn_idx_food_manuf_q__dyoy,wages_income,2,-2.40767,0.0179067,-0.240264,-0.768463,102,-2.27082,-2.63637,-1.97371,,2,-0.183773,0.165494,-2.40767,-0.553199,0.50193,-1.35595,1.06344,-0.0690959,-0.241288,-2.63637,0.0681786,0.482445,-1.18946,0.970109,-0.158037,0.285545,-1.97371,-0.589839,0.293423,-1.34115,0.891176,1,1386
vol_proxy,glob_wb_food_idx_eur__dyoy,commodities,0,2.39136,0.0186756,0.28946,0.984609,102,2.29329,1.31459,2.29234,,0,2.39136,1.88899,1.16751,0.0764268,-0.219187,-0.30477,-0.08094,1.31459,1.01903,0.759739,0.0375292,0.250338,0.459403,0.680374,2.29234,1.92873,1.63992,0.771372,0.222444,-0.222239,0.121898,1,1386
vol_proxy,se_cpi_food_idx__dyoy,consumer_prices,6,2.39106,0.01869,0.122032,0.43582,102,2.24788,1.95016,2.48408,,6,-2.18298,-2.36286,-2.00828,-1.0999,-0.0176717,1.28528,2.39106,-0.819161,-0.581748,-0.533018,0.0471513,0.995349,1.44886,1.95016,-1.75891,-2.15535,-1.98424,-1.15442,-0.0151717,1.23508,2.48408,1,1386
vol_proxy,glob_wb_food_idx_nok__dyoy,commodities,0,2.37528,0.0194617,0.238295,0.81757,102,2.27249,1.56882,2.23283,,1,2.37528,1.94999,0.64607,0.40861,0.186197,0.25131,0.692761,1.56882,1.61031,1.2232,0.671057,0.582937,0.49543,0.60973,2.23283,1.89067,1.11916,0.772248,0.538476,0.476605,0.966927,1,1386
vol_proxy,w_fx_vs_nok_yoy,fx,4,-2.37112,0.0196702,-0.192194,-0.72373,102,-2.28538,-1.72195,-2.39589,,3,0.220237,0.350691,-0.208023,-2.06237,-2.37112,-2.10133,-1.83916,-0.852993,-0.510012,-0.588662,-1.73834,-1.72195,-1.29763,-0.895869,0.248587,0.359805,0.055795,-1.90302,-2.39589,-2.11036,-1.79264,1,1386
vol_proxy,glob_fao_sugar_idx__yoy,commodities,6,-2.36034,0.0202185,-0.180759,-0.854446,102,-2.27695,-2.01172,-2.27093,,6,1.13624,0.614459,0.658709,-0.344965,-1.61253,-1.75483,-2.36034,0.927571,0.00323232,0.208719,-0.481947,-1.28461,-1.06291,-2.01172,0.783678,0.302204,0.262562,-0.402932,-1.45584,-1.73596,-2.27093,1,1386
vol_proxy,w_wage_yoy,wages_income,0,-2.35716,0.0203833,-0.203071,-0.817485,102,-2.23696,-2.19745,-2.50244,,0,-2.35716,-0.624049,0.530923,0.657834,1.47459,0.987622,1.00846,-2.19745,-0.655059,0.207651,0.528835,1.0901,0.440311,0.691195,-2.50244,-0.670931,-0.247659,0.423559,1.62824,0.64202,1.35054,1,1386
vol_proxy,eu_ppi_dom_c105_idx__dyoy,producer_prices_input_costs,6,2.33603,0.0217627,0.137656,0.527911,91,2.22057,2.84283,2.27197,,6,-1.94092,-2.06154,-1.45555,-0.348503,0.661,1.69794,2.33603,-1.47137,-1.67717,-0.884497,0.485909,1.44228,2.36194,2.84283,-1.60634,-1.93873,-1.37556,-0.511674,0.435005,1.60514,2.27197,1,1386
vol_proxy,w_retail_total_vol_yoy,activity_retail,0,2.31505,0.0226963,0.302811,1.04901,101,2.1487,0.145267,2.7646,,3,2.31505,2.03654,1.31076,0.71062,-0.147699,-0.619762,-0.515687,0.145267,0.407305,0.0474227,-0.555687,-0.137879,-0.123729,0.204598,2.7646,2.6264,1.83241,1.24796,0.566989,-0.498164,-0.258086,1,1386
vol_proxy,us_ppi_plastic_resins_idx__yoy,packaging_freight,6,-2.31284,0.0228014,-0.238203,-0.824585,102,-2.16503,-0.864083,-2.12999,,1,0.744717,0.322073,-0.203763,-1.16778,-1.31278,-1.40297,-2.31284,-1.32531,-1.4857,-0.364364,-0.0313674,0.578429,0.596276,-0.864083,0.715893,0.241871,-0.218603,-1.20701,-1.50606,-1.3758,-2.12999,1,1386
vol_proxy,no_govbond_10y__d4,rates,3,-2.31171,0.0228659,-0.207827,-0.872281,102,-2.18879,-1.34634,-3.00557,,1,-1.72011,-2.01243,-2.24213,-2.31171,-1.48504,-0.574443,-0.205217,-1.83537,-2.13054,-1.91906,-1.34634,-0.387484,0.878503,1.12972,-1.47405,-2.10434,-2.52243,-3.00557,-1.93603,-0.66822,-0.337984,1,1386
vol_proxy,se_wage_idx_m__yoy,wages_income,5,-2.29933,0.0235871,-0.239842,-0.800103,102,-2.18758,-2.87091,-2.52611,,3,-1.5694,-1.12043,-1.24873,-1.88765,-2.06857,-2.29933,-1.7632,-1.29556,-1.46167,-2.12244,-2.99932,-2.64792,-2.87091,-2.22712,-2.18943,-1.97906,-1.87118,-2.21594,-2.38946,-2.52611,-1.92267,1,1386
vol_proxy,nw_food_ppi_dyoy,producer_prices_input_costs,5,2.29654,0.0239925,0.140407,0.482578,92,2.07249,2.47203,2.0402,,4,-1.961,-1.70872,-1.07402,-0.0990007,1.27307,2.29654,1.43454,-0.215507,0.100437,0.506072,1.48139,2.73889,2.47203,1.1302,-1.65141,-1.56473,-1.01799,-0.269295,0.956751,2.0402,1.33517,1,1386
vol_proxy,w_ec_food_retail_sell_price_exp_d4,price_expectations,2,-2.3088,0.0247381,-0.337183,-1.32737,58,-1.97938,-1.74394,-1.93078,,6,0.110763,-1.67966,-2.3088,-1.64523,-0.874143,-0.215055,1.05557,-1.53574,-1.89652,-1.74394,-0.187878,1.29253,2.64403,4.83938,1.1719,-0.746791,-1.93078,-1.45138,-0.640997,-0.00888493,1.78882,1,1386
vol_proxy,no_cpi_food_idx__yoy,consumer_prices,0,-2.27461,0.0250869,-0.327361,-1.20185,102,-2.09296,-0.615101,-2.61194,,2,-2.27461,-2.07696,-1.30392,-0.422597,0.923298,1.00462,0.711148,-0.615101,-0.530167,0.646858,0.343202,0.281012,-0.0413541,-0.50101,-2.61194,-2.408,-1.70407,-0.942574,0.557868,0.948586,0.596415,1,1386
vol_proxy,price_cost_gap_agri,other,3,2.25973,0.0261227,0.30688,1.04874,98,2.15282,1.35316,2.15963,,1,1.28898,2.07115,2.04947,2.25973,1.63679,0.662277,-0.313174,1.49434,1.57736,1.1537,1.35316,0.60756,-0.0716453,-0.483061,0.860233,1.82874,2.02327,2.15963,1.61995,0.65452,-0.321193,1,1386
vol_proxy,wb_food_sek_yoy,commodities,5,-2.25438,0.0263758,-0.266507,-0.903123,102,-2.15013,-1.34424,-2.11576,,5,1.05687,0.295232,-0.452589,-1.15204,-1.85451,-2.25438,-1.92714,1.27944,1.24333,0.699436,-0.289655,-0.752725,-1.34424,-1.26081,1.33986,0.576545,-0.221063,-0.933057,-1.85051,-2.11576,-1.7153,1,1386
vol_proxy,w_retail_total_vol_dyoy,activity_retail,1,2.23717,0.0276638,0.282396,0.899608,96,2.02081,0.482339,2.1946,,3,2.03434,2.23717,1.49505,1.00963,0.51664,-0.0821392,0.216001,0.197887,0.482339,-0.252418,-0.70548,-0.198477,-0.0372518,0.654955,1.86747,2.1946,1.6392,1.33503,0.874285,0.0354287,0.46658,1,1386
vol_proxy,glob_gscpi__lvl,packaging_freight,0,2.23473,0.0276833,0.256915,0.765303,102,2.02641,1.19067,2.78175,,0,2.23473,0.761723,-0.0240196,-0.861597,-0.899804,-0.744463,-0.745804,1.19067,0.788779,0.487605,-0.168732,0.464458,1.09377,0.868683,2.78175,1.26771,0.380219,-0.547892,-0.746691,-0.777496,-0.604434,1,1386
vol_proxy,eu_ppi_plastic_products_idx__yoy,packaging_freight,2,-2.21386,0.0292057,-0.257274,-0.88595,99,-1.94635,0.192119,-2.21264,,0,-0.842411,-1.763,-2.21386,-1.80077,-1.29216,-0.89919,-0.772919,-1.55246,-0.898607,0.192119,1.06977,1.47548,1.37014,0.270107,-0.56311,-1.53537,-2.21264,-2.14087,-1.48846,-0.954835,-0.835011,1,1386
vol_proxy,eu_ppi_dom_c103_idx__dyoy,producer_prices_input_costs,5,2.20487,0.0300416,0.113257,0.467813,92,2.1152,1.91158,1.83116,,3,-1.52949,-0.919874,-0.319308,0.654292,1.87914,2.20487,0.902092,0.281903,1.37875,2.09151,3.10189,2.8991,1.91158,0.245321,-1.42981,-0.912777,-0.39646,0.31942,1.35808,1.83116,0.609176,1,1386
vol_proxy,se_policy_rate__lvl,rates,0,-2.19386,0.0305851,-0.206068,-0.791184,102,-2.10864,-1.54802,-2.67239,,6,-2.19386,-2.04175,-1.76098,-1.44378,-1.35684,-1.46425,-1.7562,-1.54802,-1.76509,-1.97159,-2.04686,-2.26612,-2.61857,-3.22466,-2.67239,-2.5818,-2.44739,-2.20975,-2.03677,-1.91298,-2.08105,1,1386
vol_proxy,us_ppi_corrugated_boxes_idx__yoy,packaging_freight,2,-2.1915,0.0307604,-0.257736,-0.937169,102,-2.02996,-1.11298,-2.6965,,0,-1.37288,-2.09928,-2.1915,-1.62382,-0.915812,-0.249222,0.141233,-2.86736,-2.29335,-1.11298,0.221365,1.66337,2.24032,1.95559,-1.08997,-1.95988,-2.6965,-2.23858,-1.16661,-0.270321,0.172819,1,1386
vol_proxy,no_earn_idx_food_manuf_q__yoy,wages_income,2,-2.15315,0.0337356,-0.285397,-0.888829,102,-2.07349,-4.11544,-2.38922,,2,-0.881318,-0.840924,-2.15315,-0.733786,-0.627475,-1.688,0.875584,-1.38373,-2.09322,-4.11544,-0.871394,-1.27024,-2.32577,0.511063,-1.45794,-1.01882,-2.38922,-1.14612,-1.11581,-2.03817,0.479812,1,1386
vol_proxy,eu_ppi_dom_c103_idx__yoy,producer_prices_input_costs,0,-2.14571,0.0343662,-0.258666,-0.934671,101,-1.99871,-0.133983,-2.52622,,6,-2.14571,-1.43974,-1.0218,-0.54245,-0.297354,-0.473335,-0.927752,-0.133983,0.0804972,0.0307359,0.196716,-0.273112,-0.889175,-1.58785,-2.52622,-1.82077,-1.40185,-0.993688,-0.813696,-0.705745,-1.1933,1,1386
vol_proxy,glob_fao_sugar_idx__dyoy,commodities,2,2.12538,0.0360438,0.16554,0.710918,102,2.04868,1.4928,1.89287,,0,1.93153,1.69905,2.12538,1.35226,0.273871,-0.419304,-0.911417,1.54772,0.777168,1.4928,0.799272,0.284421,0.503494,-0.216448,1.4583,1.53631,1.89287,1.2268,0.317362,-0.446287,-0.871008,1,1386
vol_proxy,eu_agri_basket_wloc_dyoy,commodities,2,-2.10737,0.0378057,-0.255599,-0.926153,95,-2.01069,-1.06882,-2.01683,,1,-0.977918,-1.98704,-2.10737,-1.99776,-1.20653,0.204276,1.20318,-0.838535,-1.14072,-1.06882,-1.05112,-0.249525,0.48761,0.850665,-0.134888,-1.66231,-2.01683,-1.86345,-1.12993,0.246491,1.24807,1,1386
vol_proxy,price_cost_gap_fao_nok_d4,other,6,-2.07791,0.0403052,-0.201234,-0.713657,102,-1.99089,-2.1024,-2.58117,,6,-1.23498,-0.133268,0.868143,1.04642,0.51352,-0.578441,-2.07791,0.0293038,0.280466,0.346616,0.245976,-0.271438,-1.04053,-2.1024,-1.10275,-0.362329,0.507385,0.788415,0.147479,-0.88009,-2.58117,1,1386
vol_proxy,w_food_ppi_dyoy,producer_prices_input_costs,5,2.07999,0.0404025,0.129101,0.458633,92,1.85559,2.641,1.93158,,4,-1.98974,-1.84422,-1.22343,-0.322804,0.828705,2.07999,1.62454,-0.564795,-0.16311,0.358105,1.41015,2.93433,2.641,1.19664,-1.64045,-1.67555,-1.16187,-0.44399,0.661986,1.93158,1.58215,1,1386
vol_proxy,eu_ppi_paper_packaging_idx__dyoy,packaging_freight,1,-2.07489,0.0407589,-0.221174,-0.815128,96,-1.88468,-2.35852,-1.80137,,5,-1.65873,-2.07489,-1.40924,-0.411003,0.335725,1.09809,1.48304,-2.39532,-2.35852,-0.16145,1.35927,2.86734,4.94964,4.01316,-0.980836,-1.80137,-1.33356,-0.457253,0.368613,1.1634,1.57826,1,1386
vol_proxy,nw_real_wage_dyoy,wages_income,6,2.06117,0.0419081,0.232142,0.75523,102,1.96925,1.68805,2.4549,,0,-0.815777,-0.223812,-0.153935,-0.244723,0.139981,-0.0789256,2.06117,-2.43631,-1.21668,-1.34412,-1.01863,-0.384093,-1.39175,1.68805,-1.37594,-0.23159,-0.792317,-0.244742,0.197889,-0.320239,2.4549,1,1386
vol_proxy,eu_agri_basket_dyoy,commodities,2,-2.03059,0.0451832,-0.233883,-0.866643,95,-1.94369,-1.19908,-1.91253,,1,-0.5392,-1.78308,-2.03059,-1.8511,-1.1714,0.0476035,1.15033,-0.822271,-1.20107,-1.19908,-1.04652,-0.174814,0.611638,1.0426,0.285704,-1.32813,-1.91253,-1.69325,-1.09397,0.113573,1.2935,1,1386
vol_proxy,no_nbes_bl_sell_price_di__lvl,price_expectations,3,-2.03048,0.0451952,-0.214018,-0.843096,95,-1.94269,-1.95884,-1.95163,,3,-0.556267,-1.16813,-1.48767,-2.03048,-1.87136,-1.7752,-1.72735,-0.783332,-1.23303,-1.49821,-1.95884,-1.29131,-1.08739,-1.05146,-0.451397,-1.11643,-1.44693,-1.95163,-1.89688,-1.79672,-1.72244,1,1386
vol_proxy,no_cpi_food_idx__dyoy,consumer_prices,0,-2.0183,0.0462647,-0.308668,-1.08374,102,-1.82723,-0.610036,-1.8224,,3,-2.0183,-1.88244,-1.31104,0.153705,1.41905,1.72402,1.67915,-0.610036,-0.296126,1.01235,2.14847,1.25664,0.969964,0.704574,-1.8224,-1.78031,-1.42053,-0.168063,1.13063,1.6868,1.59335,1,1386
vol_proxy,no_fx_eurnok__yoy,fx,3,1.99726,0.0485411,0.161025,0.584692,102,1.9171,1.79402,1.82822,,3,-0.451558,-0.287859,0.408706,1.99726,1.94458,1.73166,1.49307,0.540349,0.606258,1.04043,1.79402,1.37566,0.943111,0.627415,-0.431041,-0.26328,0.117133,1.82822,2.07331,1.68773,1.4445,1,1386
vol_proxy,se_ppi_food_hmpi_idx__dyoy,producer_prices_input_costs,5,1.99321,0.0489909,0.127924,0.461777,102,1.83963,2.23361,1.97709,,4,-1.65147,-1.34732,-0.74285,0.474718,1.80066,1.99321,0.43117,-0.418725,0.170861,0.37544,1.47212,2.57173,2.23361,0.837408,-1.40755,-1.24951,-0.628903,0.24329,1.41743,1.97709,0.457133,1,1386
vol_proxy,se_na_hhcons_food_sa__dyoy,activity_retail,1,1.99193,0.0491333,0.198088,0.662178,102,1.89718,1.49671,1.70952,,3,0.831881,1.99193,1.43285,-1.46733,0.348793,0.399481,-1.11852,-0.268323,1.49671,0.536451,-3.45455,0.0583989,-0.95718,-0.977316,0.794354,1.70952,1.36577,-0.608446,0.752268,0.549677,-0.741243,1,1386
vol_proxy,w_hh_real_inc_yoy,wages_income,0,2.00119,0.0492507,0.262799,1.09188,73,1.82885,-0.402403,2.02615,,3,2.00119,0.507985,-0.516449,-1.72405,-1.84091,-1.51346,-1.02334,-0.402403,-1.01592,-1.37481,-1.69208,-0.716238,-0.623842,-0.407526,2.02615,0.608864,-0.130256,-0.923321,-1.54935,-1.28632,-0.600905,1,1386
vol_proxy,glob_fao_meat_idx__yoy,commodities,4,-1.98181,0.0502729,-0.288377,-0.940106,102,-1.8966,-1.04163,-2.04609,,2,0.00384732,-0.603751,-1.61354,-1.76146,-1.98181,-1.55367,-1.5306,-1.15214,-1.60475,-1.72682,-0.923288,-1.04163,-0.281308,-0.411604,-0.083462,-0.632194,-1.48116,-1.78942,-2.04609,-1.54636,-1.6033,1,1386
vol_proxy,price_cost_gap_agri_d4,other,3,1.98256,0.0504329,0.21088,0.797159,94,1.90724,1.32617,1.77871,,3,-0.33002,1.26684,1.93759,1.98256,1.46098,0.287994,-1.03567,0.697884,1.14481,1.26109,1.32617,0.568904,-0.404046,-1.08696,-0.784482,0.56493,1.71757,1.77871,1.41849,0.214298,-1.23889,1,1386
vol_proxy,no_real_wage_qna_yoy_q__lvl,wages_income,5,-1.98045,0.0505453,-0.227207,-0.657813,98,-1.90294,-2.13002,-2.05443,,0,-0.107961,-0.0955801,-0.779433,-0.568237,-1.65902,-1.98045,-0.413766,-3.28208,-1.8784,-3.06302,-2.16102,-2.08176,-2.13002,-0.681156,-0.27879,-0.218844,-0.869244,-0.466807,-1.55384,-2.05443,-0.495801,1,1386
vol_proxy,glob_wb_food_idx__dyoy,commodities,0,1.96733,0.051944,0.239161,0.786717,102,1.89706,1.12892,1.82037,,6,1.96733,1.41055,1.07134,0.961479,0.905885,0.343305,0.210608,1.12892,0.340731,-0.204274,-0.233418,0.292537,0.784475,1.15477,1.82037,1.31304,1.14049,1.13033,1.23772,0.501118,0.377075,1,1386
vol_proxy,eu_ppi_dom_c108_idx__yoy,producer_prices_input_costs,0,-1.96609,0.0521175,-0.222897,-0.831735,101,-1.79719,0.502724,-2.25776,,6,-1.96609,-1.55065,-1.06176,-0.744332,-0.766185,-0.99774,-1.47769,0.502724,0.142556,-0.0543644,-0.272482,-0.630876,-1.05541,-1.59331,-2.25776,-1.99919,-1.56107,-1.23713,-1.25129,-1.2461,-1.84554,1,1386
vol_proxy,glob_fao_dairy_idx__yoy,commodities,2,-1.93957,0.0552783,-0.223838,-0.828577,102,-1.83623,-1.85411,-1.88688,,1,-1.43408,-1.78433,-1.93957,-1.57803,-1.06279,-0.676072,-0.0922999,-1.80978,-1.86457,-1.85411,-1.35058,-0.706501,-0.154941,0.420309,-1.03712,-1.57112,-1.88688,-1.57061,-1.00688,-0.639489,-0.0686594,1,1386
vol_proxy,wb_food_wloc_yoy,commodities,5,-1.93863,0.0553936,-0.2467,-0.823528,102,-1.84935,-1.2246,-1.8648,,0,1.38476,0.374446,-0.419165,-0.977665,-1.58972,-1.93863,-1.67966,1.3724,1.18755,0.377637,-0.572659,-0.886447,-1.2246,-1.13849,1.64273,0.703838,-0.139209,-0.730396,-1.52944,-1.8648,-1.48022,1,1386
vol_proxy,price_wage_gap_d4,other,5,1.91927,0.0578293,0.107902,0.437908,102,1.80584,1.31154,1.97349,,5,-1.24193,-1.32064,-0.759893,0.301194,0.778761,1.91927,-0.468783,0.581417,0.431703,0.907886,1.22325,0.493254,1.31154,-0.79723,-0.897968,-1.4498,-0.557756,-0.107561,0.409846,1.97349,-0.738841,1,1386
vol_proxy,ea_ec_food_ind_sell_price_exp__d4,price_expectations,0,1.90408,0.0598038,0.226549,0.695623,102,1.80377,0.458449,2.26013,,6,1.90408,0.427224,-0.782377,-1.32868,-1.39148,-0.85233,-0.274431,0.458449,-0.16465,-0.125118,0.0501241,-0.0164837,0.944803,1.24909,2.26013,1.12597,-0.235451,-1.22055,-1.38514,-0.819356,-0.0996457,1,1386
vol_proxy,w_retail_food_vol_yoy,activity_retail,1,1.88771,0.0620545,0.230086,0.76789,100,1.71048,-0.322624,2.22948,,3,1.36594,1.88771,1.51765,1.02159,0.89993,0.458402,-0.739907,-0.387771,-0.322624,-1.16316,-2.00925,-1.65772,-1.77421,-1.10429,1.49257,2.22948,2.00659,1.44632,1.25064,0.614414,-0.530185,1,1386
vol_proxy,us_ppi_corrugated_boxes_idx__dyoy,packaging_freight,2,-1.8847,0.0624034,-0.188368,-0.644328,102,-1.80524,-1.82247,-1.7732,,0,-0.310578,-1.3015,-1.8847,-1.2928,-0.802655,-0.181844,0.106091,-2.63874,-2.47136,-1.82247,-0.391862,0.881089,2.10856,2.08737,0.182216,-0.761249,-1.7732,-1.54819,-0.838963,-0.0821869,0.253213,1,1386
vol_proxy,fao_ffpi_sek_yoy,commodities,4,-1.87473,0.0637773,-0.231293,-0.851635,102,-1.76708,-0.382406,-1.89933,,4,0.620392,-0.248782,-0.862503,-1.52105,-1.87473,-1.68029,-1.06567,-0.111829,-0.0137952,0.337796,-0.19133,-0.382406,-0.327475,-0.0698969,0.81382,-0.000725887,-0.750812,-1.45503,-1.89933,-1.55643,-0.835288,1,1386
vol_proxy,w_real_wage_yoy,wages_income,2,1.87314,0.0639991,0.229218,0.768564,102,1.73391,0.138878,2.00075,,0,0.705266,1.46587,1.87314,1.44476,1.27056,0.982243,1.07011,-2.71669,-0.783788,0.138878,0.339924,0.612605,0.452011,0.939762,0.532488,1.94606,2.00075,2.15219,1.84406,0.969626,1.27287,1,1386
vol_proxy,no_policy_rate__lvl,rates,0,-1.85826,0.0661028,-0.147824,-0.679348,102,-1.77716,-1.48394,-2.34817,,1,-1.85826,-1.62068,-1.27636,-0.904928,-0.723202,-0.610007,-0.627336,-1.48394,-1.54681,-1.47334,-1.29482,-1.33786,-1.32484,-1.51193,-2.34817,-2.13422,-1.82183,-1.43297,-1.13199,-0.864833,-0.878768,1,1386
vol_proxy,se_nier_food_mfg_sell_price_exp__lvl,price_expectations,4,-1.83994,0.0687728,-0.268192,-0.849145,102,-1.74722,-0.610581,-1.85931,,4,-0.0293937,-1.11997,-1.51053,-1.61809,-1.83994,-1.14828,-0.330026,0.191252,-0.475532,0.195058,0.096376,-0.610581,0.0922764,0.281018,0.253481,-0.906105,-1.37867,-1.57054,-1.85931,-1.14142,-0.236107,1,1386
vol_proxy,w_retail_food_vol_dyoy,activity_retail,2,1.84012,0.0689754,0.249523,0.80995,95,1.66232,0.132516,1.9063,,6,0.320352,1.12636,1.84012,1.30321,1.21556,0.959976,0.27947,0.950853,1.06992,0.132516,-1.11809,-1.04987,-1.28047,-1.30788,-0.0145017,0.907868,1.9063,1.51771,1.34694,0.991809,0.295295,1,1386
vol_proxy,no_jordbruk_malpris_mnok__d4,tax_policy,0,-1.83116,0.0702786,-0.217076,-0.946879,96,-1.68105,-0.941976,-1.80675,,3,-1.83116,-1.17334,-0.214385,0.293284,0.808013,1.00648,0.2864,-0.941976,0.253976,1.0008,1.22948,1.18267,0.992513,0.312211,-1.80675,-1.18529,-0.249845,-0.0390831,0.447129,0.913762,0.0737639,1,1386
vol_proxy,price_cost_gap_ppi,other,3,1.82821,0.0706564,0.251893,0.879551,98,1.71183,0.491196,1.82154,,2,0.656167,1.3964,1.81887,1.82821,1.23327,0.9516,0.290852,-0.241232,0.324386,0.492116,0.491196,-0.190879,-0.0116272,-0.189063,0.373168,1.23973,1.76681,1.82154,1.24129,0.941885,0.232388,1,1386
vol_proxy,eu_ppi_dom_c108_idx__dyoy,producer_prices_input_costs,4,1.8268,0.071044,0.133648,0.502635,93,1.71933,2.52772,1.40846,,3,-0.847969,-0.402833,0.359283,1.3417,1.8268,0.78897,-0.52519,0.925199,1.5673,3.00464,4.48106,2.52772,0.298875,-0.947912,-0.645275,-0.30408,0.260787,0.953744,1.40846,0.681254,-0.646943,1,1386
vol_proxy,no_qna_hh_food_cons_sa_mnok__yoy,activity_retail,2,1.81739,0.0721828,0.2196,0.778436,102,1.69138,-0.854419,2.0998,,1,1.70212,1.57824,1.81739,1.63319,1.21864,0.274095,-1.01777,-0.0851851,-1.16023,-0.854419,-0.781107,-0.855072,-0.450743,-0.790308,2.1567,2.06828,2.0998,2.0746,1.5372,0.325088,-0.847783,1,1386
vol_proxy,glob_wb_food_idx_eur__yoy,commodities,5,-1.79999,0.0749394,-0.256277,-0.865639,101,-1.7157,-0.969094,-1.80863,,4,1.42195,0.396325,-0.491807,-1.15721,-1.68136,-1.79999,-1.58781,0.993717,0.803755,-0.0836103,-0.986466,-1.02767,-0.969094,-0.904034,1.55404,0.667008,-0.197372,-0.925486,-1.68711,-1.80863,-1.48321,1,1386
vol_proxy,w_hh_saving_d4,wages_income,6,-1.79687,0.0755015,-0.180752,-0.618862,99,-1.71323,-2.2761,-2.0774,,6,-0.379979,-0.525487,0.637925,1.41363,1.47641,0.429676,-1.79687,0.315697,-1.79158,-1.21953,-0.528513,-1.13572,-1.098,-2.2761,-0.815989,-0.620941,0.821407,1.22561,1.5239,0.360607,-2.0774,1,1386
vol_proxy,se_cpi_idx__yoy,consumer_prices,0,-1.75944,0.0815924,-0.200464,-0.826606,102,-1.52455,0.554886,-1.6923,,1,-1.75944,-1.6489,-1.45092,-1.0602,-0.745383,-0.590224,-0.754627,0.554886,0.882606,0.454021,0.451948,0.257338,0.0675082,-0.461754,-1.6923,-1.8824,-1.74793,-1.37169,-0.986582,-0.69614,-0.879948,1,1386
vol_proxy,no_fn_cci_sa__d4,consumer_survey,4,-1.75858,0.0817383,-0.197166,-0.6776,102,-1.68222,-1.45478,-1.72136,,3,0.85355,0.81988,0.324363,-0.944713,-1.75858,-1.54191,-1.07578,-0.998377,-1.07239,-1.35202,-1.7951,-1.45478,-0.563403,0.0358752,0.825421,0.711507,0.209301,-0.747343,-1.72136,-1.61529,-1.03089,1,1386
vol_proxy,fao_ffpi_sek_dyoy,commodities,0,1.75417,0.0824963,0.219375,0.73712,102,1.67058,0.17916,1.72774,,6,1.75417,1.40991,-0.0118774,-1.17421,-1.19286,-0.851922,0.00192493,0.17916,0.231708,0.241535,-0.200324,0.028444,0.427837,1.15046,1.72774,1.38414,0.416713,-1.01637,-1.17365,-0.751945,0.195837,1,1386
vol_proxy,brent_nok_yoy,energy,4,-1.7538,0.0825593,-0.224937,-0.835819,102,-1.66401,-0.669931,-2.21118,,2,0.299451,-0.198977,-1.01598,-1.57845,-1.7538,-1.60063,-1.34646,-0.361721,-0.539494,-0.916496,-0.755916,-0.669931,-0.195191,0.14596,0.337973,-0.253841,-1.03271,-1.84894,-2.21118,-1.82482,-1.39381,1,1386
vol_proxy,eu_ppi_dom_c107_idx__dyoy,producer_prices_input_costs,5,1.74954,0.0836448,0.0924237,0.370428,92,1.60774,2.85792,1.52339,,4,-1.68791,-1.20336,-0.437643,0.557384,1.53002,1.74954,0.706329,-0.759323,0.237631,1.09352,2.32259,3.37921,2.85792,1.15122,-1.4991,-1.09639,-0.443782,0.256467,1.07866,1.52339,0.509964,1,1386
vol_proxy,us_ppi_plastic_resins_idx__dyoy,packaging_freight,2,1.74091,0.0848064,0.143268,0.508987,102,1.63963,0.289474,1.5359,,5,1.25424,1.15406,1.74091,0.240436,-0.523843,-0.622916,-1.55911,-1.20493,-1.29163,0.289474,0.696937,1.09787,1.3497,-0.270893,1.36185,1.1351,1.5359,0.581779,-0.553889,-0.626859,-1.38958,1,1386
vol_proxy,ea_negotiated_wages_yoy_q__lvl,wages_income,1,-1.72721,0.0872491,-0.243669,-0.816108,102,-1.59576,-1.09948,-2.14556,,6,-1.67065,-1.72721,-1.63313,-1.62879,-1.54498,-1.13254,-1.30771,-1.08634,-1.09948,-1.36469,-1.92496,-2.17622,-2.08764,-2.57765,-2.02718,-2.14556,-2.08287,-2.26512,-2.22193,-1.29517,-1.45888,1,1386
vol_proxy,packaging_eu_dyoy,packaging_freight,1,-1.71429,0.0898057,-0.178446,-0.650016,96,-1.59656,-2.42694,-1.28857,,5,-0.877104,-1.71429,-1.32164,-0.596346,-0.0648886,0.481211,0.790732,-2.35898,-2.42694,-0.143908,1.21041,2.63676,5.1606,4.20855,-0.108289,-1.28857,-1.17338,-0.578824,0.0200286,0.561646,0.944759,1,1386
vol_proxy,w_policy_rate_lvl,rates,0,-1.71172,0.090079,-0.147976,-0.663101,102,-1.64913,-1.04192,-2.20561,,6,-1.71172,-1.64032,-1.47951,-1.19458,-1.06307,-1.03169,-1.15705,-1.04192,-1.21046,-1.35235,-1.35631,-1.50643,-1.64445,-1.99933,-2.20561,-2.13138,-2.00219,-1.74204,-1.53505,-1.36263,-1.43498,1,1386
vol_proxy,se_ec_cons_conf__lvl,consumer_survey,0,1.70981,0.0904331,0.22512,0.832814,102,1.49306,-0.968759,1.79082,,2,1.70981,1.58752,1.26361,0.812023,-0.0779621,-0.565397,-0.327703,-0.968759,-1.3918,-1.76934,-1.74109,-1.18605,0.247298,0.705431,1.79082,1.62809,1.38737,1.00419,0.121148,-0.542867,-0.272078,1,1386
vol_proxy,nw_retail_food_vol_dyoy,activity_retail,2,1.69425,0.0936015,0.218032,0.706546,95,1.53924,-0.0859538,1.73265,,6,0.161521,0.90826,1.69425,1.50457,1.22224,0.838399,-0.0274108,0.872669,1.18719,-0.0859538,-1.05548,-1.93738,-2.56612,-2.60831,-0.20051,0.681785,1.73265,1.68608,1.30984,0.843786,-0.0623335,1,1386
vol_proxy,ea_hicp_food_idx__dyoy,consumer_prices,0,-1.68633,0.095049,-0.219333,-0.81086,97,-1.52836,0.257228,-1.44331,,3,-1.68633,-1.319,-0.710393,-0.00419312,0.899917,1.65363,0.352154,0.257228,0.525564,0.782617,1.31185,1.18892,1.22446,-0.154891,-1.44331,-1.22095,-0.710024,-0.224477,0.615051,1.41816,0.160062,1,1386
vol_proxy,eu_agri_wheat_bread_price__dyoy,commodities,0,1.71393,0.0965248,0.193937,0.92857,34,1.36902,,2.45414,,,1.71393,-0.430198,-1.35057,-1.52306,-1.33404,,,,,,,,,,2.45414,1.0721,0.491863,-0.236326,-0.263222,,,1,1386
vol_proxy,no_vat_food_rate__lvl,tax_policy,6,1.65868,0.100345,0.0931436,0.368744,102,1.53169,1.6546,1.80291,,0,1.40312,1.12314,1.44989,0.862474,0.89126,1.02884,1.65868,1.77781,1.43245,1.7711,1.04977,1.01051,1.11411,1.6546,1.01362,0.831013,0.870465,0.684098,1.03045,0.888992,1.80291,1,1386
vol_proxy,fao_ffpi_wloc_dyoy,commodities,0,1.65863,0.100354,0.226562,0.749346,102,1.58081,0.229196,1.61343,,6,1.65863,1.15878,-0.096865,-1.15435,-1.06652,-0.603058,0.313613,0.229196,-0.00423902,-0.177242,-0.470346,-0.117678,0.459645,1.30661,1.61343,1.14594,0.347971,-0.936781,-1.00698,-0.501083,0.528316,1,1386
vol_proxy,se_nier_food_mfg_sell_price_exp__d4,price_expectations,0,1.65502,0.101087,0.236715,0.649043,102,1.57909,0.513874,1.74869,,6,1.65502,0.0625185,-1.14119,-1.21371,-1.47207,-0.707661,0.481692,0.513874,-0.255457,-0.175675,0.00852311,-0.358464,0.776423,1.58952,1.74869,0.640153,-0.747408,-1.02939,-1.50919,-0.652656,0.715407,1,1386
vol_proxy,no_ppi_food_dom_idx__dyoy,producer_prices_input_costs,2,-1.65317,0.101669,-0.242187,-0.782548,96,-1.5144,0.148877,-1.54536,,6,-0.912527,-1.57908,-1.65317,-1.18908,-0.609112,0.576228,1.63956,0.155051,0.201292,0.148877,0.636616,1.03442,1.46826,1.50581,-0.457589,-1.33094,-1.54536,-1.21647,-0.600944,0.631598,1.81177,1,1386
vol_proxy,fao_ffpi_wloc_yoy,commodities,4,-1.64897,0.102324,-0.217518,-0.775193,102,-1.55496,-0.488555,-1.65558,,3,0.814104,-0.230476,-0.857072,-1.37852,-1.64897,-1.36257,-0.83025,-0.116334,-0.330356,-0.226077,-0.49573,-0.488555,-0.219824,0.0837205,0.969546,0.061387,-0.699314,-1.28719,-1.65558,-1.26807,-0.611147,1,1386
vol_proxy,glob_fao_ffpi_eur__yoy,commodities,4,-1.64608,0.102919,-0.227969,-0.811146,102,-1.55594,-0.696205,-1.68252,,3,0.843979,-0.162026,-0.901356,-1.48245,-1.64608,-1.31224,-0.902328,-0.164883,-0.490026,-0.697892,-0.894911,-0.696205,-0.25839,0.0139767,0.931666,0.085719,-0.714276,-1.40561,-1.68252,-1.29399,-0.773571,1,1386
vol_proxy,se_ec_cons_conf__d4,consumer_survey,0,1.64329,0.103495,0.178994,0.687379,102,1.41225,-0.0454958,1.62476,,4,1.64329,1.4199,0.985343,0.609433,-0.295388,-1.2034,-1.06247,-0.0454958,-1.1395,-1.8193,-1.90664,-2.5764,-1.08807,-0.180685,1.62476,1.27354,0.919061,0.619482,-0.38215,-1.27966,-1.13467,1,1386
vol_proxy,se_real_wage_yoy_q__d4,wages_income,5,-1.61656,0.109155,-0.142958,-0.4553,102,-1.5428,-3.4128,-1.37956,,4,1.15291,0.911054,0.188073,-0.698197,-1.604,-1.61656,-0.977647,-0.266797,-0.654815,-2.29231,-3.65147,-4.06297,-3.4128,-1.82131,0.972659,0.775391,0.196994,-0.415677,-1.17374,-1.37956,-0.798079,1,1386
vol_proxy,w_fx_vs_nok_dyoy,fx,1,1.58607,0.115912,0.205669,0.701753,102,1.51453,0.44407,1.60035,,3,1.38575,1.58607,1.43075,-0.475253,-1.03928,-1.53309,-1.38563,0.33341,0.44407,0.300498,-1.00737,-0.604589,-0.489113,-0.0547721,1.46829,1.60035,1.52791,0.00335467,-0.939034,-1.52621,-1.30062,1,1386
vol_proxy,glob_fao_ffpi_eur__dyoy,commodities,0,1.58198,0.116843,0.242132,0.791673,102,1.504,0.294541,1.52563,,6,1.58198,0.983483,0.0904091,-1.15001,-1.07189,-0.591009,0.158694,0.294541,-0.184574,-0.354294,-0.657852,-0.231175,0.536641,1.42866,1.52563,1.07224,0.547435,-0.716378,-0.962507,-0.535846,0.35693,1,1386
vol_proxy,price_cost_gap_fao_wloc_d4,other,0,-1.57114,0.119342,-0.196639,-0.638059,102,-1.50278,-0.116517,-1.43813,,6,-1.57114,-0.773837,0.927273,1.19426,0.80817,0.0212609,-1.52052,-0.116517,0.151394,0.586483,0.379215,-0.17022,-0.975634,-2.29561,-1.43813,-0.935512,0.433746,0.960868,0.558463,-0.14694,-1.96665,1,1386
vol_proxy,w_ec_cons_price_exp_d4,price_expectations,0,1.5685,0.119956,0.24773,0.759647,102,1.4751,-0.0687503,1.70246,,6,1.5685,1.00236,-0.105602,-0.736645,-0.71732,-0.240264,0.517237,-0.0687503,-0.169289,0.0156894,0.197035,0.246538,0.818581,1.48399,1.70246,1.19358,0.63926,-0.321833,-0.569542,-0.150135,0.854681,1,1386
vol_proxy,glob_wb_food_idx__yoy,commodities,6,-1.56444,0.120905,-0.250351,-0.795191,102,-1.47344,-1.01368,-1.48444,,3,0.901843,0.24153,-0.53415,-0.802844,-1.21972,-1.3965,-1.56444,0.154668,-0.496708,-1.30532,-1.40117,-1.19673,-0.829517,-1.01368,0.969129,0.360194,-0.314649,-0.618827,-1.05769,-1.34662,-1.48444,1,1386
vol_proxy,eu_ppi_dom_food_mfg_idx__dyoy,producer_prices_input_costs,6,1.56307,0.121625,0.0978817,0.39872,91,1.46382,1.53792,1.92534,,5,-1.20265,-1.5245,-1.17019,-0.545099,0.236234,1.24876,1.56307,-0.356883,-0.333298,0.150545,0.822716,1.8728,2.32622,1.53792,-0.759289,-1.31046,-1.0237,-0.502328,0.334058,1.41331,1.92534,1,1386
vol_proxy,packaging_us_yoy,packaging_freight,6,-1.55914,0.122155,-0.161401,-0.586669,102,-1.45721,0.189246,-1.42767,,0,0.0321664,-0.523479,-1.02801,-1.41683,-1.25904,-1.08595,-1.55914,-2.35323,-2.2097,-0.703071,0.0490623,1.11987,1.49529,0.189246,0.143916,-0.449437,-1.10276,-1.68165,-1.5038,-1.07773,-1.42767,1,1386
vol_proxy,eu_ppi_dom_c106_idx__dyoy,producer_prices_input_costs,5,1.55574,0.123319,0.141957,0.531647,92,1.46213,2.86361,1.67863,,5,-0.683855,-0.868939,-0.502404,0.238589,0.96099,1.55574,1.3734,-0.096051,0.104692,0.718663,1.55177,2.26897,2.86361,2.0779,-0.321845,-0.642992,-0.283192,0.339802,1.16307,1.67863,1.51747,1,1386
vol_proxy,w_cpi_dyoy,consumer_prices,0,-1.54635,0.125211,-0.199883,-0.71922,102,-1.3798,-0.55126,-1.2048,,4,-1.54635,-1.36122,-0.810138,-0.0933584,0.547554,0.875698,0.455924,-0.55126,0.128306,0.981093,2.11561,3.68842,3.04358,1.1333,-1.2048,-1.22588,-0.82765,-0.280393,0.364294,0.81179,0.37737,1,1386
vol_proxy,nw_cons_conf_z_d4,consumer_survey,5,-1.54257,0.126125,-0.128968,-0.477456,102,-1.48042,-0.920117,-1.58597,,4,1.41946,1.24556,0.785977,0.0933997,-1.09008,-1.54257,-1.13957,-0.530263,-1.17343,-1.6939,-1.98103,-2.14062,-0.920117,-0.0907312,1.37953,1.11088,0.694773,0.118946,-1.06025,-1.58597,-1.14495,1,1386
vol_proxy,price_cost_gap_fao_wloc,other,3,1.53618,0.127684,0.203097,0.720794,102,1.45279,0.520441,1.36596,,3,-0.761821,0.314591,1.11998,1.53618,1.3326,0.852992,0.209137,0.0959221,0.0934322,0.410348,0.520441,0.23286,-0.139909,-0.487877,-0.963742,-0.107084,0.883167,1.36596,1.20407,0.76483,-0.086117,1,1386
vol_proxy,eu_agri_wheat_bread_price__yoy,commodities,2,-1.55884,0.128575,-0.296389,-1.16008,36,-1.31752,,-0.439119,,,0.75883,-0.959883,-1.55884,-1.48376,-1.04493,-0.450012,-0.0675711,,,,,,,,3.10598,0.507187,-0.439119,-0.768119,-0.636384,-0.345672,-0.0142302,1,1386
vol_proxy,w_ec_food_ind_sell_price_exp_d4,price_expectations,3,-1.52334,0.130861,-0.205518,-0.715995,102,-1.44004,-0.415461,-1.31886,,5,0.157433,-1.14229,-1.09536,-1.52334,-0.748019,0.216036,0.609244,-0.458696,-0.347823,0.295614,-0.415461,0.932553,1.77415,1.25322,0.9255,-0.643379,-0.92542,-1.31886,-0.596964,0.405615,0.952738,1,1386
vol_proxy,nw_price_cost_gap_ppi,other,2,1.51965,0.131885,0.215881,0.750662,99,1.4064,0.226175,1.44311,,0,0.384289,1.11502,1.51965,1.48617,1.08911,0.957402,0.308718,-0.919496,-0.0966212,0.226175,0.127956,-0.278409,-0.0543108,-0.274411,0.086232,0.930201,1.44311,1.45079,1.0826,0.949331,0.248866,1,1386
vol_proxy,no_imp_price_food_idx__dyoy,producer_prices_input_costs,6,1.51033,0.134667,0.124276,0.561775,88,1.43021,0.765132,1.47104,,6,-1.12586,-1.28246,-1.25939,-0.40408,-0.190681,0.872951,1.51033,-0.18252,0.452353,-0.0474609,0.294479,0.476936,0.224808,0.765132,-0.919029,-1.26113,-1.31656,-0.566483,-0.305292,0.8591,1.47104,1,1386
vol_proxy,no_imp_price_food_idx__yoy,producer_prices_input_costs,0,-1.50395,0.13591,-0.186502,-0.703145,98,-1.3881,-0.0868144,-1.66192,,3,-1.50395,-1.47111,-1.21774,-0.961108,-0.307991,0.439059,0.597939,-0.0868144,0.27679,-0.0194808,-0.318392,0.214995,-0.274014,0.0284613,-1.66192,-1.67667,-1.44861,-1.34089,-0.597842,0.378397,0.492776,1,1386
vol_proxy,nw_real_wage_yoy,wages_income,6,1.50228,0.136208,0.172333,0.619833,102,1.38528,1.28114,1.76388,,0,-0.00710734,0.576249,1.16409,1.169,1.25926,1.10094,1.50228,-3.66944,-1.55797,-0.201843,0.259767,0.69202,0.551402,1.28114,-0.247711,0.689734,0.835143,1.40589,1.64081,0.922845,1.76388,1,1386
vol_proxy,nw_retail_food_vol_yoy,activity_retail,1,1.49623,0.13784,0.197133,0.670744,100,1.32912,-0.927919,1.61864,,5,0.983072,1.49623,1.30534,1.06621,0.839459,0.346309,-0.976381,-1.43995,-0.927919,-1.60297,-2.20929,-2.16797,-2.99971,-1.94136,0.977478,1.61864,1.57225,1.38836,1.08928,0.443624,-0.82851,1,1386
vol_proxy,no_nbes_bl_sell_price_di__d4,price_expectations,0,1.48228,0.14172,0.188661,0.601651,94,1.41315,0.381958,1.61004,,6,1.48228,0.513692,0.0831535,0.0406937,0.290953,0.220286,0.360765,0.381958,-0.307005,-0.537412,-0.252966,1.0392,2.15333,3.63063,1.61004,0.770644,0.366303,0.544338,0.794809,0.337185,0.53004,1,1386
vol_proxy,w_cons_conf_z_d4,consumer_survey,0,1.471,0.144463,0.178125,0.659275,102,1.27091,-0.314196,1.34199,,4,1.471,1.32987,0.930766,0.353735,-0.790249,-1.29856,-1.05783,-0.314196,-1.14529,-1.42563,-1.44319,-1.69748,-0.531562,0.0261,1.34199,1.13049,0.779547,0.266073,-0.908599,-1.37738,-1.12407,1,1386
vol_proxy,glob_fao_vegoils_idx__dyoy,commodities,0,1.4669,0.145572,0.220151,0.725576,102,1.39395,0.327503,1.34326,,6,1.4669,1.05869,0.745147,0.230295,0.212447,0.0472615,0.461277,0.327503,-0.31921,-0.747216,-0.898192,-0.261734,0.396459,1.1965,1.34326,1.02324,0.825154,0.583602,0.622664,0.243994,0.722868,1,1386
vol_proxy,brent_nok_dyoy,energy,0,1.46393,0.14638,0.177396,0.701636,102,1.3865,0.198735,1.72563,,6,1.46393,1.19166,0.421202,-0.646504,-1.01861,-0.992012,-0.623103,0.198735,-0.254607,-0.785149,-0.560096,-0.179165,0.742254,2.00281,1.72563,1.23846,0.609787,-0.445895,-1.25317,-1.17786,-0.655811,1,1386
vol_proxy,no_ssb_bts_consgoods_home_price_exp__lvl,price_expectations,3,-1.44417,0.151849,-0.177401,-0.686027,102,-1.33052,0.180082,-1.53556,,4,-0.607665,-1.18523,-1.08193,-1.44417,-0.769096,-0.739746,-1.13041,-0.171131,0.150978,0.791649,0.180082,1.22949,0.706528,-0.656772,-0.43671,-1.19937,-1.13303,-1.53556,-0.918864,-0.715871,-1.02915,1,1386
vol_proxy,w_cons_conf_z,consumer_survey,1,1.43151,0.155434,0.204706,0.766418,102,1.30215,-0.874187,1.48561,,2,1.37392,1.43151,1.23259,0.870821,0.0473709,-0.233111,0.063938,-0.744744,-0.874187,-0.920738,-0.791666,-0.461808,0.433067,0.720923,1.44405,1.48561,1.32703,0.977773,0.123491,-0.264584,0.0667676,1,1386
vol_proxy,glob_fao_ffpi_nok__dyoy,commodities,0,1.41499,0.160209,0.195579,0.636022,102,1.34642,0.148031,1.35668,,6,1.41499,0.60763,-0.810735,-1.05279,-0.918413,-0.268815,1.04194,0.148031,-0.162779,-0.300553,-0.181808,0.0531585,0.584458,1.37304,1.35668,0.696302,-0.531089,-0.949807,-0.82429,-0.125441,1.29988,1,1386
vol_proxy,glob_wb_food_idx_nok__yoy,commodities,0,1.41407,0.160477,0.184213,0.593063,102,1.35927,1.74248,1.72893,,0,1.41407,0.302984,-0.409376,-0.622788,-1.04806,-1.30825,-1.15459,1.74248,1.37478,0.582387,-0.0858388,-0.401731,-0.878662,-0.987193,1.72893,0.655054,-0.165597,-0.372729,-0.868815,-1.23377,-0.937937,1,1386
vol_proxy,w_gdp_vol_dyoy,activity_retail,1,1.40612,0.162819,0.150612,0.500129,102,1.2648,-0.520467,1.28664,,6,1.32001,1.40612,0.821692,-0.814134,-1.31928,-0.968866,-0.193914,-0.738624,-0.520467,0.353016,0.0302845,1.50989,2.70795,3.23122,1.25258,1.28664,0.671466,-0.429735,-1.27395,-0.910838,-0.0387567,1,1386
vol_proxy,w_fx_vs_eur_yoy,fx,3,1.38404,0.169459,0.119215,0.435529,102,1.32361,1.26624,1.25345,,3,-0.58716,-0.177391,0.569659,1.38404,1.1752,0.948879,0.948978,0.234609,0.595743,1.22732,1.26624,0.836426,0.360046,0.342193,-0.527572,-0.127864,0.306464,1.25345,1.22318,1.01649,0.90782,1,1386
vol_proxy,no_real_wage_qna_yoy_q__d4,wages_income,4,-1.331,0.186443,-0.114337,-0.415548,96,-1.27531,-1.05609,-1.01866,,2,0.873847,1.04938,-0.482339,-0.0592571,-1.331,-1.27696,0.759641,-0.159085,0.377943,-1.58559,-0.115526,-1.05609,-1.14933,0.587223,0.853902,1.12045,-0.258169,0.36867,-1.01866,-1.23575,0.920372,1,1386
vol_proxy,glob_fao_meat_idx__dyoy,commodities,4,-1.30765,0.194019,-0.193913,-0.663366,102,-1.23814,-0.256061,-1.26995,,6,1.0644,0.667862,-0.127171,-0.701081,-1.30765,-0.936823,-0.41721,-0.233898,-0.885659,-0.939688,-0.070523,-0.256061,0.703811,1.08098,1.03023,0.635371,0.0480901,-0.53067,-1.26995,-0.948641,-0.425821,1,1386
vol_proxy,no_vat_food_rate__d4,tax_policy,5,-1.30206,0.195919,-0.0875451,-0.210808,102,-1.07172,-1.17244,-1.29813,,5,0.642274,-0.273546,-0.791227,-0.663398,-1.18206,-1.30206,-0.623496,0.743341,-0.177927,-0.679252,-0.562912,-1.07941,-1.17244,-0.494012,0.859957,0.0171618,-1.06351,-0.664148,-1.20788,-1.29813,-0.556282,1,1386
vol_proxy,glob_fao_ffpi__yoy,commodities,4,-1.29962,0.19675,-0.193931,-0.662802,102,-1.22362,-0.8589,-1.18454,,2,0.456173,-0.256211,-0.89117,-1.1589,-1.29962,-1.034,-0.944769,-0.635432,-1.17889,-1.45569,-1.21618,-0.8589,-0.248094,-0.0822345,0.524751,-0.100564,-0.691555,-0.988504,-1.18454,-0.977511,-0.854745,1,1386
vol_proxy,price_cost_gap_ppi_d4,other,2,1.28102,0.203406,0.153588,0.526724,95,1.21985,0.378307,1.00196,,6,-0.642007,0.509002,1.28102,1.01816,0.374111,0.0815412,-1.01315,-0.117843,0.0444142,0.378307,-0.183974,-1.35763,-1.41489,-2.03858,-1.16528,-0.163233,1.00196,0.781627,0.12331,-0.0174371,-1.58856,1,1386
vol_proxy,glob_fao_cereals_idx__dyoy,commodities,6,1.26955,0.207222,0.137694,0.436734,102,1.20233,2.20501,1.44833,,6,1.18026,0.369215,0.104544,0.376235,0.844663,1.19444,1.26955,0.344168,-0.37977,-0.733988,-0.45118,0.486263,1.44412,2.20501,1.10468,0.444795,0.365654,0.649611,1.20564,1.48262,1.44833,1,1386
vol_proxy,eu_ppi_dom_c106_idx__yoy,producer_prices_input_costs,1,-1.25655,0.211933,-0.186167,-0.702203,100,-1.16334,0.200313,-1.20041,,6,-1.05742,-1.25655,-1.1746,-0.790088,-0.496642,-0.484716,-0.874886,0.278609,0.200313,0.174382,0.318665,0.2933,0.0397067,-0.662205,-0.92758,-1.20041,-1.16851,-0.862883,-0.551838,-0.531878,-0.976933,1,1386
vol_proxy,no_fx_eurnok__dyoy,fx,0,-1.25429,0.21269,-0.167333,-0.575998,102,-1.19467,-0.359827,-1.23807,,3,-1.25429,-1.18638,-1.00184,0.320495,0.964901,1.14181,0.965963,-0.359827,-0.183598,0.0715952,0.991956,0.616605,0.101241,-0.357484,-1.23807,-1.12467,-1.06715,-0.179858,0.72987,1.10961,0.865433,1,1386
vol_proxy,glob_fao_vegoils_idx__yoy,commodities,0,1.25355,0.212957,0.218072,0.667968,102,1.19869,-0.161491,1.3844,,2,1.25355,0.699756,-0.029449,-0.538632,-0.811781,-0.891231,-0.828022,-0.161491,-0.689537,-1.06118,-1.05236,-0.673784,-0.14626,0.0699626,1.3844,0.908234,0.332721,-0.162146,-0.549637,-0.80939,-0.68258,1,1386
vol_proxy,se_policy_rate__d4,rates,4,1.24389,0.216478,0.118147,0.364753,102,1.13983,1.20804,0.912741,,3,-0.592955,-0.416744,0.13529,0.982009,1.24389,0.788573,-0.237227,0.980126,0.865853,0.998007,1.37575,1.20804,0.636307,-0.383758,-0.670047,-0.531095,-0.0690045,0.55495,0.912741,0.768751,-0.220329,1,1386
vol_proxy,glob_fao_ffpi__dyoy,commodities,0,1.23546,0.219582,0.199032,0.636269,102,1.18158,0.126361,1.1788,,6,1.23546,0.677391,0.234442,-0.213545,-0.300332,-0.0529979,0.411263,0.126361,-0.539623,-0.895838,-0.743271,-0.139954,0.735214,1.64694,1.1788,0.685917,0.390891,0.124782,-0.014936,0.0440586,0.551263,1,1386
vol_proxy,se_real_wage_yoy_q__lvl,wages_income,0,1.23469,0.219867,0.144654,0.635913,102,1.07818,-2.10545,1.18791,,0,1.23469,1.20159,0.738619,0.252344,0.051465,0.254053,0.770631,-2.10545,-1.53465,-1.62135,-1.46748,-1.02446,-0.245474,0.755743,1.18791,1.23332,0.863703,0.48355,0.289991,0.31686,0.896113,1,1386
vol_proxy,glob_fao_dairy_idx__dyoy,commodities,3,-1.2312,0.221166,-0.121953,-0.458968,102,-1.16289,-1.24068,-1.07275,,2,-0.264032,-0.670828,-1.15523,-1.2312,-0.785633,-0.357528,0.367876,-0.768162,-1.00714,-1.28013,-1.24068,-0.749754,-0.0539886,0.735346,0.115398,-0.319831,-0.883583,-1.07275,-0.642243,-0.319498,0.458888,1,1386
vol_proxy,glob_fao_ffpi_nok__yoy,commodities,4,-1.2009,0.232654,-0.170282,-0.594733,102,-1.13591,-0.0481358,-1.12974,,6,0.857696,-0.392981,-0.862072,-1.02642,-1.2009,-0.866982,-0.219865,0.208391,-0.14236,0.0725473,0.0374599,-0.0481358,0.127373,0.381415,1.0407,-0.0895478,-0.770929,-0.917964,-1.12974,-0.756864,0.0362816,1,1386
vol_proxy,w_unemp_lvl,labour_market,3,1.18242,0.239873,0.139102,0.563573,102,1.14365,0.141004,1.11992,,6,0.670559,0.74197,0.890746,1.18242,0.704837,0.0368155,-0.271425,-0.211498,-0.366531,-0.197724,0.141004,-0.0468962,0.227258,0.519359,0.568384,0.685225,0.841614,1.11992,0.618903,0.0383401,-0.267746,1,1386
vol_proxy,se_food_vat_rate__lvl,tax_policy,0,1.17067,0.244542,0.0117848,0.0552848,102,1.14792,1.57983,1.76506,,0,1.17067,,,,,,,1.57983,,,,,,,1.76506,,,,,,,1,1386
vol_proxy,se_food_vat_rate__d4,tax_policy,0,1.17067,0.244542,0.0117848,0.0552848,102,1.14792,1.57983,1.76506,,0,1.17067,,,,,,,1.57983,,,,,,,1.76506,,,,,,,1,1386
vol_proxy,w_real_wage_dyoy,wages_income,6,1.15897,0.249254,0.16749,0.500205,102,1.08056,0.76684,1.33633,,5,-0.210132,0.355881,0.44179,0.0576786,0.404761,-0.111226,1.15897,-1.56055,-0.74767,-1.0243,-1.16596,-0.513188,-1.73338,0.76684,-0.820557,0.307773,0.0218185,0.122804,0.526658,-0.281989,1.33633,1,1386
vol_proxy,nw_price_cost_gap_ppi_d4,other,2,1.15918,0.249381,0.136281,0.459125,95,1.10517,0.341736,0.883303,,6,-0.688443,0.322624,1.15918,0.770334,0.260921,0.110016,-1.0282,-0.243525,-0.0758449,0.341736,-0.39052,-1.21268,-1.17984,-1.95782,-1.11065,-0.333323,0.883303,0.518943,-0.00239645,0.0219623,-1.57235,1,1386
vol_proxy,w_ec_cons_price_exp_lvl,price_expectations,4,-1.15791,0.249685,-0.191719,-0.612789,102,-1.09292,-0.305227,-1.07914,,0,0.855738,0.0828762,-0.84718,-0.998403,-1.15791,-0.853549,-0.738264,-0.369399,-0.216615,-0.239853,-0.0649006,-0.305227,-0.0309627,-0.230259,1.13035,0.57226,-0.386497,-0.743474,-1.07914,-0.794415,-0.546167,1,1386
vol_proxy,ea_negotiated_wages_yoy_q__d4,wages_income,4,-1.14306,0.255769,-0.0967684,-0.324346,102,-1.07229,-0.774675,-1.32421,,6,-0.573112,-0.842532,-0.487582,-0.535939,-1.14306,-1.04001,-1.04285,1.48952,0.838984,1.22902,0.33564,-0.774675,-1.49765,-1.53792,-0.4505,-0.854889,-0.580161,-0.601682,-1.32421,-1.24833,-1.14767,1,1386
vol_proxy,no_cpi_total_idx__yoy,consumer_prices,3,-1.14265,0.255939,-0.0985986,-0.483417,102,-1.07313,0.604385,-1.39403,,5,-1.07741,-1.03669,-0.992903,-1.14265,-0.734306,-0.363953,-0.394418,0.0785874,0.934108,0.754449,0.604385,0.905808,1.0405,0.715371,-1.00859,-1.15805,-1.17937,-1.39403,-0.888157,-0.409225,-0.404434,1,1386
vol_proxy,w_gdp_vol_yoy,activity_retail,0,1.13661,0.258444,0.132817,0.403719,102,0.992248,0.118824,1.14837,,5,1.13661,0.883642,0.28269,-0.711168,-1.00913,-0.906229,-0.469295,0.118824,0.495836,1.10045,0.194947,1.25752,1.34458,1.11729,1.14837,0.895427,0.222866,-0.473383,-0.930765,-0.875283,-0.257715,1,1386
vol_proxy,eu_ppi_plastic_products_idx__dyoy,packaging_freight,2,-1.13646,0.258715,-0.128729,-0.479962,95,-1.04316,-0.103617,-0.830338,,5,0.340584,-0.914859,-1.13646,-0.877734,-0.532684,-0.123839,0.0989512,-2.20727,-2.24143,-0.103617,0.929158,2.16045,4.8404,3.50278,1.00513,-0.250791,-0.830338,-0.766699,-0.435699,-0.0624968,0.274981,1,1386
vol_proxy,price_cost_gap_fao_nok,other,3,1.11726,0.266589,0.159481,0.556752,102,1.05903,0.083796,0.86486,,6,-0.765776,0.296415,0.745477,1.11726,0.893129,0.332444,-0.0670092,-0.107506,-0.217098,-0.1281,0.083796,-0.111921,-0.457504,-0.540655,-1.00737,-0.098363,0.445539,0.86486,0.65894,0.164898,-0.452187,1,1386
vol_proxy,no_policy_rate__d4,rates,1,-1.03747,0.302043,-0.0761203,-0.419731,102,-0.985897,-0.145554,-1.18458,,3,-0.937911,-1.03747,-0.715818,-0.279461,-0.173122,-0.105562,0.173377,0.00156098,-0.145554,0.333755,0.79474,0.67724,0.686849,0.288933,-1.13212,-1.18458,-0.782834,-0.364858,-0.169957,-0.0216506,0.00356809,1,1386
vol_proxy,w_fx_vs_usd_dyoy,fx,5,-1.01734,0.311472,-0.107631,-0.34394,102,-0.961029,-0.668202,-0.956928,,2,0.0188886,-0.0908262,-0.301973,-0.696835,-0.967986,-1.01734,-0.351668,0.0334274,0.934164,1.28506,0.623018,0.0946158,-0.668202,-0.726911,0.145166,-0.0224332,-0.297453,-0.6687,-0.990182,-0.956928,-0.284427,1,1386
vol_proxy,se_eursek__dyoy,fx,5,-1.00643,0.316664,-0.11947,-0.325204,102,-0.96942,-0.391794,-0.938365,,2,-0.612103,-0.201704,-0.301964,-0.498082,-0.716732,-1.00643,-0.555529,-0.355757,0.501476,1.19866,1.15787,0.571082,-0.391794,-0.591368,-0.50495,-0.248533,-0.411512,-0.578681,-0.791926,-0.938365,-0.708943,1,1386
vol_proxy,no_ssb_bts_consgoods_home_price_exp__d4,price_expectations,1,-0.992062,0.323586,-0.0824624,-0.372117,102,-0.880854,-0.469019,-0.70346,,4,0.108268,-0.992062,-0.410933,-0.892297,-0.187724,0.164955,-0.347147,-1.08176,-0.469019,1.46557,0.427672,2.39809,1.61374,0.195382,0.590206,-0.70346,-0.206157,-0.620091,-0.0105914,0.393166,0.100102,1,1386
vol_proxy,nw_cons_conf_z,consumer_survey,1,0.982068,0.32846,0.139379,0.571707,102,0.898864,-1.61977,0.930996,,3,0.922778,0.982068,0.750154,0.201379,-0.654558,-0.707957,-0.330611,-1.58971,-1.61977,-1.78544,-1.81679,-1.10113,-0.095587,0.388051,0.894444,0.930996,0.731862,0.261103,-0.566984,-0.724525,-0.314884,1,1386
vol_proxy,packaging_us_dyoy,packaging_freight,6,-0.959945,0.339421,-0.112141,-0.429276,102,-0.902641,0.733376,-0.795819,,1,0.873055,0.4797,0.393087,-0.410903,-0.663741,-0.493371,-0.959945,-2.09791,-2.12775,-0.569359,0.411377,1.21121,1.87592,0.733376,1.07491,0.591849,0.505975,-0.247907,-0.726548,-0.450506,-0.795819,1,1386
vol_proxy,se_cpi_idx__dyoy,consumer_prices,1,-0.937977,0.350539,-0.12162,-0.522981,102,-0.851218,0.654328,-0.771713,,5,-0.93623,-0.937977,-0.685947,-0.152053,0.377459,0.894306,0.715461,0.0882564,0.654328,1.10019,2.36718,3.03233,3.69697,3.1976,-0.577914,-0.771713,-0.58461,-0.193223,0.374066,0.814485,0.693606,1,1386
vol_proxy,w_unemp_d4,labour_market,3,0.932109,0.353548,0.168184,0.645755,102,0.875835,-0.913415,0.80959,,4,-0.000882006,0.493893,0.662022,0.932109,0.699729,0.0203777,-0.703268,-0.397909,-0.90962,-1.08289,-0.913415,-1.81499,-1.4484,-0.715879,-0.285674,0.336099,0.513852,0.80959,0.54909,-0.0278662,-0.707222,1,1386
vol_proxy,w_fx_vs_eur_dyoy,fx,0,-0.919403,0.36012,-0.160708,-0.532101,102,-0.839615,-0.311284,-0.851058,,3,-0.919403,-0.665922,-0.552721,0.0297842,0.413552,0.33606,0.372812,-0.311284,0.108185,0.360961,0.681831,0.20169,-0.531309,-0.618343,-0.851058,-0.642979,-0.611062,-0.319839,0.297449,0.522153,0.294959,1,1386
vol_proxy,w_fx_vs_usd_yoy,fx,6,0.887778,0.376812,0.11134,0.347658,102,0.84147,0.241394,0.913296,,2,0.099117,0.114084,0.193468,0.0299658,0.101633,0.341579,0.887778,0.907662,1.50095,1.90718,1.30776,0.92817,0.209674,0.241394,0.236622,0.223118,0.294852,0.150607,0.163851,0.361189,0.913296,1,1386
vol_proxy,glob_fao_cereals_idx__yoy,commodities,4,-0.866394,0.388369,-0.130763,-0.41473,102,-0.818743,-0.609405,-0.732153,,2,0.576169,-0.305227,-0.753155,-0.800976,-0.866394,-0.6363,-0.75129,-0.135319,-0.737305,-1.05107,-0.90244,-0.609405,-0.093754,-0.0313368,0.665542,-0.0735776,-0.518206,-0.626365,-0.732153,-0.581404,-0.695258,1,1386
vol_proxy,no_fn_cci_sa__lvl,consumer_survey,4,-0.85072,0.396978,-0.113162,-0.292948,102,-0.813735,-0.824337,-0.884886,,0,0.298916,0.407736,0.157345,-0.461812,-0.85072,-0.711013,-0.244617,-1.98704,-1.54282,-1.36544,-1.26331,-0.824337,-0.325755,0.0210687,0.203438,0.277628,0.0345134,-0.464392,-0.884886,-0.782174,-0.285705,1,1386
vol_proxy,w_policy_rate_d4,rates,1,-0.796961,0.427381,-0.0733311,-0.384436,102,-0.746276,0.550147,-0.923885,,3,-0.778239,-0.796961,-0.451333,0.0514604,0.318817,0.329217,0.0174433,0.625446,0.550147,0.934702,1.38785,1.30025,0.960239,0.134245,-0.896937,-0.923885,-0.555328,-0.117241,0.215362,0.416082,-0.0194536,1,1386
vol_proxy,no_cpi_total_idx__dyoy,consumer_prices,3,-0.724023,0.470759,-0.0862559,-0.292934,102,-0.687178,0.0662429,-0.690484,,5,-0.535251,-0.714058,-0.561624,-0.724023,-0.493645,-0.128315,-0.449354,-0.542263,-0.328063,-0.297345,0.0662429,0.658948,1.55072,1.11975,-0.12086,-0.555354,-0.470009,-0.690484,-0.497064,-0.134211,-0.400804,1,1386
vol_proxy,se_eursek__yoy,fx,0,-0.710487,0.479073,-0.113235,-0.356888,102,-0.669071,0.200688,-0.660152,,2,-0.710487,-0.233181,0.0358444,0.191852,0.255632,0.0965988,0.473996,0.200688,0.96052,1.6139,1.20129,0.742848,0.0840138,0.00332737,-0.660152,-0.222161,-0.0985251,0.0906034,0.181047,0.171855,0.408512,1,1386
vol_proxy,w_hh_saving_lvl,wages_income,4,0.625884,0.532832,0.0794893,0.269817,102,0.600612,0.751746,0.862266,,0,0.533843,0.171566,0.279922,0.607425,0.625884,0.3743,0.0105848,0.960404,0.42322,0.390363,0.747166,0.751746,0.957766,0.863824,0.785459,0.398686,0.588469,0.786167,0.862266,0.559617,0.119776,1,1386
