target,h,variant,primary,method,feature,n_origins,n_selected,sel_freq,share_positive,mean_coef_std,first_selected,last_selected,sel_freq_2010_14,sel_freq_2015_19,sel_freq_2020_26,avg_n_selected_per_origin
d_margin,0,ar,True,enet,w_unemp_d4,66,36,0.5455,1,0.1439,2010Q1,2025Q1,0.55,0.55,0.5385,9.076
d_margin,0,ar,True,enet,no_govbond_10y__d4,66,25,0.3788,0,-0.1225,2010Q1,2025Q1,0.3,0.25,0.5385,9.076
d_margin,0,ar,True,enet,w_wage_yoy,66,20,0.303,0,-0.07862,2012Q2,2024Q4,0.05,0.3,0.5,9.076
d_margin,0,ar,True,enet,w_real_wage_yoy,66,17,0.2576,0,-0.06264,2010Q4,2022Q2,0.2,0.5,0.1154,9.076
d_margin,0,ar,True,enet,eu_ppi_plastic_products_idx__yoy,66,15,0.2273,0,-0.05823,2011Q2,2025Q1,0.2,0,0.4231,9.076
d_margin,0,ar,True,enet,glob_fao_sugar_idx__dyoy,66,12,0.1818,0.8333,0.08239,2010Q1,2017Q3,0.55,0.05,0,9.076
d_margin,0,ar,True,enet,no_ssb_bts_consgoods_home_price_exp__d4,66,12,0.1818,0.5,0.04088,2013Q3,2025Q1,0.05,0.25,0.2308,9.076
d_margin,0,ar,True,enet,packaging_eu_yoy,66,12,0.1818,0,-0.04459,2010Q1,2025Q1,0.25,0,0.2692,9.076
d_margin,0,ar,True,enet,no_real_wage_qna_yoy_q__lvl,66,11,0.1667,0,-0.0969,2010Q1,2013Q3,0.55,0,0,9.076
d_margin,0,ar,True,enet,us_ppi_corrugated_boxes_idx__yoy,66,11,0.1667,0,-0.03046,2013Q3,2025Q1,0.05,0.2,0.2308,9.076
d_margin,0,ar,True,enet,w_gov10y_d4,66,11,0.1667,0,-0.03544,2012Q4,2025Q1,0.1,0,0.3462,9.076
d_margin,0,ar,True,enet,packaging_eu_dyoy,66,10,0.1515,0,-0.048,2016Q4,2023Q4,0,0.1,0.3077,9.076
d_margin,0,ar,True,enet,w_policy_rate_lvl,66,10,0.1515,0,-0.06314,2010Q1,2012Q4,0.5,0,0,9.076
d_margin,0,ar,True,enet,glob_gscpi__d4,66,9,0.1364,1,0.3065,2011Q2,2017Q3,0.2,0.25,0,9.076
d_margin,0,ar,True,enet,glob_gscpi__lvl,66,9,0.1364,1,0.09761,2011Q2,2017Q3,0.2,0.25,0,9.076
d_margin,0,ar,True,enet,w_hh_saving_d4,66,9,0.1364,0,-0.1407,2011Q2,2017Q3,0.2,0.25,0,9.076
d_margin,0,ar,True,enet,eu_ppi_dom_c106_idx__dyoy,66,8,0.1212,0,-0.3853,2013Q3,2024Q4,0.05,0.25,0.07692,9.076
d_margin,0,ar,True,enet,eu_ppi_paper_packaging_idx__dyoy,66,8,0.1212,0,-0.08232,2022Q1,2023Q4,0,0,0.3077,9.076
d_margin,0,ar,True,enet,no_imp_price_food_idx__yoy,66,8,0.1212,1,0.2719,2011Q2,2017Q3,0.15,0.25,0,9.076
d_margin,0,ar,True,enet,no_ssb_bts_consgoods_home_price_exp__lvl,66,8,0.1212,0.5,-0.008103,2016Q2,2024Q2,0,0.2,0.1538,9.076
d_margin,0,ar,True,enet,se_retail_grocery_vol_sa_idx__dyoy,66,8,0.1212,1,0.2888,2011Q2,2017Q3,0.15,0.25,0,9.076
d_margin,0,ar,True,enet,brent_nok_yoy,66,7,0.1061,1,0.09358,2012Q4,2017Q3,0.1,0.25,0,9.076
d_margin,0,ar,True,enet,ea_ec_food_ind_sell_price_exp__lvl,66,7,0.1061,1,0.2498,2012Q4,2017Q3,0.1,0.25,0,9.076
d_margin,0,ar,True,enet,eu_agri_basket_wloc_yoy,66,7,0.1061,0,-0.181,2012Q4,2017Q3,0.1,0.25,0,9.076
d_margin,0,ar,True,enet,glob_fao_sugar_idx__yoy,66,7,0.1061,0.2857,-0.06808,2011Q1,2017Q3,0.1,0.25,0,9.076
d_margin,0,ar,True,enet,no_qna_hh_food_cons_sa_mnok__dyoy,66,7,0.1061,0.4286,0.0204,2012Q2,2017Q1,0.15,0.2,0,9.076
d_margin,0,ar,True,enet,se_ec_cons_conf__lvl,66,7,0.1061,0,-0.229,2012Q4,2017Q3,0.1,0.25,0,9.076
d_margin,0,ar,True,enet,se_na_hhcons_food_sa__yoy,66,7,0.1061,0,-0.3207,2012Q4,2017Q3,0.1,0.25,0,9.076
d_margin,0,ar,True,enet,se_nier_food_mfg_sell_price_exp__d4,66,7,0.1061,1,0.2194,2012Q4,2017Q3,0.1,0.25,0,9.076
d_margin,0,ar,True,enet,se_wage_idx_m__yoy,66,7,0.1061,1,0.2283,2012Q4,2017Q3,0.1,0.25,0,9.076
d_margin,0,ar,True,enet,w_real_wage_dyoy,66,7,0.1061,0,-0.2777,2010Q2,2017Q3,0.1,0.25,0,9.076
d_margin,0,ar,True,enet,elec_nordic_loc_yoy,66,6,0.09091,0.1667,-0.01043,2012Q4,2017Q3,0.05,0.25,0,9.076
d_margin,0,ar,True,enet,eu_agri_basket_wloc_dyoy,66,6,0.09091,0,-0.1054,2012Q4,2017Q1,0.1,0.2,0,9.076
d_margin,0,ar,True,enet,eu_ppi_paper_packaging_idx__yoy,66,6,0.09091,0,-0.05911,2010Q1,2023Q1,0.25,0,0.03846,9.076
d_margin,0,ar,True,enet,glob_fao_dairy_idx__yoy,66,6,0.09091,0,-0.01157,2013Q3,2024Q1,0.05,0,0.1923,9.076
d_margin,0,ar,True,enet,glob_fao_ffpi_nok__yoy,66,6,0.09091,0,-0.1002,2013Q3,2017Q3,0.05,0.25,0,9.076
d_margin,0,ar,True,enet,glob_wb_food_idx__dyoy,66,6,0.09091,0,-0.01993,2012Q4,2017Q1,0.1,0.2,0,9.076
d_margin,0,ar,True,enet,glob_wb_food_idx_nok__yoy,66,6,0.09091,0,-0.0963,2013Q3,2017Q3,0.05,0.25,0,9.076
d_margin,0,ar,True,enet,no_cpi_total_idx__dyoy,66,6,0.09091,0,-0.1263,2012Q4,2017Q1,0.1,0.2,0,9.076
d_margin,0,ar,True,enet,no_cpi_total_idx__yoy,66,6,0.09091,0.1667,-0.08551,2012Q4,2017Q3,0.05,0.25,0,9.076
d_margin,0,ar,True,enet,no_earn_idx_food_manuf_q__dyoy,66,6,0.09091,1,0.1131,2012Q4,2017Q3,0.05,0.25,0,9.076
d_margin,0,ar,True,enet,no_ppi_food_dom_idx__dyoy,66,6,0.09091,0,-0.1398,2013Q3,2023Q3,0.05,0.2,0.03846,9.076
d_margin,0,ar,True,enet,no_qna_hh_food_cons_sa_mnok__yoy,66,6,0.09091,0.1667,-0.02974,2016Q2,2024Q1,0,0.25,0.03846,9.076
d_margin,0,ar,True,enet,nw_real_wage_dyoy,66,6,0.09091,0,-0.1042,2013Q3,2017Q3,0.05,0.25,0,9.076
d_margin,0,ar,True,enet,price_cost_gap_ppi_d4,66,6,0.09091,0.8333,0.05999,2011Q2,2017Q3,0.05,0.25,0,9.076
d_margin,0,ar,True,enet,se_wage_idx_m__dyoy,66,6,0.09091,1,0.2741,2013Q3,2017Q3,0.05,0.25,0,9.076
d_margin,0,ar,True,enet,us_ppi_corrugated_boxes_idx__dyoy,66,6,0.09091,0,-0.1432,2013Q3,2017Q3,0.05,0.25,0,9.076
d_margin,0,ar,True,enet,w_ec_food_ind_sell_price_exp_lvl,66,6,0.09091,1,0.09129,2012Q4,2017Q1,0.1,0.2,0,9.076
d_margin,0,ar,True,enet,w_gdp_vol_dyoy,66,6,0.09091,1,0.2194,2013Q3,2017Q3,0.05,0.25,0,9.076
d_margin,0,ar,True,enet,w_wage_dyoy,66,6,0.09091,0,-0.03839,2010Q1,2024Q4,0.15,0,0.1154,9.076
d_margin,0,ar,True,enet,eu_ppi_dom_c107_idx__dyoy,66,5,0.07576,1,0.06359,2016Q2,2017Q3,0,0.25,0,9.076
d_margin,0,ar,True,enet,eu_ppi_dom_c107_idx__yoy,66,5,0.07576,1,0.1439,2016Q2,2017Q3,0,0.25,0,9.076
d_margin,0,ar,True,enet,eu_ppi_plastic_products_idx__dyoy,66,5,0.07576,0,-0.0934,2016Q2,2017Q3,0,0.25,0,9.076
d_margin,0,ar,True,enet,nw_food_cpi_dyoy,66,5,0.07576,1,0.07862,2016Q2,2017Q3,0,0.25,0,9.076
d_margin,0,ar,True,enet,price_cost_gap_fao_nok,66,5,0.07576,0,-0.09317,2016Q2,2017Q3,0,0.25,0,9.076
d_margin,0,ar,True,enet,price_cost_gap_fao_wloc,66,5,0.07576,0,-0.1085,2013Q3,2017Q1,0.05,0.2,0,9.076
d_margin,0,ar,True,enet,se_policy_rate__d4,66,5,0.07576,0,-0.04689,2010Q1,2012Q2,0.25,0,0,9.076
d_margin,0,ar,True,enet,se_policy_rate__lvl,66,5,0.07576,0,-0.02626,2011Q3,2012Q4,0.25,0,0,9.076
d_margin,0,ar,True,enet,w_cpi_dyoy,66,5,0.07576,1,0.0945,2016Q2,2017Q3,0,0.25,0,9.076
d_margin,0,ar,True,enet,w_unemp_lvl,66,5,0.07576,1,0.5421,2016Q2,2017Q3,0,0.25,0,9.076
d_margin,0,ar,True,enet,glob_fao_cereals_idx__dyoy,66,4,0.06061,0,-0.01379,2016Q2,2017Q3,0,0.2,0,9.076
d_margin,0,ar,True,enet,no_imp_price_food_idx__dyoy,66,4,0.06061,1,0.0825,2012Q4,2017Q3,0.1,0.1,0,9.076
d_margin,0,ar,True,enet,no_nbes_bl_sell_price_di__lvl,66,4,0.06061,0.25,-0.00909,2011Q2,2022Q2,0.1,0.05,0.03846,9.076
d_margin,0,ar,True,enet,no_policy_rate__lvl,66,4,0.06061,0,-0.1545,2011Q2,2012Q4,0.2,0,0,9.076
d_margin,0,ar,True,enet,no_ppi_food_dom_idx__yoy,66,4,0.06061,0,-0.1476,2012Q4,2023Q1,0.1,0,0.07692,9.076
d_margin,0,ar,True,enet,se_cpi_idx__dyoy,66,4,0.06061,0,-0.005647,2023Q1,2024Q4,0,0,0.1538,9.076
d_margin,0,ar,True,enet,w_cpi_yoy,66,4,0.06061,1,0.07758,2016Q2,2017Q1,0,0.2,0,9.076
d_margin,0,ar,True,enet,elec_nordic_loc_dyoy,66,3,0.04545,0.6667,0.01689,2012Q4,2017Q3,0.1,0.05,0,9.076
d_margin,0,ar,True,enet,glob_fao_meat_idx__dyoy,66,3,0.04545,0,-0.06781,2016Q2,2016Q4,0,0.15,0,9.076
d_margin,0,ar,True,enet,packaging_us_yoy,66,3,0.04545,0,-0.07208,2012Q4,2017Q3,0.1,0.05,0,9.076
d_margin,0,ar,True,enet,w_food_cpi_xvat_dyoy,66,3,0.04545,0,-0.027,2012Q2,2023Q1,0.1,0,0.03846,9.076
d_margin,0,ar,True,enet,ea_negotiated_wages_yoy_q__d4,66,2,0.0303,1,0.08115,2012Q4,2013Q3,0.1,0,0,9.076
d_margin,0,ar,True,enet,glob_wb_food_idx_nok__dyoy,66,2,0.0303,0,-0.04882,2012Q4,2017Q3,0.05,0.05,0,9.076
d_margin,0,ar,True,enet,no_fx_eurnok__yoy,66,2,0.0303,0,-0.05534,2013Q3,2017Q1,0.05,0.05,0,9.076
d_margin,0,ar,True,enet,no_retail_foodstores_vol_sa_idx__dyoy,66,2,0.0303,0,-0.06337,2017Q1,2017Q3,0,0.1,0,9.076
d_margin,0,ar,True,enet,nw_food_cpi_yoy,66,2,0.0303,0,-0.01536,2012Q4,2013Q3,0.1,0,0,9.076
d_margin,0,ar,True,enet,nw_price_cost_gap_ppi,66,2,0.0303,1,0.1342,2013Q3,2017Q3,0.05,0.05,0,9.076
d_margin,0,ar,True,enet,nw_real_wage_yoy,66,2,0.0303,0,-0.001947,2011Q2,2012Q2,0.1,0,0,9.076
d_margin,0,ar,True,enet,se_gov_bond_10y__d4,66,2,0.0303,0,-0.1887,2012Q4,2013Q3,0.1,0,0,9.076
d_margin,0,ar,True,enet,w_ec_cons_price_exp_d4,66,2,0.0303,1,0.03362,2017Q1,2017Q3,0,0.1,0,9.076
d_margin,0,ar,True,enet,w_fx_vs_nok_yoy,66,2,0.0303,1,0.1082,2013Q3,2017Q3,0.05,0.05,0,9.076
d_margin,0,ar,True,enet,w_retail_total_vol_dyoy,66,2,0.0303,1,0.00653,2022Q4,2023Q2,0,0,0.07692,9.076
d_margin,0,ar,True,enet,eu_ppi_dom_c103_idx__dyoy,66,1,0.01515,0,-0.002876,2024Q3,2024Q3,0,0,0.03846,9.076
d_margin,0,ar,True,enet,fao_ffpi_sek_yoy,66,1,0.01515,0,-0.001248,2016Q2,2016Q2,0,0.05,0,9.076
d_margin,0,ar,True,enet,glob_fao_cereals_idx__yoy,66,1,0.01515,0,-0.001049,2017Q1,2017Q1,0,0.05,0,9.076
d_margin,0,ar,True,enet,glob_fao_dairy_idx__dyoy,66,1,0.01515,0,-0.1063,2012Q4,2012Q4,0.05,0,0,9.076
d_margin,0,ar,True,enet,glob_fao_ffpi_nok__dyoy,66,1,0.01515,0,-0.01624,2017Q3,2017Q3,0,0.05,0,9.076
d_margin,0,ar,True,enet,glob_fao_meat_idx__yoy,66,1,0.01515,1,0.003483,2012Q4,2012Q4,0.05,0,0,9.076
d_margin,0,ar,True,enet,glob_fao_vegoils_idx__dyoy,66,1,0.01515,0,-0.06901,2012Q4,2012Q4,0.05,0,0,9.076
d_margin,0,ar,True,enet,glob_wb_food_idx__yoy,66,1,0.01515,0,-0.06898,2017Q1,2017Q1,0,0.05,0,9.076
d_margin,0,ar,True,enet,no_cpi_food_idx__dyoy,66,1,0.01515,1,0.1196,2017Q3,2017Q3,0,0.05,0,9.076
d_margin,0,ar,True,enet,no_cpi_food_idx__yoy,66,1,0.01515,0,-0.2769,2013Q3,2013Q3,0.05,0,0,9.076
d_margin,0,ar,True,enet,no_earn_idx_food_manuf_q__yoy,66,1,0.01515,1,0.1699,2012Q4,2012Q4,0.05,0,0,9.076
d_margin,0,ar,True,enet,no_jordbruk_malpris_mnok__d4,66,1,0.01515,0,-0.1274,2012Q4,2012Q4,0.05,0,0,9.076
d_margin,0,ar,True,enet,no_nbes_bl_sell_price_di__d4,66,1,0.01515,1,0.02716,2017Q3,2017Q3,0,0.05,0,9.076
d_margin,0,ar,True,enet,no_vat_food_rate__lvl,66,1,0.01515,1,0.0002404,2017Q3,2017Q3,0,0.05,0,9.076
d_margin,0,ar,True,enet,nw_food_cpi_xvat_dyoy,66,1,0.01515,0,-0.02766,2013Q3,2013Q3,0.05,0,0,9.076
d_margin,0,ar,True,enet,nw_food_cpi_xvat_yoy,66,1,0.01515,0,-0.04962,2013Q3,2013Q3,0.05,0,0,9.076
d_margin,0,ar,True,enet,nw_food_ppi_dyoy,66,1,0.01515,0,-0.008112,2013Q3,2013Q3,0.05,0,0,9.076
d_margin,0,ar,True,enet,nw_price_cost_gap_ppi_d4,66,1,0.01515,1,0.05861,2017Q3,2017Q3,0,0.05,0,9.076
d_margin,0,ar,True,enet,nw_retail_food_vol_dyoy,66,1,0.01515,1,0.08096,2012Q4,2012Q4,0.05,0,0,9.076
d_margin,0,ar,True,enet,se_nier_food_mfg_sell_price_exp__lvl,66,1,0.01515,1,0.04251,2013Q3,2013Q3,0.05,0,0,9.076
d_margin,0,ar,True,enet,se_ppi_food_hmpi_idx__yoy,66,1,0.01515,0,-0.03335,2017Q3,2017Q3,0,0.05,0,9.076
d_margin,0,ar,True,enet,se_real_wage_yoy_q__lvl,66,1,0.01515,1,0.0907,2013Q3,2013Q3,0.05,0,0,9.076
d_margin,0,ar,True,enet,us_ppi_plastic_resins_idx__yoy,66,1,0.01515,0,-0.004969,2012Q4,2012Q4,0.05,0,0,9.076
d_margin,0,ar,True,enet,w_cons_conf_z,66,1,0.01515,0,-0.03954,2017Q3,2017Q3,0,0.05,0,9.076
d_margin,0,ar,True,enet,w_ec_cons_price_exp_lvl,66,1,0.01515,0,-0.4095,2013Q3,2013Q3,0.05,0,0,9.076
d_margin,0,ar,True,enet,w_food_cpi_rel_dyoy,66,1,0.01515,0,-0.06806,2013Q3,2013Q3,0.05,0,0,9.076
d_margin,0,ar,True,enet,w_food_ppi_dyoy,66,1,0.01515,0,-0.01038,2023Q1,2023Q1,0,0,0.03846,9.076
d_margin,0,ar,True,enet,w_fx_vs_eur_yoy,66,1,0.01515,0,-0.007891,2016Q4,2016Q4,0,0.05,0,9.076
d_margin,0,ar,True,enet,w_fx_vs_nok_dyoy,66,1,0.01515,1,0.0435,2013Q3,2013Q3,0.05,0,0,9.076
d_margin,0,ar,True,enet,w_fx_vs_usd_dyoy,66,1,0.01515,1,0.008824,2017Q1,2017Q1,0,0.05,0,9.076
d_margin,0,ar,True,enet,w_policy_rate_d4,66,1,0.01515,0,-0.001542,2019Q2,2019Q2,0,0.05,0,9.076
d_margin,0,ar,True,enet,w_retail_food_vol_yoy,66,1,0.01515,1,0.09817,2013Q3,2013Q3,0.05,0,0,9.076
d_margin,0,ar,True,enet,w_retail_total_vol_yoy,66,1,0.01515,0,-0.2045,2017Q3,2017Q3,0,0.05,0,9.076
d_margin,0,ar,True,enet,wb_food_sek_yoy,66,1,0.01515,0,-0.09701,2012Q4,2012Q4,0.05,0,0,9.076
d_margin,0,ar,True,lasso,w_unemp_d4,66,34,0.5152,1,0.1634,2010Q1,2025Q1,0.5,0.5,0.5385,6.515
d_margin,0,ar,True,lasso,no_govbond_10y__d4,66,24,0.3636,0.04167,-0.1451,2011Q2,2025Q1,0.2,0.3,0.5385,6.515
d_margin,0,ar,True,lasso,w_wage_yoy,66,16,0.2424,0,-0.1121,2017Q2,2024Q2,0,0.25,0.4231,6.515
d_margin,0,ar,True,lasso,w_real_wage_yoy,66,14,0.2121,0,-0.05756,2011Q2,2022Q2,0.1,0.45,0.1154,6.515
d_margin,0,ar,True,lasso,eu_ppi_plastic_products_idx__yoy,66,12,0.1818,0,-0.06732,2011Q2,2025Q1,0.15,0,0.3462,6.515
d_margin,0,ar,True,lasso,glob_fao_sugar_idx__dyoy,66,10,0.1515,0.9,0.09124,2010Q1,2017Q3,0.45,0.05,0,6.515
d_margin,0,ar,True,lasso,no_real_wage_qna_yoy_q__lvl,66,10,0.1515,0,-0.1109,2010Q1,2013Q3,0.5,0,0,6.515
d_margin,0,ar,True,lasso,glob_gscpi__lvl,66,9,0.1364,1,0.09915,2011Q2,2017Q3,0.2,0.25,0,6.515
d_margin,0,ar,True,lasso,no_imp_price_food_idx__yoy,66,9,0.1364,1,0.2301,2011Q2,2017Q3,0.2,0.25,0,6.515
d_margin,0,ar,True,lasso,no_ssb_bts_consgoods_home_price_exp__d4,66,9,0.1364,0.6667,0.07955,2012Q2,2024Q2,0.1,0.25,0.07692,6.515
d_margin,0,ar,True,lasso,se_retail_grocery_vol_sa_idx__dyoy,66,9,0.1364,1,0.2806,2011Q2,2017Q3,0.2,0.25,0,6.515
d_margin,0,ar,True,lasso,glob_gscpi__d4,66,8,0.1212,1,0.3613,2011Q2,2017Q3,0.15,0.25,0,6.515
d_margin,0,ar,True,lasso,w_hh_saving_d4,66,8,0.1212,0,-0.1595,2012Q2,2017Q3,0.15,0.25,0,6.515
d_margin,0,ar,True,lasso,ea_ec_food_ind_sell_price_exp__lvl,66,7,0.1061,1,0.2787,2012Q4,2017Q3,0.1,0.25,0,6.515
d_margin,0,ar,True,lasso,se_ec_cons_conf__lvl,66,7,0.1061,0,-0.2495,2012Q4,2017Q3,0.1,0.25,0,6.515
d_margin,0,ar,True,lasso,se_nier_food_mfg_sell_price_exp__d4,66,7,0.1061,1,0.2133,2012Q4,2017Q3,0.1,0.25,0,6.515
d_margin,0,ar,True,lasso,se_wage_idx_m__dyoy,66,7,0.1061,1,0.2536,2012Q4,2017Q3,0.1,0.25,0,6.515
d_margin,0,ar,True,lasso,se_wage_idx_m__yoy,66,7,0.1061,1,0.2231,2012Q4,2017Q3,0.1,0.25,0,6.515
d_margin,0,ar,True,lasso,eu_agri_basket_wloc_yoy,66,6,0.09091,0,-0.2116,2013Q3,2017Q3,0.05,0.25,0,6.515
d_margin,0,ar,True,lasso,eu_ppi_dom_c106_idx__dyoy,66,6,0.09091,0,-0.6798,2013Q3,2017Q3,0.05,0.25,0,6.515
d_margin,0,ar,True,lasso,glob_fao_sugar_idx__yoy,66,6,0.09091,0.1667,-0.09347,2011Q4,2017Q3,0.05,0.25,0,6.515
d_margin,0,ar,True,lasso,glob_wb_food_idx_nok__yoy,66,6,0.09091,0,-0.1154,2013Q3,2017Q3,0.05,0.25,0,6.515
d_margin,0,ar,True,lasso,no_cpi_total_idx__dyoy,66,6,0.09091,0,-0.1224,2012Q4,2017Q1,0.1,0.2,0,6.515
d_margin,0,ar,True,lasso,no_cpi_total_idx__yoy,66,6,0.09091,0.1667,-0.05741,2012Q4,2017Q3,0.05,0.25,0,6.515
d_margin,0,ar,True,lasso,no_qna_hh_food_cons_sa_mnok__dyoy,66,6,0.09091,0.5,0.02632,2012Q2,2016Q4,0.15,0.15,0,6.515
d_margin,0,ar,True,lasso,se_na_hhcons_food_sa__yoy,66,6,0.09091,0,-0.3628,2013Q3,2017Q3,0.05,0.25,0,6.515
d_margin,0,ar,True,lasso,us_ppi_corrugated_boxes_idx__dyoy,66,6,0.09091,0,-0.1449,2013Q3,2017Q3,0.05,0.25,0,6.515
d_margin,0,ar,True,lasso,w_gdp_vol_dyoy,66,6,0.09091,1,0.2088,2013Q3,2017Q3,0.05,0.25,0,6.515
d_margin,0,ar,True,lasso,w_policy_rate_lvl,66,6,0.09091,0,-0.04117,2010Q2,2012Q4,0.3,0,0,6.515
d_margin,0,ar,True,lasso,w_real_wage_dyoy,66,6,0.09091,0,-0.4507,2013Q3,2017Q3,0.05,0.25,0,6.515
d_margin,0,ar,True,lasso,brent_nok_yoy,66,5,0.07576,1,0.05226,2013Q3,2017Q3,0.05,0.2,0,6.515
d_margin,0,ar,True,lasso,eu_agri_basket_wloc_dyoy,66,5,0.07576,0,-0.1066,2012Q4,2017Q1,0.05,0.2,0,6.515
d_margin,0,ar,True,lasso,eu_ppi_dom_c107_idx__yoy,66,5,0.07576,1,0.3538,2016Q2,2017Q3,0,0.25,0,6.515
d_margin,0,ar,True,lasso,eu_ppi_paper_packaging_idx__dyoy,66,5,0.07576,0,-0.1665,2022Q4,2023Q4,0,0,0.1923,6.515
d_margin,0,ar,True,lasso,eu_ppi_plastic_products_idx__dyoy,66,5,0.07576,0,-0.1286,2016Q2,2017Q3,0,0.25,0,6.515
d_margin,0,ar,True,lasso,no_earn_idx_food_manuf_q__dyoy,66,5,0.07576,1,0.1379,2016Q2,2017Q3,0,0.25,0,6.515
d_margin,0,ar,True,lasso,packaging_eu_dyoy,66,5,0.07576,0,-0.07415,2022Q1,2023Q3,0,0,0.1923,6.515
d_margin,0,ar,True,lasso,price_cost_gap_fao_wloc,66,5,0.07576,0,-0.1213,2013Q3,2017Q1,0.05,0.2,0,6.515
d_margin,0,ar,True,lasso,w_cpi_dyoy,66,5,0.07576,1,0.09165,2016Q2,2017Q3,0,0.25,0,6.515
d_margin,0,ar,True,lasso,w_unemp_lvl,66,5,0.07576,1,0.6681,2016Q2,2017Q3,0,0.25,0,6.515
d_margin,0,ar,True,lasso,eu_ppi_paper_packaging_idx__yoy,66,4,0.06061,0,-0.08045,2010Q1,2010Q4,0.2,0,0,6.515
d_margin,0,ar,True,lasso,glob_fao_meat_idx__dyoy,66,4,0.06061,0,-0.04821,2012Q2,2016Q4,0.05,0.15,0,6.515
d_margin,0,ar,True,lasso,no_nbes_bl_sell_price_di__d4,66,4,0.06061,1,0.01811,2016Q2,2017Q3,0,0.2,0,6.515
d_margin,0,ar,True,lasso,no_ppi_food_dom_idx__dyoy,66,4,0.06061,0,-0.1874,2016Q2,2017Q1,0,0.2,0,6.515
d_margin,0,ar,True,lasso,nw_food_cpi_dyoy,66,4,0.06061,1,0.03458,2016Q2,2017Q1,0,0.2,0,6.515
d_margin,0,ar,True,lasso,packaging_eu_yoy,66,4,0.06061,0,-0.07337,2010Q1,2023Q1,0.15,0,0.03846,6.515
d_margin,0,ar,True,lasso,w_cpi_yoy,66,4,0.06061,1,0.04714,2016Q2,2017Q1,0,0.2,0,6.515
d_margin,0,ar,True,lasso,elec_nordic_loc_yoy,66,3,0.04545,0.6667,0.05359,2012Q2,2017Q3,0.1,0.05,0,6.515
d_margin,0,ar,True,lasso,glob_fao_ffpi_nok__yoy,66,3,0.04545,0,-0.03835,2016Q2,2016Q4,0,0.15,0,6.515
d_margin,0,ar,True,lasso,no_policy_rate__lvl,66,3,0.04545,0,-0.3086,2011Q2,2012Q4,0.15,0,0,6.515
d_margin,0,ar,True,lasso,no_ppi_food_dom_idx__yoy,66,3,0.04545,0,-0.2402,2012Q4,2022Q4,0.1,0,0.03846,6.515
d_margin,0,ar,True,lasso,no_ssb_bts_consgoods_home_price_exp__lvl,66,3,0.04545,0,-0.05475,2023Q4,2024Q2,0,0,0.1154,6.515
d_margin,0,ar,True,lasso,packaging_us_yoy,66,3,0.04545,0,-0.1192,2012Q4,2017Q3,0.1,0.05,0,6.515
d_margin,0,ar,True,lasso,us_ppi_corrugated_boxes_idx__yoy,66,3,0.04545,0,-0.005757,2024Q3,2025Q1,0,0,0.1154,6.515
d_margin,0,ar,True,lasso,w_ec_cons_price_exp_d4,66,3,0.04545,1,0.05461,2016Q3,2017Q1,0,0.15,0,6.515
d_margin,0,ar,True,lasso,glob_fao_dairy_idx__dyoy,66,2,0.0303,0,-0.02832,2012Q4,2024Q2,0.05,0,0.03846,6.515
d_margin,0,ar,True,lasso,glob_fao_dairy_idx__yoy,66,2,0.0303,0,-0.007786,2012Q2,2022Q4,0.05,0,0.03846,6.515
d_margin,0,ar,True,lasso,glob_wb_food_idx_nok__dyoy,66,2,0.0303,0,-0.08259,2012Q4,2017Q3,0.05,0.05,0,6.515
d_margin,0,ar,True,lasso,no_imp_price_food_idx__dyoy,66,2,0.0303,1,0.02871,2012Q4,2013Q3,0.1,0,0,6.515
d_margin,0,ar,True,lasso,no_jordbruk_malpris_mnok__d4,66,2,0.0303,0.5,-0.05998,2012Q4,2017Q3,0.05,0.05,0,6.515
d_margin,0,ar,True,lasso,no_nbes_bl_sell_price_di__lvl,66,2,0.0303,0.5,0.02254,2011Q2,2017Q3,0.05,0.05,0,6.515
d_margin,0,ar,True,lasso,no_qna_hh_food_cons_sa_mnok__yoy,66,2,0.0303,0,-0.04452,2017Q1,2017Q3,0,0.1,0,6.515
d_margin,0,ar,True,lasso,no_retail_foodstores_vol_sa_idx__dyoy,66,2,0.0303,0,-0.0851,2017Q1,2017Q3,0,0.1,0,6.515
d_margin,0,ar,True,lasso,nw_price_cost_gap_ppi,66,2,0.0303,1,0.1425,2013Q3,2017Q3,0.05,0.05,0,6.515
d_margin,0,ar,True,lasso,se_gov_bond_10y__d4,66,2,0.0303,0,-0.243,2012Q4,2013Q3,0.1,0,0,6.515
d_margin,0,ar,True,lasso,w_ec_food_ind_sell_price_exp_lvl,66,2,0.0303,1,0.2406,2012Q4,2013Q3,0.1,0,0,6.515
d_margin,0,ar,True,lasso,w_food_cpi_xvat_dyoy,66,2,0.0303,0,-0.0619,2013Q3,2023Q1,0.05,0,0.03846,6.515
d_margin,0,ar,True,lasso,w_fx_vs_nok_yoy,66,2,0.0303,1,0.1082,2013Q3,2017Q3,0.05,0.05,0,6.515
d_margin,0,ar,True,lasso,w_retail_total_vol_dyoy,66,2,0.0303,1,0.01169,2022Q4,2023Q2,0,0,0.07692,6.515
d_margin,0,ar,True,lasso,w_wage_dyoy,66,2,0.0303,0,-0.0785,2010Q1,2012Q4,0.1,0,0,6.515
d_margin,0,ar,True,lasso,ea_negotiated_wages_yoy_q__d4,66,1,0.01515,1,0.0707,2012Q4,2012Q4,0.05,0,0,6.515
d_margin,0,ar,True,lasso,elec_nordic_loc_dyoy,66,1,0.01515,0,-0.03579,2013Q3,2013Q3,0.05,0,0,6.515
d_margin,0,ar,True,lasso,glob_fao_cereals_idx__dyoy,66,1,0.01515,0,-0.02013,2017Q3,2017Q3,0,0.05,0,6.515
d_margin,0,ar,True,lasso,glob_fao_vegoils_idx__dyoy,66,1,0.01515,0,-0.03247,2012Q4,2012Q4,0.05,0,0,6.515
d_margin,0,ar,True,lasso,glob_wb_food_idx__dyoy,66,1,0.01515,0,-0.07538,2013Q3,2013Q3,0.05,0,0,6.515
d_margin,0,ar,True,lasso,no_cpi_food_idx__dyoy,66,1,0.01515,1,0.1474,2017Q3,2017Q3,0,0.05,0,6.515
d_margin,0,ar,True,lasso,no_cpi_food_idx__yoy,66,1,0.01515,0,-0.4451,2013Q3,2013Q3,0.05,0,0,6.515
d_margin,0,ar,True,lasso,no_earn_idx_food_manuf_q__yoy,66,1,0.01515,1,0.2111,2012Q4,2012Q4,0.05,0,0,6.515
d_margin,0,ar,True,lasso,no_fx_eurnok__yoy,66,1,0.01515,0,-0.002325,2017Q1,2017Q1,0,0.05,0,6.515
d_margin,0,ar,True,lasso,nw_price_cost_gap_ppi_d4,66,1,0.01515,1,0.08054,2017Q3,2017Q3,0,0.05,0,6.515
d_margin,0,ar,True,lasso,nw_retail_food_vol_dyoy,66,1,0.01515,1,0.04815,2012Q4,2012Q4,0.05,0,0,6.515
d_margin,0,ar,True,lasso,price_cost_gap_fao_nok,66,1,0.01515,0,-0.22,2017Q3,2017Q3,0,0.05,0,6.515
d_margin,0,ar,True,lasso,price_cost_gap_ppi_d4,66,1,0.01515,0,-0.0113,2011Q2,2011Q2,0.05,0,0,6.515
d_margin,0,ar,True,lasso,se_policy_rate__d4,66,1,0.01515,0,-0.1429,2010Q1,2010Q1,0.05,0,0,6.515
d_margin,0,ar,True,lasso,w_cons_conf_z,66,1,0.01515,0,-0.002469,2017Q3,2017Q3,0,0.05,0,6.515
d_margin,0,ar,True,lasso,w_ec_cons_price_exp_lvl,66,1,0.01515,0,-0.3827,2013Q3,2013Q3,0.05,0,0,6.515
d_margin,0,ar,True,lasso,w_food_ppi_dyoy,66,1,0.01515,0,-0.001529,2023Q1,2023Q1,0,0,0.03846,6.515
d_margin,0,ar,True,lasso,w_retail_food_vol_yoy,66,1,0.01515,1,0.0004938,2013Q3,2013Q3,0.05,0,0,6.515
d_margin,0,ar,True,lasso,w_retail_total_vol_yoy,66,1,0.01515,0,-0.1967,2017Q3,2017Q3,0,0.05,0,6.515
d_margin,0,arcal,False,enet,w_unemp_d4,66,30,0.4545,1,0.1272,2010Q1,2025Q1,0.65,0.2,0.5,6.288
d_margin,0,arcal,False,enet,no_govbond_10y__d4,66,28,0.4242,0,-0.1136,2010Q1,2025Q1,0.65,0.1,0.5,6.288
d_margin,0,arcal,False,enet,no_ssb_bts_consgoods_home_price_exp__d4,66,22,0.3333,0.04545,-0.05188,2010Q1,2025Q1,0.6,0.1,0.3077,6.288
d_margin,0,arcal,False,enet,eu_ppi_plastic_products_idx__yoy,66,17,0.2576,0,-0.04288,2011Q2,2025Q1,0.35,0,0.3846,6.288
d_margin,0,arcal,False,enet,w_wage_yoy,66,16,0.2424,0,-0.08157,2014Q2,2024Q4,0.05,0.15,0.4615,6.288
d_margin,0,arcal,False,enet,se_policy_rate__lvl,66,15,0.2273,0,-0.1268,2010Q1,2014Q2,0.75,0,0,6.288
d_margin,0,arcal,False,enet,w_policy_rate_lvl,66,15,0.2273,0,-0.1982,2010Q1,2014Q2,0.75,0,0,6.288
d_margin,0,arcal,False,enet,packaging_eu_yoy,66,14,0.2121,0,-0.03684,2010Q1,2025Q1,0.4,0,0.2308,6.288
d_margin,0,arcal,False,enet,w_hh_saving_d4,66,14,0.2121,0,-0.09179,2010Q2,2017Q3,0.65,0.05,0,6.288
d_margin,0,arcal,False,enet,glob_fao_sugar_idx__dyoy,66,12,0.1818,1,0.08698,2010Q1,2014Q2,0.6,0,0,6.288
d_margin,0,arcal,False,enet,eu_ppi_paper_packaging_idx__dyoy,66,10,0.1515,0,-0.08501,2017Q2,2023Q4,0,0.1,0.3077,6.288
d_margin,0,arcal,False,enet,no_nbes_bl_sell_price_di__lvl,66,10,0.1515,0,-0.04717,2012Q1,2022Q4,0.3,0,0.1538,6.288
d_margin,0,arcal,False,enet,se_retail_grocery_vol_sa_idx__dyoy,66,10,0.1515,1,0.04275,2010Q2,2023Q1,0.35,0.05,0.07692,6.288
d_margin,0,arcal,False,enet,w_gov10y_d4,66,9,0.1364,0,-0.02311,2012Q4,2025Q1,0.05,0,0.3077,6.288
d_margin,0,arcal,False,enet,se_policy_rate__d4,66,8,0.1212,0,-0.02447,2010Q1,2012Q2,0.4,0,0,6.288
d_margin,0,arcal,False,enet,us_ppi_corrugated_boxes_idx__yoy,66,8,0.1212,0,-0.02207,2013Q3,2025Q1,0.05,0.05,0.2308,6.288
d_margin,0,arcal,False,enet,w_wage_dyoy,66,8,0.1212,0,-0.09246,2012Q2,2024Q4,0.3,0,0.07692,6.288
d_margin,0,arcal,False,enet,no_policy_rate__lvl,66,7,0.1061,0,-0.03225,2011Q1,2012Q4,0.35,0,0,6.288
d_margin,0,arcal,False,enet,packaging_eu_dyoy,66,7,0.1061,0,-0.0645,2022Q1,2023Q3,0,0,0.2692,6.288
d_margin,0,arcal,False,enet,elec_nordic_loc_yoy,66,6,0.09091,0.8333,0.02316,2010Q2,2017Q3,0.25,0.05,0,6.288
d_margin,0,arcal,False,enet,glob_gscpi__lvl,66,6,0.09091,1,0.08456,2011Q2,2017Q3,0.25,0.05,0,6.288
d_margin,0,arcal,False,enet,w_real_wage_yoy,66,6,0.09091,0,-0.03815,2017Q2,2022Q2,0,0.2,0.07692,6.288
d_margin,0,arcal,False,enet,eu_ppi_paper_packaging_idx__yoy,66,5,0.07576,0,-0.07663,2010Q1,2023Q1,0.2,0,0.03846,6.288
d_margin,0,arcal,False,enet,glob_fao_dairy_idx__yoy,66,5,0.07576,0,-0.01706,2012Q2,2023Q3,0.1,0,0.1154,6.288
d_margin,0,arcal,False,enet,glob_fao_sugar_idx__yoy,66,5,0.07576,1,0.02068,2011Q1,2012Q1,0.25,0,0,6.288
d_margin,0,arcal,False,enet,no_imp_price_food_idx__dyoy,66,5,0.07576,1,0.1073,2012Q4,2022Q1,0.15,0.05,0.03846,6.288
d_margin,0,arcal,False,enet,no_ppi_food_dom_idx__dyoy,66,5,0.07576,0,-0.02203,2013Q3,2023Q3,0.1,0.05,0.07692,6.288
d_margin,0,arcal,False,enet,nw_food_cpi_xvat_dyoy,66,5,0.07576,0.2,-0.0277,2012Q1,2017Q3,0.2,0.05,0,6.288
d_margin,0,arcal,False,enet,ea_ec_food_ind_sell_price_exp__lvl,66,4,0.06061,0.25,0.03654,2010Q2,2017Q3,0.15,0.05,0,6.288
d_margin,0,arcal,False,enet,no_imp_price_food_idx__yoy,66,4,0.06061,1,0.251,2012Q4,2017Q3,0.15,0.05,0,6.288
d_margin,0,arcal,False,enet,no_qna_hh_food_cons_sa_mnok__yoy,66,4,0.06061,1,0.02715,2012Q4,2024Q2,0.05,0,0.1154,6.288
d_margin,0,arcal,False,enet,no_real_wage_qna_yoy_q__lvl,66,4,0.06061,0,-0.05847,2011Q2,2012Q4,0.2,0,0,6.288
d_margin,0,arcal,False,enet,no_ssb_bts_consgoods_home_price_exp__lvl,66,4,0.06061,0,-0.04078,2023Q2,2024Q2,0,0,0.1538,6.288
d_margin,0,arcal,False,enet,w_unemp_lvl,66,4,0.06061,1,0.2168,2012Q4,2017Q3,0.15,0.05,0,6.288
d_margin,0,arcal,False,enet,eu_agri_basket_wloc_yoy,66,3,0.04545,0,-0.1591,2013Q3,2017Q3,0.1,0.05,0,6.288
d_margin,0,arcal,False,enet,eu_ppi_dom_c106_idx__dyoy,66,3,0.04545,0,-0.2369,2013Q3,2017Q3,0.1,0.05,0,6.288
d_margin,0,arcal,False,enet,glob_gscpi__d4,66,3,0.04545,1,0.1502,2011Q4,2017Q3,0.1,0.05,0,6.288
d_margin,0,arcal,False,enet,no_ppi_food_dom_idx__yoy,66,3,0.04545,0,-0.132,2012Q4,2023Q1,0.05,0,0.07692,6.288
d_margin,0,arcal,False,enet,se_ec_cons_conf__lvl,66,3,0.04545,0,-0.08002,2012Q4,2017Q3,0.1,0.05,0,6.288
d_margin,0,arcal,False,enet,eu_agri_basket_wloc_dyoy,66,2,0.0303,0,-0.06617,2012Q4,2014Q2,0.1,0,0,6.288
d_margin,0,arcal,False,enet,eu_ppi_dom_c103_idx__dyoy,66,2,0.0303,0,-0.03012,2024Q3,2024Q4,0,0,0.07692,6.288
d_margin,0,arcal,False,enet,eu_ppi_plastic_products_idx__dyoy,66,2,0.0303,0,-0.08464,2014Q2,2017Q3,0.05,0.05,0,6.288
d_margin,0,arcal,False,enet,glob_fao_ffpi_nok__yoy,66,2,0.0303,0,-0.1256,2012Q4,2017Q3,0.05,0.05,0,6.288
d_margin,0,arcal,False,enet,glob_wb_food_idx_nok__yoy,66,2,0.0303,0,-0.04764,2012Q4,2017Q3,0.05,0.05,0,6.288
d_margin,0,arcal,False,enet,no_earn_idx_food_manuf_q__dyoy,66,2,0.0303,1,0.04532,2012Q4,2017Q3,0.05,0.05,0,6.288
d_margin,0,arcal,False,enet,no_earn_idx_food_manuf_q__yoy,66,2,0.0303,1,0.09355,2012Q4,2017Q3,0.05,0.05,0,6.288
d_margin,0,arcal,False,enet,no_fx_eurnok__yoy,66,2,0.0303,0,-0.05082,2013Q3,2017Q3,0.05,0.05,0,6.288
d_margin,0,arcal,False,enet,no_policy_rate__d4,66,2,0.0303,0,-0.01434,2011Q2,2011Q3,0.1,0,0,6.288
d_margin,0,arcal,False,enet,no_retail_foodstores_vol_sa_idx__dyoy,66,2,0.0303,0,-0.0249,2014Q2,2017Q3,0.05,0.05,0,6.288
d_margin,0,arcal,False,enet,price_cost_gap_ppi_d4,66,2,0.0303,1,0.06408,2014Q2,2017Q3,0.05,0.05,0,6.288
d_margin,0,arcal,False,enet,se_na_hhcons_food_sa__yoy,66,2,0.0303,0,-0.1888,2012Q4,2017Q3,0.05,0.05,0,6.288
d_margin,0,arcal,False,enet,se_real_wage_yoy_q__d4,66,2,0.0303,1,0.01783,2012Q4,2013Q3,0.1,0,0,6.288
d_margin,0,arcal,False,enet,w_ec_food_ind_sell_price_exp_d4,66,2,0.0303,0,-0.01075,2012Q2,2017Q4,0.05,0.05,0,6.288
d_margin,0,arcal,False,enet,w_real_wage_dyoy,66,2,0.0303,0,-0.1962,2012Q4,2017Q3,0.05,0.05,0,6.288
d_margin,0,arcal,False,enet,w_retail_total_vol_dyoy,66,2,0.0303,1,0.01736,2022Q4,2023Q1,0,0,0.07692,6.288
d_margin,0,arcal,False,enet,brent_nok_yoy,66,1,0.01515,1,0.042,2017Q3,2017Q3,0,0.05,0,6.288
d_margin,0,arcal,False,enet,elec_nordic_loc_dyoy,66,1,0.01515,1,0.1065,2012Q4,2012Q4,0.05,0,0,6.288
d_margin,0,arcal,False,enet,eu_ppi_dom_c107_idx__yoy,66,1,0.01515,1,0.3336,2017Q3,2017Q3,0,0.05,0,6.288
d_margin,0,arcal,False,enet,fao_ffpi_sek_yoy,66,1,0.01515,0,-0.1204,2012Q4,2012Q4,0.05,0,0,6.288
d_margin,0,arcal,False,enet,glob_fao_dairy_idx__dyoy,66,1,0.01515,0,-0.1206,2012Q4,2012Q4,0.05,0,0,6.288
d_margin,0,arcal,False,enet,no_cpi_food_idx__dyoy,66,1,0.01515,1,0.06729,2017Q3,2017Q3,0,0.05,0,6.288
d_margin,0,arcal,False,enet,no_cpi_food_idx__yoy,66,1,0.01515,0,-0.006015,2012Q4,2012Q4,0.05,0,0,6.288
d_margin,0,arcal,False,enet,no_cpi_total_idx__dyoy,66,1,0.01515,0,-0.001969,2012Q4,2012Q4,0.05,0,0,6.288
d_margin,0,arcal,False,enet,no_cpi_total_idx__yoy,66,1,0.01515,0,-0.1027,2017Q3,2017Q3,0,0.05,0,6.288
d_margin,0,arcal,False,enet,no_fx_eurnok__dyoy,66,1,0.01515,0,-0.02468,2013Q3,2013Q3,0.05,0,0,6.288
d_margin,0,arcal,False,enet,no_govbond_10y__lvl,66,1,0.01515,0,-0.02732,2012Q4,2012Q4,0.05,0,0,6.288
d_margin,0,arcal,False,enet,no_jordbruk_malpris_mnok__d4,66,1,0.01515,0,-0.02239,2012Q4,2012Q4,0.05,0,0,6.288
d_margin,0,arcal,False,enet,no_qna_hh_food_cons_sa_mnok__dyoy,66,1,0.01515,1,0.4088,2012Q4,2012Q4,0.05,0,0,6.288
d_margin,0,arcal,False,enet,no_retail_foodstores_vol_sa_idx__yoy,66,1,0.01515,1,0.04722,2012Q4,2012Q4,0.05,0,0,6.288
d_margin,0,arcal,False,enet,nw_food_cpi_yoy,66,1,0.01515,0,-0.006876,2013Q3,2013Q3,0.05,0,0,6.288
d_margin,0,arcal,False,enet,nw_price_cost_gap_ppi,66,1,0.01515,1,0.06842,2017Q3,2017Q3,0,0.05,0,6.288
d_margin,0,arcal,False,enet,nw_price_cost_gap_ppi_d4,66,1,0.01515,1,0.07858,2017Q3,2017Q3,0,0.05,0,6.288
d_margin,0,arcal,False,enet,nw_real_wage_dyoy,66,1,0.01515,0,-0.1407,2017Q3,2017Q3,0,0.05,0,6.288
d_margin,0,arcal,False,enet,packaging_us_yoy,66,1,0.01515,0,-0.02333,2013Q3,2013Q3,0.05,0,0,6.288
d_margin,0,arcal,False,enet,price_cost_gap_fao_nok,66,1,0.01515,0,-0.1248,2017Q3,2017Q3,0,0.05,0,6.288
d_margin,0,arcal,False,enet,price_cost_gap_fao_nok_d4,66,1,0.01515,1,0.02482,2012Q4,2012Q4,0.05,0,0,6.288
d_margin,0,arcal,False,enet,se_gov_bond_10y__d4,66,1,0.01515,0,-0.1319,2012Q4,2012Q4,0.05,0,0,6.288
d_margin,0,arcal,False,enet,se_nier_food_mfg_sell_price_exp__d4,66,1,0.01515,1,0.2374,2017Q3,2017Q3,0,0.05,0,6.288
d_margin,0,arcal,False,enet,se_wage_idx_m__dyoy,66,1,0.01515,1,0.1814,2017Q3,2017Q3,0,0.05,0,6.288
d_margin,0,arcal,False,enet,se_wage_idx_m__yoy,66,1,0.01515,1,0.2462,2017Q3,2017Q3,0,0.05,0,6.288
d_margin,0,arcal,False,enet,us_ppi_corrugated_boxes_idx__dyoy,66,1,0.01515,0,-0.154,2017Q3,2017Q3,0,0.05,0,6.288
d_margin,0,arcal,False,enet,w_cpi_dyoy,66,1,0.01515,1,0.09313,2017Q3,2017Q3,0,0.05,0,6.288
d_margin,0,arcal,False,enet,w_cpi_yoy,66,1,0.01515,1,0.01785,2017Q3,2017Q3,0,0.05,0,6.288
d_margin,0,arcal,False,enet,w_ec_cons_price_exp_d4,66,1,0.01515,1,0.007466,2017Q3,2017Q3,0,0.05,0,6.288
d_margin,0,arcal,False,enet,w_ec_food_ind_sell_price_exp_lvl,66,1,0.01515,1,0.122,2012Q4,2012Q4,0.05,0,0,6.288
d_margin,0,arcal,False,enet,w_food_cpi_xvat_dyoy,66,1,0.01515,0,-0.01868,2023Q1,2023Q1,0,0,0.03846,6.288
d_margin,0,arcal,False,enet,w_food_ppi_dyoy,66,1,0.01515,0,-0.001246,2023Q1,2023Q1,0,0,0.03846,6.288
d_margin,0,arcal,False,enet,w_fx_vs_nok_yoy,66,1,0.01515,1,0.06668,2017Q3,2017Q3,0,0.05,0,6.288
d_margin,0,arcal,False,enet,w_gdp_vol_dyoy,66,1,0.01515,1,0.2832,2017Q3,2017Q3,0,0.05,0,6.288
d_margin,0,arcal,False,enet,w_retail_total_vol_yoy,66,1,0.01515,0,-0.07235,2017Q3,2017Q3,0,0.05,0,6.288
d_margin,0,arcal,False,enet,wb_food_sek_yoy,66,1,0.01515,0,-0.04497,2012Q4,2012Q4,0.05,0,0,6.288
d_margin,0,arcal,False,lasso,no_govbond_10y__d4,66,28,0.4242,0,-0.1154,2010Q2,2025Q1,0.6,0.15,0.5,4.576
d_margin,0,arcal,False,lasso,w_unemp_d4,66,28,0.4242,1,0.1669,2010Q1,2025Q1,0.6,0.15,0.5,4.576
d_margin,0,arcal,False,lasso,no_ssb_bts_consgoods_home_price_exp__d4,66,21,0.3182,0.04762,-0.05164,2010Q1,2025Q1,0.6,0.1,0.2692,4.576
d_margin,0,arcal,False,lasso,w_hh_saving_d4,66,15,0.2273,0,-0.09887,2010Q2,2017Q3,0.65,0.1,0,4.576
d_margin,0,arcal,False,lasso,w_wage_yoy,66,14,0.2121,0,-0.1109,2017Q2,2024Q3,0,0.15,0.4231,4.576
d_margin,0,arcal,False,lasso,w_policy_rate_lvl,66,13,0.197,0,-0.3076,2010Q1,2014Q2,0.65,0,0,4.576
d_margin,0,arcal,False,lasso,glob_fao_sugar_idx__dyoy,66,11,0.1667,1,0.0921,2010Q1,2012Q3,0.55,0,0,4.576
d_margin,0,arcal,False,lasso,eu_ppi_plastic_products_idx__yoy,66,9,0.1364,0,-0.06655,2014Q2,2025Q1,0.05,0,0.3077,4.576
d_margin,0,arcal,False,lasso,eu_ppi_paper_packaging_idx__dyoy,66,7,0.1061,0,-0.1699,2022Q2,2023Q4,0,0,0.2692,4.576
d_margin,0,arcal,False,lasso,ea_ec_food_ind_sell_price_exp__lvl,66,6,0.09091,0.5,0.07097,2010Q2,2017Q3,0.2,0.1,0,4.576
d_margin,0,arcal,False,lasso,glob_gscpi__d4,66,5,0.07576,1,0.1266,2011Q4,2017Q3,0.15,0.1,0,4.576
d_margin,0,arcal,False,lasso,packaging_eu_dyoy,66,5,0.07576,0,-0.04572,2022Q1,2023Q3,0,0,0.1923,4.576
d_margin,0,arcal,False,lasso,se_retail_grocery_vol_sa_idx__dyoy,66,5,0.07576,1,0.1163,2011Q1,2017Q3,0.15,0.1,0,4.576
d_margin,0,arcal,False,lasso,us_ppi_corrugated_boxes_idx__yoy,66,5,0.07576,0,-0.04311,2013Q3,2025Q1,0.05,0.05,0.1154,4.576
d_margin,0,arcal,False,lasso,eu_agri_basket_wloc_yoy,66,4,0.06061,0,-0.2095,2013Q3,2017Q3,0.1,0.1,0,4.576
d_margin,0,arcal,False,lasso,eu_ppi_dom_c106_idx__dyoy,66,4,0.06061,0,-0.3356,2013Q3,2017Q3,0.1,0.1,0,4.576
d_margin,0,arcal,False,lasso,eu_ppi_paper_packaging_idx__yoy,66,4,0.06061,0,-0.1493,2010Q1,2010Q4,0.2,0,0,4.576
d_margin,0,arcal,False,lasso,glob_gscpi__lvl,66,4,0.06061,1,0.133,2013Q3,2017Q3,0.1,0.1,0,4.576
d_margin,0,arcal,False,lasso,no_imp_price_food_idx__yoy,66,4,0.06061,1,0.317,2013Q3,2017Q3,0.1,0.1,0,4.576
d_margin,0,arcal,False,lasso,no_nbes_bl_sell_price_di__lvl,66,4,0.06061,0,-0.1149,2012Q3,2014Q2,0.2,0,0,4.576
d_margin,0,arcal,False,lasso,no_ppi_food_dom_idx__dyoy,66,4,0.06061,0,-0.1289,2013Q3,2017Q3,0.1,0.1,0,4.576
d_margin,0,arcal,False,lasso,no_ssb_bts_consgoods_home_price_exp__lvl,66,4,0.06061,0.25,-0.02724,2017Q1,2024Q2,0,0.05,0.1154,4.576
d_margin,0,arcal,False,lasso,nw_food_cpi_xvat_dyoy,66,4,0.06061,0,-0.02906,2012Q1,2012Q4,0.2,0,0,4.576
d_margin,0,arcal,False,lasso,se_ec_cons_conf__lvl,66,4,0.06061,0,-0.1721,2013Q3,2017Q3,0.1,0.1,0,4.576
d_margin,0,arcal,False,lasso,se_policy_rate__lvl,66,4,0.06061,0,-0.144,2010Q1,2012Q3,0.2,0,0,4.576
d_margin,0,arcal,False,lasso,w_real_wage_yoy,66,4,0.06061,0,-0.02979,2017Q2,2022Q1,0,0.15,0.03846,4.576
d_margin,0,arcal,False,lasso,w_unemp_lvl,66,4,0.06061,1,0.416,2013Q3,2017Q3,0.1,0.1,0,4.576
d_margin,0,arcal,False,lasso,w_wage_dyoy,66,4,0.06061,0,-0.1163,2013Q3,2024Q4,0.1,0,0.07692,4.576
d_margin,0,arcal,False,lasso,no_imp_price_food_idx__dyoy,66,3,0.04545,1,0.08086,2013Q3,2024Q1,0.1,0,0.03846,4.576
d_margin,0,arcal,False,lasso,no_qna_hh_food_cons_sa_mnok__yoy,66,3,0.04545,0.6667,0.007913,2017Q1,2024Q2,0,0.05,0.07692,4.576
d_margin,0,arcal,False,lasso,price_cost_gap_ppi_d4,66,3,0.04545,1,0.06979,2014Q2,2017Q3,0.05,0.1,0,4.576
d_margin,0,arcal,False,lasso,w_retail_total_vol_dyoy,66,3,0.04545,1,0.02337,2014Q2,2023Q1,0.05,0,0.07692,4.576
d_margin,0,arcal,False,lasso,elec_nordic_loc_dyoy,66,2,0.0303,1,0.01669,2014Q2,2017Q1,0.05,0.05,0,4.576
d_margin,0,arcal,False,lasso,elec_nordic_loc_yoy,66,2,0.0303,1,0.02144,2011Q4,2012Q1,0.1,0,0,4.576
d_margin,0,arcal,False,lasso,eu_agri_basket_wloc_dyoy,66,2,0.0303,0,-0.06215,2014Q2,2017Q1,0.05,0.05,0,4.576
d_margin,0,arcal,False,lasso,eu_ppi_dom_c103_idx__dyoy,66,2,0.0303,0,-0.02306,2024Q3,2024Q4,0,0,0.07692,4.576
d_margin,0,arcal,False,lasso,eu_ppi_dom_c107_idx__yoy,66,2,0.0303,1,0.3534,2017Q1,2017Q3,0,0.1,0,4.576
d_margin,0,arcal,False,lasso,eu_ppi_plastic_products_idx__dyoy,66,2,0.0303,0,-0.2221,2017Q1,2017Q3,0,0.1,0,4.576
d_margin,0,arcal,False,lasso,glob_fao_dairy_idx__yoy,66,2,0.0303,0,-0.01061,2012Q1,2023Q1,0.05,0,0.03846,4.576
d_margin,0,arcal,False,lasso,no_cpi_total_idx__dyoy,66,2,0.0303,0,-0.02098,2013Q3,2017Q1,0.05,0.05,0,4.576
d_margin,0,arcal,False,lasso,no_cpi_total_idx__yoy,66,2,0.0303,0,-0.1057,2017Q1,2017Q3,0,0.1,0,4.576
d_margin,0,arcal,False,lasso,no_retail_foodstores_vol_sa_idx__dyoy,66,2,0.0303,0,-0.04177,2017Q1,2017Q3,0,0.1,0,4.576
d_margin,0,arcal,False,lasso,se_na_hhcons_food_sa__yoy,66,2,0.0303,0,-0.3251,2017Q1,2017Q3,0,0.1,0,4.576
d_margin,0,arcal,False,lasso,se_nier_food_mfg_sell_price_exp__d4,66,2,0.0303,1,0.1775,2017Q1,2017Q3,0,0.1,0,4.576
d_margin,0,arcal,False,lasso,se_wage_idx_m__dyoy,66,2,0.0303,1,0.1229,2017Q1,2017Q3,0,0.1,0,4.576
d_margin,0,arcal,False,lasso,se_wage_idx_m__yoy,66,2,0.0303,1,0.2229,2017Q1,2017Q3,0,0.1,0,4.576
d_margin,0,arcal,False,lasso,us_ppi_corrugated_boxes_idx__dyoy,66,2,0.0303,0,-0.09948,2017Q1,2017Q3,0,0.1,0,4.576
d_margin,0,arcal,False,lasso,w_cpi_dyoy,66,2,0.0303,1,0.01428,2017Q1,2017Q3,0,0.1,0,4.576
d_margin,0,arcal,False,lasso,w_cpi_yoy,66,2,0.0303,1,0.1053,2017Q1,2017Q3,0,0.1,0,4.576
d_margin,0,arcal,False,lasso,w_ec_cons_price_exp_d4,66,2,0.0303,1,0.03607,2017Q1,2017Q3,0,0.1,0,4.576
d_margin,0,arcal,False,lasso,w_gdp_vol_dyoy,66,2,0.0303,1,0.2254,2017Q1,2017Q3,0,0.1,0,4.576
d_margin,0,arcal,False,lasso,w_real_wage_dyoy,66,2,0.0303,0,-0.4684,2017Q1,2017Q3,0,0.1,0,4.576
d_margin,0,arcal,False,lasso,brent_nok_yoy,66,1,0.01515,1,0.04624,2017Q1,2017Q1,0,0.05,0,4.576
d_margin,0,arcal,False,lasso,fao_ffpi_sek_yoy,66,1,0.01515,0,-0.01889,2014Q2,2014Q2,0.05,0,0,4.576
d_margin,0,arcal,False,lasso,glob_fao_ffpi_nok__yoy,66,1,0.01515,0,-0.04534,2017Q3,2017Q3,0,0.05,0,4.576
d_margin,0,arcal,False,lasso,glob_fao_sugar_idx__yoy,66,1,0.01515,1,0.02813,2011Q4,2011Q4,0.05,0,0,4.576
d_margin,0,arcal,False,lasso,glob_wb_food_idx_nok__yoy,66,1,0.01515,0,-0.1265,2017Q1,2017Q1,0,0.05,0,4.576
d_margin,0,arcal,False,lasso,no_earn_idx_food_manuf_q__dyoy,66,1,0.01515,1,0.03144,2017Q1,2017Q1,0,0.05,0,4.576
d_margin,0,arcal,False,lasso,no_earn_idx_food_manuf_q__yoy,66,1,0.01515,1,0.05526,2017Q3,2017Q3,0,0.05,0,4.576
d_margin,0,arcal,False,lasso,no_fx_eurnok__dyoy,66,1,0.01515,0,-0.07106,2013Q3,2013Q3,0.05,0,0,4.576
d_margin,0,arcal,False,lasso,no_fx_eurnok__yoy,66,1,0.01515,0,-0.01823,2017Q3,2017Q3,0,0.05,0,4.576
d_margin,0,arcal,False,lasso,no_policy_rate__d4,66,1,0.01515,0,-0.009138,2011Q3,2011Q3,0.05,0,0,4.576
d_margin,0,arcal,False,lasso,no_policy_rate__lvl,66,1,0.01515,0,-0.06546,2011Q4,2011Q4,0.05,0,0,4.576
d_margin,0,arcal,False,lasso,no_ppi_food_dom_idx__yoy,66,1,0.01515,0,-0.03415,2023Q1,2023Q1,0,0,0.03846,4.576
d_margin,0,arcal,False,lasso,no_real_wage_qna_yoy_q__lvl,66,1,0.01515,0,-0.01637,2011Q4,2011Q4,0.05,0,0,4.576
d_margin,0,arcal,False,lasso,nw_food_cpi_yoy,66,1,0.01515,0,-0.282,2013Q3,2013Q3,0.05,0,0,4.576
d_margin,0,arcal,False,lasso,nw_price_cost_gap_ppi_d4,66,1,0.01515,1,0.08339,2017Q3,2017Q3,0,0.05,0,4.576
d_margin,0,arcal,False,lasso,packaging_eu_yoy,66,1,0.01515,0,-0.02062,2023Q1,2023Q1,0,0,0.03846,4.576
d_margin,0,arcal,False,lasso,packaging_us_yoy,66,1,0.01515,0,-0.1086,2013Q3,2013Q3,0.05,0,0,4.576
d_margin,0,arcal,False,lasso,price_cost_gap_fao_nok,66,1,0.01515,0,-0.00519,2017Q3,2017Q3,0,0.05,0,4.576
d_margin,0,arcal,False,lasso,price_cost_gap_fao_wloc,66,1,0.01515,0,-0.09992,2017Q1,2017Q1,0,0.05,0,4.576
d_margin,0,arcal,False,lasso,se_real_wage_yoy_q__d4,66,1,0.01515,1,0.02693,2012Q4,2012Q4,0.05,0,0,4.576
d_margin,0,arcal,False,lasso,w_food_cpi_xvat_dyoy,66,1,0.01515,0,-0.01331,2023Q1,2023Q1,0,0,0.03846,4.576
d_margin,0,arcal,False,lasso,w_fx_vs_eur_dyoy,66,1,0.01515,0,-0.01593,2013Q3,2013Q3,0.05,0,0,4.576
d_margin,1,ar,True,enet,no_ssb_bts_consgoods_home_price_exp__d4,66,50,0.7576,0,-0.1908,2010Q2,2025Q3,0.95,0.8,0.5769,10.24
d_margin,1,ar,True,enet,no_nbes_bl_sell_price_di__lvl,66,47,0.7121,0,-0.1325,2010Q2,2025Q3,0.9,0.75,0.5385,10.24
d_margin,1,ar,True,enet,no_govbond_10y__d4,66,40,0.6061,0,-0.2714,2011Q3,2025Q3,0.45,0.8,0.5769,10.24
d_margin,1,ar,True,enet,us_ppi_corrugated_boxes_idx__dyoy,66,33,0.5,0,-0.1158,2011Q3,2025Q3,0.45,0.45,0.5769,10.24
d_margin,1,ar,True,enet,eu_ppi_paper_packaging_idx__dyoy,66,29,0.4394,0,-0.05542,2010Q2,2024Q1,0.7,0.35,0.3077,10.24
d_margin,1,ar,True,enet,w_unemp_d4,66,25,0.3788,1,0.1121,2010Q1,2018Q1,0.65,0.6,0,10.24
d_margin,1,ar,True,enet,us_ppi_corrugated_boxes_idx__yoy,66,24,0.3636,0,-0.05215,2013Q1,2025Q3,0.4,0.45,0.2692,10.24
d_margin,1,ar,True,enet,no_policy_rate__d4,66,20,0.303,0,-0.06949,2011Q3,2017Q3,0.45,0.55,0,10.24
d_margin,1,ar,True,enet,packaging_eu_dyoy,66,19,0.2879,0,-0.04948,2013Q4,2024Q1,0.15,0.55,0.1923,10.24
d_margin,1,ar,True,enet,no_govbond_10y__lvl,66,18,0.2727,0,-0.08187,2013Q1,2017Q2,0.4,0.5,0,10.24
d_margin,1,ar,True,enet,glob_fao_sugar_idx__yoy,66,17,0.2576,1,0.05091,2011Q3,2017Q3,0.3,0.55,0,10.24
d_margin,1,ar,True,enet,no_policy_rate__lvl,66,17,0.2576,0,-0.04835,2013Q1,2017Q3,0.3,0.55,0,10.24
d_margin,1,ar,True,enet,no_imp_price_food_idx__yoy,66,15,0.2273,1,0.08362,2013Q4,2017Q3,0.2,0.55,0,10.24
d_margin,1,ar,True,enet,w_gov10y_d4,66,14,0.2121,0,-0.04315,2015Q2,2025Q3,0,0.2,0.3846,10.24
d_margin,1,ar,True,enet,glob_fao_cereals_idx__dyoy,66,13,0.197,0,-0.08941,2015Q2,2022Q4,0,0.5,0.1154,10.24
d_margin,1,ar,True,enet,wb_food_wloc_yoy,66,13,0.197,1,0.03318,2013Q2,2017Q2,0.15,0.5,0,10.24
d_margin,1,ar,True,enet,glob_fao_meat_idx__dyoy,66,12,0.1818,0,-0.05393,2015Q2,2023Q1,0,0.5,0.07692,10.24
d_margin,1,ar,True,enet,w_gdp_vol_yoy,66,12,0.1818,0,-0.02774,2017Q4,2025Q3,0,0.05,0.4231,10.24
d_margin,1,ar,True,enet,brent_nok_yoy,66,11,0.1667,1,0.1665,2015Q1,2017Q3,0,0.55,0,10.24
d_margin,1,ar,True,enet,eu_ppi_dom_c108_idx__yoy,66,11,0.1667,1,0.1167,2015Q1,2017Q3,0,0.55,0,10.24
d_margin,1,ar,True,enet,glob_gscpi__lvl,66,11,0.1667,1,0.05134,2011Q3,2017Q3,0.05,0.5,0,10.24
d_margin,1,ar,True,enet,glob_wb_food_idx_eur__yoy,66,11,0.1667,1,0.1544,2015Q1,2017Q3,0,0.55,0,10.24
d_margin,1,ar,True,enet,w_ec_food_ind_sell_price_exp_d4,66,11,0.1667,0,-0.04003,2010Q2,2023Q4,0.3,0.1,0.1154,10.24
d_margin,1,ar,True,enet,w_retail_food_vol_yoy,66,11,0.1667,0,-0.05029,2011Q3,2017Q2,0.45,0.1,0,10.24
d_margin,1,ar,True,enet,brent_nok_dyoy,66,9,0.1364,1,0.08812,2015Q2,2017Q2,0,0.45,0,10.24
d_margin,1,ar,True,enet,eu_ppi_dom_c108_idx__dyoy,66,9,0.1364,1,0.03886,2015Q2,2017Q2,0,0.45,0,10.24
d_margin,1,ar,True,enet,eu_ppi_plastic_products_idx__dyoy,66,9,0.1364,0,-0.1095,2015Q2,2017Q2,0,0.45,0,10.24
d_margin,1,ar,True,enet,glob_wb_food_idx_nok__yoy,66,9,0.1364,1,0.04967,2015Q2,2017Q3,0,0.45,0,10.24
d_margin,1,ar,True,enet,no_vat_food_rate__d4,66,9,0.1364,1,0.1062,2015Q2,2017Q2,0,0.45,0,10.24
d_margin,1,ar,True,enet,nw_real_wage_dyoy,66,9,0.1364,1,0.06149,2015Q2,2017Q2,0,0.45,0,10.24
d_margin,1,ar,True,enet,se_eursek__yoy,66,9,0.1364,0,-0.04353,2015Q2,2017Q3,0,0.45,0,10.24
d_margin,1,ar,True,enet,se_policy_rate__d4,66,9,0.1364,0,-0.03475,2010Q1,2012Q1,0.45,0,0,10.24
d_margin,1,ar,True,enet,w_policy_rate_d4,66,9,0.1364,0,-0.01066,2010Q3,2024Q3,0.15,0.2,0.07692,10.24
d_margin,1,ar,True,enet,eu_ppi_dom_c106_idx__dyoy,66,8,0.1212,0,-0.05997,2015Q2,2017Q1,0,0.4,0,10.24
d_margin,1,ar,True,enet,glob_fao_sugar_idx__dyoy,66,8,0.1212,1,0.07282,2010Q2,2012Q2,0.4,0,0,10.24
d_margin,1,ar,True,enet,no_earn_idx_food_manuf_q__dyoy,66,8,0.1212,0,-0.05442,2010Q3,2012Q2,0.4,0,0,10.24
d_margin,1,ar,True,enet,se_real_wage_yoy_q__d4,66,8,0.1212,1,0.04486,2013Q2,2025Q3,0.1,0,0.2308,10.24
d_margin,1,ar,True,enet,w_policy_rate_lvl,66,8,0.1212,0,-0.03163,2013Q1,2014Q4,0.4,0,0,10.24
d_margin,1,ar,True,enet,w_fx_vs_usd_dyoy,66,6,0.09091,1,0.02418,2013Q4,2015Q1,0.25,0.05,0,10.24
d_margin,1,ar,True,enet,wb_food_sek_yoy,66,6,0.09091,1,0.03207,2013Q2,2014Q3,0.3,0,0,10.24
d_margin,1,ar,True,enet,se_retail_grocery_vol_sa_idx__yoy,66,5,0.07576,0,-0.03865,2022Q4,2023Q4,0,0,0.1923,10.24
d_margin,1,ar,True,enet,w_hh_saving_d4,66,5,0.07576,1,0.02596,2015Q2,2017Q1,0,0.25,0,10.24
d_margin,1,ar,True,enet,eu_ppi_plastic_products_idx__yoy,66,4,0.06061,0,-0.02465,2024Q4,2025Q3,0,0,0.1538,10.24
d_margin,1,ar,True,enet,no_cpi_total_idx__yoy,66,4,0.06061,1,0.03253,2011Q3,2016Q3,0.05,0.15,0,10.24
d_margin,1,ar,True,enet,no_earn_idx_food_manuf_q__yoy,66,4,0.06061,0.75,0.03659,2011Q3,2015Q4,0.05,0.15,0,10.24
d_margin,1,ar,True,enet,no_jordbruk_malpris_mnok__lvl,66,4,0.06061,1,0.04155,2013Q1,2018Q1,0.05,0.15,0,10.24
d_margin,1,ar,True,enet,no_ppi_food_dom_idx__dyoy,66,3,0.04545,0.3333,-0.01092,2011Q3,2015Q3,0.05,0.1,0,10.24
d_margin,1,ar,True,enet,w_cons_conf_z,66,3,0.04545,0,-0.03636,2015Q2,2016Q4,0,0.15,0,10.24
d_margin,1,ar,True,enet,w_retail_total_vol_dyoy,66,3,0.04545,1,0.009656,2015Q2,2016Q4,0,0.15,0,10.24
d_margin,1,ar,True,enet,no_cpi_total_idx__dyoy,66,2,0.0303,1,0.01885,2016Q3,2016Q4,0,0.1,0,10.24
d_margin,1,ar,True,enet,no_qna_hh_food_cons_sa_mnok__dyoy,66,2,0.0303,1,0.03306,2015Q2,2015Q3,0,0.1,0,10.24
d_margin,1,ar,True,enet,no_ssb_bts_consgoods_home_price_exp__lvl,66,2,0.0303,0,-0.05531,2024Q2,2024Q3,0,0,0.07692,10.24
d_margin,1,ar,True,enet,nw_retail_food_vol_yoy,66,2,0.0303,0,-0.03722,2011Q3,2013Q1,0.1,0,0,10.24
d_margin,1,ar,True,enet,se_ec_cons_conf__lvl,66,2,0.0303,0,-0.07342,2015Q2,2015Q3,0,0.1,0,10.24
d_margin,1,ar,True,enet,se_na_hhcons_food_sa__yoy,66,2,0.0303,0,-0.126,2011Q3,2017Q3,0.05,0.05,0,10.24
d_margin,1,ar,True,enet,w_gov10y_lvl,66,2,0.0303,0,-0.04801,2013Q2,2013Q3,0.1,0,0,10.24
d_margin,1,ar,True,enet,w_retail_total_vol_yoy,66,2,0.0303,0,-0.002556,2022Q2,2022Q3,0,0,0.07692,10.24
d_margin,1,ar,True,enet,ea_negotiated_wages_yoy_q__d4,66,1,0.01515,0,-0.03116,2015Q2,2015Q2,0,0.05,0,10.24
d_margin,1,ar,True,enet,elec_nordic_loc_yoy,66,1,0.01515,1,0.04382,2011Q3,2011Q3,0.05,0,0,10.24
d_margin,1,ar,True,enet,price_cost_gap_fao_nok_d4,66,1,0.01515,0,-0.1166,2011Q3,2011Q3,0.05,0,0,10.24
d_margin,1,ar,True,enet,price_cost_gap_fao_wloc_d4,66,1,0.01515,0,-0.1558,2011Q3,2011Q3,0.05,0,0,10.24
d_margin,1,ar,True,enet,w_cpi_dyoy,66,1,0.01515,0,-0.04525,2015Q2,2015Q2,0,0.05,0,10.24
d_margin,1,ar,True,enet,w_ec_cons_price_exp_lvl,66,1,0.01515,1,0.01386,2015Q3,2015Q3,0,0.05,0,10.24
d_margin,1,ar,True,enet,w_food_cpi_dyoy,66,1,0.01515,0,-0.02147,2015Q2,2015Q2,0,0.05,0,10.24
d_margin,1,ar,True,enet,w_wage_yoy,66,1,0.01515,0,-0.006189,2015Q1,2015Q1,0,0.05,0,10.24
d_margin,1,ar,True,lasso,no_ssb_bts_consgoods_home_price_exp__d4,66,46,0.697,0,-0.227,2010Q3,2025Q3,0.8,0.8,0.5385,8.242
d_margin,1,ar,True,lasso,no_nbes_bl_sell_price_di__lvl,66,41,0.6212,0,-0.1888,2010Q4,2025Q3,0.75,0.6,0.5385,8.242
d_margin,1,ar,True,lasso,no_govbond_10y__d4,66,36,0.5455,0,-0.4174,2013Q1,2025Q3,0.3,0.8,0.5385,8.242
d_margin,1,ar,True,lasso,w_unemp_d4,66,24,0.3636,1,0.1322,2010Q1,2018Q1,0.65,0.55,0,8.242
d_margin,1,ar,True,lasso,us_ppi_corrugated_boxes_idx__dyoy,66,22,0.3333,0,-0.1443,2011Q3,2025Q3,0.15,0.25,0.5385,8.242
d_margin,1,ar,True,lasso,glob_fao_sugar_idx__yoy,66,17,0.2576,1,0.06726,2011Q4,2017Q2,0.35,0.5,0,8.242
d_margin,1,ar,True,lasso,nw_real_wage_dyoy,66,17,0.2576,1,0.0996,2011Q4,2017Q2,0.35,0.5,0,8.242
d_margin,1,ar,True,lasso,brent_nok_yoy,66,16,0.2424,1,0.3261,2013Q1,2017Q2,0.3,0.5,0,8.242
d_margin,1,ar,True,lasso,glob_fao_cereals_idx__dyoy,66,16,0.2424,0,-0.1036,2014Q1,2022Q4,0.2,0.5,0.07692,8.242
d_margin,1,ar,True,lasso,eu_ppi_paper_packaging_idx__dyoy,66,15,0.2273,0,-0.08358,2010Q3,2024Q1,0.15,0.25,0.2692,8.242
d_margin,1,ar,True,lasso,eu_ppi_plastic_products_idx__dyoy,66,15,0.2273,0,-0.2884,2013Q4,2017Q2,0.25,0.5,0,8.242
d_margin,1,ar,True,lasso,glob_wb_food_idx_eur__yoy,66,15,0.2273,1,0.2446,2013Q4,2017Q2,0.25,0.5,0,8.242
d_margin,1,ar,True,lasso,no_imp_price_food_idx__yoy,66,15,0.2273,1,0.1551,2013Q4,2017Q2,0.25,0.5,0,8.242
d_margin,1,ar,True,lasso,no_policy_rate__d4,66,15,0.2273,0,-0.1177,2011Q3,2017Q1,0.4,0.35,0,8.242
d_margin,1,ar,True,lasso,no_vat_food_rate__d4,66,15,0.2273,1,0.1427,2013Q4,2017Q2,0.25,0.5,0,8.242
d_margin,1,ar,True,lasso,glob_fao_meat_idx__dyoy,66,13,0.197,0,-0.04794,2015Q1,2023Q4,0,0.5,0.1154,8.242
d_margin,1,ar,True,lasso,eu_ppi_dom_c106_idx__dyoy,66,11,0.1667,0,-0.1357,2013Q4,2017Q1,0.25,0.3,0,8.242
d_margin,1,ar,True,lasso,eu_ppi_dom_c108_idx__yoy,66,10,0.1515,1,0.1085,2015Q1,2017Q2,0,0.5,0,8.242
d_margin,1,ar,True,lasso,glob_gscpi__lvl,66,10,0.1515,1,0.0303,2011Q3,2017Q2,0.1,0.4,0,8.242
d_margin,1,ar,True,lasso,no_cpi_total_idx__yoy,66,9,0.1364,1,0.03299,2011Q3,2017Q1,0.25,0.2,0,8.242
d_margin,1,ar,True,lasso,no_earn_idx_food_manuf_q__yoy,66,9,0.1364,1,0.06065,2013Q4,2015Q4,0.25,0.2,0,8.242
d_margin,1,ar,True,lasso,no_policy_rate__lvl,66,9,0.1364,0,-0.1154,2013Q1,2017Q2,0.05,0.4,0,8.242
d_margin,1,ar,True,lasso,w_hh_saving_d4,66,9,0.1364,1,0.03437,2014Q2,2017Q1,0.15,0.3,0,8.242
d_margin,1,ar,True,lasso,eu_ppi_dom_c108_idx__dyoy,66,8,0.1212,1,0.1371,2013Q4,2017Q1,0.25,0.15,0,8.242
d_margin,1,ar,True,lasso,glob_fao_sugar_idx__dyoy,66,8,0.1212,1,0.08545,2010Q3,2012Q3,0.4,0,0,8.242
d_margin,1,ar,True,lasso,se_na_hhcons_food_sa__yoy,66,8,0.1212,0,-0.1097,2011Q3,2014Q4,0.4,0,0,8.242
d_margin,1,ar,True,lasso,w_gdp_vol_yoy,66,8,0.1212,0,-0.01797,2022Q2,2025Q3,0,0,0.3077,8.242
d_margin,1,ar,True,lasso,ea_negotiated_wages_yoy_q__d4,66,7,0.1061,0,-0.06693,2013Q4,2015Q2,0.25,0.1,0,8.242
d_margin,1,ar,True,lasso,no_govbond_10y__lvl,66,6,0.09091,0,-0.08026,2013Q4,2015Q4,0.25,0.05,0,8.242
d_margin,1,ar,True,lasso,se_real_wage_yoy_q__d4,66,6,0.09091,1,0.07806,2024Q2,2025Q3,0,0,0.2308,8.242
d_margin,1,ar,True,lasso,w_cons_conf_z,66,6,0.09091,0,-0.0571,2014Q1,2017Q1,0.2,0.1,0,8.242
d_margin,1,ar,True,lasso,brent_nok_dyoy,66,5,0.07576,1,0.1774,2016Q2,2017Q2,0,0.25,0,8.242
d_margin,1,ar,True,lasso,no_earn_idx_food_manuf_q__dyoy,66,5,0.07576,0,-0.07843,2011Q1,2012Q2,0.25,0,0,8.242
d_margin,1,ar,True,lasso,se_retail_grocery_vol_sa_idx__yoy,66,5,0.07576,0,-0.04057,2022Q4,2023Q4,0,0,0.1923,8.242
d_margin,1,ar,True,lasso,w_ec_food_ind_sell_price_exp_d4,66,5,0.07576,0,-0.05577,2010Q3,2011Q3,0.25,0,0,8.242
d_margin,1,ar,True,lasso,glob_wb_food_idx_nok__yoy,66,4,0.06061,1,0.1914,2015Q3,2017Q1,0,0.2,0,8.242
d_margin,1,ar,True,lasso,no_ppi_food_dom_idx__dyoy,66,4,0.06061,0.5,-0.001831,2011Q3,2015Q3,0.15,0.05,0,8.242
d_margin,1,ar,True,lasso,se_ec_cons_conf__lvl,66,4,0.06061,0,-0.09059,2013Q4,2014Q3,0.2,0,0,8.242
d_margin,1,ar,True,lasso,se_wage_idx_m__dyoy,66,4,0.06061,1,0.06122,2013Q4,2014Q4,0.2,0,0,8.242
d_margin,1,ar,True,lasso,w_cpi_dyoy,66,4,0.06061,0,-0.01738,2014Q1,2015Q2,0.1,0.1,0,8.242
d_margin,1,ar,True,lasso,w_retail_food_vol_yoy,66,4,0.06061,0,-0.01976,2013Q1,2018Q1,0.15,0.05,0,8.242
d_margin,1,ar,True,lasso,eu_ppi_plastic_products_idx__yoy,66,3,0.04545,0,-0.007707,2025Q1,2025Q3,0,0,0.1154,8.242
d_margin,1,ar,True,lasso,no_jordbruk_malpris_mnok__lvl,66,3,0.04545,1,0.08806,2013Q1,2018Q1,0.05,0.1,0,8.242
d_margin,1,ar,True,lasso,no_real_wage_qna_yoy_q__lvl,66,3,0.04545,1,0.01862,2013Q4,2014Q2,0.15,0,0,8.242
d_margin,1,ar,True,lasso,price_cost_gap_fao_wloc_d4,66,3,0.04545,0,-0.173,2011Q3,2013Q1,0.15,0,0,8.242
d_margin,1,ar,True,lasso,se_eursek__yoy,66,3,0.04545,0,-0.05841,2016Q3,2017Q1,0,0.15,0,8.242
d_margin,1,ar,True,lasso,us_ppi_corrugated_boxes_idx__yoy,66,3,0.04545,0,-0.05448,2016Q2,2025Q3,0,0.1,0.03846,8.242
d_margin,1,ar,True,lasso,elec_nordic_loc_yoy,66,2,0.0303,1,0.01616,2011Q3,2011Q4,0.1,0,0,8.242
d_margin,1,ar,True,lasso,no_real_wage_qna_yoy_q__d4,66,2,0.0303,1,0.01347,2014Q3,2014Q4,0.1,0,0,8.242
d_margin,1,ar,True,lasso,no_ssb_bts_consgoods_home_price_exp__lvl,66,2,0.0303,0,-0.01775,2024Q2,2024Q3,0,0,0.07692,8.242
d_margin,1,ar,True,lasso,w_fx_vs_nok_dyoy,66,2,0.0303,1,0.02842,2013Q1,2014Q2,0.1,0,0,8.242
d_margin,1,ar,True,lasso,no_cpi_total_idx__dyoy,66,1,0.01515,1,0.01441,2013Q4,2013Q4,0.05,0,0,8.242
d_margin,1,ar,True,lasso,no_fx_eurnok__dyoy,66,1,0.01515,0,-0.01418,2013Q4,2013Q4,0.05,0,0,8.242
d_margin,1,ar,True,lasso,no_qna_hh_food_cons_sa_mnok__dyoy,66,1,0.01515,1,0.03348,2015Q3,2015Q3,0,0.05,0,8.242
d_margin,1,ar,True,lasso,nw_food_cpi_dyoy,66,1,0.01515,0,-0.02044,2011Q3,2011Q3,0.05,0,0,8.242
d_margin,1,ar,True,lasso,nw_food_ppi_dyoy,66,1,0.01515,0,-0.2583,2013Q4,2013Q4,0.05,0,0,8.242
d_margin,1,ar,True,lasso,packaging_eu_dyoy,66,1,0.01515,0,-0.01783,2016Q1,2016Q1,0,0.05,0,8.242
d_margin,1,ar,True,lasso,se_policy_rate__d4,66,1,0.01515,0,-0.05307,2011Q3,2011Q3,0.05,0,0,8.242
d_margin,1,ar,True,lasso,w_ec_cons_price_exp_lvl,66,1,0.01515,1,0.0897,2013Q4,2013Q4,0.05,0,0,8.242
d_margin,1,ar,True,lasso,w_real_wage_yoy,66,1,0.01515,0,-0.0006717,2015Q3,2015Q3,0,0.05,0,8.242
d_margin,1,ar,True,lasso,w_retail_food_vol_dyoy,66,1,0.01515,0,-0.07461,2013Q4,2013Q4,0.05,0,0,8.242
d_margin,1,ar,True,lasso,w_retail_total_vol_dyoy,66,1,0.01515,1,0.1185,2013Q4,2013Q4,0.05,0,0,8.242
d_margin,1,ar,True,lasso,w_wage_yoy,66,1,0.01515,0,-0.001601,2018Q1,2018Q1,0,0.05,0,8.242
d_margin,1,arcal,False,enet,no_ssb_bts_consgoods_home_price_exp__d4,66,53,0.803,0,-0.1205,2010Q1,2025Q3,0.95,0.6,0.8462,7.742
d_margin,1,arcal,False,enet,no_nbes_bl_sell_price_di__lvl,66,44,0.6667,0,-0.1213,2010Q1,2025Q3,0.95,0.55,0.5385,7.742
d_margin,1,arcal,False,enet,no_govbond_10y__d4,66,41,0.6212,0,-0.1935,2010Q3,2025Q3,0.35,0.6,0.8462,7.742
d_margin,1,arcal,False,enet,eu_ppi_paper_packaging_idx__dyoy,66,35,0.5303,0,-0.0628,2010Q1,2024Q1,0.65,0.3,0.6154,7.742
d_margin,1,arcal,False,enet,w_unemp_d4,66,26,0.3939,1,0.09884,2010Q1,2018Q4,0.8,0.5,0,7.742
d_margin,1,arcal,False,enet,us_ppi_corrugated_boxes_idx__dyoy,66,24,0.3636,0,-0.1057,2014Q1,2025Q3,0.2,0.3,0.5385,7.742
d_margin,1,arcal,False,enet,glob_fao_meat_idx__dyoy,66,12,0.1818,0,-0.05537,2016Q1,2023Q4,0,0.3,0.2308,7.742
d_margin,1,arcal,False,enet,us_ppi_corrugated_boxes_idx__yoy,66,11,0.1667,0,-0.04675,2014Q2,2025Q3,0.15,0.1,0.2308,7.742
d_margin,1,arcal,False,enet,w_gdp_vol_yoy,66,11,0.1667,0,-0.03047,2022Q2,2025Q3,0,0,0.4231,7.742
d_margin,1,arcal,False,enet,w_policy_rate_d4,66,11,0.1667,0,-0.01166,2010Q4,2024Q3,0.25,0.2,0.07692,7.742
d_margin,1,arcal,False,enet,glob_fao_sugar_idx__dyoy,66,10,0.1515,1,0.05624,2010Q2,2012Q3,0.5,0,0,7.742
d_margin,1,arcal,False,enet,packaging_eu_dyoy,66,10,0.1515,0,-0.04973,2016Q1,2024Q1,0,0.25,0.1923,7.742
d_margin,1,arcal,False,enet,w_fx_vs_usd_dyoy,66,10,0.1515,1,0.04325,2014Q2,2022Q3,0.15,0.25,0.07692,7.742
d_margin,1,arcal,False,enet,w_gov10y_d4,66,10,0.1515,0,-0.04857,2017Q4,2025Q3,0,0.05,0.3462,7.742
d_margin,1,arcal,False,enet,no_policy_rate__d4,66,9,0.1364,0,-0.1179,2014Q2,2018Q1,0.15,0.3,0,7.742
d_margin,1,arcal,False,enet,se_policy_rate__d4,66,9,0.1364,0,-0.036,2010Q1,2012Q1,0.45,0,0,7.742
d_margin,1,arcal,False,enet,glob_fao_cereals_idx__dyoy,66,8,0.1212,0,-0.107,2016Q1,2022Q4,0,0.25,0.1154,7.742
d_margin,1,arcal,False,enet,no_earn_idx_food_manuf_q__dyoy,66,8,0.1212,0,-0.05498,2010Q3,2012Q2,0.4,0,0,7.742
d_margin,1,arcal,False,enet,no_govbond_10y__lvl,66,8,0.1212,0,-0.1062,2014Q2,2017Q3,0.15,0.25,0,7.742
d_margin,1,arcal,False,enet,se_retail_grocery_vol_sa_idx__yoy,66,8,0.1212,0,-0.05513,2014Q4,2023Q4,0.05,0,0.2692,7.742
d_margin,1,arcal,False,enet,glob_fao_sugar_idx__yoy,66,7,0.1061,1,0.07099,2014Q2,2017Q3,0.1,0.25,0,7.742
d_margin,1,arcal,False,enet,no_policy_rate__lvl,66,7,0.1061,0,-0.04161,2014Q2,2016Q4,0.15,0.2,0,7.742
d_margin,1,arcal,False,enet,se_real_wage_yoy_q__d4,66,7,0.1061,1,0.03069,2017Q3,2025Q3,0,0.05,0.2308,7.742
d_margin,1,arcal,False,enet,w_ec_food_ind_sell_price_exp_d4,66,7,0.1061,0,-0.04034,2010Q1,2011Q3,0.35,0,0,7.742
d_margin,1,arcal,False,enet,brent_nok_yoy,66,6,0.09091,1,0.08543,2014Q4,2017Q3,0.05,0.25,0,7.742
d_margin,1,arcal,False,enet,eu_ppi_plastic_products_idx__yoy,66,6,0.09091,0,-0.02389,2024Q2,2025Q3,0,0,0.2308,7.742
d_margin,1,arcal,False,enet,glob_wb_food_idx_eur__yoy,66,6,0.09091,1,0.1228,2014Q2,2017Q3,0.05,0.25,0,7.742
d_margin,1,arcal,False,enet,wb_food_wloc_yoy,66,6,0.09091,1,0.02528,2014Q4,2017Q3,0.05,0.25,0,7.742
d_margin,1,arcal,False,enet,brent_nok_dyoy,66,5,0.07576,1,0.1625,2016Q1,2017Q3,0,0.25,0,7.742
d_margin,1,arcal,False,enet,eu_ppi_dom_c108_idx__yoy,66,5,0.07576,1,0.1084,2016Q1,2017Q3,0,0.25,0,7.742
d_margin,1,arcal,False,enet,eu_ppi_plastic_products_idx__dyoy,66,5,0.07576,0,-0.1437,2016Q1,2017Q3,0,0.25,0,7.742
d_margin,1,arcal,False,enet,glob_wb_food_idx_nok__yoy,66,5,0.07576,1,0.1534,2016Q1,2017Q3,0,0.25,0,7.742
d_margin,1,arcal,False,enet,no_cpi_total_idx__dyoy,66,5,0.07576,1,0.08382,2016Q1,2017Q3,0,0.25,0,7.742
d_margin,1,arcal,False,enet,no_imp_price_food_idx__yoy,66,5,0.07576,1,0.09108,2016Q1,2017Q3,0,0.25,0,7.742
d_margin,1,arcal,False,enet,no_qna_hh_food_cons_sa_mnok__dyoy,66,5,0.07576,1,0.1155,2016Q1,2017Q3,0,0.25,0,7.742
d_margin,1,arcal,False,enet,se_eursek__yoy,66,5,0.07576,0,-0.1353,2016Q1,2017Q3,0,0.25,0,7.742
d_margin,1,arcal,False,enet,w_retail_total_vol_dyoy,66,5,0.07576,1,0.02632,2016Q1,2017Q3,0,0.25,0,7.742
d_margin,1,arcal,False,enet,eu_ppi_dom_c108_idx__dyoy,66,4,0.06061,1,0.08606,2016Q1,2016Q4,0,0.2,0,7.742
d_margin,1,arcal,False,enet,no_earn_idx_food_manuf_q__yoy,66,4,0.06061,1,0.02174,2016Q1,2016Q4,0,0.2,0,7.742
d_margin,1,arcal,False,enet,nw_real_wage_dyoy,66,4,0.06061,1,0.04318,2016Q1,2016Q4,0,0.2,0,7.742
d_margin,1,arcal,False,enet,w_policy_rate_lvl,66,4,0.06061,0,-0.0476,2014Q1,2014Q4,0.2,0,0,7.742
d_margin,1,arcal,False,enet,eu_ppi_dom_c106_idx__dyoy,66,3,0.04545,0,-0.04793,2016Q1,2016Q4,0,0.15,0,7.742
d_margin,1,arcal,False,enet,no_ssb_bts_consgoods_home_price_exp__lvl,66,3,0.04545,0,-0.04486,2024Q1,2024Q3,0,0,0.1154,7.742
d_margin,1,arcal,False,enet,w_real_wage_yoy,66,3,0.04545,0,-0.03537,2018Q1,2022Q3,0,0.05,0.07692,7.742
d_margin,1,arcal,False,enet,w_retail_food_vol_yoy,66,3,0.04545,0,-0.04393,2014Q2,2014Q4,0.15,0,0,7.742
d_margin,1,arcal,False,enet,w_retail_total_vol_yoy,66,3,0.04545,0,-0.01897,2022Q2,2022Q4,0,0,0.1154,7.742
d_margin,1,arcal,False,enet,w_unemp_lvl,66,3,0.04545,1,0.02761,2016Q3,2017Q3,0,0.15,0,7.742
d_margin,1,arcal,False,enet,glob_fao_cereals_idx__yoy,66,2,0.0303,0,-0.03924,2016Q3,2016Q4,0,0.1,0,7.742
d_margin,1,arcal,False,enet,no_jordbruk_malpris_mnok__d4,66,2,0.0303,0,-0.02379,2016Q3,2016Q4,0,0.1,0,7.742
d_margin,1,arcal,False,enet,no_jordbruk_malpris_mnok__lvl,66,2,0.0303,1,0.05071,2017Q4,2018Q1,0,0.1,0,7.742
d_margin,1,arcal,False,enet,se_ec_cons_conf__d4,66,2,0.0303,1,0.004631,2016Q3,2016Q4,0,0.1,0,7.742
d_margin,1,arcal,False,enet,us_ppi_plastic_resins_idx__yoy,66,2,0.0303,1,0.03064,2016Q3,2016Q4,0,0.1,0,7.742
d_margin,1,arcal,False,enet,w_hh_saving_d4,66,2,0.0303,1,0.03278,2016Q3,2016Q4,0,0.1,0,7.742
d_margin,1,arcal,False,enet,w_real_wage_dyoy,66,2,0.0303,1,0.02539,2016Q3,2016Q4,0,0.1,0,7.742
d_margin,1,arcal,False,enet,w_wage_yoy,66,2,0.0303,0,-0.01151,2014Q4,2018Q1,0.05,0.05,0,7.742
d_margin,1,arcal,False,enet,glob_gscpi__lvl,66,1,0.01515,1,0.002911,2017Q3,2017Q3,0,0.05,0,7.742
d_margin,1,arcal,False,enet,no_ppi_food_dom_idx__yoy,66,1,0.01515,0,-0.02796,2023Q2,2023Q2,0,0,0.03846,7.742
d_margin,1,arcal,False,enet,no_qna_hh_food_cons_sa_mnok__yoy,66,1,0.01515,1,0.00135,2017Q3,2017Q3,0,0.05,0,7.742
d_margin,1,arcal,False,enet,se_ec_cons_conf__lvl,66,1,0.01515,0,-0.001619,2022Q2,2022Q2,0,0,0.03846,7.742
d_margin,1,arcal,False,enet,se_na_hhcons_food_sa__yoy,66,1,0.01515,0,-0.01165,2017Q3,2017Q3,0,0.05,0,7.742
d_margin,1,arcal,False,enet,wb_food_sek_yoy,66,1,0.01515,1,0.005126,2014Q2,2014Q2,0.05,0,0,7.742
d_margin,1,arcal,False,lasso,no_ssb_bts_consgoods_home_price_exp__d4,66,48,0.7273,0,-0.1421,2010Q3,2025Q3,0.55,0.7,0.8846,5.121
d_margin,1,arcal,False,lasso,no_nbes_bl_sell_price_di__lvl,66,41,0.6212,0,-0.1427,2010Q3,2025Q3,0.85,0.5,0.5385,5.121
d_margin,1,arcal,False,lasso,no_govbond_10y__d4,66,37,0.5606,0,-0.2559,2015Q1,2025Q3,0,0.7,0.8846,5.121
d_margin,1,arcal,False,lasso,eu_ppi_paper_packaging_idx__dyoy,66,21,0.3182,0,-0.1026,2010Q1,2024Q1,0.35,0.3,0.3077,5.121
d_margin,1,arcal,False,lasso,us_ppi_corrugated_boxes_idx__dyoy,66,17,0.2576,0,-0.1566,2017Q3,2025Q3,0,0.15,0.5385,5.121
d_margin,1,arcal,False,lasso,w_unemp_d4,66,17,0.2576,1,0.1965,2010Q1,2018Q1,0.55,0.3,0,5.121
d_margin,1,arcal,False,lasso,glob_fao_meat_idx__dyoy,66,12,0.1818,0,-0.02603,2016Q1,2023Q4,0,0.3,0.2308,5.121
d_margin,1,arcal,False,lasso,w_gdp_vol_yoy,66,8,0.1212,0,-0.01564,2022Q4,2025Q3,0,0,0.3077,5.121
d_margin,1,arcal,False,lasso,glob_fao_cereals_idx__dyoy,66,7,0.1061,0,-0.1154,2016Q1,2022Q3,0,0.25,0.07692,5.121
d_margin,1,arcal,False,lasso,se_retail_grocery_vol_sa_idx__yoy,66,7,0.1061,0,-0.07091,2022Q2,2023Q4,0,0,0.2692,5.121
d_margin,1,arcal,False,lasso,glob_fao_sugar_idx__dyoy,66,6,0.09091,1,0.05007,2010Q3,2011Q4,0.3,0,0,5.121
d_margin,1,arcal,False,lasso,brent_nok_dyoy,66,5,0.07576,1,0.1702,2016Q1,2017Q2,0,0.25,0,5.121
d_margin,1,arcal,False,lasso,brent_nok_yoy,66,5,0.07576,1,0.06081,2016Q1,2017Q2,0,0.25,0,5.121
d_margin,1,arcal,False,lasso,eu_ppi_dom_c108_idx__yoy,66,5,0.07576,1,0.1348,2016Q1,2017Q2,0,0.25,0,5.121
d_margin,1,arcal,False,lasso,eu_ppi_plastic_products_idx__dyoy,66,5,0.07576,0,-0.1557,2016Q1,2017Q2,0,0.25,0,5.121
d_margin,1,arcal,False,lasso,eu_ppi_plastic_products_idx__yoy,66,5,0.07576,0,-0.01222,2024Q3,2025Q3,0,0,0.1923,5.121
d_margin,1,arcal,False,lasso,glob_fao_sugar_idx__yoy,66,5,0.07576,1,0.07936,2016Q1,2017Q2,0,0.25,0,5.121
d_margin,1,arcal,False,lasso,glob_wb_food_idx_eur__yoy,66,5,0.07576,1,0.3123,2016Q1,2017Q2,0,0.25,0,5.121
d_margin,1,arcal,False,lasso,no_cpi_total_idx__dyoy,66,5,0.07576,1,0.05384,2016Q1,2017Q2,0,0.25,0,5.121
d_margin,1,arcal,False,lasso,no_earn_idx_food_manuf_q__dyoy,66,5,0.07576,0,-0.02226,2011Q1,2012Q2,0.25,0,0,5.121
d_margin,1,arcal,False,lasso,no_imp_price_food_idx__yoy,66,5,0.07576,1,0.05465,2016Q1,2017Q2,0,0.25,0,5.121
d_margin,1,arcal,False,lasso,no_policy_rate__d4,66,5,0.07576,0,-0.1251,2016Q1,2017Q2,0,0.25,0,5.121
d_margin,1,arcal,False,lasso,no_qna_hh_food_cons_sa_mnok__dyoy,66,5,0.07576,1,0.09047,2016Q1,2017Q2,0,0.25,0,5.121
d_margin,1,arcal,False,lasso,se_eursek__yoy,66,5,0.07576,0,-0.09293,2016Q1,2017Q2,0,0.25,0,5.121
d_margin,1,arcal,False,lasso,se_real_wage_yoy_q__d4,66,5,0.07576,1,0.0898,2024Q2,2025Q3,0,0,0.1923,5.121
d_margin,1,arcal,False,lasso,w_fx_vs_usd_dyoy,66,5,0.07576,1,0.08648,2016Q1,2017Q2,0,0.25,0,5.121
d_margin,1,arcal,False,lasso,glob_wb_food_idx_nok__yoy,66,4,0.06061,1,0.0358,2016Q2,2017Q2,0,0.2,0,5.121
d_margin,1,arcal,False,lasso,no_policy_rate__lvl,66,4,0.06061,0,-0.121,2016Q2,2017Q2,0,0.2,0,5.121
d_margin,1,arcal,False,lasso,w_ec_food_ind_sell_price_exp_d4,66,4,0.06061,0,-0.04851,2010Q2,2011Q2,0.2,0,0,5.121
d_margin,1,arcal,False,lasso,no_govbond_10y__lvl,66,3,0.04545,0,-0.1219,2016Q1,2016Q3,0,0.15,0,5.121
d_margin,1,arcal,False,lasso,us_ppi_corrugated_boxes_idx__yoy,66,3,0.04545,0,-0.02413,2016Q2,2025Q3,0,0.1,0.03846,5.121
d_margin,1,arcal,False,lasso,w_real_wage_yoy,66,3,0.04545,0,-0.03188,2017Q3,2022Q3,0,0.05,0.07692,5.121
d_margin,1,arcal,False,lasso,w_retail_total_vol_dyoy,66,3,0.04545,1,0.005912,2016Q1,2017Q2,0,0.15,0,5.121
d_margin,1,arcal,False,lasso,w_retail_total_vol_yoy,66,3,0.04545,0,-0.01854,2022Q2,2022Q4,0,0,0.1154,5.121
d_margin,1,arcal,False,lasso,no_jordbruk_malpris_mnok__lvl,66,2,0.0303,1,0.05754,2017Q4,2018Q1,0,0.1,0,5.121
d_margin,1,arcal,False,lasso,no_ssb_bts_consgoods_home_price_exp__lvl,66,2,0.0303,0,-0.01427,2024Q2,2024Q3,0,0,0.07692,5.121
d_margin,1,arcal,False,lasso,w_policy_rate_lvl,66,2,0.0303,0,-0.0004129,2014Q1,2014Q2,0.1,0,0,5.121
d_margin,1,arcal,False,lasso,w_unemp_lvl,66,2,0.0303,1,0.003153,2016Q4,2017Q2,0,0.1,0,5.121
d_margin,1,arcal,False,lasso,eu_ppi_dom_c108_idx__dyoy,66,1,0.01515,1,0.03245,2017Q2,2017Q2,0,0.05,0,5.121
d_margin,1,arcal,False,lasso,no_earn_idx_food_manuf_q__yoy,66,1,0.01515,1,0.04232,2016Q1,2016Q1,0,0.05,0,5.121
d_margin,1,arcal,False,lasso,no_ppi_food_dom_idx__yoy,66,1,0.01515,0,-0.00964,2023Q2,2023Q2,0,0,0.03846,5.121
d_margin,1,arcal,False,lasso,nw_real_wage_dyoy,66,1,0.01515,1,0.01873,2016Q1,2016Q1,0,0.05,0,5.121
d_margin,1,arcal,False,lasso,packaging_eu_dyoy,66,1,0.01515,0,-0.0919,2016Q1,2016Q1,0,0.05,0,5.121
d_margin,1,arcal,False,lasso,price_wage_gap,66,1,0.01515,1,0.006702,2022Q2,2022Q2,0,0,0.03846,5.121
d_margin,1,arcal,False,lasso,w_wage_yoy,66,1,0.01515,0,-0.02541,2018Q1,2018Q1,0,0.05,0,5.121
d_margin,2,ar,True,enet,us_ppi_corrugated_boxes_idx__dyoy,66,54,0.8182,0,-0.2066,2011Q1,2026Q1,0.8,0.8,0.8462,18.97
d_margin,2,ar,True,enet,glob_fao_cereals_idx__dyoy,66,45,0.6818,0,-0.0985,2011Q1,2025Q4,0.45,0.8,0.7692,18.97
d_margin,2,ar,True,enet,no_jordbruk_malpris_mnok__lvl,66,44,0.6667,1,0.1884,2011Q4,2024Q2,0.65,0.8,0.5769,18.97
d_margin,2,ar,True,enet,se_retail_grocery_vol_sa_idx__yoy,66,44,0.6667,0,-0.1111,2011Q4,2024Q2,0.65,0.8,0.5769,18.97
d_margin,2,ar,True,enet,no_policy_rate__d4,66,39,0.5909,0,-0.09631,2011Q1,2024Q2,0.75,0.8,0.3077,18.97
d_margin,2,ar,True,enet,no_govbond_10y__d4,66,38,0.5758,0,-0.1646,2013Q2,2026Q1,0.35,0.8,0.5769,18.97
d_margin,2,ar,True,enet,w_hh_saving_d4,66,35,0.5303,0,-0.1263,2014Q1,2024Q2,0.2,0.8,0.5769,18.97
d_margin,2,ar,True,enet,us_ppi_corrugated_boxes_idx__yoy,66,34,0.5152,0,-0.06306,2011Q1,2026Q1,0.8,0.6,0.2308,18.97
d_margin,2,ar,True,enet,w_fx_vs_usd_dyoy,66,32,0.4848,1,0.1575,2011Q1,2023Q3,0.45,0.55,0.4615,18.97
d_margin,2,ar,True,enet,w_gov10y_d4,66,28,0.4242,0,-0.04134,2013Q4,2026Q1,0.25,0.65,0.3846,18.97
d_margin,2,ar,True,enet,no_nbes_bl_sell_price_di__lvl,66,25,0.3788,0.28,-0.01389,2011Q4,2025Q4,0.45,0,0.6154,18.97
d_margin,2,ar,True,enet,w_retail_total_vol_yoy,66,24,0.3636,0,-0.06195,2011Q4,2024Q1,0.65,0.2,0.2692,18.97
d_margin,2,ar,True,enet,glob_fao_sugar_idx__yoy,66,22,0.3333,1,0.113,2015Q2,2023Q3,0,0.6,0.3846,18.97
d_margin,2,ar,True,enet,no_ssb_bts_consgoods_home_price_exp__d4,66,22,0.3333,0.04545,-0.01408,2011Q3,2025Q4,0.05,0.45,0.4615,18.97
d_margin,2,ar,True,enet,se_na_hhcons_food_sa__dyoy,66,22,0.3333,1,0.1663,2011Q1,2023Q3,0.15,0.45,0.3846,18.97
d_margin,2,ar,True,enet,ea_ec_food_ind_sell_price_exp__d4,66,21,0.3182,0,-0.08465,2018Q4,2026Q1,0,0.05,0.7692,18.97
d_margin,2,ar,True,enet,no_earn_idx_food_manuf_q__dyoy,66,21,0.3182,0,-0.05281,2011Q4,2024Q2,0.45,0.2,0.3077,18.97
d_margin,2,ar,True,enet,w_policy_rate_d4,66,18,0.2727,0,-0.02516,2011Q4,2018Q3,0.5,0.4,0,18.97
d_margin,2,ar,True,enet,eu_ppi_dom_c108_idx__dyoy,66,17,0.2576,1,0.1577,2011Q3,2023Q3,0.05,0.3,0.3846,18.97
d_margin,2,ar,True,enet,no_earn_idx_food_manuf_q__yoy,66,17,0.2576,0,-0.1053,2011Q1,2023Q2,0.3,0.1,0.3462,18.97
d_margin,2,ar,True,enet,glob_fao_sugar_idx__dyoy,66,16,0.2424,1,0.1326,2011Q1,2022Q1,0.45,0,0.2692,18.97
d_margin,2,ar,True,enet,nw_retail_food_vol_yoy,66,16,0.2424,0,-0.03971,2012Q4,2016Q3,0.45,0.35,0,18.97
d_margin,2,ar,True,enet,w_retail_food_vol_yoy,66,16,0.2424,0,-0.04063,2013Q3,2023Q1,0.3,0.35,0.1154,18.97
d_margin,2,ar,True,enet,ea_ec_food_ind_sell_price_exp__lvl,66,15,0.2273,0,-0.1492,2011Q3,2025Q1,0.05,0,0.5385,18.97
d_margin,2,ar,True,enet,no_cpi_total_idx__dyoy,66,15,0.2273,0,-0.06698,2011Q3,2024Q2,0.05,0.05,0.5,18.97
d_margin,2,ar,True,enet,glob_fao_vegoils_idx__dyoy,66,14,0.2121,0,-0.05274,2020Q3,2024Q1,0,0,0.5385,18.97
d_margin,2,ar,True,enet,no_ppi_food_dom_idx__yoy,66,14,0.2121,0,-0.05326,2018Q3,2024Q2,0,0.1,0.4615,18.97
d_margin,2,ar,True,enet,no_retail_foodstores_vol_sa_idx__dyoy,66,14,0.2121,0.5,0.08134,2011Q4,2022Q1,0.35,0,0.2692,18.97
d_margin,2,ar,True,enet,se_nier_food_mfg_sell_price_exp__d4,66,14,0.2121,0,-0.06642,2011Q1,2014Q4,0.7,0,0,18.97
d_margin,2,ar,True,enet,us_ppi_plastic_resins_idx__yoy,66,14,0.2121,1,0.1873,2011Q1,2022Q1,0.15,0.2,0.2692,18.97
d_margin,2,ar,True,enet,w_food_cpi_rel_dyoy,66,14,0.2121,1,0.1355,2011Q1,2024Q1,0.1,0,0.4615,18.97
d_margin,2,ar,True,enet,no_ssb_bts_consgoods_home_price_exp__lvl,66,13,0.197,0,-0.0761,2020Q3,2024Q2,0,0,0.5,18.97
d_margin,2,ar,True,enet,se_wage_idx_m__dyoy,66,13,0.197,0,-0.2278,2011Q1,2023Q3,0.15,0,0.3846,18.97
d_margin,2,ar,True,enet,w_ec_cons_price_exp_lvl,66,13,0.197,0.8462,0.1877,2011Q1,2023Q3,0.1,0.05,0.3846,18.97
d_margin,2,ar,True,enet,w_real_wage_yoy,66,13,0.197,0.1538,-0.009983,2011Q1,2022Q3,0.1,0.5,0.03846,18.97
d_margin,2,ar,True,enet,no_vat_food_rate__d4,66,12,0.1818,0,-0.09006,2011Q1,2023Q3,0.1,0,0.3846,18.97
d_margin,2,ar,True,enet,se_cpi_idx__yoy,66,12,0.1818,1,0.19,2018Q3,2023Q3,0,0.1,0.3846,18.97
d_margin,2,ar,True,enet,se_na_hhcons_food_sa__yoy,66,12,0.1818,1,0.08418,2011Q1,2023Q3,0.15,0.05,0.3077,18.97
d_margin,2,ar,True,enet,w_cons_conf_z,66,12,0.1818,0.1667,-0.03277,2011Q1,2023Q3,0.5,0,0.07692,18.97
d_margin,2,ar,True,enet,nw_food_cpi_xvat_yoy,66,11,0.1667,1,0.0477,2011Q1,2023Q2,0.1,0,0.3462,18.97
d_margin,2,ar,True,enet,se_ec_cons_conf__lvl,66,11,0.1667,0.7273,0.1948,2011Q1,2023Q2,0.15,0,0.3077,18.97
d_margin,2,ar,True,enet,eu_ppi_dom_c105_idx__yoy,66,10,0.1515,1,0.1441,2020Q3,2023Q3,0,0,0.3846,18.97
d_margin,2,ar,True,enet,no_cpi_total_idx__yoy,66,10,0.1515,0,-0.1468,2011Q1,2022Q1,0.15,0,0.2692,18.97
d_margin,2,ar,True,enet,no_imp_price_food_idx__yoy,66,10,0.1515,1,0.1329,2020Q3,2023Q3,0,0,0.3846,18.97
d_margin,2,ar,True,enet,price_cost_gap_ppi,66,10,0.1515,1,0.1756,2011Q3,2023Q3,0.05,0,0.3462,18.97
d_margin,2,ar,True,enet,se_retail_grocery_vol_sa_idx__dyoy,66,10,0.1515,0,-0.0711,2011Q1,2022Q1,0.15,0,0.2692,18.97
d_margin,2,ar,True,enet,w_gdp_vol_yoy,66,10,0.1515,0,-0.02582,2014Q4,2018Q4,0.05,0.45,0,18.97
d_margin,2,ar,True,enet,w_hh_saving_lvl,66,10,0.1515,1,0.2045,2011Q1,2022Q1,0.15,0,0.2692,18.97
d_margin,2,ar,True,enet,w_unemp_d4,66,10,0.1515,1,0.08512,2011Q3,2018Q4,0.25,0.25,0,18.97
d_margin,2,ar,True,enet,eu_ppi_dom_c108_idx__yoy,66,9,0.1364,1,0.03422,2013Q3,2018Q3,0.1,0.35,0,18.97
d_margin,2,ar,True,enet,eu_ppi_plastic_products_idx__yoy,66,9,0.1364,0,-0.04804,2023Q2,2025Q4,0,0,0.3462,18.97
d_margin,2,ar,True,enet,no_fn_cci_sa__lvl,66,9,0.1364,0,-0.4432,2011Q3,2022Q1,0.05,0.05,0.2692,18.97
d_margin,2,ar,True,enet,price_cost_gap_fao_nok,66,9,0.1364,1,0.1644,2011Q3,2023Q1,0.05,0,0.3077,18.97
d_margin,2,ar,True,enet,brent_nok_yoy,66,8,0.1212,1,0.07513,2018Q2,2022Q1,0,0.05,0.2692,18.97
d_margin,2,ar,True,enet,glob_fao_cereals_idx__yoy,66,8,0.1212,0,-0.1174,2014Q4,2022Q1,0.05,0,0.2692,18.97
d_margin,2,ar,True,enet,price_wage_gap_d4,66,8,0.1212,1,0.0252,2016Q4,2018Q4,0,0.4,0,18.97
d_margin,2,ar,True,enet,ea_hicp_food_idx__yoy,66,7,0.1061,0,-0.1363,2020Q3,2022Q1,0,0,0.2692,18.97
d_margin,2,ar,True,enet,ea_negotiated_wages_yoy_q__d4,66,7,0.1061,1,0.0577,2020Q3,2022Q1,0,0,0.2692,18.97
d_margin,2,ar,True,enet,eu_agri_basket_wloc_yoy,66,7,0.1061,1,0.09646,2020Q3,2022Q1,0,0,0.2692,18.97
d_margin,2,ar,True,enet,eu_ppi_dom_c106_idx__dyoy,66,7,0.1061,1,0.08846,2020Q3,2022Q1,0,0,0.2692,18.97
d_margin,2,ar,True,enet,eu_ppi_dom_c106_idx__yoy,66,7,0.1061,1,0.08892,2020Q3,2022Q1,0,0,0.2692,18.97
d_margin,2,ar,True,enet,glob_fao_dairy_idx__yoy,66,7,0.1061,0,-0.1621,2020Q3,2022Q1,0,0,0.2692,18.97
d_margin,2,ar,True,enet,glob_fao_meat_idx__yoy,66,7,0.1061,1,0.1439,2020Q3,2022Q1,0,0,0.2692,18.97
d_margin,2,ar,True,enet,glob_gscpi__d4,66,7,0.1061,0,-0.0288,2020Q3,2022Q1,0,0,0.2692,18.97
d_margin,2,ar,True,enet,no_qna_hh_food_cons_sa_mnok__dyoy,66,7,0.1061,1,0.009416,2020Q3,2022Q1,0,0,0.2692,18.97
d_margin,2,ar,True,enet,price_wage_gap,66,7,0.1061,1,0.03599,2016Q4,2023Q3,0,0.2,0.1154,18.97
d_margin,2,ar,True,enet,se_cpi_idx__dyoy,66,7,0.1061,0,-0.05425,2011Q3,2025Q4,0.15,0,0.1538,18.97
d_margin,2,ar,True,enet,se_ec_cons_conf__d4,66,7,0.1061,1,0.06271,2020Q3,2022Q1,0,0,0.2692,18.97
d_margin,2,ar,True,enet,se_real_wage_yoy_q__d4,66,7,0.1061,1,0.3153,2020Q3,2022Q1,0,0,0.2692,18.97
d_margin,2,ar,True,enet,w_cpi_dyoy,66,7,0.1061,0,-0.1029,2020Q3,2022Q1,0,0,0.2692,18.97
d_margin,2,ar,True,enet,w_ec_food_ind_sell_price_exp_lvl,66,7,0.1061,1,0.3272,2020Q3,2022Q1,0,0,0.2692,18.97
d_margin,2,ar,True,enet,w_food_cpi_xvat_dyoy,66,7,0.1061,0,-0.08302,2020Q3,2022Q1,0,0,0.2692,18.97
d_margin,2,ar,True,enet,w_fx_vs_nok_dyoy,66,7,0.1061,1,0.005656,2020Q3,2022Q1,0,0,0.2692,18.97
d_margin,2,ar,True,enet,w_gdp_vol_dyoy,66,7,0.1061,0,-0.03122,2020Q3,2022Q1,0,0,0.2692,18.97
d_margin,2,ar,True,enet,nw_cons_conf_z,66,6,0.09091,0,-0.09929,2011Q1,2012Q2,0.3,0,0,18.97
d_margin,2,ar,True,enet,us_ppi_plastic_resins_idx__dyoy,66,6,0.09091,1,0.03023,2011Q1,2023Q2,0.1,0.1,0.07692,18.97
d_margin,2,ar,True,enet,w_ec_food_ind_sell_price_exp_d4,66,6,0.09091,0,-0.03707,2011Q4,2015Q1,0.25,0.05,0,18.97
d_margin,2,ar,True,enet,no_jordbruk_malpris_mnok__d4,66,5,0.07576,1,0.1133,2023Q2,2024Q2,0,0,0.1923,18.97
d_margin,2,ar,True,enet,no_ppi_food_dom_idx__dyoy,66,5,0.07576,0,-0.04946,2018Q3,2023Q3,0,0.1,0.1154,18.97
d_margin,2,ar,True,enet,se_gov_bond_10y__d4,66,5,0.07576,0,-0.01432,2014Q3,2024Q4,0.05,0.05,0.1154,18.97
d_margin,2,ar,True,enet,ea_negotiated_wages_yoy_q__lvl,66,4,0.06061,1,0.1343,2011Q1,2011Q4,0.2,0,0,18.97
d_margin,2,ar,True,enet,nw_retail_food_vol_dyoy,66,4,0.06061,0,-0.1206,2011Q4,2012Q3,0.2,0,0,18.97
d_margin,2,ar,True,enet,se_eursek__dyoy,66,4,0.06061,1,0.03008,2013Q2,2024Q2,0.15,0,0.03846,18.97
d_margin,2,ar,True,enet,brent_nok_dyoy,66,3,0.04545,1,0.0417,2018Q2,2018Q4,0,0.15,0,18.97
d_margin,2,ar,True,enet,fao_ffpi_sek_dyoy,66,3,0.04545,1,0.2471,2011Q1,2011Q3,0.15,0,0,18.97
d_margin,2,ar,True,enet,fao_ffpi_wloc_dyoy,66,3,0.04545,1,0.1696,2011Q1,2011Q3,0.15,0,0,18.97
d_margin,2,ar,True,enet,glob_gscpi__lvl,66,3,0.04545,0,-0.101,2011Q1,2011Q3,0.15,0,0,18.97
d_margin,2,ar,True,enet,se_nier_food_mfg_sell_price_exp__lvl,66,3,0.04545,1,0.1652,2011Q1,2011Q3,0.15,0,0,18.97
d_margin,2,ar,True,enet,w_food_cpi_rel_yoy,66,3,0.04545,1,0.1028,2011Q1,2011Q3,0.15,0,0,18.97
d_margin,2,ar,True,enet,w_fx_vs_nok_yoy,66,3,0.04545,0,-0.04743,2023Q1,2023Q3,0,0,0.1154,18.97
d_margin,2,ar,True,enet,w_wage_dyoy,66,3,0.04545,0.3333,0.0222,2011Q3,2018Q2,0.05,0.1,0,18.97
d_margin,2,ar,True,enet,eu_ppi_plastic_products_idx__dyoy,66,2,0.0303,0,-0.006058,2024Q1,2024Q2,0,0,0.07692,18.97
d_margin,2,ar,True,enet,glob_fao_ffpi_nok__dyoy,66,2,0.0303,1,0.09631,2011Q1,2011Q2,0.1,0,0,18.97
d_margin,2,ar,True,enet,no_cpi_food_idx__yoy,66,2,0.0303,1,0.05121,2011Q1,2011Q2,0.1,0,0,18.97
d_margin,2,ar,True,enet,nw_real_wage_dyoy,66,2,0.0303,1,0.06212,2011Q2,2011Q3,0.1,0,0,18.97
d_margin,2,ar,True,enet,price_cost_gap_fao_wloc,66,2,0.0303,1,0.05868,2011Q2,2011Q3,0.1,0,0,18.97
d_margin,2,ar,True,enet,se_policy_rate__lvl,66,2,0.0303,1,0.03754,2011Q1,2011Q2,0.1,0,0,18.97
d_margin,2,ar,True,enet,se_ppi_food_hmpi_idx__yoy,66,2,0.0303,1,0.0427,2023Q2,2023Q3,0,0,0.07692,18.97
d_margin,2,ar,True,enet,w_ec_cons_price_exp_d4,66,2,0.0303,0,-0.3146,2011Q1,2011Q2,0.1,0,0,18.97
d_margin,2,ar,True,enet,w_retail_food_vol_dyoy,66,2,0.0303,0,-0.005829,2012Q2,2017Q4,0.05,0.05,0,18.97
d_margin,2,ar,True,enet,elec_nordic_loc_yoy,66,1,0.01515,0,-0.003412,2024Q1,2024Q1,0,0,0.03846,18.97
d_margin,2,ar,True,enet,no_qna_hh_food_cons_sa_mnok__yoy,66,1,0.01515,0,-0.001448,2023Q2,2023Q2,0,0,0.03846,18.97
d_margin,2,ar,True,enet,nw_food_cpi_dyoy,66,1,0.01515,0,-0.02476,2023Q3,2023Q3,0,0,0.03846,18.97
d_margin,2,ar,True,enet,nw_price_cost_gap_ppi,66,1,0.01515,1,0.07267,2011Q3,2011Q3,0.05,0,0,18.97
d_margin,2,ar,True,enet,nw_price_cost_gap_ppi_d4,66,1,0.01515,1,0.02942,2023Q1,2023Q1,0,0,0.03846,18.97
d_margin,2,ar,True,enet,packaging_eu_dyoy,66,1,0.01515,0,-0.009162,2024Q3,2024Q3,0,0,0.03846,18.97
d_margin,2,ar,True,enet,price_cost_gap_fao_nok_d4,66,1,0.01515,1,0.03268,2018Q4,2018Q4,0,0.05,0,18.97
d_margin,2,ar,True,enet,se_policy_rate__d4,66,1,0.01515,0,-0.0005248,2012Q2,2012Q2,0.05,0,0,18.97
d_margin,2,ar,True,enet,se_real_wage_yoy_q__lvl,66,1,0.01515,0,-0.01402,2023Q3,2023Q3,0,0,0.03846,18.97
d_margin,2,ar,True,enet,se_wage_idx_m__yoy,66,1,0.01515,1,0.2037,2011Q3,2011Q3,0.05,0,0,18.97
d_margin,2,ar,True,enet,w_food_cpi_dyoy,66,1,0.01515,1,0.01157,2011Q3,2011Q3,0.05,0,0,18.97
d_margin,2,ar,True,enet,w_gov10y_lvl,66,1,0.01515,0,-0.006401,2013Q4,2013Q4,0.05,0,0,18.97
d_margin,2,ar,True,enet,wb_food_sek_dyoy,66,1,0.01515,1,0.004671,2011Q4,2011Q4,0.05,0,0,18.97
d_margin,2,ar,True,lasso,us_ppi_corrugated_boxes_idx__dyoy,66,44,0.6667,0,-0.2458,2011Q1,2025Q4,0.7,0.8,0.5385,8.818
d_margin,2,ar,True,lasso,no_jordbruk_malpris_mnok__lvl,66,37,0.5606,1,0.2203,2011Q4,2024Q2,0.65,0.8,0.3077,8.818
d_margin,2,ar,True,lasso,no_govbond_10y__d4,66,36,0.5455,0,-0.2206,2013Q3,2025Q4,0.3,0.8,0.5385,8.818
d_margin,2,ar,True,lasso,no_policy_rate__d4,66,32,0.4848,0,-0.1479,2011Q4,2024Q1,0.55,0.8,0.1923,8.818
d_margin,2,ar,True,lasso,se_retail_grocery_vol_sa_idx__yoy,66,32,0.4848,0,-0.1094,2012Q4,2024Q2,0.4,0.8,0.3077,8.818
d_margin,2,ar,True,lasso,w_hh_saving_d4,66,25,0.3788,0,-0.1073,2014Q4,2024Q2,0.05,0.8,0.3077,8.818
d_margin,2,ar,True,lasso,glob_fao_cereals_idx__dyoy,66,24,0.3636,0,-0.09721,2014Q1,2024Q2,0.2,0.75,0.1923,8.818
d_margin,2,ar,True,lasso,no_earn_idx_food_manuf_q__dyoy,66,18,0.2727,0,-0.05589,2011Q4,2024Q2,0.45,0.05,0.3077,8.818
d_margin,2,ar,True,lasso,glob_fao_sugar_idx__yoy,66,17,0.2576,1,0.05092,2014Q1,2023Q1,0.15,0.65,0.03846,8.818
d_margin,2,ar,True,lasso,no_nbes_bl_sell_price_di__lvl,66,16,0.2424,0,-0.09014,2011Q1,2025Q4,0.45,0,0.2692,8.818
d_margin,2,ar,True,lasso,w_fx_vs_usd_dyoy,66,16,0.2424,1,0.1427,2011Q1,2023Q3,0.25,0.4,0.1154,8.818
d_margin,2,ar,True,lasso,w_retail_food_vol_yoy,66,15,0.2273,0,-0.06379,2013Q4,2022Q4,0.25,0.4,0.07692,8.818
d_margin,2,ar,True,lasso,ea_ec_food_ind_sell_price_exp__d4,66,13,0.197,0,-0.1036,2018Q4,2025Q4,0,0.05,0.4615,8.818
d_margin,2,ar,True,lasso,se_na_hhcons_food_sa__dyoy,66,12,0.1818,1,0.1925,2011Q1,2023Q2,0.1,0.4,0.07692,8.818
d_margin,2,ar,True,lasso,w_retail_total_vol_yoy,66,12,0.1818,0,-0.07523,2012Q3,2024Q1,0.2,0.05,0.2692,8.818
d_margin,2,ar,True,lasso,us_ppi_corrugated_boxes_idx__yoy,66,11,0.1667,0,-0.1209,2011Q1,2013Q4,0.55,0,0,8.818
d_margin,2,ar,True,lasso,no_ssb_bts_consgoods_home_price_exp__d4,66,10,0.1515,0,-0.04678,2015Q2,2024Q2,0,0.3,0.1538,8.818
d_margin,2,ar,True,lasso,nw_retail_food_vol_yoy,66,9,0.1364,0,-0.07053,2013Q2,2015Q2,0.35,0.1,0,8.818
d_margin,2,ar,True,lasso,glob_fao_sugar_idx__dyoy,66,8,0.1212,1,0.1385,2011Q1,2013Q1,0.4,0,0,8.818
d_margin,2,ar,True,lasso,no_earn_idx_food_manuf_q__yoy,66,8,0.1212,0,-0.02628,2011Q1,2023Q2,0.2,0.1,0.07692,8.818
d_margin,2,ar,True,lasso,se_nier_food_mfg_sell_price_exp__d4,66,7,0.1061,0,-0.1085,2011Q4,2013Q2,0.35,0,0,8.818
d_margin,2,ar,True,lasso,w_real_wage_yoy,66,7,0.1061,0.2857,-0.005164,2011Q1,2017Q3,0.1,0.25,0,8.818
d_margin,2,ar,True,lasso,eu_ppi_plastic_products_idx__yoy,66,6,0.09091,0,-0.04693,2023Q3,2025Q4,0,0,0.2308,8.818
d_margin,2,ar,True,lasso,glob_fao_vegoils_idx__dyoy,66,6,0.09091,0,-0.09548,2022Q3,2024Q1,0,0,0.2308,8.818
d_margin,2,ar,True,lasso,no_cpi_total_idx__dyoy,66,6,0.09091,0,-0.0334,2023Q1,2024Q2,0,0,0.2308,8.818
d_margin,2,ar,True,lasso,no_ppi_food_dom_idx__yoy,66,6,0.09091,0,-0.1337,2018Q3,2024Q2,0,0.1,0.1538,8.818
d_margin,2,ar,True,lasso,no_ssb_bts_consgoods_home_price_exp__lvl,66,6,0.09091,0,-0.06594,2023Q1,2024Q2,0,0,0.2308,8.818
d_margin,2,ar,True,lasso,price_wage_gap_d4,66,6,0.09091,1,0.0398,2017Q1,2018Q4,0,0.3,0,8.818
d_margin,2,ar,True,lasso,us_ppi_plastic_resins_idx__dyoy,66,6,0.09091,1,0.02912,2011Q1,2023Q2,0.1,0.1,0.07692,8.818
d_margin,2,ar,True,lasso,us_ppi_plastic_resins_idx__yoy,66,6,0.09091,1,0.02909,2011Q1,2018Q4,0.1,0.2,0,8.818
d_margin,2,ar,True,lasso,w_food_cpi_rel_dyoy,66,6,0.09091,1,0.09463,2011Q1,2024Q1,0.1,0,0.1538,8.818
d_margin,2,ar,True,lasso,w_unemp_d4,66,6,0.09091,1,0.1817,2010Q4,2018Q1,0.25,0.05,0,8.818
d_margin,2,ar,True,lasso,se_cpi_idx__dyoy,66,5,0.07576,0,-0.06063,2013Q3,2025Q3,0.1,0,0.1154,8.818
d_margin,2,ar,True,lasso,w_ec_food_ind_sell_price_exp_d4,66,5,0.07576,0,-0.008781,2014Q1,2015Q1,0.2,0.05,0,8.818
d_margin,2,ar,True,lasso,eu_ppi_dom_c108_idx__dyoy,66,4,0.06061,1,0.1073,2018Q3,2023Q2,0,0.1,0.07692,8.818
d_margin,2,ar,True,lasso,no_jordbruk_malpris_mnok__d4,66,4,0.06061,1,0.1184,2023Q3,2024Q2,0,0,0.1538,8.818
d_margin,2,ar,True,lasso,no_retail_foodstores_vol_sa_idx__dyoy,66,4,0.06061,0,-0.08005,2011Q4,2013Q1,0.2,0,0,8.818
d_margin,2,ar,True,lasso,no_vat_food_rate__d4,66,4,0.06061,0,-0.03439,2011Q1,2023Q2,0.1,0,0.07692,8.818
d_margin,2,ar,True,lasso,nw_food_cpi_xvat_yoy,66,4,0.06061,1,0.1031,2011Q1,2023Q2,0.1,0,0.07692,8.818
d_margin,2,ar,True,lasso,nw_retail_food_vol_dyoy,66,4,0.06061,0,-0.1784,2011Q4,2012Q3,0.2,0,0,8.818
d_margin,2,ar,True,lasso,se_cpi_idx__yoy,66,4,0.06061,1,0.1747,2018Q3,2023Q2,0,0.1,0.07692,8.818
d_margin,2,ar,True,lasso,se_ec_cons_conf__lvl,66,4,0.06061,0.5,-0.04824,2011Q1,2023Q2,0.1,0.05,0.03846,8.818
d_margin,2,ar,True,lasso,se_wage_idx_m__dyoy,66,4,0.06061,0,-0.1059,2011Q1,2023Q2,0.1,0,0.07692,8.818
d_margin,2,ar,True,lasso,w_cons_conf_z,66,4,0.06061,0.25,-0.05594,2011Q4,2023Q2,0.15,0,0.03846,8.818
d_margin,2,ar,True,lasso,brent_nok_dyoy,66,3,0.04545,1,0.03941,2018Q2,2018Q4,0,0.15,0,8.818
d_margin,2,ar,True,lasso,ea_negotiated_wages_yoy_q__lvl,66,3,0.04545,1,0.2185,2011Q1,2011Q4,0.15,0,0,8.818
d_margin,2,ar,True,lasso,eu_ppi_dom_c108_idx__yoy,66,3,0.04545,1,0.03342,2013Q4,2017Q4,0.05,0.1,0,8.818
d_margin,2,ar,True,lasso,nw_cons_conf_z,66,3,0.04545,0,-0.06936,2011Q1,2011Q4,0.15,0,0,8.818
d_margin,2,ar,True,lasso,se_na_hhcons_food_sa__yoy,66,3,0.04545,1,0.1526,2011Q1,2018Q4,0.1,0.05,0,8.818
d_margin,2,ar,True,lasso,w_ec_cons_price_exp_lvl,66,3,0.04545,0.3333,-0.1206,2011Q1,2023Q2,0.1,0,0.03846,8.818
d_margin,2,ar,True,lasso,w_retail_food_vol_dyoy,66,3,0.04545,0,-0.01404,2017Q4,2018Q2,0,0.15,0,8.818
d_margin,2,ar,True,lasso,ea_ec_food_ind_sell_price_exp__lvl,66,2,0.0303,0,-0.2165,2023Q1,2023Q2,0,0,0.07692,8.818
d_margin,2,ar,True,lasso,fao_ffpi_sek_dyoy,66,2,0.0303,1,0.5032,2011Q1,2011Q2,0.1,0,0,8.818
d_margin,2,ar,True,lasso,glob_fao_meat_idx__dyoy,66,2,0.0303,1,0.09552,2011Q1,2011Q2,0.1,0,0,8.818
d_margin,2,ar,True,lasso,glob_gscpi__lvl,66,2,0.0303,0,-0.07096,2011Q1,2011Q2,0.1,0,0,8.818
d_margin,2,ar,True,lasso,no_cpi_total_idx__yoy,66,2,0.0303,0,-0.03547,2011Q1,2011Q2,0.1,0,0,8.818
d_margin,2,ar,True,lasso,no_imp_price_food_idx__yoy,66,2,0.0303,1,0.08962,2023Q1,2023Q2,0,0,0.07692,8.818
d_margin,2,ar,True,lasso,no_ppi_food_dom_idx__dyoy,66,2,0.0303,0,-0.06898,2018Q3,2018Q4,0,0.1,0,8.818
d_margin,2,ar,True,lasso,price_cost_gap_fao_nok_d4,66,2,0.0303,1,0.02894,2018Q3,2018Q4,0,0.1,0,8.818
d_margin,2,ar,True,lasso,price_wage_gap,66,2,0.0303,1,0.1224,2023Q1,2023Q2,0,0,0.07692,8.818
d_margin,2,ar,True,lasso,se_policy_rate__lvl,66,2,0.0303,1,0.127,2011Q1,2011Q2,0.1,0,0,8.818
d_margin,2,ar,True,lasso,se_retail_grocery_vol_sa_idx__dyoy,66,2,0.0303,0,-0.04898,2011Q1,2011Q2,0.1,0,0,8.818
d_margin,2,ar,True,lasso,w_ec_cons_price_exp_d4,66,2,0.0303,0,-0.5317,2011Q1,2011Q2,0.1,0,0,8.818
d_margin,2,ar,True,lasso,w_food_cpi_rel_yoy,66,2,0.0303,1,0.1283,2011Q1,2011Q2,0.1,0,0,8.818
d_margin,2,ar,True,lasso,w_fx_vs_nok_yoy,66,2,0.0303,0,-0.03845,2023Q1,2023Q2,0,0,0.07692,8.818
d_margin,2,ar,True,lasso,brent_nok_yoy,66,1,0.01515,1,0.03729,2018Q2,2018Q2,0,0.05,0,8.818
d_margin,2,ar,True,lasso,eu_ppi_dom_c105_idx__yoy,66,1,0.01515,1,0.02834,2023Q1,2023Q1,0,0,0.03846,8.818
d_margin,2,ar,True,lasso,fao_ffpi_wloc_dyoy,66,1,0.01515,1,0.0003339,2011Q1,2011Q1,0.05,0,0,8.818
d_margin,2,ar,True,lasso,glob_fao_ffpi_nok__dyoy,66,1,0.01515,1,0.01723,2011Q2,2011Q2,0.05,0,0,8.818
d_margin,2,ar,True,lasso,no_cpi_food_idx__dyoy,66,1,0.01515,1,0.04369,2011Q1,2011Q1,0.05,0,0,8.818
d_margin,2,ar,True,lasso,no_cpi_food_idx__yoy,66,1,0.01515,1,0.1113,2011Q1,2011Q1,0.05,0,0,8.818
d_margin,2,ar,True,lasso,price_cost_gap_fao_nok,66,1,0.01515,1,0.0345,2023Q1,2023Q1,0,0,0.03846,8.818
d_margin,2,ar,True,lasso,price_cost_gap_fao_wloc,66,1,0.01515,1,0.04451,2011Q2,2011Q2,0.05,0,0,8.818
d_margin,2,ar,True,lasso,price_cost_gap_ppi,66,1,0.01515,1,0.01765,2011Q2,2011Q2,0.05,0,0,8.818
d_margin,2,ar,True,lasso,se_eursek__dyoy,66,1,0.01515,1,0.02816,2024Q2,2024Q2,0,0,0.03846,8.818
d_margin,2,ar,True,lasso,se_gov_bond_10y__lvl,66,1,0.01515,1,0.0009194,2018Q1,2018Q1,0,0.05,0,8.818
d_margin,2,ar,True,lasso,w_gdp_vol_yoy,66,1,0.01515,0,-0.000402,2016Q1,2016Q1,0,0.05,0,8.818
d_margin,2,ar,True,lasso,w_hh_saving_lvl,66,1,0.01515,1,0.004946,2011Q2,2011Q2,0.05,0,0,8.818
d_margin,2,ar,True,lasso,w_policy_rate_d4,66,1,0.01515,0,-0.08911,2012Q2,2012Q2,0.05,0,0,8.818
d_margin,2,arcal,False,enet,us_ppi_corrugated_boxes_idx__dyoy,66,43,0.6515,0,-0.1761,2011Q1,2026Q2,0.6,0.75,0.6154,11.48
d_margin,2,arcal,False,enet,glob_fao_cereals_idx__dyoy,66,41,0.6212,0,-0.09611,2011Q1,2025Q4,0.5,0.85,0.5385,11.48
d_margin,2,arcal,False,enet,no_govbond_10y__d4,66,40,0.6061,0,-0.1648,2013Q2,2026Q2,0.35,0.85,0.6154,11.48
d_margin,2,arcal,False,enet,no_jordbruk_malpris_mnok__lvl,66,40,0.6061,1,0.19,2011Q1,2024Q2,0.75,0.85,0.3077,11.48
d_margin,2,arcal,False,enet,se_retail_grocery_vol_sa_idx__yoy,66,38,0.5758,0,-0.08001,2011Q1,2024Q1,0.8,0.75,0.2692,11.48
d_margin,2,arcal,False,enet,no_policy_rate__d4,66,37,0.5606,0,-0.09684,2011Q1,2024Q2,0.75,0.75,0.2692,11.48
d_margin,2,arcal,False,enet,us_ppi_corrugated_boxes_idx__yoy,66,32,0.4848,0,-0.053,2011Q1,2026Q2,0.45,0.7,0.3462,11.48
d_margin,2,arcal,False,enet,no_earn_idx_food_manuf_q__dyoy,66,27,0.4091,0,-0.0468,2012Q2,2024Q2,0.35,0.6,0.3077,11.48
d_margin,2,arcal,False,enet,no_nbes_bl_sell_price_di__lvl,66,23,0.3485,0,-0.0654,2010Q4,2026Q1,0.7,0,0.3462,11.48
d_margin,2,arcal,False,enet,w_hh_saving_d4,66,23,0.3485,0,-0.1021,2014Q4,2024Q2,0.05,0.75,0.2692,11.48
d_margin,2,arcal,False,enet,w_unemp_d4,66,22,0.3333,1,0.08701,2010Q4,2018Q2,0.7,0.4,0,11.48
d_margin,2,arcal,False,enet,w_gov10y_d4,66,21,0.3182,0,-0.04439,2013Q4,2026Q2,0.2,0.2,0.5,11.48
d_margin,2,arcal,False,enet,no_ssb_bts_consgoods_home_price_exp__d4,66,20,0.303,0,-0.02842,2014Q4,2026Q1,0.05,0.5,0.3462,11.48
d_margin,2,arcal,False,enet,nw_retail_food_vol_yoy,66,17,0.2576,0,-0.06366,2011Q4,2016Q3,0.5,0.35,0,11.48
d_margin,2,arcal,False,enet,ea_ec_food_ind_sell_price_exp__d4,66,16,0.2424,0,-0.08766,2016Q4,2026Q2,0,0.1,0.5385,11.48
d_margin,2,arcal,False,enet,w_fx_vs_usd_dyoy,66,16,0.2424,1,0.09816,2011Q1,2018Q3,0.25,0.55,0,11.48
d_margin,2,arcal,False,enet,w_policy_rate_d4,66,16,0.2424,0,-0.04337,2011Q1,2016Q3,0.65,0.15,0,11.48
d_margin,2,arcal,False,enet,nw_retail_food_vol_dyoy,66,15,0.2273,0,-0.05555,2011Q1,2018Q2,0.35,0.4,0,11.48
d_margin,2,arcal,False,enet,w_retail_total_vol_yoy,66,15,0.2273,0,-0.0462,2012Q3,2023Q4,0.45,0,0.2308,11.48
d_margin,2,arcal,False,enet,w_retail_food_vol_yoy,66,14,0.2121,0,-0.05673,2013Q1,2022Q4,0.4,0.2,0.07692,11.48
d_margin,2,arcal,False,enet,glob_fao_sugar_idx__yoy,66,13,0.197,1,0.08951,2015Q2,2018Q3,0,0.65,0,11.48
d_margin,2,arcal,False,enet,no_retail_foodstores_vol_sa_idx__dyoy,66,13,0.197,0,-0.06383,2011Q1,2016Q2,0.6,0.05,0,11.48
d_margin,2,arcal,False,enet,se_na_hhcons_food_sa__dyoy,66,12,0.1818,1,0.193,2015Q2,2018Q3,0,0.6,0,11.48
d_margin,2,arcal,False,enet,no_earn_idx_food_manuf_q__yoy,66,11,0.1667,0,-0.04449,2011Q1,2018Q3,0.5,0.05,0,11.48
d_margin,2,arcal,False,enet,no_jordbruk_malpris_mnok__d4,66,11,0.1667,1,0.06539,2017Q1,2024Q2,0,0.3,0.1923,11.48
d_margin,2,arcal,False,enet,eu_ppi_plastic_products_idx__yoy,66,10,0.1515,0,-0.04051,2023Q2,2026Q1,0,0,0.3846,11.48
d_margin,2,arcal,False,enet,se_nier_food_mfg_sell_price_exp__d4,66,10,0.1515,0,-0.09227,2011Q1,2013Q2,0.5,0,0,11.48
d_margin,2,arcal,False,enet,se_cpi_idx__yoy,66,8,0.1212,1,0.08548,2016Q4,2018Q3,0,0.4,0,11.48
d_margin,2,arcal,False,enet,w_ec_cons_price_exp_lvl,66,8,0.1212,1,0.08546,2016Q4,2018Q3,0,0.4,0,11.48
d_margin,2,arcal,False,enet,w_ec_food_ind_sell_price_exp_d4,66,8,0.1212,0,-0.028,2011Q2,2014Q4,0.4,0,0,11.48
d_margin,2,arcal,False,enet,w_wage_yoy,66,8,0.1212,0,-0.01798,2013Q3,2017Q4,0.15,0.25,0,11.48
d_margin,2,arcal,False,enet,eu_ppi_paper_packaging_idx__dyoy,66,7,0.1061,0,-0.02595,2011Q1,2023Q3,0.3,0,0.03846,11.48
d_margin,2,arcal,False,enet,se_cpi_idx__dyoy,66,7,0.1061,0,-0.02921,2013Q3,2026Q1,0.1,0,0.1923,11.48
d_margin,2,arcal,False,enet,glob_fao_sugar_idx__dyoy,66,6,0.09091,1,0.005693,2011Q2,2017Q1,0.2,0.1,0,11.48
d_margin,2,arcal,False,enet,glob_fao_vegoils_idx__dyoy,66,6,0.09091,0,-0.08862,2022Q3,2023Q4,0,0,0.2308,11.48
d_margin,2,arcal,False,enet,no_ssb_bts_consgoods_home_price_exp__lvl,66,6,0.09091,0,-0.02597,2016Q4,2024Q2,0,0.05,0.1923,11.48
d_margin,2,arcal,False,enet,us_ppi_plastic_resins_idx__dyoy,66,6,0.09091,1,0.04358,2016Q4,2018Q3,0,0.3,0,11.48
d_margin,2,arcal,False,enet,w_cons_conf_z,66,6,0.09091,0,-0.03338,2011Q1,2012Q2,0.3,0,0,11.48
d_margin,2,arcal,False,enet,w_real_wage_yoy,66,6,0.09091,0,-0.01557,2015Q2,2018Q3,0,0.3,0,11.48
d_margin,2,arcal,False,enet,no_real_wage_qna_yoy_q__lvl,66,5,0.07576,1,0.06182,2013Q3,2015Q4,0.1,0.15,0,11.48
d_margin,2,arcal,False,enet,packaging_eu_dyoy,66,5,0.07576,0,-0.008896,2023Q3,2025Q1,0,0,0.1923,11.48
d_margin,2,arcal,False,enet,se_eursek__dyoy,66,5,0.07576,1,0.0227,2011Q1,2024Q2,0.15,0,0.07692,11.48
d_margin,2,arcal,False,enet,w_gdp_vol_yoy,66,5,0.07576,0,-0.006705,2015Q1,2019Q1,0,0.25,0,11.48
d_margin,2,arcal,False,enet,brent_nok_dyoy,66,4,0.06061,1,0.02579,2017Q1,2018Q3,0,0.2,0,11.48
d_margin,2,arcal,False,enet,ea_ec_food_ind_sell_price_exp__lvl,66,4,0.06061,0,-0.008358,2023Q2,2024Q4,0,0,0.1538,11.48
d_margin,2,arcal,False,enet,ea_negotiated_wages_yoy_q__lvl,66,4,0.06061,1,0.01742,2011Q1,2011Q4,0.2,0,0,11.48
d_margin,2,arcal,False,enet,elec_nordic_loc_yoy,66,4,0.06061,1,0.004211,2016Q4,2017Q3,0,0.2,0,11.48
d_margin,2,arcal,False,enet,no_cpi_total_idx__dyoy,66,4,0.06061,0,-0.007574,2013Q3,2024Q2,0.05,0,0.1154,11.48
d_margin,2,arcal,False,enet,w_wage_dyoy,66,4,0.06061,0,-0.01528,2017Q1,2018Q3,0,0.2,0,11.48
d_margin,2,arcal,False,enet,no_ppi_food_dom_idx__yoy,66,3,0.04545,0,-0.03939,2023Q2,2023Q4,0,0,0.1154,11.48
d_margin,2,arcal,False,enet,se_gov_bond_10y__d4,66,3,0.04545,0,-0.006827,2024Q2,2024Q4,0,0,0.1154,11.48
d_margin,2,arcal,False,enet,se_wage_idx_m__dyoy,66,3,0.04545,0,-0.01444,2016Q4,2017Q2,0,0.15,0,11.48
d_margin,2,arcal,False,enet,w_fx_vs_nok_dyoy,66,3,0.04545,1,0.0154,2016Q2,2017Q1,0,0.15,0,11.48
d_margin,2,arcal,False,enet,eu_ppi_dom_c108_idx__yoy,66,2,0.0303,1,0.01988,2013Q3,2013Q4,0.1,0,0,11.48
d_margin,2,arcal,False,enet,glob_gscpi__lvl,66,2,0.0303,1,0.004629,2017Q3,2018Q3,0,0.1,0,11.48
d_margin,2,arcal,False,enet,no_fn_cci_sa__lvl,66,2,0.0303,0,-0.01047,2017Q2,2017Q3,0,0.1,0,11.48
d_margin,2,arcal,False,enet,se_ec_cons_conf__lvl,66,2,0.0303,0,-0.02618,2011Q1,2011Q2,0.1,0,0,11.48
d_margin,2,arcal,False,enet,w_hh_saving_lvl,66,2,0.0303,1,0.01445,2013Q3,2013Q4,0.1,0,0,11.48
d_margin,2,arcal,False,enet,eu_ppi_dom_c105_idx__yoy,66,1,0.01515,1,0.01491,2016Q4,2016Q4,0,0.05,0,11.48
d_margin,2,arcal,False,enet,eu_ppi_dom_c108_idx__dyoy,66,1,0.01515,1,0.01914,2018Q3,2018Q3,0,0.05,0,11.48
d_margin,2,arcal,False,enet,eu_ppi_plastic_products_idx__dyoy,66,1,0.01515,0,-0.003061,2024Q1,2024Q1,0,0,0.03846,11.48
d_margin,2,arcal,False,enet,glob_fao_cereals_idx__yoy,66,1,0.01515,0,-0.04416,2014Q4,2014Q4,0.05,0,0,11.48
d_margin,2,arcal,False,enet,glob_fao_meat_idx__yoy,66,1,0.01515,1,0.01974,2016Q4,2016Q4,0,0.05,0,11.48
d_margin,2,arcal,False,enet,glob_gscpi__d4,66,1,0.01515,0,-0.006823,2013Q3,2013Q3,0.05,0,0,11.48
d_margin,2,arcal,False,enet,no_ppi_food_dom_idx__dyoy,66,1,0.01515,0,-0.05833,2018Q3,2018Q3,0,0.05,0,11.48
d_margin,2,arcal,False,enet,price_wage_gap,66,1,0.01515,1,0.004185,2023Q1,2023Q1,0,0,0.03846,11.48
d_margin,2,arcal,False,enet,se_gov_bond_10y__lvl,66,1,0.01515,1,0.01078,2018Q1,2018Q1,0,0.05,0,11.48
d_margin,2,arcal,False,enet,se_na_hhcons_food_sa__yoy,66,1,0.01515,1,0.004661,2017Q2,2017Q2,0,0.05,0,11.48
d_margin,2,arcal,False,enet,se_policy_rate__d4,66,1,0.01515,0,-0.02712,2012Q2,2012Q2,0.05,0,0,11.48
d_margin,2,arcal,False,enet,w_ec_cons_price_exp_d4,66,1,0.01515,0,-0.01443,2011Q1,2011Q1,0.05,0,0,11.48
d_margin,2,arcal,False,enet,w_food_cpi_rel_dyoy,66,1,0.01515,1,0.001583,2023Q4,2023Q4,0,0,0.03846,11.48
d_margin,2,arcal,False,enet,w_gdp_vol_dyoy,66,1,0.01515,0,-0.00908,2024Q4,2024Q4,0,0,0.03846,11.48
d_margin,2,arcal,False,lasso,us_ppi_corrugated_boxes_idx__dyoy,66,41,0.6212,0,-0.2004,2011Q2,2025Q4,0.6,0.75,0.5385,7.485
d_margin,2,arcal,False,lasso,no_govbond_10y__d4,66,38,0.5758,0,-0.2049,2013Q2,2025Q4,0.35,0.85,0.5385,7.485
d_margin,2,arcal,False,lasso,no_jordbruk_malpris_mnok__lvl,66,35,0.5303,1,0.2575,2011Q4,2024Q1,0.55,0.85,0.2692,7.485
d_margin,2,arcal,False,lasso,glob_fao_cereals_idx__dyoy,66,34,0.5152,0,-0.09666,2011Q2,2025Q4,0.4,0.85,0.3462,7.485
d_margin,2,arcal,False,lasso,no_policy_rate__d4,66,29,0.4394,0,-0.1357,2011Q2,2023Q2,0.5,0.75,0.1538,7.485
d_margin,2,arcal,False,lasso,w_hh_saving_d4,66,21,0.3182,0,-0.118,2014Q4,2023Q3,0.05,0.75,0.1923,7.485
d_margin,2,arcal,False,lasso,no_earn_idx_food_manuf_q__dyoy,66,20,0.303,0,-0.04553,2012Q3,2023Q3,0.25,0.5,0.1923,7.485
d_margin,2,arcal,False,lasso,se_retail_grocery_vol_sa_idx__yoy,66,20,0.303,0,-0.08821,2011Q1,2024Q1,0.15,0.6,0.1923,7.485
d_margin,2,arcal,False,lasso,w_unemp_d4,66,15,0.2273,1,0.1555,2010Q4,2018Q1,0.55,0.2,0,7.485
d_margin,2,arcal,False,lasso,nw_retail_food_vol_yoy,66,14,0.2121,0,-0.1231,2013Q2,2016Q3,0.35,0.35,0,7.485
d_margin,2,arcal,False,lasso,se_na_hhcons_food_sa__dyoy,66,14,0.2121,1,0.2255,2011Q2,2018Q3,0.1,0.6,0,7.485
d_margin,2,arcal,False,lasso,ea_ec_food_ind_sell_price_exp__d4,66,13,0.197,0,-0.1166,2016Q4,2025Q4,0,0.05,0.4615,7.485
d_margin,2,arcal,False,lasso,no_nbes_bl_sell_price_di__lvl,66,13,0.197,0,-0.09606,2011Q1,2025Q4,0.3,0,0.2692,7.485
d_margin,2,arcal,False,lasso,glob_fao_sugar_idx__yoy,66,12,0.1818,1,0.1024,2015Q2,2018Q3,0,0.6,0,7.485
d_margin,2,arcal,False,lasso,w_fx_vs_usd_dyoy,66,12,0.1818,1,0.18,2011Q2,2018Q3,0.2,0.4,0,7.485
d_margin,2,arcal,False,lasso,nw_retail_food_vol_dyoy,66,11,0.1667,0,-0.08865,2011Q2,2018Q2,0.25,0.3,0,7.485
d_margin,2,arcal,False,lasso,no_ssb_bts_consgoods_home_price_exp__d4,66,10,0.1515,0,-0.05111,2015Q2,2024Q2,0,0.3,0.1538,7.485
d_margin,2,arcal,False,lasso,w_retail_food_vol_yoy,66,9,0.1364,0,-0.06941,2013Q4,2022Q4,0.25,0.1,0.07692,7.485
d_margin,2,arcal,False,lasso,no_retail_foodstores_vol_sa_idx__dyoy,66,8,0.1212,0,-0.07064,2011Q2,2013Q4,0.4,0,0,7.485
d_margin,2,arcal,False,lasso,us_ppi_corrugated_boxes_idx__yoy,66,8,0.1212,0,-0.2102,2011Q2,2017Q3,0.2,0.2,0,7.485
d_margin,2,arcal,False,lasso,se_nier_food_mfg_sell_price_exp__d4,66,7,0.1061,0,-0.09153,2011Q2,2013Q2,0.35,0,0,7.485
d_margin,2,arcal,False,lasso,w_ec_cons_price_exp_lvl,66,7,0.1061,1,0.09334,2016Q4,2018Q2,0,0.35,0,7.485
d_margin,2,arcal,False,lasso,eu_ppi_plastic_products_idx__yoy,66,6,0.09091,0,-0.03164,2023Q2,2025Q4,0,0,0.2308,7.485
d_margin,2,arcal,False,lasso,no_earn_idx_food_manuf_q__yoy,66,6,0.09091,0,-0.08923,2011Q2,2013Q2,0.3,0,0,7.485
d_margin,2,arcal,False,lasso,se_cpi_idx__dyoy,66,6,0.09091,0,-0.05289,2013Q3,2025Q4,0.1,0,0.1538,7.485
d_margin,2,arcal,False,lasso,w_retail_total_vol_yoy,66,6,0.09091,0,-0.08294,2013Q2,2023Q3,0.05,0,0.1923,7.485
d_margin,2,arcal,False,lasso,glob_fao_vegoils_idx__dyoy,66,5,0.07576,0,-0.1454,2022Q3,2023Q3,0,0,0.1923,7.485
d_margin,2,arcal,False,lasso,no_jordbruk_malpris_mnok__d4,66,5,0.07576,1,0.03767,2017Q2,2024Q1,0,0.1,0.1154,7.485
d_margin,2,arcal,False,lasso,no_real_wage_qna_yoy_q__lvl,66,5,0.07576,1,0.06654,2013Q3,2015Q4,0.1,0.15,0,7.485
d_margin,2,arcal,False,lasso,se_cpi_idx__yoy,66,5,0.07576,1,0.109,2016Q4,2018Q3,0,0.25,0,7.485
d_margin,2,arcal,False,lasso,se_retail_grocery_vol_sa_idx__dyoy,66,4,0.06061,0,-0.05704,2016Q4,2017Q3,0,0.2,0,7.485
d_margin,2,arcal,False,lasso,us_ppi_plastic_resins_idx__dyoy,66,4,0.06061,1,0.07226,2016Q4,2017Q3,0,0.2,0,7.485
d_margin,2,arcal,False,lasso,w_wage_dyoy,66,4,0.06061,0,-0.01428,2017Q1,2018Q3,0,0.2,0,7.485
d_margin,2,arcal,False,lasso,glob_fao_sugar_idx__dyoy,66,3,0.04545,1,0.009741,2011Q2,2015Q1,0.1,0.05,0,7.485
d_margin,2,arcal,False,lasso,se_wage_idx_m__dyoy,66,3,0.04545,0,-0.01048,2016Q4,2017Q2,0,0.15,0,7.485
d_margin,2,arcal,False,lasso,w_real_wage_yoy,66,3,0.04545,0,-0.009539,2015Q3,2018Q3,0,0.15,0,7.485
d_margin,2,arcal,False,lasso,w_wage_yoy,66,3,0.04545,0,-0.02256,2013Q4,2017Q3,0.05,0.1,0,7.485
d_margin,2,arcal,False,lasso,brent_nok_dyoy,66,2,0.0303,1,0.02747,2018Q2,2018Q3,0,0.1,0,7.485
d_margin,2,arcal,False,lasso,no_fn_cci_sa__lvl,66,2,0.0303,0,-0.03651,2017Q2,2017Q3,0,0.1,0,7.485
d_margin,2,arcal,False,lasso,no_ppi_food_dom_idx__yoy,66,2,0.0303,0,-0.06711,2023Q2,2023Q3,0,0,0.07692,7.485
d_margin,2,arcal,False,lasso,no_ssb_bts_consgoods_home_price_exp__lvl,66,2,0.0303,0,-0.03077,2016Q4,2023Q3,0,0.05,0.03846,7.485
d_margin,2,arcal,False,lasso,price_cost_gap_agri_d4,66,2,0.0303,0,-0.02738,2017Q2,2017Q3,0,0.1,0,7.485
d_margin,2,arcal,False,lasso,se_ec_cons_conf__lvl,66,2,0.0303,0,-0.3165,2011Q2,2011Q3,0.1,0,0,7.485
d_margin,2,arcal,False,lasso,se_gov_bond_10y__lvl,66,2,0.0303,1,0.0147,2016Q4,2018Q1,0,0.1,0,7.485
d_margin,2,arcal,False,lasso,w_cons_conf_z,66,2,0.0303,0,-0.1,2011Q3,2012Q2,0.1,0,0,7.485
d_margin,2,arcal,False,lasso,w_hh_saving_lvl,66,2,0.0303,1,0.07727,2011Q2,2011Q3,0.1,0,0,7.485
d_margin,2,arcal,False,lasso,w_policy_rate_d4,66,2,0.0303,0,-0.091,2012Q2,2012Q3,0.1,0,0,7.485
d_margin,2,arcal,False,lasso,brent_nok_yoy,66,1,0.01515,1,0.02556,2018Q2,2018Q2,0,0.05,0,7.485
d_margin,2,arcal,False,lasso,ea_negotiated_wages_yoy_q__lvl,66,1,0.01515,1,0.07277,2011Q2,2011Q2,0.05,0,0,7.485
d_margin,2,arcal,False,lasso,glob_fao_meat_idx__dyoy,66,1,0.01515,1,0.02258,2016Q4,2016Q4,0,0.05,0,7.485
d_margin,2,arcal,False,lasso,glob_fao_meat_idx__yoy,66,1,0.01515,1,0.0007176,2016Q4,2016Q4,0,0.05,0,7.485
d_margin,2,arcal,False,lasso,no_cpi_total_idx__dyoy,66,1,0.01515,0,-0.0119,2011Q3,2011Q3,0.05,0,0,7.485
d_margin,2,arcal,False,lasso,no_ppi_food_dom_idx__dyoy,66,1,0.01515,0,-0.03704,2018Q3,2018Q3,0,0.05,0,7.485
d_margin,2,arcal,False,lasso,no_real_wage_qna_yoy_q__d4,66,1,0.01515,0,-0.0001467,2011Q2,2011Q2,0.05,0,0,7.485
d_margin,2,arcal,False,lasso,nw_real_wage_dyoy,66,1,0.01515,1,0.02464,2011Q3,2011Q3,0.05,0,0,7.485
d_margin,2,arcal,False,lasso,price_wage_gap,66,1,0.01515,1,0.002105,2023Q1,2023Q1,0,0,0.03846,7.485
d_margin,2,arcal,False,lasso,se_eursek__dyoy,66,1,0.01515,1,0.007031,2023Q3,2023Q3,0,0,0.03846,7.485
d_margin,2,arcal,False,lasso,se_na_hhcons_food_sa__yoy,66,1,0.01515,1,0.03042,2017Q3,2017Q3,0,0.05,0,7.485
d_margin,2,arcal,False,lasso,se_wage_idx_m__yoy,66,1,0.01515,1,0.02656,2011Q3,2011Q3,0.05,0,0,7.485
d_margin,2,arcal,False,lasso,w_ec_cons_price_exp_d4,66,1,0.01515,0,-0.2452,2011Q2,2011Q2,0.05,0,0,7.485
d_margin,2,arcal,False,lasso,w_fx_vs_nok_dyoy,66,1,0.01515,1,0.01725,2016Q4,2016Q4,0,0.05,0,7.485
d_margin,2,arcal,False,lasso,w_gov10y_d4,66,1,0.01515,0,-0.01323,2025Q3,2025Q3,0,0,0.03846,7.485
d_margin_r4,0,ar,True,enet,no_imp_price_food_idx__dyoy,66,35,0.5303,1,0.0529,2010Q1,2024Q4,1,0.15,0.4615,12.38
d_margin_r4,0,ar,True,enet,no_govbond_10y__d4,66,27,0.4091,0,-0.05578,2010Q1,2025Q3,0.6,0,0.5769,12.38
d_margin_r4,0,ar,True,enet,no_ssb_bts_consgoods_home_price_exp__lvl,66,24,0.3636,0,-0.03101,2010Q1,2024Q4,0.55,0.05,0.4615,12.38
d_margin_r4,0,ar,True,enet,w_real_wage_dyoy,66,24,0.3636,0,-0.05375,2010Q1,2022Q3,1,0.15,0.03846,12.38
d_margin_r4,0,ar,True,enet,no_real_wage_qna_yoy_q__lvl,66,21,0.3182,0,-0.09283,2010Q1,2015Q2,1,0.05,0,12.38
d_margin_r4,0,ar,True,enet,se_eursek__yoy,66,21,0.3182,0,-0.08046,2010Q4,2022Q3,0.75,0.15,0.1154,12.38
d_margin_r4,0,ar,True,enet,us_ppi_corrugated_boxes_idx__yoy,66,21,0.3182,0,-0.02347,2013Q3,2025Q3,0.3,0,0.5769,12.38
d_margin_r4,0,ar,True,enet,se_eursek__dyoy,66,20,0.303,0,-0.0474,2011Q2,2025Q2,0.15,0.15,0.5385,12.38
d_margin_r4,0,ar,True,enet,no_jordbruk_malpris_mnok__d4,66,19,0.2879,0,-0.01914,2011Q3,2025Q2,0.3,0.1,0.4231,12.38
d_margin_r4,0,ar,True,enet,no_real_wage_qna_yoy_q__d4,66,18,0.2727,0,-0.041,2010Q4,2015Q2,0.8,0.1,0,12.38
d_margin_r4,0,ar,True,enet,no_ppi_food_dom_idx__yoy,66,17,0.2576,0,-0.02877,2010Q1,2025Q3,0.5,0,0.2692,12.38
d_margin_r4,0,ar,True,enet,glob_fao_dairy_idx__yoy,66,16,0.2424,0,-0.02779,2014Q4,2024Q4,0.05,0.15,0.4615,12.38
d_margin_r4,0,ar,True,enet,fao_ffpi_sek_yoy,66,15,0.2273,0,-0.04871,2012Q2,2023Q1,0.5,0,0.1923,12.38
d_margin_r4,0,ar,True,enet,w_retail_total_vol_dyoy,66,15,0.2273,1,0.03056,2014Q1,2025Q2,0.15,0.05,0.4231,12.38
d_margin_r4,0,ar,True,enet,ea_ec_food_ind_sell_price_exp__d4,66,14,0.2121,0,-0.07535,2010Q1,2014Q1,0.7,0,0,12.38
d_margin_r4,0,ar,True,enet,se_na_hhcons_food_sa__yoy,66,14,0.2121,0,-0.09524,2010Q1,2023Q1,0.3,0.15,0.1923,12.38
d_margin_r4,0,ar,True,enet,se_wage_idx_m__dyoy,66,14,0.2121,1,0.02228,2014Q3,2024Q1,0.1,0.15,0.3462,12.38
d_margin_r4,0,ar,True,enet,brent_nok_dyoy,66,13,0.197,1,0.06536,2010Q1,2014Q2,0.65,0,0,12.38
d_margin_r4,0,ar,True,enet,eu_ppi_dom_c106_idx__dyoy,66,13,0.197,0,-0.06523,2014Q3,2024Q1,0.05,0.15,0.3462,12.38
d_margin_r4,0,ar,True,enet,no_policy_rate__lvl,66,13,0.197,0,-0.0769,2010Q1,2014Q3,0.65,0,0,12.38
d_margin_r4,0,ar,True,enet,w_unemp_lvl,66,13,0.197,1,0.06137,2012Q1,2019Q1,0.3,0.35,0,12.38
d_margin_r4,0,ar,True,enet,no_ppi_food_dom_idx__dyoy,66,12,0.1818,0,-0.02599,2013Q3,2023Q3,0.25,0.1,0.1923,12.38
d_margin_r4,0,ar,True,enet,se_retail_grocery_vol_sa_idx__dyoy,66,12,0.1818,1,0.1281,2010Q1,2015Q3,0.45,0.15,0,12.38
d_margin_r4,0,ar,True,enet,w_fx_vs_eur_dyoy,66,12,0.1818,0,-0.074,2010Q1,2014Q2,0.6,0,0,12.38
d_margin_r4,0,ar,True,enet,eu_agri_basket_wloc_yoy,66,11,0.1667,0,-0.08354,2012Q4,2015Q2,0.45,0.1,0,12.38
d_margin_r4,0,ar,True,enet,glob_fao_meat_idx__yoy,66,11,0.1667,1,0.08885,2010Q1,2015Q3,0.4,0.15,0,12.38
d_margin_r4,0,ar,True,enet,glob_fao_sugar_idx__dyoy,66,10,0.1515,0.9,0.02563,2010Q4,2022Q4,0.4,0.05,0.03846,12.38
d_margin_r4,0,ar,True,enet,w_food_cpi_rel_dyoy,66,10,0.1515,0,-0.06241,2010Q4,2015Q3,0.45,0.05,0,12.38
d_margin_r4,0,ar,True,enet,w_hh_saving_lvl,66,10,0.1515,1,0.08337,2012Q4,2015Q3,0.35,0.15,0,12.38
d_margin_r4,0,ar,True,enet,w_real_wage_yoy,66,10,0.1515,0,-0.04558,2012Q2,2022Q3,0.35,0,0.1154,12.38
d_margin_r4,0,ar,True,enet,eu_ppi_dom_c107_idx__yoy,66,9,0.1364,1,0.07505,2010Q1,2015Q3,0.3,0.15,0,12.38
d_margin_r4,0,ar,True,enet,glob_fao_dairy_idx__dyoy,66,8,0.1212,0,-0.01774,2015Q1,2023Q3,0,0.1,0.2308,12.38
d_margin_r4,0,ar,True,enet,glob_gscpi__lvl,66,8,0.1212,0,-0.06379,2010Q1,2015Q3,0.25,0.15,0,12.38
d_margin_r4,0,ar,True,enet,no_cpi_total_idx__yoy,66,8,0.1212,0,-0.07286,2010Q1,2015Q3,0.25,0.15,0,12.38
d_margin_r4,0,ar,True,enet,no_govbond_10y__lvl,66,8,0.1212,0,-0.02295,2012Q2,2014Q4,0.4,0,0,12.38
d_margin_r4,0,ar,True,enet,no_imp_price_food_idx__yoy,66,8,0.1212,1,0.03866,2012Q4,2015Q2,0.3,0.1,0,12.38
d_margin_r4,0,ar,True,enet,no_qna_hh_food_cons_sa_mnok__dyoy,66,8,0.1212,0.625,0.01989,2012Q3,2015Q3,0.25,0.15,0,12.38
d_margin_r4,0,ar,True,enet,se_ec_cons_conf__lvl,66,8,0.1212,0,-0.02956,2012Q4,2022Q2,0.35,0,0.03846,12.38
d_margin_r4,0,ar,True,enet,se_nier_food_mfg_sell_price_exp__d4,66,8,0.1212,0.375,0.006558,2014Q3,2023Q1,0.1,0.05,0.1923,12.38
d_margin_r4,0,ar,True,enet,w_gov10y_d4,66,8,0.1212,0,-0.02298,2023Q4,2025Q3,0,0,0.3077,12.38
d_margin_r4,0,ar,True,enet,brent_nok_yoy,66,7,0.1061,1,0.01932,2011Q2,2014Q1,0.35,0,0,12.38
d_margin_r4,0,ar,True,enet,eu_agri_basket_wloc_dyoy,66,7,0.1061,0,-0.03499,2012Q4,2014Q2,0.35,0,0,12.38
d_margin_r4,0,ar,True,enet,glob_gscpi__d4,66,7,0.1061,1,0.1022,2013Q2,2015Q3,0.2,0.15,0,12.38
d_margin_r4,0,ar,True,enet,no_cpi_food_idx__yoy,66,7,0.1061,0,-0.1238,2014Q4,2024Q3,0.05,0.15,0.1154,12.38
d_margin_r4,0,ar,True,enet,no_fx_eurnok__dyoy,66,7,0.1061,0,-0.05683,2012Q4,2014Q2,0.35,0,0,12.38
d_margin_r4,0,ar,True,enet,se_wage_idx_m__yoy,66,7,0.1061,1,0.117,2010Q1,2015Q3,0.2,0.15,0,12.38
d_margin_r4,0,ar,True,enet,w_fx_vs_eur_yoy,66,7,0.1061,0,-0.06012,2012Q3,2014Q1,0.35,0,0,12.38
d_margin_r4,0,ar,True,enet,w_hh_saving_d4,66,7,0.1061,0.7143,0.01785,2010Q1,2014Q4,0.35,0,0,12.38
d_margin_r4,0,ar,True,enet,ea_ec_food_ind_sell_price_exp__lvl,66,6,0.09091,0,-0.04631,2010Q1,2015Q3,0.25,0.05,0,12.38
d_margin_r4,0,ar,True,enet,eu_ppi_paper_packaging_idx__yoy,66,6,0.09091,0,-0.01222,2010Q1,2025Q1,0.1,0,0.1538,12.38
d_margin_r4,0,ar,True,enet,glob_fao_vegoils_idx__yoy,66,6,0.09091,0,-0.2245,2014Q3,2022Q3,0.1,0.15,0.03846,12.38
d_margin_r4,0,ar,True,enet,no_retail_foodstores_vol_sa_idx__dyoy,66,6,0.09091,0,-0.02836,2014Q2,2015Q3,0.15,0.15,0,12.38
d_margin_r4,0,ar,True,enet,se_real_wage_yoy_q__d4,66,6,0.09091,1,0.02638,2013Q1,2024Q1,0.2,0,0.07692,12.38
d_margin_r4,0,ar,True,enet,w_food_cpi_xvat_dyoy,66,6,0.09091,0,-0.02062,2010Q2,2013Q3,0.3,0,0,12.38
d_margin_r4,0,ar,True,enet,no_earn_idx_food_manuf_q__yoy,66,5,0.07576,0,-0.04442,2014Q3,2015Q3,0.1,0.15,0,12.38
d_margin_r4,0,ar,True,enet,no_nbes_bl_sell_price_di__lvl,66,5,0.07576,1,0.1282,2014Q3,2015Q3,0.1,0.15,0,12.38
d_margin_r4,0,ar,True,enet,nw_food_cpi_dyoy,66,5,0.07576,0,-0.05181,2010Q1,2011Q1,0.25,0,0,12.38
d_margin_r4,0,ar,True,enet,price_cost_gap_ppi_d4,66,5,0.07576,0,-0.04327,2010Q1,2011Q1,0.25,0,0,12.38
d_margin_r4,0,ar,True,enet,w_food_cpi_dyoy,66,5,0.07576,0,-0.04804,2010Q1,2012Q4,0.25,0,0,12.38
d_margin_r4,0,ar,True,enet,w_fx_vs_usd_yoy,66,5,0.07576,0,-0.01547,2010Q4,2011Q4,0.25,0,0,12.38
d_margin_r4,0,ar,True,enet,w_gdp_vol_dyoy,66,5,0.07576,1,0.1063,2014Q3,2015Q3,0.1,0.15,0,12.38
d_margin_r4,0,ar,True,enet,w_wage_yoy,66,5,0.07576,0,-0.03358,2022Q1,2023Q1,0,0,0.1923,12.38
d_margin_r4,0,ar,True,enet,ea_negotiated_wages_yoy_q__d4,66,4,0.06061,0,-0.04169,2014Q4,2015Q3,0.05,0.15,0,12.38
d_margin_r4,0,ar,True,enet,elec_nordic_loc_dyoy,66,4,0.06061,1,0.0199,2014Q4,2015Q3,0.05,0.15,0,12.38
d_margin_r4,0,ar,True,enet,glob_fao_ffpi_nok__yoy,66,4,0.06061,0,-0.02826,2014Q3,2022Q3,0.05,0.05,0.07692,12.38
d_margin_r4,0,ar,True,enet,no_ssb_bts_consgoods_home_price_exp__d4,66,4,0.06061,1,0.0686,2010Q1,2013Q3,0.2,0,0,12.38
d_margin_r4,0,ar,True,enet,nw_food_cpi_xvat_yoy,66,4,0.06061,0,-0.03773,2013Q2,2015Q3,0.1,0.1,0,12.38
d_margin_r4,0,ar,True,enet,nw_real_wage_dyoy,66,4,0.06061,0,-0.01398,2010Q2,2014Q3,0.2,0,0,12.38
d_margin_r4,0,ar,True,enet,price_cost_gap_agri_d4,66,4,0.06061,0,-0.0339,2014Q4,2015Q3,0.05,0.15,0,12.38
d_margin_r4,0,ar,True,enet,se_retail_grocery_vol_sa_idx__yoy,66,4,0.06061,0,-0.007566,2022Q1,2022Q4,0,0,0.1538,12.38
d_margin_r4,0,ar,True,enet,w_policy_rate_lvl,66,4,0.06061,0,-0.02353,2022Q1,2022Q4,0,0,0.1538,12.38
d_margin_r4,0,ar,True,enet,elec_nordic_loc_yoy,66,3,0.04545,0,-0.02908,2013Q3,2014Q4,0.15,0,0,12.38
d_margin_r4,0,ar,True,enet,eu_ppi_paper_packaging_idx__dyoy,66,3,0.04545,0,-0.02826,2023Q1,2023Q3,0,0,0.1154,12.38
d_margin_r4,0,ar,True,enet,eu_ppi_plastic_products_idx__yoy,66,3,0.04545,0,-0.003558,2013Q1,2014Q2,0.15,0,0,12.38
d_margin_r4,0,ar,True,enet,fao_ffpi_sek_dyoy,66,3,0.04545,0,-0.0366,2015Q1,2015Q3,0,0.15,0,12.38
d_margin_r4,0,ar,True,enet,glob_fao_ffpi__dyoy,66,3,0.04545,1,0.05054,2010Q1,2010Q3,0.15,0,0,12.38
d_margin_r4,0,ar,True,enet,no_earn_idx_food_manuf_q__dyoy,66,3,0.04545,0.6667,-0.006795,2010Q1,2015Q1,0.1,0.05,0,12.38
d_margin_r4,0,ar,True,enet,no_fx_eurnok__yoy,66,3,0.04545,0,-0.01879,2015Q1,2015Q3,0,0.15,0,12.38
d_margin_r4,0,ar,True,enet,packaging_us_yoy,66,3,0.04545,0,-0.06932,2015Q1,2015Q3,0,0.15,0,12.38
d_margin_r4,0,ar,True,enet,se_ec_cons_conf__d4,66,3,0.04545,0,-0.03458,2015Q1,2015Q3,0,0.15,0,12.38
d_margin_r4,0,ar,True,enet,us_ppi_plastic_resins_idx__yoy,66,3,0.04545,0.6667,0.007397,2010Q3,2015Q3,0.1,0.05,0,12.38
d_margin_r4,0,ar,True,enet,ea_negotiated_wages_yoy_q__lvl,66,2,0.0303,0,-0.02296,2014Q3,2014Q4,0.1,0,0,12.38
d_margin_r4,0,ar,True,enet,glob_fao_cereals_idx__dyoy,66,2,0.0303,1,0.01874,2015Q2,2015Q3,0,0.1,0,12.38
d_margin_r4,0,ar,True,enet,glob_fao_ffpi_eur__dyoy,66,2,0.0303,1,0.002757,2010Q2,2010Q3,0.1,0,0,12.38
d_margin_r4,0,ar,True,enet,no_vat_food_rate__d4,66,2,0.0303,0.5,-0.007762,2014Q4,2015Q2,0.05,0.05,0,12.38
d_margin_r4,0,ar,True,enet,price_cost_gap_fao_wloc_d4,66,2,0.0303,0,-0.009562,2010Q1,2010Q2,0.1,0,0,12.38
d_margin_r4,0,ar,True,enet,se_cpi_idx__dyoy,66,2,0.0303,0,-0.05975,2015Q2,2015Q3,0,0.1,0,12.38
d_margin_r4,0,ar,True,enet,se_cpi_idx__yoy,66,2,0.0303,0,-0.01212,2014Q3,2015Q3,0.05,0.05,0,12.38
d_margin_r4,0,ar,True,enet,se_na_hhcons_food_sa__dyoy,66,2,0.0303,0,-0.004624,2014Q3,2014Q4,0.1,0,0,12.38
d_margin_r4,0,ar,True,enet,se_real_wage_yoy_q__lvl,66,2,0.0303,1,0.08319,2014Q3,2014Q4,0.1,0,0,12.38
d_margin_r4,0,ar,True,enet,w_ec_food_ind_sell_price_exp_lvl,66,2,0.0303,1,0.08837,2014Q3,2014Q4,0.1,0,0,12.38
d_margin_r4,0,ar,True,enet,w_fx_vs_nok_yoy,66,2,0.0303,1,0.0397,2015Q2,2015Q3,0,0.1,0,12.38
d_margin_r4,0,ar,True,enet,w_retail_total_vol_yoy,66,2,0.0303,0,-0.03443,2015Q2,2015Q3,0,0.1,0,12.38
d_margin_r4,0,ar,True,enet,w_wage_dyoy,66,2,0.0303,0,-0.03957,2015Q1,2015Q2,0,0.1,0,12.38
d_margin_r4,0,ar,True,enet,wb_food_sek_yoy,66,2,0.0303,0,-0.005312,2010Q3,2010Q4,0.1,0,0,12.38
d_margin_r4,0,ar,True,enet,ea_hicp_food_idx__yoy,66,1,0.01515,1,0.03207,2015Q1,2015Q1,0,0.05,0,12.38
d_margin_r4,0,ar,True,enet,eu_agri_basket_dyoy,66,1,0.01515,1,0.04576,2014Q4,2014Q4,0.05,0,0,12.38
d_margin_r4,0,ar,True,enet,eu_ppi_dom_c106_idx__yoy,66,1,0.01515,0,-0.08377,2015Q3,2015Q3,0,0.05,0,12.38
d_margin_r4,0,ar,True,enet,eu_ppi_dom_c107_idx__dyoy,66,1,0.01515,1,0.00527,2015Q3,2015Q3,0,0.05,0,12.38
d_margin_r4,0,ar,True,enet,eu_ppi_dom_food_mfg_idx__dyoy,66,1,0.01515,1,0.04467,2010Q3,2010Q3,0.05,0,0,12.38
d_margin_r4,0,ar,True,enet,glob_wb_food_idx_nok__yoy,66,1,0.01515,0,-0.09175,2014Q3,2014Q3,0.05,0,0,12.38
d_margin_r4,0,ar,True,enet,no_cpi_food_idx__dyoy,66,1,0.01515,1,0.00437,2015Q2,2015Q2,0,0.05,0,12.38
d_margin_r4,0,ar,True,enet,no_fn_cci_sa__d4,66,1,0.01515,1,0.04016,2010Q3,2010Q3,0.05,0,0,12.38
d_margin_r4,0,ar,True,enet,no_fn_cci_sa__lvl,66,1,0.01515,1,0.003584,2015Q2,2015Q2,0,0.05,0,12.38
d_margin_r4,0,ar,True,enet,no_nbes_bl_sell_price_di__d4,66,1,0.01515,1,0.02552,2014Q4,2014Q4,0.05,0,0,12.38
d_margin_r4,0,ar,True,enet,no_qna_hh_food_cons_sa_mnok__yoy,66,1,0.01515,0,-0.003811,2010Q1,2010Q1,0.05,0,0,12.38
d_margin_r4,0,ar,True,enet,no_vat_food_rate__lvl,66,1,0.01515,1,0.01058,2014Q3,2014Q3,0.05,0,0,12.38
d_margin_r4,0,ar,True,enet,nw_food_cpi_yoy,66,1,0.01515,0,-0.05783,2013Q3,2013Q3,0.05,0,0,12.38
d_margin_r4,0,ar,True,enet,packaging_eu_yoy,66,1,0.01515,0,-0.000933,2025Q1,2025Q1,0,0,0.03846,12.38
d_margin_r4,0,ar,True,enet,price_cost_gap_fao_nok_d4,66,1,0.01515,0,-0.005988,2010Q1,2010Q1,0.05,0,0,12.38
d_margin_r4,0,ar,True,enet,price_cost_gap_ppi,66,1,0.01515,0,-0.01314,2015Q2,2015Q2,0,0.05,0,12.38
d_margin_r4,0,ar,True,enet,se_nier_food_mfg_sell_price_exp__lvl,66,1,0.01515,0,-0.01297,2015Q3,2015Q3,0,0.05,0,12.38
d_margin_r4,0,ar,True,enet,w_cpi_dyoy,66,1,0.01515,1,0.01601,2015Q3,2015Q3,0,0.05,0,12.38
d_margin_r4,0,ar,True,enet,w_ec_food_ind_sell_price_exp_d4,66,1,0.01515,1,0.02373,2014Q3,2014Q3,0.05,0,0,12.38
d_margin_r4,0,ar,True,enet,w_food_cpi_rel_yoy,66,1,0.01515,0,-0.01169,2015Q3,2015Q3,0,0.05,0,12.38
d_margin_r4,0,ar,True,enet,w_food_cpi_xvat_yoy,66,1,0.01515,0,-0.02066,2014Q3,2014Q3,0.05,0,0,12.38
d_margin_r4,0,ar,True,enet,w_fx_vs_nok_dyoy,66,1,0.01515,1,0.02305,2014Q3,2014Q3,0.05,0,0,12.38
d_margin_r4,0,ar,True,enet,w_gov10y_lvl,66,1,0.01515,0,-0.1289,2014Q3,2014Q3,0.05,0,0,12.38
d_margin_r4,0,ar,True,enet,w_retail_food_vol_yoy,66,1,0.01515,0,-0.01953,2015Q3,2015Q3,0,0.05,0,12.38
d_margin_r4,0,ar,True,enet,w_unemp_d4,66,1,0.01515,1,0.0301,2015Q1,2015Q1,0,0.05,0,12.38
d_margin_r4,0,ar,True,lasso,no_imp_price_food_idx__dyoy,66,30,0.4545,1,0.05651,2010Q1,2023Q4,1,0.1,0.3077,10.7
d_margin_r4,0,ar,True,lasso,no_govbond_10y__d4,66,28,0.4242,0,-0.07001,2010Q1,2025Q4,0.6,0,0.6154,10.7
d_margin_r4,0,ar,True,lasso,no_ssb_bts_consgoods_home_price_exp__lvl,66,24,0.3636,0,-0.03066,2010Q1,2024Q4,0.6,0,0.4615,10.7
d_margin_r4,0,ar,True,lasso,us_ppi_corrugated_boxes_idx__yoy,66,22,0.3333,0,-0.01917,2013Q2,2025Q3,0.35,0,0.5769,10.7
d_margin_r4,0,ar,True,lasso,no_real_wage_qna_yoy_q__lvl,66,21,0.3182,0,-0.09742,2010Q1,2015Q2,1,0.05,0,10.7
d_margin_r4,0,ar,True,lasso,w_real_wage_dyoy,66,21,0.3182,0,-0.05581,2010Q1,2015Q2,0.95,0.1,0,10.7
d_margin_r4,0,ar,True,lasso,no_jordbruk_malpris_mnok__d4,66,18,0.2727,0,-0.01783,2011Q3,2025Q2,0.25,0.1,0.4231,10.7
d_margin_r4,0,ar,True,lasso,w_retail_total_vol_dyoy,66,18,0.2727,1,0.02771,2010Q4,2025Q2,0.3,0.05,0.4231,10.7
d_margin_r4,0,ar,True,lasso,se_eursek__dyoy,66,16,0.2424,0,-0.04137,2011Q3,2025Q2,0.05,0.1,0.5,10.7
d_margin_r4,0,ar,True,lasso,fao_ffpi_sek_yoy,66,15,0.2273,0,-0.05083,2012Q1,2023Q1,0.5,0,0.1923,10.7
d_margin_r4,0,ar,True,lasso,no_ppi_food_dom_idx__yoy,66,15,0.2273,0,-0.03455,2010Q1,2025Q3,0.5,0,0.1923,10.7
d_margin_r4,0,ar,True,lasso,no_real_wage_qna_yoy_q__d4,66,15,0.2273,0,-0.03489,2011Q2,2015Q2,0.65,0.1,0,10.7
d_margin_r4,0,ar,True,lasso,se_na_hhcons_food_sa__yoy,66,15,0.2273,0,-0.08304,2010Q1,2023Q1,0.4,0.1,0.1923,10.7
d_margin_r4,0,ar,True,lasso,ea_ec_food_ind_sell_price_exp__d4,66,14,0.2121,0,-0.08164,2010Q1,2014Q1,0.7,0,0,10.7
d_margin_r4,0,ar,True,lasso,se_eursek__yoy,66,14,0.2121,0,-0.1263,2011Q3,2015Q2,0.6,0.1,0,10.7
d_margin_r4,0,ar,True,lasso,no_policy_rate__lvl,66,13,0.197,0,-0.0837,2010Q1,2014Q3,0.65,0,0,10.7
d_margin_r4,0,ar,True,lasso,glob_fao_dairy_idx__yoy,66,12,0.1818,0,-0.02115,2015Q1,2024Q3,0,0.05,0.4231,10.7
d_margin_r4,0,ar,True,lasso,w_hh_saving_lvl,66,12,0.1818,1,0.0724,2010Q4,2015Q2,0.5,0.1,0,10.7
d_margin_r4,0,ar,True,lasso,no_ppi_food_dom_idx__dyoy,66,11,0.1667,0,-0.01913,2012Q4,2023Q3,0.3,0.05,0.1538,10.7
d_margin_r4,0,ar,True,lasso,se_retail_grocery_vol_sa_idx__dyoy,66,11,0.1667,1,0.1534,2010Q1,2015Q2,0.45,0.1,0,10.7
d_margin_r4,0,ar,True,lasso,w_real_wage_yoy,66,11,0.1667,0,-0.03529,2011Q1,2022Q3,0.4,0,0.1154,10.7
d_margin_r4,0,ar,True,lasso,w_unemp_lvl,66,11,0.1667,1,0.06511,2012Q2,2019Q1,0.2,0.35,0,10.7
d_margin_r4,0,ar,True,lasso,eu_agri_basket_wloc_yoy,66,10,0.1515,0,-0.1037,2012Q4,2015Q2,0.4,0.1,0,10.7
d_margin_r4,0,ar,True,lasso,eu_ppi_dom_c106_idx__dyoy,66,10,0.1515,0,-0.07138,2015Q1,2023Q4,0,0.1,0.3077,10.7
d_margin_r4,0,ar,True,lasso,w_fx_vs_eur_dyoy,66,10,0.1515,0,-0.07534,2010Q1,2014Q2,0.5,0,0,10.7
d_margin_r4,0,ar,True,lasso,glob_fao_meat_idx__yoy,66,9,0.1364,1,0.1105,2010Q1,2015Q2,0.35,0.1,0,10.7
d_margin_r4,0,ar,True,lasso,glob_gscpi__lvl,66,9,0.1364,0,-0.05326,2010Q1,2015Q2,0.35,0.1,0,10.7
d_margin_r4,0,ar,True,lasso,se_wage_idx_m__dyoy,66,9,0.1364,0.8889,0.02304,2011Q1,2023Q4,0.1,0.05,0.2308,10.7
d_margin_r4,0,ar,True,lasso,w_hh_saving_d4,66,9,0.1364,0.7778,0.02331,2010Q1,2014Q4,0.45,0,0,10.7
d_margin_r4,0,ar,True,lasso,glob_gscpi__d4,66,8,0.1212,1,0.07033,2013Q2,2015Q2,0.3,0.1,0,10.7
d_margin_r4,0,ar,True,lasso,no_cpi_total_idx__yoy,66,8,0.1212,0,-0.06874,2010Q1,2015Q2,0.3,0.1,0,10.7
d_margin_r4,0,ar,True,lasso,no_fx_eurnok__dyoy,66,8,0.1212,0,-0.0975,2010Q4,2014Q2,0.4,0,0,10.7
d_margin_r4,0,ar,True,lasso,se_ec_cons_conf__lvl,66,8,0.1212,0,-0.04078,2011Q1,2014Q2,0.4,0,0,10.7
d_margin_r4,0,ar,True,lasso,se_nier_food_mfg_sell_price_exp__d4,66,8,0.1212,0.375,0.006873,2014Q3,2023Q1,0.1,0.05,0.1923,10.7
d_margin_r4,0,ar,True,lasso,brent_nok_dyoy,66,7,0.1061,1,0.1103,2011Q2,2014Q1,0.35,0,0,10.7
d_margin_r4,0,ar,True,lasso,brent_nok_yoy,66,7,0.1061,1,0.01135,2011Q2,2013Q2,0.35,0,0,10.7
d_margin_r4,0,ar,True,lasso,glob_fao_sugar_idx__dyoy,66,7,0.1061,1,0.01931,2011Q2,2022Q4,0.3,0,0.03846,10.7
d_margin_r4,0,ar,True,lasso,no_imp_price_food_idx__yoy,66,7,0.1061,1,0.04672,2010Q4,2015Q1,0.3,0.05,0,10.7
d_margin_r4,0,ar,True,lasso,w_food_cpi_rel_dyoy,66,7,0.1061,0,-0.07589,2011Q2,2014Q3,0.35,0,0,10.7
d_margin_r4,0,ar,True,lasso,ea_ec_food_ind_sell_price_exp__lvl,66,6,0.09091,0,-0.05453,2010Q1,2015Q2,0.25,0.05,0,10.7
d_margin_r4,0,ar,True,lasso,eu_agri_basket_wloc_dyoy,66,6,0.09091,0,-0.04312,2012Q4,2014Q2,0.3,0,0,10.7
d_margin_r4,0,ar,True,lasso,eu_ppi_dom_c107_idx__yoy,66,6,0.09091,1,0.09092,2010Q1,2015Q2,0.2,0.1,0,10.7
d_margin_r4,0,ar,True,lasso,se_wage_idx_m__yoy,66,6,0.09091,1,0.1213,2010Q1,2015Q2,0.2,0.1,0,10.7
d_margin_r4,0,ar,True,lasso,eu_ppi_paper_packaging_idx__yoy,66,5,0.07576,0,-0.01881,2023Q4,2025Q1,0,0,0.1923,10.7
d_margin_r4,0,ar,True,lasso,no_cpi_food_idx__yoy,66,5,0.07576,0,-0.1587,2014Q4,2023Q1,0.05,0.1,0.07692,10.7
d_margin_r4,0,ar,True,lasso,no_earn_idx_food_manuf_q__dyoy,66,5,0.07576,0.6,-0.008036,2010Q3,2015Q2,0.15,0.1,0,10.7
d_margin_r4,0,ar,True,lasso,no_govbond_10y__lvl,66,5,0.07576,0,-0.02455,2013Q1,2014Q2,0.25,0,0,10.7
d_margin_r4,0,ar,True,lasso,no_qna_hh_food_cons_sa_mnok__dyoy,66,5,0.07576,0.8,0.03549,2012Q4,2015Q1,0.2,0.05,0,10.7
d_margin_r4,0,ar,True,lasso,no_retail_foodstores_vol_sa_idx__dyoy,66,5,0.07576,0,-0.01627,2014Q2,2015Q2,0.15,0.1,0,10.7
d_margin_r4,0,ar,True,lasso,no_ssb_bts_consgoods_home_price_exp__d4,66,5,0.07576,1,0.06339,2010Q1,2011Q1,0.25,0,0,10.7
d_margin_r4,0,ar,True,lasso,nw_food_cpi_dyoy,66,5,0.07576,0,-0.08451,2010Q1,2011Q1,0.25,0,0,10.7
d_margin_r4,0,ar,True,lasso,price_cost_gap_ppi_d4,66,5,0.07576,0,-0.06495,2010Q1,2011Q1,0.25,0,0,10.7
d_margin_r4,0,ar,True,lasso,w_gdp_vol_dyoy,66,5,0.07576,1,0.07881,2014Q2,2015Q2,0.15,0.1,0,10.7
d_margin_r4,0,ar,True,lasso,w_gov10y_d4,66,5,0.07576,0,-0.01472,2024Q3,2025Q4,0,0,0.1923,10.7
d_margin_r4,0,ar,True,lasso,w_wage_yoy,66,5,0.07576,0,-0.04056,2022Q1,2023Q1,0,0,0.1923,10.7
d_margin_r4,0,ar,True,lasso,ea_negotiated_wages_yoy_q__lvl,66,4,0.06061,0.5,0.0002465,2010Q4,2014Q4,0.2,0,0,10.7
d_margin_r4,0,ar,True,lasso,glob_fao_dairy_idx__dyoy,66,4,0.06061,0,-0.01958,2015Q2,2023Q1,0,0.05,0.1154,10.7
d_margin_r4,0,ar,True,lasso,glob_fao_ffpi_eur__dyoy,66,4,0.06061,1,0.004249,2010Q2,2011Q1,0.2,0,0,10.7
d_margin_r4,0,ar,True,lasso,glob_fao_vegoils_idx__yoy,66,4,0.06061,0,-0.2613,2014Q3,2015Q2,0.1,0.1,0,10.7
d_margin_r4,0,ar,True,lasso,no_earn_idx_food_manuf_q__yoy,66,4,0.06061,0,-0.0437,2014Q3,2015Q2,0.1,0.1,0,10.7
d_margin_r4,0,ar,True,lasso,no_nbes_bl_sell_price_di__lvl,66,4,0.06061,1,0.1139,2014Q3,2015Q2,0.1,0.1,0,10.7
d_margin_r4,0,ar,True,lasso,se_retail_grocery_vol_sa_idx__yoy,66,4,0.06061,0,-0.004262,2022Q1,2022Q4,0,0,0.1538,10.7
d_margin_r4,0,ar,True,lasso,w_food_cpi_dyoy,66,4,0.06061,0,-0.06272,2010Q1,2012Q4,0.2,0,0,10.7
d_margin_r4,0,ar,True,lasso,w_fx_vs_eur_yoy,66,4,0.06061,0,-0.03031,2012Q2,2013Q3,0.2,0,0,10.7
d_margin_r4,0,ar,True,lasso,w_policy_rate_lvl,66,4,0.06061,0,-0.02634,2012Q2,2022Q3,0.05,0,0.1154,10.7
d_margin_r4,0,ar,True,lasso,ea_negotiated_wages_yoy_q__d4,66,3,0.04545,0,-0.04999,2014Q4,2015Q2,0.05,0.1,0,10.7
d_margin_r4,0,ar,True,lasso,elec_nordic_loc_dyoy,66,3,0.04545,1,0.02356,2014Q4,2015Q2,0.05,0.1,0,10.7
d_margin_r4,0,ar,True,lasso,glob_fao_cereals_idx__dyoy,66,3,0.04545,1,0.05566,2010Q4,2015Q2,0.1,0.05,0,10.7
d_margin_r4,0,ar,True,lasso,glob_fao_ffpi__dyoy,66,3,0.04545,1,0.05223,2010Q1,2010Q3,0.15,0,0,10.7
d_margin_r4,0,ar,True,lasso,price_cost_gap_agri_d4,66,3,0.04545,0,-0.03274,2014Q4,2015Q2,0.05,0.1,0,10.7
d_margin_r4,0,ar,True,lasso,se_real_wage_yoy_q__d4,66,3,0.04545,1,0.05422,2013Q1,2014Q4,0.15,0,0,10.7
d_margin_r4,0,ar,True,lasso,w_fx_vs_usd_yoy,66,3,0.04545,0,-0.004002,2011Q3,2013Q2,0.15,0,0,10.7
d_margin_r4,0,ar,True,lasso,eu_ppi_paper_packaging_idx__dyoy,66,2,0.0303,0,-0.04744,2023Q2,2023Q3,0,0,0.07692,10.7
d_margin_r4,0,ar,True,lasso,fao_ffpi_sek_dyoy,66,2,0.0303,0,-0.04534,2015Q1,2015Q2,0,0.1,0,10.7
d_margin_r4,0,ar,True,lasso,glob_fao_ffpi_nok__yoy,66,2,0.0303,0,-0.04551,2014Q3,2022Q3,0.05,0,0.03846,10.7
d_margin_r4,0,ar,True,lasso,no_fn_cci_sa__d4,66,2,0.0303,1,0.01812,2010Q2,2010Q3,0.1,0,0,10.7
d_margin_r4,0,ar,True,lasso,no_vat_food_rate__d4,66,2,0.0303,0.5,0.001777,2014Q4,2015Q2,0.05,0.05,0,10.7
d_margin_r4,0,ar,True,lasso,no_vat_food_rate__lvl,66,2,0.0303,1,0.02856,2013Q2,2014Q3,0.1,0,0,10.7
d_margin_r4,0,ar,True,lasso,packaging_us_yoy,66,2,0.0303,0,-0.04607,2015Q1,2015Q2,0,0.1,0,10.7
d_margin_r4,0,ar,True,lasso,price_cost_gap_fao_nok_d4,66,2,0.0303,0,-0.01376,2010Q1,2010Q2,0.1,0,0,10.7
d_margin_r4,0,ar,True,lasso,price_cost_gap_ppi,66,2,0.0303,0,-0.02189,2011Q1,2015Q2,0.05,0.05,0,10.7
d_margin_r4,0,ar,True,lasso,se_ec_cons_conf__d4,66,2,0.0303,0,-0.03849,2015Q1,2015Q2,0,0.1,0,10.7
d_margin_r4,0,ar,True,lasso,us_ppi_plastic_resins_idx__yoy,66,2,0.0303,1,0.005108,2010Q2,2010Q3,0.1,0,0,10.7
d_margin_r4,0,ar,True,lasso,w_ec_food_ind_sell_price_exp_lvl,66,2,0.0303,1,0.1012,2014Q3,2014Q4,0.1,0,0,10.7
d_margin_r4,0,ar,True,lasso,w_food_cpi_xvat_dyoy,66,2,0.0303,0,-0.02977,2013Q1,2013Q3,0.1,0,0,10.7
d_margin_r4,0,ar,True,lasso,w_fx_vs_nok_yoy,66,2,0.0303,0.5,-0.003515,2010Q3,2015Q2,0.05,0.05,0,10.7
d_margin_r4,0,ar,True,lasso,wb_food_sek_yoy,66,2,0.0303,0,-0.005242,2010Q2,2010Q3,0.1,0,0,10.7
d_margin_r4,0,ar,True,lasso,ea_hicp_food_idx__yoy,66,1,0.01515,1,0.03086,2015Q1,2015Q1,0,0.05,0,10.7
d_margin_r4,0,ar,True,lasso,elec_nordic_loc_yoy,66,1,0.01515,0,-0.05296,2014Q3,2014Q3,0.05,0,0,10.7
d_margin_r4,0,ar,True,lasso,eu_agri_basket_dyoy,66,1,0.01515,1,0.05288,2014Q4,2014Q4,0.05,0,0,10.7
d_margin_r4,0,ar,True,lasso,eu_ppi_dom_food_mfg_idx__dyoy,66,1,0.01515,1,0.03909,2010Q3,2010Q3,0.05,0,0,10.7
d_margin_r4,0,ar,True,lasso,glob_wb_food_idx_nok__yoy,66,1,0.01515,0,-0.0929,2014Q3,2014Q3,0.05,0,0,10.7
d_margin_r4,0,ar,True,lasso,no_cpi_total_idx__dyoy,66,1,0.01515,1,0.007088,2014Q4,2014Q4,0.05,0,0,10.7
d_margin_r4,0,ar,True,lasso,no_fx_eurnok__yoy,66,1,0.01515,0,-0.001327,2015Q2,2015Q2,0,0.05,0,10.7
d_margin_r4,0,ar,True,lasso,no_nbes_bl_sell_price_di__d4,66,1,0.01515,1,0.02778,2014Q4,2014Q4,0.05,0,0,10.7
d_margin_r4,0,ar,True,lasso,nw_food_cpi_xvat_yoy,66,1,0.01515,0,-0.07269,2013Q2,2013Q2,0.05,0,0,10.7
d_margin_r4,0,ar,True,lasso,nw_food_cpi_yoy,66,1,0.01515,0,-0.0772,2013Q3,2013Q3,0.05,0,0,10.7
d_margin_r4,0,ar,True,lasso,nw_real_wage_dyoy,66,1,0.01515,0,-0.01935,2010Q3,2010Q3,0.05,0,0,10.7
d_margin_r4,0,ar,True,lasso,packaging_eu_yoy,66,1,0.01515,0,-0.0286,2010Q4,2010Q4,0.05,0,0,10.7
d_margin_r4,0,ar,True,lasso,se_cpi_idx__dyoy,66,1,0.01515,0,-0.04407,2015Q2,2015Q2,0,0.05,0,10.7
d_margin_r4,0,ar,True,lasso,se_na_hhcons_food_sa__dyoy,66,1,0.01515,0,-0.009666,2014Q3,2014Q3,0.05,0,0,10.7
d_margin_r4,0,ar,True,lasso,se_real_wage_yoy_q__lvl,66,1,0.01515,1,0.1806,2014Q3,2014Q3,0.05,0,0,10.7
d_margin_r4,0,ar,True,lasso,w_ec_food_ind_sell_price_exp_d4,66,1,0.01515,1,0.02579,2014Q3,2014Q3,0.05,0,0,10.7
d_margin_r4,0,ar,True,lasso,w_food_cpi_xvat_yoy,66,1,0.01515,0,-0.00283,2014Q3,2014Q3,0.05,0,0,10.7
d_margin_r4,0,ar,True,lasso,w_fx_vs_nok_dyoy,66,1,0.01515,1,0.01459,2014Q3,2014Q3,0.05,0,0,10.7
d_margin_r4,0,ar,True,lasso,w_gov10y_lvl,66,1,0.01515,0,-0.1538,2014Q3,2014Q3,0.05,0,0,10.7
d_margin_r4,0,ar,True,lasso,w_retail_food_vol_yoy,66,1,0.01515,0,-0.01361,2015Q2,2015Q2,0,0.05,0,10.7
d_margin_r4,0,ar,True,lasso,w_retail_total_vol_yoy,66,1,0.01515,0,-0.02092,2015Q2,2015Q2,0,0.05,0,10.7
d_margin_r4,0,ar,True,lasso,w_unemp_d4,66,1,0.01515,1,0.03911,2015Q1,2015Q1,0,0.05,0,10.7
d_margin_r4,0,ar,True,lasso,w_wage_dyoy,66,1,0.01515,0,-0.04076,2015Q1,2015Q1,0,0.05,0,10.7
d_margin_r4,1,ar,True,enet,no_govbond_10y__d4,66,28,0.4242,0,-0.1609,2010Q1,2025Q4,0.75,0.05,0.4615,11.08
d_margin_r4,1,ar,True,enet,w_unemp_d4,66,26,0.3939,1,0.03961,2011Q2,2025Q3,0.3,0.45,0.4231,11.08
d_margin_r4,1,ar,True,enet,w_wage_yoy,66,23,0.3485,0,-0.05207,2012Q3,2025Q3,0.1,0.5,0.4231,11.08
d_margin_r4,1,ar,True,enet,packaging_eu_yoy,66,22,0.3333,0,-0.0582,2010Q1,2025Q4,0.45,0.05,0.4615,11.08
d_margin_r4,1,ar,True,enet,se_eursek__yoy,66,17,0.2576,0,-0.04233,2011Q2,2025Q2,0.35,0.05,0.3462,11.08
d_margin_r4,1,ar,True,enet,se_real_wage_yoy_q__d4,66,17,0.2576,1,0.03167,2010Q1,2025Q3,0.35,0.05,0.3462,11.08
d_margin_r4,1,ar,True,enet,eu_ppi_plastic_products_idx__yoy,66,16,0.2424,0,-0.06279,2011Q2,2025Q4,0.45,0.05,0.2308,11.08
d_margin_r4,1,ar,True,enet,w_unemp_lvl,66,16,0.2424,1,0.1091,2011Q3,2019Q3,0.3,0.5,0,11.08
d_margin_r4,1,ar,True,enet,no_real_wage_qna_yoy_q__lvl,66,15,0.2273,0,-0.1458,2010Q1,2015Q1,0.7,0.05,0,11.08
d_margin_r4,1,ar,True,enet,se_retail_grocery_vol_sa_idx__dyoy,66,15,0.2273,1,0.04832,2010Q1,2015Q1,0.7,0.05,0,11.08
d_margin_r4,1,ar,True,enet,elec_nordic_loc_dyoy,66,14,0.2121,1,0.07293,2010Q1,2015Q1,0.65,0.05,0,11.08
d_margin_r4,1,ar,True,enet,glob_fao_sugar_idx__dyoy,66,14,0.2121,1,0.07329,2010Q1,2024Q1,0.55,0,0.1154,11.08
d_margin_r4,1,ar,True,enet,glob_fao_sugar_idx__yoy,66,14,0.2121,1,0.04985,2010Q3,2023Q3,0.65,0,0.03846,11.08
d_margin_r4,1,ar,True,enet,no_jordbruk_malpris_mnok__d4,66,14,0.2121,0,-0.07644,2010Q2,2015Q1,0.65,0.05,0,11.08
d_margin_r4,1,ar,True,enet,eu_ppi_paper_packaging_idx__yoy,66,13,0.197,0,-0.0249,2010Q3,2025Q3,0.1,0,0.4231,11.08
d_margin_r4,1,ar,True,enet,no_ssb_bts_consgoods_home_price_exp__lvl,66,13,0.197,0.2308,-0.04794,2014Q1,2025Q2,0.1,0.05,0.3846,11.08
d_margin_r4,1,ar,True,enet,se_na_hhcons_food_sa__yoy,66,13,0.197,0,-0.02592,2010Q1,2014Q4,0.65,0,0,11.08
d_margin_r4,1,ar,True,enet,w_policy_rate_lvl,66,13,0.197,0,-0.06816,2012Q3,2025Q2,0.15,0.05,0.3462,11.08
d_margin_r4,1,ar,True,enet,no_retail_foodstores_vol_sa_idx__dyoy,66,12,0.1818,0,-0.06339,2010Q1,2015Q1,0.55,0.05,0,11.08
d_margin_r4,1,ar,True,enet,no_retail_foodstores_vol_sa_idx__yoy,66,12,0.1818,0,-0.02275,2010Q1,2015Q1,0.55,0.05,0,11.08
d_margin_r4,1,ar,True,enet,no_ssb_bts_consgoods_home_price_exp__d4,66,12,0.1818,0,-0.01801,2010Q1,2023Q1,0.5,0.05,0.03846,11.08
d_margin_r4,1,ar,True,enet,fao_ffpi_sek_yoy,66,11,0.1667,0,-0.01702,2010Q1,2025Q2,0.35,0,0.1538,11.08
d_margin_r4,1,ar,True,enet,w_fx_vs_usd_dyoy,66,11,0.1667,0,-0.07663,2010Q1,2012Q3,0.55,0,0,11.08
d_margin_r4,1,ar,True,enet,ea_hicp_food_idx__yoy,66,10,0.1515,1,0.1425,2010Q2,2012Q3,0.5,0,0,11.08
d_margin_r4,1,ar,True,enet,glob_gscpi__d4,66,10,0.1515,1,0.03601,2010Q1,2015Q1,0.45,0.05,0,11.08
d_margin_r4,1,ar,True,enet,glob_gscpi__lvl,66,10,0.1515,1,0.01716,2010Q1,2015Q1,0.45,0.05,0,11.08
d_margin_r4,1,ar,True,enet,no_cpi_total_idx__yoy,66,10,0.1515,1,0.05362,2010Q1,2012Q2,0.5,0,0,11.08
d_margin_r4,1,ar,True,enet,no_nbes_bl_sell_price_di__lvl,66,10,0.1515,0,-0.01178,2014Q4,2025Q2,0.05,0.05,0.3077,11.08
d_margin_r4,1,ar,True,enet,nw_food_cpi_xvat_dyoy,66,10,0.1515,0,-0.06759,2011Q1,2014Q4,0.5,0,0,11.08
d_margin_r4,1,ar,True,enet,price_cost_gap_fao_wloc_d4,66,10,0.1515,0,-0.07497,2010Q1,2014Q4,0.5,0,0,11.08
d_margin_r4,1,ar,True,enet,se_real_wage_yoy_q__lvl,66,10,0.1515,1,0.1792,2010Q1,2012Q2,0.5,0,0,11.08
d_margin_r4,1,ar,True,enet,brent_nok_yoy,66,9,0.1364,1,0.02701,2010Q1,2015Q1,0.4,0.05,0,11.08
d_margin_r4,1,ar,True,enet,no_policy_rate__lvl,66,9,0.1364,0,-0.09839,2010Q1,2015Q1,0.4,0.05,0,11.08
d_margin_r4,1,ar,True,enet,price_cost_gap_fao_wloc,66,9,0.1364,0,-0.02427,2010Q2,2014Q2,0.45,0,0,11.08
d_margin_r4,1,ar,True,enet,us_ppi_corrugated_boxes_idx__yoy,66,9,0.1364,0,-0.0259,2014Q3,2025Q3,0.05,0,0.3077,11.08
d_margin_r4,1,ar,True,enet,w_food_cpi_dyoy,66,9,0.1364,0,-0.02373,2010Q2,2015Q1,0.4,0.05,0,11.08
d_margin_r4,1,ar,True,enet,no_earn_idx_food_manuf_q__yoy,66,8,0.1212,1,0.01947,2011Q1,2015Q1,0.35,0.05,0,11.08
d_margin_r4,1,ar,True,enet,nw_food_cpi_dyoy,66,8,0.1212,0,-0.02937,2010Q1,2012Q3,0.4,0,0,11.08
d_margin_r4,1,ar,True,enet,w_fx_vs_eur_dyoy,66,8,0.1212,0,-0.01934,2011Q4,2015Q1,0.35,0.05,0,11.08
d_margin_r4,1,ar,True,enet,w_gov10y_d4,66,8,0.1212,0,-0.02404,2023Q2,2025Q4,0,0,0.3077,11.08
d_margin_r4,1,ar,True,enet,w_retail_total_vol_dyoy,66,8,0.1212,1,0.06172,2014Q1,2024Q1,0.15,0.05,0.1538,11.08
d_margin_r4,1,ar,True,enet,no_cpi_food_idx__dyoy,66,7,0.1061,0,-0.04864,2010Q2,2012Q3,0.35,0,0,11.08
d_margin_r4,1,ar,True,enet,packaging_eu_dyoy,66,7,0.1061,0,-0.0373,2015Q1,2024Q2,0,0.05,0.2308,11.08
d_margin_r4,1,ar,True,enet,price_cost_gap_fao_nok,66,7,0.1061,0,-0.01576,2010Q2,2015Q1,0.3,0.05,0,11.08
d_margin_r4,1,ar,True,enet,se_eursek__dyoy,66,7,0.1061,0,-0.00474,2011Q4,2025Q2,0.1,0,0.1923,11.08
d_margin_r4,1,ar,True,enet,se_na_hhcons_food_sa__dyoy,66,7,0.1061,0,-0.03623,2010Q1,2014Q4,0.35,0,0,11.08
d_margin_r4,1,ar,True,enet,w_fx_vs_usd_yoy,66,7,0.1061,0,-0.0468,2010Q2,2011Q4,0.35,0,0,11.08
d_margin_r4,1,ar,True,enet,w_hh_saving_d4,66,7,0.1061,0,-0.01457,2010Q1,2014Q2,0.35,0,0,11.08
d_margin_r4,1,ar,True,enet,ea_ec_food_ind_sell_price_exp__d4,66,6,0.09091,0,-0.03401,2010Q1,2015Q1,0.25,0.05,0,11.08
d_margin_r4,1,ar,True,enet,eu_ppi_paper_packaging_idx__dyoy,66,6,0.09091,0,-0.08055,2023Q1,2024Q2,0,0,0.2308,11.08
d_margin_r4,1,ar,True,enet,no_cpi_total_idx__dyoy,66,6,0.09091,1,0.01842,2012Q2,2015Q1,0.25,0.05,0,11.08
d_margin_r4,1,ar,True,enet,no_ppi_food_dom_idx__yoy,66,6,0.09091,0,-0.01037,2023Q3,2025Q3,0,0,0.2308,11.08
d_margin_r4,1,ar,True,enet,nw_real_wage_dyoy,66,6,0.09091,0,-0.01431,2010Q1,2011Q4,0.3,0,0,11.08
d_margin_r4,1,ar,True,enet,price_cost_gap_ppi_d4,66,6,0.09091,0,-0.05668,2011Q1,2012Q2,0.3,0,0,11.08
d_margin_r4,1,ar,True,enet,w_hh_saving_lvl,66,6,0.09091,1,0.0333,2011Q3,2015Q1,0.25,0.05,0,11.08
d_margin_r4,1,ar,True,enet,eu_ppi_dom_c106_idx__dyoy,66,5,0.07576,0,-0.009676,2023Q3,2025Q1,0,0,0.1923,11.08
d_margin_r4,1,ar,True,enet,se_ec_cons_conf__lvl,66,5,0.07576,0,-0.0848,2012Q3,2015Q1,0.2,0.05,0,11.08
d_margin_r4,1,ar,True,enet,w_real_wage_dyoy,66,5,0.07576,0,-0.03402,2010Q1,2012Q1,0.25,0,0,11.08
d_margin_r4,1,ar,True,enet,w_retail_food_vol_yoy,66,5,0.07576,0,-0.06944,2012Q3,2015Q1,0.2,0.05,0,11.08
d_margin_r4,1,ar,True,enet,ea_negotiated_wages_yoy_q__d4,66,4,0.06061,0,-0.04061,2011Q4,2015Q1,0.15,0.05,0,11.08
d_margin_r4,1,ar,True,enet,eu_agri_basket_wloc_yoy,66,4,0.06061,0,-0.06126,2014Q1,2015Q1,0.15,0.05,0,11.08
d_margin_r4,1,ar,True,enet,eu_ppi_dom_c107_idx__yoy,66,4,0.06061,1,0.08211,2010Q1,2011Q1,0.2,0,0,11.08
d_margin_r4,1,ar,True,enet,eu_ppi_dom_food_mfg_idx__yoy,66,4,0.06061,1,0.05394,2010Q1,2011Q1,0.2,0,0,11.08
d_margin_r4,1,ar,True,enet,eu_ppi_plastic_products_idx__dyoy,66,4,0.06061,0,-0.1035,2014Q1,2015Q1,0.15,0.05,0,11.08
d_margin_r4,1,ar,True,enet,glob_fao_meat_idx__dyoy,66,4,0.06061,0,-0.06449,2014Q1,2015Q1,0.15,0.05,0,11.08
d_margin_r4,1,ar,True,enet,glob_wb_food_idx__yoy,66,4,0.06061,1,0.03113,2011Q2,2015Q1,0.15,0.05,0,11.08
d_margin_r4,1,ar,True,enet,no_govbond_10y__lvl,66,4,0.06061,0,-0.1612,2014Q1,2015Q1,0.15,0.05,0,11.08
d_margin_r4,1,ar,True,enet,no_imp_price_food_idx__yoy,66,4,0.06061,1,0.03965,2014Q1,2015Q1,0.15,0.05,0,11.08
d_margin_r4,1,ar,True,enet,no_vat_food_rate__d4,66,4,0.06061,1,0.03415,2014Q1,2015Q1,0.15,0.05,0,11.08
d_margin_r4,1,ar,True,enet,w_gov10y_lvl,66,4,0.06061,0.25,-0.01022,2011Q4,2014Q4,0.2,0,0,11.08
d_margin_r4,1,ar,True,enet,w_real_wage_yoy,66,4,0.06061,0,-0.01538,2011Q1,2018Q3,0.1,0.1,0,11.08
d_margin_r4,1,ar,True,enet,brent_nok_dyoy,66,3,0.04545,1,0.06277,2012Q2,2014Q3,0.15,0,0,11.08
d_margin_r4,1,ar,True,enet,ea_ec_food_ind_sell_price_exp__lvl,66,3,0.04545,0,-0.00242,2024Q3,2025Q1,0,0,0.1154,11.08
d_margin_r4,1,ar,True,enet,ea_negotiated_wages_yoy_q__lvl,66,3,0.04545,0,-0.002956,2011Q1,2014Q4,0.15,0,0,11.08
d_margin_r4,1,ar,True,enet,fao_ffpi_sek_dyoy,66,3,0.04545,0,-0.03389,2011Q1,2012Q3,0.15,0,0,11.08
d_margin_r4,1,ar,True,enet,glob_fao_dairy_idx__yoy,66,3,0.04545,0,-0.03203,2012Q3,2014Q2,0.15,0,0,11.08
d_margin_r4,1,ar,True,enet,no_fx_eurnok__dyoy,66,3,0.04545,0,-0.04729,2012Q3,2014Q2,0.15,0,0,11.08
d_margin_r4,1,ar,True,enet,w_ec_cons_price_exp_lvl,66,3,0.04545,1,0.01895,2011Q3,2014Q1,0.15,0,0,11.08
d_margin_r4,1,ar,True,enet,w_food_cpi_rel_dyoy,66,3,0.04545,0,-0.0281,2010Q1,2011Q2,0.15,0,0,11.08
d_margin_r4,1,ar,True,enet,eu_ppi_dom_c106_idx__yoy,66,2,0.0303,0,-0.01324,2025Q2,2025Q3,0,0,0.07692,11.08
d_margin_r4,1,ar,True,enet,glob_fao_ffpi_nok__dyoy,66,2,0.0303,0,-0.01915,2012Q2,2012Q3,0.1,0,0,11.08
d_margin_r4,1,ar,True,enet,nw_retail_food_vol_dyoy,66,2,0.0303,1,0.005338,2024Q1,2024Q2,0,0,0.07692,11.08
d_margin_r4,1,ar,True,enet,se_policy_rate__lvl,66,2,0.0303,0,-0.0238,2014Q3,2014Q4,0.1,0,0,11.08
d_margin_r4,1,ar,True,enet,w_cons_conf_z_d4,66,2,0.0303,1,0.01481,2011Q3,2011Q4,0.1,0,0,11.08
d_margin_r4,1,ar,True,enet,eu_agri_basket_wloc_dyoy,66,1,0.01515,0,-0.01483,2014Q4,2014Q4,0.05,0,0,11.08
d_margin_r4,1,ar,True,enet,eu_agri_basket_yoy,66,1,0.01515,0,-0.01817,2014Q4,2014Q4,0.05,0,0,11.08
d_margin_r4,1,ar,True,enet,eu_ppi_dom_food_mfg_idx__dyoy,66,1,0.01515,1,0.03581,2010Q1,2010Q1,0.05,0,0,11.08
d_margin_r4,1,ar,True,enet,glob_fao_dairy_idx__dyoy,66,1,0.01515,0,-0.02131,2014Q4,2014Q4,0.05,0,0,11.08
d_margin_r4,1,ar,True,enet,glob_wb_food_idx_eur__yoy,66,1,0.01515,1,0.06397,2014Q1,2014Q1,0.05,0,0,11.08
d_margin_r4,1,ar,True,enet,no_cpi_food_idx__yoy,66,1,0.01515,0,-0.00607,2010Q1,2010Q1,0.05,0,0,11.08
d_margin_r4,1,ar,True,enet,no_earn_idx_food_manuf_q__dyoy,66,1,0.01515,1,0.0259,2015Q1,2015Q1,0,0.05,0,11.08
d_margin_r4,1,ar,True,enet,no_ppi_food_dom_idx__dyoy,66,1,0.01515,0,-0.01314,2014Q3,2014Q3,0.05,0,0,11.08
d_margin_r4,1,ar,True,enet,us_ppi_corrugated_boxes_idx__dyoy,66,1,0.01515,0,-0.005975,2023Q1,2023Q1,0,0,0.03846,11.08
d_margin_r4,1,ar,True,enet,w_ec_food_ind_sell_price_exp_d4,66,1,0.01515,0,-0.05812,2015Q1,2015Q1,0,0.05,0,11.08
d_margin_r4,1,ar,True,enet,w_fx_vs_eur_yoy,66,1,0.01515,0,-0.0454,2014Q1,2014Q1,0.05,0,0,11.08
d_margin_r4,1,ar,True,enet,w_gdp_vol_dyoy,66,1,0.01515,1,0.008333,2014Q4,2014Q4,0.05,0,0,11.08
d_margin_r4,1,ar,True,lasso,no_govbond_10y__d4,66,26,0.3939,0,-0.181,2010Q1,2025Q4,0.65,0.05,0.4615,7.697
d_margin_r4,1,ar,True,lasso,w_unemp_d4,66,22,0.3333,1,0.058,2012Q1,2025Q2,0.15,0.45,0.3846,7.697
d_margin_r4,1,ar,True,lasso,w_wage_yoy,66,21,0.3182,0,-0.07211,2014Q3,2025Q2,0.1,0.45,0.3846,7.697
d_margin_r4,1,ar,True,lasso,w_unemp_lvl,66,14,0.2121,1,0.1612,2011Q3,2019Q3,0.2,0.5,0,7.697
d_margin_r4,1,ar,True,lasso,elec_nordic_loc_dyoy,66,13,0.197,1,0.08023,2010Q1,2015Q1,0.6,0.05,0,7.697
d_margin_r4,1,ar,True,lasso,packaging_eu_yoy,66,13,0.197,0,-0.1148,2010Q1,2025Q4,0.25,0,0.3077,7.697
d_margin_r4,1,ar,True,lasso,w_policy_rate_lvl,66,13,0.197,0,-0.08041,2014Q3,2025Q2,0.1,0.05,0.3846,7.697
d_margin_r4,1,ar,True,lasso,no_real_wage_qna_yoy_q__lvl,66,12,0.1818,0,-0.1943,2010Q1,2014Q1,0.6,0,0,7.697
d_margin_r4,1,ar,True,lasso,se_eursek__yoy,66,12,0.1818,0,-0.0376,2011Q2,2025Q1,0.25,0.05,0.2308,7.697
d_margin_r4,1,ar,True,lasso,se_real_wage_yoy_q__d4,66,12,0.1818,1,0.02765,2010Q4,2025Q2,0.25,0.05,0.2308,7.697
d_margin_r4,1,ar,True,lasso,se_retail_grocery_vol_sa_idx__dyoy,66,12,0.1818,1,0.03984,2010Q1,2015Q1,0.55,0.05,0,7.697
d_margin_r4,1,ar,True,lasso,glob_fao_sugar_idx__dyoy,66,11,0.1667,1,0.1071,2010Q1,2025Q1,0.45,0.05,0.03846,7.697
d_margin_r4,1,ar,True,lasso,no_jordbruk_malpris_mnok__d4,66,11,0.1667,0,-0.07003,2010Q2,2023Q4,0.45,0.05,0.03846,7.697
d_margin_r4,1,ar,True,lasso,no_ssb_bts_consgoods_home_price_exp__lvl,66,11,0.1667,0.09091,-0.06243,2014Q1,2025Q2,0.05,0,0.3846,7.697
d_margin_r4,1,ar,True,lasso,ea_hicp_food_idx__yoy,66,10,0.1515,1,0.1485,2010Q2,2012Q3,0.5,0,0,7.697
d_margin_r4,1,ar,True,lasso,glob_gscpi__lvl,66,10,0.1515,1,0.02065,2010Q1,2015Q1,0.45,0.05,0,7.697
d_margin_r4,1,ar,True,lasso,no_cpi_total_idx__yoy,66,10,0.1515,1,0.05544,2010Q1,2012Q2,0.5,0,0,7.697
d_margin_r4,1,ar,True,lasso,no_retail_foodstores_vol_sa_idx__dyoy,66,10,0.1515,0,-0.07025,2010Q1,2014Q2,0.5,0,0,7.697
d_margin_r4,1,ar,True,lasso,price_cost_gap_fao_wloc_d4,66,10,0.1515,0,-0.08747,2010Q1,2012Q2,0.5,0,0,7.697
d_margin_r4,1,ar,True,lasso,se_na_hhcons_food_sa__yoy,66,10,0.1515,0,-0.02516,2010Q2,2014Q2,0.5,0,0,7.697
d_margin_r4,1,ar,True,lasso,se_real_wage_yoy_q__lvl,66,10,0.1515,1,0.2006,2010Q1,2012Q2,0.5,0,0,7.697
d_margin_r4,1,ar,True,lasso,eu_ppi_plastic_products_idx__yoy,66,9,0.1364,0,-0.1075,2011Q2,2015Q1,0.4,0.05,0,7.697
d_margin_r4,1,ar,True,lasso,w_fx_vs_usd_dyoy,66,9,0.1364,0,-0.08825,2010Q1,2012Q2,0.45,0,0,7.697
d_margin_r4,1,ar,True,lasso,fao_ffpi_sek_yoy,66,8,0.1212,0,-0.01439,2010Q1,2025Q2,0.2,0,0.1538,7.697
d_margin_r4,1,ar,True,lasso,no_ssb_bts_consgoods_home_price_exp__d4,66,8,0.1212,0,-0.01621,2010Q1,2015Q3,0.35,0.05,0,7.697
d_margin_r4,1,ar,True,lasso,nw_food_cpi_xvat_dyoy,66,8,0.1212,0,-0.07055,2011Q1,2014Q1,0.4,0,0,7.697
d_margin_r4,1,ar,True,lasso,brent_nok_yoy,66,7,0.1061,1,0.02916,2010Q1,2015Q1,0.3,0.05,0,7.697
d_margin_r4,1,ar,True,lasso,glob_fao_sugar_idx__yoy,66,7,0.1061,1,0.08081,2011Q1,2014Q2,0.35,0,0,7.697
d_margin_r4,1,ar,True,lasso,glob_gscpi__d4,66,7,0.1061,1,0.03281,2010Q1,2014Q2,0.35,0,0,7.697
d_margin_r4,1,ar,True,lasso,w_hh_saving_lvl,66,7,0.1061,1,0.02245,2011Q2,2015Q1,0.3,0.05,0,7.697
d_margin_r4,1,ar,True,lasso,w_retail_total_vol_dyoy,66,7,0.1061,1,0.03769,2014Q1,2024Q1,0.1,0.05,0.1538,7.697
d_margin_r4,1,ar,True,lasso,eu_ppi_paper_packaging_idx__dyoy,66,6,0.09091,0,-0.1294,2023Q1,2024Q2,0,0,0.2308,7.697
d_margin_r4,1,ar,True,lasso,no_earn_idx_food_manuf_q__yoy,66,6,0.09091,1,0.02176,2011Q1,2015Q1,0.25,0.05,0,7.697
d_margin_r4,1,ar,True,lasso,se_eursek__dyoy,66,6,0.09091,0,-0.01255,2023Q2,2025Q2,0,0,0.2308,7.697
d_margin_r4,1,ar,True,lasso,se_na_hhcons_food_sa__dyoy,66,6,0.09091,0,-0.03626,2010Q1,2014Q2,0.3,0,0,7.697
d_margin_r4,1,ar,True,lasso,us_ppi_corrugated_boxes_idx__yoy,66,6,0.09091,0,-0.01266,2023Q1,2025Q2,0,0,0.2308,7.697
d_margin_r4,1,ar,True,lasso,no_cpi_food_idx__dyoy,66,5,0.07576,0,-0.06866,2011Q3,2012Q3,0.25,0,0,7.697
d_margin_r4,1,ar,True,lasso,no_policy_rate__lvl,66,5,0.07576,0,-0.1394,2010Q1,2015Q1,0.2,0.05,0,7.697
d_margin_r4,1,ar,True,lasso,price_cost_gap_ppi_d4,66,5,0.07576,0,-0.06694,2011Q2,2012Q2,0.25,0,0,7.697
d_margin_r4,1,ar,True,lasso,w_food_cpi_dyoy,66,5,0.07576,0,-0.02493,2010Q2,2012Q2,0.25,0,0,7.697
d_margin_r4,1,ar,True,lasso,w_fx_vs_eur_dyoy,66,5,0.07576,0,-0.03302,2011Q4,2014Q2,0.25,0,0,7.697
d_margin_r4,1,ar,True,lasso,w_fx_vs_usd_yoy,66,5,0.07576,0,-0.07398,2010Q3,2011Q4,0.25,0,0,7.697
d_margin_r4,1,ar,True,lasso,w_hh_saving_d4,66,5,0.07576,0,-0.01344,2010Q3,2012Q3,0.25,0,0,7.697
d_margin_r4,1,ar,True,lasso,ea_ec_food_ind_sell_price_exp__d4,66,4,0.06061,0,-0.0578,2010Q2,2012Q3,0.2,0,0,7.697
d_margin_r4,1,ar,True,lasso,ea_negotiated_wages_yoy_q__d4,66,4,0.06061,0,-0.009065,2011Q1,2014Q2,0.2,0,0,7.697
d_margin_r4,1,ar,True,lasso,glob_fao_meat_idx__dyoy,66,4,0.06061,0,-0.03177,2012Q2,2015Q1,0.15,0.05,0,7.697
d_margin_r4,1,ar,True,lasso,no_retail_foodstores_vol_sa_idx__yoy,66,4,0.06061,0,-0.0371,2010Q1,2014Q1,0.2,0,0,7.697
d_margin_r4,1,ar,True,lasso,nw_food_cpi_dyoy,66,4,0.06061,0,-0.03726,2010Q1,2011Q2,0.2,0,0,7.697
d_margin_r4,1,ar,True,lasso,w_real_wage_dyoy,66,4,0.06061,0,-0.04503,2010Q1,2012Q1,0.2,0,0,7.697
d_margin_r4,1,ar,True,lasso,w_retail_food_vol_yoy,66,4,0.06061,0,-0.05975,2012Q3,2015Q1,0.15,0.05,0,7.697
d_margin_r4,1,ar,True,lasso,eu_ppi_dom_food_mfg_idx__yoy,66,3,0.04545,1,0.09036,2010Q1,2010Q3,0.15,0,0,7.697
d_margin_r4,1,ar,True,lasso,eu_ppi_plastic_products_idx__dyoy,66,3,0.04545,0,-0.09662,2014Q1,2015Q1,0.1,0.05,0,7.697
d_margin_r4,1,ar,True,lasso,fao_ffpi_sek_dyoy,66,3,0.04545,0,-0.08147,2011Q1,2012Q3,0.15,0,0,7.697
d_margin_r4,1,ar,True,lasso,glob_fao_dairy_idx__yoy,66,3,0.04545,0,-0.03331,2012Q1,2014Q2,0.15,0,0,7.697
d_margin_r4,1,ar,True,lasso,glob_wb_food_idx__yoy,66,3,0.04545,1,0.02333,2011Q2,2012Q3,0.15,0,0,7.697
d_margin_r4,1,ar,True,lasso,no_cpi_total_idx__dyoy,66,3,0.04545,1,0.0142,2012Q2,2015Q1,0.1,0.05,0,7.697
d_margin_r4,1,ar,True,lasso,no_govbond_10y__lvl,66,3,0.04545,0,-0.1854,2014Q1,2015Q1,0.1,0.05,0,7.697
d_margin_r4,1,ar,True,lasso,no_imp_price_food_idx__yoy,66,3,0.04545,1,0.02766,2014Q1,2015Q1,0.1,0.05,0,7.697
d_margin_r4,1,ar,True,lasso,nw_real_wage_dyoy,66,3,0.04545,0,-0.02114,2010Q4,2011Q2,0.15,0,0,7.697
d_margin_r4,1,ar,True,lasso,packaging_eu_dyoy,66,3,0.04545,0,-0.0382,2023Q1,2023Q3,0,0,0.1154,7.697
d_margin_r4,1,ar,True,lasso,price_cost_gap_fao_wloc,66,3,0.04545,0,-0.07112,2011Q1,2014Q2,0.15,0,0,7.697
d_margin_r4,1,ar,True,lasso,se_ec_cons_conf__lvl,66,3,0.04545,0,-0.08535,2012Q3,2014Q2,0.15,0,0,7.697
d_margin_r4,1,ar,True,lasso,brent_nok_dyoy,66,2,0.0303,1,0.1128,2012Q2,2012Q3,0.1,0,0,7.697
d_margin_r4,1,ar,True,lasso,ea_negotiated_wages_yoy_q__lvl,66,2,0.0303,0,-0.01413,2011Q1,2014Q1,0.1,0,0,7.697
d_margin_r4,1,ar,True,lasso,eu_agri_basket_wloc_yoy,66,2,0.0303,0,-0.0781,2014Q2,2015Q1,0.05,0.05,0,7.697
d_margin_r4,1,ar,True,lasso,eu_ppi_dom_c107_idx__yoy,66,2,0.0303,1,0.01329,2010Q1,2010Q2,0.1,0,0,7.697
d_margin_r4,1,ar,True,lasso,no_fx_eurnok__dyoy,66,2,0.0303,0,-0.04692,2012Q3,2014Q1,0.1,0,0,7.697
d_margin_r4,1,ar,True,lasso,no_vat_food_rate__d4,66,2,0.0303,1,0.04643,2014Q1,2014Q2,0.1,0,0,7.697
d_margin_r4,1,ar,True,lasso,w_cons_conf_z_d4,66,2,0.0303,1,0.02964,2011Q3,2011Q4,0.1,0,0,7.697
d_margin_r4,1,ar,True,lasso,w_ec_cons_price_exp_lvl,66,2,0.0303,1,0.02701,2012Q1,2014Q1,0.1,0,0,7.697
d_margin_r4,1,ar,True,lasso,w_food_cpi_rel_dyoy,66,2,0.0303,0,-0.02458,2010Q1,2011Q2,0.1,0,0,7.697
d_margin_r4,1,ar,True,lasso,w_food_ppi_dyoy,66,2,0.0303,0,-0.002281,2023Q3,2023Q4,0,0,0.07692,7.697
d_margin_r4,1,ar,True,lasso,glob_fao_ffpi_nok__dyoy,66,1,0.01515,0,-0.03332,2012Q3,2012Q3,0.05,0,0,7.697
d_margin_r4,1,ar,True,lasso,glob_wb_food_idx_eur__yoy,66,1,0.01515,1,0.06332,2014Q1,2014Q1,0.05,0,0,7.697
d_margin_r4,1,ar,True,lasso,no_nbes_bl_sell_price_di__lvl,66,1,0.01515,0,-0.01658,2015Q1,2015Q1,0,0.05,0,7.697
d_margin_r4,1,ar,True,lasso,price_cost_gap_fao_nok,66,1,0.01515,0,-0.01852,2012Q1,2012Q1,0.05,0,0,7.697
d_margin_r4,1,ar,True,lasso,se_gov_bond_10y__lvl,66,1,0.01515,1,0.0008993,2011Q4,2011Q4,0.05,0,0,7.697
d_margin_r4,1,ar,True,lasso,se_nier_food_mfg_sell_price_exp__lvl,66,1,0.01515,1,0.006335,2012Q2,2012Q2,0.05,0,0,7.697
d_margin_r4,1,ar,True,lasso,w_fx_vs_eur_yoy,66,1,0.01515,0,-0.1567,2014Q1,2014Q1,0.05,0,0,7.697
d_margin_r4,1,ar,True,lasso,w_gov10y_lvl,66,1,0.01515,1,0.02975,2012Q1,2012Q1,0.05,0,0,7.697
d_margin_r4,1,ar,True,lasso,w_real_wage_yoy,66,1,0.01515,0,-0.007205,2018Q3,2018Q3,0,0.05,0,7.697
d_margin_r4,2,ar,True,enet,no_govbond_10y__d4,66,32,0.4848,0,-0.1246,2011Q4,2026Q1,0.35,0.6,0.5,9.242
d_margin_r4,2,ar,True,enet,w_unemp_d4,66,28,0.4242,1,0.1294,2010Q1,2025Q2,0.75,0.6,0.03846,9.242
d_margin_r4,2,ar,True,enet,no_ssb_bts_consgoods_home_price_exp__d4,66,26,0.3939,0,-0.0517,2011Q4,2026Q1,0.2,0.45,0.5,9.242
d_margin_r4,2,ar,True,enet,no_nbes_bl_sell_price_di__lvl,66,23,0.3485,0.04348,-0.05256,2012Q4,2026Q1,0.2,0.3,0.5,9.242
d_margin_r4,2,ar,True,enet,w_wage_yoy,66,20,0.303,0,-0.05416,2014Q4,2026Q1,0.05,0.3,0.5,9.242
d_margin_r4,2,ar,True,enet,glob_fao_sugar_idx__dyoy,66,19,0.2879,1,0.09855,2010Q1,2016Q2,0.75,0.2,0,9.242
d_margin_r4,2,ar,True,enet,no_ssb_bts_consgoods_home_price_exp__lvl,66,17,0.2576,0,-0.05527,2015Q4,2026Q1,0,0.3,0.4231,9.242
d_margin_r4,2,ar,True,enet,eu_ppi_plastic_products_idx__yoy,66,16,0.2424,0,-0.07971,2015Q4,2026Q1,0,0.3,0.3846,9.242
d_margin_r4,2,ar,True,enet,se_real_wage_yoy_q__d4,66,16,0.2424,1,0.08343,2014Q4,2026Q1,0.05,0.45,0.2308,9.242
d_margin_r4,2,ar,True,enet,no_policy_rate__d4,66,15,0.2273,0,-0.04526,2011Q4,2017Q1,0.3,0.45,0,9.242
d_margin_r4,2,ar,True,enet,us_ppi_corrugated_boxes_idx__dyoy,66,15,0.2273,0.06667,-0.04447,2015Q3,2026Q1,0,0.1,0.5,9.242
d_margin_r4,2,ar,True,enet,w_unemp_lvl,66,15,0.2273,1,0.2581,2010Q1,2019Q1,0.15,0.6,0,9.242
d_margin_r4,2,ar,True,enet,glob_fao_sugar_idx__yoy,66,14,0.2121,1,0.03382,2011Q2,2016Q3,0.45,0.25,0,9.242
d_margin_r4,2,ar,True,enet,w_hh_saving_d4,66,13,0.197,0,-0.02427,2010Q1,2016Q4,0.35,0.3,0,9.242
d_margin_r4,2,ar,True,enet,w_gov10y_d4,66,11,0.1667,0,-0.03917,2023Q3,2026Q1,0,0,0.4231,9.242
d_margin_r4,2,ar,True,enet,w_policy_rate_lvl,66,11,0.1667,0,-0.1399,2011Q4,2015Q3,0.4,0.15,0,9.242
d_margin_r4,2,ar,True,enet,no_earn_idx_food_manuf_q__dyoy,66,10,0.1515,0.3,0.003299,2011Q2,2017Q1,0.35,0.15,0,9.242
d_margin_r4,2,ar,True,enet,w_real_wage_yoy,66,10,0.1515,0,-0.1018,2015Q3,2019Q1,0,0.5,0,9.242
d_margin_r4,2,ar,True,enet,w_policy_rate_d4,66,9,0.1364,0,-0.009371,2011Q2,2025Q1,0.1,0.25,0.07692,9.242
d_margin_r4,2,ar,True,enet,eu_ppi_paper_packaging_idx__dyoy,66,8,0.1212,0,-0.05726,2023Q1,2024Q4,0,0,0.3077,9.242
d_margin_r4,2,ar,True,enet,eu_ppi_paper_packaging_idx__yoy,66,8,0.1212,0,-0.05551,2010Q1,2011Q4,0.4,0,0,9.242
d_margin_r4,2,ar,True,enet,glob_gscpi__lvl,66,8,0.1212,1,0.02831,2011Q4,2017Q1,0.1,0.3,0,9.242
d_margin_r4,2,ar,True,enet,packaging_eu_yoy,66,8,0.1212,0,-0.02322,2011Q4,2026Q1,0.05,0,0.2692,9.242
d_margin_r4,2,ar,True,enet,se_policy_rate__d4,66,8,0.1212,0,-0.04732,2010Q1,2011Q4,0.4,0,0,9.242
d_margin_r4,2,ar,True,enet,w_retail_food_vol_yoy,66,7,0.1061,0,-0.02656,2014Q4,2019Q1,0.05,0.3,0,9.242
d_margin_r4,2,ar,True,enet,brent_nok_dyoy,66,6,0.09091,1,0.1169,2015Q4,2017Q1,0,0.3,0,9.242
d_margin_r4,2,ar,True,enet,ea_ec_food_ind_sell_price_exp__d4,66,6,0.09091,0,-0.09283,2015Q4,2017Q1,0,0.3,0,9.242
d_margin_r4,2,ar,True,enet,ea_negotiated_wages_yoy_q__lvl,66,6,0.09091,1,0.124,2015Q4,2017Q1,0,0.3,0,9.242
d_margin_r4,2,ar,True,enet,eu_ppi_dom_c106_idx__dyoy,66,6,0.09091,0,-0.04981,2015Q4,2017Q1,0,0.3,0,9.242
d_margin_r4,2,ar,True,enet,eu_ppi_dom_c108_idx__yoy,66,6,0.09091,1,0.2177,2015Q4,2017Q1,0,0.3,0,9.242
d_margin_r4,2,ar,True,enet,glob_fao_cereals_idx__dyoy,66,6,0.09091,0,-0.1929,2015Q4,2017Q1,0,0.3,0,9.242
d_margin_r4,2,ar,True,enet,glob_fao_meat_idx__dyoy,66,6,0.09091,0,-0.06693,2015Q4,2017Q1,0,0.3,0,9.242
d_margin_r4,2,ar,True,enet,glob_gscpi__d4,66,6,0.09091,1,0.05257,2015Q4,2017Q1,0,0.3,0,9.242
d_margin_r4,2,ar,True,enet,glob_wb_food_idx_eur__yoy,66,6,0.09091,1,0.07635,2015Q4,2017Q1,0,0.3,0,9.242
d_margin_r4,2,ar,True,enet,glob_wb_food_idx_nok__yoy,66,6,0.09091,1,0.1025,2015Q4,2017Q1,0,0.3,0,9.242
d_margin_r4,2,ar,True,enet,no_earn_idx_food_manuf_q__yoy,66,6,0.09091,0,-0.01053,2015Q4,2017Q1,0,0.3,0,9.242
d_margin_r4,2,ar,True,enet,no_imp_price_food_idx__yoy,66,6,0.09091,1,0.2182,2015Q4,2017Q1,0,0.3,0,9.242
d_margin_r4,2,ar,True,enet,no_ppi_food_dom_idx__dyoy,66,6,0.09091,0,-0.05639,2015Q4,2017Q1,0,0.3,0,9.242
d_margin_r4,2,ar,True,enet,no_ppi_food_dom_idx__yoy,66,6,0.09091,0,-0.06777,2015Q4,2017Q1,0,0.3,0,9.242
d_margin_r4,2,ar,True,enet,no_real_wage_qna_yoy_q__lvl,66,6,0.09091,0,-0.02219,2011Q4,2016Q3,0.2,0.1,0,9.242
d_margin_r4,2,ar,True,enet,nw_price_cost_gap_ppi_d4,66,6,0.09091,1,0.03107,2015Q4,2017Q1,0,0.3,0,9.242
d_margin_r4,2,ar,True,enet,nw_real_wage_dyoy,66,6,0.09091,1,0.04883,2015Q4,2017Q1,0,0.3,0,9.242
d_margin_r4,2,ar,True,enet,packaging_eu_dyoy,66,6,0.09091,0,-0.0536,2023Q2,2024Q3,0,0,0.2308,9.242
d_margin_r4,2,ar,True,enet,se_retail_grocery_vol_sa_idx__yoy,66,6,0.09091,0,-0.04803,2015Q4,2017Q1,0,0.3,0,9.242
d_margin_r4,2,ar,True,enet,w_cpi_yoy,66,6,0.09091,1,0.07684,2015Q4,2017Q1,0,0.3,0,9.242
d_margin_r4,2,ar,True,enet,w_ec_cons_price_exp_lvl,66,6,0.09091,1,0.07642,2015Q4,2017Q1,0,0.3,0,9.242
d_margin_r4,2,ar,True,enet,w_food_cpi_xvat_dyoy,66,6,0.09091,0,-0.06478,2015Q4,2017Q1,0,0.3,0,9.242
d_margin_r4,2,ar,True,enet,w_hh_saving_lvl,66,6,0.09091,1,0.02882,2015Q4,2017Q1,0,0.3,0,9.242
d_margin_r4,2,ar,True,enet,wb_food_wloc_yoy,66,6,0.09091,1,0.02643,2015Q4,2017Q1,0,0.3,0,9.242
d_margin_r4,2,ar,True,enet,glob_wb_food_idx_eur__dyoy,66,5,0.07576,1,0.03271,2015Q4,2017Q1,0,0.25,0,9.242
d_margin_r4,2,ar,True,enet,no_cpi_total_idx__dyoy,66,5,0.07576,1,0.01629,2015Q4,2017Q1,0,0.25,0,9.242
d_margin_r4,2,ar,True,enet,no_real_wage_qna_yoy_q__d4,66,5,0.07576,0,-0.02473,2011Q4,2012Q4,0.25,0,0,9.242
d_margin_r4,2,ar,True,enet,us_ppi_corrugated_boxes_idx__yoy,66,5,0.07576,0,-0.04937,2014Q4,2026Q1,0.05,0.15,0.03846,9.242
d_margin_r4,2,ar,True,enet,no_fn_cci_sa__lvl,66,4,0.06061,0,-0.1206,2016Q2,2017Q1,0,0.2,0,9.242
d_margin_r4,2,ar,True,enet,no_retail_foodstores_vol_sa_idx__dyoy,66,4,0.06061,1,0.01918,2015Q4,2016Q3,0,0.2,0,9.242
d_margin_r4,2,ar,True,enet,se_eursek__yoy,66,4,0.06061,0,-0.01537,2016Q1,2016Q4,0,0.2,0,9.242
d_margin_r4,2,ar,True,enet,w_retail_total_vol_dyoy,66,4,0.06061,1,0.07448,2016Q2,2017Q1,0,0.2,0,9.242
d_margin_r4,2,ar,True,enet,elec_nordic_loc_dyoy,66,3,0.04545,1,0.02489,2016Q2,2016Q4,0,0.15,0,9.242
d_margin_r4,2,ar,True,enet,glob_fao_cereals_idx__yoy,66,3,0.04545,0,-0.02415,2016Q2,2016Q4,0,0.15,0,9.242
d_margin_r4,2,ar,True,enet,glob_fao_dairy_idx__yoy,66,3,0.04545,0,-0.06533,2015Q4,2016Q2,0,0.15,0,9.242
d_margin_r4,2,ar,True,enet,no_jordbruk_malpris_mnok__d4,66,3,0.04545,0,-0.0139,2016Q3,2017Q1,0,0.15,0,9.242
d_margin_r4,2,ar,True,enet,se_na_hhcons_food_sa__yoy,66,3,0.04545,0,-0.01773,2015Q4,2016Q2,0,0.15,0,9.242
d_margin_r4,2,ar,True,enet,se_nier_food_mfg_sell_price_exp__d4,66,3,0.04545,1,0.003572,2016Q2,2016Q4,0,0.15,0,9.242
d_margin_r4,2,ar,True,enet,se_policy_rate__lvl,66,3,0.04545,0,-0.05586,2014Q4,2015Q2,0.05,0.1,0,9.242
d_margin_r4,2,ar,True,enet,w_ec_food_ind_sell_price_exp_lvl,66,3,0.04545,1,0.005164,2015Q4,2017Q1,0,0.15,0,9.242
d_margin_r4,2,ar,True,enet,w_retail_food_vol_dyoy,66,3,0.04545,1,0.009876,2015Q4,2016Q4,0,0.15,0,9.242
d_margin_r4,2,ar,True,enet,ea_ec_food_ind_sell_price_exp__lvl,66,2,0.0303,0,-0.008091,2025Q1,2025Q2,0,0,0.07692,9.242
d_margin_r4,2,ar,True,enet,ea_negotiated_wages_yoy_q__d4,66,2,0.0303,1,0.02521,2016Q4,2017Q1,0,0.1,0,9.242
d_margin_r4,2,ar,True,enet,eu_ppi_dom_c108_idx__dyoy,66,2,0.0303,1,0.06084,2015Q4,2016Q1,0,0.1,0,9.242
d_margin_r4,2,ar,True,enet,glob_fao_dairy_idx__dyoy,66,2,0.0303,0,-0.01343,2015Q4,2016Q1,0,0.1,0,9.242
d_margin_r4,2,ar,True,enet,no_policy_rate__lvl,66,2,0.0303,0,-0.04669,2016Q4,2017Q1,0,0.1,0,9.242
d_margin_r4,2,ar,True,enet,nw_cons_conf_z,66,2,0.0303,0,-0.04388,2015Q4,2016Q1,0,0.1,0,9.242
d_margin_r4,2,ar,True,enet,nw_price_cost_gap_ppi,66,2,0.0303,1,0.0166,2016Q3,2016Q4,0,0.1,0,9.242
d_margin_r4,2,ar,True,enet,se_cpi_food_idx__dyoy,66,2,0.0303,1,0.02643,2016Q4,2017Q1,0,0.1,0,9.242
d_margin_r4,2,ar,True,enet,se_ec_cons_conf__d4,66,2,0.0303,1,0.007654,2016Q2,2016Q3,0,0.1,0,9.242
d_margin_r4,2,ar,True,enet,se_na_hhcons_food_sa__dyoy,66,2,0.0303,0,-0.0156,2015Q4,2016Q1,0,0.1,0,9.242
d_margin_r4,2,ar,True,enet,se_wage_idx_m__dyoy,66,2,0.0303,1,0.02142,2015Q4,2016Q1,0,0.1,0,9.242
d_margin_r4,2,ar,True,enet,se_wage_idx_m__yoy,66,2,0.0303,1,0.01001,2015Q4,2016Q1,0,0.1,0,9.242
d_margin_r4,2,ar,True,enet,w_fx_vs_usd_dyoy,66,2,0.0303,1,0.003447,2016Q3,2016Q4,0,0.1,0,9.242
d_margin_r4,2,ar,True,enet,w_gdp_vol_dyoy,66,2,0.0303,1,0.006913,2015Q4,2016Q1,0,0.1,0,9.242
d_margin_r4,2,ar,True,enet,elec_nordic_loc_yoy,66,1,0.01515,1,0.007915,2012Q3,2012Q3,0.05,0,0,9.242
d_margin_r4,2,ar,True,enet,glob_fao_meat_idx__yoy,66,1,0.01515,0,-0.009353,2016Q3,2016Q3,0,0.05,0,9.242
d_margin_r4,2,ar,True,enet,no_qna_hh_food_cons_sa_mnok__dyoy,66,1,0.01515,1,3.238e-05,2016Q2,2016Q2,0,0.05,0,9.242
d_margin_r4,2,ar,True,enet,no_vat_food_rate__d4,66,1,0.01515,0,-0.001329,2017Q1,2017Q1,0,0.05,0,9.242
d_margin_r4,2,ar,True,enet,nw_retail_food_vol_yoy,66,1,0.01515,0,-0.0008665,2017Q1,2017Q1,0,0.05,0,9.242
d_margin_r4,2,ar,True,enet,price_cost_gap_fao_nok_d4,66,1,0.01515,1,0.0005895,2017Q1,2017Q1,0,0.05,0,9.242
d_margin_r4,2,ar,True,enet,se_cpi_idx__dyoy,66,1,0.01515,0,-0.01593,2024Q4,2024Q4,0,0,0.03846,9.242
d_margin_r4,2,ar,True,enet,se_nier_food_mfg_sell_price_exp__lvl,66,1,0.01515,1,0.002025,2015Q4,2015Q4,0,0.05,0,9.242
d_margin_r4,2,ar,True,lasso,no_govbond_10y__d4,66,28,0.4242,0,-0.1831,2012Q4,2026Q1,0.05,0.7,0.5,8.576
d_margin_r4,2,ar,True,lasso,w_unemp_d4,66,23,0.3485,1,0.2064,2010Q1,2019Q1,0.7,0.45,0,8.576
d_margin_r4,2,ar,True,lasso,no_ssb_bts_consgoods_home_price_exp__lvl,66,18,0.2727,0,-0.0574,2016Q1,2025Q4,0,0.45,0.3462,8.576
d_margin_r4,2,ar,True,lasso,w_wage_yoy,66,18,0.2727,0,-0.06145,2015Q2,2026Q1,0,0.25,0.5,8.576
d_margin_r4,2,ar,True,lasso,glob_fao_sugar_idx__dyoy,66,17,0.2576,1,0.1429,2010Q1,2016Q2,0.7,0.15,0,8.576
d_margin_r4,2,ar,True,lasso,no_nbes_bl_sell_price_di__lvl,66,17,0.2576,0.05882,-0.05864,2013Q2,2026Q1,0.05,0.15,0.5,8.576
d_margin_r4,2,ar,True,lasso,no_ssb_bts_consgoods_home_price_exp__d4,66,16,0.2424,0,-0.07113,2012Q1,2026Q1,0.05,0.15,0.4615,8.576
d_margin_r4,2,ar,True,lasso,se_real_wage_yoy_q__d4,66,16,0.2424,1,0.128,2015Q2,2026Q1,0,0.5,0.2308,8.576
d_margin_r4,2,ar,True,lasso,eu_ppi_plastic_products_idx__yoy,66,15,0.2273,0,-0.1469,2016Q1,2026Q1,0,0.45,0.2308,8.576
d_margin_r4,2,ar,True,lasso,us_ppi_corrugated_boxes_idx__dyoy,66,15,0.2273,0.1333,-0.04108,2017Q1,2026Q1,0,0.1,0.5,8.576
d_margin_r4,2,ar,True,lasso,w_unemp_lvl,66,13,0.197,1,0.4755,2010Q1,2018Q4,0.05,0.6,0,8.576
d_margin_r4,2,ar,True,lasso,glob_gscpi__lvl,66,12,0.1818,1,0.01643,2012Q1,2018Q1,0.15,0.45,0,8.576
d_margin_r4,2,ar,True,lasso,brent_nok_dyoy,66,9,0.1364,1,0.07571,2016Q1,2018Q1,0,0.45,0,8.576
d_margin_r4,2,ar,True,lasso,ea_ec_food_ind_sell_price_exp__d4,66,9,0.1364,0,-0.06511,2016Q1,2018Q1,0,0.45,0,8.576
d_margin_r4,2,ar,True,lasso,ea_negotiated_wages_yoy_q__lvl,66,9,0.1364,1,0.157,2016Q1,2018Q1,0,0.45,0,8.576
d_margin_r4,2,ar,True,lasso,eu_ppi_dom_c108_idx__yoy,66,9,0.1364,1,0.246,2016Q1,2018Q1,0,0.45,0,8.576
d_margin_r4,2,ar,True,lasso,glob_fao_cereals_idx__dyoy,66,9,0.1364,0,-0.221,2016Q1,2018Q1,0,0.45,0,8.576
d_margin_r4,2,ar,True,lasso,glob_fao_meat_idx__dyoy,66,9,0.1364,0,-0.06847,2016Q1,2018Q1,0,0.45,0,8.576
d_margin_r4,2,ar,True,lasso,glob_gscpi__d4,66,9,0.1364,1,0.06594,2016Q1,2018Q1,0,0.45,0,8.576
d_margin_r4,2,ar,True,lasso,glob_wb_food_idx_nok__yoy,66,9,0.1364,1,0.1729,2016Q1,2018Q1,0,0.45,0,8.576
d_margin_r4,2,ar,True,lasso,no_cpi_total_idx__dyoy,66,9,0.1364,1,0.02997,2016Q1,2018Q1,0,0.45,0,8.576
d_margin_r4,2,ar,True,lasso,no_earn_idx_food_manuf_q__yoy,66,9,0.1364,0,-0.01241,2016Q1,2018Q1,0,0.45,0,8.576
d_margin_r4,2,ar,True,lasso,no_imp_price_food_idx__yoy,66,9,0.1364,1,0.2003,2016Q1,2018Q1,0,0.45,0,8.576
d_margin_r4,2,ar,True,lasso,no_ppi_food_dom_idx__dyoy,66,9,0.1364,0,-0.09328,2016Q1,2018Q1,0,0.45,0,8.576
d_margin_r4,2,ar,True,lasso,se_retail_grocery_vol_sa_idx__yoy,66,9,0.1364,0,-0.03627,2016Q1,2018Q1,0,0.45,0,8.576
d_margin_r4,2,ar,True,lasso,w_cpi_yoy,66,9,0.1364,1,0.06015,2016Q1,2018Q1,0,0.45,0,8.576
d_margin_r4,2,ar,True,lasso,w_ec_cons_price_exp_lvl,66,9,0.1364,1,0.07342,2016Q1,2018Q1,0,0.45,0,8.576
d_margin_r4,2,ar,True,lasso,w_food_cpi_xvat_dyoy,66,9,0.1364,0,-0.09272,2016Q1,2018Q1,0,0.45,0,8.576
d_margin_r4,2,ar,True,lasso,w_policy_rate_lvl,66,9,0.1364,0,-0.1303,2011Q4,2015Q3,0.35,0.1,0,8.576
d_margin_r4,2,ar,True,lasso,w_real_wage_yoy,66,9,0.1364,0,-0.1095,2016Q1,2018Q1,0,0.45,0,8.576
d_margin_r4,2,ar,True,lasso,eu_ppi_paper_packaging_idx__dyoy,66,8,0.1212,0,-0.06198,2023Q1,2024Q4,0,0,0.3077,8.576
d_margin_r4,2,ar,True,lasso,no_earn_idx_food_manuf_q__dyoy,66,8,0.1212,0.875,0.03617,2012Q1,2018Q1,0.05,0.35,0,8.576
d_margin_r4,2,ar,True,lasso,no_fn_cci_sa__lvl,66,8,0.1212,0,-0.1152,2016Q2,2018Q1,0,0.4,0,8.576
d_margin_r4,2,ar,True,lasso,no_ppi_food_dom_idx__yoy,66,8,0.1212,0,-0.02545,2016Q1,2018Q1,0,0.4,0,8.576
d_margin_r4,2,ar,True,lasso,w_retail_total_vol_dyoy,66,8,0.1212,1,0.05649,2016Q2,2018Q1,0,0.4,0,8.576
d_margin_r4,2,ar,True,lasso,glob_wb_food_idx_eur__dyoy,66,7,0.1061,1,0.03491,2016Q3,2018Q1,0,0.35,0,8.576
d_margin_r4,2,ar,True,lasso,no_policy_rate__d4,66,7,0.1061,0,-0.03164,2012Q1,2016Q1,0.2,0.15,0,8.576
d_margin_r4,2,ar,True,lasso,nw_price_cost_gap_ppi_d4,66,7,0.1061,1,0.0185,2016Q1,2017Q4,0,0.35,0,8.576
d_margin_r4,2,ar,True,lasso,se_cpi_food_idx__dyoy,66,7,0.1061,1,0.03033,2016Q3,2018Q1,0,0.35,0,8.576
d_margin_r4,2,ar,True,lasso,w_hh_saving_d4,66,7,0.1061,0,-0.03505,2010Q1,2012Q4,0.35,0,0,8.576
d_margin_r4,2,ar,True,lasso,w_hh_saving_lvl,66,7,0.1061,1,0.01069,2016Q1,2017Q3,0,0.35,0,8.576
d_margin_r4,2,ar,True,lasso,glob_wb_food_idx_eur__yoy,66,6,0.09091,1,0.08461,2016Q1,2017Q2,0,0.3,0,8.576
d_margin_r4,2,ar,True,lasso,no_real_wage_qna_yoy_q__lvl,66,6,0.09091,0,-0.05059,2011Q4,2016Q3,0.25,0.05,0,8.576
d_margin_r4,2,ar,True,lasso,nw_real_wage_dyoy,66,6,0.09091,1,0.04143,2016Q1,2017Q2,0,0.3,0,8.576
d_margin_r4,2,ar,True,lasso,packaging_eu_dyoy,66,6,0.09091,0,-0.05436,2023Q2,2024Q3,0,0,0.2308,8.576
d_margin_r4,2,ar,True,lasso,eu_ppi_dom_c106_idx__dyoy,66,5,0.07576,0,-0.02733,2016Q1,2017Q2,0,0.25,0,8.576
d_margin_r4,2,ar,True,lasso,no_vat_food_rate__d4,66,5,0.07576,0,-0.001773,2017Q1,2018Q1,0,0.25,0,8.576
d_margin_r4,2,ar,True,lasso,w_ec_food_ind_sell_price_exp_lvl,66,5,0.07576,1,0.006966,2016Q1,2018Q1,0,0.25,0,8.576
d_margin_r4,2,ar,True,lasso,w_retail_food_vol_yoy,66,5,0.07576,0,-0.03644,2015Q2,2018Q4,0,0.25,0,8.576
d_margin_r4,2,ar,True,lasso,eu_ppi_dom_c107_idx__yoy,66,4,0.06061,1,0.01249,2016Q3,2017Q2,0,0.2,0,8.576
d_margin_r4,2,ar,True,lasso,no_real_wage_qna_yoy_q__d4,66,4,0.06061,0,-0.003672,2011Q4,2012Q4,0.2,0,0,8.576
d_margin_r4,2,ar,True,lasso,se_na_hhcons_food_sa__yoy,66,4,0.06061,0,-0.008294,2016Q1,2017Q2,0,0.2,0,8.576
d_margin_r4,2,ar,True,lasso,ea_ec_food_ind_sell_price_exp__lvl,66,3,0.04545,0,-0.002363,2016Q3,2017Q3,0,0.15,0,8.576
d_margin_r4,2,ar,True,lasso,ea_negotiated_wages_yoy_q__d4,66,3,0.04545,1,0.01552,2016Q4,2017Q2,0,0.15,0,8.576
d_margin_r4,2,ar,True,lasso,elec_nordic_loc_dyoy,66,3,0.04545,1,0.01645,2016Q2,2016Q4,0,0.15,0,8.576
d_margin_r4,2,ar,True,lasso,no_fn_cci_sa__d4,66,3,0.04545,0,-0.1066,2017Q3,2018Q1,0,0.15,0,8.576
d_margin_r4,2,ar,True,lasso,nw_retail_food_vol_yoy,66,3,0.04545,0,-0.01393,2016Q4,2017Q2,0,0.15,0,8.576
d_margin_r4,2,ar,True,lasso,price_wage_gap,66,3,0.04545,1,0.1062,2017Q3,2018Q1,0,0.15,0,8.576
d_margin_r4,2,ar,True,lasso,wb_food_sek_dyoy,66,3,0.04545,1,0.01924,2012Q1,2012Q3,0.15,0,0,8.576
d_margin_r4,2,ar,True,lasso,elec_nordic_loc_yoy,66,2,0.0303,1,0.01734,2012Q2,2012Q3,0.1,0,0,8.576
d_margin_r4,2,ar,True,lasso,eu_ppi_paper_packaging_idx__yoy,66,2,0.0303,0,-0.02276,2011Q2,2011Q3,0.1,0,0,8.576
d_margin_r4,2,ar,True,lasso,glob_fao_sugar_idx__yoy,66,2,0.0303,1,0.0266,2016Q1,2016Q2,0,0.1,0,8.576
d_margin_r4,2,ar,True,lasso,no_retail_foodstores_vol_sa_idx__dyoy,66,2,0.0303,1,0.01107,2016Q1,2016Q2,0,0.1,0,8.576
d_margin_r4,2,ar,True,lasso,nw_food_cpi_dyoy,66,2,0.0303,1,0.002074,2016Q3,2017Q2,0,0.1,0,8.576
d_margin_r4,2,ar,True,lasso,nw_price_cost_gap_ppi,66,2,0.0303,1,0.01601,2016Q3,2016Q4,0,0.1,0,8.576
d_margin_r4,2,ar,True,lasso,se_cpi_idx__dyoy,66,2,0.0303,1,0.00391,2017Q4,2018Q1,0,0.1,0,8.576
d_margin_r4,2,ar,True,lasso,se_ec_cons_conf__d4,66,2,0.0303,1,0.01195,2016Q2,2016Q3,0,0.1,0,8.576
d_margin_r4,2,ar,True,lasso,se_na_hhcons_food_sa__dyoy,66,2,0.0303,0,-0.01437,2016Q1,2016Q2,0,0.1,0,8.576
d_margin_r4,2,ar,True,lasso,se_policy_rate__d4,66,2,0.0303,0,-0.02178,2010Q1,2011Q2,0.1,0,0,8.576
d_margin_r4,2,ar,True,lasso,us_ppi_corrugated_boxes_idx__yoy,66,2,0.0303,0,-0.06469,2015Q2,2015Q3,0,0.1,0,8.576
d_margin_r4,2,ar,True,lasso,w_ec_food_ind_sell_price_exp_d4,66,2,0.0303,1,0.005777,2017Q4,2018Q1,0,0.1,0,8.576
d_margin_r4,2,ar,True,lasso,glob_fao_dairy_idx__dyoy,66,1,0.01515,0,-0.00538,2017Q3,2017Q3,0,0.05,0,8.576
d_margin_r4,2,ar,True,lasso,glob_fao_dairy_idx__yoy,66,1,0.01515,0,-0.105,2016Q1,2016Q1,0,0.05,0,8.576
d_margin_r4,2,ar,True,lasso,glob_fao_meat_idx__yoy,66,1,0.01515,0,-0.004621,2016Q3,2016Q3,0,0.05,0,8.576
d_margin_r4,2,ar,True,lasso,no_cpi_food_idx__yoy,66,1,0.01515,0,-0.005722,2018Q1,2018Q1,0,0.05,0,8.576
d_margin_r4,2,ar,True,lasso,nw_cons_conf_z,66,1,0.01515,0,-0.04228,2016Q1,2016Q1,0,0.05,0,8.576
d_margin_r4,2,ar,True,lasso,price_cost_gap_fao_nok_d4,66,1,0.01515,1,0.0007158,2016Q2,2016Q2,0,0.05,0,8.576
d_margin_r4,2,ar,True,lasso,price_cost_gap_fao_wloc,66,1,0.01515,1,0.006379,2016Q2,2016Q2,0,0.05,0,8.576
d_margin_r4,2,ar,True,lasso,se_eursek__yoy,66,1,0.01515,0,-0.001361,2017Q4,2017Q4,0,0.05,0,8.576
d_margin_r4,2,ar,True,lasso,se_wage_idx_m__yoy,66,1,0.01515,1,0.02461,2016Q1,2016Q1,0,0.05,0,8.576
d_margin_r4,2,ar,True,lasso,w_fx_vs_usd_dyoy,66,1,0.01515,1,0.001018,2017Q3,2017Q3,0,0.05,0,8.576
d_margin_r4,2,ar,True,lasso,w_policy_rate_d4,66,1,0.01515,0,-0.004972,2023Q1,2023Q1,0,0,0.03846,8.576
d_margin_r4,2,ar,True,lasso,w_retail_food_vol_dyoy,66,1,0.01515,1,0.007141,2016Q4,2016Q4,0,0.05,0,8.576
d_margin_r4,2,ar,True,lasso,wb_food_wloc_yoy,66,1,0.01515,1,0.0125,2016Q1,2016Q1,0,0.05,0,8.576
d_og,0,ar,False,enet,nw_real_wage_dyoy,66,64,0.9697,0,-0.3135,2010Q1,2026Q2,1,0.95,0.9615,28.52
d_og,0,ar,False,enet,w_real_wage_dyoy,66,63,0.9545,0,-0.2537,2010Q1,2026Q2,0.95,0.95,0.9615,28.52
d_og,0,ar,False,enet,eu_ppi_dom_c108_idx__dyoy,66,55,0.8333,1,0.3913,2010Q2,2026Q2,0.95,0.95,0.6538,28.52
d_og,0,ar,False,enet,se_cpi_food_idx__dyoy,66,54,0.8182,1,0.3298,2010Q1,2026Q2,1,0.95,0.5769,28.52
d_og,0,ar,False,enet,no_imp_price_food_idx__dyoy,66,41,0.6212,1,0.5084,2010Q1,2026Q2,1,0.6,0.3462,28.52
d_og,0,ar,False,enet,price_wage_gap_d4,66,40,0.6061,1,0.1553,2012Q2,2025Q1,0.55,0.7,0.5769,28.52
d_og,0,ar,False,enet,glob_wb_food_idx_nok__yoy,66,38,0.5758,1,0.1812,2010Q1,2026Q2,0.35,0.4,0.8846,28.52
d_og,0,ar,False,enet,nw_food_cpi_dyoy,66,36,0.5455,1,0.5637,2010Q1,2022Q3,1,0.7,0.07692,28.52
d_og,0,ar,False,enet,no_ppi_food_dom_idx__dyoy,66,34,0.5152,1,0.583,2010Q2,2026Q2,0.85,0.6,0.1923,28.52
d_og,0,ar,False,enet,nw_real_wage_yoy,66,34,0.5152,0,-0.4133,2010Q1,2026Q2,1,0.35,0.2692,28.52
d_og,0,ar,False,enet,ea_ec_food_ind_sell_price_exp__lvl,66,31,0.4697,1,0.3444,2011Q2,2026Q2,0.75,0.55,0.1923,28.52
d_og,0,ar,False,enet,glob_gscpi__d4,66,31,0.4697,1,0.4485,2010Q1,2026Q2,0.75,0.6,0.1538,28.52
d_og,0,ar,False,enet,nw_food_cpi_xvat_dyoy,66,30,0.4545,1,0.4896,2010Q1,2017Q4,0.95,0.55,0,28.52
d_og,0,ar,False,enet,no_cpi_total_idx__dyoy,66,29,0.4394,0,-0.6483,2010Q2,2018Q1,0.85,0.6,0,28.52
d_og,0,ar,False,enet,no_cpi_total_idx__yoy,66,25,0.3788,0,-0.1971,2010Q2,2026Q2,0.75,0.35,0.1154,28.52
d_og,0,ar,False,enet,w_real_wage_yoy,66,24,0.3636,0,-0.3512,2010Q1,2022Q3,1,0.1,0.07692,28.52
d_og,0,ar,False,enet,se_ppi_food_hmpi_idx__yoy,66,23,0.3485,1,0.2907,2010Q2,2018Q1,0.95,0.2,0,28.52
d_og,0,ar,False,enet,eu_ppi_dom_c108_idx__yoy,66,21,0.3182,1,0.371,2010Q2,2026Q2,0.95,0,0.07692,28.52
d_og,0,ar,False,enet,glob_fao_dairy_idx__dyoy,66,21,0.3182,0,-0.4956,2012Q3,2026Q2,0.25,0.55,0.1923,28.52
d_og,0,ar,False,enet,no_earn_idx_food_manuf_q__yoy,66,21,0.3182,0.9524,0.224,2011Q2,2018Q1,0.55,0.5,0,28.52
d_og,0,ar,False,enet,no_real_wage_qna_yoy_q__lvl,66,21,0.3182,0,-0.4317,2010Q1,2015Q1,1,0.05,0,28.52
d_og,0,ar,False,enet,glob_fao_cereals_idx__yoy,66,20,0.303,1,0.1348,2010Q2,2026Q2,0.55,0.2,0.1923,28.52
d_og,0,ar,False,enet,se_na_hhcons_food_sa__dyoy,66,20,0.303,0.8,0.3471,2012Q3,2026Q2,0.25,0.55,0.1538,28.52
d_og,0,ar,False,enet,w_hh_saving_d4,66,20,0.303,0.25,-0.2322,2012Q3,2026Q2,0.25,0.6,0.1154,28.52
d_og,0,ar,False,enet,w_wage_dyoy,66,20,0.303,0,-0.3303,2013Q1,2026Q2,0.15,0.6,0.1923,28.52
d_og,0,ar,False,enet,no_earn_idx_food_manuf_q__dyoy,66,19,0.2879,0.2632,-0.3102,2010Q2,2026Q2,0.3,0.6,0.03846,28.52
d_og,0,ar,False,enet,no_qna_hh_food_cons_sa_mnok__dyoy,66,19,0.2879,1,0.3183,2010Q1,2017Q2,0.6,0.35,0,28.52
d_og,0,ar,False,enet,us_ppi_corrugated_boxes_idx__dyoy,66,19,0.2879,0,-0.3849,2010Q4,2026Q2,0.1,0.6,0.1923,28.52
d_og,0,ar,False,enet,glob_wb_food_idx_nok__dyoy,66,18,0.2727,0.6111,0.06365,2010Q1,2026Q1,0.3,0.4,0.1538,28.52
d_og,0,ar,False,enet,no_govbond_10y__lvl,66,18,0.2727,0,-0.2156,2015Q1,2026Q2,0,0.6,0.2308,28.52
d_og,0,ar,False,enet,us_ppi_plastic_resins_idx__yoy,66,18,0.2727,1,0.8328,2012Q3,2025Q3,0.25,0.55,0.07692,28.52
d_og,0,ar,False,enet,w_retail_total_vol_dyoy,66,18,0.2727,0,-0.4988,2010Q2,2017Q2,0.45,0.45,0,28.52
d_og,0,ar,False,enet,w_wage_yoy,66,18,0.2727,0,-0.1531,2012Q1,2026Q2,0.35,0.2,0.2692,28.52
d_og,0,ar,False,enet,eu_ppi_dom_c106_idx__yoy,66,17,0.2576,1,0.1705,2010Q2,2026Q1,0.6,0.05,0.1538,28.52
d_og,0,ar,False,enet,no_imp_price_food_idx__yoy,66,17,0.2576,1,0.3114,2015Q1,2026Q2,0,0.6,0.1923,28.52
d_og,0,ar,False,enet,no_nbes_bl_sell_price_di__d4,66,17,0.2576,1,1.585,2012Q3,2018Q1,0.25,0.6,0,28.52
d_og,0,ar,False,enet,no_ssb_bts_consgoods_home_price_exp__lvl,66,17,0.2576,0.5294,0.04815,2012Q3,2026Q2,0.25,0.2,0.3077,28.52
d_og,0,ar,False,enet,se_wage_idx_m__dyoy,66,17,0.2576,0.4118,-0.005157,2014Q3,2026Q2,0.1,0.5,0.1923,28.52
d_og,0,ar,False,enet,ea_negotiated_wages_yoy_q__lvl,66,16,0.2424,0,-0.2706,2015Q1,2026Q2,0,0.55,0.1923,28.52
d_og,0,ar,False,enet,no_qna_hh_food_cons_sa_mnok__yoy,66,16,0.2424,1,0.1294,2012Q4,2018Q1,0.25,0.55,0,28.52
d_og,0,ar,False,enet,no_ssb_bts_consgoods_home_price_exp__d4,66,16,0.2424,1,0.2088,2015Q3,2026Q2,0,0.55,0.1923,28.52
d_og,0,ar,False,enet,glob_fao_cereals_idx__dyoy,66,15,0.2273,1,0.1845,2012Q3,2018Q1,0.15,0.6,0,28.52
d_og,0,ar,False,enet,glob_fao_dairy_idx__yoy,66,15,0.2273,0,-0.316,2015Q1,2026Q2,0,0.5,0.1923,28.52
d_og,0,ar,False,enet,no_fn_cci_sa__lvl,66,15,0.2273,0,-0.9273,2012Q3,2017Q3,0.25,0.5,0,28.52
d_og,0,ar,False,enet,no_real_wage_qna_yoy_q__d4,66,15,0.2273,0,-0.1992,2010Q2,2014Q4,0.75,0,0,28.52
d_og,0,ar,False,enet,se_retail_grocery_vol_sa_idx__dyoy,66,15,0.2273,1,0.2294,2012Q3,2026Q2,0.05,0.5,0.1538,28.52
d_og,0,ar,False,enet,w_fx_vs_nok_yoy,66,15,0.2273,0,-0.3876,2013Q3,2026Q2,0.05,0.35,0.2692,28.52
d_og,0,ar,False,enet,no_nbes_bl_sell_price_di__lvl,66,14,0.2121,1,0.3695,2012Q2,2017Q3,0.2,0.5,0,28.52
d_og,0,ar,False,enet,no_vat_food_rate__d4,66,14,0.2121,1,0.08037,2012Q2,2026Q2,0.55,0,0.1154,28.52
d_og,0,ar,False,enet,eu_ppi_plastic_products_idx__yoy,66,13,0.197,1,0.1867,2012Q4,2025Q4,0.2,0.3,0.1154,28.52
d_og,0,ar,False,enet,glob_wb_food_idx__yoy,66,13,0.197,1,0.149,2010Q4,2026Q2,0.6,0,0.03846,28.52
d_og,0,ar,False,enet,no_cpi_food_idx__yoy,66,13,0.197,0.6923,0.09912,2013Q2,2026Q2,0.1,0.35,0.1538,28.52
d_og,0,ar,False,enet,no_fn_cci_sa__d4,66,13,0.197,0,-0.2983,2016Q2,2026Q2,0,0.4,0.1923,28.52
d_og,0,ar,False,enet,no_jordbruk_malpris_mnok__lvl,66,13,0.197,0.7692,0.2487,2015Q1,2026Q2,0,0.5,0.1154,28.52
d_og,0,ar,False,enet,price_cost_gap_agri_d4,66,13,0.197,1,0.2741,2012Q4,2018Q1,0.05,0.6,0,28.52
d_og,0,ar,False,enet,se_eursek__yoy,66,13,0.197,0,-0.3102,2012Q4,2026Q2,0.15,0.45,0.03846,28.52
d_og,0,ar,False,enet,w_retail_food_vol_yoy,66,13,0.197,1,0.1746,2010Q2,2017Q4,0.6,0.05,0,28.52
d_og,0,ar,False,enet,wb_food_sek_dyoy,66,13,0.197,1,0.07321,2010Q3,2014Q4,0.65,0,0,28.52
d_og,0,ar,False,enet,eu_agri_basket_dyoy,66,12,0.1818,0,-0.3713,2015Q1,2018Q1,0,0.6,0,28.52
d_og,0,ar,False,enet,eu_agri_basket_wloc_yoy,66,12,0.1818,0,-0.2474,2015Q1,2018Q1,0,0.6,0,28.52
d_og,0,ar,False,enet,eu_agri_basket_yoy,66,12,0.1818,0,-0.3901,2015Q1,2018Q1,0,0.6,0,28.52
d_og,0,ar,False,enet,nw_price_cost_gap_ppi,66,12,0.1818,0,-0.1121,2010Q2,2014Q4,0.6,0,0,28.52
d_og,0,ar,False,enet,price_cost_gap_agri,66,12,0.1818,1,0.2431,2015Q1,2018Q1,0,0.6,0,28.52
d_og,0,ar,False,enet,se_gov_bond_10y__lvl,66,12,0.1818,0,-0.3106,2015Q1,2018Q1,0,0.6,0,28.52
d_og,0,ar,False,enet,se_retail_grocery_vol_sa_idx__yoy,66,12,0.1818,1,0.1279,2010Q2,2016Q1,0.4,0.2,0,28.52
d_og,0,ar,False,enet,us_ppi_corrugated_boxes_idx__yoy,66,12,0.1818,0,-0.5058,2015Q1,2018Q1,0,0.6,0,28.52
d_og,0,ar,False,enet,w_gov10y_lvl,66,12,0.1818,0,-0.2399,2015Q1,2018Q1,0,0.6,0,28.52
d_og,0,ar,False,enet,w_retail_food_vol_dyoy,66,12,0.1818,1,0.1398,2011Q2,2018Q1,0.45,0.15,0,28.52
d_og,0,ar,False,enet,glob_gscpi__lvl,66,11,0.1667,0.2727,-0.07919,2012Q2,2026Q1,0.05,0.4,0.07692,28.52
d_og,0,ar,False,enet,nw_cons_conf_z_d4,66,11,0.1667,0,-0.1376,2016Q1,2022Q3,0,0.45,0.07692,28.52
d_og,0,ar,False,enet,nw_retail_food_vol_yoy,66,11,0.1667,1,0.07869,2010Q2,2017Q3,0.25,0.3,0,28.52
d_og,0,ar,False,enet,w_food_cpi_xvat_dyoy,66,11,0.1667,0,-0.8341,2015Q1,2017Q4,0,0.55,0,28.52
d_og,0,ar,False,enet,ea_ec_food_ind_sell_price_exp__d4,66,10,0.1515,1,0.1751,2015Q3,2017Q4,0,0.5,0,28.52
d_og,0,ar,False,enet,eu_ppi_dom_c106_idx__dyoy,66,10,0.1515,1,0.4212,2015Q1,2017Q3,0,0.5,0,28.52
d_og,0,ar,False,enet,eu_ppi_paper_packaging_idx__dyoy,66,10,0.1515,1,0.3254,2015Q1,2017Q3,0,0.5,0,28.52
d_og,0,ar,False,enet,eu_ppi_paper_packaging_idx__yoy,66,10,0.1515,1,0.317,2015Q1,2017Q3,0,0.5,0,28.52
d_og,0,ar,False,enet,no_cpi_food_idx__dyoy,66,10,0.1515,1,0.09624,2012Q3,2016Q2,0.25,0.25,0,28.52
d_og,0,ar,False,enet,glob_fao_sugar_idx__yoy,66,9,0.1364,1,0.05347,2011Q2,2017Q3,0.25,0.2,0,28.52
d_og,0,ar,False,enet,nw_cons_conf_z,66,9,0.1364,0,-0.1644,2015Q1,2017Q4,0,0.45,0,28.52
d_og,0,ar,False,enet,packaging_eu_yoy,66,9,0.1364,1,0.2544,2015Q1,2017Q4,0,0.45,0,28.52
d_og,0,ar,False,enet,se_na_hhcons_food_sa__yoy,66,9,0.1364,0,-0.08468,2015Q1,2026Q2,0,0.3,0.1154,28.52
d_og,0,ar,False,enet,se_nier_food_mfg_sell_price_exp__d4,66,9,0.1364,1,0.2001,2017Q4,2026Q2,0,0.1,0.2692,28.52
d_og,0,ar,False,enet,w_cons_conf_z,66,9,0.1364,0,-0.4147,2015Q1,2017Q4,0,0.45,0,28.52
d_og,0,ar,False,enet,w_cons_conf_z_d4,66,9,0.1364,0,-0.08884,2016Q1,2018Q1,0,0.45,0,28.52
d_og,0,ar,False,enet,w_gdp_vol_dyoy,66,9,0.1364,0,-0.1277,2015Q1,2017Q3,0,0.45,0,28.52
d_og,0,ar,False,enet,elec_nordic_loc_yoy,66,8,0.1212,0.625,0.288,2012Q3,2026Q2,0.25,0,0.1154,28.52
d_og,0,ar,False,enet,glob_fao_ffpi_nok__dyoy,66,8,0.1212,0.375,-0.04664,2010Q1,2016Q2,0.15,0.25,0,28.52
d_og,0,ar,False,enet,nw_food_ppi_dyoy,66,8,0.1212,1,0.09625,2010Q2,2012Q4,0.4,0,0,28.52
d_og,0,ar,False,enet,price_cost_gap_fao_wloc_d4,66,8,0.1212,1,0.2044,2012Q3,2015Q4,0.25,0.15,0,28.52
d_og,0,ar,False,enet,brent_nok_yoy,66,7,0.1061,1,0.3273,2012Q2,2013Q4,0.35,0,0,28.52
d_og,0,ar,False,enet,eu_ppi_dom_c103_idx__yoy,66,7,0.1061,0.7143,0.03011,2012Q2,2016Q4,0.25,0.1,0,28.52
d_og,0,ar,False,enet,fao_ffpi_sek_dyoy,66,7,0.1061,0.8571,0.07942,2010Q4,2012Q3,0.35,0,0,28.52
d_og,0,ar,False,enet,glob_fao_meat_idx__dyoy,66,7,0.1061,0,-0.1672,2016Q3,2018Q1,0,0.35,0,28.52
d_og,0,ar,False,enet,glob_fao_sugar_idx__dyoy,66,7,0.1061,1,0.308,2010Q4,2012Q2,0.35,0,0,28.52
d_og,0,ar,False,enet,no_govbond_10y__d4,66,7,0.1061,0,-0.2761,2017Q4,2026Q2,0,0.1,0.1923,28.52
d_og,0,ar,False,enet,no_vat_food_rate__lvl,66,7,0.1061,1,0.3102,2016Q1,2017Q3,0,0.35,0,28.52
d_og,0,ar,False,enet,glob_fao_meat_idx__yoy,66,6,0.09091,1,0.164,2012Q3,2015Q1,0.25,0.05,0,28.52
d_og,0,ar,False,enet,no_retail_foodstores_vol_sa_idx__dyoy,66,6,0.09091,0,-0.09367,2015Q1,2016Q4,0,0.3,0,28.52
d_og,0,ar,False,enet,nw_food_cpi_xvat_yoy,66,6,0.09091,1,0.1497,2016Q2,2017Q3,0,0.3,0,28.52
d_og,0,ar,False,enet,nw_food_cpi_yoy,66,6,0.09091,1,0.2737,2016Q2,2017Q3,0,0.3,0,28.52
d_og,0,ar,False,enet,se_policy_rate__d4,66,6,0.09091,1,0.08725,2015Q1,2026Q2,0,0.25,0.03846,28.52
d_og,0,ar,False,enet,w_ec_cons_price_exp_lvl,66,6,0.09091,1,0.09514,2015Q1,2026Q1,0,0.25,0.03846,28.52
d_og,0,ar,False,enet,wb_food_wloc_dyoy,66,6,0.09091,1,0.1186,2010Q2,2014Q4,0.3,0,0,28.52
d_og,0,ar,False,enet,ea_hicp_food_idx__dyoy,66,5,0.07576,1,0.1587,2012Q3,2013Q3,0.25,0,0,28.52
d_og,0,ar,False,enet,glob_fao_ffpi__yoy,66,5,0.07576,1,0.1626,2011Q2,2012Q2,0.25,0,0,28.52
d_og,0,ar,False,enet,packaging_us_dyoy,66,5,0.07576,0,-0.01857,2013Q4,2014Q4,0.25,0,0,28.52
d_og,0,ar,False,enet,se_ec_cons_conf__d4,66,5,0.07576,0.2,-0.08653,2013Q2,2022Q3,0.05,0.1,0.07692,28.52
d_og,0,ar,False,enet,se_gov_bond_10y__d4,66,5,0.07576,1,0.05764,2011Q2,2012Q3,0.25,0,0,28.52
d_og,0,ar,False,enet,se_nier_food_mfg_sell_price_exp__lvl,66,5,0.07576,0.2,-0.0972,2010Q1,2017Q2,0.05,0.2,0,28.52
d_og,0,ar,False,enet,se_ppi_food_hmpi_idx__dyoy,66,5,0.07576,1,0.1808,2012Q3,2015Q4,0.15,0.1,0,28.52
d_og,0,ar,False,enet,w_ec_cons_price_exp_d4,66,5,0.07576,1,0.123,2015Q3,2016Q4,0,0.25,0,28.52
d_og,0,ar,False,enet,w_fx_vs_nok_dyoy,66,5,0.07576,0,-0.1265,2025Q2,2026Q2,0,0,0.1923,28.52
d_og,0,ar,False,enet,w_fx_vs_usd_yoy,66,5,0.07576,0,-0.116,2011Q2,2012Q2,0.25,0,0,28.52
d_og,0,ar,False,enet,w_unemp_d4,66,5,0.07576,0,-0.1834,2025Q2,2026Q2,0,0,0.1923,28.52
d_og,0,ar,False,enet,wb_food_sek_yoy,66,5,0.07576,0.2,-0.1541,2014Q4,2017Q2,0.05,0.2,0,28.52
d_og,0,ar,False,enet,wb_food_wloc_yoy,66,5,0.07576,1,0.1118,2013Q4,2014Q4,0.25,0,0,28.52
d_og,0,ar,False,enet,eu_ppi_dom_c107_idx__yoy,66,4,0.06061,1,0.08705,2010Q2,2011Q1,0.2,0,0,28.52
d_og,0,ar,False,enet,fao_ffpi_wloc_dyoy,66,4,0.06061,0.75,0.003963,2010Q2,2016Q2,0.15,0.05,0,28.52
d_og,0,ar,False,enet,se_policy_rate__lvl,66,4,0.06061,1,0.05882,2010Q2,2011Q1,0.2,0,0,28.52
d_og,0,ar,False,enet,w_cpi_yoy,66,4,0.06061,0.5,-0.003344,2010Q1,2017Q2,0.1,0.1,0,28.52
d_og,0,ar,False,enet,w_ec_food_ind_sell_price_exp_lvl,66,4,0.06061,1,0.2262,2016Q3,2017Q2,0,0.2,0,28.52
d_og,0,ar,False,enet,w_policy_rate_lvl,66,4,0.06061,1,0.05227,2010Q2,2011Q1,0.2,0,0,28.52
d_og,0,ar,False,enet,ea_hicp_food_idx__yoy,66,3,0.04545,0,-0.1742,2015Q3,2018Q1,0,0.15,0,28.52
d_og,0,ar,False,enet,ea_negotiated_wages_yoy_q__d4,66,3,0.04545,0.6667,0.06946,2015Q1,2026Q2,0,0.05,0.07692,28.52
d_og,0,ar,False,enet,eu_agri_basket_wloc_dyoy,66,3,0.04545,0,-0.03004,2015Q1,2015Q4,0,0.15,0,28.52
d_og,0,ar,False,enet,eu_ppi_dom_c105_idx__yoy,66,3,0.04545,1,0.2035,2010Q2,2017Q4,0.1,0.05,0,28.52
d_og,0,ar,False,enet,eu_ppi_dom_food_mfg_idx__yoy,66,3,0.04545,0.3333,-0.02755,2012Q2,2015Q4,0.05,0.1,0,28.52
d_og,0,ar,False,enet,glob_fao_vegoils_idx__dyoy,66,3,0.04545,0,-0.08131,2025Q2,2026Q2,0,0,0.1154,28.52
d_og,0,ar,False,enet,no_jordbruk_malpris_mnok__d4,66,3,0.04545,0,-0.06105,2012Q4,2013Q3,0.15,0,0,28.52
d_og,0,ar,False,enet,packaging_eu_dyoy,66,3,0.04545,1,0.05475,2017Q1,2017Q3,0,0.15,0,28.52
d_og,0,ar,False,enet,se_real_wage_yoy_q__lvl,66,3,0.04545,0.6667,0.007368,2010Q1,2017Q2,0.05,0.1,0,28.52
d_og,0,ar,False,enet,eu_ppi_dom_c103_idx__dyoy,66,2,0.0303,1,0.06765,2014Q3,2014Q4,0.1,0,0,28.52
d_og,0,ar,False,enet,eu_ppi_dom_c107_idx__dyoy,66,2,0.0303,1,0.09267,2012Q3,2012Q4,0.1,0,0,28.52
d_og,0,ar,False,enet,no_retail_foodstores_vol_sa_idx__yoy,66,2,0.0303,1,0.09012,2017Q3,2017Q4,0,0.1,0,28.52
d_og,0,ar,False,enet,se_cpi_food_idx__yoy,66,2,0.0303,1,0.1476,2010Q1,2016Q3,0.05,0.05,0,28.52
d_og,0,ar,False,enet,se_ec_cons_conf__lvl,66,2,0.0303,0.5,-0.002297,2013Q1,2018Q1,0.05,0.05,0,28.52
d_og,0,ar,False,enet,w_ec_food_ind_sell_price_exp_d4,66,2,0.0303,1,0.02023,2016Q3,2016Q4,0,0.1,0,28.52
d_og,0,ar,False,enet,w_gdp_vol_yoy,66,2,0.0303,0,-0.02248,2017Q1,2017Q2,0,0.1,0,28.52
d_og,0,ar,False,enet,w_hh_saving_lvl,66,2,0.0303,1,0.14,2017Q4,2018Q1,0,0.1,0,28.52
d_og,0,ar,False,enet,w_retail_total_vol_yoy,66,2,0.0303,1,0.06252,2025Q3,2026Q2,0,0,0.07692,28.52
d_og,0,ar,False,enet,glob_fao_ffpi_nok__yoy,66,1,0.01515,1,0.0105,2010Q1,2010Q1,0.05,0,0,28.52
d_og,0,ar,False,enet,nw_retail_food_vol_dyoy,66,1,0.01515,1,0.0005775,2013Q1,2013Q1,0.05,0,0,28.52
d_og,0,ar,False,enet,price_wage_gap,66,1,0.01515,1,0.01143,2012Q3,2012Q3,0.05,0,0,28.52
d_og,0,ar,False,enet,se_cpi_idx__yoy,66,1,0.01515,1,0.07792,2015Q1,2015Q1,0,0.05,0,28.52
d_og,0,ar,False,enet,se_wage_idx_m__yoy,66,1,0.01515,1,0.05495,2013Q1,2013Q1,0.05,0,0,28.52
d_og,0,ar,False,enet,w_food_ppi_dyoy,66,1,0.01515,0,-0.006058,2017Q3,2017Q3,0,0.05,0,28.52
d_og,0,ar,False,enet,w_gov10y_d4,66,1,0.01515,0,-0.0835,2017Q4,2017Q4,0,0.05,0,28.52
d_og,0,ar,False,enet,w_policy_rate_d4,66,1,0.01515,1,0.03086,2015Q4,2015Q4,0,0.05,0,28.52
d_og,0,ar,False,lasso,nw_real_wage_dyoy,66,34,0.5152,0,-0.8091,2012Q4,2026Q2,0.45,0.95,0.2308,17.56
d_og,0,ar,False,lasso,eu_ppi_dom_c108_idx__dyoy,66,33,0.5,1,0.7302,2010Q4,2026Q2,0.85,0.5,0.2308,17.56
d_og,0,ar,False,lasso,no_ppi_food_dom_idx__dyoy,66,33,0.5,1,0.8139,2010Q3,2026Q2,0.85,0.6,0.1538,17.56
d_og,0,ar,False,lasso,nw_food_cpi_dyoy,66,33,0.5,1,0.8008,2010Q1,2022Q3,1,0.55,0.07692,17.56
d_og,0,ar,False,lasso,no_imp_price_food_idx__dyoy,66,31,0.4697,1,0.745,2010Q2,2026Q1,0.95,0.5,0.07692,17.56
d_og,0,ar,False,lasso,ea_ec_food_ind_sell_price_exp__lvl,66,28,0.4242,1,0.4996,2011Q2,2026Q2,0.75,0.5,0.1154,17.56
d_og,0,ar,False,lasso,glob_gscpi__d4,66,28,0.4242,1,0.6168,2010Q1,2026Q2,0.65,0.6,0.1154,17.56
d_og,0,ar,False,lasso,se_cpi_food_idx__dyoy,66,27,0.4091,1,0.5567,2010Q1,2026Q2,0.75,0.4,0.1538,17.56
d_og,0,ar,False,lasso,no_cpi_total_idx__dyoy,66,26,0.3939,0,-0.9332,2011Q2,2017Q4,0.7,0.6,0,17.56
d_og,0,ar,False,lasso,no_nbes_bl_sell_price_di__d4,66,24,0.3636,1,1.614,2012Q2,2026Q2,0.5,0.6,0.07692,17.56
d_og,0,ar,False,lasso,w_hh_saving_d4,66,24,0.3636,0.375,-0.09366,2011Q2,2026Q2,0.45,0.6,0.1154,17.56
d_og,0,ar,False,lasso,no_earn_idx_food_manuf_q__dyoy,66,23,0.3485,0.2174,-0.1662,2011Q2,2026Q2,0.45,0.6,0.07692,17.56
d_og,0,ar,False,lasso,us_ppi_plastic_resins_idx__yoy,66,23,0.3485,1,0.8228,2012Q2,2026Q2,0.5,0.5,0.1154,17.56
d_og,0,ar,False,lasso,glob_fao_dairy_idx__dyoy,66,22,0.3333,0,-0.8496,2012Q4,2026Q2,0.4,0.5,0.1538,17.56
d_og,0,ar,False,lasso,glob_wb_food_idx_nok__yoy,66,19,0.2879,1,0.303,2013Q2,2026Q1,0.05,0.15,0.5769,17.56
d_og,0,ar,False,lasso,w_retail_total_vol_dyoy,66,19,0.2879,0,-0.711,2012Q3,2017Q2,0.45,0.5,0,17.56
d_og,0,ar,False,lasso,no_earn_idx_food_manuf_q__yoy,66,18,0.2727,1,0.3387,2012Q1,2017Q2,0.4,0.5,0,17.56
d_og,0,ar,False,lasso,no_qna_hh_food_cons_sa_mnok__dyoy,66,18,0.2727,1,0.5918,2011Q1,2016Q2,0.6,0.3,0,17.56
d_og,0,ar,False,lasso,nw_food_cpi_xvat_dyoy,66,18,0.2727,1,1.271,2011Q2,2017Q2,0.4,0.5,0,17.56
d_og,0,ar,False,lasso,nw_real_wage_yoy,66,18,0.2727,0,-1.026,2010Q1,2014Q4,0.9,0,0,17.56
d_og,0,ar,False,lasso,w_real_wage_dyoy,66,17,0.2576,0,-0.7194,2012Q3,2026Q2,0.1,0,0.5769,17.56
d_og,0,ar,False,lasso,se_na_hhcons_food_sa__dyoy,66,16,0.2424,0.9375,0.6026,2012Q3,2026Q2,0.45,0.3,0.03846,17.56
d_og,0,ar,False,lasso,no_fn_cci_sa__lvl,66,15,0.2273,0,-1.729,2013Q1,2025Q3,0.2,0.5,0.03846,17.56
d_og,0,ar,False,lasso,se_retail_grocery_vol_sa_idx__dyoy,66,15,0.2273,1,0.4422,2014Q1,2026Q2,0.1,0.5,0.1154,17.56
d_og,0,ar,False,lasso,no_imp_price_food_idx__yoy,66,14,0.2121,1,0.283,2015Q1,2026Q2,0,0.55,0.1154,17.56
d_og,0,ar,False,lasso,no_real_wage_qna_yoy_q__lvl,66,14,0.2121,0,-0.5038,2010Q1,2014Q4,0.7,0,0,17.56
d_og,0,ar,False,lasso,price_wage_gap_d4,66,14,0.2121,1,0.2071,2012Q3,2019Q4,0.35,0.35,0,17.56
d_og,0,ar,False,lasso,us_ppi_corrugated_boxes_idx__dyoy,66,14,0.2121,0,-0.5561,2010Q4,2026Q2,0.15,0.4,0.1154,17.56
d_og,0,ar,False,lasso,w_fx_vs_nok_yoy,66,14,0.2121,0,-0.4845,2013Q3,2026Q2,0.1,0.35,0.1923,17.56
d_og,0,ar,False,lasso,glob_fao_cereals_idx__yoy,66,13,0.197,1,0.4004,2014Q4,2026Q2,0.05,0.45,0.1154,17.56
d_og,0,ar,False,lasso,no_ssb_bts_consgoods_home_price_exp__lvl,66,13,0.197,0.3846,0.1449,2012Q3,2026Q2,0.4,0,0.1923,17.56
d_og,0,ar,False,lasso,se_ppi_food_hmpi_idx__yoy,66,13,0.197,1,0.3942,2011Q3,2017Q3,0.55,0.1,0,17.56
d_og,0,ar,False,lasso,ea_negotiated_wages_yoy_q__lvl,66,12,0.1818,0,-0.5846,2015Q1,2025Q3,0,0.5,0.07692,17.56
d_og,0,ar,False,lasso,glob_gscpi__lvl,66,12,0.1818,0,-0.1753,2014Q1,2017Q2,0.1,0.5,0,17.56
d_og,0,ar,False,lasso,no_cpi_total_idx__yoy,66,12,0.1818,0,-0.3137,2010Q4,2026Q2,0.35,0.1,0.1154,17.56
d_og,0,ar,False,lasso,no_ssb_bts_consgoods_home_price_exp__d4,66,12,0.1818,1,0.1319,2011Q4,2026Q1,0.05,0.45,0.07692,17.56
d_og,0,ar,False,lasso,w_wage_dyoy,66,12,0.1818,0,-0.2843,2013Q2,2017Q2,0.1,0.5,0,17.56
d_og,0,ar,False,lasso,glob_fao_cereals_idx__dyoy,66,11,0.1667,1,0.1301,2014Q3,2025Q3,0.05,0.45,0.03846,17.56
d_og,0,ar,False,lasso,no_qna_hh_food_cons_sa_mnok__yoy,66,11,0.1667,1,0.1482,2012Q4,2017Q4,0.25,0.3,0,17.56
d_og,0,ar,False,lasso,w_food_cpi_xvat_dyoy,66,11,0.1667,0,-1.418,2014Q3,2017Q2,0.05,0.5,0,17.56
d_og,0,ar,False,lasso,w_gdp_vol_dyoy,66,11,0.1667,0,-0.4351,2015Q1,2025Q3,0,0.5,0.03846,17.56
d_og,0,ar,False,lasso,elec_nordic_loc_yoy,66,10,0.1515,0.9,0.3233,2012Q2,2025Q2,0.45,0,0.03846,17.56
d_og,0,ar,False,lasso,eu_agri_basket_wloc_yoy,66,10,0.1515,0,-0.3296,2012Q4,2017Q4,0.15,0.35,0,17.56
d_og,0,ar,False,lasso,no_real_wage_qna_yoy_q__d4,66,10,0.1515,0,-0.451,2010Q4,2014Q3,0.5,0,0,17.56
d_og,0,ar,False,lasso,w_real_wage_yoy,66,10,0.1515,0,-0.6297,2011Q2,2014Q2,0.5,0,0,17.56
d_og,0,ar,False,lasso,w_wage_yoy,66,10,0.1515,0,-0.2641,2013Q3,2026Q2,0.15,0.2,0.1154,17.56
d_og,0,ar,False,lasso,brent_nok_yoy,66,9,0.1364,1,0.4202,2011Q3,2013Q4,0.45,0,0,17.56
d_og,0,ar,False,lasso,eu_agri_basket_dyoy,66,9,0.1364,0,-0.5725,2015Q1,2017Q4,0,0.45,0,17.56
d_og,0,ar,False,lasso,eu_agri_basket_yoy,66,9,0.1364,0,-0.2783,2015Q1,2017Q2,0,0.45,0,17.56
d_og,0,ar,False,lasso,eu_ppi_dom_c108_idx__yoy,66,9,0.1364,1,0.3275,2010Q2,2026Q2,0.35,0,0.07692,17.56
d_og,0,ar,False,lasso,se_ec_cons_conf__d4,66,9,0.1364,0,-0.2756,2015Q1,2022Q3,0,0.35,0.07692,17.56
d_og,0,ar,False,lasso,eu_ppi_paper_packaging_idx__yoy,66,8,0.1212,1,0.4624,2015Q1,2016Q4,0,0.4,0,17.56
d_og,0,ar,False,lasso,glob_fao_sugar_idx__dyoy,66,8,0.1212,1,0.4473,2010Q4,2017Q3,0.35,0.05,0,17.56
d_og,0,ar,False,lasso,no_jordbruk_malpris_mnok__lvl,66,8,0.1212,0.625,-0.05929,2014Q3,2026Q2,0.05,0.2,0.1154,17.56
d_og,0,ar,False,lasso,no_nbes_bl_sell_price_di__lvl,66,8,0.1212,1,0.1685,2012Q3,2016Q4,0.1,0.3,0,17.56
d_og,0,ar,False,lasso,no_vat_food_rate__lvl,66,8,0.1212,1,0.4706,2014Q3,2017Q2,0.05,0.35,0,17.56
d_og,0,ar,False,lasso,price_cost_gap_fao_wloc_d4,66,8,0.1212,0.875,0.0997,2012Q3,2025Q3,0.35,0,0.03846,17.56
d_og,0,ar,False,lasso,us_ppi_corrugated_boxes_idx__yoy,66,8,0.1212,0,-0.8275,2014Q3,2017Q2,0.05,0.35,0,17.56
d_og,0,ar,False,lasso,w_cpi_yoy,66,8,0.1212,0.25,-0.1524,2010Q1,2017Q2,0.1,0.3,0,17.56
d_og,0,ar,False,lasso,glob_fao_ffpi_nok__dyoy,66,7,0.1061,0.1429,-0.06537,2010Q1,2016Q2,0.05,0.3,0,17.56
d_og,0,ar,False,lasso,glob_fao_meat_idx__yoy,66,7,0.1061,1,0.0679,2012Q3,2014Q2,0.35,0,0,17.56
d_og,0,ar,False,lasso,no_cpi_food_idx__yoy,66,7,0.1061,0.5714,0.04582,2013Q3,2026Q2,0.2,0,0.1154,17.56
d_og,0,ar,False,lasso,no_fn_cci_sa__d4,66,7,0.1061,0,-0.5979,2016Q3,2026Q2,0,0.2,0.1154,17.56
d_og,0,ar,False,lasso,no_govbond_10y__lvl,66,7,0.1061,0,-0.3625,2017Q3,2026Q2,0,0.1,0.1923,17.56
d_og,0,ar,False,lasso,no_retail_foodstores_vol_sa_idx__dyoy,66,7,0.1061,0,-0.05479,2015Q2,2017Q2,0,0.35,0,17.56
d_og,0,ar,False,lasso,se_gov_bond_10y__lvl,66,7,0.1061,0,-0.5159,2014Q3,2016Q2,0.05,0.3,0,17.56
d_og,0,ar,False,lasso,se_wage_idx_m__dyoy,66,7,0.1061,0.5714,0.03002,2014Q4,2026Q2,0.05,0.15,0.1154,17.56
d_og,0,ar,False,lasso,w_retail_food_vol_dyoy,66,7,0.1061,1,0.2639,2011Q2,2017Q4,0.25,0.1,0,17.56
d_og,0,ar,False,lasso,glob_fao_meat_idx__dyoy,66,6,0.09091,0,-0.373,2015Q3,2017Q2,0,0.3,0,17.56
d_og,0,ar,False,lasso,se_eursek__yoy,66,6,0.09091,0,-0.5266,2015Q4,2017Q2,0,0.3,0,17.56
d_og,0,ar,False,lasso,w_ec_cons_price_exp_lvl,66,6,0.09091,1,0.3932,2015Q1,2016Q2,0,0.3,0,17.56
d_og,0,ar,False,lasso,w_ec_food_ind_sell_price_exp_d4,66,6,0.09091,1,0.1195,2016Q3,2026Q2,0,0.2,0.07692,17.56
d_og,0,ar,False,lasso,w_fx_vs_nok_dyoy,66,6,0.09091,0.8333,0.1636,2015Q1,2026Q1,0,0.25,0.03846,17.56
d_og,0,ar,False,lasso,ea_ec_food_ind_sell_price_exp__d4,66,5,0.07576,1,0.1157,2015Q3,2017Q2,0,0.25,0,17.56
d_og,0,ar,False,lasso,eu_ppi_dom_c106_idx__yoy,66,5,0.07576,1,0.3305,2011Q2,2025Q2,0.2,0,0.03846,17.56
d_og,0,ar,False,lasso,fao_ffpi_sek_dyoy,66,5,0.07576,0.6,0.1306,2011Q2,2014Q2,0.25,0,0,17.56
d_og,0,ar,False,lasso,nw_cons_conf_z_d4,66,5,0.07576,0,-0.3115,2016Q3,2017Q4,0,0.25,0,17.56
d_og,0,ar,False,lasso,packaging_eu_yoy,66,5,0.07576,1,1.054,2016Q2,2017Q2,0,0.25,0,17.56
d_og,0,ar,False,lasso,w_cons_conf_z,66,5,0.07576,0,-0.3114,2016Q2,2017Q2,0,0.25,0,17.56
d_og,0,ar,False,lasso,w_ec_food_ind_sell_price_exp_lvl,66,5,0.07576,1,0.2269,2015Q4,2017Q2,0,0.25,0,17.56
d_og,0,ar,False,lasso,ea_hicp_food_idx__dyoy,66,4,0.06061,1,0.1465,2012Q4,2013Q4,0.2,0,0,17.56
d_og,0,ar,False,lasso,ea_negotiated_wages_yoy_q__d4,66,4,0.06061,0.75,0.1563,2016Q1,2026Q2,0,0.05,0.1154,17.56
d_og,0,ar,False,lasso,glob_fao_dairy_idx__yoy,66,4,0.06061,0,-0.2017,2015Q1,2016Q2,0,0.2,0,17.56
d_og,0,ar,False,lasso,glob_fao_ffpi__yoy,66,4,0.06061,1,0.4157,2011Q2,2012Q1,0.2,0,0,17.56
d_og,0,ar,False,lasso,glob_fao_vegoils_idx__dyoy,66,4,0.06061,0,-0.1545,2016Q3,2026Q2,0,0.05,0.1154,17.56
d_og,0,ar,False,lasso,glob_wb_food_idx_nok__dyoy,66,4,0.06061,0.75,0.3815,2010Q1,2017Q2,0.15,0.05,0,17.56
d_og,0,ar,False,lasso,se_gov_bond_10y__d4,66,4,0.06061,1,0.07635,2011Q2,2013Q4,0.2,0,0,17.56
d_og,0,ar,False,lasso,w_cons_conf_z_d4,66,4,0.06061,0,-0.3011,2016Q3,2017Q2,0,0.2,0,17.56
d_og,0,ar,False,lasso,w_unemp_d4,66,4,0.06061,0,-0.1334,2025Q2,2026Q2,0,0,0.1538,17.56
d_og,0,ar,False,lasso,eu_ppi_dom_c106_idx__dyoy,66,3,0.04545,1,0.09221,2016Q3,2017Q3,0,0.15,0,17.56
d_og,0,ar,False,lasso,no_govbond_10y__d4,66,3,0.04545,0,-0.5554,2025Q2,2026Q2,0,0,0.1154,17.56
d_og,0,ar,False,lasso,no_vat_food_rate__d4,66,3,0.04545,1,0.05778,2013Q4,2016Q1,0.1,0.05,0,17.56
d_og,0,ar,False,lasso,nw_food_cpi_yoy,66,3,0.04545,1,0.2022,2014Q3,2017Q2,0.05,0.1,0,17.56
d_og,0,ar,False,lasso,nw_price_cost_gap_ppi,66,3,0.04545,0,-0.02893,2010Q4,2014Q4,0.15,0,0,17.56
d_og,0,ar,False,lasso,nw_retail_food_vol_yoy,66,3,0.04545,1,0.1952,2016Q3,2017Q1,0,0.15,0,17.56
d_og,0,ar,False,lasso,se_na_hhcons_food_sa__yoy,66,3,0.04545,0,-0.4123,2025Q2,2026Q2,0,0,0.1154,17.56
d_og,0,ar,False,lasso,se_nier_food_mfg_sell_price_exp__d4,66,3,0.04545,1,0.3499,2025Q2,2026Q2,0,0,0.1154,17.56
d_og,0,ar,False,lasso,w_fx_vs_usd_yoy,66,3,0.04545,0,-0.2411,2011Q2,2011Q4,0.15,0,0,17.56
d_og,0,ar,False,lasso,wb_food_sek_dyoy,66,3,0.04545,1,0.193,2011Q1,2014Q4,0.15,0,0,17.56
d_og,0,ar,False,lasso,eu_agri_basket_wloc_dyoy,66,2,0.0303,0,-0.05783,2015Q4,2016Q1,0,0.1,0,17.56
d_og,0,ar,False,lasso,glob_wb_food_idx__yoy,66,2,0.0303,1,0.2213,2012Q1,2014Q4,0.1,0,0,17.56
d_og,0,ar,False,lasso,se_cpi_food_idx__yoy,66,2,0.0303,1,0.09489,2010Q1,2017Q1,0.05,0.05,0,17.56
d_og,0,ar,False,lasso,w_fx_vs_eur_yoy,66,2,0.0303,0,-0.4724,2015Q4,2016Q1,0,0.1,0,17.56
d_og,0,ar,False,lasso,w_gov10y_d4,66,2,0.0303,0.5,-0.1387,2013Q4,2017Q3,0.05,0.05,0,17.56
d_og,0,ar,False,lasso,w_retail_food_vol_yoy,66,2,0.0303,1,0.4405,2010Q4,2011Q1,0.1,0,0,17.56
d_og,0,ar,False,lasso,w_retail_total_vol_yoy,66,2,0.0303,1,0.1935,2025Q3,2026Q2,0,0,0.07692,17.56
d_og,0,ar,False,lasso,wb_food_wloc_dyoy,66,2,0.0303,1,0.3223,2010Q4,2011Q1,0.1,0,0,17.56
d_og,0,ar,False,lasso,brent_nok_dyoy,66,1,0.01515,0,-0.06303,2025Q3,2025Q3,0,0,0.03846,17.56
d_og,0,ar,False,lasso,elec_nordic_loc_dyoy,66,1,0.01515,1,0.3433,2012Q2,2012Q2,0.05,0,0,17.56
d_og,0,ar,False,lasso,eu_ppi_plastic_products_idx__yoy,66,1,0.01515,1,0.4132,2025Q2,2025Q2,0,0,0.03846,17.56
d_og,0,ar,False,lasso,no_policy_rate__d4,66,1,0.01515,1,0.1106,2025Q3,2025Q3,0,0,0.03846,17.56
d_og,0,ar,False,lasso,no_ppi_food_dom_idx__yoy,66,1,0.01515,1,0.577,2025Q3,2025Q3,0,0,0.03846,17.56
d_og,0,ar,False,lasso,packaging_us_dyoy,66,1,0.01515,0,-0.2736,2014Q4,2014Q4,0.05,0,0,17.56
d_og,0,ar,False,lasso,se_ec_cons_conf__lvl,66,1,0.01515,1,0.03424,2014Q3,2014Q3,0.05,0,0,17.56
d_og,0,ar,False,lasso,se_nier_food_mfg_sell_price_exp__lvl,66,1,0.01515,1,0.2772,2014Q3,2014Q3,0.05,0,0,17.56
d_og,0,ar,False,lasso,se_ppi_food_hmpi_idx__dyoy,66,1,0.01515,1,0.1597,2011Q4,2011Q4,0.05,0,0,17.56
d_og,0,ar,False,lasso,se_retail_grocery_vol_sa_idx__yoy,66,1,0.01515,1,0.1964,2012Q1,2012Q1,0.05,0,0,17.56
d_og,0,ar,False,lasso,w_ec_cons_price_exp_d4,66,1,0.01515,1,0.01532,2016Q4,2016Q4,0,0.05,0,17.56
d_og,0,ar,False,lasso,w_food_cpi_rel_dyoy,66,1,0.01515,0,-0.1037,2025Q3,2025Q3,0,0,0.03846,17.56
d_og,0,ar,False,lasso,w_fx_vs_usd_dyoy,66,1,0.01515,0,-0.0276,2014Q3,2014Q3,0.05,0,0,17.56
d_og,0,ar,False,lasso,w_hh_saving_lvl,66,1,0.01515,1,0.04399,2017Q4,2017Q4,0,0.05,0,17.56
d_og,0,ar,False,lasso,w_policy_rate_lvl,66,1,0.01515,1,0.06699,2025Q3,2025Q3,0,0,0.03846,17.56
d_og,0,arcal,False,enet,nw_real_wage_dyoy,66,61,0.9242,0,-0.3089,2010Q3,2026Q2,0.8,0.95,1,33.23
d_og,0,arcal,False,enet,eu_ppi_dom_c108_idx__dyoy,66,56,0.8485,1,0.7051,2010Q3,2026Q2,0.85,1,0.7308,33.23
d_og,0,arcal,False,enet,nw_real_wage_yoy,66,56,0.8485,0,-0.239,2010Q3,2026Q2,0.9,0.85,0.8077,33.23
d_og,0,arcal,False,enet,se_cpi_food_idx__dyoy,66,56,0.8485,1,0.3333,2010Q3,2026Q2,0.9,1,0.6923,33.23
d_og,0,arcal,False,enet,glob_wb_food_idx_nok__yoy,66,51,0.7727,1,0.3011,2012Q3,2026Q2,0.5,0.75,1,33.23
d_og,0,arcal,False,enet,nw_food_cpi_dyoy,66,49,0.7424,1,0.4532,2010Q3,2022Q3,0.9,1,0.4231,33.23
d_og,0,arcal,False,enet,w_real_wage_dyoy,66,42,0.6364,0,-0.1623,2010Q3,2026Q2,0.15,0.65,1,33.23
d_og,0,arcal,False,enet,no_ppi_food_dom_idx__dyoy,66,41,0.6212,1,0.4045,2010Q3,2026Q2,0.8,0.95,0.2308,33.23
d_og,0,arcal,False,enet,no_imp_price_food_idx__dyoy,66,40,0.6061,1,0.4401,2010Q3,2026Q1,0.9,0.9,0.1538,33.23
d_og,0,arcal,False,enet,w_real_wage_yoy,66,36,0.5455,0,-0.1517,2010Q4,2022Q3,0.8,0.45,0.4231,33.23
d_og,0,arcal,False,enet,glob_wb_food_idx_nok__dyoy,66,35,0.5303,1,0.2028,2010Q3,2026Q2,0.6,0.35,0.6154,33.23
d_og,0,arcal,False,enet,w_wage_yoy,66,35,0.5303,0,-0.1197,2011Q2,2026Q2,0.25,0.7,0.6154,33.23
d_og,0,arcal,False,enet,no_vat_food_rate__d4,66,34,0.5152,1,0.1619,2010Q3,2026Q2,0.7,0.75,0.1923,33.23
d_og,0,arcal,False,enet,price_cost_gap_agri_d4,66,33,0.5,1,0.142,2010Q3,2019Q4,0.7,0.95,0,33.23
d_og,0,arcal,False,enet,no_cpi_total_idx__dyoy,66,32,0.4848,0,-0.4662,2010Q3,2018Q4,0.8,0.8,0,33.23
d_og,0,arcal,False,enet,se_na_hhcons_food_sa__dyoy,66,32,0.4848,1,0.3887,2010Q3,2018Q2,0.9,0.7,0,33.23
d_og,0,arcal,False,enet,se_ppi_food_hmpi_idx__yoy,66,32,0.4848,1,0.3482,2010Q1,2018Q2,1,0.6,0,33.23
d_og,0,arcal,False,enet,no_nbes_bl_sell_price_di__lvl,66,30,0.4545,1,0.2236,2010Q3,2018Q1,0.9,0.6,0,33.23
d_og,0,arcal,False,enet,se_wage_idx_m__dyoy,66,30,0.4545,0.9667,0.1691,2010Q1,2026Q2,0.7,0.35,0.3462,33.23
d_og,0,arcal,False,enet,w_gdp_vol_dyoy,66,30,0.4545,0,-0.4086,2010Q3,2018Q2,0.8,0.7,0,33.23
d_og,0,arcal,False,enet,ea_ec_food_ind_sell_price_exp__lvl,66,28,0.4242,1,0.2738,2011Q3,2026Q2,0.7,0.6,0.07692,33.23
d_og,0,arcal,False,enet,glob_fao_dairy_idx__yoy,66,28,0.4242,0,-0.0617,2015Q3,2026Q2,0,0.6,0.6154,33.23
d_og,0,arcal,False,enet,price_wage_gap_d4,66,28,0.4242,1,0.1513,2010Q3,2025Q1,0.35,0.3,0.5769,33.23
d_og,0,arcal,False,enet,w_retail_total_vol_dyoy,66,28,0.4242,0,-0.3953,2010Q3,2017Q2,0.9,0.5,0,33.23
d_og,0,arcal,False,enet,no_nbes_bl_sell_price_di__d4,66,27,0.4091,1,0.8289,2011Q4,2018Q2,0.65,0.7,0,33.23
d_og,0,arcal,False,enet,no_cpi_total_idx__yoy,66,26,0.3939,0,-0.1809,2010Q3,2026Q2,0.8,0.4,0.07692,33.23
d_og,0,arcal,False,enet,us_ppi_corrugated_boxes_idx__dyoy,66,26,0.3939,0,-0.1785,2010Q3,2026Q2,0.2,0.95,0.1154,33.23
d_og,0,arcal,False,enet,ea_negotiated_wages_yoy_q__lvl,66,25,0.3788,0.04,-0.3691,2011Q2,2026Q1,0.05,1,0.1538,33.23
d_og,0,arcal,False,enet,eu_agri_basket_dyoy,66,24,0.3636,0,-0.2449,2011Q4,2019Q4,0.4,0.8,0,33.23
d_og,0,arcal,False,enet,eu_agri_basket_wloc_yoy,66,24,0.3636,0,-0.3224,2012Q2,2026Q2,0.1,1,0.07692,33.23
d_og,0,arcal,False,enet,eu_ppi_dom_c108_idx__yoy,66,24,0.3636,1,0.6003,2010Q3,2026Q2,0.9,0.15,0.1154,33.23
d_og,0,arcal,False,enet,no_fn_cci_sa__d4,66,24,0.3636,0,-0.1073,2017Q1,2026Q2,0,0.5,0.5385,33.23
d_og,0,arcal,False,enet,nw_cons_conf_z_d4,66,24,0.3636,0,-0.2347,2016Q2,2022Q3,0,0.65,0.4231,33.23
d_og,0,arcal,False,enet,w_cons_conf_z_d4,66,24,0.3636,0,-0.06678,2016Q2,2022Q3,0,0.65,0.4231,33.23
d_og,0,arcal,False,enet,w_fx_vs_nok_yoy,66,24,0.3636,0,-0.3369,2015Q2,2026Q2,0,0.9,0.2308,33.23
d_og,0,arcal,False,enet,glob_fao_dairy_idx__dyoy,66,23,0.3485,0,-0.1865,2012Q2,2026Q2,0.3,0.6,0.1923,33.23
d_og,0,arcal,False,enet,no_ssb_bts_consgoods_home_price_exp__lvl,66,23,0.3485,0.8261,0.08184,2012Q1,2026Q2,0.15,0.4,0.4615,33.23
d_og,0,arcal,False,enet,no_earn_idx_food_manuf_q__yoy,66,22,0.3333,1,0.1954,2011Q4,2026Q2,0.45,0.55,0.07692,33.23
d_og,0,arcal,False,enet,no_govbond_10y__lvl,66,20,0.303,0,-0.1297,2015Q2,2026Q2,0,0.65,0.2692,33.23
d_og,0,arcal,False,enet,no_imp_price_food_idx__yoy,66,20,0.303,1,0.1938,2015Q2,2022Q3,0,0.95,0.03846,33.23
d_og,0,arcal,False,enet,us_ppi_corrugated_boxes_idx__yoy,66,20,0.303,0,-0.2611,2015Q1,2019Q4,0,1,0,33.23
d_og,0,arcal,False,enet,w_hh_saving_d4,66,20,0.303,0.4,-0.08761,2010Q3,2018Q2,0.4,0.6,0,33.23
d_og,0,arcal,False,enet,eu_agri_basket_yoy,66,19,0.2879,0,-0.4304,2015Q2,2019Q4,0,0.95,0,33.23
d_og,0,arcal,False,enet,nw_food_cpi_xvat_dyoy,66,19,0.2879,1,0.4249,2015Q2,2021Q3,0,0.6,0.2692,33.23
d_og,0,arcal,False,enet,us_ppi_plastic_resins_idx__yoy,66,19,0.2879,1,0.5311,2011Q3,2025Q3,0.25,0.65,0.03846,33.23
d_og,0,arcal,False,enet,glob_fao_meat_idx__dyoy,66,18,0.2727,0,-0.2255,2016Q2,2026Q2,0,0.75,0.1154,33.23
d_og,0,arcal,False,enet,no_earn_idx_food_manuf_q__dyoy,66,18,0.2727,0.1667,-0.3677,2011Q3,2018Q2,0.25,0.65,0,33.23
d_og,0,arcal,False,enet,glob_fao_cereals_idx__dyoy,66,17,0.2576,1,0.1635,2011Q4,2018Q2,0.2,0.65,0,33.23
d_og,0,arcal,False,enet,glob_gscpi__d4,66,17,0.2576,0.9412,0.3031,2011Q3,2026Q2,0.1,0.65,0.07692,33.23
d_og,0,arcal,False,enet,glob_wb_food_idx__yoy,66,17,0.2576,1,0.1556,2010Q3,2026Q2,0.75,0.05,0.03846,33.23
d_og,0,arcal,False,enet,price_cost_gap_agri,66,17,0.2576,1,0.2567,2015Q2,2019Q4,0,0.85,0,33.23
d_og,0,arcal,False,enet,glob_gscpi__lvl,66,16,0.2424,0.125,-0.2608,2010Q3,2025Q4,0.45,0.25,0.07692,33.23
d_og,0,arcal,False,enet,no_ssb_bts_consgoods_home_price_exp__d4,66,16,0.2424,0.6875,0.0344,2010Q3,2026Q2,0.25,0.3,0.1923,33.23
d_og,0,arcal,False,enet,se_ec_cons_conf__d4,66,16,0.2424,0.125,-0.09482,2012Q2,2022Q2,0.1,0.6,0.07692,33.23
d_og,0,arcal,False,enet,w_gov10y_lvl,66,16,0.2424,0,-0.08276,2015Q1,2019Q3,0,0.8,0,33.23
d_og,0,arcal,False,enet,wb_food_wloc_dyoy,66,16,0.2424,1,0.1325,2010Q3,2019Q4,0.45,0.35,0,33.23
d_og,0,arcal,False,enet,nw_price_cost_gap_ppi,66,15,0.2273,0,-0.05723,2010Q1,2015Q4,0.6,0.15,0,33.23
d_og,0,arcal,False,enet,wb_food_wloc_yoy,66,15,0.2273,1,0.0895,2010Q1,2026Q1,0.55,0.05,0.1154,33.23
d_og,0,arcal,False,enet,eu_ppi_dom_c107_idx__dyoy,66,14,0.2121,1,0.2821,2012Q2,2018Q1,0.1,0.6,0,33.23
d_og,0,arcal,False,enet,no_cpi_food_idx__yoy,66,14,0.2121,0.8571,0.2174,2015Q2,2026Q2,0,0.6,0.07692,33.23
d_og,0,arcal,False,enet,no_fn_cci_sa__lvl,66,14,0.2121,0,-0.8129,2012Q3,2026Q2,0.05,0.6,0.03846,33.23
d_og,0,arcal,False,enet,no_vat_food_rate__lvl,66,14,0.2121,0.9286,0.2149,2010Q1,2018Q1,0.15,0.55,0,33.23
d_og,0,arcal,False,enet,nw_cons_conf_z,66,14,0.2121,0,-0.1415,2015Q2,2022Q3,0,0.6,0.07692,33.23
d_og,0,arcal,False,enet,se_eursek__yoy,66,14,0.2121,0,-0.4952,2015Q2,2026Q2,0,0.65,0.03846,33.23
d_og,0,arcal,False,enet,se_gov_bond_10y__lvl,66,14,0.2121,0,-0.2511,2012Q2,2018Q1,0.05,0.65,0,33.23
d_og,0,arcal,False,enet,brent_nok_yoy,66,13,0.197,1,0.2913,2010Q3,2014Q4,0.65,0,0,33.23
d_og,0,arcal,False,enet,elec_nordic_loc_yoy,66,13,0.197,0.8462,0.2686,2010Q3,2026Q2,0.45,0.1,0.07692,33.23
d_og,0,arcal,False,enet,eu_ppi_plastic_products_idx__yoy,66,13,0.197,1,0.1751,2010Q3,2026Q2,0.15,0.25,0.1923,33.23
d_og,0,arcal,False,enet,glob_wb_food_idx_eur__yoy,66,13,0.197,1,0.06618,2010Q1,2015Q2,0.55,0.1,0,33.23
d_og,0,arcal,False,enet,no_retail_foodstores_vol_sa_idx__dyoy,66,13,0.197,0,-0.1084,2015Q1,2026Q2,0,0.5,0.1154,33.23
d_og,0,arcal,False,enet,w_cons_conf_z,66,13,0.197,0,-0.2171,2015Q2,2022Q3,0,0.55,0.07692,33.23
d_og,0,arcal,False,enet,no_govbond_10y__d4,66,12,0.1818,0,-0.2484,2018Q2,2026Q2,0,0.35,0.1923,33.23
d_og,0,arcal,False,enet,no_real_wage_qna_yoy_q__lvl,66,12,0.1818,0,-0.3627,2012Q3,2015Q2,0.5,0.1,0,33.23
d_og,0,arcal,False,enet,w_food_cpi_xvat_dyoy,66,12,0.1818,0,-0.3385,2015Q2,2018Q1,0,0.6,0,33.23
d_og,0,arcal,False,enet,w_wage_dyoy,66,12,0.1818,0,-0.2802,2012Q3,2018Q1,0.05,0.55,0,33.23
d_og,0,arcal,False,enet,se_na_hhcons_food_sa__yoy,66,11,0.1667,1,0.1102,2010Q3,2019Q4,0.2,0.35,0,33.23
d_og,0,arcal,False,enet,se_nier_food_mfg_sell_price_exp__d4,66,11,0.1667,1,0.09937,2018Q2,2026Q2,0,0.2,0.2692,33.23
d_og,0,arcal,False,enet,w_ec_cons_price_exp_d4,66,11,0.1667,1,0.3513,2015Q3,2018Q1,0,0.55,0,33.23
d_og,0,arcal,False,enet,w_ec_cons_price_exp_lvl,66,11,0.1667,1,0.1643,2012Q1,2025Q4,0.05,0.45,0.03846,33.23
d_og,0,arcal,False,enet,ea_negotiated_wages_yoy_q__d4,66,10,0.1515,0.8,0.08457,2010Q3,2026Q2,0.35,0.1,0.03846,33.23
d_og,0,arcal,False,enet,eu_agri_basket_wloc_dyoy,66,10,0.1515,0,-0.0929,2012Q2,2017Q4,0.05,0.45,0,33.23
d_og,0,arcal,False,enet,eu_ppi_dom_c106_idx__dyoy,66,10,0.1515,1,0.2805,2015Q2,2017Q3,0,0.5,0,33.23
d_og,0,arcal,False,enet,w_hh_saving_lvl,66,10,0.1515,0.9,0.0968,2010Q3,2026Q2,0.05,0.4,0.03846,33.23
d_og,0,arcal,False,enet,glob_fao_sugar_idx__dyoy,66,9,0.1364,0.7778,0.06401,2010Q3,2018Q1,0.35,0.1,0,33.23
d_og,0,arcal,False,enet,no_policy_rate__lvl,66,9,0.1364,1,0.08233,2010Q1,2012Q1,0.45,0,0,33.23
d_og,0,arcal,False,enet,elec_nordic_loc_dyoy,66,8,0.1212,1,0.178,2010Q3,2012Q3,0.4,0,0,33.23
d_og,0,arcal,False,enet,glob_fao_meat_idx__yoy,66,8,0.1212,0.25,0.05494,2010Q3,2026Q2,0.1,0.15,0.1154,33.23
d_og,0,arcal,False,enet,nw_food_cpi_yoy,66,8,0.1212,1,0.3232,2016Q2,2018Q1,0,0.4,0,33.23
d_og,0,arcal,False,enet,se_ec_cons_conf__lvl,66,8,0.1212,0.25,-0.0252,2012Q2,2019Q4,0.1,0.3,0,33.23
d_og,0,arcal,False,enet,eu_ppi_dom_c106_idx__yoy,66,7,0.1061,1,0.05992,2015Q1,2026Q2,0,0.1,0.1923,33.23
d_og,0,arcal,False,enet,eu_ppi_paper_packaging_idx__yoy,66,7,0.1061,1,0.04561,2015Q2,2017Q1,0,0.35,0,33.23
d_og,0,arcal,False,enet,no_jordbruk_malpris_mnok__lvl,66,7,0.1061,0.7143,-0.03276,2015Q4,2026Q2,0,0.25,0.07692,33.23
d_og,0,arcal,False,enet,nw_price_cost_gap_ppi_d4,66,7,0.1061,0,-0.1206,2015Q3,2017Q2,0,0.35,0,33.23
d_og,0,arcal,False,enet,packaging_eu_yoy,66,7,0.1061,1,0.09805,2016Q2,2017Q4,0,0.35,0,33.23
d_og,0,arcal,False,enet,w_fx_vs_usd_yoy,66,7,0.1061,0.1429,-0.1353,2010Q3,2017Q2,0.3,0.05,0,33.23
d_og,0,arcal,False,enet,w_gdp_vol_yoy,66,7,0.1061,0,-0.166,2012Q3,2017Q3,0.05,0.3,0,33.23
d_og,0,arcal,False,enet,wb_food_sek_dyoy,66,7,0.1061,1,0.08305,2010Q4,2018Q2,0.3,0.05,0,33.23
d_og,0,arcal,False,enet,eu_ppi_plastic_products_idx__dyoy,66,6,0.09091,1,0.1799,2012Q3,2018Q1,0.05,0.25,0,33.23
d_og,0,arcal,False,enet,glob_fao_sugar_idx__yoy,66,6,0.09091,1,0.0939,2010Q3,2012Q1,0.3,0,0,33.23
d_og,0,arcal,False,enet,glob_wb_food_idx__dyoy,66,6,0.09091,1,0.2902,2011Q2,2012Q3,0.3,0,0,33.23
d_og,0,arcal,False,enet,no_cpi_food_idx__dyoy,66,6,0.09091,1,0.04129,2012Q2,2017Q2,0.05,0.25,0,33.23
d_og,0,arcal,False,enet,packaging_us_dyoy,66,6,0.09091,0,-0.08315,2018Q3,2019Q4,0,0.3,0,33.23
d_og,0,arcal,False,enet,se_nier_food_mfg_sell_price_exp__lvl,66,6,0.09091,0.3333,-0.1212,2010Q3,2018Q1,0.1,0.2,0,33.23
d_og,0,arcal,False,enet,se_ppi_food_hmpi_idx__dyoy,66,6,0.09091,1,0.1246,2015Q3,2018Q2,0,0.3,0,33.23
d_og,0,arcal,False,enet,ea_hicp_food_idx__yoy,66,5,0.07576,0,-0.3617,2017Q2,2018Q2,0,0.25,0,33.23
d_og,0,arcal,False,enet,no_real_wage_qna_yoy_q__d4,66,5,0.07576,0,-0.2924,2010Q3,2012Q2,0.25,0,0,33.23
d_og,0,arcal,False,enet,w_ec_food_ind_sell_price_exp_lvl,66,5,0.07576,1,0.06658,2012Q2,2018Q1,0.1,0.15,0,33.23
d_og,0,arcal,False,enet,w_gov10y_d4,66,5,0.07576,0,-0.08392,2015Q2,2018Q4,0,0.25,0,33.23
d_og,0,arcal,False,enet,eu_ppi_paper_packaging_idx__dyoy,66,4,0.06061,1,0.0303,2016Q2,2017Q1,0,0.2,0,33.23
d_og,0,arcal,False,enet,glob_fao_cereals_idx__yoy,66,4,0.06061,1,0.1103,2012Q4,2026Q2,0.05,0.05,0.07692,33.23
d_og,0,arcal,False,enet,glob_fao_vegoils_idx__dyoy,66,4,0.06061,0,-0.1157,2017Q2,2026Q2,0,0.1,0.07692,33.23
d_og,0,arcal,False,enet,no_qna_hh_food_cons_sa_mnok__dyoy,66,4,0.06061,0,-0.2433,2011Q2,2012Q1,0.2,0,0,33.23
d_og,0,arcal,False,enet,no_retail_foodstores_vol_sa_idx__yoy,66,4,0.06061,1,0.0228,2010Q1,2018Q1,0.1,0.1,0,33.23
d_og,0,arcal,False,enet,packaging_eu_dyoy,66,4,0.06061,1,0.09531,2016Q2,2017Q3,0,0.2,0,33.23
d_og,0,arcal,False,enet,se_policy_rate__lvl,66,4,0.06061,1,0.1107,2010Q3,2011Q2,0.2,0,0,33.23
d_og,0,arcal,False,enet,se_retail_grocery_vol_sa_idx__dyoy,66,4,0.06061,1,0.06315,2015Q3,2026Q2,0,0.15,0.03846,33.23
d_og,0,arcal,False,enet,w_cpi_dyoy,66,4,0.06061,0,-0.1827,2017Q1,2018Q1,0,0.2,0,33.23
d_og,0,arcal,False,enet,w_policy_rate_lvl,66,4,0.06061,1,0.2364,2010Q3,2011Q2,0.2,0,0,33.23
d_og,0,arcal,False,enet,w_unemp_d4,66,4,0.06061,0,-0.1095,2025Q2,2026Q1,0,0,0.1538,33.23
d_og,0,arcal,False,enet,ea_ec_food_ind_sell_price_exp__d4,66,3,0.04545,1,0.05582,2016Q2,2018Q1,0,0.15,0,33.23
d_og,0,arcal,False,enet,glob_fao_ffpi_nok__dyoy,66,3,0.04545,0,-0.1251,2015Q2,2015Q4,0,0.15,0,33.23
d_og,0,arcal,False,enet,no_qna_hh_food_cons_sa_mnok__yoy,66,3,0.04545,0.3333,-0.02194,2011Q1,2017Q1,0.1,0.05,0,33.23
d_og,0,arcal,False,enet,price_cost_gap_fao_nok_d4,66,3,0.04545,0.6667,0.134,2012Q2,2018Q1,0.1,0.05,0,33.23
d_og,0,arcal,False,enet,se_gov_bond_10y__d4,66,3,0.04545,0.3333,-0.03161,2010Q3,2017Q3,0.05,0.1,0,33.23
d_og,0,arcal,False,enet,w_food_cpi_dyoy,66,3,0.04545,0.3333,-0.04582,2010Q3,2017Q2,0.05,0.1,0,33.23
d_og,0,arcal,False,enet,w_unemp_lvl,66,3,0.04545,0.3333,-0.07835,2010Q1,2026Q2,0.1,0,0.03846,33.23
d_og,0,arcal,False,enet,eu_ppi_dom_c103_idx__dyoy,66,2,0.0303,1,0.0624,2013Q1,2015Q1,0.05,0.05,0,33.23
d_og,0,arcal,False,enet,nw_food_cpi_xvat_yoy,66,2,0.0303,1,0.1417,2017Q4,2018Q1,0,0.1,0,33.23
d_og,0,arcal,False,enet,nw_food_ppi_yoy,66,2,0.0303,1,0.05324,2010Q1,2010Q2,0.1,0,0,33.23
d_og,0,arcal,False,enet,nw_retail_food_vol_dyoy,66,2,0.0303,0,-0.1068,2011Q2,2011Q4,0.1,0,0,33.23
d_og,0,arcal,False,enet,price_cost_gap_fao_wloc_d4,66,2,0.0303,1,0.3816,2012Q2,2012Q3,0.1,0,0,33.23
d_og,0,arcal,False,enet,price_wage_gap,66,2,0.0303,1,0.2137,2012Q2,2012Q3,0.1,0,0,33.23
d_og,0,arcal,False,enet,se_cpi_food_idx__yoy,66,2,0.0303,1,0.09174,2010Q1,2010Q2,0.1,0,0,33.23
d_og,0,arcal,False,enet,se_wage_idx_m__yoy,66,2,0.0303,1,0.1475,2012Q2,2012Q3,0.1,0,0,33.23
d_og,0,arcal,False,enet,w_ec_food_ind_sell_price_exp_d4,66,2,0.0303,0,-0.2853,2010Q3,2011Q2,0.1,0,0,33.23
d_og,0,arcal,False,enet,w_fx_vs_nok_dyoy,66,2,0.0303,0,-0.008899,2025Q2,2025Q4,0,0,0.07692,33.23
d_og,0,arcal,False,enet,w_retail_total_vol_yoy,66,2,0.0303,1,0.1336,2025Q3,2026Q2,0,0,0.07692,33.23
d_og,0,arcal,False,enet,brent_nok_dyoy,66,1,0.01515,0,-9.593e-05,2019Q3,2019Q3,0,0.05,0,33.23
d_og,0,arcal,False,enet,ea_hicp_food_idx__dyoy,66,1,0.01515,1,1.05,2012Q3,2012Q3,0.05,0,0,33.23
d_og,0,arcal,False,enet,eu_ppi_dom_c105_idx__yoy,66,1,0.01515,1,0.03377,2017Q4,2017Q4,0,0.05,0,33.23
d_og,0,arcal,False,enet,eu_ppi_dom_c107_idx__yoy,66,1,0.01515,1,0.01056,2012Q3,2012Q3,0.05,0,0,33.23
d_og,0,arcal,False,enet,fao_ffpi_wloc_dyoy,66,1,0.01515,0,-0.009067,2015Q2,2015Q2,0,0.05,0,33.23
d_og,0,arcal,False,enet,glob_fao_ffpi__dyoy,66,1,0.01515,1,0.01112,2011Q4,2011Q4,0.05,0,0,33.23
d_og,0,arcal,False,enet,glob_fao_ffpi_nok__yoy,66,1,0.01515,1,0.03778,2017Q3,2017Q3,0,0.05,0,33.23
d_og,0,arcal,False,enet,glob_wb_food_idx_eur__dyoy,66,1,0.01515,1,0.1474,2012Q2,2012Q2,0.05,0,0,33.23
d_og,0,arcal,False,enet,price_cost_gap_fao_nok,66,1,0.01515,1,0.2821,2012Q2,2012Q2,0.05,0,0,33.23
d_og,0,arcal,False,enet,price_cost_gap_fao_wloc,66,1,0.01515,1,0.005054,2012Q3,2012Q3,0.05,0,0,33.23
d_og,0,arcal,False,enet,se_retail_grocery_vol_sa_idx__yoy,66,1,0.01515,0,-0.1654,2012Q2,2012Q2,0.05,0,0,33.23
d_og,0,arcal,False,enet,us_ppi_plastic_resins_idx__dyoy,66,1,0.01515,1,0.06042,2016Q2,2016Q2,0,0.05,0,33.23
d_og,0,arcal,False,enet,w_cpi_yoy,66,1,0.01515,0,-0.01553,2017Q1,2017Q1,0,0.05,0,33.23
d_og,0,arcal,False,enet,w_food_cpi_rel_dyoy,66,1,0.01515,1,0.06758,2012Q3,2012Q3,0.05,0,0,33.23
d_og,0,arcal,False,enet,w_fx_vs_usd_dyoy,66,1,0.01515,1,0.0177,2018Q1,2018Q1,0,0.05,0,33.23
d_og,0,arcal,False,enet,wb_food_sek_yoy,66,1,0.01515,0,-0.02366,2017Q1,2017Q1,0,0.05,0,33.23
d_og,0,arcal,False,lasso,eu_ppi_dom_c108_idx__dyoy,66,47,0.7121,1,0.8275,2011Q3,2026Q2,0.45,1,0.6923,16.86
d_og,0,arcal,False,lasso,glob_wb_food_idx_nok__yoy,66,45,0.6818,1,0.4848,2013Q1,2026Q2,0.4,0.55,1,16.86
d_og,0,arcal,False,lasso,nw_real_wage_dyoy,66,44,0.6667,0,-0.6276,2010Q3,2026Q2,0.05,0.85,1,16.86
d_og,0,arcal,False,lasso,nw_food_cpi_dyoy,66,42,0.6364,1,0.4285,2010Q3,2022Q2,0.65,1,0.3462,16.86
d_og,0,arcal,False,lasso,se_cpi_food_idx__dyoy,66,40,0.6061,1,0.4169,2010Q3,2026Q2,0.6,0.8,0.4615,16.86
d_og,0,arcal,False,lasso,no_imp_price_food_idx__dyoy,66,30,0.4545,1,0.5263,2010Q3,2026Q1,0.75,0.55,0.1538,16.86
d_og,0,arcal,False,lasso,nw_real_wage_yoy,66,28,0.4242,0,-0.5516,2010Q1,2022Q3,0.85,0.45,0.07692,16.86
d_og,0,arcal,False,lasso,no_vat_food_rate__d4,66,25,0.3788,1,0.1634,2010Q3,2026Q2,0.75,0.45,0.03846,16.86
d_og,0,arcal,False,lasso,no_ppi_food_dom_idx__dyoy,66,23,0.3485,1,0.7369,2010Q3,2026Q2,0.45,0.55,0.1154,16.86
d_og,0,arcal,False,lasso,se_na_hhcons_food_sa__dyoy,66,22,0.3333,1,0.39,2010Q3,2017Q4,0.5,0.6,0,16.86
d_og,0,arcal,False,lasso,se_ppi_food_hmpi_idx__yoy,66,22,0.3333,1,0.422,2010Q2,2017Q4,0.75,0.35,0,16.86
d_og,0,arcal,False,lasso,w_gdp_vol_dyoy,66,21,0.3182,0,-0.5212,2010Q3,2017Q4,0.5,0.55,0,16.86
d_og,0,arcal,False,lasso,nw_cons_conf_z_d4,66,20,0.303,0,-0.3477,2016Q4,2022Q3,0,0.45,0.4231,16.86
d_og,0,arcal,False,lasso,se_wage_idx_m__dyoy,66,20,0.303,1,0.2311,2010Q1,2026Q2,0.6,0.1,0.2308,16.86
d_og,0,arcal,False,lasso,us_ppi_corrugated_boxes_idx__dyoy,66,20,0.303,0,-0.2306,2010Q1,2026Q2,0.25,0.7,0.03846,16.86
d_og,0,arcal,False,lasso,w_retail_total_vol_dyoy,66,20,0.303,0,-0.4159,2010Q4,2017Q2,0.5,0.5,0,16.86
d_og,0,arcal,False,lasso,eu_agri_basket_yoy,66,19,0.2879,0,-0.7674,2015Q2,2019Q4,0,0.95,0,16.86
d_og,0,arcal,False,lasso,eu_ppi_dom_c108_idx__yoy,66,19,0.2879,1,1.205,2010Q3,2026Q2,0.9,0,0.03846,16.86
d_og,0,arcal,False,lasso,no_cpi_total_idx__dyoy,66,19,0.2879,0,-0.5173,2011Q3,2017Q4,0.35,0.6,0,16.86
d_og,0,arcal,False,lasso,glob_wb_food_idx_nok__dyoy,66,17,0.2576,1,0.25,2010Q3,2021Q4,0.4,0.4,0.03846,16.86
d_og,0,arcal,False,lasso,no_nbes_bl_sell_price_di__lvl,66,17,0.2576,1,0.4136,2011Q2,2017Q4,0.6,0.25,0,16.86
d_og,0,arcal,False,lasso,no_earn_idx_food_manuf_q__yoy,66,16,0.2424,1,0.1531,2011Q4,2026Q2,0.4,0.35,0.03846,16.86
d_og,0,arcal,False,lasso,no_imp_price_food_idx__yoy,66,16,0.2424,1,0.2123,2015Q2,2019Q4,0,0.8,0,16.86
d_og,0,arcal,False,lasso,w_fx_vs_nok_yoy,66,16,0.2424,0,-0.3151,2017Q2,2026Q2,0,0.55,0.1923,16.86
d_og,0,arcal,False,lasso,no_nbes_bl_sell_price_di__d4,66,15,0.2273,1,1.263,2012Q2,2026Q2,0.1,0.6,0.03846,16.86
d_og,0,arcal,False,lasso,w_hh_saving_d4,66,15,0.2273,0.4667,-0.1757,2010Q1,2017Q4,0.35,0.4,0,16.86
d_og,0,arcal,False,lasso,ea_ec_food_ind_sell_price_exp__lvl,66,14,0.2121,1,0.3765,2012Q2,2026Q2,0.1,0.55,0.03846,16.86
d_og,0,arcal,False,lasso,no_earn_idx_food_manuf_q__dyoy,66,14,0.2121,0.1429,-0.3203,2011Q3,2017Q4,0.1,0.6,0,16.86
d_og,0,arcal,False,lasso,no_govbond_10y__lvl,66,14,0.2121,0,-0.1815,2015Q2,2026Q2,0,0.45,0.1923,16.86
d_og,0,arcal,False,lasso,ea_negotiated_wages_yoy_q__lvl,66,12,0.1818,0,-0.8901,2015Q1,2018Q1,0,0.6,0,16.86
d_og,0,arcal,False,lasso,glob_fao_cereals_idx__dyoy,66,12,0.1818,1,0.2028,2012Q2,2018Q1,0.1,0.5,0,16.86
d_og,0,arcal,False,lasso,glob_fao_meat_idx__dyoy,66,12,0.1818,0,-0.1968,2015Q3,2026Q2,0,0.55,0.03846,16.86
d_og,0,arcal,False,lasso,glob_gscpi__lvl,66,12,0.1818,0,-0.3266,2010Q3,2017Q3,0.35,0.25,0,16.86
d_og,0,arcal,False,lasso,glob_wb_food_idx__yoy,66,12,0.1818,1,0.3446,2010Q3,2014Q2,0.6,0,0,16.86
d_og,0,arcal,False,lasso,no_govbond_10y__d4,66,12,0.1818,0.1667,-0.04948,2010Q1,2026Q2,0.1,0.25,0.1923,16.86
d_og,0,arcal,False,lasso,price_cost_gap_agri_d4,66,12,0.1818,1,0.1699,2010Q4,2019Q4,0.2,0.4,0,16.86
d_og,0,arcal,False,lasso,us_ppi_corrugated_boxes_idx__yoy,66,12,0.1818,0,-0.2827,2015Q1,2018Q4,0,0.6,0,16.86
d_og,0,arcal,False,lasso,eu_agri_basket_dyoy,66,11,0.1667,0,-0.7323,2015Q1,2017Q4,0,0.55,0,16.86
d_og,0,arcal,False,lasso,eu_agri_basket_wloc_yoy,66,11,0.1667,0,-0.3081,2015Q1,2019Q2,0,0.55,0,16.86
d_og,0,arcal,False,lasso,no_cpi_total_idx__yoy,66,11,0.1667,0,-0.2821,2010Q3,2026Q2,0.4,0.1,0.03846,16.86
d_og,0,arcal,False,lasso,no_fn_cci_sa__lvl,66,11,0.1667,0,-1.586,2015Q2,2017Q4,0,0.55,0,16.86
d_og,0,arcal,False,lasso,no_ssb_bts_consgoods_home_price_exp__lvl,66,11,0.1667,1,0.1618,2018Q2,2026Q2,0,0.25,0.2308,16.86
d_og,0,arcal,False,lasso,us_ppi_plastic_resins_idx__yoy,66,11,0.1667,1,0.843,2012Q2,2017Q4,0.05,0.5,0,16.86
d_og,0,arcal,False,lasso,glob_fao_dairy_idx__dyoy,66,10,0.1515,0,-0.3932,2016Q2,2026Q2,0,0.25,0.1923,16.86
d_og,0,arcal,False,lasso,no_real_wage_qna_yoy_q__lvl,66,10,0.1515,0,-0.2292,2012Q4,2015Q2,0.4,0.1,0,16.86
d_og,0,arcal,False,lasso,se_na_hhcons_food_sa__yoy,66,10,0.1515,1,0.2181,2010Q1,2018Q4,0.35,0.15,0,16.86
d_og,0,arcal,False,lasso,no_vat_food_rate__lvl,66,9,0.1364,1,0.3325,2015Q4,2017Q4,0,0.45,0,16.86
d_og,0,arcal,False,lasso,glob_gscpi__d4,66,8,0.1212,1,0.4618,2016Q2,2026Q2,0,0.35,0.03846,16.86
d_og,0,arcal,False,lasso,nw_food_cpi_xvat_dyoy,66,8,0.1212,1,1.249,2015Q3,2017Q3,0,0.4,0,16.86
d_og,0,arcal,False,lasso,se_eursek__yoy,66,8,0.1212,0,-1.223,2016Q1,2017Q4,0,0.4,0,16.86
d_og,0,arcal,False,lasso,w_hh_saving_lvl,66,8,0.1212,1,0.1254,2010Q1,2026Q2,0.05,0.3,0.03846,16.86
d_og,0,arcal,False,lasso,w_wage_dyoy,66,8,0.1212,0,-0.6361,2015Q3,2017Q4,0,0.4,0,16.86
d_og,0,arcal,False,lasso,elec_nordic_loc_dyoy,66,7,0.1061,1,0.319,2010Q1,2012Q2,0.35,0,0,16.86
d_og,0,arcal,False,lasso,no_retail_foodstores_vol_sa_idx__dyoy,66,7,0.1061,0,-0.1239,2015Q2,2026Q2,0,0.3,0.03846,16.86
d_og,0,arcal,False,lasso,w_ec_cons_price_exp_d4,66,7,0.1061,1,0.3779,2015Q4,2017Q3,0,0.35,0,16.86
d_og,0,arcal,False,lasso,w_ec_food_ind_sell_price_exp_lvl,66,7,0.1061,1,0.2465,2016Q2,2017Q4,0,0.35,0,16.86
d_og,0,arcal,False,lasso,w_food_cpi_xvat_dyoy,66,7,0.1061,0.1429,-0.5441,2012Q3,2017Q3,0.05,0.3,0,16.86
d_og,0,arcal,False,lasso,no_cpi_food_idx__yoy,66,6,0.09091,0.8333,0.1516,2016Q2,2026Q2,0,0.25,0.03846,16.86
d_og,0,arcal,False,lasso,no_ssb_bts_consgoods_home_price_exp__d4,66,6,0.09091,0.5,0.04412,2010Q3,2017Q4,0.15,0.15,0,16.86
d_og,0,arcal,False,lasso,nw_food_cpi_yoy,66,6,0.09091,1,0.4143,2016Q3,2017Q4,0,0.3,0,16.86
d_og,0,arcal,False,lasso,w_cons_conf_z,66,6,0.09091,0,-0.3547,2016Q3,2022Q2,0,0.25,0.03846,16.86
d_og,0,arcal,False,lasso,w_wage_yoy,66,6,0.09091,0,-0.2358,2015Q3,2019Q4,0,0.3,0,16.86
d_og,0,arcal,False,lasso,eu_ppi_plastic_products_idx__yoy,66,5,0.07576,1,0.3274,2016Q4,2017Q4,0,0.25,0,16.86
d_og,0,arcal,False,lasso,glob_fao_sugar_idx__yoy,66,5,0.07576,1,0.1086,2010Q3,2012Q2,0.25,0,0,16.86
d_og,0,arcal,False,lasso,no_fn_cci_sa__d4,66,5,0.07576,0,-0.3054,2025Q2,2026Q2,0,0,0.1923,16.86
d_og,0,arcal,False,lasso,no_qna_hh_food_cons_sa_mnok__dyoy,66,5,0.07576,0.2,-0.2566,2011Q3,2017Q3,0.15,0.1,0,16.86
d_og,0,arcal,False,lasso,price_wage_gap_d4,66,5,0.07576,1,0.2899,2010Q3,2019Q2,0.2,0.05,0,16.86
d_og,0,arcal,False,lasso,se_ec_cons_conf__d4,66,5,0.07576,0.2,-0.0841,2012Q2,2017Q4,0.05,0.2,0,16.86
d_og,0,arcal,False,lasso,w_gdp_vol_yoy,66,5,0.07576,0,-0.2503,2016Q2,2017Q3,0,0.25,0,16.86
d_og,0,arcal,False,lasso,w_real_wage_dyoy,66,5,0.07576,0,-0.1986,2023Q2,2025Q1,0,0,0.1923,16.86
d_og,0,arcal,False,lasso,elec_nordic_loc_yoy,66,4,0.06061,1,0.1993,2011Q2,2017Q4,0.15,0.05,0,16.86
d_og,0,arcal,False,lasso,se_gov_bond_10y__d4,66,4,0.06061,0.25,-0.062,2010Q2,2017Q3,0.05,0.15,0,16.86
d_og,0,arcal,False,lasso,se_retail_grocery_vol_sa_idx__dyoy,66,4,0.06061,1,0.2211,2015Q3,2026Q2,0,0.15,0.03846,16.86
d_og,0,arcal,False,lasso,w_ec_cons_price_exp_lvl,66,4,0.06061,1,0.3008,2015Q3,2016Q3,0,0.2,0,16.86
d_og,0,arcal,False,lasso,w_unemp_d4,66,4,0.06061,0,-0.033,2025Q2,2026Q1,0,0,0.1538,16.86
d_og,0,arcal,False,lasso,brent_nok_yoy,66,3,0.04545,1,0.132,2012Q2,2016Q2,0.1,0.05,0,16.86
d_og,0,arcal,False,lasso,ea_negotiated_wages_yoy_q__d4,66,3,0.04545,1,0.2674,2011Q4,2026Q2,0.1,0,0.03846,16.86
d_og,0,arcal,False,lasso,glob_fao_dairy_idx__yoy,66,3,0.04545,0,-0.1314,2019Q1,2021Q4,0,0.1,0.03846,16.86
d_og,0,arcal,False,lasso,glob_fao_vegoils_idx__dyoy,66,3,0.04545,0.6667,0.007798,2010Q1,2026Q2,0.1,0,0.03846,16.86
d_og,0,arcal,False,lasso,glob_wb_food_idx__dyoy,66,3,0.04545,1,0.824,2011Q3,2012Q1,0.15,0,0,16.86
d_og,0,arcal,False,lasso,no_real_wage_qna_yoy_q__d4,66,3,0.04545,0,-0.1889,2011Q4,2012Q2,0.15,0,0,16.86
d_og,0,arcal,False,lasso,nw_price_cost_gap_ppi_d4,66,3,0.04545,0,-0.2341,2015Q2,2016Q1,0,0.15,0,16.86
d_og,0,arcal,False,lasso,packaging_us_dyoy,66,3,0.04545,0,-0.05735,2018Q3,2019Q3,0,0.15,0,16.86
d_og,0,arcal,False,lasso,se_gov_bond_10y__lvl,66,3,0.04545,0,-0.2509,2015Q4,2017Q4,0,0.15,0,16.86
d_og,0,arcal,False,lasso,se_nier_food_mfg_sell_price_exp__lvl,66,3,0.04545,0,-0.3686,2016Q4,2017Q2,0,0.15,0,16.86
d_og,0,arcal,False,lasso,w_real_wage_yoy,66,3,0.04545,0,-0.7204,2011Q3,2016Q3,0.1,0.05,0,16.86
d_og,0,arcal,False,lasso,eu_agri_basket_wloc_dyoy,66,2,0.0303,0,-0.1057,2016Q2,2017Q3,0,0.1,0,16.86
d_og,0,arcal,False,lasso,eu_ppi_dom_c107_idx__dyoy,66,2,0.0303,1,0.2113,2016Q4,2017Q1,0,0.1,0,16.86
d_og,0,arcal,False,lasso,glob_fao_ffpi_nok__yoy,66,2,0.0303,1,0.1267,2017Q2,2017Q3,0,0.1,0,16.86
d_og,0,arcal,False,lasso,glob_fao_sugar_idx__dyoy,66,2,0.0303,1,0.1173,2010Q3,2011Q4,0.1,0,0,16.86
d_og,0,arcal,False,lasso,no_policy_rate__lvl,66,2,0.0303,1,0.4564,2010Q1,2010Q2,0.1,0,0,16.86
d_og,0,arcal,False,lasso,no_qna_hh_food_cons_sa_mnok__yoy,66,2,0.0303,0,-0.07201,2011Q2,2011Q3,0.1,0,0,16.86
d_og,0,arcal,False,lasso,no_retail_foodstores_vol_sa_idx__yoy,66,2,0.0303,1,0.04326,2010Q1,2010Q2,0.1,0,0,16.86
d_og,0,arcal,False,lasso,se_cpi_food_idx__yoy,66,2,0.0303,1,0.2687,2010Q1,2010Q2,0.1,0,0,16.86
d_og,0,arcal,False,lasso,se_ec_cons_conf__lvl,66,2,0.0303,0.5,0.002996,2012Q2,2019Q3,0.05,0.05,0,16.86
d_og,0,arcal,False,lasso,ea_ec_food_ind_sell_price_exp__d4,66,1,0.01515,1,0.1998,2016Q2,2016Q2,0,0.05,0,16.86
d_og,0,arcal,False,lasso,ea_hicp_food_idx__yoy,66,1,0.01515,0,-0.5666,2017Q4,2017Q4,0,0.05,0,16.86
d_og,0,arcal,False,lasso,eu_ppi_dom_c106_idx__yoy,66,1,0.01515,1,0.05743,2012Q3,2012Q3,0.05,0,0,16.86
d_og,0,arcal,False,lasso,eu_ppi_plastic_products_idx__dyoy,66,1,0.01515,1,0.2778,2017Q3,2017Q3,0,0.05,0,16.86
d_og,0,arcal,False,lasso,glob_fao_cereals_idx__yoy,66,1,0.01515,1,0.2416,2026Q2,2026Q2,0,0,0.03846,16.86
d_og,0,arcal,False,lasso,no_jordbruk_malpris_mnok__lvl,66,1,0.01515,0,-0.7248,2026Q2,2026Q2,0,0,0.03846,16.86
d_og,0,arcal,False,lasso,nw_food_ppi_dyoy,66,1,0.01515,1,0.122,2015Q3,2015Q3,0,0.05,0,16.86
d_og,0,arcal,False,lasso,nw_price_cost_gap_ppi,66,1,0.01515,0,-0.1397,2015Q3,2015Q3,0,0.05,0,16.86
d_og,0,arcal,False,lasso,packaging_eu_yoy,66,1,0.01515,1,0.0196,2016Q4,2016Q4,0,0.05,0,16.86
d_og,0,arcal,False,lasso,se_nier_food_mfg_sell_price_exp__d4,66,1,0.01515,1,0.291,2026Q2,2026Q2,0,0,0.03846,16.86
d_og,0,arcal,False,lasso,us_ppi_plastic_resins_idx__dyoy,66,1,0.01515,1,0.18,2016Q2,2016Q2,0,0.05,0,16.86
d_og,0,arcal,False,lasso,w_fx_vs_usd_yoy,66,1,0.01515,0,-0.09068,2012Q1,2012Q1,0.05,0,0,16.86
d_og,0,arcal,False,lasso,w_gov10y_lvl,66,1,0.01515,0,-0.2891,2015Q4,2015Q4,0,0.05,0,16.86
d_og,0,arcal,False,lasso,w_retail_food_vol_dyoy,66,1,0.01515,1,0.04608,2016Q2,2016Q2,0,0.05,0,16.86
d_og,0,arcal,False,lasso,w_retail_total_vol_yoy,66,1,0.01515,1,0.08908,2026Q2,2026Q2,0,0,0.03846,16.86
d_og,0,arcal,False,lasso,wb_food_wloc_dyoy,66,1,0.01515,1,0.3761,2012Q2,2012Q2,0.05,0,0,16.86
d_og,0,oglev,True,enet,nw_real_wage_yoy,66,48,0.7273,0,-0.4531,2012Q4,2026Q2,0.45,0.75,0.9231,21.29
d_og,0,oglev,True,enet,se_cpi_food_idx__dyoy,66,37,0.5606,1,0.3813,2014Q1,2025Q1,0.2,0.75,0.6923,21.29
d_og,0,oglev,True,enet,w_real_wage_dyoy,66,36,0.5455,0,-0.168,2012Q3,2025Q3,0.5,0.75,0.4231,21.29
d_og,0,oglev,True,enet,no_imp_price_food_idx__dyoy,66,33,0.5,1,0.4619,2012Q4,2025Q3,0.45,0.55,0.5,21.29
d_og,0,oglev,True,enet,glob_gscpi__d4,66,31,0.4697,1,0.5535,2012Q4,2025Q1,0.45,0.55,0.4231,21.29
d_og,0,oglev,True,enet,nw_cons_conf_z,66,31,0.4697,0,-0.2737,2016Q1,2025Q3,0,0.55,0.7692,21.29
d_og,0,oglev,True,enet,us_ppi_corrugated_boxes_idx__yoy,66,30,0.4545,0,-0.3335,2012Q4,2025Q1,0.45,0.55,0.3846,21.29
d_og,0,oglev,True,enet,w_wage_dyoy,66,30,0.4545,0,-0.146,2012Q4,2025Q1,0.45,0.55,0.3846,21.29
d_og,0,oglev,True,enet,eu_ppi_dom_c108_idx__dyoy,66,29,0.4394,1,0.3241,2013Q1,2025Q1,0.35,0.55,0.4231,21.29
d_og,0,oglev,True,enet,w_retail_total_vol_dyoy,66,28,0.4242,0,-0.3252,2010Q3,2017Q3,0.85,0.55,0,21.29
d_og,0,oglev,True,enet,nw_food_cpi_dyoy,66,26,0.3939,1,0.3734,2012Q2,2022Q3,0.55,0.7,0.03846,21.29
d_og,0,oglev,True,enet,nw_real_wage_dyoy,66,26,0.3939,0,-0.2373,2012Q3,2025Q2,0.5,0.75,0.03846,21.29
d_og,0,oglev,True,enet,w_real_wage_yoy,66,26,0.3939,0,-0.09111,2012Q4,2026Q2,0.4,0.2,0.5385,21.29
d_og,0,oglev,True,enet,ea_ec_food_ind_sell_price_exp__lvl,66,25,0.3788,1,0.3647,2014Q2,2025Q1,0.15,0.55,0.4231,21.29
d_og,0,oglev,True,enet,no_govbond_10y__d4,66,24,0.3636,0,-0.3878,2014Q1,2025Q1,0.15,0.55,0.3846,21.29
d_og,0,oglev,True,enet,no_fn_cci_sa__lvl,66,23,0.3485,0,-0.8867,2015Q2,2025Q3,0,0.5,0.5,21.29
d_og,0,oglev,True,enet,no_nbes_bl_sell_price_di__lvl,66,23,0.3485,1,0.4302,2014Q2,2025Q1,0.1,0.55,0.3846,21.29
d_og,0,oglev,True,enet,no_ssb_bts_consgoods_home_price_exp__lvl,66,23,0.3485,0.6957,0.1276,2014Q4,2026Q2,0.05,0.3,0.6154,21.29
d_og,0,oglev,True,enet,w_fx_vs_nok_yoy,66,23,0.3485,0,-0.4293,2015Q2,2025Q3,0,0.5,0.5,21.29
d_og,0,oglev,True,enet,w_hh_saving_d4,66,22,0.3333,0,-0.232,2015Q2,2025Q2,0,0.5,0.4615,21.29
d_og,0,oglev,True,enet,no_cpi_food_idx__yoy,66,21,0.3182,1,0.298,2010Q3,2016Q2,0.8,0.25,0,21.29
d_og,0,oglev,True,enet,price_wage_gap_d4,66,21,0.3182,1,0.1019,2012Q3,2021Q3,0.5,0.2,0.2692,21.29
d_og,0,oglev,True,enet,no_cpi_total_idx__dyoy,66,20,0.303,0,-0.1098,2014Q3,2025Q1,0.1,0.4,0.3846,21.29
d_og,0,oglev,True,enet,se_wage_idx_m__dyoy,66,19,0.2879,0.5789,0.02291,2015Q2,2025Q2,0,0.4,0.4231,21.29
d_og,0,oglev,True,enet,eu_ppi_dom_c108_idx__yoy,66,18,0.2727,1,0.2522,2012Q4,2025Q1,0.45,0.1,0.2692,21.29
d_og,0,oglev,True,enet,no_govbond_10y__lvl,66,18,0.2727,0,-0.2304,2016Q2,2025Q3,0,0.25,0.5,21.29
d_og,0,oglev,True,enet,no_ppi_food_dom_idx__dyoy,66,18,0.2727,1,0.1223,2014Q2,2025Q1,0.15,0.5,0.1923,21.29
d_og,0,oglev,True,enet,no_qna_hh_food_cons_sa_mnok__yoy,66,18,0.2727,1,0.1109,2012Q4,2025Q1,0.35,0.05,0.3846,21.29
d_og,0,oglev,True,enet,us_ppi_corrugated_boxes_idx__dyoy,66,18,0.2727,0,-0.1766,2013Q3,2025Q1,0.2,0.2,0.3846,21.29
d_og,0,oglev,True,enet,no_cpi_total_idx__yoy,66,17,0.2576,0,-0.1995,2013Q3,2022Q4,0.25,0.55,0.03846,21.29
d_og,0,oglev,True,enet,se_retail_grocery_vol_sa_idx__dyoy,66,17,0.2576,1,0.09,2014Q4,2025Q1,0.05,0.3,0.3846,21.29
d_og,0,oglev,True,enet,glob_gscpi__lvl,66,16,0.2424,0.5625,0.03648,2016Q1,2025Q3,0,0.35,0.3462,21.29
d_og,0,oglev,True,enet,glob_wb_food_idx_nok__yoy,66,16,0.2424,1,0.1963,2014Q1,2025Q3,0.1,0.05,0.5,21.29
d_og,0,oglev,True,enet,no_earn_idx_food_manuf_q__dyoy,66,16,0.2424,0,-0.1228,2012Q4,2025Q1,0.05,0.25,0.3846,21.29
d_og,0,oglev,True,enet,glob_fao_vegoils_idx__dyoy,66,15,0.2273,0,-0.3067,2015Q1,2025Q1,0,0.25,0.3846,21.29
d_og,0,oglev,True,enet,ea_negotiated_wages_yoy_q__d4,66,14,0.2121,1,0.3204,2017Q3,2025Q3,0,0.05,0.5,21.29
d_og,0,oglev,True,enet,no_imp_price_food_idx__yoy,66,14,0.2121,1,0.1518,2016Q1,2025Q1,0,0.35,0.2692,21.29
d_og,0,oglev,True,enet,nw_food_cpi_yoy,66,14,0.2121,1,0.112,2012Q4,2016Q1,0.45,0.25,0,21.29
d_og,0,oglev,True,enet,se_na_hhcons_food_sa__dyoy,66,14,0.2121,0.2857,-0.07,2014Q4,2025Q1,0.05,0.15,0.3846,21.29
d_og,0,oglev,True,enet,se_policy_rate__lvl,66,13,0.197,1,0.1896,2012Q4,2015Q4,0.45,0.2,0,21.29
d_og,0,oglev,True,enet,w_gdp_vol_dyoy,66,13,0.197,0,-0.122,2014Q3,2017Q3,0.1,0.55,0,21.29
d_og,0,oglev,True,enet,w_retail_total_vol_yoy,66,13,0.197,1,0.2985,2017Q2,2025Q1,0,0.1,0.4231,21.29
d_og,0,oglev,True,enet,ea_hicp_food_idx__yoy,66,12,0.1818,1,0.1754,2012Q3,2015Q3,0.5,0.1,0,21.29
d_og,0,oglev,True,enet,eu_agri_basket_wloc_yoy,66,12,0.1818,0,-0.2247,2014Q4,2017Q3,0.05,0.55,0,21.29
d_og,0,oglev,True,enet,no_fx_eurnok__yoy,66,12,0.1818,1,0.02656,2010Q3,2023Q4,0.35,0,0.1923,21.29
d_og,0,oglev,True,enet,no_policy_rate__d4,66,12,0.1818,0,-0.07981,2012Q4,2023Q1,0.45,0.05,0.07692,21.29
d_og,0,oglev,True,enet,price_cost_gap_agri,66,12,0.1818,1,0.4138,2014Q4,2017Q3,0.05,0.55,0,21.29
d_og,0,oglev,True,enet,price_wage_gap,66,12,0.1818,1,0.134,2013Q3,2017Q3,0.1,0.5,0,21.29
d_og,0,oglev,True,enet,se_ec_cons_conf__lvl,66,12,0.1818,0,-0.1387,2019Q1,2022Q3,0,0.2,0.3077,21.29
d_og,0,oglev,True,enet,w_gov10y_lvl,66,12,0.1818,0,-0.0288,2017Q3,2025Q1,0,0.05,0.4231,21.29
d_og,0,oglev,True,enet,eu_agri_basket_yoy,66,11,0.1667,0,-0.4225,2015Q1,2017Q3,0,0.55,0,21.29
d_og,0,oglev,True,enet,eu_ppi_dom_c107_idx__yoy,66,11,0.1667,1,0.1196,2012Q4,2015Q4,0.35,0.2,0,21.29
d_og,0,oglev,True,enet,no_jordbruk_malpris_mnok__lvl,66,11,0.1667,0,-0.5171,2022Q3,2025Q1,0,0,0.4231,21.29
d_og,0,oglev,True,enet,no_real_wage_qna_yoy_q__lvl,66,11,0.1667,0,-0.231,2012Q4,2015Q2,0.45,0.1,0,21.29
d_og,0,oglev,True,enet,se_cpi_idx__dyoy,66,11,0.1667,0,-0.1694,2012Q4,2017Q2,0.45,0.1,0,21.29
d_og,0,oglev,True,enet,se_na_hhcons_food_sa__yoy,66,11,0.1667,1,0.06373,2015Q1,2017Q3,0,0.55,0,21.29
d_og,0,oglev,True,enet,w_fx_vs_eur_dyoy,66,11,0.1667,0.6364,-0.0169,2010Q3,2025Q1,0.35,0,0.1538,21.29
d_og,0,oglev,True,enet,glob_fao_dairy_idx__dyoy,66,10,0.1515,0,-0.06077,2014Q1,2017Q3,0.15,0.35,0,21.29
d_og,0,oglev,True,enet,glob_wb_food_idx__yoy,66,10,0.1515,1,0.1137,2013Q1,2016Q2,0.4,0.1,0,21.29
d_og,0,oglev,True,enet,no_nbes_bl_sell_price_di__d4,66,10,0.1515,1,0.6127,2015Q2,2017Q3,0,0.5,0,21.29
d_og,0,oglev,True,enet,no_qna_hh_food_cons_sa_mnok__dyoy,66,10,0.1515,1,0.1208,2014Q3,2017Q2,0.1,0.4,0,21.29
d_og,0,oglev,True,enet,no_retail_foodstores_vol_sa_idx__dyoy,66,10,0.1515,0,-0.04147,2015Q2,2025Q1,0,0.05,0.3462,21.29
d_og,0,oglev,True,enet,se_wage_idx_m__yoy,66,10,0.1515,1,0.3257,2012Q4,2015Q1,0.45,0.05,0,21.29
d_og,0,oglev,True,enet,w_unemp_lvl,66,10,0.1515,0,-0.1992,2022Q4,2025Q1,0,0,0.3846,21.29
d_og,0,oglev,True,enet,elec_nordic_loc_dyoy,66,9,0.1364,1,0.07451,2016Q1,2025Q1,0,0.25,0.1538,21.29
d_og,0,oglev,True,enet,glob_fao_sugar_idx__dyoy,66,9,0.1364,1,0.164,2012Q4,2017Q2,0.05,0.4,0,21.29
d_og,0,oglev,True,enet,se_ppi_food_hmpi_idx__yoy,66,9,0.1364,1,0.1337,2014Q4,2024Q3,0.05,0.3,0.07692,21.29
d_og,0,oglev,True,enet,w_fx_vs_eur_yoy,66,9,0.1364,1,0.2129,2010Q3,2012Q3,0.45,0,0,21.29
d_og,0,oglev,True,enet,w_wage_yoy,66,9,0.1364,0,-0.06044,2015Q2,2023Q1,0,0.35,0.07692,21.29
d_og,0,oglev,True,enet,ea_negotiated_wages_yoy_q__lvl,66,8,0.1212,0,-0.06819,2015Q2,2017Q3,0,0.4,0,21.29
d_og,0,oglev,True,enet,eu_ppi_dom_c106_idx__yoy,66,8,0.1212,1,0.1601,2015Q1,2017Q1,0,0.4,0,21.29
d_og,0,oglev,True,enet,eu_ppi_plastic_products_idx__dyoy,66,8,0.1212,0,-0.0935,2012Q4,2015Q4,0.25,0.15,0,21.29
d_og,0,oglev,True,enet,no_vat_food_rate__d4,66,8,0.1212,1,0.04127,2012Q4,2017Q3,0.3,0.1,0,21.29
d_og,0,oglev,True,enet,glob_fao_sugar_idx__yoy,66,7,0.1061,1,0.06197,2016Q1,2017Q3,0,0.35,0,21.29
d_og,0,oglev,True,enet,no_earn_idx_food_manuf_q__yoy,66,7,0.1061,0,-0.04849,2015Q2,2023Q4,0,0.15,0.1538,21.29
d_og,0,oglev,True,enet,nw_food_cpi_xvat_dyoy,66,7,0.1061,1,0.04625,2015Q2,2017Q2,0,0.35,0,21.29
d_og,0,oglev,True,enet,us_ppi_plastic_resins_idx__yoy,66,7,0.1061,1,0.06237,2016Q2,2025Q1,0,0.05,0.2308,21.29
d_og,0,oglev,True,enet,eu_ppi_dom_c103_idx__yoy,66,6,0.09091,1,0.1411,2012Q4,2014Q1,0.3,0,0,21.29
d_og,0,oglev,True,enet,nw_price_cost_gap_ppi_d4,66,6,0.09091,0,-0.04196,2015Q2,2016Q4,0,0.3,0,21.29
d_og,0,oglev,True,enet,brent_nok_yoy,66,5,0.07576,1,0.1474,2012Q4,2014Q4,0.25,0,0,21.29
d_og,0,oglev,True,enet,glob_fao_ffpi_nok__dyoy,66,5,0.07576,0,-0.06917,2015Q2,2016Q2,0,0.25,0,21.29
d_og,0,oglev,True,enet,price_cost_gap_fao_wloc_d4,66,5,0.07576,0,-0.1884,2024Q1,2025Q1,0,0,0.1923,21.29
d_og,0,oglev,True,enet,se_nier_food_mfg_sell_price_exp__d4,66,5,0.07576,1,0.09713,2022Q3,2023Q3,0,0,0.1923,21.29
d_og,0,oglev,True,enet,w_fx_vs_usd_yoy,66,5,0.07576,0,-0.05418,2012Q4,2017Q1,0.05,0.2,0,21.29
d_og,0,oglev,True,enet,w_retail_food_vol_dyoy,66,5,0.07576,0.2,-0.06614,2016Q2,2024Q1,0,0.05,0.1538,21.29
d_og,0,oglev,True,enet,ea_ec_food_ind_sell_price_exp__d4,66,4,0.06061,0,-0.04607,2013Q1,2015Q4,0.05,0.15,0,21.29
d_og,0,oglev,True,enet,eu_ppi_paper_packaging_idx__dyoy,66,4,0.06061,0,-0.1122,2022Q4,2023Q3,0,0,0.1538,21.29
d_og,0,oglev,True,enet,eu_ppi_plastic_products_idx__yoy,66,4,0.06061,0,-0.01555,2012Q4,2015Q4,0.1,0.1,0,21.29
d_og,0,oglev,True,enet,glob_fao_dairy_idx__yoy,66,4,0.06061,0,-0.04545,2016Q3,2017Q2,0,0.2,0,21.29
d_og,0,oglev,True,enet,no_real_wage_qna_yoy_q__d4,66,4,0.06061,0,-0.03214,2013Q2,2014Q4,0.2,0,0,21.29
d_og,0,oglev,True,enet,price_cost_gap_ppi_d4,66,4,0.06061,0,-0.04614,2015Q1,2015Q4,0,0.2,0,21.29
d_og,0,oglev,True,enet,se_ec_cons_conf__d4,66,4,0.06061,0,-0.08549,2016Q1,2017Q2,0,0.2,0,21.29
d_og,0,oglev,True,enet,us_ppi_plastic_resins_idx__dyoy,66,4,0.06061,1,0.05351,2023Q2,2024Q1,0,0,0.1538,21.29
d_og,0,oglev,True,enet,eu_ppi_dom_c106_idx__dyoy,66,3,0.04545,1,0.1199,2015Q2,2015Q4,0,0.15,0,21.29
d_og,0,oglev,True,enet,fao_ffpi_wloc_dyoy,66,3,0.04545,0,-0.04866,2015Q2,2015Q4,0,0.15,0,21.29
d_og,0,oglev,True,enet,nw_food_cpi_xvat_yoy,66,3,0.04545,1,0.04711,2015Q2,2015Q4,0,0.15,0,21.29
d_og,0,oglev,True,enet,w_ec_cons_price_exp_lvl,66,3,0.04545,0.3333,-0.1284,2016Q2,2023Q1,0,0.1,0.03846,21.29
d_og,0,oglev,True,enet,elec_nordic_loc_yoy,66,2,0.0303,1,0.003919,2014Q4,2016Q2,0.05,0.05,0,21.29
d_og,0,oglev,True,enet,nw_food_ppi_dyoy,66,2,0.0303,1,0.03454,2015Q2,2016Q1,0,0.1,0,21.29
d_og,0,oglev,True,enet,se_gov_bond_10y__lvl,66,2,0.0303,1,0.1104,2014Q3,2014Q4,0.1,0,0,21.29
d_og,0,oglev,True,enet,se_policy_rate__d4,66,2,0.0303,0,-0.05804,2022Q4,2023Q1,0,0,0.07692,21.29
d_og,0,oglev,True,enet,se_real_wage_yoy_q__lvl,66,2,0.0303,0,-0.06157,2025Q2,2025Q3,0,0,0.07692,21.29
d_og,0,oglev,True,enet,w_ec_food_ind_sell_price_exp_lvl,66,2,0.0303,1,0.0256,2022Q4,2025Q3,0,0,0.07692,21.29
d_og,0,oglev,True,enet,w_fx_vs_usd_dyoy,66,2,0.0303,1,0.02883,2022Q4,2023Q1,0,0,0.07692,21.29
d_og,0,oglev,True,enet,w_hh_saving_lvl,66,2,0.0303,1,0.01715,2023Q3,2023Q4,0,0,0.07692,21.29
d_og,0,oglev,True,enet,w_policy_rate_lvl,66,2,0.0303,1,0.08387,2015Q1,2015Q4,0,0.1,0,21.29
d_og,0,oglev,True,enet,ea_hicp_food_idx__dyoy,66,1,0.01515,1,0.1451,2016Q2,2016Q2,0,0.05,0,21.29
d_og,0,oglev,True,enet,eu_ppi_dom_c103_idx__dyoy,66,1,0.01515,0,-0.01156,2022Q4,2022Q4,0,0,0.03846,21.29
d_og,0,oglev,True,enet,glob_fao_cereals_idx__yoy,66,1,0.01515,1,0.003095,2024Q2,2024Q2,0,0,0.03846,21.29
d_og,0,oglev,True,enet,glob_fao_ffpi_eur__dyoy,66,1,0.01515,0,-0.01029,2016Q1,2016Q1,0,0.05,0,21.29
d_og,0,oglev,True,enet,glob_wb_food_idx_nok__dyoy,66,1,0.01515,0,-0.1019,2016Q2,2016Q2,0,0.05,0,21.29
d_og,0,oglev,True,enet,no_ppi_food_dom_idx__yoy,66,1,0.01515,0,-0.276,2017Q3,2017Q3,0,0.05,0,21.29
d_og,0,oglev,True,enet,no_retail_foodstores_vol_sa_idx__yoy,66,1,0.01515,0,-0.1014,2017Q2,2017Q2,0,0.05,0,21.29
d_og,0,oglev,True,enet,price_cost_gap_fao_wloc,66,1,0.01515,1,0.02094,2016Q2,2016Q2,0,0.05,0,21.29
d_og,0,oglev,True,enet,se_eursek__dyoy,66,1,0.01515,1,0.009665,2011Q2,2011Q2,0.05,0,0,21.29
d_og,0,oglev,True,enet,se_nier_food_mfg_sell_price_exp__lvl,66,1,0.01515,0,-0.01357,2016Q2,2016Q2,0,0.05,0,21.29
d_og,0,oglev,True,enet,se_retail_grocery_vol_sa_idx__yoy,66,1,0.01515,1,0.03432,2017Q3,2017Q3,0,0.05,0,21.29
d_og,0,oglev,True,enet,w_cons_conf_z,66,1,0.01515,0,-0.09822,2016Q1,2016Q1,0,0.05,0,21.29
d_og,0,oglev,True,enet,w_cpi_yoy,66,1,0.01515,0,-0.05816,2016Q2,2016Q2,0,0.05,0,21.29
d_og,0,oglev,True,enet,w_food_cpi_rel_yoy,66,1,0.01515,1,0.002629,2016Q2,2016Q2,0,0.05,0,21.29
d_og,0,oglev,True,enet,w_gdp_vol_yoy,66,1,0.01515,1,0.003026,2022Q3,2022Q3,0,0,0.03846,21.29
d_og,0,oglev,True,enet,w_retail_food_vol_yoy,66,1,0.01515,1,0.06289,2017Q3,2017Q3,0,0.05,0,21.29
d_og,0,oglev,True,lasso,nw_real_wage_yoy,66,45,0.6818,0,-0.7211,2012Q4,2026Q2,0.45,0.6,0.9231,15.21
d_og,0,oglev,True,lasso,glob_gscpi__d4,66,34,0.5152,1,0.6436,2012Q4,2026Q2,0.45,0.65,0.4615,15.21
d_og,0,oglev,True,lasso,no_imp_price_food_idx__dyoy,66,33,0.5,1,0.5795,2012Q4,2026Q2,0.45,0.5,0.5385,15.21
d_og,0,oglev,True,lasso,se_cpi_food_idx__dyoy,66,29,0.4394,1,0.6182,2014Q3,2025Q1,0.1,0.8,0.4231,15.21
d_og,0,oglev,True,lasso,us_ppi_corrugated_boxes_idx__yoy,66,29,0.4394,0,-0.4355,2012Q4,2025Q1,0.45,0.65,0.2692,15.21
d_og,0,oglev,True,lasso,eu_ppi_dom_c108_idx__dyoy,66,27,0.4091,1,0.3056,2013Q3,2026Q2,0.3,0.6,0.3462,15.21
d_og,0,oglev,True,lasso,no_govbond_10y__d4,66,24,0.3636,0,-0.5141,2015Q1,2026Q2,0,0.65,0.4231,15.21
d_og,0,oglev,True,lasso,w_hh_saving_d4,66,24,0.3636,0,-0.2389,2015Q4,2026Q2,0,0.5,0.5385,15.21
d_og,0,oglev,True,lasso,w_fx_vs_nok_yoy,66,23,0.3485,0,-0.4488,2015Q3,2026Q2,0,0.45,0.5385,15.21
d_og,0,oglev,True,lasso,no_nbes_bl_sell_price_di__lvl,66,22,0.3333,1,0.7769,2015Q2,2026Q2,0,0.55,0.4231,15.21
d_og,0,oglev,True,lasso,w_retail_total_vol_dyoy,66,22,0.3333,0,-0.5371,2012Q2,2017Q3,0.55,0.55,0,15.21
d_og,0,oglev,True,lasso,ea_ec_food_ind_sell_price_exp__lvl,66,21,0.3182,1,0.5039,2015Q2,2026Q2,0,0.5,0.4231,15.21
d_og,0,oglev,True,lasso,no_fn_cci_sa__lvl,66,21,0.3182,0,-1.795,2015Q2,2026Q2,0,0.4,0.5,15.21
d_og,0,oglev,True,lasso,nw_food_cpi_dyoy,66,21,0.3182,1,0.4407,2012Q3,2017Q3,0.5,0.55,0,15.21
d_og,0,oglev,True,lasso,no_cpi_food_idx__yoy,66,19,0.2879,1,0.5189,2010Q3,2016Q2,0.8,0.15,0,15.21
d_og,0,oglev,True,lasso,no_ssb_bts_consgoods_home_price_exp__lvl,66,18,0.2727,0.8333,0.1688,2015Q2,2026Q2,0,0.15,0.5769,15.21
d_og,0,oglev,True,lasso,no_cpi_total_idx__yoy,66,16,0.2424,0,-0.3137,2014Q1,2024Q3,0.1,0.5,0.1538,15.21
d_og,0,oglev,True,lasso,no_earn_idx_food_manuf_q__dyoy,66,16,0.2424,0,-0.1467,2015Q2,2026Q2,0,0.25,0.4231,15.21
d_og,0,oglev,True,lasso,ea_negotiated_wages_yoy_q__d4,66,15,0.2273,1,0.336,2017Q4,2026Q2,0,0.1,0.5,15.21
d_og,0,oglev,True,lasso,no_govbond_10y__lvl,66,15,0.2273,0,-0.4632,2017Q4,2026Q2,0,0.1,0.5,15.21
d_og,0,oglev,True,lasso,nw_real_wage_dyoy,66,15,0.2273,0,-0.5185,2012Q3,2018Q1,0.15,0.6,0,15.21
d_og,0,oglev,True,lasso,w_wage_dyoy,66,15,0.2273,0,-0.1403,2016Q4,2026Q2,0,0.2,0.4231,15.21
d_og,0,oglev,True,lasso,glob_wb_food_idx_nok__yoy,66,14,0.2121,1,0.1774,2014Q4,2026Q2,0.05,0.2,0.3462,15.21
d_og,0,oglev,True,lasso,no_cpi_total_idx__dyoy,66,14,0.2121,0,-0.1702,2014Q3,2025Q1,0.1,0.1,0.3846,15.21
d_og,0,oglev,True,lasso,no_qna_hh_food_cons_sa_mnok__yoy,66,14,0.2121,1,0.2357,2012Q4,2025Q1,0.2,0,0.3846,15.21
d_og,0,oglev,True,lasso,no_jordbruk_malpris_mnok__lvl,66,13,0.197,0,-0.4721,2017Q4,2026Q2,0,0.1,0.4231,15.21
d_og,0,oglev,True,lasso,no_ppi_food_dom_idx__dyoy,66,13,0.197,1,0.1888,2014Q3,2026Q2,0.1,0.45,0.07692,15.21
d_og,0,oglev,True,lasso,glob_fao_vegoils_idx__dyoy,66,12,0.1818,0,-0.6439,2017Q3,2026Q2,0,0.05,0.4231,15.21
d_og,0,oglev,True,lasso,no_imp_price_food_idx__yoy,66,12,0.1818,1,0.144,2016Q1,2026Q2,0,0.25,0.2692,15.21
d_og,0,oglev,True,lasso,price_cost_gap_agri,66,12,0.1818,1,0.7289,2015Q1,2018Q1,0,0.6,0,15.21
d_og,0,oglev,True,lasso,price_wage_gap_d4,66,12,0.1818,1,0.1208,2012Q4,2019Q3,0.3,0.3,0,15.21
d_og,0,oglev,True,lasso,se_ec_cons_conf__lvl,66,12,0.1818,0,-0.1326,2017Q4,2021Q3,0,0.25,0.2692,15.21
d_og,0,oglev,True,lasso,glob_wb_food_idx__yoy,66,11,0.1667,1,0.1365,2013Q3,2026Q2,0.3,0.05,0.1538,15.21
d_og,0,oglev,True,lasso,no_nbes_bl_sell_price_di__d4,66,11,0.1667,1,0.822,2015Q2,2018Q1,0,0.55,0,15.21
d_og,0,oglev,True,lasso,no_real_wage_qna_yoy_q__lvl,66,11,0.1667,0,-0.1952,2012Q4,2015Q2,0.45,0.1,0,15.21
d_og,0,oglev,True,lasso,se_wage_idx_m__dyoy,66,11,0.1667,0.3636,-0.1583,2015Q2,2026Q2,0,0.35,0.1538,15.21
d_og,0,oglev,True,lasso,us_ppi_corrugated_boxes_idx__dyoy,66,11,0.1667,0,-0.3951,2022Q4,2026Q2,0,0,0.4231,15.21
d_og,0,oglev,True,lasso,w_real_wage_dyoy,66,11,0.1667,0,-0.3726,2012Q4,2022Q3,0.45,0.05,0.03846,15.21
d_og,0,oglev,True,lasso,w_retail_total_vol_yoy,66,11,0.1667,1,0.5222,2022Q4,2026Q2,0,0,0.4231,15.21
d_og,0,oglev,True,lasso,w_unemp_lvl,66,11,0.1667,0,-0.1533,2018Q1,2026Q2,0,0.05,0.3846,15.21
d_og,0,oglev,True,lasso,eu_ppi_dom_c108_idx__yoy,66,10,0.1515,1,0.4545,2012Q4,2026Q2,0.45,0,0.03846,15.21
d_og,0,oglev,True,lasso,glob_gscpi__lvl,66,10,0.1515,0.3,-0.03128,2015Q2,2025Q3,0,0.35,0.1154,15.21
d_og,0,oglev,True,lasso,no_qna_hh_food_cons_sa_mnok__dyoy,66,10,0.1515,1,0.1696,2014Q1,2017Q2,0.2,0.3,0,15.21
d_og,0,oglev,True,lasso,nw_cons_conf_z,66,10,0.1515,0,-0.5968,2016Q3,2025Q3,0,0.3,0.1538,15.21
d_og,0,oglev,True,lasso,price_cost_gap_fao_wloc_d4,66,10,0.1515,0,-0.214,2022Q4,2025Q1,0,0,0.3846,15.21
d_og,0,oglev,True,lasso,se_na_hhcons_food_sa__yoy,66,10,0.1515,0.8,0.08846,2016Q1,2026Q2,0,0.4,0.07692,15.21
d_og,0,oglev,True,lasso,se_wage_idx_m__yoy,66,10,0.1515,1,0.311,2012Q4,2015Q1,0.45,0.05,0,15.21
d_og,0,oglev,True,lasso,ea_hicp_food_idx__yoy,66,9,0.1364,1,0.194,2012Q4,2014Q4,0.45,0,0,15.21
d_og,0,oglev,True,lasso,se_retail_grocery_vol_sa_idx__dyoy,66,9,0.1364,1,0.1552,2016Q1,2023Q4,0,0.25,0.1538,15.21
d_og,0,oglev,True,lasso,w_fx_vs_eur_yoy,66,9,0.1364,1,0.3045,2010Q3,2012Q3,0.45,0,0,15.21
d_og,0,oglev,True,lasso,glob_fao_dairy_idx__dyoy,66,8,0.1212,0,-0.2228,2016Q1,2018Q1,0,0.4,0,15.21
d_og,0,oglev,True,lasso,us_ppi_plastic_resins_idx__yoy,66,8,0.1212,1,0.06649,2015Q2,2025Q1,0,0.15,0.1923,15.21
d_og,0,oglev,True,lasso,w_gdp_vol_dyoy,66,8,0.1212,0,-0.1829,2016Q1,2024Q3,0,0.35,0.03846,15.21
d_og,0,oglev,True,lasso,se_cpi_idx__dyoy,66,7,0.1061,0,-0.1715,2012Q4,2017Q3,0.15,0.2,0,15.21
d_og,0,oglev,True,lasso,se_na_hhcons_food_sa__dyoy,66,7,0.1061,0,-0.06793,2022Q4,2025Q1,0,0,0.2692,15.21
d_og,0,oglev,True,lasso,se_policy_rate__lvl,66,7,0.1061,1,0.3886,2013Q3,2015Q1,0.3,0.05,0,15.21
d_og,0,oglev,True,lasso,eu_ppi_paper_packaging_idx__dyoy,66,6,0.09091,0,-0.3112,2022Q4,2024Q1,0,0,0.2308,15.21
d_og,0,oglev,True,lasso,glob_fao_sugar_idx__dyoy,66,6,0.09091,1,0.2309,2016Q1,2017Q2,0,0.3,0,15.21
d_og,0,oglev,True,lasso,nw_price_cost_gap_ppi_d4,66,6,0.09091,0,-0.07198,2015Q1,2017Q3,0,0.3,0,15.21
d_og,0,oglev,True,lasso,price_wage_gap,66,6,0.09091,1,0.3269,2016Q1,2017Q3,0,0.3,0,15.21
d_og,0,oglev,True,lasso,w_fx_vs_eur_dyoy,66,6,0.09091,0.1667,-0.07598,2012Q3,2026Q2,0.05,0,0.1923,15.21
d_og,0,oglev,True,lasso,brent_nok_yoy,66,5,0.07576,1,0.142,2012Q4,2016Q2,0.15,0.1,0,15.21
d_og,0,oglev,True,lasso,eu_agri_basket_yoy,66,5,0.07576,0,-0.4398,2016Q3,2017Q3,0,0.25,0,15.21
d_og,0,oglev,True,lasso,eu_ppi_dom_c103_idx__yoy,66,5,0.07576,1,0.1611,2012Q3,2013Q4,0.25,0,0,15.21
d_og,0,oglev,True,lasso,eu_ppi_plastic_products_idx__dyoy,66,5,0.07576,0,-0.05244,2012Q4,2013Q4,0.25,0,0,15.21
d_og,0,oglev,True,lasso,no_policy_rate__d4,66,5,0.07576,0,-0.1106,2014Q3,2023Q1,0.1,0.05,0.07692,15.21
d_og,0,oglev,True,lasso,se_ec_cons_conf__d4,66,5,0.07576,0,-0.1884,2016Q1,2017Q2,0,0.25,0,15.21
d_og,0,oglev,True,lasso,eu_ppi_dom_c103_idx__dyoy,66,4,0.06061,0,-0.04155,2022Q4,2024Q3,0,0,0.1538,15.21
d_og,0,oglev,True,lasso,eu_ppi_dom_c106_idx__yoy,66,4,0.06061,1,0.2809,2015Q1,2015Q4,0,0.2,0,15.21
d_og,0,oglev,True,lasso,glob_fao_sugar_idx__yoy,66,4,0.06061,1,0.1086,2016Q1,2017Q3,0,0.2,0,15.21
d_og,0,oglev,True,lasso,nw_food_ppi_dyoy,66,4,0.06061,1,0.2648,2015Q2,2017Q2,0,0.2,0,15.21
d_og,0,oglev,True,lasso,se_ppi_food_hmpi_idx__yoy,66,4,0.06061,1,0.2644,2015Q1,2024Q3,0,0.15,0.03846,15.21
d_og,0,oglev,True,lasso,w_retail_food_vol_dyoy,66,4,0.06061,0,-0.1033,2023Q4,2025Q1,0,0,0.1538,15.21
d_og,0,oglev,True,lasso,ea_negotiated_wages_yoy_q__lvl,66,3,0.04545,0,-0.3922,2015Q2,2016Q2,0,0.15,0,15.21
d_og,0,oglev,True,lasso,elec_nordic_loc_dyoy,66,3,0.04545,1,0.04287,2016Q1,2024Q3,0,0.1,0.03846,15.21
d_og,0,oglev,True,lasso,eu_agri_basket_wloc_yoy,66,3,0.04545,0,-0.04736,2015Q1,2017Q1,0,0.15,0,15.21
d_og,0,oglev,True,lasso,glob_fao_ffpi_nok__dyoy,66,3,0.04545,0,-0.2749,2015Q2,2016Q2,0,0.15,0,15.21
d_og,0,oglev,True,lasso,glob_wb_food_idx_nok__dyoy,66,3,0.04545,0,-0.08224,2016Q4,2017Q2,0,0.15,0,15.21
d_og,0,oglev,True,lasso,no_vat_food_rate__d4,66,3,0.04545,1,0.04706,2014Q1,2017Q3,0.1,0.05,0,15.21
d_og,0,oglev,True,lasso,w_cpi_yoy,66,3,0.04545,0,-0.07459,2016Q2,2017Q3,0,0.15,0,15.21
d_og,0,oglev,True,lasso,w_ec_cons_price_exp_lvl,66,3,0.04545,0,-0.4078,2016Q4,2017Q3,0,0.15,0,15.21
d_og,0,oglev,True,lasso,ea_hicp_food_idx__dyoy,66,2,0.0303,1,0.09741,2016Q1,2016Q2,0,0.1,0,15.21
d_og,0,oglev,True,lasso,eu_ppi_plastic_products_idx__yoy,66,2,0.0303,0,-0.06664,2012Q4,2013Q1,0.1,0,0,15.21
d_og,0,oglev,True,lasso,glob_fao_meat_idx__dyoy,66,2,0.0303,0.5,-0.01565,2017Q2,2026Q2,0,0.05,0.03846,15.21
d_og,0,oglev,True,lasso,no_earn_idx_food_manuf_q__yoy,66,2,0.0303,0,-0.06251,2015Q2,2017Q3,0,0.1,0,15.21
d_og,0,oglev,True,lasso,no_ppi_food_dom_idx__yoy,66,2,0.0303,0,-0.2422,2017Q3,2017Q4,0,0.1,0,15.21
d_og,0,oglev,True,lasso,nw_food_cpi_yoy,66,2,0.0303,1,0.0985,2014Q3,2015Q1,0.05,0.05,0,15.21
d_og,0,oglev,True,lasso,price_cost_gap_ppi,66,2,0.0303,1,0.1146,2017Q4,2018Q1,0,0.1,0,15.21
d_og,0,oglev,True,lasso,se_nier_food_mfg_sell_price_exp__lvl,66,2,0.0303,0,-0.1043,2016Q2,2024Q3,0,0.05,0.03846,15.21
d_og,0,oglev,True,lasso,w_ec_food_ind_sell_price_exp_d4,66,2,0.0303,0,-0.06609,2016Q1,2016Q2,0,0.1,0,15.21
d_og,0,oglev,True,lasso,w_fx_vs_usd_yoy,66,2,0.0303,0,-0.09045,2012Q4,2013Q2,0.1,0,0,15.21
d_og,0,oglev,True,lasso,w_real_wage_yoy,66,2,0.0303,0,-0.0509,2025Q4,2026Q1,0,0,0.07692,15.21
d_og,0,oglev,True,lasso,fao_ffpi_sek_yoy,66,1,0.01515,0,-0.01915,2017Q1,2017Q1,0,0.05,0,15.21
d_og,0,oglev,True,lasso,no_ssb_bts_consgoods_home_price_exp__d4,66,1,0.01515,0,-0.003188,2015Q4,2015Q4,0,0.05,0,15.21
d_og,0,oglev,True,lasso,nw_food_cpi_xvat_dyoy,66,1,0.01515,1,0.08315,2015Q2,2015Q2,0,0.05,0,15.21
d_og,0,oglev,True,lasso,nw_food_cpi_xvat_yoy,66,1,0.01515,1,0.2129,2015Q2,2015Q2,0,0.05,0,15.21
d_og,0,oglev,True,lasso,se_gov_bond_10y__lvl,66,1,0.01515,1,0.04966,2014Q4,2014Q4,0.05,0,0,15.21
d_og,0,oglev,True,lasso,se_nier_food_mfg_sell_price_exp__d4,66,1,0.01515,1,0.08784,2022Q3,2022Q3,0,0,0.03846,15.21
d_og,0,oglev,True,lasso,se_retail_grocery_vol_sa_idx__yoy,66,1,0.01515,1,0.05833,2017Q2,2017Q2,0,0.05,0,15.21
d_og,0,oglev,True,lasso,us_ppi_plastic_resins_idx__dyoy,66,1,0.01515,0,-0.009885,2016Q3,2016Q3,0,0.05,0,15.21
d_og,0,oglev,True,lasso,w_ec_food_ind_sell_price_exp_lvl,66,1,0.01515,1,0.1463,2026Q2,2026Q2,0,0,0.03846,15.21
d_og,0,oglev,True,lasso,w_gdp_vol_yoy,66,1,0.01515,0,-0.009366,2024Q3,2024Q3,0,0,0.03846,15.21
d_og,0,oglev,True,lasso,w_retail_food_vol_yoy,66,1,0.01515,1,0.2271,2017Q3,2017Q3,0,0.05,0,15.21
d_og,0,oglev,True,lasso,w_wage_yoy,66,1,0.01515,0,-0.06232,2016Q1,2016Q1,0,0.05,0,15.21
d_og,1,ar,False,enet,eu_ppi_dom_c108_idx__dyoy,66,37,0.5606,1,0.2792,2012Q3,2026Q2,0.5,0.2,0.8846,13.79
d_og,1,ar,False,enet,se_eursek__dyoy,66,36,0.5455,1,0.3273,2012Q1,2026Q2,0.6,0.05,0.8846,13.79
d_og,1,ar,False,enet,ea_ec_food_ind_sell_price_exp__lvl,66,27,0.4091,1,0.1725,2012Q1,2026Q2,0.6,0.05,0.5385,13.79
d_og,1,ar,False,enet,se_ec_cons_conf__d4,66,27,0.4091,0,-0.2306,2012Q1,2026Q2,0.25,0.15,0.7308,13.79
d_og,1,ar,False,enet,w_ec_cons_price_exp_lvl,66,27,0.4091,1,0.2501,2012Q1,2026Q2,0.6,0.05,0.5385,13.79
d_og,1,ar,False,enet,se_nier_food_mfg_sell_price_exp__d4,66,26,0.3939,1,0.2712,2019Q4,2026Q2,0,0.05,0.9615,13.79
d_og,1,ar,False,enet,ea_ec_food_ind_sell_price_exp__d4,66,23,0.3485,1,0.08957,2019Q4,2026Q2,0,0.05,0.8462,13.79
d_og,1,ar,False,enet,ea_negotiated_wages_yoy_q__lvl,66,23,0.3485,0,-0.3004,2019Q4,2026Q2,0,0.05,0.8462,13.79
d_og,1,ar,False,enet,no_earn_idx_food_manuf_q__yoy,66,23,0.3485,0,-0.2118,2019Q4,2026Q2,0,0.05,0.8462,13.79
d_og,1,ar,False,enet,nw_cons_conf_z_d4,66,23,0.3485,0,-0.3239,2019Q4,2026Q2,0,0.05,0.8462,13.79
d_og,1,ar,False,enet,wb_food_sek_dyoy,66,23,0.3485,1,0.0792,2019Q4,2026Q2,0,0.05,0.8462,13.79
d_og,1,ar,False,enet,glob_wb_food_idx_nok__yoy,66,21,0.3182,1,0.107,2020Q1,2026Q2,0,0,0.8077,13.79
d_og,1,ar,False,enet,price_cost_gap_fao_wloc,66,20,0.303,0,-0.2266,2012Q1,2026Q2,0.2,0,0.6154,13.79
d_og,1,ar,False,enet,se_nier_food_mfg_sell_price_exp__lvl,66,19,0.2879,1,0.1653,2019Q4,2024Q3,0,0.05,0.6923,13.79
d_og,1,ar,False,enet,w_hh_saving_d4,66,17,0.2576,0,-0.1719,2019Q4,2026Q2,0,0.05,0.6154,13.79
d_og,1,ar,False,enet,no_jordbruk_malpris_mnok__d4,66,16,0.2424,1,0.1442,2013Q1,2025Q3,0.25,0,0.4231,13.79
d_og,1,ar,False,enet,glob_gscpi__lvl,66,15,0.2273,1,0.1888,2022Q3,2026Q2,0,0,0.5769,13.79
d_og,1,ar,False,enet,no_govbond_10y__d4,66,15,0.2273,0,-0.2796,2019Q4,2026Q2,0,0.05,0.5385,13.79
d_og,1,ar,False,enet,price_cost_gap_fao_nok,66,15,0.2273,0,-0.04027,2012Q1,2026Q2,0.1,0,0.5,13.79
d_og,1,ar,False,enet,se_na_hhcons_food_sa__yoy,66,15,0.2273,1,0.4247,2019Q4,2026Q2,0,0.05,0.5385,13.79
d_og,1,ar,False,enet,elec_nordic_loc_dyoy,66,13,0.197,0,-0.4875,2019Q4,2023Q2,0,0.05,0.4615,13.79
d_og,1,ar,False,enet,glob_fao_meat_idx__dyoy,66,13,0.197,0,-0.1725,2019Q4,2026Q2,0,0.05,0.4615,13.79
d_og,1,ar,False,enet,packaging_us_dyoy,66,13,0.197,0,-0.1091,2019Q4,2023Q2,0,0.05,0.4615,13.79
d_og,1,ar,False,enet,w_fx_vs_eur_dyoy,66,13,0.197,1,0.1475,2012Q1,2023Q2,0.45,0,0.1538,13.79
d_og,1,ar,False,enet,elec_nordic_loc_yoy,66,12,0.1818,0,-0.1617,2019Q4,2023Q1,0,0.05,0.4231,13.79
d_og,1,ar,False,enet,w_cons_conf_z_d4,66,12,0.1818,0,-0.1828,2019Q4,2023Q1,0,0.05,0.4231,13.79
d_og,1,ar,False,enet,w_fx_vs_usd_dyoy,66,12,0.1818,1,0.1044,2019Q4,2026Q2,0,0.05,0.4231,13.79
d_og,1,ar,False,enet,nw_retail_food_vol_dyoy,66,11,0.1667,0,-0.06753,2023Q2,2026Q1,0,0,0.4231,13.79
d_og,1,ar,False,enet,eu_agri_basket_wloc_yoy,66,10,0.1515,1,0.1767,2012Q1,2014Q2,0.5,0,0,13.79
d_og,1,ar,False,enet,eu_ppi_dom_c108_idx__yoy,66,10,0.1515,1,0.2406,2012Q3,2015Q1,0.45,0.05,0,13.79
d_og,1,ar,False,enet,brent_nok_dyoy,66,9,0.1364,0,-0.02063,2019Q4,2021Q4,0,0.05,0.3077,13.79
d_og,1,ar,False,enet,nw_price_cost_gap_ppi,66,9,0.1364,0,-0.0871,2024Q2,2026Q2,0,0,0.3462,13.79
d_og,1,ar,False,enet,no_ssb_bts_consgoods_home_price_exp__lvl,66,8,0.1212,1,0.2383,2019Q4,2023Q3,0,0.05,0.2692,13.79
d_og,1,ar,False,enet,wb_food_wloc_yoy,66,8,0.1212,1,0.02531,2024Q2,2026Q1,0,0,0.3077,13.79
d_og,1,ar,False,enet,no_fn_cci_sa__d4,66,7,0.1061,0,-0.3543,2022Q3,2026Q2,0,0,0.2692,13.79
d_og,1,ar,False,enet,eu_ppi_dom_c103_idx__yoy,66,6,0.09091,1,0.01903,2012Q1,2014Q2,0.3,0,0,13.79
d_og,1,ar,False,enet,glob_fao_dairy_idx__yoy,66,6,0.09091,0,-1.267,2022Q3,2026Q2,0,0,0.2308,13.79
d_og,1,ar,False,enet,w_gdp_vol_yoy,66,6,0.09091,1,0.1218,2023Q2,2026Q2,0,0,0.2308,13.79
d_og,1,ar,False,enet,wb_food_sek_yoy,66,6,0.09091,1,0.02586,2024Q2,2025Q4,0,0,0.2308,13.79
d_og,1,ar,False,enet,ea_negotiated_wages_yoy_q__d4,66,5,0.07576,0.6,-0.003355,2012Q3,2023Q2,0.1,0,0.1154,13.79
d_og,1,ar,False,enet,eu_ppi_dom_c103_idx__dyoy,66,5,0.07576,1,0.1767,2012Q1,2013Q4,0.25,0,0,13.79
d_og,1,ar,False,enet,eu_ppi_plastic_products_idx__dyoy,66,5,0.07576,0.2,-0.215,2022Q3,2025Q2,0,0,0.1923,13.79
d_og,1,ar,False,enet,no_govbond_10y__lvl,66,5,0.07576,0,-0.02778,2023Q2,2026Q2,0,0,0.1923,13.79
d_og,1,ar,False,enet,eu_agri_basket_dyoy,66,4,0.06061,0,-0.2564,2022Q3,2023Q2,0,0,0.1538,13.79
d_og,1,ar,False,enet,eu_ppi_dom_food_mfg_idx__dyoy,66,4,0.06061,0,-0.5515,2022Q3,2023Q2,0,0,0.1538,13.79
d_og,1,ar,False,enet,eu_ppi_plastic_products_idx__yoy,66,4,0.06061,0,-0.331,2022Q3,2023Q2,0,0,0.1538,13.79
d_og,1,ar,False,enet,fao_ffpi_sek_dyoy,66,4,0.06061,1,0.2949,2022Q3,2023Q2,0,0,0.1538,13.79
d_og,1,ar,False,enet,glob_fao_ffpi_nok__dyoy,66,4,0.06061,1,0.1511,2022Q3,2023Q2,0,0,0.1538,13.79
d_og,1,ar,False,enet,glob_fao_sugar_idx__dyoy,66,4,0.06061,0,-0.2783,2022Q3,2023Q2,0,0,0.1538,13.79
d_og,1,ar,False,enet,glob_fao_vegoils_idx__yoy,66,4,0.06061,1,0.4648,2022Q3,2023Q2,0,0,0.1538,13.79
d_og,1,ar,False,enet,glob_gscpi__d4,66,4,0.06061,0,-0.6165,2022Q3,2023Q2,0,0,0.1538,13.79
d_og,1,ar,False,enet,glob_wb_food_idx__yoy,66,4,0.06061,1,0.161,2022Q3,2023Q2,0,0,0.1538,13.79
d_og,1,ar,False,enet,no_cpi_food_idx__dyoy,66,4,0.06061,0,-0.9494,2022Q3,2023Q2,0,0,0.1538,13.79
d_og,1,ar,False,enet,no_cpi_food_idx__yoy,66,4,0.06061,0,-1.001,2022Q3,2023Q2,0,0,0.1538,13.79
d_og,1,ar,False,enet,no_cpi_total_idx__dyoy,66,4,0.06061,1,0.425,2022Q3,2023Q2,0,0,0.1538,13.79
d_og,1,ar,False,enet,no_cpi_total_idx__yoy,66,4,0.06061,1,0.916,2022Q3,2023Q2,0,0,0.1538,13.79
d_og,1,ar,False,enet,no_earn_idx_food_manuf_q__dyoy,66,4,0.06061,1,0.2353,2022Q3,2023Q2,0,0,0.1538,13.79
d_og,1,ar,False,enet,no_fx_eurnok__dyoy,66,4,0.06061,1,0.2006,2022Q3,2023Q2,0,0,0.1538,13.79
d_og,1,ar,False,enet,no_jordbruk_malpris_mnok__lvl,66,4,0.06061,1,0.3621,2022Q3,2023Q2,0,0,0.1538,13.79
d_og,1,ar,False,enet,no_nbes_bl_sell_price_di__lvl,66,4,0.06061,0,-0.8061,2022Q3,2023Q2,0,0,0.1538,13.79
d_og,1,ar,False,enet,no_policy_rate__d4,66,4,0.06061,0,-0.205,2022Q3,2023Q2,0,0,0.1538,13.79
d_og,1,ar,False,enet,no_vat_food_rate__d4,66,4,0.06061,1,0.4482,2022Q3,2023Q2,0,0,0.1538,13.79
d_og,1,ar,False,enet,nw_real_wage_yoy,66,4,0.06061,1,0.5596,2022Q3,2023Q2,0,0,0.1538,13.79
d_og,1,ar,False,enet,price_cost_gap_agri_d4,66,4,0.06061,1,0.08959,2022Q3,2023Q2,0,0,0.1538,13.79
d_og,1,ar,False,enet,price_wage_gap_d4,66,4,0.06061,0,-0.6847,2022Q3,2023Q2,0,0,0.1538,13.79
d_og,1,ar,False,enet,se_cpi_food_idx__dyoy,66,4,0.06061,1,1.601,2022Q3,2023Q2,0,0,0.1538,13.79
d_og,1,ar,False,enet,se_cpi_idx__yoy,66,4,0.06061,1,0.3809,2022Q3,2023Q2,0,0,0.1538,13.79
d_og,1,ar,False,enet,se_na_hhcons_food_sa__dyoy,66,4,0.06061,0,-0.7246,2022Q3,2023Q2,0,0,0.1538,13.79
d_og,1,ar,False,enet,se_policy_rate__d4,66,4,0.06061,0,-0.7874,2022Q3,2023Q2,0,0,0.1538,13.79
d_og,1,ar,False,enet,se_ppi_food_hmpi_idx__yoy,66,4,0.06061,1,0.3995,2022Q3,2023Q2,0,0,0.1538,13.79
d_og,1,ar,False,enet,se_retail_grocery_vol_sa_idx__dyoy,66,4,0.06061,0,-0.3681,2022Q3,2023Q2,0,0,0.1538,13.79
d_og,1,ar,False,enet,se_wage_idx_m__dyoy,66,4,0.06061,1,0.1567,2023Q1,2026Q2,0,0,0.1538,13.79
d_og,1,ar,False,enet,w_cpi_dyoy,66,4,0.06061,1,0.09725,2022Q3,2024Q4,0,0,0.1538,13.79
d_og,1,ar,False,enet,w_food_cpi_rel_dyoy,66,4,0.06061,0,-0.6321,2022Q3,2023Q2,0,0,0.1538,13.79
d_og,1,ar,False,enet,w_food_ppi_dyoy,66,4,0.06061,0,-0.8847,2022Q3,2023Q2,0,0,0.1538,13.79
d_og,1,ar,False,enet,w_fx_vs_usd_yoy,66,4,0.06061,0,-1.581,2022Q3,2023Q2,0,0,0.1538,13.79
d_og,1,ar,False,enet,w_gdp_vol_dyoy,66,4,0.06061,0,-0.6275,2022Q3,2023Q2,0,0,0.1538,13.79
d_og,1,ar,False,enet,w_gov10y_d4,66,4,0.06061,0,-0.1919,2022Q3,2023Q2,0,0,0.1538,13.79
d_og,1,ar,False,enet,w_policy_rate_d4,66,4,0.06061,0,-0.4466,2022Q3,2023Q2,0,0,0.1538,13.79
d_og,1,ar,False,enet,w_retail_food_vol_dyoy,66,4,0.06061,0,-0.6737,2022Q3,2023Q2,0,0,0.1538,13.79
d_og,1,ar,False,enet,w_retail_total_vol_yoy,66,4,0.06061,1,1.527,2022Q3,2023Q2,0,0,0.1538,13.79
d_og,1,ar,False,enet,brent_nok_yoy,66,3,0.04545,1,0.1153,2022Q3,2023Q2,0,0,0.1154,13.79
d_og,1,ar,False,enet,eu_ppi_dom_c105_idx__dyoy,66,3,0.04545,0,-0.4522,2022Q3,2023Q2,0,0,0.1154,13.79
d_og,1,ar,False,enet,eu_ppi_dom_food_mfg_idx__yoy,66,3,0.04545,0,-0.2604,2022Q3,2023Q1,0,0,0.1154,13.79
d_og,1,ar,False,enet,fao_ffpi_wloc_yoy,66,3,0.04545,0,-0.1211,2022Q3,2023Q2,0,0,0.1154,13.79
d_og,1,ar,False,enet,glob_fao_cereals_idx__dyoy,66,3,0.04545,1,0.319,2022Q3,2023Q2,0,0,0.1154,13.79
d_og,1,ar,False,enet,glob_fao_ffpi_eur__yoy,66,3,0.04545,0,-0.1686,2022Q3,2023Q2,0,0,0.1154,13.79
d_og,1,ar,False,enet,no_policy_rate__lvl,66,3,0.04545,0,-0.3061,2022Q3,2023Q2,0,0,0.1154,13.79
d_og,1,ar,False,enet,no_retail_foodstores_vol_sa_idx__yoy,66,3,0.04545,1,0.08068,2022Q3,2023Q1,0,0,0.1154,13.79
d_og,1,ar,False,enet,nw_food_cpi_xvat_yoy,66,3,0.04545,0,-0.4104,2022Q3,2023Q1,0,0,0.1154,13.79
d_og,1,ar,False,enet,nw_food_ppi_dyoy,66,3,0.04545,0,-0.1316,2022Q3,2023Q1,0,0,0.1154,13.79
d_og,1,ar,False,enet,packaging_eu_dyoy,66,3,0.04545,1,0.03288,2024Q4,2025Q2,0,0,0.1154,13.79
d_og,1,ar,False,enet,se_real_wage_yoy_q__lvl,66,3,0.04545,1,0.1905,2022Q3,2023Q1,0,0,0.1154,13.79
d_og,1,ar,False,enet,se_wage_idx_m__yoy,66,3,0.04545,0,-0.1001,2019Q4,2022Q4,0,0.05,0.07692,13.79
d_og,1,ar,False,enet,us_ppi_corrugated_boxes_idx__dyoy,66,3,0.04545,0,-0.3033,2022Q3,2023Q1,0,0,0.1154,13.79
d_og,1,ar,False,enet,us_ppi_plastic_resins_idx__yoy,66,3,0.04545,1,0.02111,2025Q3,2026Q1,0,0,0.1154,13.79
d_og,1,ar,False,enet,w_ec_cons_price_exp_d4,66,3,0.04545,1,0.412,2022Q3,2023Q2,0,0,0.1154,13.79
d_og,1,ar,False,enet,w_food_cpi_xvat_dyoy,66,3,0.04545,1,0.1862,2022Q3,2023Q1,0,0,0.1154,13.79
d_og,1,ar,False,enet,w_unemp_d4,66,3,0.04545,0,-0.04185,2012Q1,2012Q4,0.15,0,0,13.79
d_og,1,ar,False,enet,eu_agri_basket_wloc_dyoy,66,2,0.0303,1,0.04008,2012Q3,2012Q4,0.1,0,0,13.79
d_og,1,ar,False,enet,eu_ppi_paper_packaging_idx__dyoy,66,2,0.0303,1,0.03812,2024Q4,2025Q2,0,0,0.07692,13.79
d_og,1,ar,False,enet,eu_ppi_paper_packaging_idx__yoy,66,2,0.0303,1,0.01139,2012Q1,2022Q1,0.05,0,0.03846,13.79
d_og,1,ar,False,enet,fao_ffpi_wloc_dyoy,66,2,0.0303,1,0.03721,2022Q3,2023Q2,0,0,0.07692,13.79
d_og,1,ar,False,enet,glob_fao_ffpi_nok__yoy,66,2,0.0303,0,-0.086,2023Q1,2023Q2,0,0,0.07692,13.79
d_og,1,ar,False,enet,glob_wb_food_idx_nok__dyoy,66,2,0.0303,1,0.04984,2023Q1,2026Q2,0,0,0.07692,13.79
d_og,1,ar,False,enet,no_qna_hh_food_cons_sa_mnok__dyoy,66,2,0.0303,0,-0.2932,2022Q3,2022Q4,0,0,0.07692,13.79
d_og,1,ar,False,enet,nw_food_cpi_xvat_dyoy,66,2,0.0303,0,-0.1205,2022Q3,2022Q4,0,0,0.07692,13.79
d_og,1,ar,False,enet,nw_food_cpi_yoy,66,2,0.0303,0,-0.07731,2022Q3,2023Q1,0,0,0.07692,13.79
d_og,1,ar,False,enet,price_cost_gap_fao_nok_d4,66,2,0.0303,1,0.1993,2022Q3,2022Q4,0,0,0.07692,13.79
d_og,1,ar,False,enet,price_cost_gap_ppi,66,2,0.0303,1,0.04631,2023Q1,2023Q2,0,0,0.07692,13.79
d_og,1,ar,False,enet,price_cost_gap_ppi_d4,66,2,0.0303,1,0.2723,2023Q1,2023Q2,0,0,0.07692,13.79
d_og,1,ar,False,enet,w_food_cpi_dyoy,66,2,0.0303,0,-0.09087,2022Q3,2023Q1,0,0,0.07692,13.79
d_og,1,ar,False,enet,w_fx_vs_nok_yoy,66,2,0.0303,0,-0.2299,2022Q3,2022Q4,0,0,0.07692,13.79
d_og,1,ar,False,enet,w_real_wage_yoy,66,2,0.0303,1,0.1502,2023Q1,2023Q2,0,0,0.07692,13.79
d_og,1,ar,False,enet,w_unemp_lvl,66,2,0.0303,0,-0.1033,2023Q1,2023Q2,0,0,0.07692,13.79
d_og,1,ar,False,enet,ea_hicp_food_idx__dyoy,66,1,0.01515,1,0.05208,2023Q1,2023Q1,0,0,0.03846,13.79
d_og,1,ar,False,enet,ea_hicp_food_idx__yoy,66,1,0.01515,0,-0.06137,2022Q3,2022Q3,0,0,0.03846,13.79
d_og,1,ar,False,enet,eu_ppi_dom_c106_idx__yoy,66,1,0.01515,1,0.0533,2026Q2,2026Q2,0,0,0.03846,13.79
d_og,1,ar,False,enet,eu_ppi_dom_c107_idx__dyoy,66,1,0.01515,1,0.05824,2024Q4,2024Q4,0,0,0.03846,13.79
d_og,1,ar,False,enet,eu_ppi_dom_c107_idx__yoy,66,1,0.01515,0,-0.07266,2022Q3,2022Q3,0,0,0.03846,13.79
d_og,1,ar,False,enet,glob_fao_cereals_idx__yoy,66,1,0.01515,1,0.0009928,2022Q3,2022Q3,0,0,0.03846,13.79
d_og,1,ar,False,enet,no_fn_cci_sa__lvl,66,1,0.01515,0,-0.1012,2022Q4,2022Q4,0,0,0.03846,13.79
d_og,1,ar,False,enet,no_imp_price_food_idx__yoy,66,1,0.01515,1,0.0236,2023Q2,2023Q2,0,0,0.03846,13.79
d_og,1,ar,False,enet,nw_retail_food_vol_yoy,66,1,0.01515,1,0.008056,2022Q3,2022Q3,0,0,0.03846,13.79
d_og,1,ar,False,enet,se_eursek__yoy,66,1,0.01515,1,0.167,2023Q1,2023Q1,0,0,0.03846,13.79
d_og,1,ar,False,enet,se_gov_bond_10y__d4,66,1,0.01515,0,-0.02568,2023Q2,2023Q2,0,0,0.03846,13.79
d_og,1,ar,False,enet,us_ppi_corrugated_boxes_idx__yoy,66,1,0.01515,1,0.2688,2023Q2,2023Q2,0,0,0.03846,13.79
d_og,1,ar,False,enet,us_ppi_plastic_resins_idx__dyoy,66,1,0.01515,0,-0.355,2023Q2,2023Q2,0,0,0.03846,13.79
d_og,1,ar,False,enet,w_food_cpi_rel_yoy,66,1,0.01515,1,0.001652,2022Q3,2022Q3,0,0,0.03846,13.79
d_og,1,ar,False,enet,w_food_ppi_yoy,66,1,0.01515,0,-0.0349,2023Q1,2023Q1,0,0,0.03846,13.79
d_og,1,ar,False,enet,w_fx_vs_nok_dyoy,66,1,0.01515,0,-0.06765,2023Q1,2023Q1,0,0,0.03846,13.79
d_og,1,ar,False,enet,w_gov10y_lvl,66,1,0.01515,0,-0.1278,2023Q2,2023Q2,0,0,0.03846,13.79
d_og,1,ar,False,enet,w_hh_saving_lvl,66,1,0.01515,1,0.01089,2022Q4,2022Q4,0,0,0.03846,13.79
d_og,1,ar,False,enet,w_policy_rate_lvl,66,1,0.01515,0,-0.02584,2022Q4,2022Q4,0,0,0.03846,13.79
d_og,1,ar,False,enet,w_wage_dyoy,66,1,0.01515,1,0.0394,2023Q2,2023Q2,0,0,0.03846,13.79
d_og,1,ar,False,lasso,se_eursek__dyoy,66,30,0.4545,1,0.7622,2012Q1,2026Q2,0.6,0,0.6923,7.091
d_og,1,ar,False,lasso,eu_ppi_dom_c108_idx__dyoy,66,22,0.3333,1,0.4132,2014Q1,2026Q2,0.2,0.1,0.6154,7.091
d_og,1,ar,False,lasso,nw_cons_conf_z_d4,66,18,0.2727,0,-0.5532,2020Q2,2026Q2,0,0,0.6923,7.091
d_og,1,ar,False,lasso,ea_ec_food_ind_sell_price_exp__lvl,66,17,0.2576,1,0.2917,2012Q1,2026Q2,0.3,0,0.4231,7.091
d_og,1,ar,False,lasso,ea_negotiated_wages_yoy_q__lvl,66,17,0.2576,0,-0.4064,2020Q2,2026Q2,0,0,0.6538,7.091
d_og,1,ar,False,lasso,w_ec_cons_price_exp_lvl,66,16,0.2424,1,0.8086,2012Q3,2025Q2,0.5,0,0.2308,7.091
d_og,1,ar,False,lasso,se_nier_food_mfg_sell_price_exp__d4,66,15,0.2273,1,0.6066,2020Q2,2026Q2,0,0,0.5769,7.091
d_og,1,ar,False,lasso,w_hh_saving_d4,66,15,0.2273,0.06667,-0.145,2020Q2,2026Q2,0,0,0.5769,7.091
d_og,1,ar,False,lasso,glob_wb_food_idx_nok__yoy,66,14,0.2121,1,0.177,2020Q2,2026Q2,0,0,0.5385,7.091
d_og,1,ar,False,lasso,no_earn_idx_food_manuf_q__yoy,66,14,0.2121,0,-0.3481,2020Q2,2026Q2,0,0,0.5385,7.091
d_og,1,ar,False,lasso,no_govbond_10y__d4,66,13,0.197,0,-0.5253,2020Q2,2026Q2,0,0,0.5,7.091
d_og,1,ar,False,lasso,price_cost_gap_fao_wloc,66,12,0.1818,0,-0.4552,2022Q3,2026Q2,0,0,0.4615,7.091
d_og,1,ar,False,lasso,se_na_hhcons_food_sa__yoy,66,12,0.1818,1,0.5938,2020Q2,2026Q2,0,0,0.4615,7.091
d_og,1,ar,False,lasso,glob_fao_meat_idx__dyoy,66,10,0.1515,0,-0.1836,2020Q2,2026Q2,0,0,0.3846,7.091
d_og,1,ar,False,lasso,se_ec_cons_conf__d4,66,10,0.1515,0,-0.2033,2012Q3,2021Q4,0.1,0.05,0.2692,7.091
d_og,1,ar,False,lasso,elec_nordic_loc_yoy,66,7,0.1061,0,-0.2152,2020Q2,2021Q4,0,0,0.2692,7.091
d_og,1,ar,False,lasso,packaging_us_dyoy,66,7,0.1061,0,-0.1293,2020Q2,2021Q4,0,0,0.2692,7.091
d_og,1,ar,False,lasso,w_fx_vs_usd_dyoy,66,7,0.1061,1,0.1438,2020Q2,2021Q4,0,0,0.2692,7.091
d_og,1,ar,False,lasso,eu_ppi_dom_c108_idx__yoy,66,6,0.09091,1,0.2169,2013Q1,2014Q2,0.3,0,0,7.091
d_og,1,ar,False,lasso,glob_fao_dairy_idx__yoy,66,6,0.09091,0,-1.945,2022Q3,2026Q2,0,0,0.2308,7.091
d_og,1,ar,False,lasso,glob_gscpi__lvl,66,6,0.09091,1,0.4052,2022Q3,2025Q4,0,0,0.2308,7.091
d_og,1,ar,False,lasso,wb_food_sek_dyoy,66,6,0.09091,1,0.06844,2024Q3,2026Q1,0,0,0.2308,7.091
d_og,1,ar,False,lasso,no_fn_cci_sa__d4,66,5,0.07576,0,-0.5964,2022Q3,2026Q2,0,0,0.1923,7.091
d_og,1,ar,False,lasso,nw_price_cost_gap_ppi,66,5,0.07576,0,-0.07128,2025Q1,2026Q2,0,0,0.1923,7.091
d_og,1,ar,False,lasso,elec_nordic_loc_dyoy,66,4,0.06061,0,-2.292,2022Q3,2023Q2,0,0,0.1538,7.091
d_og,1,ar,False,lasso,eu_ppi_dom_c103_idx__dyoy,66,4,0.06061,1,0.2843,2012Q1,2012Q4,0.2,0,0,7.091
d_og,1,ar,False,lasso,glob_fao_sugar_idx__dyoy,66,4,0.06061,0,-0.4416,2022Q3,2023Q2,0,0,0.1538,7.091
d_og,1,ar,False,lasso,glob_gscpi__d4,66,4,0.06061,0,-0.4629,2022Q3,2023Q2,0,0,0.1538,7.091
d_og,1,ar,False,lasso,no_cpi_food_idx__dyoy,66,4,0.06061,0,-1.063,2022Q3,2023Q2,0,0,0.1538,7.091
d_og,1,ar,False,lasso,no_cpi_food_idx__yoy,66,4,0.06061,0,-1.466,2022Q3,2023Q2,0,0,0.1538,7.091
d_og,1,ar,False,lasso,no_cpi_total_idx__yoy,66,4,0.06061,1,1.377,2022Q3,2023Q2,0,0,0.1538,7.091
d_og,1,ar,False,lasso,no_earn_idx_food_manuf_q__dyoy,66,4,0.06061,1,0.2896,2022Q3,2023Q2,0,0,0.1538,7.091
d_og,1,ar,False,lasso,no_jordbruk_malpris_mnok__d4,66,4,0.06061,1,0.3261,2022Q4,2025Q1,0,0,0.1538,7.091
d_og,1,ar,False,lasso,no_nbes_bl_sell_price_di__lvl,66,4,0.06061,0,-0.9066,2022Q3,2023Q2,0,0,0.1538,7.091
d_og,1,ar,False,lasso,no_qna_hh_food_cons_sa_mnok__dyoy,66,4,0.06061,0,-0.307,2022Q3,2023Q2,0,0,0.1538,7.091
d_og,1,ar,False,lasso,no_vat_food_rate__d4,66,4,0.06061,1,0.4665,2022Q3,2023Q2,0,0,0.1538,7.091
d_og,1,ar,False,lasso,nw_retail_food_vol_dyoy,66,4,0.06061,0,-0.1066,2024Q3,2025Q2,0,0,0.1538,7.091
d_og,1,ar,False,lasso,price_wage_gap_d4,66,4,0.06061,0,-0.875,2022Q3,2023Q2,0,0,0.1538,7.091
d_og,1,ar,False,lasso,se_cpi_food_idx__dyoy,66,4,0.06061,1,2.026,2022Q3,2023Q2,0,0,0.1538,7.091
d_og,1,ar,False,lasso,se_na_hhcons_food_sa__dyoy,66,4,0.06061,0,-0.9884,2022Q3,2023Q2,0,0,0.1538,7.091
d_og,1,ar,False,lasso,se_policy_rate__d4,66,4,0.06061,0,-1.11,2022Q3,2023Q2,0,0,0.1538,7.091
d_og,1,ar,False,lasso,se_retail_grocery_vol_sa_idx__dyoy,66,4,0.06061,0,-0.7209,2022Q3,2023Q2,0,0,0.1538,7.091
d_og,1,ar,False,lasso,w_food_ppi_dyoy,66,4,0.06061,0,-0.9792,2022Q3,2023Q2,0,0,0.1538,7.091
d_og,1,ar,False,lasso,w_fx_vs_usd_yoy,66,4,0.06061,0,-3.086,2022Q3,2023Q2,0,0,0.1538,7.091
d_og,1,ar,False,lasso,w_retail_food_vol_dyoy,66,4,0.06061,0,-0.3813,2022Q3,2023Q2,0,0,0.1538,7.091
d_og,1,ar,False,lasso,w_retail_total_vol_yoy,66,4,0.06061,1,1.882,2022Q3,2023Q2,0,0,0.1538,7.091
d_og,1,ar,False,lasso,eu_ppi_dom_food_mfg_idx__dyoy,66,3,0.04545,0,-1.129,2022Q4,2023Q2,0,0,0.1154,7.091
d_og,1,ar,False,lasso,eu_ppi_dom_food_mfg_idx__yoy,66,3,0.04545,0,-1.149,2022Q3,2023Q1,0,0,0.1154,7.091
d_og,1,ar,False,lasso,glob_fao_ffpi_nok__dyoy,66,3,0.04545,1,0.6779,2022Q3,2023Q2,0,0,0.1154,7.091
d_og,1,ar,False,lasso,no_cpi_total_idx__dyoy,66,3,0.04545,1,0.8626,2022Q3,2023Q1,0,0,0.1154,7.091
d_og,1,ar,False,lasso,no_jordbruk_malpris_mnok__lvl,66,3,0.04545,1,0.8001,2022Q3,2023Q2,0,0,0.1154,7.091
d_og,1,ar,False,lasso,no_ssb_bts_consgoods_home_price_exp__lvl,66,3,0.04545,1,0.5833,2022Q3,2023Q1,0,0,0.1154,7.091
d_og,1,ar,False,lasso,se_nier_food_mfg_sell_price_exp__lvl,66,3,0.04545,1,0.6511,2022Q3,2023Q1,0,0,0.1154,7.091
d_og,1,ar,False,lasso,se_ppi_food_hmpi_idx__yoy,66,3,0.04545,1,0.9654,2022Q3,2023Q1,0,0,0.1154,7.091
d_og,1,ar,False,lasso,se_wage_idx_m__dyoy,66,3,0.04545,0.6667,0.1841,2022Q4,2026Q2,0,0,0.1154,7.091
d_og,1,ar,False,lasso,us_ppi_corrugated_boxes_idx__dyoy,66,3,0.04545,0,-0.4885,2022Q3,2023Q1,0,0,0.1154,7.091
d_og,1,ar,False,lasso,w_gdp_vol_dyoy,66,3,0.04545,0,-0.5358,2022Q3,2023Q2,0,0,0.1154,7.091
d_og,1,ar,False,lasso,brent_nok_yoy,66,2,0.0303,1,0.2111,2022Q4,2023Q2,0,0,0.07692,7.091
d_og,1,ar,False,lasso,eu_ppi_dom_c105_idx__dyoy,66,2,0.0303,0,-1.114,2023Q1,2023Q2,0,0,0.07692,7.091
d_og,1,ar,False,lasso,fao_ffpi_sek_dyoy,66,2,0.0303,1,0.8735,2022Q3,2022Q4,0,0,0.07692,7.091
d_og,1,ar,False,lasso,no_policy_rate__lvl,66,2,0.0303,0,-0.6377,2022Q3,2023Q2,0,0,0.07692,7.091
d_og,1,ar,False,lasso,nw_food_cpi_xvat_yoy,66,2,0.0303,0,-0.1989,2022Q4,2023Q1,0,0,0.07692,7.091
d_og,1,ar,False,lasso,nw_real_wage_yoy,66,2,0.0303,1,0.6135,2022Q4,2023Q1,0,0,0.07692,7.091
d_og,1,ar,False,lasso,se_gov_bond_10y__d4,66,2,0.0303,0,-0.2688,2022Q4,2023Q1,0,0,0.07692,7.091
d_og,1,ar,False,lasso,se_wage_idx_m__yoy,66,2,0.0303,0,-0.09347,2022Q3,2022Q4,0,0,0.07692,7.091
d_og,1,ar,False,lasso,w_ec_cons_price_exp_d4,66,2,0.0303,1,0.7478,2023Q1,2023Q2,0,0,0.07692,7.091
d_og,1,ar,False,lasso,w_food_cpi_rel_dyoy,66,2,0.0303,0,-0.3817,2022Q4,2023Q1,0,0,0.07692,7.091
d_og,1,ar,False,lasso,w_food_cpi_xvat_dyoy,66,2,0.0303,1,0.3878,2022Q3,2022Q4,0,0,0.07692,7.091
d_og,1,ar,False,lasso,w_fx_vs_eur_dyoy,66,2,0.0303,1,0.1682,2012Q2,2023Q2,0.05,0,0.03846,7.091
d_og,1,ar,False,lasso,w_gdp_vol_yoy,66,2,0.0303,1,0.09145,2026Q1,2026Q2,0,0,0.07692,7.091
d_og,1,ar,False,lasso,ea_ec_food_ind_sell_price_exp__d4,66,1,0.01515,1,0.274,2022Q3,2022Q3,0,0,0.03846,7.091
d_og,1,ar,False,lasso,ea_hicp_food_idx__yoy,66,1,0.01515,0,-0.1118,2022Q4,2022Q4,0,0,0.03846,7.091
d_og,1,ar,False,lasso,eu_agri_basket_dyoy,66,1,0.01515,0,-0.2868,2022Q3,2022Q3,0,0,0.03846,7.091
d_og,1,ar,False,lasso,eu_agri_basket_wloc_yoy,66,1,0.01515,1,0.07638,2012Q1,2012Q1,0.05,0,0,7.091
d_og,1,ar,False,lasso,eu_ppi_dom_c106_idx__yoy,66,1,0.01515,1,0.05001,2026Q2,2026Q2,0,0,0.03846,7.091
d_og,1,ar,False,lasso,eu_ppi_plastic_products_idx__dyoy,66,1,0.01515,0,-0.6047,2023Q2,2023Q2,0,0,0.03846,7.091
d_og,1,ar,False,lasso,eu_ppi_plastic_products_idx__yoy,66,1,0.01515,0,-0.3952,2022Q3,2022Q3,0,0,0.03846,7.091
d_og,1,ar,False,lasso,glob_fao_dairy_idx__dyoy,66,1,0.01515,1,0.9982,2022Q4,2022Q4,0,0,0.03846,7.091
d_og,1,ar,False,lasso,glob_fao_sugar_idx__yoy,66,1,0.01515,0,-0.08735,2023Q2,2023Q2,0,0,0.03846,7.091
d_og,1,ar,False,lasso,glob_fao_vegoils_idx__yoy,66,1,0.01515,1,0.7804,2022Q3,2022Q3,0,0,0.03846,7.091
d_og,1,ar,False,lasso,glob_wb_food_idx_nok__dyoy,66,1,0.01515,1,0.07122,2026Q2,2026Q2,0,0,0.03846,7.091
d_og,1,ar,False,lasso,no_fx_eurnok__dyoy,66,1,0.01515,1,0.0544,2023Q2,2023Q2,0,0,0.03846,7.091
d_og,1,ar,False,lasso,no_imp_price_food_idx__yoy,66,1,0.01515,0,-0.02596,2023Q1,2023Q1,0,0,0.03846,7.091
d_og,1,ar,False,lasso,no_retail_foodstores_vol_sa_idx__yoy,66,1,0.01515,1,0.09612,2022Q3,2022Q3,0,0,0.03846,7.091
d_og,1,ar,False,lasso,packaging_eu_dyoy,66,1,0.01515,1,0.1348,2025Q2,2025Q2,0,0,0.03846,7.091
d_og,1,ar,False,lasso,price_cost_gap_fao_nok,66,1,0.01515,0,-0.03127,2026Q2,2026Q2,0,0,0.03846,7.091
d_og,1,ar,False,lasso,price_cost_gap_fao_nok_d4,66,1,0.01515,1,0.04708,2022Q4,2022Q4,0,0,0.03846,7.091
d_og,1,ar,False,lasso,price_cost_gap_ppi_d4,66,1,0.01515,1,0.05724,2023Q2,2023Q2,0,0,0.03846,7.091
d_og,1,ar,False,lasso,se_cpi_idx__yoy,66,1,0.01515,1,0.2632,2023Q2,2023Q2,0,0,0.03846,7.091
d_og,1,ar,False,lasso,se_ec_cons_conf__lvl,66,1,0.01515,1,0.03714,2022Q4,2022Q4,0,0,0.03846,7.091
d_og,1,ar,False,lasso,se_eursek__yoy,66,1,0.01515,1,0.162,2023Q1,2023Q1,0,0,0.03846,7.091
d_og,1,ar,False,lasso,se_real_wage_yoy_q__lvl,66,1,0.01515,1,0.0684,2022Q4,2022Q4,0,0,0.03846,7.091
d_og,1,ar,False,lasso,us_ppi_corrugated_boxes_idx__yoy,66,1,0.01515,1,0.1423,2023Q2,2023Q2,0,0,0.03846,7.091
d_og,1,ar,False,lasso,w_cons_conf_z,66,1,0.01515,1,0.09833,2022Q4,2022Q4,0,0,0.03846,7.091
d_og,1,ar,False,lasso,w_cpi_dyoy,66,1,0.01515,1,0.09598,2023Q2,2023Q2,0,0,0.03846,7.091
d_og,1,ar,False,lasso,w_ec_food_ind_sell_price_exp_d4,66,1,0.01515,0,-0.496,2022Q4,2022Q4,0,0,0.03846,7.091
d_og,1,ar,False,lasso,w_fx_vs_nok_dyoy,66,1,0.01515,0,-0.03227,2023Q1,2023Q1,0,0,0.03846,7.091
d_og,1,ar,False,lasso,w_fx_vs_nok_yoy,66,1,0.01515,0,-0.1567,2022Q3,2022Q3,0,0,0.03846,7.091
d_og,1,ar,False,lasso,w_gov10y_lvl,66,1,0.01515,0,-0.2405,2023Q2,2023Q2,0,0,0.03846,7.091
d_og,1,ar,False,lasso,w_policy_rate_lvl,66,1,0.01515,0,-0.05546,2022Q4,2022Q4,0,0,0.03846,7.091
d_og,1,ar,False,lasso,w_wage_yoy,66,1,0.01515,1,0.3235,2023Q2,2023Q2,0,0,0.03846,7.091
d_og,1,arcal,False,enet,eu_ppi_dom_c108_idx__dyoy,66,24,0.3636,1,0.1527,2013Q4,2026Q2,0.25,0.2,0.5769,9.697
d_og,1,arcal,False,enet,se_ec_cons_conf__d4,66,22,0.3333,0,-0.1174,2013Q4,2025Q4,0.25,0.25,0.4615,9.697
d_og,1,arcal,False,enet,nw_cons_conf_z_d4,66,21,0.3182,0,-0.173,2018Q4,2026Q2,0,0.2,0.6538,9.697
d_og,1,arcal,False,enet,w_ec_cons_price_exp_lvl,66,19,0.2879,1,0.2842,2010Q1,2026Q2,0.3,0.15,0.3846,9.697
d_og,1,arcal,False,enet,se_eursek__dyoy,66,17,0.2576,1,0.3035,2013Q4,2026Q2,0.25,0.15,0.3462,9.697
d_og,1,arcal,False,enet,ea_ec_food_ind_sell_price_exp__lvl,66,16,0.2424,1,0.09763,2010Q1,2026Q2,0.3,0.05,0.3462,9.697
d_og,1,arcal,False,enet,se_nier_food_mfg_sell_price_exp__lvl,66,16,0.2424,1,0.1388,2015Q1,2024Q4,0,0.15,0.5,9.697
d_og,1,arcal,False,enet,eu_ppi_paper_packaging_idx__yoy,66,13,0.197,1,0.02298,2013Q4,2021Q4,0.25,0,0.3077,9.697
d_og,1,arcal,False,enet,no_earn_idx_food_manuf_q__yoy,66,12,0.1818,0,-0.3269,2015Q1,2026Q2,0,0.15,0.3462,9.697
d_og,1,arcal,False,enet,ea_negotiated_wages_yoy_q__lvl,66,11,0.1667,0,-0.3848,2019Q3,2026Q2,0,0.1,0.3462,9.697
d_og,1,arcal,False,enet,price_cost_gap_fao_wloc,66,11,0.1667,0,-0.2076,2022Q3,2026Q2,0,0,0.4231,9.697
d_og,1,arcal,False,enet,se_nier_food_mfg_sell_price_exp__d4,66,11,0.1667,1,0.2713,2019Q3,2026Q2,0,0.1,0.3462,9.697
d_og,1,arcal,False,enet,w_hh_saving_d4,66,11,0.1667,0,-0.2661,2015Q1,2026Q2,0,0.15,0.3077,9.697
d_og,1,arcal,False,enet,wb_food_sek_yoy,66,11,0.1667,1,0.06161,2010Q1,2026Q1,0.15,0.05,0.2692,9.697
d_og,1,arcal,False,enet,wb_food_wloc_yoy,66,11,0.1667,1,0.07359,2010Q1,2026Q2,0.15,0,0.3077,9.697
d_og,1,arcal,False,enet,ea_ec_food_ind_sell_price_exp__d4,66,10,0.1515,1,0.08569,2019Q3,2026Q2,0,0.1,0.3077,9.697
d_og,1,arcal,False,enet,glob_fao_dairy_idx__yoy,66,10,0.1515,0,-0.6974,2015Q1,2026Q2,0,0.15,0.2692,9.697
d_og,1,arcal,False,enet,glob_wb_food_idx_nok__yoy,66,10,0.1515,1,0.1472,2019Q3,2026Q2,0,0.1,0.3077,9.697
d_og,1,arcal,False,enet,no_fn_cci_sa__d4,66,10,0.1515,0,-0.2562,2019Q3,2026Q2,0,0.1,0.3077,9.697
d_og,1,arcal,False,enet,glob_gscpi__lvl,66,9,0.1364,1,0.09136,2015Q1,2026Q2,0,0.05,0.3077,9.697
d_og,1,arcal,False,enet,nw_price_cost_gap_ppi,66,9,0.1364,0,-0.05798,2010Q1,2026Q2,0.1,0,0.2692,9.697
d_og,1,arcal,False,enet,eu_agri_basket_wloc_yoy,66,8,0.1212,0.625,0.02256,2013Q4,2023Q1,0.25,0,0.1154,9.697
d_og,1,arcal,False,enet,no_jordbruk_malpris_mnok__d4,66,8,0.1212,1,0.08781,2013Q4,2025Q3,0.25,0,0.1154,9.697
d_og,1,arcal,False,enet,us_ppi_plastic_resins_idx__yoy,66,8,0.1212,0.625,0.007334,2015Q1,2026Q2,0,0.15,0.1923,9.697
d_og,1,arcal,False,enet,w_cpi_dyoy,66,8,0.1212,1,0.09347,2015Q1,2025Q4,0,0.05,0.2692,9.697
d_og,1,arcal,False,enet,wb_food_sek_dyoy,66,8,0.1212,1,0.08374,2019Q3,2026Q2,0,0.1,0.2308,9.697
d_og,1,arcal,False,enet,ea_hicp_food_idx__dyoy,66,7,0.1061,1,0.3164,2022Q3,2026Q2,0,0,0.2692,9.697
d_og,1,arcal,False,enet,no_govbond_10y__lvl,66,7,0.1061,0,-0.03955,2019Q3,2026Q2,0,0.1,0.1923,9.697
d_og,1,arcal,False,enet,price_cost_gap_fao_nok,66,7,0.1061,0,-0.1618,2022Q3,2026Q2,0,0,0.2692,9.697
d_og,1,arcal,False,enet,se_na_hhcons_food_sa__yoy,66,7,0.1061,1,0.576,2015Q1,2026Q2,0,0.15,0.1538,9.697
d_og,1,arcal,False,enet,brent_nok_dyoy,66,6,0.09091,0,-0.2783,2015Q1,2023Q1,0,0.15,0.1154,9.697
d_og,1,arcal,False,enet,eu_ppi_plastic_products_idx__yoy,66,6,0.09091,0.3333,-0.1748,2015Q1,2025Q3,0,0.05,0.1923,9.697
d_og,1,arcal,False,enet,glob_gscpi__d4,66,6,0.09091,0,-0.3277,2015Q1,2023Q1,0,0.15,0.1154,9.697
d_og,1,arcal,False,enet,no_govbond_10y__d4,66,6,0.09091,0,-0.3934,2019Q3,2026Q2,0,0.1,0.1538,9.697
d_og,1,arcal,False,enet,no_ssb_bts_consgoods_home_price_exp__lvl,66,6,0.09091,1,0.2552,2015Q1,2023Q1,0,0.15,0.1154,9.697
d_og,1,arcal,False,enet,se_cpi_food_idx__dyoy,66,6,0.09091,1,0.3549,2010Q1,2023Q1,0.05,0.1,0.1154,9.697
d_og,1,arcal,False,enet,se_wage_idx_m__dyoy,66,6,0.09091,0.6667,0.02149,2015Q1,2026Q2,0,0.05,0.1923,9.697
d_og,1,arcal,False,enet,us_ppi_corrugated_boxes_idx__dyoy,66,6,0.09091,0,-0.2284,2015Q1,2023Q1,0,0.15,0.1154,9.697
d_og,1,arcal,False,enet,w_retail_total_vol_yoy,66,6,0.09091,1,0.674,2015Q1,2023Q1,0,0.15,0.1154,9.697
d_og,1,arcal,False,enet,elec_nordic_loc_dyoy,66,5,0.07576,0,-0.4145,2019Q3,2023Q1,0,0.1,0.1154,9.697
d_og,1,arcal,False,enet,elec_nordic_loc_yoy,66,5,0.07576,0,-0.09138,2019Q3,2023Q1,0,0.1,0.1154,9.697
d_og,1,arcal,False,enet,eu_agri_basket_yoy,66,5,0.07576,0.4,-0.0516,2013Q4,2023Q1,0.1,0,0.1154,9.697
d_og,1,arcal,False,enet,eu_ppi_dom_c108_idx__yoy,66,5,0.07576,1,0.2844,2013Q4,2014Q4,0.25,0,0,9.697
d_og,1,arcal,False,enet,nw_real_wage_dyoy,66,5,0.07576,0,-0.02957,2024Q4,2026Q2,0,0,0.1923,9.697
d_og,1,arcal,False,enet,w_ec_food_ind_sell_price_exp_d4,66,5,0.07576,1,0.1726,2019Q3,2025Q1,0,0.1,0.1154,9.697
d_og,1,arcal,False,enet,w_fx_vs_usd_dyoy,66,5,0.07576,1,0.2464,2015Q1,2026Q1,0,0.15,0.07692,9.697
d_og,1,arcal,False,enet,w_gdp_vol_yoy,66,5,0.07576,1,0.1334,2024Q4,2026Q2,0,0,0.1923,9.697
d_og,1,arcal,False,enet,eu_ppi_dom_c106_idx__yoy,66,4,0.06061,1,0.1041,2024Q4,2026Q2,0,0,0.1538,9.697
d_og,1,arcal,False,enet,eu_ppi_dom_c107_idx__dyoy,66,4,0.06061,0.75,0.02566,2015Q1,2025Q4,0,0.05,0.1154,9.697
d_og,1,arcal,False,enet,eu_ppi_paper_packaging_idx__dyoy,66,4,0.06061,1,0.05266,2022Q3,2025Q2,0,0,0.1538,9.697
d_og,1,arcal,False,enet,eu_ppi_plastic_products_idx__dyoy,66,4,0.06061,0.5,-0.1763,2015Q1,2025Q2,0,0.05,0.1154,9.697
d_og,1,arcal,False,enet,glob_fao_vegoils_idx__yoy,66,4,0.06061,1,0.3462,2015Q1,2023Q1,0,0.05,0.1154,9.697
d_og,1,arcal,False,enet,no_cpi_food_idx__yoy,66,4,0.06061,0,-0.5478,2015Q1,2023Q1,0,0.05,0.1154,9.697
d_og,1,arcal,False,enet,no_cpi_total_idx__dyoy,66,4,0.06061,1,0.2882,2015Q1,2023Q1,0,0.05,0.1154,9.697
d_og,1,arcal,False,enet,no_fn_cci_sa__lvl,66,4,0.06061,0.25,-0.08068,2015Q1,2023Q1,0,0.05,0.1154,9.697
d_og,1,arcal,False,enet,no_qna_hh_food_cons_sa_mnok__dyoy,66,4,0.06061,1,0.1685,2010Q1,2023Q1,0.05,0.05,0.07692,9.697
d_og,1,arcal,False,enet,no_qna_hh_food_cons_sa_mnok__yoy,66,4,0.06061,1,0.4673,2022Q3,2024Q4,0,0,0.1538,9.697
d_og,1,arcal,False,enet,se_cpi_idx__dyoy,66,4,0.06061,1,0.03926,2010Q1,2025Q3,0.05,0,0.1154,9.697
d_og,1,arcal,False,enet,se_cpi_idx__yoy,66,4,0.06061,1,0.3973,2015Q1,2023Q1,0,0.05,0.1154,9.697
d_og,1,arcal,False,enet,se_wage_idx_m__yoy,66,4,0.06061,0,-0.1121,2015Q1,2022Q4,0,0.15,0.03846,9.697
d_og,1,arcal,False,enet,w_food_cpi_rel_dyoy,66,4,0.06061,0,-0.2844,2015Q1,2023Q1,0,0.05,0.1154,9.697
d_og,1,arcal,False,enet,w_gov10y_d4,66,4,0.06061,0,-0.1623,2015Q1,2023Q1,0,0.05,0.1154,9.697
d_og,1,arcal,False,enet,eu_ppi_dom_c105_idx__yoy,66,3,0.04545,1,0.02641,2010Q1,2014Q1,0.15,0,0,9.697
d_og,1,arcal,False,enet,eu_ppi_dom_food_mfg_idx__yoy,66,3,0.04545,0,-0.206,2022Q3,2023Q1,0,0,0.1154,9.697
d_og,1,arcal,False,enet,glob_fao_meat_idx__dyoy,66,3,0.04545,0,-0.1032,2015Q1,2022Q4,0,0.05,0.07692,9.697
d_og,1,arcal,False,enet,glob_fao_sugar_idx__dyoy,66,3,0.04545,0,-0.3277,2022Q3,2023Q1,0,0,0.1154,9.697
d_og,1,arcal,False,enet,glob_wb_food_idx_eur__dyoy,66,3,0.04545,0,-0.09553,2015Q1,2023Q1,0,0.05,0.07692,9.697
d_og,1,arcal,False,enet,glob_wb_food_idx_eur__yoy,66,3,0.04545,1,0.09588,2010Q1,2010Q3,0.15,0,0,9.697
d_og,1,arcal,False,enet,no_cpi_total_idx__yoy,66,3,0.04545,1,0.2583,2022Q3,2023Q1,0,0,0.1154,9.697
d_og,1,arcal,False,enet,no_imp_price_food_idx__yoy,66,3,0.04545,1,0.1537,2022Q3,2023Q1,0,0,0.1154,9.697
d_og,1,arcal,False,enet,no_nbes_bl_sell_price_di__lvl,66,3,0.04545,0,-0.2061,2022Q3,2023Q1,0,0,0.1154,9.697
d_og,1,arcal,False,enet,no_vat_food_rate__lvl,66,3,0.04545,1,0.1402,2010Q1,2010Q3,0.15,0,0,9.697
d_og,1,arcal,False,enet,nw_real_wage_yoy,66,3,0.04545,1,0.2721,2022Q3,2023Q1,0,0,0.1154,9.697
d_og,1,arcal,False,enet,packaging_eu_dyoy,66,3,0.04545,1,0.06502,2024Q3,2025Q2,0,0,0.1154,9.697
d_og,1,arcal,False,enet,se_na_hhcons_food_sa__dyoy,66,3,0.04545,0,-0.3317,2015Q1,2023Q1,0,0.05,0.07692,9.697
d_og,1,arcal,False,enet,se_policy_rate__d4,66,3,0.04545,0,-0.3831,2022Q3,2023Q1,0,0,0.1154,9.697
d_og,1,arcal,False,enet,se_ppi_food_hmpi_idx__dyoy,66,3,0.04545,0,-0.2019,2022Q3,2023Q1,0,0,0.1154,9.697
d_og,1,arcal,False,enet,se_real_wage_yoy_q__lvl,66,3,0.04545,1,0.07329,2022Q3,2023Q1,0,0,0.1154,9.697
d_og,1,arcal,False,enet,w_cons_conf_z_d4,66,3,0.04545,0,-0.2086,2019Q3,2022Q4,0,0.1,0.03846,9.697
d_og,1,arcal,False,enet,w_food_ppi_dyoy,66,3,0.04545,0,-0.2603,2022Q3,2023Q1,0,0,0.1154,9.697
d_og,1,arcal,False,enet,w_fx_vs_eur_dyoy,66,3,0.04545,1,0.1883,2022Q3,2023Q1,0,0,0.1154,9.697
d_og,1,arcal,False,enet,w_fx_vs_usd_yoy,66,3,0.04545,0,-0.234,2022Q3,2023Q1,0,0,0.1154,9.697
d_og,1,arcal,False,enet,w_policy_rate_d4,66,3,0.04545,0,-0.2318,2022Q3,2023Q1,0,0,0.1154,9.697
d_og,1,arcal,False,enet,w_retail_food_vol_dyoy,66,3,0.04545,0,-0.272,2022Q3,2023Q1,0,0,0.1154,9.697
d_og,1,arcal,False,enet,brent_nok_yoy,66,2,0.0303,0.5,0.0549,2015Q1,2023Q1,0,0.05,0.03846,9.697
d_og,1,arcal,False,enet,ea_negotiated_wages_yoy_q__d4,66,2,0.0303,0.5,0.2239,2015Q1,2023Q1,0,0.05,0.03846,9.697
d_og,1,arcal,False,enet,glob_fao_dairy_idx__dyoy,66,2,0.0303,0,-0.02408,2026Q1,2026Q2,0,0,0.07692,9.697
d_og,1,arcal,False,enet,glob_fao_sugar_idx__yoy,66,2,0.0303,0.5,0.1822,2015Q1,2026Q2,0,0.05,0.03846,9.697
d_og,1,arcal,False,enet,no_policy_rate__d4,66,2,0.0303,0,-0.0735,2022Q3,2022Q4,0,0,0.07692,9.697
d_og,1,arcal,False,enet,no_policy_rate__lvl,66,2,0.0303,0,-0.09515,2022Q3,2022Q4,0,0,0.07692,9.697
d_og,1,arcal,False,enet,nw_food_ppi_dyoy,66,2,0.0303,0.5,-0.09621,2023Q1,2024Q4,0,0,0.07692,9.697
d_og,1,arcal,False,enet,nw_retail_food_vol_dyoy,66,2,0.0303,0,-0.01199,2024Q3,2024Q4,0,0,0.07692,9.697
d_og,1,arcal,False,enet,packaging_us_dyoy,66,2,0.0303,0,-0.1012,2019Q3,2019Q4,0,0.1,0,9.697
d_og,1,arcal,False,enet,packaging_us_yoy,66,2,0.0303,0,-0.09673,2019Q3,2019Q4,0,0.1,0,9.697
d_og,1,arcal,False,enet,price_cost_gap_agri,66,2,0.0303,1,0.05723,2022Q3,2023Q1,0,0,0.07692,9.697
d_og,1,arcal,False,enet,se_gov_bond_10y__d4,66,2,0.0303,0,-0.09919,2015Q1,2023Q1,0,0.05,0.03846,9.697
d_og,1,arcal,False,enet,w_fx_vs_nok_yoy,66,2,0.0303,0.5,0.09633,2015Q1,2022Q3,0,0.05,0.03846,9.697
d_og,1,arcal,False,enet,w_real_wage_dyoy,66,2,0.0303,0,-0.01358,2015Q1,2024Q4,0,0.05,0.03846,9.697
d_og,1,arcal,False,enet,w_unemp_lvl,66,2,0.0303,0,-0.1872,2015Q1,2023Q1,0,0.05,0.03846,9.697
d_og,1,arcal,False,enet,eu_agri_basket_dyoy,66,1,0.01515,1,0.004588,2015Q1,2015Q1,0,0.05,0,9.697
d_og,1,arcal,False,enet,eu_agri_basket_wloc_dyoy,66,1,0.01515,1,0.502,2015Q1,2015Q1,0,0.05,0,9.697
d_og,1,arcal,False,enet,eu_ppi_dom_c105_idx__dyoy,66,1,0.01515,0,-0.3272,2023Q1,2023Q1,0,0,0.03846,9.697
d_og,1,arcal,False,enet,eu_ppi_dom_c107_idx__yoy,66,1,0.01515,0,-0.1101,2015Q1,2015Q1,0,0.05,0,9.697
d_og,1,arcal,False,enet,fao_ffpi_sek_yoy,66,1,0.01515,1,0.001733,2010Q1,2010Q1,0.05,0,0,9.697
d_og,1,arcal,False,enet,fao_ffpi_wloc_yoy,66,1,0.01515,0,-0.003734,2023Q1,2023Q1,0,0,0.03846,9.697
d_og,1,arcal,False,enet,glob_fao_cereals_idx__dyoy,66,1,0.01515,0,-0.01823,2015Q1,2015Q1,0,0.05,0,9.697
d_og,1,arcal,False,enet,glob_fao_ffpi__dyoy,66,1,0.01515,0,-0.1019,2015Q1,2015Q1,0,0.05,0,9.697
d_og,1,arcal,False,enet,glob_fao_ffpi_eur__yoy,66,1,0.01515,0,-0.0731,2023Q1,2023Q1,0,0,0.03846,9.697
d_og,1,arcal,False,enet,glob_fao_ffpi_nok__yoy,66,1,0.01515,0,-0.06076,2023Q1,2023Q1,0,0,0.03846,9.697
d_og,1,arcal,False,enet,glob_fao_vegoils_idx__dyoy,66,1,0.01515,0,-0.1981,2015Q1,2015Q1,0,0.05,0,9.697
d_og,1,arcal,False,enet,glob_wb_food_idx__dyoy,66,1,0.01515,0,-1.106,2015Q1,2015Q1,0,0.05,0,9.697
d_og,1,arcal,False,enet,glob_wb_food_idx__yoy,66,1,0.01515,1,0.1124,2015Q1,2015Q1,0,0.05,0,9.697
d_og,1,arcal,False,enet,no_cpi_food_idx__dyoy,66,1,0.01515,0,-0.3553,2023Q1,2023Q1,0,0,0.03846,9.697
d_og,1,arcal,False,enet,no_earn_idx_food_manuf_q__dyoy,66,1,0.01515,1,0.539,2015Q1,2015Q1,0,0.05,0,9.697
d_og,1,arcal,False,enet,no_jordbruk_malpris_mnok__lvl,66,1,0.01515,1,0.2278,2023Q1,2023Q1,0,0,0.03846,9.697
d_og,1,arcal,False,enet,no_ppi_food_dom_idx__dyoy,66,1,0.01515,1,0.02157,2022Q4,2022Q4,0,0,0.03846,9.697
d_og,1,arcal,False,enet,no_ppi_food_dom_idx__yoy,66,1,0.01515,0,-0.2882,2015Q1,2015Q1,0,0.05,0,9.697
d_og,1,arcal,False,enet,no_real_wage_qna_yoy_q__d4,66,1,0.01515,0,-0.2646,2015Q1,2015Q1,0,0.05,0,9.697
d_og,1,arcal,False,enet,no_retail_foodstores_vol_sa_idx__dyoy,66,1,0.01515,1,0.3042,2015Q1,2015Q1,0,0.05,0,9.697
d_og,1,arcal,False,enet,no_vat_food_rate__d4,66,1,0.01515,0,-0.3389,2015Q1,2015Q1,0,0.05,0,9.697
d_og,1,arcal,False,enet,nw_food_cpi_xvat_dyoy,66,1,0.01515,0,-0.0219,2015Q1,2015Q1,0,0.05,0,9.697
d_og,1,arcal,False,enet,nw_retail_food_vol_yoy,66,1,0.01515,1,0.02577,2023Q1,2023Q1,0,0,0.03846,9.697
d_og,1,arcal,False,enet,price_cost_gap_agri_d4,66,1,0.01515,0,-0.07204,2015Q1,2015Q1,0,0.05,0,9.697
d_og,1,arcal,False,enet,price_cost_gap_fao_nok_d4,66,1,0.01515,1,0.2473,2015Q1,2015Q1,0,0.05,0,9.697
d_og,1,arcal,False,enet,price_cost_gap_ppi,66,1,0.01515,1,0.05545,2023Q1,2023Q1,0,0,0.03846,9.697
d_og,1,arcal,False,enet,price_wage_gap,66,1,0.01515,1,0.005006,2015Q1,2015Q1,0,0.05,0,9.697
d_og,1,arcal,False,enet,se_cpi_food_idx__yoy,66,1,0.01515,1,0.09168,2023Q1,2023Q1,0,0,0.03846,9.697
d_og,1,arcal,False,enet,se_ec_cons_conf__lvl,66,1,0.01515,0,-0.2692,2015Q1,2015Q1,0,0.05,0,9.697
d_og,1,arcal,False,enet,se_eursek__yoy,66,1,0.01515,1,0.1411,2023Q1,2023Q1,0,0,0.03846,9.697
d_og,1,arcal,False,enet,se_policy_rate__lvl,66,1,0.01515,1,0.5125,2015Q1,2015Q1,0,0.05,0,9.697
d_og,1,arcal,False,enet,se_retail_grocery_vol_sa_idx__dyoy,66,1,0.01515,0,-0.1501,2023Q1,2023Q1,0,0,0.03846,9.697
d_og,1,arcal,False,enet,w_cons_conf_z,66,1,0.01515,0,-0.0002555,2022Q4,2022Q4,0,0,0.03846,9.697
d_og,1,arcal,False,enet,w_ec_cons_price_exp_d4,66,1,0.01515,1,0.3109,2023Q1,2023Q1,0,0,0.03846,9.697
d_og,1,arcal,False,enet,w_gdp_vol_dyoy,66,1,0.01515,0,-0.08058,2023Q1,2023Q1,0,0,0.03846,9.697
d_og,1,arcal,False,enet,w_gov10y_lvl,66,1,0.01515,0,-0.005171,2019Q3,2019Q3,0,0.05,0,9.697
d_og,1,arcal,False,enet,w_hh_saving_lvl,66,1,0.01515,1,0.1988,2015Q1,2015Q1,0,0.05,0,9.697
d_og,1,arcal,False,enet,w_real_wage_yoy,66,1,0.01515,1,0.07677,2023Q1,2023Q1,0,0,0.03846,9.697
d_og,1,arcal,False,lasso,se_eursek__dyoy,66,17,0.2576,1,0.7253,2013Q3,2026Q2,0.3,0.1,0.3462,7.091
d_og,1,arcal,False,lasso,w_hh_saving_d4,66,16,0.2424,0,-0.3403,2013Q3,2026Q2,0.15,0.2,0.3462,7.091
d_og,1,arcal,False,lasso,no_earn_idx_food_manuf_q__yoy,66,13,0.197,0.07692,-0.3518,2013Q3,2026Q2,0.05,0.15,0.3462,7.091
d_og,1,arcal,False,lasso,w_ec_cons_price_exp_lvl,66,13,0.197,1,1.469,2013Q3,2024Q4,0.3,0.15,0.1538,7.091
d_og,1,arcal,False,lasso,se_ec_cons_conf__d4,66,11,0.1667,0,-0.3703,2015Q1,2021Q4,0,0.2,0.2692,7.091
d_og,1,arcal,False,lasso,ea_ec_food_ind_sell_price_exp__lvl,66,10,0.1515,1,0.2064,2014Q3,2026Q2,0.1,0,0.3077,7.091
d_og,1,arcal,False,lasso,ea_negotiated_wages_yoy_q__lvl,66,10,0.1515,0,-0.4206,2019Q3,2026Q2,0,0.05,0.3462,7.091
d_og,1,arcal,False,lasso,eu_ppi_dom_c108_idx__dyoy,66,10,0.1515,0.9,0.3652,2013Q4,2026Q1,0.2,0.1,0.1538,7.091
d_og,1,arcal,False,lasso,se_nier_food_mfg_sell_price_exp__d4,66,10,0.1515,1,0.4662,2019Q2,2026Q2,0,0.1,0.3077,7.091
d_og,1,arcal,False,lasso,glob_gscpi__d4,66,9,0.1364,0,-0.272,2013Q3,2023Q2,0.1,0.15,0.1538,7.091
d_og,1,arcal,False,lasso,ea_negotiated_wages_yoy_q__d4,66,8,0.1212,0.625,0.2664,2013Q3,2026Q2,0.15,0.1,0.1154,7.091
d_og,1,arcal,False,lasso,glob_fao_dairy_idx__yoy,66,8,0.1212,0,-1.539,2019Q3,2026Q2,0,0.05,0.2692,7.091
d_og,1,arcal,False,lasso,glob_wb_food_idx_nok__yoy,66,8,0.1212,0.875,0.2008,2019Q2,2026Q1,0,0.1,0.2308,7.091
d_og,1,arcal,False,lasso,se_na_hhcons_food_sa__yoy,66,8,0.1212,1,1.018,2015Q1,2026Q2,0,0.15,0.1923,7.091
d_og,1,arcal,False,lasso,w_retail_total_vol_yoy,66,8,0.1212,1,0.8571,2013Q4,2026Q2,0.05,0.1,0.1923,7.091
d_og,1,arcal,False,lasso,eu_ppi_dom_c108_idx__yoy,66,7,0.1061,0.4286,-0.4567,2013Q3,2015Q2,0.3,0.05,0,7.091
d_og,1,arcal,False,lasso,no_cpi_food_idx__yoy,66,7,0.1061,0,-0.6177,2013Q3,2023Q2,0.15,0.1,0.07692,7.091
d_og,1,arcal,False,lasso,no_earn_idx_food_manuf_q__dyoy,66,7,0.1061,1,0.706,2013Q3,2023Q2,0.15,0.1,0.07692,7.091
d_og,1,arcal,False,lasso,no_ssb_bts_consgoods_home_price_exp__lvl,66,7,0.1061,1,0.3567,2015Q1,2026Q2,0,0.1,0.1923,7.091
d_og,1,arcal,False,lasso,se_nier_food_mfg_sell_price_exp__lvl,66,7,0.1061,1,0.2973,2015Q2,2023Q2,0,0.15,0.1538,7.091
d_og,1,arcal,False,lasso,w_food_cpi_rel_dyoy,66,7,0.1061,0,-0.5078,2013Q3,2023Q2,0.15,0.1,0.07692,7.091
d_og,1,arcal,False,lasso,glob_fao_vegoils_idx__yoy,66,6,0.09091,1,0.5543,2013Q3,2026Q2,0.15,0.05,0.07692,7.091
d_og,1,arcal,False,lasso,no_cpi_food_idx__dyoy,66,6,0.09091,0.5,0.02173,2013Q3,2026Q2,0.15,0,0.1154,7.091
d_og,1,arcal,False,lasso,no_cpi_total_idx__dyoy,66,6,0.09091,1,0.6141,2013Q3,2023Q2,0.15,0.05,0.07692,7.091
d_og,1,arcal,False,lasso,no_fn_cci_sa__d4,66,6,0.09091,0,-0.6575,2022Q3,2026Q2,0,0,0.2308,7.091
d_og,1,arcal,False,lasso,no_govbond_10y__d4,66,6,0.09091,0,-0.5869,2022Q3,2026Q2,0,0,0.2308,7.091
d_og,1,arcal,False,lasso,no_vat_food_rate__d4,66,6,0.09091,0,-0.3304,2013Q3,2026Q2,0.15,0.05,0.07692,7.091
d_og,1,arcal,False,lasso,nw_cons_conf_z_d4,66,6,0.09091,0,-0.5755,2019Q2,2025Q4,0,0.1,0.1538,7.091
d_og,1,arcal,False,lasso,price_cost_gap_fao_wloc,66,6,0.09091,0,-0.6778,2022Q4,2025Q2,0,0,0.2308,7.091
d_og,1,arcal,False,lasso,w_fx_vs_usd_dyoy,66,6,0.09091,1,0.3897,2013Q3,2022Q3,0.05,0.2,0.03846,7.091
d_og,1,arcal,False,lasso,brent_nok_dyoy,66,5,0.07576,0,-0.6109,2013Q3,2019Q3,0.05,0.2,0,7.091
d_og,1,arcal,False,lasso,ea_hicp_food_idx__dyoy,66,5,0.07576,1,0.8508,2022Q3,2026Q2,0,0,0.1923,7.091
d_og,1,arcal,False,lasso,elec_nordic_loc_dyoy,66,5,0.07576,0,-0.6438,2013Q3,2023Q2,0.05,0.05,0.1154,7.091
d_og,1,arcal,False,lasso,elec_nordic_loc_yoy,66,5,0.07576,0,-0.1657,2013Q3,2026Q2,0.1,0.1,0.03846,7.091
d_og,1,arcal,False,lasso,glob_fao_sugar_idx__dyoy,66,5,0.07576,0,-0.2805,2022Q3,2026Q2,0,0,0.1923,7.091
d_og,1,arcal,False,lasso,glob_wb_food_idx__dyoy,66,5,0.07576,0,-1.808,2013Q3,2015Q2,0.15,0.1,0,7.091
d_og,1,arcal,False,lasso,se_retail_grocery_vol_sa_idx__dyoy,66,5,0.07576,0,-0.3553,2013Q3,2023Q2,0.15,0,0.07692,7.091
d_og,1,arcal,False,lasso,se_wage_idx_m__dyoy,66,5,0.07576,0.6,-0.059,2013Q3,2026Q2,0.1,0,0.1154,7.091
d_og,1,arcal,False,lasso,se_wage_idx_m__yoy,66,5,0.07576,0,-0.4998,2013Q3,2019Q3,0.15,0.1,0,7.091
d_og,1,arcal,False,lasso,us_ppi_corrugated_boxes_idx__dyoy,66,5,0.07576,0,-0.2771,2019Q3,2026Q2,0,0.05,0.1538,7.091
d_og,1,arcal,False,lasso,us_ppi_plastic_resins_idx__yoy,66,5,0.07576,0.8,0.02188,2013Q3,2026Q1,0.05,0,0.1538,7.091
d_og,1,arcal,False,lasso,eu_ppi_plastic_products_idx__dyoy,66,4,0.06061,0,-1.568,2013Q3,2015Q1,0.15,0.05,0,7.091
d_og,1,arcal,False,lasso,glob_fao_meat_idx__dyoy,66,4,0.06061,0,-0.1567,2013Q3,2022Q3,0.15,0,0.03846,7.091
d_og,1,arcal,False,lasso,glob_gscpi__lvl,66,4,0.06061,1,0.1398,2015Q2,2026Q2,0,0.05,0.1154,7.091
d_og,1,arcal,False,lasso,no_fn_cci_sa__lvl,66,4,0.06061,0.75,1.023,2013Q3,2022Q4,0.15,0,0.03846,7.091
d_og,1,arcal,False,lasso,no_qna_hh_food_cons_sa_mnok__yoy,66,4,0.06061,1,0.3952,2022Q3,2026Q2,0,0,0.1538,7.091
d_og,1,arcal,False,lasso,no_real_wage_qna_yoy_q__d4,66,4,0.06061,0,-0.8392,2013Q3,2015Q1,0.15,0.05,0,7.091
d_og,1,arcal,False,lasso,se_cpi_food_idx__dyoy,66,4,0.06061,1,0.7652,2022Q4,2026Q2,0,0,0.1538,7.091
d_og,1,arcal,False,lasso,se_ec_cons_conf__lvl,66,4,0.06061,0,-0.4287,2013Q3,2015Q2,0.1,0.1,0,7.091
d_og,1,arcal,False,lasso,se_na_hhcons_food_sa__dyoy,66,4,0.06061,0,-0.9957,2013Q4,2023Q2,0.1,0,0.07692,7.091
d_og,1,arcal,False,lasso,w_fx_vs_usd_yoy,66,4,0.06061,0,-1.024,2014Q1,2026Q2,0.05,0,0.1154,7.091
d_og,1,arcal,False,lasso,w_gdp_vol_yoy,66,4,0.06061,1,0.07792,2024Q4,2026Q1,0,0,0.1538,7.091
d_og,1,arcal,False,lasso,w_hh_saving_lvl,66,4,0.06061,1,0.4968,2013Q3,2026Q2,0.15,0,0.03846,7.091
d_og,1,arcal,False,lasso,ea_ec_food_ind_sell_price_exp__d4,66,3,0.04545,1,0.2113,2022Q4,2026Q2,0,0,0.1154,7.091
d_og,1,arcal,False,lasso,eu_agri_basket_wloc_dyoy,66,3,0.04545,1,0.1627,2013Q3,2015Q1,0.1,0.05,0,7.091
d_og,1,arcal,False,lasso,glob_fao_dairy_idx__dyoy,66,3,0.04545,0.6667,0.09328,2015Q2,2023Q2,0,0.05,0.07692,7.091
d_og,1,arcal,False,lasso,glob_fao_sugar_idx__yoy,66,3,0.04545,0.6667,0.1095,2013Q3,2026Q2,0.05,0.05,0.03846,7.091
d_og,1,arcal,False,lasso,no_cpi_total_idx__yoy,66,3,0.04545,1,0.5513,2015Q2,2023Q2,0,0.05,0.07692,7.091
d_og,1,arcal,False,lasso,no_jordbruk_malpris_mnok__lvl,66,3,0.04545,1,0.4735,2023Q1,2026Q2,0,0,0.1154,7.091
d_og,1,arcal,False,lasso,no_qna_hh_food_cons_sa_mnok__dyoy,66,3,0.04545,1,0.5798,2015Q1,2023Q2,0,0.1,0.03846,7.091
d_og,1,arcal,False,lasso,packaging_eu_dyoy,66,3,0.04545,1,0.1348,2024Q3,2025Q2,0,0,0.1154,7.091
d_og,1,arcal,False,lasso,price_cost_gap_fao_nok,66,3,0.04545,0,-0.3671,2022Q3,2026Q2,0,0,0.1154,7.091
d_og,1,arcal,False,lasso,se_cpi_idx__yoy,66,3,0.04545,1,0.4677,2022Q4,2026Q2,0,0,0.1154,7.091
d_og,1,arcal,False,lasso,se_policy_rate__d4,66,3,0.04545,0,-0.7933,2022Q4,2023Q2,0,0,0.1154,7.091
d_og,1,arcal,False,lasso,se_policy_rate__lvl,66,3,0.04545,1,0.4172,2013Q4,2015Q1,0.1,0.05,0,7.091
d_og,1,arcal,False,lasso,w_ec_food_ind_sell_price_exp_d4,66,3,0.04545,1,0.2629,2019Q2,2022Q3,0,0.1,0.03846,7.091
d_og,1,arcal,False,lasso,w_fx_vs_nok_yoy,66,3,0.04545,1,0.5943,2013Q3,2014Q1,0.15,0,0,7.091
d_og,1,arcal,False,lasso,wb_food_sek_dyoy,66,3,0.04545,1,0.04373,2019Q2,2026Q1,0,0.05,0.07692,7.091
d_og,1,arcal,False,lasso,wb_food_sek_yoy,66,3,0.04545,1,0.0878,2025Q2,2025Q4,0,0,0.1154,7.091
d_og,1,arcal,False,lasso,eu_ppi_dom_c103_idx__dyoy,66,2,0.0303,0,-0.2132,2023Q1,2023Q2,0,0,0.07692,7.091
d_og,1,arcal,False,lasso,eu_ppi_dom_c106_idx__yoy,66,2,0.0303,1,0.262,2026Q1,2026Q2,0,0,0.07692,7.091
d_og,1,arcal,False,lasso,eu_ppi_plastic_products_idx__yoy,66,2,0.0303,0,-1.634,2015Q1,2015Q2,0,0.1,0,7.091
d_og,1,arcal,False,lasso,glob_fao_meat_idx__yoy,66,2,0.0303,1,0.2381,2015Q2,2023Q2,0,0.05,0.03846,7.091
d_og,1,arcal,False,lasso,no_imp_price_food_idx__yoy,66,2,0.0303,0,-0.1045,2013Q4,2014Q1,0.1,0,0,7.091
d_og,1,arcal,False,lasso,no_nbes_bl_sell_price_di__lvl,66,2,0.0303,0,-0.7392,2023Q1,2023Q2,0,0,0.07692,7.091
d_og,1,arcal,False,lasso,no_ppi_food_dom_idx__yoy,66,2,0.0303,0.5,0.0254,2014Q1,2022Q4,0.05,0,0.03846,7.091
d_og,1,arcal,False,lasso,no_retail_foodstores_vol_sa_idx__dyoy,66,2,0.0303,1,0.03755,2013Q4,2015Q1,0.05,0.05,0,7.091
d_og,1,arcal,False,lasso,nw_price_cost_gap_ppi,66,2,0.0303,0,-0.09872,2025Q3,2025Q4,0,0,0.07692,7.091
d_og,1,arcal,False,lasso,nw_real_wage_yoy,66,2,0.0303,1,0.3889,2023Q1,2023Q2,0,0,0.07692,7.091
d_og,1,arcal,False,lasso,price_cost_gap_fao_nok_d4,66,2,0.0303,1,0.5529,2014Q1,2015Q1,0.05,0.05,0,7.091
d_og,1,arcal,False,lasso,price_wage_gap_d4,66,2,0.0303,0,-0.02529,2023Q1,2023Q2,0,0,0.07692,7.091
d_og,1,arcal,False,lasso,se_gov_bond_10y__d4,66,2,0.0303,0,-0.3118,2015Q2,2023Q1,0,0.05,0.03846,7.091
d_og,1,arcal,False,lasso,w_cpi_dyoy,66,2,0.0303,1,0.2451,2014Q1,2023Q2,0.05,0,0.03846,7.091
d_og,1,arcal,False,lasso,w_ec_cons_price_exp_d4,66,2,0.0303,1,0.2768,2023Q1,2023Q2,0,0,0.07692,7.091
d_og,1,arcal,False,lasso,w_ec_food_ind_sell_price_exp_lvl,66,2,0.0303,0,-0.2286,2013Q3,2013Q4,0.1,0,0,7.091
d_og,1,arcal,False,lasso,w_food_ppi_dyoy,66,2,0.0303,0,-0.7516,2023Q1,2023Q2,0,0,0.07692,7.091
d_og,1,arcal,False,lasso,w_real_wage_dyoy,66,2,0.0303,0,-0.1808,2015Q1,2015Q2,0,0.1,0,7.091
d_og,1,arcal,False,lasso,brent_nok_yoy,66,1,0.01515,0,-0.01196,2026Q2,2026Q2,0,0,0.03846,7.091
d_og,1,arcal,False,lasso,eu_agri_basket_wloc_yoy,66,1,0.01515,0,-0.311,2023Q1,2023Q1,0,0,0.03846,7.091
d_og,1,arcal,False,lasso,eu_agri_basket_yoy,66,1,0.01515,0,-0.07112,2022Q3,2022Q3,0,0,0.03846,7.091
d_og,1,arcal,False,lasso,eu_ppi_dom_c105_idx__dyoy,66,1,0.01515,0,-0.7386,2023Q2,2023Q2,0,0,0.03846,7.091
d_og,1,arcal,False,lasso,eu_ppi_dom_c105_idx__yoy,66,1,0.01515,1,1.205,2015Q2,2015Q2,0,0.05,0,7.091
d_og,1,arcal,False,lasso,eu_ppi_dom_food_mfg_idx__yoy,66,1,0.01515,0,-1.156,2023Q1,2023Q1,0,0,0.03846,7.091
d_og,1,arcal,False,lasso,eu_ppi_paper_packaging_idx__dyoy,66,1,0.01515,1,0.03538,2022Q4,2022Q4,0,0,0.03846,7.091
d_og,1,arcal,False,lasso,fao_ffpi_sek_dyoy,66,1,0.01515,1,0.2071,2014Q1,2014Q1,0.05,0,0,7.091
d_og,1,arcal,False,lasso,no_jordbruk_malpris_mnok__d4,66,1,0.01515,1,0.05447,2025Q3,2025Q3,0,0,0.03846,7.091
d_og,1,arcal,False,lasso,no_ppi_food_dom_idx__dyoy,66,1,0.01515,1,0.03919,2022Q4,2022Q4,0,0,0.03846,7.091
d_og,1,arcal,False,lasso,no_real_wage_qna_yoy_q__lvl,66,1,0.01515,1,0.4021,2015Q2,2015Q2,0,0.05,0,7.091
d_og,1,arcal,False,lasso,no_vat_food_rate__lvl,66,1,0.01515,1,0.1951,2026Q2,2026Q2,0,0,0.03846,7.091
d_og,1,arcal,False,lasso,nw_food_cpi_xvat_dyoy,66,1,0.01515,0,-0.01117,2015Q2,2015Q2,0,0.05,0,7.091
d_og,1,arcal,False,lasso,nw_food_cpi_yoy,66,1,0.01515,0,-0.309,2014Q1,2014Q1,0.05,0,0,7.091
d_og,1,arcal,False,lasso,packaging_us_dyoy,66,1,0.01515,0,-0.05609,2019Q3,2019Q3,0,0.05,0,7.091
d_og,1,arcal,False,lasso,packaging_us_yoy,66,1,0.01515,0,-0.1012,2019Q3,2019Q3,0,0.05,0,7.091
d_og,1,arcal,False,lasso,price_cost_gap_agri,66,1,0.01515,1,0.07388,2023Q2,2023Q2,0,0,0.03846,7.091
d_og,1,arcal,False,lasso,price_cost_gap_ppi,66,1,0.01515,1,0.357,2023Q2,2023Q2,0,0,0.03846,7.091
d_og,1,arcal,False,lasso,se_gov_bond_10y__lvl,66,1,0.01515,0,-0.06492,2026Q2,2026Q2,0,0,0.03846,7.091
d_og,1,arcal,False,lasso,se_real_wage_yoy_q__lvl,66,1,0.01515,1,0.01464,2023Q1,2023Q1,0,0,0.03846,7.091
d_og,1,arcal,False,lasso,w_gov10y_d4,66,1,0.01515,0,-0.7589,2015Q2,2015Q2,0,0.05,0,7.091
d_og,1,arcal,False,lasso,w_gov10y_lvl,66,1,0.01515,0,-0.818,2023Q2,2023Q2,0,0,0.03846,7.091
d_og,1,arcal,False,lasso,w_retail_food_vol_dyoy,66,1,0.01515,0,-0.05403,2023Q1,2023Q1,0,0,0.03846,7.091
d_og,1,arcal,False,lasso,w_unemp_d4,66,1,0.01515,1,0.2463,2026Q2,2026Q2,0,0,0.03846,7.091
d_og,1,arcal,False,lasso,w_unemp_lvl,66,1,0.01515,0,-0.3262,2023Q1,2023Q1,0,0,0.03846,7.091
d_og,1,arcal,False,lasso,w_wage_yoy,66,1,0.01515,1,0.2288,2026Q2,2026Q2,0,0,0.03846,7.091
d_og,1,oglev,True,enet,glob_gscpi__lvl,66,23,0.3485,1,0.2489,2010Q1,2026Q2,0.35,0,0.6154,7.394
d_og,1,oglev,True,enet,ea_ec_food_ind_sell_price_exp__lvl,66,20,0.303,1,0.1731,2010Q3,2026Q2,0.3,0,0.5385,7.394
d_og,1,oglev,True,enet,no_earn_idx_food_manuf_q__yoy,66,19,0.2879,0,-0.1408,2010Q3,2026Q2,0.3,0,0.5,7.394
d_og,1,oglev,True,enet,se_eursek__dyoy,66,19,0.2879,1,0.2335,2010Q3,2026Q2,0.3,0,0.5,7.394
d_og,1,oglev,True,enet,se_gov_bond_10y__lvl,66,19,0.2879,0.3158,0.02556,2010Q3,2026Q2,0.3,0,0.5,7.394
d_og,1,oglev,True,enet,w_gov10y_lvl,66,18,0.2727,0.3333,0.02169,2010Q3,2025Q4,0.3,0,0.4615,7.394
d_og,1,oglev,True,enet,nw_cons_conf_z,66,17,0.2576,0,-0.1869,2010Q1,2026Q2,0.1,0,0.5769,7.394
d_og,1,oglev,True,enet,se_nier_food_mfg_sell_price_exp__lvl,66,17,0.2576,1,0.1301,2011Q4,2026Q2,0.05,0,0.6154,7.394
d_og,1,oglev,True,enet,no_fn_cci_sa__lvl,66,15,0.2273,0,-0.226,2010Q1,2026Q2,0.1,0,0.5,7.394
d_og,1,oglev,True,enet,wb_food_sek_yoy,66,15,0.2273,1,0.06577,2022Q3,2026Q1,0,0,0.5769,7.394
d_og,1,oglev,True,enet,nw_retail_food_vol_dyoy,66,14,0.2121,0,-0.089,2022Q4,2026Q1,0,0,0.5385,7.394
d_og,1,oglev,True,enet,se_na_hhcons_food_sa__dyoy,66,13,0.197,0,-0.08709,2022Q3,2026Q2,0,0,0.5,7.394
d_og,1,oglev,True,enet,wb_food_sek_dyoy,66,13,0.197,1,0.0778,2022Q3,2026Q2,0,0,0.5,7.394
d_og,1,oglev,True,enet,no_govbond_10y__lvl,66,12,0.1818,0.08333,-0.02196,2011Q3,2026Q2,0.05,0,0.4231,7.394
d_og,1,oglev,True,enet,w_retail_food_vol_dyoy,66,12,0.1818,0,-0.03292,2011Q3,2026Q1,0.05,0,0.4231,7.394
d_og,1,oglev,True,enet,se_nier_food_mfg_sell_price_exp__d4,66,11,0.1667,1,0.09057,2022Q3,2026Q2,0,0,0.4231,7.394
d_og,1,oglev,True,enet,no_ssb_bts_consgoods_home_price_exp__lvl,66,10,0.1515,1,0.0901,2010Q4,2025Q2,0.25,0,0.1923,7.394
d_og,1,oglev,True,enet,se_cpi_idx__yoy,66,10,0.1515,1,0.09521,2010Q3,2026Q2,0.3,0,0.1538,7.394
d_og,1,oglev,True,enet,se_real_wage_yoy_q__lvl,66,10,0.1515,0,-0.09383,2023Q3,2026Q2,0,0,0.3846,7.394
d_og,1,oglev,True,enet,w_ec_cons_price_exp_lvl,66,10,0.1515,1,0.3269,2010Q3,2026Q2,0.3,0,0.1538,7.394
d_og,1,oglev,True,enet,ea_negotiated_wages_yoy_q__lvl,66,9,0.1364,0.5556,0.08882,2010Q4,2026Q2,0.25,0,0.1538,7.394
d_og,1,oglev,True,enet,eu_ppi_dom_c108_idx__dyoy,66,9,0.1364,1,0.0639,2022Q3,2026Q2,0,0,0.3462,7.394
d_og,1,oglev,True,enet,w_cpi_dyoy,66,9,0.1364,1,0.06572,2023Q3,2026Q1,0,0,0.3462,7.394
d_og,1,oglev,True,enet,w_cpi_yoy,66,9,0.1364,1,0.1315,2010Q3,2026Q2,0.3,0,0.1154,7.394
d_og,1,oglev,True,enet,eu_ppi_dom_c103_idx__yoy,66,7,0.1061,1,0.4806,2010Q1,2011Q4,0.35,0,0,7.394
d_og,1,oglev,True,enet,eu_ppi_plastic_products_idx__yoy,66,7,0.1061,0.5714,-0.0006701,2010Q1,2026Q1,0.15,0,0.1538,7.394
d_og,1,oglev,True,enet,w_hh_saving_d4,66,7,0.1061,0,-0.2269,2010Q3,2026Q2,0.3,0,0.03846,7.394
d_og,1,oglev,True,enet,ea_negotiated_wages_yoy_q__d4,66,6,0.09091,1,0.06693,2010Q3,2022Q3,0.25,0,0.03846,7.394
d_og,1,oglev,True,enet,no_cpi_total_idx__yoy,66,6,0.09091,1,0.3831,2010Q3,2011Q4,0.3,0,0,7.394
d_og,1,oglev,True,enet,no_qna_hh_food_cons_sa_mnok__dyoy,66,6,0.09091,0,-0.1146,2010Q3,2011Q4,0.3,0,0,7.394
d_og,1,oglev,True,enet,no_retail_foodstores_vol_sa_idx__dyoy,66,6,0.09091,0,-0.2187,2010Q3,2011Q4,0.3,0,0,7.394
d_og,1,oglev,True,enet,price_wage_gap_d4,66,6,0.09091,0,-0.114,2010Q3,2011Q4,0.3,0,0,7.394
d_og,1,oglev,True,enet,w_fx_vs_eur_dyoy,66,6,0.09091,1,0.4135,2010Q3,2011Q4,0.3,0,0,7.394
d_og,1,oglev,True,enet,ea_ec_food_ind_sell_price_exp__d4,66,5,0.07576,1,0.06373,2022Q3,2026Q2,0,0,0.1923,7.394
d_og,1,oglev,True,enet,no_earn_idx_food_manuf_q__dyoy,66,5,0.07576,0,-0.07532,2010Q3,2011Q4,0.25,0,0,7.394
d_og,1,oglev,True,enet,us_ppi_plastic_resins_idx__yoy,66,5,0.07576,0,-0.1431,2010Q3,2011Q3,0.25,0,0,7.394
d_og,1,oglev,True,enet,no_real_wage_qna_yoy_q__d4,66,4,0.06061,0,-0.1028,2010Q3,2011Q4,0.2,0,0,7.394
d_og,1,oglev,True,enet,price_cost_gap_fao_wloc,66,4,0.06061,0,-0.02028,2010Q3,2011Q2,0.2,0,0,7.394
d_og,1,oglev,True,enet,se_wage_idx_m__dyoy,66,4,0.06061,1,0.1249,2023Q4,2026Q2,0,0,0.1538,7.394
d_og,1,oglev,True,enet,w_hh_saving_lvl,66,4,0.06061,1,0.0798,2010Q3,2011Q2,0.2,0,0,7.394
d_og,1,oglev,True,enet,w_retail_total_vol_dyoy,66,4,0.06061,0,-0.1788,2010Q4,2011Q4,0.2,0,0,7.394
d_og,1,oglev,True,enet,glob_wb_food_idx_eur__dyoy,66,3,0.04545,0,-0.05419,2010Q3,2011Q1,0.15,0,0,7.394
d_og,1,oglev,True,enet,no_real_wage_qna_yoy_q__lvl,66,3,0.04545,0,-0.05784,2010Q4,2011Q3,0.15,0,0,7.394
d_og,1,oglev,True,enet,nw_real_wage_dyoy,66,3,0.04545,1,0.02751,2011Q2,2011Q4,0.15,0,0,7.394
d_og,1,oglev,True,enet,nw_retail_food_vol_yoy,66,3,0.04545,0,-0.00925,2025Q2,2026Q1,0,0,0.1154,7.394
d_og,1,oglev,True,enet,packaging_eu_yoy,66,3,0.04545,1,0.02931,2025Q2,2026Q1,0,0,0.1154,7.394
d_og,1,oglev,True,enet,packaging_us_yoy,66,3,0.04545,0,-0.09318,2010Q3,2011Q1,0.15,0,0,7.394
d_og,1,oglev,True,enet,w_food_cpi_rel_yoy,66,3,0.04545,0,-0.07222,2022Q4,2023Q2,0,0,0.1154,7.394
d_og,1,oglev,True,enet,eu_agri_basket_wloc_dyoy,66,2,0.0303,1,0.1118,2011Q3,2011Q4,0.1,0,0,7.394
d_og,1,oglev,True,enet,glob_fao_ffpi_eur__dyoy,66,2,0.0303,0,-0.07554,2010Q4,2011Q1,0.1,0,0,7.394
d_og,1,oglev,True,enet,no_cpi_food_idx__yoy,66,2,0.0303,1,0.1704,2010Q1,2010Q2,0.1,0,0,7.394
d_og,1,oglev,True,enet,no_govbond_10y__d4,66,2,0.0303,0,-0.1198,2011Q4,2026Q2,0.05,0,0.03846,7.394
d_og,1,oglev,True,enet,no_jordbruk_malpris_mnok__lvl,66,2,0.0303,1,0.06658,2010Q1,2010Q2,0.1,0,0,7.394
d_og,1,oglev,True,enet,no_vat_food_rate__d4,66,2,0.0303,1,0.08784,2011Q3,2011Q4,0.1,0,0,7.394
d_og,1,oglev,True,enet,price_wage_gap,66,2,0.0303,0,-0.04068,2022Q4,2023Q1,0,0,0.07692,7.394
d_og,1,oglev,True,enet,se_ec_cons_conf__lvl,66,2,0.0303,0,-0.008511,2025Q4,2026Q2,0,0,0.07692,7.394
d_og,1,oglev,True,enet,w_cons_conf_z,66,2,0.0303,0,-0.1112,2010Q1,2010Q2,0.1,0,0,7.394
d_og,1,oglev,True,enet,w_ec_food_ind_sell_price_exp_lvl,66,2,0.0303,1,0.01903,2010Q4,2011Q2,0.1,0,0,7.394
d_og,1,oglev,True,enet,w_fx_vs_usd_dyoy,66,2,0.0303,1,0.03608,2022Q4,2026Q2,0,0,0.07692,7.394
d_og,1,oglev,True,enet,w_gdp_vol_yoy,66,2,0.0303,0,-0.03127,2010Q1,2010Q2,0.1,0,0,7.394
d_og,1,oglev,True,enet,w_retail_total_vol_yoy,66,2,0.0303,1,0.05727,2022Q4,2023Q1,0,0,0.07692,7.394
d_og,1,oglev,True,enet,w_wage_dyoy,66,2,0.0303,1,0.02139,2011Q1,2011Q2,0.1,0,0,7.394
d_og,1,oglev,True,enet,w_wage_yoy,66,2,0.0303,1,0.05366,2011Q4,2026Q2,0.05,0,0.03846,7.394
d_og,1,oglev,True,enet,elec_nordic_loc_dyoy,66,1,0.01515,1,0.02152,2011Q4,2011Q4,0.05,0,0,7.394
d_og,1,oglev,True,enet,eu_ppi_dom_c103_idx__dyoy,66,1,0.01515,1,0.07843,2011Q2,2011Q2,0.05,0,0,7.394
d_og,1,oglev,True,enet,glob_fao_meat_idx__yoy,66,1,0.01515,0,-0.01298,2026Q2,2026Q2,0,0,0.03846,7.394
d_og,1,oglev,True,enet,glob_wb_food_idx_nok__yoy,66,1,0.01515,1,0.01994,2025Q4,2025Q4,0,0,0.03846,7.394
d_og,1,oglev,True,enet,no_fx_eurnok__dyoy,66,1,0.01515,1,0.009422,2011Q2,2011Q2,0.05,0,0,7.394
d_og,1,oglev,True,enet,no_qna_hh_food_cons_sa_mnok__yoy,66,1,0.01515,1,0.01694,2023Q1,2023Q1,0,0,0.03846,7.394
d_og,1,oglev,True,enet,nw_food_cpi_yoy,66,1,0.01515,1,0.02388,2011Q4,2011Q4,0.05,0,0,7.394
d_og,1,oglev,True,enet,se_ec_cons_conf__d4,66,1,0.01515,0,-0.01211,2010Q1,2010Q1,0.05,0,0,7.394
d_og,1,oglev,True,enet,se_eursek__yoy,66,1,0.01515,1,0.0968,2026Q2,2026Q2,0,0,0.03846,7.394
d_og,1,oglev,True,enet,se_retail_grocery_vol_sa_idx__dyoy,66,1,0.01515,0,-0.02623,2023Q1,2023Q1,0,0,0.03846,7.394
d_og,1,oglev,True,enet,w_food_cpi_rel_dyoy,66,1,0.01515,0,-0.04355,2010Q3,2010Q3,0.05,0,0,7.394
d_og,1,oglev,True,enet,w_fx_vs_eur_yoy,66,1,0.01515,1,0.1671,2011Q4,2011Q4,0.05,0,0,7.394
d_og,1,oglev,True,lasso,glob_gscpi__lvl,66,21,0.3182,1,0.4207,2011Q1,2026Q2,0.2,0,0.6538,4.742
d_og,1,oglev,True,lasso,se_eursek__dyoy,66,20,0.303,1,0.3584,2010Q2,2026Q2,0.4,0,0.4615,4.742
d_og,1,oglev,True,lasso,se_gov_bond_10y__lvl,66,15,0.2273,0.4667,0.17,2010Q3,2025Q1,0.35,0,0.3077,4.742
d_og,1,oglev,True,lasso,se_nier_food_mfg_sell_price_exp__lvl,66,15,0.2273,1,0.1138,2012Q2,2026Q1,0.05,0,0.5385,4.742
d_og,1,oglev,True,lasso,ea_ec_food_ind_sell_price_exp__lvl,66,14,0.2121,1,0.213,2011Q3,2026Q2,0.05,0,0.5,4.742
d_og,1,oglev,True,lasso,no_earn_idx_food_manuf_q__yoy,66,13,0.197,0,-0.1765,2011Q1,2026Q2,0.25,0,0.3077,4.742
d_og,1,oglev,True,lasso,nw_cons_conf_z,66,13,0.197,0,-0.4521,2017Q3,2026Q2,0,0.05,0.4615,4.742
d_og,1,oglev,True,lasso,se_na_hhcons_food_sa__dyoy,66,10,0.1515,0,-0.08376,2022Q4,2026Q2,0,0,0.3846,4.742
d_og,1,oglev,True,lasso,w_ec_cons_price_exp_lvl,66,10,0.1515,1,0.6938,2010Q2,2023Q1,0.4,0,0.07692,4.742
d_og,1,oglev,True,lasso,ea_negotiated_wages_yoy_q__lvl,66,9,0.1364,0.5556,0.04633,2011Q1,2026Q2,0.25,0,0.1538,4.742
d_og,1,oglev,True,lasso,no_fn_cci_sa__lvl,66,9,0.1364,0,-0.2402,2010Q1,2026Q2,0.05,0,0.3077,4.742
d_og,1,oglev,True,lasso,wb_food_sek_dyoy,66,9,0.1364,1,0.07515,2023Q1,2026Q2,0,0,0.3462,4.742
d_og,1,oglev,True,lasso,eu_ppi_dom_c103_idx__yoy,66,8,0.1212,1,0.4906,2010Q1,2011Q4,0.4,0,0,4.742
d_og,1,oglev,True,lasso,no_cpi_total_idx__yoy,66,8,0.1212,1,0.4669,2010Q2,2012Q2,0.4,0,0,4.742
d_og,1,oglev,True,lasso,no_retail_foodstores_vol_sa_idx__dyoy,66,8,0.1212,0,-0.2377,2010Q2,2012Q2,0.4,0,0,4.742
d_og,1,oglev,True,lasso,price_wage_gap_d4,66,8,0.1212,0,-0.227,2010Q2,2012Q2,0.4,0,0,4.742
d_og,1,oglev,True,lasso,w_hh_saving_d4,66,8,0.1212,0,-0.1782,2010Q3,2026Q2,0.35,0,0.03846,4.742
d_og,1,oglev,True,lasso,eu_ppi_dom_c108_idx__dyoy,66,6,0.09091,1,0.08369,2022Q4,2024Q4,0,0,0.2308,4.742
d_og,1,oglev,True,lasso,nw_retail_food_vol_dyoy,66,6,0.09091,0,-0.1054,2022Q4,2024Q1,0,0,0.2308,4.742
d_og,1,oglev,True,lasso,w_cpi_dyoy,66,6,0.09091,1,0.08803,2023Q3,2025Q3,0,0,0.2308,4.742
d_og,1,oglev,True,lasso,w_fx_vs_eur_dyoy,66,6,0.09091,1,0.3834,2010Q3,2011Q4,0.3,0,0,4.742
d_og,1,oglev,True,lasso,no_ssb_bts_consgoods_home_price_exp__lvl,66,5,0.07576,1,0.1906,2011Q2,2022Q4,0.2,0,0.03846,4.742
d_og,1,oglev,True,lasso,se_real_wage_yoy_q__lvl,66,5,0.07576,0,-0.2008,2023Q4,2026Q2,0,0,0.1923,4.742
d_og,1,oglev,True,lasso,us_ppi_plastic_resins_idx__yoy,66,5,0.07576,0,-0.195,2010Q3,2011Q3,0.25,0,0,4.742
d_og,1,oglev,True,lasso,wb_food_sek_yoy,66,5,0.07576,1,0.07549,2022Q4,2026Q1,0,0,0.1923,4.742
d_og,1,oglev,True,lasso,no_earn_idx_food_manuf_q__dyoy,66,4,0.06061,0,-0.07845,2010Q2,2011Q1,0.2,0,0,4.742
d_og,1,oglev,True,lasso,no_qna_hh_food_cons_sa_mnok__dyoy,66,4,0.06061,0,-0.1852,2010Q3,2012Q2,0.2,0,0,4.742
d_og,1,oglev,True,lasso,no_real_wage_qna_yoy_q__d4,66,4,0.06061,0,-0.2925,2010Q2,2011Q1,0.2,0,0,4.742
d_og,1,oglev,True,lasso,no_real_wage_qna_yoy_q__lvl,66,4,0.06061,0,-0.1599,2011Q2,2012Q2,0.2,0,0,4.742
d_og,1,oglev,True,lasso,se_nier_food_mfg_sell_price_exp__d4,66,4,0.06061,1,0.2503,2022Q4,2026Q2,0,0,0.1538,4.742
d_og,1,oglev,True,lasso,w_hh_saving_lvl,66,4,0.06061,1,0.1513,2010Q2,2011Q3,0.2,0,0,4.742
d_og,1,oglev,True,lasso,glob_fao_ffpi_eur__dyoy,66,3,0.04545,0,-0.1668,2010Q3,2011Q1,0.15,0,0,4.742
d_og,1,oglev,True,lasso,no_vat_food_rate__d4,66,3,0.04545,1,0.1969,2011Q3,2012Q2,0.15,0,0,4.742
d_og,1,oglev,True,lasso,w_cpi_yoy,66,3,0.04545,1,0.08055,2010Q4,2011Q3,0.15,0,0,4.742
d_og,1,oglev,True,lasso,ea_ec_food_ind_sell_price_exp__d4,66,2,0.0303,1,0.05951,2022Q4,2023Q1,0,0,0.07692,4.742
d_og,1,oglev,True,lasso,ea_negotiated_wages_yoy_q__d4,66,2,0.0303,1,0.1782,2011Q2,2011Q4,0.1,0,0,4.742
d_og,1,oglev,True,lasso,glob_wb_food_idx_eur__dyoy,66,2,0.0303,0,-0.1004,2011Q1,2011Q3,0.1,0,0,4.742
d_og,1,oglev,True,lasso,no_govbond_10y__d4,66,2,0.0303,0,-0.2589,2012Q2,2026Q2,0.05,0,0.03846,4.742
d_og,1,oglev,True,lasso,nw_cons_conf_z_d4,66,2,0.0303,0,-0.2185,2017Q2,2017Q3,0,0.1,0,4.742
d_og,1,oglev,True,lasso,se_cpi_idx__yoy,66,2,0.0303,1,0.3064,2010Q2,2011Q3,0.1,0,0,4.742
d_og,1,oglev,True,lasso,se_wage_idx_m__dyoy,66,2,0.0303,1,0.2418,2023Q4,2026Q2,0,0,0.07692,4.742
d_og,1,oglev,True,lasso,w_gov10y_lvl,66,2,0.0303,0,-0.06483,2022Q3,2022Q4,0,0,0.07692,4.742
d_og,1,oglev,True,lasso,w_retail_total_vol_dyoy,66,2,0.0303,0,-0.2647,2011Q4,2012Q2,0.1,0,0,4.742
d_og,1,oglev,True,lasso,w_wage_yoy,66,2,0.0303,1,0.2109,2012Q2,2026Q2,0.05,0,0.03846,4.742
d_og,1,oglev,True,lasso,eu_agri_basket_wloc_dyoy,66,1,0.01515,1,0.1542,2011Q4,2011Q4,0.05,0,0,4.742
d_og,1,oglev,True,lasso,eu_ppi_plastic_products_idx__yoy,66,1,0.01515,0,-0.5675,2010Q2,2010Q2,0.05,0,0,4.742
d_og,1,oglev,True,lasso,glob_fao_ffpi_eur__yoy,66,1,0.01515,0,-0.174,2011Q3,2011Q3,0.05,0,0,4.742
d_og,1,oglev,True,lasso,glob_fao_meat_idx__yoy,66,1,0.01515,0,-0.05988,2026Q2,2026Q2,0,0,0.03846,4.742
d_og,1,oglev,True,lasso,no_cpi_food_idx__yoy,66,1,0.01515,1,0.1502,2010Q1,2010Q1,0.05,0,0,4.742
d_og,1,oglev,True,lasso,no_jordbruk_malpris_mnok__lvl,66,1,0.01515,1,0.01842,2010Q1,2010Q1,0.05,0,0,4.742
d_og,1,oglev,True,lasso,nw_food_cpi_yoy,66,1,0.01515,1,0.6055,2012Q2,2012Q2,0.05,0,0,4.742
d_og,1,oglev,True,lasso,nw_food_ppi_dyoy,66,1,0.01515,0,-0.0196,2010Q2,2010Q2,0.05,0,0,4.742
d_og,1,oglev,True,lasso,price_wage_gap,66,1,0.01515,0,-0.03614,2022Q4,2022Q4,0,0,0.03846,4.742
d_og,1,oglev,True,lasso,se_eursek__yoy,66,1,0.01515,1,0.06728,2026Q2,2026Q2,0,0,0.03846,4.742
d_og,1,oglev,True,lasso,w_cons_conf_z,66,1,0.01515,0,-0.1783,2010Q1,2010Q1,0.05,0,0,4.742
d_og,1,oglev,True,lasso,w_food_cpi_rel_dyoy,66,1,0.01515,0,-0.02758,2010Q3,2010Q3,0.05,0,0,4.742
d_og,1,oglev,True,lasso,w_fx_vs_eur_yoy,66,1,0.01515,1,0.04024,2011Q4,2011Q4,0.05,0,0,4.742
d_og,1,oglev,True,lasso,w_fx_vs_usd_dyoy,66,1,0.01515,1,0.01656,2022Q4,2022Q4,0,0,0.03846,4.742
d_og,1,oglev,True,lasso,w_fx_vs_usd_yoy,66,1,0.01515,0,-0.02049,2010Q2,2010Q2,0.05,0,0,4.742
d_og,1,oglev,True,lasso,w_gdp_vol_yoy,66,1,0.01515,0,-0.4609,2010Q2,2010Q2,0.05,0,0,4.742
d_og,1,oglev,True,lasso,w_retail_food_vol_dyoy,66,1,0.01515,0,-0.1416,2011Q3,2011Q3,0.05,0,0,4.742
d_og,1,oglev,True,lasso,w_retail_total_vol_yoy,66,1,0.01515,1,0.1074,2022Q4,2022Q4,0,0,0.03846,4.742
d_og,2,ar,False,enet,no_jordbruk_malpris_mnok__d4,66,52,0.7879,1,0.4355,2011Q1,2025Q4,0.8,0.65,0.8846,23.79
d_og,2,ar,False,enet,fao_ffpi_sek_dyoy,66,48,0.7273,1,0.1178,2010Q4,2026Q2,0.5,0.6,1,23.79
d_og,2,ar,False,enet,eu_ppi_paper_packaging_idx__dyoy,66,47,0.7121,1,0.1699,2011Q1,2026Q2,0.45,0.6,1,23.79
d_og,2,ar,False,enet,packaging_eu_yoy,66,47,0.7121,1,0.2631,2010Q2,2023Q2,0.9,0.75,0.5385,23.79
d_og,2,ar,False,enet,eu_ppi_paper_packaging_idx__yoy,66,46,0.697,1,0.3048,2010Q4,2023Q2,0.85,0.75,0.5385,23.79
d_og,2,ar,False,enet,ea_ec_food_ind_sell_price_exp__d4,66,44,0.6667,1,0.1837,2010Q1,2026Q2,0.6,0.35,0.9615,23.79
d_og,2,ar,False,enet,packaging_eu_dyoy,66,44,0.6667,1,0.1534,2011Q4,2026Q2,0.3,0.6,1,23.79
d_og,2,ar,False,enet,no_earn_idx_food_manuf_q__dyoy,66,43,0.6515,0,-0.3453,2013Q2,2026Q2,0.25,0.6,1,23.79
d_og,2,ar,False,enet,wb_food_sek_dyoy,66,43,0.6515,1,0.1461,2010Q4,2026Q2,0.5,0.35,1,23.79
d_og,2,ar,False,enet,fao_ffpi_sek_yoy,66,42,0.6364,1,0.1637,2010Q1,2026Q2,0.65,0.6,0.6538,23.79
d_og,2,ar,False,enet,fao_ffpi_wloc_yoy,66,36,0.5455,1,0.07211,2010Q1,2026Q2,0.55,0.55,0.5385,23.79
d_og,2,ar,False,enet,no_earn_idx_food_manuf_q__yoy,66,35,0.5303,0,-0.1913,2012Q4,2026Q2,0.2,0.25,1,23.79
d_og,2,ar,False,enet,se_real_wage_yoy_q__d4,66,35,0.5303,0,-0.1052,2011Q1,2026Q2,0.45,0.6,0.5385,23.79
d_og,2,ar,False,enet,se_wage_idx_m__yoy,66,30,0.4545,0,-0.1098,2012Q4,2026Q2,0.4,0,0.8462,23.79
d_og,2,ar,False,enet,w_fx_vs_usd_dyoy,66,26,0.3939,1,0.3102,2015Q4,2023Q2,0,0.6,0.5385,23.79
d_og,2,ar,False,enet,w_unemp_d4,66,26,0.3939,0,-0.1577,2010Q4,2018Q2,0.85,0.45,0,23.79
d_og,2,ar,False,enet,eu_ppi_dom_c108_idx__dyoy,66,25,0.3788,1,0.2194,2011Q1,2023Q4,0.7,0.35,0.1538,23.79
d_og,2,ar,False,enet,eu_ppi_plastic_products_idx__yoy,66,25,0.3788,1,0.19,2011Q1,2023Q1,0.8,0.4,0.03846,23.79
d_og,2,ar,False,enet,se_na_hhcons_food_sa__yoy,66,25,0.3788,1,0.3128,2010Q1,2023Q2,0.35,0.6,0.2308,23.79
d_og,2,ar,False,enet,w_food_cpi_dyoy,66,24,0.3636,1,0.4935,2010Q1,2016Q4,0.95,0.25,0,23.79
d_og,2,ar,False,enet,glob_gscpi__lvl,66,20,0.303,0.4,-0.2974,2015Q4,2025Q3,0,0.6,0.3077,23.79
d_og,2,ar,False,enet,eu_ppi_plastic_products_idx__dyoy,66,19,0.2879,1,0.1405,2015Q4,2026Q2,0,0.3,0.5,23.79
d_og,2,ar,False,enet,us_ppi_plastic_resins_idx__dyoy,66,19,0.2879,1,0.2277,2015Q4,2026Q2,0,0.4,0.4231,23.79
d_og,2,ar,False,enet,us_ppi_plastic_resins_idx__yoy,66,19,0.2879,1,0.1591,2016Q4,2026Q2,0,0.25,0.5385,23.79
d_og,2,ar,False,enet,ea_negotiated_wages_yoy_q__lvl,66,18,0.2727,0,-0.08484,2015Q4,2026Q2,0,0.15,0.5769,23.79
d_og,2,ar,False,enet,wb_food_wloc_dyoy,66,18,0.2727,1,0.04762,2010Q1,2026Q2,0.45,0.15,0.2308,23.79
d_og,2,ar,False,enet,eu_ppi_dom_c108_idx__yoy,66,17,0.2576,0.2941,-0.1027,2013Q2,2018Q3,0.25,0.6,0,23.79
d_og,2,ar,False,enet,glob_fao_ffpi_eur__yoy,66,17,0.2576,1,0.06089,2010Q1,2026Q2,0.15,0.2,0.3846,23.79
d_og,2,ar,False,enet,se_nier_food_mfg_sell_price_exp__d4,66,17,0.2576,1,0.03525,2017Q4,2026Q2,0,0.15,0.5385,23.79
d_og,2,ar,False,enet,no_ssb_bts_consgoods_home_price_exp__d4,66,16,0.2424,1,0.04081,2018Q2,2026Q2,0,0.1,0.5385,23.79
d_og,2,ar,False,enet,w_food_cpi_xvat_yoy,66,15,0.2273,0,-0.07043,2020Q1,2023Q3,0,0,0.5769,23.79
d_og,2,ar,False,enet,fao_ffpi_wloc_dyoy,66,14,0.2121,1,0.04534,2010Q4,2018Q3,0.3,0.4,0,23.79
d_og,2,ar,False,enet,w_fx_vs_usd_yoy,66,14,0.2121,1,0.9422,2015Q4,2023Q1,0,0.6,0.07692,23.79
d_og,2,ar,False,enet,nw_cons_conf_z_d4,66,13,0.197,0,-0.1198,2018Q2,2022Q3,0,0.1,0.4231,23.79
d_og,2,ar,False,enet,packaging_us_yoy,66,13,0.197,1,0.08468,2017Q3,2026Q2,0,0.1,0.4231,23.79
d_og,2,ar,False,enet,se_cpi_food_idx__yoy,66,13,0.197,0,-0.08627,2020Q1,2023Q2,0,0,0.5,23.79
d_og,2,ar,False,enet,se_na_hhcons_food_sa__dyoy,66,13,0.197,1,0.8821,2015Q4,2020Q1,0,0.6,0.03846,23.79
d_og,2,ar,False,enet,w_ec_food_ind_sell_price_exp_d4,66,13,0.197,1,1.1,2015Q4,2020Q1,0,0.6,0.03846,23.79
d_og,2,ar,False,enet,w_food_cpi_rel_dyoy,66,13,0.197,1,0.1234,2011Q1,2016Q4,0.4,0.25,0,23.79
d_og,2,ar,False,enet,eu_ppi_dom_c105_idx__yoy,66,12,0.1818,1,0.4725,2015Q4,2018Q3,0,0.6,0,23.79
d_og,2,ar,False,enet,glob_gscpi__d4,66,12,0.1818,1,0.7479,2015Q4,2018Q3,0,0.6,0,23.79
d_og,2,ar,False,enet,glob_wb_food_idx_nok__dyoy,66,12,0.1818,1,0.07618,2010Q4,2016Q2,0.5,0.1,0,23.79
d_og,2,ar,False,enet,no_cpi_total_idx__yoy,66,12,0.1818,0,-0.3579,2015Q4,2018Q3,0,0.6,0,23.79
d_og,2,ar,False,enet,no_jordbruk_malpris_mnok__lvl,66,12,0.1818,1,0.2492,2015Q4,2018Q3,0,0.6,0,23.79
d_og,2,ar,False,enet,nw_food_cpi_dyoy,66,12,0.1818,0,-0.1253,2015Q4,2018Q3,0,0.6,0,23.79
d_og,2,ar,False,enet,nw_price_cost_gap_ppi_d4,66,12,0.1818,1,0.4091,2015Q4,2018Q3,0,0.6,0,23.79
d_og,2,ar,False,enet,nw_real_wage_dyoy,66,12,0.1818,0,-0.2233,2017Q1,2026Q2,0,0.35,0.1923,23.79
d_og,2,ar,False,enet,price_wage_gap_d4,66,12,0.1818,1,0.338,2015Q4,2018Q3,0,0.6,0,23.79
d_og,2,ar,False,enet,se_cpi_food_idx__dyoy,66,12,0.1818,0,-0.9475,2015Q4,2018Q3,0,0.6,0,23.79
d_og,2,ar,False,enet,w_hh_saving_d4,66,12,0.1818,0,-0.4789,2016Q1,2020Q1,0,0.55,0.03846,23.79
d_og,2,ar,False,enet,w_retail_food_vol_dyoy,66,12,0.1818,1,0.3257,2015Q4,2018Q3,0,0.6,0,23.79
d_og,2,ar,False,enet,w_ec_cons_price_exp_lvl,66,11,0.1667,0,-0.3886,2016Q1,2018Q3,0,0.55,0,23.79
d_og,2,ar,False,enet,glob_wb_food_idx__yoy,66,10,0.1515,0,-0.3143,2015Q4,2018Q3,0,0.5,0,23.79
d_og,2,ar,False,enet,no_ssb_bts_consgoods_home_price_exp__lvl,66,10,0.1515,0.5,-0.01731,2015Q4,2023Q3,0,0.25,0.1923,23.79
d_og,2,ar,False,enet,no_vat_food_rate__lvl,66,10,0.1515,1,0.2341,2016Q1,2018Q3,0,0.5,0,23.79
d_og,2,ar,False,enet,price_cost_gap_ppi_d4,66,10,0.1515,1,0.2353,2015Q4,2018Q3,0,0.5,0,23.79
d_og,2,ar,False,enet,se_ec_cons_conf__d4,66,9,0.1364,0,-0.08511,2020Q1,2022Q1,0,0,0.3462,23.79
d_og,2,ar,False,enet,se_gov_bond_10y__d4,66,9,0.1364,0.1111,-0.0007434,2016Q3,2022Q1,0,0.05,0.3077,23.79
d_og,2,ar,False,enet,se_retail_grocery_vol_sa_idx__yoy,66,9,0.1364,0,-0.1448,2015Q4,2018Q1,0,0.45,0,23.79
d_og,2,ar,False,enet,w_cpi_yoy,66,9,0.1364,0,-0.1326,2016Q3,2018Q3,0,0.45,0,23.79
d_og,2,ar,False,enet,elec_nordic_loc_yoy,66,8,0.1212,0,-0.0136,2020Q1,2022Q1,0,0,0.3077,23.79
d_og,2,ar,False,enet,eu_agri_basket_wloc_dyoy,66,8,0.1212,1,0.06251,2012Q4,2014Q3,0.4,0,0,23.79
d_og,2,ar,False,enet,eu_agri_basket_yoy,66,8,0.1212,1,0.09877,2012Q4,2014Q3,0.4,0,0,23.79
d_og,2,ar,False,enet,se_ppi_food_hmpi_idx__yoy,66,8,0.1212,0,-0.2118,2015Q4,2018Q3,0,0.4,0,23.79
d_og,2,ar,False,enet,w_gdp_vol_yoy,66,8,0.1212,0,-0.2754,2016Q3,2018Q3,0,0.4,0,23.79
d_og,2,ar,False,enet,w_real_wage_yoy,66,8,0.1212,1,0.1403,2016Q4,2018Q3,0,0.4,0,23.79
d_og,2,ar,False,enet,glob_fao_ffpi_nok__yoy,66,7,0.1061,1,0.1626,2016Q1,2024Q3,0,0.3,0.03846,23.79
d_og,2,ar,False,enet,glob_fao_meat_idx__dyoy,66,7,0.1061,1,0.1348,2015Q4,2017Q2,0,0.35,0,23.79
d_og,2,ar,False,enet,no_fn_cci_sa__d4,66,7,0.1061,0,-0.2995,2017Q3,2022Q4,0,0.25,0.07692,23.79
d_og,2,ar,False,enet,price_cost_gap_agri,66,7,0.1061,0,-0.07602,2012Q4,2014Q3,0.35,0,0,23.79
d_og,2,ar,False,enet,w_unemp_lvl,66,7,0.1061,0,-0.262,2017Q1,2018Q3,0,0.35,0,23.79
d_og,2,ar,False,enet,eu_agri_basket_wloc_yoy,66,6,0.09091,1,0.1253,2013Q2,2014Q3,0.3,0,0,23.79
d_og,2,ar,False,enet,glob_fao_dairy_idx__yoy,66,6,0.09091,0,-0.2897,2016Q1,2017Q2,0,0.3,0,23.79
d_og,2,ar,False,enet,us_ppi_corrugated_boxes_idx__dyoy,66,6,0.09091,0,-0.1399,2015Q4,2017Q2,0,0.3,0,23.79
d_og,2,ar,False,enet,w_retail_total_vol_dyoy,66,6,0.09091,0.6667,0.03621,2017Q1,2018Q3,0,0.3,0,23.79
d_og,2,ar,False,enet,ea_ec_food_ind_sell_price_exp__lvl,66,5,0.07576,0.4,-0.191,2013Q2,2016Q3,0.1,0.15,0,23.79
d_og,2,ar,False,enet,eu_ppi_dom_c103_idx__yoy,66,5,0.07576,0,-0.155,2017Q3,2018Q3,0,0.25,0,23.79
d_og,2,ar,False,enet,glob_fao_ffpi_eur__dyoy,66,5,0.07576,1,0.2279,2017Q3,2018Q3,0,0.25,0,23.79
d_og,2,ar,False,enet,no_fx_eurnok__dyoy,66,5,0.07576,0,-0.118,2017Q3,2018Q3,0,0.25,0,23.79
d_og,2,ar,False,enet,no_qna_hh_food_cons_sa_mnok__dyoy,66,5,0.07576,0,-0.2859,2017Q3,2018Q3,0,0.25,0,23.79
d_og,2,ar,False,enet,nw_food_cpi_yoy,66,5,0.07576,0,-0.1111,2022Q3,2023Q3,0,0,0.1923,23.79
d_og,2,ar,False,enet,nw_real_wage_yoy,66,5,0.07576,1,0.5358,2017Q3,2018Q3,0,0.25,0,23.79
d_og,2,ar,False,enet,price_wage_gap,66,5,0.07576,0,-0.1879,2015Q4,2016Q4,0,0.25,0,23.79
d_og,2,ar,False,enet,se_ec_cons_conf__lvl,66,5,0.07576,1,0.3653,2015Q4,2016Q4,0,0.25,0,23.79
d_og,2,ar,False,enet,se_real_wage_yoy_q__lvl,66,5,0.07576,0,-0.04254,2014Q2,2015Q2,0.15,0.1,0,23.79
d_og,2,ar,False,enet,se_wage_idx_m__dyoy,66,5,0.07576,1,0.1091,2015Q4,2017Q2,0,0.25,0,23.79
d_og,2,ar,False,enet,w_hh_saving_lvl,66,5,0.07576,0.2,-0.02579,2011Q1,2016Q3,0.2,0.05,0,23.79
d_og,2,ar,False,enet,w_real_wage_dyoy,66,5,0.07576,0,-0.03721,2017Q3,2018Q3,0,0.25,0,23.79
d_og,2,ar,False,enet,w_wage_dyoy,66,5,0.07576,0,-0.3282,2017Q3,2018Q3,0,0.25,0,23.79
d_og,2,ar,False,enet,elec_nordic_loc_dyoy,66,4,0.06061,0,-0.2346,2015Q4,2016Q3,0,0.2,0,23.79
d_og,2,ar,False,enet,glob_fao_ffpi_nok__dyoy,66,4,0.06061,1,0.05156,2012Q2,2013Q1,0.2,0,0,23.79
d_og,2,ar,False,enet,glob_fao_sugar_idx__yoy,66,4,0.06061,0,-0.05509,2016Q1,2016Q4,0,0.2,0,23.79
d_og,2,ar,False,enet,no_fn_cci_sa__lvl,66,4,0.06061,0,-0.08204,2016Q2,2017Q2,0,0.2,0,23.79
d_og,2,ar,False,enet,no_policy_rate__lvl,66,4,0.06061,1,0.1484,2017Q3,2018Q3,0,0.2,0,23.79
d_og,2,ar,False,enet,nw_food_cpi_xvat_yoy,66,4,0.06061,0,-0.1026,2022Q4,2023Q3,0,0,0.1538,23.79
d_og,2,ar,False,enet,nw_food_ppi_dyoy,66,4,0.06061,1,0.0571,2011Q2,2012Q1,0.2,0,0,23.79
d_og,2,ar,False,enet,price_cost_gap_agri_d4,66,4,0.06061,1,0.3425,2016Q1,2016Q4,0,0.2,0,23.79
d_og,2,ar,False,enet,se_cpi_idx__dyoy,66,4,0.06061,1,0.09224,2016Q2,2026Q2,0,0.1,0.07692,23.79
d_og,2,ar,False,enet,w_ec_cons_price_exp_d4,66,4,0.06061,1,0.02574,2010Q1,2020Q1,0.1,0.05,0.03846,23.79
d_og,2,ar,False,enet,w_food_cpi_xvat_dyoy,66,4,0.06061,0,-0.0983,2017Q4,2018Q3,0,0.2,0,23.79
d_og,2,ar,False,enet,w_food_cpi_yoy,66,4,0.06061,0,-0.1768,2016Q1,2016Q4,0,0.2,0,23.79
d_og,2,ar,False,enet,w_fx_vs_eur_dyoy,66,4,0.06061,0,-0.1482,2017Q3,2018Q3,0,0.2,0,23.79
d_og,2,ar,False,enet,ea_hicp_food_idx__yoy,66,3,0.04545,0,-0.07858,2016Q1,2023Q1,0,0.05,0.07692,23.79
d_og,2,ar,False,enet,eu_agri_basket_dyoy,66,3,0.04545,0,-0.08244,2016Q2,2016Q4,0,0.15,0,23.79
d_og,2,ar,False,enet,glob_fao_sugar_idx__dyoy,66,3,0.04545,1,0.241,2016Q3,2017Q2,0,0.15,0,23.79
d_og,2,ar,False,enet,no_cpi_total_idx__dyoy,66,3,0.04545,0,-0.1,2016Q1,2016Q3,0,0.15,0,23.79
d_og,2,ar,False,enet,no_retail_foodstores_vol_sa_idx__dyoy,66,3,0.04545,1,0.06385,2015Q4,2017Q2,0,0.15,0,23.79
d_og,2,ar,False,enet,price_cost_gap_fao_nok,66,3,0.04545,1,0.09603,2016Q1,2016Q3,0,0.15,0,23.79
d_og,2,ar,False,enet,price_cost_gap_fao_wloc,66,3,0.04545,0.3333,0.007514,2016Q3,2025Q3,0,0.05,0.07692,23.79
d_og,2,ar,False,enet,w_fx_vs_nok_yoy,66,3,0.04545,1,0.1082,2017Q3,2018Q3,0,0.15,0,23.79
d_og,2,ar,False,enet,w_gov10y_d4,66,3,0.04545,0,-0.02749,2017Q4,2018Q2,0,0.15,0,23.79
d_og,2,ar,False,enet,brent_nok_yoy,66,2,0.0303,0,-0.02345,2016Q1,2016Q2,0,0.1,0,23.79
d_og,2,ar,False,enet,ea_hicp_food_idx__dyoy,66,2,0.0303,0,-0.1194,2018Q2,2018Q3,0,0.1,0,23.79
d_og,2,ar,False,enet,eu_ppi_dom_c103_idx__dyoy,66,2,0.0303,1,0.08515,2016Q1,2016Q2,0,0.1,0,23.79
d_og,2,ar,False,enet,eu_ppi_dom_c106_idx__dyoy,66,2,0.0303,1,0.04917,2016Q2,2016Q3,0,0.1,0,23.79
d_og,2,ar,False,enet,eu_ppi_dom_food_mfg_idx__yoy,66,2,0.0303,0,-0.08676,2016Q1,2016Q2,0,0.1,0,23.79
d_og,2,ar,False,enet,glob_fao_dairy_idx__dyoy,66,2,0.0303,0,-0.07118,2016Q4,2017Q3,0,0.1,0,23.79
d_og,2,ar,False,enet,no_cpi_food_idx__yoy,66,2,0.0303,1,0.01894,2017Q1,2017Q2,0,0.1,0,23.79
d_og,2,ar,False,enet,no_fx_eurnok__yoy,66,2,0.0303,0,-0.02812,2017Q3,2018Q1,0,0.1,0,23.79
d_og,2,ar,False,enet,no_retail_foodstores_vol_sa_idx__yoy,66,2,0.0303,1,0.09176,2017Q3,2018Q1,0,0.1,0,23.79
d_og,2,ar,False,enet,no_vat_food_rate__d4,66,2,0.0303,1,0.1393,2017Q3,2018Q1,0,0.1,0,23.79
d_og,2,ar,False,enet,price_cost_gap_fao_wloc_d4,66,2,0.0303,0,-0.1097,2017Q3,2018Q1,0,0.1,0,23.79
d_og,2,ar,False,enet,se_retail_grocery_vol_sa_idx__dyoy,66,2,0.0303,0,-0.02441,2017Q1,2017Q2,0,0.1,0,23.79
d_og,2,ar,False,enet,w_food_ppi_dyoy,66,2,0.0303,0,-0.02469,2017Q3,2018Q1,0,0.1,0,23.79
d_og,2,ar,False,enet,w_food_ppi_yoy,66,2,0.0303,0,-0.07401,2017Q1,2017Q2,0,0.1,0,23.79
d_og,2,ar,False,enet,brent_nok_dyoy,66,1,0.01515,1,0.08764,2017Q3,2017Q3,0,0.05,0,23.79
d_og,2,ar,False,enet,ea_negotiated_wages_yoy_q__d4,66,1,0.01515,0,-0.1314,2016Q3,2016Q3,0,0.05,0,23.79
d_og,2,ar,False,enet,glob_fao_meat_idx__yoy,66,1,0.01515,0,-0.06944,2017Q3,2017Q3,0,0.05,0,23.79
d_og,2,ar,False,enet,glob_wb_food_idx__dyoy,66,1,0.01515,0,-0.04658,2017Q3,2017Q3,0,0.05,0,23.79
d_og,2,ar,False,enet,glob_wb_food_idx_nok__yoy,66,1,0.01515,0,-0.02404,2017Q3,2017Q3,0,0.05,0,23.79
d_og,2,ar,False,enet,no_nbes_bl_sell_price_di__lvl,66,1,0.01515,1,0.08254,2017Q3,2017Q3,0,0.05,0,23.79
d_og,2,ar,False,enet,no_qna_hh_food_cons_sa_mnok__yoy,66,1,0.01515,0,-0.01643,2018Q2,2018Q2,0,0.05,0,23.79
d_og,2,ar,False,enet,nw_food_cpi_xvat_dyoy,66,1,0.01515,0,-0.1,2017Q3,2017Q3,0,0.05,0,23.79
d_og,2,ar,False,enet,nw_price_cost_gap_ppi,66,1,0.01515,0,-0.1938,2016Q3,2016Q3,0,0.05,0,23.79
d_og,2,ar,False,enet,nw_retail_food_vol_yoy,66,1,0.01515,0,-0.01334,2016Q3,2016Q3,0,0.05,0,23.79
d_og,2,ar,False,enet,us_ppi_corrugated_boxes_idx__yoy,66,1,0.01515,0,-0.04424,2016Q3,2016Q3,0,0.05,0,23.79
d_og,2,ar,False,lasso,no_jordbruk_malpris_mnok__d4,66,39,0.5909,1,0.7639,2011Q1,2025Q3,0.7,0.65,0.4615,10.53
d_og,2,ar,False,lasso,ea_ec_food_ind_sell_price_exp__d4,66,32,0.4848,1,0.3287,2010Q2,2026Q2,0.6,0.3,0.5385,10.53
d_og,2,ar,False,lasso,no_earn_idx_food_manuf_q__dyoy,66,25,0.3788,0,-0.5597,2013Q2,2026Q2,0.1,0.65,0.3846,10.53
d_og,2,ar,False,lasso,packaging_eu_yoy,66,24,0.3636,1,0.849,2011Q4,2023Q1,0.65,0.45,0.07692,10.53
d_og,2,ar,False,lasso,w_food_cpi_dyoy,66,20,0.303,1,0.8169,2010Q1,2016Q4,0.75,0.25,0,10.53
d_og,2,ar,False,lasso,wb_food_sek_dyoy,66,20,0.303,1,0.2726,2011Q4,2026Q2,0.1,0.15,0.5769,10.53
d_og,2,ar,False,lasso,eu_ppi_paper_packaging_idx__dyoy,66,17,0.2576,1,0.4528,2016Q4,2023Q3,0,0.1,0.5769,10.53
d_og,2,ar,False,lasso,no_earn_idx_food_manuf_q__yoy,66,17,0.2576,0,-0.2153,2015Q4,2026Q2,0,0.05,0.6154,10.53
d_og,2,ar,False,lasso,eu_ppi_dom_c108_idx__dyoy,66,16,0.2424,1,0.4207,2011Q1,2022Q4,0.55,0.15,0.07692,10.53
d_og,2,ar,False,lasso,us_ppi_plastic_resins_idx__yoy,66,15,0.2273,1,0.2976,2017Q3,2026Q2,0,0.2,0.4231,10.53
d_og,2,ar,False,lasso,packaging_eu_dyoy,66,14,0.2121,1,0.2822,2015Q4,2026Q2,0,0.15,0.4231,10.53
d_og,2,ar,False,lasso,se_cpi_food_idx__dyoy,66,14,0.2121,0,-1.074,2015Q4,2023Q1,0,0.65,0.03846,10.53
d_og,2,ar,False,lasso,glob_gscpi__d4,66,13,0.197,1,0.9725,2015Q4,2018Q4,0,0.65,0,10.53
d_og,2,ar,False,lasso,glob_gscpi__lvl,66,13,0.197,0,-0.4767,2015Q4,2018Q4,0,0.65,0,10.53
d_og,2,ar,False,lasso,no_cpi_total_idx__yoy,66,13,0.197,0,-0.4664,2015Q4,2018Q4,0,0.65,0,10.53
d_og,2,ar,False,lasso,se_na_hhcons_food_sa__dyoy,66,13,0.197,1,1.555,2015Q4,2018Q4,0,0.65,0,10.53
d_og,2,ar,False,lasso,se_na_hhcons_food_sa__yoy,66,13,0.197,1,0.4441,2010Q1,2023Q1,0.2,0.35,0.07692,10.53
d_og,2,ar,False,lasso,w_ec_food_ind_sell_price_exp_d4,66,13,0.197,1,1.863,2015Q4,2018Q4,0,0.65,0,10.53
d_og,2,ar,False,lasso,w_fx_vs_usd_yoy,66,13,0.197,1,2.191,2015Q4,2018Q4,0,0.65,0,10.53
d_og,2,ar,False,lasso,w_hh_saving_d4,66,13,0.197,0,-0.476,2016Q1,2020Q1,0,0.6,0.03846,10.53
d_og,2,ar,False,lasso,se_wage_idx_m__yoy,66,12,0.1818,0,-0.1749,2012Q4,2026Q2,0.2,0,0.3077,10.53
d_og,2,ar,False,lasso,eu_ppi_dom_c105_idx__yoy,66,11,0.1667,1,0.4642,2015Q4,2018Q4,0,0.55,0,10.53
d_og,2,ar,False,lasso,fao_ffpi_sek_dyoy,66,11,0.1667,1,0.283,2012Q2,2023Q1,0.2,0.25,0.07692,10.53
d_og,2,ar,False,lasso,nw_price_cost_gap_ppi_d4,66,10,0.1515,1,0.6401,2015Q4,2018Q4,0,0.5,0,10.53
d_og,2,ar,False,lasso,us_ppi_plastic_resins_idx__dyoy,66,10,0.1515,1,0.4474,2015Q4,2023Q3,0,0.35,0.1154,10.53
d_og,2,ar,False,lasso,w_fx_vs_usd_dyoy,66,10,0.1515,1,0.4104,2017Q1,2023Q1,0,0.35,0.1154,10.53
d_og,2,ar,False,lasso,eu_ppi_dom_c108_idx__yoy,66,9,0.1364,0,-0.2537,2016Q1,2018Q4,0,0.45,0,10.53
d_og,2,ar,False,lasso,eu_ppi_paper_packaging_idx__yoy,66,9,0.1364,1,0.9141,2015Q4,2020Q1,0,0.4,0.03846,10.53
d_og,2,ar,False,lasso,price_wage_gap_d4,66,9,0.1364,1,0.2297,2015Q4,2018Q2,0,0.45,0,10.53
d_og,2,ar,False,lasso,w_ec_cons_price_exp_lvl,66,9,0.1364,0,-0.4949,2016Q1,2018Q2,0,0.45,0,10.53
d_og,2,ar,False,lasso,w_retail_food_vol_dyoy,66,9,0.1364,1,0.3726,2016Q4,2018Q4,0,0.45,0,10.53
d_og,2,ar,False,lasso,eu_ppi_plastic_products_idx__yoy,66,7,0.1061,1,0.3072,2012Q2,2018Q2,0.15,0.2,0,10.53
d_og,2,ar,False,lasso,fao_ffpi_sek_yoy,66,7,0.1061,1,0.1437,2010Q2,2018Q3,0.15,0.2,0,10.53
d_og,2,ar,False,lasso,glob_fao_meat_idx__dyoy,66,7,0.1061,1,0.2964,2015Q4,2017Q2,0,0.35,0,10.53
d_og,2,ar,False,lasso,glob_wb_food_idx_nok__dyoy,66,7,0.1061,1,0.4167,2012Q1,2016Q4,0.1,0.25,0,10.53
d_og,2,ar,False,lasso,no_qna_hh_food_cons_sa_mnok__dyoy,66,7,0.1061,0,-0.281,2016Q4,2018Q4,0,0.35,0,10.53
d_og,2,ar,False,lasso,no_ssb_bts_consgoods_home_price_exp__lvl,66,7,0.1061,0.4286,0.001189,2015Q4,2023Q2,0,0.2,0.1154,10.53
d_og,2,ar,False,lasso,nw_real_wage_dyoy,66,7,0.1061,0,-0.8202,2017Q1,2018Q4,0,0.35,0,10.53
d_og,2,ar,False,lasso,nw_real_wage_yoy,66,6,0.09091,1,0.8652,2017Q3,2018Q4,0,0.3,0,10.53
d_og,2,ar,False,lasso,w_cpi_yoy,66,6,0.09091,0,-0.1942,2016Q2,2018Q2,0,0.3,0,10.53
d_og,2,ar,False,lasso,w_retail_total_vol_dyoy,66,6,0.09091,1,0.2992,2017Q3,2018Q4,0,0.3,0,10.53
d_og,2,ar,False,lasso,eu_agri_basket_wloc_yoy,66,5,0.07576,1,0.1881,2013Q2,2014Q2,0.25,0,0,10.53
d_og,2,ar,False,lasso,glob_fao_ffpi_eur__dyoy,66,5,0.07576,1,0.6773,2017Q3,2018Q3,0,0.25,0,10.53
d_og,2,ar,False,lasso,no_cpi_total_idx__dyoy,66,5,0.07576,0,-0.1918,2016Q1,2017Q2,0,0.25,0,10.53
d_og,2,ar,False,lasso,no_vat_food_rate__d4,66,5,0.07576,1,0.08128,2017Q2,2018Q2,0,0.25,0,10.53
d_og,2,ar,False,lasso,price_cost_gap_agri_d4,66,5,0.07576,1,0.1955,2016Q1,2018Q3,0,0.25,0,10.53
d_og,2,ar,False,lasso,price_cost_gap_ppi_d4,66,5,0.07576,1,0.3765,2016Q1,2018Q1,0,0.25,0,10.53
d_og,2,ar,False,lasso,se_ec_cons_conf__lvl,66,5,0.07576,1,0.1866,2015Q4,2016Q4,0,0.25,0,10.53
d_og,2,ar,False,lasso,se_wage_idx_m__dyoy,66,5,0.07576,1,0.1781,2016Q1,2017Q2,0,0.25,0,10.53
d_og,2,ar,False,lasso,w_gdp_vol_yoy,66,5,0.07576,0,-0.6024,2017Q2,2018Q2,0,0.25,0,10.53
d_og,2,ar,False,lasso,w_unemp_d4,66,5,0.07576,0,-0.5303,2011Q2,2017Q2,0.1,0.15,0,10.53
d_og,2,ar,False,lasso,w_unemp_lvl,66,5,0.07576,0,-0.648,2017Q2,2018Q2,0,0.25,0,10.53
d_og,2,ar,False,lasso,w_wage_dyoy,66,5,0.07576,0,-0.1779,2017Q3,2018Q3,0,0.25,0,10.53
d_og,2,ar,False,lasso,eu_ppi_dom_c103_idx__yoy,66,4,0.06061,0,-0.142,2017Q3,2018Q2,0,0.2,0,10.53
d_og,2,ar,False,lasso,fao_ffpi_wloc_yoy,66,4,0.06061,1,0.05562,2024Q3,2026Q2,0,0,0.1538,10.53
d_og,2,ar,False,lasso,glob_fao_ffpi_nok__yoy,66,4,0.06061,1,0.4725,2016Q1,2017Q2,0,0.2,0,10.53
d_og,2,ar,False,lasso,no_fn_cci_sa__d4,66,4,0.06061,0,-0.1645,2017Q3,2018Q2,0,0.2,0,10.53
d_og,2,ar,False,lasso,se_cpi_food_idx__yoy,66,4,0.06061,0,-0.1295,2020Q1,2023Q1,0,0,0.1538,10.53
d_og,2,ar,False,lasso,se_retail_grocery_vol_sa_idx__yoy,66,4,0.06061,0,-0.2237,2016Q1,2017Q2,0,0.2,0,10.53
d_og,2,ar,False,lasso,w_food_cpi_rel_dyoy,66,4,0.06061,1,0.2527,2016Q1,2016Q4,0,0.2,0,10.53
d_og,2,ar,False,lasso,ea_ec_food_ind_sell_price_exp__lvl,66,3,0.04545,0,-0.4269,2016Q1,2016Q3,0,0.15,0,10.53
d_og,2,ar,False,lasso,ea_hicp_food_idx__yoy,66,3,0.04545,0,-0.2057,2018Q4,2023Q1,0,0.05,0.07692,10.53
d_og,2,ar,False,lasso,eu_ppi_plastic_products_idx__dyoy,66,3,0.04545,1,0.6321,2017Q1,2025Q3,0,0.1,0.03846,10.53
d_og,2,ar,False,lasso,glob_fao_dairy_idx__dyoy,66,3,0.04545,0,-0.2907,2016Q4,2017Q2,0,0.15,0,10.53
d_og,2,ar,False,lasso,glob_fao_dairy_idx__yoy,66,3,0.04545,0,-0.1597,2016Q3,2017Q2,0,0.15,0,10.53
d_og,2,ar,False,lasso,no_fx_eurnok__dyoy,66,3,0.04545,0,-0.08877,2017Q4,2018Q2,0,0.15,0,10.53
d_og,2,ar,False,lasso,nw_cons_conf_z_d4,66,3,0.04545,0,-0.2612,2018Q3,2020Q1,0,0.1,0.03846,10.53
d_og,2,ar,False,lasso,nw_food_cpi_yoy,66,3,0.04545,0,-0.346,2022Q4,2023Q3,0,0,0.1154,10.53
d_og,2,ar,False,lasso,price_wage_gap,66,3,0.04545,0,-0.2043,2016Q1,2016Q3,0,0.15,0,10.53
d_og,2,ar,False,lasso,se_cpi_idx__dyoy,66,3,0.04545,1,0.3968,2016Q1,2016Q3,0,0.15,0,10.53
d_og,2,ar,False,lasso,se_real_wage_yoy_q__d4,66,3,0.04545,0,-0.0667,2018Q4,2026Q2,0,0.05,0.07692,10.53
d_og,2,ar,False,lasso,w_food_cpi_yoy,66,3,0.04545,0,-0.3213,2016Q1,2016Q3,0,0.15,0,10.53
d_og,2,ar,False,lasso,brent_nok_dyoy,66,2,0.0303,1,0.1507,2016Q1,2016Q3,0,0.1,0,10.53
d_og,2,ar,False,lasso,ea_negotiated_wages_yoy_q__lvl,66,2,0.0303,0,-0.08046,2016Q2,2025Q1,0,0.05,0.03846,10.53
d_og,2,ar,False,lasso,eu_agri_basket_wloc_dyoy,66,2,0.0303,1,0.09456,2013Q2,2013Q3,0.1,0,0,10.53
d_og,2,ar,False,lasso,glob_fao_sugar_idx__dyoy,66,2,0.0303,1,0.4467,2017Q1,2017Q2,0,0.1,0,10.53
d_og,2,ar,False,lasso,no_ppi_food_dom_idx__dyoy,66,2,0.0303,1,0.06131,2016Q1,2016Q3,0,0.1,0,10.53
d_og,2,ar,False,lasso,no_ssb_bts_consgoods_home_price_exp__d4,66,2,0.0303,1,0.07244,2026Q1,2026Q2,0,0,0.07692,10.53
d_og,2,ar,False,lasso,nw_food_cpi_xvat_dyoy,66,2,0.0303,0,-0.1774,2017Q3,2018Q4,0,0.1,0,10.53
d_og,2,ar,False,lasso,w_fx_vs_eur_dyoy,66,2,0.0303,0,-0.1977,2018Q1,2018Q2,0,0.1,0,10.53
d_og,2,ar,False,lasso,w_fx_vs_nok_yoy,66,2,0.0303,1,0.08587,2017Q3,2017Q4,0,0.1,0,10.53
d_og,2,ar,False,lasso,w_hh_saving_lvl,66,2,0.0303,1,0.2029,2016Q1,2016Q3,0,0.1,0,10.53
d_og,2,ar,False,lasso,wb_food_wloc_dyoy,66,2,0.0303,1,0.023,2010Q1,2010Q4,0.1,0,0,10.53
d_og,2,ar,False,lasso,elec_nordic_loc_yoy,66,1,0.01515,0,-0.1267,2020Q1,2020Q1,0,0,0.03846,10.53
d_og,2,ar,False,lasso,eu_ppi_dom_c106_idx__dyoy,66,1,0.01515,1,0.03959,2016Q3,2016Q3,0,0.05,0,10.53
d_og,2,ar,False,lasso,glob_fao_ffpi_eur__yoy,66,1,0.01515,1,0.2892,2010Q1,2010Q1,0.05,0,0,10.53
d_og,2,ar,False,lasso,no_nbes_bl_sell_price_di__lvl,66,1,0.01515,1,0.08163,2017Q2,2017Q2,0,0.05,0,10.53
d_og,2,ar,False,lasso,no_qna_hh_food_cons_sa_mnok__yoy,66,1,0.01515,0,-0.0486,2018Q4,2018Q4,0,0.05,0,10.53
d_og,2,ar,False,lasso,no_retail_foodstores_vol_sa_idx__yoy,66,1,0.01515,1,0.009286,2018Q1,2018Q1,0,0.05,0,10.53
d_og,2,ar,False,lasso,no_vat_food_rate__lvl,66,1,0.01515,1,0.124,2017Q1,2017Q1,0,0.05,0,10.53
d_og,2,ar,False,lasso,nw_food_cpi_dyoy,66,1,0.01515,0,-0.08544,2017Q2,2017Q2,0,0.05,0,10.53
d_og,2,ar,False,lasso,nw_food_cpi_xvat_yoy,66,1,0.01515,0,-0.1732,2023Q1,2023Q1,0,0,0.03846,10.53
d_og,2,ar,False,lasso,price_cost_gap_fao_nok,66,1,0.01515,1,0.04201,2016Q3,2016Q3,0,0.05,0,10.53
d_og,2,ar,False,lasso,se_gov_bond_10y__d4,66,1,0.01515,0,-0.1043,2020Q1,2020Q1,0,0,0.03846,10.53
d_og,2,ar,False,lasso,se_nier_food_mfg_sell_price_exp__d4,66,1,0.01515,1,0.0002764,2023Q3,2023Q3,0,0,0.03846,10.53
d_og,2,ar,False,lasso,se_ppi_food_hmpi_idx__yoy,66,1,0.01515,0,-0.3643,2015Q4,2015Q4,0,0.05,0,10.53
d_og,2,ar,False,lasso,w_ec_cons_price_exp_d4,66,1,0.01515,1,0.3845,2010Q1,2010Q1,0.05,0,0,10.53
d_og,2,ar,False,lasso,w_gov10y_d4,66,1,0.01515,0,-0.01065,2018Q3,2018Q3,0,0.05,0,10.53
d_og,2,ar,False,lasso,w_real_wage_yoy,66,1,0.01515,1,0.1534,2017Q2,2017Q2,0,0.05,0,10.53
d_og,2,arcal,False,enet,no_jordbruk_malpris_mnok__d4,66,44,0.6667,1,0.3562,2010Q1,2025Q4,0.9,0.2,0.8462,13.79
d_og,2,arcal,False,enet,packaging_eu_yoy,66,37,0.5606,1,0.2121,2010Q1,2023Q1,0.95,0.25,0.5,13.79
d_og,2,arcal,False,enet,no_earn_idx_food_manuf_q__yoy,66,36,0.5455,0,-0.1651,2012Q1,2026Q2,0.45,0.05,1,13.79
d_og,2,arcal,False,enet,eu_ppi_paper_packaging_idx__yoy,66,35,0.5303,1,0.1648,2011Q1,2023Q2,0.8,0.25,0.5385,13.79
d_og,2,arcal,False,enet,no_earn_idx_food_manuf_q__dyoy,66,34,0.5152,0,-0.1722,2010Q1,2026Q2,0.55,0.05,0.8462,13.79
d_og,2,arcal,False,enet,ea_ec_food_ind_sell_price_exp__d4,66,33,0.5,1,0.1626,2010Q1,2026Q2,0.65,0.05,0.7308,13.79
d_og,2,arcal,False,enet,fao_ffpi_sek_yoy,66,30,0.4545,1,0.08695,2010Q1,2026Q2,0.6,0.05,0.6538,13.79
d_og,2,arcal,False,enet,se_wage_idx_m__yoy,66,29,0.4394,0,-0.1185,2012Q1,2026Q2,0.5,0,0.7308,13.79
d_og,2,arcal,False,enet,eu_ppi_paper_packaging_idx__dyoy,66,28,0.4242,1,0.1226,2013Q1,2026Q2,0.05,0.05,1,13.79
d_og,2,arcal,False,enet,packaging_eu_dyoy,66,28,0.4242,1,0.1215,2013Q1,2026Q2,0.05,0.05,1,13.79
d_og,2,arcal,False,enet,no_ssb_bts_consgoods_home_price_exp__d4,66,27,0.4091,0.963,0.1108,2016Q3,2026Q2,0,0.05,1,13.79
d_og,2,arcal,False,enet,wb_food_sek_dyoy,66,26,0.3939,1,0.08631,2020Q1,2026Q2,0,0,1,13.79
d_og,2,arcal,False,enet,se_nier_food_mfg_sell_price_exp__d4,66,24,0.3636,1,0.07743,2020Q1,2026Q2,0,0,0.9231,13.79
d_og,2,arcal,False,enet,eu_ppi_plastic_products_idx__yoy,66,22,0.3333,1,0.1527,2011Q1,2023Q1,0.8,0.2,0.07692,13.79
d_og,2,arcal,False,enet,w_unemp_d4,66,22,0.3333,0,-0.2009,2010Q1,2020Q1,1,0.05,0.03846,13.79
d_og,2,arcal,False,enet,ea_ec_food_ind_sell_price_exp__lvl,66,21,0.3182,0.9524,0.1248,2010Q1,2016Q3,0.9,0.15,0,13.79
d_og,2,arcal,False,enet,eu_ppi_dom_c108_idx__dyoy,66,21,0.3182,1,0.2015,2010Q1,2022Q3,0.75,0.25,0.03846,13.79
d_og,2,arcal,False,enet,fao_ffpi_wloc_yoy,66,21,0.3182,1,0.05238,2010Q3,2026Q2,0.35,0.05,0.5,13.79
d_og,2,arcal,False,enet,ea_negotiated_wages_yoy_q__lvl,66,19,0.2879,0,-0.09888,2012Q4,2026Q2,0.25,0.05,0.5,13.79
d_og,2,arcal,False,enet,se_real_wage_yoy_q__d4,66,19,0.2879,0,-0.05373,2011Q1,2026Q2,0.35,0,0.4615,13.79
d_og,2,arcal,False,enet,glob_fao_ffpi_eur__yoy,66,16,0.2424,1,0.04737,2010Q1,2026Q2,0.25,0,0.4231,13.79
d_og,2,arcal,False,enet,glob_gscpi__lvl,66,16,0.2424,0.9375,0.0227,2016Q3,2026Q2,0,0.05,0.5769,13.79
d_og,2,arcal,False,enet,eu_ppi_plastic_products_idx__dyoy,66,14,0.2121,1,0.08875,2016Q3,2026Q2,0,0.05,0.5,13.79
d_og,2,arcal,False,enet,us_ppi_plastic_resins_idx__yoy,66,14,0.2121,1,0.121,2023Q1,2026Q2,0,0,0.5385,13.79
d_og,2,arcal,False,enet,w_food_cpi_xvat_yoy,66,14,0.2121,0,-0.03948,2020Q2,2023Q3,0,0,0.5385,13.79
d_og,2,arcal,False,enet,eu_agri_basket_wloc_yoy,66,13,0.197,1,0.1516,2011Q3,2014Q4,0.65,0,0,13.79
d_og,2,arcal,False,enet,eu_agri_basket_yoy,66,11,0.1667,1,0.1049,2011Q1,2015Q1,0.5,0.05,0,13.79
d_og,2,arcal,False,enet,nw_cons_conf_z_d4,66,11,0.1667,0,-0.06502,2020Q1,2022Q3,0,0,0.4231,13.79
d_og,2,arcal,False,enet,price_cost_gap_agri,66,11,0.1667,0,-0.08477,2011Q1,2015Q1,0.5,0.05,0,13.79
d_og,2,arcal,False,enet,se_ec_cons_conf__d4,66,11,0.1667,0,-0.1384,2015Q1,2022Q2,0,0.05,0.3846,13.79
d_og,2,arcal,False,enet,elec_nordic_loc_dyoy,66,10,0.1515,0.9,0.07456,2016Q3,2026Q2,0,0.05,0.3462,13.79
d_og,2,arcal,False,enet,w_food_cpi_dyoy,66,10,0.1515,1,0.3975,2011Q1,2016Q3,0.45,0.05,0,13.79
d_og,2,arcal,False,enet,ea_hicp_food_idx__dyoy,66,8,0.1212,1,0.2119,2010Q1,2012Q3,0.4,0,0,13.79
d_og,2,arcal,False,enet,packaging_us_yoy,66,7,0.1061,1,0.07933,2024Q4,2026Q2,0,0,0.2692,13.79
d_og,2,arcal,False,enet,eu_agri_basket_wloc_dyoy,66,6,0.09091,0.8333,0.06136,2012Q4,2023Q1,0.25,0,0.03846,13.79
d_og,2,arcal,False,enet,no_ssb_bts_consgoods_home_price_exp__lvl,66,6,0.09091,0.8333,0.07716,2016Q3,2023Q3,0,0.05,0.1923,13.79
d_og,2,arcal,False,enet,eu_ppi_dom_c108_idx__yoy,66,5,0.07576,0.8,-0.00109,2013Q2,2016Q3,0.2,0.05,0,13.79
d_og,2,arcal,False,enet,glob_gscpi__d4,66,5,0.07576,1,0.2387,2012Q1,2023Q3,0.15,0.05,0.03846,13.79
d_og,2,arcal,False,enet,glob_wb_food_idx_eur__yoy,66,5,0.07576,1,0.04424,2010Q1,2026Q2,0.2,0,0.03846,13.79
d_og,2,arcal,False,enet,nw_food_cpi_xvat_yoy,66,5,0.07576,0.2,-0.01243,2016Q3,2023Q3,0,0.05,0.1538,13.79
d_og,2,arcal,False,enet,nw_food_cpi_yoy,66,5,0.07576,0.2,0.02841,2016Q3,2023Q3,0,0.05,0.1538,13.79
d_og,2,arcal,False,enet,se_cpi_food_idx__yoy,66,5,0.07576,0.2,-0.007879,2016Q3,2023Q2,0,0.05,0.1538,13.79
d_og,2,arcal,False,enet,se_cpi_idx__dyoy,66,5,0.07576,1,0.1325,2010Q1,2026Q2,0.1,0.05,0.07692,13.79
d_og,2,arcal,False,enet,se_gov_bond_10y__d4,66,5,0.07576,0,-0.08219,2020Q1,2023Q1,0,0,0.1923,13.79
d_og,2,arcal,False,enet,w_ec_cons_price_exp_d4,66,5,0.07576,1,0.1705,2010Q1,2020Q1,0.2,0,0.03846,13.79
d_og,2,arcal,False,enet,w_ec_cons_price_exp_lvl,66,5,0.07576,0.8,-0.1048,2013Q1,2016Q3,0.15,0.1,0,13.79
d_og,2,arcal,False,enet,wb_food_sek_yoy,66,5,0.07576,1,0.1235,2010Q1,2012Q1,0.25,0,0,13.79
d_og,2,arcal,False,enet,no_policy_rate__d4,66,4,0.06061,1,0.05112,2010Q1,2010Q4,0.2,0,0,13.79
d_og,2,arcal,False,enet,no_vat_food_rate__lvl,66,4,0.06061,1,0.1149,2010Q1,2010Q4,0.2,0,0,13.79
d_og,2,arcal,False,enet,us_ppi_plastic_resins_idx__dyoy,66,4,0.06061,1,0.06559,2016Q3,2026Q2,0,0.05,0.1154,13.79
d_og,2,arcal,False,enet,w_food_cpi_rel_dyoy,66,4,0.06061,1,0.06638,2012Q1,2016Q3,0.15,0.05,0,13.79
d_og,2,arcal,False,enet,wb_food_wloc_yoy,66,4,0.06061,1,0.02854,2010Q1,2010Q4,0.2,0,0,13.79
d_og,2,arcal,False,enet,eu_ppi_dom_c103_idx__dyoy,66,3,0.04545,1,0.07631,2011Q2,2016Q3,0.1,0.05,0,13.79
d_og,2,arcal,False,enet,eu_ppi_dom_c106_idx__dyoy,66,3,0.04545,1,0.0674,2016Q3,2026Q2,0,0.05,0.07692,13.79
d_og,2,arcal,False,enet,no_ppi_food_dom_idx__yoy,66,3,0.04545,1,0.4501,2010Q1,2016Q3,0.1,0.05,0,13.79
d_og,2,arcal,False,enet,nw_food_ppi_dyoy,66,3,0.04545,1,0.01666,2011Q3,2012Q1,0.15,0,0,13.79
d_og,2,arcal,False,enet,se_na_hhcons_food_sa__yoy,66,3,0.04545,1,0.1354,2012Q4,2020Q1,0.05,0.05,0.03846,13.79
d_og,2,arcal,False,enet,se_real_wage_yoy_q__lvl,66,3,0.04545,0,-0.02938,2014Q4,2015Q2,0.05,0.1,0,13.79
d_og,2,arcal,False,enet,w_fx_vs_usd_dyoy,66,3,0.04545,1,0.204,2016Q3,2023Q1,0,0.05,0.07692,13.79
d_og,2,arcal,False,enet,w_gdp_vol_yoy,66,3,0.04545,1,0.04057,2012Q3,2026Q2,0.05,0,0.07692,13.79
d_og,2,arcal,False,enet,w_gov10y_d4,66,3,0.04545,0,-0.06316,2020Q1,2022Q3,0,0,0.1154,13.79
d_og,2,arcal,False,enet,ea_hicp_food_idx__yoy,66,2,0.0303,0,-0.196,2020Q1,2023Q1,0,0,0.07692,13.79
d_og,2,arcal,False,enet,fao_ffpi_sek_dyoy,66,2,0.0303,1,0.03008,2013Q1,2020Q1,0.05,0,0.03846,13.79
d_og,2,arcal,False,enet,glob_fao_vegoils_idx__dyoy,66,2,0.0303,0.5,-0.03973,2010Q1,2016Q3,0.05,0.05,0,13.79
d_og,2,arcal,False,enet,no_fn_cci_sa__d4,66,2,0.0303,0,-0.005065,2022Q3,2022Q4,0,0,0.07692,13.79
d_og,2,arcal,False,enet,no_ppi_food_dom_idx__dyoy,66,2,0.0303,1,0.1163,2012Q1,2016Q3,0.05,0.05,0,13.79
d_og,2,arcal,False,enet,no_qna_hh_food_cons_sa_mnok__yoy,66,2,0.0303,0.5,0.1168,2016Q3,2020Q1,0,0.05,0.03846,13.79
d_og,2,arcal,False,enet,nw_real_wage_dyoy,66,2,0.0303,0,-0.03712,2016Q3,2022Q4,0,0.05,0.03846,13.79
d_og,2,arcal,False,enet,price_cost_gap_fao_wloc,66,2,0.0303,0,-0.06186,2010Q1,2010Q2,0.1,0,0,13.79
d_og,2,arcal,False,enet,se_cpi_food_idx__dyoy,66,2,0.0303,0.5,-0.2319,2012Q3,2016Q3,0.05,0.05,0,13.79
d_og,2,arcal,False,enet,se_na_hhcons_food_sa__dyoy,66,2,0.0303,1,0.457,2016Q3,2020Q1,0,0.05,0.03846,13.79
d_og,2,arcal,False,enet,se_ppi_food_hmpi_idx__yoy,66,2,0.0303,0,-0.3732,2016Q3,2020Q1,0,0.05,0.03846,13.79
d_og,2,arcal,False,enet,w_ec_food_ind_sell_price_exp_d4,66,2,0.0303,1,0.9554,2010Q1,2016Q3,0.05,0.05,0,13.79
d_og,2,arcal,False,enet,w_food_cpi_xvat_dyoy,66,2,0.0303,1,0.1162,2012Q1,2016Q3,0.05,0.05,0,13.79
d_og,2,arcal,False,enet,w_fx_vs_nok_dyoy,66,2,0.0303,1,0.009056,2025Q1,2026Q2,0,0,0.07692,13.79
d_og,2,arcal,False,enet,w_hh_saving_d4,66,2,0.0303,0,-0.1217,2016Q3,2020Q1,0,0.05,0.03846,13.79
d_og,2,arcal,False,enet,w_hh_saving_lvl,66,2,0.0303,0.5,0.1948,2012Q3,2016Q3,0.05,0.05,0,13.79
d_og,2,arcal,False,enet,w_real_wage_yoy,66,2,0.0303,1,0.0463,2012Q3,2016Q3,0.05,0.05,0,13.79
d_og,2,arcal,False,enet,ea_negotiated_wages_yoy_q__d4,66,1,0.01515,0,-0.8148,2016Q3,2016Q3,0,0.05,0,13.79
d_og,2,arcal,False,enet,elec_nordic_loc_yoy,66,1,0.01515,0,-0.03412,2020Q1,2020Q1,0,0,0.03846,13.79
d_og,2,arcal,False,enet,eu_agri_basket_dyoy,66,1,0.01515,0,-0.1743,2016Q3,2016Q3,0,0.05,0,13.79
d_og,2,arcal,False,enet,glob_fao_dairy_idx__dyoy,66,1,0.01515,1,0.08702,2012Q4,2012Q4,0.05,0,0,13.79
d_og,2,arcal,False,enet,glob_fao_dairy_idx__yoy,66,1,0.01515,0,-0.6533,2016Q3,2016Q3,0,0.05,0,13.79
d_og,2,arcal,False,enet,glob_fao_ffpi_nok__yoy,66,1,0.01515,1,0.01318,2012Q3,2012Q3,0.05,0,0,13.79
d_og,2,arcal,False,enet,glob_fao_meat_idx__dyoy,66,1,0.01515,1,0.4628,2016Q3,2016Q3,0,0.05,0,13.79
d_og,2,arcal,False,enet,glob_fao_sugar_idx__yoy,66,1,0.01515,0,-0.5216,2016Q3,2016Q3,0,0.05,0,13.79
d_og,2,arcal,False,enet,glob_wb_food_idx__dyoy,66,1,0.01515,0,-0.3414,2016Q3,2016Q3,0,0.05,0,13.79
d_og,2,arcal,False,enet,no_cpi_food_idx__yoy,66,1,0.01515,1,0.2812,2016Q3,2016Q3,0,0.05,0,13.79
d_og,2,arcal,False,enet,no_cpi_total_idx__dyoy,66,1,0.01515,0,-0.4198,2016Q3,2016Q3,0,0.05,0,13.79
d_og,2,arcal,False,enet,no_imp_price_food_idx__yoy,66,1,0.01515,0,-0.1731,2016Q3,2016Q3,0,0.05,0,13.79
d_og,2,arcal,False,enet,no_jordbruk_malpris_mnok__lvl,66,1,0.01515,1,0.1738,2016Q3,2016Q3,0,0.05,0,13.79
d_og,2,arcal,False,enet,no_real_wage_qna_yoy_q__lvl,66,1,0.01515,1,0.14,2016Q3,2016Q3,0,0.05,0,13.79
d_og,2,arcal,False,enet,no_retail_foodstores_vol_sa_idx__dyoy,66,1,0.01515,0,-0.2398,2016Q3,2016Q3,0,0.05,0,13.79
d_og,2,arcal,False,enet,no_retail_foodstores_vol_sa_idx__yoy,66,1,0.01515,0,-0.8692,2016Q3,2016Q3,0,0.05,0,13.79
d_og,2,arcal,False,enet,nw_food_cpi_dyoy,66,1,0.01515,0,-0.1697,2016Q3,2016Q3,0,0.05,0,13.79
d_og,2,arcal,False,enet,nw_food_ppi_yoy,66,1,0.01515,0,-0.03368,2016Q3,2016Q3,0,0.05,0,13.79
d_og,2,arcal,False,enet,nw_price_cost_gap_ppi,66,1,0.01515,0,-0.3666,2016Q3,2016Q3,0,0.05,0,13.79
d_og,2,arcal,False,enet,nw_price_cost_gap_ppi_d4,66,1,0.01515,1,0.2242,2016Q3,2016Q3,0,0.05,0,13.79
d_og,2,arcal,False,enet,nw_retail_food_vol_yoy,66,1,0.01515,0,-0.04088,2016Q3,2016Q3,0,0.05,0,13.79
d_og,2,arcal,False,enet,price_cost_gap_agri_d4,66,1,0.01515,1,0.47,2016Q3,2016Q3,0,0.05,0,13.79
d_og,2,arcal,False,enet,price_cost_gap_fao_nok_d4,66,1,0.01515,0,-0.1562,2016Q3,2016Q3,0,0.05,0,13.79
d_og,2,arcal,False,enet,price_cost_gap_ppi_d4,66,1,0.01515,1,0.5665,2016Q3,2016Q3,0,0.05,0,13.79
d_og,2,arcal,False,enet,price_wage_gap,66,1,0.01515,0,-0.4448,2016Q3,2016Q3,0,0.05,0,13.79
d_og,2,arcal,False,enet,price_wage_gap_d4,66,1,0.01515,1,0.6204,2016Q3,2016Q3,0,0.05,0,13.79
d_og,2,arcal,False,enet,se_cpi_idx__yoy,66,1,0.01515,1,0.4304,2016Q3,2016Q3,0,0.05,0,13.79
d_og,2,arcal,False,enet,se_ec_cons_conf__lvl,66,1,0.01515,1,0.5286,2016Q3,2016Q3,0,0.05,0,13.79
d_og,2,arcal,False,enet,se_policy_rate__d4,66,1,0.01515,1,0.08101,2010Q1,2010Q1,0.05,0,0,13.79
d_og,2,arcal,False,enet,se_retail_grocery_vol_sa_idx__dyoy,66,1,0.01515,1,0.8717,2016Q3,2016Q3,0,0.05,0,13.79
d_og,2,arcal,False,enet,se_wage_idx_m__dyoy,66,1,0.01515,1,1.45,2016Q3,2016Q3,0,0.05,0,13.79
d_og,2,arcal,False,enet,us_ppi_corrugated_boxes_idx__dyoy,66,1,0.01515,0,-0.1288,2016Q3,2016Q3,0,0.05,0,13.79
d_og,2,arcal,False,enet,w_cpi_yoy,66,1,0.01515,0,-0.2198,2016Q3,2016Q3,0,0.05,0,13.79
d_og,2,arcal,False,enet,w_food_cpi_yoy,66,1,0.01515,0,-0.4557,2016Q3,2016Q3,0,0.05,0,13.79
d_og,2,arcal,False,enet,w_fx_vs_usd_yoy,66,1,0.01515,1,0.4611,2016Q3,2016Q3,0,0.05,0,13.79
d_og,2,arcal,False,enet,w_gdp_vol_dyoy,66,1,0.01515,0,-0.2114,2010Q1,2010Q1,0.05,0,0,13.79
d_og,2,arcal,False,enet,w_policy_rate_d4,66,1,0.01515,1,0.006944,2010Q1,2010Q1,0.05,0,0,13.79
d_og,2,arcal,False,enet,w_real_wage_dyoy,66,1,0.01515,0,-0.07261,2016Q3,2016Q3,0,0.05,0,13.79
d_og,2,arcal,False,enet,w_retail_total_vol_yoy,66,1,0.01515,1,0.03372,2012Q3,2012Q3,0.05,0,0,13.79
d_og,2,arcal,False,enet,w_unemp_lvl,66,1,0.01515,0,-0.2813,2016Q3,2016Q3,0,0.05,0,13.79
d_og,2,arcal,False,lasso,no_jordbruk_malpris_mnok__d4,66,34,0.5152,1,0.7215,2010Q4,2025Q4,0.85,0.2,0.5,7.439
d_og,2,arcal,False,lasso,ea_ec_food_ind_sell_price_exp__d4,66,29,0.4394,1,0.3461,2010Q2,2026Q2,0.6,0.15,0.5385,7.439
d_og,2,arcal,False,lasso,packaging_eu_yoy,66,27,0.4091,1,0.8243,2010Q1,2023Q1,0.9,0.4,0.03846,7.439
d_og,2,arcal,False,lasso,se_wage_idx_m__yoy,66,23,0.3485,0,-0.1063,2012Q4,2026Q2,0.3,0.05,0.6154,7.439
d_og,2,arcal,False,lasso,no_earn_idx_food_manuf_q__yoy,66,22,0.3333,0,-0.2277,2014Q1,2026Q2,0.05,0.15,0.6923,7.439
d_og,2,arcal,False,lasso,wb_food_sek_dyoy,66,18,0.2727,1,0.1385,2020Q1,2026Q2,0,0,0.6923,7.439
d_og,2,arcal,False,lasso,no_ssb_bts_consgoods_home_price_exp__d4,66,16,0.2424,0.9375,0.1455,2018Q1,2026Q2,0,0.05,0.5769,7.439
d_og,2,arcal,False,lasso,eu_ppi_paper_packaging_idx__dyoy,66,15,0.2273,1,0.4686,2020Q1,2023Q3,0,0,0.5769,7.439
d_og,2,arcal,False,lasso,no_earn_idx_food_manuf_q__dyoy,66,15,0.2273,0,-0.2678,2010Q1,2026Q2,0.2,0.05,0.3846,7.439
d_og,2,arcal,False,lasso,us_ppi_plastic_resins_idx__yoy,66,14,0.2121,1,0.4626,2017Q3,2026Q2,0,0.15,0.4231,7.439
d_og,2,arcal,False,lasso,ea_ec_food_ind_sell_price_exp__lvl,66,13,0.197,0.7692,0.08862,2010Q1,2018Q1,0.5,0.15,0,7.439
d_og,2,arcal,False,lasso,w_unemp_d4,66,13,0.197,0,-0.2692,2011Q2,2014Q2,0.65,0,0,7.439
d_og,2,arcal,False,lasso,eu_ppi_dom_c108_idx__dyoy,66,10,0.1515,1,0.2828,2013Q3,2022Q3,0.3,0.15,0.03846,7.439
d_og,2,arcal,False,lasso,ea_negotiated_wages_yoy_q__lvl,66,9,0.1364,0,-0.1011,2022Q3,2026Q2,0,0,0.3462,7.439
d_og,2,arcal,False,lasso,eu_agri_basket_wloc_yoy,66,9,0.1364,1,0.324,2012Q4,2014Q4,0.45,0,0,7.439
d_og,2,arcal,False,lasso,se_ec_cons_conf__d4,66,9,0.1364,0,-0.2533,2020Q1,2022Q1,0,0,0.3462,7.439
d_og,2,arcal,False,lasso,se_nier_food_mfg_sell_price_exp__d4,66,9,0.1364,1,0.1619,2020Q1,2026Q2,0,0,0.3462,7.439
d_og,2,arcal,False,lasso,ea_hicp_food_idx__dyoy,66,7,0.1061,1,0.4435,2011Q1,2012Q3,0.35,0,0,7.439
d_og,2,arcal,False,lasso,glob_gscpi__lvl,66,7,0.1061,0.5714,-0.06656,2017Q3,2024Q3,0,0.15,0.1538,7.439
d_og,2,arcal,False,lasso,packaging_eu_dyoy,66,7,0.1061,1,0.3492,2023Q1,2026Q1,0,0,0.2692,7.439
d_og,2,arcal,False,lasso,w_food_cpi_dyoy,66,7,0.1061,1,0.4226,2011Q1,2012Q3,0.35,0,0,7.439
d_og,2,arcal,False,lasso,fao_ffpi_sek_yoy,66,6,0.09091,1,0.179,2010Q3,2013Q1,0.3,0,0,7.439
d_og,2,arcal,False,lasso,price_cost_gap_agri,66,5,0.07576,0,-0.3179,2013Q2,2014Q2,0.25,0,0,7.439
d_og,2,arcal,False,lasso,se_gov_bond_10y__d4,66,5,0.07576,0,-0.156,2020Q1,2023Q1,0,0,0.1923,7.439
d_og,2,arcal,False,lasso,elec_nordic_loc_dyoy,66,4,0.06061,1,0.0787,2023Q2,2026Q2,0,0,0.1538,7.439
d_og,2,arcal,False,lasso,glob_gscpi__d4,66,4,0.06061,1,0.828,2017Q3,2023Q3,0,0.15,0.03846,7.439
d_og,2,arcal,False,lasso,no_ppi_food_dom_idx__yoy,66,4,0.06061,1,0.4851,2010Q1,2010Q4,0.2,0,0,7.439
d_og,2,arcal,False,lasso,no_ssb_bts_consgoods_home_price_exp__lvl,66,4,0.06061,1,0.3742,2022Q3,2023Q2,0,0,0.1538,7.439
d_og,2,arcal,False,lasso,se_cpi_food_idx__yoy,66,4,0.06061,0.25,-0.1227,2017Q3,2023Q1,0,0.05,0.1154,7.439
d_og,2,arcal,False,lasso,w_ec_food_ind_sell_price_exp_d4,66,4,0.06061,1,2.768,2010Q1,2018Q1,0.05,0.15,0,7.439
d_og,2,arcal,False,lasso,w_fx_vs_usd_dyoy,66,4,0.06061,1,0.1411,2017Q4,2023Q1,0,0.1,0.07692,7.439
d_og,2,arcal,False,lasso,w_gov10y_d4,66,4,0.06061,0,-0.1026,2017Q3,2022Q2,0,0.15,0.03846,7.439
d_og,2,arcal,False,lasso,eu_ppi_dom_c103_idx__yoy,66,3,0.04545,0,-0.9463,2017Q3,2018Q1,0,0.15,0,7.439
d_og,2,arcal,False,lasso,eu_ppi_plastic_products_idx__dyoy,66,3,0.04545,1,0.03287,2025Q2,2025Q4,0,0,0.1154,7.439
d_og,2,arcal,False,lasso,fao_ffpi_wloc_yoy,66,3,0.04545,1,0.08459,2024Q3,2026Q2,0,0,0.1154,7.439
d_og,2,arcal,False,lasso,glob_fao_sugar_idx__yoy,66,3,0.04545,0,-0.2973,2017Q3,2018Q1,0,0.15,0,7.439
d_og,2,arcal,False,lasso,no_cpi_total_idx__yoy,66,3,0.04545,0,-0.6811,2017Q3,2018Q1,0,0.15,0,7.439
d_og,2,arcal,False,lasso,no_fn_cci_sa__d4,66,3,0.04545,0,-0.7813,2017Q3,2018Q1,0,0.15,0,7.439
d_og,2,arcal,False,lasso,no_ppi_food_dom_idx__dyoy,66,3,0.04545,1,1.387,2017Q3,2018Q1,0,0.15,0,7.439
d_og,2,arcal,False,lasso,no_retail_foodstores_vol_sa_idx__dyoy,66,3,0.04545,1,0.3138,2017Q3,2018Q1,0,0.15,0,7.439
d_og,2,arcal,False,lasso,no_vat_food_rate__d4,66,3,0.04545,1,0.9561,2017Q3,2018Q1,0,0.15,0,7.439
d_og,2,arcal,False,lasso,no_vat_food_rate__lvl,66,3,0.04545,1,0.21,2010Q2,2010Q4,0.15,0,0,7.439
d_og,2,arcal,False,lasso,nw_real_wage_yoy,66,3,0.04545,1,0.4916,2017Q3,2018Q1,0,0.15,0,7.439
d_og,2,arcal,False,lasso,price_cost_gap_agri_d4,66,3,0.04545,1,1.25,2017Q3,2018Q1,0,0.15,0,7.439
d_og,2,arcal,False,lasso,price_cost_gap_ppi_d4,66,3,0.04545,1,0.7136,2017Q3,2018Q1,0,0.15,0,7.439
d_og,2,arcal,False,lasso,price_wage_gap_d4,66,3,0.04545,1,0.24,2017Q3,2018Q1,0,0.15,0,7.439
d_og,2,arcal,False,lasso,se_cpi_food_idx__dyoy,66,3,0.04545,0,-0.1094,2017Q3,2018Q1,0,0.15,0,7.439
d_og,2,arcal,False,lasso,se_na_hhcons_food_sa__dyoy,66,3,0.04545,1,1.628,2017Q3,2018Q1,0,0.15,0,7.439
d_og,2,arcal,False,lasso,se_ppi_food_hmpi_idx__yoy,66,3,0.04545,0,-1.764,2017Q3,2018Q1,0,0.15,0,7.439
d_og,2,arcal,False,lasso,se_retail_grocery_vol_sa_idx__yoy,66,3,0.04545,0,-0.8904,2017Q3,2018Q1,0,0.15,0,7.439
d_og,2,arcal,False,lasso,w_ec_cons_price_exp_lvl,66,3,0.04545,0,-1.477,2017Q3,2018Q1,0,0.15,0,7.439
d_og,2,arcal,False,lasso,w_gdp_vol_yoy,66,3,0.04545,0,-2.685,2017Q3,2018Q1,0,0.15,0,7.439
d_og,2,arcal,False,lasso,w_hh_saving_d4,66,3,0.04545,0,-1.374,2017Q3,2018Q1,0,0.15,0,7.439
d_og,2,arcal,False,lasso,w_retail_total_vol_dyoy,66,3,0.04545,1,0.7946,2017Q3,2018Q1,0,0.15,0,7.439
d_og,2,arcal,False,lasso,w_unemp_lvl,66,3,0.04545,0,-0.9325,2017Q3,2018Q1,0,0.15,0,7.439
d_og,2,arcal,False,lasso,wb_food_sek_yoy,66,3,0.04545,1,0.1867,2010Q2,2010Q4,0.15,0,0,7.439
d_og,2,arcal,False,lasso,brent_nok_dyoy,66,2,0.0303,1,0.9023,2017Q4,2018Q1,0,0.1,0,7.439
d_og,2,arcal,False,lasso,eu_ppi_paper_packaging_idx__yoy,66,2,0.0303,1,0.1864,2017Q4,2020Q1,0,0.05,0.03846,7.439
d_og,2,arcal,False,lasso,eu_ppi_plastic_products_idx__yoy,66,2,0.0303,1,0.02208,2012Q4,2013Q1,0.1,0,0,7.439
d_og,2,arcal,False,lasso,fao_ffpi_sek_dyoy,66,2,0.0303,1,0.177,2017Q3,2017Q4,0,0.1,0,7.439
d_og,2,arcal,False,lasso,glob_wb_food_idx__yoy,66,2,0.0303,0,-0.3787,2017Q4,2018Q1,0,0.1,0,7.439
d_og,2,arcal,False,lasso,no_fx_eurnok__dyoy,66,2,0.0303,0,-0.2804,2017Q4,2018Q1,0,0.1,0,7.439
d_og,2,arcal,False,lasso,no_policy_rate__d4,66,2,0.0303,1,0.1122,2010Q3,2010Q4,0.1,0,0,7.439
d_og,2,arcal,False,lasso,nw_food_cpi_xvat_yoy,66,2,0.0303,0,-0.08543,2022Q4,2023Q1,0,0,0.07692,7.439
d_og,2,arcal,False,lasso,nw_food_cpi_yoy,66,2,0.0303,0,-0.5497,2023Q2,2023Q3,0,0,0.07692,7.439
d_og,2,arcal,False,lasso,nw_real_wage_dyoy,66,2,0.0303,0,-0.4526,2017Q4,2018Q1,0,0.1,0,7.439
d_og,2,arcal,False,lasso,price_cost_gap_fao_nok,66,2,0.0303,1,0.1988,2017Q4,2018Q1,0,0.1,0,7.439
d_og,2,arcal,False,lasso,price_cost_gap_fao_wloc_d4,66,2,0.0303,0,-0.0945,2017Q4,2018Q1,0,0.1,0,7.439
d_og,2,arcal,False,lasso,price_cost_gap_ppi,66,2,0.0303,1,0.09308,2017Q3,2017Q4,0,0.1,0,7.439
d_og,2,arcal,False,lasso,se_real_wage_yoy_q__d4,66,2,0.0303,0,-0.1071,2018Q1,2026Q2,0,0.05,0.03846,7.439
d_og,2,arcal,False,lasso,us_ppi_plastic_resins_idx__dyoy,66,2,0.0303,1,0.1324,2023Q2,2023Q3,0,0,0.07692,7.439
d_og,2,arcal,False,lasso,w_ec_cons_price_exp_d4,66,2,0.0303,1,0.7423,2010Q1,2010Q2,0.1,0,0,7.439
d_og,2,arcal,False,lasso,w_fx_vs_nok_dyoy,66,2,0.0303,1,0.1229,2017Q4,2018Q1,0,0.1,0,7.439
d_og,2,arcal,False,lasso,w_hh_saving_lvl,66,2,0.0303,1,0.339,2017Q4,2018Q1,0,0.1,0,7.439
d_og,2,arcal,False,lasso,w_retail_food_vol_dyoy,66,2,0.0303,1,0.1207,2017Q4,2018Q1,0,0.1,0,7.439
d_og,2,arcal,False,lasso,ea_hicp_food_idx__yoy,66,1,0.01515,0,-0.1411,2023Q1,2023Q1,0,0,0.03846,7.439
d_og,2,arcal,False,lasso,eu_agri_basket_wloc_dyoy,66,1,0.01515,0,-0.01263,2022Q4,2022Q4,0,0,0.03846,7.439
d_og,2,arcal,False,lasso,eu_agri_basket_yoy,66,1,0.01515,1,0.02811,2014Q3,2014Q3,0.05,0,0,7.439
d_og,2,arcal,False,lasso,eu_ppi_dom_c108_idx__yoy,66,1,0.01515,0,-0.4036,2017Q3,2017Q3,0,0.05,0,7.439
d_og,2,arcal,False,lasso,glob_fao_ffpi_eur__dyoy,66,1,0.01515,1,0.02281,2017Q3,2017Q3,0,0.05,0,7.439
d_og,2,arcal,False,lasso,glob_wb_food_idx_eur__yoy,66,1,0.01515,1,0.2939,2010Q1,2010Q1,0.05,0,0,7.439
d_og,2,arcal,False,lasso,no_imp_price_food_idx__yoy,66,1,0.01515,0,-0.02219,2017Q3,2017Q3,0,0.05,0,7.439
d_og,2,arcal,False,lasso,no_nbes_bl_sell_price_di__lvl,66,1,0.01515,1,0.1931,2018Q1,2018Q1,0,0.05,0,7.439
d_og,2,arcal,False,lasso,no_qna_hh_food_cons_sa_mnok__dyoy,66,1,0.01515,0,-0.07608,2017Q4,2017Q4,0,0.05,0,7.439
d_og,2,arcal,False,lasso,nw_cons_conf_z_d4,66,1,0.01515,0,-0.005877,2020Q1,2020Q1,0,0,0.03846,7.439
d_og,2,arcal,False,lasso,price_cost_gap_fao_wloc,66,1,0.01515,0,-0.03166,2010Q1,2010Q1,0.05,0,0,7.439
d_og,2,arcal,False,lasso,se_cpi_idx__dyoy,66,1,0.01515,1,0.002226,2026Q1,2026Q1,0,0,0.03846,7.439
d_og,2,arcal,False,lasso,se_nier_food_mfg_sell_price_exp__lvl,66,1,0.01515,0,-0.04831,2018Q1,2018Q1,0,0.05,0,7.439
d_og,2,arcal,False,lasso,us_ppi_corrugated_boxes_idx__dyoy,66,1,0.01515,0,-0.2405,2017Q3,2017Q3,0,0.05,0,7.439
d_og,2,arcal,False,lasso,w_cons_conf_z,66,1,0.01515,0,-0.3368,2018Q1,2018Q1,0,0.05,0,7.439
d_og,2,arcal,False,lasso,w_cpi_yoy,66,1,0.01515,0,-0.1323,2017Q3,2017Q3,0,0.05,0,7.439
d_og,2,arcal,False,lasso,w_ec_food_ind_sell_price_exp_lvl,66,1,0.01515,0,-0.02087,2018Q1,2018Q1,0,0.05,0,7.439
d_og,2,arcal,False,lasso,w_fx_vs_eur_dyoy,66,1,0.01515,0,-0.259,2017Q3,2017Q3,0,0.05,0,7.439
d_og,2,arcal,False,lasso,w_gdp_vol_dyoy,66,1,0.01515,0,-0.08015,2010Q1,2010Q1,0.05,0,0,7.439
d_og,2,arcal,False,lasso,w_wage_dyoy,66,1,0.01515,0,-0.7824,2017Q3,2017Q3,0,0.05,0,7.439
d_og,2,oglev,True,enet,no_jordbruk_malpris_mnok__d4,66,38,0.5758,1,0.4802,2010Q1,2025Q4,0.75,0.6,0.4231,18.79
d_og,2,oglev,True,enet,se_nier_food_mfg_sell_price_exp__lvl,66,28,0.4242,1,0.211,2010Q1,2026Q2,0.25,0.5,0.5,18.79
d_og,2,oglev,True,enet,no_earn_idx_food_manuf_q__dyoy,66,26,0.3939,0,-0.2668,2010Q1,2026Q2,0.1,0.55,0.5,18.79
d_og,2,oglev,True,enet,us_ppi_plastic_resins_idx__dyoy,66,25,0.3788,1,0.1424,2012Q2,2026Q2,0.1,0.5,0.5,18.79
d_og,2,oglev,True,enet,glob_gscpi__lvl,66,24,0.3636,0.5417,0.04728,2016Q2,2026Q2,0,0.55,0.5,18.79
d_og,2,oglev,True,enet,no_fn_cci_sa__lvl,66,24,0.3636,0,-0.3246,2010Q1,2026Q2,0.05,0.55,0.4615,18.79
d_og,2,oglev,True,enet,ea_ec_food_ind_sell_price_exp__d4,66,23,0.3485,1,0.4311,2016Q2,2026Q1,0,0.55,0.4615,18.79
d_og,2,oglev,True,enet,no_cpi_food_idx__yoy,66,23,0.3485,1,0.3029,2010Q1,2019Q1,0.6,0.55,0,18.79
d_og,2,oglev,True,enet,nw_price_cost_gap_ppi_d4,66,22,0.3333,1,0.172,2010Q1,2019Q1,0.55,0.55,0,18.79
d_og,2,oglev,True,enet,nw_real_wage_dyoy,66,21,0.3182,0,-0.1847,2016Q4,2026Q2,0,0.5,0.4231,18.79
d_og,2,oglev,True,enet,packaging_eu_yoy,66,21,0.3182,1,0.1911,2016Q2,2026Q2,0,0.55,0.3846,18.79
d_og,2,oglev,True,enet,se_gov_bond_10y__lvl,66,20,0.303,0.35,-0.06549,2011Q1,2026Q2,0.35,0,0.5,18.79
d_og,2,oglev,True,enet,w_gov10y_lvl,66,20,0.303,0.3,-0.05187,2010Q1,2026Q2,0.3,0.05,0.5,18.79
d_og,2,oglev,True,enet,ea_ec_food_ind_sell_price_exp__lvl,66,19,0.2879,0.4211,-0.2946,2016Q2,2026Q2,0,0.55,0.3077,18.79
d_og,2,oglev,True,enet,w_food_cpi_dyoy,66,18,0.2727,1,0.2082,2010Q1,2018Q3,0.65,0.25,0,18.79
d_og,2,oglev,True,enet,w_food_cpi_rel_dyoy,66,18,0.2727,1,0.1746,2011Q1,2019Q1,0.35,0.55,0,18.79
d_og,2,oglev,True,enet,eu_ppi_plastic_products_idx__yoy,66,17,0.2576,1,0.1595,2017Q1,2026Q2,0,0.45,0.3077,18.79
d_og,2,oglev,True,enet,no_ssb_bts_consgoods_home_price_exp__lvl,66,17,0.2576,0.7647,0.1638,2016Q2,2026Q2,0,0.2,0.5,18.79
d_og,2,oglev,True,enet,eu_ppi_paper_packaging_idx__yoy,66,16,0.2424,1,0.2354,2010Q1,2026Q2,0.05,0.55,0.1538,18.79
d_og,2,oglev,True,enet,eu_ppi_plastic_products_idx__dyoy,66,16,0.2424,1,0.22,2016Q2,2024Q3,0,0.5,0.2308,18.79
d_og,2,oglev,True,enet,fao_ffpi_sek_yoy,66,16,0.2424,1,0.1008,2016Q2,2026Q2,0,0.45,0.2692,18.79
d_og,2,oglev,True,enet,no_earn_idx_food_manuf_q__yoy,66,16,0.2424,0,-0.2606,2016Q2,2026Q2,0,0.15,0.5,18.79
d_og,2,oglev,True,enet,nw_cons_conf_z_d4,66,16,0.2424,0,-0.1131,2010Q4,2018Q3,0.7,0.1,0,18.79
d_og,2,oglev,True,enet,se_ec_cons_conf__d4,66,16,0.2424,0,-0.07486,2011Q1,2019Q1,0.6,0.2,0,18.79
d_og,2,oglev,True,enet,se_na_hhcons_food_sa__dyoy,66,16,0.2424,0.6875,0.5997,2010Q1,2019Q1,0.25,0.55,0,18.79
d_og,2,oglev,True,enet,us_ppi_plastic_resins_idx__yoy,66,15,0.2273,1,0.1149,2016Q2,2026Q2,0,0.2,0.4231,18.79
d_og,2,oglev,True,enet,w_cons_conf_z_d4,66,15,0.2273,0,-0.1257,2010Q4,2015Q1,0.7,0.05,0,18.79
d_og,2,oglev,True,enet,eu_ppi_dom_c103_idx__yoy,66,14,0.2121,1,0.2075,2010Q4,2014Q4,0.7,0,0,18.79
d_og,2,oglev,True,enet,glob_gscpi__d4,66,14,0.2121,1,0.5449,2016Q2,2023Q4,0,0.55,0.1154,18.79
d_og,2,oglev,True,enet,price_wage_gap,66,14,0.2121,0,-0.1558,2016Q2,2023Q4,0,0.55,0.1154,18.79
d_og,2,oglev,True,enet,se_na_hhcons_food_sa__yoy,66,14,0.2121,1,0.2108,2016Q2,2023Q4,0,0.55,0.1154,18.79
d_og,2,oglev,True,enet,w_fx_vs_nok_dyoy,66,14,0.2121,1,0.09141,2017Q1,2024Q3,0,0.4,0.2308,18.79
d_og,2,oglev,True,enet,no_cpi_food_idx__dyoy,66,13,0.197,1,0.1245,2010Q1,2018Q3,0.6,0.05,0,18.79
d_og,2,oglev,True,enet,price_wage_gap_d4,66,13,0.197,1,0.5876,2010Q1,2019Q1,0.1,0.55,0,18.79
d_og,2,oglev,True,enet,se_real_wage_yoy_q__d4,66,13,0.197,0,-0.07464,2016Q4,2026Q2,0,0.3,0.2692,18.79
d_og,2,oglev,True,enet,w_fx_vs_usd_dyoy,66,13,0.197,1,0.6041,2016Q2,2023Q4,0,0.55,0.07692,18.79
d_og,2,oglev,True,enet,wb_food_sek_dyoy,66,13,0.197,1,0.15,2023Q2,2026Q2,0,0,0.5,18.79
d_og,2,oglev,True,enet,eu_ppi_dom_c108_idx__dyoy,66,12,0.1818,1,0.06395,2015Q1,2026Q2,0,0.1,0.3846,18.79
d_og,2,oglev,True,enet,glob_fao_sugar_idx__yoy,66,12,0.1818,0,-0.2146,2016Q4,2023Q4,0,0.5,0.07692,18.79
d_og,2,oglev,True,enet,se_ec_cons_conf__lvl,66,12,0.1818,0.75,0.2389,2012Q4,2018Q3,0.15,0.45,0,18.79
d_og,2,oglev,True,enet,w_hh_saving_d4,66,12,0.1818,0,-0.3383,2010Q1,2019Q1,0.05,0.55,0,18.79
d_og,2,oglev,True,enet,no_cpi_total_idx__yoy,66,11,0.1667,0,-0.1438,2016Q2,2019Q1,0,0.55,0,18.79
d_og,2,oglev,True,enet,no_policy_rate__lvl,66,11,0.1667,1,0.07944,2010Q1,2013Q1,0.55,0,0,18.79
d_og,2,oglev,True,enet,nw_food_cpi_yoy,66,11,0.1667,1,0.2223,2016Q2,2019Q1,0,0.55,0,18.79
d_og,2,oglev,True,enet,packaging_eu_dyoy,66,11,0.1667,1,0.106,2016Q2,2024Q4,0,0.2,0.2692,18.79
d_og,2,oglev,True,enet,price_cost_gap_ppi_d4,66,11,0.1667,1,0.1403,2016Q2,2019Q1,0,0.55,0,18.79
d_og,2,oglev,True,enet,se_cpi_food_idx__dyoy,66,11,0.1667,0,-0.505,2016Q2,2019Q1,0,0.55,0,18.79
d_og,2,oglev,True,enet,us_ppi_corrugated_boxes_idx__yoy,66,11,0.1667,0,-0.1553,2016Q2,2019Q1,0,0.55,0,18.79
d_og,2,oglev,True,enet,w_ec_cons_price_exp_lvl,66,11,0.1667,0,-0.6592,2016Q2,2019Q1,0,0.55,0,18.79
d_og,2,oglev,True,enet,w_ec_food_ind_sell_price_exp_d4,66,11,0.1667,1,1.517,2016Q2,2019Q1,0,0.55,0,18.79
d_og,2,oglev,True,enet,w_fx_vs_usd_yoy,66,11,0.1667,1,0.8217,2016Q2,2019Q1,0,0.55,0,18.79
d_og,2,oglev,True,enet,w_gdp_vol_yoy,66,11,0.1667,0,-0.5266,2016Q2,2019Q1,0,0.55,0,18.79
d_og,2,oglev,True,enet,w_retail_food_vol_dyoy,66,11,0.1667,1,0.5194,2016Q2,2019Q1,0,0.55,0,18.79
d_og,2,oglev,True,enet,glob_fao_meat_idx__dyoy,66,10,0.1515,1,0.151,2013Q1,2018Q3,0.05,0.45,0,18.79
d_og,2,oglev,True,enet,price_cost_gap_fao_nok_d4,66,10,0.1515,0,-0.2429,2016Q4,2019Q1,0,0.5,0,18.79
d_og,2,oglev,True,enet,price_cost_gap_fao_wloc_d4,66,10,0.1515,0,-0.4389,2016Q4,2019Q1,0,0.5,0,18.79
d_og,2,oglev,True,enet,se_cpi_idx__dyoy,66,10,0.1515,1,0.03568,2016Q4,2026Q2,0,0.05,0.3462,18.79
d_og,2,oglev,True,enet,se_policy_rate__lvl,66,10,0.1515,1,0.07877,2011Q2,2015Q1,0.45,0.05,0,18.79
d_og,2,oglev,True,enet,w_fx_vs_nok_yoy,66,10,0.1515,1,0.281,2016Q4,2019Q1,0,0.5,0,18.79
d_og,2,oglev,True,enet,w_unemp_d4,66,10,0.1515,0,-0.3004,2016Q4,2019Q1,0,0.5,0,18.79
d_og,2,oglev,True,enet,eu_agri_basket_wloc_dyoy,66,9,0.1364,0.2222,-0.1459,2012Q4,2023Q4,0.1,0.2,0.1154,18.79
d_og,2,oglev,True,enet,eu_ppi_dom_c108_idx__yoy,66,9,0.1364,1,0.09644,2010Q1,2013Q3,0.45,0,0,18.79
d_og,2,oglev,True,enet,glob_wb_food_idx__yoy,66,9,0.1364,0,-0.2151,2017Q1,2019Q1,0,0.45,0,18.79
d_og,2,oglev,True,enet,no_nbes_bl_sell_price_di__lvl,66,9,0.1364,1,0.1933,2016Q2,2018Q4,0,0.45,0,18.79
d_og,2,oglev,True,enet,nw_food_cpi_xvat_yoy,66,9,0.1364,1,0.1549,2016Q2,2019Q1,0,0.45,0,18.79
d_og,2,oglev,True,enet,se_wage_idx_m__dyoy,66,9,0.1364,1,0.1715,2016Q2,2019Q1,0,0.45,0,18.79
d_og,2,oglev,True,enet,ea_negotiated_wages_yoy_q__lvl,66,8,0.1212,1,0.1572,2010Q1,2018Q3,0.05,0.35,0,18.79
d_og,2,oglev,True,enet,fao_ffpi_sek_dyoy,66,8,0.1212,1,0.04276,2012Q2,2018Q3,0.1,0.3,0,18.79
d_og,2,oglev,True,enet,no_imp_price_food_idx__yoy,66,8,0.1212,0,-0.2653,2012Q4,2019Q1,0.05,0.35,0,18.79
d_og,2,oglev,True,enet,no_qna_hh_food_cons_sa_mnok__yoy,66,8,0.1212,0.5,-0.03411,2016Q2,2019Q1,0,0.4,0,18.79
d_og,2,oglev,True,enet,se_real_wage_yoy_q__lvl,66,8,0.1212,0,-0.03347,2011Q2,2026Q2,0.15,0.05,0.1538,18.79
d_og,2,oglev,True,enet,w_policy_rate_lvl,66,8,0.1212,1,0.1095,2011Q2,2013Q3,0.4,0,0,18.79
d_og,2,oglev,True,enet,w_real_wage_yoy,66,8,0.1212,1,0.2038,2017Q2,2019Q1,0,0.4,0,18.79
d_og,2,oglev,True,enet,no_govbond_10y__d4,66,7,0.1061,0,-0.1037,2017Q3,2019Q1,0,0.35,0,18.79
d_og,2,oglev,True,enet,no_govbond_10y__lvl,66,7,0.1061,1,0.08884,2010Q1,2012Q2,0.35,0,0,18.79
d_og,2,oglev,True,enet,se_retail_grocery_vol_sa_idx__yoy,66,7,0.1061,0,-0.1366,2016Q4,2018Q2,0,0.35,0,18.79
d_og,2,oglev,True,enet,w_gov10y_d4,66,7,0.1061,0,-0.2348,2017Q3,2019Q1,0,0.35,0,18.79
d_og,2,oglev,True,enet,eu_agri_basket_wloc_yoy,66,6,0.09091,1,0.03551,2012Q4,2019Q1,0.1,0.2,0,18.79
d_og,2,oglev,True,enet,no_fx_eurnok__dyoy,66,6,0.09091,0,-0.1477,2017Q3,2018Q4,0,0.3,0,18.79
d_og,2,oglev,True,enet,nw_retail_food_vol_yoy,66,6,0.09091,0,-0.08312,2016Q4,2019Q1,0,0.3,0,18.79
d_og,2,oglev,True,enet,eu_ppi_paper_packaging_idx__dyoy,66,5,0.07576,1,0.07342,2016Q2,2024Q3,0,0.05,0.1538,18.79
d_og,2,oglev,True,enet,no_fn_cci_sa__d4,66,5,0.07576,0,-0.0948,2012Q3,2018Q1,0.1,0.15,0,18.79
d_og,2,oglev,True,enet,no_jordbruk_malpris_mnok__lvl,66,5,0.07576,1,0.1378,2016Q2,2018Q1,0,0.25,0,18.79
d_og,2,oglev,True,enet,no_qna_hh_food_cons_sa_mnok__dyoy,66,5,0.07576,0.4,-0.003913,2017Q1,2018Q2,0,0.25,0,18.79
d_og,2,oglev,True,enet,nw_food_cpi_dyoy,66,5,0.07576,0.4,-0.07632,2013Q2,2017Q2,0.1,0.15,0,18.79
d_og,2,oglev,True,enet,nw_real_wage_yoy,66,5,0.07576,1,0.1298,2017Q3,2018Q3,0,0.25,0,18.79
d_og,2,oglev,True,enet,price_cost_gap_agri_d4,66,5,0.07576,1,0.1495,2016Q2,2023Q4,0,0.15,0.07692,18.79
d_og,2,oglev,True,enet,w_real_wage_dyoy,66,5,0.07576,0,-0.05803,2017Q3,2018Q3,0,0.25,0,18.79
d_og,2,oglev,True,enet,brent_nok_dyoy,66,4,0.06061,1,0.2072,2018Q2,2019Q1,0,0.2,0,18.79
d_og,2,oglev,True,enet,glob_fao_sugar_idx__dyoy,66,4,0.06061,1,0.221,2016Q2,2017Q2,0,0.2,0,18.79
d_og,2,oglev,True,enet,nw_cons_conf_z,66,4,0.06061,0,-0.02025,2011Q1,2013Q1,0.2,0,0,18.79
d_og,2,oglev,True,enet,se_retail_grocery_vol_sa_idx__dyoy,66,4,0.06061,0.75,0.0403,2010Q1,2018Q1,0.05,0.15,0,18.79
d_og,2,oglev,True,enet,w_ec_food_ind_sell_price_exp_lvl,66,4,0.06061,1,0.1866,2018Q2,2019Q1,0,0.2,0,18.79
d_og,2,oglev,True,enet,w_food_cpi_yoy,66,4,0.06061,0,-0.3406,2016Q2,2017Q2,0,0.2,0,18.79
d_og,2,oglev,True,enet,w_retail_total_vol_dyoy,66,4,0.06061,0.75,0.0105,2010Q1,2018Q4,0.05,0.15,0,18.79
d_og,2,oglev,True,enet,w_retail_total_vol_yoy,66,4,0.06061,0.75,0.002887,2010Q1,2023Q4,0.05,0,0.1154,18.79
d_og,2,oglev,True,enet,w_unemp_lvl,66,4,0.06061,0,-0.3229,2017Q3,2019Q1,0,0.2,0,18.79
d_og,2,oglev,True,enet,w_wage_dyoy,66,4,0.06061,0,-0.06538,2017Q3,2018Q2,0,0.2,0,18.79
d_og,2,oglev,True,enet,elec_nordic_loc_dyoy,66,3,0.04545,0.6667,-0.09363,2016Q2,2023Q4,0,0.05,0.07692,18.79
d_og,2,oglev,True,enet,glob_fao_cereals_idx__dyoy,66,3,0.04545,0,-0.08125,2016Q4,2017Q2,0,0.15,0,18.79
d_og,2,oglev,True,enet,glob_fao_dairy_idx__dyoy,66,3,0.04545,0.3333,-0.0271,2012Q4,2017Q3,0.05,0.1,0,18.79
d_og,2,oglev,True,enet,glob_fao_dairy_idx__yoy,66,3,0.04545,0.3333,-0.07019,2013Q1,2017Q2,0.05,0.1,0,18.79
d_og,2,oglev,True,enet,glob_fao_vegoils_idx__dyoy,66,3,0.04545,0,-0.0563,2017Q2,2018Q3,0,0.15,0,18.79
d_og,2,oglev,True,enet,glob_wb_food_idx_eur__dyoy,66,3,0.04545,1,0.02631,2010Q1,2019Q1,0.05,0.1,0,18.79
d_og,2,oglev,True,enet,no_fx_eurnok__yoy,66,3,0.04545,0,-0.02627,2018Q1,2018Q3,0,0.15,0,18.79
d_og,2,oglev,True,enet,no_ppi_food_dom_idx__yoy,66,3,0.04545,1,0.1002,2016Q4,2017Q2,0,0.15,0,18.79
d_og,2,oglev,True,enet,se_cpi_idx__yoy,66,3,0.04545,1,0.03253,2016Q2,2026Q2,0,0.05,0.07692,18.79
d_og,2,oglev,True,enet,se_ppi_food_hmpi_idx__yoy,66,3,0.04545,0,-0.03533,2017Q3,2018Q3,0,0.15,0,18.79
d_og,2,oglev,True,enet,w_cpi_yoy,66,3,0.04545,0,-0.04822,2017Q1,2017Q3,0,0.15,0,18.79
d_og,2,oglev,True,enet,wb_food_sek_yoy,66,3,0.04545,1,0.02573,2025Q4,2026Q2,0,0,0.1154,18.79
d_og,2,oglev,True,enet,brent_nok_yoy,66,2,0.0303,0,-0.06559,2017Q4,2018Q1,0,0.1,0,18.79
d_og,2,oglev,True,enet,eu_ppi_dom_c105_idx__yoy,66,2,0.0303,1,0.1284,2018Q4,2019Q1,0,0.1,0,18.79
d_og,2,oglev,True,enet,glob_fao_meat_idx__yoy,66,2,0.0303,0,-0.02825,2018Q4,2019Q1,0,0.1,0,18.79
d_og,2,oglev,True,enet,no_cpi_total_idx__dyoy,66,2,0.0303,0,-0.0997,2016Q2,2018Q4,0,0.1,0,18.79
d_og,2,oglev,True,enet,no_vat_food_rate__lvl,66,2,0.0303,1,0.1488,2017Q1,2017Q2,0,0.1,0,18.79
d_og,2,oglev,True,enet,nw_price_cost_gap_ppi,66,2,0.0303,0,-0.08473,2016Q2,2016Q4,0,0.1,0,18.79
d_og,2,oglev,True,enet,se_cpi_food_idx__yoy,66,2,0.0303,0,-0.07974,2023Q2,2023Q3,0,0,0.07692,18.79
d_og,2,oglev,True,enet,se_gov_bond_10y__d4,66,2,0.0303,0,-0.07436,2023Q2,2023Q3,0,0,0.07692,18.79
d_og,2,oglev,True,enet,se_wage_idx_m__yoy,66,2,0.0303,1,0.11,2010Q1,2017Q3,0.05,0.05,0,18.79
d_og,2,oglev,True,enet,us_ppi_corrugated_boxes_idx__dyoy,66,2,0.0303,0,-0.09405,2018Q4,2019Q1,0,0.1,0,18.79
d_og,2,oglev,True,enet,w_food_ppi_yoy,66,2,0.0303,0,-0.06419,2017Q3,2018Q4,0,0.1,0,18.79
d_og,2,oglev,True,enet,ea_hicp_food_idx__dyoy,66,1,0.01515,0,-0.1037,2019Q1,2019Q1,0,0.05,0,18.79
d_og,2,oglev,True,enet,ea_hicp_food_idx__yoy,66,1,0.01515,0,-0.1467,2019Q1,2019Q1,0,0.05,0,18.79
d_og,2,oglev,True,enet,eu_agri_basket_dyoy,66,1,0.01515,0,-0.0405,2016Q4,2016Q4,0,0.05,0,18.79
d_og,2,oglev,True,enet,eu_ppi_dom_c103_idx__dyoy,66,1,0.01515,1,0.009836,2016Q2,2016Q2,0,0.05,0,18.79
d_og,2,oglev,True,enet,glob_fao_ffpi_eur__dyoy,66,1,0.01515,1,0.001387,2017Q3,2017Q3,0,0.05,0,18.79
d_og,2,oglev,True,enet,glob_wb_food_idx__dyoy,66,1,0.01515,1,0.3288,2010Q1,2010Q1,0.05,0,0,18.79
d_og,2,oglev,True,enet,no_ssb_bts_consgoods_home_price_exp__d4,66,1,0.01515,0,-0.003201,2018Q3,2018Q3,0,0.05,0,18.79
d_og,2,oglev,True,enet,no_vat_food_rate__d4,66,1,0.01515,0,-0.01721,2016Q2,2016Q2,0,0.05,0,18.79
d_og,2,oglev,True,enet,se_nier_food_mfg_sell_price_exp__d4,66,1,0.01515,1,0.003798,2023Q4,2023Q4,0,0,0.03846,18.79
d_og,2,oglev,True,enet,w_ec_cons_price_exp_d4,66,1,0.01515,1,0.2771,2010Q1,2010Q1,0.05,0,0,18.79
d_og,2,oglev,True,enet,w_food_cpi_rel_yoy,66,1,0.01515,0,-0.1188,2016Q2,2016Q2,0,0.05,0,18.79
d_og,2,oglev,True,enet,w_fx_vs_eur_dyoy,66,1,0.01515,0,-0.02724,2017Q3,2017Q3,0,0.05,0,18.79
d_og,2,oglev,True,enet,w_gdp_vol_dyoy,66,1,0.01515,0,-0.05618,2010Q1,2010Q1,0.05,0,0,18.79
d_og,2,oglev,True,enet,w_hh_saving_lvl,66,1,0.01515,1,0.09119,2016Q2,2016Q2,0,0.05,0,18.79
d_og,2,oglev,True,enet,w_wage_yoy,66,1,0.01515,1,0.05815,2012Q3,2012Q3,0.05,0,0,18.79
d_og,2,oglev,True,lasso,no_jordbruk_malpris_mnok__d4,66,35,0.5303,1,0.7684,2011Q1,2025Q4,0.6,0.65,0.3846,11.02
d_og,2,oglev,True,lasso,se_nier_food_mfg_sell_price_exp__lvl,66,26,0.3939,1,0.2784,2010Q1,2026Q2,0.15,0.6,0.4231,11.02
d_og,2,oglev,True,lasso,glob_gscpi__lvl,66,24,0.3636,0.5,0.1325,2016Q2,2026Q2,0,0.6,0.4615,11.02
d_og,2,oglev,True,lasso,ea_ec_food_ind_sell_price_exp__d4,66,19,0.2879,1,0.6256,2016Q2,2025Q3,0,0.6,0.2692,11.02
d_og,2,oglev,True,lasso,no_cpi_food_idx__yoy,66,17,0.2576,1,0.5101,2010Q1,2018Q4,0.3,0.55,0,11.02
d_og,2,oglev,True,lasso,no_fn_cci_sa__lvl,66,17,0.2576,0,-0.3982,2016Q2,2026Q2,0,0.45,0.3077,11.02
d_og,2,oglev,True,lasso,no_ssb_bts_consgoods_home_price_exp__lvl,66,17,0.2576,0.7059,0.1914,2016Q2,2026Q2,0,0.25,0.4615,11.02
d_og,2,oglev,True,lasso,nw_price_cost_gap_ppi_d4,66,17,0.2576,1,0.3637,2011Q1,2019Q1,0.4,0.45,0,11.02
d_og,2,oglev,True,lasso,no_earn_idx_food_manuf_q__yoy,66,16,0.2424,0.0625,-0.3591,2016Q2,2026Q2,0,0.2,0.4615,11.02
d_og,2,oglev,True,lasso,se_gov_bond_10y__lvl,66,16,0.2424,0.25,-0.0871,2011Q2,2026Q2,0.15,0.05,0.4615,11.02
d_og,2,oglev,True,lasso,us_ppi_plastic_resins_idx__dyoy,66,16,0.2424,1,0.1408,2012Q2,2025Q3,0.1,0.25,0.3462,11.02
d_og,2,oglev,True,lasso,se_na_hhcons_food_sa__dyoy,66,15,0.2273,0.8,0.951,2010Q1,2019Q1,0.15,0.6,0,11.02
d_og,2,oglev,True,lasso,w_food_cpi_dyoy,66,15,0.2273,1,0.4912,2010Q1,2017Q2,0.5,0.25,0,11.02
d_og,2,oglev,True,lasso,no_earn_idx_food_manuf_q__dyoy,66,14,0.2121,0,-0.459,2010Q1,2023Q3,0.05,0.6,0.03846,11.02
d_og,2,oglev,True,lasso,glob_gscpi__d4,66,13,0.197,1,0.6887,2016Q2,2023Q3,0,0.6,0.03846,11.02
d_og,2,oglev,True,lasso,price_wage_gap_d4,66,13,0.197,1,0.833,2010Q1,2019Q1,0.05,0.6,0,11.02
d_og,2,oglev,True,lasso,ea_ec_food_ind_sell_price_exp__lvl,66,12,0.1818,0,-0.7535,2016Q2,2019Q1,0,0.6,0,11.02
d_og,2,oglev,True,lasso,se_ec_cons_conf__lvl,66,12,0.1818,0.9167,0.3047,2012Q4,2018Q4,0.05,0.55,0,11.02
d_og,2,oglev,True,lasso,w_ec_cons_price_exp_lvl,66,12,0.1818,0,-0.8605,2016Q2,2019Q1,0,0.6,0,11.02
d_og,2,oglev,True,lasso,w_ec_food_ind_sell_price_exp_d4,66,12,0.1818,1,2.132,2016Q2,2019Q1,0,0.6,0,11.02
d_og,2,oglev,True,lasso,w_fx_vs_usd_dyoy,66,12,0.1818,1,0.5647,2016Q3,2023Q3,0,0.55,0.03846,11.02
d_og,2,oglev,True,lasso,w_fx_vs_usd_yoy,66,12,0.1818,1,1.135,2016Q2,2019Q1,0,0.6,0,11.02
d_og,2,oglev,True,lasso,w_gdp_vol_yoy,66,12,0.1818,0,-0.7544,2016Q2,2019Q1,0,0.6,0,11.02
d_og,2,oglev,True,lasso,w_retail_food_vol_dyoy,66,12,0.1818,1,0.4146,2016Q2,2019Q1,0,0.6,0,11.02
d_og,2,oglev,True,lasso,wb_food_sek_dyoy,66,12,0.1818,1,0.1383,2023Q3,2026Q2,0,0,0.4615,11.02
d_og,2,oglev,True,lasso,se_cpi_food_idx__dyoy,66,11,0.1667,0,-0.6366,2016Q2,2019Q1,0,0.55,0,11.02
d_og,2,oglev,True,lasso,w_hh_saving_d4,66,11,0.1667,0,-0.3644,2010Q1,2019Q1,0.05,0.5,0,11.02
d_og,2,oglev,True,lasso,no_cpi_total_idx__yoy,66,10,0.1515,0,-0.1772,2016Q3,2019Q1,0,0.5,0,11.02
d_og,2,oglev,True,lasso,nw_real_wage_dyoy,66,10,0.1515,0,-0.09261,2017Q3,2026Q2,0,0.15,0.2692,11.02
d_og,2,oglev,True,lasso,us_ppi_plastic_resins_idx__yoy,66,10,0.1515,1,0.3992,2016Q2,2026Q2,0,0.35,0.1154,11.02
d_og,2,oglev,True,lasso,eu_ppi_plastic_products_idx__yoy,66,9,0.1364,1,0.3435,2017Q1,2019Q1,0,0.45,0,11.02
d_og,2,oglev,True,lasso,no_cpi_food_idx__dyoy,66,9,0.1364,1,0.1603,2010Q1,2019Q1,0.35,0.1,0,11.02
d_og,2,oglev,True,lasso,us_ppi_corrugated_boxes_idx__yoy,66,9,0.1364,0,-0.2568,2016Q2,2019Q1,0,0.45,0,11.02
d_og,2,oglev,True,lasso,w_unemp_d4,66,9,0.1364,0,-0.4011,2016Q4,2018Q4,0,0.45,0,11.02
d_og,2,oglev,True,lasso,glob_fao_sugar_idx__yoy,66,8,0.1212,0,-0.3607,2017Q3,2023Q3,0,0.35,0.03846,11.02
d_og,2,oglev,True,lasso,packaging_eu_yoy,66,8,0.1212,1,0.5858,2016Q4,2019Q1,0,0.4,0,11.02
d_og,2,oglev,True,lasso,price_cost_gap_fao_wloc_d4,66,8,0.1212,0,-0.8457,2016Q4,2019Q1,0,0.4,0,11.02
d_og,2,oglev,True,lasso,ea_negotiated_wages_yoy_q__lvl,66,7,0.1061,1,0.2683,2010Q1,2018Q2,0.05,0.3,0,11.02
d_og,2,oglev,True,lasso,eu_ppi_dom_c103_idx__yoy,66,7,0.1061,1,0.5878,2011Q1,2013Q3,0.35,0,0,11.02
d_og,2,oglev,True,lasso,glob_fao_meat_idx__dyoy,66,7,0.1061,1,0.2147,2013Q1,2017Q4,0.05,0.3,0,11.02
d_og,2,oglev,True,lasso,no_imp_price_food_idx__yoy,66,7,0.1061,0,-0.2788,2017Q3,2019Q1,0,0.35,0,11.02
d_og,2,oglev,True,lasso,se_wage_idx_m__dyoy,66,7,0.1061,1,0.2326,2016Q2,2019Q1,0,0.35,0,11.02
d_og,2,oglev,True,lasso,no_nbes_bl_sell_price_di__lvl,66,6,0.09091,1,0.3828,2016Q2,2018Q4,0,0.3,0,11.02
d_og,2,oglev,True,lasso,no_qna_hh_food_cons_sa_mnok__yoy,66,6,0.09091,0.6667,0.03739,2016Q2,2019Q1,0,0.3,0,11.02
d_og,2,oglev,True,lasso,nw_retail_food_vol_yoy,66,6,0.09091,0,-0.1769,2016Q3,2019Q1,0,0.3,0,11.02
d_og,2,oglev,True,lasso,price_wage_gap,66,6,0.09091,0,-0.3212,2016Q4,2023Q3,0,0.25,0.03846,11.02
d_og,2,oglev,True,lasso,se_real_wage_yoy_q__d4,66,6,0.09091,0,-0.1736,2024Q4,2026Q2,0,0,0.2308,11.02
d_og,2,oglev,True,lasso,se_retail_grocery_vol_sa_idx__yoy,66,6,0.09091,0,-0.1274,2016Q4,2018Q1,0,0.3,0,11.02
d_og,2,oglev,True,lasso,w_gov10y_d4,66,6,0.09091,0,-0.4272,2017Q3,2019Q1,0,0.3,0,11.02
d_og,2,oglev,True,lasso,eu_agri_basket_wloc_dyoy,66,5,0.07576,0.2,-0.1827,2013Q1,2017Q2,0.05,0.2,0,11.02
d_og,2,oglev,True,lasso,eu_ppi_dom_c108_idx__dyoy,66,5,0.07576,1,0.1434,2015Q1,2024Q4,0,0.1,0.1154,11.02
d_og,2,oglev,True,lasso,glob_fao_dairy_idx__yoy,66,5,0.07576,0.2,-0.1452,2013Q1,2017Q2,0.05,0.2,0,11.02
d_og,2,oglev,True,lasso,se_na_hhcons_food_sa__yoy,66,5,0.07576,1,0.3622,2016Q2,2023Q3,0,0.2,0.03846,11.02
d_og,2,oglev,True,lasso,w_fx_vs_nok_yoy,66,5,0.07576,1,0.5759,2017Q4,2018Q4,0,0.25,0,11.02
d_og,2,oglev,True,lasso,brent_nok_dyoy,66,4,0.06061,1,0.2112,2018Q2,2019Q1,0,0.2,0,11.02
d_og,2,oglev,True,lasso,eu_ppi_plastic_products_idx__dyoy,66,4,0.06061,1,0.5438,2016Q3,2019Q1,0,0.2,0,11.02
d_og,2,oglev,True,lasso,glob_fao_dairy_idx__dyoy,66,4,0.06061,0.25,-0.1683,2012Q4,2017Q2,0.05,0.15,0,11.02
d_og,2,oglev,True,lasso,no_ssb_bts_consgoods_home_price_exp__d4,66,4,0.06061,0,-0.1045,2016Q2,2018Q4,0,0.2,0,11.02
d_og,2,oglev,True,lasso,packaging_eu_dyoy,66,4,0.06061,1,0.08813,2023Q4,2024Q3,0,0,0.1538,11.02
d_og,2,oglev,True,lasso,se_ec_cons_conf__d4,66,4,0.06061,0,-0.1569,2012Q4,2019Q1,0.1,0.1,0,11.02
d_og,2,oglev,True,lasso,w_food_cpi_yoy,66,4,0.06061,0,-0.7784,2016Q2,2018Q4,0,0.2,0,11.02
d_og,2,oglev,True,lasso,w_policy_rate_lvl,66,4,0.06061,1,0.3467,2012Q2,2013Q1,0.2,0,0,11.02
d_og,2,oglev,True,lasso,w_real_wage_yoy,66,4,0.06061,1,0.3427,2017Q3,2019Q1,0,0.2,0,11.02
d_og,2,oglev,True,lasso,eu_ppi_paper_packaging_idx__yoy,66,3,0.04545,1,0.2931,2010Q1,2016Q3,0.05,0.1,0,11.02
d_og,2,oglev,True,lasso,no_cpi_total_idx__dyoy,66,3,0.04545,0,-0.4193,2016Q2,2018Q4,0,0.15,0,11.02
d_og,2,oglev,True,lasso,no_policy_rate__lvl,66,3,0.04545,1,0.08418,2010Q1,2011Q4,0.15,0,0,11.02
d_og,2,oglev,True,lasso,nw_cons_conf_z_d4,66,3,0.04545,0,-0.3395,2013Q1,2013Q3,0.15,0,0,11.02
d_og,2,oglev,True,lasso,ea_negotiated_wages_yoy_q__d4,66,2,0.0303,1,0.009269,2017Q1,2017Q2,0,0.1,0,11.02
d_og,2,oglev,True,lasso,eu_agri_basket_wloc_yoy,66,2,0.0303,1,0.07589,2012Q4,2013Q2,0.1,0,0,11.02
d_og,2,oglev,True,lasso,eu_ppi_dom_c105_idx__yoy,66,2,0.0303,1,0.2065,2018Q4,2019Q1,0,0.1,0,11.02
d_og,2,oglev,True,lasso,eu_ppi_dom_c108_idx__yoy,66,2,0.0303,1,0.4128,2012Q4,2013Q2,0.1,0,0,11.02
d_og,2,oglev,True,lasso,fao_ffpi_sek_dyoy,66,2,0.0303,1,0.02936,2012Q2,2012Q3,0.1,0,0,11.02
d_og,2,oglev,True,lasso,glob_fao_meat_idx__yoy,66,2,0.0303,0,-0.1873,2018Q4,2019Q1,0,0.1,0,11.02
d_og,2,oglev,True,lasso,glob_fao_sugar_idx__dyoy,66,2,0.0303,1,0.3028,2017Q1,2017Q2,0,0.1,0,11.02
d_og,2,oglev,True,lasso,glob_wb_food_idx_eur__dyoy,66,2,0.0303,1,0.02284,2018Q4,2019Q1,0,0.1,0,11.02
d_og,2,oglev,True,lasso,no_fx_eurnok__dyoy,66,2,0.0303,0,-0.3424,2018Q2,2018Q4,0,0.1,0,11.02
d_og,2,oglev,True,lasso,no_vat_food_rate__lvl,66,2,0.0303,1,0.06538,2017Q1,2017Q2,0,0.1,0,11.02
d_og,2,oglev,True,lasso,nw_food_cpi_xvat_yoy,66,2,0.0303,1,1.492,2016Q2,2016Q3,0,0.1,0,11.02
d_og,2,oglev,True,lasso,nw_food_cpi_yoy,66,2,0.0303,1,0.06437,2018Q4,2019Q1,0,0.1,0,11.02
d_og,2,oglev,True,lasso,nw_real_wage_yoy,66,2,0.0303,1,0.3405,2017Q3,2018Q1,0,0.1,0,11.02
d_og,2,oglev,True,lasso,price_cost_gap_agri_d4,66,2,0.0303,1,0.1672,2016Q4,2023Q3,0,0.05,0.03846,11.02
d_og,2,oglev,True,lasso,price_cost_gap_ppi_d4,66,2,0.0303,1,0.1165,2016Q2,2016Q3,0,0.1,0,11.02
d_og,2,oglev,True,lasso,se_policy_rate__lvl,66,2,0.0303,1,0.1995,2013Q3,2015Q1,0.05,0.05,0,11.02
d_og,2,oglev,True,lasso,se_ppi_food_hmpi_idx__yoy,66,2,0.0303,0,-0.03816,2018Q3,2018Q4,0,0.1,0,11.02
d_og,2,oglev,True,lasso,se_real_wage_yoy_q__lvl,66,2,0.0303,0,-0.02621,2026Q1,2026Q2,0,0,0.07692,11.02
d_og,2,oglev,True,lasso,w_cons_conf_z_d4,66,2,0.0303,0,-0.2331,2014Q4,2015Q1,0.05,0.05,0,11.02
d_og,2,oglev,True,lasso,w_retail_total_vol_yoy,66,2,0.0303,0.5,-0.05651,2010Q1,2023Q3,0.05,0,0.03846,11.02
d_og,2,oglev,True,lasso,ea_hicp_food_idx__dyoy,66,1,0.01515,0,-0.1512,2019Q1,2019Q1,0,0.05,0,11.02
d_og,2,oglev,True,lasso,elec_nordic_loc_yoy,66,1,0.01515,1,0.08388,2018Q4,2018Q4,0,0.05,0,11.02
d_og,2,oglev,True,lasso,eu_ppi_paper_packaging_idx__dyoy,66,1,0.01515,1,0.1088,2024Q3,2024Q3,0,0,0.03846,11.02
d_og,2,oglev,True,lasso,fao_ffpi_sek_yoy,66,1,0.01515,1,0.2367,2016Q3,2016Q3,0,0.05,0,11.02
d_og,2,oglev,True,lasso,glob_fao_ffpi_nok__dyoy,66,1,0.01515,1,0.001259,2012Q3,2012Q3,0.05,0,0,11.02
d_og,2,oglev,True,lasso,glob_wb_food_idx__dyoy,66,1,0.01515,1,0.4679,2010Q1,2010Q1,0.05,0,0,11.02
d_og,2,oglev,True,lasso,glob_wb_food_idx__yoy,66,1,0.01515,0,-0.06011,2018Q3,2018Q3,0,0.05,0,11.02
d_og,2,oglev,True,lasso,no_govbond_10y__lvl,66,1,0.01515,1,0.5604,2010Q1,2010Q1,0.05,0,0,11.02
d_og,2,oglev,True,lasso,no_ppi_food_dom_idx__dyoy,66,1,0.01515,1,0.007817,2016Q4,2016Q4,0,0.05,0,11.02
d_og,2,oglev,True,lasso,no_qna_hh_food_cons_sa_mnok__dyoy,66,1,0.01515,1,0.2354,2018Q4,2018Q4,0,0.05,0,11.02
d_og,2,oglev,True,lasso,no_vat_food_rate__d4,66,1,0.01515,1,0.004122,2017Q3,2017Q3,0,0.05,0,11.02
d_og,2,oglev,True,lasso,nw_food_cpi_dyoy,66,1,0.01515,1,0.01265,2010Q1,2010Q1,0.05,0,0,11.02
d_og,2,oglev,True,lasso,price_cost_gap_fao_nok_d4,66,1,0.01515,0,-0.2756,2018Q4,2018Q4,0,0.05,0,11.02
d_og,2,oglev,True,lasso,se_cpi_food_idx__yoy,66,1,0.01515,0,-0.009868,2023Q3,2023Q3,0,0,0.03846,11.02
d_og,2,oglev,True,lasso,se_cpi_idx__yoy,66,1,0.01515,1,0.8141,2016Q2,2016Q2,0,0.05,0,11.02
d_og,2,oglev,True,lasso,se_eursek__dyoy,66,1,0.01515,0,-0.04685,2018Q4,2018Q4,0,0.05,0,11.02
d_og,2,oglev,True,lasso,se_gov_bond_10y__d4,66,1,0.01515,0,-0.1971,2023Q3,2023Q3,0,0,0.03846,11.02
d_og,2,oglev,True,lasso,se_retail_grocery_vol_sa_idx__dyoy,66,1,0.01515,1,0.2352,2016Q2,2016Q2,0,0.05,0,11.02
d_og,2,oglev,True,lasso,se_wage_idx_m__yoy,66,1,0.01515,1,0.3453,2017Q3,2017Q3,0,0.05,0,11.02
d_og,2,oglev,True,lasso,w_ec_cons_price_exp_d4,66,1,0.01515,1,0.1417,2010Q1,2010Q1,0.05,0,0,11.02
d_og,2,oglev,True,lasso,w_food_cpi_rel_dyoy,66,1,0.01515,1,0.4335,2016Q2,2016Q2,0,0.05,0,11.02
d_og,2,oglev,True,lasso,w_gdp_vol_dyoy,66,1,0.01515,0,-0.08275,2010Q1,2010Q1,0.05,0,0,11.02
d_og,2,oglev,True,lasso,w_hh_saving_lvl,66,1,0.01515,1,0.3977,2016Q2,2016Q2,0,0.05,0,11.02
d_og,2,oglev,True,lasso,w_retail_total_vol_dyoy,66,1,0.01515,1,0.06217,2018Q4,2018Q4,0,0.05,0,11.02
d_og,2,oglev,True,lasso,w_unemp_lvl,66,1,0.01515,0,-0.9893,2019Q1,2019Q1,0,0.05,0,11.02
d_og,2,oglev,True,lasso,w_wage_yoy,66,1,0.01515,1,0.009028,2012Q3,2012Q3,0.05,0,0,11.02
d_og,2,oglev,True,lasso,wb_food_sek_yoy,66,1,0.01515,1,0.4425,2016Q2,2016Q2,0,0.05,0,11.02
og,0,ar,True,enet,nw_real_wage_yoy,66,43,0.6515,0,-0.518,2010Q1,2026Q2,1,0.45,0.5385,22.83
og,0,ar,True,enet,glob_gscpi__d4,66,41,0.6212,1,0.5397,2010Q1,2026Q2,1,0.35,0.5385,22.83
og,0,ar,True,enet,w_real_wage_dyoy,66,41,0.6212,0,-0.173,2010Q1,2026Q2,0.75,0.6,0.5385,22.83
og,0,ar,True,enet,no_imp_price_food_idx__dyoy,66,40,0.6061,1,0.4566,2010Q1,2025Q3,1,0.35,0.5,22.83
og,0,ar,True,enet,se_cpi_food_idx__dyoy,66,34,0.5152,1,0.2917,2010Q4,2026Q2,0.6,0.4,0.5385,22.83
og,0,ar,True,enet,nw_real_wage_dyoy,66,32,0.4848,0,-0.1963,2010Q1,2025Q2,0.85,0.6,0.1154,22.83
og,0,ar,True,enet,w_wage_dyoy,66,32,0.4848,0,-0.1645,2010Q3,2026Q2,0.6,0.35,0.5,22.83
og,0,ar,True,enet,us_ppi_corrugated_boxes_idx__yoy,66,30,0.4545,0,-0.2167,2010Q1,2026Q2,0.6,0.35,0.4231,22.83
og,0,ar,True,enet,eu_ppi_dom_c108_idx__dyoy,66,29,0.4394,1,0.2928,2012Q3,2026Q2,0.45,0.35,0.5,22.83
og,0,ar,True,enet,w_retail_total_vol_dyoy,66,27,0.4091,0,-0.4374,2010Q1,2016Q4,1,0.35,0,22.83
og,0,ar,True,enet,nw_food_cpi_dyoy,66,26,0.3939,1,0.43,2010Q3,2022Q3,0.9,0.35,0.03846,22.83
og,0,ar,True,enet,us_ppi_corrugated_boxes_idx__dyoy,66,26,0.3939,0,-0.2607,2012Q2,2026Q2,0.45,0.25,0.4615,22.83
og,0,ar,True,enet,w_real_wage_yoy,66,26,0.3939,0,-0.07409,2010Q1,2026Q2,0.85,0.1,0.2692,22.83
og,0,ar,True,enet,no_nbes_bl_sell_price_di__lvl,66,25,0.3788,0.96,0.337,2010Q1,2026Q2,0.3,0.35,0.4615,22.83
og,0,ar,True,enet,nw_food_cpi_yoy,66,25,0.3788,1,0.1542,2010Q1,2016Q1,1,0.25,0,22.83
og,0,ar,True,enet,no_govbond_10y__d4,66,24,0.3636,0,-0.451,2012Q2,2026Q2,0.25,0.35,0.4615,22.83
og,0,ar,True,enet,eu_ppi_dom_c108_idx__yoy,66,23,0.3485,1,0.2487,2010Q4,2026Q2,0.7,0.05,0.3077,22.83
og,0,ar,True,enet,glob_wb_food_idx__yoy,66,23,0.3485,1,0.2545,2010Q2,2026Q2,0.95,0.1,0.07692,22.83
og,0,ar,True,enet,no_ppi_food_dom_idx__dyoy,66,22,0.3333,1,0.1395,2010Q3,2026Q2,0.55,0.35,0.1538,22.83
og,0,ar,True,enet,se_wage_idx_m__yoy,66,22,0.3333,1,0.2519,2010Q1,2015Q4,0.9,0.2,0,22.83
og,0,ar,True,enet,no_real_wage_qna_yoy_q__lvl,66,21,0.3182,0,-0.2255,2010Q1,2015Q1,1,0.05,0,22.83
og,0,ar,True,enet,se_cpi_idx__dyoy,66,21,0.3182,0,-0.2257,2010Q3,2016Q4,0.9,0.15,0,22.83
og,0,ar,True,enet,se_na_hhcons_food_sa__dyoy,66,21,0.3182,0.4762,-0.02882,2012Q3,2026Q2,0.3,0.2,0.4231,22.83
og,0,ar,True,enet,se_policy_rate__lvl,66,21,0.3182,1,0.1398,2010Q3,2015Q4,0.85,0.2,0,22.83
og,0,ar,True,enet,w_hh_saving_d4,66,21,0.3182,0,-0.247,2015Q1,2026Q2,0,0.35,0.5385,22.83
og,0,ar,True,enet,ea_ec_food_ind_sell_price_exp__lvl,66,20,0.303,1,0.2047,2012Q3,2026Q2,0.1,0.35,0.4231,22.83
og,0,ar,True,enet,glob_fao_sugar_idx__dyoy,66,20,0.303,1,0.2203,2010Q1,2016Q4,0.7,0.3,0,22.83
og,0,ar,True,enet,no_fn_cci_sa__lvl,66,20,0.303,0,-0.7464,2015Q2,2026Q2,0,0.3,0.5385,22.83
og,0,ar,True,enet,eu_ppi_dom_c107_idx__yoy,66,19,0.2879,1,0.07438,2010Q1,2015Q4,0.75,0.2,0,22.83
og,0,ar,True,enet,eu_ppi_plastic_products_idx__dyoy,66,19,0.2879,0,-0.1032,2010Q3,2015Q4,0.8,0.15,0,22.83
og,0,ar,True,enet,no_earn_idx_food_manuf_q__dyoy,66,19,0.2879,0,-0.1682,2012Q4,2026Q2,0.05,0.25,0.5,22.83
og,0,ar,True,enet,w_fx_vs_nok_yoy,66,19,0.2879,0,-0.3984,2015Q2,2026Q2,0,0.3,0.5,22.83
og,0,ar,True,enet,nw_cons_conf_z,66,18,0.2727,0,-0.4232,2016Q1,2026Q2,0,0.2,0.5385,22.83
og,0,ar,True,enet,no_cpi_food_idx__yoy,66,17,0.2576,1,0.3835,2010Q1,2015Q4,0.8,0.05,0,22.83
og,0,ar,True,enet,no_govbond_10y__lvl,66,17,0.2576,0,-0.2546,2016Q1,2026Q2,0,0.15,0.5385,22.83
og,0,ar,True,enet,no_imp_price_food_idx__yoy,66,17,0.2576,1,0.2411,2015Q2,2026Q2,0,0.3,0.4231,22.83
og,0,ar,True,enet,se_nier_food_mfg_sell_price_exp__d4,66,17,0.2576,1,0.1299,2015Q2,2026Q2,0,0.15,0.5385,22.83
og,0,ar,True,enet,se_retail_grocery_vol_sa_idx__dyoy,66,17,0.2576,1,0.102,2014Q3,2026Q2,0.1,0.15,0.4615,22.83
og,0,ar,True,enet,eu_ppi_dom_c103_idx__yoy,66,16,0.2424,1,0.1884,2010Q1,2013Q4,0.8,0,0,22.83
og,0,ar,True,enet,glob_fao_cereals_idx__yoy,66,16,0.2424,1,0.1235,2014Q1,2026Q2,0.1,0.15,0.4231,22.83
og,0,ar,True,enet,glob_fao_vegoils_idx__dyoy,66,16,0.2424,0,-0.302,2015Q1,2026Q2,0,0.2,0.4615,22.83
og,0,ar,True,enet,price_wage_gap_d4,66,16,0.2424,1,0.03998,2010Q4,2019Q3,0.55,0.25,0,22.83
og,0,ar,True,enet,se_wage_idx_m__dyoy,66,16,0.2424,0.875,0.1978,2016Q1,2026Q2,0,0.1,0.5385,22.83
og,0,ar,True,enet,glob_gscpi__lvl,66,15,0.2273,0.7333,0.03512,2010Q3,2025Q3,0.05,0.15,0.4231,22.83
og,0,ar,True,enet,glob_wb_food_idx_nok__yoy,66,15,0.2273,1,0.3317,2019Q1,2026Q2,0,0.05,0.5385,22.83
og,0,ar,True,enet,no_cpi_total_idx__dyoy,66,15,0.2273,0,-0.09995,2015Q1,2026Q2,0,0.3,0.3462,22.83
og,0,ar,True,enet,no_fx_eurnok__yoy,66,15,0.2273,1,0.07899,2010Q1,2025Q2,0.45,0,0.2308,22.83
og,0,ar,True,enet,no_ssb_bts_consgoods_home_price_exp__lvl,66,14,0.2121,0.9286,0.3446,2012Q3,2026Q2,0.05,0,0.5,22.83
og,0,ar,True,enet,ea_negotiated_wages_yoy_q__d4,66,13,0.197,1,0.3038,2022Q3,2026Q2,0,0,0.5,22.83
og,0,ar,True,enet,eu_ppi_dom_c106_idx__yoy,66,13,0.197,1,0.2551,2010Q2,2016Q4,0.4,0.25,0,22.83
og,0,ar,True,enet,no_jordbruk_malpris_mnok__lvl,66,13,0.197,0,-0.5633,2022Q3,2026Q2,0,0,0.5,22.83
og,0,ar,True,enet,no_policy_rate__d4,66,13,0.197,0,-0.03459,2010Q1,2015Q1,0.6,0.05,0,22.83
og,0,ar,True,enet,w_retail_total_vol_yoy,66,13,0.197,0.9231,0.2108,2010Q1,2026Q2,0.05,0,0.4615,22.83
og,0,ar,True,enet,nw_food_cpi_xvat_yoy,66,12,0.1818,1,0.1045,2010Q1,2015Q4,0.4,0.2,0,22.83
og,0,ar,True,enet,w_unemp_lvl,66,12,0.1818,0,-0.2272,2023Q1,2026Q2,0,0,0.4615,22.83
og,0,ar,True,enet,glob_wb_food_idx_nok__dyoy,66,11,0.1667,0.8182,0.06476,2010Q2,2022Q3,0.35,0.1,0.07692,22.83
og,0,ar,True,enet,w_gdp_vol_dyoy,66,11,0.1667,0,-0.1484,2014Q1,2016Q4,0.2,0.35,0,22.83
og,0,ar,True,enet,w_gov10y_lvl,66,11,0.1667,0,-0.03563,2022Q2,2025Q1,0,0,0.4231,22.83
og,0,ar,True,enet,w_retail_food_vol_yoy,66,11,0.1667,1,0.07845,2013Q3,2016Q4,0.3,0.25,0,22.83
og,0,ar,True,enet,no_cpi_total_idx__yoy,66,10,0.1515,0,-0.1589,2010Q3,2016Q4,0.2,0.3,0,22.83
og,0,ar,True,enet,price_wage_gap,66,10,0.1515,1,0.08296,2011Q3,2016Q4,0.25,0.25,0,22.83
og,0,ar,True,enet,w_fx_vs_usd_yoy,66,10,0.1515,0,-0.07711,2010Q3,2016Q2,0.4,0.1,0,22.83
og,0,ar,True,enet,ea_negotiated_wages_yoy_q__lvl,66,9,0.1364,0,-0.1142,2012Q2,2016Q4,0.1,0.35,0,22.83
og,0,ar,True,enet,elec_nordic_loc_dyoy,66,9,0.1364,1,0.0609,2012Q3,2026Q2,0.05,0.15,0.1923,22.83
og,0,ar,True,enet,ea_hicp_food_idx__yoy,66,8,0.1212,1,0.1908,2012Q1,2013Q4,0.4,0,0,22.83
og,0,ar,True,enet,eu_agri_basket_wloc_yoy,66,8,0.1212,0,-0.2618,2014Q4,2016Q4,0.05,0.35,0,22.83
og,0,ar,True,enet,glob_fao_dairy_idx__dyoy,66,8,0.1212,0,-0.05684,2014Q1,2025Q1,0.1,0.1,0.1538,22.83
og,0,ar,True,enet,price_cost_gap_agri,66,8,0.1212,1,0.3864,2015Q1,2023Q3,0,0.35,0.03846,22.83
og,0,ar,True,enet,se_ec_cons_conf__lvl,66,8,0.1212,0,-0.08329,2017Q4,2023Q1,0,0.25,0.1154,22.83
og,0,ar,True,enet,w_fx_vs_eur_yoy,66,8,0.1212,1,0.315,2010Q2,2012Q1,0.4,0,0,22.83
og,0,ar,True,enet,wb_food_sek_dyoy,66,8,0.1212,1,0.03415,2010Q3,2022Q2,0.35,0,0.03846,22.83
og,0,ar,True,enet,brent_nok_yoy,66,7,0.1061,1,0.2362,2012Q2,2013Q4,0.35,0,0,22.83
og,0,ar,True,enet,eu_agri_basket_yoy,66,7,0.1061,0,-0.3474,2015Q1,2016Q4,0,0.35,0,22.83
og,0,ar,True,enet,eu_ppi_plastic_products_idx__yoy,66,7,0.1061,0,-0.1214,2010Q1,2015Q2,0.3,0.05,0,22.83
og,0,ar,True,enet,no_nbes_bl_sell_price_di__d4,66,7,0.1061,1,0.591,2015Q2,2025Q1,0,0.3,0.03846,22.83
og,0,ar,True,enet,no_real_wage_qna_yoy_q__d4,66,7,0.1061,0,-0.02689,2012Q2,2014Q4,0.35,0,0,22.83
og,0,ar,True,enet,no_retail_foodstores_vol_sa_idx__dyoy,66,7,0.1061,0,-0.02051,2015Q1,2026Q2,0,0.1,0.1923,22.83
og,0,ar,True,enet,price_cost_gap_fao_wloc_d4,66,7,0.1061,0,-0.1328,2024Q2,2026Q2,0,0,0.2692,22.83
og,0,ar,True,enet,se_na_hhcons_food_sa__yoy,66,7,0.1061,0.7143,-0.006601,2015Q2,2026Q2,0,0.25,0.07692,22.83
og,0,ar,True,enet,no_qna_hh_food_cons_sa_mnok__yoy,66,6,0.09091,1,0.05964,2010Q1,2014Q1,0.3,0,0,22.83
og,0,ar,True,enet,w_gov10y_d4,66,6,0.09091,0,-0.05191,2015Q2,2016Q4,0,0.3,0,22.83
og,0,ar,True,enet,no_qna_hh_food_cons_sa_mnok__dyoy,66,5,0.07576,1,0.1205,2014Q3,2016Q4,0.05,0.2,0,22.83
og,0,ar,True,enet,nw_price_cost_gap_ppi_d4,66,5,0.07576,0,-0.06221,2015Q1,2016Q1,0,0.25,0,22.83
og,0,ar,True,enet,packaging_eu_dyoy,66,5,0.07576,0,-0.0155,2010Q3,2012Q4,0.25,0,0,22.83
og,0,ar,True,enet,se_cpi_food_idx__yoy,66,5,0.07576,1,0.06924,2010Q1,2016Q4,0.15,0.1,0,22.83
og,0,ar,True,enet,se_eursek__dyoy,66,5,0.07576,1,0.0555,2010Q4,2012Q1,0.25,0,0,22.83
og,0,ar,True,enet,se_gov_bond_10y__lvl,66,5,0.07576,1,0.1145,2011Q1,2012Q1,0.25,0,0,22.83
og,0,ar,True,enet,se_ppi_food_hmpi_idx__yoy,66,5,0.07576,1,0.1249,2014Q3,2015Q4,0.1,0.15,0,22.83
og,0,ar,True,enet,eu_ppi_paper_packaging_idx__dyoy,66,4,0.06061,0,-0.06566,2023Q1,2026Q2,0,0,0.1538,22.83
og,0,ar,True,enet,no_ssb_bts_consgoods_home_price_exp__d4,66,4,0.06061,0,-0.009806,2013Q1,2015Q4,0.05,0.15,0,22.83
og,0,ar,True,enet,se_ec_cons_conf__d4,66,4,0.06061,0,-0.1513,2015Q3,2016Q4,0,0.2,0,22.83
og,0,ar,True,enet,w_ec_food_ind_sell_price_exp_lvl,66,4,0.06061,1,0.06718,2012Q2,2015Q2,0.1,0.1,0,22.83
og,0,ar,True,enet,w_fx_vs_eur_dyoy,66,4,0.06061,0.75,0.02878,2012Q3,2026Q2,0.15,0,0.03846,22.83
og,0,ar,True,enet,eu_ppi_dom_c106_idx__dyoy,66,3,0.04545,1,0.266,2015Q2,2015Q4,0,0.15,0,22.83
og,0,ar,True,enet,glob_fao_dairy_idx__yoy,66,3,0.04545,0,-0.1038,2015Q1,2016Q4,0,0.15,0,22.83
og,0,ar,True,enet,glob_fao_ffpi_nok__dyoy,66,3,0.04545,0.3333,0.03172,2010Q1,2015Q4,0.05,0.1,0,22.83
og,0,ar,True,enet,glob_fao_sugar_idx__yoy,66,3,0.04545,1,0.09041,2016Q1,2016Q4,0,0.15,0,22.83
og,0,ar,True,enet,no_ppi_food_dom_idx__yoy,66,3,0.04545,1,0.07769,2025Q2,2026Q2,0,0,0.1154,22.83
og,0,ar,True,enet,se_cpi_idx__yoy,66,3,0.04545,1,0.07089,2025Q2,2026Q2,0,0,0.1154,22.83
og,0,ar,True,enet,w_retail_food_vol_dyoy,66,3,0.04545,0.3333,0.001272,2016Q2,2023Q3,0,0.05,0.07692,22.83
og,0,ar,True,enet,ea_ec_food_ind_sell_price_exp__d4,66,2,0.0303,0,-0.05213,2010Q3,2010Q4,0.1,0,0,22.83
og,0,ar,True,enet,fao_ffpi_wloc_dyoy,66,2,0.0303,0,-0.02166,2015Q3,2015Q4,0,0.1,0,22.83
og,0,ar,True,enet,glob_fao_meat_idx__yoy,66,2,0.0303,0,-0.03228,2016Q1,2016Q4,0,0.1,0,22.83
og,0,ar,True,enet,no_earn_idx_food_manuf_q__yoy,66,2,0.0303,0,-0.07869,2015Q2,2022Q3,0,0.05,0.03846,22.83
og,0,ar,True,enet,no_vat_food_rate__d4,66,2,0.0303,1,0.03692,2012Q2,2012Q3,0.1,0,0,22.83
og,0,ar,True,enet,nw_food_cpi_xvat_dyoy,66,2,0.0303,1,0.05828,2016Q1,2016Q2,0,0.1,0,22.83
og,0,ar,True,enet,price_cost_gap_fao_nok,66,2,0.0303,1,0.1368,2015Q3,2015Q4,0,0.1,0,22.83
og,0,ar,True,enet,se_real_wage_yoy_q__lvl,66,2,0.0303,0,-0.1107,2025Q2,2025Q3,0,0,0.07692,22.83
og,0,ar,True,enet,w_cons_conf_z,66,2,0.0303,0,-0.03927,2016Q1,2016Q4,0,0.1,0,22.83
og,0,ar,True,enet,w_fx_vs_usd_dyoy,66,2,0.0303,1,0.01097,2022Q2,2022Q3,0,0,0.07692,22.83
og,0,ar,True,enet,w_wage_yoy,66,2,0.0303,0,-0.01862,2016Q1,2016Q2,0,0.1,0,22.83
og,0,ar,True,enet,eu_agri_basket_dyoy,66,1,0.01515,0,-0.03165,2015Q4,2015Q4,0,0.05,0,22.83
og,0,ar,True,enet,glob_fao_cereals_idx__dyoy,66,1,0.01515,1,0.00761,2016Q4,2016Q4,0,0.05,0,22.83
og,0,ar,True,enet,glob_fao_meat_idx__dyoy,66,1,0.01515,1,0.07341,2010Q1,2010Q1,0.05,0,0,22.83
og,0,ar,True,enet,glob_fao_vegoils_idx__yoy,66,1,0.01515,1,0.06756,2016Q2,2016Q2,0,0.05,0,22.83
og,0,ar,True,enet,price_cost_gap_fao_wloc,66,1,0.01515,1,0.01574,2016Q2,2016Q2,0,0.05,0,22.83
og,0,ar,True,enet,se_eursek__yoy,66,1,0.01515,0,-0.05771,2016Q4,2016Q4,0,0.05,0,22.83
og,0,ar,True,enet,se_policy_rate__d4,66,1,0.01515,0,-0.02769,2023Q1,2023Q1,0,0,0.03846,22.83
og,0,ar,True,enet,se_retail_grocery_vol_sa_idx__yoy,66,1,0.01515,1,0.007643,2023Q1,2023Q1,0,0,0.03846,22.83
og,0,ar,True,enet,w_cons_conf_z_d4,66,1,0.01515,0,-0.0111,2016Q4,2016Q4,0,0.05,0,22.83
og,0,ar,True,enet,w_cpi_yoy,66,1,0.01515,1,0.1023,2010Q1,2010Q1,0.05,0,0,22.83
og,0,ar,True,enet,w_ec_cons_price_exp_lvl,66,1,0.01515,0,-0.08472,2016Q4,2016Q4,0,0.05,0,22.83
og,0,ar,True,enet,w_food_cpi_rel_yoy,66,1,0.01515,1,0.08626,2016Q4,2016Q4,0,0.05,0,22.83
og,0,ar,True,enet,w_food_cpi_yoy,66,1,0.01515,1,0.02052,2011Q4,2011Q4,0.05,0,0,22.83
og,0,ar,True,enet,w_policy_rate_lvl,66,1,0.01515,1,0.1407,2015Q1,2015Q1,0,0.05,0,22.83
og,0,ar,True,enet,wb_food_wloc_dyoy,66,1,0.01515,1,0.001597,2010Q3,2010Q3,0.05,0,0,22.83
og,0,ar,True,lasso,nw_real_wage_yoy,66,37,0.5606,0,-0.7694,2010Q1,2026Q2,0.8,0.35,0.5385,14.47
og,0,ar,True,lasso,glob_gscpi__d4,66,35,0.5303,1,0.6335,2010Q1,2026Q2,0.8,0.35,0.4615,14.47
og,0,ar,True,lasso,no_imp_price_food_idx__dyoy,66,33,0.5,1,0.5344,2010Q1,2026Q2,0.8,0.3,0.4231,14.47
og,0,ar,True,lasso,w_retail_total_vol_dyoy,66,27,0.4091,0,-0.5036,2010Q2,2024Q4,0.95,0.35,0.03846,14.47
og,0,ar,True,lasso,se_cpi_food_idx__dyoy,66,25,0.3788,1,0.4409,2011Q4,2026Q2,0.25,0.35,0.5,14.47
og,0,ar,True,lasso,nw_food_cpi_dyoy,66,24,0.3636,1,0.4964,2010Q1,2024Q4,0.75,0.35,0.07692,14.47
og,0,ar,True,lasso,eu_ppi_dom_c108_idx__dyoy,66,22,0.3333,1,0.3633,2013Q3,2026Q2,0.3,0.3,0.3846,14.47
og,0,ar,True,lasso,glob_wb_food_idx__yoy,66,22,0.3333,1,0.2607,2010Q3,2026Q2,0.7,0.1,0.2308,14.47
og,0,ar,True,lasso,no_ppi_food_dom_idx__dyoy,66,22,0.3333,1,0.1449,2010Q2,2026Q2,0.5,0.35,0.1923,14.47
og,0,ar,True,lasso,no_nbes_bl_sell_price_di__lvl,66,21,0.3182,0.9524,0.5462,2010Q1,2026Q2,0.2,0.3,0.4231,14.47
og,0,ar,True,lasso,no_govbond_10y__d4,66,18,0.2727,0,-0.6622,2015Q1,2026Q2,0,0.35,0.4231,14.47
og,0,ar,True,lasso,us_ppi_corrugated_boxes_idx__dyoy,66,18,0.2727,0,-0.5022,2010Q1,2026Q2,0.15,0.2,0.4231,14.47
og,0,ar,True,lasso,w_hh_saving_d4,66,18,0.2727,0,-0.2707,2015Q2,2026Q2,0,0.3,0.4615,14.47
og,0,ar,True,lasso,no_earn_idx_food_manuf_q__dyoy,66,17,0.2576,0.1176,-0.1462,2010Q1,2026Q2,0.1,0.2,0.4231,14.47
og,0,ar,True,lasso,nw_real_wage_dyoy,66,17,0.2576,0,-0.4532,2012Q3,2019Q2,0.25,0.6,0,14.47
og,0,ar,True,lasso,ea_ec_food_ind_sell_price_exp__lvl,66,16,0.2424,1,0.3673,2015Q2,2026Q2,0,0.3,0.3846,14.47
og,0,ar,True,lasso,no_fn_cci_sa__lvl,66,16,0.2424,0,-1.566,2015Q2,2026Q2,0,0.25,0.4231,14.47
og,0,ar,True,lasso,us_ppi_corrugated_boxes_idx__yoy,66,16,0.2424,0,-0.3565,2012Q4,2016Q4,0.45,0.35,0,14.47
og,0,ar,True,lasso,w_real_wage_dyoy,66,16,0.2424,0,-0.2988,2012Q4,2026Q2,0.45,0.05,0.2308,14.47
og,0,ar,True,lasso,no_cpi_food_idx__yoy,66,15,0.2273,1,0.6609,2010Q2,2013Q4,0.75,0,0,14.47
og,0,ar,True,lasso,no_real_wage_qna_yoy_q__lvl,66,15,0.2273,0,-0.229,2010Q2,2014Q4,0.75,0,0,14.47
og,0,ar,True,lasso,se_wage_idx_m__yoy,66,15,0.2273,0.9333,0.3196,2010Q1,2024Q2,0.65,0.05,0.03846,14.47
og,0,ar,True,lasso,no_cpi_total_idx__dyoy,66,14,0.2121,0,-0.183,2013Q3,2025Q1,0.1,0.2,0.3077,14.47
og,0,ar,True,lasso,no_imp_price_food_idx__yoy,66,14,0.2121,1,0.2662,2015Q4,2026Q2,0,0.2,0.3846,14.47
og,0,ar,True,lasso,eu_ppi_dom_c106_idx__yoy,66,13,0.197,1,0.3172,2010Q2,2024Q4,0.3,0.25,0.07692,14.47
og,0,ar,True,lasso,glob_wb_food_idx_nok__yoy,66,13,0.197,1,0.3182,2015Q3,2026Q2,0,0.1,0.4231,14.47
og,0,ar,True,lasso,nw_cons_conf_z,66,13,0.197,0,-0.3282,2016Q1,2026Q2,0,0.15,0.3846,14.47
og,0,ar,True,lasso,w_fx_vs_nok_yoy,66,13,0.197,0,-0.5171,2015Q2,2026Q2,0,0.1,0.4231,14.47
og,0,ar,True,lasso,glob_fao_vegoils_idx__dyoy,66,12,0.1818,0,-0.5679,2015Q4,2026Q2,0,0.05,0.4231,14.47
og,0,ar,True,lasso,no_govbond_10y__lvl,66,12,0.1818,0,-0.5563,2016Q2,2026Q2,0,0.05,0.4231,14.47
og,0,ar,True,lasso,no_ssb_bts_consgoods_home_price_exp__lvl,66,12,0.1818,1,0.3959,2023Q1,2026Q2,0,0,0.4615,14.47
og,0,ar,True,lasso,no_jordbruk_malpris_mnok__lvl,66,11,0.1667,0,-0.6624,2023Q2,2026Q2,0,0,0.4231,14.47
og,0,ar,True,lasso,price_cost_gap_fao_wloc_d4,66,11,0.1667,0,-0.2666,2023Q2,2026Q2,0,0,0.4231,14.47
og,0,ar,True,lasso,w_retail_total_vol_yoy,66,11,0.1667,1,0.4593,2023Q2,2026Q2,0,0,0.4231,14.47
og,0,ar,True,lasso,w_unemp_lvl,66,11,0.1667,0,-0.1505,2023Q2,2026Q2,0,0,0.4231,14.47
og,0,ar,True,lasso,w_wage_dyoy,66,11,0.1667,0,-0.2491,2010Q1,2026Q2,0.05,0,0.3846,14.47
og,0,ar,True,lasso,ea_negotiated_wages_yoy_q__d4,66,10,0.1515,1,0.3388,2023Q1,2026Q2,0,0,0.3846,14.47
og,0,ar,True,lasso,glob_fao_cereals_idx__yoy,66,10,0.1515,1,0.1494,2016Q2,2026Q2,0,0.1,0.3077,14.47
og,0,ar,True,lasso,glob_fao_sugar_idx__dyoy,66,10,0.1515,1,0.3098,2010Q1,2016Q4,0.35,0.15,0,14.47
og,0,ar,True,lasso,no_cpi_total_idx__yoy,66,10,0.1515,0,-0.2054,2010Q3,2024Q4,0.1,0.25,0.1154,14.47
og,0,ar,True,lasso,price_cost_gap_agri,66,10,0.1515,1,0.7752,2015Q1,2024Q4,0,0.35,0.1154,14.47
og,0,ar,True,lasso,se_cpi_idx__dyoy,66,10,0.1515,0,-0.161,2012Q4,2016Q4,0.4,0.1,0,14.47
og,0,ar,True,lasso,w_gdp_vol_dyoy,66,10,0.1515,0,-0.2359,2014Q3,2024Q4,0.1,0.25,0.1154,14.47
og,0,ar,True,lasso,eu_ppi_dom_c108_idx__yoy,66,9,0.1364,1,0.2537,2012Q4,2014Q4,0.45,0,0,14.47
og,0,ar,True,lasso,eu_ppi_plastic_products_idx__dyoy,66,9,0.1364,0,-0.1731,2010Q3,2013Q4,0.45,0,0,14.47
og,0,ar,True,lasso,no_qna_hh_food_cons_sa_mnok__yoy,66,9,0.1364,1,0.2459,2012Q4,2024Q4,0.25,0.05,0.1154,14.47
og,0,ar,True,lasso,se_na_hhcons_food_sa__dyoy,66,9,0.1364,0.4444,-0.02979,2013Q3,2025Q1,0.2,0,0.1923,14.47
og,0,ar,True,lasso,se_na_hhcons_food_sa__yoy,66,9,0.1364,0.4444,-0.05671,2015Q2,2026Q2,0,0.2,0.1923,14.47
og,0,ar,True,lasso,se_policy_rate__lvl,66,9,0.1364,1,0.1591,2010Q1,2015Q1,0.4,0.05,0,14.47
og,0,ar,True,lasso,se_retail_grocery_vol_sa_idx__dyoy,66,9,0.1364,1,0.05837,2014Q3,2024Q4,0.1,0.1,0.1923,14.47
og,0,ar,True,lasso,se_wage_idx_m__dyoy,66,9,0.1364,0.8889,0.1966,2023Q2,2026Q2,0,0,0.3462,14.47
og,0,ar,True,lasso,eu_ppi_dom_c103_idx__yoy,66,8,0.1212,1,0.4261,2010Q2,2013Q2,0.4,0,0,14.47
og,0,ar,True,lasso,se_nier_food_mfg_sell_price_exp__d4,66,8,0.1212,1,0.0768,2015Q2,2026Q2,0,0.05,0.2692,14.47
og,0,ar,True,lasso,w_fx_vs_usd_yoy,66,8,0.1212,0,-0.1763,2012Q4,2024Q4,0.25,0,0.1154,14.47
og,0,ar,True,lasso,no_nbes_bl_sell_price_di__d4,66,7,0.1061,1,0.8015,2015Q2,2024Q2,0,0.3,0.03846,14.47
og,0,ar,True,lasso,glob_gscpi__lvl,66,6,0.09091,0.3333,-0.05864,2010Q3,2024Q4,0.05,0.05,0.1538,14.47
og,0,ar,True,lasso,se_ec_cons_conf__lvl,66,6,0.09091,0,-0.05379,2017Q4,2019Q3,0,0.3,0,14.47
og,0,ar,True,lasso,brent_nok_yoy,66,5,0.07576,1,0.3706,2012Q4,2013Q4,0.25,0,0,14.47
og,0,ar,True,lasso,ea_hicp_food_idx__yoy,66,5,0.07576,1,0.3392,2012Q4,2013Q4,0.25,0,0,14.47
og,0,ar,True,lasso,eu_agri_basket_wloc_yoy,66,5,0.07576,0.2,-0.06515,2010Q1,2015Q4,0.05,0.2,0,14.47
og,0,ar,True,lasso,glob_fao_sugar_idx__yoy,66,5,0.07576,1,0.08606,2016Q1,2024Q4,0,0.1,0.1154,14.47
og,0,ar,True,lasso,nw_food_cpi_yoy,66,5,0.07576,1,0.1798,2010Q2,2015Q1,0.2,0.05,0,14.47
og,0,ar,True,lasso,nw_price_cost_gap_ppi_d4,66,5,0.07576,0,-0.1015,2015Q1,2024Q2,0,0.2,0.03846,14.47
og,0,ar,True,lasso,w_fx_vs_eur_yoy,66,5,0.07576,1,0.4381,2010Q3,2011Q4,0.25,0,0,14.47
og,0,ar,True,lasso,glob_fao_dairy_idx__dyoy,66,4,0.06061,0,-0.3766,2015Q4,2024Q4,0,0.05,0.1154,14.47
og,0,ar,True,lasso,no_qna_hh_food_cons_sa_mnok__dyoy,66,4,0.06061,1,0.1304,2016Q1,2024Q3,0,0.15,0.03846,14.47
og,0,ar,True,lasso,se_ppi_food_hmpi_idx__yoy,66,4,0.06061,1,0.2133,2014Q4,2024Q3,0.05,0.05,0.07692,14.47
og,0,ar,True,lasso,w_retail_food_vol_yoy,66,4,0.06061,1,0.05867,2013Q4,2016Q4,0.05,0.15,0,14.47
og,0,ar,True,lasso,ea_negotiated_wages_yoy_q__lvl,66,3,0.04545,0,-0.1373,2016Q1,2024Q3,0,0.1,0.03846,14.47
og,0,ar,True,lasso,eu_ppi_paper_packaging_idx__dyoy,66,3,0.04545,0,-0.3363,2023Q2,2024Q4,0,0,0.1154,14.47
og,0,ar,True,lasso,glob_wb_food_idx_nok__dyoy,66,3,0.04545,1,0.1722,2010Q2,2010Q4,0.15,0,0,14.47
og,0,ar,True,lasso,no_earn_idx_food_manuf_q__yoy,66,3,0.04545,0.6667,0.0379,2022Q3,2024Q4,0,0,0.1154,14.47
og,0,ar,True,lasso,price_cost_gap_ppi,66,3,0.04545,1,0.3574,2024Q2,2024Q4,0,0,0.1154,14.47
og,0,ar,True,lasso,price_wage_gap_d4,66,3,0.04545,1,0.07868,2013Q3,2019Q2,0.05,0.1,0,14.47
og,0,ar,True,lasso,us_ppi_plastic_resins_idx__yoy,66,3,0.04545,1,0.3399,2024Q2,2024Q4,0,0,0.1154,14.47
og,0,ar,True,lasso,w_ec_cons_price_exp_lvl,66,3,0.04545,0,-0.38,2024Q2,2024Q4,0,0,0.1154,14.47
og,0,ar,True,lasso,w_fx_vs_eur_dyoy,66,3,0.04545,0,-0.08098,2024Q3,2025Q2,0,0,0.1154,14.47
og,0,ar,True,lasso,w_fx_vs_nok_dyoy,66,3,0.04545,0,-0.1597,2024Q2,2024Q4,0,0,0.1154,14.47
og,0,ar,True,lasso,w_gdp_vol_yoy,66,3,0.04545,0,-0.1956,2024Q2,2024Q4,0,0,0.1154,14.47
og,0,ar,True,lasso,elec_nordic_loc_dyoy,66,2,0.0303,1,0.1435,2024Q2,2024Q3,0,0,0.07692,14.47
og,0,ar,True,lasso,eu_ppi_dom_c103_idx__dyoy,66,2,0.0303,0,-0.2882,2024Q2,2024Q3,0,0,0.07692,14.47
og,0,ar,True,lasso,eu_ppi_dom_c105_idx__yoy,66,2,0.0303,1,0.4892,2010Q1,2024Q2,0.05,0,0.03846,14.47
og,0,ar,True,lasso,eu_ppi_plastic_products_idx__yoy,66,2,0.0303,0,-0.1406,2012Q4,2013Q1,0.1,0,0,14.47
og,0,ar,True,lasso,no_ppi_food_dom_idx__yoy,66,2,0.0303,1,0.04951,2024Q4,2025Q2,0,0,0.07692,14.47
og,0,ar,True,lasso,no_ssb_bts_consgoods_home_price_exp__d4,66,2,0.0303,0.5,0.01858,2015Q3,2024Q4,0,0.05,0.03846,14.47
og,0,ar,True,lasso,nw_food_cpi_xvat_yoy,66,2,0.0303,1,0.2876,2010Q1,2015Q4,0.05,0.05,0,14.47
og,0,ar,True,lasso,packaging_us_dyoy,66,2,0.0303,0,-0.1023,2014Q1,2016Q4,0.05,0.05,0,14.47
og,0,ar,True,lasso,se_ec_cons_conf__d4,66,2,0.0303,0,-0.1804,2016Q1,2016Q2,0,0.1,0,14.47
og,0,ar,True,lasso,se_policy_rate__d4,66,2,0.0303,0,-0.1391,2024Q3,2024Q4,0,0,0.07692,14.47
og,0,ar,True,lasso,w_wage_yoy,66,2,0.0303,0,-0.169,2024Q3,2024Q4,0,0,0.07692,14.47
og,0,ar,True,lasso,ea_ec_food_ind_sell_price_exp__d4,66,1,0.01515,0,-0.06344,2010Q3,2010Q3,0.05,0,0,14.47
og,0,ar,True,lasso,elec_nordic_loc_yoy,66,1,0.01515,1,0.2104,2024Q4,2024Q4,0,0,0.03846,14.47
og,0,ar,True,lasso,eu_ppi_dom_c106_idx__dyoy,66,1,0.01515,1,0.5434,2015Q4,2015Q4,0,0.05,0,14.47
og,0,ar,True,lasso,eu_ppi_dom_c107_idx__yoy,66,1,0.01515,1,0.03667,2010Q2,2010Q2,0.05,0,0,14.47
og,0,ar,True,lasso,glob_fao_dairy_idx__yoy,66,1,0.01515,0,-0.09995,2016Q4,2016Q4,0,0.05,0,14.47
og,0,ar,True,lasso,glob_fao_ffpi_nok__dyoy,66,1,0.01515,1,0.4552,2010Q1,2010Q1,0.05,0,0,14.47
og,0,ar,True,lasso,glob_fao_meat_idx__dyoy,66,1,0.01515,1,0.3275,2010Q1,2010Q1,0.05,0,0,14.47
og,0,ar,True,lasso,no_fx_eurnok__yoy,66,1,0.01515,1,0.01039,2011Q4,2011Q4,0.05,0,0,14.47
og,0,ar,True,lasso,no_policy_rate__d4,66,1,0.01515,0,-0.02058,2024Q2,2024Q2,0,0,0.03846,14.47
og,0,ar,True,lasso,no_real_wage_qna_yoy_q__d4,66,1,0.01515,0,-0.03752,2014Q4,2014Q4,0.05,0,0,14.47
og,0,ar,True,lasso,no_retail_foodstores_vol_sa_idx__dyoy,66,1,0.01515,0,-0.02275,2025Q2,2025Q2,0,0,0.03846,14.47
og,0,ar,True,lasso,no_retail_foodstores_vol_sa_idx__yoy,66,1,0.01515,1,0.2741,2010Q1,2010Q1,0.05,0,0,14.47
og,0,ar,True,lasso,no_vat_food_rate__d4,66,1,0.01515,0,-0.0886,2024Q4,2024Q4,0,0,0.03846,14.47
og,0,ar,True,lasso,nw_food_ppi_dyoy,66,1,0.01515,1,0.007365,2015Q4,2015Q4,0,0.05,0,14.47
og,0,ar,True,lasso,price_cost_gap_ppi_d4,66,1,0.01515,0,-0.02702,2010Q1,2010Q1,0.05,0,0,14.47
og,0,ar,True,lasso,price_wage_gap,66,1,0.01515,1,0.07973,2016Q4,2016Q4,0,0.05,0,14.47
og,0,ar,True,lasso,se_cpi_food_idx__yoy,66,1,0.01515,1,0.2987,2010Q1,2010Q1,0.05,0,0,14.47
og,0,ar,True,lasso,se_cpi_idx__yoy,66,1,0.01515,1,0.192,2025Q2,2025Q2,0,0,0.03846,14.47
og,0,ar,True,lasso,se_gov_bond_10y__lvl,66,1,0.01515,1,0.1991,2011Q4,2011Q4,0.05,0,0,14.47
og,0,ar,True,lasso,se_nier_food_mfg_sell_price_exp__lvl,66,1,0.01515,0,-0.04277,2024Q2,2024Q2,0,0,0.03846,14.47
og,0,ar,True,lasso,se_real_wage_yoy_q__lvl,66,1,0.01515,0,-0.7417,2010Q1,2010Q1,0.05,0,0,14.47
og,0,ar,True,lasso,w_cpi_dyoy,66,1,0.01515,0,-0.3741,2024Q2,2024Q2,0,0,0.03846,14.47
og,0,ar,True,lasso,w_ec_cons_price_exp_d4,66,1,0.01515,1,0.4609,2024Q2,2024Q2,0,0,0.03846,14.47
og,0,ar,True,lasso,w_ec_food_ind_sell_price_exp_lvl,66,1,0.01515,1,0.02978,2026Q2,2026Q2,0,0,0.03846,14.47
og,0,ar,True,lasso,w_food_cpi_dyoy,66,1,0.01515,0,-1.325,2010Q1,2010Q1,0.05,0,0,14.47
og,0,ar,True,lasso,w_hh_saving_lvl,66,1,0.01515,1,0.01023,2010Q1,2010Q1,0.05,0,0,14.47
og,0,ar,True,lasso,w_policy_rate_lvl,66,1,0.01515,1,0.1342,2015Q1,2015Q1,0,0.05,0,14.47
og,0,ar,True,lasso,w_retail_food_vol_dyoy,66,1,0.01515,1,0.008594,2016Q2,2016Q2,0,0.05,0,14.47
og,0,arcal,False,enet,nw_real_wage_dyoy,66,50,0.7576,0,-0.1953,2010Q2,2025Q3,0.55,0.85,0.8462,21.83
og,0,arcal,False,enet,nw_real_wage_yoy,66,48,0.7273,0,-0.4181,2012Q4,2025Q3,0.45,0.85,0.8462,21.83
og,0,arcal,False,enet,w_real_wage_dyoy,66,44,0.6667,0,-0.1501,2012Q4,2025Q3,0.45,0.8,0.7308,21.83
og,0,arcal,False,enet,se_cpi_food_idx__dyoy,66,43,0.6515,1,0.3292,2012Q4,2025Q2,0.25,0.85,0.8077,21.83
og,0,arcal,False,enet,nw_cons_conf_z,66,35,0.5303,0,-0.3295,2016Q1,2025Q3,0,0.65,0.8462,21.83
og,0,arcal,False,enet,glob_wb_food_idx_nok__yoy,66,34,0.5152,1,0.2628,2013Q3,2025Q3,0.15,0.45,0.8462,21.83
og,0,arcal,False,enet,glob_gscpi__d4,66,32,0.4848,1,0.5734,2012Q4,2025Q2,0.45,0.55,0.4615,21.83
og,0,arcal,False,enet,us_ppi_corrugated_boxes_idx__yoy,66,32,0.4848,0,-0.2339,2010Q1,2025Q1,0.55,0.6,0.3462,21.83
og,0,arcal,False,enet,eu_ppi_dom_c108_idx__dyoy,66,31,0.4697,1,0.2714,2013Q1,2025Q1,0.4,0.65,0.3846,21.83
og,0,arcal,False,enet,no_imp_price_food_idx__dyoy,66,30,0.4545,1,0.4248,2012Q4,2025Q3,0.45,0.5,0.4231,21.83
og,0,arcal,False,enet,w_retail_total_vol_dyoy,66,30,0.4545,0,-0.355,2010Q2,2018Q4,0.95,0.55,0,21.83
og,0,arcal,False,enet,price_wage_gap_d4,66,29,0.4394,1,0.09291,2010Q3,2021Q3,0.75,0.35,0.2692,21.83
og,0,arcal,False,enet,nw_food_cpi_dyoy,66,28,0.4242,1,0.3455,2012Q2,2022Q3,0.55,0.8,0.03846,21.83
og,0,arcal,False,enet,no_govbond_10y__d4,66,26,0.3939,0,-0.4527,2014Q1,2025Q2,0.2,0.6,0.3846,21.83
og,0,arcal,False,enet,us_ppi_corrugated_boxes_idx__dyoy,66,26,0.3939,0,-0.2338,2013Q1,2025Q2,0.4,0.4,0.3846,21.83
og,0,arcal,False,enet,w_wage_dyoy,66,25,0.3788,0,-0.1648,2012Q4,2025Q2,0.45,0.3,0.3846,21.83
og,0,arcal,False,enet,no_nbes_bl_sell_price_di__lvl,66,24,0.3636,1,0.316,2014Q1,2025Q2,0.2,0.5,0.3846,21.83
og,0,arcal,False,enet,no_earn_idx_food_manuf_q__dyoy,66,23,0.3485,0,-0.1133,2012Q2,2025Q2,0.35,0.3,0.3846,21.83
og,0,arcal,False,enet,no_fn_cci_sa__lvl,66,23,0.3485,0,-0.6451,2015Q2,2025Q3,0,0.5,0.5,21.83
og,0,arcal,False,enet,se_ec_cons_conf__lvl,66,22,0.3333,0,-0.167,2011Q2,2023Q1,0.1,0.45,0.4231,21.83
og,0,arcal,False,enet,w_hh_saving_d4,66,22,0.3333,0,-0.1818,2015Q1,2025Q2,0,0.55,0.4231,21.83
og,0,arcal,False,enet,no_govbond_10y__lvl,66,20,0.303,0,-0.177,2016Q1,2025Q3,0,0.35,0.5,21.83
og,0,arcal,False,enet,se_wage_idx_m__yoy,66,20,0.303,1,0.2715,2010Q1,2015Q4,0.8,0.2,0,21.83
og,0,arcal,False,enet,w_fx_vs_nok_yoy,66,20,0.303,0,-0.3276,2015Q2,2025Q2,0,0.5,0.3846,21.83
og,0,arcal,False,enet,no_cpi_food_idx__yoy,66,19,0.2879,1,0.3036,2010Q1,2015Q4,0.8,0.15,0,21.83
og,0,arcal,False,enet,no_cpi_total_idx__dyoy,66,19,0.2879,0,-0.1362,2014Q3,2025Q1,0.05,0.45,0.3462,21.83
og,0,arcal,False,enet,price_cost_gap_agri,66,19,0.2879,1,0.2355,2015Q1,2025Q1,0,0.55,0.3077,21.83
og,0,arcal,False,enet,se_wage_idx_m__dyoy,66,19,0.2879,0.9474,0.2078,2016Q2,2025Q3,0,0.2,0.5769,21.83
og,0,arcal,False,enet,w_gdp_vol_dyoy,66,19,0.2879,0,-0.1641,2010Q3,2018Q4,0.4,0.55,0,21.83
og,0,arcal,False,enet,glob_fao_cereals_idx__yoy,66,18,0.2727,1,0.1131,2014Q1,2025Q1,0.15,0.35,0.3077,21.83
og,0,arcal,False,enet,no_imp_price_food_idx__yoy,66,17,0.2576,1,0.1749,2015Q1,2025Q1,0,0.55,0.2308,21.83
og,0,arcal,False,enet,se_nier_food_mfg_sell_price_exp__d4,66,17,0.2576,1,0.07014,2015Q2,2025Q2,0,0.25,0.4615,21.83
og,0,arcal,False,enet,ea_ec_food_ind_sell_price_exp__lvl,66,16,0.2424,1,0.3013,2015Q2,2025Q1,0,0.35,0.3462,21.83
og,0,arcal,False,enet,eu_ppi_dom_c108_idx__yoy,66,16,0.2424,1,0.2796,2012Q2,2025Q1,0.5,0.05,0.1923,21.83
og,0,arcal,False,enet,no_retail_foodstores_vol_sa_idx__dyoy,66,16,0.2424,0,-0.1574,2010Q4,2025Q2,0.15,0.05,0.4615,21.83
og,0,arcal,False,enet,nw_food_cpi_yoy,66,16,0.2424,1,0.1163,2010Q2,2016Q2,0.5,0.3,0,21.83
og,0,arcal,False,enet,ea_negotiated_wages_yoy_q__d4,66,15,0.2273,1,0.2312,2017Q4,2025Q3,0,0.15,0.4615,21.83
og,0,arcal,False,enet,se_policy_rate__lvl,66,15,0.2273,1,0.1323,2011Q4,2015Q4,0.55,0.2,0,21.83
og,0,arcal,False,enet,glob_gscpi__lvl,66,14,0.2121,0.6429,0.04244,2012Q4,2025Q3,0.05,0.2,0.3462,21.83
og,0,arcal,False,enet,no_jordbruk_malpris_mnok__lvl,66,14,0.2121,0,-0.4917,2017Q4,2025Q2,0,0.15,0.4231,21.83
og,0,arcal,False,enet,glob_fao_vegoils_idx__dyoy,66,13,0.197,0,-0.2567,2015Q2,2025Q2,0,0.15,0.3846,21.83
og,0,arcal,False,enet,no_fx_eurnok__yoy,66,13,0.197,1,0.05717,2017Q4,2025Q2,0,0.15,0.3846,21.83
og,0,arcal,False,enet,no_ppi_food_dom_idx__dyoy,66,13,0.197,1,0.1924,2014Q1,2022Q3,0.2,0.4,0.03846,21.83
og,0,arcal,False,enet,se_cpi_idx__dyoy,66,13,0.197,0,-0.127,2012Q4,2016Q4,0.35,0.3,0,21.83
og,0,arcal,False,enet,eu_ppi_dom_c107_idx__yoy,66,12,0.1818,1,0.09018,2012Q4,2015Q4,0.4,0.2,0,21.83
og,0,arcal,False,enet,w_retail_total_vol_yoy,66,12,0.1818,0.8333,0.2243,2010Q1,2025Q2,0.1,0,0.3846,21.83
og,0,arcal,False,enet,w_unemp_lvl,66,12,0.1818,0,-0.1285,2018Q1,2025Q2,0,0.1,0.3846,21.83
og,0,arcal,False,enet,eu_agri_basket_yoy,66,11,0.1667,0,-0.2864,2015Q1,2018Q4,0,0.55,0,21.83
og,0,arcal,False,enet,glob_wb_food_idx__yoy,66,11,0.1667,1,0.3117,2012Q4,2016Q2,0.45,0.1,0,21.83
og,0,arcal,False,enet,no_ssb_bts_consgoods_home_price_exp__lvl,66,11,0.1667,1,0.248,2023Q1,2025Q3,0,0,0.4231,21.83
og,0,arcal,False,enet,se_na_hhcons_food_sa__yoy,66,11,0.1667,1,0.1086,2013Q1,2023Q1,0.05,0.45,0.03846,21.83
og,0,arcal,False,enet,eu_agri_basket_wloc_yoy,66,10,0.1515,0,-0.2306,2014Q3,2016Q4,0.1,0.4,0,21.83
og,0,arcal,False,enet,eu_ppi_dom_c103_idx__yoy,66,10,0.1515,1,0.04833,2010Q3,2015Q1,0.45,0.05,0,21.83
og,0,arcal,False,enet,eu_ppi_plastic_products_idx__dyoy,66,10,0.1515,0,-0.1392,2012Q4,2015Q4,0.3,0.2,0,21.83
og,0,arcal,False,enet,no_nbes_bl_sell_price_di__d4,66,10,0.1515,1,0.5203,2015Q2,2025Q1,0,0.45,0.03846,21.83
og,0,arcal,False,enet,no_real_wage_qna_yoy_q__lvl,66,10,0.1515,0,-0.1712,2012Q4,2015Q1,0.45,0.05,0,21.83
og,0,arcal,False,enet,elec_nordic_loc_dyoy,66,9,0.1364,1,0.03558,2012Q4,2025Q1,0.05,0.2,0.1538,21.83
og,0,arcal,False,enet,glob_fao_dairy_idx__dyoy,66,9,0.1364,0,-0.06321,2013Q4,2018Q4,0.2,0.25,0,21.83
og,0,arcal,False,enet,no_ssb_bts_consgoods_home_price_exp__d4,66,9,0.1364,0,-0.1162,2012Q4,2015Q4,0.3,0.15,0,21.83
og,0,arcal,False,enet,w_gov10y_lvl,66,9,0.1364,0,-0.0269,2018Q1,2025Q1,0,0.1,0.2692,21.83
og,0,arcal,False,enet,ea_hicp_food_idx__yoy,66,7,0.1061,1,0.199,2012Q3,2014Q1,0.35,0,0,21.83
og,0,arcal,False,enet,ea_negotiated_wages_yoy_q__lvl,66,7,0.1061,0,-0.186,2015Q2,2016Q4,0,0.35,0,21.83
og,0,arcal,False,enet,no_cpi_total_idx__yoy,66,7,0.1061,0,-0.2309,2015Q2,2016Q4,0,0.35,0,21.83
og,0,arcal,False,enet,nw_food_cpi_xvat_yoy,66,7,0.1061,1,0.09876,2010Q1,2016Q2,0.1,0.25,0,21.83
og,0,arcal,False,enet,nw_price_cost_gap_ppi_d4,66,7,0.1061,0,-0.05055,2015Q1,2016Q3,0,0.35,0,21.83
og,0,arcal,False,enet,w_retail_food_vol_yoy,66,7,0.1061,1,0.09549,2014Q3,2016Q4,0.05,0.3,0,21.83
og,0,arcal,False,enet,eu_ppi_dom_c106_idx__yoy,66,6,0.09091,1,0.2519,2015Q1,2016Q4,0,0.3,0,21.83
og,0,arcal,False,enet,glob_fao_sugar_idx__dyoy,66,6,0.09091,1,0.2395,2015Q3,2016Q4,0,0.3,0,21.83
og,0,arcal,False,enet,glob_wb_food_idx_nok__dyoy,66,6,0.09091,0.6667,-0.003474,2016Q1,2022Q3,0,0.25,0.03846,21.83
og,0,arcal,False,enet,no_qna_hh_food_cons_sa_mnok__dyoy,66,6,0.09091,1,0.1546,2014Q3,2016Q4,0.1,0.2,0,21.83
og,0,arcal,False,enet,no_real_wage_qna_yoy_q__d4,66,6,0.09091,0,-0.05986,2013Q2,2014Q4,0.3,0,0,21.83
og,0,arcal,False,enet,price_wage_gap,66,6,0.09091,1,0.1052,2015Q3,2016Q4,0,0.3,0,21.83
og,0,arcal,False,enet,se_cpi_food_idx__yoy,66,6,0.09091,1,0.03763,2014Q3,2024Q4,0.1,0.05,0.1154,21.83
og,0,arcal,False,enet,se_na_hhcons_food_sa__dyoy,66,6,0.09091,1,0.03564,2013Q1,2016Q1,0.1,0.2,0,21.83
og,0,arcal,False,enet,se_ppi_food_hmpi_idx__yoy,66,6,0.09091,1,0.1141,2014Q3,2018Q4,0.05,0.25,0,21.83
og,0,arcal,False,enet,se_retail_grocery_vol_sa_idx__dyoy,66,6,0.09091,1,0.04707,2016Q3,2024Q3,0,0.1,0.1538,21.83
og,0,arcal,False,enet,w_retail_food_vol_dyoy,66,6,0.09091,0.3333,-0.02165,2016Q1,2024Q1,0,0.1,0.1538,21.83
og,0,arcal,False,enet,brent_nok_yoy,66,5,0.07576,1,0.1891,2012Q4,2013Q4,0.25,0,0,21.83
og,0,arcal,False,enet,glob_fao_dairy_idx__yoy,66,5,0.07576,0,-0.07793,2014Q1,2016Q4,0.1,0.15,0,21.83
og,0,arcal,False,enet,packaging_us_yoy,66,5,0.07576,0,-0.02466,2012Q4,2015Q1,0.2,0.05,0,21.83
og,0,arcal,False,enet,se_eursek__dyoy,66,5,0.07576,1,0.09318,2010Q3,2011Q3,0.25,0,0,21.83
og,0,arcal,False,enet,w_gov10y_d4,66,5,0.07576,0,-0.0671,2015Q3,2016Q3,0,0.25,0,21.83
og,0,arcal,False,enet,wb_food_sek_dyoy,66,5,0.07576,1,0.03666,2017Q4,2022Q3,0,0.15,0.07692,21.83
og,0,arcal,False,enet,eu_ppi_plastic_products_idx__yoy,66,4,0.06061,0,-0.06831,2010Q1,2015Q2,0.15,0.05,0,21.83
og,0,arcal,False,enet,glob_fao_meat_idx__yoy,66,4,0.06061,0,-0.03072,2016Q3,2018Q4,0,0.2,0,21.83
og,0,arcal,False,enet,glob_fao_sugar_idx__yoy,66,4,0.06061,1,0.07637,2016Q1,2016Q4,0,0.2,0,21.83
og,0,arcal,False,enet,price_cost_gap_fao_nok,66,4,0.06061,1,0.04129,2015Q2,2016Q2,0,0.2,0,21.83
og,0,arcal,False,enet,price_cost_gap_fao_wloc_d4,66,4,0.06061,0,-0.1145,2024Q2,2025Q1,0,0,0.1538,21.83
og,0,arcal,False,enet,se_ec_cons_conf__d4,66,4,0.06061,0,-0.196,2016Q1,2016Q4,0,0.2,0,21.83
og,0,arcal,False,enet,w_fx_vs_eur_yoy,66,4,0.06061,1,0.04032,2011Q3,2012Q3,0.2,0,0,21.83
og,0,arcal,False,enet,w_fx_vs_usd_dyoy,66,4,0.06061,1,0.02159,2022Q2,2025Q3,0,0,0.1538,21.83
og,0,arcal,False,enet,elec_nordic_loc_yoy,66,3,0.04545,1,0.02458,2014Q3,2018Q1,0.05,0.1,0,21.83
og,0,arcal,False,enet,eu_ppi_dom_c106_idx__dyoy,66,3,0.04545,1,0.2712,2015Q2,2015Q4,0,0.15,0,21.83
og,0,arcal,False,enet,glob_fao_ffpi_nok__dyoy,66,3,0.04545,0,-0.03437,2015Q2,2015Q4,0,0.15,0,21.83
og,0,arcal,False,enet,no_qna_hh_food_cons_sa_mnok__yoy,66,3,0.04545,1,0.04797,2012Q4,2013Q2,0.15,0,0,21.83
og,0,arcal,False,enet,packaging_us_dyoy,66,3,0.04545,0,-0.01057,2014Q3,2016Q4,0.1,0.05,0,21.83
og,0,arcal,False,enet,price_cost_gap_ppi,66,3,0.04545,1,0.0823,2016Q2,2018Q4,0,0.15,0,21.83
og,0,arcal,False,enet,w_cons_conf_z,66,3,0.04545,0,-0.08274,2016Q1,2016Q4,0,0.15,0,21.83
og,0,arcal,False,enet,w_ec_food_ind_sell_price_exp_lvl,66,3,0.04545,1,0.0172,2015Q2,2015Q4,0,0.15,0,21.83
og,0,arcal,False,enet,wb_food_wloc_yoy,66,3,0.04545,1,0.01073,2014Q1,2023Q1,0.05,0,0.07692,21.83
og,0,arcal,False,enet,fao_ffpi_wloc_dyoy,66,2,0.0303,0,-0.05028,2015Q3,2015Q4,0,0.1,0,21.83
og,0,arcal,False,enet,glob_fao_meat_idx__dyoy,66,2,0.0303,0,-0.05005,2018Q1,2018Q4,0,0.1,0,21.83
og,0,arcal,False,enet,glob_fao_vegoils_idx__yoy,66,2,0.0303,1,0.07118,2016Q2,2016Q3,0,0.1,0,21.83
og,0,arcal,False,enet,no_earn_idx_food_manuf_q__yoy,66,2,0.0303,0,-0.04906,2015Q2,2015Q3,0,0.1,0,21.83
og,0,arcal,False,enet,no_policy_rate__d4,66,2,0.0303,0,-0.06565,2016Q1,2023Q1,0,0.05,0.03846,21.83
og,0,arcal,False,enet,no_retail_foodstores_vol_sa_idx__yoy,66,2,0.0303,0,-0.02688,2022Q3,2025Q2,0,0,0.07692,21.83
og,0,arcal,False,enet,nw_food_cpi_xvat_dyoy,66,2,0.0303,1,0.09666,2016Q1,2016Q2,0,0.1,0,21.83
og,0,arcal,False,enet,se_retail_grocery_vol_sa_idx__yoy,66,2,0.0303,0,-0.04808,2010Q1,2010Q2,0.1,0,0,21.83
og,0,arcal,False,enet,w_food_cpi_xvat_yoy,66,2,0.0303,1,0.03358,2011Q4,2012Q1,0.1,0,0,21.83
og,0,arcal,False,enet,w_gdp_vol_yoy,66,2,0.0303,0,-0.04241,2010Q1,2010Q2,0.1,0,0,21.83
og,0,arcal,False,enet,w_real_wage_yoy,66,2,0.0303,0,-0.07111,2014Q3,2014Q4,0.1,0,0,21.83
og,0,arcal,False,enet,ea_ec_food_ind_sell_price_exp__d4,66,1,0.01515,1,0.01425,2016Q2,2016Q2,0,0.05,0,21.83
og,0,arcal,False,enet,glob_fao_cereals_idx__dyoy,66,1,0.01515,1,0.03933,2018Q1,2018Q1,0,0.05,0,21.83
og,0,arcal,False,enet,no_cpi_food_idx__dyoy,66,1,0.01515,1,0.01917,2013Q1,2013Q1,0.05,0,0,21.83
og,0,arcal,False,enet,nw_food_ppi_dyoy,66,1,0.01515,1,0.0605,2015Q2,2015Q2,0,0.05,0,21.83
og,0,arcal,False,enet,nw_retail_food_vol_dyoy,66,1,0.01515,0,-0.007814,2010Q2,2010Q2,0.05,0,0,21.83
og,0,arcal,False,enet,price_cost_gap_fao_wloc,66,1,0.01515,1,0.149,2016Q2,2016Q2,0,0.05,0,21.83
og,0,arcal,False,enet,se_eursek__yoy,66,1,0.01515,0,-0.09033,2016Q2,2016Q2,0,0.05,0,21.83
og,0,arcal,False,enet,se_gov_bond_10y__lvl,66,1,0.01515,1,0.027,2014Q4,2014Q4,0.05,0,0,21.83
og,0,arcal,False,enet,se_real_wage_yoy_q__lvl,66,1,0.01515,0,-0.1588,2025Q2,2025Q2,0,0,0.03846,21.83
og,0,arcal,False,enet,w_ec_cons_price_exp_d4,66,1,0.01515,1,0.02684,2025Q1,2025Q1,0,0,0.03846,21.83
og,0,arcal,False,enet,w_ec_cons_price_exp_lvl,66,1,0.01515,0,-0.1235,2016Q2,2016Q2,0,0.05,0,21.83
og,0,arcal,False,enet,w_food_cpi_rel_yoy,66,1,0.01515,1,0.03376,2016Q2,2016Q2,0,0.05,0,21.83
og,0,arcal,False,enet,w_fx_vs_usd_yoy,66,1,0.01515,0,-0.004116,2014Q3,2014Q3,0.05,0,0,21.83
og,0,arcal,False,enet,w_policy_rate_d4,66,1,0.01515,0,-0.03177,2023Q1,2023Q1,0,0,0.03846,21.83
og,0,arcal,False,enet,w_policy_rate_lvl,66,1,0.01515,1,0.2141,2015Q1,2015Q1,0,0.05,0,21.83
og,0,arcal,False,enet,w_wage_yoy,66,1,0.01515,0,-0.004073,2016Q1,2016Q1,0,0.05,0,21.83
og,0,arcal,False,enet,wb_food_sek_yoy,66,1,0.01515,1,0.02953,2023Q1,2023Q1,0,0,0.03846,21.83
og,0,arcal,False,enet,wb_food_wloc_dyoy,66,1,0.01515,0,-0.03893,2016Q2,2016Q2,0,0.05,0,21.83
og,0,arcal,False,lasso,nw_real_wage_yoy,66,55,0.8333,0,-0.4154,2010Q4,2026Q1,0.65,0.85,0.9615,15.65
og,0,arcal,False,lasso,glob_gscpi__d4,66,35,0.5303,1,0.6575,2010Q4,2025Q3,0.85,0.55,0.2692,15.65
og,0,arcal,False,lasso,glob_wb_food_idx_nok__yoy,66,34,0.5152,1,0.2714,2016Q3,2026Q1,0,0.5,0.9231,15.65
og,0,arcal,False,lasso,no_imp_price_food_idx__dyoy,66,33,0.5,1,0.5279,2010Q4,2024Q4,0.85,0.4,0.3077,15.65
og,0,arcal,False,lasso,se_cpi_food_idx__dyoy,66,29,0.4394,1,0.4852,2012Q2,2025Q3,0.15,0.8,0.3846,15.65
og,0,arcal,False,lasso,w_retail_total_vol_dyoy,66,27,0.4091,0,-0.6112,2010Q4,2018Q1,0.85,0.5,0,15.65
og,0,arcal,False,lasso,nw_real_wage_dyoy,66,24,0.3636,0,-0.3693,2015Q2,2021Q4,0,0.8,0.3077,15.65
og,0,arcal,False,lasso,glob_wb_food_idx__yoy,66,22,0.3333,1,0.5154,2010Q4,2025Q3,0.75,0.1,0.1923,15.65
og,0,arcal,False,lasso,nw_cons_conf_z,66,22,0.3333,0,-0.4834,2016Q1,2026Q1,0,0.6,0.3846,15.65
og,0,arcal,False,lasso,w_real_wage_dyoy,66,22,0.3333,0,-0.459,2012Q1,2024Q1,0.55,0.05,0.3846,15.65
og,0,arcal,False,lasso,us_ppi_corrugated_boxes_idx__dyoy,66,21,0.3182,0,-0.3842,2010Q4,2025Q3,0.55,0.2,0.2308,15.65
og,0,arcal,False,lasso,nw_food_cpi_dyoy,66,20,0.303,1,0.7816,2012Q2,2018Q4,0.55,0.45,0,15.65
og,0,arcal,False,lasso,us_ppi_corrugated_boxes_idx__yoy,66,20,0.303,0,-0.3771,2010Q1,2025Q1,0.35,0.55,0.07692,15.65
og,0,arcal,False,lasso,w_hh_saving_d4,66,20,0.303,0.2,-0.1382,2011Q1,2025Q3,0.2,0.45,0.2692,15.65
og,0,arcal,False,lasso,no_earn_idx_food_manuf_q__dyoy,66,19,0.2879,0.3158,-0.05708,2010Q4,2025Q3,0.35,0.3,0.2308,15.65
og,0,arcal,False,lasso,se_wage_idx_m__yoy,66,19,0.2879,1,0.4272,2010Q1,2014Q4,0.95,0,0,15.65
og,0,arcal,False,lasso,se_ec_cons_conf__lvl,66,18,0.2727,0.1111,-0.09375,2012Q1,2021Q3,0.1,0.45,0.2692,15.65
og,0,arcal,False,lasso,no_govbond_10y__d4,66,17,0.2576,0,-0.6911,2015Q1,2025Q3,0,0.55,0.2308,15.65
og,0,arcal,False,lasso,no_ppi_food_dom_idx__dyoy,66,17,0.2576,1,0.1353,2010Q4,2025Q3,0.4,0.35,0.07692,15.65
og,0,arcal,False,lasso,se_wage_idx_m__dyoy,66,17,0.2576,0.8235,0.06745,2012Q3,2025Q3,0.05,0.25,0.4231,15.65
og,0,arcal,False,lasso,no_real_wage_qna_yoy_q__lvl,66,16,0.2424,0,-0.1634,2010Q4,2014Q4,0.8,0,0,15.65
og,0,arcal,False,lasso,ea_ec_food_ind_sell_price_exp__lvl,66,15,0.2273,1,0.4066,2012Q2,2025Q3,0.1,0.35,0.2308,15.65
og,0,arcal,False,lasso,eu_ppi_dom_c108_idx__dyoy,66,15,0.2273,1,0.3484,2013Q1,2025Q1,0.25,0.4,0.07692,15.65
og,0,arcal,False,lasso,no_cpi_total_idx__dyoy,66,15,0.2273,0,-0.1844,2011Q1,2025Q3,0.05,0.4,0.2308,15.65
og,0,arcal,False,lasso,no_fn_cci_sa__lvl,66,15,0.2273,0,-1.129,2015Q2,2025Q3,0,0.2,0.4231,15.65
og,0,arcal,False,lasso,w_gdp_vol_dyoy,66,15,0.2273,0,-0.2215,2010Q4,2018Q4,0.25,0.5,0,15.65
og,0,arcal,False,lasso,no_ssb_bts_consgoods_home_price_exp__lvl,66,14,0.2121,0.7143,0.005356,2011Q4,2025Q3,0.2,0,0.3846,15.65
og,0,arcal,False,lasso,ea_negotiated_wages_yoy_q__d4,66,13,0.197,1,0.2302,2017Q4,2025Q3,0,0.15,0.3846,15.65
og,0,arcal,False,lasso,no_nbes_bl_sell_price_di__lvl,66,13,0.197,1,0.6606,2015Q3,2025Q3,0,0.35,0.2308,15.65
og,0,arcal,False,lasso,price_cost_gap_agri,66,13,0.197,1,0.6772,2011Q4,2025Q1,0.05,0.55,0.03846,15.65
og,0,arcal,False,lasso,glob_gscpi__lvl,66,12,0.1818,0.1667,-0.4602,2010Q4,2024Q2,0.45,0,0.1154,15.65
og,0,arcal,False,lasso,no_imp_price_food_idx__yoy,66,12,0.1818,1,0.234,2012Q2,2025Q3,0.05,0.3,0.1923,15.65
og,0,arcal,False,lasso,no_nbes_bl_sell_price_di__d4,66,12,0.1818,1,0.6941,2012Q3,2024Q2,0.05,0.5,0.03846,15.65
og,0,arcal,False,lasso,eu_ppi_dom_c108_idx__yoy,66,11,0.1667,1,0.5741,2012Q2,2025Q3,0.45,0,0.07692,15.65
og,0,arcal,False,lasso,glob_fao_cereals_idx__yoy,66,11,0.1667,1,0.1625,2016Q2,2025Q3,0,0.3,0.1923,15.65
og,0,arcal,False,lasso,no_govbond_10y__lvl,66,11,0.1667,0,-0.3889,2016Q3,2025Q3,0,0.25,0.2308,15.65
og,0,arcal,False,lasso,no_retail_foodstores_vol_sa_idx__dyoy,66,11,0.1667,0,-0.2063,2010Q4,2025Q3,0.05,0,0.3846,15.65
og,0,arcal,False,lasso,no_ssb_bts_consgoods_home_price_exp__d4,66,11,0.1667,0.09091,-0.1066,2011Q1,2024Q2,0.45,0.05,0.03846,15.65
og,0,arcal,False,lasso,w_fx_vs_nok_yoy,66,11,0.1667,0,-0.504,2016Q3,2025Q3,0,0.25,0.2308,15.65
og,0,arcal,False,lasso,w_wage_dyoy,66,11,0.1667,0,-0.3308,2010Q4,2025Q1,0.3,0.1,0.1154,15.65
og,0,arcal,False,lasso,glob_fao_sugar_idx__dyoy,66,10,0.1515,1,0.3967,2010Q4,2024Q2,0.25,0.2,0.03846,15.65
og,0,arcal,False,lasso,no_cpi_total_idx__yoy,66,10,0.1515,0,-0.1961,2010Q4,2024Q2,0.2,0.25,0.03846,15.65
og,0,arcal,False,lasso,se_na_hhcons_food_sa__yoy,66,10,0.1515,0.9,0.136,2012Q2,2024Q2,0.05,0.4,0.03846,15.65
og,0,arcal,False,lasso,no_jordbruk_malpris_mnok__lvl,66,9,0.1364,0,-0.5504,2017Q4,2025Q3,0,0.15,0.2308,15.65
og,0,arcal,False,lasso,no_qna_hh_food_cons_sa_mnok__dyoy,66,9,0.1364,0.5556,0.05886,2010Q4,2016Q2,0.3,0.15,0,15.65
og,0,arcal,False,lasso,w_unemp_lvl,66,9,0.1364,0,-0.1115,2017Q4,2025Q3,0,0.15,0.2308,15.65
og,0,arcal,False,lasso,ea_negotiated_wages_yoy_q__lvl,66,8,0.1212,0,-0.1919,2011Q2,2016Q2,0.25,0.15,0,15.65
og,0,arcal,False,lasso,glob_fao_dairy_idx__dyoy,66,8,0.1212,0,-0.263,2012Q3,2024Q2,0.15,0.2,0.03846,15.65
og,0,arcal,False,lasso,se_cpi_idx__dyoy,66,8,0.1212,0,-0.319,2011Q4,2014Q4,0.4,0,0,15.65
og,0,arcal,False,lasso,brent_nok_yoy,66,7,0.1061,1,0.2471,2012Q2,2013Q4,0.35,0,0,15.65
og,0,arcal,False,lasso,glob_fao_vegoils_idx__dyoy,66,7,0.1061,0,-0.637,2015Q4,2025Q3,0,0.05,0.2308,15.65
og,0,arcal,False,lasso,no_cpi_food_idx__yoy,66,7,0.1061,1,0.3148,2010Q1,2013Q4,0.35,0,0,15.65
og,0,arcal,False,lasso,se_policy_rate__lvl,66,7,0.1061,1,0.188,2010Q4,2014Q4,0.35,0,0,15.65
og,0,arcal,False,lasso,glob_wb_food_idx_nok__dyoy,66,6,0.09091,0.8333,0.1343,2010Q4,2015Q2,0.25,0.05,0,15.65
og,0,arcal,False,lasso,w_hh_saving_lvl,66,6,0.09091,1,0.06403,2010Q4,2024Q2,0.25,0,0.03846,15.65
og,0,arcal,False,lasso,w_retail_total_vol_yoy,66,6,0.09091,1,0.4857,2024Q2,2025Q3,0,0,0.2308,15.65
og,0,arcal,False,lasso,ea_hicp_food_idx__yoy,66,5,0.07576,1,0.1515,2012Q4,2013Q4,0.25,0,0,15.65
og,0,arcal,False,lasso,elec_nordic_loc_dyoy,66,5,0.07576,1,0.2002,2011Q2,2012Q3,0.25,0,0,15.65
og,0,arcal,False,lasso,eu_ppi_plastic_products_idx__dyoy,66,5,0.07576,0,-0.1553,2012Q4,2013Q4,0.25,0,0,15.65
og,0,arcal,False,lasso,eu_ppi_plastic_products_idx__yoy,66,5,0.07576,0,-0.1139,2010Q2,2013Q1,0.25,0,0,15.65
og,0,arcal,False,lasso,nw_food_cpi_yoy,66,5,0.07576,1,0.1747,2012Q2,2015Q3,0.15,0.1,0,15.65
og,0,arcal,False,lasso,price_cost_gap_fao_wloc_d4,66,5,0.07576,0,-0.225,2024Q2,2025Q3,0,0,0.1923,15.65
og,0,arcal,False,lasso,w_food_cpi_xvat_yoy,66,5,0.07576,1,0.5254,2011Q1,2012Q1,0.25,0,0,15.65
og,0,arcal,False,lasso,eu_ppi_dom_c103_idx__yoy,66,4,0.06061,1,0.3447,2010Q4,2012Q1,0.2,0,0,15.65
og,0,arcal,False,lasso,eu_ppi_dom_c106_idx__yoy,66,4,0.06061,1,0.2661,2015Q1,2025Q3,0,0.1,0.07692,15.65
og,0,arcal,False,lasso,glob_fao_meat_idx__yoy,66,4,0.06061,0.5,0.1154,2012Q2,2017Q4,0.1,0.1,0,15.65
og,0,arcal,False,lasso,glob_fao_sugar_idx__yoy,66,4,0.06061,1,0.1218,2011Q4,2016Q2,0.1,0.1,0,15.65
og,0,arcal,False,lasso,no_qna_hh_food_cons_sa_mnok__yoy,66,4,0.06061,1,0.2948,2012Q3,2024Q2,0.15,0,0.03846,15.65
og,0,arcal,False,lasso,nw_price_cost_gap_ppi_d4,66,4,0.06061,0,-0.1535,2015Q1,2015Q4,0,0.2,0,15.65
og,0,arcal,False,lasso,packaging_us_dyoy,66,4,0.06061,0,-0.08709,2014Q3,2016Q4,0.1,0.1,0,15.65
og,0,arcal,False,lasso,packaging_us_yoy,66,4,0.06061,0,-0.1969,2012Q3,2014Q2,0.2,0,0,15.65
og,0,arcal,False,lasso,price_cost_gap_ppi,66,4,0.06061,1,0.151,2017Q4,2024Q2,0,0.15,0.03846,15.65
og,0,arcal,False,lasso,price_wage_gap_d4,66,4,0.06061,1,0.1556,2010Q3,2013Q4,0.2,0,0,15.65
og,0,arcal,False,lasso,w_fx_vs_eur_yoy,66,4,0.06061,1,1.118,2011Q1,2011Q4,0.2,0,0,15.65
og,0,arcal,False,lasso,eu_agri_basket_wloc_yoy,66,3,0.04545,0,-0.3828,2015Q1,2015Q4,0,0.15,0,15.65
og,0,arcal,False,lasso,glob_fao_ffpi_nok__dyoy,66,3,0.04545,0.3333,-0.1504,2011Q3,2015Q4,0.05,0.1,0,15.65
og,0,arcal,False,lasso,se_ec_cons_conf__d4,66,3,0.04545,0,-0.4347,2015Q2,2016Q2,0,0.15,0,15.65
og,0,arcal,False,lasso,se_eursek__dyoy,66,3,0.04545,1,0.03903,2010Q3,2024Q2,0.1,0,0.03846,15.65
og,0,arcal,False,lasso,se_na_hhcons_food_sa__dyoy,66,3,0.04545,1,0.05229,2012Q3,2016Q1,0.05,0.1,0,15.65
og,0,arcal,False,lasso,se_ppi_food_hmpi_idx__yoy,66,3,0.04545,1,0.2639,2024Q2,2024Q4,0,0,0.1154,15.65
og,0,arcal,False,lasso,w_ec_food_ind_sell_price_exp_lvl,66,3,0.04545,1,0.2501,2012Q2,2015Q2,0.1,0.05,0,15.65
og,0,arcal,False,lasso,w_fx_vs_usd_yoy,66,3,0.04545,0,-0.1405,2012Q2,2024Q2,0.1,0,0.03846,15.65
og,0,arcal,False,lasso,w_gdp_vol_yoy,66,3,0.04545,0,-0.09121,2010Q1,2024Q2,0.1,0,0.03846,15.65
og,0,arcal,False,lasso,eu_ppi_dom_c106_idx__dyoy,66,2,0.0303,1,0.4392,2015Q2,2015Q4,0,0.1,0,15.65
og,0,arcal,False,lasso,fao_ffpi_wloc_dyoy,66,2,0.0303,0,-0.05983,2015Q2,2015Q4,0,0.1,0,15.65
og,0,arcal,False,lasso,glob_fao_meat_idx__dyoy,66,2,0.0303,0,-0.05588,2018Q1,2018Q4,0,0.1,0,15.65
og,0,arcal,False,lasso,no_earn_idx_food_manuf_q__yoy,66,2,0.0303,0.5,0.02287,2015Q2,2024Q2,0,0.05,0.03846,15.65
og,0,arcal,False,lasso,no_real_wage_qna_yoy_q__d4,66,2,0.0303,0,-0.1522,2012Q1,2012Q2,0.1,0,0,15.65
og,0,arcal,False,lasso,no_vat_food_rate__d4,66,2,0.0303,0,-0.1886,2015Q2,2024Q2,0,0.05,0.03846,15.65
og,0,arcal,False,lasso,nw_food_cpi_xvat_yoy,66,2,0.0303,1,0.3169,2015Q2,2015Q4,0,0.1,0,15.65
og,0,arcal,False,lasso,nw_food_ppi_dyoy,66,2,0.0303,1,0.6701,2015Q2,2015Q4,0,0.1,0,15.65
og,0,arcal,False,lasso,price_cost_gap_fao_nok,66,2,0.0303,1,0.2275,2012Q3,2015Q2,0.05,0.05,0,15.65
og,0,arcal,False,lasso,se_nier_food_mfg_sell_price_exp__d4,66,2,0.0303,1,0.08326,2022Q2,2022Q3,0,0,0.07692,15.65
og,0,arcal,False,lasso,se_retail_grocery_vol_sa_idx__dyoy,66,2,0.0303,1,0.0499,2016Q1,2016Q2,0,0.1,0,15.65
og,0,arcal,False,lasso,us_ppi_plastic_resins_idx__yoy,66,2,0.0303,1,0.2239,2015Q2,2024Q2,0,0.05,0.03846,15.65
og,0,arcal,False,lasso,w_fx_vs_eur_dyoy,66,2,0.0303,1,0.1675,2011Q1,2012Q1,0.1,0,0,15.65
og,0,arcal,False,lasso,w_retail_food_vol_dyoy,66,2,0.0303,1,0.03604,2016Q1,2016Q2,0,0.1,0,15.65
og,0,arcal,False,lasso,w_retail_food_vol_yoy,66,2,0.0303,1,0.1662,2016Q1,2016Q2,0,0.1,0,15.65
og,0,arcal,False,lasso,ea_ec_food_ind_sell_price_exp__d4,66,1,0.01515,0,-0.2147,2012Q3,2012Q3,0.05,0,0,15.65
og,0,arcal,False,lasso,eu_ppi_dom_c107_idx__yoy,66,1,0.01515,1,0.04746,2012Q4,2012Q4,0.05,0,0,15.65
og,0,arcal,False,lasso,glob_fao_dairy_idx__yoy,66,1,0.01515,0,-0.0196,2014Q1,2014Q1,0.05,0,0,15.65
og,0,arcal,False,lasso,glob_fao_vegoils_idx__yoy,66,1,0.01515,1,0.02762,2015Q2,2015Q2,0,0.05,0,15.65
og,0,arcal,False,lasso,no_fx_eurnok__dyoy,66,1,0.01515,1,0.1323,2011Q2,2011Q2,0.05,0,0,15.65
og,0,arcal,False,lasso,no_vat_food_rate__lvl,66,1,0.01515,1,0.07492,2012Q2,2012Q2,0.05,0,0,15.65
og,0,arcal,False,lasso,nw_retail_food_vol_dyoy,66,1,0.01515,0,-0.2292,2012Q2,2012Q2,0.05,0,0,15.65
og,0,arcal,False,lasso,price_wage_gap,66,1,0.01515,1,0.3337,2015Q2,2015Q2,0,0.05,0,15.65
og,0,arcal,False,lasso,se_nier_food_mfg_sell_price_exp__lvl,66,1,0.01515,0,-0.2608,2024Q2,2024Q2,0,0,0.03846,15.65
og,0,arcal,False,lasso,se_real_wage_yoy_q__lvl,66,1,0.01515,0,-0.1559,2025Q2,2025Q2,0,0,0.03846,15.65
og,0,arcal,False,lasso,w_cpi_dyoy,66,1,0.01515,0,-0.7287,2024Q2,2024Q2,0,0,0.03846,15.65
og,0,arcal,False,lasso,w_cpi_yoy,66,1,0.01515,0,-0.008755,2016Q2,2016Q2,0,0.05,0,15.65
og,0,arcal,False,lasso,w_ec_cons_price_exp_d4,66,1,0.01515,1,0.3123,2024Q2,2024Q2,0,0,0.03846,15.65
og,0,arcal,False,lasso,w_ec_cons_price_exp_lvl,66,1,0.01515,0,-0.8432,2024Q2,2024Q2,0,0,0.03846,15.65
og,0,arcal,False,lasso,w_food_cpi_dyoy,66,1,0.01515,0,-0.1863,2024Q2,2024Q2,0,0,0.03846,15.65
og,0,arcal,False,lasso,w_food_cpi_rel_dyoy,66,1,0.01515,0,-0.01927,2012Q2,2012Q2,0.05,0,0,15.65
og,0,arcal,False,lasso,w_food_cpi_rel_yoy,66,1,0.01515,1,0.3516,2015Q2,2015Q2,0,0.05,0,15.65
og,0,arcal,False,lasso,w_fx_vs_nok_dyoy,66,1,0.01515,0,-0.1542,2024Q2,2024Q2,0,0,0.03846,15.65
og,0,arcal,False,lasso,w_policy_rate_d4,66,1,0.01515,0,-0.125,2024Q2,2024Q2,0,0,0.03846,15.65
og,0,arcal,False,lasso,w_policy_rate_lvl,66,1,0.01515,1,0.3928,2015Q1,2015Q1,0,0.05,0,15.65
og,0,arcal,False,lasso,w_wage_yoy,66,1,0.01515,0,-0.2161,2016Q2,2016Q2,0,0.05,0,15.65
og,0,arcal,False,lasso,wb_food_sek_dyoy,66,1,0.01515,1,0.07055,2022Q3,2022Q3,0,0,0.03846,15.65
og,1,ar,True,enet,se_eursek__dyoy,66,26,0.3939,1,0.2524,2010Q3,2026Q2,0.5,0,0.6154,9.985
og,1,ar,True,enet,no_earn_idx_food_manuf_q__yoy,66,23,0.3485,0,-0.207,2010Q4,2026Q2,0.4,0,0.5769,9.985
og,1,ar,True,enet,se_nier_food_mfg_sell_price_exp__lvl,66,22,0.3333,1,0.09295,2010Q1,2026Q2,0.3,0,0.6154,9.985
og,1,ar,True,enet,no_ssb_bts_consgoods_home_price_exp__lvl,66,21,0.3182,1,0.1116,2010Q4,2026Q1,0.35,0,0.5385,9.985
og,1,ar,True,enet,se_gov_bond_10y__lvl,66,21,0.3182,0.3333,0.07612,2010Q4,2025Q4,0.35,0,0.5385,9.985
og,1,ar,True,enet,ea_ec_food_ind_sell_price_exp__lvl,66,20,0.303,1,0.1672,2010Q4,2026Q2,0.4,0,0.4615,9.985
og,1,ar,True,enet,glob_gscpi__lvl,66,20,0.303,1,0.2006,2010Q4,2026Q2,0.2,0,0.6154,9.985
og,1,ar,True,enet,no_fn_cci_sa__lvl,66,18,0.2727,0,-0.2385,2010Q1,2026Q2,0.1,0,0.6154,9.985
og,1,ar,True,enet,nw_cons_conf_z,66,17,0.2576,0,-0.2493,2010Q1,2026Q2,0.1,0,0.5769,9.985
og,1,ar,True,enet,se_nier_food_mfg_sell_price_exp__d4,66,17,0.2576,1,0.1386,2012Q1,2026Q2,0.1,0,0.5769,9.985
og,1,ar,True,enet,wb_food_sek_dyoy,66,16,0.2424,1,0.2148,2022Q3,2026Q2,0,0,0.6154,9.985
og,1,ar,True,enet,wb_food_sek_yoy,66,16,0.2424,1,0.1472,2022Q3,2026Q2,0,0,0.6154,9.985
og,1,ar,True,enet,eu_ppi_dom_c108_idx__dyoy,66,15,0.2273,1,0.1279,2022Q3,2026Q2,0,0,0.5769,9.985
og,1,ar,True,enet,nw_retail_food_vol_dyoy,66,15,0.2273,0,-0.08406,2011Q3,2026Q1,0.05,0,0.5385,9.985
og,1,ar,True,enet,se_eursek__yoy,66,14,0.2121,1,0.06933,2012Q1,2026Q2,0.1,0,0.4615,9.985
og,1,ar,True,enet,w_retail_food_vol_dyoy,66,13,0.197,0,-0.05234,2011Q3,2026Q1,0.2,0,0.3462,9.985
og,1,ar,True,enet,se_real_wage_yoy_q__lvl,66,12,0.1818,0,-0.101,2022Q4,2026Q2,0,0,0.4615,9.985
og,1,ar,True,enet,ea_negotiated_wages_yoy_q__lvl,66,11,0.1667,0.5455,0.04474,2011Q2,2026Q2,0.3,0,0.1923,9.985
og,1,ar,True,enet,eu_ppi_dom_c103_idx__yoy,66,11,0.1667,1,0.3258,2010Q1,2012Q4,0.55,0,0,9.985
og,1,ar,True,enet,se_cpi_idx__yoy,66,11,0.1667,1,0.2937,2010Q1,2026Q1,0.4,0,0.1154,9.985
og,1,ar,True,enet,w_ec_cons_price_exp_lvl,66,10,0.1515,1,0.3116,2010Q4,2026Q2,0.4,0,0.07692,9.985
og,1,ar,True,enet,w_gov10y_lvl,66,10,0.1515,0.7,0.08781,2010Q4,2023Q2,0.35,0,0.1154,9.985
og,1,ar,True,enet,ea_negotiated_wages_yoy_q__d4,66,9,0.1364,1,0.2157,2010Q4,2012Q4,0.45,0,0,9.985
og,1,ar,True,enet,w_hh_saving_d4,66,9,0.1364,0,-0.3458,2010Q4,2026Q2,0.4,0,0.03846,9.985
og,1,ar,True,enet,w_retail_total_vol_dyoy,66,9,0.1364,0,-0.1916,2010Q4,2012Q4,0.45,0,0,9.985
og,1,ar,True,enet,glob_wb_food_idx_eur__dyoy,66,8,0.1212,0,-0.245,2010Q4,2012Q3,0.4,0,0,9.985
og,1,ar,True,enet,no_cpi_total_idx__yoy,66,8,0.1212,1,0.311,2010Q4,2012Q3,0.4,0,0,9.985
og,1,ar,True,enet,no_real_wage_qna_yoy_q__d4,66,8,0.1212,0,-0.1184,2010Q4,2012Q3,0.4,0,0,9.985
og,1,ar,True,enet,no_vat_food_rate__d4,66,8,0.1212,1,0.2455,2010Q4,2012Q3,0.4,0,0,9.985
og,1,ar,True,enet,se_wage_idx_m__dyoy,66,8,0.1212,1,0.04519,2012Q1,2026Q2,0.1,0,0.2308,9.985
og,1,ar,True,enet,w_fx_vs_eur_dyoy,66,8,0.1212,1,0.2574,2010Q4,2012Q3,0.4,0,0,9.985
og,1,ar,True,enet,glob_wb_food_idx_nok__yoy,66,7,0.1061,1,0.03437,2024Q4,2026Q2,0,0,0.2692,9.985
og,1,ar,True,enet,no_qna_hh_food_cons_sa_mnok__dyoy,66,7,0.1061,0,-0.2375,2010Q4,2012Q2,0.35,0,0,9.985
og,1,ar,True,enet,no_real_wage_qna_yoy_q__lvl,66,7,0.1061,0,-0.1237,2010Q4,2012Q2,0.35,0,0,9.985
og,1,ar,True,enet,no_retail_foodstores_vol_sa_idx__dyoy,66,7,0.1061,0,-0.2938,2010Q4,2012Q2,0.35,0,0,9.985
og,1,ar,True,enet,nw_real_wage_dyoy,66,7,0.1061,1,0.1484,2011Q1,2012Q3,0.35,0,0,9.985
og,1,ar,True,enet,packaging_us_yoy,66,7,0.1061,0,-0.1213,2010Q4,2012Q2,0.35,0,0,9.985
og,1,ar,True,enet,price_wage_gap_d4,66,7,0.1061,0,-0.2402,2010Q4,2012Q2,0.35,0,0,9.985
og,1,ar,True,enet,se_cpi_food_idx__yoy,66,7,0.1061,1,0.07494,2010Q4,2012Q2,0.35,0,0,9.985
og,1,ar,True,enet,w_fx_vs_usd_yoy,66,7,0.1061,0,-0.1043,2010Q4,2012Q2,0.35,0,0,9.985
og,1,ar,True,enet,no_earn_idx_food_manuf_q__dyoy,66,6,0.09091,0,-0.1235,2010Q4,2012Q2,0.3,0,0,9.985
og,1,ar,True,enet,price_cost_gap_fao_wloc,66,6,0.09091,0,-0.1966,2010Q4,2012Q2,0.3,0,0,9.985
og,1,ar,True,enet,se_ec_cons_conf__lvl,66,6,0.09091,0,-0.05746,2012Q2,2026Q2,0.15,0,0.1154,9.985
og,1,ar,True,enet,se_real_wage_yoy_q__d4,66,6,0.09091,0,-0.01239,2024Q1,2026Q1,0,0,0.2308,9.985
og,1,ar,True,enet,elec_nordic_loc_yoy,66,5,0.07576,1,0.1178,2010Q4,2011Q4,0.25,0,0,9.985
og,1,ar,True,enet,eu_ppi_plastic_products_idx__yoy,66,5,0.07576,0,-0.1119,2011Q2,2012Q3,0.25,0,0,9.985
og,1,ar,True,enet,w_wage_dyoy,66,5,0.07576,1,0.09653,2011Q1,2012Q3,0.25,0,0,9.985
og,1,ar,True,enet,elec_nordic_loc_dyoy,66,4,0.06061,1,0.08636,2011Q3,2012Q2,0.2,0,0,9.985
og,1,ar,True,enet,eu_agri_basket_wloc_dyoy,66,4,0.06061,1,0.1024,2011Q3,2012Q3,0.2,0,0,9.985
og,1,ar,True,enet,eu_agri_basket_wloc_yoy,66,4,0.06061,1,0.1693,2011Q3,2012Q2,0.2,0,0,9.985
og,1,ar,True,enet,eu_ppi_plastic_products_idx__dyoy,66,4,0.06061,0,-0.1104,2011Q3,2012Q3,0.2,0,0,9.985
og,1,ar,True,enet,glob_fao_ffpi_eur__yoy,66,4,0.06061,0,-0.0303,2011Q1,2011Q4,0.2,0,0,9.985
og,1,ar,True,enet,no_cpi_food_idx__yoy,66,4,0.06061,1,0.1084,2010Q1,2012Q4,0.2,0,0,9.985
og,1,ar,True,enet,no_jordbruk_malpris_mnok__d4,66,4,0.06061,1,0.0213,2012Q4,2023Q4,0.05,0,0.1154,9.985
og,1,ar,True,enet,se_policy_rate__lvl,66,4,0.06061,1,0.1868,2012Q1,2012Q4,0.2,0,0,9.985
og,1,ar,True,enet,us_ppi_corrugated_boxes_idx__dyoy,66,4,0.06061,0,-0.1217,2011Q3,2012Q3,0.2,0,0,9.985
og,1,ar,True,enet,us_ppi_plastic_resins_idx__yoy,66,4,0.06061,0,-0.2523,2010Q4,2011Q3,0.2,0,0,9.985
og,1,ar,True,enet,w_cpi_dyoy,66,4,0.06061,1,0.07379,2023Q3,2024Q2,0,0,0.1538,9.985
og,1,ar,True,enet,w_fx_vs_eur_yoy,66,4,0.06061,1,0.1617,2011Q4,2012Q4,0.2,0,0,9.985
og,1,ar,True,enet,ea_ec_food_ind_sell_price_exp__d4,66,3,0.04545,1,0.05229,2022Q4,2023Q2,0,0,0.1154,9.985
og,1,ar,True,enet,no_govbond_10y__d4,66,3,0.04545,0,-0.1045,2012Q2,2026Q2,0.1,0,0.03846,9.985
og,1,ar,True,enet,no_jordbruk_malpris_mnok__lvl,66,3,0.04545,1,0.1018,2010Q1,2010Q3,0.15,0,0,9.985
og,1,ar,True,enet,nw_food_cpi_yoy,66,3,0.04545,1,0.2596,2011Q4,2012Q2,0.15,0,0,9.985
og,1,ar,True,enet,price_cost_gap_fao_nok,66,3,0.04545,0,-0.09031,2010Q4,2011Q2,0.15,0,0,9.985
og,1,ar,True,enet,price_wage_gap,66,3,0.04545,0,-0.07799,2022Q4,2023Q2,0,0,0.1154,9.985
og,1,ar,True,enet,se_ec_cons_conf__d4,66,3,0.04545,0,-0.03173,2010Q1,2026Q1,0.1,0,0.03846,9.985
og,1,ar,True,enet,se_na_hhcons_food_sa__dyoy,66,3,0.04545,0.6667,0.04067,2010Q4,2023Q1,0.1,0,0.03846,9.985
og,1,ar,True,enet,w_cons_conf_z,66,3,0.04545,0,-0.0651,2010Q1,2010Q3,0.15,0,0,9.985
og,1,ar,True,enet,w_cpi_yoy,66,3,0.04545,1,0.03712,2010Q4,2011Q2,0.15,0,0,9.985
og,1,ar,True,enet,w_wage_yoy,66,3,0.04545,1,0.04679,2012Q2,2026Q2,0.1,0,0.03846,9.985
og,1,ar,True,enet,eu_ppi_dom_c103_idx__dyoy,66,2,0.0303,1,0.03166,2011Q1,2011Q2,0.1,0,0,9.985
og,1,ar,True,enet,glob_fao_ffpi_eur__dyoy,66,2,0.0303,0,-0.03078,2010Q4,2011Q1,0.1,0,0,9.985
og,1,ar,True,enet,no_ssb_bts_consgoods_home_price_exp__d4,66,2,0.0303,0,-0.04888,2012Q1,2012Q2,0.1,0,0,9.985
og,1,ar,True,enet,nw_cons_conf_z_d4,66,2,0.0303,0,-0.04244,2012Q3,2012Q4,0.1,0,0,9.985
og,1,ar,True,enet,w_cons_conf_z_d4,66,2,0.0303,0,-0.06571,2012Q3,2012Q4,0.1,0,0,9.985
og,1,ar,True,enet,w_food_cpi_rel_yoy,66,2,0.0303,0,-0.0323,2022Q4,2023Q2,0,0,0.07692,9.985
og,1,ar,True,enet,w_food_cpi_xvat_yoy,66,2,0.0303,1,0.01258,2012Q1,2012Q2,0.1,0,0,9.985
og,1,ar,True,enet,w_food_cpi_yoy,66,2,0.0303,1,0.133,2012Q1,2012Q2,0.1,0,0,9.985
og,1,ar,True,enet,w_fx_vs_usd_dyoy,66,2,0.0303,1,0.04961,2022Q4,2026Q2,0,0,0.07692,9.985
og,1,ar,True,enet,w_policy_rate_lvl,66,2,0.0303,1,0.04423,2012Q3,2012Q4,0.1,0,0,9.985
og,1,ar,True,enet,w_real_wage_dyoy,66,2,0.0303,1,0.09827,2012Q1,2012Q2,0.1,0,0,9.985
og,1,ar,True,enet,brent_nok_yoy,66,1,0.01515,1,0.09826,2012Q3,2012Q3,0.05,0,0,9.985
og,1,ar,True,enet,ea_hicp_food_idx__yoy,66,1,0.01515,1,0.1196,2012Q3,2012Q3,0.05,0,0,9.985
og,1,ar,True,enet,eu_ppi_paper_packaging_idx__yoy,66,1,0.01515,1,0.03498,2022Q4,2022Q4,0,0,0.03846,9.985
og,1,ar,True,enet,glob_fao_cereals_idx__dyoy,66,1,0.01515,0,-0.1691,2012Q3,2012Q3,0.05,0,0,9.985
og,1,ar,True,enet,glob_gscpi__d4,66,1,0.01515,1,0.112,2012Q3,2012Q3,0.05,0,0,9.985
og,1,ar,True,enet,glob_wb_food_idx__dyoy,66,1,0.01515,0,-0.4327,2012Q3,2012Q3,0.05,0,0,9.985
og,1,ar,True,enet,glob_wb_food_idx_nok__dyoy,66,1,0.01515,0,-0.109,2012Q3,2012Q3,0.05,0,0,9.985
og,1,ar,True,enet,no_cpi_total_idx__dyoy,66,1,0.01515,1,0.005461,2012Q3,2012Q3,0.05,0,0,9.985
og,1,ar,True,enet,no_fx_eurnok__dyoy,66,1,0.01515,1,0.03124,2011Q2,2011Q2,0.05,0,0,9.985
og,1,ar,True,enet,nw_price_cost_gap_ppi,66,1,0.01515,1,0.1138,2012Q1,2012Q1,0.05,0,0,9.985
og,1,ar,True,enet,nw_price_cost_gap_ppi_d4,66,1,0.01515,1,0.1721,2012Q3,2012Q3,0.05,0,0,9.985
og,1,ar,True,enet,nw_real_wage_yoy,66,1,0.01515,1,0.09813,2012Q3,2012Q3,0.05,0,0,9.985
og,1,ar,True,enet,packaging_eu_dyoy,66,1,0.01515,1,0.009883,2022Q4,2022Q4,0,0,0.03846,9.985
og,1,ar,True,enet,packaging_eu_yoy,66,1,0.01515,1,0.01759,2026Q1,2026Q1,0,0,0.03846,9.985
og,1,ar,True,enet,price_cost_gap_fao_wloc_d4,66,1,0.01515,0,-0.0477,2011Q4,2011Q4,0.05,0,0,9.985
og,1,ar,True,enet,price_cost_gap_ppi,66,1,0.01515,1,0.0587,2012Q1,2012Q1,0.05,0,0,9.985
og,1,ar,True,enet,se_retail_grocery_vol_sa_idx__dyoy,66,1,0.01515,0,-0.0801,2012Q3,2012Q3,0.05,0,0,9.985
og,1,ar,True,enet,w_gov10y_d4,66,1,0.01515,0,-0.1304,2012Q3,2012Q3,0.05,0,0,9.985
og,1,ar,True,enet,w_real_wage_yoy,66,1,0.01515,1,0.105,2012Q3,2012Q3,0.05,0,0,9.985
og,1,ar,True,enet,w_retail_total_vol_yoy,66,1,0.01515,1,0.02799,2022Q4,2022Q4,0,0,0.03846,9.985
og,1,ar,True,lasso,se_eursek__dyoy,66,27,0.4091,1,0.339,2010Q4,2026Q2,0.45,0,0.6923,4.833
og,1,ar,True,lasso,glob_gscpi__lvl,66,19,0.2879,1,0.3527,2010Q4,2026Q2,0.05,0,0.6923,4.833
og,1,ar,True,lasso,wb_food_sek_dyoy,66,18,0.2727,1,0.2983,2022Q1,2026Q2,0,0,0.6923,4.833
og,1,ar,True,lasso,se_nier_food_mfg_sell_price_exp__lvl,66,17,0.2576,1,0.1312,2011Q1,2026Q1,0.3,0,0.4231,4.833
og,1,ar,True,lasso,no_earn_idx_food_manuf_q__yoy,66,16,0.2424,0,-0.2344,2010Q4,2026Q2,0.15,0,0.5,4.833
og,1,ar,True,lasso,eu_ppi_dom_c108_idx__dyoy,66,15,0.2273,1,0.2355,2022Q1,2026Q2,0,0,0.5769,4.833
og,1,ar,True,lasso,no_fn_cci_sa__lvl,66,14,0.2121,0,-0.3604,2011Q1,2026Q2,0.05,0,0.5,4.833
og,1,ar,True,lasso,nw_cons_conf_z,66,14,0.2121,0,-0.5259,2022Q1,2026Q2,0,0,0.5385,4.833
og,1,ar,True,lasso,ea_negotiated_wages_yoy_q__lvl,66,13,0.197,0.5385,0.08433,2011Q1,2026Q2,0.35,0,0.2308,4.833
og,1,ar,True,lasso,se_nier_food_mfg_sell_price_exp__d4,66,13,0.197,1,0.2829,2022Q1,2026Q2,0,0,0.5,4.833
og,1,ar,True,lasso,wb_food_sek_yoy,66,11,0.1667,1,0.1632,2022Q3,2026Q2,0,0,0.4231,4.833
og,1,ar,True,lasso,eu_ppi_dom_c103_idx__yoy,66,10,0.1515,1,0.6575,2010Q1,2012Q4,0.5,0,0,4.833
og,1,ar,True,lasso,no_ssb_bts_consgoods_home_price_exp__lvl,66,9,0.1364,1,0.09355,2022Q1,2025Q2,0,0,0.3462,4.833
og,1,ar,True,lasso,se_eursek__yoy,66,9,0.1364,1,0.07214,2022Q1,2026Q2,0,0,0.3462,4.833
og,1,ar,True,lasso,no_cpi_total_idx__yoy,66,7,0.1061,1,0.1385,2010Q4,2012Q2,0.35,0,0,4.833
og,1,ar,True,lasso,w_ec_cons_price_exp_lvl,66,7,0.1061,1,0.2842,2010Q4,2012Q2,0.35,0,0,4.833
og,1,ar,True,lasso,nw_retail_food_vol_dyoy,66,6,0.09091,0,-0.1675,2022Q4,2024Q1,0,0,0.2308,4.833
og,1,ar,True,lasso,se_wage_idx_m__dyoy,66,6,0.09091,1,0.06828,2023Q3,2026Q2,0,0,0.2308,4.833
og,1,ar,True,lasso,ea_negotiated_wages_yoy_q__d4,66,5,0.07576,1,0.1825,2012Q3,2022Q3,0.1,0,0.1154,4.833
og,1,ar,True,lasso,no_cpi_food_idx__yoy,66,5,0.07576,1,0.2446,2010Q1,2012Q4,0.25,0,0,4.833
og,1,ar,True,lasso,no_earn_idx_food_manuf_q__dyoy,66,5,0.07576,0,-0.3642,2010Q4,2011Q4,0.25,0,0,4.833
og,1,ar,True,lasso,se_gov_bond_10y__lvl,66,5,0.07576,0.6,0.2305,2010Q4,2023Q2,0.15,0,0.07692,4.833
og,1,ar,True,lasso,se_real_wage_yoy_q__lvl,66,5,0.07576,0,-0.1473,2023Q4,2026Q2,0,0,0.1923,4.833
og,1,ar,True,lasso,w_fx_vs_eur_dyoy,66,5,0.07576,1,0.2656,2010Q4,2011Q4,0.25,0,0,4.833
og,1,ar,True,lasso,ea_ec_food_ind_sell_price_exp__lvl,66,4,0.06061,1,0.1751,2010Q4,2025Q2,0.1,0,0.07692,4.833
og,1,ar,True,lasso,no_retail_foodstores_vol_sa_idx__dyoy,66,4,0.06061,0,-0.2053,2010Q4,2011Q3,0.2,0,0,4.833
og,1,ar,True,lasso,w_hh_saving_d4,66,4,0.06061,0,-0.2232,2010Q4,2012Q2,0.2,0,0,4.833
og,1,ar,True,lasso,price_wage_gap,66,3,0.04545,0,-0.1606,2022Q4,2023Q2,0,0,0.1154,4.833
og,1,ar,True,lasso,w_retail_total_vol_dyoy,66,3,0.04545,0,-0.1212,2012Q2,2012Q4,0.15,0,0,4.833
og,1,ar,True,lasso,no_govbond_10y__lvl,66,2,0.0303,1,0.0747,2011Q1,2011Q3,0.1,0,0,4.833
og,1,ar,True,lasso,no_qna_hh_food_cons_sa_mnok__dyoy,66,2,0.0303,0,-0.2446,2010Q4,2012Q2,0.1,0,0,4.833
og,1,ar,True,lasso,no_real_wage_qna_yoy_q__d4,66,2,0.0303,0,-0.04897,2010Q4,2012Q2,0.1,0,0,4.833
og,1,ar,True,lasso,no_vat_food_rate__d4,66,2,0.0303,1,0.197,2010Q4,2012Q2,0.1,0,0,4.833
og,1,ar,True,lasso,nw_food_cpi_yoy,66,2,0.0303,1,0.5625,2012Q1,2012Q2,0.1,0,0,4.833
og,1,ar,True,lasso,price_wage_gap_d4,66,2,0.0303,0,-0.2239,2010Q4,2012Q2,0.1,0,0,4.833
og,1,ar,True,lasso,se_cpi_idx__yoy,66,2,0.0303,1,0.7764,2010Q4,2012Q2,0.1,0,0,4.833
og,1,ar,True,lasso,se_policy_rate__lvl,66,2,0.0303,1,0.2116,2012Q3,2012Q4,0.1,0,0,4.833
og,1,ar,True,lasso,se_retail_grocery_vol_sa_idx__dyoy,66,2,0.0303,0,-0.02255,2022Q1,2023Q1,0,0,0.07692,4.833
og,1,ar,True,lasso,w_retail_total_vol_yoy,66,2,0.0303,1,0.03202,2022Q1,2022Q2,0,0,0.07692,4.833
og,1,ar,True,lasso,w_wage_yoy,66,2,0.0303,1,0.132,2012Q1,2012Q2,0.1,0,0,4.833
og,1,ar,True,lasso,ea_ec_food_ind_sell_price_exp__d4,66,1,0.01515,1,0.03246,2022Q4,2022Q4,0,0,0.03846,4.833
og,1,ar,True,lasso,elec_nordic_loc_yoy,66,1,0.01515,1,0.1883,2010Q4,2010Q4,0.05,0,0,4.833
og,1,ar,True,lasso,eu_agri_basket_wloc_dyoy,66,1,0.01515,1,0.09408,2012Q2,2012Q2,0.05,0,0,4.833
og,1,ar,True,lasso,glob_fao_ffpi_eur__dyoy,66,1,0.01515,0,-0.2279,2010Q4,2010Q4,0.05,0,0,4.833
og,1,ar,True,lasso,glob_wb_food_idx_eur__dyoy,66,1,0.01515,0,-0.1798,2010Q4,2010Q4,0.05,0,0,4.833
og,1,ar,True,lasso,no_fn_cci_sa__d4,66,1,0.01515,0,-0.004722,2012Q1,2012Q1,0.05,0,0,4.833
og,1,ar,True,lasso,no_govbond_10y__d4,66,1,0.01515,0,-0.1729,2012Q2,2012Q2,0.05,0,0,4.833
og,1,ar,True,lasso,no_jordbruk_malpris_mnok__lvl,66,1,0.01515,1,0.3667,2010Q1,2010Q1,0.05,0,0,4.833
og,1,ar,True,lasso,no_real_wage_qna_yoy_q__lvl,66,1,0.01515,0,-0.299,2010Q4,2010Q4,0.05,0,0,4.833
og,1,ar,True,lasso,nw_real_wage_dyoy,66,1,0.01515,1,0.0564,2012Q2,2012Q2,0.05,0,0,4.833
og,1,ar,True,lasso,price_cost_gap_fao_wloc,66,1,0.01515,0,-0.4729,2010Q4,2010Q4,0.05,0,0,4.833
og,1,ar,True,lasso,se_gov_bond_10y__d4,66,1,0.01515,0,-0.02017,2023Q2,2023Q2,0,0,0.03846,4.833
og,1,ar,True,lasso,se_na_hhcons_food_sa__dyoy,66,1,0.01515,1,0.1457,2010Q4,2010Q4,0.05,0,0,4.833
og,1,ar,True,lasso,us_ppi_plastic_resins_idx__yoy,66,1,0.01515,0,-0.7017,2010Q4,2010Q4,0.05,0,0,4.833
og,1,ar,True,lasso,w_cons_conf_z,66,1,0.01515,0,-0.2099,2010Q1,2010Q1,0.05,0,0,4.833
og,1,ar,True,lasso,w_fx_vs_usd_dyoy,66,1,0.01515,1,0.03101,2022Q4,2022Q4,0,0,0.03846,4.833
og,1,ar,True,lasso,w_fx_vs_usd_yoy,66,1,0.01515,0,-0.03155,2010Q4,2010Q4,0.05,0,0,4.833
og,1,ar,True,lasso,w_wage_dyoy,66,1,0.01515,1,0.2422,2012Q2,2012Q2,0.05,0,0,4.833
og,1,arcal,False,enet,se_eursek__dyoy,66,29,0.4394,1,0.1062,2010Q4,2025Q4,0.7,0.05,0.5385,8.682
og,1,arcal,False,enet,glob_gscpi__lvl,66,17,0.2576,0.9412,0.2113,2018Q3,2026Q2,0,0.05,0.6154,8.682
og,1,arcal,False,enet,no_earn_idx_food_manuf_q__yoy,66,17,0.2576,0,-0.1896,2018Q1,2025Q4,0,0.15,0.5385,8.682
og,1,arcal,False,enet,no_fn_cci_sa__lvl,66,16,0.2424,0,-0.2583,2010Q1,2025Q4,0.1,0,0.5385,8.682
og,1,arcal,False,enet,no_jordbruk_malpris_mnok__d4,66,16,0.2424,1,0.04052,2010Q4,2024Q1,0.6,0,0.1538,8.682
og,1,arcal,False,enet,nw_cons_conf_z,66,16,0.2424,0,-0.2291,2018Q1,2025Q4,0,0.15,0.5,8.682
og,1,arcal,False,enet,se_gov_bond_10y__lvl,66,16,0.2424,0.125,-0.03086,2010Q1,2025Q4,0.1,0,0.5385,8.682
og,1,arcal,False,enet,se_nier_food_mfg_sell_price_exp__lvl,66,16,0.2424,1,0.1122,2022Q3,2026Q2,0,0,0.6154,8.682
og,1,arcal,False,enet,wb_food_sek_yoy,66,16,0.2424,1,0.141,2022Q3,2026Q2,0,0,0.6154,8.682
og,1,arcal,False,enet,eu_ppi_dom_c103_idx__yoy,66,15,0.2273,1,0.174,2010Q1,2014Q1,0.75,0,0,8.682
og,1,arcal,False,enet,no_ssb_bts_consgoods_home_price_exp__lvl,66,15,0.2273,1,0.1135,2022Q3,2026Q2,0,0,0.5769,8.682
og,1,arcal,False,enet,se_nier_food_mfg_sell_price_exp__d4,66,15,0.2273,1,0.2296,2018Q1,2025Q2,0,0.15,0.4615,8.682
og,1,arcal,False,enet,ea_negotiated_wages_yoy_q__d4,66,14,0.2121,1,0.1408,2011Q2,2022Q3,0.5,0.15,0.03846,8.682
og,1,arcal,False,enet,se_ec_cons_conf__lvl,66,14,0.2121,0,-0.1857,2010Q4,2018Q3,0.55,0.15,0,8.682
og,1,arcal,False,enet,se_policy_rate__lvl,66,14,0.2121,1,0.08081,2010Q4,2014Q1,0.7,0,0,8.682
og,1,arcal,False,enet,w_cons_conf_z_d4,66,14,0.2121,0,-0.0207,2010Q4,2018Q1,0.65,0.05,0,8.682
og,1,arcal,False,enet,wb_food_sek_dyoy,66,14,0.2121,1,0.2092,2022Q3,2025Q4,0,0,0.5385,8.682
og,1,arcal,False,enet,ea_ec_food_ind_sell_price_exp__lvl,66,12,0.1818,1,0.05554,2022Q4,2026Q2,0,0,0.4615,8.682
og,1,arcal,False,enet,eu_ppi_dom_c108_idx__dyoy,66,12,0.1818,1,0.1242,2018Q1,2024Q4,0,0.15,0.3462,8.682
og,1,arcal,False,enet,no_cpi_food_idx__yoy,66,12,0.1818,1,0.2067,2010Q1,2012Q4,0.6,0,0,8.682
og,1,arcal,False,enet,w_cpi_dyoy,66,12,0.1818,1,0.1299,2018Q1,2025Q4,0,0.15,0.3462,8.682
og,1,arcal,False,enet,se_real_wage_yoy_q__lvl,66,11,0.1667,0,-0.07798,2022Q3,2025Q4,0,0,0.4231,8.682
og,1,arcal,False,enet,nw_retail_food_vol_dyoy,66,10,0.1515,0,-0.07142,2022Q4,2025Q4,0,0,0.3846,8.682
og,1,arcal,False,enet,se_eursek__yoy,66,9,0.1364,1,0.05153,2022Q3,2024Q4,0,0,0.3462,8.682
og,1,arcal,False,enet,se_real_wage_yoy_q__d4,66,9,0.1364,0,-0.02965,2018Q1,2025Q4,0,0.1,0.2692,8.682
og,1,arcal,False,enet,se_ec_cons_conf__d4,66,8,0.1212,0,-0.02838,2010Q1,2018Q3,0.25,0.15,0,8.682
og,1,arcal,False,enet,w_retail_food_vol_dyoy,66,8,0.1212,0,-0.03884,2018Q1,2024Q1,0,0.15,0.1923,8.682
og,1,arcal,False,enet,ea_negotiated_wages_yoy_q__lvl,66,7,0.1061,0.1429,-0.0238,2010Q1,2025Q4,0.05,0,0.2308,8.682
og,1,arcal,False,enet,se_na_hhcons_food_sa__dyoy,66,7,0.1061,0,-0.1449,2018Q1,2024Q4,0,0.15,0.1538,8.682
og,1,arcal,False,enet,ea_ec_food_ind_sell_price_exp__d4,66,6,0.09091,1,0.07491,2018Q1,2023Q2,0,0.15,0.1154,8.682
og,1,arcal,False,enet,se_cpi_idx__yoy,66,6,0.09091,1,0.1388,2010Q1,2025Q4,0.05,0.15,0.07692,8.682
og,1,arcal,False,enet,se_wage_idx_m__dyoy,66,6,0.09091,1,0.02335,2023Q1,2024Q3,0,0,0.2308,8.682
og,1,arcal,False,enet,w_retail_total_vol_yoy,66,6,0.09091,1,0.09362,2018Q1,2023Q1,0,0.15,0.1154,8.682
og,1,arcal,False,enet,nw_cons_conf_z_d4,66,5,0.07576,0,-0.007741,2011Q3,2013Q4,0.25,0,0,8.682
og,1,arcal,False,enet,nw_food_cpi_dyoy,66,5,0.07576,1,0.0222,2012Q1,2013Q3,0.25,0,0,8.682
og,1,arcal,False,enet,w_ec_cons_price_exp_lvl,66,5,0.07576,1,0.1726,2018Q1,2023Q1,0,0.15,0.07692,8.682
og,1,arcal,False,enet,w_ec_food_ind_sell_price_exp_lvl,66,5,0.07576,1,0.08908,2010Q1,2011Q3,0.25,0,0,8.682
og,1,arcal,False,enet,w_policy_rate_lvl,66,5,0.07576,1,0.04766,2011Q1,2012Q4,0.25,0,0,8.682
og,1,arcal,False,enet,w_retail_total_vol_dyoy,66,5,0.07576,0,-0.08328,2012Q3,2018Q3,0.1,0.15,0,8.682
og,1,arcal,False,enet,nw_food_cpi_xvat_yoy,66,4,0.06061,1,0.2104,2010Q1,2012Q2,0.2,0,0,8.682
og,1,arcal,False,enet,nw_food_cpi_yoy,66,4,0.06061,1,0.108,2010Q1,2012Q2,0.2,0,0,8.682
og,1,arcal,False,enet,us_ppi_corrugated_boxes_idx__dyoy,66,4,0.06061,0,-0.28,2010Q1,2018Q3,0.05,0.15,0,8.682
og,1,arcal,False,enet,w_fx_vs_eur_dyoy,66,4,0.06061,1,0.07444,2010Q4,2011Q3,0.2,0,0,8.682
og,1,arcal,False,enet,w_fx_vs_usd_dyoy,66,4,0.06061,1,0.3538,2018Q1,2022Q4,0,0.15,0.03846,8.682
og,1,arcal,False,enet,w_hh_saving_d4,66,4,0.06061,0,-0.2522,2018Q1,2022Q4,0,0.15,0.03846,8.682
og,1,arcal,False,enet,elec_nordic_loc_dyoy,66,3,0.04545,0,-0.4478,2018Q1,2018Q3,0,0.15,0,8.682
og,1,arcal,False,enet,eu_agri_basket_wloc_dyoy,66,3,0.04545,1,0.02237,2018Q1,2018Q3,0,0.15,0,8.682
og,1,arcal,False,enet,fao_ffpi_sek_dyoy,66,3,0.04545,1,0.1784,2018Q1,2018Q3,0,0.15,0,8.682
og,1,arcal,False,enet,glob_fao_sugar_idx__dyoy,66,3,0.04545,0,-0.1011,2018Q1,2018Q3,0,0.15,0,8.682
og,1,arcal,False,enet,no_cpi_food_idx__dyoy,66,3,0.04545,0,-0.06023,2018Q1,2018Q3,0,0.15,0,8.682
og,1,arcal,False,enet,no_cpi_total_idx__yoy,66,3,0.04545,1,0.4324,2018Q1,2018Q3,0,0.15,0,8.682
og,1,arcal,False,enet,no_govbond_10y__d4,66,3,0.04545,0,-0.4096,2018Q1,2018Q3,0,0.15,0,8.682
og,1,arcal,False,enet,no_nbes_bl_sell_price_di__lvl,66,3,0.04545,0,-0.2762,2018Q1,2018Q3,0,0.15,0,8.682
og,1,arcal,False,enet,no_ppi_food_dom_idx__yoy,66,3,0.04545,0,-0.2095,2018Q1,2018Q3,0,0.15,0,8.682
og,1,arcal,False,enet,no_qna_hh_food_cons_sa_mnok__yoy,66,3,0.04545,1,0.0803,2010Q2,2023Q1,0.1,0,0.03846,8.682
og,1,arcal,False,enet,nw_price_cost_gap_ppi,66,3,0.04545,1,0.1504,2018Q1,2018Q3,0,0.15,0,8.682
og,1,arcal,False,enet,packaging_eu_yoy,66,3,0.04545,1,0.003606,2022Q4,2026Q2,0,0,0.1154,8.682
og,1,arcal,False,enet,packaging_us_yoy,66,3,0.04545,0,-0.2812,2018Q1,2018Q3,0,0.15,0,8.682
og,1,arcal,False,enet,price_cost_gap_ppi,66,3,0.04545,1,0.06759,2018Q1,2018Q3,0,0.15,0,8.682
og,1,arcal,False,enet,price_wage_gap,66,3,0.04545,0,-0.0545,2022Q3,2023Q1,0,0,0.1154,8.682
og,1,arcal,False,enet,se_na_hhcons_food_sa__yoy,66,3,0.04545,1,0.5601,2018Q1,2018Q3,0,0.15,0,8.682
og,1,arcal,False,enet,us_ppi_plastic_resins_idx__yoy,66,3,0.04545,0,-0.2197,2018Q1,2018Q3,0,0.15,0,8.682
og,1,arcal,False,enet,w_ec_food_ind_sell_price_exp_d4,66,3,0.04545,1,0.02708,2018Q1,2018Q3,0,0.15,0,8.682
og,1,arcal,False,enet,w_food_cpi_rel_dyoy,66,3,0.04545,0,-0.1592,2018Q1,2018Q3,0,0.15,0,8.682
og,1,arcal,False,enet,w_food_cpi_rel_yoy,66,3,0.04545,0,-0.0261,2022Q4,2023Q2,0,0,0.1154,8.682
og,1,arcal,False,enet,w_gdp_vol_yoy,66,3,0.04545,1,0.1146,2018Q1,2018Q3,0,0.15,0,8.682
og,1,arcal,False,enet,w_gov10y_d4,66,3,0.04545,0,-0.1044,2018Q1,2018Q3,0,0.15,0,8.682
og,1,arcal,False,enet,w_gov10y_lvl,66,3,0.04545,0,-0.01507,2022Q3,2023Q2,0,0,0.1154,8.682
og,1,arcal,False,enet,w_unemp_lvl,66,3,0.04545,0,-0.1426,2018Q1,2018Q3,0,0.15,0,8.682
og,1,arcal,False,enet,brent_nok_dyoy,66,2,0.0303,0,-0.004362,2018Q1,2018Q2,0,0.1,0,8.682
og,1,arcal,False,enet,ea_hicp_food_idx__yoy,66,2,0.0303,0,-0.0516,2018Q1,2018Q2,0,0.1,0,8.682
og,1,arcal,False,enet,eu_ppi_dom_c107_idx__yoy,66,2,0.0303,0,-0.03304,2018Q1,2018Q2,0,0.1,0,8.682
og,1,arcal,False,enet,glob_wb_food_idx_nok__yoy,66,2,0.0303,1,0.03952,2025Q3,2025Q4,0,0,0.07692,8.682
og,1,arcal,False,enet,se_wage_idx_m__yoy,66,2,0.0303,0,-0.02245,2018Q1,2018Q2,0,0.1,0,8.682
og,1,arcal,False,enet,w_cons_conf_z,66,2,0.0303,0,-0.1099,2010Q1,2010Q2,0.1,0,0,8.682
og,1,arcal,False,enet,w_cpi_yoy,66,2,0.0303,1,0.01147,2010Q4,2022Q4,0.05,0,0.03846,8.682
og,1,arcal,False,enet,eu_ppi_dom_c105_idx__yoy,66,1,0.01515,1,0.02318,2010Q4,2010Q4,0.05,0,0,8.682
og,1,arcal,False,enet,eu_ppi_dom_c108_idx__yoy,66,1,0.01515,1,0.0211,2011Q4,2011Q4,0.05,0,0,8.682
og,1,arcal,False,enet,eu_ppi_paper_packaging_idx__yoy,66,1,0.01515,1,0.04355,2022Q4,2022Q4,0,0,0.03846,8.682
og,1,arcal,False,enet,eu_ppi_plastic_products_idx__dyoy,66,1,0.01515,1,0.03511,2022Q4,2022Q4,0,0,0.03846,8.682
og,1,arcal,False,enet,eu_ppi_plastic_products_idx__yoy,66,1,0.01515,0,-0.06444,2010Q1,2010Q1,0.05,0,0,8.682
og,1,arcal,False,enet,glob_fao_meat_idx__dyoy,66,1,0.01515,1,0.1364,2010Q1,2010Q1,0.05,0,0,8.682
og,1,arcal,False,enet,glob_gscpi__d4,66,1,0.01515,1,0.2512,2010Q1,2010Q1,0.05,0,0,8.682
og,1,arcal,False,enet,no_earn_idx_food_manuf_q__dyoy,66,1,0.01515,0,-0.1487,2010Q1,2010Q1,0.05,0,0,8.682
og,1,arcal,False,enet,no_jordbruk_malpris_mnok__lvl,66,1,0.01515,1,0.006695,2010Q2,2010Q2,0.05,0,0,8.682
og,1,arcal,False,enet,no_real_wage_qna_yoy_q__d4,66,1,0.01515,0,-0.02629,2010Q1,2010Q1,0.05,0,0,8.682
og,1,arcal,False,enet,no_retail_foodstores_vol_sa_idx__dyoy,66,1,0.01515,0,-0.05361,2010Q1,2010Q1,0.05,0,0,8.682
og,1,arcal,False,enet,packaging_eu_dyoy,66,1,0.01515,1,0.05796,2022Q4,2022Q4,0,0,0.03846,8.682
og,1,arcal,False,enet,se_gov_bond_10y__d4,66,1,0.01515,0,-0.06704,2023Q1,2023Q1,0,0,0.03846,8.682
og,1,arcal,False,enet,se_retail_grocery_vol_sa_idx__dyoy,66,1,0.01515,0,-0.05305,2023Q1,2023Q1,0,0,0.03846,8.682
og,1,arcal,False,enet,se_retail_grocery_vol_sa_idx__yoy,66,1,0.01515,1,0.07308,2018Q3,2018Q3,0,0.05,0,8.682
og,1,arcal,False,enet,us_ppi_corrugated_boxes_idx__yoy,66,1,0.01515,0,-0.2115,2010Q1,2010Q1,0.05,0,0,8.682
og,1,arcal,False,enet,w_hh_saving_lvl,66,1,0.01515,0,-0.006867,2018Q3,2018Q3,0,0.05,0,8.682
og,1,arcal,False,enet,wb_food_wloc_yoy,66,1,0.01515,1,0.007295,2025Q4,2025Q4,0,0,0.03846,8.682
og,1,arcal,False,lasso,se_eursek__dyoy,66,25,0.3788,1,0.263,2010Q4,2025Q4,0.65,0,0.4615,7.091
og,1,arcal,False,lasso,no_earn_idx_food_manuf_q__yoy,66,20,0.303,0,-0.2695,2011Q1,2025Q4,0.3,0.15,0.4231,7.091
og,1,arcal,False,lasso,glob_gscpi__lvl,66,18,0.2727,0.9444,0.3458,2010Q4,2026Q2,0.1,0.05,0.5769,7.091
og,1,arcal,False,lasso,no_ssb_bts_consgoods_home_price_exp__lvl,66,16,0.2424,1,0.1534,2010Q4,2026Q2,0.35,0,0.3462,7.091
og,1,arcal,False,lasso,se_nier_food_mfg_sell_price_exp__lvl,66,14,0.2121,1,0.1456,2012Q2,2026Q2,0.05,0,0.5,7.091
og,1,arcal,False,lasso,wb_food_sek_dyoy,66,14,0.2121,1,0.2713,2022Q4,2026Q1,0,0,0.5385,7.091
og,1,arcal,False,lasso,se_nier_food_mfg_sell_price_exp__d4,66,12,0.1818,1,0.3393,2012Q1,2024Q3,0.05,0.15,0.3077,7.091
og,1,arcal,False,lasso,no_fn_cci_sa__lvl,66,11,0.1667,0,-0.4288,2010Q2,2025Q1,0.05,0,0.3846,7.091
og,1,arcal,False,lasso,w_hh_saving_d4,66,11,0.1667,0,-0.4832,2010Q4,2022Q4,0.35,0.15,0.03846,7.091
og,1,arcal,False,lasso,wb_food_sek_yoy,66,11,0.1667,1,0.1639,2022Q4,2026Q2,0,0,0.4231,7.091
og,1,arcal,False,lasso,no_cpi_total_idx__yoy,66,10,0.1515,1,0.3715,2010Q4,2018Q3,0.35,0.15,0,7.091
og,1,arcal,False,lasso,nw_cons_conf_z,66,10,0.1515,0,-0.4659,2022Q4,2026Q2,0,0,0.3846,7.091
og,1,arcal,False,lasso,ea_negotiated_wages_yoy_q__lvl,66,9,0.1364,0.6667,0.09727,2011Q1,2025Q4,0.3,0,0.1154,7.091
og,1,arcal,False,lasso,eu_ppi_dom_c103_idx__yoy,66,9,0.1364,1,0.1955,2010Q1,2013Q4,0.45,0,0,7.091
og,1,arcal,False,lasso,eu_ppi_dom_c108_idx__dyoy,66,9,0.1364,1,0.1676,2018Q2,2024Q4,0,0.1,0.2692,7.091
og,1,arcal,False,lasso,glob_gscpi__d4,66,9,0.1364,1,0.08581,2010Q1,2012Q2,0.45,0,0,7.091
og,1,arcal,False,lasso,se_gov_bond_10y__lvl,66,8,0.1212,0.875,0.4956,2010Q4,2023Q2,0.35,0,0.03846,7.091
og,1,arcal,False,lasso,w_cpi_dyoy,66,8,0.1212,1,0.1645,2018Q1,2024Q4,0,0.15,0.1923,7.091
og,1,arcal,False,lasso,w_cpi_yoy,66,8,0.1212,1,0.3541,2010Q3,2012Q2,0.4,0,0,7.091
og,1,arcal,False,lasso,ea_ec_food_ind_sell_price_exp__lvl,66,7,0.1061,1,0.7621,2010Q4,2012Q2,0.35,0,0,7.091
og,1,arcal,False,lasso,ea_negotiated_wages_yoy_q__d4,66,7,0.1061,1,0.3148,2012Q3,2018Q3,0.2,0.15,0,7.091
og,1,arcal,False,lasso,elec_nordic_loc_yoy,66,7,0.1061,1,0.1427,2010Q4,2012Q2,0.35,0,0,7.091
og,1,arcal,False,lasso,se_cpi_food_idx__yoy,66,7,0.1061,1,0.5279,2010Q4,2012Q2,0.35,0,0,7.091
og,1,arcal,False,lasso,se_ec_cons_conf__lvl,66,7,0.1061,0,-0.4472,2012Q3,2018Q3,0.2,0.15,0,7.091
og,1,arcal,False,lasso,se_real_wage_yoy_q__lvl,66,7,0.1061,0,-0.1063,2023Q3,2026Q2,0,0,0.2692,7.091
og,1,arcal,False,lasso,w_fx_vs_eur_dyoy,66,7,0.1061,1,0.3883,2010Q4,2012Q2,0.35,0,0,7.091
og,1,arcal,False,lasso,w_retail_total_vol_dyoy,66,7,0.1061,0,-0.1855,2011Q1,2012Q4,0.35,0,0,7.091
og,1,arcal,False,lasso,no_earn_idx_food_manuf_q__dyoy,66,6,0.09091,0,-0.1491,2010Q1,2011Q2,0.3,0,0,7.091
og,1,arcal,False,lasso,price_wage_gap_d4,66,6,0.09091,0,-0.1982,2010Q4,2012Q1,0.3,0,0,7.091
og,1,arcal,False,lasso,se_na_hhcons_food_sa__dyoy,66,6,0.09091,0.3333,-0.1403,2010Q4,2023Q1,0.1,0.15,0.03846,7.091
og,1,arcal,False,lasso,se_na_hhcons_food_sa__yoy,66,6,0.09091,1,0.4437,2011Q2,2018Q3,0.15,0.15,0,7.091
og,1,arcal,False,lasso,se_wage_idx_m__dyoy,66,6,0.09091,1,0.0476,2023Q1,2024Q3,0,0,0.2308,7.091
og,1,arcal,False,lasso,us_ppi_corrugated_boxes_idx__dyoy,66,6,0.09091,0,-0.1312,2010Q1,2018Q3,0.15,0.15,0,7.091
og,1,arcal,False,lasso,w_gov10y_lvl,66,6,0.09091,1,0.448,2010Q4,2012Q1,0.3,0,0,7.091
og,1,arcal,False,lasso,ea_ec_food_ind_sell_price_exp__d4,66,5,0.07576,0.4,-0.04607,2010Q4,2022Q4,0.15,0.05,0.03846,7.091
og,1,arcal,False,lasso,glob_fao_ffpi_eur__yoy,66,5,0.07576,0,-0.166,2011Q1,2012Q1,0.25,0,0,7.091
og,1,arcal,False,lasso,se_cpi_idx__yoy,66,5,0.07576,1,0.1267,2010Q1,2018Q3,0.1,0.15,0,7.091
og,1,arcal,False,lasso,se_policy_rate__lvl,66,5,0.07576,1,0.2661,2012Q3,2014Q1,0.25,0,0,7.091
og,1,arcal,False,lasso,w_retail_food_vol_dyoy,66,5,0.07576,0,-0.128,2010Q4,2018Q3,0.15,0.1,0,7.091
og,1,arcal,False,lasso,elec_nordic_loc_dyoy,66,4,0.06061,0.25,-0.4914,2011Q4,2018Q3,0.05,0.15,0,7.091
og,1,arcal,False,lasso,glob_fao_sugar_idx__dyoy,66,4,0.06061,0.25,-0.04259,2010Q3,2018Q3,0.05,0.15,0,7.091
og,1,arcal,False,lasso,no_jordbruk_malpris_mnok__d4,66,4,0.06061,1,0.1424,2013Q1,2014Q1,0.2,0,0,7.091
og,1,arcal,False,lasso,no_qna_hh_food_cons_sa_mnok__yoy,66,4,0.06061,1,0.04943,2010Q2,2023Q1,0.15,0,0.03846,7.091
og,1,arcal,False,lasso,no_real_wage_qna_yoy_q__lvl,66,4,0.06061,0,-0.1974,2011Q3,2012Q2,0.2,0,0,7.091
og,1,arcal,False,lasso,nw_food_cpi_yoy,66,4,0.06061,1,0.5702,2010Q2,2012Q2,0.2,0,0,7.091
og,1,arcal,False,lasso,nw_retail_food_vol_dyoy,66,4,0.06061,0,-0.04612,2023Q1,2023Q4,0,0,0.1538,7.091
og,1,arcal,False,lasso,packaging_us_yoy,66,4,0.06061,0,-0.29,2011Q1,2018Q3,0.05,0.15,0,7.091
og,1,arcal,False,lasso,w_ec_cons_price_exp_lvl,66,4,0.06061,1,0.2421,2018Q1,2023Q1,0,0.15,0.03846,7.091
og,1,arcal,False,lasso,w_fx_vs_usd_dyoy,66,4,0.06061,1,0.3742,2018Q1,2022Q4,0,0.15,0.03846,7.091
og,1,arcal,False,lasso,w_wage_dyoy,66,4,0.06061,1,0.2287,2010Q4,2012Q2,0.2,0,0,7.091
og,1,arcal,False,lasso,fao_ffpi_sek_dyoy,66,3,0.04545,1,0.2155,2018Q1,2018Q3,0,0.15,0,7.091
og,1,arcal,False,lasso,no_cpi_total_idx__dyoy,66,3,0.04545,1,0.2371,2011Q4,2012Q2,0.15,0,0,7.091
og,1,arcal,False,lasso,no_govbond_10y__d4,66,3,0.04545,0,-0.4902,2018Q1,2018Q3,0,0.15,0,7.091
og,1,arcal,False,lasso,no_nbes_bl_sell_price_di__lvl,66,3,0.04545,0,-0.2314,2018Q1,2018Q3,0,0.15,0,7.091
og,1,arcal,False,lasso,no_ppi_food_dom_idx__yoy,66,3,0.04545,0,-0.1196,2018Q1,2018Q3,0,0.15,0,7.091
og,1,arcal,False,lasso,no_real_wage_qna_yoy_q__d4,66,3,0.04545,0,-0.231,2010Q3,2011Q1,0.15,0,0,7.091
og,1,arcal,False,lasso,nw_food_cpi_xvat_yoy,66,3,0.04545,1,0.8402,2010Q1,2010Q3,0.15,0,0,7.091
og,1,arcal,False,lasso,nw_price_cost_gap_ppi,66,3,0.04545,1,0.1961,2018Q1,2018Q3,0,0.15,0,7.091
og,1,arcal,False,lasso,se_eursek__yoy,66,3,0.04545,1,0.03086,2023Q1,2024Q3,0,0,0.1154,7.091
og,1,arcal,False,lasso,us_ppi_corrugated_boxes_idx__yoy,66,3,0.04545,0,-0.519,2010Q1,2010Q3,0.15,0,0,7.091
og,1,arcal,False,lasso,w_food_cpi_rel_dyoy,66,3,0.04545,0,-0.1251,2018Q1,2018Q3,0,0.15,0,7.091
og,1,arcal,False,lasso,w_retail_total_vol_yoy,66,3,0.04545,1,0.04056,2018Q3,2023Q1,0,0.05,0.07692,7.091
og,1,arcal,False,lasso,ea_hicp_food_idx__yoy,66,2,0.0303,0,-0.07932,2018Q1,2018Q2,0,0.1,0,7.091
og,1,arcal,False,lasso,eu_ppi_plastic_products_idx__yoy,66,2,0.0303,0,-0.1312,2010Q2,2010Q3,0.1,0,0,7.091
og,1,arcal,False,lasso,glob_fao_dairy_idx__dyoy,66,2,0.0303,0.5,-0.07466,2010Q2,2010Q4,0.1,0,0,7.091
og,1,arcal,False,lasso,price_wage_gap,66,2,0.0303,0,-0.1163,2022Q4,2023Q1,0,0,0.07692,7.091
og,1,arcal,False,lasso,se_real_wage_yoy_q__d4,66,2,0.0303,0,-0.09942,2018Q1,2018Q2,0,0.1,0,7.091
og,1,arcal,False,lasso,se_retail_grocery_vol_sa_idx__dyoy,66,2,0.0303,0,-0.0718,2018Q2,2023Q1,0,0.05,0.03846,7.091
og,1,arcal,False,lasso,se_wage_idx_m__yoy,66,2,0.0303,0,-0.07143,2011Q2,2011Q3,0.1,0,0,7.091
og,1,arcal,False,lasso,w_ec_food_ind_sell_price_exp_lvl,66,2,0.0303,1,0.2332,2010Q2,2010Q3,0.1,0,0,7.091
og,1,arcal,False,lasso,w_gdp_vol_yoy,66,2,0.0303,1,0.05095,2018Q1,2018Q2,0,0.1,0,7.091
og,1,arcal,False,lasso,brent_nok_yoy,66,1,0.01515,1,0.09777,2010Q4,2010Q4,0.05,0,0,7.091
og,1,arcal,False,lasso,ea_hicp_food_idx__dyoy,66,1,0.01515,0,-0.02244,2010Q3,2010Q3,0.05,0,0,7.091
og,1,arcal,False,lasso,glob_fao_cereals_idx__dyoy,66,1,0.01515,0,-0.3308,2012Q2,2012Q2,0.05,0,0,7.091
og,1,arcal,False,lasso,glob_fao_ffpi_eur__dyoy,66,1,0.01515,0,-0.1932,2010Q4,2010Q4,0.05,0,0,7.091
og,1,arcal,False,lasso,glob_fao_meat_idx__yoy,66,1,0.01515,0,-0.0454,2012Q2,2012Q2,0.05,0,0,7.091
og,1,arcal,False,lasso,glob_fao_sugar_idx__yoy,66,1,0.01515,1,0.1411,2011Q2,2011Q2,0.05,0,0,7.091
og,1,arcal,False,lasso,no_cpi_food_idx__dyoy,66,1,0.01515,0,-0.1064,2010Q4,2010Q4,0.05,0,0,7.091
og,1,arcal,False,lasso,no_cpi_food_idx__yoy,66,1,0.01515,1,0.08172,2010Q1,2010Q1,0.05,0,0,7.091
og,1,arcal,False,lasso,no_fn_cci_sa__d4,66,1,0.01515,0,-0.007547,2012Q2,2012Q2,0.05,0,0,7.091
og,1,arcal,False,lasso,no_govbond_10y__lvl,66,1,0.01515,1,0.1561,2010Q3,2010Q3,0.05,0,0,7.091
og,1,arcal,False,lasso,no_retail_foodstores_vol_sa_idx__yoy,66,1,0.01515,0,-0.03576,2018Q3,2018Q3,0,0.05,0,7.091
og,1,arcal,False,lasso,se_gov_bond_10y__d4,66,1,0.01515,0,-0.164,2023Q1,2023Q1,0,0,0.03846,7.091
og,1,arcal,False,lasso,us_ppi_plastic_resins_idx__yoy,66,1,0.01515,0,-0.232,2010Q4,2010Q4,0.05,0,0,7.091
og,1,arcal,False,lasso,w_cons_conf_z,66,1,0.01515,0,-0.05091,2010Q1,2010Q1,0.05,0,0,7.091
og,1,arcal,False,lasso,w_gov10y_d4,66,1,0.01515,0,-0.00653,2018Q1,2018Q1,0,0.05,0,7.091
og,2,ar,True,enet,no_jordbruk_malpris_mnok__d4,66,42,0.6364,1,0.5434,2010Q1,2025Q4,0.85,0.7,0.4231,22.5
og,2,ar,True,enet,se_nier_food_mfg_sell_price_exp__lvl,66,33,0.5,1,0.1862,2010Q1,2026Q2,0.55,0.45,0.5,22.5
og,2,ar,True,enet,us_ppi_plastic_resins_idx__dyoy,66,31,0.4697,1,0.2243,2010Q4,2026Q2,0.35,0.6,0.4615,22.5
og,2,ar,True,enet,ea_ec_food_ind_sell_price_exp__d4,66,29,0.4394,1,0.3402,2010Q1,2025Q3,0.45,0.5,0.3846,22.5
og,2,ar,True,enet,no_cpi_food_idx__yoy,66,29,0.4394,1,0.4183,2010Q1,2018Q4,0.85,0.6,0,22.5
og,2,ar,True,enet,w_food_cpi_rel_dyoy,66,29,0.4394,1,0.2016,2010Q1,2018Q4,0.85,0.6,0,22.5
og,2,ar,True,enet,no_fn_cci_sa__lvl,66,28,0.4242,0,-0.3637,2010Q1,2026Q2,0.2,0.55,0.5,22.5
og,2,ar,True,enet,glob_gscpi__lvl,66,27,0.4091,0.5556,-0.01614,2011Q3,2026Q2,0.1,0.6,0.5,22.5
og,2,ar,True,enet,fao_ffpi_sek_yoy,66,24,0.3636,1,0.1041,2015Q4,2026Q2,0,0.55,0.5,22.5
og,2,ar,True,enet,w_gov10y_lvl,66,24,0.3636,0.4583,0.05323,2010Q1,2026Q2,0.55,0,0.5,22.5
og,2,ar,True,enet,nw_price_cost_gap_ppi_d4,66,23,0.3485,1,0.1646,2010Q2,2018Q4,0.55,0.6,0,22.5
og,2,ar,True,enet,w_food_cpi_dyoy,66,23,0.3485,1,0.2489,2010Q1,2017Q2,0.85,0.3,0,22.5
og,2,ar,True,enet,no_earn_idx_food_manuf_q__dyoy,66,22,0.3333,0,-0.328,2010Q1,2024Q3,0.2,0.6,0.2308,22.5
og,2,ar,True,enet,w_unemp_d4,66,22,0.3333,0,-0.1734,2016Q1,2026Q2,0,0.55,0.4231,22.5
og,2,ar,True,enet,se_gov_bond_10y__lvl,66,21,0.3182,0.381,0.003016,2010Q4,2026Q2,0.4,0,0.5,22.5
og,2,ar,True,enet,ea_negotiated_wages_yoy_q__lvl,66,20,0.303,0.75,0.1878,2010Q1,2024Q2,0.45,0.3,0.1923,22.5
og,2,ar,True,enet,eu_ppi_paper_packaging_idx__yoy,66,20,0.303,1,0.2085,2010Q2,2026Q2,0.05,0.7,0.1923,22.5
og,2,ar,True,enet,price_wage_gap_d4,66,20,0.303,1,0.5035,2010Q1,2018Q4,0.4,0.6,0,22.5
og,2,ar,True,enet,se_na_hhcons_food_sa__dyoy,66,20,0.303,0.6,0.2758,2010Q1,2018Q4,0.4,0.6,0,22.5
og,2,ar,True,enet,packaging_eu_yoy,66,19,0.2879,1,0.2208,2015Q4,2026Q2,0,0.6,0.2692,22.5
og,2,ar,True,enet,eu_ppi_dom_c108_idx__dyoy,66,18,0.2727,1,0.07285,2011Q4,2026Q2,0.2,0.2,0.3846,22.5
og,2,ar,True,enet,us_ppi_plastic_resins_idx__yoy,66,18,0.2727,1,0.07502,2015Q4,2026Q2,0,0.4,0.3846,22.5
og,2,ar,True,enet,w_fx_vs_usd_dyoy,66,18,0.2727,1,0.4836,2011Q4,2024Q2,0.05,0.6,0.1923,22.5
og,2,ar,True,enet,glob_gscpi__d4,66,17,0.2576,1,0.4109,2010Q4,2023Q3,0.15,0.6,0.07692,22.5
og,2,ar,True,enet,no_jordbruk_malpris_mnok__lvl,66,17,0.2576,1,0.2546,2011Q2,2018Q3,0.3,0.55,0,22.5
og,2,ar,True,enet,no_ssb_bts_consgoods_home_price_exp__lvl,66,17,0.2576,0.7647,0.2513,2015Q4,2026Q2,0,0.2,0.5,22.5
og,2,ar,True,enet,nw_cons_conf_z_d4,66,17,0.2576,0,-0.1056,2010Q4,2018Q4,0.65,0.2,0,22.5
og,2,ar,True,enet,se_na_hhcons_food_sa__yoy,66,17,0.2576,1,0.3187,2015Q4,2024Q2,0,0.6,0.1923,22.5
og,2,ar,True,enet,w_fx_vs_nok_dyoy,66,17,0.2576,1,0.1474,2017Q1,2025Q2,0,0.4,0.3462,22.5
og,2,ar,True,enet,wb_food_sek_dyoy,66,17,0.2576,1,0.2251,2015Q4,2026Q2,0,0.2,0.5,22.5
og,2,ar,True,enet,eu_ppi_plastic_products_idx__dyoy,66,16,0.2424,1,0.1558,2015Q4,2024Q3,0,0.5,0.2308,22.5
og,2,ar,True,enet,no_earn_idx_food_manuf_q__yoy,66,16,0.2424,0,-0.2133,2016Q2,2026Q2,0,0.15,0.5,22.5
og,2,ar,True,enet,se_ec_cons_conf__lvl,66,16,0.2424,0.6875,0.2017,2012Q2,2018Q4,0.25,0.55,0,22.5
og,2,ar,True,enet,nw_real_wage_dyoy,66,15,0.2273,0,-0.2759,2016Q4,2024Q3,0,0.45,0.2308,22.5
og,2,ar,True,enet,packaging_eu_dyoy,66,15,0.2273,1,0.1171,2015Q4,2025Q1,0,0.35,0.3077,22.5
og,2,ar,True,enet,se_wage_idx_m__yoy,66,15,0.2273,1,0.1854,2010Q1,2017Q3,0.4,0.35,0,22.5
og,2,ar,True,enet,w_unemp_lvl,66,15,0.2273,0,-0.1335,2010Q3,2018Q4,0.3,0.45,0,22.5
og,2,ar,True,enet,eu_ppi_plastic_products_idx__yoy,66,14,0.2121,1,0.1545,2017Q1,2026Q2,0,0.4,0.2308,22.5
og,2,ar,True,enet,price_wage_gap,66,14,0.2121,0,-0.2426,2015Q4,2023Q3,0,0.6,0.07692,22.5
og,2,ar,True,enet,w_cons_conf_z_d4,66,14,0.2121,0,-0.099,2011Q1,2015Q3,0.6,0.1,0,22.5
og,2,ar,True,enet,ea_ec_food_ind_sell_price_exp__lvl,66,13,0.197,0.1538,-0.2784,2015Q4,2025Q3,0,0.55,0.07692,22.5
og,2,ar,True,enet,eu_ppi_dom_c103_idx__yoy,66,13,0.197,1,0.1458,2011Q1,2015Q1,0.6,0.05,0,22.5
og,2,ar,True,enet,fao_ffpi_sek_dyoy,66,12,0.1818,1,0.1269,2012Q1,2018Q3,0.15,0.45,0,22.5
og,2,ar,True,enet,se_cpi_food_idx__dyoy,66,12,0.1818,0,-0.5256,2015Q4,2018Q4,0,0.6,0,22.5
og,2,ar,True,enet,w_ec_food_ind_sell_price_exp_d4,66,12,0.1818,1,1.371,2015Q4,2018Q4,0,0.6,0,22.5
og,2,ar,True,enet,w_fx_vs_usd_yoy,66,12,0.1818,1,0.7268,2015Q4,2018Q4,0,0.6,0,22.5
og,2,ar,True,enet,w_gdp_vol_yoy,66,12,0.1818,0.1667,-0.4927,2016Q2,2025Q3,0,0.5,0.07692,22.5
og,2,ar,True,enet,w_retail_food_vol_dyoy,66,12,0.1818,1,0.4182,2015Q4,2018Q4,0,0.6,0,22.5
og,2,ar,True,enet,eu_agri_basket_wloc_yoy,66,11,0.1667,1,0.09681,2012Q1,2018Q4,0.4,0.15,0,22.5
og,2,ar,True,enet,glob_fao_dairy_idx__dyoy,66,11,0.1667,0.4545,-0.0008665,2010Q1,2018Q4,0.25,0.3,0,22.5
og,2,ar,True,enet,no_govbond_10y__lvl,66,11,0.1667,1,0.1689,2010Q1,2015Q4,0.5,0.05,0,22.5
og,2,ar,True,enet,se_ec_cons_conf__d4,66,11,0.1667,0,-0.03307,2011Q2,2018Q4,0.4,0.15,0,22.5
og,2,ar,True,enet,se_wage_idx_m__dyoy,66,11,0.1667,1,0.1607,2015Q4,2018Q4,0,0.55,0,22.5
og,2,ar,True,enet,w_policy_rate_lvl,66,11,0.1667,1,0.1349,2010Q1,2015Q3,0.45,0.1,0,22.5
og,2,ar,True,enet,w_real_wage_yoy,66,11,0.1667,1,0.3074,2016Q1,2018Q4,0,0.55,0,22.5
og,2,ar,True,enet,brent_nok_yoy,66,10,0.1515,0,-0.2334,2015Q4,2018Q4,0,0.5,0,22.5
og,2,ar,True,enet,eu_ppi_dom_c108_idx__yoy,66,10,0.1515,1,0.1131,2011Q4,2014Q4,0.5,0,0,22.5
og,2,ar,True,enet,eu_ppi_paper_packaging_idx__dyoy,66,10,0.1515,1,0.0891,2015Q4,2024Q4,0,0.15,0.2692,22.5
og,2,ar,True,enet,glob_fao_meat_idx__dyoy,66,10,0.1515,1,0.212,2015Q4,2018Q3,0,0.5,0,22.5
og,2,ar,True,enet,glob_fao_sugar_idx__yoy,66,10,0.1515,0,-0.0829,2012Q1,2018Q4,0.15,0.35,0,22.5
og,2,ar,True,enet,glob_wb_food_idx__yoy,66,10,0.1515,0,-0.3232,2016Q2,2018Q4,0,0.5,0,22.5
og,2,ar,True,enet,no_cpi_total_idx__yoy,66,10,0.1515,0,-0.1764,2016Q2,2018Q4,0,0.5,0,22.5
og,2,ar,True,enet,no_fn_cci_sa__d4,66,10,0.1515,0,-0.1456,2012Q1,2018Q3,0.3,0.2,0,22.5
og,2,ar,True,enet,us_ppi_corrugated_boxes_idx__dyoy,66,10,0.1515,0,-0.09116,2010Q3,2018Q4,0.2,0.3,0,22.5
og,2,ar,True,enet,us_ppi_corrugated_boxes_idx__yoy,66,10,0.1515,0,-0.09035,2012Q1,2018Q4,0.1,0.4,0,22.5
og,2,ar,True,enet,w_ec_cons_price_exp_lvl,66,10,0.1515,0.1,-0.2928,2010Q1,2018Q4,0.05,0.45,0,22.5
og,2,ar,True,enet,no_nbes_bl_sell_price_di__lvl,66,9,0.1364,1,0.2887,2016Q2,2018Q4,0,0.45,0,22.5
og,2,ar,True,enet,no_policy_rate__lvl,66,9,0.1364,1,0.07241,2010Q1,2016Q1,0.35,0.1,0,22.5
og,2,ar,True,enet,nw_food_cpi_dyoy,66,9,0.1364,0.2222,-0.1462,2013Q2,2017Q3,0.1,0.35,0,22.5
og,2,ar,True,enet,price_cost_gap_fao_wloc_d4,66,9,0.1364,0,-0.4853,2016Q4,2018Q4,0,0.45,0,22.5
og,2,ar,True,enet,se_cpi_idx__dyoy,66,9,0.1364,1,0.04728,2016Q2,2026Q2,0,0.1,0.2692,22.5
og,2,ar,True,enet,se_policy_rate__lvl,66,9,0.1364,1,0.1899,2012Q2,2015Q3,0.35,0.1,0,22.5
og,2,ar,True,enet,se_real_wage_yoy_q__d4,66,9,0.1364,0,-0.06939,2011Q3,2026Q2,0.05,0,0.3077,22.5
og,2,ar,True,enet,w_fx_vs_nok_yoy,66,9,0.1364,1,0.1654,2016Q4,2018Q4,0,0.45,0,22.5
og,2,ar,True,enet,w_hh_saving_d4,66,9,0.1364,0,-0.3209,2016Q4,2018Q4,0,0.45,0,22.5
og,2,ar,True,enet,glob_fao_dairy_idx__yoy,66,8,0.1212,0.25,-0.09563,2012Q4,2017Q2,0.1,0.3,0,22.5
og,2,ar,True,enet,no_fx_eurnok__dyoy,66,8,0.1212,0,-0.2027,2017Q1,2018Q4,0,0.4,0,22.5
og,2,ar,True,enet,price_cost_gap_fao_nok_d4,66,8,0.1212,0,-0.3093,2017Q1,2018Q4,0,0.4,0,22.5
og,2,ar,True,enet,price_cost_gap_ppi_d4,66,8,0.1212,1,0.09811,2016Q2,2018Q4,0,0.4,0,22.5
og,2,ar,True,enet,w_cpi_yoy,66,8,0.1212,0,-0.2719,2017Q1,2018Q4,0,0.4,0,22.5
og,2,ar,True,enet,w_gov10y_d4,66,8,0.1212,0,-0.1854,2015Q4,2018Q4,0,0.4,0,22.5
og,2,ar,True,enet,w_real_wage_dyoy,66,8,0.1212,0,-0.07726,2016Q4,2018Q3,0,0.4,0,22.5
og,2,ar,True,enet,no_cpi_food_idx__dyoy,66,7,0.1061,1,0.08767,2010Q2,2013Q3,0.35,0,0,22.5
og,2,ar,True,enet,nw_cons_conf_z,66,7,0.1061,0,-0.07598,2011Q1,2013Q1,0.35,0,0,22.5
og,2,ar,True,enet,nw_food_cpi_xvat_yoy,66,7,0.1061,1,0.1826,2016Q2,2018Q4,0,0.35,0,22.5
og,2,ar,True,enet,nw_food_cpi_yoy,66,7,0.1061,1,0.07592,2016Q2,2018Q4,0,0.35,0,22.5
og,2,ar,True,enet,w_food_cpi_yoy,66,7,0.1061,0,-0.2179,2016Q2,2018Q4,0,0.35,0,22.5
og,2,ar,True,enet,w_wage_yoy,66,7,0.1061,1,0.03037,2010Q1,2012Q3,0.35,0,0,22.5
og,2,ar,True,enet,elec_nordic_loc_dyoy,66,6,0.09091,0,-0.206,2015Q4,2018Q2,0,0.3,0,22.5
og,2,ar,True,enet,elec_nordic_loc_yoy,66,6,0.09091,0,-0.0663,2016Q2,2018Q3,0,0.3,0,22.5
og,2,ar,True,enet,glob_fao_ffpi_nok__dyoy,66,6,0.09091,1,0.0374,2010Q4,2012Q3,0.3,0,0,22.5
og,2,ar,True,enet,no_imp_price_food_idx__yoy,66,6,0.09091,0,-0.2339,2017Q3,2018Q4,0,0.3,0,22.5
og,2,ar,True,enet,se_retail_grocery_vol_sa_idx__yoy,66,6,0.09091,0,-0.09447,2017Q1,2018Q4,0,0.3,0,22.5
og,2,ar,True,enet,w_wage_dyoy,66,6,0.09091,0,-0.1512,2017Q3,2018Q4,0,0.3,0,22.5
og,2,ar,True,enet,glob_fao_cereals_idx__dyoy,66,5,0.07576,0,-0.1142,2016Q4,2018Q1,0,0.25,0,22.5
og,2,ar,True,enet,glob_fao_ffpi_eur__dyoy,66,5,0.07576,1,0.07712,2017Q3,2018Q4,0,0.25,0,22.5
og,2,ar,True,enet,no_ssb_bts_consgoods_home_price_exp__d4,66,5,0.07576,0.8,-0.01885,2018Q3,2026Q2,0,0.05,0.1538,22.5
og,2,ar,True,enet,nw_real_wage_yoy,66,5,0.07576,1,0.3245,2017Q3,2018Q3,0,0.25,0,22.5
og,2,ar,True,enet,price_cost_gap_agri_d4,66,5,0.07576,1,0.1974,2015Q4,2017Q1,0,0.25,0,22.5
og,2,ar,True,enet,se_nier_food_mfg_sell_price_exp__d4,66,5,0.07576,0.6,-0.01987,2018Q1,2024Q2,0,0.1,0.1154,22.5
og,2,ar,True,enet,w_food_ppi_yoy,66,5,0.07576,0,-0.05761,2017Q1,2018Q4,0,0.25,0,22.5
og,2,ar,True,enet,w_hh_saving_lvl,66,5,0.07576,0.4,-0.003678,2010Q4,2018Q4,0.15,0.1,0,22.5
og,2,ar,True,enet,w_retail_total_vol_dyoy,66,5,0.07576,0.4,0.004517,2010Q1,2018Q4,0.15,0.1,0,22.5
og,2,ar,True,enet,w_retail_total_vol_yoy,66,5,0.07576,0.4,-0.04209,2010Q1,2023Q3,0.15,0,0.07692,22.5
og,2,ar,True,enet,wb_food_wloc_dyoy,66,5,0.07576,1,0.04543,2010Q1,2016Q1,0.15,0.1,0,22.5
og,2,ar,True,enet,eu_agri_basket_wloc_dyoy,66,4,0.06061,0,-0.1879,2016Q1,2017Q1,0,0.2,0,22.5
og,2,ar,True,enet,glob_fao_sugar_idx__dyoy,66,4,0.06061,1,0.2467,2015Q4,2017Q2,0,0.2,0,22.5
og,2,ar,True,enet,glob_fao_vegoils_idx__dyoy,66,4,0.06061,0,-0.08289,2017Q2,2018Q4,0,0.2,0,22.5
og,2,ar,True,enet,no_qna_hh_food_cons_sa_mnok__dyoy,66,4,0.06061,1,0.1097,2016Q2,2018Q4,0,0.2,0,22.5
og,2,ar,True,enet,no_real_wage_qna_yoy_q__lvl,66,4,0.06061,1,0.1127,2010Q4,2015Q4,0.15,0.05,0,22.5
og,2,ar,True,enet,no_vat_food_rate__lvl,66,4,0.06061,1,0.08363,2017Q1,2018Q3,0,0.2,0,22.5
og,2,ar,True,enet,se_ppi_food_hmpi_idx__yoy,66,4,0.06061,0,-0.05516,2017Q3,2018Q3,0,0.2,0,22.5
og,2,ar,True,enet,se_real_wage_yoy_q__lvl,66,4,0.06061,0.25,-0.01397,2011Q4,2026Q2,0.05,0.05,0.07692,22.5
og,2,ar,True,enet,se_retail_grocery_vol_sa_idx__dyoy,66,4,0.06061,0.75,0.01732,2011Q3,2018Q1,0.05,0.15,0,22.5
og,2,ar,True,enet,w_ec_food_ind_sell_price_exp_lvl,66,4,0.06061,1,0.1701,2018Q1,2018Q4,0,0.2,0,22.5
og,2,ar,True,enet,eu_agri_basket_yoy,66,3,0.04545,1,0.07554,2012Q1,2012Q3,0.15,0,0,22.5
og,2,ar,True,enet,fao_ffpi_wloc_dyoy,66,3,0.04545,1,0.0343,2010Q4,2012Q3,0.15,0,0,22.5
og,2,ar,True,enet,glob_wb_food_idx__dyoy,66,3,0.04545,0.6667,0.05869,2010Q1,2018Q1,0.1,0.05,0,22.5
og,2,ar,True,enet,glob_wb_food_idx_eur__dyoy,66,3,0.04545,1,0.04633,2010Q1,2018Q4,0.1,0.05,0,22.5
og,2,ar,True,enet,no_qna_hh_food_cons_sa_mnok__yoy,66,3,0.04545,0.6667,0.03778,2017Q1,2018Q2,0,0.15,0,22.5
og,2,ar,True,enet,se_cpi_idx__yoy,66,3,0.04545,1,0.01627,2014Q4,2015Q3,0.05,0.1,0,22.5
og,2,ar,True,enet,w_ec_cons_price_exp_d4,66,3,0.04545,1,0.1628,2010Q1,2010Q3,0.15,0,0,22.5
og,2,ar,True,enet,w_gdp_vol_dyoy,66,3,0.04545,0,-0.01356,2018Q2,2018Q4,0,0.15,0,22.5
og,2,ar,True,enet,wb_food_sek_yoy,66,3,0.04545,1,0.05629,2025Q4,2026Q2,0,0,0.1154,22.5
og,2,ar,True,enet,brent_nok_dyoy,66,2,0.0303,1,0.1154,2018Q2,2018Q3,0,0.1,0,22.5
og,2,ar,True,enet,ea_negotiated_wages_yoy_q__d4,66,2,0.0303,1,0.0596,2017Q4,2018Q2,0,0.1,0,22.5
og,2,ar,True,enet,no_cpi_total_idx__dyoy,66,2,0.0303,0,-0.05793,2016Q2,2018Q4,0,0.1,0,22.5
og,2,ar,True,enet,no_govbond_10y__d4,66,2,0.0303,0,-0.06633,2017Q3,2017Q4,0,0.1,0,22.5
og,2,ar,True,enet,no_ppi_food_dom_idx__yoy,66,2,0.0303,1,0.1323,2017Q1,2017Q2,0,0.1,0,22.5
og,2,ar,True,enet,no_retail_foodstores_vol_sa_idx__yoy,66,2,0.0303,1,0.01756,2017Q3,2018Q1,0,0.1,0,22.5
og,2,ar,True,enet,se_eursek__dyoy,66,2,0.0303,1,0.009769,2026Q1,2026Q2,0,0,0.07692,22.5
og,2,ar,True,enet,se_eursek__yoy,66,2,0.0303,1,0.03122,2015Q4,2023Q2,0,0.05,0.03846,22.5
og,2,ar,True,enet,se_gov_bond_10y__d4,66,2,0.0303,0,-0.0287,2023Q2,2023Q3,0,0,0.07692,22.5
og,2,ar,True,enet,w_fx_vs_eur_dyoy,66,2,0.0303,0,-0.06744,2018Q3,2018Q4,0,0.1,0,22.5
og,2,ar,True,enet,w_retail_food_vol_yoy,66,2,0.0303,1,0.02271,2012Q3,2012Q4,0.1,0,0,22.5
og,2,ar,True,enet,ea_hicp_food_idx__yoy,66,1,0.01515,0,-0.01757,2018Q4,2018Q4,0,0.05,0,22.5
og,2,ar,True,enet,eu_agri_basket_dyoy,66,1,0.01515,0,-0.07322,2016Q4,2016Q4,0,0.05,0,22.5
og,2,ar,True,enet,eu_ppi_dom_c103_idx__dyoy,66,1,0.01515,1,0.03453,2011Q3,2011Q3,0.05,0,0,22.5
og,2,ar,True,enet,eu_ppi_dom_c105_idx__yoy,66,1,0.01515,1,0.2086,2018Q4,2018Q4,0,0.05,0,22.5
og,2,ar,True,enet,glob_fao_meat_idx__yoy,66,1,0.01515,0,-0.04962,2018Q4,2018Q4,0,0.05,0,22.5
og,2,ar,True,enet,glob_wb_food_idx_nok__dyoy,66,1,0.01515,1,0.04506,2010Q3,2010Q3,0.05,0,0,22.5
og,2,ar,True,enet,no_fx_eurnok__yoy,66,1,0.01515,0,-0.04059,2018Q3,2018Q3,0,0.05,0,22.5
og,2,ar,True,enet,no_vat_food_rate__d4,66,1,0.01515,0,-0.1098,2016Q2,2016Q2,0,0.05,0,22.5
og,2,ar,True,enet,nw_price_cost_gap_ppi,66,1,0.01515,0,-0.04132,2016Q2,2016Q2,0,0.05,0,22.5
og,2,ar,True,enet,se_cpi_food_idx__yoy,66,1,0.01515,0,-0.04755,2023Q2,2023Q2,0,0,0.03846,22.5
og,2,ar,True,enet,w_cons_conf_z,66,1,0.01515,0,-0.0132,2011Q3,2011Q3,0.05,0,0,22.5
og,2,ar,True,enet,w_food_cpi_xvat_dyoy,66,1,0.01515,0,-0.01773,2018Q4,2018Q4,0,0.05,0,22.5
og,2,ar,True,lasso,no_jordbruk_malpris_mnok__d4,66,45,0.6818,1,0.7658,2010Q1,2025Q4,0.9,0.8,0.4231,13.35
og,2,ar,True,lasso,glob_gscpi__lvl,66,27,0.4091,0.5185,0.002729,2011Q1,2026Q2,0.05,0.65,0.5,13.35
og,2,ar,True,lasso,no_cpi_food_idx__yoy,66,26,0.3939,1,0.4859,2010Q1,2018Q4,0.7,0.6,0,13.35
og,2,ar,True,lasso,se_nier_food_mfg_sell_price_exp__lvl,66,23,0.3485,1,0.3133,2010Q1,2026Q2,0.4,0.55,0.1538,13.35
og,2,ar,True,lasso,ea_ec_food_ind_sell_price_exp__d4,66,22,0.3333,1,0.5334,2010Q3,2024Q3,0.2,0.6,0.2308,13.35
og,2,ar,True,lasso,no_fn_cci_sa__lvl,66,21,0.3182,0,-0.5818,2016Q3,2026Q2,0,0.5,0.4231,13.35
og,2,ar,True,lasso,us_ppi_plastic_resins_idx__dyoy,66,21,0.3182,1,0.2964,2010Q4,2026Q2,0.15,0.45,0.3462,13.35
og,2,ar,True,lasso,no_earn_idx_food_manuf_q__yoy,66,20,0.303,0.05,-0.2625,2011Q2,2026Q2,0.05,0.3,0.5,13.35
og,2,ar,True,lasso,se_na_hhcons_food_sa__dyoy,66,20,0.303,0.65,0.5581,2010Q1,2019Q1,0.35,0.65,0,13.35
og,2,ar,True,lasso,price_wage_gap_d4,66,19,0.2879,1,0.9195,2010Q1,2019Q1,0.3,0.65,0,13.35
og,2,ar,True,lasso,no_earn_idx_food_manuf_q__dyoy,66,18,0.2727,0,-0.4055,2010Q1,2023Q4,0.15,0.65,0.07692,13.35
og,2,ar,True,lasso,nw_price_cost_gap_ppi_d4,66,18,0.2727,1,0.217,2010Q2,2019Q1,0.35,0.55,0,13.35
og,2,ar,True,lasso,w_food_cpi_dyoy,66,18,0.2727,1,0.3626,2010Q1,2016Q4,0.8,0.1,0,13.35
og,2,ar,True,lasso,ea_negotiated_wages_yoy_q__lvl,66,17,0.2576,0.7647,0.393,2010Q1,2024Q2,0.3,0.35,0.1538,13.35
og,2,ar,True,lasso,glob_gscpi__d4,66,17,0.2576,1,0.4548,2011Q1,2023Q3,0.1,0.65,0.07692,13.35
og,2,ar,True,lasso,no_ssb_bts_consgoods_home_price_exp__lvl,66,16,0.2424,0.8125,0.4518,2016Q2,2026Q2,0,0.15,0.5,13.35
og,2,ar,True,lasso,w_unemp_d4,66,16,0.2424,0,-0.4795,2016Q4,2026Q2,0,0.45,0.2692,13.35
og,2,ar,True,lasso,w_fx_vs_usd_dyoy,66,15,0.2273,1,0.7196,2016Q1,2023Q4,0,0.6,0.1154,13.35
og,2,ar,True,lasso,wb_food_sek_dyoy,66,15,0.2273,1,0.3448,2016Q1,2026Q2,0,0.1,0.5,13.35
og,2,ar,True,lasso,se_gov_bond_10y__lvl,66,14,0.2121,0.2143,-0.07709,2010Q4,2025Q4,0.15,0,0.4231,13.35
og,2,ar,True,lasso,se_cpi_food_idx__dyoy,66,13,0.197,0,-0.5614,2016Q1,2019Q1,0,0.65,0,13.35
og,2,ar,True,lasso,w_ec_food_ind_sell_price_exp_d4,66,13,0.197,1,2.147,2016Q1,2019Q1,0,0.65,0,13.35
og,2,ar,True,lasso,ea_ec_food_ind_sell_price_exp__lvl,66,12,0.1818,0,-0.6275,2011Q2,2018Q4,0.05,0.55,0,13.35
og,2,ar,True,lasso,se_ec_cons_conf__lvl,66,12,0.1818,0.9167,0.4074,2012Q4,2018Q4,0.05,0.55,0,13.35
og,2,ar,True,lasso,w_food_cpi_rel_dyoy,66,12,0.1818,1,0.1805,2010Q1,2016Q4,0.4,0.2,0,13.35
og,2,ar,True,lasso,w_fx_vs_usd_yoy,66,12,0.1818,1,1.152,2016Q1,2019Q1,0,0.6,0,13.35
og,2,ar,True,lasso,price_wage_gap,66,11,0.1667,0,-0.4598,2016Q1,2023Q3,0,0.45,0.07692,13.35
og,2,ar,True,lasso,se_na_hhcons_food_sa__yoy,66,11,0.1667,1,0.3854,2016Q1,2024Q3,0,0.25,0.2308,13.35
og,2,ar,True,lasso,w_retail_food_vol_dyoy,66,11,0.1667,1,0.3889,2016Q1,2019Q1,0,0.55,0,13.35
og,2,ar,True,lasso,w_gdp_vol_yoy,66,10,0.1515,0,-1.371,2016Q2,2018Q4,0,0.5,0,13.35
og,2,ar,True,lasso,w_hh_saving_d4,66,10,0.1515,0,-0.2772,2016Q4,2019Q1,0,0.5,0,13.35
og,2,ar,True,lasso,eu_ppi_plastic_products_idx__yoy,66,9,0.1364,1,0.491,2016Q4,2018Q4,0,0.45,0,13.35
og,2,ar,True,lasso,no_cpi_total_idx__yoy,66,9,0.1364,0,-0.3062,2016Q3,2019Q1,0,0.45,0,13.35
og,2,ar,True,lasso,price_cost_gap_fao_wloc_d4,66,9,0.1364,0,-0.8741,2016Q4,2018Q4,0,0.45,0,13.35
og,2,ar,True,lasso,w_cpi_yoy,66,9,0.1364,0,-0.2018,2016Q3,2018Q4,0,0.45,0,13.35
og,2,ar,True,lasso,w_ec_cons_price_exp_lvl,66,9,0.1364,0,-0.4462,2016Q2,2018Q4,0,0.45,0,13.35
og,2,ar,True,lasso,eu_ppi_dom_c103_idx__yoy,66,8,0.1212,1,0.3347,2011Q3,2014Q4,0.4,0,0,13.35
og,2,ar,True,lasso,glob_fao_meat_idx__dyoy,66,8,0.1212,1,0.3039,2016Q1,2018Q1,0,0.4,0,13.35
og,2,ar,True,lasso,no_govbond_10y__lvl,66,8,0.1212,1,0.3945,2010Q1,2011Q4,0.4,0,0,13.35
og,2,ar,True,lasso,no_nbes_bl_sell_price_di__lvl,66,8,0.1212,1,0.3604,2016Q2,2018Q4,0,0.4,0,13.35
og,2,ar,True,lasso,w_real_wage_yoy,66,8,0.1212,1,0.3949,2017Q1,2019Q1,0,0.4,0,13.35
og,2,ar,True,lasso,glob_fao_sugar_idx__yoy,66,7,0.1061,0,-0.2561,2017Q3,2023Q4,0,0.25,0.07692,13.35
og,2,ar,True,lasso,no_imp_price_food_idx__yoy,66,7,0.1061,0,-0.3367,2017Q3,2019Q1,0,0.35,0,13.35
og,2,ar,True,lasso,no_qna_hh_food_cons_sa_mnok__dyoy,66,7,0.1061,0.8571,0.1454,2011Q1,2018Q4,0.05,0.3,0,13.35
og,2,ar,True,lasso,se_policy_rate__lvl,66,7,0.1061,1,0.4121,2013Q2,2015Q3,0.2,0.15,0,13.35
og,2,ar,True,lasso,se_wage_idx_m__dyoy,66,7,0.1061,1,0.1877,2016Q2,2018Q3,0,0.35,0,13.35
og,2,ar,True,lasso,us_ppi_plastic_resins_idx__yoy,66,7,0.1061,1,0.6325,2016Q2,2018Q4,0,0.35,0,13.35
og,2,ar,True,lasso,w_gov10y_d4,66,7,0.1061,0,-0.1573,2016Q1,2019Q1,0,0.35,0,13.35
og,2,ar,True,lasso,glob_fao_dairy_idx__dyoy,66,6,0.09091,0.6667,0.05367,2010Q4,2017Q3,0.2,0.1,0,13.35
og,2,ar,True,lasso,no_qna_hh_food_cons_sa_mnok__yoy,66,6,0.09091,0.8333,0.1395,2016Q4,2019Q1,0,0.3,0,13.35
og,2,ar,True,lasso,nw_real_wage_dyoy,66,6,0.09091,0,-0.09001,2018Q4,2024Q3,0,0.1,0.1538,13.35
og,2,ar,True,lasso,se_real_wage_yoy_q__d4,66,6,0.09091,0,-0.1705,2011Q2,2026Q2,0.05,0,0.1923,13.35
og,2,ar,True,lasso,w_hh_saving_lvl,66,6,0.09091,0.5,-0.01037,2010Q4,2018Q4,0.15,0.15,0,13.35
og,2,ar,True,lasso,eu_ppi_dom_c108_idx__dyoy,66,5,0.07576,1,0.1385,2015Q1,2023Q4,0,0.15,0.07692,13.35
og,2,ar,True,lasso,glob_fao_sugar_idx__dyoy,66,5,0.07576,1,0.3592,2011Q2,2017Q2,0.05,0.2,0,13.35
og,2,ar,True,lasso,no_fx_eurnok__dyoy,66,5,0.07576,0,-0.4827,2017Q3,2018Q4,0,0.25,0,13.35
og,2,ar,True,lasso,no_jordbruk_malpris_mnok__lvl,66,5,0.07576,1,0.3945,2016Q2,2018Q1,0,0.25,0,13.35
og,2,ar,True,lasso,nw_cons_conf_z_d4,66,5,0.07576,0,-0.1141,2012Q4,2018Q4,0.15,0.1,0,13.35
og,2,ar,True,lasso,nw_real_wage_yoy,66,5,0.07576,1,0.379,2017Q3,2018Q3,0,0.25,0,13.35
og,2,ar,True,lasso,se_ppi_food_hmpi_idx__yoy,66,5,0.07576,0,-0.331,2017Q3,2018Q4,0,0.25,0,13.35
og,2,ar,True,lasso,w_policy_rate_lvl,66,5,0.07576,1,0.4449,2012Q1,2013Q1,0.25,0,0,13.35
og,2,ar,True,lasso,brent_nok_yoy,66,4,0.06061,0,-0.09433,2017Q3,2018Q4,0,0.2,0,13.35
og,2,ar,True,lasso,eu_agri_basket_wloc_dyoy,66,4,0.06061,0.25,-0.2482,2013Q1,2017Q1,0.05,0.15,0,13.35
og,2,ar,True,lasso,eu_agri_basket_wloc_yoy,66,4,0.06061,1,0.02647,2012Q4,2019Q1,0.15,0.05,0,13.35
og,2,ar,True,lasso,glob_fao_dairy_idx__yoy,66,4,0.06061,0.25,-0.2812,2013Q1,2017Q2,0.05,0.15,0,13.35
og,2,ar,True,lasso,glob_wb_food_idx__yoy,66,4,0.06061,0,-0.1917,2017Q1,2018Q2,0,0.2,0,13.35
og,2,ar,True,lasso,no_fn_cci_sa__d4,66,4,0.06061,0,-0.2695,2017Q3,2018Q3,0,0.2,0,13.35
og,2,ar,True,lasso,packaging_eu_dyoy,66,4,0.06061,1,0.2134,2016Q3,2024Q3,0,0.05,0.1154,13.35
og,2,ar,True,lasso,packaging_eu_yoy,66,4,0.06061,1,0.1011,2016Q2,2018Q4,0,0.2,0,13.35
og,2,ar,True,lasso,se_gov_bond_10y__d4,66,4,0.06061,0.25,-0.01772,2016Q4,2023Q4,0,0.05,0.1154,13.35
og,2,ar,True,lasso,se_nier_food_mfg_sell_price_exp__d4,66,4,0.06061,0.75,-0.01587,2011Q2,2024Q2,0.05,0.05,0.07692,13.35
og,2,ar,True,lasso,se_wage_idx_m__yoy,66,4,0.06061,1,0.2976,2010Q1,2016Q1,0.15,0.05,0,13.35
og,2,ar,True,lasso,us_ppi_corrugated_boxes_idx__dyoy,66,4,0.06061,0,-0.1266,2016Q1,2019Q1,0,0.2,0,13.35
og,2,ar,True,lasso,w_food_cpi_yoy,66,4,0.06061,0,-0.3694,2016Q2,2018Q1,0,0.2,0,13.35
og,2,ar,True,lasso,w_fx_vs_nok_dyoy,66,4,0.06061,1,0.6061,2017Q4,2018Q3,0,0.2,0,13.35
og,2,ar,True,lasso,ea_negotiated_wages_yoy_q__d4,66,3,0.04545,1,0.107,2017Q2,2019Q1,0,0.15,0,13.35
og,2,ar,True,lasso,eu_ppi_dom_c108_idx__yoy,66,3,0.04545,0.6667,0.1389,2012Q4,2018Q4,0.1,0.05,0,13.35
og,2,ar,True,lasso,eu_ppi_paper_packaging_idx__yoy,66,3,0.04545,1,0.6615,2016Q1,2016Q3,0,0.15,0,13.35
og,2,ar,True,lasso,eu_ppi_plastic_products_idx__dyoy,66,3,0.04545,1,0.6036,2017Q1,2019Q1,0,0.15,0,13.35
og,2,ar,True,lasso,glob_fao_ffpi_nok__dyoy,66,3,0.04545,1,0.09401,2010Q4,2011Q2,0.15,0,0,13.35
og,2,ar,True,lasso,no_cpi_total_idx__dyoy,66,3,0.04545,0.3333,-0.3028,2011Q2,2016Q3,0.05,0.1,0,13.35
og,2,ar,True,lasso,no_policy_rate__lvl,66,3,0.04545,1,0.05935,2011Q3,2012Q1,0.15,0,0,13.35
og,2,ar,True,lasso,price_cost_gap_agri_d4,66,3,0.04545,1,0.2642,2016Q1,2016Q4,0,0.15,0,13.35
og,2,ar,True,lasso,price_cost_gap_ppi_d4,66,3,0.04545,1,0.1799,2016Q2,2018Q2,0,0.15,0,13.35
og,2,ar,True,lasso,se_retail_grocery_vol_sa_idx__dyoy,66,3,0.04545,0.6667,0.03275,2010Q1,2016Q4,0.05,0.1,0,13.35
og,2,ar,True,lasso,us_ppi_corrugated_boxes_idx__yoy,66,3,0.04545,0,-0.1176,2016Q2,2018Q3,0,0.15,0,13.35
og,2,ar,True,lasso,eu_ppi_paper_packaging_idx__dyoy,66,2,0.0303,1,0.08741,2023Q2,2023Q4,0,0,0.07692,13.35
og,2,ar,True,lasso,fao_ffpi_sek_dyoy,66,2,0.0303,1,0.04556,2018Q2,2019Q1,0,0.1,0,13.35
og,2,ar,True,lasso,glob_wb_food_idx_nok__dyoy,66,2,0.0303,1,0.2319,2010Q3,2011Q2,0.1,0,0,13.35
og,2,ar,True,lasso,no_cpi_food_idx__dyoy,66,2,0.0303,1,0.04775,2013Q1,2013Q2,0.1,0,0,13.35
og,2,ar,True,lasso,no_real_wage_qna_yoy_q__lvl,66,2,0.0303,1,0.3454,2011Q1,2011Q2,0.1,0,0,13.35
og,2,ar,True,lasso,no_retail_foodstores_vol_sa_idx__yoy,66,2,0.0303,1,0.1453,2017Q3,2017Q4,0,0.1,0,13.35
og,2,ar,True,lasso,no_ssb_bts_consgoods_home_price_exp__d4,66,2,0.0303,0,-0.2466,2016Q2,2018Q1,0,0.1,0,13.35
og,2,ar,True,lasso,nw_food_cpi_dyoy,66,2,0.0303,0,-0.1436,2016Q2,2016Q3,0,0.1,0,13.35
og,2,ar,True,lasso,nw_food_cpi_xvat_yoy,66,2,0.0303,1,0.5787,2016Q2,2018Q4,0,0.1,0,13.35
og,2,ar,True,lasso,se_cpi_food_idx__yoy,66,2,0.0303,0,-0.05888,2023Q2,2023Q3,0,0,0.07692,13.35
og,2,ar,True,lasso,w_fx_vs_nok_yoy,66,2,0.0303,1,0.1773,2018Q3,2018Q4,0,0.1,0,13.35
og,2,ar,True,lasso,w_gov10y_lvl,66,2,0.0303,0.5,-0.04472,2010Q4,2019Q1,0.05,0.05,0,13.35
og,2,ar,True,lasso,w_retail_total_vol_dyoy,66,2,0.0303,0,-0.2018,2011Q2,2017Q2,0.05,0.05,0,13.35
og,2,ar,True,lasso,w_retail_total_vol_yoy,66,2,0.0303,1,0.03419,2023Q2,2023Q3,0,0,0.07692,13.35
og,2,ar,True,lasso,brent_nok_dyoy,66,1,0.01515,1,0.007974,2019Q1,2019Q1,0,0.05,0,13.35
og,2,ar,True,lasso,ea_hicp_food_idx__yoy,66,1,0.01515,0,-0.3396,2019Q1,2019Q1,0,0.05,0,13.35
og,2,ar,True,lasso,elec_nordic_loc_dyoy,66,1,0.01515,0,-0.328,2016Q1,2016Q1,0,0.05,0,13.35
og,2,ar,True,lasso,elec_nordic_loc_yoy,66,1,0.01515,0,-0.06746,2018Q2,2018Q2,0,0.05,0,13.35
og,2,ar,True,lasso,eu_ppi_dom_c103_idx__dyoy,66,1,0.01515,0,-0.01685,2018Q1,2018Q1,0,0.05,0,13.35
og,2,ar,True,lasso,eu_ppi_dom_c105_idx__yoy,66,1,0.01515,1,0.2839,2018Q4,2018Q4,0,0.05,0,13.35
og,2,ar,True,lasso,fao_ffpi_sek_yoy,66,1,0.01515,1,0.1979,2016Q2,2016Q2,0,0.05,0,13.35
og,2,ar,True,lasso,glob_fao_cereals_idx__dyoy,66,1,0.01515,0,-0.03837,2017Q1,2017Q1,0,0.05,0,13.35
og,2,ar,True,lasso,glob_fao_ffpi_eur__dyoy,66,1,0.01515,1,0.02097,2018Q3,2018Q3,0,0.05,0,13.35
og,2,ar,True,lasso,glob_fao_meat_idx__yoy,66,1,0.01515,0,-0.08363,2018Q4,2018Q4,0,0.05,0,13.35
og,2,ar,True,lasso,glob_wb_food_idx__dyoy,66,1,0.01515,1,0.3956,2010Q1,2010Q1,0.05,0,0,13.35
og,2,ar,True,lasso,glob_wb_food_idx_eur__dyoy,66,1,0.01515,1,0.02073,2010Q1,2010Q1,0.05,0,0,13.35
og,2,ar,True,lasso,glob_wb_food_idx_eur__yoy,66,1,0.01515,1,0.1253,2016Q2,2016Q2,0,0.05,0,13.35
og,2,ar,True,lasso,no_retail_foodstores_vol_sa_idx__dyoy,66,1,0.01515,1,0.07476,2018Q2,2018Q2,0,0.05,0,13.35
og,2,ar,True,lasso,no_vat_food_rate__d4,66,1,0.01515,0,-0.03038,2016Q3,2016Q3,0,0.05,0,13.35
og,2,ar,True,lasso,nw_retail_food_vol_dyoy,66,1,0.01515,0,-0.0005842,2011Q1,2011Q1,0.05,0,0,13.35
og,2,ar,True,lasso,price_cost_gap_fao_nok,66,1,0.01515,1,0.02189,2018Q1,2018Q1,0,0.05,0,13.35
og,2,ar,True,lasso,price_cost_gap_fao_nok_d4,66,1,0.01515,0,-0.7548,2018Q4,2018Q4,0,0.05,0,13.35
og,2,ar,True,lasso,se_ec_cons_conf__d4,66,1,0.01515,0,-0.01612,2015Q1,2015Q1,0,0.05,0,13.35
og,2,ar,True,lasso,se_eursek__yoy,66,1,0.01515,1,0.03672,2019Q1,2019Q1,0,0.05,0,13.35
og,2,ar,True,lasso,w_cons_conf_z_d4,66,1,0.01515,0,-0.1241,2014Q2,2014Q2,0.05,0,0,13.35
og,2,ar,True,lasso,w_ec_cons_price_exp_d4,66,1,0.01515,1,0.253,2010Q2,2010Q2,0.05,0,0,13.35
og,2,ar,True,lasso,w_food_ppi_yoy,66,1,0.01515,0,-0.0644,2019Q1,2019Q1,0,0.05,0,13.35
og,2,ar,True,lasso,w_unemp_lvl,66,1,0.01515,0,-0.796,2019Q1,2019Q1,0,0.05,0,13.35
og,2,ar,True,lasso,wb_food_wloc_dyoy,66,1,0.01515,1,0.1512,2010Q2,2010Q2,0.05,0,0,13.35
og,2,arcal,False,enet,no_jordbruk_malpris_mnok__d4,66,42,0.6364,1,0.5397,2010Q1,2025Q4,0.9,0.65,0.4231,23.15
og,2,arcal,False,enet,glob_gscpi__lvl,66,32,0.4848,0.6875,0.07017,2010Q2,2026Q2,0.45,0.5,0.5,23.15
og,2,arcal,False,enet,se_nier_food_mfg_sell_price_exp__lvl,66,32,0.4848,1,0.2235,2010Q1,2026Q2,0.45,0.5,0.5,23.15
og,2,arcal,False,enet,no_earn_idx_food_manuf_q__dyoy,66,31,0.4697,0,-0.2036,2010Q1,2024Q4,0.7,0.5,0.2692,23.15
og,2,arcal,False,enet,us_ppi_plastic_resins_idx__dyoy,66,29,0.4394,1,0.1728,2011Q1,2026Q1,0.4,0.5,0.4231,23.15
og,2,arcal,False,enet,ea_ec_food_ind_sell_price_exp__d4,66,26,0.3939,1,0.4652,2011Q1,2025Q3,0.3,0.5,0.3846,23.15
og,2,arcal,False,enet,no_cpi_food_idx__yoy,66,25,0.3788,1,0.4595,2010Q1,2018Q4,0.75,0.5,0,23.15
og,2,arcal,False,enet,w_gov10y_lvl,66,25,0.3788,0.44,0.05852,2010Q1,2026Q2,0.55,0.05,0.5,23.15
og,2,arcal,False,enet,ea_negotiated_wages_yoy_q__lvl,66,24,0.3636,0.7917,0.2565,2010Q1,2024Q2,0.5,0.45,0.1923,23.15
og,2,arcal,False,enet,nw_price_cost_gap_ppi_d4,66,23,0.3485,1,0.1398,2010Q1,2018Q4,0.65,0.5,0,23.15
og,2,arcal,False,enet,no_fn_cci_sa__lvl,66,21,0.3182,0,-0.4541,2017Q1,2026Q2,0,0.4,0.5,23.15
og,2,arcal,False,enet,no_ssb_bts_consgoods_home_price_exp__d4,66,21,0.3182,0.7619,0.06046,2011Q4,2026Q2,0.15,0.25,0.5,23.15
og,2,arcal,False,enet,se_gov_bond_10y__lvl,66,21,0.3182,0.381,-0.008469,2011Q1,2026Q2,0.4,0,0.5,23.15
og,2,arcal,False,enet,w_unemp_d4,66,20,0.303,0,-0.263,2016Q2,2026Q1,0,0.5,0.3846,23.15
og,2,arcal,False,enet,eu_ppi_dom_c108_idx__dyoy,66,19,0.2879,1,0.09937,2011Q3,2026Q1,0.35,0.15,0.3462,23.15
og,2,arcal,False,enet,no_ssb_bts_consgoods_home_price_exp__lvl,66,19,0.2879,0.7368,0.2222,2010Q2,2026Q2,0.05,0.25,0.5,23.15
og,2,arcal,False,enet,w_food_cpi_rel_dyoy,66,19,0.2879,1,0.1742,2010Q2,2018Q4,0.45,0.5,0,23.15
og,2,arcal,False,enet,eu_ppi_paper_packaging_idx__yoy,66,18,0.2727,1,0.1118,2011Q1,2026Q2,0.1,0.6,0.1538,23.15
og,2,arcal,False,enet,no_earn_idx_food_manuf_q__yoy,66,18,0.2727,0.05556,-0.2152,2010Q2,2026Q2,0.1,0.15,0.5,23.15
og,2,arcal,False,enet,price_cost_gap_ppi_d4,66,18,0.2727,1,0.1935,2010Q3,2018Q4,0.4,0.5,0,23.15
og,2,arcal,False,enet,us_ppi_plastic_resins_idx__yoy,66,18,0.2727,1,0.08357,2011Q4,2026Q2,0.2,0.35,0.2692,23.15
og,2,arcal,False,enet,w_fx_vs_nok_dyoy,66,18,0.2727,0.9444,0.1952,2011Q3,2025Q2,0.05,0.4,0.3462,23.15
og,2,arcal,False,enet,eu_ppi_plastic_products_idx__dyoy,66,17,0.2576,1,0.2094,2011Q1,2024Q3,0.05,0.5,0.2308,23.15
og,2,arcal,False,enet,glob_fao_dairy_idx__dyoy,66,17,0.2576,0.4706,-0.03401,2010Q2,2018Q4,0.4,0.45,0,23.15
og,2,arcal,False,enet,price_wage_gap_d4,66,17,0.2576,1,0.5511,2010Q2,2018Q4,0.35,0.5,0,23.15
og,2,arcal,False,enet,nw_food_cpi_yoy,66,16,0.2424,1,0.2951,2010Q3,2018Q4,0.3,0.5,0,23.15
og,2,arcal,False,enet,packaging_eu_yoy,66,16,0.2424,1,0.219,2016Q2,2026Q2,0,0.5,0.2308,23.15
og,2,arcal,False,enet,eu_ppi_dom_c108_idx__yoy,66,15,0.2273,0.8,0.1,2010Q1,2017Q1,0.6,0.15,0,23.15
og,2,arcal,False,enet,se_na_hhcons_food_sa__yoy,66,15,0.2273,0.8667,0.09874,2011Q2,2024Q1,0.1,0.45,0.1538,23.15
og,2,arcal,False,enet,w_gdp_vol_yoy,66,15,0.2273,0.4,-0.4568,2016Q4,2026Q1,0,0.45,0.2308,23.15
og,2,arcal,False,enet,eu_ppi_dom_c103_idx__yoy,66,14,0.2121,1,0.1424,2010Q1,2014Q4,0.7,0,0,23.15
og,2,arcal,False,enet,glob_fao_sugar_idx__yoy,66,14,0.2121,0,-0.1732,2011Q3,2018Q4,0.3,0.4,0,23.15
og,2,arcal,False,enet,no_jordbruk_malpris_mnok__lvl,66,14,0.2121,1,0.264,2010Q1,2018Q3,0.25,0.45,0,23.15
og,2,arcal,False,enet,se_real_wage_yoy_q__d4,66,14,0.2121,0,-0.05907,2011Q1,2026Q2,0.25,0,0.3462,23.15
og,2,arcal,False,enet,w_cons_conf_z_d4,66,14,0.2121,0,-0.1073,2011Q1,2015Q3,0.55,0.15,0,23.15
og,2,arcal,False,enet,w_ec_cons_price_exp_lvl,66,14,0.2121,0.3571,-0.3199,2010Q1,2018Q4,0.15,0.55,0,23.15
og,2,arcal,False,enet,glob_gscpi__d4,66,13,0.197,1,0.5259,2016Q2,2023Q4,0,0.5,0.1154,23.15
og,2,arcal,False,enet,glob_wb_food_idx__yoy,66,13,0.197,0.07692,-0.3314,2010Q1,2018Q4,0.15,0.5,0,23.15
og,2,arcal,False,enet,nw_cons_conf_z_d4,66,13,0.197,0,-0.09504,2012Q2,2018Q4,0.4,0.25,0,23.15
og,2,arcal,False,enet,se_ec_cons_conf__lvl,66,13,0.197,0.7692,0.3329,2012Q4,2018Q4,0.15,0.5,0,23.15
og,2,arcal,False,enet,se_na_hhcons_food_sa__dyoy,66,13,0.197,0.7692,0.7739,2011Q1,2018Q4,0.15,0.5,0,23.15
og,2,arcal,False,enet,se_nier_food_mfg_sell_price_exp__d4,66,13,0.197,0.6154,-0.01746,2017Q4,2025Q2,0,0.25,0.3077,23.15
og,2,arcal,False,enet,w_food_cpi_dyoy,66,13,0.197,1,0.2426,2011Q1,2018Q2,0.4,0.25,0,23.15
og,2,arcal,False,enet,w_fx_vs_usd_yoy,66,13,0.197,1,0.5347,2011Q4,2018Q4,0.15,0.5,0,23.15
og,2,arcal,False,enet,wb_food_sek_dyoy,66,13,0.197,1,0.2002,2023Q2,2026Q2,0,0,0.5,23.15
og,2,arcal,False,enet,ea_ec_food_ind_sell_price_exp__lvl,66,12,0.1818,0,-0.4387,2011Q4,2018Q4,0.1,0.5,0,23.15
og,2,arcal,False,enet,eu_ppi_plastic_products_idx__yoy,66,12,0.1818,1,0.3145,2011Q4,2026Q2,0.05,0.4,0.1154,23.15
og,2,arcal,False,enet,fao_ffpi_sek_yoy,66,12,0.1818,1,0.1346,2011Q4,2026Q2,0.1,0.1,0.3077,23.15
og,2,arcal,False,enet,glob_wb_food_idx__dyoy,66,12,0.1818,0,-0.2095,2011Q4,2018Q4,0.1,0.5,0,23.15
og,2,arcal,False,enet,no_imp_price_food_idx__yoy,66,12,0.1818,0,-0.3188,2012Q4,2018Q4,0.1,0.5,0,23.15
og,2,arcal,False,enet,nw_real_wage_dyoy,66,12,0.1818,0,-0.3157,2011Q4,2023Q3,0.1,0.45,0.03846,23.15
og,2,arcal,False,enet,price_wage_gap,66,12,0.1818,0,-0.1732,2016Q2,2023Q4,0,0.45,0.1154,23.15
og,2,arcal,False,enet,w_unemp_lvl,66,12,0.1818,0,-0.1357,2010Q2,2018Q4,0.35,0.25,0,23.15
og,2,arcal,False,enet,eu_agri_basket_wloc_yoy,66,11,0.1667,1,0.1615,2012Q1,2018Q4,0.4,0.15,0,23.15
og,2,arcal,False,enet,glob_fao_meat_idx__dyoy,66,11,0.1667,1,0.3436,2013Q1,2018Q4,0.05,0.5,0,23.15
og,2,arcal,False,enet,no_cpi_total_idx__yoy,66,11,0.1667,0.1818,-0.1153,2012Q1,2018Q4,0.1,0.45,0,23.15
og,2,arcal,False,enet,no_govbond_10y__lvl,66,11,0.1667,1,0.1854,2010Q1,2012Q3,0.55,0,0,23.15
og,2,arcal,False,enet,packaging_eu_dyoy,66,11,0.1667,1,0.1195,2016Q2,2024Q4,0,0.2,0.2692,23.15
og,2,arcal,False,enet,se_ec_cons_conf__d4,66,11,0.1667,0.2727,-0.02577,2013Q2,2018Q4,0.2,0.35,0,23.15
og,2,arcal,False,enet,se_policy_rate__lvl,66,11,0.1667,1,0.2059,2010Q1,2015Q3,0.4,0.15,0,23.15
og,2,arcal,False,enet,se_wage_idx_m__dyoy,66,11,0.1667,1,0.2218,2012Q3,2018Q4,0.05,0.5,0,23.15
og,2,arcal,False,enet,w_ec_food_ind_sell_price_exp_d4,66,11,0.1667,1,1.438,2011Q4,2018Q4,0.05,0.5,0,23.15
og,2,arcal,False,enet,w_fx_vs_usd_dyoy,66,11,0.1667,1,0.7369,2012Q3,2018Q4,0.05,0.5,0,23.15
og,2,arcal,False,enet,w_policy_rate_lvl,66,11,0.1667,1,0.1598,2010Q1,2015Q3,0.4,0.15,0,23.15
og,2,arcal,False,enet,w_retail_food_vol_dyoy,66,11,0.1667,1,0.4256,2011Q4,2018Q4,0.1,0.45,0,23.15
og,2,arcal,False,enet,fao_ffpi_sek_dyoy,66,10,0.1515,1,0.1147,2016Q2,2018Q4,0,0.5,0,23.15
og,2,arcal,False,enet,no_fn_cci_sa__d4,66,10,0.1515,0,-0.1698,2012Q1,2018Q4,0.2,0.3,0,23.15
og,2,arcal,False,enet,no_fx_eurnok__dyoy,66,10,0.1515,0.2,-0.2166,2011Q1,2018Q4,0.1,0.4,0,23.15
og,2,arcal,False,enet,no_nbes_bl_sell_price_di__lvl,66,10,0.1515,1,0.525,2016Q2,2018Q4,0,0.5,0,23.15
og,2,arcal,False,enet,nw_food_cpi_xvat_yoy,66,10,0.1515,1,0.1896,2016Q2,2018Q4,0,0.5,0,23.15
og,2,arcal,False,enet,price_cost_gap_fao_wloc_d4,66,10,0.1515,0,-0.638,2016Q2,2018Q4,0,0.5,0,23.15
og,2,arcal,False,enet,se_cpi_food_idx__dyoy,66,10,0.1515,0,-0.6008,2016Q2,2018Q4,0,0.5,0,23.15
og,2,arcal,False,enet,se_cpi_idx__dyoy,66,10,0.1515,1,0.04483,2016Q2,2026Q2,0,0.1,0.3077,23.15
og,2,arcal,False,enet,w_hh_saving_d4,66,10,0.1515,0,-0.3642,2016Q2,2018Q4,0,0.5,0,23.15
og,2,arcal,False,enet,w_hh_saving_lvl,66,10,0.1515,0.7,0.009561,2011Q4,2018Q4,0.15,0.35,0,23.15
og,2,arcal,False,enet,glob_fao_dairy_idx__yoy,66,9,0.1364,0.5556,-0.02284,2010Q1,2018Q3,0.25,0.2,0,23.15
og,2,arcal,False,enet,no_real_wage_qna_yoy_q__lvl,66,9,0.1364,1,0.2959,2011Q1,2013Q1,0.45,0,0,23.15
og,2,arcal,False,enet,no_vat_food_rate__lvl,66,9,0.1364,1,0.2423,2010Q3,2018Q4,0.05,0.4,0,23.15
og,2,arcal,False,enet,price_cost_gap_fao_nok_d4,66,9,0.1364,0,-0.5322,2016Q4,2018Q4,0,0.45,0,23.15
og,2,arcal,False,enet,se_retail_grocery_vol_sa_idx__dyoy,66,9,0.1364,0.8889,0.2166,2011Q3,2018Q2,0.05,0.4,0,23.15
og,2,arcal,False,enet,w_food_cpi_yoy,66,9,0.1364,0,-0.3167,2016Q2,2018Q4,0,0.45,0,23.15
og,2,arcal,False,enet,w_real_wage_dyoy,66,9,0.1364,0,-0.1037,2016Q2,2018Q3,0,0.45,0,23.15
og,2,arcal,False,enet,w_real_wage_yoy,66,9,0.1364,1,0.1697,2016Q2,2018Q4,0,0.45,0,23.15
og,2,arcal,False,enet,glob_fao_vegoils_idx__dyoy,66,8,0.1212,0,-0.1633,2016Q2,2018Q4,0,0.4,0,23.15
og,2,arcal,False,enet,w_cpi_yoy,66,8,0.1212,0,-0.387,2017Q1,2018Q4,0,0.4,0,23.15
og,2,arcal,False,enet,w_fx_vs_nok_yoy,66,8,0.1212,1,0.1722,2016Q2,2018Q4,0,0.4,0,23.15
og,2,arcal,False,enet,w_retail_total_vol_dyoy,66,8,0.1212,0.375,-0.07126,2010Q2,2018Q4,0.25,0.15,0,23.15
og,2,arcal,False,enet,brent_nok_yoy,66,7,0.1061,0,-0.1356,2016Q2,2018Q4,0,0.35,0,23.15
og,2,arcal,False,enet,eu_ppi_paper_packaging_idx__dyoy,66,7,0.1061,1,0.08096,2023Q2,2024Q4,0,0,0.2692,23.15
og,2,arcal,False,enet,nw_real_wage_yoy,66,7,0.1061,0.7143,0.1471,2011Q4,2018Q3,0.1,0.25,0,23.15
og,2,arcal,False,enet,se_cpi_idx__yoy,66,7,0.1061,1,0.07252,2010Q1,2016Q2,0.15,0.2,0,23.15
og,2,arcal,False,enet,se_ppi_food_hmpi_idx__yoy,66,7,0.1061,0,-0.1552,2017Q1,2018Q4,0,0.35,0,23.15
og,2,arcal,False,enet,se_retail_grocery_vol_sa_idx__yoy,66,7,0.1061,0,-0.1822,2017Q1,2018Q4,0,0.35,0,23.15
og,2,arcal,False,enet,se_wage_idx_m__yoy,66,7,0.1061,1,0.287,2010Q4,2016Q2,0.3,0.05,0,23.15
og,2,arcal,False,enet,w_food_ppi_yoy,66,7,0.1061,0,-0.145,2017Q1,2018Q4,0,0.35,0,23.15
og,2,arcal,False,enet,w_fx_vs_eur_dyoy,66,7,0.1061,0.2857,-0.03132,2011Q1,2018Q4,0.1,0.25,0,23.15
og,2,arcal,False,enet,w_gdp_vol_dyoy,66,7,0.1061,0,-0.09504,2010Q1,2018Q4,0.2,0.15,0,23.15
og,2,arcal,False,enet,w_gov10y_d4,66,7,0.1061,0,-0.2758,2012Q3,2018Q4,0.05,0.3,0,23.15
og,2,arcal,False,enet,eu_ppi_dom_c105_idx__yoy,66,6,0.09091,1,0.08588,2011Q2,2018Q4,0.2,0.1,0,23.15
og,2,arcal,False,enet,glob_fao_cereals_idx__dyoy,66,6,0.09091,0,-0.124,2011Q4,2017Q2,0.15,0.15,0,23.15
og,2,arcal,False,enet,no_govbond_10y__d4,66,6,0.09091,0,-0.09037,2011Q4,2018Q2,0.1,0.2,0,23.15
og,2,arcal,False,enet,no_policy_rate__lvl,66,6,0.09091,1,0.06422,2010Q1,2013Q3,0.3,0,0,23.15
og,2,arcal,False,enet,nw_food_cpi_dyoy,66,6,0.09091,0.5,-0.061,2011Q1,2017Q2,0.15,0.15,0,23.15
og,2,arcal,False,enet,w_retail_total_vol_yoy,66,6,0.09091,0.5,0.01475,2010Q1,2023Q4,0.15,0,0.1154,23.15
og,2,arcal,False,enet,w_wage_dyoy,66,6,0.09091,0,-0.1102,2017Q3,2018Q4,0,0.3,0,23.15
og,2,arcal,False,enet,ea_hicp_food_idx__yoy,66,5,0.07576,0.8,0.1597,2011Q1,2023Q3,0.2,0,0.03846,23.15
og,2,arcal,False,enet,eu_agri_basket_wloc_dyoy,66,5,0.07576,0,-0.2941,2016Q2,2023Q3,0,0.2,0.03846,23.15
og,2,arcal,False,enet,glob_fao_ffpi_eur__dyoy,66,5,0.07576,1,0.1174,2017Q3,2018Q4,0,0.25,0,23.15
og,2,arcal,False,enet,no_qna_hh_food_cons_sa_mnok__dyoy,66,5,0.07576,0.4,0.04886,2011Q1,2017Q2,0.15,0.1,0,23.15
og,2,arcal,False,enet,se_gov_bond_10y__d4,66,5,0.07576,0.6,-0.03853,2016Q4,2023Q3,0,0.15,0.07692,23.15
og,2,arcal,False,enet,us_ppi_corrugated_boxes_idx__dyoy,66,5,0.07576,0,-0.08547,2010Q4,2018Q4,0.2,0.05,0,23.15
og,2,arcal,False,enet,ea_negotiated_wages_yoy_q__d4,66,4,0.06061,1,0.1242,2011Q1,2018Q3,0.1,0.1,0,23.15
og,2,arcal,False,enet,glob_fao_sugar_idx__dyoy,66,4,0.06061,1,0.2438,2016Q2,2017Q2,0,0.2,0,23.15
og,2,arcal,False,enet,no_cpi_food_idx__dyoy,66,4,0.06061,1,0.08671,2012Q4,2013Q3,0.2,0,0,23.15
og,2,arcal,False,enet,nw_retail_food_vol_yoy,66,4,0.06061,0,-0.1312,2016Q4,2018Q4,0,0.2,0,23.15
og,2,arcal,False,enet,price_cost_gap_agri_d4,66,4,0.06061,1,0.1085,2016Q2,2023Q3,0,0.15,0.03846,23.15
og,2,arcal,False,enet,w_ec_cons_price_exp_d4,66,4,0.06061,1,0.3927,2010Q2,2012Q3,0.2,0,0,23.15
og,2,arcal,False,enet,w_ec_food_ind_sell_price_exp_lvl,66,4,0.06061,1,0.07968,2010Q4,2018Q4,0.05,0.15,0,23.15
og,2,arcal,False,enet,w_retail_food_vol_yoy,66,4,0.06061,1,0.04961,2012Q1,2013Q1,0.2,0,0,23.15
og,2,arcal,False,enet,elec_nordic_loc_yoy,66,3,0.04545,1,0.02512,2011Q1,2011Q3,0.15,0,0,23.15
og,2,arcal,False,enet,glob_fao_ffpi_nok__dyoy,66,3,0.04545,1,0.04102,2011Q1,2011Q3,0.15,0,0,23.15
og,2,arcal,False,enet,glob_fao_meat_idx__yoy,66,3,0.04545,0,-0.1608,2017Q1,2018Q4,0,0.15,0,23.15
og,2,arcal,False,enet,no_ppi_food_dom_idx__yoy,66,3,0.04545,1,0.3117,2016Q4,2017Q2,0,0.15,0,23.15
og,2,arcal,False,enet,no_qna_hh_food_cons_sa_mnok__yoy,66,3,0.04545,1,0.1747,2016Q4,2017Q2,0,0.15,0,23.15
og,2,arcal,False,enet,no_vat_food_rate__d4,66,3,0.04545,1,0.2593,2011Q4,2012Q3,0.15,0,0,23.15
og,2,arcal,False,enet,nw_retail_food_vol_dyoy,66,3,0.04545,0,-0.02728,2010Q1,2010Q3,0.15,0,0,23.15
og,2,arcal,False,enet,packaging_us_dyoy,66,3,0.04545,1,0.1421,2016Q4,2017Q2,0,0.15,0,23.15
og,2,arcal,False,enet,us_ppi_corrugated_boxes_idx__yoy,66,3,0.04545,0,-0.06538,2010Q4,2018Q4,0.05,0.1,0,23.15
og,2,arcal,False,enet,wb_food_sek_yoy,66,3,0.04545,1,0.04172,2025Q4,2026Q2,0,0,0.1154,23.15
og,2,arcal,False,enet,brent_nok_dyoy,66,2,0.0303,1,0.06497,2018Q2,2018Q3,0,0.1,0,23.15
og,2,arcal,False,enet,eu_agri_basket_yoy,66,2,0.0303,1,0.09313,2012Q1,2012Q2,0.1,0,0,23.15
og,2,arcal,False,enet,eu_ppi_dom_c103_idx__dyoy,66,2,0.0303,0.5,0.02832,2011Q3,2018Q2,0.05,0.05,0,23.15
og,2,arcal,False,enet,fao_ffpi_wloc_yoy,66,2,0.0303,1,0.04744,2011Q4,2012Q3,0.1,0,0,23.15
og,2,arcal,False,enet,glob_fao_vegoils_idx__yoy,66,2,0.0303,1,0.03719,2010Q1,2010Q2,0.1,0,0,23.15
og,2,arcal,False,enet,no_cpi_total_idx__dyoy,66,2,0.0303,0,-0.3329,2016Q2,2018Q4,0,0.1,0,23.15
og,2,arcal,False,enet,no_fx_eurnok__yoy,66,2,0.0303,0,-0.01291,2018Q1,2018Q3,0,0.1,0,23.15
og,2,arcal,False,enet,no_real_wage_qna_yoy_q__d4,66,2,0.0303,0,-0.2485,2011Q4,2012Q3,0.1,0,0,23.15
og,2,arcal,False,enet,no_retail_foodstores_vol_sa_idx__dyoy,66,2,0.0303,0,-0.02648,2016Q2,2016Q4,0,0.1,0,23.15
og,2,arcal,False,enet,nw_price_cost_gap_ppi,66,2,0.0303,0,-0.3027,2016Q2,2016Q4,0,0.1,0,23.15
og,2,arcal,False,enet,price_cost_gap_agri,66,2,0.0303,0,-0.05507,2012Q1,2012Q2,0.1,0,0,23.15
og,2,arcal,False,enet,ea_hicp_food_idx__dyoy,66,1,0.01515,0,-0.1146,2018Q4,2018Q4,0,0.05,0,23.15
og,2,arcal,False,enet,elec_nordic_loc_dyoy,66,1,0.01515,0,-0.1359,2016Q2,2016Q2,0,0.05,0,23.15
og,2,arcal,False,enet,eu_agri_basket_dyoy,66,1,0.01515,0,-0.03551,2016Q4,2016Q4,0,0.05,0,23.15
og,2,arcal,False,enet,eu_ppi_dom_c107_idx__yoy,66,1,0.01515,1,0.01008,2014Q3,2014Q3,0.05,0,0,23.15
og,2,arcal,False,enet,glob_fao_ffpi__dyoy,66,1,0.01515,1,0.08693,2010Q1,2010Q1,0.05,0,0,23.15
og,2,arcal,False,enet,glob_fao_ffpi__yoy,66,1,0.01515,1,0.01513,2010Q1,2010Q1,0.05,0,0,23.15
og,2,arcal,False,enet,glob_fao_ffpi_eur__yoy,66,1,0.01515,1,0.01776,2010Q3,2010Q3,0.05,0,0,23.15
og,2,arcal,False,enet,glob_fao_ffpi_nok__yoy,66,1,0.01515,1,0.07792,2011Q4,2011Q4,0.05,0,0,23.15
og,2,arcal,False,enet,glob_wb_food_idx_eur__yoy,66,1,0.01515,1,0.01059,2010Q3,2010Q3,0.05,0,0,23.15
og,2,arcal,False,enet,packaging_us_yoy,66,1,0.01515,0,-0.03337,2010Q4,2010Q4,0.05,0,0,23.15
og,2,arcal,False,enet,se_eursek__yoy,66,1,0.01515,1,0.08861,2023Q3,2023Q3,0,0,0.03846,23.15
og,2,arcal,False,enet,se_real_wage_yoy_q__lvl,66,1,0.01515,0,-0.02139,2026Q1,2026Q1,0,0,0.03846,23.15
og,2,arcal,False,enet,w_cons_conf_z,66,1,0.01515,1,0.257,2016Q4,2016Q4,0,0.05,0,23.15
og,2,arcal,False,enet,w_food_cpi_rel_yoy,66,1,0.01515,0,-0.1483,2016Q2,2016Q2,0,0.05,0,23.15
og,2,arcal,False,enet,w_food_cpi_xvat_yoy,66,1,0.01515,1,0.04132,2010Q4,2010Q4,0.05,0,0,23.15
og,2,arcal,False,lasso,no_jordbruk_malpris_mnok__d4,66,40,0.6061,1,0.8065,2010Q1,2025Q4,0.85,0.6,0.4231,11.95
og,2,arcal,False,lasso,glob_gscpi__lvl,66,29,0.4394,0.6897,0.1197,2010Q2,2026Q2,0.35,0.45,0.5,11.95
og,2,arcal,False,lasso,ea_negotiated_wages_yoy_q__lvl,66,21,0.3182,0.7619,0.4084,2010Q1,2024Q2,0.4,0.4,0.1923,11.95
og,2,arcal,False,lasso,no_cpi_food_idx__yoy,66,20,0.303,1,0.7602,2010Q1,2018Q3,0.55,0.45,0,11.95
og,2,arcal,False,lasso,se_nier_food_mfg_sell_price_exp__lvl,66,18,0.2727,1,0.3965,2010Q1,2026Q2,0.3,0.45,0.1154,11.95
og,2,arcal,False,lasso,no_earn_idx_food_manuf_q__dyoy,66,17,0.2576,0,-0.3553,2010Q1,2018Q3,0.45,0.4,0,11.95
og,2,arcal,False,lasso,no_earn_idx_food_manuf_q__yoy,66,17,0.2576,0.1176,-0.2197,2010Q2,2026Q2,0.1,0.1,0.5,11.95
og,2,arcal,False,lasso,no_fn_cci_sa__lvl,66,17,0.2576,0,-0.3861,2017Q1,2026Q2,0,0.3,0.4231,11.95
og,2,arcal,False,lasso,us_ppi_plastic_resins_idx__dyoy,66,17,0.2576,1,0.2416,2011Q1,2024Q4,0.3,0.25,0.2308,11.95
og,2,arcal,False,lasso,no_ssb_bts_consgoods_home_price_exp__lvl,66,15,0.2273,0.8667,0.4728,2016Q2,2026Q2,0,0.1,0.5,11.95
og,2,arcal,False,lasso,nw_price_cost_gap_ppi_d4,66,15,0.2273,1,0.3008,2010Q1,2018Q1,0.6,0.15,0,11.95
og,2,arcal,False,lasso,se_gov_bond_10y__lvl,66,15,0.2273,0.2,-0.0367,2011Q4,2026Q2,0.15,0,0.4615,11.95
og,2,arcal,False,lasso,glob_fao_sugar_idx__yoy,66,14,0.2121,0,-0.1565,2011Q3,2018Q3,0.4,0.3,0,11.95
og,2,arcal,False,lasso,price_wage_gap_d4,66,14,0.2121,1,0.9496,2010Q1,2018Q3,0.25,0.45,0,11.95
og,2,arcal,False,lasso,ea_ec_food_ind_sell_price_exp__d4,66,13,0.197,1,0.9692,2011Q1,2018Q3,0.25,0.4,0,11.95
og,2,arcal,False,lasso,glob_fao_dairy_idx__dyoy,66,13,0.197,0.3846,-0.11,2012Q2,2018Q3,0.25,0.4,0,11.95
og,2,arcal,False,lasso,wb_food_sek_dyoy,66,13,0.197,1,0.2679,2023Q2,2026Q2,0,0,0.5,11.95
og,2,arcal,False,lasso,glob_gscpi__d4,66,11,0.1667,1,0.5638,2016Q2,2023Q3,0,0.45,0.07692,11.95
og,2,arcal,False,lasso,se_na_hhcons_food_sa__dyoy,66,11,0.1667,0.8182,1.216,2011Q1,2018Q3,0.1,0.45,0,11.95
og,2,arcal,False,lasso,w_ec_food_ind_sell_price_exp_d4,66,11,0.1667,1,1.918,2011Q4,2018Q3,0.1,0.45,0,11.95
og,2,arcal,False,lasso,ea_ec_food_ind_sell_price_exp__lvl,66,10,0.1515,0,-0.5559,2012Q1,2018Q3,0.05,0.45,0,11.95
og,2,arcal,False,lasso,no_ssb_bts_consgoods_home_price_exp__d4,66,10,0.1515,0.2,-0.1239,2011Q4,2018Q3,0.1,0.4,0,11.95
og,2,arcal,False,lasso,se_ec_cons_conf__lvl,66,10,0.1515,0.9,0.3675,2012Q4,2018Q3,0.05,0.45,0,11.95
og,2,arcal,False,lasso,w_hh_saving_lvl,66,10,0.1515,0.7,0.2564,2011Q2,2018Q3,0.15,0.35,0,11.95
og,2,arcal,False,lasso,no_qna_hh_food_cons_sa_mnok__dyoy,66,9,0.1364,0.5556,0.05769,2011Q1,2018Q3,0.15,0.3,0,11.95
og,2,arcal,False,lasso,no_real_wage_qna_yoy_q__lvl,66,9,0.1364,1,0.3239,2010Q2,2012Q4,0.45,0,0,11.95
og,2,arcal,False,lasso,w_ec_cons_price_exp_lvl,66,9,0.1364,0.1111,-0.627,2010Q1,2018Q3,0.05,0.4,0,11.95
og,2,arcal,False,lasso,w_unemp_d4,66,9,0.1364,0,-0.6527,2016Q4,2026Q2,0,0.4,0.03846,11.95
og,2,arcal,False,lasso,eu_ppi_dom_c108_idx__dyoy,66,8,0.1212,1,0.1875,2011Q3,2023Q4,0.15,0.15,0.07692,11.95
og,2,arcal,False,lasso,eu_ppi_plastic_products_idx__yoy,66,8,0.1212,1,0.9705,2016Q4,2018Q3,0,0.4,0,11.95
og,2,arcal,False,lasso,glob_fao_meat_idx__dyoy,66,8,0.1212,1,0.4195,2016Q2,2018Q3,0,0.4,0,11.95
og,2,arcal,False,lasso,no_imp_price_food_idx__yoy,66,8,0.1212,0,-0.525,2013Q2,2018Q3,0.1,0.3,0,11.95
og,2,arcal,False,lasso,no_nbes_bl_sell_price_di__lvl,66,8,0.1212,1,0.5312,2016Q2,2018Q3,0,0.4,0,11.95
og,2,arcal,False,lasso,price_cost_gap_fao_wloc_d4,66,8,0.1212,0,-1.329,2016Q4,2018Q3,0,0.4,0,11.95
og,2,arcal,False,lasso,se_cpi_food_idx__dyoy,66,8,0.1212,0,-0.6507,2016Q2,2018Q3,0,0.4,0,11.95
og,2,arcal,False,lasso,se_policy_rate__lvl,66,8,0.1212,1,0.4259,2013Q2,2015Q3,0.25,0.15,0,11.95
og,2,arcal,False,lasso,w_food_cpi_dyoy,66,8,0.1212,1,0.283,2011Q1,2017Q1,0.3,0.1,0,11.95
og,2,arcal,False,lasso,w_fx_vs_usd_dyoy,66,8,0.1212,1,1.075,2016Q2,2018Q3,0,0.4,0,11.95
og,2,arcal,False,lasso,w_fx_vs_usd_yoy,66,8,0.1212,1,0.895,2012Q1,2018Q3,0.05,0.35,0,11.95
og,2,arcal,False,lasso,w_hh_saving_d4,66,8,0.1212,0,-0.5213,2016Q4,2018Q3,0,0.4,0,11.95
og,2,arcal,False,lasso,eu_agri_basket_wloc_yoy,66,7,0.1061,1,0.2321,2012Q2,2018Q2,0.3,0.05,0,11.95
og,2,arcal,False,lasso,eu_ppi_dom_c108_idx__yoy,66,7,0.1061,1,0.3737,2010Q1,2013Q2,0.35,0,0,11.95
og,2,arcal,False,lasso,glob_wb_food_idx__yoy,66,7,0.1061,0,-0.5321,2017Q1,2018Q3,0,0.35,0,11.95
og,2,arcal,False,lasso,no_cpi_total_idx__yoy,66,7,0.1061,0,-0.207,2016Q4,2018Q3,0,0.35,0,11.95
og,2,arcal,False,lasso,no_fx_eurnok__dyoy,66,7,0.1061,0.2857,-0.3512,2011Q1,2018Q3,0.1,0.25,0,11.95
og,2,arcal,False,lasso,no_vat_food_rate__lvl,66,7,0.1061,1,0.312,2010Q2,2018Q2,0.1,0.25,0,11.95
og,2,arcal,False,lasso,price_wage_gap,66,7,0.1061,0,-0.2438,2016Q2,2023Q4,0,0.2,0.1154,11.95
og,2,arcal,False,lasso,se_na_hhcons_food_sa__yoy,66,7,0.1061,0.5714,-0.09208,2011Q1,2023Q4,0.15,0.05,0.1154,11.95
og,2,arcal,False,lasso,se_nier_food_mfg_sell_price_exp__d4,66,7,0.1061,0.7143,-0.004928,2018Q2,2024Q4,0,0.1,0.1923,11.95
og,2,arcal,False,lasso,w_cpi_yoy,66,7,0.1061,0,-0.1421,2017Q1,2018Q3,0,0.35,0,11.95
og,2,arcal,False,lasso,w_food_cpi_yoy,66,7,0.1061,0,-0.185,2016Q4,2018Q3,0,0.35,0,11.95
og,2,arcal,False,lasso,w_gdp_vol_yoy,66,7,0.1061,0,-1.54,2017Q1,2018Q3,0,0.35,0,11.95
og,2,arcal,False,lasso,w_retail_food_vol_dyoy,66,7,0.1061,1,0.508,2012Q1,2018Q3,0.05,0.3,0,11.95
og,2,arcal,False,lasso,no_govbond_10y__lvl,66,6,0.09091,1,0.4946,2010Q1,2012Q1,0.3,0,0,11.95
og,2,arcal,False,lasso,no_qna_hh_food_cons_sa_mnok__yoy,66,6,0.09091,1,0.3073,2016Q4,2018Q1,0,0.3,0,11.95
og,2,arcal,False,lasso,packaging_eu_dyoy,66,6,0.09091,1,0.1703,2023Q3,2024Q4,0,0,0.2308,11.95
og,2,arcal,False,lasso,price_cost_gap_ppi_d4,66,6,0.09091,1,0.2996,2016Q2,2018Q3,0,0.3,0,11.95
og,2,arcal,False,lasso,w_ec_cons_price_exp_d4,66,6,0.09091,0.8333,0.2175,2010Q1,2016Q4,0.25,0.05,0,11.95
og,2,arcal,False,lasso,w_food_cpi_rel_dyoy,66,6,0.09091,1,0.08862,2010Q1,2013Q3,0.3,0,0,11.95
og,2,arcal,False,lasso,w_retail_total_vol_dyoy,66,6,0.09091,0.3333,-0.1499,2010Q2,2018Q3,0.2,0.1,0,11.95
og,2,arcal,False,lasso,nw_real_wage_yoy,66,5,0.07576,1,0.5496,2017Q3,2018Q3,0,0.25,0,11.95
og,2,arcal,False,lasso,se_real_wage_yoy_q__d4,66,5,0.07576,0,-0.1703,2011Q3,2026Q2,0.05,0,0.1538,11.95
og,2,arcal,False,lasso,se_wage_idx_m__dyoy,66,5,0.07576,1,0.1684,2012Q1,2018Q2,0.05,0.2,0,11.95
og,2,arcal,False,lasso,se_wage_idx_m__yoy,66,5,0.07576,1,0.2939,2011Q4,2016Q2,0.2,0.05,0,11.95
og,2,arcal,False,lasso,w_policy_rate_lvl,66,5,0.07576,1,0.2515,2010Q1,2013Q3,0.25,0,0,11.95
og,2,arcal,False,lasso,eu_ppi_dom_c103_idx__yoy,66,4,0.06061,1,0.1526,2013Q1,2014Q4,0.2,0,0,11.95
og,2,arcal,False,lasso,glob_fao_ffpi_nok__dyoy,66,4,0.06061,1,0.1344,2011Q1,2011Q4,0.2,0,0,11.95
og,2,arcal,False,lasso,no_fn_cci_sa__d4,66,4,0.06061,0,-0.2336,2012Q2,2018Q1,0.1,0.1,0,11.95
og,2,arcal,False,lasso,se_ppi_food_hmpi_idx__yoy,66,4,0.06061,0,-0.8074,2017Q1,2018Q3,0,0.2,0,11.95
og,2,arcal,False,lasso,us_ppi_plastic_resins_idx__yoy,66,4,0.06061,1,0.4629,2016Q4,2018Q1,0,0.2,0,11.95
og,2,arcal,False,lasso,w_fx_vs_nok_dyoy,66,4,0.06061,0.75,0.2564,2011Q4,2018Q3,0.05,0.15,0,11.95
og,2,arcal,False,lasso,w_gov10y_d4,66,4,0.06061,0,-0.2911,2017Q4,2018Q3,0,0.2,0,11.95
og,2,arcal,False,lasso,w_retail_food_vol_yoy,66,4,0.06061,1,0.07008,2012Q2,2013Q3,0.2,0,0,11.95
og,2,arcal,False,lasso,ea_hicp_food_idx__yoy,66,3,0.04545,1,0.4782,2011Q1,2012Q1,0.15,0,0,11.95
og,2,arcal,False,lasso,eu_ppi_dom_c103_idx__dyoy,66,3,0.04545,0.3333,-0.1018,2011Q3,2018Q2,0.05,0.1,0,11.95
og,2,arcal,False,lasso,eu_ppi_dom_c105_idx__yoy,66,3,0.04545,1,0.1687,2011Q2,2018Q2,0.1,0.05,0,11.95
og,2,arcal,False,lasso,eu_ppi_paper_packaging_idx__yoy,66,3,0.04545,1,0.3123,2011Q1,2016Q2,0.1,0.05,0,11.95
og,2,arcal,False,lasso,eu_ppi_plastic_products_idx__dyoy,66,3,0.04545,1,0.6961,2011Q1,2017Q2,0.05,0.1,0,11.95
og,2,arcal,False,lasso,glob_fao_sugar_idx__dyoy,66,3,0.04545,1,0.2229,2017Q1,2018Q3,0,0.15,0,11.95
og,2,arcal,False,lasso,glob_wb_food_idx__dyoy,66,3,0.04545,0,-0.4702,2016Q4,2017Q2,0,0.15,0,11.95
og,2,arcal,False,lasso,no_jordbruk_malpris_mnok__lvl,66,3,0.04545,1,0.1579,2017Q3,2018Q1,0,0.15,0,11.95
og,2,arcal,False,lasso,no_vat_food_rate__d4,66,3,0.04545,1,0.2111,2011Q3,2012Q1,0.15,0,0,11.95
og,2,arcal,False,lasso,nw_food_cpi_yoy,66,3,0.04545,1,0.1124,2011Q2,2012Q1,0.15,0,0,11.95
og,2,arcal,False,lasso,nw_retail_food_vol_yoy,66,3,0.04545,0,-0.2359,2016Q4,2017Q2,0,0.15,0,11.95
og,2,arcal,False,lasso,se_gov_bond_10y__d4,66,3,0.04545,0.3333,-0.06223,2016Q4,2023Q3,0,0.05,0.07692,11.95
og,2,arcal,False,lasso,se_retail_grocery_vol_sa_idx__dyoy,66,3,0.04545,0.6667,0.2341,2011Q3,2017Q4,0.05,0.1,0,11.95
og,2,arcal,False,lasso,w_gov10y_lvl,66,3,0.04545,1,0.4868,2011Q1,2012Q1,0.15,0,0,11.95
og,2,arcal,False,lasso,w_retail_total_vol_yoy,66,3,0.04545,0.6667,0.06002,2010Q2,2023Q3,0.05,0,0.07692,11.95
og,2,arcal,False,lasso,elec_nordic_loc_yoy,66,2,0.0303,1,0.2936,2017Q1,2017Q2,0,0.1,0,11.95
og,2,arcal,False,lasso,eu_agri_basket_wloc_dyoy,66,2,0.0303,0,-0.6435,2016Q4,2017Q1,0,0.1,0,11.95
og,2,arcal,False,lasso,fao_ffpi_sek_yoy,66,2,0.0303,1,0.2917,2012Q1,2016Q2,0.05,0.05,0,11.95
og,2,arcal,False,lasso,glob_fao_dairy_idx__yoy,66,2,0.0303,0.5,-0.0864,2013Q1,2017Q2,0.05,0.05,0,11.95
og,2,arcal,False,lasso,no_real_wage_qna_yoy_q__d4,66,2,0.0303,0,-0.395,2011Q4,2012Q1,0.1,0,0,11.95
og,2,arcal,False,lasso,nw_real_wage_dyoy,66,2,0.0303,0,-0.1806,2011Q4,2012Q1,0.1,0,0,11.95
og,2,arcal,False,lasso,se_ec_cons_conf__d4,66,2,0.0303,0,-0.01828,2015Q1,2015Q3,0,0.1,0,11.95
og,2,arcal,False,lasso,us_ppi_corrugated_boxes_idx__dyoy,66,2,0.0303,0,-0.2112,2012Q2,2012Q3,0.1,0,0,11.95
og,2,arcal,False,lasso,w_cons_conf_z_d4,66,2,0.0303,0,-0.1459,2013Q3,2014Q2,0.1,0,0,11.95
og,2,arcal,False,lasso,w_gdp_vol_dyoy,66,2,0.0303,0,-0.1139,2010Q2,2010Q3,0.1,0,0,11.95
og,2,arcal,False,lasso,brent_nok_dyoy,66,1,0.01515,1,0.1356,2018Q3,2018Q3,0,0.05,0,11.95
og,2,arcal,False,lasso,brent_nok_yoy,66,1,0.01515,0,-0.3346,2016Q2,2016Q2,0,0.05,0,11.95
og,2,arcal,False,lasso,ea_negotiated_wages_yoy_q__d4,66,1,0.01515,1,0.2426,2011Q1,2011Q1,0.05,0,0,11.95
og,2,arcal,False,lasso,eu_agri_basket_yoy,66,1,0.01515,0,-0.1622,2016Q2,2016Q2,0,0.05,0,11.95
og,2,arcal,False,lasso,eu_ppi_paper_packaging_idx__dyoy,66,1,0.01515,1,0.0653,2023Q2,2023Q2,0,0,0.03846,11.95
og,2,arcal,False,lasso,glob_fao_cereals_idx__dyoy,66,1,0.01515,0,-0.04799,2011Q4,2011Q4,0.05,0,0,11.95
og,2,arcal,False,lasso,glob_fao_ffpi__dyoy,66,1,0.01515,1,0.03113,2010Q1,2010Q1,0.05,0,0,11.95
og,2,arcal,False,lasso,no_cpi_food_idx__dyoy,66,1,0.01515,1,0.04951,2013Q2,2013Q2,0.05,0,0,11.95
og,2,arcal,False,lasso,no_cpi_total_idx__dyoy,66,1,0.01515,0,-0.06871,2016Q2,2016Q2,0,0.05,0,11.95
og,2,arcal,False,lasso,no_govbond_10y__d4,66,1,0.01515,0,-0.02753,2017Q3,2017Q3,0,0.05,0,11.95
og,2,arcal,False,lasso,no_ppi_food_dom_idx__yoy,66,1,0.01515,1,0.1214,2016Q4,2016Q4,0,0.05,0,11.95
og,2,arcal,False,lasso,nw_cons_conf_z_d4,66,1,0.01515,0,-0.5666,2018Q3,2018Q3,0,0.05,0,11.95
og,2,arcal,False,lasso,nw_food_cpi_dyoy,66,1,0.01515,0,-0.3743,2016Q2,2016Q2,0,0.05,0,11.95
og,2,arcal,False,lasso,nw_food_cpi_xvat_dyoy,66,1,0.01515,1,0.006765,2011Q1,2011Q1,0.05,0,0,11.95
og,2,arcal,False,lasso,nw_price_cost_gap_ppi,66,1,0.01515,0,-0.1286,2016Q4,2016Q4,0,0.05,0,11.95
og,2,arcal,False,lasso,packaging_us_yoy,66,1,0.01515,1,0.4151,2016Q4,2016Q4,0,0.05,0,11.95
og,2,arcal,False,lasso,price_cost_gap_agri_d4,66,1,0.01515,1,0.9564,2016Q2,2016Q2,0,0.05,0,11.95
og,2,arcal,False,lasso,price_cost_gap_fao_nok_d4,66,1,0.01515,0,-0.2415,2018Q3,2018Q3,0,0.05,0,11.95
og,2,arcal,False,lasso,se_cpi_idx__dyoy,66,1,0.01515,1,0.001972,2026Q1,2026Q1,0,0,0.03846,11.95
og,2,arcal,False,lasso,w_cons_conf_z,66,1,0.01515,1,0.4695,2016Q4,2016Q4,0,0.05,0,11.95
og,2,arcal,False,lasso,w_food_ppi_yoy,66,1,0.01515,0,-0.01513,2023Q2,2023Q2,0,0,0.03846,11.95
