target,h,variant,period,method,feature,coef,coef_std
d_og,0,oglev,2010Q3,lasso,no_cpi_food_idx__yoy,0.6411318597819612,0.8506670464384231
d_og,0,oglev,2010Q3,lasso,w_fx_vs_eur_yoy,0.06810951338366833,0.28795684513763176
d_og,0,oglev,2010Q3,enet,no_cpi_food_idx__yoy,0.28338664600351104,0.3760032783862605
d_og,0,oglev,2010Q3,enet,no_fx_eurnok__yoy,0.001057424464835034,0.007088693826770846
d_og,0,oglev,2010Q3,enet,w_retail_total_vol_dyoy,-0.0032517422829607032,-0.006885002675924314
d_og,0,oglev,2010Q3,enet,w_fx_vs_eur_yoy,0.04045290281281643,0.17102882830801483
d_og,0,oglev,2010Q3,enet,w_fx_vs_eur_dyoy,0.0018871435515294887,0.01328868778732174
d_og,0,oglev,2010Q4,lasso,no_cpi_food_idx__yoy,0.5257049762131416,0.7403549507198286
d_og,0,oglev,2010Q4,lasso,w_fx_vs_eur_yoy,0.03168165077194468,0.1401987230466799
d_og,0,oglev,2010Q4,enet,no_cpi_food_idx__yoy,0.2862949922386045,0.40319176051361705
d_og,0,oglev,2010Q4,enet,w_retail_total_vol_dyoy,-0.0022210301180957855,-0.004772432642657888
d_og,0,oglev,2010Q4,enet,w_fx_vs_eur_yoy,0.04056017081646611,0.1794882531834282
d_og,0,oglev,2010Q4,enet,w_fx_vs_eur_dyoy,0.002831140364493131,0.020875045554103903
d_og,0,oglev,2011Q1,lasso,no_cpi_food_idx__yoy,0.4154355365983305,0.6205537623908172
d_og,0,oglev,2011Q1,lasso,w_fx_vs_eur_yoy,0.05595605517469852,0.2516372732431296
d_og,0,oglev,2011Q1,enet,no_cpi_food_idx__yoy,0.24220815212803468,0.3617966371280895
d_og,0,oglev,2011Q1,enet,no_fx_eurnok__yoy,0.0008420475003958862,0.005732762149067171
d_og,0,oglev,2011Q1,enet,w_retail_total_vol_dyoy,-0.01104401703122937,-0.024170772762895497
d_og,0,oglev,2011Q1,enet,w_fx_vs_eur_yoy,0.04677202614433662,0.21033621984737508
d_og,0,oglev,2011Q1,enet,w_fx_vs_eur_dyoy,0.0036014342295904896,0.026203405484085934
d_og,0,oglev,2011Q2,lasso,no_cpi_food_idx__yoy,0.31395049655400104,0.5041931532819555
d_og,0,oglev,2011Q2,lasso,w_fx_vs_eur_yoy,0.08484882457505345,0.38586299940340224
d_og,0,oglev,2011Q2,enet,no_cpi_food_idx__yoy,0.20080645755061866,0.32248791495193857
d_og,0,oglev,2011Q2,enet,no_fx_eurnok__yoy,0.0038623461525498647,0.026053039491214257
d_og,0,oglev,2011Q2,enet,se_eursek__dyoy,0.0011066515672838644,0.009665097555324322
d_og,0,oglev,2011Q2,enet,w_retail_total_vol_dyoy,-0.025887415325871424,-0.056809126108854566
d_og,0,oglev,2011Q2,enet,w_fx_vs_eur_yoy,0.052761719639758856,0.2399419850049929
d_og,0,oglev,2011Q2,enet,w_fx_vs_eur_dyoy,0.0026289079850782553,0.018869683035620893
d_og,0,oglev,2011Q3,lasso,no_cpi_food_idx__yoy,0.30378665387847287,0.5255821067309107
d_og,0,oglev,2011Q3,lasso,w_fx_vs_eur_yoy,0.08621433465140797,0.3888504621733614
d_og,0,oglev,2011Q3,enet,no_cpi_food_idx__yoy,0.20388220321291733,0.3527371480000957
d_og,0,oglev,2011Q3,enet,no_fx_eurnok__yoy,0.005220073372951048,0.03472480659808913
d_og,0,oglev,2011Q3,enet,w_retail_total_vol_dyoy,-0.012236765801573077,-0.02650645818550364
d_og,0,oglev,2011Q3,enet,w_fx_vs_eur_yoy,0.0573655573094117,0.2587345081625924
d_og,0,oglev,2011Q4,lasso,no_cpi_food_idx__yoy,0.4511856081467935,0.796919213560032
d_og,0,oglev,2011Q4,lasso,w_fx_vs_eur_yoy,0.10213286730288491,0.45542864609075706
d_og,0,oglev,2011Q4,enet,no_cpi_food_idx__yoy,0.21766696882112324,0.38446037834276237
d_og,0,oglev,2011Q4,enet,no_fx_eurnok__yoy,0.006341216748725397,0.04170048297271472
d_og,0,oglev,2011Q4,enet,w_retail_total_vol_dyoy,-0.007377197327402157,-0.015931259102930882
d_og,0,oglev,2011Q4,enet,w_fx_vs_eur_yoy,0.04854633453091801,0.21647675221451887
d_og,0,oglev,2012Q1,lasso,no_cpi_food_idx__yoy,0.43557593712471293,0.7872986289846724
d_og,0,oglev,2012Q1,lasso,w_fx_vs_eur_yoy,0.10500651695500027,0.46325822155370416
d_og,0,oglev,2012Q1,enet,no_cpi_food_idx__yoy,0.213020092850226,0.3850314325310219
d_og,0,oglev,2012Q1,enet,no_fx_eurnok__yoy,0.007649157299811933,0.04988634421256026
d_og,0,oglev,2012Q1,enet,w_fx_vs_eur_yoy,0.0495942786572901,0.21879553761278248
d_og,0,oglev,2012Q2,lasso,no_cpi_food_idx__yoy,0.2828355880510966,0.506120510648586
d_og,0,oglev,2012Q2,lasso,w_retail_total_vol_dyoy,-0.12769384852099103,-0.2712621199440771
d_og,0,oglev,2012Q2,lasso,w_fx_vs_eur_yoy,0.03694025252853226,0.16096670127423598
d_og,0,oglev,2012Q2,enet,no_cpi_food_idx__yoy,0.17421096974802613,0.3117420462432308
d_og,0,oglev,2012Q2,enet,w_retail_total_vol_dyoy,-0.09238636804666421,-0.19625786473302373
d_og,0,oglev,2012Q2,enet,w_fx_vs_eur_yoy,0.04156459911378602,0.181117235296767
d_og,0,oglev,2012Q2,enet,nw_food_cpi_dyoy,0.021367616167912506,0.0426377111800059
d_og,0,oglev,2012Q3,lasso,no_cpi_food_idx__yoy,0.4816130413345366,0.8522099847405441
d_og,0,oglev,2012Q3,lasso,eu_ppi_dom_c103_idx__yoy,0.0026318743405605344,0.006919479565636806
d_og,0,oglev,2012Q3,lasso,w_retail_total_vol_dyoy,-0.1840276259053388,-0.3883334679612833
d_og,0,oglev,2012Q3,lasso,w_fx_vs_eur_yoy,0.0479006458557114,0.20648094135230932
d_og,0,oglev,2012Q3,lasso,w_fx_vs_eur_dyoy,0.018428037870371745,0.12734499440588382
d_og,0,oglev,2012Q3,lasso,nw_food_cpi_dyoy,0.00806303482291636,0.016126815219118875
d_og,0,oglev,2012Q3,lasso,nw_real_wage_dyoy,-0.024727730394007923,-0.07550915951325642
d_og,0,oglev,2012Q3,enet,no_cpi_food_idx__yoy,0.3028652385801136,0.5359173406799753
d_og,0,oglev,2012Q3,enet,no_fx_eurnok__yoy,0.013838463191057672,0.08857916363406654
d_og,0,oglev,2012Q3,enet,ea_hicp_food_idx__yoy,0.03744651604661508,0.0676634900038651
d_og,0,oglev,2012Q3,enet,w_real_wage_dyoy,-0.020294239367920644,-0.046484738982351
d_og,0,oglev,2012Q3,enet,w_retail_total_vol_dyoy,-0.1407583577540172,-0.29702704114255885
d_og,0,oglev,2012Q3,enet,w_fx_vs_eur_yoy,0.05574393548587037,0.24029029396547313
d_og,0,oglev,2012Q3,enet,w_fx_vs_eur_dyoy,0.007231023073495601,0.04996921535111531
d_og,0,oglev,2012Q3,enet,nw_food_cpi_dyoy,0.0496035007115122,0.09921158816310954
d_og,0,oglev,2012Q3,enet,nw_real_wage_dyoy,-0.02154325563113015,-0.06578497500442072
d_og,0,oglev,2012Q3,enet,price_wage_gap_d4,0.0053362443739335946,0.01679900880599697
d_og,0,oglev,2012Q4,lasso,no_cpi_food_idx__yoy,0.2152022970145185,0.37812578311560435
d_og,0,oglev,2012Q4,lasso,no_imp_price_food_idx__dyoy,0.15543616940586927,0.8816021021045827
d_og,0,oglev,2012Q4,lasso,no_qna_hh_food_cons_sa_mnok__yoy,0.02868200085147168,0.04808497194256502
d_og,0,oglev,2012Q4,lasso,se_cpi_idx__dyoy,-0.098392234284421,-0.18567053057784233
d_og,0,oglev,2012Q4,lasso,no_real_wage_qna_yoy_q__lvl,-0.13566444526719254,-0.17289714613313098
d_og,0,oglev,2012Q4,lasso,se_wage_idx_m__yoy,0.27098011575096326,0.1452632068318458
d_og,0,oglev,2012Q4,lasso,ea_hicp_food_idx__yoy,0.15329122398485215,0.27362321240798526
d_og,0,oglev,2012Q4,lasso,eu_ppi_dom_c108_idx__yoy,0.25594243256289695,0.6051910173710218
d_og,0,oglev,2012Q4,lasso,eu_ppi_plastic_products_idx__yoy,-0.034863042993957136,-0.06435447084668754
d_og,0,oglev,2012Q4,lasso,eu_ppi_plastic_products_idx__dyoy,-0.005686887387568242,-0.015112158641228592
d_og,0,oglev,2012Q4,lasso,glob_gscpi__d4,0.5482968451709127,0.3519043747601619
d_og,0,oglev,2012Q4,lasso,us_ppi_corrugated_boxes_idx__yoy,-0.063586628929492,-0.2944991519065231
d_og,0,oglev,2012Q4,lasso,w_real_wage_dyoy,-0.15470233720281423,-0.3498322083666426
d_og,0,oglev,2012Q4,lasso,w_retail_total_vol_dyoy,-0.3032609754824041,-0.6317658000020959
d_og,0,oglev,2012Q4,lasso,w_fx_vs_usd_yoy,-0.010554002729904161,-0.11292363105340794
d_og,0,oglev,2012Q4,lasso,nw_food_cpi_dyoy,0.2822846286281733,0.560154648474888
d_og,0,oglev,2012Q4,lasso,nw_real_wage_yoy,-0.20145486424279402,-0.3671718603201444
d_og,0,oglev,2012Q4,lasso,brent_nok_yoy,0.000674100063954028,0.015534032853932529
d_og,0,oglev,2012Q4,lasso,price_wage_gap_d4,0.020589686194271442,0.06451950541596102
d_og,0,oglev,2012Q4,enet,no_cpi_food_idx__yoy,0.24322814021951125,0.42736918830401677
d_og,0,oglev,2012Q4,enet,no_imp_price_food_idx__dyoy,0.13744400859604283,0.7795542528042786
d_og,0,oglev,2012Q4,enet,no_policy_rate__d4,-0.027371136054767792,-0.049834102234747164
d_og,0,oglev,2012Q4,enet,no_qna_hh_food_cons_sa_mnok__yoy,0.07835793552858186,0.13136597934295957
d_og,0,oglev,2012Q4,enet,no_vat_food_rate__d4,0.0914635189539431,0.07159641150288013
d_og,0,oglev,2012Q4,enet,se_cpi_idx__dyoy,-0.18062537048480434,-0.3408481230011365
d_og,0,oglev,2012Q4,enet,se_policy_rate__lvl,0.054752895277233184,0.06376370506968825
d_og,0,oglev,2012Q4,enet,no_earn_idx_food_manuf_q__dyoy,-0.0011213514265587146,-0.003411415745144215
d_og,0,oglev,2012Q4,enet,no_real_wage_qna_yoy_q__lvl,-0.2037168033510975,-0.25962627016532447
d_og,0,oglev,2012Q4,enet,se_wage_idx_m__yoy,0.23029488941365336,0.12345324327766166
d_og,0,oglev,2012Q4,enet,ea_hicp_food_idx__yoy,0.14855485098645507,0.2651688367347118
d_og,0,oglev,2012Q4,enet,eu_ppi_dom_c103_idx__yoy,0.0647786484914137,0.1688786040814267
d_og,0,oglev,2012Q4,enet,eu_ppi_dom_c107_idx__yoy,0.04658288904399636,0.1491503123384829
d_og,0,oglev,2012Q4,enet,eu_ppi_dom_c108_idx__yoy,0.17437593573783622,0.4123222120594294
d_og,0,oglev,2012Q4,enet,eu_ppi_plastic_products_idx__yoy,-0.004639256538551072,-0.008563707411089697
d_og,0,oglev,2012Q4,enet,eu_ppi_plastic_products_idx__dyoy,-0.026817751990373475,-0.07126466463281704
d_og,0,oglev,2012Q4,enet,glob_fao_sugar_idx__dyoy,0.00029450286203825,0.014636641204735902
d_og,0,oglev,2012Q4,enet,glob_gscpi__d4,0.5207293677432147,0.33421119269400396
d_og,0,oglev,2012Q4,enet,us_ppi_corrugated_boxes_idx__yoy,-0.03877649437390578,-0.1795919189187712
d_og,0,oglev,2012Q4,enet,w_wage_dyoy,-0.031447116316748534,-0.08238416238835576
d_og,0,oglev,2012Q4,enet,w_real_wage_yoy,-0.024400535540859355,-0.03754351715868539
d_og,0,oglev,2012Q4,enet,w_real_wage_dyoy,-0.06713299574315881,-0.15180949803174942
d_og,0,oglev,2012Q4,enet,w_retail_total_vol_dyoy,-0.2421396198956506,-0.5044352654746872
d_og,0,oglev,2012Q4,enet,w_fx_vs_usd_yoy,-0.0025973926020966247,-0.027791067655207433
d_og,0,oglev,2012Q4,enet,nw_food_cpi_yoy,0.01173931970394446,0.020264402013412897
d_og,0,oglev,2012Q4,enet,nw_food_cpi_dyoy,0.2513485397627796,0.49876627579658567
d_og,0,oglev,2012Q4,enet,nw_real_wage_yoy,-0.15364169355614754,-0.28002752208434756
d_og,0,oglev,2012Q4,enet,nw_real_wage_dyoy,-0.04587481263400773,-0.13827728291095126
d_og,0,oglev,2012Q4,enet,brent_nok_yoy,0.007449657250847506,0.17167068610913808
d_og,0,oglev,2012Q4,enet,price_wage_gap_d4,0.03457543341057451,0.10834501517625958
d_og,0,oglev,2013Q1,lasso,no_cpi_food_idx__yoy,0.5933595618929838,1.038470541580317
d_og,0,oglev,2013Q1,lasso,no_imp_price_food_idx__dyoy,0.16918959168088282,0.9678734123214824
d_og,0,oglev,2013Q1,lasso,no_qna_hh_food_cons_sa_mnok__yoy,0.06444889833448196,0.10846054521142845
d_og,0,oglev,2013Q1,lasso,no_real_wage_qna_yoy_q__lvl,-0.1343054622942017,-0.1694230980753312
d_og,0,oglev,2013Q1,lasso,se_wage_idx_m__yoy,0.1732718284802441,0.09186473311796693
d_og,0,oglev,2013Q1,lasso,ea_hicp_food_idx__yoy,0.03747327379278007,0.06613669979158432
d_og,0,oglev,2013Q1,lasso,eu_ppi_dom_c103_idx__yoy,0.17447059013343805,0.4494442756423021
d_og,0,oglev,2013Q1,lasso,eu_ppi_dom_c108_idx__yoy,0.2423682071923344,0.5767428990780537
d_og,0,oglev,2013Q1,lasso,eu_ppi_plastic_products_idx__yoy,-0.03780121188401591,-0.06892268683129504
d_og,0,oglev,2013Q1,lasso,eu_ppi_plastic_products_idx__dyoy,-0.043143650324924974,-0.11482384650122934
d_og,0,oglev,2013Q1,lasso,glob_gscpi__d4,0.3254454754721551,0.2063483656628636
d_og,0,oglev,2013Q1,lasso,us_ppi_corrugated_boxes_idx__yoy,-0.02567569062123713,-0.11877216979116152
d_og,0,oglev,2013Q1,lasso,w_real_wage_dyoy,-0.14091973070383806,-0.3147299330198432
d_og,0,oglev,2013Q1,lasso,w_retail_total_vol_dyoy,-0.1891454353108137,-0.39072309989561566
d_og,0,oglev,2013Q1,lasso,nw_food_cpi_dyoy,0.09923966573216397,0.19640913872285184
d_og,0,oglev,2013Q1,lasso,nw_real_wage_yoy,-0.27674210989810116,-0.5041086622127108
d_og,0,oglev,2013Q1,lasso,brent_nok_yoy,0.0068855469557324075,0.15725878990326383
d_og,0,oglev,2013Q1,enet,no_cpi_food_idx__yoy,0.3439702276151834,0.6020008296815283
d_og,0,oglev,2013Q1,enet,no_imp_price_food_idx__dyoy,0.13483736855476455,0.771356575277411
d_og,0,oglev,2013Q1,enet,no_policy_rate__d4,-0.08640405620603384,-0.1553484411171403
d_og,0,oglev,2013Q1,enet,no_qna_hh_food_cons_sa_mnok__yoy,0.07674800297333056,0.1291586118846367
d_og,0,oglev,2013Q1,enet,no_vat_food_rate__d4,0.09913214394933938,0.07742467951522596
d_og,0,oglev,2013Q1,enet,se_cpi_idx__dyoy,-0.09926577287203323,-0.18893999372330633
d_og,0,oglev,2013Q1,enet,se_policy_rate__lvl,0.0638696298941477,0.07401472492600675
d_og,0,oglev,2013Q1,enet,no_real_wage_qna_yoy_q__lvl,-0.18628883982417738,-0.23499887376683312
d_og,0,oglev,2013Q1,enet,se_wage_idx_m__yoy,0.35037241782461603,0.18575938707211712
d_og,0,oglev,2013Q1,enet,ea_hicp_food_idx__yoy,0.14097508660794916,0.24880737756301674
d_og,0,oglev,2013Q1,enet,eu_ppi_dom_c103_idx__yoy,0.07724786622163045,0.1989940611328292
d_og,0,oglev,2013Q1,enet,eu_ppi_dom_c107_idx__yoy,0.04417042688652755,0.13970332826642887
d_og,0,oglev,2013Q1,enet,eu_ppi_dom_c108_idx__yoy,0.1615733538649518,0.3844822949401419
d_og,0,oglev,2013Q1,enet,eu_ppi_dom_c108_idx__dyoy,0.032500301938072254,0.09701280308867498
d_og,0,oglev,2013Q1,enet,ea_ec_food_ind_sell_price_exp__d4,-0.0008265574719570479,-0.014462408827459111
d_og,0,oglev,2013Q1,enet,eu_ppi_plastic_products_idx__yoy,-0.008861721823587845,-0.016157515793599756
d_og,0,oglev,2013Q1,enet,eu_ppi_plastic_products_idx__dyoy,-0.049305141819758765,-0.13122223069665975
d_og,0,oglev,2013Q1,enet,glob_gscpi__d4,0.4399051650313741,0.2789214129315584
d_og,0,oglev,2013Q1,enet,glob_wb_food_idx__yoy,0.0004518984389770172,0.007557571609698234
d_og,0,oglev,2013Q1,enet,us_ppi_corrugated_boxes_idx__yoy,-0.024334973876395355,-0.11257020080776488
d_og,0,oglev,2013Q1,enet,w_wage_dyoy,-0.026015234132596782,-0.06773463138322144
d_og,0,oglev,2013Q1,enet,w_real_wage_yoy,-0.02682214280218345,-0.041479695557995744
d_og,0,oglev,2013Q1,enet,w_real_wage_dyoy,-0.07442057443549366,-0.16621080873768124
d_og,0,oglev,2013Q1,enet,w_retail_total_vol_dyoy,-0.22336352949170368,-0.4614083892810428
d_og,0,oglev,2013Q1,enet,w_fx_vs_eur_dyoy,0.003232836175442638,0.021864683697622674
d_og,0,oglev,2013Q1,enet,nw_food_cpi_yoy,0.012834635277613658,0.02188673312931608
d_og,0,oglev,2013Q1,enet,nw_food_cpi_dyoy,0.20514666091919304,0.4060138522811309
d_og,0,oglev,2013Q1,enet,nw_real_wage_yoy,-0.1627017927322583,-0.29637478410520435
d_og,0,oglev,2013Q1,enet,nw_real_wage_dyoy,-0.04431391077443135,-0.13195614536510042
d_og,0,oglev,2013Q1,enet,brent_nok_yoy,0.010123725155687158,0.23121543975111122
d_og,0,oglev,2013Q1,enet,price_wage_gap_d4,0.031047352588396488,0.09708747244625046
d_og,0,oglev,2013Q2,lasso,no_cpi_food_idx__yoy,0.29348573517572585,0.5229490632339736
d_og,0,oglev,2013Q2,lasso,no_imp_price_food_idx__dyoy,0.16700485929540884,0.9528207145371431
d_og,0,oglev,2013Q2,lasso,no_qna_hh_food_cons_sa_mnok__yoy,0.0301591186823362,0.05164082840669501
d_og,0,oglev,2013Q2,lasso,no_real_wage_qna_yoy_q__lvl,-0.18905438203082248,-0.23766204168250937
d_og,0,oglev,2013Q2,lasso,se_wage_idx_m__yoy,0.25595664723496114,0.13424083446816934
d_og,0,oglev,2013Q2,lasso,ea_hicp_food_idx__yoy,0.233498244644771,0.4086676937863451
d_og,0,oglev,2013Q2,lasso,eu_ppi_dom_c103_idx__yoy,0.10430044165191364,0.26541223286853566
d_og,0,oglev,2013Q2,lasso,eu_ppi_dom_c108_idx__yoy,0.1702407095515202,0.40103481527521556
d_og,0,oglev,2013Q2,lasso,eu_ppi_plastic_products_idx__dyoy,-0.03415638593699931,-0.09027122757639167
d_og,0,oglev,2013Q2,lasso,glob_gscpi__d4,0.33129508239125577,0.20843819642400985
d_og,0,oglev,2013Q2,lasso,us_ppi_corrugated_boxes_idx__yoy,-0.06865690994148659,-0.3138261329216677
d_og,0,oglev,2013Q2,lasso,w_real_wage_dyoy,-0.1391718676878816,-0.30852293717384466
d_og,0,oglev,2013Q2,lasso,w_retail_total_vol_dyoy,-0.26155928043272103,-0.5346200822220039
d_og,0,oglev,2013Q2,lasso,w_fx_vs_usd_yoy,-0.006508004117449784,-0.06798285053753764
d_og,0,oglev,2013Q2,lasso,nw_food_cpi_dyoy,0.18205806715183803,0.3560403953357946
d_og,0,oglev,2013Q2,lasso,nw_real_wage_yoy,-0.26518305376590506,-0.4807874922942859
d_og,0,oglev,2013Q2,lasso,brent_nok_yoy,0.00488182507592702,0.11111794785477719
d_og,0,oglev,2013Q2,lasso,price_wage_gap_d4,0.038896969367366814,0.12029551169255205
d_og,0,oglev,2013Q2,enet,no_cpi_food_idx__yoy,0.20093115262902564,0.3580302053827467
d_og,0,oglev,2013Q2,enet,no_imp_price_food_idx__dyoy,0.133854664048821,0.7636873392858998
d_og,0,oglev,2013Q2,enet,no_policy_rate__d4,-0.04454573815332069,-0.0791364806780245
d_og,0,oglev,2013Q2,enet,no_qna_hh_food_cons_sa_mnok__yoy,0.04580012560580485,0.07842259756747096
d_og,0,oglev,2013Q2,enet,se_cpi_idx__dyoy,-0.0663246351238797,-0.12586023948947744
d_og,0,oglev,2013Q2,enet,se_policy_rate__lvl,0.047104623132959184,0.05452938480009519
d_og,0,oglev,2013Q2,enet,no_real_wage_qna_yoy_q__lvl,-0.16146391151914488,-0.2029778017175383
d_og,0,oglev,2013Q2,enet,no_real_wage_qna_yoy_q__d4,-0.02561647735949908,-0.05418815447513523
d_og,0,oglev,2013Q2,enet,se_wage_idx_m__yoy,0.3490762135141077,0.18307898115303184
d_og,0,oglev,2013Q2,enet,ea_hicp_food_idx__yoy,0.21784469101370954,0.3812709068353387
d_og,0,oglev,2013Q2,enet,eu_ppi_dom_c103_idx__yoy,0.07804826120470001,0.19860858640444762
d_og,0,oglev,2013Q2,enet,eu_ppi_dom_c107_idx__yoy,0.045287818079078536,0.14158628114724792
d_og,0,oglev,2013Q2,enet,eu_ppi_dom_c108_idx__yoy,0.14701196430251337,0.34631502713199636
d_og,0,oglev,2013Q2,enet,eu_ppi_plastic_products_idx__dyoy,-0.056433740319464645,-0.14914760082526837
d_og,0,oglev,2013Q2,enet,glob_gscpi__d4,0.39138928349426616,0.24624716963013868
d_og,0,oglev,2013Q2,enet,glob_wb_food_idx__yoy,0.000843191642721904,0.013962636725264375
d_og,0,oglev,2013Q2,enet,us_ppi_corrugated_boxes_idx__yoy,-0.04234169169441608,-0.1935410343568454
d_og,0,oglev,2013Q2,enet,w_wage_dyoy,-0.021328004144345936,-0.05487364140800839
d_og,0,oglev,2013Q2,enet,w_real_wage_dyoy,-0.07346975151960165,-0.16287130372565792
d_og,0,oglev,2013Q2,enet,w_retail_total_vol_dyoy,-0.2150895653582559,-0.4396372437127276
d_og,0,oglev,2013Q2,enet,w_fx_vs_eur_dyoy,0.0011762871245750341,0.007859912872901515
d_og,0,oglev,2013Q2,enet,nw_food_cpi_yoy,0.0018120459691829982,0.0030698614811395723
d_og,0,oglev,2013Q2,enet,nw_food_cpi_dyoy,0.20358769361324258,0.3981446362336035
d_og,0,oglev,2013Q2,enet,nw_real_wage_yoy,-0.16588210852251942,-0.3007509033493331
d_og,0,oglev,2013Q2,enet,nw_real_wage_dyoy,-0.05069351515510904,-0.14968340331333904
d_og,0,oglev,2013Q2,enet,brent_nok_yoy,0.003843116313854846,0.08747531743170353
d_og,0,oglev,2013Q2,enet,price_wage_gap_d4,0.05751687028711411,0.17788073093291812
d_og,0,oglev,2013Q3,lasso,no_cpi_food_idx__yoy,0.31284071177854145,0.5543607165843968
d_og,0,oglev,2013Q3,lasso,no_imp_price_food_idx__dyoy,0.17564795746208692,0.9905082955543107
d_og,0,oglev,2013Q3,lasso,se_policy_rate__lvl,0.09801228298176996,0.11328847185166724
d_og,0,oglev,2013Q3,lasso,no_real_wage_qna_yoy_q__lvl,-0.20839966127932213,-0.2600422302204397
d_og,0,oglev,2013Q3,lasso,se_wage_idx_m__yoy,0.5614209673244235,0.2956278691483611
d_og,0,oglev,2013Q3,lasso,ea_hicp_food_idx__yoy,0.18005813830325312,0.3120733017307145
d_og,0,oglev,2013Q3,lasso,eu_ppi_dom_c103_idx__yoy,0.03268666092554165,0.08224265378713011
d_og,0,oglev,2013Q3,lasso,eu_ppi_dom_c108_idx__yoy,0.26512214101679804,0.6170705129668667
d_og,0,oglev,2013Q3,lasso,eu_ppi_dom_c108_idx__dyoy,0.05656136751802561,0.17566056714758949
d_og,0,oglev,2013Q3,lasso,eu_ppi_plastic_products_idx__dyoy,-0.010195208411483594,-0.02663341516674979
d_og,0,oglev,2013Q3,lasso,glob_gscpi__d4,0.3766997387480414,0.23457133912173583
d_og,0,oglev,2013Q3,lasso,glob_wb_food_idx__yoy,0.010295533367288091,0.16952554278757004
d_og,0,oglev,2013Q3,lasso,us_ppi_corrugated_boxes_idx__yoy,-0.06792193429570374,-0.3070565685355045
d_og,0,oglev,2013Q3,lasso,w_real_wage_dyoy,-0.16787978564972553,-0.3794789599195082
d_og,0,oglev,2013Q3,lasso,w_retail_total_vol_dyoy,-0.18126077633297302,-0.36675702857286785
d_og,0,oglev,2013Q3,lasso,nw_food_cpi_dyoy,0.0989131704091176,0.19117025850291192
d_og,0,oglev,2013Q3,lasso,nw_real_wage_yoy,-0.309792322565745,-0.5597780102874798
d_og,0,oglev,2013Q3,lasso,price_wage_gap_d4,0.040753888579027224,0.12635084604399488
d_og,0,oglev,2013Q3,enet,no_cpi_food_idx__yoy,0.21874923849617456,0.38762852799949543
d_og,0,oglev,2013Q3,enet,no_cpi_total_idx__yoy,-0.010754656098940506,-0.012117402362965771
d_og,0,oglev,2013Q3,enet,no_imp_price_food_idx__dyoy,0.14520144912637253,0.8188153279107901
d_og,0,oglev,2013Q3,enet,no_policy_rate__d4,-0.032237662781511675,-0.05664033195017598
d_og,0,oglev,2013Q3,enet,se_cpi_idx__dyoy,-0.038294935598948296,-0.07215610591488808
d_og,0,oglev,2013Q3,enet,se_policy_rate__lvl,0.03782262036053692,0.043717651826026306
d_og,0,oglev,2013Q3,enet,no_real_wage_qna_yoy_q__lvl,-0.19519557860935605,-0.24356610408647783
d_og,0,oglev,2013Q3,enet,no_real_wage_qna_yoy_q__d4,-0.007549223898329273,-0.015806447127965088
d_og,0,oglev,2013Q3,enet,se_wage_idx_m__yoy,0.5347662330448167,0.2815922652852755
d_og,0,oglev,2013Q3,enet,ea_hicp_food_idx__yoy,0.19767873473181657,0.34261298051304745
d_og,0,oglev,2013Q3,enet,eu_ppi_dom_c103_idx__yoy,0.06911612055160142,0.1739025343268742
d_og,0,oglev,2013Q3,enet,eu_ppi_dom_c107_idx__yoy,0.03863268889963514,0.11940596487458648
d_og,0,oglev,2013Q3,enet,eu_ppi_dom_c108_idx__yoy,0.16056811779264568,0.3737215248505192
d_og,0,oglev,2013Q3,enet,eu_ppi_dom_c108_idx__dyoy,0.052767525984397115,0.16387817247240988
d_og,0,oglev,2013Q3,enet,eu_ppi_plastic_products_idx__dyoy,-0.0414378681697878,-0.10825006238694491
d_og,0,oglev,2013Q3,enet,glob_gscpi__d4,0.38831370172052093,0.2418033665609344
d_og,0,oglev,2013Q3,enet,glob_wb_food_idx__yoy,0.005141601768996774,0.0846612603341309
d_og,0,oglev,2013Q3,enet,us_ppi_corrugated_boxes_idx__yoy,-0.051906700338684206,-0.2346560570641055
d_og,0,oglev,2013Q3,enet,us_ppi_corrugated_boxes_idx__dyoy,-0.002192230411901966,-0.01768034794009476
d_og,0,oglev,2013Q3,enet,w_wage_dyoy,-0.018178448300935544,-0.046958643845343026
d_og,0,oglev,2013Q3,enet,w_real_wage_yoy,-0.037366849228830025,-0.05735282499963492
d_og,0,oglev,2013Q3,enet,w_real_wage_dyoy,-0.08899590253999419,-0.20116818950102183
d_og,0,oglev,2013Q3,enet,w_retail_total_vol_dyoy,-0.1669020105697325,-0.33770397930408375
d_og,0,oglev,2013Q3,enet,nw_food_cpi_yoy,0.023134329442562173,0.03872342660137583
d_og,0,oglev,2013Q3,enet,nw_food_cpi_dyoy,0.1767238878087608,0.34155564093541824
d_og,0,oglev,2013Q3,enet,nw_real_wage_yoy,-0.1811218410075086,-0.32727739325196337
d_og,0,oglev,2013Q3,enet,nw_real_wage_dyoy,-0.05371959017956922,-0.16065149928036312
d_og,0,oglev,2013Q3,enet,brent_nok_yoy,0.0022388523940030146,0.050725835688515054
d_og,0,oglev,2013Q3,enet,price_wage_gap,0.0026670460637801194,0.005952035085655566
d_og,0,oglev,2013Q3,enet,price_wage_gap_d4,0.07195098430259263,0.22307240013924023
d_og,0,oglev,2013Q4,lasso,no_cpi_food_idx__yoy,0.30782207931389116,0.5398667401468562
d_og,0,oglev,2013Q4,lasso,no_imp_price_food_idx__dyoy,0.18333466696792794,1.0484060349613493
d_og,0,oglev,2013Q4,lasso,no_qna_hh_food_cons_sa_mnok__yoy,0.018291384607780792,0.03207947422154817
d_og,0,oglev,2013Q4,lasso,se_policy_rate__lvl,0.1855976653599387,0.21411080730728901
d_og,0,oglev,2013Q4,lasso,no_real_wage_qna_yoy_q__lvl,-0.22149913345527572,-0.27379498896738863
d_og,0,oglev,2013Q4,lasso,se_wage_idx_m__yoy,0.6032621859545262,0.32157815287092634
d_og,0,oglev,2013Q4,lasso,ea_hicp_food_idx__yoy,0.12301209400349043,0.21189471619582564
d_og,0,oglev,2013Q4,lasso,eu_ppi_dom_c103_idx__yoy,0.0006587111745085623,0.001638119499626941
d_og,0,oglev,2013Q4,lasso,eu_ppi_dom_c108_idx__yoy,0.273963216800015,0.6318671963672424
d_og,0,oglev,2013Q4,lasso,eu_ppi_dom_c108_idx__dyoy,0.08064715208497152,0.2551638652931825
d_og,0,oglev,2013Q4,lasso,eu_ppi_plastic_products_idx__dyoy,-0.00593581316215318,-0.015341411999233471
d_og,0,oglev,2013Q4,lasso,glob_gscpi__d4,0.36792837634120557,0.22666253628216923
d_og,0,oglev,2013Q4,lasso,glob_wb_food_idx__yoy,0.010234229793074983,0.1709688631479922
d_og,0,oglev,2013Q4,lasso,us_ppi_corrugated_boxes_idx__yoy,-0.06225082952435148,-0.27948215358791967
d_og,0,oglev,2013Q4,lasso,w_real_wage_dyoy,-0.13534935189589983,-0.3081198338949108
d_og,0,oglev,2013Q4,lasso,w_retail_total_vol_dyoy,-0.1962775824758102,-0.39308266726925833
d_og,0,oglev,2013Q4,lasso,nw_food_cpi_dyoy,0.07404188290207536,0.14228760020886175
d_og,0,oglev,2013Q4,lasso,nw_real_wage_yoy,-0.3391441513027225,-0.608995751395405
d_og,0,oglev,2013Q4,lasso,price_wage_gap_d4,0.04941263650973372,0.1527880968026011
d_og,0,oglev,2013Q4,enet,no_cpi_food_idx__yoy,0.2161286363187472,0.3790522843645869
d_og,0,oglev,2013Q4,enet,no_cpi_total_idx__yoy,-0.011178845420499814,-0.012610163831272746
d_og,0,oglev,2013Q4,enet,no_imp_price_food_idx__dyoy,0.1551017961657825,0.8869553250504333
d_og,0,oglev,2013Q4,enet,no_policy_rate__d4,-0.021048095778223346,-0.036582160152012044
d_og,0,oglev,2013Q4,enet,no_qna_hh_food_cons_sa_mnok__yoy,0.024138776717649517,0.04233464453664966
d_og,0,oglev,2013Q4,enet,no_vat_food_rate__d4,0.005878089929532433,0.004450621926074365
d_og,0,oglev,2013Q4,enet,se_cpi_idx__dyoy,-0.042616041300616754,-0.07938801247843141
d_og,0,oglev,2013Q4,enet,se_policy_rate__lvl,0.0882283542426153,0.10178276821340548
d_og,0,oglev,2013Q4,enet,no_real_wage_qna_yoy_q__lvl,-0.20502916264355447,-0.25343646473145093
d_og,0,oglev,2013Q4,enet,se_wage_idx_m__yoy,0.6579172628791052,0.35071287918335825
d_og,0,oglev,2013Q4,enet,ea_hicp_food_idx__yoy,0.13118999568170056,0.22598157626612517
d_og,0,oglev,2013Q4,enet,eu_ppi_dom_c103_idx__yoy,0.04226632644888498,0.10511024590583502
d_og,0,oglev,2013Q4,enet,eu_ppi_dom_c107_idx__yoy,0.03468699358527144,0.10603996006690054
d_og,0,oglev,2013Q4,enet,eu_ppi_dom_c108_idx__yoy,0.16744395713932853,0.3861917850946274
d_og,0,oglev,2013Q4,enet,eu_ppi_dom_c108_idx__dyoy,0.07704495650184141,0.24376668480049665
d_og,0,oglev,2013Q4,enet,eu_ppi_plastic_products_idx__dyoy,-0.029485324382156126,-0.07620632538804765
d_og,0,oglev,2013Q4,enet,glob_gscpi__d4,0.38170200061918214,0.23514778725326752
d_og,0,oglev,2013Q4,enet,glob_wb_food_idx__yoy,0.007684774362583994,0.1283787019526224
d_og,0,oglev,2013Q4,enet,us_ppi_corrugated_boxes_idx__yoy,-0.0471935147361429,-0.21188063250917538
d_og,0,oglev,2013Q4,enet,us_ppi_corrugated_boxes_idx__dyoy,-0.0036413650074131046,-0.029281261274300426
d_og,0,oglev,2013Q4,enet,w_wage_dyoy,-0.015610158442544578,-0.040454862091703785
d_og,0,oglev,2013Q4,enet,w_real_wage_yoy,-0.03710633083344914,-0.05645259889304027
d_og,0,oglev,2013Q4,enet,w_real_wage_dyoy,-0.09091380736664458,-0.20696329041981198
d_og,0,oglev,2013Q4,enet,w_retail_total_vol_dyoy,-0.18747068048166468,-0.37544519444851826
d_og,0,oglev,2013Q4,enet,nw_food_cpi_yoy,0.00470300306210626,0.007810203071898792
d_og,0,oglev,2013Q4,enet,nw_food_cpi_dyoy,0.155600230098353,0.29901972322776754
d_og,0,oglev,2013Q4,enet,nw_real_wage_yoy,-0.19003275196166827,-0.3412387862980781
d_og,0,oglev,2013Q4,enet,nw_real_wage_dyoy,-0.05363148743379524,-0.16093356111380294
d_og,0,oglev,2013Q4,enet,price_wage_gap,0.00021770892198850854,0.00048023424678611423
d_og,0,oglev,2013Q4,enet,price_wage_gap_d4,0.0696613647778866,0.21539889584698468
d_og,0,oglev,2014Q1,lasso,no_cpi_food_idx__yoy,0.18199242597290646,0.3162590257422466
d_og,0,oglev,2014Q1,lasso,no_cpi_total_idx__yoy,-0.022975345293232908,-0.025671955451246734
d_og,0,oglev,2014Q1,lasso,no_imp_price_food_idx__dyoy,0.19312157534627394,1.102437173504108
d_og,0,oglev,2014Q1,lasso,no_qna_hh_food_cons_sa_mnok__dyoy,0.012284086947304889,0.028657202726347784
d_og,0,oglev,2014Q1,lasso,no_vat_food_rate__d4,0.04028245979165389,0.030197970287397336
d_og,0,oglev,2014Q1,lasso,se_policy_rate__lvl,0.09657824040865876,0.11121578474868267
d_og,0,oglev,2014Q1,lasso,no_real_wage_qna_yoy_q__lvl,-0.17001378730950661,-0.20960765990648825
d_og,0,oglev,2014Q1,lasso,se_wage_idx_m__yoy,0.8931224289194547,0.480664977992987
d_og,0,oglev,2014Q1,lasso,ea_hicp_food_idx__yoy,0.08666689855224118,0.14806496854449785
d_og,0,oglev,2014Q1,lasso,eu_ppi_dom_c108_idx__yoy,0.17879845305508904,0.40935844957833784
d_og,0,oglev,2014Q1,lasso,eu_ppi_dom_c108_idx__dyoy,0.1499780354060475,0.4790203209026866
d_og,0,oglev,2014Q1,lasso,glob_gscpi__d4,0.3517620039961763,0.21489389536455658
d_og,0,oglev,2014Q1,lasso,glob_wb_food_idx__yoy,0.015539689279129127,0.261020659031896
d_og,0,oglev,2014Q1,lasso,us_ppi_corrugated_boxes_idx__yoy,-0.0774330198333363,-0.3512467289398112
d_og,0,oglev,2014Q1,lasso,w_real_wage_dyoy,-0.2158437984959592,-0.4898230260153483
d_og,0,oglev,2014Q1,lasso,w_retail_total_vol_dyoy,-0.23704618700986416,-0.4695446702163367
d_og,0,oglev,2014Q1,lasso,nw_food_cpi_dyoy,0.1576739269413193,0.3001102175387977
d_og,0,oglev,2014Q1,lasso,nw_real_wage_yoy,-0.3109000416684333,-0.5519039969659127
d_og,0,oglev,2014Q1,lasso,price_wage_gap_d4,0.028213596523578095,0.08660983332286191
d_og,0,oglev,2014Q1,enet,no_cpi_food_idx__yoy,0.10914034933336003,0.18965965404777585
d_og,0,oglev,2014Q1,enet,no_cpi_total_idx__yoy,-0.027782183742042298,-0.031042971248581488
d_og,0,oglev,2014Q1,enet,no_govbond_10y__d4,-0.015521129418906168,-0.010553999736736059
d_og,0,oglev,2014Q1,enet,no_imp_price_food_idx__dyoy,0.15885803054285344,0.9068432559442229
d_og,0,oglev,2014Q1,enet,no_policy_rate__d4,-0.010537721460730598,-0.01812157573492357
d_og,0,oglev,2014Q1,enet,no_qna_hh_food_cons_sa_mnok__yoy,0.015832164108632994,0.027467929778515233
d_og,0,oglev,2014Q1,enet,no_vat_food_rate__d4,0.04143983972364214,0.031065606598044197
d_og,0,oglev,2014Q1,enet,se_cpi_idx__dyoy,-0.08063704454600641,-0.14851652043776467
d_og,0,oglev,2014Q1,enet,se_cpi_food_idx__dyoy,0.007329203594320339,0.020481815725428235
d_og,0,oglev,2014Q1,enet,se_policy_rate__lvl,0.1291066222427214,0.14867421738291117
d_og,0,oglev,2014Q1,enet,no_real_wage_qna_yoy_q__lvl,-0.18765173292704343,-0.23135324045590208
d_og,0,oglev,2014Q1,enet,se_wage_idx_m__yoy,0.8639006877139042,0.464938279011218
d_og,0,oglev,2014Q1,enet,ea_hicp_food_idx__yoy,0.08232658773321648,0.14064981932804288
d_og,0,oglev,2014Q1,enet,eu_ppi_dom_c103_idx__yoy,0.000404548348298275,0.000994859850277064
d_og,0,oglev,2014Q1,enet,eu_ppi_dom_c107_idx__yoy,0.021774597161271222,0.0658746189365838
d_og,0,oglev,2014Q1,enet,eu_ppi_dom_c108_idx__yoy,0.17408929510034585,0.39857684847254293
d_og,0,oglev,2014Q1,enet,eu_ppi_dom_c108_idx__dyoy,0.12555402118413025,0.40101157049707337
d_og,0,oglev,2014Q1,enet,glob_fao_dairy_idx__dyoy,-0.0002815961373097129,-0.013283955238001985
d_og,0,oglev,2014Q1,enet,glob_gscpi__d4,0.4349517729160734,0.26571511338862813
d_og,0,oglev,2014Q1,enet,glob_wb_food_idx__yoy,0.011199799482394916,0.1881233909770711
d_og,0,oglev,2014Q1,enet,glob_wb_food_idx_nok__yoy,0.0013818352429926192,0.016947508932189485
d_og,0,oglev,2014Q1,enet,us_ppi_corrugated_boxes_idx__yoy,-0.054319591587241735,-0.24640106899396744
d_og,0,oglev,2014Q1,enet,us_ppi_corrugated_boxes_idx__dyoy,-0.006030481563733214,-0.04879665079308712
d_og,0,oglev,2014Q1,enet,w_wage_dyoy,-0.018288803900223864,-0.04740971672110904
d_og,0,oglev,2014Q1,enet,w_real_wage_yoy,-0.01873312136361785,-0.028176651624258198
d_og,0,oglev,2014Q1,enet,w_real_wage_dyoy,-0.11702190622421696,-0.26556252538292574
d_og,0,oglev,2014Q1,enet,w_retail_total_vol_dyoy,-0.1821421687556561,-0.3607899609762717
d_og,0,oglev,2014Q1,enet,nw_food_cpi_yoy,0.06694249114492483,0.1099908517582115
d_og,0,oglev,2014Q1,enet,nw_food_cpi_dyoy,0.15504252941243915,0.2951017212062545
d_og,0,oglev,2014Q1,enet,nw_real_wage_yoy,-0.1773826349223984,-0.31488636888129723
d_og,0,oglev,2014Q1,enet,nw_real_wage_dyoy,-0.07531857596100561,-0.2247218731922364
d_og,0,oglev,2014Q1,enet,price_wage_gap_d4,0.06460895531122231,0.19833596351294006
d_og,0,oglev,2014Q2,lasso,no_cpi_food_idx__yoy,0.04667004382302009,0.08168460966756938
d_og,0,oglev,2014Q2,lasso,no_cpi_total_idx__yoy,-0.04673613801040042,-0.051695776081507924
d_og,0,oglev,2014Q2,lasso,no_imp_price_food_idx__dyoy,0.1893360512012951,1.069191350815745
d_og,0,oglev,2014Q2,lasso,no_qna_hh_food_cons_sa_mnok__dyoy,0.020852606243402006,0.049171287313957035
d_og,0,oglev,2014Q2,lasso,no_vat_food_rate__d4,0.014047665227531697,0.010428545311308999
d_og,0,oglev,2014Q2,lasso,se_cpi_idx__dyoy,-0.004672121518141775,-0.008509171672247774
d_og,0,oglev,2014Q2,lasso,se_policy_rate__lvl,0.23348842944741163,0.2694353886490867
d_og,0,oglev,2014Q2,lasso,no_real_wage_qna_yoy_q__lvl,-0.18822629083800638,-0.23326343125346155
d_og,0,oglev,2014Q2,lasso,se_wage_idx_m__yoy,0.9862940812517812,0.5335062838788234
d_og,0,oglev,2014Q2,lasso,ea_hicp_food_idx__yoy,0.10361716683405911,0.1753480121857029
d_og,0,oglev,2014Q2,lasso,eu_ppi_dom_c108_idx__yoy,0.13759510553330997,0.31492998590443244
d_og,0,oglev,2014Q2,lasso,eu_ppi_dom_c108_idx__dyoy,0.15319542462887573,0.48957788309526523
d_og,0,oglev,2014Q2,lasso,glob_gscpi__d4,0.4109274130184326,0.24850964925371702
d_og,0,oglev,2014Q2,lasso,glob_wb_food_idx__yoy,0.011076431389164032,0.1860379015390652
d_og,0,oglev,2014Q2,lasso,us_ppi_corrugated_boxes_idx__yoy,-0.0838824272004125,-0.37904951763148137
d_og,0,oglev,2014Q2,lasso,w_real_wage_dyoy,-0.17784454218602716,-0.4103672418624744
d_og,0,oglev,2014Q2,lasso,w_retail_total_vol_dyoy,-0.2677025461061151,-0.524777907367538
d_og,0,oglev,2014Q2,lasso,nw_food_cpi_dyoy,0.15768826015035597,0.30015966983239617
d_og,0,oglev,2014Q2,lasso,nw_real_wage_yoy,-0.35456204336272645,-0.6365174610476171
d_og,0,oglev,2014Q2,lasso,nw_real_wage_dyoy,-0.009379418422036406,-0.028303420360668567
d_og,0,oglev,2014Q2,lasso,price_wage_gap_d4,0.026111848790205137,0.08069258031447635
d_og,0,oglev,2014Q2,enet,no_cpi_food_idx__yoy,0.023225103124226116,0.040649918615582946
d_og,0,oglev,2014Q2,enet,no_cpi_total_idx__yoy,-0.05686882732280747,-0.0629037461898022
d_og,0,oglev,2014Q2,enet,no_govbond_10y__d4,-0.04090227599840681,-0.028046980385859923
d_og,0,oglev,2014Q2,enet,no_imp_price_food_idx__dyoy,0.14514887848270874,0.8196638963877166
d_og,0,oglev,2014Q2,enet,no_policy_rate__d4,-0.04387219147628914,-0.07466648947293689
d_og,0,oglev,2014Q2,enet,no_ppi_food_dom_idx__dyoy,0.0008769907142564025,0.0018244485392106722
d_og,0,oglev,2014Q2,enet,no_qna_hh_food_cons_sa_mnok__yoy,0.032043598728721485,0.05514759001455521
d_og,0,oglev,2014Q2,enet,no_vat_food_rate__d4,0.058613641046833025,0.043512925572835724
d_og,0,oglev,2014Q2,enet,se_cpi_idx__dyoy,-0.09184508976686047,-0.1672742528302338
d_og,0,oglev,2014Q2,enet,se_cpi_food_idx__dyoy,0.053219865911957084,0.14744621765451932
d_og,0,oglev,2014Q2,enet,se_policy_rate__lvl,0.24438393291637125,0.28200832092943257
d_og,0,oglev,2014Q2,enet,no_real_wage_qna_yoy_q__lvl,-0.23201162386148383,-0.28752533576297523
d_og,0,oglev,2014Q2,enet,se_wage_idx_m__yoy,1.0200849222872292,0.551784428676247
d_og,0,oglev,2014Q2,enet,ea_hicp_food_idx__yoy,0.07614765059407327,0.12886222980469753
d_og,0,oglev,2014Q2,enet,eu_ppi_dom_c108_idx__yoy,0.1724228888024572,0.3946444005380248
d_og,0,oglev,2014Q2,enet,eu_ppi_dom_c108_idx__dyoy,0.1426550125780655,0.4558931132577278
d_og,0,oglev,2014Q2,enet,ea_ec_food_ind_sell_price_exp__lvl,0.001380720990493676,0.016744839901914076
d_og,0,oglev,2014Q2,enet,no_nbes_bl_sell_price_di__lvl,0.00486376875822098,0.034234670952562024
d_og,0,oglev,2014Q2,enet,glob_fao_dairy_idx__dyoy,-0.0020218168093355613,-0.0944079416946666
d_og,0,oglev,2014Q2,enet,glob_gscpi__d4,0.5835347006490433,0.3528944509213401
d_og,0,oglev,2014Q2,enet,glob_wb_food_idx__yoy,0.012362376888504069,0.2076364285181486
d_og,0,oglev,2014Q2,enet,us_ppi_corrugated_boxes_idx__yoy,-0.06770639558719961,-0.30595295635136394
d_og,0,oglev,2014Q2,enet,us_ppi_corrugated_boxes_idx__dyoy,-0.0023219088174528304,-0.018627894482858936
d_og,0,oglev,2014Q2,enet,w_wage_dyoy,-0.016998784238916643,-0.044653088207671256
d_og,0,oglev,2014Q2,enet,w_real_wage_yoy,-0.03800846102238631,-0.05749053072584609
d_og,0,oglev,2014Q2,enet,w_real_wage_dyoy,-0.1211904860522073,-0.279640886866217
d_og,0,oglev,2014Q2,enet,w_retail_total_vol_dyoy,-0.20820789742806148,-0.4081504128331383
d_og,0,oglev,2014Q2,enet,nw_food_cpi_yoy,0.05990933723458598,0.09760643469437001
d_og,0,oglev,2014Q2,enet,nw_food_cpi_dyoy,0.14212284684960408,0.2705308990367541
d_og,0,oglev,2014Q2,enet,nw_real_wage_yoy,-0.20190047436618846,-0.3624561053096238
d_og,0,oglev,2014Q2,enet,nw_real_wage_dyoy,-0.08024467782215323,-0.24214708694206133
d_og,0,oglev,2014Q2,enet,price_wage_gap_d4,0.047322258667418744,0.14623840651281256
d_og,0,oglev,2014Q3,lasso,no_cpi_total_idx__dyoy,-0.005147879501906969,-0.00914749031084213
d_og,0,oglev,2014Q3,lasso,no_imp_price_food_idx__dyoy,0.19266041825695854,1.0761510901417068
d_og,0,oglev,2014Q3,lasso,no_policy_rate__d4,-0.026626344633774186,-0.044856546496961316
d_og,0,oglev,2014Q3,lasso,no_ppi_food_dom_idx__dyoy,0.05735890261303527,0.11836010673961168
d_og,0,oglev,2014Q3,lasso,no_qna_hh_food_cons_sa_mnok__dyoy,0.043551663896329716,0.105382295572929
d_og,0,oglev,2014Q3,lasso,se_cpi_idx__dyoy,-0.059158221601238174,-0.10664986500236782
d_og,0,oglev,2014Q3,lasso,se_cpi_food_idx__dyoy,0.011554371068629091,0.03211433212349514
d_og,0,oglev,2014Q3,lasso,se_policy_rate__lvl,0.5253611574605495,0.6071063692183019
d_og,0,oglev,2014Q3,lasso,no_real_wage_qna_yoy_q__lvl,-0.19116233338404007,-0.23851600270393133
d_og,0,oglev,2014Q3,lasso,se_wage_idx_m__yoy,0.8855444196965414,0.4745606317328182
d_og,0,oglev,2014Q3,lasso,ea_hicp_food_idx__yoy,0.037367044131646036,0.06280556945200401
d_og,0,oglev,2014Q3,lasso,eu_ppi_dom_c108_idx__yoy,0.15451172365818724,0.35724493568530963
d_og,0,oglev,2014Q3,lasso,eu_ppi_dom_c108_idx__dyoy,0.17589487840203027,0.5619166204087841
d_og,0,oglev,2014Q3,lasso,glob_gscpi__d4,0.3766705165437687,0.22530733733172295
d_og,0,oglev,2014Q3,lasso,glob_wb_food_idx__yoy,0.007960308625626864,0.1329591858291235
d_og,0,oglev,2014Q3,lasso,us_ppi_corrugated_boxes_idx__yoy,-0.0785532824470868,-0.3515763305326447
d_og,0,oglev,2014Q3,lasso,w_real_wage_dyoy,-0.11986827586982043,-0.2742388818677092
d_og,0,oglev,2014Q3,lasso,w_retail_total_vol_dyoy,-0.16382863294074765,-0.31766720888790045
d_og,0,oglev,2014Q3,lasso,nw_food_cpi_yoy,0.08367551232888586,0.1348532183116836
d_og,0,oglev,2014Q3,lasso,nw_food_cpi_dyoy,0.09092604564434015,0.17121434263172997
d_og,0,oglev,2014Q3,lasso,nw_real_wage_yoy,-0.504522344709907,-0.9170986807341501
d_og,0,oglev,2014Q3,lasso,nw_real_wage_dyoy,-0.01864996588787767,-0.0557650537941211
d_og,0,oglev,2014Q3,enet,no_cpi_total_idx__dyoy,-0.0073501804651724895,-0.013060854389307246
d_og,0,oglev,2014Q3,enet,no_govbond_10y__d4,-0.10601798941741665,-0.0731665275143736
d_og,0,oglev,2014Q3,enet,no_imp_price_food_idx__dyoy,0.14415499470565918,0.8052123840765305
d_og,0,oglev,2014Q3,enet,no_policy_rate__d4,-0.07021868720309686,-0.11829516408669832
d_og,0,oglev,2014Q3,enet,no_ppi_food_dom_idx__dyoy,0.04430380048235223,0.09142090094432828
d_og,0,oglev,2014Q3,enet,no_qna_hh_food_cons_sa_mnok__dyoy,0.03695387787488713,0.08941758207096802
d_og,0,oglev,2014Q3,enet,no_vat_food_rate__d4,0.04316049483528191,0.03173522602327714
d_og,0,oglev,2014Q3,enet,se_cpi_idx__dyoy,-0.11625526468195863,-0.20958385746818878
d_og,0,oglev,2014Q3,enet,se_cpi_food_idx__dyoy,0.08474840371290082,0.2355505433923254
d_og,0,oglev,2014Q3,enet,se_policy_rate__lvl,0.3141146815992721,0.3629903375150402
d_og,0,oglev,2014Q3,enet,se_gov_bond_10y__lvl,0.09125534586713417,0.08930225546145616
d_og,0,oglev,2014Q3,enet,no_real_wage_qna_yoy_q__lvl,-0.18976180333834983,-0.23676854114991433
d_og,0,oglev,2014Q3,enet,no_real_wage_qna_yoy_q__d4,-0.007476176197089429,-0.0155602711021044
d_og,0,oglev,2014Q3,enet,se_wage_idx_m__yoy,1.0282599740293326,0.5510414746085234
d_og,0,oglev,2014Q3,enet,ea_hicp_food_idx__yoy,0.06101192292217453,0.10254727532070787
d_og,0,oglev,2014Q3,enet,eu_ppi_dom_c108_idx__yoy,0.19917541506728031,0.46051138814044995
d_og,0,oglev,2014Q3,enet,eu_ppi_dom_c108_idx__dyoy,0.15176165636526898,0.484820239378993
d_og,0,oglev,2014Q3,enet,ea_ec_food_ind_sell_price_exp__lvl,0.001248940098388625,0.015062198834219543
d_og,0,oglev,2014Q3,enet,glob_gscpi__d4,0.5387140123189597,0.3222344578826891
d_og,0,oglev,2014Q3,enet,glob_wb_food_idx__yoy,0.012789618574432959,0.21362202807654704
d_og,0,oglev,2014Q3,enet,glob_wb_food_idx_nok__yoy,0.0024278648992355984,0.02930584465536075
d_og,0,oglev,2014Q3,enet,us_ppi_corrugated_boxes_idx__yoy,-0.06039331862934232,-0.2702988429120752
d_og,0,oglev,2014Q3,enet,w_wage_dyoy,-0.010684393886374453,-0.027833136892178006
d_og,0,oglev,2014Q3,enet,w_real_wage_yoy,-0.11270586823287393,-0.1718025121899226
d_og,0,oglev,2014Q3,enet,w_real_wage_dyoy,-0.12145997887569415,-0.277880436310941
d_og,0,oglev,2014Q3,enet,w_retail_total_vol_dyoy,-0.14767986291857052,-0.28635439983960076
d_og,0,oglev,2014Q3,enet,w_gdp_vol_dyoy,-0.015275344410284998,-0.05023972070386398
d_og,0,oglev,2014Q3,enet,nw_food_cpi_yoy,0.04993583956816009,0.08047765095712041
d_og,0,oglev,2014Q3,enet,nw_food_cpi_dyoy,0.13781393734948122,0.25950455143597906
d_og,0,oglev,2014Q3,enet,nw_real_wage_yoy,-0.2601376094978057,-0.4728667837634594
d_og,0,oglev,2014Q3,enet,nw_real_wage_dyoy,-0.0786322555640343,-0.235117425299508
d_og,0,oglev,2014Q3,enet,price_wage_gap_d4,0.005422172258330427,0.016576151289580898
d_og,0,oglev,2014Q4,lasso,no_cpi_total_idx__dyoy,-0.02140150932330642,-0.0377289151503878
d_og,0,oglev,2014Q4,lasso,no_imp_price_food_idx__dyoy,0.16369873360963982,0.9086664558361355
d_og,0,oglev,2014Q4,lasso,no_policy_rate__d4,-0.08416329017961711,-0.14037897625854742
d_og,0,oglev,2014Q4,lasso,no_ppi_food_dom_idx__dyoy,0.0457046690576398,0.09371131528764633
d_og,0,oglev,2014Q4,lasso,no_qna_hh_food_cons_sa_mnok__dyoy,0.010481715202707447,0.025103241269854422
d_og,0,oglev,2014Q4,lasso,se_cpi_food_idx__dyoy,0.056970224313573105,0.15828610936250445
d_og,0,oglev,2014Q4,lasso,se_policy_rate__lvl,0.5181239477246079,0.6053614420231891
d_og,0,oglev,2014Q4,lasso,se_gov_bond_10y__lvl,0.04969205376568248,0.049656582883583565
d_og,0,oglev,2014Q4,lasso,no_real_wage_qna_yoy_q__lvl,-0.18346811118408432,-0.2294438607484009
d_og,0,oglev,2014Q4,lasso,se_wage_idx_m__yoy,0.9849774769552124,0.5232588921463543
d_og,0,oglev,2014Q4,lasso,ea_hicp_food_idx__yoy,0.05128931975765459,0.0874306852923665
d_og,0,oglev,2014Q4,lasso,eu_ppi_dom_c108_idx__yoy,0.20343191795172366,0.47350523040899734
d_og,0,oglev,2014Q4,lasso,eu_ppi_dom_c108_idx__dyoy,0.13956547433594432,0.44271152185104645
d_og,0,oglev,2014Q4,lasso,glob_gscpi__d4,0.49156894193835543,0.2916047997347316
d_og,0,oglev,2014Q4,lasso,glob_wb_food_idx__yoy,0.0018154562456157131,0.03023054909702858
d_og,0,oglev,2014Q4,lasso,glob_wb_food_idx_nok__yoy,0.005838997110576414,0.07001915734612144
d_og,0,oglev,2014Q4,lasso,us_ppi_corrugated_boxes_idx__yoy,-0.08221256439169874,-0.36401955152147725
d_og,0,oglev,2014Q4,lasso,w_real_wage_dyoy,-0.11234257520023844,-0.2553888212119207
d_og,0,oglev,2014Q4,lasso,w_retail_total_vol_dyoy,-0.17451675556886959,-0.33479870035520637
d_og,0,oglev,2014Q4,lasso,nw_food_cpi_dyoy,0.10728499242983601,0.2009229475477066
d_og,0,oglev,2014Q4,lasso,nw_real_wage_yoy,-0.5511488769792959,-1.0163716613698235
d_og,0,oglev,2014Q4,enet,no_cpi_total_idx__yoy,-0.027111610754079835,-0.029370444094884512
d_og,0,oglev,2014Q4,enet,no_cpi_total_idx__dyoy,-0.09380883673472334,-0.16537645023319109
d_og,0,oglev,2014Q4,enet,no_imp_price_food_idx__dyoy,0.13901367330035683,0.771643488286333
d_og,0,oglev,2014Q4,enet,no_policy_rate__d4,-0.0804479775835955,-0.13418207286281597
d_og,0,oglev,2014Q4,enet,no_ppi_food_dom_idx__dyoy,0.02856080400481778,0.05856011134417706
d_og,0,oglev,2014Q4,enet,no_qna_hh_food_cons_sa_mnok__yoy,0.07181584806140653,0.1215591331816473
d_og,0,oglev,2014Q4,enet,no_qna_hh_food_cons_sa_mnok__dyoy,0.014453188135542187,0.03461474213603851
d_og,0,oglev,2014Q4,enet,se_cpi_idx__dyoy,-0.13654611547377188,-0.24353474141986045
d_og,0,oglev,2014Q4,enet,se_cpi_food_idx__dyoy,0.08287886929440243,0.23027070591767018
d_og,0,oglev,2014Q4,enet,se_ppi_food_hmpi_idx__yoy,0.022617831827437592,0.07834480223619662
d_og,0,oglev,2014Q4,enet,se_retail_grocery_vol_sa_idx__dyoy,0.007465162600956721,0.01683028291576335
d_og,0,oglev,2014Q4,enet,se_na_hhcons_food_sa__dyoy,0.02199914399990174,0.07766234794767028
d_og,0,oglev,2014Q4,enet,se_policy_rate__lvl,0.3628128346446172,0.4239003075027235
d_og,0,oglev,2014Q4,enet,se_gov_bond_10y__lvl,0.13150043111822182,0.13140656427363243
d_og,0,oglev,2014Q4,enet,no_real_wage_qna_yoy_q__lvl,-0.285660734662441,-0.3572451986460567
d_og,0,oglev,2014Q4,enet,no_real_wage_qna_yoy_q__d4,-0.020711776412862346,-0.04299407341258016
d_og,0,oglev,2014Q4,enet,se_wage_idx_m__yoy,0.7225442093763818,0.38384398767550754
d_og,0,oglev,2014Q4,enet,ea_hicp_food_idx__yoy,0.11247124800362172,0.19172487245118472
d_og,0,oglev,2014Q4,enet,eu_ppi_dom_c107_idx__yoy,0.03622735959015292,0.10674365637464682
d_og,0,oglev,2014Q4,enet,eu_ppi_dom_c108_idx__yoy,0.1863602247246726,0.43376940076959514
d_og,0,oglev,2014Q4,enet,eu_ppi_dom_c108_idx__dyoy,0.1905442435054589,0.6044197708898026
d_og,0,oglev,2014Q4,enet,ea_ec_food_ind_sell_price_exp__lvl,0.013088114871181968,0.15776789502679386
d_og,0,oglev,2014Q4,enet,no_nbes_bl_sell_price_di__lvl,0.021471617640699242,0.1512465847951478
d_og,0,oglev,2014Q4,enet,no_ssb_bts_consgoods_home_price_exp__lvl,-0.034428957541337,-0.24083273573777667
d_og,0,oglev,2014Q4,enet,glob_fao_dairy_idx__dyoy,-0.0016625033831412386,-0.07750775441881083
d_og,0,oglev,2014Q4,enet,glob_gscpi__d4,0.743761273532376,0.4412084220854936
d_og,0,oglev,2014Q4,enet,glob_wb_food_idx__yoy,0.007350499569394862,0.12239878468947415
d_og,0,oglev,2014Q4,enet,us_ppi_corrugated_boxes_idx__yoy,-0.06103747009387892,-0.2702607886517026
d_og,0,oglev,2014Q4,enet,w_wage_dyoy,-0.04049214134074709,-0.10468414442510085
d_og,0,oglev,2014Q4,enet,w_real_wage_yoy,-0.16922689693574539,-0.2605877080297533
d_og,0,oglev,2014Q4,enet,w_real_wage_dyoy,-0.12391932590189078,-0.2817062944395861
d_og,0,oglev,2014Q4,enet,w_retail_total_vol_dyoy,-0.17139329588341884,-0.328806552266663
d_og,0,oglev,2014Q4,enet,w_gdp_vol_dyoy,-0.025239813516292616,-0.08220820031040374
d_og,0,oglev,2014Q4,enet,nw_food_cpi_yoy,0.16383213620603324,0.2613090816089807
d_og,0,oglev,2014Q4,enet,nw_food_cpi_dyoy,0.20982949695165298,0.39296792640919304
d_og,0,oglev,2014Q4,enet,nw_real_wage_yoy,-0.24626002839350866,-0.45412723248040393
d_og,0,oglev,2014Q4,enet,nw_real_wage_dyoy,-0.05897295982287484,-0.1750479169490334
d_og,0,oglev,2014Q4,enet,eu_agri_basket_wloc_yoy,-0.02204239924505555,-0.13818695918374682
d_og,0,oglev,2014Q4,enet,elec_nordic_loc_yoy,3.67557614127404e-05,0.0017075197875846204
d_og,0,oglev,2014Q4,enet,brent_nok_yoy,0.009066752205295753,0.1957925690679506
d_og,0,oglev,2014Q4,enet,price_cost_gap_agri,0.0009428738441371892,0.007918169430178352
d_og,0,oglev,2014Q4,enet,price_wage_gap_d4,0.0016069962652134906,0.004897343268657593
d_og,0,oglev,2015Q1,lasso,no_govbond_10y__d4,-0.01507541579212027,-0.010270993929152587
d_og,0,oglev,2015Q1,lasso,no_imp_price_food_idx__dyoy,0.1738092843399636,0.9682996045703742
d_og,0,oglev,2015Q1,lasso,no_policy_rate__d4,-0.0836424647245767,-0.1381314050019295
d_og,0,oglev,2015Q1,lasso,no_ppi_food_dom_idx__dyoy,0.013477522939943093,0.02743033932638564
d_og,0,oglev,2015Q1,lasso,se_cpi_idx__dyoy,-0.0727271355703425,-0.1283557637394704
d_og,0,oglev,2015Q1,lasso,se_cpi_food_idx__dyoy,0.1363560450177705,0.375026472827082
d_og,0,oglev,2015Q1,lasso,se_ppi_food_hmpi_idx__yoy,0.002571285820367414,0.008857866791983313
d_og,0,oglev,2015Q1,lasso,se_policy_rate__lvl,0.6742308373935602,0.7997266793050292
d_og,0,oglev,2015Q1,lasso,no_real_wage_qna_yoy_q__lvl,-0.06879719947598269,-0.08621274981796778
d_og,0,oglev,2015Q1,lasso,se_wage_idx_m__yoy,0.20806529689465628,0.10982034369311772
d_og,0,oglev,2015Q1,lasso,eu_ppi_dom_c106_idx__yoy,0.0014440184016094267,0.017293823204780432
d_og,0,oglev,2015Q1,lasso,eu_ppi_dom_c108_idx__dyoy,0.2420814232971647,0.7609720334331689
d_og,0,oglev,2015Q1,lasso,glob_gscpi__d4,0.6023767802848926,0.3542096905369726
d_og,0,oglev,2015Q1,lasso,glob_wb_food_idx__yoy,0.0030369782784931926,0.050465229186058884
d_og,0,oglev,2015Q1,lasso,us_ppi_corrugated_boxes_idx__yoy,-0.16096890244698644,-0.7086158369301747
d_og,0,oglev,2015Q1,lasso,w_retail_total_vol_dyoy,-0.26597146748409267,-0.5050400780863329
d_og,0,oglev,2015Q1,lasso,nw_food_cpi_yoy,0.03937211122559028,0.06214670255669468
d_og,0,oglev,2015Q1,lasso,nw_food_cpi_dyoy,0.2269879870904614,0.42123847296536904
d_og,0,oglev,2015Q1,lasso,nw_real_wage_yoy,-0.5521518477764144,-1.0232901630690359
d_og,0,oglev,2015Q1,lasso,nw_real_wage_dyoy,-0.073172751967853,-0.2162897813766867
d_og,0,oglev,2015Q1,lasso,eu_agri_basket_wloc_yoy,-0.001932945253654258,-0.012470838417009869
d_og,0,oglev,2015Q1,lasso,price_cost_gap_agri,0.05867026624806749,0.5043029404225438
d_og,0,oglev,2015Q1,lasso,nw_price_cost_gap_ppi_d4,-0.05408339785028453,-0.1563506238101881
d_og,0,oglev,2015Q1,enet,no_cpi_total_idx__yoy,-0.03409697085487727,-0.03657257972795513
d_og,0,oglev,2015Q1,enet,no_cpi_total_idx__dyoy,-0.005789172476611674,-0.010101151329468183
d_og,0,oglev,2015Q1,enet,no_govbond_10y__d4,-0.25480509659185363,-0.17360062477215343
d_og,0,oglev,2015Q1,enet,no_imp_price_food_idx__dyoy,0.13756144523220037,0.7663612075056583
d_og,0,oglev,2015Q1,enet,no_policy_rate__d4,-0.09784429489369872,-0.1615850270504821
d_og,0,oglev,2015Q1,enet,no_ppi_food_dom_idx__dyoy,0.05598665119664643,0.11394770737288691
d_og,0,oglev,2015Q1,enet,no_qna_hh_food_cons_sa_mnok__yoy,0.00492969189225942,0.008258851057923072
d_og,0,oglev,2015Q1,enet,no_vat_food_rate__d4,0.011380844914315211,0.00821341734360659
d_og,0,oglev,2015Q1,enet,se_cpi_idx__dyoy,-0.1294735434873118,-0.22850721987112602
d_og,0,oglev,2015Q1,enet,se_cpi_food_idx__dyoy,0.14407477522761347,0.3962556611987747
d_og,0,oglev,2015Q1,enet,se_ppi_food_hmpi_idx__yoy,0.01455653634387678,0.050146062668482316
d_og,0,oglev,2015Q1,enet,se_retail_grocery_vol_sa_idx__dyoy,0.019867358520022808,0.04438877930462405
d_og,0,oglev,2015Q1,enet,se_na_hhcons_food_sa__yoy,0.0009569112368360672,0.002065776222245469
d_og,0,oglev,2015Q1,enet,se_policy_rate__lvl,0.28586943637552825,0.3390788471663357
d_og,0,oglev,2015Q1,enet,no_real_wage_qna_yoy_q__lvl,-0.14068530854278638,-0.17629885229117606
d_og,0,oglev,2015Q1,enet,se_wage_idx_m__yoy,0.34165946416971676,0.18033357960756782
d_og,0,oglev,2015Q1,enet,eu_ppi_dom_c106_idx__yoy,0.017036076344668062,0.20402710386478792
d_og,0,oglev,2015Q1,enet,eu_ppi_dom_c107_idx__yoy,0.026358665742066176,0.07707460328250074
d_og,0,oglev,2015Q1,enet,eu_ppi_dom_c108_idx__yoy,0.10634123818450879,0.24803993493467077
d_og,0,oglev,2015Q1,enet,eu_ppi_dom_c108_idx__dyoy,0.16184057033309482,0.5087385319408826
d_og,0,oglev,2015Q1,enet,ea_ec_food_ind_sell_price_exp__lvl,0.00782367135451836,0.09547906826150993
d_og,0,oglev,2015Q1,enet,no_nbes_bl_sell_price_di__lvl,0.024836788759914116,0.17618222434449948
d_og,0,oglev,2015Q1,enet,no_ssb_bts_consgoods_home_price_exp__lvl,-0.007230569836062821,-0.05022578477441411
d_og,0,oglev,2015Q1,enet,glob_fao_vegoils_idx__dyoy,-0.002083904205438011,-0.09093910482271243
d_og,0,oglev,2015Q1,enet,glob_gscpi__d4,0.6704533189168393,0.39424006765450653
d_og,0,oglev,2015Q1,enet,glob_wb_food_idx__yoy,0.007792617215788285,0.1294893073614933
d_og,0,oglev,2015Q1,enet,us_ppi_corrugated_boxes_idx__yoy,-0.10921450598004659,-0.48078310396291796
d_og,0,oglev,2015Q1,enet,us_ppi_corrugated_boxes_idx__dyoy,-0.0042532768869187965,-0.033639045689015296
d_og,0,oglev,2015Q1,enet,w_wage_dyoy,-0.0728894090775072,-0.18708932941127315
d_og,0,oglev,2015Q1,enet,w_real_wage_yoy,-0.10957834910527796,-0.16915133877721253
d_og,0,oglev,2015Q1,enet,w_real_wage_dyoy,-0.08061587694096277,-0.18271832987743963
d_og,0,oglev,2015Q1,enet,w_retail_total_vol_dyoy,-0.18168971057827016,-0.3450016142179643
d_og,0,oglev,2015Q1,enet,w_gdp_vol_dyoy,-0.011302221540200965,-0.03643625387898743
d_og,0,oglev,2015Q1,enet,w_policy_rate_lvl,0.1241066991620553,0.1600432795055811
d_og,0,oglev,2015Q1,enet,w_fx_vs_usd_yoy,-0.003558335691181989,-0.03552070308680308
d_og,0,oglev,2015Q1,enet,nw_food_cpi_yoy,0.1859377444249335,0.29349245791342027
d_og,0,oglev,2015Q1,enet,nw_food_cpi_dyoy,0.20212297775071753,0.375094627650907
d_og,0,oglev,2015Q1,enet,nw_real_wage_yoy,-0.2606799905594381,-0.48311215677832714
d_og,0,oglev,2015Q1,enet,nw_real_wage_dyoy,-0.05461998834759591,-0.16145006195323677
d_og,0,oglev,2015Q1,enet,eu_agri_basket_yoy,-0.01890667032584588,-0.1515169643858629
d_og,0,oglev,2015Q1,enet,eu_agri_basket_wloc_yoy,-0.025269676907735805,-0.16303310037915136
d_og,0,oglev,2015Q1,enet,price_cost_gap_ppi_d4,-0.012461101133841352,-0.0290631713198893
d_og,0,oglev,2015Q1,enet,price_cost_gap_agri,0.020490537299249486,0.1761273447636637
d_og,0,oglev,2015Q2,lasso,no_cpi_food_idx__yoy,0.038503212089278496,0.0651248270046236
d_og,0,oglev,2015Q2,lasso,no_cpi_total_idx__yoy,-0.36284815761486316,-0.3852121343795263
d_og,0,oglev,2015Q2,lasso,no_govbond_10y__d4,-0.9682718008811605,-0.6710304343128005
d_og,0,oglev,2015Q2,lasso,no_imp_price_food_idx__dyoy,0.15448886383972726,0.8529201126884711
d_og,0,oglev,2015Q2,lasso,no_qna_hh_food_cons_sa_mnok__dyoy,0.002115444918749162,0.004963759761742616
d_og,0,oglev,2015Q2,lasso,se_cpi_food_idx__dyoy,0.2362317138346691,0.6432706247945211
d_og,0,oglev,2015Q2,lasso,se_ppi_food_hmpi_idx__yoy,0.021368385199750563,0.07298211674653324
d_og,0,oglev,2015Q2,lasso,ea_negotiated_wages_yoy_q__lvl,-0.9609230926479021,-0.4555538359114097
d_og,0,oglev,2015Q2,lasso,no_earn_idx_food_manuf_q__yoy,-0.014741648172340225,-0.026316190140465642
d_og,0,oglev,2015Q2,lasso,no_earn_idx_food_manuf_q__dyoy,-0.052795583657912905,-0.1568255415733299
d_og,0,oglev,2015Q2,lasso,no_real_wage_qna_yoy_q__lvl,-0.029061507870398448,-0.036221177551808106
d_og,0,oglev,2015Q2,lasso,se_wage_idx_m__dyoy,-0.8372349124304397,-0.511474088168776
d_og,0,oglev,2015Q2,lasso,eu_ppi_dom_c106_idx__yoy,0.0021656057118000414,0.02571697008111428
d_og,0,oglev,2015Q2,lasso,eu_ppi_dom_c108_idx__dyoy,0.047196737884115984,0.14686649309608502
d_og,0,oglev,2015Q2,lasso,ea_ec_food_ind_sell_price_exp__lvl,0.06043214019409087,0.7352487734382454
d_og,0,oglev,2015Q2,lasso,no_fn_cci_sa__lvl,-0.07902361716298476,-0.80496292560627
d_og,0,oglev,2015Q2,lasso,no_nbes_bl_sell_price_di__lvl,0.06561611633602729,0.46342586754158877
d_og,0,oglev,2015Q2,lasso,no_nbes_bl_sell_price_di__d4,0.1269637304245915,0.9441805754627978
d_og,0,oglev,2015Q2,lasso,no_ssb_bts_consgoods_home_price_exp__lvl,-0.005400131236043975,-0.03718326757414237
d_og,0,oglev,2015Q2,lasso,glob_fao_ffpi_nok__dyoy,-0.025557365557427762,-0.4840154905538852
d_og,0,oglev,2015Q2,lasso,glob_gscpi__lvl,-0.24337158339792017,-0.10054164519490322
d_og,0,oglev,2015Q2,lasso,glob_gscpi__d4,0.963512882316896,0.5608349475919223
d_og,0,oglev,2015Q2,lasso,us_ppi_corrugated_boxes_idx__yoy,-0.26579311522064275,-1.1619179459700366
d_og,0,oglev,2015Q2,lasso,us_ppi_plastic_resins_idx__yoy,0.006392691772555323,0.055368894959548734
d_og,0,oglev,2015Q2,lasso,w_real_wage_dyoy,-0.2867251493445434,-0.643214237252779
d_og,0,oglev,2015Q2,lasso,w_retail_total_vol_dyoy,-0.47426104041486844,-0.8932272755404055
d_og,0,oglev,2015Q2,lasso,nw_food_cpi_dyoy,0.5234185899696635,0.9659597171789632
d_og,0,oglev,2015Q2,lasso,nw_food_cpi_xvat_yoy,0.13341604985152022,0.21292080713493522
d_og,0,oglev,2015Q2,lasso,nw_food_cpi_xvat_dyoy,0.0424793009358687,0.08315316416149862
d_og,0,oglev,2015Q2,lasso,nw_real_wage_yoy,-0.32095590094576654,-0.5966099505108168
d_og,0,oglev,2015Q2,lasso,nw_food_ppi_dyoy,0.31466033799992926,0.8594206699129247
d_og,0,oglev,2015Q2,lasso,eu_agri_basket_wloc_yoy,-0.01815688691323759,-0.12952531623178676
d_og,0,oglev,2015Q2,lasso,price_cost_gap_agri,0.14445977727751177,1.3234868050691695
d_og,0,oglev,2015Q2,lasso,nw_price_cost_gap_ppi_d4,-0.022017152769727474,-0.06327103049421909
d_og,0,oglev,2015Q2,enet,no_cpi_food_idx__yoy,0.06732934114001202,0.11388171158061779
d_og,0,oglev,2015Q2,enet,no_cpi_total_idx__yoy,-0.30152213626816216,-0.3201063123429659
d_og,0,oglev,2015Q2,enet,no_govbond_10y__d4,-0.7148884221741516,-0.4954310225498248
d_og,0,oglev,2015Q2,enet,no_imp_price_food_idx__dyoy,0.104197717102544,0.5752668924096875
d_og,0,oglev,2015Q2,enet,no_ppi_food_dom_idx__dyoy,0.08018043540280163,0.1656077142857919
d_og,0,oglev,2015Q2,enet,no_retail_foodstores_vol_sa_idx__dyoy,-0.02277099098930263,-0.047830441198691
d_og,0,oglev,2015Q2,enet,se_cpi_food_idx__dyoy,0.24003145717491423,0.6536175135879918
d_og,0,oglev,2015Q2,enet,se_ppi_food_hmpi_idx__yoy,0.04385786871094103,0.14979326067902357
d_og,0,oglev,2015Q2,enet,se_na_hhcons_food_sa__yoy,0.02973105540655604,0.06378349623962899
d_og,0,oglev,2015Q2,enet,se_na_hhcons_food_sa__dyoy,0.004651804549161233,0.01622092998445346
d_og,0,oglev,2015Q2,enet,se_policy_rate__lvl,0.16887807066282806,0.20363855354135724
d_og,0,oglev,2015Q2,enet,ea_negotiated_wages_yoy_q__lvl,-0.19857489207617765,-0.09414026418256087
d_og,0,oglev,2015Q2,enet,no_earn_idx_food_manuf_q__yoy,-0.02041879087587588,-0.036450794161278076
d_og,0,oglev,2015Q2,enet,no_earn_idx_food_manuf_q__dyoy,-0.0639200833907928,-0.189870080045437
d_og,0,oglev,2015Q2,enet,no_real_wage_qna_yoy_q__lvl,-0.046097467328464266,-0.05745416088659701
d_og,0,oglev,2015Q2,enet,se_wage_idx_m__dyoy,-0.0554604231789235,-0.03388125477537482
d_og,0,oglev,2015Q2,enet,ea_hicp_food_idx__yoy,0.003375330043386782,0.005884855158644289
d_og,0,oglev,2015Q2,enet,eu_ppi_dom_c106_idx__yoy,0.031235316272662555,0.37092518258576457
d_og,0,oglev,2015Q2,enet,eu_ppi_dom_c106_idx__dyoy,0.005099944673050541,0.0908747785916725
d_og,0,oglev,2015Q2,enet,eu_ppi_dom_c107_idx__yoy,0.05482514804596045,0.15919243728340615
d_og,0,oglev,2015Q2,enet,eu_ppi_dom_c108_idx__yoy,0.007957984558099563,0.018622086333541035
d_og,0,oglev,2015Q2,enet,eu_ppi_dom_c108_idx__dyoy,0.1030446500933385,0.3206536525613365
d_og,0,oglev,2015Q2,enet,ea_ec_food_ind_sell_price_exp__lvl,0.046050966123169494,0.5602799478714694
d_og,0,oglev,2015Q2,enet,ea_ec_food_ind_sell_price_exp__d4,-0.0008135498171553698,-0.013319749459133588
d_og,0,oglev,2015Q2,enet,no_fn_cci_sa__lvl,-0.036294873965506874,-0.36971261226283453
d_og,0,oglev,2015Q2,enet,no_nbes_bl_sell_price_di__lvl,0.04579334056398447,0.32342387455259747
d_og,0,oglev,2015Q2,enet,no_nbes_bl_sell_price_di__d4,0.049241192609560634,0.3661878665591281
d_og,0,oglev,2015Q2,enet,no_ssb_bts_consgoods_home_price_exp__lvl,-0.01672415585161558,-0.11515623135815528
d_og,0,oglev,2015Q2,enet,eu_ppi_plastic_products_idx__yoy,-0.021547775837278675,-0.0360501949239744
d_og,0,oglev,2015Q2,enet,eu_ppi_plastic_products_idx__dyoy,-0.04109423756471525,-0.10008469968181766
d_og,0,oglev,2015Q2,enet,glob_fao_ffpi_nok__dyoy,-0.005199471132702223,-0.0984696394180668
d_og,0,oglev,2015Q2,enet,glob_fao_vegoils_idx__dyoy,-0.0032695791469673436,-0.1414883628257574
d_og,0,oglev,2015Q2,enet,glob_gscpi__d4,0.9930304893273157,0.5780163531388001
d_og,0,oglev,2015Q2,enet,us_ppi_corrugated_boxes_idx__yoy,-0.12941729562302462,-0.5657493354501425
d_og,0,oglev,2015Q2,enet,us_ppi_corrugated_boxes_idx__dyoy,-0.010707326546906782,-0.08444272519018518
d_og,0,oglev,2015Q2,enet,w_wage_yoy,-0.011443129234690966,-0.018849738392574658
d_og,0,oglev,2015Q2,enet,w_wage_dyoy,-0.052927420555181987,-0.13446272204254905
d_og,0,oglev,2015Q2,enet,w_real_wage_yoy,-0.049862780952677634,-0.07698838761931628
d_og,0,oglev,2015Q2,enet,w_real_wage_dyoy,-0.10116743448586779,-0.22695021471400034
d_og,0,oglev,2015Q2,enet,w_retail_total_vol_dyoy,-0.17696051189185996,-0.33328893256154996
d_og,0,oglev,2015Q2,enet,w_gdp_vol_dyoy,-0.04418083527273042,-0.14098104080634918
d_og,0,oglev,2015Q2,enet,w_fx_vs_nok_yoy,-0.06477204950273457,-0.18251511331755965
d_og,0,oglev,2015Q2,enet,w_hh_saving_d4,-0.1256394830642206,-0.1560954325283094
d_og,0,oglev,2015Q2,enet,nw_food_cpi_yoy,0.09835637079552607,0.15375098035288584
d_og,0,oglev,2015Q2,enet,nw_food_cpi_dyoy,0.345637779853452,0.6378683876951255
d_og,0,oglev,2015Q2,enet,nw_food_cpi_xvat_yoy,0.03468719130197557,0.05535784320911961
d_og,0,oglev,2015Q2,enet,nw_food_cpi_xvat_dyoy,0.007988511866478684,0.015637499299770374
d_og,0,oglev,2015Q2,enet,nw_real_wage_yoy,-0.21944751660510983,-0.40792075059439137
d_og,0,oglev,2015Q2,enet,nw_real_wage_dyoy,-0.09297581197865518,-0.27204956499554833
d_og,0,oglev,2015Q2,enet,nw_food_ppi_dyoy,0.013137905532538432,0.03588309745611929
d_og,0,oglev,2015Q2,enet,fao_ffpi_wloc_dyoy,-0.0025409472221985152,-0.04656314182772428
d_og,0,oglev,2015Q2,enet,eu_agri_basket_yoy,-0.05525956690963455,-0.47974606647442924
d_og,0,oglev,2015Q2,enet,eu_agri_basket_wloc_yoy,-0.0650848012744984,-0.4642937694796277
d_og,0,oglev,2015Q2,enet,price_cost_gap_ppi_d4,-0.022036036219749925,-0.05101781982376879
d_og,0,oglev,2015Q2,enet,price_cost_gap_agri,0.05257921835044637,0.4817112626027795
d_og,0,oglev,2015Q2,enet,nw_price_cost_gap_ppi_d4,-0.019809517164852505,-0.056926914107461736
d_og,0,oglev,2015Q2,enet,price_wage_gap,0.03348348634954602,0.07151179909660783
d_og,0,oglev,2015Q3,lasso,no_cpi_total_idx__yoy,-0.04443018744030856,-0.046765269889812104
d_og,0,oglev,2015Q3,lasso,no_govbond_10y__d4,-0.7877788026464422,-0.5471667571560583
d_og,0,oglev,2015Q3,lasso,no_imp_price_food_idx__dyoy,0.10302237554170425,0.5631272524073365
d_og,0,oglev,2015Q3,lasso,no_ppi_food_dom_idx__dyoy,0.08854586283430754,0.1848227004982518
d_og,0,oglev,2015Q3,lasso,se_cpi_food_idx__dyoy,0.230391493056866,0.6264147850876619
d_og,0,oglev,2015Q3,lasso,no_earn_idx_food_manuf_q__dyoy,-0.0007873250986510155,-0.0023244800904337042
d_og,0,oglev,2015Q3,lasso,eu_ppi_dom_c106_idx__yoy,0.0454000704826559,0.5342508629946763
d_og,0,oglev,2015Q3,lasso,eu_ppi_dom_c108_idx__dyoy,0.07294885016012508,0.22494502835128632
d_og,0,oglev,2015Q3,lasso,ea_ec_food_ind_sell_price_exp__lvl,0.026387264404223214,0.3205010024635975
d_og,0,oglev,2015Q3,lasso,no_nbes_bl_sell_price_di__lvl,0.03535721255199943,0.2530460148871757
d_og,0,oglev,2015Q3,lasso,glob_gscpi__d4,0.8247895833864496,0.4755802629417018
d_og,0,oglev,2015Q3,lasso,us_ppi_corrugated_boxes_idx__yoy,-0.17138716710941165,-0.7437369412155072
d_og,0,oglev,2015Q3,lasso,w_retail_total_vol_dyoy,-0.22517044605317477,-0.42635338616874985
d_og,0,oglev,2015Q3,lasso,w_fx_vs_nok_yoy,-0.007131698836049427,-0.02001513752203548
d_og,0,oglev,2015Q3,lasso,nw_food_cpi_dyoy,0.3334150459962653,0.6099013263020171
d_og,0,oglev,2015Q3,lasso,nw_real_wage_yoy,-0.2063128899715093,-0.3798120794759281
d_og,0,oglev,2015Q3,lasso,nw_real_wage_dyoy,-0.26667391127108814,-0.780222716104464
d_og,0,oglev,2015Q3,lasso,price_cost_gap_agri,0.12379918494962634,1.179641116689169
d_og,0,oglev,2015Q3,enet,no_cpi_food_idx__yoy,0.061357066971122594,0.10285530166824297
d_og,0,oglev,2015Q3,enet,no_cpi_total_idx__yoy,-0.3066550634365456,-0.32277169264600136
d_og,0,oglev,2015Q3,enet,no_govbond_10y__d4,-0.7763885240428048,-0.5392554224187953
d_og,0,oglev,2015Q3,enet,no_imp_price_food_idx__dyoy,0.10145762739456304,0.5545742335104621
d_og,0,oglev,2015Q3,enet,no_ppi_food_dom_idx__dyoy,0.08192997830727675,0.17101329591027523
d_og,0,oglev,2015Q3,enet,no_qna_hh_food_cons_sa_mnok__dyoy,0.006099311397095788,0.014172820600652482
d_og,0,oglev,2015Q3,enet,se_cpi_food_idx__dyoy,0.2191909281065638,0.5959614059584586
d_og,0,oglev,2015Q3,enet,se_ppi_food_hmpi_idx__yoy,0.0641656406348129,0.21715011307367224
d_og,0,oglev,2015Q3,enet,se_na_hhcons_food_sa__yoy,0.025702397061092525,0.055179359219906014
d_og,0,oglev,2015Q3,enet,se_policy_rate__lvl,0.15554829162667647,0.19122788714212588
d_og,0,oglev,2015Q3,enet,ea_negotiated_wages_yoy_q__lvl,-0.009739627165254222,-0.004703935018260271
d_og,0,oglev,2015Q3,enet,no_earn_idx_food_manuf_q__dyoy,-0.0814718681529256,-0.24053562597762243
d_og,0,oglev,2015Q3,enet,se_wage_idx_m__dyoy,-0.050644908071277465,-0.03085575296052089
d_og,0,oglev,2015Q3,enet,ea_hicp_food_idx__yoy,0.001963916859531854,0.003435174205692065
d_og,0,oglev,2015Q3,enet,eu_ppi_dom_c106_idx__yoy,0.027793725151757,0.3270660483629796
d_og,0,oglev,2015Q3,enet,eu_ppi_dom_c106_idx__dyoy,0.007224729139770042,0.12774169439166938
d_og,0,oglev,2015Q3,enet,eu_ppi_dom_c107_idx__yoy,0.04131401699570576,0.11902494533386461
d_og,0,oglev,2015Q3,enet,eu_ppi_dom_c108_idx__dyoy,0.08699956902747186,0.26827181619007434
d_og,0,oglev,2015Q3,enet,ea_ec_food_ind_sell_price_exp__lvl,0.04717535492082353,0.5729941653701728
d_og,0,oglev,2015Q3,enet,ea_ec_food_ind_sell_price_exp__d4,-0.004516671986070612,-0.07323039605314748
d_og,0,oglev,2015Q3,enet,no_fn_cci_sa__lvl,-0.029144931069673675,-0.30424514015065035
d_og,0,oglev,2015Q3,enet,no_nbes_bl_sell_price_di__lvl,0.046060577760714136,0.3296483179664703
d_og,0,oglev,2015Q3,enet,no_nbes_bl_sell_price_di__d4,0.06231183047831976,0.4625037261194788
d_og,0,oglev,2015Q3,enet,no_ssb_bts_consgoods_home_price_exp__lvl,-0.016772086508298787,-0.11491270684346618
d_og,0,oglev,2015Q3,enet,eu_ppi_plastic_products_idx__dyoy,-0.02019438045553546,-0.048933813092544014
d_og,0,oglev,2015Q3,enet,glob_fao_dairy_idx__dyoy,-0.0012576934298964976,-0.06027194804078389
d_og,0,oglev,2015Q3,enet,glob_fao_ffpi_nok__dyoy,-0.004114885301961118,-0.07715065646897133
d_og,0,oglev,2015Q3,enet,glob_fao_sugar_idx__dyoy,0.0009441221003728053,0.04207108830139468
d_og,0,oglev,2015Q3,enet,glob_fao_vegoils_idx__dyoy,-0.0028688635608474468,-0.1231161444495716
d_og,0,oglev,2015Q3,enet,glob_gscpi__d4,1.0367499453257842,0.5977983009659478
d_og,0,oglev,2015Q3,enet,us_ppi_corrugated_boxes_idx__yoy,-0.12607611604891003,-0.5471090192574778
d_og,0,oglev,2015Q3,enet,us_ppi_corrugated_boxes_idx__dyoy,-0.018278774828776642,-0.14316201785986676
d_og,0,oglev,2015Q3,enet,w_wage_dyoy,-0.03514497641071849,-0.08889602981768435
d_og,0,oglev,2015Q3,enet,w_real_wage_yoy,-0.07320029617436555,-0.11188613689846974
d_og,0,oglev,2015Q3,enet,w_real_wage_dyoy,-0.10255199473656032,-0.22915979678288642
d_og,0,oglev,2015Q3,enet,w_retail_total_vol_dyoy,-0.1846824364946998,-0.3496905723889522
d_og,0,oglev,2015Q3,enet,w_gdp_vol_dyoy,-0.05651258529384936,-0.17855959815268882
d_og,0,oglev,2015Q3,enet,w_fx_vs_nok_yoy,-0.08466238878791359,-0.23760528781285473
d_og,0,oglev,2015Q3,enet,w_hh_saving_d4,-0.1265495559321672,-0.15709016200704437
d_og,0,oglev,2015Q3,enet,nw_food_cpi_yoy,0.11358671946001948,0.17599049220375745
d_og,0,oglev,2015Q3,enet,nw_food_cpi_dyoy,0.35296549883539097,0.6456641008365573
d_og,0,oglev,2015Q3,enet,nw_food_cpi_xvat_yoy,0.03294889680432776,0.05214395697493789
d_og,0,oglev,2015Q3,enet,nw_real_wage_yoy,-0.21459785222439418,-0.395064295380045
d_og,0,oglev,2015Q3,enet,nw_real_wage_dyoy,-0.09190753919588014,-0.26889900673107753
d_og,0,oglev,2015Q3,enet,fao_ffpi_wloc_dyoy,-0.0029718920504901154,-0.05391653176864872
d_og,0,oglev,2015Q3,enet,eu_agri_basket_yoy,-0.05246409618238516,-0.47940832443972
d_og,0,oglev,2015Q3,enet,eu_agri_basket_wloc_yoy,-0.05857166910453548,-0.4454090640217933
d_og,0,oglev,2015Q3,enet,price_cost_gap_ppi_d4,-0.017625013977377136,-0.041153628028339724
d_og,0,oglev,2015Q3,enet,price_cost_gap_agri,0.054521385316715236,0.5195160847352941
d_og,0,oglev,2015Q3,enet,nw_price_cost_gap_ppi_d4,-0.017448255368001753,-0.05070647357613593
d_og,0,oglev,2015Q3,enet,price_wage_gap,0.03451552178391057,0.07298315448861133
d_og,0,oglev,2015Q4,lasso,no_cpi_total_idx__yoy,-0.05432880223694481,-0.056627577184329196
d_og,0,oglev,2015Q4,lasso,no_govbond_10y__d4,-0.7756552056633585,-0.5355232448110663
d_og,0,oglev,2015Q4,lasso,no_imp_price_food_idx__dyoy,0.09759566208881479,0.5283197193179219
d_og,0,oglev,2015Q4,lasso,no_ppi_food_dom_idx__dyoy,0.05962488565874971,0.12543032960932657
d_og,0,oglev,2015Q4,lasso,se_cpi_food_idx__dyoy,0.23877199296278429,0.6497365588458086
d_og,0,oglev,2015Q4,lasso,no_earn_idx_food_manuf_q__dyoy,-0.02658946994584599,-0.08045130577368304
d_og,0,oglev,2015Q4,lasso,eu_ppi_dom_c106_idx__yoy,0.046833659219679656,0.5463366150620014
d_og,0,oglev,2015Q4,lasso,eu_ppi_dom_c108_idx__dyoy,0.10405741487064293,0.3182471870344963
d_og,0,oglev,2015Q4,lasso,ea_ec_food_ind_sell_price_exp__lvl,0.03053399610012627,0.3705306637824687
d_og,0,oglev,2015Q4,lasso,no_nbes_bl_sell_price_di__lvl,0.03196597700047256,0.23248022670481353
d_og,0,oglev,2015Q4,lasso,no_nbes_bl_sell_price_di__d4,0.0149878330874734,0.11024647982576384
d_og,0,oglev,2015Q4,lasso,no_ssb_bts_consgoods_home_price_exp__d4,-0.0003761787381266555,-0.003188162497475707
d_og,0,oglev,2015Q4,lasso,glob_gscpi__d4,0.8967026489359737,0.5127900030155861
d_og,0,oglev,2015Q4,lasso,us_ppi_corrugated_boxes_idx__yoy,-0.17753853872201183,-0.7654405830452043
d_og,0,oglev,2015Q4,lasso,w_retail_total_vol_dyoy,-0.2532810318437561,-0.4762086956779786
d_og,0,oglev,2015Q4,lasso,w_fx_vs_nok_yoy,-0.030540334184554242,-0.08818940357863622
d_og,0,oglev,2015Q4,lasso,w_hh_saving_d4,-0.02277672902337954,-0.028003493548567623
d_og,0,oglev,2015Q4,lasso,nw_food_cpi_dyoy,0.3795808528069578,0.6914897616764987
d_og,0,oglev,2015Q4,lasso,nw_real_wage_yoy,-0.24425795177670112,-0.4468503304557154
d_og,0,oglev,2015Q4,lasso,nw_real_wage_dyoy,-0.24188717188343475,-0.7125003638376172
d_og,0,oglev,2015Q4,lasso,price_cost_gap_agri,0.14525641021769498,1.4227963873083438
d_og,0,oglev,2015Q4,lasso,nw_price_cost_gap_ppi_d4,-0.02433298542982079,-0.07030206548003437
d_og,0,oglev,2015Q4,enet,no_cpi_food_idx__yoy,0.05902606781517852,0.09847159565175911
d_og,0,oglev,2015Q4,enet,no_cpi_total_idx__yoy,-0.28979232630610097,-0.30205409745193523
d_og,0,oglev,2015Q4,enet,no_govbond_10y__d4,-0.8245464470407404,-0.5692784443302454
d_og,0,oglev,2015Q4,enet,no_imp_price_food_idx__dyoy,0.10079287628436412,0.5456273667096135
d_og,0,oglev,2015Q4,enet,no_ppi_food_dom_idx__dyoy,0.08061829721625487,0.16959327436284333
d_og,0,oglev,2015Q4,enet,no_qna_hh_food_cons_sa_mnok__dyoy,0.004275797714862554,0.00997023779881313
d_og,0,oglev,2015Q4,enet,se_cpi_food_idx__dyoy,0.20870746192330408,0.5679261894699099
d_og,0,oglev,2015Q4,enet,se_ppi_food_hmpi_idx__yoy,0.06772034795133866,0.22717441388399545
d_og,0,oglev,2015Q4,enet,se_na_hhcons_food_sa__yoy,0.022987079994933064,0.04886960243941827
d_og,0,oglev,2015Q4,enet,se_na_hhcons_food_sa__dyoy,0.001666175866271325,0.005827914219454256
d_og,0,oglev,2015Q4,enet,se_policy_rate__lvl,0.14018158177453124,0.17568337530183906
d_og,0,oglev,2015Q4,enet,no_earn_idx_food_manuf_q__dyoy,-0.06961547683230328,-0.21063436106936592
d_og,0,oglev,2015Q4,enet,se_wage_idx_m__dyoy,-0.06091763856289347,-0.03686019118203566
d_og,0,oglev,2015Q4,enet,eu_ppi_dom_c106_idx__yoy,0.02569208012025771,0.299710172569756
d_og,0,oglev,2015Q4,enet,eu_ppi_dom_c106_idx__dyoy,0.008046494441496039,0.1410720919499542
d_og,0,oglev,2015Q4,enet,eu_ppi_dom_c107_idx__yoy,0.04620934663643531,0.13204615982102874
d_og,0,oglev,2015Q4,enet,eu_ppi_dom_c108_idx__dyoy,0.06997330512874317,0.21400500437582526
d_og,0,oglev,2015Q4,enet,ea_ec_food_ind_sell_price_exp__lvl,0.047424364567132206,0.5754956287051015
d_og,0,oglev,2015Q4,enet,ea_ec_food_ind_sell_price_exp__d4,-0.005186535401428056,-0.08326267453687695
d_og,0,oglev,2015Q4,enet,no_fn_cci_sa__lvl,-0.024334938070587224,-0.26627370733380057
d_og,0,oglev,2015Q4,enet,no_nbes_bl_sell_price_di__lvl,0.04507475181196454,0.32781693235134995
d_og,0,oglev,2015Q4,enet,no_nbes_bl_sell_price_di__d4,0.06255192481628158,0.4601151798977907
d_og,0,oglev,2015Q4,enet,no_ssb_bts_consgoods_home_price_exp__lvl,-0.01484707106431649,-0.10077918897248846
d_og,0,oglev,2015Q4,enet,eu_ppi_plastic_products_idx__yoy,-0.0008453240610037793,-0.0014263321116088745
d_og,0,oglev,2015Q4,enet,eu_ppi_plastic_products_idx__dyoy,-0.026177356918682757,-0.0629191361738009
d_og,0,oglev,2015Q4,enet,glob_fao_dairy_idx__dyoy,-0.0020634773738393546,-0.09806945011794112
d_og,0,oglev,2015Q4,enet,glob_fao_ffpi_nok__dyoy,-0.0032922185639557,-0.06113954195764968
d_og,0,oglev,2015Q4,enet,glob_fao_sugar_idx__dyoy,0.000518671944910515,0.02303747495310382
d_og,0,oglev,2015Q4,enet,glob_fao_vegoils_idx__dyoy,-0.0028587040138230322,-0.12150347208558375
d_og,0,oglev,2015Q4,enet,glob_gscpi__d4,1.0536256789603906,0.6025282915496052
d_og,0,oglev,2015Q4,enet,us_ppi_corrugated_boxes_idx__yoy,-0.1275450325486334,-0.5498983194370588
d_og,0,oglev,2015Q4,enet,us_ppi_corrugated_boxes_idx__dyoy,-0.018243108576998967,-0.14170275445046324
d_og,0,oglev,2015Q4,enet,w_wage_dyoy,-0.034254437753068356,-0.08671943096390074
d_og,0,oglev,2015Q4,enet,w_real_wage_yoy,-0.07230072410213416,-0.10969444465053196
d_og,0,oglev,2015Q4,enet,w_real_wage_dyoy,-0.1004794994240723,-0.22561727538606205
d_og,0,oglev,2015Q4,enet,w_retail_total_vol_dyoy,-0.18825518401043262,-0.35394974104309734
d_og,0,oglev,2015Q4,enet,w_gdp_vol_dyoy,-0.06864201434416486,-0.21484984728780426
d_og,0,oglev,2015Q4,enet,w_policy_rate_lvl,0.00592334508752885,0.007690426526472788
d_og,0,oglev,2015Q4,enet,w_fx_vs_nok_yoy,-0.07523628850749886,-0.2172551017566205
d_og,0,oglev,2015Q4,enet,w_hh_saving_d4,-0.12521774837401212,-0.15395250148335496
d_og,0,oglev,2015Q4,enet,nw_food_cpi_yoy,0.1307763377096436,0.20173736497387892
d_og,0,oglev,2015Q4,enet,nw_food_cpi_dyoy,0.3562805457856764,0.6490431429126984
d_og,0,oglev,2015Q4,enet,nw_food_cpi_xvat_yoy,0.021443835538844283,0.033814995343297564
d_og,0,oglev,2015Q4,enet,nw_real_wage_yoy,-0.2175973492706355,-0.3980768966603033
d_og,0,oglev,2015Q4,enet,nw_real_wage_dyoy,-0.09860477526660763,-0.29044921111997085
d_og,0,oglev,2015Q4,enet,fao_ffpi_wloc_dyoy,-0.002532946724981217,-0.045505438130432806
d_og,0,oglev,2015Q4,enet,eu_agri_basket_yoy,-0.04982425957757469,-0.4701347752501527
d_og,0,oglev,2015Q4,enet,eu_agri_basket_wloc_yoy,-0.056010421140849975,-0.4448984343423577
d_og,0,oglev,2015Q4,enet,price_cost_gap_ppi_d4,-0.027358990367231925,-0.06333805166683729
d_og,0,oglev,2015Q4,enet,price_cost_gap_agri,0.05237736616407055,0.5130398530658968
d_og,0,oglev,2015Q4,enet,nw_price_cost_gap_ppi_d4,-0.015077985932939495,-0.04356282369961359
d_og,0,oglev,2015Q4,enet,price_wage_gap,0.01740802015228408,0.03657622539218556
d_og,0,oglev,2016Q1,lasso,no_cpi_food_idx__yoy,0.08463105823062755,0.14035403140376934
d_og,0,oglev,2016Q1,lasso,no_cpi_total_idx__yoy,-0.544663794330797,-0.5643489555710546
d_og,0,oglev,2016Q1,lasso,no_govbond_10y__d4,-1.412031294554046,-0.9655302250632779
d_og,0,oglev,2016Q1,lasso,no_imp_price_food_idx__yoy,0.0923344980489245,0.3422342522792453
d_og,0,oglev,2016Q1,lasso,no_imp_price_food_idx__dyoy,0.1100898563564485,0.6025466259723449
d_og,0,oglev,2016Q1,lasso,no_ppi_food_dom_idx__dyoy,0.2355825628144229,0.4918893836091663
d_og,0,oglev,2016Q1,lasso,no_qna_hh_food_cons_sa_mnok__dyoy,0.21788057721432166,0.5053764827807039
d_og,0,oglev,2016Q1,lasso,se_cpi_food_idx__dyoy,0.2642919432642609,0.715437802980446
d_og,0,oglev,2016Q1,lasso,se_retail_grocery_vol_sa_idx__dyoy,0.11630077114088075,0.2520953392883924
d_og,0,oglev,2016Q1,lasso,se_na_hhcons_food_sa__yoy,0.02353800605812733,0.04956442795271638
d_og,0,oglev,2016Q1,lasso,ea_negotiated_wages_yoy_q__lvl,-0.7118279918398834,-0.35155470449607007
d_og,0,oglev,2016Q1,lasso,se_wage_idx_m__dyoy,-0.6663722747360308,-0.3999458658398338
d_og,0,oglev,2016Q1,lasso,ea_hicp_food_idx__dyoy,0.0314243804084719,0.08079370806804105
d_og,0,oglev,2016Q1,lasso,ea_ec_food_ind_sell_price_exp__lvl,0.08003145677778635,0.965602805528897
d_og,0,oglev,2016Q1,lasso,no_fn_cci_sa__lvl,-0.159328602590191,-1.8597504408274363
d_og,0,oglev,2016Q1,lasso,no_nbes_bl_sell_price_di__lvl,0.04775719431173929,0.34811718196079994
d_og,0,oglev,2016Q1,lasso,no_nbes_bl_sell_price_di__d4,0.2331449661294947,1.6988321875136037
d_og,0,oglev,2016Q1,lasso,no_ssb_bts_consgoods_home_price_exp__lvl,-0.008712819419713051,-0.05884756806750354
d_og,0,oglev,2016Q1,lasso,se_ec_cons_conf__d4,-0.049259625999320114,-0.25278259223750993
d_og,0,oglev,2016Q1,lasso,glob_fao_dairy_idx__dyoy,-0.0011317156627569669,-0.05336122917741909
d_og,0,oglev,2016Q1,lasso,glob_fao_ffpi_nok__dyoy,-0.010257039872624918,-0.18867957700442337
d_og,0,oglev,2016Q1,lasso,glob_fao_sugar_idx__yoy,0.002767235420769703,0.08094004039912767
d_og,0,oglev,2016Q1,lasso,glob_fao_sugar_idx__dyoy,0.0038439583516833124,0.16908835647362647
d_og,0,oglev,2016Q1,lasso,glob_gscpi__lvl,-0.27564561992146036,-0.11204495868289426
d_og,0,oglev,2016Q1,lasso,glob_gscpi__d4,0.7771159078455018,0.4404095424815075
d_og,0,oglev,2016Q1,lasso,us_ppi_corrugated_boxes_idx__yoy,-0.11461478667686165,-0.4913379453592538
d_og,0,oglev,2016Q1,lasso,us_ppi_plastic_resins_idx__yoy,0.012221172641017996,0.11111493056351825
d_og,0,oglev,2016Q1,lasso,w_wage_yoy,-0.03819809028615046,-0.06232115501356772
d_og,0,oglev,2016Q1,lasso,w_retail_total_vol_dyoy,-0.5980135313975925,-1.1241099864295703
d_og,0,oglev,2016Q1,lasso,w_gdp_vol_dyoy,-0.018640382930039993,-0.057789791586613674
d_og,0,oglev,2016Q1,lasso,w_ec_food_ind_sell_price_exp_d4,-0.005096701098983137,-0.0864443944328053
d_og,0,oglev,2016Q1,lasso,w_hh_saving_d4,-0.18308856644768465,-0.22336752382040276
d_og,0,oglev,2016Q1,lasso,nw_food_cpi_dyoy,0.5128415651793294,0.9288558788988978
d_og,0,oglev,2016Q1,lasso,nw_real_wage_dyoy,-0.33094936067720704,-0.9746178796084211
d_og,0,oglev,2016Q1,lasso,nw_food_ppi_dyoy,0.02167307495559458,0.05891865710741096
d_og,0,oglev,2016Q1,lasso,elec_nordic_loc_dyoy,0.0006944714391767762,0.05629926726138706
d_og,0,oglev,2016Q1,lasso,brent_nok_yoy,0.009239551042476675,0.22828222085977318
d_og,0,oglev,2016Q1,lasso,price_cost_gap_agri,0.09502240190030438,0.9444052700196394
d_og,0,oglev,2016Q1,lasso,nw_price_cost_gap_ppi_d4,-0.009466980520450878,-0.027107400611290057
d_og,0,oglev,2016Q1,lasso,price_wage_gap,0.15299855942428167,0.319568467437267
d_og,0,oglev,2016Q1,enet,no_cpi_food_idx__yoy,0.002299876652537464,0.003814166650680265
d_og,0,oglev,2016Q1,enet,no_cpi_total_idx__yoy,-0.32567914926688724,-0.33744979867049874
d_og,0,oglev,2016Q1,enet,no_cpi_total_idx__dyoy,-0.02953711592209426,-0.04958865519631428
d_og,0,oglev,2016Q1,enet,no_govbond_10y__d4,-0.9476897731960903,-0.6480190088798099
d_og,0,oglev,2016Q1,enet,no_imp_price_food_idx__yoy,0.029074214653657532,0.10776245415151917
d_og,0,oglev,2016Q1,enet,no_imp_price_food_idx__dyoy,0.06376866344677162,0.34902028465011786
d_og,0,oglev,2016Q1,enet,no_ppi_food_dom_idx__dyoy,0.14291187494416902,0.29839574388233886
d_og,0,oglev,2016Q1,enet,no_qna_hh_food_cons_sa_mnok__dyoy,0.06133056775867419,0.14225695111103756
d_og,0,oglev,2016Q1,enet,se_cpi_food_idx__dyoy,0.3118225398360745,0.8441030402392565
d_og,0,oglev,2016Q1,enet,se_retail_grocery_vol_sa_idx__dyoy,0.002733902524752362,0.005926049137919928
d_og,0,oglev,2016Q1,enet,se_na_hhcons_food_sa__yoy,0.052274055230511214,0.11007447435737142
d_og,0,oglev,2016Q1,enet,ea_negotiated_wages_yoy_q__lvl,-0.07286315124626196,-0.03598535587062715
d_og,0,oglev,2016Q1,enet,no_earn_idx_food_manuf_q__dyoy,-0.01603985112061147,-0.048063544592903434
d_og,0,oglev,2016Q1,enet,eu_ppi_dom_c106_idx__yoy,0.003136567355860303,0.03626310729835828
d_og,0,oglev,2016Q1,enet,eu_ppi_dom_c108_idx__dyoy,0.1423603388951834,0.43167545785901634
d_og,0,oglev,2016Q1,enet,ea_ec_food_ind_sell_price_exp__lvl,0.05587606853673078,0.6741610200948853
d_og,0,oglev,2016Q1,enet,no_fn_cci_sa__lvl,-0.05227912903613282,-0.6102239754220259
d_og,0,oglev,2016Q1,enet,no_nbes_bl_sell_price_di__lvl,0.05053610321102903,0.3683735213226108
d_og,0,oglev,2016Q1,enet,no_nbes_bl_sell_price_di__d4,0.09839390076218087,0.7169561858649358
d_og,0,oglev,2016Q1,enet,no_ssb_bts_consgoods_home_price_exp__lvl,-5.5504611239523544e-05,-0.00037488569780156847
d_og,0,oglev,2016Q1,enet,se_ec_cons_conf__d4,-0.0019016198874582469,-0.009758425786844832
d_og,0,oglev,2016Q1,enet,glob_fao_dairy_idx__dyoy,-0.0003576686203042433,-0.01686433955604325
d_og,0,oglev,2016Q1,enet,glob_fao_ffpi_eur__dyoy,-0.0004892717796218779,-0.01028671795883234
d_og,0,oglev,2016Q1,enet,glob_fao_ffpi_nok__dyoy,-0.0017663587711744583,-0.03249239838413146
d_og,0,oglev,2016Q1,enet,glob_fao_sugar_idx__yoy,0.001299336274791662,0.03800483680728426
d_og,0,oglev,2016Q1,enet,glob_fao_sugar_idx__dyoy,0.004782588309758681,0.21037688835336746
d_og,0,oglev,2016Q1,enet,glob_gscpi__lvl,-0.16127480144018622,-0.06555528968356664
d_og,0,oglev,2016Q1,enet,glob_gscpi__d4,1.111897917708538,0.6301382435752599
d_og,0,oglev,2016Q1,enet,us_ppi_corrugated_boxes_idx__yoy,-0.11699095704755898,-0.5015242633869055
d_og,0,oglev,2016Q1,enet,w_wage_yoy,-0.033542422107311363,-0.054725314067289706
d_og,0,oglev,2016Q1,enet,w_wage_dyoy,-0.03966611452610858,-0.1000464665016982
d_og,0,oglev,2016Q1,enet,w_real_wage_dyoy,-0.12358401489455188,-0.2766567361374784
d_og,0,oglev,2016Q1,enet,w_cons_conf_z,-0.19173109851340886,-0.0982173555271294
d_og,0,oglev,2016Q1,enet,w_retail_total_vol_dyoy,-0.22864117658987781,-0.42978597710493754
d_og,0,oglev,2016Q1,enet,w_gdp_vol_dyoy,-0.04652416547198724,-0.14423640525294198
d_og,0,oglev,2016Q1,enet,w_fx_vs_nok_yoy,-0.09050336744988506,-0.26588472579212147
d_og,0,oglev,2016Q1,enet,w_hh_saving_d4,-0.19912369795113888,-0.24293033807775585
d_og,0,oglev,2016Q1,enet,nw_food_cpi_yoy,0.0666111007342341,0.10221318608604119
d_og,0,oglev,2016Q1,enet,nw_food_cpi_dyoy,0.358504666704515,0.6493217201783092
d_og,0,oglev,2016Q1,enet,nw_food_cpi_xvat_dyoy,0.016611456769020403,0.03199541473875395
d_og,0,oglev,2016Q1,enet,nw_real_wage_yoy,-0.17054223953175732,-0.3095025469563257
d_og,0,oglev,2016Q1,enet,nw_real_wage_dyoy,-0.15605535824027195,-0.4595698327938826
d_og,0,oglev,2016Q1,enet,nw_cons_conf_z,-0.7320348566859904,-0.4067266303090388
d_og,0,oglev,2016Q1,enet,nw_food_ppi_dyoy,0.012213056732832872,0.03320142173408526
d_og,0,oglev,2016Q1,enet,eu_agri_basket_yoy,-0.051762725042068816,-0.4965525411033085
d_og,0,oglev,2016Q1,enet,eu_agri_basket_wloc_yoy,-0.017383517822004146,-0.1399147498837958
d_og,0,oglev,2016Q1,enet,elec_nordic_loc_dyoy,0.0001717371264584385,0.01392234991355075
d_og,0,oglev,2016Q1,enet,price_cost_gap_agri,0.053249308772005934,0.5292323370435065
d_og,0,oglev,2016Q1,enet,price_wage_gap,0.06270913443339825,0.13098072335194938
d_og,0,oglev,2016Q2,lasso,no_cpi_food_idx__yoy,0.02352335731811561,0.03864266561756525
d_og,0,oglev,2016Q2,lasso,no_cpi_total_idx__yoy,-0.5358514440779956,-0.5576550144293432
d_og,0,oglev,2016Q2,lasso,no_govbond_10y__d4,-1.283462145231256,-0.8708818912093127
d_og,0,oglev,2016Q2,lasso,no_imp_price_food_idx__yoy,0.08385224617244193,0.3079537651774043
d_og,0,oglev,2016Q2,lasso,no_imp_price_food_idx__dyoy,0.12088671307888955,0.6641774124453041
d_og,0,oglev,2016Q2,lasso,no_ppi_food_dom_idx__dyoy,0.19943317228542326,0.4146808983883704
d_og,0,oglev,2016Q2,lasso,no_qna_hh_food_cons_sa_mnok__dyoy,0.2286995283531914,0.5254457625062335
d_og,0,oglev,2016Q2,lasso,se_cpi_food_idx__dyoy,0.2754676717687387,0.7407054111487561
d_og,0,oglev,2016Q2,lasso,se_retail_grocery_vol_sa_idx__dyoy,0.1318698802228874,0.28368733735500085
d_og,0,oglev,2016Q2,lasso,ea_negotiated_wages_yoy_q__lvl,-0.7412465185630511,-0.369619885677085
d_og,0,oglev,2016Q2,lasso,se_wage_idx_m__dyoy,-0.7432603475536997,-0.4419957205000625
d_og,0,oglev,2016Q2,lasso,ea_hicp_food_idx__dyoy,0.04455002693438406,0.11402622910112795
d_og,0,oglev,2016Q2,lasso,eu_ppi_dom_c108_idx__dyoy,0.03998610242932892,0.12068232981541799
d_og,0,oglev,2016Q2,lasso,ea_ec_food_ind_sell_price_exp__lvl,0.07724866719637277,0.9314487464299301
d_og,0,oglev,2016Q2,lasso,no_fn_cci_sa__lvl,-0.16550514395768812,-2.0642182027869618
d_og,0,oglev,2016Q2,lasso,no_nbes_bl_sell_price_di__lvl,0.05760889271034844,0.41987829167228563
d_og,0,oglev,2016Q2,lasso,no_nbes_bl_sell_price_di__d4,0.22157096061649922,1.6000163367719134
d_og,0,oglev,2016Q2,lasso,no_ssb_bts_consgoods_home_price_exp__lvl,-0.009639423938190691,-0.06541928052939468
d_og,0,oglev,2016Q2,lasso,se_ec_cons_conf__d4,-0.042171999755990605,-0.2143872318878485
d_og,0,oglev,2016Q2,lasso,se_nier_food_mfg_sell_price_exp__lvl,-0.0021983456140596412,-0.04319999066183093
d_og,0,oglev,2016Q2,lasso,glob_fao_dairy_idx__dyoy,-0.0015629321039617148,-0.07332302297229808
d_og,0,oglev,2016Q2,lasso,glob_fao_ffpi_nok__dyoy,-0.00832178476835564,-0.15199403852595667
d_og,0,oglev,2016Q2,lasso,glob_fao_sugar_idx__yoy,0.0009476079842626965,0.027466403431435905
d_og,0,oglev,2016Q2,lasso,glob_fao_sugar_idx__dyoy,0.005756280548239456,0.25103968386436204
d_og,0,oglev,2016Q2,lasso,glob_gscpi__lvl,-0.3677412965864362,-0.1498516090073893
d_og,0,oglev,2016Q2,lasso,glob_gscpi__d4,0.725753493512221,0.40873196056114386
d_og,0,oglev,2016Q2,lasso,us_ppi_corrugated_boxes_idx__yoy,-0.12232460750019537,-0.522910823468044
d_og,0,oglev,2016Q2,lasso,us_ppi_plastic_resins_idx__yoy,0.00972117796308284,0.0913013904546591
d_og,0,oglev,2016Q2,lasso,w_cpi_yoy,-0.10036157576056888,-0.08627465082864966
d_og,0,oglev,2016Q2,lasso,w_retail_total_vol_dyoy,-0.6494956821239919,-1.2094807049136418
d_og,0,oglev,2016Q2,lasso,w_ec_food_ind_sell_price_exp_d4,-0.0026990301481433373,-0.04573494959133971
d_og,0,oglev,2016Q2,lasso,w_hh_saving_d4,-0.18271176494301036,-0.22390780611176067
d_og,0,oglev,2016Q2,lasso,nw_food_cpi_dyoy,0.5048890215838243,0.9072515083441107
d_og,0,oglev,2016Q2,lasso,nw_real_wage_dyoy,-0.3344968602406481,-0.9860275309361529
d_og,0,oglev,2016Q2,lasso,elec_nordic_loc_dyoy,0.0008325419597504743,0.06686356604729812
d_og,0,oglev,2016Q2,lasso,brent_nok_yoy,0.007885079352239595,0.19766112836730876
d_og,0,oglev,2016Q2,lasso,price_cost_gap_agri,0.09645636502756959,0.9515422276365284
d_og,0,oglev,2016Q2,lasso,nw_price_cost_gap_ppi_d4,-0.017241607755278394,-0.048901578048641516
d_og,0,oglev,2016Q2,lasso,price_wage_gap,0.16380527391451444,0.3400354328865954
d_og,0,oglev,2016Q2,enet,no_cpi_food_idx__yoy,0.07419570662310607,0.12188395740125314
d_og,0,oglev,2016Q2,enet,no_cpi_total_idx__yoy,-0.33692872950615843,-0.35063821809364915
d_og,0,oglev,2016Q2,enet,no_cpi_total_idx__dyoy,-0.10933090207453543,-0.1826407917919168
d_og,0,oglev,2016Q2,enet,no_govbond_10y__lvl,-0.021692246278635193,-0.0238357374077334
d_og,0,oglev,2016Q2,enet,no_govbond_10y__d4,-0.9125117413241923,-0.6191767743114288
d_og,0,oglev,2016Q2,enet,no_imp_price_food_idx__yoy,0.06639296043552648,0.243833207584538
d_og,0,oglev,2016Q2,enet,no_imp_price_food_idx__dyoy,0.09682786492977387,0.5319929638561016
d_og,0,oglev,2016Q2,enet,no_ppi_food_dom_idx__dyoy,0.1039867850230205,0.21621946308987364
d_og,0,oglev,2016Q2,enet,no_qna_hh_food_cons_sa_mnok__dyoy,0.19058258207336778,0.43787064572907825
d_og,0,oglev,2016Q2,enet,se_cpi_food_idx__dyoy,0.23971185708567444,0.6445615506161408
d_og,0,oglev,2016Q2,enet,se_retail_grocery_vol_sa_idx__dyoy,0.030981587613377173,0.0666496707376565
d_og,0,oglev,2016Q2,enet,se_na_hhcons_food_sa__yoy,0.0011764722787092564,0.0024549437219875255
d_og,0,oglev,2016Q2,enet,se_na_hhcons_food_sa__dyoy,0.0009362089411851166,0.0032164069315719288
d_og,0,oglev,2016Q2,enet,ea_negotiated_wages_yoy_q__lvl,-0.6849800113474557,-0.3415627961074856
d_og,0,oglev,2016Q2,enet,no_earn_idx_food_manuf_q__yoy,-0.000851724303037185,-0.0016389831359697577
d_og,0,oglev,2016Q2,enet,no_earn_idx_food_manuf_q__dyoy,-0.00788388827363902,-0.02383278764912011
d_og,0,oglev,2016Q2,enet,se_wage_idx_m__dyoy,-0.609248684917261,-0.3623028086188396
d_og,0,oglev,2016Q2,enet,ea_hicp_food_idx__dyoy,0.05670206755819431,0.14512949577833267
d_og,0,oglev,2016Q2,enet,eu_ppi_dom_c108_idx__dyoy,0.152177952841075,0.4592893225305019
d_og,0,oglev,2016Q2,enet,ea_ec_food_ind_sell_price_exp__lvl,0.07651748735787144,0.9226323283776212
d_og,0,oglev,2016Q2,enet,no_fn_cci_sa__lvl,-0.09674664182421143,-1.206646357548277
d_og,0,oglev,2016Q2,enet,no_nbes_bl_sell_price_di__lvl,0.0814423741497463,0.5935869154726505
d_og,0,oglev,2016Q2,enet,no_nbes_bl_sell_price_di__d4,0.15219236941091582,1.0990171126755426
d_og,0,oglev,2016Q2,enet,no_ssb_bts_consgoods_home_price_exp__lvl,-0.022241518850113957,-0.15094513638836088
d_og,0,oglev,2016Q2,enet,se_ec_cons_conf__d4,-0.039855819458523754,-0.20261260689021474
d_og,0,oglev,2016Q2,enet,se_nier_food_mfg_sell_price_exp__lvl,-0.0006907411433893829,-0.013573848785796152
d_og,0,oglev,2016Q2,enet,glob_fao_dairy_idx__dyoy,-0.00286848122362405,-0.1345712421686515
d_og,0,oglev,2016Q2,enet,glob_fao_ffpi_nok__dyoy,-0.004192866874507598,-0.07658102041781624
d_og,0,oglev,2016Q2,enet,glob_fao_sugar_idx__yoy,0.0034437944593615328,0.09981833155338382
d_og,0,oglev,2016Q2,enet,glob_fao_sugar_idx__dyoy,0.007032440635216301,0.3066948629527001
d_og,0,oglev,2016Q2,enet,glob_gscpi__lvl,-0.543914599243369,-0.2216408073170276
d_og,0,oglev,2016Q2,enet,glob_gscpi__d4,0.9436275378504226,0.5314348977068942
d_og,0,oglev,2016Q2,enet,glob_wb_food_idx__yoy,0.0023678376911880792,0.04070478244596701
d_og,0,oglev,2016Q2,enet,glob_wb_food_idx_nok__dyoy,-0.005619206775132869,-0.10193655407721143
d_og,0,oglev,2016Q2,enet,us_ppi_corrugated_boxes_idx__yoy,-0.15021503666780095,-0.6421362808878561
d_og,0,oglev,2016Q2,enet,us_ppi_plastic_resins_idx__yoy,0.006941430450161681,0.06519397692860351
d_og,0,oglev,2016Q2,enet,w_cpi_yoy,-0.06765429075252623,-0.05815821710152328
d_og,0,oglev,2016Q2,enet,w_food_cpi_rel_yoy,0.0019980369816130473,0.002629070177954986
d_og,0,oglev,2016Q2,enet,w_wage_yoy,-0.07113082879889783,-0.11554206788801863
d_og,0,oglev,2016Q2,enet,w_wage_dyoy,-0.015852661561683138,-0.03979185938291402
d_og,0,oglev,2016Q2,enet,w_real_wage_dyoy,-0.05282177576308251,-0.11799684600521423
d_og,0,oglev,2016Q2,enet,w_retail_food_vol_dyoy,0.039575986923302116,0.05813769771041798
d_og,0,oglev,2016Q2,enet,w_retail_total_vol_dyoy,-0.49058580891798775,-0.9135612234562674
d_og,0,oglev,2016Q2,enet,w_gdp_vol_dyoy,-0.029952361745535856,-0.09201061739150852
d_og,0,oglev,2016Q2,enet,w_fx_vs_usd_yoy,-0.011082717964766663,-0.12552583930362113
d_og,0,oglev,2016Q2,enet,w_fx_vs_nok_yoy,-0.10378946025084738,-0.31022470923731005
d_og,0,oglev,2016Q2,enet,w_ec_cons_price_exp_lvl,-0.008449400179121122,-0.09296775347947658
d_og,0,oglev,2016Q2,enet,w_hh_saving_d4,-0.22352003468838277,-0.2739171207979457
d_og,0,oglev,2016Q2,enet,nw_food_cpi_dyoy,0.3676925442544196,0.6607186948435589
d_og,0,oglev,2016Q2,enet,nw_food_cpi_xvat_dyoy,0.10386196065654979,0.198609890630256
d_og,0,oglev,2016Q2,enet,nw_real_wage_yoy,-0.11707676707144682,-0.21122094492143736
d_og,0,oglev,2016Q2,enet,nw_real_wage_dyoy,-0.1787014369064131,-0.5267748596528106
d_og,0,oglev,2016Q2,enet,nw_cons_conf_z,-0.7387685386919145,-0.424651860260859
d_og,0,oglev,2016Q2,enet,eu_agri_basket_yoy,-0.05130646475904606,-0.488577762395527
d_og,0,oglev,2016Q2,enet,eu_agri_basket_wloc_yoy,-0.027995990956556135,-0.22336739586637275
d_og,0,oglev,2016Q2,enet,elec_nordic_loc_yoy,0.00013472495567145112,0.00613141743274418
d_og,0,oglev,2016Q2,enet,elec_nordic_loc_dyoy,0.0024818683846909904,0.19932517360473204
d_og,0,oglev,2016Q2,enet,price_cost_gap_agri,0.05264277699326506,0.5193210969004166
d_og,0,oglev,2016Q2,enet,price_cost_gap_fao_wloc,0.001860957854329929,0.020935138398434253
d_og,0,oglev,2016Q2,enet,nw_price_cost_gap_ppi_d4,-0.02954166009056236,-0.08378765003297382
d_og,0,oglev,2016Q2,enet,price_wage_gap,0.11432027978796316,0.23731193078498497
d_og,0,oglev,2016Q3,lasso,no_cpi_total_idx__yoy,-0.2189509937813179,-0.23018383286034982
d_og,0,oglev,2016Q3,lasso,no_govbond_10y__d4,-0.45683985539984384,-0.30710858311666994
d_og,0,oglev,2016Q3,lasso,no_imp_price_food_idx__dyoy,0.07255133147381604,0.3957761988524993
d_og,0,oglev,2016Q3,lasso,no_ppi_food_dom_idx__dyoy,0.054153878904386936,0.11190438952007596
d_og,0,oglev,2016Q3,lasso,se_cpi_food_idx__dyoy,0.39346932344360075,1.0486308376821314
d_og,0,oglev,2016Q3,lasso,se_na_hhcons_food_sa__yoy,0.05501552416839369,0.114539895577435
d_og,0,oglev,2016Q3,lasso,eu_ppi_dom_c108_idx__dyoy,0.19282135545830964,0.578727047854224
d_og,0,oglev,2016Q3,lasso,ea_ec_food_ind_sell_price_exp__lvl,0.04298513008473324,0.5172970078867576
d_og,0,oglev,2016Q3,lasso,no_fn_cci_sa__lvl,-0.036367028754809114,-0.47552902130309765
d_og,0,oglev,2016Q3,lasso,no_nbes_bl_sell_price_di__d4,0.07902202825987104,0.5662493582282643
d_og,0,oglev,2016Q3,lasso,glob_fao_sugar_idx__dyoy,0.001728956499217256,0.07604440483550921
d_og,0,oglev,2016Q3,lasso,glob_gscpi__d4,1.0472744212176166,0.584771944407246
d_og,0,oglev,2016Q3,lasso,glob_wb_food_idx_nok__yoy,0.009869080537498544,0.11124822764469702
d_og,0,oglev,2016Q3,lasso,us_ppi_corrugated_boxes_idx__yoy,-0.14521255800584598,-0.6196923757335433
d_og,0,oglev,2016Q3,lasso,us_ppi_plastic_resins_idx__dyoy,-0.0006675487606286452,-0.00988451943966454
d_og,0,oglev,2016Q3,lasso,w_retail_total_vol_dyoy,-0.31893678118261864,-0.6007698907226557
d_og,0,oglev,2016Q3,lasso,w_fx_vs_nok_yoy,-0.04069497091270957,-0.12306612130871819
d_og,0,oglev,2016Q3,lasso,w_hh_saving_d4,-0.2042144512041939,-0.24797075095621404
d_og,0,oglev,2016Q3,lasso,nw_food_cpi_dyoy,0.31510196690044606,0.5610595442396351
d_og,0,oglev,2016Q3,lasso,nw_real_wage_yoy,-0.16660062316926325,-0.30060105022791034
d_og,0,oglev,2016Q3,lasso,nw_real_wage_dyoy,-0.3595374528916773,-1.0520935433085148
d_og,0,oglev,2016Q3,lasso,nw_cons_conf_z,-0.7788193681890763,-0.45884738797662156
d_og,0,oglev,2016Q3,lasso,eu_agri_basket_yoy,-0.06371822965597472,-0.6047683012468158
d_og,0,oglev,2016Q3,lasso,price_cost_gap_agri,0.0580365955292793,0.5697883395122141
d_og,0,oglev,2016Q3,enet,no_cpi_total_idx__yoy,-0.28167998642828573,-0.2961310099413053
d_og,0,oglev,2016Q3,enet,no_cpi_total_idx__dyoy,-0.04098219684348147,-0.06808317577896807
d_og,0,oglev,2016Q3,enet,no_govbond_10y__lvl,-0.02147514459084976,-0.024229513334348047
d_og,0,oglev,2016Q3,enet,no_govbond_10y__d4,-0.8069274812990791,-0.5424534495633414
d_og,0,oglev,2016Q3,enet,no_imp_price_food_idx__yoy,0.03127267391636721,0.11392972500084647
d_og,0,oglev,2016Q3,enet,no_imp_price_food_idx__dyoy,0.06729196774133404,0.36708574005401884
d_og,0,oglev,2016Q3,enet,no_ppi_food_dom_idx__dyoy,0.10376137799326424,0.2144140714388874
d_og,0,oglev,2016Q3,enet,no_qna_hh_food_cons_sa_mnok__dyoy,0.05427739642348427,0.12721330241563028
d_og,0,oglev,2016Q3,enet,se_cpi_food_idx__dyoy,0.35826126200490094,0.9547982139936932
d_og,0,oglev,2016Q3,enet,se_retail_grocery_vol_sa_idx__dyoy,0.031873662689058745,0.06800242971167182
d_og,0,oglev,2016Q3,enet,se_na_hhcons_food_sa__yoy,0.036625636974244244,0.07625296128500858
d_og,0,oglev,2016Q3,enet,ea_negotiated_wages_yoy_q__lvl,-0.07400723086813579,-0.0374358354254806
d_og,0,oglev,2016Q3,enet,se_wage_idx_m__dyoy,-0.05318354116184306,-0.031424545994523295
d_og,0,oglev,2016Q3,enet,eu_ppi_dom_c106_idx__yoy,0.0015429721177811944,0.01753061970104626
d_og,0,oglev,2016Q3,enet,eu_ppi_dom_c108_idx__dyoy,0.18591332522123458,0.5579935355516692
d_og,0,oglev,2016Q3,enet,ea_ec_food_ind_sell_price_exp__lvl,0.05516762157280159,0.6639050647417927
d_og,0,oglev,2016Q3,enet,no_fn_cci_sa__lvl,-0.05991372254402069,-0.7834215447203927
d_og,0,oglev,2016Q3,enet,no_nbes_bl_sell_price_di__lvl,0.055092933147503645,0.40229989323245774
d_og,0,oglev,2016Q3,enet,no_nbes_bl_sell_price_di__d4,0.08552027228134812,0.6128139249421338
d_og,0,oglev,2016Q3,enet,glob_fao_dairy_idx__yoy,-0.00027550545219496973,-0.008035156260012716
d_og,0,oglev,2016Q3,enet,glob_fao_dairy_idx__dyoy,-0.0006304948248013606,-0.029401665709226952
d_og,0,oglev,2016Q3,enet,glob_fao_sugar_idx__yoy,0.0013048385737170357,0.0376908627161068
d_og,0,oglev,2016Q3,enet,glob_fao_sugar_idx__dyoy,0.004992819881547996,0.2195983626627415
d_og,0,oglev,2016Q3,enet,glob_gscpi__lvl,-0.37725298459570206,-0.15246145602566416
d_og,0,oglev,2016Q3,enet,glob_gscpi__d4,1.135807412359168,0.6342065608985397
d_og,0,oglev,2016Q3,enet,us_ppi_corrugated_boxes_idx__yoy,-0.1263957387268772,-0.5393918865550285
d_og,0,oglev,2016Q3,enet,w_wage_yoy,-0.03441931104186172,-0.05573776519681643
d_og,0,oglev,2016Q3,enet,w_wage_dyoy,-0.07238217447420037,-0.18001133705136682
d_og,0,oglev,2016Q3,enet,w_real_wage_dyoy,-0.0997281370216928,-0.22112047886948796
d_og,0,oglev,2016Q3,enet,w_retail_total_vol_dyoy,-0.27661451885621985,-0.5210489478490031
d_og,0,oglev,2016Q3,enet,w_gdp_vol_dyoy,-0.014501171707580253,-0.044141047177307546
d_og,0,oglev,2016Q3,enet,w_fx_vs_nok_yoy,-0.09215878763882762,-0.2786984309081352
d_og,0,oglev,2016Q3,enet,w_hh_saving_d4,-0.22596139825399117,-0.2743773385367922
d_og,0,oglev,2016Q3,enet,nw_food_cpi_dyoy,0.3381126527788664,0.602031566910845
d_og,0,oglev,2016Q3,enet,nw_food_cpi_xvat_dyoy,0.005961772612413522,0.011294452384828986
d_og,0,oglev,2016Q3,enet,nw_real_wage_yoy,-0.09824070781915285,-0.17725780002375743
d_og,0,oglev,2016Q3,enet,nw_real_wage_dyoy,-0.18305334495691197,-0.5356583598210486
d_og,0,oglev,2016Q3,enet,nw_cons_conf_z,-0.8888299992263792,-0.523660992726204
d_og,0,oglev,2016Q3,enet,eu_agri_basket_yoy,-0.04789471604457642,-0.4545827185934864
d_og,0,oglev,2016Q3,enet,eu_agri_basket_wloc_yoy,-0.017184237761075007,-0.13638045383247213
d_og,0,oglev,2016Q3,enet,elec_nordic_loc_dyoy,6.365468990654622e-05,0.005077243642768201
d_og,0,oglev,2016Q3,enet,price_cost_gap_agri,0.050427572281858145,0.495084910030885
d_og,0,oglev,2016Q3,enet,nw_price_cost_gap_ppi_d4,-0.002825760406361414,-0.007949985802634415
d_og,0,oglev,2016Q3,enet,price_wage_gap,0.10248388994244371,0.21090119337789065
d_og,0,oglev,2016Q4,lasso,no_cpi_total_idx__yoy,-0.4720558780295821,-0.5086194647451251
d_og,0,oglev,2016Q4,lasso,no_govbond_10y__d4,-1.0194123618212314,-0.6793265250017514
d_og,0,oglev,2016Q4,lasso,no_imp_price_food_idx__dyoy,0.06842860921010845,0.36997591785700057
d_og,0,oglev,2016Q4,lasso,no_ppi_food_dom_idx__dyoy,0.09348327172796853,0.19210056255630223
d_og,0,oglev,2016Q4,lasso,no_qna_hh_food_cons_sa_mnok__dyoy,0.07243285248708378,0.16961710727182636
d_og,0,oglev,2016Q4,lasso,se_cpi_idx__dyoy,-0.07824023977819786,-0.1307204918853357
d_og,0,oglev,2016Q4,lasso,se_cpi_food_idx__dyoy,0.48299793874602676,1.2811234389003
d_og,0,oglev,2016Q4,lasso,se_retail_grocery_vol_sa_idx__dyoy,0.07570056485138524,0.1601308177371546
d_og,0,oglev,2016Q4,lasso,se_na_hhcons_food_sa__yoy,0.028788706606116033,0.05949310661934916
d_og,0,oglev,2016Q4,lasso,se_wage_idx_m__dyoy,-0.3127902884897219,-0.18324818319581523
d_og,0,oglev,2016Q4,lasso,eu_ppi_dom_c108_idx__dyoy,0.15777766139902902,0.4697620630903772
d_og,0,oglev,2016Q4,lasso,ea_ec_food_ind_sell_price_exp__lvl,0.07277488772150834,0.8680502205894365
d_og,0,oglev,2016Q4,lasso,no_fn_cci_sa__lvl,-0.12815025595372845,-1.7082020373752016
d_og,0,oglev,2016Q4,lasso,no_nbes_bl_sell_price_di__lvl,0.062235673981950235,0.45174045658768774
d_og,0,oglev,2016Q4,lasso,no_nbes_bl_sell_price_di__d4,0.14189465397077689,1.0179413121842376
d_og,0,oglev,2016Q4,lasso,se_ec_cons_conf__d4,-0.021363639700587595,-0.10662515504425678
d_og,0,oglev,2016Q4,lasso,glob_fao_dairy_idx__dyoy,-0.008194882779280167,-0.38116602036967506
d_og,0,oglev,2016Q4,lasso,glob_fao_sugar_idx__dyoy,0.00793674908042009,0.35799016832949626
d_og,0,oglev,2016Q4,lasso,glob_gscpi__lvl,-0.5788634885746536,-0.23215959454639676
d_og,0,oglev,2016Q4,lasso,glob_gscpi__d4,1.3015561436333953,0.7229984839185047
d_og,0,oglev,2016Q4,lasso,glob_wb_food_idx_nok__dyoy,-0.007173900702429858,-0.12780957535399193
d_og,0,oglev,2016Q4,lasso,us_ppi_corrugated_boxes_idx__yoy,-0.14870572160516346,-0.6336750651364849
d_og,0,oglev,2016Q4,lasso,w_cpi_yoy,-0.012014883020212145,-0.010144666826377128
d_og,0,oglev,2016Q4,lasso,w_wage_dyoy,-0.0594714066508674,-0.1465586665209566
d_og,0,oglev,2016Q4,lasso,w_retail_total_vol_dyoy,-0.32989431529805335,-0.6208917943549226
d_og,0,oglev,2016Q4,lasso,w_gdp_vol_dyoy,-0.02324114908703576,-0.07030010374251268
d_og,0,oglev,2016Q4,lasso,w_fx_vs_nok_yoy,-0.068209736709264,-0.2044217052936612
d_og,0,oglev,2016Q4,lasso,w_ec_cons_price_exp_lvl,-0.0030256307554780053,-0.03300600514995924
d_og,0,oglev,2016Q4,lasso,w_hh_saving_d4,-0.21580705328989572,-0.25991668522362343
d_og,0,oglev,2016Q4,lasso,nw_food_cpi_dyoy,0.29281493872231446,0.5181864118828166
d_og,0,oglev,2016Q4,lasso,nw_real_wage_dyoy,-0.2792243075006595,-0.8105094871430005
d_og,0,oglev,2016Q4,lasso,nw_food_ppi_dyoy,0.008700208568817615,0.023034088164210823
d_og,0,oglev,2016Q4,lasso,eu_agri_basket_yoy,-0.02096290437193054,-0.19824707511904632
d_og,0,oglev,2016Q4,lasso,price_cost_gap_agri,0.07473093024763137,0.7298646197331112
d_og,0,oglev,2016Q4,lasso,price_wage_gap,0.18131823811119338,0.3698936628614444
d_og,0,oglev,2016Q4,enet,no_cpi_total_idx__yoy,-0.2748447103774226,-0.29613309776736507
d_og,0,oglev,2016Q4,enet,no_cpi_total_idx__dyoy,-0.03708393280840221,-0.061768668691255524
d_og,0,oglev,2016Q4,enet,no_govbond_10y__lvl,-0.015448796917944109,-0.017946079791676686
d_og,0,oglev,2016Q4,enet,no_govbond_10y__d4,-0.7988127570976917,-0.532321084901073
d_og,0,oglev,2016Q4,enet,no_imp_price_food_idx__yoy,0.031011092928331926,0.11257536129651657
d_og,0,oglev,2016Q4,enet,no_imp_price_food_idx__dyoy,0.06677567492278876,0.3610389266311425
d_og,0,oglev,2016Q4,enet,no_ppi_food_dom_idx__dyoy,0.10426851012301963,0.21426335515755096
d_og,0,oglev,2016Q4,enet,no_qna_hh_food_cons_sa_mnok__dyoy,0.05204048099817398,0.12186398222434688
d_og,0,oglev,2016Q4,enet,se_cpi_food_idx__dyoy,0.3573805048643366,0.9479306321190603
d_og,0,oglev,2016Q4,enet,se_retail_grocery_vol_sa_idx__dyoy,0.03256981790606143,0.06889554371340204
d_og,0,oglev,2016Q4,enet,se_na_hhcons_food_sa__yoy,0.03883269689646147,0.08024944671488794
d_og,0,oglev,2016Q4,enet,ea_negotiated_wages_yoy_q__lvl,-0.04833120585735952,-0.02471909777703455
d_og,0,oglev,2016Q4,enet,se_wage_idx_m__dyoy,-0.040039154929001744,-0.023456937978675232
d_og,0,oglev,2016Q4,enet,eu_ppi_dom_c106_idx__yoy,0.0016138170023199678,0.018190572644261063
d_og,0,oglev,2016Q4,enet,eu_ppi_dom_c108_idx__dyoy,0.1898387246054919,0.5652196270014599
d_og,0,oglev,2016Q4,enet,ea_ec_food_ind_sell_price_exp__lvl,0.0549955743601086,0.6559806816524428
d_og,0,oglev,2016Q4,enet,no_fn_cci_sa__lvl,-0.05955101685322641,-0.793796060408779
d_og,0,oglev,2016Q4,enet,no_nbes_bl_sell_price_di__lvl,0.05518308234937632,0.40054890099933754
d_og,0,oglev,2016Q4,enet,no_nbes_bl_sell_price_di__d4,0.08306989881724225,0.5959370521630121
d_og,0,oglev,2016Q4,enet,glob_fao_dairy_idx__yoy,-0.00039531787649970247,-0.011425103286516207
d_og,0,oglev,2016Q4,enet,glob_fao_dairy_idx__dyoy,-0.0005517073947064038,-0.025661393544330037
d_og,0,oglev,2016Q4,enet,glob_fao_sugar_idx__yoy,0.0011932664992960074,0.034976602290467985
d_og,0,oglev,2016Q4,enet,glob_fao_sugar_idx__dyoy,0.004855840922018566,0.21902460206826554
d_og,0,oglev,2016Q4,enet,glob_gscpi__lvl,-0.37768002802113476,-0.1514727460002004
d_og,0,oglev,2016Q4,enet,glob_gscpi__d4,1.1373176573170556,0.6317660179287549
d_og,0,oglev,2016Q4,enet,us_ppi_corrugated_boxes_idx__yoy,-0.12675441477392096,-0.5401346442571072
d_og,0,oglev,2016Q4,enet,w_wage_yoy,-0.048763953814196064,-0.07879034992246056
d_og,0,oglev,2016Q4,enet,w_wage_dyoy,-0.07098308171114458,-0.1749275220982472
d_og,0,oglev,2016Q4,enet,w_real_wage_dyoy,-0.09706463809575107,-0.21332685552797315
d_og,0,oglev,2016Q4,enet,w_retail_total_vol_dyoy,-0.2773729223251179,-0.5220416462536336
d_og,0,oglev,2016Q4,enet,w_gdp_vol_dyoy,-0.009942244080770952,-0.030073417957697263
d_og,0,oglev,2016Q4,enet,w_fx_vs_usd_yoy,-0.001126169769597978,-0.012524578762462754
d_og,0,oglev,2016Q4,enet,w_fx_vs_nok_yoy,-0.09443345608988968,-0.283013086723255
d_og,0,oglev,2016Q4,enet,w_hh_saving_d4,-0.22848387491115832,-0.2751845710723016
d_og,0,oglev,2016Q4,enet,nw_food_cpi_dyoy,0.3323259821323325,0.5881080009373958
d_og,0,oglev,2016Q4,enet,nw_food_cpi_xvat_dyoy,0.010790336609748478,0.02029122164755728
d_og,0,oglev,2016Q4,enet,nw_real_wage_yoy,-0.09545589061410498,-0.17292681365266338
d_og,0,oglev,2016Q4,enet,nw_real_wage_dyoy,-0.18284964020701572,-0.5307609836515413
d_og,0,oglev,2016Q4,enet,nw_cons_conf_z,-0.8887469952645205,-0.5289690704033487
d_og,0,oglev,2016Q4,enet,eu_agri_basket_yoy,-0.04884236789751694,-0.4619043432997072
d_og,0,oglev,2016Q4,enet,eu_agri_basket_wloc_yoy,-0.017583433055626947,-0.13873717844232306
d_og,0,oglev,2016Q4,enet,price_cost_gap_agri,0.05053148496555718,0.493519121690644
d_og,0,oglev,2016Q4,enet,nw_price_cost_gap_ppi_d4,-0.003161280675301566,-0.008812714678636799
d_og,0,oglev,2016Q4,enet,price_wage_gap,0.10104667811761062,0.20613770726132474
d_og,0,oglev,2017Q1,lasso,no_cpi_total_idx__yoy,-0.406223266938392,-0.4417033578018934
d_og,0,oglev,2017Q1,lasso,no_govbond_10y__d4,-1.0551209137943873,-0.698469228529701
d_og,0,oglev,2017Q1,lasso,no_imp_price_food_idx__yoy,0.011023861723292129,0.03968433919515717
d_og,0,oglev,2017Q1,lasso,no_imp_price_food_idx__dyoy,0.0699904800369354,0.3754060422907783
d_og,0,oglev,2017Q1,lasso,no_ppi_food_dom_idx__dyoy,0.12498766783325028,0.25688219202246615
d_og,0,oglev,2017Q1,lasso,no_qna_hh_food_cons_sa_mnok__dyoy,0.08220164821651053,0.19131000231251738
d_og,0,oglev,2017Q1,lasso,se_cpi_food_idx__dyoy,0.43220470950349044,1.1401231498294513
d_og,0,oglev,2017Q1,lasso,se_retail_grocery_vol_sa_idx__dyoy,0.07983455641307127,0.16770918474921642
d_og,0,oglev,2017Q1,lasso,se_na_hhcons_food_sa__yoy,0.013493857340072392,0.02773528974050836
d_og,0,oglev,2017Q1,lasso,se_wage_idx_m__dyoy,-0.11532925668865802,-0.06709008375126381
d_og,0,oglev,2017Q1,lasso,eu_ppi_dom_c108_idx__dyoy,0.17684696438747288,0.5220999417029324
d_og,0,oglev,2017Q1,lasso,ea_ec_food_ind_sell_price_exp__lvl,0.0695626273069055,0.8226752601452196
d_og,0,oglev,2017Q1,lasso,no_fn_cci_sa__lvl,-0.11473652416582615,-1.533916156258904
d_og,0,oglev,2017Q1,lasso,no_nbes_bl_sell_price_di__lvl,0.06710713502061166,0.4856146029118992
d_og,0,oglev,2017Q1,lasso,no_nbes_bl_sell_price_di__d4,0.11439758174005463,0.814154809244751
d_og,0,oglev,2017Q1,lasso,se_ec_cons_conf__d4,-0.017703842818844483,-0.08822702864434566
d_og,0,oglev,2017Q1,lasso,glob_fao_dairy_idx__dyoy,-0.003397014747407749,-0.1572980473628838
d_og,0,oglev,2017Q1,lasso,glob_fao_sugar_idx__dyoy,0.00844169169199011,0.380412653393904
d_og,0,oglev,2017Q1,lasso,glob_gscpi__lvl,-0.4367025061341734,-0.17362698965417042
d_og,0,oglev,2017Q1,lasso,glob_gscpi__d4,1.0915487291494688,0.6022177115671663
d_og,0,oglev,2017Q1,lasso,glob_wb_food_idx_nok__dyoy,-0.005348460624883551,-0.09444102278311986
d_og,0,oglev,2017Q1,lasso,us_ppi_corrugated_boxes_idx__yoy,-0.12328430349159551,-0.5239031209952957
d_og,0,oglev,2017Q1,lasso,w_wage_dyoy,-0.1349539687499626,-0.32970716062393524
d_og,0,oglev,2017Q1,lasso,w_retail_total_vol_dyoy,-0.2988986716948508,-0.5676434392767833
d_og,0,oglev,2017Q1,lasso,w_gdp_vol_dyoy,-0.01117887561742143,-0.03354242131513586
d_og,0,oglev,2017Q1,lasso,w_fx_vs_nok_yoy,-0.0946550111644985,-0.28721158367388977
d_og,0,oglev,2017Q1,lasso,w_hh_saving_d4,-0.22798108757198635,-0.27212965960251856
d_og,0,oglev,2017Q1,lasso,nw_food_cpi_dyoy,0.32111748767407966,0.5666885884620908
d_og,0,oglev,2017Q1,lasso,nw_real_wage_dyoy,-0.2064581822046675,-0.5947800123941634
d_og,0,oglev,2017Q1,lasso,fao_ffpi_sek_yoy,-0.0017197325943369814,-0.019154273508026544
d_og,0,oglev,2017Q1,lasso,eu_agri_basket_yoy,-0.06934660575186322,-0.6503690538439435
d_og,0,oglev,2017Q1,lasso,eu_agri_basket_wloc_yoy,-1.1219080058556354e-05,-8.7845658221976e-05
d_og,0,oglev,2017Q1,lasso,price_cost_gap_agri,0.043786528144645946,0.42424177266205243
d_og,0,oglev,2017Q1,lasso,price_wage_gap,0.22691298210846414,0.4587646255403547
d_og,0,oglev,2017Q1,enet,no_cpi_total_idx__yoy,-0.30089406335007834,-0.3271745587742068
d_og,0,oglev,2017Q1,enet,no_cpi_total_idx__dyoy,-0.016479714697498295,-0.027267350983065913
d_og,0,oglev,2017Q1,enet,no_govbond_10y__d4,-0.8707457025300227,-0.5764164761975479
d_og,0,oglev,2017Q1,enet,no_imp_price_food_idx__yoy,0.05081009206869058,0.18290912738235268
d_og,0,oglev,2017Q1,enet,no_imp_price_food_idx__dyoy,0.053151669811732694,0.28508817191479413
d_og,0,oglev,2017Q1,enet,no_ppi_food_dom_idx__dyoy,0.11271390295432543,0.23165641030236103
d_og,0,oglev,2017Q1,enet,no_qna_hh_food_cons_sa_mnok__dyoy,0.0646958982661167,0.15056842186791103
d_og,0,oglev,2017Q1,enet,se_cpi_food_idx__dyoy,0.34896600995235805,0.9205457916165649
d_og,0,oglev,2017Q1,enet,se_retail_grocery_vol_sa_idx__dyoy,0.04468818437109252,0.09387687870426384
d_og,0,oglev,2017Q1,enet,se_na_hhcons_food_sa__yoy,0.032891101740943784,0.0676044079672122
d_og,0,oglev,2017Q1,enet,se_wage_idx_m__dyoy,-0.05407313778182933,-0.031455776674864565
d_og,0,oglev,2017Q1,enet,eu_ppi_dom_c106_idx__yoy,0.0006429668993078131,0.007196069244953407
d_og,0,oglev,2017Q1,enet,eu_ppi_dom_c108_idx__dyoy,0.2023223619265062,0.5973101869907531
d_og,0,oglev,2017Q1,enet,ea_ec_food_ind_sell_price_exp__lvl,0.05526068447715171,0.6535348036449264
d_og,0,oglev,2017Q1,enet,no_fn_cci_sa__lvl,-0.06114943707797984,-0.8175087241137462
d_og,0,oglev,2017Q1,enet,no_nbes_bl_sell_price_di__lvl,0.0663506048929728,0.48014004230949237
d_og,0,oglev,2017Q1,enet,no_nbes_bl_sell_price_di__d4,0.07965009463146347,0.5668608253307168
d_og,0,oglev,2017Q1,enet,se_ec_cons_conf__d4,-0.00410807131940573,-0.020472556703024353
d_og,0,oglev,2017Q1,enet,glob_fao_dairy_idx__yoy,-0.0015661434583578778,-0.04489689345581713
d_og,0,oglev,2017Q1,enet,glob_fao_sugar_idx__yoy,0.0008212806600525898,0.024055504521719808
d_og,0,oglev,2017Q1,enet,glob_fao_sugar_idx__dyoy,0.0056793559115927246,0.2559319779407876
d_og,0,oglev,2017Q1,enet,glob_gscpi__lvl,-0.3549009469169434,-0.14110379989363064
d_og,0,oglev,2017Q1,enet,glob_gscpi__d4,1.0822850456223703,0.5971068501412008
d_og,0,oglev,2017Q1,enet,us_ppi_corrugated_boxes_idx__yoy,-0.12264278921394828,-0.5211769723883456
d_og,0,oglev,2017Q1,enet,w_wage_yoy,-0.07113799204624123,-0.11416002693052951
d_og,0,oglev,2017Q1,enet,w_wage_dyoy,-0.09675653851500944,-0.2363867019330844
d_og,0,oglev,2017Q1,enet,w_real_wage_dyoy,-0.0805820529443961,-0.17563937467454888
d_og,0,oglev,2017Q1,enet,w_retail_total_vol_dyoy,-0.26555291936506914,-0.5043159663562164
d_og,0,oglev,2017Q1,enet,w_gdp_vol_dyoy,-0.015032741469341073,-0.045106016485266326
d_og,0,oglev,2017Q1,enet,w_fx_vs_usd_yoy,-0.006308233509948256,-0.06955706157264538
d_og,0,oglev,2017Q1,enet,w_fx_vs_nok_yoy,-0.12227931512613227,-0.37103197512597486
d_og,0,oglev,2017Q1,enet,w_hh_saving_d4,-0.23929981895503885,-0.2856402650268823
d_og,0,oglev,2017Q1,enet,nw_food_cpi_dyoy,0.3232099018679191,0.5703811536181449
d_og,0,oglev,2017Q1,enet,nw_food_cpi_xvat_dyoy,0.017796524886093623,0.03330532416208081
d_og,0,oglev,2017Q1,enet,nw_real_wage_yoy,-0.05536601721329989,-0.10047810063611584
d_og,0,oglev,2017Q1,enet,nw_real_wage_dyoy,-0.16019384512431925,-0.46149828585654024
d_og,0,oglev,2017Q1,enet,nw_cons_conf_z,-0.881185157801781,-0.5224445260623415
d_og,0,oglev,2017Q1,enet,eu_agri_basket_yoy,-0.04840139175222179,-0.45393378691467906
d_og,0,oglev,2017Q1,enet,eu_agri_basket_wloc_yoy,-0.022779196855348877,-0.1783616420492483
d_og,0,oglev,2017Q1,enet,elec_nordic_loc_dyoy,0.00012747947823018972,0.010384971487886367
d_og,0,oglev,2017Q1,enet,price_cost_gap_agri,0.04893975879046613,0.4741707301920294
d_og,0,oglev,2017Q1,enet,price_wage_gap,0.12736361050668416,0.2574992340175456
d_og,0,oglev,2017Q2,lasso,no_cpi_total_idx__yoy,-0.520316953929647,-0.5623644596395456
d_og,0,oglev,2017Q2,lasso,no_govbond_10y__d4,-1.1473530855187422,-0.7602699547992383
d_og,0,oglev,2017Q2,lasso,no_imp_price_food_idx__yoy,0.007223601077235257,0.02579921153199166
d_og,0,oglev,2017Q2,lasso,no_imp_price_food_idx__dyoy,0.048729953109348134,0.25918036447139875
d_og,0,oglev,2017Q2,lasso,no_ppi_food_dom_idx__dyoy,0.007950172905928159,0.016518219925209215
d_og,0,oglev,2017Q2,lasso,no_qna_hh_food_cons_sa_mnok__dyoy,0.0396052329594669,0.09139741460862451
d_og,0,oglev,2017Q2,lasso,se_cpi_idx__dyoy,-0.31898748834050145,-0.5284662245620539
d_og,0,oglev,2017Q2,lasso,se_cpi_food_idx__dyoy,0.5648087613990457,1.477626836731582
d_og,0,oglev,2017Q2,lasso,se_retail_grocery_vol_sa_idx__yoy,0.033801298347435574,0.05833060757090454
d_og,0,oglev,2017Q2,lasso,se_retail_grocery_vol_sa_idx__dyoy,0.0073751072206267015,0.01544087556070548
d_og,0,oglev,2017Q2,lasso,se_na_hhcons_food_sa__yoy,0.05361099199372388,0.10941582875341013
d_og,0,oglev,2017Q2,lasso,se_wage_idx_m__dyoy,-0.2940366085193198,-0.16958310401944612
d_og,0,oglev,2017Q2,lasso,eu_ppi_dom_c108_idx__dyoy,0.10574298707938184,0.30944368237631
d_og,0,oglev,2017Q2,lasso,ea_ec_food_ind_sell_price_exp__lvl,0.07153430280477653,0.8393278561408639
d_og,0,oglev,2017Q2,lasso,no_fn_cci_sa__lvl,-0.1594843263657332,-2.1220142829313353
d_og,0,oglev,2017Q2,lasso,no_nbes_bl_sell_price_di__lvl,0.08059977085703296,0.5808681285383939
d_og,0,oglev,2017Q2,lasso,no_nbes_bl_sell_price_di__d4,0.15657585345560032,1.1054327050276584
d_og,0,oglev,2017Q2,lasso,se_ec_cons_conf__d4,-0.05651901349958766,-0.27990551885525516
d_og,0,oglev,2017Q2,lasso,glob_fao_dairy_idx__dyoy,-0.008561266289155885,-0.3956082172436919
d_og,0,oglev,2017Q2,lasso,glob_fao_meat_idx__dyoy,-0.003271877015564977,-0.05228110700069157
d_og,0,oglev,2017Q2,lasso,glob_fao_sugar_idx__yoy,0.007128838908780941,0.20829095989607102
d_og,0,oglev,2017Q2,lasso,glob_fao_sugar_idx__dyoy,0.0033687220480446045,0.1510309551249498
d_og,0,oglev,2017Q2,lasso,glob_gscpi__lvl,-0.4593754097002807,-0.18292530584212527
d_og,0,oglev,2017Q2,lasso,glob_gscpi__d4,1.6525442381559556,0.9227182674526228
d_og,0,oglev,2017Q2,lasso,glob_wb_food_idx_nok__dyoy,-0.0013965736866428451,-0.02446572213411999
d_og,0,oglev,2017Q2,lasso,us_ppi_corrugated_boxes_idx__yoy,-0.14975478605366715,-0.6316367018837422
d_og,0,oglev,2017Q2,lasso,w_wage_dyoy,-0.01688877201495951,-0.0408981290028929
d_og,0,oglev,2017Q2,lasso,w_retail_total_vol_dyoy,-0.2407089632232498,-0.4551651611553886
d_og,0,oglev,2017Q2,lasso,w_gdp_vol_dyoy,-0.11741113264976309,-0.34954644825940195
d_og,0,oglev,2017Q2,lasso,w_fx_vs_nok_yoy,-0.04893792303219335,-0.15101307007464498
d_og,0,oglev,2017Q2,lasso,w_ec_cons_price_exp_lvl,-0.02922035659323956,-0.3133752313017008
d_og,0,oglev,2017Q2,lasso,w_hh_saving_d4,-0.18701497534542438,-0.2241417218023094
d_og,0,oglev,2017Q2,lasso,nw_food_cpi_dyoy,0.23895836856220895,0.4185731103639661
d_og,0,oglev,2017Q2,lasso,nw_real_wage_dyoy,-0.3030588119241707,-0.8663017243890246
d_og,0,oglev,2017Q2,lasso,nw_food_ppi_dyoy,0.045255460218659276,0.11776831633248262
d_og,0,oglev,2017Q2,lasso,eu_agri_basket_yoy,-0.03648823111045479,-0.3430715310042424
d_og,0,oglev,2017Q2,lasso,price_cost_gap_agri,0.014051242472985245,0.13661346039837044
d_og,0,oglev,2017Q2,lasso,price_wage_gap,0.12122501857293004,0.2429443761223651
d_og,0,oglev,2017Q2,enet,no_cpi_total_idx__yoy,-0.2465412770863072,-0.2664646058914144
d_og,0,oglev,2017Q2,enet,no_cpi_total_idx__dyoy,-0.12152021125713043,-0.19959788646749568
d_og,0,oglev,2017Q2,enet,no_govbond_10y__lvl,-0.01689492313518154,-0.02004114035329476
d_og,0,oglev,2017Q2,enet,no_govbond_10y__d4,-0.8263262955189093,-0.547548146488443
d_og,0,oglev,2017Q2,enet,no_imp_price_food_idx__yoy,0.04542913780573795,0.16225092214184328
d_og,0,oglev,2017Q2,enet,no_imp_price_food_idx__dyoy,0.05386801707618503,0.2865082235525248
d_og,0,oglev,2017Q2,enet,no_ppi_food_dom_idx__dyoy,0.07758744986778106,0.16120486629875738
d_og,0,oglev,2017Q2,enet,no_qna_hh_food_cons_sa_mnok__dyoy,0.034709189198745584,0.08009876268556715
d_og,0,oglev,2017Q2,enet,no_retail_foodstores_vol_sa_idx__yoy,-0.06051190874619501,-0.10142874341666924
d_og,0,oglev,2017Q2,enet,se_cpi_idx__dyoy,-0.03567240975785959,-0.05909844239923143
d_og,0,oglev,2017Q2,enet,se_cpi_food_idx__dyoy,0.3918947286074115,1.025257056440785
d_og,0,oglev,2017Q2,enet,se_ppi_food_hmpi_idx__yoy,0.008698714340697702,0.027664299700961712
d_og,0,oglev,2017Q2,enet,se_na_hhcons_food_sa__yoy,0.06777285581591397,0.13831908178367053
d_og,0,oglev,2017Q2,enet,ea_negotiated_wages_yoy_q__lvl,-0.005075813505117816,-0.0026264450098113516
d_og,0,oglev,2017Q2,enet,eu_ppi_dom_c108_idx__dyoy,0.15630631060988265,0.45741095149380684
d_og,0,oglev,2017Q2,enet,ea_ec_food_ind_sell_price_exp__lvl,0.045697393904084914,0.536177667956234
d_og,0,oglev,2017Q2,enet,no_fn_cci_sa__lvl,-0.06380847722622646,-0.8490019247135494
d_og,0,oglev,2017Q2,enet,no_nbes_bl_sell_price_di__lvl,0.06700200366652073,0.4828714531599501
d_og,0,oglev,2017Q2,enet,no_nbes_bl_sell_price_di__d4,0.08484535718703384,0.5990121122405164
d_og,0,oglev,2017Q2,enet,se_ec_cons_conf__d4,-0.022036453250352885,-0.10913362599321728
d_og,0,oglev,2017Q2,enet,glob_fao_dairy_idx__yoy,-0.004116225229684068,-0.11744768756674748
d_og,0,oglev,2017Q2,enet,glob_fao_sugar_idx__yoy,0.002774550151446867,0.0810670183068399
d_og,0,oglev,2017Q2,enet,glob_fao_sugar_idx__dyoy,0.004111591413155054,0.18433624661102574
d_og,0,oglev,2017Q2,enet,glob_gscpi__lvl,-0.2475328294875272,-0.09856865993222294
d_og,0,oglev,2017Q2,enet,glob_gscpi__d4,1.283261223691196,0.7165245841374728
d_og,0,oglev,2017Q2,enet,us_ppi_corrugated_boxes_idx__yoy,-0.13428497753318253,-0.5663880437931073
d_og,0,oglev,2017Q2,enet,w_wage_yoy,-0.04316231493617602,-0.06888048882702462
d_og,0,oglev,2017Q2,enet,w_wage_dyoy,-0.06664821567519617,-0.16139641888009326
d_og,0,oglev,2017Q2,enet,w_real_wage_dyoy,-0.11222952263419357,-0.24289716310637824
d_og,0,oglev,2017Q2,enet,w_retail_total_vol_yoy,0.024655875304987092,0.04486561425375953
d_og,0,oglev,2017Q2,enet,w_retail_total_vol_dyoy,-0.20387575320351334,-0.38551593102283865
d_og,0,oglev,2017Q2,enet,w_gdp_vol_dyoy,-0.0621844860896546,-0.18513036846611847
d_og,0,oglev,2017Q2,enet,w_fx_vs_nok_yoy,-0.09902703587284045,-0.3055784917090176
d_og,0,oglev,2017Q2,enet,w_hh_saving_d4,-0.18360231479921219,-0.22005157014818666
d_og,0,oglev,2017Q2,enet,nw_food_cpi_dyoy,0.33205077204339833,0.581639074995519
d_og,0,oglev,2017Q2,enet,nw_food_cpi_xvat_dyoy,0.006810571520684164,0.012641908680934793
d_og,0,oglev,2017Q2,enet,nw_real_wage_yoy,-0.1317926002384647,-0.2400507123813931
d_og,0,oglev,2017Q2,enet,nw_real_wage_dyoy,-0.15623482465507854,-0.44660142745552933
d_og,0,oglev,2017Q2,enet,nw_cons_conf_z,-1.0369063858169818,-0.6103703960458762
d_og,0,oglev,2017Q2,enet,eu_agri_basket_yoy,-0.03997072878050298,-0.3758148504533405
d_og,0,oglev,2017Q2,enet,eu_agri_basket_wloc_yoy,-0.01341668874364374,-0.10579585468459977
d_og,0,oglev,2017Q2,enet,price_cost_gap_agri,0.03843023703892756,0.37363867828138875
d_og,0,oglev,2017Q2,enet,price_wage_gap,0.07685966002479747,0.15403274318714905
d_og,0,oglev,2017Q3,lasso,no_cpi_total_idx__yoy,-0.6282543705471957,-0.6733150345411312
d_og,0,oglev,2017Q3,lasso,no_govbond_10y__d4,-1.2950651391651489,-0.8574311221909626
d_og,0,oglev,2017Q3,lasso,no_imp_price_food_idx__yoy,0.06565220704217797,0.23245273101755137
d_og,0,oglev,2017Q3,lasso,no_ppi_food_dom_idx__yoy,-0.2924493929627829,-0.481768466726281
d_og,0,oglev,2017Q3,lasso,no_vat_food_rate__d4,0.15160517356455078,0.10055805997415442
d_og,0,oglev,2017Q3,lasso,se_cpi_idx__dyoy,-0.06821185066701792,-0.11239492465841124
d_og,0,oglev,2017Q3,lasso,se_cpi_food_idx__dyoy,0.5574243009353395,1.445887793985828
d_og,0,oglev,2017Q3,lasso,se_ppi_food_hmpi_idx__yoy,0.20154171948925947,0.6365331490848135
d_og,0,oglev,2017Q3,lasso,se_na_hhcons_food_sa__yoy,0.032607918822756744,0.0660056220750028
d_og,0,oglev,2017Q3,lasso,no_earn_idx_food_manuf_q__yoy,-0.05154605930473083,-0.09870189196330963
d_og,0,oglev,2017Q3,lasso,se_wage_idx_m__dyoy,-0.4868042883391188,-0.2783456149268548
d_og,0,oglev,2017Q3,lasso,eu_ppi_dom_c108_idx__dyoy,0.10147109799821724,0.2944662307830913
d_og,0,oglev,2017Q3,lasso,ea_ec_food_ind_sell_price_exp__lvl,0.08694470930815891,1.0114931516412033
d_og,0,oglev,2017Q3,lasso,no_fn_cci_sa__lvl,-0.18569897094361054,-2.4507826078954347
d_og,0,oglev,2017Q3,lasso,no_nbes_bl_sell_price_di__lvl,0.11591247773160855,0.8285958648826433
d_og,0,oglev,2017Q3,lasso,no_nbes_bl_sell_price_di__d4,0.15159533797850672,1.0686165669780314
d_og,0,oglev,2017Q3,lasso,glob_fao_dairy_idx__dyoy,-0.011234763405530522,-0.5197851459070236
d_og,0,oglev,2017Q3,lasso,glob_fao_sugar_idx__yoy,0.004050615124872304,0.11770174327671885
d_og,0,oglev,2017Q3,lasso,glob_fao_vegoils_idx__dyoy,-0.003984052368927713,-0.16297389926918204
d_og,0,oglev,2017Q3,lasso,glob_gscpi__lvl,-0.5208738530261674,-0.2063812162423567
d_og,0,oglev,2017Q3,lasso,glob_gscpi__d4,2.041144332240186,1.1339709425764881
d_og,0,oglev,2017Q3,lasso,glob_wb_food_idx_nok__yoy,0.004053551623951965,0.044176036710878636
d_og,0,oglev,2017Q3,lasso,us_ppi_corrugated_boxes_idx__yoy,-0.16231312101850479,-0.67965236383805
d_og,0,oglev,2017Q3,lasso,w_cpi_yoy,-0.1544761539679594,-0.12736313461292664
d_og,0,oglev,2017Q3,lasso,w_wage_dyoy,-0.010619018797255067,-0.025623494747506432
d_og,0,oglev,2017Q3,lasso,w_retail_food_vol_yoy,0.18100320621875698,0.22710242656137725
d_og,0,oglev,2017Q3,lasso,w_retail_total_vol_dyoy,-0.16621955141532999,-0.3130940746667359
d_og,0,oglev,2017Q3,lasso,w_gdp_vol_dyoy,-0.19002940471496435,-0.5609519699939344
d_og,0,oglev,2017Q3,lasso,w_fx_vs_nok_yoy,-0.05942454004413726,-0.1819810679912118
d_og,0,oglev,2017Q3,lasso,w_ec_cons_price_exp_lvl,-0.08244572692921873,-0.8770229756597635
d_og,0,oglev,2017Q3,lasso,w_hh_saving_d4,-0.362102954126159,-0.4526119982031453
d_og,0,oglev,2017Q3,lasso,nw_food_cpi_dyoy,0.1320877993362729,0.23099905756797562
d_og,0,oglev,2017Q3,lasso,nw_real_wage_yoy,-0.1781031929939674,-0.3216957331061284
d_og,0,oglev,2017Q3,lasso,nw_real_wage_dyoy,-0.17081378464743677,-0.4866581925904988
d_og,0,oglev,2017Q3,lasso,eu_agri_basket_yoy,-0.04225279687703426,-0.4025139035234733
d_og,0,oglev,2017Q3,lasso,nw_price_cost_gap_ppi_d4,-0.024262100656223935,-0.06597021949725482
d_og,0,oglev,2017Q3,lasso,price_wage_gap,0.1158792352456959,0.2303441602771123
d_og,0,oglev,2017Q3,lasso,price_wage_gap_d4,0.05715215639442098,0.16395418115985003
d_og,0,oglev,2017Q3,enet,no_cpi_total_idx__yoy,-0.30517003528031084,-0.3270579282508071
d_og,0,oglev,2017Q3,enet,no_cpi_total_idx__dyoy,-0.17868759162921752,-0.2927205664209671
d_og,0,oglev,2017Q3,enet,no_govbond_10y__lvl,-0.2018869814562816,-0.2419105420940491
d_og,0,oglev,2017Q3,enet,no_govbond_10y__d4,-0.841023733282462,-0.5568213533123726
d_og,0,oglev,2017Q3,enet,no_imp_price_food_idx__yoy,0.07216336811674061,0.2555065968671015
d_og,0,oglev,2017Q3,enet,no_imp_price_food_idx__dyoy,0.0305335976086665,0.1612404460639089
d_og,0,oglev,2017Q3,enet,no_ppi_food_dom_idx__yoy,-0.1675459536040988,-0.2760079491233942
d_og,0,oglev,2017Q3,enet,no_vat_food_rate__d4,0.09375981507696922,0.062189863881268494
d_og,0,oglev,2017Q3,enet,se_cpi_food_idx__dyoy,0.39622529395436556,1.0277580565392668
d_og,0,oglev,2017Q3,enet,se_ppi_food_hmpi_idx__yoy,0.14026453672833508,0.443000225932714
d_og,0,oglev,2017Q3,enet,se_retail_grocery_vol_sa_idx__yoy,0.020000895257789243,0.03431830635528148
d_og,0,oglev,2017Q3,enet,se_na_hhcons_food_sa__yoy,0.02774312132067658,0.056158198596702624
d_og,0,oglev,2017Q3,enet,ea_negotiated_wages_yoy_q__lvl,-0.008347275658587675,-0.004319587307741503
d_og,0,oglev,2017Q3,enet,ea_negotiated_wages_yoy_q__d4,0.09131333081177039,0.04756102243137694
d_og,0,oglev,2017Q3,enet,no_earn_idx_food_manuf_q__yoy,-0.08747231782653987,-0.16749453557360558
d_og,0,oglev,2017Q3,enet,se_wage_idx_m__dyoy,-0.16959649238017271,-0.09697211197965404
d_og,0,oglev,2017Q3,enet,eu_ppi_dom_c108_idx__dyoy,0.1689144322314341,0.49018486214596974
d_og,0,oglev,2017Q3,enet,ea_ec_food_ind_sell_price_exp__lvl,0.04953162400746923,0.5762386103983519
d_og,0,oglev,2017Q3,enet,no_fn_cci_sa__lvl,-0.08239700319762419,-1.0874435186868228
d_og,0,oglev,2017Q3,enet,no_nbes_bl_sell_price_di__lvl,0.09288767152138533,0.6640039280275772
d_og,0,oglev,2017Q3,enet,no_nbes_bl_sell_price_di__d4,0.09184945776448589,0.6474595692975377
d_og,0,oglev,2017Q3,enet,glob_fao_dairy_idx__dyoy,-0.00124652971702289,-0.05767167562435977
d_og,0,oglev,2017Q3,enet,glob_fao_sugar_idx__yoy,0.0040665126691764985,0.1181636900726346
d_og,0,oglev,2017Q3,enet,glob_fao_vegoils_idx__dyoy,-0.0026692576586625242,-0.10919016330687493
d_og,0,oglev,2017Q3,enet,glob_gscpi__lvl,-0.23059100120207426,-0.09136502246396315
d_og,0,oglev,2017Q3,enet,glob_gscpi__d4,1.5791889507384453,0.8773286409442055
d_og,0,oglev,2017Q3,enet,glob_wb_food_idx_nok__yoy,0.007003860842306711,0.07632882035087488
d_og,0,oglev,2017Q3,enet,us_ppi_corrugated_boxes_idx__yoy,-0.1356672667901513,-0.5680784029706479
d_og,0,oglev,2017Q3,enet,w_wage_dyoy,-0.07654893219357935,-0.18471114887718498
d_og,0,oglev,2017Q3,enet,w_real_wage_dyoy,-0.11283567784364762,-0.2427103345943051
d_og,0,oglev,2017Q3,enet,w_retail_food_vol_yoy,0.05012397612992814,0.0628899169567948
d_og,0,oglev,2017Q3,enet,w_retail_total_vol_yoy,0.084397485564853,0.15227592109490276
d_og,0,oglev,2017Q3,enet,w_retail_total_vol_dyoy,-0.168550911150782,-0.3174854649266142
d_og,0,oglev,2017Q3,enet,w_gdp_vol_dyoy,-0.11571857422033893,-0.34159219869764046
d_og,0,oglev,2017Q3,enet,w_gov10y_lvl,-0.002261816012530511,-0.002989279100168966
d_og,0,oglev,2017Q3,enet,w_fx_vs_nok_yoy,-0.10758074917813255,-0.32945412141499186
d_og,0,oglev,2017Q3,enet,w_ec_cons_price_exp_lvl,-0.02778448746477077,-0.2955596946152801
d_og,0,oglev,2017Q3,enet,w_hh_saving_d4,-0.33202310518490197,-0.41501357383291015
d_og,0,oglev,2017Q3,enet,nw_food_cpi_dyoy,0.22655560425653912,0.39620715412761215
d_og,0,oglev,2017Q3,enet,nw_real_wage_yoy,-0.15567559449072743,-0.2811862811360334
d_og,0,oglev,2017Q3,enet,nw_real_wage_dyoy,-0.1152028127437664,-0.3282193691038526
d_og,0,oglev,2017Q3,enet,nw_cons_conf_z,-1.061342131393384,-0.6193743330732108
d_og,0,oglev,2017Q3,enet,eu_agri_basket_yoy,-0.03525550076731769,-0.3358553819721463
d_og,0,oglev,2017Q3,enet,eu_agri_basket_wloc_yoy,-0.014781983687815204,-0.11826553838281653
d_og,0,oglev,2017Q3,enet,elec_nordic_loc_dyoy,0.001411577517103608,0.11327068550770293
d_og,0,oglev,2017Q3,enet,price_cost_gap_agri,0.038920783698742537,0.3828868661930776
d_og,0,oglev,2017Q3,enet,price_wage_gap,0.11226608708762706,0.22316196256358298
d_og,0,oglev,2017Q4,lasso,no_cpi_total_idx__dyoy,-0.22087800479088418,-0.36601743536839276
d_og,0,oglev,2017Q4,lasso,no_govbond_10y__lvl,-0.10117554446888305,-0.12218836161193569
d_og,0,oglev,2017Q4,lasso,no_govbond_10y__d4,-0.6642941630603245,-0.44261268368440504
d_og,0,oglev,2017Q4,lasso,no_jordbruk_malpris_mnok__lvl,-0.000314366258627787,-0.07710881608628885
d_og,0,oglev,2017Q4,lasso,no_ppi_food_dom_idx__yoy,-0.0016074990770635332,-0.0026985364647557552
d_og,0,oglev,2017Q4,lasso,se_cpi_food_idx__dyoy,0.45218962503222937,1.167197744938461
d_og,0,oglev,2017Q4,lasso,se_na_hhcons_food_sa__yoy,0.19460075029187052,0.391149942855267
d_og,0,oglev,2017Q4,lasso,ea_negotiated_wages_yoy_q__d4,0.8751102991967904,0.45242662498229014
d_og,0,oglev,2017Q4,lasso,no_earn_idx_food_manuf_q__dyoy,-0.007929094252593123,-0.024606860410790642
d_og,0,oglev,2017Q4,lasso,eu_ppi_dom_c108_idx__dyoy,0.13266440154818898,0.38207261933365033
d_og,0,oglev,2017Q4,lasso,no_nbes_bl_sell_price_di__lvl,0.07717957697477351,0.5480149821340203
d_og,0,oglev,2017Q4,lasso,no_nbes_bl_sell_price_di__d4,0.012168896194993124,0.08507252928912633
d_og,0,oglev,2017Q4,lasso,se_ec_cons_conf__lvl,-0.008641471434805908,-0.028204129826897913
d_og,0,oglev,2017Q4,lasso,glob_fao_dairy_idx__dyoy,-0.001731035500830928,-0.07967745130930073
d_og,0,oglev,2017Q4,lasso,glob_gscpi__d4,1.6359731668102349,0.9053377759907177
d_og,0,oglev,2017Q4,lasso,glob_wb_food_idx_nok__yoy,0.007472156768578964,0.08142702577795417
d_og,0,oglev,2017Q4,lasso,us_ppi_corrugated_boxes_idx__yoy,-0.11437430870667022,-0.47870581031659737
d_og,0,oglev,2017Q4,lasso,w_gdp_vol_dyoy,-0.048092792895631294,-0.1410973345045261
d_og,0,oglev,2017Q4,lasso,w_fx_vs_nok_yoy,-0.18280539356501457,-0.5550925151174152
d_og,0,oglev,2017Q4,lasso,w_hh_saving_d4,-0.2039198672335678,-0.2530066328475834
d_og,0,oglev,2017Q4,lasso,nw_real_wage_yoy,-0.5246302723020987,-0.9496751464090449
d_og,0,oglev,2017Q4,lasso,nw_real_wage_dyoy,-0.044392856384134025,-0.12540812665359577
d_og,0,oglev,2017Q4,lasso,nw_cons_conf_z,-2.391640125814631,-1.3839707185795862
d_og,0,oglev,2017Q4,lasso,price_cost_gap_ppi,0.08579352954282403,0.12328925085856349
d_og,0,oglev,2017Q4,lasso,price_cost_gap_agri,0.03259864250386824,0.3280574311087655
d_og,0,oglev,2017Q4,lasso,price_wage_gap_d4,0.0607102557685725,0.1727054563529099
d_og,0,oglev,2018Q1,lasso,no_cpi_total_idx__dyoy,-0.22651444869049392,-0.377898446416463
d_og,0,oglev,2018Q1,lasso,no_govbond_10y__lvl,-0.13764614838290823,-0.16747491028865238
d_og,0,oglev,2018Q1,lasso,no_govbond_10y__d4,-0.7039107237564534,-0.466272884420705
d_og,0,oglev,2018Q1,lasso,no_jordbruk_malpris_mnok__lvl,-0.0006032942257410755,-0.14777975669812526
d_og,0,oglev,2018Q1,lasso,se_cpi_food_idx__dyoy,0.4421945833645586,1.1373685433178908
d_og,0,oglev,2018Q1,lasso,se_na_hhcons_food_sa__yoy,0.1840952983990293,0.3670209494304433
d_og,0,oglev,2018Q1,lasso,ea_negotiated_wages_yoy_q__d4,0.7398261057801834,0.37941532208773193
d_og,0,oglev,2018Q1,lasso,no_earn_idx_food_manuf_q__dyoy,-0.011858675982541126,-0.03671017399105273
d_og,0,oglev,2018Q1,lasso,eu_ppi_dom_c108_idx__dyoy,0.12868571691513922,0.36774027253459207
d_og,0,oglev,2018Q1,lasso,no_nbes_bl_sell_price_di__lvl,0.08936591857812905,0.6294551700082456
d_og,0,oglev,2018Q1,lasso,no_nbes_bl_sell_price_di__d4,0.0045395238464065076,0.031589486257627836
d_og,0,oglev,2018Q1,lasso,glob_fao_dairy_idx__dyoy,-0.002671656586125721,-0.12194426934534203
d_og,0,oglev,2018Q1,lasso,glob_gscpi__d4,1.6757820454557255,0.9401750261824976
d_og,0,oglev,2018Q1,lasso,glob_wb_food_idx_nok__yoy,0.002796366832195591,0.030354165458109043
d_og,0,oglev,2018Q1,lasso,us_ppi_corrugated_boxes_idx__yoy,-0.11379973206879056,-0.4824322004170363
d_og,0,oglev,2018Q1,lasso,w_gdp_vol_dyoy,-0.07071919562416767,-0.20606734895653492
d_og,0,oglev,2018Q1,lasso,w_unemp_lvl,-0.005943349335433681,-0.0036914773185831432
d_og,0,oglev,2018Q1,lasso,w_fx_vs_nok_yoy,-0.19028452308905397,-0.5794817166198376
d_og,0,oglev,2018Q1,lasso,w_hh_saving_d4,-0.19184239514987242,-0.23608293755441503
d_og,0,oglev,2018Q1,lasso,nw_real_wage_yoy,-0.5411362095645197,-0.9714750990097547
d_og,0,oglev,2018Q1,lasso,nw_real_wage_dyoy,-0.004507449763730613,-0.01269664016188892
d_og,0,oglev,2018Q1,lasso,nw_cons_conf_z,-2.5402088566460215,-1.4579642286917198
d_og,0,oglev,2018Q1,lasso,price_cost_gap_ppi,0.07434400324918969,0.10595590099260063
d_og,0,oglev,2018Q1,lasso,price_cost_gap_agri,0.022848798418542884,0.23237454996102638
d_og,0,oglev,2018Q1,lasso,price_wage_gap_d4,0.06725901268439634,0.1899087746275665
d_og,0,oglev,2019Q1,lasso,se_cpi_food_idx__dyoy,0.07268800185180095,0.181744128719043
d_og,0,oglev,2019Q1,lasso,se_ec_cons_conf__lvl,-0.04122526017309513,-0.13015401509541286
d_og,0,oglev,2019Q1,lasso,nw_real_wage_yoy,-0.1598167752954925,-0.2934855074193878
d_og,0,oglev,2019Q1,lasso,nw_cons_conf_z,-0.29204972235473076,-0.16279546996537142
d_og,0,oglev,2019Q1,lasso,price_wage_gap_d4,0.042790325268132576,0.1177531746181845
d_og,0,oglev,2019Q1,enet,se_cpi_food_idx__dyoy,0.045783758475399484,0.11447459115136505
d_og,0,oglev,2019Q1,enet,se_ec_cons_conf__lvl,-0.03928509143721125,-0.1240286261984695
d_og,0,oglev,2019Q1,enet,w_real_wage_dyoy,-0.00018390780559965336,-0.0003835928400078062
d_og,0,oglev,2019Q1,enet,nw_food_cpi_dyoy,0.0026398729307848027,0.004561045837620779
d_og,0,oglev,2019Q1,enet,nw_real_wage_yoy,-0.09412379614327092,-0.17284775030826183
d_og,0,oglev,2019Q1,enet,nw_real_wage_dyoy,-0.02218722908718938,-0.06256799515702861
d_og,0,oglev,2019Q1,enet,nw_cons_conf_z,-0.1860212210492945,-0.1036926584284479
d_og,0,oglev,2019Q1,enet,price_wage_gap_d4,0.036744883458496316,0.1011169382588333
d_og,0,oglev,2019Q2,lasso,se_cpi_food_idx__dyoy,0.08301062533078689,0.2060394120578864
d_og,0,oglev,2019Q2,lasso,se_ec_cons_conf__lvl,-0.02356638648662863,-0.07450844834711144
d_og,0,oglev,2019Q2,lasso,nw_real_wage_yoy,-0.14086056948405487,-0.2631458869966929
d_og,0,oglev,2019Q2,lasso,nw_cons_conf_z,-0.40126765397197084,-0.2226956986040516
d_og,0,oglev,2019Q2,lasso,price_wage_gap_d4,0.06087563728393224,0.16624960241025374
d_og,0,oglev,2019Q2,enet,se_cpi_food_idx__dyoy,0.0501344827019963,0.12443803788470599
d_og,0,oglev,2019Q2,enet,se_ec_cons_conf__lvl,-0.036528554361671774,-0.11549016678460804
d_og,0,oglev,2019Q2,enet,w_real_wage_dyoy,-0.005680113786305035,-0.011802303648809558
d_og,0,oglev,2019Q2,enet,nw_food_cpi_dyoy,0.004577446023434322,0.007847641706870382
d_og,0,oglev,2019Q2,enet,nw_real_wage_yoy,-0.08539632759200257,-0.15953146045601801
d_og,0,oglev,2019Q2,enet,nw_real_wage_dyoy,-0.021872081808653306,-0.06183179603989325
d_og,0,oglev,2019Q2,enet,nw_cons_conf_z,-0.2110271464169304,-0.11711593827849495
d_og,0,oglev,2019Q2,enet,price_wage_gap_d4,0.0407232200911925,0.11121393468866353
d_og,0,oglev,2019Q3,lasso,se_cpi_food_idx__dyoy,0.05242888124895602,0.12915261216722668
d_og,0,oglev,2019Q3,lasso,se_ec_cons_conf__lvl,-0.07915385194234265,-0.25032597843019627
d_og,0,oglev,2019Q3,lasso,nw_real_wage_yoy,-0.17966213985705018,-0.3348572192894091
d_og,0,oglev,2019Q3,lasso,nw_cons_conf_z,-0.12965739338307536,-0.07157713273401445
d_og,0,oglev,2019Q3,lasso,price_wage_gap_d4,0.0026899795592586974,0.007303496980043651
d_og,0,oglev,2019Q3,enet,se_cpi_food_idx__dyoy,0.035932534312529525,0.08851572945482408
d_og,0,oglev,2019Q3,enet,se_ec_cons_conf__lvl,-0.051661325386390115,-0.16338019574548202
d_og,0,oglev,2019Q3,enet,w_real_wage_dyoy,-0.0013445259807458203,-0.0027731839893992984
d_og,0,oglev,2019Q3,enet,nw_real_wage_yoy,-0.11130642377308612,-0.20745472353474034
d_og,0,oglev,2019Q3,enet,nw_real_wage_dyoy,-0.0023246915587597588,-0.006536174550698489
d_og,0,oglev,2019Q3,enet,nw_cons_conf_z,-0.17046009731065712,-0.09410219265329277
d_og,0,oglev,2019Q3,enet,price_wage_gap_d4,0.024848585657607943,0.06746578043095174
d_og,0,oglev,2019Q4,lasso,se_ec_cons_conf__lvl,-0.03575989908075316,-0.11338207286631022
d_og,0,oglev,2019Q4,lasso,nw_real_wage_yoy,-0.10215395091755032,-0.18943647096152538
d_og,0,oglev,2019Q4,enet,se_cpi_food_idx__dyoy,0.03873007245938055,0.09471176059632207
d_og,0,oglev,2019Q4,enet,se_ec_cons_conf__lvl,-0.04119732256330926,-0.13062223185311175
d_og,0,oglev,2019Q4,enet,w_real_wage_dyoy,-0.0011468629980402156,-0.002349367573340697
d_og,0,oglev,2019Q4,enet,nw_food_cpi_dyoy,0.0018912605039163792,0.0031978607157344833
d_og,0,oglev,2019Q4,enet,nw_real_wage_yoy,-0.10891500779237887,-0.20197431940334848
d_og,0,oglev,2019Q4,enet,nw_real_wage_dyoy,-0.0038933630960434657,-0.010867979760178621
d_og,0,oglev,2019Q4,enet,nw_cons_conf_z,-0.21005315105358108,-0.11534909237751848
d_og,0,oglev,2019Q4,enet,price_wage_gap_d4,0.029932893259077078,0.08066616858954881
d_og,0,oglev,2020Q1,lasso,se_ec_cons_conf__lvl,-0.04466922038865113,-0.14206720391953956
d_og,0,oglev,2020Q1,lasso,nw_real_wage_yoy,-0.0994197182082779,-0.18300910376436788
d_og,0,oglev,2020Q1,enet,se_cpi_food_idx__dyoy,0.04355930565335348,0.10575249187357322
d_og,0,oglev,2020Q1,enet,se_ec_cons_conf__lvl,-0.04542127114827041,-0.14445904661782452
d_og,0,oglev,2020Q1,enet,nw_real_wage_yoy,-0.11133334476474835,-0.20493938236479034
d_og,0,oglev,2020Q1,enet,nw_cons_conf_z,-0.23185267150123134,-0.12692541642677316
d_og,0,oglev,2020Q1,enet,price_wage_gap_d4,0.03066316619539887,0.08209286046425276
d_og,0,oglev,2020Q2,lasso,se_ec_cons_conf__lvl,-0.04466922038865113,-0.14206720391953956
d_og,0,oglev,2020Q2,lasso,nw_real_wage_yoy,-0.0994197182082779,-0.18300910376436788
d_og,0,oglev,2020Q2,enet,se_cpi_food_idx__dyoy,0.04355930565335348,0.10575249187357322
d_og,0,oglev,2020Q2,enet,se_ec_cons_conf__lvl,-0.04542127114827041,-0.14445904661782452
d_og,0,oglev,2020Q2,enet,nw_real_wage_yoy,-0.11133334476474835,-0.20493938236479034
d_og,0,oglev,2020Q2,enet,nw_cons_conf_z,-0.23185267150123134,-0.12692541642677316
d_og,0,oglev,2020Q2,enet,price_wage_gap_d4,0.03066316619539887,0.08209286046425276
d_og,0,oglev,2020Q3,lasso,se_ec_cons_conf__lvl,-0.04466922038865113,-0.14206720391953956
d_og,0,oglev,2020Q3,lasso,nw_real_wage_yoy,-0.0994197182082779,-0.18300910376436788
d_og,0,oglev,2020Q3,enet,se_cpi_food_idx__dyoy,0.04355930565335348,0.10575249187357322
d_og,0,oglev,2020Q3,enet,se_ec_cons_conf__lvl,-0.04542127114827041,-0.14445904661782452
d_og,0,oglev,2020Q3,enet,nw_real_wage_yoy,-0.11133334476474835,-0.20493938236479034
d_og,0,oglev,2020Q3,enet,nw_cons_conf_z,-0.23185267150123134,-0.12692541642677316
d_og,0,oglev,2020Q3,enet,price_wage_gap_d4,0.03066316619539887,0.08209286046425276
d_og,0,oglev,2020Q4,lasso,se_ec_cons_conf__lvl,-0.04466922038865113,-0.14206720391953956
d_og,0,oglev,2020Q4,lasso,nw_real_wage_yoy,-0.0994197182082779,-0.18300910376436788
d_og,0,oglev,2020Q4,enet,se_cpi_food_idx__dyoy,0.04355930565335348,0.10575249187357322
d_og,0,oglev,2020Q4,enet,se_ec_cons_conf__lvl,-0.04542127114827041,-0.14445904661782452
d_og,0,oglev,2020Q4,enet,nw_real_wage_yoy,-0.11133334476474835,-0.20493938236479034
d_og,0,oglev,2020Q4,enet,nw_cons_conf_z,-0.23185267150123134,-0.12692541642677316
d_og,0,oglev,2020Q4,enet,price_wage_gap_d4,0.03066316619539887,0.08209286046425276
d_og,0,oglev,2021Q1,lasso,se_ec_cons_conf__lvl,-0.04466922038865113,-0.14206720391953956
d_og,0,oglev,2021Q1,lasso,nw_real_wage_yoy,-0.0994197182082779,-0.18300910376436788
d_og,0,oglev,2021Q1,enet,se_cpi_food_idx__dyoy,0.04355930565335348,0.10575249187357322
d_og,0,oglev,2021Q1,enet,se_ec_cons_conf__lvl,-0.04542127114827041,-0.14445904661782452
d_og,0,oglev,2021Q1,enet,nw_real_wage_yoy,-0.11133334476474835,-0.20493938236479034
d_og,0,oglev,2021Q1,enet,nw_cons_conf_z,-0.23185267150123134,-0.12692541642677316
d_og,0,oglev,2021Q1,enet,price_wage_gap_d4,0.03066316619539887,0.08209286046425276
d_og,0,oglev,2021Q2,lasso,se_ec_cons_conf__lvl,-0.04466922038865113,-0.14206720391953956
d_og,0,oglev,2021Q2,lasso,nw_real_wage_yoy,-0.0994197182082779,-0.18300910376436788
d_og,0,oglev,2021Q2,enet,se_cpi_food_idx__dyoy,0.04355930565335348,0.10575249187357322
d_og,0,oglev,2021Q2,enet,se_ec_cons_conf__lvl,-0.04542127114827041,-0.14445904661782452
d_og,0,oglev,2021Q2,enet,nw_real_wage_yoy,-0.11133334476474835,-0.20493938236479034
d_og,0,oglev,2021Q2,enet,nw_cons_conf_z,-0.23185267150123134,-0.12692541642677316
d_og,0,oglev,2021Q2,enet,price_wage_gap_d4,0.03066316619539887,0.08209286046425276
d_og,0,oglev,2021Q3,lasso,se_ec_cons_conf__lvl,-0.04466922038865113,-0.14206720391953956
d_og,0,oglev,2021Q3,lasso,nw_real_wage_yoy,-0.0994197182082779,-0.18300910376436788
d_og,0,oglev,2021Q3,enet,se_cpi_food_idx__dyoy,0.04355930565335348,0.10575249187357322
d_og,0,oglev,2021Q3,enet,se_ec_cons_conf__lvl,-0.04542127114827041,-0.14445904661782452
d_og,0,oglev,2021Q3,enet,nw_real_wage_yoy,-0.11133334476474835,-0.20493938236479034
d_og,0,oglev,2021Q3,enet,nw_cons_conf_z,-0.23185267150123134,-0.12692541642677316
d_og,0,oglev,2021Q3,enet,price_wage_gap_d4,0.03066316619539887,0.08209286046425276
d_og,0,oglev,2022Q2,lasso,nw_real_wage_yoy,-0.12066895594204524,-0.22517299785501493
d_og,0,oglev,2022Q2,enet,w_real_wage_dyoy,-9.741765401930656e-05,-0.00020418797550741412
d_og,0,oglev,2022Q2,enet,nw_real_wage_yoy,-0.07379067634333689,-0.13769629210978218
d_og,0,oglev,2022Q3,lasso,no_imp_price_food_idx__dyoy,0.05140298193374784,0.26069002259490887
d_og,0,oglev,2022Q3,lasso,se_cpi_food_idx__dyoy,0.2257846228783228,0.5901440280294136
d_og,0,oglev,2022Q3,lasso,se_nier_food_mfg_sell_price_exp__d4,0.0033071723245995436,0.0878362330283685
d_og,0,oglev,2022Q3,lasso,glob_gscpi__lvl,0.25060920531591313,0.2322734333781388
d_og,0,oglev,2022Q3,lasso,glob_gscpi__d4,0.0525159928158234,0.03660633017078744
d_og,0,oglev,2022Q3,lasso,glob_wb_food_idx_nok__yoy,0.0251257451674545,0.27897116479793566
d_og,0,oglev,2022Q3,lasso,w_real_wage_dyoy,-0.1711460059463965,-0.36434837200389897
d_og,0,oglev,2022Q3,lasso,w_fx_vs_nok_yoy,-0.025482446220096044,-0.0754094116431354
d_og,0,oglev,2022Q3,lasso,w_hh_saving_d4,-0.16290020928490892,-0.21757625630137714
d_og,0,oglev,2022Q3,lasso,nw_real_wage_yoy,-0.32024803781276834,-0.6122978036924223
d_og,0,oglev,2022Q3,lasso,nw_cons_conf_z,-1.29268460726842,-0.7672097074086508
d_og,0,oglev,2022Q3,enet,no_govbond_10y__lvl,-0.0716641520784149,-0.08953536323325358
d_og,0,oglev,2022Q3,enet,no_imp_price_food_idx__dyoy,0.05010900272610142,0.2541276120850777
d_og,0,oglev,2022Q3,enet,no_jordbruk_malpris_mnok__lvl,-3.21901736910217e-05,-0.007426707856914976
d_og,0,oglev,2022Q3,enet,no_ppi_food_dom_idx__dyoy,0.0072334757440969165,0.01906674573148543
d_og,0,oglev,2022Q3,enet,se_cpi_food_idx__dyoy,0.17771279165747653,0.46449639202229365
d_og,0,oglev,2022Q3,enet,ea_negotiated_wages_yoy_q__d4,0.1766226947376239,0.09672619664092012
d_og,0,oglev,2022Q3,enet,eu_ppi_dom_c108_idx__dyoy,0.008191769568925329,0.02270303863400099
d_og,0,oglev,2022Q3,enet,ea_ec_food_ind_sell_price_exp__lvl,0.0023683339387909103,0.03488885261302409
d_og,0,oglev,2022Q3,enet,no_fn_cci_sa__lvl,-0.01254741981699562,-0.1579037033291346
d_og,0,oglev,2022Q3,enet,no_ssb_bts_consgoods_home_price_exp__lvl,0.0005652468408664894,0.004889929444890178
d_og,0,oglev,2022Q3,enet,se_ec_cons_conf__lvl,-0.03325645344147569,-0.12023272751367986
d_og,0,oglev,2022Q3,enet,se_nier_food_mfg_sell_price_exp__d4,0.005398370567620492,0.14337702684072132
d_og,0,oglev,2022Q3,enet,glob_gscpi__lvl,0.19924382234300272,0.18466618828568046
d_og,0,oglev,2022Q3,enet,glob_gscpi__d4,0.15914086331558394,0.11092931265005318
d_og,0,oglev,2022Q3,enet,glob_wb_food_idx_nok__yoy,0.023840683812062807,0.26470312774028076
d_og,0,oglev,2022Q3,enet,w_real_wage_yoy,-0.03083969160744095,-0.04672792658177593
d_og,0,oglev,2022Q3,enet,w_real_wage_dyoy,-0.19854211096737556,-0.4226712420495364
d_og,0,oglev,2022Q3,enet,w_retail_total_vol_yoy,0.01351177959630188,0.023015068994071797
d_og,0,oglev,2022Q3,enet,w_gdp_vol_yoy,0.0013748978533123068,0.003026179518699698
d_og,0,oglev,2022Q3,enet,w_gov10y_lvl,-0.004857017014667721,-0.006887834056849668
d_og,0,oglev,2022Q3,enet,w_fx_vs_nok_yoy,-0.04915348590469548,-0.14545838418601653
d_og,0,oglev,2022Q3,enet,w_hh_saving_d4,-0.15683371097663434,-0.20947359027923287
d_og,0,oglev,2022Q3,enet,nw_food_cpi_dyoy,0.017498728988023304,0.033558472819640806
d_og,0,oglev,2022Q3,enet,nw_real_wage_yoy,-0.2630161218368508,-0.5028733191819151
d_og,0,oglev,2022Q3,enet,nw_cons_conf_z,-0.7677909910100406,-0.45568478053479006
d_og,0,oglev,2022Q4,lasso,no_cpi_total_idx__yoy,-0.23011406629063536,-0.2881289606183202
d_og,0,oglev,2022Q4,lasso,no_cpi_total_idx__dyoy,-0.05626682115501235,-0.09540950100774083
d_og,0,oglev,2022Q4,lasso,no_govbond_10y__lvl,-0.4471922978313747,-0.5549767247872716
d_og,0,oglev,2022Q4,lasso,no_govbond_10y__d4,-0.49369489170150055,-0.3575764169246883
d_og,0,oglev,2022Q4,lasso,no_imp_price_food_idx__dyoy,0.05127602315986559,0.26033084530473327
d_og,0,oglev,2022Q4,lasso,no_jordbruk_malpris_mnok__lvl,-0.0024660074575995885,-0.6517142891557115
d_og,0,oglev,2022Q4,lasso,no_policy_rate__d4,-0.08383237925476406,-0.11685342841463182
d_og,0,oglev,2022Q4,lasso,no_qna_hh_food_cons_sa_mnok__yoy,0.15490678583324355,0.34556603172779005
d_og,0,oglev,2022Q4,lasso,se_cpi_food_idx__dyoy,0.19363082901831424,0.5858354523747261
d_og,0,oglev,2022Q4,lasso,se_retail_grocery_vol_sa_idx__dyoy,0.0988812379054123,0.21562880429870446
d_og,0,oglev,2022Q4,lasso,se_na_hhcons_food_sa__dyoy,-0.0009187960991013251,-0.0029432278627595713
d_og,0,oglev,2022Q4,lasso,ea_negotiated_wages_yoy_q__d4,0.5403392756742781,0.30023618365522037
d_og,0,oglev,2022Q4,lasso,no_earn_idx_food_manuf_q__dyoy,-0.057177686434558304,-0.16495484539260163
d_og,0,oglev,2022Q4,lasso,eu_ppi_dom_c103_idx__dyoy,-0.013446624431953063,-0.04412345582389425
d_og,0,oglev,2022Q4,lasso,eu_ppi_dom_c108_idx__dyoy,0.06325957618557237,0.18653090313075485
d_og,0,oglev,2022Q4,lasso,ea_ec_food_ind_sell_price_exp__lvl,0.018606128952136296,0.2905797775234054
d_og,0,oglev,2022Q4,lasso,no_fn_cci_sa__lvl,-0.12613506648316192,-1.7095522356603101
d_og,0,oglev,2022Q4,lasso,no_nbes_bl_sell_price_di__lvl,0.15578626218403785,1.0704768072475979
d_og,0,oglev,2022Q4,lasso,no_ssb_bts_consgoods_home_price_exp__lvl,0.009190459634921102,0.08445343874176499
d_og,0,oglev,2022Q4,lasso,eu_ppi_paper_packaging_idx__dyoy,-0.07375540328577462,-0.3217151639155436
d_og,0,oglev,2022Q4,lasso,glob_fao_vegoils_idx__dyoy,-0.0135006860572056,-0.5159848686448203
d_og,0,oglev,2022Q4,lasso,glob_gscpi__d4,1.1750218346074544,0.8543505826330544
d_og,0,oglev,2022Q4,lasso,glob_wb_food_idx_nok__yoy,0.023847664772283984,0.26684033647083694
d_og,0,oglev,2022Q4,lasso,us_ppi_corrugated_boxes_idx__dyoy,-0.029632943849774863,-0.23001157044493314
d_og,0,oglev,2022Q4,lasso,us_ppi_plastic_resins_idx__yoy,0.0026900909768317505,0.028137319018472613
d_og,0,oglev,2022Q4,lasso,w_wage_dyoy,-0.09698911433763104,-0.214013664220128
d_og,0,oglev,2022Q4,lasso,w_retail_total_vol_yoy,0.15556313473605346,0.2801792413872144
d_og,0,oglev,2022Q4,lasso,w_unemp_lvl,-0.4183351913046345,-0.2801234937307649
d_og,0,oglev,2022Q4,lasso,w_fx_vs_nok_yoy,-0.1359461405041873,-0.4034415176251795
d_og,0,oglev,2022Q4,lasso,w_hh_saving_d4,-0.20995824667389923,-0.2827149775493262
d_og,0,oglev,2022Q4,lasso,nw_real_wage_yoy,-0.5090422889589888,-1.032940117784168
d_og,0,oglev,2022Q4,lasso,nw_cons_conf_z,-1.0829322755314812,-0.7543444857570994
d_og,0,oglev,2022Q4,lasso,price_cost_gap_fao_wloc_d4,-0.01007360531920613,-0.1714113502638296
d_og,0,oglev,2022Q4,enet,no_cpi_total_idx__yoy,-0.04857163958749561,-0.060817212330675746
d_og,0,oglev,2022Q4,enet,no_cpi_total_idx__dyoy,-0.08419185360919587,-0.14276091268139066
d_og,0,oglev,2022Q4,enet,no_fx_eurnok__yoy,0.0051797780176335234,0.030462029638879375
d_og,0,oglev,2022Q4,enet,no_govbond_10y__lvl,-0.20447683251988644,-0.2537608168948217
d_og,0,oglev,2022Q4,enet,no_govbond_10y__d4,-0.3774602969123187,-0.273389299281716
d_og,0,oglev,2022Q4,enet,no_imp_price_food_idx__dyoy,0.03247873117057045,0.16489608629941102
d_og,0,oglev,2022Q4,enet,no_jordbruk_malpris_mnok__lvl,-0.002409161035449205,-0.6366909665422248
d_og,0,oglev,2022Q4,enet,no_policy_rate__d4,-0.04042311791782097,-0.05634553090222452
d_og,0,oglev,2022Q4,enet,no_qna_hh_food_cons_sa_mnok__yoy,0.10709654688830725,0.23891095874767865
d_og,0,oglev,2022Q4,enet,no_retail_foodstores_vol_sa_idx__dyoy,-0.0033177007184070173,-0.01658893740388244
d_og,0,oglev,2022Q4,enet,se_cpi_food_idx__dyoy,0.16694724557665733,0.5051035293861441
d_og,0,oglev,2022Q4,enet,se_retail_grocery_vol_sa_idx__dyoy,0.11522323796743622,0.25126555407922774
d_og,0,oglev,2022Q4,enet,se_na_hhcons_food_sa__dyoy,-0.02605351860029593,-0.08345860625912309
d_og,0,oglev,2022Q4,enet,se_policy_rate__d4,-0.071958089774042,-0.07648361735035153
d_og,0,oglev,2022Q4,enet,ea_negotiated_wages_yoy_q__d4,0.657597469736726,0.365389975490324
d_og,0,oglev,2022Q4,enet,no_earn_idx_food_manuf_q__yoy,-0.025613994501517613,-0.046504677343569514
d_og,0,oglev,2022Q4,enet,no_earn_idx_food_manuf_q__dyoy,-0.023280719131382063,-0.06716374278873666
d_og,0,oglev,2022Q4,enet,se_wage_idx_m__dyoy,0.14575866084392589,0.08184061208547529
d_og,0,oglev,2022Q4,enet,eu_ppi_dom_c103_idx__dyoy,-0.003522590189224774,-0.011558949488512429
d_og,0,oglev,2022Q4,enet,eu_ppi_dom_c108_idx__dyoy,0.0799454380197362,0.23573181570581295
d_og,0,oglev,2022Q4,enet,ea_ec_food_ind_sell_price_exp__lvl,0.014268983270150958,0.22284474082662944
d_og,0,oglev,2022Q4,enet,no_fn_cci_sa__lvl,-0.06229679843092513,-0.8443300820417345
d_og,0,oglev,2022Q4,enet,no_nbes_bl_sell_price_di__lvl,0.04257337985379204,0.29254065859663514
d_og,0,oglev,2022Q4,enet,no_ssb_bts_consgoods_home_price_exp__lvl,0.024409356885337786,0.22430370278857673
d_og,0,oglev,2022Q4,enet,se_nier_food_mfg_sell_price_exp__d4,0.003807755802905792,0.10140557465006426
d_og,0,oglev,2022Q4,enet,eu_ppi_paper_packaging_idx__dyoy,-0.030962696071988156,-0.13505680124168015
d_og,0,oglev,2022Q4,enet,glob_fao_vegoils_idx__dyoy,-0.005686835029575303,-0.21734605288255457
d_og,0,oglev,2022Q4,enet,glob_gscpi__lvl,0.10513053271855793,0.09836379572731327
d_og,0,oglev,2022Q4,enet,glob_gscpi__d4,0.8965208722277775,0.6518543800391408
d_og,0,oglev,2022Q4,enet,glob_wb_food_idx_nok__yoy,0.029745357446483132,0.33283179989554557
d_og,0,oglev,2022Q4,enet,us_ppi_corrugated_boxes_idx__yoy,-0.0248867838371854,-0.12665074740200194
d_og,0,oglev,2022Q4,enet,us_ppi_corrugated_boxes_idx__dyoy,-0.011106977963421798,-0.08621261043840983
d_og,0,oglev,2022Q4,enet,us_ppi_plastic_resins_idx__yoy,0.0020841880767804087,0.021799807261512948
d_og,0,oglev,2022Q4,enet,w_wage_yoy,-0.0034652054211112503,-0.005003880738855129
d_og,0,oglev,2022Q4,enet,w_wage_dyoy,-0.09472565912034023,-0.20901918264187294
d_og,0,oglev,2022Q4,enet,w_real_wage_dyoy,-0.11592842376320923,-0.2557217356608655
d_og,0,oglev,2022Q4,enet,w_retail_total_vol_yoy,0.14413352619436448,0.25959377905388775
d_og,0,oglev,2022Q4,enet,w_unemp_lvl,-0.3938700162947682,-0.2637412470516713
d_og,0,oglev,2022Q4,enet,w_gov10y_lvl,-0.0370312646991722,-0.05215409181326037
d_og,0,oglev,2022Q4,enet,w_fx_vs_usd_dyoy,0.0036144286226069003,0.05501576128785489
d_og,0,oglev,2022Q4,enet,w_fx_vs_nok_yoy,-0.12204749073141075,-0.3621950921181816
d_og,0,oglev,2022Q4,enet,w_ec_food_ind_sell_price_exp_lvl,0.0017179936665347598,0.024985238059238923
d_og,0,oglev,2022Q4,enet,w_hh_saving_d4,-0.17536585913993727,-0.23613530649581757
d_og,0,oglev,2022Q4,enet,nw_real_wage_yoy,-0.36799961473072884,-0.7467386769807489
d_og,0,oglev,2022Q4,enet,nw_cons_conf_z,-0.9742348613649758,-0.6786284905418702
d_og,0,oglev,2023Q1,lasso,no_cpi_total_idx__yoy,-0.20246128157517668,-0.2705664848054606
d_og,0,oglev,2023Q1,lasso,no_cpi_total_idx__dyoy,-0.0672942352929248,-0.11409463532580118
d_og,0,oglev,2023Q1,lasso,no_govbond_10y__lvl,-0.48853239993663944,-0.6023628482121124
d_og,0,oglev,2023Q1,lasso,no_govbond_10y__d4,-0.5493792189360177,-0.4115652014623121
d_og,0,oglev,2023Q1,lasso,no_imp_price_food_idx__dyoy,0.05509647123350574,0.2836530261683222
d_og,0,oglev,2023Q1,lasso,no_jordbruk_malpris_mnok__lvl,-0.0022635037749917783,-0.6620379858849146
d_og,0,oglev,2023Q1,lasso,no_policy_rate__d4,-0.07987271327724299,-0.11280851860391224
d_og,0,oglev,2023Q1,lasso,no_qna_hh_food_cons_sa_mnok__yoy,0.12343907594447874,0.337093380715033
d_og,0,oglev,2023Q1,lasso,se_cpi_food_idx__dyoy,0.19290394535930028,0.6720727609934857
d_og,0,oglev,2023Q1,lasso,se_retail_grocery_vol_sa_idx__dyoy,0.09008802829451987,0.20285255240012245
d_og,0,oglev,2023Q1,lasso,se_na_hhcons_food_sa__dyoy,-0.009144881808591522,-0.029907114668381637
d_og,0,oglev,2023Q1,lasso,ea_negotiated_wages_yoy_q__d4,0.5392481022276402,0.32059594574430084
d_og,0,oglev,2023Q1,lasso,no_earn_idx_food_manuf_q__dyoy,-0.05776581511187651,-0.1656214074421344
d_og,0,oglev,2023Q1,lasso,eu_ppi_dom_c108_idx__dyoy,0.04306314138897046,0.1387178812619758
d_og,0,oglev,2023Q1,lasso,ea_ec_food_ind_sell_price_exp__lvl,0.019845478255105426,0.3237355709205432
d_og,0,oglev,2023Q1,lasso,no_fn_cci_sa__lvl,-0.14187312554873927,-2.0864541833110786
d_og,0,oglev,2023Q1,lasso,no_nbes_bl_sell_price_di__lvl,0.16281039861963714,1.1144886085215744
d_og,0,oglev,2023Q1,lasso,no_ssb_bts_consgoods_home_price_exp__lvl,0.016264465603230818,0.15796641185092195
d_og,0,oglev,2023Q1,lasso,eu_ppi_paper_packaging_idx__dyoy,-0.07621641478408583,-0.35755810062283044
d_og,0,oglev,2023Q1,lasso,glob_fao_vegoils_idx__dyoy,-0.014812893110136649,-0.5713672684451988
d_og,0,oglev,2023Q1,lasso,glob_gscpi__d4,1.1319341344340597,0.9125836271101094
d_og,0,oglev,2023Q1,lasso,glob_wb_food_idx_nok__yoy,0.02022385864119792,0.2284025600290387
d_og,0,oglev,2023Q1,lasso,us_ppi_corrugated_boxes_idx__yoy,-0.011924245052220601,-0.06203676737435291
d_og,0,oglev,2023Q1,lasso,us_ppi_corrugated_boxes_idx__dyoy,-0.030604701643984406,-0.2359509181855367
d_og,0,oglev,2023Q1,lasso,us_ppi_plastic_resins_idx__yoy,0.0051854858766031235,0.05406376882481281
d_og,0,oglev,2023Q1,lasso,w_wage_dyoy,-0.11661178295915338,-0.2556469962157117
d_og,0,oglev,2023Q1,lasso,w_retail_total_vol_yoy,0.15755440643648863,0.3088925344772682
d_og,0,oglev,2023Q1,lasso,w_unemp_lvl,-0.4276492008280811,-0.28816428084399487
d_og,0,oglev,2023Q1,lasso,w_fx_vs_nok_yoy,-0.14050068516114736,-0.41416218768849866
d_og,0,oglev,2023Q1,lasso,w_hh_saving_d4,-0.19536509791779932,-0.2622607408154685
d_og,0,oglev,2023Q1,lasso,nw_real_wage_yoy,-0.5088576765274166,-1.0817359643854798
d_og,0,oglev,2023Q1,lasso,nw_cons_conf_z,-0.5978363358925157,-0.4805440628823057
d_og,0,oglev,2023Q1,lasso,price_cost_gap_fao_wloc_d4,-0.011438591506362778,-0.19458133336275113
d_og,0,oglev,2023Q1,enet,no_cpi_total_idx__dyoy,-0.0682180840880774,-0.11566098333347664
d_og,0,oglev,2023Q1,enet,no_fx_eurnok__yoy,0.000609012240187808,0.0035630166040777926
d_og,0,oglev,2023Q1,enet,no_govbond_10y__lvl,-0.1933936375380259,-0.23845530480396968
d_og,0,oglev,2023Q1,enet,no_govbond_10y__d4,-0.3996187735570292,-0.2993727745393212
d_og,0,oglev,2023Q1,enet,no_imp_price_food_idx__dyoy,0.03294362839866114,0.1696036003583877
d_og,0,oglev,2023Q1,enet,no_jordbruk_malpris_mnok__lvl,-0.0019341215125444355,-0.56569903914839
d_og,0,oglev,2023Q1,enet,no_policy_rate__d4,-0.012040698906056295,-0.01700572511958169
d_og,0,oglev,2023Q1,enet,no_qna_hh_food_cons_sa_mnok__yoy,0.024083283567156968,0.06576779204036858
d_og,0,oglev,2023Q1,enet,no_retail_foodstores_vol_sa_idx__dyoy,-0.004696174684908801,-0.02343257895271405
d_og,0,oglev,2023Q1,enet,se_cpi_food_idx__dyoy,0.11766674386318256,0.40994813910077327
d_og,0,oglev,2023Q1,enet,se_retail_grocery_vol_sa_idx__dyoy,0.09170432483584412,0.20649199134722904
d_og,0,oglev,2023Q1,enet,se_na_hhcons_food_sa__dyoy,-0.029905396570894995,-0.09780160565978217
d_og,0,oglev,2023Q1,enet,se_policy_rate__d4,-0.03643658896913658,-0.03959761674614274
d_og,0,oglev,2023Q1,enet,ea_negotiated_wages_yoy_q__d4,0.7290258762693016,0.4334233895476183
d_og,0,oglev,2023Q1,enet,no_earn_idx_food_manuf_q__yoy,-0.020270731652649015,-0.036670905661323305
d_og,0,oglev,2023Q1,enet,no_earn_idx_food_manuf_q__dyoy,-0.019334928191268384,-0.055435520361454944
d_og,0,oglev,2023Q1,enet,se_wage_idx_m__dyoy,0.24164009759250835,0.13489135550028525
d_og,0,oglev,2023Q1,enet,eu_ppi_dom_c108_idx__dyoy,0.04678411111932184,0.15070411869347194
d_og,0,oglev,2023Q1,enet,ea_ec_food_ind_sell_price_exp__lvl,0.011742575827115615,0.19155444079515074
d_og,0,oglev,2023Q1,enet,no_fn_cci_sa__lvl,-0.05312957030768205,-0.7813489256490717
d_og,0,oglev,2023Q1,enet,no_nbes_bl_sell_price_di__lvl,0.01708760928665655,0.11697008335037164
d_og,0,oglev,2023Q1,enet,no_ssb_bts_consgoods_home_price_exp__lvl,0.03190038025330959,0.3098281079886401
d_og,0,oglev,2023Q1,enet,se_nier_food_mfg_sell_price_exp__d4,0.005302586272346648,0.14045522050910775
d_og,0,oglev,2023Q1,enet,eu_ppi_paper_packaging_idx__dyoy,-0.013225423793655149,-0.0620451306321315
d_og,0,oglev,2023Q1,enet,glob_fao_vegoils_idx__dyoy,-0.006437469886201127,-0.24830798124506492
d_og,0,oglev,2023Q1,enet,glob_gscpi__lvl,0.19430430500483206,0.1826270134671607
d_og,0,oglev,2023Q1,enet,glob_gscpi__d4,0.7266163539255993,0.585809869683345
d_og,0,oglev,2023Q1,enet,glob_wb_food_idx_nok__yoy,0.03393165775787532,0.3832145801365656
d_og,0,oglev,2023Q1,enet,us_ppi_corrugated_boxes_idx__yoy,-0.03635932638823745,-0.18916208641780677
d_og,0,oglev,2023Q1,enet,us_ppi_corrugated_boxes_idx__dyoy,-0.007741331138390254,-0.05968279682414398
d_og,0,oglev,2023Q1,enet,w_wage_yoy,-0.022481332424188386,-0.032257525350236876
d_og,0,oglev,2023Q1,enet,w_wage_dyoy,-0.11271920903607462,-0.24711334030435952
d_og,0,oglev,2023Q1,enet,w_real_wage_dyoy,-0.10844221168638549,-0.2503169093514606
d_og,0,oglev,2023Q1,enet,w_retail_total_vol_yoy,0.13974213789168602,0.27397077697116046
d_og,0,oglev,2023Q1,enet,w_unemp_lvl,-0.3432607162825249,-0.2313005081221075
d_og,0,oglev,2023Q1,enet,w_gov10y_lvl,-0.015782403533468676,-0.022092182427143295
d_og,0,oglev,2023Q1,enet,w_fx_vs_usd_dyoy,0.00017429600887065318,0.0026457225939293906
d_og,0,oglev,2023Q1,enet,w_fx_vs_nok_yoy,-0.14355751765000282,-0.42317299378904966
d_og,0,oglev,2023Q1,enet,w_ec_cons_price_exp_lvl,0.00030507882924056106,0.003324127834451132
d_og,0,oglev,2023Q1,enet,w_hh_saving_d4,-0.16216731680831645,-0.2176955919736522
d_og,0,oglev,2023Q1,enet,nw_real_wage_yoy,-0.3511904747285677,-0.7465650699347037
d_og,0,oglev,2023Q1,enet,nw_cons_conf_z,-0.5548210388526214,-0.44596813571859373
d_og,0,oglev,2023Q2,lasso,no_cpi_total_idx__yoy,-0.05895840022921916,-0.08311281088174452
d_og,0,oglev,2023Q2,lasso,no_cpi_total_idx__dyoy,-0.09670583842364629,-0.16499405848360876
d_og,0,oglev,2023Q2,lasso,no_govbond_10y__lvl,-0.5198169341548184,-0.6366504606917827
d_og,0,oglev,2023Q2,lasso,no_govbond_10y__d4,-0.6069792244284042,-0.4567889468133289
d_og,0,oglev,2023Q2,lasso,no_imp_price_food_idx__dyoy,0.07353337151465351,0.39510069335837683
d_og,0,oglev,2023Q2,lasso,no_jordbruk_malpris_mnok__lvl,-0.0019776531471354763,-0.6266172414225187
d_og,0,oglev,2023Q2,lasso,no_qna_hh_food_cons_sa_mnok__yoy,0.04913944148649267,0.147654300067676
d_og,0,oglev,2023Q2,lasso,se_cpi_food_idx__dyoy,0.14062447657965488,0.5435221957987839
d_og,0,oglev,2023Q2,lasso,se_retail_grocery_vol_sa_idx__dyoy,0.028553880733947455,0.06824042066246498
d_og,0,oglev,2023Q2,lasso,se_na_hhcons_food_sa__dyoy,-0.042622742966873,-0.14840681735407693
d_og,0,oglev,2023Q2,lasso,ea_negotiated_wages_yoy_q__d4,0.5500174317359389,0.34365752686261636
d_og,0,oglev,2023Q2,lasso,no_earn_idx_food_manuf_q__dyoy,-0.06045152336533711,-0.17221248021630772
d_og,0,oglev,2023Q2,lasso,eu_ppi_dom_c108_idx__dyoy,0.022355374741258868,0.08029264869311122
d_og,0,oglev,2023Q2,lasso,ea_ec_food_ind_sell_price_exp__lvl,0.020601102513846673,0.33807527758917344
d_og,0,oglev,2023Q2,lasso,no_fn_cci_sa__lvl,-0.1481161074006493,-2.3269338630477794
d_og,0,oglev,2023Q2,lasso,no_nbes_bl_sell_price_di__lvl,0.17598878202494375,1.2012674844900058
d_og,0,oglev,2023Q2,lasso,no_ssb_bts_consgoods_home_price_exp__lvl,0.03787927442829239,0.37539950928438587
d_og,0,oglev,2023Q2,lasso,eu_ppi_paper_packaging_idx__dyoy,-0.09174449815577328,-0.43891326873082626
d_og,0,oglev,2023Q2,lasso,glob_fao_vegoils_idx__dyoy,-0.01782260071454075,-0.7011577995408509
d_og,0,oglev,2023Q2,lasso,glob_gscpi__d4,1.1461347257810202,1.0155938568021643
d_og,0,oglev,2023Q2,lasso,glob_wb_food_idx__yoy,0.011996807599924447,0.18384629400818467
d_og,0,oglev,2023Q2,lasso,us_ppi_corrugated_boxes_idx__dyoy,-0.06515404621605794,-0.5068087732575873
d_og,0,oglev,2023Q2,lasso,us_ppi_plastic_resins_idx__yoy,0.006022379269238189,0.06314769499761727
d_og,0,oglev,2023Q2,lasso,w_wage_dyoy,-0.07000829608322502,-0.153189706655567
d_og,0,oglev,2023Q2,lasso,w_retail_total_vol_yoy,0.17064220238836136,0.3672862051799976
d_og,0,oglev,2023Q2,lasso,w_unemp_lvl,-0.0572435301601499,-0.0386703541742229
d_og,0,oglev,2023Q2,lasso,w_fx_vs_nok_yoy,-0.19918746644553917,-0.5947449942965856
d_og,0,oglev,2023Q2,lasso,w_hh_saving_d4,-0.15244428364260496,-0.2033707222375383
d_og,0,oglev,2023Q2,lasso,nw_real_wage_yoy,-0.5967666006933523,-1.3266537910984062
d_og,0,oglev,2023Q2,lasso,price_cost_gap_fao_wloc_d4,-0.007961084804914483,-0.13683723178079138
d_og,0,oglev,2023Q2,enet,no_cpi_total_idx__dyoy,-0.037263684964735276,-0.06357720192086086
d_og,0,oglev,2023Q2,enet,no_fx_eurnok__yoy,0.0027550462493336706,0.01624902362006461
d_og,0,oglev,2023Q2,enet,no_govbond_10y__lvl,-0.2614132997180014,-0.3201682876434663
d_og,0,oglev,2023Q2,enet,no_govbond_10y__d4,-0.43776759179055774,-0.3294468560951597
d_og,0,oglev,2023Q2,enet,no_imp_price_food_idx__dyoy,0.050429794737093234,0.2709633253056484
d_og,0,oglev,2023Q2,enet,no_jordbruk_malpris_mnok__lvl,-0.0019525964049198269,-0.6186780399963497
d_og,0,oglev,2023Q2,enet,no_qna_hh_food_cons_sa_mnok__yoy,0.0036916858488604265,0.011092785623806172
d_og,0,oglev,2023Q2,enet,se_cpi_food_idx__dyoy,0.10391157354177824,0.4016245819648813
d_og,0,oglev,2023Q2,enet,se_retail_grocery_vol_sa_idx__dyoy,0.08435345957832413,0.20159485919248243
d_og,0,oglev,2023Q2,enet,se_na_hhcons_food_sa__dyoy,-0.057535131463568194,-0.20032980404834325
d_og,0,oglev,2023Q2,enet,ea_negotiated_wages_yoy_q__d4,0.6260566974840523,0.39116777745407677
d_og,0,oglev,2023Q2,enet,no_earn_idx_food_manuf_q__dyoy,-0.043676805390192315,-0.12442516855551985
d_og,0,oglev,2023Q2,enet,se_wage_idx_m__dyoy,0.3035942257964969,0.17054804050790476
d_og,0,oglev,2023Q2,enet,eu_ppi_dom_c108_idx__yoy,0.02571641962635386,0.0864263969541043
d_og,0,oglev,2023Q2,enet,eu_ppi_dom_c108_idx__dyoy,0.05769607244250971,0.2072240134292582
d_og,0,oglev,2023Q2,enet,ea_ec_food_ind_sell_price_exp__lvl,0.012832924558507172,0.21059525962176973
d_og,0,oglev,2023Q2,enet,no_fn_cci_sa__lvl,-0.06655203085627007,-1.0455458016808281
d_og,0,oglev,2023Q2,enet,no_nbes_bl_sell_price_di__lvl,0.05767223660607201,0.3936602196773496
d_og,0,oglev,2023Q2,enet,no_ssb_bts_consgoods_home_price_exp__lvl,0.035790068580843916,0.3546946023989352
d_og,0,oglev,2023Q2,enet,se_nier_food_mfg_sell_price_exp__d4,0.0018147195440029302,0.04834192338248547
d_og,0,oglev,2023Q2,enet,eu_ppi_paper_packaging_idx__dyoy,-0.014708287747732975,-0.07036566532665481
d_og,0,oglev,2023Q2,enet,glob_fao_vegoils_idx__dyoy,-0.007382554495189338,-0.2904366061802758
d_og,0,oglev,2023Q2,enet,glob_gscpi__lvl,0.1757138144129898,0.1640782720649934
d_og,0,oglev,2023Q2,enet,glob_gscpi__d4,0.802479016443353,0.7110793704964702
d_og,0,oglev,2023Q2,enet,glob_wb_food_idx_nok__yoy,0.020429646783442928,0.22924862312211608
d_og,0,oglev,2023Q2,enet,us_ppi_corrugated_boxes_idx__yoy,-0.03360884407962795,-0.1745525310793506
d_og,0,oglev,2023Q2,enet,us_ppi_corrugated_boxes_idx__dyoy,-0.03689967389966062,-0.2870286582152886
d_og,0,oglev,2023Q2,enet,us_ppi_plastic_resins_idx__dyoy,0.0005204145367695987,0.008726354322700577
d_og,0,oglev,2023Q2,enet,w_wage_dyoy,-0.09191914118244196,-0.20113425210392963
d_og,0,oglev,2023Q2,enet,w_real_wage_yoy,-0.0024646324518222485,-0.005147448205615676
d_og,0,oglev,2023Q2,enet,w_real_wage_dyoy,-0.07887135809015348,-0.18441407726130593
d_og,0,oglev,2023Q2,enet,w_retail_food_vol_dyoy,-0.046659225064134974,-0.1016002247176781
d_og,0,oglev,2023Q2,enet,w_retail_total_vol_yoy,0.10324260263349769,0.22221691471060204
d_og,0,oglev,2023Q2,enet,w_unemp_lvl,-0.1857356705245569,-0.12547206892861162
d_og,0,oglev,2023Q2,enet,w_gov10y_lvl,-0.007930932031037553,-0.01103295223521114
d_og,0,oglev,2023Q2,enet,w_fx_vs_nok_yoy,-0.1936008011349944,-0.578064018894123
d_og,0,oglev,2023Q2,enet,w_hh_saving_d4,-0.13674804403809057,-0.18243090403964948
d_og,0,oglev,2023Q2,enet,nw_real_wage_yoy,-0.44038157813662737,-0.9789989746176554
d_og,0,oglev,2023Q2,enet,nw_cons_conf_z,-0.27593895070552343,-0.2427150294505699
d_og,0,oglev,2023Q3,lasso,no_cpi_total_idx__dyoy,-0.11379755357315491,-0.19290763449157733
d_og,0,oglev,2023Q3,lasso,no_govbond_10y__lvl,-0.502016749874874,-0.6110976687750626
d_og,0,oglev,2023Q3,lasso,no_govbond_10y__d4,-0.5705760667283668,-0.42889952951340754
d_og,0,oglev,2023Q3,lasso,no_imp_price_food_idx__dyoy,0.07813721466320954,0.4239608426913238
d_og,0,oglev,2023Q3,lasso,no_jordbruk_malpris_mnok__lvl,-0.0018984203354592817,-0.6421990505321388
d_og,0,oglev,2023Q3,lasso,no_qna_hh_food_cons_sa_mnok__yoy,0.04780430620711201,0.14828617142886744
d_og,0,oglev,2023Q3,lasso,se_cpi_food_idx__dyoy,0.09943874060916134,0.3862701059189892
d_og,0,oglev,2023Q3,lasso,se_na_hhcons_food_sa__dyoy,-0.03491433545633749,-0.12432145637089724
d_og,0,oglev,2023Q3,lasso,ea_negotiated_wages_yoy_q__d4,0.5252801820488749,0.3340536508745867
d_og,0,oglev,2023Q3,lasso,no_earn_idx_food_manuf_q__dyoy,-0.06799989115902645,-0.19376769446744724
d_og,0,oglev,2023Q3,lasso,eu_ppi_dom_c108_idx__dyoy,0.030535224611929288,0.11839324938786175
d_og,0,oglev,2023Q3,lasso,ea_ec_food_ind_sell_price_exp__lvl,0.020298795919358327,0.3309367724142082
d_og,0,oglev,2023Q3,lasso,no_fn_cci_sa__lvl,-0.1440430373599265,-2.3741763446243116
d_og,0,oglev,2023Q3,lasso,no_nbes_bl_sell_price_di__lvl,0.17889929048091274,1.2185269020949143
d_og,0,oglev,2023Q3,lasso,no_ssb_bts_consgoods_home_price_exp__lvl,0.04312441049660346,0.43290180596242434
d_og,0,oglev,2023Q3,lasso,eu_ppi_paper_packaging_idx__dyoy,-0.10843541208248463,-0.5164263053975546
d_og,0,oglev,2023Q3,lasso,glob_fao_vegoils_idx__dyoy,-0.01729439721068959,-0.698526983789566
d_og,0,oglev,2023Q3,lasso,glob_gscpi__d4,1.0946056792014698,1.0992903149571343
d_og,0,oglev,2023Q3,lasso,glob_wb_food_idx__yoy,0.009611066140581005,0.14812660093599253
d_og,0,oglev,2023Q3,lasso,glob_wb_food_idx_nok__yoy,0.001421372238489963,0.015920073766841538
d_og,0,oglev,2023Q3,lasso,us_ppi_corrugated_boxes_idx__dyoy,-0.06642102704059308,-0.5222130079776683
d_og,0,oglev,2023Q3,lasso,us_ppi_plastic_resins_idx__yoy,0.009688902403774307,0.10176104754953508
d_og,0,oglev,2023Q3,lasso,w_wage_dyoy,-0.017507431627613056,-0.03815833774350075
d_og,0,oglev,2023Q3,lasso,w_retail_total_vol_yoy,0.19705179197601108,0.46092665826285356
d_og,0,oglev,2023Q3,lasso,w_fx_vs_nok_yoy,-0.21850220957565128,-0.6802895961259634
d_og,0,oglev,2023Q3,lasso,w_hh_saving_d4,-0.15181984340729468,-0.20120113698060768
d_og,0,oglev,2023Q3,lasso,nw_real_wage_yoy,-0.663069610955729,-1.5603149648360228
d_og,0,oglev,2023Q3,lasso,price_cost_gap_fao_wloc_d4,-0.007183838116959342,-0.1282192393840415
d_og,0,oglev,2023Q3,enet,no_cpi_total_idx__dyoy,-0.026734418139054788,-0.04531972086199917
d_og,0,oglev,2023Q3,enet,no_fx_eurnok__yoy,0.0023124627331234716,0.014020408961248315
d_og,0,oglev,2023Q3,enet,no_govbond_10y__lvl,-0.253237692461111,-0.30826255009924036
d_og,0,oglev,2023Q3,enet,no_govbond_10y__d4,-0.36996426814838484,-0.27810051945476316
d_og,0,oglev,2023Q3,enet,no_imp_price_food_idx__yoy,0.007370169123208553,0.03177450095849799
d_og,0,oglev,2023Q3,enet,no_imp_price_food_idx__dyoy,0.05656231279163301,0.30689865129018884
d_og,0,oglev,2023Q3,enet,no_jordbruk_malpris_mnok__lvl,-0.0018475169187311886,-0.6249794046607652
d_og,0,oglev,2023Q3,enet,no_qna_hh_food_cons_sa_mnok__yoy,0.0029954936360934146,0.009291846657315273
d_og,0,oglev,2023Q3,enet,no_retail_foodstores_vol_sa_idx__dyoy,-0.0010806227637305754,-0.00538439646137419
d_og,0,oglev,2023Q3,enet,se_cpi_food_idx__dyoy,0.061148162643731484,0.23753023335222773
d_og,0,oglev,2023Q3,enet,se_retail_grocery_vol_sa_idx__dyoy,0.03337540828720909,0.08890207297934938
d_og,0,oglev,2023Q3,enet,se_na_hhcons_food_sa__dyoy,-0.047175248651398036,-0.16797958604526267
d_og,0,oglev,2023Q3,enet,ea_negotiated_wages_yoy_q__d4,0.6333729011539229,0.4027955693478077
d_og,0,oglev,2023Q3,enet,no_earn_idx_food_manuf_q__yoy,-0.02131779649398034,-0.03808346001183271
d_og,0,oglev,2023Q3,enet,no_earn_idx_food_manuf_q__dyoy,-0.03611108923448307,-0.10289961331423719
d_og,0,oglev,2023Q3,enet,se_wage_idx_m__dyoy,0.20180923962210287,0.11447794653042591
d_og,0,oglev,2023Q3,enet,eu_ppi_dom_c108_idx__yoy,0.03310483725743306,0.13039106478859855
d_og,0,oglev,2023Q3,enet,eu_ppi_dom_c108_idx__dyoy,0.06152683981326276,0.2385560474054229
d_og,0,oglev,2023Q3,enet,ea_ec_food_ind_sell_price_exp__lvl,0.011161726217287778,0.1819726482100143
d_og,0,oglev,2023Q3,enet,no_fn_cci_sa__lvl,-0.06901064417554065,-1.1374617054169132
d_og,0,oglev,2023Q3,enet,no_nbes_bl_sell_price_di__lvl,0.068328163171598,0.465399861405299
d_og,0,oglev,2023Q3,enet,no_ssb_bts_consgoods_home_price_exp__lvl,0.04144120885135582,0.4160050872911275
d_og,0,oglev,2023Q3,enet,se_nier_food_mfg_sell_price_exp__d4,0.0018557587403244763,0.0520693704345805
d_og,0,oglev,2023Q3,enet,eu_ppi_paper_packaging_idx__dyoy,-0.0380856057508256,-0.18138363002452892
d_og,0,oglev,2023Q3,enet,glob_fao_vegoils_idx__dyoy,-0.007366922932855716,-0.2975526925516184
d_og,0,oglev,2023Q3,enet,glob_gscpi__lvl,0.18659265614221587,0.17551521376408466
d_og,0,oglev,2023Q3,enet,glob_gscpi__d4,0.6887278256067367,0.6916754066937562
d_og,0,oglev,2023Q3,enet,glob_wb_food_idx_nok__yoy,0.019255842672759794,0.21567498470260563
d_og,0,oglev,2023Q3,enet,us_ppi_corrugated_boxes_idx__yoy,-0.028142433910896113,-0.14522919761357467
d_og,0,oglev,2023Q3,enet,us_ppi_corrugated_boxes_idx__dyoy,-0.040121623635201484,-0.31544278516924595
d_og,0,oglev,2023Q3,enet,us_ppi_plastic_resins_idx__yoy,0.0018983377288743417,0.01993794837047862
d_og,0,oglev,2023Q3,enet,us_ppi_plastic_resins_idx__dyoy,0.005416607733125303,0.09138066083857008
d_og,0,oglev,2023Q3,enet,w_wage_dyoy,-0.07064962420345944,-0.15398444952685286
d_og,0,oglev,2023Q3,enet,w_real_wage_yoy,-0.017734935509559256,-0.03988758444906839
d_og,0,oglev,2023Q3,enet,w_real_wage_dyoy,-0.05275943416413842,-0.12371012724060275
d_og,0,oglev,2023Q3,enet,w_retail_food_vol_dyoy,-0.02993234475362913,-0.06525624505379515
d_og,0,oglev,2023Q3,enet,w_retail_total_vol_yoy,0.1190145417100691,0.278388612684047
d_og,0,oglev,2023Q3,enet,w_unemp_lvl,-0.13190095087918816,-0.08916516847887791
d_og,0,oglev,2023Q3,enet,w_gov10y_lvl,-0.007215795657245062,-0.009980694396124333
d_og,0,oglev,2023Q3,enet,w_fx_vs_nok_yoy,-0.20895376931615026,-0.6505612717287684
d_og,0,oglev,2023Q3,enet,w_hh_saving_lvl,0.00810439193166759,0.022276339653473864
d_og,0,oglev,2023Q3,enet,w_hh_saving_d4,-0.1465503019768298,-0.1942176116167223
d_og,0,oglev,2023Q3,enet,nw_real_wage_yoy,-0.49030000497898785,-1.1537588548587085
d_og,0,oglev,2023Q3,enet,nw_cons_conf_z,-0.17636036690686752,-0.16261204397656626
d_og,0,oglev,2023Q4,lasso,no_cpi_total_idx__dyoy,-0.12694927277436763,-0.2163553387892802
d_og,0,oglev,2023Q4,lasso,no_govbond_10y__lvl,-0.5051154303220337,-0.6123718309995996
d_og,0,oglev,2023Q4,lasso,no_govbond_10y__d4,-0.5736724279063149,-0.4307933512086921
d_og,0,oglev,2023Q4,lasso,no_imp_price_food_idx__yoy,0.016255636056709728,0.07146024886472395
d_og,0,oglev,2023Q4,lasso,no_imp_price_food_idx__dyoy,0.09591044272604171,0.5170218391670206
d_og,0,oglev,2023Q4,lasso,no_jordbruk_malpris_mnok__lvl,-0.001573795111160427,-0.5349425311914322
d_og,0,oglev,2023Q4,lasso,no_qna_hh_food_cons_sa_mnok__yoy,0.14827317637337437,0.4716002121947972
d_og,0,oglev,2023Q4,lasso,se_cpi_food_idx__dyoy,0.13300939155485395,0.5198229163533368
d_og,0,oglev,2023Q4,lasso,se_retail_grocery_vol_sa_idx__dyoy,0.011406076292094825,0.03080986887726229
d_og,0,oglev,2023Q4,lasso,se_na_hhcons_food_sa__dyoy,-0.027408301683812954,-0.09800742815654032
d_og,0,oglev,2023Q4,lasso,ea_negotiated_wages_yoy_q__d4,0.32190103391276276,0.21347009467499503
d_og,0,oglev,2023Q4,lasso,no_earn_idx_food_manuf_q__dyoy,-0.06390200325465352,-0.1813494808972011
d_og,0,oglev,2023Q4,lasso,eu_ppi_dom_c108_idx__dyoy,0.05692150255060871,0.222788581637406
d_og,0,oglev,2023Q4,lasso,ea_ec_food_ind_sell_price_exp__lvl,0.010681145136598166,0.17319101296671235
d_og,0,oglev,2023Q4,lasso,no_fn_cci_sa__lvl,-0.13671962621104128,-2.344248143829748
d_og,0,oglev,2023Q4,lasso,no_nbes_bl_sell_price_di__lvl,0.16750226268518853,1.1338594572033474
d_og,0,oglev,2023Q4,lasso,no_ssb_bts_consgoods_home_price_exp__lvl,0.02524407013283061,0.25766166204182966
d_og,0,oglev,2023Q4,lasso,eu_ppi_paper_packaging_idx__dyoy,-0.0217079251853312,-0.11168661123148356
d_og,0,oglev,2023Q4,lasso,glob_fao_vegoils_idx__dyoy,-0.01673412695127569,-0.6724372954421137
d_og,0,oglev,2023Q4,lasso,glob_gscpi__d4,1.0021613676499148,1.0330882589456811
d_og,0,oglev,2023Q4,lasso,us_ppi_corrugated_boxes_idx__yoy,-0.02345208930889208,-0.1217628945612443
d_og,0,oglev,2023Q4,lasso,us_ppi_corrugated_boxes_idx__dyoy,-0.05475077357024228,-0.44927806697364037
d_og,0,oglev,2023Q4,lasso,w_wage_dyoy,-0.05866923821308949,-0.12816495520592364
d_og,0,oglev,2023Q4,lasso,w_retail_food_vol_dyoy,-0.08163602128306956,-0.17940658316010435
d_og,0,oglev,2023Q4,lasso,w_retail_total_vol_yoy,0.25544241606484397,0.6255812563924199
d_og,0,oglev,2023Q4,lasso,w_unemp_lvl,-0.25277558945599216,-0.17097772508660336
d_og,0,oglev,2023Q4,lasso,w_fx_vs_nok_yoy,-0.1939344968653077,-0.6128404872437154
d_og,0,oglev,2023Q4,lasso,w_hh_saving_d4,-0.2028820072286743,-0.273316052370063
d_og,0,oglev,2023Q4,lasso,nw_real_wage_yoy,-0.6691286889710669,-1.5992937173155242
d_og,0,oglev,2023Q4,lasso,price_cost_gap_fao_wloc_d4,-0.01044959449591925,-0.19828215830057772
d_og,0,oglev,2023Q4,enet,no_cpi_total_idx__dyoy,-0.017964820095517867,-0.03061683342576043
d_og,0,oglev,2023Q4,enet,no_fx_eurnok__yoy,0.00010455822932212226,0.0006429975764511988
d_og,0,oglev,2023Q4,enet,no_govbond_10y__lvl,-0.27365881003326564,-0.3317676248029131
d_og,0,oglev,2023Q4,enet,no_govbond_10y__d4,-0.3896732894589911,-0.2926211093240265
d_og,0,oglev,2023Q4,enet,no_imp_price_food_idx__yoy,0.010889325901964455,0.04786979335713359
d_og,0,oglev,2023Q4,enet,no_imp_price_food_idx__dyoy,0.0652117557668147,0.351535254593445
d_og,0,oglev,2023Q4,enet,no_jordbruk_malpris_mnok__lvl,-0.0017063317270294544,-0.579992533104481
d_og,0,oglev,2023Q4,enet,no_qna_hh_food_cons_sa_mnok__yoy,0.04094842719591495,0.1302412710577397
d_og,0,oglev,2023Q4,enet,no_retail_foodstores_vol_sa_idx__dyoy,-0.006153351231282069,-0.03250801660916821
d_og,0,oglev,2023Q4,enet,se_cpi_food_idx__dyoy,0.08725384309526996,0.34100259125021515
d_og,0,oglev,2023Q4,enet,se_retail_grocery_vol_sa_idx__dyoy,0.03731569075858065,0.10079640972883473
d_og,0,oglev,2023Q4,enet,se_na_hhcons_food_sa__dyoy,-0.044596081736035034,-0.15946800816881584
d_og,0,oglev,2023Q4,enet,ea_negotiated_wages_yoy_q__d4,0.49432018299707675,0.32781061614342044
d_og,0,oglev,2023Q4,enet,no_earn_idx_food_manuf_q__yoy,-0.007064771891175423,-0.012561100431300034
d_og,0,oglev,2023Q4,enet,no_earn_idx_food_manuf_q__dyoy,-0.037933746791137604,-0.10765335887271586
d_og,0,oglev,2023Q4,enet,se_wage_idx_m__dyoy,0.21461789224603486,0.12280463717580753
d_og,0,oglev,2023Q4,enet,eu_ppi_dom_c108_idx__dyoy,0.08157248884560847,0.3192715981871404
d_og,0,oglev,2023Q4,enet,ea_ec_food_ind_sell_price_exp__lvl,0.011596977502275773,0.1880409127752943
d_og,0,oglev,2023Q4,enet,no_fn_cci_sa__lvl,-0.06916146200852945,-1.1858694573065858
d_og,0,oglev,2023Q4,enet,no_nbes_bl_sell_price_di__lvl,0.06484467541318384,0.4389477926319459
d_og,0,oglev,2023Q4,enet,no_ssb_bts_consgoods_home_price_exp__lvl,0.03621482414957733,0.3696381657883781
d_og,0,oglev,2023Q4,enet,glob_fao_vegoils_idx__dyoy,-0.008632041809938025,-0.34686642845000526
d_og,0,oglev,2023Q4,enet,glob_gscpi__lvl,0.11536396429695156,0.10845042121663874
d_og,0,oglev,2023Q4,enet,glob_gscpi__d4,0.6746318662332114,0.6954511345318702
d_og,0,oglev,2023Q4,enet,glob_wb_food_idx_nok__yoy,0.016628566437317225,0.18551608180290252
d_og,0,oglev,2023Q4,enet,us_ppi_corrugated_boxes_idx__yoy,-0.03731954004950563,-0.1937624899969631
d_og,0,oglev,2023Q4,enet,us_ppi_corrugated_boxes_idx__dyoy,-0.03711749021771037,-0.30458152768437907
d_og,0,oglev,2023Q4,enet,us_ppi_plastic_resins_idx__dyoy,0.002899320156336161,0.048915680141995196
d_og,0,oglev,2023Q4,enet,w_wage_dyoy,-0.07668935450986948,-0.16753051488123344
d_og,0,oglev,2023Q4,enet,w_real_wage_yoy,-0.024840401465243557,-0.05667430137630536
d_og,0,oglev,2023Q4,enet,w_real_wage_dyoy,-0.08549833409456535,-0.20147169414829205
d_og,0,oglev,2023Q4,enet,w_retail_food_vol_dyoy,-0.06304609604257871,-0.13855262045859384
d_og,0,oglev,2023Q4,enet,w_retail_total_vol_yoy,0.12882470957312492,0.3154931154765083
d_og,0,oglev,2023Q4,enet,w_unemp_lvl,-0.23314677934571995,-0.157700773360236
d_og,0,oglev,2023Q4,enet,w_gov10y_lvl,-0.02412493176123912,-0.03321378757774449
d_og,0,oglev,2023Q4,enet,w_fx_vs_nok_yoy,-0.20508274696716686,-0.6480693873866499
d_og,0,oglev,2023Q4,enet,w_hh_saving_lvl,0.0043134416002871614,0.012030477376577807
d_og,0,oglev,2023Q4,enet,w_hh_saving_d4,-0.1690309025353844,-0.2277129433042726
d_og,0,oglev,2023Q4,enet,nw_real_wage_yoy,-0.47172483718499814,-1.1274760458586128
d_og,0,oglev,2023Q4,enet,nw_cons_conf_z,-0.020732556190175465,-0.019983458012282948
d_og,0,oglev,2024Q1,lasso,no_cpi_total_idx__dyoy,-0.12983519092937698,-0.22238036410794548
d_og,0,oglev,2024Q1,lasso,no_govbond_10y__lvl,-0.5300628763446333,-0.6394103221284846
d_og,0,oglev,2024Q1,lasso,no_govbond_10y__d4,-0.6098217448613168,-0.45607905291035344
d_og,0,oglev,2024Q1,lasso,no_imp_price_food_idx__yoy,0.028919672019462956,0.13064466442836703
d_og,0,oglev,2024Q1,lasso,no_imp_price_food_idx__dyoy,0.09069321299961654,0.48578284413979067
d_og,0,oglev,2024Q1,lasso,no_jordbruk_malpris_mnok__lvl,-0.0013143438118727493,-0.4486990424163851
d_og,0,oglev,2024Q1,lasso,no_qna_hh_food_cons_sa_mnok__yoy,0.12585897936005627,0.40702892258892054
d_og,0,oglev,2024Q1,lasso,se_cpi_food_idx__dyoy,0.11111604643379719,0.45361585604579996
d_og,0,oglev,2024Q1,lasso,se_na_hhcons_food_sa__dyoy,-0.015526555917085178,-0.055220159159092085
d_og,0,oglev,2024Q1,lasso,ea_negotiated_wages_yoy_q__d4,0.39097862798859706,0.26677959249984967
d_og,0,oglev,2024Q1,lasso,no_earn_idx_food_manuf_q__dyoy,-0.05818375815732472,-0.1659533502197444
d_og,0,oglev,2024Q1,lasso,eu_ppi_dom_c103_idx__dyoy,-0.00599646232765334,-0.023840733551941905
d_og,0,oglev,2024Q1,lasso,eu_ppi_dom_c108_idx__dyoy,0.03696163977633589,0.14373612244424155
d_og,0,oglev,2024Q1,lasso,ea_ec_food_ind_sell_price_exp__lvl,0.014705417313132829,0.23727444953025037
d_og,0,oglev,2024Q1,lasso,no_fn_cci_sa__lvl,-0.13910504598733012,-2.4657757443861135
d_og,0,oglev,2024Q1,lasso,no_nbes_bl_sell_price_di__lvl,0.17718667092695756,1.1922101484330605
d_og,0,oglev,2024Q1,lasso,no_ssb_bts_consgoods_home_price_exp__lvl,0.024716530425627593,0.25205310666568637
d_og,0,oglev,2024Q1,lasso,eu_ppi_paper_packaging_idx__dyoy,-0.020532210967764874,-0.12095829003561587
d_og,0,oglev,2024Q1,lasso,glob_fao_vegoils_idx__dyoy,-0.01769560832779734,-0.7065576967413633
d_og,0,oglev,2024Q1,lasso,glob_gscpi__d4,1.031080659438175,1.0663625854086818
d_og,0,oglev,2024Q1,lasso,us_ppi_corrugated_boxes_idx__yoy,-0.03293243463666564,-0.1747570799187506
d_og,0,oglev,2024Q1,lasso,us_ppi_corrugated_boxes_idx__dyoy,-0.048665815205681424,-0.41506705238433605
d_og,0,oglev,2024Q1,lasso,w_wage_dyoy,-0.06570270302383559,-0.14305007213730242
d_og,0,oglev,2024Q1,lasso,w_retail_food_vol_dyoy,-0.04266287624871113,-0.09592489188144886
d_og,0,oglev,2024Q1,lasso,w_retail_total_vol_yoy,0.26223500797835414,0.6547489000380874
d_og,0,oglev,2024Q1,lasso,w_unemp_lvl,-0.2532923344270053,-0.17076485366649002
d_og,0,oglev,2024Q1,lasso,w_fx_vs_nok_yoy,-0.20311177650651707,-0.6529877134581444
d_og,0,oglev,2024Q1,lasso,w_hh_saving_d4,-0.20234311674215713,-0.2748407134122792
d_og,0,oglev,2024Q1,lasso,nw_real_wage_yoy,-0.6709030037154593,-1.6034743377698797
d_og,0,oglev,2024Q1,lasso,price_cost_gap_fao_wloc_d4,-0.013067320131778687,-0.2512779029346816
d_og,0,oglev,2024Q1,enet,no_cpi_total_idx__dyoy,-0.01301508115528277,-0.022292095582780613
d_og,0,oglev,2024Q1,enet,no_govbond_10y__lvl,-0.28924503402264107,-0.348913815006041
d_og,0,oglev,2024Q1,enet,no_govbond_10y__d4,-0.41533846578442607,-0.31062712293947314
d_og,0,oglev,2024Q1,enet,no_imp_price_food_idx__yoy,0.02346562696917308,0.10600600722323773
d_og,0,oglev,2024Q1,enet,no_imp_price_food_idx__dyoy,0.06061520539265911,0.32467508758222097
d_og,0,oglev,2024Q1,enet,no_jordbruk_malpris_mnok__lvl,-0.0015310171263501645,-0.5226683553503232
d_og,0,oglev,2024Q1,enet,no_qna_hh_food_cons_sa_mnok__yoy,0.016467109540886576,0.05325476091305401
d_og,0,oglev,2024Q1,enet,no_retail_foodstores_vol_sa_idx__dyoy,-0.0022707246182107335,-0.012413231648344935
d_og,0,oglev,2024Q1,enet,se_cpi_food_idx__dyoy,0.06413924105518322,0.2618395602718764
d_og,0,oglev,2024Q1,enet,se_retail_grocery_vol_sa_idx__dyoy,0.03693379772074161,0.0991392705979446
d_og,0,oglev,2024Q1,enet,se_na_hhcons_food_sa__dyoy,-0.03293963495471728,-0.11714973330565584
d_og,0,oglev,2024Q1,enet,ea_negotiated_wages_yoy_q__d4,0.5085606012147201,0.3470102461904862
d_og,0,oglev,2024Q1,enet,no_earn_idx_food_manuf_q__dyoy,-0.036011782807296604,-0.10271381900249964
d_og,0,oglev,2024Q1,enet,se_wage_idx_m__dyoy,0.27148903363083193,0.15812791023742553
d_og,0,oglev,2024Q1,enet,eu_ppi_dom_c108_idx__yoy,0.004098134391607195,0.018293533546903343
d_og,0,oglev,2024Q1,enet,eu_ppi_dom_c108_idx__dyoy,0.07364129210860149,0.2863756544224244
d_og,0,oglev,2024Q1,enet,ea_ec_food_ind_sell_price_exp__lvl,0.014225484494388953,0.22953065056459596
d_og,0,oglev,2024Q1,enet,no_fn_cci_sa__lvl,-0.06791804143807004,-1.2039150556728009
d_og,0,oglev,2024Q1,enet,no_nbes_bl_sell_price_di__lvl,0.06575137501282628,0.44241170147631637
d_og,0,oglev,2024Q1,enet,no_ssb_bts_consgoods_home_price_exp__lvl,0.03321824516918803,0.338751505518545
d_og,0,oglev,2024Q1,enet,glob_fao_vegoils_idx__dyoy,-0.008664486707496111,-0.3459592718198822
d_og,0,oglev,2024Q1,enet,glob_gscpi__lvl,0.16658455300794192,0.15560786505095967
d_og,0,oglev,2024Q1,enet,glob_gscpi__d4,0.6665064455587844,0.6893132268283352
d_og,0,oglev,2024Q1,enet,glob_wb_food_idx_nok__yoy,0.01870771761537346,0.20777010257126913
d_og,0,oglev,2024Q1,enet,us_ppi_corrugated_boxes_idx__yoy,-0.03662927257430798,-0.1943744756577206
d_og,0,oglev,2024Q1,enet,us_ppi_corrugated_boxes_idx__dyoy,-0.03239551051914359,-0.27629885587731634
d_og,0,oglev,2024Q1,enet,us_ppi_plastic_resins_idx__dyoy,0.003867727723417315,0.065016082532348
d_og,0,oglev,2024Q1,enet,w_wage_dyoy,-0.12542428918556914,-0.27307786118413685
d_og,0,oglev,2024Q1,enet,w_real_wage_yoy,-0.01744647074933603,-0.03970589134614099
d_og,0,oglev,2024Q1,enet,w_real_wage_dyoy,-0.027851887858000402,-0.06775978068040275
d_og,0,oglev,2024Q1,enet,w_retail_food_vol_dyoy,-0.03710593904321219,-0.08343045532442955
d_og,0,oglev,2024Q1,enet,w_retail_total_vol_yoy,0.14262384101141354,0.35610349564440397
d_og,0,oglev,2024Q1,enet,w_unemp_lvl,-0.2522215967418344,-0.17004298277159294
d_og,0,oglev,2024Q1,enet,w_gov10y_lvl,-0.011154212562876473,-0.01528015424111538
d_og,0,oglev,2024Q1,enet,w_fx_vs_nok_yoy,-0.21378667934716652,-0.6873066511248624
d_og,0,oglev,2024Q1,enet,w_hh_saving_d4,-0.1716072364393359,-0.23309246219528185
d_og,0,oglev,2024Q1,enet,nw_real_wage_yoy,-0.48593291019682083,-1.161391359202948
d_og,0,oglev,2024Q1,enet,nw_cons_conf_z,-0.1529667860295058,-0.15251597655279261
d_og,0,oglev,2024Q1,enet,price_cost_gap_fao_wloc_d4,-0.0017720488469557772,-0.03407559573580742
d_og,0,oglev,2024Q2,lasso,no_cpi_total_idx__dyoy,-0.14436723019501943,-0.248440621242586
d_og,0,oglev,2024Q2,lasso,no_govbond_10y__lvl,-0.5547835976651344,-0.6660621729985977
d_og,0,oglev,2024Q2,lasso,no_govbond_10y__d4,-0.6943940910544545,-0.5195574554903889
d_og,0,oglev,2024Q2,lasso,no_imp_price_food_idx__yoy,0.04395549312838058,0.19736489472404514
d_og,0,oglev,2024Q2,lasso,no_imp_price_food_idx__dyoy,0.06768962873264131,0.3777249278275417
d_og,0,oglev,2024Q2,lasso,no_jordbruk_malpris_mnok__lvl,-0.0008036603209444749,-0.27544028760612127
d_og,0,oglev,2024Q2,lasso,no_qna_hh_food_cons_sa_mnok__yoy,0.09660890172835065,0.3141934565623796
d_og,0,oglev,2024Q2,lasso,se_cpi_food_idx__dyoy,0.09417541426398619,0.4278662703873093
d_og,0,oglev,2024Q2,lasso,ea_negotiated_wages_yoy_q__d4,0.5844437512717725,0.40466667316297866
d_og,0,oglev,2024Q2,lasso,no_earn_idx_food_manuf_q__dyoy,-0.05787458193626421,-0.16402819872450303
d_og,0,oglev,2024Q2,lasso,se_wage_idx_m__dyoy,0.019669571394913564,0.011665474507334976
d_og,0,oglev,2024Q2,lasso,eu_ppi_dom_c103_idx__dyoy,-0.0209105080023805,-0.08397312955906298
d_og,0,oglev,2024Q2,lasso,ea_ec_food_ind_sell_price_exp__lvl,0.01457944504215081,0.23408904739794054
d_og,0,oglev,2024Q2,lasso,no_fn_cci_sa__lvl,-0.13446757847726012,-2.43381003734439
d_og,0,oglev,2024Q2,lasso,no_nbes_bl_sell_price_di__lvl,0.1953092781246668,1.3058466175257613
d_og,0,oglev,2024Q2,lasso,no_ssb_bts_consgoods_home_price_exp__lvl,0.028869474541619748,0.2942788270526391
d_og,0,oglev,2024Q2,lasso,glob_fao_vegoils_idx__dyoy,-0.01858021443366073,-0.742256564840204
d_og,0,oglev,2024Q2,lasso,glob_gscpi__d4,1.060707951571771,1.0900873525032064
d_og,0,oglev,2024Q2,lasso,us_ppi_corrugated_boxes_idx__yoy,-0.07223895947779772,-0.3908883756979152
d_og,0,oglev,2024Q2,lasso,us_ppi_corrugated_boxes_idx__dyoy,-0.02738967497733799,-0.2371783085810201
d_og,0,oglev,2024Q2,lasso,w_wage_dyoy,-0.05309160653549651,-0.11502908503208177
d_og,0,oglev,2024Q2,lasso,w_retail_total_vol_yoy,0.24063145448760126,0.60266146038538
d_og,0,oglev,2024Q2,lasso,w_unemp_lvl,-0.22754573525412797,-0.152544089140026
d_og,0,oglev,2024Q2,lasso,w_fx_vs_eur_dyoy,-0.0015793196568303816,-0.008813773735407341
d_og,0,oglev,2024Q2,lasso,w_fx_vs_nok_yoy,-0.2206798375495161,-0.7054031193363446
d_og,0,oglev,2024Q2,lasso,w_hh_saving_d4,-0.20503016905210222,-0.27750711885903656
d_og,0,oglev,2024Q2,lasso,nw_real_wage_yoy,-0.6891492630967758,-1.641115823861317
d_og,0,oglev,2024Q2,lasso,price_cost_gap_fao_wloc_d4,-0.01733647135104506,-0.3327697748281653
d_og,0,oglev,2024Q2,enet,no_cpi_total_idx__dyoy,-0.1261421660646332,-0.2170772277036045
d_og,0,oglev,2024Q2,enet,no_govbond_10y__lvl,-0.37196650952586985,-0.44657560652513606
d_og,0,oglev,2024Q2,enet,no_govbond_10y__d4,-0.5932775520424471,-0.4439003432052077
d_og,0,oglev,2024Q2,enet,no_imp_price_food_idx__yoy,0.047237996615473905,0.2121036886506497
d_og,0,oglev,2024Q2,enet,no_imp_price_food_idx__dyoy,0.045839318790676896,0.2557947754487037
d_og,0,oglev,2024Q2,enet,no_jordbruk_malpris_mnok__lvl,-0.0014547998738109493,-0.49860679345337744
d_og,0,oglev,2024Q2,enet,no_ppi_food_dom_idx__dyoy,0.006719125512998235,0.027801014626332717
d_og,0,oglev,2024Q2,enet,no_qna_hh_food_cons_sa_mnok__yoy,0.07014352843809106,0.22812222539714463
d_og,0,oglev,2024Q2,enet,no_retail_foodstores_vol_sa_idx__dyoy,-0.0059714302251257095,-0.033108199149931294
d_og,0,oglev,2024Q2,enet,se_cpi_food_idx__dyoy,0.07167219326120222,0.32562759888889736
d_og,0,oglev,2024Q2,enet,se_ppi_food_hmpi_idx__yoy,0.0012970926997524026,0.005987934935962519
d_og,0,oglev,2024Q2,enet,se_retail_grocery_vol_sa_idx__dyoy,0.03674765675886508,0.1012704934241814
d_og,0,oglev,2024Q2,enet,se_na_hhcons_food_sa__dyoy,-0.01888739873639256,-0.07043259089612604
d_og,0,oglev,2024Q2,enet,ea_negotiated_wages_yoy_q__d4,0.5671084066093071,0.3926637451867132
d_og,0,oglev,2024Q2,enet,no_earn_idx_food_manuf_q__dyoy,-0.058645401397102,-0.1662128560209005
d_og,0,oglev,2024Q2,enet,se_wage_idx_m__dyoy,0.16164886015329252,0.09586943301396107
d_og,0,oglev,2024Q2,enet,eu_ppi_dom_c108_idx__yoy,0.024024542268271956,0.10804394537191904
d_og,0,oglev,2024Q2,enet,eu_ppi_dom_c108_idx__dyoy,0.025880222837191106,0.10349769187567409
d_og,0,oglev,2024Q2,enet,ea_ec_food_ind_sell_price_exp__lvl,0.018536850627676144,0.29762955260953333
d_og,0,oglev,2024Q2,enet,no_fn_cci_sa__lvl,-0.096963130755011,-1.7549943529606333
d_og,0,oglev,2024Q2,enet,no_nbes_bl_sell_price_di__lvl,0.12192261141476816,0.8151800633570355
d_og,0,oglev,2024Q2,enet,no_ssb_bts_consgoods_home_price_exp__lvl,0.03373120795043097,0.34383654251867624
d_og,0,oglev,2024Q2,enet,glob_fao_cereals_idx__yoy,0.00014452902097910575,0.0030952996022144464
d_og,0,oglev,2024Q2,enet,glob_fao_vegoils_idx__dyoy,-0.014503326202889018,-0.5793899270942016
d_og,0,oglev,2024Q2,enet,glob_gscpi__d4,0.8757785248958992,0.9000357658941692
d_og,0,oglev,2024Q2,enet,glob_wb_food_idx_nok__yoy,0.010797369116763473,0.12000027120122644
d_og,0,oglev,2024Q2,enet,us_ppi_corrugated_boxes_idx__yoy,-0.04865337527446144,-0.2632656806068813
d_og,0,oglev,2024Q2,enet,us_ppi_corrugated_boxes_idx__dyoy,-0.03480059425507445,-0.30135246547694255
d_og,0,oglev,2024Q2,enet,us_ppi_plastic_resins_idx__yoy,0.006588341293834099,0.07051328594497543
d_og,0,oglev,2024Q2,enet,w_wage_dyoy,-0.11928133211922438,-0.25843675470450583
d_og,0,oglev,2024Q2,enet,w_real_wage_yoy,-0.048716051531941994,-0.11019906758311472
d_og,0,oglev,2024Q2,enet,w_retail_total_vol_yoy,0.1947411414375611,0.48772917466583177
d_og,0,oglev,2024Q2,enet,w_unemp_lvl,-0.3635389110151088,-0.24371237714397334
d_og,0,oglev,2024Q2,enet,w_gov10y_lvl,-0.0345428605683327,-0.047044291860769805
d_og,0,oglev,2024Q2,enet,w_fx_vs_eur_dyoy,-0.012273988980976308,-0.06849795178660695
d_og,0,oglev,2024Q2,enet,w_fx_vs_nok_yoy,-0.24099176897686694,-0.7703302098567202
d_og,0,oglev,2024Q2,enet,w_hh_saving_d4,-0.20743420252168313,-0.2807609639144662
d_og,0,oglev,2024Q2,enet,nw_real_wage_yoy,-0.5552737598873654,-1.322309407734442
d_og,0,oglev,2024Q2,enet,nw_cons_conf_z,-0.24597447315368381,-0.24730159942120183
d_og,0,oglev,2024Q2,enet,elec_nordic_loc_dyoy,0.0008982704628094665,0.08581510948537549
d_og,0,oglev,2024Q2,enet,price_cost_gap_fao_wloc_d4,-0.01414524175139104,-0.2715148208182866
d_og,0,oglev,2024Q3,lasso,no_cpi_total_idx__yoy,-0.18351221645702465,-0.2725141383456925
d_og,0,oglev,2024Q3,lasso,no_cpi_total_idx__dyoy,-0.07428437252452033,-0.13008459214964535
d_og,0,oglev,2024Q3,lasso,no_govbond_10y__lvl,-0.604324204246133,-0.7222300344773956
d_og,0,oglev,2024Q3,lasso,no_govbond_10y__d4,-0.5343721122603549,-0.3981723980816017
d_og,0,oglev,2024Q3,lasso,no_imp_price_food_idx__yoy,0.057600244879543586,0.25702896765892125
d_og,0,oglev,2024Q3,lasso,no_imp_price_food_idx__dyoy,0.06986990794596859,0.40656668627454806
d_og,0,oglev,2024Q3,lasso,no_jordbruk_malpris_mnok__lvl,-0.002045607742127958,-0.7035937338926678
d_og,0,oglev,2024Q3,lasso,no_ppi_food_dom_idx__dyoy,0.023506981216718344,0.10202327154139201
d_og,0,oglev,2024Q3,lasso,no_qna_hh_food_cons_sa_mnok__yoy,0.14188551655227327,0.4637608049694594
d_og,0,oglev,2024Q3,lasso,se_cpi_food_idx__dyoy,0.030148495171063095,0.1434359420932622
d_og,0,oglev,2024Q3,lasso,se_ppi_food_hmpi_idx__yoy,0.0737059566717718,0.33905308555031693
d_og,0,oglev,2024Q3,lasso,se_na_hhcons_food_sa__yoy,-0.0638877505438249,-0.1739903203936584
d_og,0,oglev,2024Q3,lasso,ea_negotiated_wages_yoy_q__d4,0.23471274710853968,0.1619406972936466
d_og,0,oglev,2024Q3,lasso,no_earn_idx_food_manuf_q__dyoy,-0.09211272801675834,-0.26043738673442135
d_og,0,oglev,2024Q3,lasso,eu_ppi_dom_c103_idx__dyoy,-0.003376884064354688,-0.014264706163980057
d_og,0,oglev,2024Q3,lasso,ea_ec_food_ind_sell_price_exp__lvl,0.03202807188703257,0.5110961199820399
d_og,0,oglev,2024Q3,lasso,no_fn_cci_sa__lvl,-0.16714056623748383,-3.0590994241435285
d_og,0,oglev,2024Q3,lasso,no_nbes_bl_sell_price_di__lvl,0.1925584718154333,1.2804737451038632
d_og,0,oglev,2024Q3,lasso,no_ssb_bts_consgoods_home_price_exp__lvl,0.0233930472995084,0.23714359887782582
d_og,0,oglev,2024Q3,lasso,se_nier_food_mfg_sell_price_exp__lvl,-0.007622168346921461,-0.165427124387646
d_og,0,oglev,2024Q3,lasso,glob_fao_vegoils_idx__dyoy,-0.02655488443323666,-1.0766171216714324
d_og,0,oglev,2024Q3,lasso,glob_gscpi__d4,1.079953921703342,1.1069824891634925
d_og,0,oglev,2024Q3,lasso,glob_wb_food_idx__yoy,0.008935558055747642,0.13615229031271284
d_og,0,oglev,2024Q3,lasso,us_ppi_corrugated_boxes_idx__yoy,-0.034843281926530696,-0.19123834890011215
d_og,0,oglev,2024Q3,lasso,us_ppi_corrugated_boxes_idx__dyoy,-0.06855971412837267,-0.5962947858137829
d_og,0,oglev,2024Q3,lasso,w_wage_dyoy,-0.0772582213199153,-0.1667039236643663
d_og,0,oglev,2024Q3,lasso,w_retail_total_vol_yoy,0.33489866098137583,0.8352428021757433
d_og,0,oglev,2024Q3,lasso,w_gdp_vol_yoy,-0.004334042960028853,-0.009366306915368692
d_og,0,oglev,2024Q3,lasso,w_gdp_vol_dyoy,-0.012224325035757249,-0.043657860777363965
d_og,0,oglev,2024Q3,lasso,w_unemp_lvl,-0.308518535126658,-0.20554414438941507
d_og,0,oglev,2024Q3,lasso,w_fx_vs_eur_dyoy,-0.028583149626210672,-0.15969147466647057
d_og,0,oglev,2024Q3,lasso,w_fx_vs_nok_yoy,-0.24233589917312295,-0.772424340903562
d_og,0,oglev,2024Q3,lasso,w_hh_saving_d4,-0.2213480881186241,-0.29775796231265805
d_og,0,oglev,2024Q3,lasso,nw_real_wage_yoy,-0.681664462353711,-1.615440729608476
d_og,0,oglev,2024Q3,lasso,elec_nordic_loc_dyoy,5.739999719087154e-05,0.005450614940621749
d_og,0,oglev,2024Q3,lasso,price_cost_gap_fao_wloc_d4,-0.019676450465943643,-0.37585077499297115
d_og,0,oglev,2024Q3,enet,no_cpi_total_idx__dyoy,-0.10271041371645827,-0.17986343323310033
d_og,0,oglev,2024Q3,enet,no_govbond_10y__lvl,-0.37730595609671813,-0.45091970794086095
d_og,0,oglev,2024Q3,enet,no_govbond_10y__d4,-0.5328894175368601,-0.39706760967642163
d_og,0,oglev,2024Q3,enet,no_imp_price_food_idx__yoy,0.04427388729682161,0.19756290220548897
d_og,0,oglev,2024Q3,enet,no_imp_price_food_idx__dyoy,0.04685638964711274,0.2726531010223671
d_og,0,oglev,2024Q3,enet,no_jordbruk_malpris_mnok__lvl,-0.001597692872722133,-0.5495318925430384
d_og,0,oglev,2024Q3,enet,no_ppi_food_dom_idx__dyoy,0.005082419712074673,0.022058344352763545
d_og,0,oglev,2024Q3,enet,no_qna_hh_food_cons_sa_mnok__yoy,0.07443432834897215,0.24329279598994633
d_og,0,oglev,2024Q3,enet,no_retail_foodstores_vol_sa_idx__dyoy,-0.012310231010874952,-0.06834457065148675
d_og,0,oglev,2024Q3,enet,se_cpi_food_idx__dyoy,0.056581789821408095,0.2691962660924559
d_og,0,oglev,2024Q3,enet,se_ppi_food_hmpi_idx__yoy,0.0009456813067775803,0.0043502069505461415
d_og,0,oglev,2024Q3,enet,se_retail_grocery_vol_sa_idx__dyoy,0.017177857124643845,0.05085279769979978
d_og,0,oglev,2024Q3,enet,se_na_hhcons_food_sa__dyoy,-0.015672078378052994,-0.06340063842374198
d_og,0,oglev,2024Q3,enet,ea_negotiated_wages_yoy_q__d4,0.5914660259806929,0.40808359091175495
d_og,0,oglev,2024Q3,enet,no_earn_idx_food_manuf_q__dyoy,-0.0615477333341681,-0.1740186310198251
d_og,0,oglev,2024Q3,enet,se_wage_idx_m__dyoy,0.09178128588967892,0.055944875489229516
d_og,0,oglev,2024Q3,enet,eu_ppi_dom_c108_idx__yoy,0.029518937847305693,0.13198437794178372
d_og,0,oglev,2024Q3,enet,eu_ppi_dom_c108_idx__dyoy,0.03566701072340461,0.15682405801547405
d_og,0,oglev,2024Q3,enet,ea_ec_food_ind_sell_price_exp__lvl,0.01861372443274059,0.29703325162824956
d_og,0,oglev,2024Q3,enet,no_fn_cci_sa__lvl,-0.09192977539225214,-1.682549780072565
d_og,0,oglev,2024Q3,enet,no_nbes_bl_sell_price_di__lvl,0.11585890373942653,0.7704375869634476
d_og,0,oglev,2024Q3,enet,no_ssb_bts_consgoods_home_price_exp__lvl,0.03190223237477281,0.3234042192420693
d_og,0,oglev,2024Q3,enet,glob_fao_vegoils_idx__dyoy,-0.014494680784071618,-0.5876591760181633
d_og,0,oglev,2024Q3,enet,glob_gscpi__d4,0.8485835305132664,0.8698214710763925
d_og,0,oglev,2024Q3,enet,glob_wb_food_idx_nok__yoy,0.014821006431541077,0.16499981823919974
d_og,0,oglev,2024Q3,enet,us_ppi_corrugated_boxes_idx__yoy,-0.04245244527351946,-0.23300145944916117
d_og,0,oglev,2024Q3,enet,us_ppi_corrugated_boxes_idx__dyoy,-0.038944677358015205,-0.3387194409869073
d_og,0,oglev,2024Q3,enet,us_ppi_plastic_resins_idx__yoy,0.00769889301871579,0.08225727255541952
d_og,0,oglev,2024Q3,enet,w_wage_dyoy,-0.12652052026833815,-0.2729996470595949
d_og,0,oglev,2024Q3,enet,w_real_wage_yoy,-0.05809934404526042,-0.13064785381279428
d_og,0,oglev,2024Q3,enet,w_retail_total_vol_yoy,0.19668389455860155,0.4905328876280594
d_og,0,oglev,2024Q3,enet,w_unemp_lvl,-0.37309464848148544,-0.24856665505336184
d_og,0,oglev,2024Q3,enet,w_gov10y_lvl,-0.03989656594671624,-0.05403973632411098
d_og,0,oglev,2024Q3,enet,w_fx_vs_eur_dyoy,-0.015258507528923696,-0.08524790306065025
d_og,0,oglev,2024Q3,enet,w_fx_vs_nok_yoy,-0.2497645618651284,-0.7961025491395113
d_og,0,oglev,2024Q3,enet,w_hh_saving_d4,-0.20555763146917408,-0.2765166033477373
d_og,0,oglev,2024Q3,enet,nw_real_wage_yoy,-0.5339931673761772,-1.2654823003879845
d_og,0,oglev,2024Q3,enet,nw_cons_conf_z,-0.2903298219256861,-0.2915969585277654
d_og,0,oglev,2024Q3,enet,elec_nordic_loc_dyoy,0.0009770440734977045,0.09277859382020054
d_og,0,oglev,2024Q3,enet,price_cost_gap_fao_wloc_d4,-0.012445645785147163,-0.23773117116483097
d_og,0,oglev,2024Q4,lasso,no_cpi_total_idx__dyoy,-0.054387343733607305,-0.09526099267314606
d_og,0,oglev,2024Q4,lasso,no_govbond_10y__lvl,-0.48387085828092097,-0.5749373500527196
d_og,0,oglev,2024Q4,lasso,no_govbond_10y__d4,-0.4570600479594491,-0.3387807584102601
d_og,0,oglev,2024Q4,lasso,no_imp_price_food_idx__yoy,0.007286206591706851,0.03246170159305028
d_og,0,oglev,2024Q4,lasso,no_imp_price_food_idx__dyoy,0.07191787239169428,0.4181499197837683
d_og,0,oglev,2024Q4,lasso,no_jordbruk_malpris_mnok__lvl,-0.0010802578462814824,-0.36995182009005895
d_og,0,oglev,2024Q4,lasso,no_qna_hh_food_cons_sa_mnok__yoy,0.057395369157497274,0.1864383768003207
d_og,0,oglev,2024Q4,lasso,se_cpi_food_idx__dyoy,0.0399144498160193,0.19193693180679477
d_og,0,oglev,2024Q4,lasso,ea_negotiated_wages_yoy_q__d4,0.6687691801083373,0.46269423440019525
d_og,0,oglev,2024Q4,lasso,no_earn_idx_food_manuf_q__dyoy,-0.06329705034178934,-0.1792924597460667
d_og,0,oglev,2024Q4,lasso,se_wage_idx_m__dyoy,0.059543313119772005,0.03610852506683281
d_og,0,oglev,2024Q4,lasso,eu_ppi_dom_c108_idx__dyoy,0.04236565357985207,0.1974589930295881
d_og,0,oglev,2024Q4,lasso,ea_ec_food_ind_sell_price_exp__lvl,0.016650417273161952,0.2640580861455552
d_og,0,oglev,2024Q4,lasso,no_fn_cci_sa__lvl,-0.10791811799977316,-1.9915422292473064
d_og,0,oglev,2024Q4,lasso,no_nbes_bl_sell_price_di__lvl,0.1386804610508036,0.9176670348221987
d_og,0,oglev,2024Q4,lasso,no_ssb_bts_consgoods_home_price_exp__lvl,0.028873423529259208,0.2919878682069416
d_og,0,oglev,2024Q4,lasso,glob_fao_vegoils_idx__dyoy,-0.018592921116216014,-0.7533648344029704
d_og,0,oglev,2024Q4,lasso,glob_gscpi__d4,1.0175731746657104,1.0436258811152794
d_og,0,oglev,2024Q4,lasso,glob_wb_food_idx_nok__yoy,0.018486348698357847,0.20575267671787492
d_og,0,oglev,2024Q4,lasso,us_ppi_corrugated_boxes_idx__yoy,-0.04175195734666457,-0.22898367855117327
d_og,0,oglev,2024Q4,lasso,us_ppi_corrugated_boxes_idx__dyoy,-0.04539465358436046,-0.39244986539324506
d_og,0,oglev,2024Q4,lasso,w_wage_dyoy,-0.07163068924865956,-0.1536163398454997
d_og,0,oglev,2024Q4,lasso,w_retail_food_vol_dyoy,-0.028318487938808076,-0.07194222000804805
d_og,0,oglev,2024Q4,lasso,w_retail_total_vol_yoy,0.23813143328654843,0.5907931353124982
d_og,0,oglev,2024Q4,lasso,w_unemp_lvl,-0.25691546070777516,-0.17010532312552498
d_og,0,oglev,2024Q4,lasso,w_fx_vs_eur_dyoy,-0.03420039144951587,-0.19118237187816192
d_og,0,oglev,2024Q4,lasso,w_fx_vs_nok_yoy,-0.27794802227111476,-0.8816882104111231
d_og,0,oglev,2024Q4,lasso,w_hh_saving_d4,-0.23422336338533675,-0.31489888320044174
d_og,0,oglev,2024Q4,lasso,nw_real_wage_yoy,-0.6653158723987552,-1.5669991717908724
d_og,0,oglev,2024Q4,lasso,price_cost_gap_fao_wloc_d4,-0.008860187206695201,-0.17066238845402204
d_og,0,oglev,2024Q4,enet,no_cpi_total_idx__dyoy,-0.08741410306324572,-0.153108309025431
d_og,0,oglev,2024Q4,enet,no_govbond_10y__lvl,-0.37079834404207573,-0.4405841221454968
d_og,0,oglev,2024Q4,enet,no_govbond_10y__d4,-0.5131507548255284,-0.38035615380238563
d_og,0,oglev,2024Q4,enet,no_imp_price_food_idx__yoy,0.03807262712173597,0.16962218198643556
d_og,0,oglev,2024Q4,enet,no_imp_price_food_idx__dyoy,0.044881099505216744,0.2609508253484024
d_og,0,oglev,2024Q4,enet,no_jordbruk_malpris_mnok__lvl,-0.001581715320019187,-0.5416840650773239
d_og,0,oglev,2024Q4,enet,no_ppi_food_dom_idx__dyoy,0.002037504740120729,0.008868973259837066
d_og,0,oglev,2024Q4,enet,no_qna_hh_food_cons_sa_mnok__yoy,0.06351087374849562,0.20630347682488787
d_og,0,oglev,2024Q4,enet,no_retail_foodstores_vol_sa_idx__dyoy,-0.016299439477509205,-0.08993210194224412
d_og,0,oglev,2024Q4,enet,se_cpi_food_idx__dyoy,0.05214693648871887,0.25075938761284144
d_og,0,oglev,2024Q4,enet,se_retail_grocery_vol_sa_idx__dyoy,0.01241892189061858,0.0376519389391332
d_og,0,oglev,2024Q4,enet,se_na_hhcons_food_sa__dyoy,-0.01457359105182965,-0.05992758151206134
d_og,0,oglev,2024Q4,enet,ea_negotiated_wages_yoy_q__d4,0.6428259422200704,0.4447451617610685
d_og,0,oglev,2024Q4,enet,no_earn_idx_food_manuf_q__dyoy,-0.06130026913703601,-0.1736364645323596
d_og,0,oglev,2024Q4,enet,se_wage_idx_m__dyoy,0.12428768600701279,0.07537110030568032
d_og,0,oglev,2024Q4,enet,eu_ppi_dom_c108_idx__yoy,0.020912589827405872,0.09293345433996915
d_og,0,oglev,2024Q4,enet,eu_ppi_dom_c108_idx__dyoy,0.04155848343631815,0.19369691242234935
d_og,0,oglev,2024Q4,enet,ea_ec_food_ind_sell_price_exp__lvl,0.01842054807409576,0.29213049681572434
d_og,0,oglev,2024Q4,enet,no_fn_cci_sa__lvl,-0.08539372637638591,-1.5758726647894248
d_og,0,oglev,2024Q4,enet,no_nbes_bl_sell_price_di__lvl,0.10761602370945325,0.7121095259456318
d_og,0,oglev,2024Q4,enet,no_ssb_bts_consgoods_home_price_exp__lvl,0.03066730680811256,0.31012884667018753
d_og,0,oglev,2024Q4,enet,glob_fao_vegoils_idx__dyoy,-0.013938573091526033,-0.5647757414381109
d_og,0,oglev,2024Q4,enet,glob_gscpi__d4,0.859861747371583,0.8818766021743787
d_og,0,oglev,2024Q4,enet,glob_wb_food_idx_nok__yoy,0.018296588465898597,0.20364064927534564
d_og,0,oglev,2024Q4,enet,us_ppi_corrugated_boxes_idx__yoy,-0.03990227683602131,-0.21883932426486236
d_og,0,oglev,2024Q4,enet,us_ppi_corrugated_boxes_idx__dyoy,-0.04119260096790324,-0.3561219092686471
d_og,0,oglev,2024Q4,enet,us_ppi_plastic_resins_idx__yoy,0.007696822003147703,0.08214377979773986
d_og,0,oglev,2024Q4,enet,w_wage_dyoy,-0.11521864618887677,-0.2470933463734623
d_og,0,oglev,2024Q4,enet,w_real_wage_yoy,-0.07871660627967018,-0.17620934002225663
d_og,0,oglev,2024Q4,enet,w_retail_total_vol_yoy,0.20060935945111227,0.4977025956104613
d_og,0,oglev,2024Q4,enet,w_unemp_lvl,-0.3563349464581264,-0.2359315824792705
d_og,0,oglev,2024Q4,enet,w_gov10y_lvl,-0.029984851330571143,-0.04036750418613086
d_og,0,oglev,2024Q4,enet,w_fx_vs_eur_dyoy,-0.017593403673324546,-0.0983482498626128
d_og,0,oglev,2024Q4,enet,w_fx_vs_nok_yoy,-0.2582098156972511,-0.8190759856914243
d_og,0,oglev,2024Q4,enet,w_hh_saving_d4,-0.21332603595013636,-0.28680371380270553
d_og,0,oglev,2024Q4,enet,nw_real_wage_yoy,-0.5311238481723924,-1.250940590375245
d_og,0,oglev,2024Q4,enet,nw_cons_conf_z,-0.31142706792777197,-0.3117017602950435
d_og,0,oglev,2024Q4,enet,elec_nordic_loc_dyoy,0.0007993216903328264,0.0761236285506556
d_og,0,oglev,2024Q4,enet,price_cost_gap_fao_wloc_d4,-0.010350185690500502,-0.19936231251961428
d_og,0,oglev,2025Q1,lasso,no_cpi_total_idx__dyoy,-0.06384531072403311,-0.11210391738050589
d_og,0,oglev,2025Q1,lasso,no_govbond_10y__lvl,-0.47904895885276005,-0.5665036655811247
d_og,0,oglev,2025Q1,lasso,no_govbond_10y__d4,-0.502611677415809,-0.3703353415479024
d_og,0,oglev,2025Q1,lasso,no_imp_price_food_idx__yoy,0.020084749265387888,0.08902328930399338
d_og,0,oglev,2025Q1,lasso,no_imp_price_food_idx__dyoy,0.06286874266966747,0.3686225825780682
d_og,0,oglev,2025Q1,lasso,no_jordbruk_malpris_mnok__lvl,-0.001154179968229634,-0.39356790002051617
d_og,0,oglev,2025Q1,lasso,no_qna_hh_food_cons_sa_mnok__yoy,0.0739002045906111,0.23858341193363805
d_og,0,oglev,2025Q1,lasso,se_cpi_food_idx__dyoy,0.053543479789638235,0.25750899878674516
d_og,0,oglev,2025Q1,lasso,se_na_hhcons_food_sa__dyoy,-0.004057572809763565,-0.016695343966911802
d_og,0,oglev,2025Q1,lasso,ea_negotiated_wages_yoy_q__d4,0.7843309157777266,0.5425401231305641
d_og,0,oglev,2025Q1,lasso,no_earn_idx_food_manuf_q__dyoy,-0.06554224504377207,-0.1852111035245609
d_og,0,oglev,2025Q1,lasso,se_wage_idx_m__dyoy,0.03789256353037685,0.02284047039274802
d_og,0,oglev,2025Q1,lasso,eu_ppi_dom_c108_idx__dyoy,0.03436055823519918,0.16441533551103032
d_og,0,oglev,2025Q1,lasso,ea_ec_food_ind_sell_price_exp__lvl,0.017449416261505406,0.2752251955398386
d_og,0,oglev,2025Q1,lasso,no_fn_cci_sa__lvl,-0.10900961852009082,-2.0208769359490604
d_og,0,oglev,2025Q1,lasso,no_nbes_bl_sell_price_di__lvl,0.1430171246971911,0.9408704952722183
d_og,0,oglev,2025Q1,lasso,no_ssb_bts_consgoods_home_price_exp__lvl,0.028299088408316683,0.28683876348465925
d_og,0,oglev,2025Q1,lasso,glob_fao_vegoils_idx__dyoy,-0.01670348076100756,-0.6791595055599923
d_og,0,oglev,2025Q1,lasso,glob_gscpi__d4,0.9763750156487282,0.9953825661368929
d_og,0,oglev,2025Q1,lasso,glob_wb_food_idx_nok__yoy,0.01572290816543118,0.17444535784040002
d_og,0,oglev,2025Q1,lasso,us_ppi_corrugated_boxes_idx__yoy,-0.046802787832271216,-0.2552225233018224
d_og,0,oglev,2025Q1,lasso,us_ppi_corrugated_boxes_idx__dyoy,-0.0373818226614587,-0.32336678755910686
d_og,0,oglev,2025Q1,lasso,us_ppi_plastic_resins_idx__yoy,0.0025461866493756424,0.027023096962164466
d_og,0,oglev,2025Q1,lasso,w_wage_dyoy,-0.08708532387091523,-0.1856471568754273
d_og,0,oglev,2025Q1,lasso,w_retail_food_vol_dyoy,-0.02583803544182699,-0.06577888431093745
d_og,0,oglev,2025Q1,lasso,w_retail_total_vol_yoy,0.2130327287664245,0.5254650581773395
d_og,0,oglev,2025Q1,lasso,w_unemp_lvl,-0.22584747796977256,-0.14864150693859846
d_og,0,oglev,2025Q1,lasso,w_fx_vs_eur_dyoy,-0.028909291255803448,-0.16113010170452685
d_og,0,oglev,2025Q1,lasso,w_fx_vs_nok_yoy,-0.26984969479849674,-0.8511260566355372
d_og,0,oglev,2025Q1,lasso,w_hh_saving_d4,-0.2307418798010658,-0.30832086684510535
d_og,0,oglev,2025Q1,lasso,nw_real_wage_yoy,-0.639216005792996,-1.4989661203799116
d_og,0,oglev,2025Q1,lasso,price_cost_gap_fao_wloc_d4,-0.009343464081805641,-0.18014608332963847
d_og,0,oglev,2025Q1,enet,no_cpi_total_idx__dyoy,-0.08853951484110593,-0.15546367218040869
d_og,0,oglev,2025Q1,enet,no_govbond_10y__lvl,-0.3686637531280289,-0.4359666452758431
d_og,0,oglev,2025Q1,enet,no_govbond_10y__d4,-0.529542762995472,-0.39017875789604506
d_og,0,oglev,2025Q1,enet,no_imp_price_food_idx__yoy,0.040966409218726456,0.1815787915216493
d_og,0,oglev,2025Q1,enet,no_imp_price_food_idx__dyoy,0.04238681343724067,0.24852949133383812
d_og,0,oglev,2025Q1,enet,no_jordbruk_malpris_mnok__lvl,-0.0015889681572684993,-0.5418278587999289
d_og,0,oglev,2025Q1,enet,no_ppi_food_dom_idx__dyoy,0.0033825545459219303,0.01469196365468419
d_og,0,oglev,2025Q1,enet,no_qna_hh_food_cons_sa_mnok__yoy,0.06709321412219311,0.21660735625217317
d_og,0,oglev,2025Q1,enet,no_retail_foodstores_vol_sa_idx__dyoy,-0.015531537080225857,-0.08517393933014435
d_og,0,oglev,2025Q1,enet,se_cpi_food_idx__dyoy,0.05527957158977877,0.2658584609997443
d_og,0,oglev,2025Q1,enet,se_retail_grocery_vol_sa_idx__dyoy,0.009057372664102255,0.027497828840299096
d_og,0,oglev,2025Q1,enet,se_na_hhcons_food_sa__dyoy,-0.015289910017616166,-0.06291207057406001
d_og,0,oglev,2025Q1,enet,ea_negotiated_wages_yoy_q__d4,0.6872180013739811,0.475364838466524
d_og,0,oglev,2025Q1,enet,no_earn_idx_food_manuf_q__dyoy,-0.06154568338824392,-0.1739175081643475
d_og,0,oglev,2025Q1,enet,se_wage_idx_m__dyoy,0.10565922527057861,0.06368812721205044
d_og,0,oglev,2025Q1,enet,eu_ppi_dom_c108_idx__yoy,0.02603572224359279,0.11502286363969305
d_og,0,oglev,2025Q1,enet,eu_ppi_dom_c108_idx__dyoy,0.03406674283619683,0.16300942827650258
d_og,0,oglev,2025Q1,enet,ea_ec_food_ind_sell_price_exp__lvl,0.018713520717103374,0.2951635929487108
d_og,0,oglev,2025Q1,enet,no_fn_cci_sa__lvl,-0.08566775751305594,-1.588153391076259
d_og,0,oglev,2025Q1,enet,no_nbes_bl_sell_price_di__lvl,0.10835756982706403,0.7128547759965282
d_og,0,oglev,2025Q1,enet,no_ssb_bts_consgoods_home_price_exp__lvl,0.030384417003304985,0.3079755954212618
d_og,0,oglev,2025Q1,enet,glob_fao_vegoils_idx__dyoy,-0.0131756541053869,-0.535718923239822
d_og,0,oglev,2025Q1,enet,glob_gscpi__d4,0.84370049485899,0.8601252082077504
d_og,0,oglev,2025Q1,enet,glob_wb_food_idx_nok__yoy,0.017876114049068977,0.19833513490474056
d_og,0,oglev,2025Q1,enet,us_ppi_corrugated_boxes_idx__yoy,-0.04028647824599397,-0.21968812348816866
d_og,0,oglev,2025Q1,enet,us_ppi_corrugated_boxes_idx__dyoy,-0.03886190738862623,-0.33617007561367557
d_og,0,oglev,2025Q1,enet,us_ppi_plastic_resins_idx__yoy,0.008928906313725742,0.09476394872349983
d_og,0,oglev,2025Q1,enet,w_wage_dyoy,-0.12098263187677087,-0.25790891783925685
d_og,0,oglev,2025Q1,enet,w_real_wage_yoy,-0.07274176890531057,-0.16236544649155074
d_og,0,oglev,2025Q1,enet,w_real_wage_dyoy,-0.0036588475773251584,-0.010087771973210296
d_og,0,oglev,2025Q1,enet,w_retail_total_vol_yoy,0.19379039298044454,0.4780020455604656
d_og,0,oglev,2025Q1,enet,w_unemp_lvl,-0.3435091174526962,-0.22608050939648133
d_og,0,oglev,2025Q1,enet,w_gov10y_lvl,-0.037705282719688316,-0.05046281793929275
d_og,0,oglev,2025Q1,enet,w_fx_vs_eur_dyoy,-0.016646915945809658,-0.09278398545576771
d_og,0,oglev,2025Q1,enet,w_fx_vs_nok_yoy,-0.2560617889552522,-0.8076379736181161
d_og,0,oglev,2025Q1,enet,w_hh_saving_d4,-0.2111806791951499,-0.28218288819750686
d_og,0,oglev,2025Q1,enet,nw_real_wage_yoy,-0.5211604046789307,-1.2221248886408302
d_og,0,oglev,2025Q1,enet,nw_cons_conf_z,-0.3024035378970668,-0.3014319023631626
d_og,0,oglev,2025Q1,enet,elec_nordic_loc_dyoy,0.0007791605920605275,0.07392714623307274
d_og,0,oglev,2025Q1,enet,price_cost_gap_fao_wloc_d4,-0.010349799353188183,-0.19954866850241731
d_og,0,oglev,2025Q2,lasso,no_govbond_10y__lvl,-0.0713279559551054,-0.08409479642524316
d_og,0,oglev,2025Q2,lasso,no_imp_price_food_idx__dyoy,0.00800381184305844,0.04678884475646327
d_og,0,oglev,2025Q2,lasso,ea_negotiated_wages_yoy_q__d4,0.598094030747078,0.41214353870301346
d_og,0,oglev,2025Q2,lasso,no_fn_cci_sa__lvl,-0.012679948209282815,-0.2351946075503959
d_og,0,oglev,2025Q2,lasso,no_ssb_bts_consgoods_home_price_exp__lvl,0.004171373880740833,0.04241478702275378
d_og,0,oglev,2025Q2,lasso,glob_gscpi__lvl,0.39452268403379875,0.35883517318744895
d_og,0,oglev,2025Q2,lasso,glob_wb_food_idx_nok__yoy,0.039819809747361004,0.4393659986091725
d_og,0,oglev,2025Q2,lasso,w_fx_vs_nok_yoy,-0.13716647749860264,-0.4301047183068594
d_og,0,oglev,2025Q2,lasso,w_hh_saving_d4,-0.06121316278591181,-0.08135599340015372
d_og,0,oglev,2025Q2,lasso,nw_real_wage_yoy,-0.44721502048489725,-1.0455842377543147
d_og,0,oglev,2025Q2,enet,no_govbond_10y__lvl,-0.09100469519310642,-0.10729343373897444
d_og,0,oglev,2025Q2,enet,no_imp_price_food_idx__dyoy,0.018043638939254373,0.10547986855820995
d_og,0,oglev,2025Q2,enet,ea_negotiated_wages_yoy_q__d4,0.4488945933619056,0.30933096921521136
d_og,0,oglev,2025Q2,enet,se_real_wage_yoy_q__lvl,-0.02230224410947704,-0.05158915994846445
d_og,0,oglev,2025Q2,enet,se_wage_idx_m__dyoy,0.015009483356051474,0.009012855151664426
d_og,0,oglev,2025Q2,enet,no_fn_cci_sa__lvl,-0.011369677250659646,-0.2108909858942403
d_og,0,oglev,2025Q2,enet,no_ssb_bts_consgoods_home_price_exp__lvl,0.014521528791811778,0.14765580083655683
d_og,0,oglev,2025Q2,enet,glob_gscpi__lvl,0.27940908866612807,0.2541344586235957
d_og,0,oglev,2025Q2,enet,glob_wb_food_idx_nok__yoy,0.02899485371911199,0.31992500566050047
d_og,0,oglev,2025Q2,enet,w_real_wage_yoy,-0.02732963648413893,-0.06078628884241717
d_og,0,oglev,2025Q2,enet,w_real_wage_dyoy,-0.022562044864956155,-0.06203799766764052
d_og,0,oglev,2025Q2,enet,w_fx_vs_nok_yoy,-0.08298876884631454,-0.26022291815170956
d_og,0,oglev,2025Q2,enet,w_hh_saving_d4,-0.017609882574531586,-0.023404598378974826
d_og,0,oglev,2025Q2,enet,nw_real_wage_yoy,-0.2859337503878524,-0.6685102439612972
d_og,0,oglev,2025Q2,enet,nw_real_wage_dyoy,-0.02105650882699756,-0.06263503713599029
d_og,0,oglev,2025Q2,enet,nw_cons_conf_z,-0.031137000527785768,-0.03094630562119707
d_og,0,oglev,2025Q3,lasso,no_govbond_10y__lvl,-0.02219909208811785,-0.026099549827905837
d_og,0,oglev,2025Q3,lasso,no_imp_price_food_idx__dyoy,0.03079567964091918,0.1796525716182927
d_og,0,oglev,2025Q3,lasso,ea_negotiated_wages_yoy_q__d4,0.035749278378653576,0.02627738185278459
d_og,0,oglev,2025Q3,lasso,no_fn_cci_sa__lvl,-0.005969908738931312,-0.11057290197187646
d_og,0,oglev,2025Q3,lasso,no_ssb_bts_consgoods_home_price_exp__lvl,0.021996162513604475,0.2243290154180432
d_og,0,oglev,2025Q3,lasso,glob_gscpi__lvl,0.2805188221912675,0.25362964437452873
d_og,0,oglev,2025Q3,lasso,glob_wb_food_idx_nok__yoy,0.02194024385452028,0.24358845371487153
d_og,0,oglev,2025Q3,lasso,w_fx_vs_nok_yoy,-0.07925359775999709,-0.24720787666093516
d_og,0,oglev,2025Q3,lasso,w_hh_saving_d4,-0.004092137327835319,-0.005448797189062734
d_og,0,oglev,2025Q3,lasso,nw_real_wage_yoy,-0.3997608389976367,-0.93610457191403
d_og,0,oglev,2025Q3,lasso,nw_cons_conf_z,-0.20824558075466354,-0.20766110126359635
d_og,0,oglev,2025Q3,enet,no_govbond_10y__lvl,-0.0402268902747438,-0.04729489489839729
d_og,0,oglev,2025Q3,enet,no_imp_price_food_idx__dyoy,0.025336498090515292,0.1478053769501797
d_og,0,oglev,2025Q3,enet,ea_negotiated_wages_yoy_q__d4,0.05966453340835313,0.04385620629410219
d_og,0,oglev,2025Q3,enet,se_real_wage_yoy_q__lvl,-0.03099911897453179,-0.07155972884654146
d_og,0,oglev,2025Q3,enet,no_fn_cci_sa__lvl,-0.007344656921161114,-0.13603558534564658
d_og,0,oglev,2025Q3,enet,no_ssb_bts_consgoods_home_price_exp__lvl,0.01868256102385189,0.19053507707883474
d_og,0,oglev,2025Q3,enet,glob_gscpi__lvl,0.20166647727374057,0.18233570394191911
d_og,0,oglev,2025Q3,enet,glob_wb_food_idx_nok__yoy,0.017337449346584693,0.1924865788045643
d_og,0,oglev,2025Q3,enet,w_real_wage_yoy,-0.03668769755653585,-0.08146584023020709
d_og,0,oglev,2025Q3,enet,w_real_wage_dyoy,-0.021336293209308868,-0.05841731155837608
d_og,0,oglev,2025Q3,enet,w_fx_vs_nok_yoy,-0.04618588383927032,-0.14406304064820077
d_og,0,oglev,2025Q3,enet,w_ec_food_ind_sell_price_exp_lvl,0.0017490429406652073,0.026206049105893456
d_og,0,oglev,2025Q3,enet,nw_real_wage_yoy,-0.2482101105567515,-0.5812240635427411
d_og,0,oglev,2025Q3,enet,nw_cons_conf_z,-0.18916569776286896,-0.18863476946967234
d_og,0,oglev,2025Q4,lasso,no_ssb_bts_consgoods_home_price_exp__lvl,0.0016272799098556174,0.01651289192532523
d_og,0,oglev,2025Q4,lasso,w_real_wage_yoy,-0.022336635484777247,-0.0495251587598579
d_og,0,oglev,2025Q4,lasso,nw_real_wage_yoy,-0.11487234085381982,-0.26947051135222067
d_og,0,oglev,2025Q4,enet,no_ssb_bts_consgoods_home_price_exp__lvl,0.001261120657366245,0.012797275375772087
d_og,0,oglev,2025Q4,enet,w_real_wage_yoy,-0.0431394571573663,-0.09564952008948273
d_og,0,oglev,2025Q4,enet,nw_real_wage_yoy,-0.05401644893994681,-0.1267131844714607
d_og,0,oglev,2026Q1,lasso,no_ssb_bts_consgoods_home_price_exp__lvl,0.00047372278166949594,0.0047868106828469195
d_og,0,oglev,2026Q1,lasso,w_real_wage_yoy,-0.023716523189339377,-0.05228004041343206
d_og,0,oglev,2026Q1,lasso,nw_real_wage_yoy,-0.11469541176683595,-0.2675514232272068
d_og,0,oglev,2026Q1,enet,no_ssb_bts_consgoods_home_price_exp__lvl,0.0006327048635162908,0.006393271586169958
d_og,0,oglev,2026Q1,enet,w_real_wage_yoy,-0.043256728132277385,-0.09535392168801696
d_og,0,oglev,2026Q1,enet,nw_real_wage_yoy,-0.05443983733273874,-0.12699249023354098
d_og,0,oglev,2026Q2,lasso,no_govbond_10y__lvl,-0.3090210703497751,-0.36103578099982775
d_og,0,oglev,2026Q2,lasso,no_govbond_10y__d4,-0.4941011424228805,-0.3575958349353109
d_og,0,oglev,2026Q2,lasso,no_imp_price_food_idx__yoy,0.0004641789362391594,0.0020362425636283803
d_og,0,oglev,2026Q2,lasso,no_imp_price_food_idx__dyoy,0.02112099162802951,0.12303279159464332
d_og,0,oglev,2026Q2,lasso,no_jordbruk_malpris_mnok__lvl,-0.0018108982949947656,-0.6038658873136243
d_og,0,oglev,2026Q2,lasso,no_ppi_food_dom_idx__dyoy,0.07524303468765361,0.3192828258576583
d_og,0,oglev,2026Q2,lasso,se_na_hhcons_food_sa__yoy,-0.04731805790638851,-0.1262853674598389
d_og,0,oglev,2026Q2,lasso,ea_negotiated_wages_yoy_q__d4,0.5047286363265107,0.41940355238931715
d_og,0,oglev,2026Q2,lasso,no_earn_idx_food_manuf_q__dyoy,-0.07698585260561605,-0.2140142063918027
d_og,0,oglev,2026Q2,lasso,se_wage_idx_m__dyoy,0.402545501331778,0.23947241279539955
d_og,0,oglev,2026Q2,lasso,eu_ppi_dom_c108_idx__yoy,0.03687667290941547,0.1584724742838021
d_og,0,oglev,2026Q2,lasso,eu_ppi_dom_c108_idx__dyoy,0.020918426335441234,0.09824981710208325
d_og,0,oglev,2026Q2,lasso,ea_ec_food_ind_sell_price_exp__lvl,0.014381671145644113,0.2219822110940322
d_og,0,oglev,2026Q2,lasso,no_fn_cci_sa__lvl,-0.08193735140092671,-1.5143641229607572
d_og,0,oglev,2026Q2,lasso,no_nbes_bl_sell_price_di__lvl,0.07295439762084875,0.4753414330527162
d_og,0,oglev,2026Q2,lasso,no_ssb_bts_consgoods_home_price_exp__lvl,0.02340231837409221,0.24131030621916655
d_og,0,oglev,2026Q2,lasso,glob_fao_meat_idx__dyoy,0.0013978345773219725,0.020971554975875332
d_og,0,oglev,2026Q2,lasso,glob_fao_vegoils_idx__dyoy,-0.01123007527758628,-0.44660388093144043
d_og,0,oglev,2026Q2,lasso,glob_gscpi__d4,0.8586400722687826,0.8571062319988567
d_og,0,oglev,2026Q2,lasso,glob_wb_food_idx__yoy,0.0021532429271569936,0.03188427839863209
d_og,0,oglev,2026Q2,lasso,glob_wb_food_idx_nok__yoy,0.025825337732451204,0.29327506220008775
d_og,0,oglev,2026Q2,lasso,us_ppi_corrugated_boxes_idx__dyoy,-0.05068953021960275,-0.43745396978130147
d_og,0,oglev,2026Q2,lasso,w_wage_dyoy,-0.004104750994502747,-0.008519414382585834
d_og,0,oglev,2026Q2,lasso,w_retail_total_vol_yoy,0.20472143158970693,0.4919914860513919
d_og,0,oglev,2026Q2,lasso,w_unemp_lvl,-0.08770915613349863,-0.05689462878594657
d_og,0,oglev,2026Q2,lasso,w_fx_vs_eur_dyoy,-0.011469580505841846,-0.06239790129743958
d_og,0,oglev,2026Q2,lasso,w_fx_vs_nok_yoy,-0.26376584986974794,-0.809227039439601
d_og,0,oglev,2026Q2,lasso,w_ec_food_ind_sell_price_exp_lvl,0.00991841687946157,0.14628187086370353
d_og,0,oglev,2026Q2,lasso,w_hh_saving_d4,-0.23294704363296945,-0.3113264161243559
d_og,0,oglev,2026Q2,lasso,nw_real_wage_yoy,-0.6767108263318269,-1.5707584616415542
d_og,0,oglev,2026Q2,enet,no_ssb_bts_consgoods_home_price_exp__lvl,0.004505081929474832,0.046453632608789576
d_og,0,oglev,2026Q2,enet,w_real_wage_yoy,-0.040730342449366456,-0.0893134691753184
d_og,0,oglev,2026Q2,enet,nw_real_wage_yoy,-0.053777324779797415,-0.12482612166883253
d_og,1,oglev,2010Q1,lasso,no_cpi_food_idx__yoy,0.118951603184433,0.1502362407119925
d_og,1,oglev,2010Q1,lasso,no_jordbruk_malpris_mnok__lvl,6.496232169915673e-05,0.018417530098100862
d_og,1,oglev,2010Q1,lasso,eu_ppi_dom_c103_idx__yoy,0.19347262543777785,0.3704674372211874
d_og,1,oglev,2010Q1,lasso,no_fn_cci_sa__lvl,-0.01747402833162768,-0.2300012103170606
d_og,1,oglev,2010Q1,lasso,w_cons_conf_z,-0.2912982277782947,-0.17827721110920386
d_og,1,oglev,2010Q1,enet,no_cpi_food_idx__yoy,0.11053032208602834,0.13960013678120625
d_og,1,oglev,2010Q1,enet,no_jordbruk_malpris_mnok__lvl,0.00034930465202227606,0.09903169673984157
d_og,1,oglev,2010Q1,enet,eu_ppi_dom_c103_idx__yoy,0.2059889199902653,0.39443402968290386
d_og,1,oglev,2010Q1,enet,no_fn_cci_sa__lvl,-0.013389522159259511,-0.17623905854740765
d_og,1,oglev,2010Q1,enet,se_ec_cons_conf__d4,-0.0029241999165547225,-0.012110755886638446
d_og,1,oglev,2010Q1,enet,eu_ppi_plastic_products_idx__yoy,-0.04109305804642725,-0.0515586807239105
d_og,1,oglev,2010Q1,enet,glob_gscpi__lvl,0.09015915921113729,0.03288137189371147
d_og,1,oglev,2010Q1,enet,w_cons_conf_z,-0.2415544784936683,-0.14783357621236484
d_og,1,oglev,2010Q1,enet,w_gdp_vol_yoy,-0.019991187713307757,-0.04596244933064568
d_og,1,oglev,2010Q1,enet,nw_cons_conf_z,-0.13895738317061299,-0.08751091042619176
d_og,1,oglev,2010Q2,lasso,no_cpi_total_idx__yoy,0.2369582949801654,0.2969666598257354
d_og,1,oglev,2010Q2,lasso,no_retail_foodstores_vol_sa_idx__dyoy,-0.10327839395804465,-0.24142552536797887
d_og,1,oglev,2010Q2,lasso,se_cpi_idx__yoy,0.44556951108187365,0.565071037647864
d_og,1,oglev,2010Q2,lasso,se_eursek__dyoy,0.09773319166463242,0.5306180113776815
d_og,1,oglev,2010Q2,lasso,no_earn_idx_food_manuf_q__dyoy,-0.006404819695675788,-0.017696793406338927
d_og,1,oglev,2010Q2,lasso,no_real_wage_qna_yoy_q__d4,-0.12936247305658521,-0.3131856035398128
d_og,1,oglev,2010Q2,lasso,eu_ppi_dom_c103_idx__yoy,0.16283655092704805,0.3299069753793452
d_og,1,oglev,2010Q2,lasso,eu_ppi_plastic_products_idx__yoy,-0.38907368545060944,-0.5674917809147031
d_og,1,oglev,2010Q2,lasso,w_gdp_vol_yoy,-0.17265311214067594,-0.4609020240646054
d_og,1,oglev,2010Q2,lasso,w_fx_vs_usd_yoy,-0.0017618877320631978,-0.020489238331343324
d_og,1,oglev,2010Q2,lasso,w_ec_cons_price_exp_lvl,0.06795263424640262,0.7915400685075665
d_og,1,oglev,2010Q2,lasso,w_hh_saving_lvl,0.08970571129474887,0.14041873358627088
d_og,1,oglev,2010Q2,lasso,nw_food_ppi_dyoy,-0.008033691711317879,-0.019604433605936722
d_og,1,oglev,2010Q2,lasso,price_wage_gap_d4,-0.10607274885223317,-0.20108763659944728
d_og,1,oglev,2010Q2,enet,no_cpi_food_idx__yoy,0.161361803740149,0.20118739892078882
d_og,1,oglev,2010Q2,enet,no_jordbruk_malpris_mnok__lvl,0.00012253311650199452,0.03413430245542961
d_og,1,oglev,2010Q2,enet,no_fn_cci_sa__lvl,-0.015177283317472421,-0.1973147792170365
d_og,1,oglev,2010Q2,enet,eu_ppi_plastic_products_idx__yoy,-0.04138912738747288,-0.060369000757323515
d_og,1,oglev,2010Q2,enet,w_cons_conf_z,-0.12394512570205052,-0.07449102788340999
d_og,1,oglev,2010Q2,enet,w_gdp_vol_yoy,-0.006206199490809295,-0.016567612779154903
d_og,1,oglev,2010Q2,enet,nw_cons_conf_z,-0.014619429615249008,-0.009041001592759064
d_og,1,oglev,2010Q3,lasso,no_cpi_total_idx__yoy,0.4721971424155704,0.5834117782219942
d_og,1,oglev,2010Q3,lasso,no_qna_hh_food_cons_sa_mnok__dyoy,-0.0008246556123819774,-0.0018607813716958904
d_og,1,oglev,2010Q3,lasso,no_retail_foodstores_vol_sa_idx__dyoy,-0.12391426178038527,-0.2878070238097919
d_og,1,oglev,2010Q3,lasso,se_gov_bond_10y__lvl,0.7778622982832073,0.44007467755661955
d_og,1,oglev,2010Q3,lasso,se_eursek__dyoy,0.1306348347766929,0.7344694324261105
d_og,1,oglev,2010Q3,lasso,no_earn_idx_food_manuf_q__dyoy,-0.062360999002767925,-0.17155400357963985
d_og,1,oglev,2010Q3,lasso,no_real_wage_qna_yoy_q__d4,-0.12459819362553373,-0.2975737283190671
d_og,1,oglev,2010Q3,lasso,eu_ppi_dom_c103_idx__yoy,0.15698145783455644,0.3517543808205538
d_og,1,oglev,2010Q3,lasso,glob_fao_ffpi_eur__dyoy,-0.008398062482171429,-0.1751307765799213
d_og,1,oglev,2010Q3,lasso,us_ppi_plastic_resins_idx__yoy,-0.01825578382595779,-0.1965720931241452
d_og,1,oglev,2010Q3,lasso,w_food_cpi_rel_dyoy,-0.01891586089487174,-0.027579278476401972
d_og,1,oglev,2010Q3,lasso,w_fx_vs_eur_dyoy,0.056151702281578814,0.307806976620402
d_og,1,oglev,2010Q3,lasso,w_ec_cons_price_exp_lvl,0.09296672814178937,1.0757256994204398
d_og,1,oglev,2010Q3,lasso,w_hh_saving_lvl,0.08195610161930787,0.1324483641239377
d_og,1,oglev,2010Q3,lasso,w_hh_saving_d4,-0.06325792825363402,-0.09070655259847768
d_og,1,oglev,2010Q3,lasso,price_wage_gap_d4,-0.13215156897742575,-0.24872859269814643
d_og,1,oglev,2010Q3,enet,no_cpi_total_idx__yoy,0.3501284567118401,0.4325927609206165
d_og,1,oglev,2010Q3,enet,no_qna_hh_food_cons_sa_mnok__dyoy,-0.020934157693394673,-0.04723655557923945
d_og,1,oglev,2010Q3,enet,no_retail_foodstores_vol_sa_idx__dyoy,-0.10177325105941833,-0.2363816405796036
d_og,1,oglev,2010Q3,enet,se_cpi_idx__yoy,0.19877016583382554,0.25971094411798534
d_og,1,oglev,2010Q3,enet,se_gov_bond_10y__lvl,0.3714427164291994,0.21014327860356163
d_og,1,oglev,2010Q3,enet,se_eursek__dyoy,0.08844956148282077,0.4972907825977221
d_og,1,oglev,2010Q3,enet,ea_negotiated_wages_yoy_q__d4,0.07379488693933317,0.03861942383448901
d_og,1,oglev,2010Q3,enet,no_earn_idx_food_manuf_q__yoy,-0.0637266827102369,-0.10693149065566297
d_og,1,oglev,2010Q3,enet,no_earn_idx_food_manuf_q__dyoy,-0.07128401828159192,-0.1961010715512838
d_og,1,oglev,2010Q3,enet,no_real_wage_qna_yoy_q__d4,-0.07218856177552123,-0.1724055449318407
d_og,1,oglev,2010Q3,enet,eu_ppi_dom_c103_idx__yoy,0.18217438857211493,0.4082051481588493
d_og,1,oglev,2010Q3,enet,ea_ec_food_ind_sell_price_exp__lvl,0.012272132516262203,0.15480483118444494
d_og,1,oglev,2010Q3,enet,glob_gscpi__lvl,0.35439790273583643,0.13013500015384452
d_og,1,oglev,2010Q3,enet,glob_wb_food_idx_eur__dyoy,-0.003213692344569572,-0.06664494227093891
d_og,1,oglev,2010Q3,enet,us_ppi_plastic_resins_idx__yoy,-0.010972243440704112,-0.11814539873878692
d_og,1,oglev,2010Q3,enet,w_cpi_yoy,0.15199487281340227,0.14671181838506656
d_og,1,oglev,2010Q3,enet,w_food_cpi_rel_dyoy,-0.029870097894166555,-0.043550528972432126
d_og,1,oglev,2010Q3,enet,w_gov10y_lvl,0.3019486024181796,0.14144656112789747
d_og,1,oglev,2010Q3,enet,w_fx_vs_eur_dyoy,0.06826045926816514,0.3741835908142524
d_og,1,oglev,2010Q3,enet,w_ec_cons_price_exp_lvl,0.04305597321528299,0.498204226684174
d_og,1,oglev,2010Q3,enet,w_hh_saving_lvl,0.10496970105806117,0.16964039178314919
d_og,1,oglev,2010Q3,enet,w_hh_saving_d4,-0.15398673596560578,-0.22080403754812677
d_og,1,oglev,2010Q3,enet,packaging_us_yoy,-0.02011990560601191,-0.12383748412358625
d_og,1,oglev,2010Q3,enet,price_cost_gap_fao_wloc,-0.000988574725601221,-0.012739395046865965
d_og,1,oglev,2010Q3,enet,price_wage_gap_d4,-0.08710346088439397,-0.16394146064670798
d_og,1,oglev,2010Q4,lasso,no_cpi_total_idx__yoy,0.44241126762215666,0.5430605729994864
d_og,1,oglev,2010Q4,lasso,no_retail_foodstores_vol_sa_idx__dyoy,-0.16250500676185695,-0.3725583604416209
d_og,1,oglev,2010Q4,lasso,se_gov_bond_10y__lvl,0.9039737447961143,0.5146549452873079
d_og,1,oglev,2010Q4,lasso,se_eursek__dyoy,0.14482416251802374,1.0399459001829676
d_og,1,oglev,2010Q4,lasso,no_earn_idx_food_manuf_q__dyoy,-0.034865098213290875,-0.09716137433717854
d_og,1,oglev,2010Q4,lasso,no_real_wage_qna_yoy_q__d4,-0.13226447319734155,-0.3114389813624918
d_og,1,oglev,2010Q4,lasso,eu_ppi_dom_c103_idx__yoy,0.06213098874643063,0.1582919995592262
d_og,1,oglev,2010Q4,lasso,glob_fao_ffpi_eur__dyoy,-0.011025342981224626,-0.2374792563993659
d_og,1,oglev,2010Q4,lasso,us_ppi_plastic_resins_idx__yoy,-0.02380947931695117,-0.255069754516862
d_og,1,oglev,2010Q4,lasso,w_cpi_yoy,0.13126413445164695,0.12917781317378452
d_og,1,oglev,2010Q4,lasso,w_fx_vs_eur_dyoy,0.04975447149520947,0.315799797392766
d_og,1,oglev,2010Q4,lasso,w_ec_cons_price_exp_lvl,0.1030289703254946,1.1741419283898127
d_og,1,oglev,2010Q4,lasso,w_hh_saving_d4,-0.01967762138742339,-0.027984335219493905
d_og,1,oglev,2010Q4,lasso,price_wage_gap_d4,-0.1300956705367721,-0.2407513736692796
d_og,1,oglev,2010Q4,enet,no_cpi_total_idx__yoy,0.33485966704751,0.41104080291315515
d_og,1,oglev,2010Q4,enet,no_qna_hh_food_cons_sa_mnok__dyoy,-0.04019207215813471,-0.09330265434410899
d_og,1,oglev,2010Q4,enet,no_retail_foodstores_vol_sa_idx__dyoy,-0.12167800083745443,-0.2789585219380239
d_og,1,oglev,2010Q4,enet,se_cpi_idx__yoy,0.12475873078994676,0.160929843607195
d_og,1,oglev,2010Q4,enet,se_gov_bond_10y__lvl,0.468261730589417,0.26659315795835536
d_og,1,oglev,2010Q4,enet,se_eursek__dyoy,0.08998408446858261,0.6461530872873111
d_og,1,oglev,2010Q4,enet,ea_negotiated_wages_yoy_q__lvl,0.07123607786452374,0.030086307273740745
d_og,1,oglev,2010Q4,enet,ea_negotiated_wages_yoy_q__d4,0.1091710553460604,0.0637631760539259
d_og,1,oglev,2010Q4,enet,no_earn_idx_food_manuf_q__yoy,-0.09828418923548822,-0.16581904113762397
d_og,1,oglev,2010Q4,enet,no_earn_idx_food_manuf_q__dyoy,-0.03553117531783053,-0.09901758499506022
d_og,1,oglev,2010Q4,enet,no_real_wage_qna_yoy_q__lvl,-0.005702958498724816,-0.007662342901585524
d_og,1,oglev,2010Q4,enet,no_real_wage_qna_yoy_q__d4,-0.061475592977925826,-0.14475463889032597
d_og,1,oglev,2010Q4,enet,eu_ppi_dom_c103_idx__yoy,0.14792182803673015,0.3768625352793084
d_og,1,oglev,2010Q4,enet,ea_ec_food_ind_sell_price_exp__lvl,0.01136004687660997,0.14262285359965382
d_og,1,oglev,2010Q4,enet,no_ssb_bts_consgoods_home_price_exp__lvl,0.006189285937714505,0.05061796676372375
d_og,1,oglev,2010Q4,enet,glob_fao_ffpi_eur__dyoy,-0.0052735757730571296,-0.11358965025251427
d_og,1,oglev,2010Q4,enet,glob_gscpi__lvl,0.2835187528201825,0.10343594058377965
d_og,1,oglev,2010Q4,enet,glob_wb_food_idx_eur__dyoy,-0.0004778767620114078,-0.009851999123459423
d_og,1,oglev,2010Q4,enet,us_ppi_plastic_resins_idx__yoy,-0.016894396437588572,-0.18098881939758726
d_og,1,oglev,2010Q4,enet,w_cpi_yoy,0.24310608388680702,0.23924213888987653
d_og,1,oglev,2010Q4,enet,w_retail_total_vol_dyoy,-0.04308727470201034,-0.08901222571575143
d_og,1,oglev,2010Q4,enet,w_gov10y_lvl,0.4151070362710464,0.19534137240894903
d_og,1,oglev,2010Q4,enet,w_fx_vs_eur_dyoy,0.06632535823104005,0.4209779354883063
d_og,1,oglev,2010Q4,enet,w_ec_food_ind_sell_price_exp_lvl,0.0003236876860460686,0.004885909297064769
d_og,1,oglev,2010Q4,enet,w_ec_cons_price_exp_lvl,0.0506910989272349,0.5776874645896993
d_og,1,oglev,2010Q4,enet,w_hh_saving_lvl,0.020922157754938078,0.035412451995967965
d_og,1,oglev,2010Q4,enet,w_hh_saving_d4,-0.13379040480553342,-0.19026870491688444
d_og,1,oglev,2010Q4,enet,packaging_us_yoy,-0.010923064079465007,-0.06861415997235866
d_og,1,oglev,2010Q4,enet,price_cost_gap_fao_wloc,-0.0017932041365847026,-0.022851670490563334
d_og,1,oglev,2010Q4,enet,price_wage_gap_d4,-0.0954573417009919,-0.17665066059854614
d_og,1,oglev,2011Q1,lasso,no_cpi_total_idx__yoy,0.4412597826162581,0.5350689422190259
d_og,1,oglev,2011Q1,lasso,no_retail_foodstores_vol_sa_idx__dyoy,-0.1789418957802581,-0.40908851547943204
d_og,1,oglev,2011Q1,lasso,se_gov_bond_10y__lvl,0.6044524049118163,0.3587692950689733
d_og,1,oglev,2011Q1,lasso,se_eursek__dyoy,0.11367759164015187,0.9530903839201296
d_og,1,oglev,2011Q1,lasso,ea_negotiated_wages_yoy_q__lvl,0.11440899650664135,0.049265326467516406
d_og,1,oglev,2011Q1,lasso,no_earn_idx_food_manuf_q__yoy,-0.06172790106279787,-0.10311716248076631
d_og,1,oglev,2011Q1,lasso,no_earn_idx_food_manuf_q__dyoy,-0.009863605892241816,-0.02739852271955437
d_og,1,oglev,2011Q1,lasso,no_real_wage_qna_yoy_q__d4,-0.1063451362120828,-0.24782595796664175
d_og,1,oglev,2011Q1,lasso,eu_ppi_dom_c103_idx__yoy,0.18019261907765308,0.4667805984512792
d_og,1,oglev,2011Q1,lasso,glob_fao_ffpi_eur__dyoy,-0.003981606499658043,-0.08789177134311148
d_og,1,oglev,2011Q1,lasso,glob_gscpi__lvl,0.027270173869874688,0.010105101173591051
d_og,1,oglev,2011Q1,lasso,glob_wb_food_idx_eur__dyoy,-0.00541794353987912,-0.11157143421083063
d_og,1,oglev,2011Q1,lasso,us_ppi_plastic_resins_idx__yoy,-0.026114694758950445,-0.2761960190026921
d_og,1,oglev,2011Q1,lasso,w_cpi_yoy,0.09500163821256664,0.09206868706360534
d_og,1,oglev,2011Q1,lasso,w_fx_vs_eur_dyoy,0.061320406860911135,0.4319790633166791
d_og,1,oglev,2011Q1,lasso,w_ec_cons_price_exp_lvl,0.0938914566271894,1.053388042360002
d_og,1,oglev,2011Q1,lasso,w_hh_saving_d4,-0.07244536131217144,-0.10137135579519431
d_og,1,oglev,2011Q1,lasso,price_wage_gap_d4,-0.09247142233911572,-0.24381412973162384
d_og,1,oglev,2011Q1,enet,no_cpi_total_idx__yoy,0.31173764631133877,0.37801118350891183
d_og,1,oglev,2011Q1,enet,no_qna_hh_food_cons_sa_mnok__dyoy,-0.038344442474333267,-0.08934571936917583
d_og,1,oglev,2011Q1,enet,no_retail_foodstores_vol_sa_idx__dyoy,-0.12471499502142776,-0.28511753465489664
d_og,1,oglev,2011Q1,enet,se_cpi_idx__yoy,0.09956801183774558,0.12653268018389258
d_og,1,oglev,2011Q1,enet,se_gov_bond_10y__lvl,0.38135788873312854,0.2263528109045031
d_og,1,oglev,2011Q1,enet,se_eursek__dyoy,0.07007461864018265,0.5875163628927416
d_og,1,oglev,2011Q1,enet,ea_negotiated_wages_yoy_q__lvl,0.3565638173847608,0.15353891220385307
d_og,1,oglev,2011Q1,enet,ea_negotiated_wages_yoy_q__d4,0.09273605305822902,0.05749527893963492
d_og,1,oglev,2011Q1,enet,no_earn_idx_food_manuf_q__yoy,-0.12908185626460453,-0.2156327125429856
d_og,1,oglev,2011Q1,enet,no_earn_idx_food_manuf_q__dyoy,-0.011986972060575663,-0.03329667972629234
d_og,1,oglev,2011Q1,enet,no_real_wage_qna_yoy_q__d4,-0.040289419863187334,-0.09389018086922334
d_og,1,oglev,2011Q1,enet,eu_ppi_dom_c103_idx__yoy,0.19007246492454202,0.4923738795780151
d_og,1,oglev,2011Q1,enet,ea_ec_food_ind_sell_price_exp__lvl,0.013381147887878711,0.1653891218194017
d_og,1,oglev,2011Q1,enet,no_ssb_bts_consgoods_home_price_exp__lvl,0.009562028712650134,0.07759908201471842
d_og,1,oglev,2011Q1,enet,glob_fao_ffpi_eur__dyoy,-0.001698773671274617,-0.03749949350650043
d_og,1,oglev,2011Q1,enet,glob_gscpi__lvl,0.35952211590900535,0.13322274264695486
d_og,1,oglev,2011Q1,enet,glob_wb_food_idx_eur__dyoy,-0.004180018082279013,-0.0860788985773522
d_og,1,oglev,2011Q1,enet,us_ppi_plastic_resins_idx__yoy,-0.014632328434186959,-0.15475543174316458
d_og,1,oglev,2011Q1,enet,w_cpi_yoy,0.25530586074451295,0.24742389542585463
d_og,1,oglev,2011Q1,enet,w_wage_dyoy,0.004346168656956891,0.010294717252357486
d_og,1,oglev,2011Q1,enet,w_retail_total_vol_dyoy,-0.04440037334292554,-0.09449243409768897
d_og,1,oglev,2011Q1,enet,w_gov10y_lvl,0.32597502537112805,0.16059676578020418
d_og,1,oglev,2011Q1,enet,w_fx_vs_eur_dyoy,0.06840914900988307,0.48191656944823674
d_og,1,oglev,2011Q1,enet,w_ec_cons_price_exp_lvl,0.04598786958113071,0.5159476021628367
d_og,1,oglev,2011Q1,enet,w_hh_saving_lvl,0.0035538396455139097,0.006213467924996267
d_og,1,oglev,2011Q1,enet,w_hh_saving_d4,-0.17476276848136477,-0.24454207229554073
d_og,1,oglev,2011Q1,enet,packaging_us_yoy,-0.014085889892740611,-0.08708885967986814
d_og,1,oglev,2011Q1,enet,price_cost_gap_fao_wloc,-0.000639483815953949,-0.008019975187213355
d_og,1,oglev,2011Q1,enet,price_wage_gap_d4,-0.0400410278955711,-0.10557389648573344
d_og,1,oglev,2011Q2,lasso,no_cpi_total_idx__yoy,0.42384051899257913,0.5059621999773375
d_og,1,oglev,2011Q2,lasso,no_retail_foodstores_vol_sa_idx__dyoy,-0.24159585162834377,-0.5456410640945552
d_og,1,oglev,2011Q2,lasso,se_gov_bond_10y__lvl,0.2348327492392914,0.1477334756704268
d_og,1,oglev,2011Q2,lasso,se_eursek__dyoy,0.0259019082311521,0.23080431043803176
d_og,1,oglev,2011Q2,lasso,ea_negotiated_wages_yoy_q__lvl,0.15838412095210413,0.06887630654068741
d_og,1,oglev,2011Q2,lasso,ea_negotiated_wages_yoy_q__d4,0.462319629940705,0.29137600690819965
d_og,1,oglev,2011Q2,lasso,no_earn_idx_food_manuf_q__yoy,-0.18197602752491604,-0.2995705274126078
d_og,1,oglev,2011Q2,lasso,no_real_wage_qna_yoy_q__lvl,-0.035870544274268175,-0.04740869057407141
d_og,1,oglev,2011Q2,lasso,eu_ppi_dom_c103_idx__yoy,0.30438340879804027,0.7971568809827042
d_og,1,oglev,2011Q2,lasso,no_ssb_bts_consgoods_home_price_exp__lvl,0.004882256891010727,0.03907628483988835
d_og,1,oglev,2011Q2,lasso,glob_gscpi__lvl,0.17018732858090743,0.06398521769278634
d_og,1,oglev,2011Q2,lasso,us_ppi_plastic_resins_idx__yoy,-0.021609856647181076,-0.2273148539242645
d_og,1,oglev,2011Q2,lasso,w_fx_vs_eur_dyoy,0.13649688039720215,1.003626036330543
d_og,1,oglev,2011Q2,lasso,w_ec_cons_price_exp_lvl,0.08183297989844336,0.9086847934504377
d_og,1,oglev,2011Q2,lasso,w_hh_saving_lvl,0.07996354135327122,0.14260185053209765
d_og,1,oglev,2011Q2,lasso,w_hh_saving_d4,-0.17815759916331375,-0.24567354229739508
d_og,1,oglev,2011Q2,lasso,price_wage_gap_d4,-0.05509859908808443,-0.16289972383436851
d_og,1,oglev,2011Q2,enet,no_cpi_total_idx__yoy,0.267674302814465,0.31953782864204633
d_og,1,oglev,2011Q2,enet,no_fx_eurnok__dyoy,0.0007883764554116711,0.009421666243134787
d_og,1,oglev,2011Q2,enet,no_qna_hh_food_cons_sa_mnok__dyoy,-0.08340491684940209,-0.19361067622621345
d_og,1,oglev,2011Q2,enet,no_retail_foodstores_vol_sa_idx__dyoy,-0.15129223854768897,-0.34169153764030713
d_og,1,oglev,2011Q2,enet,se_cpi_idx__yoy,0.1153779385800175,0.1443595986895379
d_og,1,oglev,2011Q2,enet,se_gov_bond_10y__lvl,0.3429045300270281,0.21572152184109034
d_og,1,oglev,2011Q2,enet,se_eursek__dyoy,0.048290157376260495,0.4302994348797478
d_og,1,oglev,2011Q2,enet,ea_negotiated_wages_yoy_q__lvl,0.6748436214452729,0.29346840995347095
d_og,1,oglev,2011Q2,enet,ea_negotiated_wages_yoy_q__d4,0.11335447995635153,0.07144143055113922
d_og,1,oglev,2011Q2,enet,no_earn_idx_food_manuf_q__yoy,-0.1858773536098135,-0.30599292452038773
d_og,1,oglev,2011Q2,enet,no_earn_idx_food_manuf_q__dyoy,-0.009313349123604786,-0.025564757644782173
d_og,1,oglev,2011Q2,enet,no_real_wage_qna_yoy_q__lvl,-0.04963794839268411,-0.06560452827498942
d_og,1,oglev,2011Q2,enet,eu_ppi_dom_c103_idx__yoy,0.21674815175238338,0.5676468415015931
d_og,1,oglev,2011Q2,enet,eu_ppi_dom_c103_idx__dyoy,0.023642583325112525,0.07843423604151539
d_og,1,oglev,2011Q2,enet,ea_ec_food_ind_sell_price_exp__lvl,0.016394117788618223,0.20051679849944676
d_og,1,oglev,2011Q2,enet,no_ssb_bts_consgoods_home_price_exp__lvl,0.015880241923170998,0.12710123014188662
d_og,1,oglev,2011Q2,enet,glob_gscpi__lvl,0.4530525338747259,0.17033386238542148
d_og,1,oglev,2011Q2,enet,us_ppi_plastic_resins_idx__yoy,-0.02071900138686196,-0.21794391562174142
d_og,1,oglev,2011Q2,enet,w_cpi_yoy,0.22035900467246433,0.21036254211604005
d_og,1,oglev,2011Q2,enet,w_wage_dyoy,0.013316325884961573,0.03248197523807005
d_og,1,oglev,2011Q2,enet,w_gov10y_lvl,0.13218009309035936,0.07009958630965518
d_og,1,oglev,2011Q2,enet,w_fx_vs_eur_dyoy,0.08006273401549518,0.5886804457650082
d_og,1,oglev,2011Q2,enet,w_ec_food_ind_sell_price_exp_lvl,0.002250959241134617,0.033168957157875156
d_og,1,oglev,2011Q2,enet,w_ec_cons_price_exp_lvl,0.04056676678592594,0.45045902206626587
d_og,1,oglev,2011Q2,enet,w_hh_saving_lvl,0.06053100621681892,0.1079471138347122
d_og,1,oglev,2011Q2,enet,w_hh_saving_d4,-0.211217160754329,-0.291261603884476
d_og,1,oglev,2011Q2,enet,nw_real_wage_dyoy,0.0053341111505442575,0.014870322708110017
d_og,1,oglev,2011Q2,enet,price_cost_gap_fao_wloc,-0.003034888003570386,-0.037516053218567144
d_og,1,oglev,2011Q2,enet,price_wage_gap_d4,-0.014822384065894555,-0.04382257100658914
d_og,1,oglev,2011Q3,lasso,no_cpi_total_idx__yoy,0.29654086315765477,0.3489234256117688
d_og,1,oglev,2011Q3,lasso,no_qna_hh_food_cons_sa_mnok__dyoy,-0.1518274573150892,-0.3472761897931174
d_og,1,oglev,2011Q3,lasso,no_retail_foodstores_vol_sa_idx__dyoy,-0.005794401809521995,-0.012899208290817435
d_og,1,oglev,2011Q3,lasso,no_vat_food_rate__d4,0.17964399402080608,0.14688060473609219
d_og,1,oglev,2011Q3,lasso,se_cpi_idx__yoy,0.03858590683188543,0.04769415107260154
d_og,1,oglev,2011Q3,lasso,se_gov_bond_10y__lvl,0.7296798931856306,0.4676586971008738
d_og,1,oglev,2011Q3,lasso,se_eursek__dyoy,0.0921101973933681,0.8286064692024733
d_og,1,oglev,2011Q3,lasso,ea_negotiated_wages_yoy_q__lvl,1.3906239458509182,0.64163947024338
d_og,1,oglev,2011Q3,lasso,no_earn_idx_food_manuf_q__yoy,-0.16993252788300547,-0.27844494807835257
d_og,1,oglev,2011Q3,lasso,no_real_wage_qna_yoy_q__lvl,-0.22492800513598402,-0.292922060686614
d_og,1,oglev,2011Q3,lasso,eu_ppi_dom_c103_idx__yoy,0.2578314824955493,0.6703863777620813
d_og,1,oglev,2011Q3,lasso,ea_ec_food_ind_sell_price_exp__lvl,0.022834904250239527,0.28241240515954114
d_og,1,oglev,2011Q3,lasso,no_ssb_bts_consgoods_home_price_exp__lvl,0.041872919745400104,0.3305640386888929
d_og,1,oglev,2011Q3,lasso,glob_fao_ffpi_eur__yoy,-0.011489602321345788,-0.1740446367338861
d_og,1,oglev,2011Q3,lasso,glob_gscpi__lvl,0.4871367598246735,0.1950121220225388
d_og,1,oglev,2011Q3,lasso,glob_wb_food_idx_eur__dyoy,-0.004188937155339015,-0.08926467897805422
d_og,1,oglev,2011Q3,lasso,us_ppi_plastic_resins_idx__yoy,-0.001915643263666227,-0.0198460665473488
d_og,1,oglev,2011Q3,lasso,w_cpi_yoy,0.02163893779545376,0.020397871673820234
d_og,1,oglev,2011Q3,lasso,w_retail_food_vol_dyoy,-0.0818212992716326,-0.1415723714459597
d_og,1,oglev,2011Q3,lasso,w_fx_vs_eur_dyoy,0.002207806165861904,0.016020015456788758
d_og,1,oglev,2011Q3,lasso,w_ec_cons_price_exp_lvl,0.057107611550265766,0.6400672794546982
d_og,1,oglev,2011Q3,lasso,w_hh_saving_lvl,0.10217273069065287,0.18982929759191453
d_og,1,oglev,2011Q3,lasso,w_hh_saving_d4,-0.2901256208883067,-0.39601924253802573
d_og,1,oglev,2011Q3,lasso,price_wage_gap_d4,-0.040227190694923524,-0.12565747937339655
d_og,1,oglev,2011Q3,enet,no_cpi_total_idx__yoy,0.30037241773595363,0.3534318064623625
d_og,1,oglev,2011Q3,enet,no_govbond_10y__lvl,0.0038353739923832337,0.0023136689591883542
d_og,1,oglev,2011Q3,enet,no_qna_hh_food_cons_sa_mnok__dyoy,-0.08418177020560468,-0.19254965421947262
d_og,1,oglev,2011Q3,enet,no_retail_foodstores_vol_sa_idx__dyoy,-0.06927231744003787,-0.15421057786815567
d_og,1,oglev,2011Q3,enet,no_vat_food_rate__d4,0.10757953932518294,0.08795923225511781
d_og,1,oglev,2011Q3,enet,se_cpi_idx__yoy,0.07302073607421229,0.09025735828704566
d_og,1,oglev,2011Q3,enet,se_gov_bond_10y__lvl,0.44358234531139584,0.2842960914814508
d_og,1,oglev,2011Q3,enet,se_eursek__dyoy,0.052494954232296824,0.4722349957801818
d_og,1,oglev,2011Q3,enet,ea_negotiated_wages_yoy_q__lvl,1.2237415192561962,0.5646392487869271
d_og,1,oglev,2011Q3,enet,no_earn_idx_food_manuf_q__yoy,-0.17081676905847243,-0.2798938318868789
d_og,1,oglev,2011Q3,enet,no_real_wage_qna_yoy_q__lvl,-0.0769742416435665,-0.10024297982988574
d_og,1,oglev,2011Q3,enet,eu_ppi_dom_c103_idx__yoy,0.2222724942304208,0.5779296261303043
d_og,1,oglev,2011Q3,enet,ea_ec_food_ind_sell_price_exp__lvl,0.018288803667222707,0.22618816240916897
d_og,1,oglev,2011Q3,enet,no_ssb_bts_consgoods_home_price_exp__lvl,0.02800246791433878,0.2210643285279107
d_og,1,oglev,2011Q3,enet,eu_ppi_plastic_products_idx__yoy,-0.014707108751650181,-0.026090048225203208
d_og,1,oglev,2011Q3,enet,glob_gscpi__lvl,0.3877408779684896,0.15522164953170825
d_og,1,oglev,2011Q3,enet,us_ppi_plastic_resins_idx__yoy,-0.0042231107478975325,-0.043751432497507764
d_og,1,oglev,2011Q3,enet,w_cpi_yoy,0.1876362065592687,0.17687463677456958
d_og,1,oglev,2011Q3,enet,w_retail_food_vol_dyoy,-0.012645591535461992,-0.021880199873983094
d_og,1,oglev,2011Q3,enet,w_retail_total_vol_dyoy,-0.0849438804887935,-0.1860396455955919
d_og,1,oglev,2011Q3,enet,w_gov10y_lvl,0.2787192022306123,0.15323478927600773
d_og,1,oglev,2011Q3,enet,w_fx_vs_eur_dyoy,0.04874107769973053,0.3536690993094478
d_og,1,oglev,2011Q3,enet,w_ec_cons_price_exp_lvl,0.035590634127105406,0.3989030488475731
d_og,1,oglev,2011Q3,enet,w_hh_saving_d4,-0.2295089758161886,-0.313277987928533
d_og,1,oglev,2011Q3,enet,nw_real_wage_dyoy,0.013818598751157157,0.039311916019575
d_og,1,oglev,2011Q3,enet,eu_agri_basket_wloc_dyoy,0.005322538623874344,0.05410751587398385
d_og,1,oglev,2011Q3,enet,price_wage_gap_d4,-0.03176716049099072,-0.09923092428753141
d_og,1,oglev,2011Q4,lasso,no_cpi_total_idx__yoy,0.40388307217177255,0.46983720768340576
d_og,1,oglev,2011Q4,lasso,no_qna_hh_food_cons_sa_mnok__dyoy,-0.09251024420198528,-0.2113110688456907
d_og,1,oglev,2011Q4,lasso,no_retail_foodstores_vol_sa_idx__dyoy,-0.002923970069670717,-0.006523809820849823
d_og,1,oglev,2011Q4,lasso,no_vat_food_rate__d4,0.1713125659435923,0.1381717389197289
d_og,1,oglev,2011Q4,lasso,se_gov_bond_10y__lvl,0.8395118562181807,0.534486613891357
d_og,1,oglev,2011Q4,lasso,se_eursek__dyoy,0.0386547523432867,0.3426058894159397
d_og,1,oglev,2011Q4,lasso,ea_negotiated_wages_yoy_q__lvl,1.215370241558412,0.5820296531123903
d_og,1,oglev,2011Q4,lasso,ea_negotiated_wages_yoy_q__d4,0.1024940630050124,0.06502371190600346
d_og,1,oglev,2011Q4,lasso,no_earn_idx_food_manuf_q__yoy,-0.2749853901119772,-0.48514142681137545
d_og,1,oglev,2011Q4,lasso,no_real_wage_qna_yoy_q__lvl,-0.07214349675171326,-0.09257517066521141
d_og,1,oglev,2011Q4,lasso,eu_ppi_dom_c103_idx__yoy,0.30369832943772235,0.7797858794420709
d_og,1,oglev,2011Q4,lasso,no_ssb_bts_consgoods_home_price_exp__lvl,0.046073961153665896,0.3587291070708832
d_og,1,oglev,2011Q4,lasso,glob_gscpi__lvl,0.2338845807930869,0.09832887368387536
d_og,1,oglev,2011Q4,lasso,w_retail_total_vol_dyoy,-0.18810821331249777,-0.41265528391479855
d_og,1,oglev,2011Q4,lasso,w_fx_vs_eur_yoy,0.008849648089413163,0.04023839023929181
d_og,1,oglev,2011Q4,lasso,w_fx_vs_eur_dyoy,0.03140439191331457,0.22496163473488723
d_og,1,oglev,2011Q4,lasso,w_ec_cons_price_exp_lvl,0.043129006508829906,0.48981231455122975
d_og,1,oglev,2011Q4,lasso,w_hh_saving_d4,-0.22594420161636067,-0.304717694134969
d_og,1,oglev,2011Q4,lasso,eu_agri_basket_wloc_dyoy,0.01526265153313246,0.15415924048242843
d_og,1,oglev,2011Q4,lasso,price_wage_gap_d4,-0.08793794844859561,-0.27971090885728883
d_og,1,oglev,2011Q4,enet,no_cpi_total_idx__yoy,0.34707178686950296,0.4037486352958721
d_og,1,oglev,2011Q4,enet,no_govbond_10y__d4,-0.11855839820766698,-0.07602676597479031
d_og,1,oglev,2011Q4,enet,no_qna_hh_food_cons_sa_mnok__dyoy,-0.03126472606025804,-0.07141460643576021
d_og,1,oglev,2011Q4,enet,no_retail_foodstores_vol_sa_idx__dyoy,-0.007178333456718413,-0.016015923961748425
d_og,1,oglev,2011Q4,enet,no_vat_food_rate__d4,0.10876040724938124,0.08772044544714254
d_og,1,oglev,2011Q4,enet,se_cpi_idx__yoy,0.024581572577897778,0.03039327134979432
d_og,1,oglev,2011Q4,enet,se_gov_bond_10y__lvl,0.4741484306695463,0.3018730317068968
d_og,1,oglev,2011Q4,enet,se_eursek__dyoy,0.03716623619517484,0.3294128311781104
d_og,1,oglev,2011Q4,enet,ea_negotiated_wages_yoy_q__lvl,1.0185162427916667,0.48775807997507065
d_og,1,oglev,2011Q4,enet,ea_negotiated_wages_yoy_q__d4,0.2112401750878963,0.13401381392420134
d_og,1,oglev,2011Q4,enet,no_earn_idx_food_manuf_q__yoy,-0.2072174609083007,-0.3655822391304009
d_og,1,oglev,2011Q4,enet,no_earn_idx_food_manuf_q__dyoy,-0.007881899995346572,-0.022610259300729206
d_og,1,oglev,2011Q4,enet,no_real_wage_qna_yoy_q__d4,-5.382693085451309e-05,-0.00012081662143012448
d_og,1,oglev,2011Q4,enet,eu_ppi_dom_c103_idx__yoy,0.21303687944227917,0.5470005406254894
d_og,1,oglev,2011Q4,enet,ea_ec_food_ind_sell_price_exp__lvl,0.0010556923631991357,0.013749047891542451
d_og,1,oglev,2011Q4,enet,no_ssb_bts_consgoods_home_price_exp__lvl,0.022190105885681752,0.1727708378194351
d_og,1,oglev,2011Q4,enet,se_nier_food_mfg_sell_price_exp__lvl,0.0018322245276842658,0.04232820132611307
d_og,1,oglev,2011Q4,enet,glob_gscpi__lvl,0.1712122463936331,0.07198040713793691
d_og,1,oglev,2011Q4,enet,w_cpi_yoy,0.07360832499508108,0.06843502504938904
d_og,1,oglev,2011Q4,enet,w_wage_yoy,0.04028686623285124,0.06369122646928876
d_og,1,oglev,2011Q4,enet,w_retail_total_vol_dyoy,-0.1575854674515015,-0.3456971637065948
d_og,1,oglev,2011Q4,enet,w_gov10y_lvl,0.25090805224671986,0.13802986297447803
d_og,1,oglev,2011Q4,enet,w_fx_vs_eur_yoy,0.03675295325957229,0.16711169311628404
d_og,1,oglev,2011Q4,enet,w_fx_vs_eur_dyoy,0.0365051336510608,0.2615001928719536
d_og,1,oglev,2011Q4,enet,w_ec_cons_price_exp_lvl,0.042324558408256094,0.4806762685818488
d_og,1,oglev,2011Q4,enet,w_hh_saving_d4,-0.21120092250664563,-0.28483429822499706
d_og,1,oglev,2011Q4,enet,nw_food_cpi_yoy,0.013979699016178987,0.023884904502746135
d_og,1,oglev,2011Q4,enet,nw_real_wage_dyoy,0.009769430826520924,0.028351535541812835
d_og,1,oglev,2011Q4,enet,eu_agri_basket_wloc_dyoy,0.016780355095994882,0.16948868884337961
d_og,1,oglev,2011Q4,enet,elec_nordic_loc_dyoy,0.0002423393886068102,0.021519437605087746
d_og,1,oglev,2011Q4,enet,price_wage_gap_d4,-0.029857448332747887,-0.09496985268190924
d_og,1,oglev,2012Q2,lasso,no_cpi_total_idx__yoy,0.3975292647729216,0.4516248725767682
d_og,1,oglev,2012Q2,lasso,no_govbond_10y__d4,-0.366148280451512,-0.2293156845285692
d_og,1,oglev,2012Q2,lasso,no_qna_hh_food_cons_sa_mnok__dyoy,-0.08081114897320675,-0.1805380913949087
d_og,1,oglev,2012Q2,lasso,no_retail_foodstores_vol_sa_idx__dyoy,-0.011480861876950936,-0.025551522392847345
d_og,1,oglev,2012Q2,lasso,no_vat_food_rate__d4,0.38904750233654123,0.305664585673175
d_og,1,oglev,2012Q2,lasso,se_gov_bond_10y__lvl,1.1192658196744685,0.7610412832788005
d_og,1,oglev,2012Q2,lasso,se_eursek__dyoy,0.12619111419519954,1.11143779214241
d_og,1,oglev,2012Q2,lasso,ea_negotiated_wages_yoy_q__lvl,0.37905632023211916,0.1819417933383146
d_og,1,oglev,2012Q2,lasso,no_earn_idx_food_manuf_q__yoy,-0.19884672472737064,-0.3438198308914772
d_og,1,oglev,2012Q2,lasso,no_real_wage_qna_yoy_q__lvl,-0.16240780741913033,-0.20673034808951946
d_og,1,oglev,2012Q2,lasso,no_ssb_bts_consgoods_home_price_exp__lvl,0.02629870068169187,0.20333739925823263
d_og,1,oglev,2012Q2,lasso,se_nier_food_mfg_sell_price_exp__lvl,0.003825898635747417,0.08688017971649589
d_og,1,oglev,2012Q2,lasso,w_wage_yoy,0.19414024316389952,0.3119325030337735
d_og,1,oglev,2012Q2,lasso,w_retail_total_vol_dyoy,-0.05411199190099186,-0.11675698222644268
d_og,1,oglev,2012Q2,lasso,w_ec_cons_price_exp_lvl,0.06316965013715602,0.7215078521618993
d_og,1,oglev,2012Q2,lasso,w_hh_saving_d4,-0.1915462601516173,-0.2517741521642117
d_og,1,oglev,2012Q2,lasso,nw_food_cpi_yoy,0.34597573454697916,0.6055175503784166
d_og,1,oglev,2012Q2,lasso,price_wage_gap_d4,-0.09764079201158371,-0.31343437318854855
d_og,1,oglev,2017Q2,lasso,nw_cons_conf_z_d4,-0.30854655128601466,-0.2281397144004503
d_og,1,oglev,2017Q3,lasso,nw_cons_conf_z,-0.005080045501104375,-0.002997393126656963
d_og,1,oglev,2017Q3,lasso,nw_cons_conf_z_d4,-0.2819554756274866,-0.20894326187999615
d_og,1,oglev,2022Q1,lasso,glob_gscpi__lvl,0.33207235104071836,0.18881969206307309
d_og,1,oglev,2022Q3,lasso,se_nier_food_mfg_sell_price_exp__lvl,0.0022322498383314307,0.04128168168712185
d_og,1,oglev,2022Q3,lasso,glob_gscpi__lvl,0.372417853613083,0.320047837370036
d_og,1,oglev,2022Q3,lasso,w_gov10y_lvl,-0.05363621295894499,-0.07782964514559662
d_og,1,oglev,2022Q3,enet,no_govbond_10y__lvl,-0.030621646603529045,-0.039906921974054904
d_og,1,oglev,2022Q3,enet,se_na_hhcons_food_sa__dyoy,-0.012033107565818262,-0.038492324837245864
d_og,1,oglev,2022Q3,enet,se_gov_bond_10y__lvl,-0.02661748321662704,-0.040891611355021146
d_og,1,oglev,2022Q3,enet,se_eursek__dyoy,0.004860243950882822,0.03586204250678594
d_og,1,oglev,2022Q3,enet,ea_negotiated_wages_yoy_q__d4,0.07098493038496778,0.036252849820178824
d_og,1,oglev,2022Q3,enet,no_earn_idx_food_manuf_q__yoy,-0.07326367654328508,-0.1322101800107005
d_og,1,oglev,2022Q3,enet,eu_ppi_dom_c108_idx__dyoy,0.01588649044869959,0.04319525391558085
d_og,1,oglev,2022Q3,enet,ea_ec_food_ind_sell_price_exp__lvl,0.00024879945607594417,0.0029839618671361483
d_og,1,oglev,2022Q3,enet,ea_ec_food_ind_sell_price_exp__d4,0.0018552599672685697,0.029251842741614235
d_og,1,oglev,2022Q3,enet,no_fn_cci_sa__lvl,-0.01547740582177951,-0.18820560454465396
d_og,1,oglev,2022Q3,enet,no_ssb_bts_consgoods_home_price_exp__lvl,0.004348981912170973,0.029478906857325245
d_og,1,oglev,2022Q3,enet,se_nier_food_mfg_sell_price_exp__lvl,0.008280077863435454,0.15312602238037468
d_og,1,oglev,2022Q3,enet,se_nier_food_mfg_sell_price_exp__d4,0.000996925975895939,0.025017105103956137
d_og,1,oglev,2022Q3,enet,glob_gscpi__lvl,0.32608333467521483,0.28022895533262354
d_og,1,oglev,2022Q3,enet,w_gov10y_lvl,-0.058307032890481066,-0.08460730967028426
d_og,1,oglev,2022Q3,enet,nw_cons_conf_z,-0.019653161469552802,-0.010580024230947012
d_og,1,oglev,2022Q3,enet,wb_food_sek_yoy,0.006686617163484287,0.07680939401378847
d_og,1,oglev,2022Q3,enet,wb_food_sek_dyoy,0.004233744467477598,0.072701258158123
d_og,1,oglev,2022Q4,lasso,se_na_hhcons_food_sa__dyoy,-0.026139121899112747,-0.08389751432345717
d_og,1,oglev,2022Q4,lasso,se_eursek__dyoy,0.038294970979419383,0.2833343692888144
d_og,1,oglev,2022Q4,lasso,no_earn_idx_food_manuf_q__yoy,-0.19275026069675513,-0.3454095693770123
d_og,1,oglev,2022Q4,lasso,eu_ppi_dom_c108_idx__dyoy,0.02577905312875091,0.06967684311042223
d_og,1,oglev,2022Q4,lasso,ea_ec_food_ind_sell_price_exp__lvl,0.012927474425054857,0.17328154293220713
d_og,1,oglev,2022Q4,lasso,ea_ec_food_ind_sell_price_exp__d4,0.005260167184196297,0.08734524888413729
d_og,1,oglev,2022Q4,lasso,no_ssb_bts_consgoods_home_price_exp__lvl,0.002890882322722656,0.021199164541921924
d_og,1,oglev,2022Q4,lasso,se_nier_food_mfg_sell_price_exp__d4,0.01656779704374572,0.43100789980554083
d_og,1,oglev,2022Q4,lasso,glob_gscpi__lvl,0.6394970135532492,0.5956077530060969
d_og,1,oglev,2022Q4,lasso,w_retail_total_vol_yoy,0.06252686924170943,0.10740106706556606
d_og,1,oglev,2022Q4,lasso,w_gov10y_lvl,-0.03577691315909017,-0.051822661811279855
d_og,1,oglev,2022Q4,lasso,w_fx_vs_usd_dyoy,0.0010851667481638363,0.016555695856129544
d_og,1,oglev,2022Q4,lasso,w_ec_cons_price_exp_lvl,0.005017586248964713,0.053343541720956865
d_og,1,oglev,2022Q4,lasso,nw_cons_conf_z,-1.47936039980636,-0.8061087623636872
d_og,1,oglev,2022Q4,lasso,nw_retail_food_vol_dyoy,-0.03373506021024807,-0.07552232190055927
d_og,1,oglev,2022Q4,lasso,wb_food_sek_yoy,0.012191141006710393,0.14376779342644228
d_og,1,oglev,2022Q4,lasso,price_wage_gap,-0.019710539805488453,-0.03613601806775333
d_og,1,oglev,2022Q4,enet,no_govbond_10y__lvl,-0.017887579824006756,-0.023222930548338037
d_og,1,oglev,2022Q4,enet,se_na_hhcons_food_sa__dyoy,-0.02839887321665785,-0.09115053220458295
d_og,1,oglev,2022Q4,enet,se_gov_bond_10y__lvl,-0.03458178343448387,-0.053256861958690706
d_og,1,oglev,2022Q4,enet,se_eursek__dyoy,0.02953442038415932,0.21851737076269642
d_og,1,oglev,2022Q4,enet,no_earn_idx_food_manuf_q__yoy,-0.15491886120411555,-0.27761548515400536
d_og,1,oglev,2022Q4,enet,eu_ppi_dom_c108_idx__dyoy,0.012313991597659479,0.03328283844747832
d_og,1,oglev,2022Q4,enet,ea_ec_food_ind_sell_price_exp__lvl,0.01179857692505833,0.15814965450761415
d_og,1,oglev,2022Q4,enet,ea_ec_food_ind_sell_price_exp__d4,0.007929074815816046,0.13166254777778802
d_og,1,oglev,2022Q4,enet,no_fn_cci_sa__lvl,-0.01691290207751982,-0.20624958610183824
d_og,1,oglev,2022Q4,enet,no_ssb_bts_consgoods_home_price_exp__lvl,0.01341828679873085,0.09839780314858708
d_og,1,oglev,2022Q4,enet,se_nier_food_mfg_sell_price_exp__lvl,0.005161203593196697,0.10060487752966701
d_og,1,oglev,2022Q4,enet,se_nier_food_mfg_sell_price_exp__d4,0.008314022610094606,0.2162876219844436
d_og,1,oglev,2022Q4,enet,glob_gscpi__lvl,0.34100594489471386,0.3176023973465349
d_og,1,oglev,2022Q4,enet,w_food_cpi_rel_yoy,-0.05895779036412111,-0.07829406585439977
d_og,1,oglev,2022Q4,enet,w_retail_food_vol_dyoy,-0.04412237896926109,-0.08299880030814974
d_og,1,oglev,2022Q4,enet,w_retail_total_vol_yoy,0.05865253032545132,0.10074619790569776
d_og,1,oglev,2022Q4,enet,w_gov10y_lvl,-0.04290596043837019,-0.06214904756032216
d_og,1,oglev,2022Q4,enet,w_fx_vs_usd_dyoy,0.003854123452825787,0.058799899448564764
d_og,1,oglev,2022Q4,enet,w_ec_cons_price_exp_lvl,0.011655762282537402,0.12391608449907125
d_og,1,oglev,2022Q4,enet,nw_cons_conf_z,-0.7123245215926987,-0.38814817442562133
d_og,1,oglev,2022Q4,enet,nw_retail_food_vol_dyoy,-0.044450332395003234,-0.09951048822205752
d_og,1,oglev,2022Q4,enet,wb_food_sek_yoy,0.010418194885618343,0.12285977902868632
d_og,1,oglev,2022Q4,enet,wb_food_sek_dyoy,0.0003867422764089543,0.006645929022042338
d_og,1,oglev,2022Q4,enet,price_wage_gap,-0.014671431076522305,-0.026897644797804127
d_og,1,oglev,2023Q1,lasso,se_na_hhcons_food_sa__dyoy,-0.04491637050186468,-0.14322762985811735
d_og,1,oglev,2023Q1,lasso,se_gov_bond_10y__lvl,-0.12042860026313582,-0.18442703335449512
d_og,1,oglev,2023Q1,lasso,se_eursek__dyoy,0.020293045694319438,0.15031246884150837
d_og,1,oglev,2023Q1,lasso,ea_negotiated_wages_yoy_q__lvl,-0.13356314355763985,-0.06993251696924421
d_og,1,oglev,2023Q1,lasso,no_earn_idx_food_manuf_q__yoy,-0.027732258171627864,-0.0501018313314825
d_og,1,oglev,2023Q1,lasso,ea_ec_food_ind_sell_price_exp__d4,0.0018556850434547105,0.03166750658295001
d_og,1,oglev,2023Q1,lasso,no_fn_cci_sa__lvl,-0.013408850824588769,-0.16958683761228446
d_og,1,oglev,2023Q1,lasso,se_nier_food_mfg_sell_price_exp__lvl,0.0006499060520725196,0.013498139624207338
d_og,1,oglev,2023Q1,lasso,se_nier_food_mfg_sell_price_exp__d4,0.006977802162700636,0.18538425551459822
d_og,1,oglev,2023Q1,lasso,glob_gscpi__lvl,0.4608949141645758,0.45385946826769896
d_og,1,oglev,2023Q1,lasso,w_ec_cons_price_exp_lvl,0.002718145781085605,0.02969537348400439
d_og,1,oglev,2023Q1,lasso,nw_retail_food_vol_dyoy,-0.08936823742688053,-0.20934971702279986
d_og,1,oglev,2023Q1,lasso,wb_food_sek_yoy,0.0012651743117333182,0.015519744253923932
d_og,1,oglev,2023Q1,lasso,wb_food_sek_dyoy,0.00371790593418806,0.06368146714002193
d_og,1,oglev,2023Q1,enet,no_qna_hh_food_cons_sa_mnok__yoy,0.007394911723275609,0.0169354751423922
d_og,1,oglev,2023Q1,enet,se_retail_grocery_vol_sa_idx__dyoy,-0.011641432002386369,-0.02622509734967998
d_og,1,oglev,2023Q1,enet,se_na_hhcons_food_sa__dyoy,-0.04896353816878772,-0.1561330856216842
d_og,1,oglev,2023Q1,enet,se_gov_bond_10y__lvl,-0.07248243568886834,-0.11100121196457963
d_og,1,oglev,2023Q1,enet,se_eursek__dyoy,0.027498705968387445,0.20368546182360817
d_og,1,oglev,2023Q1,enet,ea_negotiated_wages_yoy_q__lvl,-0.208274927997151,-0.10905096681962413
d_og,1,oglev,2023Q1,enet,no_earn_idx_food_manuf_q__yoy,-0.07361536688102589,-0.13299546946565383
d_og,1,oglev,2023Q1,enet,ea_ec_food_ind_sell_price_exp__d4,0.004987881669222515,0.08511884931778009
d_og,1,oglev,2023Q1,enet,no_fn_cci_sa__lvl,-0.01513106716144984,-0.191368362820761
d_og,1,oglev,2023Q1,enet,se_nier_food_mfg_sell_price_exp__lvl,0.0037139516448945393,0.07713643795203048
d_og,1,oglev,2023Q1,enet,se_nier_food_mfg_sell_price_exp__d4,0.005595581551877538,0.14866181298619052
d_og,1,oglev,2023Q1,enet,glob_gscpi__lvl,0.267865234451826,0.263776338465512
d_og,1,oglev,2023Q1,enet,w_food_cpi_rel_yoy,-0.05126144085487452,-0.06827577143683862
d_og,1,oglev,2023Q1,enet,w_retail_food_vol_dyoy,-0.02514349330458887,-0.05042397134158899
d_og,1,oglev,2023Q1,enet,w_retail_total_vol_yoy,0.008081594067218183,0.013789339382595698
d_og,1,oglev,2023Q1,enet,w_gov10y_lvl,-0.06765783030378275,-0.09734342251138889
d_og,1,oglev,2023Q1,enet,w_ec_cons_price_exp_lvl,0.008119939881545808,0.08870924036821232
d_og,1,oglev,2023Q1,enet,nw_cons_conf_z,-0.06850551134707024,-0.04042345136020601
d_og,1,oglev,2023Q1,enet,nw_retail_food_vol_dyoy,-0.07915852526634255,-0.1854329383860762
d_og,1,oglev,2023Q1,enet,wb_food_sek_yoy,0.007079603659965897,0.08684466417223184
d_og,1,oglev,2023Q1,enet,wb_food_sek_dyoy,0.002526100206768091,0.043267842209363395
d_og,1,oglev,2023Q1,enet,price_wage_gap,-0.02936255111667738,-0.054456904804395925
d_og,1,oglev,2023Q2,lasso,se_gov_bond_10y__lvl,-0.037125270795334744,-0.056531876857008855
d_og,1,oglev,2023Q2,lasso,se_nier_food_mfg_sell_price_exp__lvl,0.004098230232830689,0.08834202199173838
d_og,1,oglev,2023Q2,lasso,glob_gscpi__lvl,0.5155241146257717,0.5112239613073033
d_og,1,oglev,2023Q2,lasso,nw_retail_food_vol_dyoy,-0.04506612988658543,-0.11209485795387147
d_og,1,oglev,2023Q2,enet,no_govbond_10y__lvl,-0.0017201941527271525,-0.002203645654822681
d_og,1,oglev,2023Q2,enet,se_na_hhcons_food_sa__dyoy,-0.02908830854085611,-0.09341613328688735
d_og,1,oglev,2023Q2,enet,se_gov_bond_10y__lvl,-0.07202865276237418,-0.10968041016014554
d_og,1,oglev,2023Q2,enet,se_eursek__dyoy,0.01596287443338238,0.11786920317824545
d_og,1,oglev,2023Q2,enet,ea_negotiated_wages_yoy_q__lvl,-0.13633697166425948,-0.07143068781153628
d_og,1,oglev,2023Q2,enet,no_earn_idx_food_manuf_q__yoy,-0.019892087297660413,-0.036209410826129856
d_og,1,oglev,2023Q2,enet,ea_ec_food_ind_sell_price_exp__d4,0.004166608794047571,0.07190204622747823
d_og,1,oglev,2023Q2,enet,no_fn_cci_sa__lvl,-0.00809172393087295,-0.1099332970540606
d_og,1,oglev,2023Q2,enet,se_nier_food_mfg_sell_price_exp__lvl,0.003940216633805915,0.08493585883179347
d_og,1,oglev,2023Q2,enet,se_nier_food_mfg_sell_price_exp__d4,0.0033468251356012033,0.08915184992821384
d_og,1,oglev,2023Q2,enet,glob_gscpi__lvl,0.2862440962267266,0.2838564416721479
d_og,1,oglev,2023Q2,enet,w_food_cpi_rel_yoy,-0.052964410267873886,-0.07010175768940811
d_og,1,oglev,2023Q2,enet,w_retail_food_vol_dyoy,-0.02428906500101966,-0.051273363028688373
d_og,1,oglev,2023Q2,enet,w_gov10y_lvl,-0.06684937488895253,-0.09552817415438401
d_og,1,oglev,2023Q2,enet,w_ec_cons_price_exp_lvl,0.005372008084342827,0.058625416743584756
d_og,1,oglev,2023Q2,enet,nw_retail_food_vol_dyoy,-0.06676465839664505,-0.16606650977452558
d_og,1,oglev,2023Q2,enet,wb_food_sek_yoy,0.0048873468211391045,0.060988391429482196
d_og,1,oglev,2023Q2,enet,wb_food_sek_dyoy,0.0031623385591401766,0.05379878988496476
d_og,1,oglev,2023Q3,lasso,se_na_hhcons_food_sa__dyoy,-0.01642012125605053,-0.05381611603362086
d_og,1,oglev,2023Q3,lasso,se_gov_bond_10y__lvl,-0.05510724504486362,-0.08337273620677982
d_og,1,oglev,2023Q3,lasso,se_eursek__dyoy,0.016797296467012245,0.12435592640999872
d_og,1,oglev,2023Q3,lasso,no_earn_idx_food_manuf_q__yoy,-0.028640744233012324,-0.051952072080707366
d_og,1,oglev,2023Q3,lasso,eu_ppi_dom_c108_idx__dyoy,0.0319309560439627,0.1020854892708917
d_og,1,oglev,2023Q3,lasso,ea_ec_food_ind_sell_price_exp__lvl,0.0015567364965286784,0.02532665098105903
d_og,1,oglev,2023Q3,lasso,no_fn_cci_sa__lvl,-0.022777528414863114,-0.3350347864986943
d_og,1,oglev,2023Q3,lasso,se_nier_food_mfg_sell_price_exp__lvl,0.010444167093259522,0.23165099377353954
d_og,1,oglev,2023Q3,lasso,se_nier_food_mfg_sell_price_exp__d4,0.0006965162659643691,0.018454917172097966
d_og,1,oglev,2023Q3,lasso,glob_gscpi__lvl,0.5765063849011417,0.5733382815305241
d_og,1,oglev,2023Q3,lasso,w_cpi_dyoy,0.0856953728322764,0.13484343702335985
d_og,1,oglev,2023Q3,lasso,nw_cons_conf_z,-0.11727702587690715,-0.09376081872013332
d_og,1,oglev,2023Q3,lasso,nw_retail_food_vol_dyoy,-0.03098394114181161,-0.07839498580154436
d_og,1,oglev,2023Q3,lasso,wb_food_sek_dyoy,0.006949845112820094,0.11750584148492546
d_og,1,oglev,2023Q3,enet,se_na_hhcons_food_sa__dyoy,-0.016711870242383305,-0.05477230856450064
d_og,1,oglev,2023Q3,enet,se_gov_bond_10y__lvl,-0.06952126804602361,-0.10517996929157325
d_og,1,oglev,2023Q3,enet,se_eursek__dyoy,0.01022026261211447,0.07566397531763239
d_og,1,oglev,2023Q3,enet,no_earn_idx_food_manuf_q__yoy,-0.031929901694488894,-0.05791834670448152
d_og,1,oglev,2023Q3,enet,se_real_wage_yoy_q__lvl,-0.05114241339076686,-0.0859453184908756
d_og,1,oglev,2023Q3,enet,eu_ppi_dom_c108_idx__dyoy,0.01455139826838712,0.046521833225371644
d_og,1,oglev,2023Q3,enet,ea_ec_food_ind_sell_price_exp__lvl,0.007470093221548565,0.12153145008163559
d_og,1,oglev,2023Q3,enet,no_fn_cci_sa__lvl,-0.016512331763669317,-0.24287997566174058
d_og,1,oglev,2023Q3,enet,se_nier_food_mfg_sell_price_exp__lvl,0.006144355055575819,0.13628142311512922
d_og,1,oglev,2023Q3,enet,se_nier_food_mfg_sell_price_exp__d4,0.0025421322747422735,0.06735641773696296
d_og,1,oglev,2023Q3,enet,glob_gscpi__lvl,0.31167390038617904,0.3099611437538023
d_og,1,oglev,2023Q3,enet,w_cpi_dyoy,0.06472124974938145,0.10184022166208287
d_og,1,oglev,2023Q3,enet,w_retail_food_vol_dyoy,-0.017297853544193532,-0.03724416218588462
d_og,1,oglev,2023Q3,enet,w_gov10y_lvl,-0.021593215545203666,-0.030667394402777808
d_og,1,oglev,2023Q3,enet,nw_cons_conf_z,-0.1279263312047626,-0.10227474187664659
d_og,1,oglev,2023Q3,enet,nw_retail_food_vol_dyoy,-0.05944551285486951,-0.15040791986059582
d_og,1,oglev,2023Q3,enet,wb_food_sek_yoy,0.004789664642008326,0.06050694187732414
d_og,1,oglev,2023Q3,enet,wb_food_sek_dyoy,0.005522853905543463,0.09337871348701969
d_og,1,oglev,2023Q4,lasso,se_na_hhcons_food_sa__dyoy,-0.0250501026485639,-0.08732446076085133
d_og,1,oglev,2023Q4,lasso,se_gov_bond_10y__lvl,-0.04495713970013941,-0.06756878045931085
d_og,1,oglev,2023Q4,lasso,se_eursek__dyoy,0.011320062353251798,0.0833195115305948
d_og,1,oglev,2023Q4,lasso,no_earn_idx_food_manuf_q__yoy,-0.01977433303774934,-0.03565484125442117
d_og,1,oglev,2023Q4,lasso,se_real_wage_yoy_q__lvl,-0.10635881979230148,-0.20867211481550588
d_og,1,oglev,2023Q4,lasso,se_wage_idx_m__dyoy,0.02946040965911941,0.016632402106238828
d_og,1,oglev,2023Q4,lasso,eu_ppi_dom_c108_idx__dyoy,0.02977753985940188,0.10623188994112832
d_og,1,oglev,2023Q4,lasso,ea_ec_food_ind_sell_price_exp__lvl,0.0068596597131069395,0.11226254116354549
d_og,1,oglev,2023Q4,lasso,no_fn_cci_sa__lvl,-0.030073610096021074,-0.4718268685360914
d_og,1,oglev,2023Q4,lasso,se_nier_food_mfg_sell_price_exp__lvl,0.005441580599696487,0.12056529415624
d_og,1,oglev,2023Q4,lasso,glob_gscpi__lvl,0.49448473070181165,0.4886248829802672
d_og,1,oglev,2023Q4,lasso,w_cpi_dyoy,0.05057970792427663,0.08610490001929783
d_og,1,oglev,2023Q4,lasso,nw_retail_food_vol_dyoy,-0.05004037543720229,-0.12647914990033965
d_og,1,oglev,2023Q4,lasso,wb_food_sek_dyoy,0.005177776855984568,0.08837246918173704
d_og,1,oglev,2023Q4,enet,no_govbond_10y__lvl,-0.011814432039863033,-0.014937707813349733
d_og,1,oglev,2023Q4,enet,se_na_hhcons_food_sa__dyoy,-0.022423497034458135,-0.0781681342538875
d_og,1,oglev,2023Q4,enet,se_gov_bond_10y__lvl,-0.059890474795834515,-0.09001298503585813
d_og,1,oglev,2023Q4,enet,se_eursek__dyoy,0.006518504150900553,0.047978409024149286
d_og,1,oglev,2023Q4,enet,no_earn_idx_food_manuf_q__yoy,-0.02461353451406324,-0.04438034214017801
d_og,1,oglev,2023Q4,enet,se_real_wage_yoy_q__lvl,-0.07631184557090204,-0.1497210502321412
d_og,1,oglev,2023Q4,enet,se_wage_idx_m__dyoy,0.015258817515715627,0.008614638816081164
d_og,1,oglev,2023Q4,enet,eu_ppi_dom_c108_idx__dyoy,0.023270906418943083,0.08301936228445414
d_og,1,oglev,2023Q4,enet,ea_ec_food_ind_sell_price_exp__lvl,0.009374843237331305,0.15342506317357968
d_og,1,oglev,2023Q4,enet,no_fn_cci_sa__lvl,-0.01720705039405763,-0.26996255781227574
d_og,1,oglev,2023Q4,enet,se_nier_food_mfg_sell_price_exp__lvl,0.005958883028786935,0.13202680214796325
d_og,1,oglev,2023Q4,enet,se_nier_food_mfg_sell_price_exp__d4,0.000721893065721036,0.019235241407078593
d_og,1,oglev,2023Q4,enet,glob_gscpi__lvl,0.2992887678603265,0.2957420726935393
d_og,1,oglev,2023Q4,enet,w_cpi_yoy,0.00031781478599194306,0.0005495433761896942
d_og,1,oglev,2023Q4,enet,w_cpi_dyoy,0.07436139138166831,0.12658990004055062
d_og,1,oglev,2023Q4,enet,w_retail_food_vol_dyoy,-0.02510134760047587,-0.05450580371341977
d_og,1,oglev,2023Q4,enet,w_gov10y_lvl,-0.008418939654673857,-0.011882539429976902
d_og,1,oglev,2023Q4,enet,nw_cons_conf_z,-0.12712251006124128,-0.11123592344467634
d_og,1,oglev,2023Q4,enet,nw_retail_food_vol_dyoy,-0.05790016939397353,-0.14634510912544157
d_og,1,oglev,2023Q4,enet,wb_food_sek_yoy,0.001848567353867097,0.02319941744650643
d_og,1,oglev,2023Q4,enet,wb_food_sek_dyoy,0.004732760575962379,0.08077708827107129
d_og,1,oglev,2024Q1,lasso,se_na_hhcons_food_sa__dyoy,-0.012305750972065852,-0.04385682631872904
d_og,1,oglev,2024Q1,lasso,se_gov_bond_10y__lvl,-0.053594762566464074,-0.08002638062400876
d_og,1,oglev,2024Q1,lasso,se_eursek__dyoy,0.01047949374031625,0.0768867360853099
d_og,1,oglev,2024Q1,lasso,no_earn_idx_food_manuf_q__yoy,-0.00856644412998233,-0.015346610920030927
d_og,1,oglev,2024Q1,lasso,eu_ppi_dom_c108_idx__dyoy,0.0037312439164675364,0.014377791734545538
d_og,1,oglev,2024Q1,lasso,ea_ec_food_ind_sell_price_exp__lvl,0.011339163664478359,0.18437576303581563
d_og,1,oglev,2024Q1,lasso,no_fn_cci_sa__lvl,-0.013489792379019145,-0.22182426890123227
d_og,1,oglev,2024Q1,lasso,se_nier_food_mfg_sell_price_exp__lvl,0.00887009793509731,0.19592170979559012
d_og,1,oglev,2024Q1,lasso,glob_gscpi__lvl,0.5451614041760268,0.5420540960253638
d_og,1,oglev,2024Q1,lasso,w_cpi_dyoy,0.11507085185912146,0.2024046385844932
d_og,1,oglev,2024Q1,lasso,nw_cons_conf_z,-0.32098352836600835,-0.2944822519423781
d_og,1,oglev,2024Q1,lasso,nw_retail_food_vol_dyoy,-0.012110083010829118,-0.030568538622969044
d_og,1,oglev,2024Q1,lasso,wb_food_sek_dyoy,0.00553285434837218,0.0982890309753216
d_og,1,oglev,2024Q1,enet,no_govbond_10y__lvl,-0.018963880956436453,-0.023829545059360663
d_og,1,oglev,2024Q1,enet,se_na_hhcons_food_sa__dyoy,-0.013790275104876725,-0.049147565356634206
d_og,1,oglev,2024Q1,enet,se_gov_bond_10y__lvl,-0.05845217591917594,-0.08727935071283413
d_og,1,oglev,2024Q1,enet,se_eursek__dyoy,0.007208590553199064,0.05288852812408364
d_og,1,oglev,2024Q1,enet,no_earn_idx_food_manuf_q__yoy,-0.023602710139212738,-0.042283776520178395
d_og,1,oglev,2024Q1,enet,eu_ppi_dom_c108_idx__dyoy,0.011173864389950182,0.04305681929817526
d_og,1,oglev,2024Q1,enet,ea_ec_food_ind_sell_price_exp__lvl,0.012655116259418443,0.20577326385601402
d_og,1,oglev,2024Q1,enet,no_fn_cci_sa__lvl,-0.012378025647598583,-0.20354253146177062
d_og,1,oglev,2024Q1,enet,se_nier_food_mfg_sell_price_exp__lvl,0.008368831587107509,0.18484979597008896
d_og,1,oglev,2024Q1,enet,se_nier_food_mfg_sell_price_exp__d4,0.0007209568821045226,0.020222083559573417
d_og,1,oglev,2024Q1,enet,glob_gscpi__lvl,0.2998823961538872,0.2981731280239877
d_og,1,oglev,2024Q1,enet,w_cpi_dyoy,0.10048166936858739,0.1767428992166909
d_og,1,oglev,2024Q1,enet,w_retail_food_vol_dyoy,-0.01827097394524936,-0.03972958615987953
d_og,1,oglev,2024Q1,enet,w_gov10y_lvl,-0.010414676242755976,-0.014614234134443646
d_og,1,oglev,2024Q1,enet,nw_cons_conf_z,-0.17725243420054826,-0.16261798931353919
d_og,1,oglev,2024Q1,enet,nw_retail_food_vol_dyoy,-0.05198261559702525,-0.131215664762964
d_og,1,oglev,2024Q1,enet,wb_food_sek_yoy,0.0038775192331096534,0.0488119669463889
d_og,1,oglev,2024Q1,enet,wb_food_sek_dyoy,0.004698214281423809,0.08346197097550997
d_og,1,oglev,2024Q2,lasso,se_na_hhcons_food_sa__dyoy,-0.023606637528795014,-0.08448571282608051
d_og,1,oglev,2024Q2,lasso,se_gov_bond_10y__lvl,-0.04924602382513198,-0.07308924543362828
d_og,1,oglev,2024Q2,lasso,se_eursek__dyoy,0.01315218726324193,0.09622330538744756
d_og,1,oglev,2024Q2,lasso,no_earn_idx_food_manuf_q__yoy,-0.007222436333698527,-0.012878802713988925
d_og,1,oglev,2024Q2,lasso,eu_ppi_dom_c108_idx__dyoy,0.014814937499171439,0.05764352792492669
d_og,1,oglev,2024Q2,lasso,ea_ec_food_ind_sell_price_exp__lvl,0.013388885990213956,0.21654015826401907
d_og,1,oglev,2024Q2,lasso,no_fn_cci_sa__lvl,-0.013378856196325574,-0.22869396487226984
d_og,1,oglev,2024Q2,lasso,se_nier_food_mfg_sell_price_exp__lvl,0.008424421173589207,0.1848811974825653
d_og,1,oglev,2024Q2,lasso,glob_gscpi__lvl,0.5687568612496201,0.5649987581407543
d_og,1,oglev,2024Q2,lasso,w_cpi_dyoy,0.025552208203244137,0.04468233343700907
d_og,1,oglev,2024Q2,lasso,nw_cons_conf_z,-0.43220778238986624,-0.41458712640428974
d_og,1,oglev,2024Q2,lasso,wb_food_sek_dyoy,0.005463048906200057,0.09845234479257267
d_og,1,oglev,2024Q2,enet,no_govbond_10y__lvl,-0.006028320689154997,-0.007541739239452668
d_og,1,oglev,2024Q2,enet,se_na_hhcons_food_sa__dyoy,-0.02076375397730875,-0.07431132678588802
d_og,1,oglev,2024Q2,enet,se_gov_bond_10y__lvl,-0.05834125035482567,-0.08658806609910458
d_og,1,oglev,2024Q2,enet,se_eursek__dyoy,0.009926793843570376,0.07262586035386624
d_og,1,oglev,2024Q2,enet,no_earn_idx_food_manuf_q__yoy,-0.029057553436048506,-0.05181444055214297
d_og,1,oglev,2024Q2,enet,se_real_wage_yoy_q__lvl,-0.007873121538100299,-0.018172977375697154
d_og,1,oglev,2024Q2,enet,eu_ppi_dom_c108_idx__dyoy,0.010146820524721706,0.039480323983731073
d_og,1,oglev,2024Q2,enet,ea_ec_food_ind_sell_price_exp__lvl,0.013498087849927549,0.218306293848592
d_og,1,oglev,2024Q2,enet,no_fn_cci_sa__lvl,-0.014365400882747861,-0.24555764982043063
d_og,1,oglev,2024Q2,enet,no_ssb_bts_consgoods_home_price_exp__lvl,0.003299778777508453,0.033593682913324645
d_og,1,oglev,2024Q2,enet,se_nier_food_mfg_sell_price_exp__lvl,0.009300057590192366,0.20409779479235557
d_og,1,oglev,2024Q2,enet,se_nier_food_mfg_sell_price_exp__d4,4.876675533839807e-05,0.0013927535021553588
d_og,1,oglev,2024Q2,enet,glob_gscpi__lvl,0.32487353271356867,0.322726906771164
d_og,1,oglev,2024Q2,enet,w_cpi_dyoy,0.06112262461769262,0.10688318880268582
d_og,1,oglev,2024Q2,enet,w_retail_food_vol_dyoy,-0.0013827351296785083,-0.003030136273023685
d_og,1,oglev,2024Q2,enet,w_gov10y_lvl,-0.003931968116841719,-0.005490902272109507
d_og,1,oglev,2024Q2,enet,nw_cons_conf_z,-0.2087765592926013,-0.20026495890260912
d_og,1,oglev,2024Q2,enet,nw_retail_food_vol_dyoy,-0.023343384961829458,-0.060425310788382994
d_og,1,oglev,2024Q2,enet,wb_food_sek_yoy,0.003899986364578161,0.048934703454304895
d_og,1,oglev,2024Q2,enet,wb_food_sek_dyoy,0.004918908218026932,0.08864611249124932
d_og,1,oglev,2024Q3,lasso,se_na_hhcons_food_sa__dyoy,-0.0061267069717914745,-0.021809501576037702
d_og,1,oglev,2024Q3,lasso,se_eursek__dyoy,0.0013756379450939836,0.010015574508013478
d_og,1,oglev,2024Q3,lasso,ea_ec_food_ind_sell_price_exp__lvl,0.01679095149524347,0.2702542266458544
d_og,1,oglev,2024Q3,lasso,no_fn_cci_sa__lvl,-0.006645080802898325,-0.11736247073125504
d_og,1,oglev,2024Q3,lasso,se_nier_food_mfg_sell_price_exp__lvl,0.00825943341731842,0.18011570351718356
d_og,1,oglev,2024Q3,lasso,glob_gscpi__lvl,0.5129417253599539,0.5063751877871239
d_og,1,oglev,2024Q3,lasso,w_cpi_dyoy,0.002988516575996764,0.005387970580820393
d_og,1,oglev,2024Q3,lasso,nw_cons_conf_z,-0.430450594525687,-0.42719437033828206
d_og,1,oglev,2024Q3,lasso,wb_food_sek_dyoy,0.00010112224194472253,0.0018503685946893989
d_og,1,oglev,2024Q3,enet,no_govbond_10y__lvl,-0.013929184837273314,-0.017335683016703032
d_og,1,oglev,2024Q3,enet,se_na_hhcons_food_sa__dyoy,-0.03659991630475617,-0.13028629180514292
d_og,1,oglev,2024Q3,enet,se_gov_bond_10y__lvl,-0.06497702256807367,-0.09585074717723414
d_og,1,oglev,2024Q3,enet,se_eursek__dyoy,0.01922111204701264,0.1399426938754428
d_og,1,oglev,2024Q3,enet,no_earn_idx_food_manuf_q__yoy,-0.0627765437181546,-0.11260495037814745
d_og,1,oglev,2024Q3,enet,se_real_wage_yoy_q__lvl,-0.01815842564921574,-0.04261788602057517
d_og,1,oglev,2024Q3,enet,se_wage_idx_m__dyoy,0.1483969280087402,0.08692312776883486
d_og,1,oglev,2024Q3,enet,eu_ppi_dom_c108_idx__dyoy,0.027073743397760648,0.10467269627730892
d_og,1,oglev,2024Q3,enet,ea_ec_food_ind_sell_price_exp__lvl,0.015571843296180833,0.25063239975720997
d_og,1,oglev,2024Q3,enet,no_fn_cci_sa__lvl,-0.020230513502217537,-0.357302359325215
d_og,1,oglev,2024Q3,enet,se_nier_food_mfg_sell_price_exp__lvl,0.008644671670404253,0.18851669853347533
d_og,1,oglev,2024Q3,enet,se_nier_food_mfg_sell_price_exp__d4,0.0026516398298682916,0.07687884860534919
d_og,1,oglev,2024Q3,enet,glob_gscpi__lvl,0.38214297907886907,0.37725089074553325
d_og,1,oglev,2024Q3,enet,w_gov10y_lvl,-0.013310004127291643,-0.018492371897393372
d_og,1,oglev,2024Q3,enet,nw_cons_conf_z,-0.27718747223908285,-0.2750906356612519
d_og,1,oglev,2024Q3,enet,nw_retail_food_vol_dyoy,-0.014415236073137307,-0.03873985152592906
d_og,1,oglev,2024Q3,enet,wb_food_sek_yoy,0.002080858406958427,0.026101136083536553
d_og,1,oglev,2024Q3,enet,wb_food_sek_dyoy,0.007332143438005726,0.134166012229635
d_og,1,oglev,2024Q4,lasso,se_na_hhcons_food_sa__dyoy,-0.034690899097909234,-0.12938865491650087
d_og,1,oglev,2024Q4,lasso,se_gov_bond_10y__lvl,-0.06863882244731238,-0.10061763276043072
d_og,1,oglev,2024Q4,lasso,se_eursek__dyoy,0.013030851690446061,0.09473953146548764
d_og,1,oglev,2024Q4,lasso,no_earn_idx_food_manuf_q__yoy,-0.006651673135982445,-0.011867882781711688
d_og,1,oglev,2024Q4,lasso,eu_ppi_dom_c108_idx__dyoy,0.0382707612491072,0.15212409041640093
d_og,1,oglev,2024Q4,lasso,ea_ec_food_ind_sell_price_exp__lvl,0.012284833169903805,0.19677473614331611
d_og,1,oglev,2024Q4,lasso,no_fn_cci_sa__lvl,-0.00041840326905919086,-0.007542637771039198
d_og,1,oglev,2024Q4,lasso,se_nier_food_mfg_sell_price_exp__lvl,0.006375881721093552,0.13835292600699242
d_og,1,oglev,2024Q4,lasso,glob_gscpi__lvl,0.6218918647306716,0.6104763144959132
d_og,1,oglev,2024Q4,lasso,nw_cons_conf_z,-0.5709756502658992,-0.5714948807384249
d_og,1,oglev,2024Q4,lasso,wb_food_sek_dyoy,0.004649772933458953,0.08483999489084894
d_og,1,oglev,2024Q4,enet,no_govbond_10y__lvl,-0.025876805937063447,-0.032045556378801354
d_og,1,oglev,2024Q4,enet,se_na_hhcons_food_sa__dyoy,-0.03925979104216604,-0.14642951573298668
d_og,1,oglev,2024Q4,enet,se_gov_bond_10y__lvl,-0.06771353517047121,-0.09926125437135552
d_og,1,oglev,2024Q4,enet,se_eursek__dyoy,0.01946724928921589,0.14153473006943781
d_og,1,oglev,2024Q4,enet,no_earn_idx_food_manuf_q__yoy,-0.05757951568864014,-0.10273309118632462
d_og,1,oglev,2024Q4,enet,se_real_wage_yoy_q__lvl,-0.010219884958786948,-0.023977630170990083
d_og,1,oglev,2024Q4,enet,se_wage_idx_m__dyoy,0.04855678161810109,0.0289646767035292
d_og,1,oglev,2024Q4,enet,eu_ppi_dom_c108_idx__dyoy,0.037411515904493174,0.1487086392409429
d_og,1,oglev,2024Q4,enet,ea_ec_food_ind_sell_price_exp__lvl,0.014721381723840079,0.23580263275128796
d_og,1,oglev,2024Q4,enet,no_fn_cci_sa__lvl,-0.015451152210213096,-0.27854095052575223
d_og,1,oglev,2024Q4,enet,se_nier_food_mfg_sell_price_exp__lvl,0.008081075884723154,0.17535464785005983
d_og,1,oglev,2024Q4,enet,se_nier_food_mfg_sell_price_exp__d4,0.0019178219918532854,0.055308543129670505
d_og,1,oglev,2024Q4,enet,glob_gscpi__lvl,0.3796594681642275,0.37269037598482213
d_og,1,oglev,2024Q4,enet,w_cpi_dyoy,0.009673918518155144,0.01858636259429015
d_og,1,oglev,2024Q4,enet,w_retail_food_vol_dyoy,-0.005032019060818721,-0.01193881036316464
d_og,1,oglev,2024Q4,enet,w_gov10y_lvl,-0.02006426669176596,-0.02771312367793882
d_og,1,oglev,2024Q4,enet,nw_cons_conf_z,-0.2884574746777168,-0.28871979043638485
d_og,1,oglev,2024Q4,enet,nw_retail_food_vol_dyoy,-0.02244632696537452,-0.06323111241340985
d_og,1,oglev,2024Q4,enet,wb_food_sek_yoy,0.004614285625027983,0.057991771425638425
d_og,1,oglev,2024Q4,enet,wb_food_sek_dyoy,0.005929081370682935,0.10818232210362372
d_og,1,oglev,2025Q1,lasso,se_gov_bond_10y__lvl,-0.02017891615499733,-0.02939716331821968
d_og,1,oglev,2025Q1,lasso,se_eursek__dyoy,0.0017474451646174115,0.012749595121866339
d_og,1,oglev,2025Q1,lasso,ea_ec_food_ind_sell_price_exp__lvl,0.02309158989052267,0.3676386191312722
d_og,1,oglev,2025Q1,lasso,se_nier_food_mfg_sell_price_exp__lvl,0.00463597336867302,0.10024189753108594
d_og,1,oglev,2025Q1,lasso,glob_gscpi__lvl,0.48511929109632146,0.47455993868095453
d_og,1,oglev,2025Q1,lasso,nw_cons_conf_z,-0.5116205948091745,-0.5116344771432186
d_og,1,oglev,2025Q1,enet,no_govbond_10y__lvl,-0.019599766036661234,-0.024155773765714927
d_og,1,oglev,2025Q1,enet,se_na_hhcons_food_sa__dyoy,-0.009565819744972745,-0.03866570491838652
d_og,1,oglev,2025Q1,enet,se_gov_bond_10y__lvl,-0.056807074001440215,-0.08275800440535357
d_og,1,oglev,2025Q1,enet,se_eursek__dyoy,0.010650829258913757,0.0777098838423402
d_og,1,oglev,2025Q1,enet,no_earn_idx_food_manuf_q__yoy,-0.00870653108990139,-0.015606693664718747
d_og,1,oglev,2025Q1,enet,se_real_wage_yoy_q__lvl,-0.03460534091765772,-0.080842988473044
d_og,1,oglev,2025Q1,enet,ea_ec_food_ind_sell_price_exp__lvl,0.016360874914581817,0.26047965904006387
d_og,1,oglev,2025Q1,enet,no_fn_cci_sa__lvl,-0.011592886720942878,-0.2112819906901358
d_og,1,oglev,2025Q1,enet,no_ssb_bts_consgoods_home_price_exp__lvl,0.0024948186743311497,0.025232569251742557
d_og,1,oglev,2025Q1,enet,se_nier_food_mfg_sell_price_exp__lvl,0.008484147874750745,0.1834495184217977
d_og,1,oglev,2025Q1,enet,eu_ppi_plastic_products_idx__yoy,0.00020663791278529317,0.0007175459680677358
d_og,1,oglev,2025Q1,enet,glob_gscpi__lvl,0.31837423225274575,0.3114443373175614
d_og,1,oglev,2025Q1,enet,w_cpi_dyoy,0.007684157352480095,0.015805031701597347
d_og,1,oglev,2025Q1,enet,w_gov10y_lvl,-0.003209874298142778,-0.004409114156588149
d_og,1,oglev,2025Q1,enet,nw_cons_conf_z,-0.2841866680303152,-0.28419437916293283
d_og,1,oglev,2025Q1,enet,nw_retail_food_vol_dyoy,-0.019778976757898005,-0.05817424631830828
d_og,1,oglev,2025Q1,enet,wb_food_sek_yoy,0.006622348613220305,0.08311218912121522
d_og,1,oglev,2025Q1,enet,wb_food_sek_dyoy,0.0043444231676337125,0.07880228049748259
d_og,1,oglev,2025Q2,lasso,ea_ec_food_ind_sell_price_exp__lvl,0.024168501056445642,0.38243070424960696
d_og,1,oglev,2025Q2,lasso,se_nier_food_mfg_sell_price_exp__lvl,0.0026334783328464968,0.056604915787242575
d_og,1,oglev,2025Q2,lasso,glob_gscpi__lvl,0.36182291190755744,0.35180429778805794
d_og,1,oglev,2025Q2,lasso,nw_cons_conf_z,-0.2553152365918892,-0.25446931862438865
d_og,1,oglev,2025Q2,enet,ea_ec_food_ind_sell_price_exp__lvl,0.013123536692536714,0.2076605151412097
d_og,1,oglev,2025Q2,enet,no_ssb_bts_consgoods_home_price_exp__lvl,0.006460582990706388,0.06518906238141761
d_og,1,oglev,2025Q2,enet,se_nier_food_mfg_sell_price_exp__lvl,0.006782096921139015,0.14577679272836014
d_og,1,oglev,2025Q2,enet,eu_ppi_plastic_products_idx__yoy,0.006295252784296273,0.02194854511628263
d_og,1,oglev,2025Q2,enet,glob_gscpi__lvl,0.21689220428288183,0.21088661638690853
d_og,1,oglev,2025Q2,enet,nw_cons_conf_z,-0.12209088309359394,-0.12168636798100013
d_og,1,oglev,2025Q2,enet,nw_retail_food_vol_yoy,-0.0056406456737538736,-0.01283964413573068
d_og,1,oglev,2025Q2,enet,nw_retail_food_vol_dyoy,-0.007042602118082979,-0.020743972284783963
d_og,1,oglev,2025Q2,enet,wb_food_sek_yoy,0.00337147004473618,0.042486403772360445
d_og,1,oglev,2025Q2,enet,packaging_eu_yoy,0.001543550157878227,0.006490950251423488
d_og,1,oglev,2025Q3,lasso,se_real_wage_yoy_q__lvl,-0.017186344966323902,-0.03971090787624515
d_og,1,oglev,2025Q3,lasso,ea_ec_food_ind_sell_price_exp__lvl,0.015785758956549323,0.24844318801919224
d_og,1,oglev,2025Q3,lasso,se_nier_food_mfg_sell_price_exp__lvl,0.002006576574549309,0.042918720189442226
d_og,1,oglev,2025Q3,lasso,glob_gscpi__lvl,0.4694004113662465,0.45397517751552613
d_og,1,oglev,2025Q3,lasso,w_cpi_dyoy,0.025334572453558427,0.05477199390618776
d_og,1,oglev,2025Q3,lasso,nw_cons_conf_z,-0.26469750935776154,-0.2627724948659512
d_og,1,oglev,2025Q3,lasso,wb_food_sek_yoy,0.0010236903862181237,0.012854742102176261
d_og,1,oglev,2025Q3,enet,se_cpi_idx__yoy,0.0058044678128059595,0.014010860213233722
d_og,1,oglev,2025Q3,enet,se_real_wage_yoy_q__lvl,-0.028659993609592378,-0.06622201335969903
d_og,1,oglev,2025Q3,enet,ea_ec_food_ind_sell_price_exp__lvl,0.009648930006558707,0.15185908630696002
d_og,1,oglev,2025Q3,enet,se_nier_food_mfg_sell_price_exp__lvl,0.0055266003268549,0.11820860266966934
d_og,1,oglev,2025Q3,enet,eu_ppi_plastic_products_idx__yoy,0.015396970125422621,0.05355460659947422
d_og,1,oglev,2025Q3,enet,glob_gscpi__lvl,0.24299878470357492,0.2350134634538905
d_og,1,oglev,2025Q3,enet,w_cpi_dyoy,0.006268128392203192,0.01355135914491165
d_og,1,oglev,2025Q3,enet,w_retail_food_vol_dyoy,-0.0018359925664165233,-0.004652684492069941
d_og,1,oglev,2025Q3,enet,nw_cons_conf_z,-0.10688065559632696,-0.10610336527948068
d_og,1,oglev,2025Q3,enet,nw_retail_food_vol_yoy,-0.0013662459741979425,-0.003091230586485843
d_og,1,oglev,2025Q3,enet,nw_retail_food_vol_dyoy,-0.011712920707801664,-0.03437975594497633
d_og,1,oglev,2025Q3,enet,wb_food_sek_yoy,0.0065784596427845895,0.08260740090564046
d_og,1,oglev,2025Q3,enet,packaging_eu_yoy,0.008318971919346819,0.03489081809926747
d_og,1,oglev,2025Q4,lasso,se_eursek__dyoy,0.013111913849085086,0.09607857547703649
d_og,1,oglev,2025Q4,lasso,ea_negotiated_wages_yoy_q__lvl,-0.2589677662754218,-0.23455771038260012
d_og,1,oglev,2025Q4,lasso,se_real_wage_yoy_q__lvl,-0.09744705018851532,-0.22439427003926246
d_og,1,oglev,2025Q4,lasso,ea_ec_food_ind_sell_price_exp__lvl,0.0062075300513299595,0.0973646549443713
d_og,1,oglev,2025Q4,lasso,se_nier_food_mfg_sell_price_exp__lvl,0.005172818309508666,0.11062691439510161
d_og,1,oglev,2025Q4,lasso,glob_gscpi__lvl,0.638784540990498,0.6141840286466418
d_og,1,oglev,2025Q4,lasso,nw_cons_conf_z,-0.7069887604997667,-0.6998852657453986
d_og,1,oglev,2025Q4,lasso,wb_food_sek_yoy,0.010845383407451495,0.13550607577594637
d_og,1,oglev,2025Q4,enet,no_govbond_10y__lvl,-0.04617572894722644,-0.056107618392723414
d_og,1,oglev,2025Q4,enet,se_cpi_idx__yoy,0.029882261137535417,0.07178682285212289
d_og,1,oglev,2025Q4,enet,se_na_hhcons_food_sa__dyoy,-0.002080491240466268,-0.00850761958498518
d_og,1,oglev,2025Q4,enet,se_gov_bond_10y__lvl,-0.033576879731187094,-0.048063421375877255
d_og,1,oglev,2025Q4,enet,se_eursek__dyoy,0.010171407037518287,0.07453178155453265
d_og,1,oglev,2025Q4,enet,ea_negotiated_wages_yoy_q__lvl,-0.11021029966446563,-0.09982198140591811
d_og,1,oglev,2025Q4,enet,no_earn_idx_food_manuf_q__yoy,-0.0022951841081205442,-0.0040908826946338996
d_og,1,oglev,2025Q4,enet,se_real_wage_yoy_q__lvl,-0.07174675563721937,-0.16521342439564787
d_og,1,oglev,2025Q4,enet,ea_ec_food_ind_sell_price_exp__lvl,0.011108628233290443,0.17423802154737783
d_og,1,oglev,2025Q4,enet,no_fn_cci_sa__lvl,-0.0012502368871505915,-0.023083232688918678
d_og,1,oglev,2025Q4,enet,se_ec_cons_conf__lvl,-0.000932329360787236,-0.005874329479930224
d_og,1,oglev,2025Q4,enet,se_nier_food_mfg_sell_price_exp__lvl,0.006925097680415464,0.14810150723074703
d_og,1,oglev,2025Q4,enet,glob_gscpi__lvl,0.3540819321914491,0.34044572720423144
d_og,1,oglev,2025Q4,enet,glob_wb_food_idx_nok__yoy,0.001798226520262335,0.01994320866479821
d_og,1,oglev,2025Q4,enet,w_cpi_yoy,0.01051132485243671,0.02118627408462535
d_og,1,oglev,2025Q4,enet,w_cpi_dyoy,0.011169142161620856,0.02418881322514638
d_og,1,oglev,2025Q4,enet,w_retail_food_vol_dyoy,-0.010986265581993542,-0.027740607421085254
d_og,1,oglev,2025Q4,enet,w_gov10y_lvl,-0.011488783892277244,-0.015511803542819324
d_og,1,oglev,2025Q4,enet,nw_cons_conf_z,-0.358499823465059,-0.35489778371887437
d_og,1,oglev,2025Q4,enet,nw_retail_food_vol_dyoy,-0.01856166893481791,-0.05418651971207254
d_og,1,oglev,2025Q4,enet,wb_food_sek_yoy,0.010382986428876959,0.12972872354566561
d_og,1,oglev,2025Q4,enet,wb_food_sek_dyoy,0.0009046336239968352,0.01616095254858001
d_og,1,oglev,2026Q1,lasso,se_na_hhcons_food_sa__dyoy,-0.0021012288290993054,-0.008811123327793092
d_og,1,oglev,2026Q1,lasso,se_eursek__dyoy,0.013428407056093711,0.09812243927964198
d_og,1,oglev,2026Q1,lasso,ea_negotiated_wages_yoy_q__lvl,-0.25815376883744373,-0.23252910727895112
d_og,1,oglev,2026Q1,lasso,se_real_wage_yoy_q__lvl,-0.07965217112769808,-0.1830433568805684
d_og,1,oglev,2026Q1,lasso,ea_ec_food_ind_sell_price_exp__lvl,0.009852450665481311,0.15383652777716497
d_og,1,oglev,2026Q1,lasso,se_nier_food_mfg_sell_price_exp__lvl,0.005385849730966629,0.11459806776499842
d_og,1,oglev,2026Q1,lasso,glob_gscpi__lvl,0.6377779541917894,0.609607247625883
d_og,1,oglev,2026Q1,lasso,nw_cons_conf_z,-0.710278797577958,-0.7055920339727567
d_og,1,oglev,2026Q1,lasso,wb_food_sek_yoy,0.005527524288724474,0.06979103672428992
d_og,1,oglev,2026Q1,lasso,wb_food_sek_dyoy,2.6848179722237026e-05,0.00047768078249386817
d_og,1,oglev,2026Q1,enet,se_cpi_idx__yoy,0.004356439765898919,0.010429994480388541
d_og,1,oglev,2026Q1,enet,se_real_wage_yoy_q__lvl,-0.018005410863346637,-0.04137703718279133
d_og,1,oglev,2026Q1,enet,ea_ec_food_ind_sell_price_exp__lvl,0.010696889575140575,0.16702162803217552
d_og,1,oglev,2026Q1,enet,se_nier_food_mfg_sell_price_exp__lvl,0.0057021246934259836,0.12132764645559893
d_og,1,oglev,2026Q1,enet,eu_ppi_plastic_products_idx__yoy,0.01656425329770198,0.05710634044446367
d_og,1,oglev,2026Q1,enet,glob_gscpi__lvl,0.24538734765389766,0.2345485676046499
d_og,1,oglev,2026Q1,enet,w_cpi_dyoy,0.003379786129305203,0.007291702678125478
d_og,1,oglev,2026Q1,enet,w_retail_food_vol_dyoy,-0.003849927431441388,-0.009664431511950948
d_og,1,oglev,2026Q1,enet,nw_cons_conf_z,-0.1030301511736365,-0.10235030832262419
d_og,1,oglev,2026Q1,enet,nw_retail_food_vol_yoy,-0.005284954589130486,-0.011818563110474002
d_og,1,oglev,2026Q1,enet,nw_retail_food_vol_dyoy,-0.01277655523046762,-0.03708002300580903
d_og,1,oglev,2026Q1,enet,wb_food_sek_yoy,0.00281573820259043,0.03555177291646456
d_og,1,oglev,2026Q1,enet,packaging_eu_yoy,0.011213540629130998,0.04655215967821008
d_og,1,oglev,2026Q2,lasso,no_govbond_10y__d4,-0.3948550034960582,-0.288419673207934
d_og,1,oglev,2026Q2,lasso,se_na_hhcons_food_sa__dyoy,-0.04336460511109285,-0.1809715571101761
d_og,1,oglev,2026Q2,lasso,se_eursek__yoy,0.013224969572653013,0.06727511712453371
d_og,1,oglev,2026Q2,lasso,se_eursek__dyoy,0.03706887069766171,0.26928856648577587
d_og,1,oglev,2026Q2,lasso,ea_negotiated_wages_yoy_q__lvl,-0.6225996946078345,-0.5697337159015825
d_og,1,oglev,2026Q2,lasso,no_earn_idx_food_manuf_q__yoy,-0.1473347828464527,-0.2615354629868401
d_og,1,oglev,2026Q2,lasso,se_real_wage_yoy_q__lvl,-0.15163286540395313,-0.34811056271487534
d_og,1,oglev,2026Q2,lasso,se_wage_idx_m__dyoy,0.77604886128885,0.4669062739137783
d_og,1,oglev,2026Q2,lasso,ea_ec_food_ind_sell_price_exp__lvl,0.017497523078898635,0.271688797344152
d_og,1,oglev,2026Q2,lasso,no_fn_cci_sa__lvl,-0.020646881586757947,-0.379642286258148
d_og,1,oglev,2026Q2,lasso,se_nier_food_mfg_sell_price_exp__d4,0.01305117143157582,0.36648002451299083
d_og,1,oglev,2026Q2,lasso,glob_fao_meat_idx__yoy,-0.006376378951860981,-0.05988446915770398
d_og,1,oglev,2026Q2,lasso,glob_gscpi__lvl,0.6385251313782375,0.6067666112747837
d_og,1,oglev,2026Q2,lasso,w_wage_yoy,0.07584671295429417,0.10978011194208204
d_og,1,oglev,2026Q2,lasso,w_hh_saving_d4,-0.005141556789874005,-0.007266713206888625
d_og,1,oglev,2026Q2,lasso,nw_cons_conf_z,-0.839626775940219,-0.8323179760817617
d_og,1,oglev,2026Q2,lasso,wb_food_sek_dyoy,0.006946388251180337,0.12287593434131416
d_og,1,oglev,2026Q2,enet,no_govbond_10y__lvl,-0.020359613515896595,-0.02457447487368597
d_og,1,oglev,2026Q2,enet,no_govbond_10y__d4,-0.223827198160834,-0.16349335015895192
d_og,1,oglev,2026Q2,enet,se_cpi_idx__yoy,0.018319966388494098,0.04365195196174166
d_og,1,oglev,2026Q2,enet,se_na_hhcons_food_sa__dyoy,-0.041369490062262024,-0.17264543316471673
d_og,1,oglev,2026Q2,enet,se_gov_bond_10y__lvl,-0.006771340940417463,-0.00957972812374876
d_og,1,oglev,2026Q2,enet,se_eursek__yoy,0.019028469842189647,0.0967973899903016
d_og,1,oglev,2026Q2,enet,se_eursek__dyoy,0.02964584358765173,0.2153636345464349
d_og,1,oglev,2026Q2,enet,ea_negotiated_wages_yoy_q__lvl,-0.49149653554903266,-0.4497627447881838
d_og,1,oglev,2026Q2,enet,no_earn_idx_food_manuf_q__yoy,-0.12707107406119833,-0.2255651486008261
d_og,1,oglev,2026Q2,enet,se_real_wage_yoy_q__lvl,-0.11510572974761725,-0.26425353268503743
d_og,1,oglev,2026Q2,enet,se_wage_idx_m__dyoy,0.6235369864474815,0.37514819686238554
d_og,1,oglev,2026Q2,enet,eu_ppi_dom_c108_idx__dyoy,0.007031770205705404,0.03318553895256967
d_og,1,oglev,2026Q2,enet,ea_ec_food_ind_sell_price_exp__lvl,0.016218383812553087,0.25182725423647595
d_og,1,oglev,2026Q2,enet,ea_ec_food_ind_sell_price_exp__d4,3.757464644128347e-05,0.00073897134187522
d_og,1,oglev,2026Q2,enet,no_fn_cci_sa__lvl,-0.026592152945343485,-0.48896031578790006
d_og,1,oglev,2026Q2,enet,se_ec_cons_conf__lvl,-0.0017615556598133662,-0.0111480933140913
d_og,1,oglev,2026Q2,enet,se_nier_food_mfg_sell_price_exp__lvl,0.0007611210195023279,0.016164303085797697
d_og,1,oglev,2026Q2,enet,se_nier_food_mfg_sell_price_exp__d4,0.00985709206141413,0.27678950960325305
d_og,1,oglev,2026Q2,enet,glob_fao_meat_idx__yoy,-0.0013820294672881384,-0.012979482812059032
d_og,1,oglev,2026Q2,enet,glob_gscpi__lvl,0.49783104314852383,0.4730702680200186
d_og,1,oglev,2026Q2,enet,w_cpi_yoy,0.03669943117749794,0.07313479478866675
d_og,1,oglev,2026Q2,enet,w_wage_yoy,0.03014389412687865,0.04363010528370766
d_og,1,oglev,2026Q2,enet,w_fx_vs_usd_dyoy,0.0009049319719534665,0.013357590555369477
d_og,1,oglev,2026Q2,enet,w_ec_cons_price_exp_lvl,0.006593090154763829,0.07571974774082932
d_og,1,oglev,2026Q2,enet,w_hh_saving_d4,-0.030876218735030388,-0.043638266702121856
d_og,1,oglev,2026Q2,enet,nw_cons_conf_z,-0.5360895862862105,-0.5314230229932743
d_og,1,oglev,2026Q2,enet,wb_food_sek_dyoy,0.008562077039543106,0.15145614931002496
d_og,2,oglev,2010Q1,lasso,no_cpi_food_idx__yoy,0.1064186570809055,0.12163387977151643
d_og,2,oglev,2010Q1,lasso,no_cpi_food_idx__dyoy,0.024825080638383252,0.09044288175826153
d_og,2,oglev,2010Q1,lasso,no_govbond_10y__lvl,0.8481598305390049,0.5603783691227963
d_og,2,oglev,2010Q1,lasso,no_policy_rate__lvl,0.09406150499012363,0.15936915044339736
d_og,2,oglev,2010Q1,lasso,se_na_hhcons_food_sa__dyoy,-0.13597539728051278,-0.37267488993765613
d_og,2,oglev,2010Q1,lasso,ea_negotiated_wages_yoy_q__lvl,1.775851272868983,0.6333254088443315
d_og,2,oglev,2010Q1,lasso,no_earn_idx_food_manuf_q__dyoy,-0.10832703673769543,-0.3024135259871906
d_og,2,oglev,2010Q1,lasso,se_nier_food_mfg_sell_price_exp__lvl,0.005383641105763565,0.13375196692027136
d_og,2,oglev,2010Q1,lasso,eu_ppi_paper_packaging_idx__yoy,0.13014989425571163,0.260799332844009
d_og,2,oglev,2010Q1,lasso,glob_wb_food_idx__dyoy,0.02851290887134056,0.46793047286573597
d_og,2,oglev,2010Q1,lasso,w_food_cpi_dyoy,0.12404705677579941,0.23232575045452356
d_og,2,oglev,2010Q1,lasso,w_retail_total_vol_yoy,-0.2646767158636917,-0.30530898539015805
d_og,2,oglev,2010Q1,lasso,w_gdp_vol_dyoy,-0.04882421347655289,-0.0827520790976029
d_og,2,oglev,2010Q1,lasso,w_ec_cons_price_exp_d4,0.01245278422594009,0.14174389203762477
d_og,2,oglev,2010Q1,lasso,w_hh_saving_d4,-0.14985773057690835,-0.2002889044796056
d_og,2,oglev,2010Q1,lasso,nw_food_cpi_dyoy,0.00694803763719158,0.012654047297626496
d_og,2,oglev,2010Q1,lasso,price_wage_gap_d4,0.14281911251687265,0.2938890890393344
d_og,2,oglev,2010Q1,enet,no_cpi_food_idx__yoy,0.2303107339814477,0.26323944405623906
d_og,2,oglev,2010Q1,enet,no_cpi_food_idx__dyoy,0.03519653107847002,0.12822821182337774
d_og,2,oglev,2010Q1,enet,no_govbond_10y__lvl,0.4840060517886817,0.31978232425195247
d_og,2,oglev,2010Q1,enet,no_jordbruk_malpris_mnok__d4,3.660478177536234e-05,0.01026280929971516
d_og,2,oglev,2010Q1,enet,no_policy_rate__lvl,0.12318572326404939,0.20871454337678674
d_og,2,oglev,2010Q1,enet,se_retail_grocery_vol_sa_idx__dyoy,-0.009326591110075421,-0.02295674570508567
d_og,2,oglev,2010Q1,enet,se_na_hhcons_food_sa__dyoy,-0.11226368642488045,-0.30768696263543716
d_og,2,oglev,2010Q1,enet,ea_negotiated_wages_yoy_q__lvl,1.3411087260845553,0.4782823005667686
d_og,2,oglev,2010Q1,enet,no_earn_idx_food_manuf_q__dyoy,-0.09285986888411278,-0.25923427075690336
d_og,2,oglev,2010Q1,enet,se_wage_idx_m__yoy,0.22689477905127084,0.0990041241422483
d_og,2,oglev,2010Q1,enet,eu_ppi_dom_c108_idx__yoy,0.045570802000588426,0.05388540575495997
d_og,2,oglev,2010Q1,enet,no_fn_cci_sa__lvl,-0.002283597386669152,-0.026808505677612227
d_og,2,oglev,2010Q1,enet,se_nier_food_mfg_sell_price_exp__lvl,0.007759857885467898,0.1927870440865697
d_og,2,oglev,2010Q1,enet,eu_ppi_paper_packaging_idx__yoy,0.058843321168258224,0.11791249613200533
d_og,2,oglev,2010Q1,enet,glob_wb_food_idx__dyoy,0.020032516558967765,0.32875723022250003
d_og,2,oglev,2010Q1,enet,glob_wb_food_idx_eur__dyoy,0.0012960281079697688,0.020538297141728258
d_og,2,oglev,2010Q1,enet,w_food_cpi_dyoy,0.16285346005663637,0.3050056430613768
d_og,2,oglev,2010Q1,enet,w_retail_total_vol_yoy,-0.22975871571963202,-0.2650304925841398
d_og,2,oglev,2010Q1,enet,w_retail_total_vol_dyoy,-0.0016059530448040715,-0.0026558960878733874
d_og,2,oglev,2010Q1,enet,w_gdp_vol_dyoy,-0.03314497976258031,-0.05617737167069143
d_og,2,oglev,2010Q1,enet,w_gov10y_lvl,0.04910861016344724,0.024854154745231522
d_og,2,oglev,2010Q1,enet,w_ec_cons_price_exp_d4,0.02434592011503906,0.27711758348420423
d_og,2,oglev,2010Q1,enet,w_hh_saving_d4,-0.13917590254908307,-0.18601235281092351
d_og,2,oglev,2010Q1,enet,nw_price_cost_gap_ppi_d4,0.022461025253543133,0.06294167743168722
d_og,2,oglev,2010Q1,enet,price_wage_gap_d4,0.09255304606384852,0.19045301371906057
d_og,2,oglev,2010Q4,enet,no_cpi_food_idx__yoy,0.0386154804423574,0.04746190210198963
d_og,2,oglev,2010Q4,enet,no_jordbruk_malpris_mnok__d4,0.0008665165570577727,0.2591541893307571
d_og,2,oglev,2010Q4,enet,no_policy_rate__lvl,0.03172563059238583,0.05417177513447738
d_og,2,oglev,2010Q4,enet,eu_ppi_dom_c103_idx__yoy,0.128861794088247,0.2570041305686238
d_og,2,oglev,2010Q4,enet,w_food_cpi_dyoy,0.006425313079660027,0.012346695494380763
d_og,2,oglev,2010Q4,enet,w_cons_conf_z_d4,-0.035338000317002474,-0.02489547588424783
d_og,2,oglev,2010Q4,enet,nw_cons_conf_z_d4,-0.012675929826158512,-0.009361082011948752
d_og,2,oglev,2010Q4,enet,nw_price_cost_gap_ppi_d4,0.011338276578889335,0.031345195030153344
d_og,2,oglev,2011Q1,lasso,no_jordbruk_malpris_mnok__d4,0.0023278617685990152,0.7346837299521983
d_og,2,oglev,2011Q1,lasso,eu_ppi_dom_c103_idx__yoy,0.3492291801670659,0.7712461392318475
d_og,2,oglev,2011Q1,lasso,w_food_cpi_dyoy,0.08342093299602238,0.17626685209908685
d_og,2,oglev,2011Q1,lasso,nw_price_cost_gap_ppi_d4,0.047013696019341696,0.13052873603146745
d_og,2,oglev,2011Q1,enet,no_cpi_food_idx__yoy,0.09396636424865572,0.11355611497296247
d_og,2,oglev,2011Q1,enet,no_cpi_food_idx__dyoy,0.038642163192362036,0.13553348171067336
d_og,2,oglev,2011Q1,enet,no_govbond_10y__lvl,0.10900902124372847,0.07032285158459403
d_og,2,oglev,2011Q1,enet,no_jordbruk_malpris_mnok__d4,0.001747443976495856,0.5515012428367351
d_og,2,oglev,2011Q1,enet,no_policy_rate__lvl,0.031027547853818845,0.05329441891372244
d_og,2,oglev,2011Q1,enet,se_na_hhcons_food_sa__dyoy,-0.09034306346501755,-0.3115757945154503
d_og,2,oglev,2011Q1,enet,se_gov_bond_10y__lvl,0.15238149063402986,0.0908788054154076
d_og,2,oglev,2011Q1,enet,eu_ppi_dom_c103_idx__yoy,0.16587304275057307,0.3663180257812919
d_og,2,oglev,2011Q1,enet,se_ec_cons_conf__d4,-0.01190463384332925,-0.06652492604542057
d_og,2,oglev,2011Q1,enet,se_nier_food_mfg_sell_price_exp__lvl,0.003315549797127349,0.07912809662343978
d_og,2,oglev,2011Q1,enet,w_food_cpi_dyoy,0.12013736728132286,0.25384798262997516
d_og,2,oglev,2011Q1,enet,w_food_cpi_rel_dyoy,0.022547543277069,0.034804289854859824
d_og,2,oglev,2011Q1,enet,w_cons_conf_z_d4,-0.10076331219247014,-0.07794477830539213
d_og,2,oglev,2011Q1,enet,w_gov10y_lvl,0.06021776417792151,0.03134167087888125
d_og,2,oglev,2011Q1,enet,nw_cons_conf_z,-0.0048655573648122685,-0.0029278611133441187
d_og,2,oglev,2011Q1,enet,nw_cons_conf_z_d4,-0.07835538184173874,-0.06336226794447442
d_og,2,oglev,2011Q1,enet,nw_price_cost_gap_ppi_d4,0.04185746750486164,0.1162129930103784
d_og,2,oglev,2011Q1,enet,price_wage_gap_d4,0.018594209950992195,0.03856829708821931
d_og,2,oglev,2011Q2,lasso,no_cpi_food_idx__dyoy,0.01036467934570532,0.03711677255145433
d_og,2,oglev,2011Q2,lasso,no_jordbruk_malpris_mnok__d4,0.002962615272190216,0.9749215351268037
d_og,2,oglev,2011Q2,lasso,se_na_hhcons_food_sa__dyoy,-0.06565154806929693,-0.24063580405250548
d_og,2,oglev,2011Q2,lasso,se_gov_bond_10y__lvl,0.3224626567213465,0.19353474557403041
d_og,2,oglev,2011Q2,lasso,eu_ppi_dom_c103_idx__yoy,0.19894923961531316,0.5001022840413046
d_og,2,oglev,2011Q2,lasso,se_nier_food_mfg_sell_price_exp__lvl,0.0014936360848828267,0.03512745443612876
d_og,2,oglev,2011Q2,lasso,w_food_cpi_dyoy,0.15118233173537568,0.35351372630828864
d_og,2,oglev,2011Q2,lasso,nw_price_cost_gap_ppi_d4,0.10239176669968866,0.2802609246084151
d_og,2,oglev,2011Q2,enet,no_cpi_food_idx__yoy,0.11443146531622331,0.14095976881655325
d_og,2,oglev,2011Q2,enet,no_cpi_food_idx__dyoy,0.04089070019510643,0.1464329737552718
d_og,2,oglev,2011Q2,enet,no_govbond_10y__lvl,0.08710046777900927,0.05590047640987073
d_og,2,oglev,2011Q2,enet,no_jordbruk_malpris_mnok__d4,0.0015838184716301046,0.5211944832047939
d_og,2,oglev,2011Q2,enet,no_policy_rate__lvl,0.03466376625582308,0.0594539471607307
d_og,2,oglev,2011Q2,enet,se_na_hhcons_food_sa__dyoy,-0.08884450298777594,-0.32564606686109543
d_og,2,oglev,2011Q2,enet,se_policy_rate__lvl,0.002305144748463361,0.0028309175642618136
d_og,2,oglev,2011Q2,enet,se_gov_bond_10y__lvl,0.16409299608954553,0.09848488061088488
d_og,2,oglev,2011Q2,enet,se_real_wage_yoy_q__lvl,-0.017322608868935274,-0.019212859745171014
d_og,2,oglev,2011Q2,enet,eu_ppi_dom_c103_idx__yoy,0.12286636198916867,0.30885138531537015
d_og,2,oglev,2011Q2,enet,se_ec_cons_conf__d4,-0.01488071093557697,-0.08604907288060774
d_og,2,oglev,2011Q2,enet,se_nier_food_mfg_sell_price_exp__lvl,0.0027429817169897066,0.06450966621514702
d_og,2,oglev,2011Q2,enet,w_food_cpi_dyoy,0.10444161367656946,0.24421864386296793
d_og,2,oglev,2011Q2,enet,w_food_cpi_rel_dyoy,0.048028343180510975,0.07861814472141429
d_og,2,oglev,2011Q2,enet,w_cons_conf_z_d4,-0.1336813191051024,-0.10902236730144581
d_og,2,oglev,2011Q2,enet,w_policy_rate_lvl,0.009496407547131177,0.01210679498006252
d_og,2,oglev,2011Q2,enet,w_gov10y_lvl,0.06949962669409836,0.03629693838977963
d_og,2,oglev,2011Q2,enet,nw_cons_conf_z_d4,-0.11191222082489384,-0.09460968719402592
d_og,2,oglev,2011Q2,enet,nw_price_cost_gap_ppi_d4,0.024880697063027774,0.0681020299633842
d_og,2,oglev,2011Q3,lasso,no_jordbruk_malpris_mnok__d4,0.0024739145715968525,0.841534460349162
d_og,2,oglev,2011Q3,lasso,no_policy_rate__lvl,0.035682133076426516,0.06091434267944326
d_og,2,oglev,2011Q3,lasso,se_na_hhcons_food_sa__dyoy,-0.08142251099278039,-0.2999352356055583
d_og,2,oglev,2011Q3,lasso,eu_ppi_dom_c103_idx__yoy,0.3281050652136244,0.8394156744217166
d_og,2,oglev,2011Q3,lasso,se_nier_food_mfg_sell_price_exp__lvl,0.003208698280502255,0.07427526006254519
d_og,2,oglev,2011Q3,lasso,w_food_cpi_dyoy,0.03860504210744,0.09621968266760793
d_og,2,oglev,2011Q3,lasso,nw_price_cost_gap_ppi_d4,0.10920537282676696,0.2945702860868721
d_og,2,oglev,2011Q3,enet,no_cpi_food_idx__yoy,0.03108248110601819,0.040262447294364956
d_og,2,oglev,2011Q3,enet,no_cpi_food_idx__dyoy,0.024949158486853723,0.09143755960551848
d_og,2,oglev,2011Q3,enet,no_govbond_10y__lvl,0.10717705070246557,0.06976982337487274
d_og,2,oglev,2011Q3,enet,no_jordbruk_malpris_mnok__d4,0.001410520305260677,0.4798069656596501
d_og,2,oglev,2011Q3,enet,no_policy_rate__lvl,0.06432790360866757,0.10981664004995631
d_og,2,oglev,2011Q3,enet,se_na_hhcons_food_sa__dyoy,-0.09927832075441567,-0.3657104916432771
d_og,2,oglev,2011Q3,enet,se_gov_bond_10y__lvl,0.074530156707542,0.04649076009592105
d_og,2,oglev,2011Q3,enet,se_real_wage_yoy_q__lvl,-0.04629932084454614,-0.05078565313769902
d_og,2,oglev,2011Q3,enet,eu_ppi_dom_c103_idx__yoy,0.15809876919299545,0.40447587994710066
d_og,2,oglev,2011Q3,enet,se_ec_cons_conf__d4,-0.010334921088383919,-0.06090924200150818
d_og,2,oglev,2011Q3,enet,se_nier_food_mfg_sell_price_exp__lvl,0.004561726245508719,0.1055952830710721
d_og,2,oglev,2011Q3,enet,w_food_cpi_dyoy,0.07958255158466176,0.1983525322429049
d_og,2,oglev,2011Q3,enet,w_cons_conf_z_d4,-0.12782026709990268,-0.10584156929092725
d_og,2,oglev,2011Q3,enet,nw_cons_conf_z,-0.025459707933916723,-0.015030039983152377
d_og,2,oglev,2011Q3,enet,nw_cons_conf_z_d4,-0.08798834192439714,-0.07555767455245052
d_og,2,oglev,2011Q3,enet,nw_price_cost_gap_ppi_d4,0.042786566719233636,0.11541237278822288
d_og,2,oglev,2011Q4,lasso,no_jordbruk_malpris_mnok__d4,0.0024729779680252376,0.8302385695857
d_og,2,oglev,2011Q4,lasso,no_policy_rate__lvl,0.019021596508715734,0.032263569845045595
d_og,2,oglev,2011Q4,lasso,eu_ppi_dom_c103_idx__yoy,0.3808823670089334,0.9860473305080166
d_og,2,oglev,2011Q4,lasso,w_food_cpi_dyoy,0.08833434680274081,0.224596069727664
d_og,2,oglev,2011Q4,lasso,nw_price_cost_gap_ppi_d4,0.11005876450839663,0.2944079084982564
d_og,2,oglev,2011Q4,enet,no_cpi_food_idx__yoy,0.08927819635271537,0.12299330921947615
d_og,2,oglev,2011Q4,enet,no_cpi_food_idx__dyoy,0.02708914193272825,0.10031381568472554
d_og,2,oglev,2011Q4,enet,no_govbond_10y__lvl,0.08907768756426787,0.05987368983487874
d_og,2,oglev,2011Q4,enet,no_jordbruk_malpris_mnok__d4,0.0013598719999858822,0.4565419501045882
d_og,2,oglev,2011Q4,enet,no_policy_rate__lvl,0.04893108054934526,0.08299468102869247
d_og,2,oglev,2011Q4,enet,se_na_hhcons_food_sa__dyoy,-0.005539620921363467,-0.020913239712776855
d_og,2,oglev,2011Q4,enet,se_gov_bond_10y__lvl,0.10421125859553226,0.06860083847536777
d_og,2,oglev,2011Q4,enet,se_real_wage_yoy_q__lvl,-0.04396161163225744,-0.04773522001304726
d_og,2,oglev,2011Q4,enet,eu_ppi_dom_c103_idx__yoy,0.1846656084548425,0.4780715675642324
d_og,2,oglev,2011Q4,enet,eu_ppi_dom_c108_idx__yoy,0.014103303954577756,0.02498274939788522
d_og,2,oglev,2011Q4,enet,se_ec_cons_conf__d4,-0.016501248634327708,-0.09598364100765304
d_og,2,oglev,2011Q4,enet,se_nier_food_mfg_sell_price_exp__lvl,0.0013964155189970966,0.032135000788696785
d_og,2,oglev,2011Q4,enet,w_food_cpi_dyoy,0.10754301324037455,0.27343540734382626
d_og,2,oglev,2011Q4,enet,w_cons_conf_z_d4,-0.16502329855983358,-0.1357168472217059
d_og,2,oglev,2011Q4,enet,w_policy_rate_lvl,0.01142942369994579,0.015204840501254285
d_og,2,oglev,2011Q4,enet,nw_cons_conf_z_d4,-0.12210417973105384,-0.10386989660115936
d_og,2,oglev,2011Q4,enet,nw_price_cost_gap_ppi_d4,0.03305883963992223,0.08843261033541966
d_og,2,oglev,2012Q1,lasso,no_cpi_food_idx__yoy,0.030804116994804655,0.04509433659204746
d_og,2,oglev,2012Q1,lasso,no_cpi_food_idx__dyoy,0.03774253013447929,0.1403877705906005
d_og,2,oglev,2012Q1,lasso,no_jordbruk_malpris_mnok__d4,0.0014296339252367015,0.47385007039551896
d_og,2,oglev,2012Q1,lasso,eu_ppi_dom_c103_idx__yoy,0.27354014115824327,0.703584889878219
d_og,2,oglev,2012Q1,lasso,w_food_cpi_dyoy,0.11571274413909236,0.29247362250546116
d_og,2,oglev,2012Q1,enet,no_cpi_food_idx__yoy,0.12109994714009283,0.17727895847608702
d_og,2,oglev,2012Q1,enet,no_cpi_food_idx__dyoy,0.023411170737261264,0.08708059727340688
d_og,2,oglev,2012Q1,enet,no_govbond_10y__lvl,0.06504633551527259,0.04449908740357332
d_og,2,oglev,2012Q1,enet,no_jordbruk_malpris_mnok__d4,0.0012098594218878072,0.40100613318566886
d_og,2,oglev,2012Q1,enet,no_policy_rate__lvl,0.048315634900180315,0.08140647652980147
d_og,2,oglev,2012Q1,enet,se_policy_rate__lvl,0.012979635781438896,0.016868772239442196
d_og,2,oglev,2012Q1,enet,se_gov_bond_10y__lvl,0.12009779038266663,0.08047568230973655
d_og,2,oglev,2012Q1,enet,eu_ppi_dom_c103_idx__yoy,0.16269982105437997,0.4184875214110862
d_og,2,oglev,2012Q1,enet,eu_ppi_dom_c108_idx__yoy,0.07833858941990664,0.1407875789505893
d_og,2,oglev,2012Q1,enet,se_ec_cons_conf__d4,-0.011931976392461484,-0.06841875127544983
d_og,2,oglev,2012Q1,enet,w_food_cpi_dyoy,0.1131922765260737,0.28610293016148614
d_og,2,oglev,2012Q1,enet,w_food_cpi_rel_dyoy,0.0005319584095734634,0.0010811577952009987
d_og,2,oglev,2012Q1,enet,w_cons_conf_z_d4,-0.1444687816870027,-0.11728963375120019
d_og,2,oglev,2012Q1,enet,w_policy_rate_lvl,0.05400225222027466,0.07249875117680321
d_og,2,oglev,2012Q1,enet,w_gov10y_lvl,0.0002020970226306074,0.00012039588780482757
d_og,2,oglev,2012Q1,enet,nw_cons_conf_z_d4,-0.12091861909545294,-0.10147326128030672
d_og,2,oglev,2012Q1,enet,nw_price_cost_gap_ppi_d4,0.044125956329320884,0.11910527072141565
d_og,2,oglev,2012Q2,lasso,no_cpi_food_idx__yoy,0.1886093106158692,0.2973280656854186
d_og,2,oglev,2012Q2,lasso,no_jordbruk_malpris_mnok__d4,0.0022435897103667514,0.7343871197271206
d_og,2,oglev,2012Q2,lasso,se_gov_bond_10y__lvl,0.07723989547074044,0.05145278716972176
d_og,2,oglev,2012Q2,lasso,eu_ppi_dom_c103_idx__yoy,0.08351072281103973,0.21217017695883789
d_og,2,oglev,2012Q2,lasso,us_ppi_plastic_resins_idx__dyoy,0.005166421440595966,0.09019440645512121
d_og,2,oglev,2012Q2,lasso,w_food_cpi_dyoy,0.13805577947651507,0.34433626964732883
d_og,2,oglev,2012Q2,lasso,w_policy_rate_lvl,0.34061174713970604,0.4589682750580547
d_og,2,oglev,2012Q2,lasso,fao_ffpi_sek_dyoy,0.0008188616734336123,0.016580246777209335
d_og,2,oglev,2012Q2,lasso,nw_price_cost_gap_ppi_d4,0.10020283059049007,0.2776120183244444
d_og,2,oglev,2012Q2,enet,no_cpi_food_idx__yoy,0.20974529145737275,0.33064731317881124
d_og,2,oglev,2012Q2,enet,no_cpi_food_idx__dyoy,0.013711596774664886,0.05075058056827839
d_og,2,oglev,2012Q2,enet,no_govbond_10y__lvl,0.0025832168621556396,0.0017600007467160669
d_og,2,oglev,2012Q2,enet,no_jordbruk_malpris_mnok__d4,0.0011664514396635562,0.38181085833917583
d_og,2,oglev,2012Q2,enet,no_policy_rate__lvl,0.045970853802518225,0.07692881945788109
d_og,2,oglev,2012Q2,enet,se_policy_rate__lvl,0.04774811564165147,0.06167015433258241
d_og,2,oglev,2012Q2,enet,se_gov_bond_10y__lvl,0.16366028114610787,0.1090210902361646
d_og,2,oglev,2012Q2,enet,eu_ppi_dom_c103_idx__yoy,0.06644024931732935,0.16880035258159165
d_og,2,oglev,2012Q2,enet,eu_ppi_dom_c108_idx__yoy,0.08924497204291541,0.15829324741660045
d_og,2,oglev,2012Q2,enet,se_ec_cons_conf__d4,-0.012037750876423083,-0.06804722824088426
d_og,2,oglev,2012Q2,enet,us_ppi_plastic_resins_idx__dyoy,0.0019324111591901333,0.03373566781851647
d_og,2,oglev,2012Q2,enet,w_food_cpi_dyoy,0.07663226334677554,0.19113482822317632
d_og,2,oglev,2012Q2,enet,w_food_cpi_rel_dyoy,0.01921147530493886,0.038648871342384344
d_og,2,oglev,2012Q2,enet,w_cons_conf_z_d4,-0.16518834724033693,-0.1323511415706485
d_og,2,oglev,2012Q2,enet,w_policy_rate_lvl,0.14676218478856526,0.19775943537417423
d_og,2,oglev,2012Q2,enet,w_gov10y_lvl,0.043337379681167854,0.025827823951781362
d_og,2,oglev,2012Q2,enet,nw_cons_conf_z_d4,-0.1896264848109193,-0.1571878294667944
d_og,2,oglev,2012Q2,enet,fao_ffpi_sek_dyoy,0.0010820488570960013,0.021909240177796066
d_og,2,oglev,2012Q2,enet,nw_price_cost_gap_ppi_d4,0.05717045502222835,0.15839078909966406
d_og,2,oglev,2012Q3,lasso,no_cpi_food_idx__yoy,0.18724116112479902,0.31844421480422885
d_og,2,oglev,2012Q3,lasso,no_jordbruk_malpris_mnok__d4,0.0023408082769881457,0.7569015618977186
d_og,2,oglev,2012Q3,lasso,se_gov_bond_10y__lvl,0.17946994565363913,0.12014016495479532
d_og,2,oglev,2012Q3,lasso,glob_fao_ffpi_nok__dyoy,6.128992755622154e-05,0.0012594017091871476
d_og,2,oglev,2012Q3,lasso,us_ppi_plastic_resins_idx__dyoy,0.007882274674690895,0.13608809233841096
d_og,2,oglev,2012Q3,lasso,w_food_cpi_dyoy,0.16853998874049622,0.4157721888610436
d_og,2,oglev,2012Q3,lasso,w_wage_yoy,0.005657400105208828,0.009027899210738604
d_og,2,oglev,2012Q3,lasso,w_policy_rate_lvl,0.3634853158658125,0.48887480272296313
d_og,2,oglev,2012Q3,lasso,fao_ffpi_sek_dyoy,0.002099283423215291,0.04214182403059562
d_og,2,oglev,2012Q3,lasso,nw_price_cost_gap_ppi_d4,0.09301747889318003,0.27083441634841116
d_og,2,oglev,2012Q3,enet,no_cpi_food_idx__yoy,0.2178115304243238,0.37043575976892806
d_og,2,oglev,2012Q3,enet,no_cpi_food_idx__dyoy,0.013468551872595897,0.049492645222988234
d_og,2,oglev,2012Q3,enet,no_jordbruk_malpris_mnok__d4,0.0012374750642316899,0.4001381993281413
d_og,2,oglev,2012Q3,enet,no_policy_rate__lvl,0.03818469578650047,0.06336410242242467
d_og,2,oglev,2012Q3,enet,se_policy_rate__lvl,0.06927893096639712,0.08854249218743278
d_og,2,oglev,2012Q3,enet,se_gov_bond_10y__lvl,0.20306454170290356,0.13593477976384544
d_og,2,oglev,2012Q3,enet,eu_ppi_dom_c103_idx__yoy,0.015709051822045593,0.03995108182251476
d_og,2,oglev,2012Q3,enet,eu_ppi_dom_c108_idx__yoy,0.003826425407270041,0.0067769919838452835
d_og,2,oglev,2012Q3,enet,no_fn_cci_sa__d4,-0.0006701664012404706,-0.010342399364947994
d_og,2,oglev,2012Q3,enet,se_ec_cons_conf__d4,-0.004172950682282358,-0.023450643033590606
d_og,2,oglev,2012Q3,enet,us_ppi_plastic_resins_idx__dyoy,0.0031066156917591405,0.05363596430831732
d_og,2,oglev,2012Q3,enet,w_food_cpi_dyoy,0.0975657107556497,0.2406853674418995
d_og,2,oglev,2012Q3,enet,w_food_cpi_rel_dyoy,0.022345608817498717,0.04436552822174949
d_og,2,oglev,2012Q3,enet,w_wage_yoy,0.036442331401306635,0.05815351376552265
d_og,2,oglev,2012Q3,enet,w_cons_conf_z_d4,-0.2038879537971062,-0.1611335769027884
d_og,2,oglev,2012Q3,enet,w_policy_rate_lvl,0.1771136567419905,0.2382115596417882
d_og,2,oglev,2012Q3,enet,w_gov10y_lvl,0.07353568825935589,0.04426968357346324
d_og,2,oglev,2012Q3,enet,nw_cons_conf_z_d4,-0.2320677633114801,-0.1897072492909635
d_og,2,oglev,2012Q3,enet,fao_ffpi_sek_dyoy,0.0033640554802167725,0.06753134546231168
d_og,2,oglev,2012Q3,enet,nw_price_cost_gap_ppi_d4,0.050614076374313324,0.14737051570267962
d_og,2,oglev,2012Q4,lasso,no_cpi_food_idx__dyoy,0.036045567411771534,0.13073440295243763
d_og,2,oglev,2012Q4,lasso,no_jordbruk_malpris_mnok__d4,0.002224058076131838,0.7258641195322467
d_og,2,oglev,2012Q4,lasso,eu_ppi_dom_c108_idx__yoy,0.3099627604324851,0.5701577539168232
d_og,2,oglev,2012Q4,lasso,se_ec_cons_conf__lvl,-0.019514458669568326,-0.07394659474048124
d_og,2,oglev,2012Q4,lasso,se_ec_cons_conf__d4,-0.037062831324936346,-0.21335492830486213
d_og,2,oglev,2012Q4,lasso,glob_fao_dairy_idx__dyoy,0.0005026800168760674,0.024916380755119465
d_og,2,oglev,2012Q4,lasso,w_policy_rate_lvl,0.15261782537316396,0.20405250198738867
d_og,2,oglev,2012Q4,lasso,eu_agri_basket_wloc_yoy,0.004294654611527496,0.028607872220122964
d_og,2,oglev,2012Q4,lasso,nw_price_cost_gap_ppi_d4,0.12238708147575526,0.3726577131741659
d_og,2,oglev,2012Q4,enet,no_cpi_food_idx__yoy,0.04320731590333064,0.07513909304070562
d_og,2,oglev,2012Q4,enet,no_cpi_food_idx__dyoy,0.054916599690484263,0.1991781344623486
d_og,2,oglev,2012Q4,enet,no_imp_price_food_idx__yoy,-0.004584737464512568,-0.021143026598740056
d_og,2,oglev,2012Q4,enet,no_jordbruk_malpris_mnok__d4,0.0011363703850864675,0.3708763264257553
d_og,2,oglev,2012Q4,enet,no_policy_rate__lvl,0.017848165809141114,0.02933658666155581
d_og,2,oglev,2012Q4,enet,se_policy_rate__lvl,0.07838154042826374,0.0989016978957426
d_og,2,oglev,2012Q4,enet,eu_ppi_dom_c103_idx__yoy,0.027715560991355824,0.07091762753869933
d_og,2,oglev,2012Q4,enet,eu_ppi_dom_c108_idx__yoy,0.14086419842681996,0.25911117474327444
d_og,2,oglev,2012Q4,enet,se_ec_cons_conf__lvl,-0.039887822744438396,-0.15114785982574133
d_og,2,oglev,2012Q4,enet,se_ec_cons_conf__d4,-0.017329882252101112,-0.0997607482551142
d_og,2,oglev,2012Q4,enet,glob_fao_dairy_idx__dyoy,0.0004862849350966472,0.024103724420248548
d_og,2,oglev,2012Q4,enet,w_food_cpi_dyoy,0.021479955836424498,0.052400219345779014
d_og,2,oglev,2012Q4,enet,w_food_cpi_rel_dyoy,0.04777721075722031,0.09357602100314114
d_og,2,oglev,2012Q4,enet,w_cons_conf_z_d4,-0.2109514759597603,-0.16759934542017774
d_og,2,oglev,2012Q4,enet,w_policy_rate_lvl,0.09844001696424381,0.1316158955097193
d_og,2,oglev,2012Q4,enet,nw_cons_conf_z,-0.07038644843156155,-0.04104303835083532
d_og,2,oglev,2012Q4,enet,nw_cons_conf_z_d4,-0.19822539621205906,-0.16227458123979885
d_og,2,oglev,2012Q4,enet,eu_agri_basket_wloc_yoy,0.0034529949013849424,0.023001346057121473
d_og,2,oglev,2012Q4,enet,eu_agri_basket_wloc_dyoy,0.00014804724926700664,0.0015541571542839778
d_og,2,oglev,2012Q4,enet,nw_price_cost_gap_ppi_d4,0.027721086691372708,0.08440822878153373
d_og,2,oglev,2013Q1,lasso,no_cpi_food_idx__yoy,0.12169578808620975,0.21689440448164388
d_og,2,oglev,2013Q1,lasso,no_cpi_food_idx__dyoy,0.08421366021200796,0.30154656648334727
d_og,2,oglev,2013Q1,lasso,no_jordbruk_malpris_mnok__d4,0.0023344115947463973,0.7676262365087545
d_og,2,oglev,2013Q1,lasso,se_ec_cons_conf__d4,-0.01015018627985933,-0.06011946925615748
d_og,2,oglev,2013Q1,lasso,glob_fao_dairy_idx__yoy,0.004511503390383879,0.1321795504290674
d_og,2,oglev,2013Q1,lasso,glob_fao_meat_idx__dyoy,0.0030527702229988557,0.04915819729505042
d_og,2,oglev,2013Q1,lasso,w_food_cpi_dyoy,0.1279496747143369,0.30892649180502935
d_og,2,oglev,2013Q1,lasso,w_policy_rate_lvl,0.17651714385420778,0.23490559086839619
d_og,2,oglev,2013Q1,lasso,nw_cons_conf_z_d4,-0.13501798523270517,-0.11234591534007171
d_og,2,oglev,2013Q1,lasso,eu_agri_basket_wloc_dyoy,0.0001684117030819314,0.0017465952503375327
d_og,2,oglev,2013Q1,lasso,nw_price_cost_gap_ppi_d4,0.026470951379090064,0.08105774124759545
d_og,2,oglev,2013Q1,enet,no_cpi_food_idx__yoy,0.11921518905754161,0.2124733143392342
d_og,2,oglev,2013Q1,enet,no_cpi_food_idx__dyoy,0.06232910000306519,0.22318381662315534
d_og,2,oglev,2013Q1,enet,no_jordbruk_malpris_mnok__d4,0.0012654293838726945,0.4161120505466456
d_og,2,oglev,2013Q1,enet,no_policy_rate__lvl,0.03336054328240461,0.05436329085923929
d_og,2,oglev,2013Q1,enet,se_policy_rate__lvl,0.09926000684467443,0.1237025212791094
d_og,2,oglev,2013Q1,enet,eu_ppi_dom_c103_idx__yoy,0.024113117238956795,0.062376790244585006
d_og,2,oglev,2013Q1,enet,eu_ppi_dom_c108_idx__yoy,0.0017399819910059757,0.0033853867926208134
d_og,2,oglev,2013Q1,enet,se_ec_cons_conf__lvl,-0.011123064472794526,-0.04277320517668202
d_og,2,oglev,2013Q1,enet,se_ec_cons_conf__d4,-0.017450880406119935,-0.103361420090425
d_og,2,oglev,2013Q1,enet,glob_fao_dairy_idx__yoy,0.0007586013793425925,0.022225759486316665
d_og,2,oglev,2013Q1,enet,glob_fao_meat_idx__dyoy,0.0011714380784444743,0.018863451872424074
d_og,2,oglev,2013Q1,enet,w_food_cpi_dyoy,0.06471973116045324,0.15626174542922186
d_og,2,oglev,2013Q1,enet,w_food_cpi_rel_dyoy,0.040600423217435934,0.07846781097790656
d_og,2,oglev,2013Q1,enet,w_cons_conf_z_d4,-0.17529208591161552,-0.14214294963404575
d_og,2,oglev,2013Q1,enet,w_policy_rate_lvl,0.14349402186267934,0.19095906072203161
d_og,2,oglev,2013Q1,enet,nw_cons_conf_z,-0.03780949307067065,-0.02201021501521237
d_og,2,oglev,2013Q1,enet,nw_cons_conf_z_d4,-0.1952078612576899,-0.1624287743353219
d_og,2,oglev,2013Q1,enet,eu_agri_basket_wloc_yoy,0.0023161523705878943,0.015396748734158602
d_og,2,oglev,2013Q1,enet,eu_agri_basket_wloc_dyoy,0.00044900086320531226,0.004656581227554777
d_og,2,oglev,2013Q1,enet,nw_price_cost_gap_ppi_d4,0.008693984788530607,0.026622192731460083
d_og,2,oglev,2013Q2,lasso,no_cpi_food_idx__yoy,0.05893131652875988,0.10410280348488465
d_og,2,oglev,2013Q2,lasso,no_cpi_food_idx__dyoy,0.12662534624757243,0.44913601406916487
d_og,2,oglev,2013Q2,lasso,no_jordbruk_malpris_mnok__d4,0.001557854881835469,0.5153629141876994
d_og,2,oglev,2013Q2,lasso,eu_ppi_dom_c108_idx__yoy,0.12057251679104174,0.2555233332557323
d_og,2,oglev,2013Q2,lasso,w_food_cpi_dyoy,0.006214058753337499,0.01481698061221786
d_og,2,oglev,2013Q2,lasso,nw_cons_conf_z_d4,-0.42277943213720237,-0.3525468637836241
d_og,2,oglev,2013Q2,lasso,eu_agri_basket_wloc_yoy,0.01845881094105941,0.12316977282651556
d_og,2,oglev,2013Q2,enet,no_cpi_food_idx__dyoy,0.060088076436927984,0.21313046671714456
d_og,2,oglev,2013Q2,enet,no_jordbruk_malpris_mnok__d4,0.0008482003365411363,0.28059802126100375
d_og,2,oglev,2013Q2,enet,se_policy_rate__lvl,0.03221922814252254,0.03977583879911957
d_og,2,oglev,2013Q2,enet,eu_ppi_dom_c103_idx__yoy,0.025811901249719417,0.06669966889603038
d_og,2,oglev,2013Q2,enet,eu_ppi_dom_c108_idx__yoy,0.07720375229139738,0.16361406936156314
d_og,2,oglev,2013Q2,enet,se_ec_cons_conf__d4,-0.011715075158878936,-0.06957698941368248
d_og,2,oglev,2013Q2,enet,w_food_cpi_dyoy,0.00026608317159778586,0.0006344563756633833
d_og,2,oglev,2013Q2,enet,w_cons_conf_z_d4,-0.20643002727898344,-0.16763825349176692
d_og,2,oglev,2013Q2,enet,nw_food_cpi_dyoy,0.04285043052818274,0.0920604489852217
d_og,2,oglev,2013Q2,enet,nw_cons_conf_z_d4,-0.2256057197777453,-0.18812785796419643
d_og,2,oglev,2013Q3,lasso,no_cpi_food_idx__dyoy,0.057097898274305815,0.20124068969152437
d_og,2,oglev,2013Q3,lasso,no_jordbruk_malpris_mnok__d4,0.00106013863115014,0.35238089555793245
d_og,2,oglev,2013Q3,lasso,se_policy_rate__lvl,0.15952132366100427,0.19543237966929813
d_og,2,oglev,2013Q3,lasso,eu_ppi_dom_c103_idx__yoy,0.03964203509586384,0.10191223848431027
d_og,2,oglev,2013Q3,lasso,nw_cons_conf_z_d4,-0.6712646713189843,-0.5536835165008577
d_og,2,oglev,2013Q3,enet,no_cpi_food_idx__yoy,0.007528450039905266,0.013164202168146205
d_og,2,oglev,2013Q3,enet,no_cpi_food_idx__dyoy,0.049150718097338224,0.17323097185160424
d_og,2,oglev,2013Q3,enet,no_jordbruk_malpris_mnok__d4,0.0006735842454866714,0.2238935670147201
d_og,2,oglev,2013Q3,enet,se_policy_rate__lvl,0.10412891463906147,0.12757016499899876
d_og,2,oglev,2013Q3,enet,no_earn_idx_food_manuf_q__dyoy,-0.0015487594440696804,-0.004642970693001141
d_og,2,oglev,2013Q3,enet,eu_ppi_dom_c103_idx__yoy,0.046914808044095514,0.12060917393048673
d_og,2,oglev,2013Q3,enet,eu_ppi_dom_c108_idx__yoy,0.025370308977666674,0.0570946017510818
d_og,2,oglev,2013Q3,enet,no_fn_cci_sa__d4,-0.0006859791269401711,-0.010281182822339469
d_og,2,oglev,2013Q3,enet,se_ec_cons_conf__lvl,-0.011079417064602505,-0.04167106294110582
d_og,2,oglev,2013Q3,enet,se_ec_cons_conf__d4,-0.013000941174569403,-0.07638591895770865
d_og,2,oglev,2013Q3,enet,w_food_cpi_dyoy,0.013910709719122456,0.032820843373987205
d_og,2,oglev,2013Q3,enet,w_cons_conf_z_d4,-0.2416171309848405,-0.1940852799436471
d_og,2,oglev,2013Q3,enet,w_policy_rate_lvl,0.012950779475374633,0.01730867251421487
d_og,2,oglev,2013Q3,enet,nw_food_cpi_dyoy,0.02091158496108584,0.04483259315787855
d_og,2,oglev,2013Q3,enet,nw_cons_conf_z_d4,-0.24608467153302963,-0.20297958780348066
d_og,2,oglev,2014Q3,enet,no_jordbruk_malpris_mnok__d4,0.0002499134971932942,0.08969765322858407
d_og,2,oglev,2014Q3,enet,eu_ppi_dom_c103_idx__yoy,0.018646730836643786,0.04597115376097106
d_og,2,oglev,2014Q3,enet,w_cons_conf_z_d4,-0.12040791069223168,-0.09296268792317751
d_og,2,oglev,2014Q3,enet,nw_cons_conf_z_d4,-0.10093859059818283,-0.08003590684273373
d_og,2,oglev,2014Q4,lasso,no_jordbruk_malpris_mnok__d4,0.000166330676646639,0.059342004252403976
d_og,2,oglev,2014Q4,lasso,w_cons_conf_z_d4,-0.41038993355114134,-0.31333226570305295
d_og,2,oglev,2014Q4,enet,no_jordbruk_malpris_mnok__d4,0.00039517859764506266,0.14098836423140476
d_og,2,oglev,2014Q4,enet,se_policy_rate__lvl,0.07589351954082324,0.09181395234746684
d_og,2,oglev,2014Q4,enet,eu_ppi_dom_c103_idx__yoy,0.03930079114151831,0.09581910554896061
d_og,2,oglev,2014Q4,enet,se_ec_cons_conf__d4,-0.0068517639801901516,-0.03810097663476289
d_og,2,oglev,2014Q4,enet,w_cons_conf_z_d4,-0.19213744204276992,-0.1466967269901318
d_og,2,oglev,2014Q4,enet,nw_cons_conf_z_d4,-0.16167042498963302,-0.12676739738516662
d_og,2,oglev,2015Q1,lasso,no_jordbruk_malpris_mnok__d4,0.00019915969120969993,0.0706278265927534
d_og,2,oglev,2015Q1,lasso,se_policy_rate__lvl,0.16845914927510416,0.20359335958163605
d_og,2,oglev,2015Q1,lasso,eu_ppi_dom_c108_idx__dyoy,0.043806648790776094,0.13689488551268214
d_og,2,oglev,2015Q1,lasso,se_ec_cons_conf__d4,-0.03969407852655751,-0.22047130367624326
d_og,2,oglev,2015Q1,lasso,w_cons_conf_z_d4,-0.20217495513976366,-0.15278077988426997
d_og,2,oglev,2015Q1,enet,no_jordbruk_malpris_mnok__d4,0.00021872853019522243,0.07756750679659417
d_og,2,oglev,2015Q1,enet,se_policy_rate__lvl,0.1125354400214387,0.13600607865202125
d_og,2,oglev,2015Q1,enet,se_real_wage_yoy_q__lvl,-0.01775228332566533,-0.02192323510008516
d_og,2,oglev,2015Q1,enet,eu_ppi_dom_c108_idx__dyoy,0.034183304202569015,0.1068221296179403
d_og,2,oglev,2015Q1,enet,se_ec_cons_conf__d4,-0.022354549231614763,-0.12416301864499535
d_og,2,oglev,2015Q1,enet,w_cons_conf_z_d4,-0.14551631905371903,-0.10996464273008684
d_og,2,oglev,2015Q1,enet,nw_cons_conf_z_d4,-0.10375168830136158,-0.08047344459054649
d_og,2,oglev,2016Q2,lasso,no_cpi_food_idx__yoy,0.0018157075530248535,0.003048401249552341
d_og,2,oglev,2016Q2,lasso,no_cpi_total_idx__dyoy,-0.5005501542379028,-0.850854218047072
d_og,2,oglev,2016Q2,lasso,no_jordbruk_malpris_mnok__d4,0.003499036107836309,1.2089348466201215
d_og,2,oglev,2016Q2,lasso,no_qna_hh_food_cons_sa_mnok__yoy,0.09919837590722577,0.1723674464735455
d_og,2,oglev,2016Q2,lasso,se_cpi_idx__yoy,0.6473789218048868,0.8140785469124463
d_og,2,oglev,2016Q2,lasso,se_cpi_food_idx__dyoy,-0.5891285471526702,-1.6027767040308707
d_og,2,oglev,2016Q2,lasso,se_retail_grocery_vol_sa_idx__dyoy,0.10849202492808875,0.23522295798542395
d_og,2,oglev,2016Q2,lasso,se_na_hhcons_food_sa__yoy,0.263894673841282,0.5591236177666365
d_og,2,oglev,2016Q2,lasso,se_na_hhcons_food_sa__dyoy,0.11632835762071549,0.3987151140913757
d_og,2,oglev,2016Q2,lasso,se_gov_bond_10y__lvl,0.06488226918267388,0.07309562470865015
d_og,2,oglev,2016Q2,lasso,ea_negotiated_wages_yoy_q__lvl,0.0852808531027682,0.04072303364021906
d_og,2,oglev,2016Q2,lasso,no_earn_idx_food_manuf_q__yoy,-0.15196095872018162,-0.27105857607032424
d_og,2,oglev,2016Q2,lasso,no_earn_idx_food_manuf_q__dyoy,-0.42361535222148883,-1.2591557929266357
d_og,2,oglev,2016Q2,lasso,se_wage_idx_m__dyoy,0.7896273148183152,0.4780156349520365
d_og,2,oglev,2016Q2,lasso,eu_ppi_dom_c108_idx__dyoy,0.1556404223436439,0.4749205021084548
d_og,2,oglev,2016Q2,lasso,ea_ec_food_ind_sell_price_exp__lvl,-0.1252103812134134,-1.4958758512608608
d_og,2,oglev,2016Q2,lasso,ea_ec_food_ind_sell_price_exp__d4,0.05215830329073552,0.8398533696872162
d_og,2,oglev,2016Q2,lasso,no_fn_cci_sa__lvl,-0.0019225187344260384,-0.01989583625163239
d_og,2,oglev,2016Q2,lasso,no_nbes_bl_sell_price_di__lvl,0.05597840252218406,0.38821940856305115
d_og,2,oglev,2016Q2,lasso,no_ssb_bts_consgoods_home_price_exp__lvl,-0.04182860540565817,-0.2849491634836596
d_og,2,oglev,2016Q2,lasso,no_ssb_bts_consgoods_home_price_exp__d4,-0.024160742927280262,-0.20434095199645685
d_og,2,oglev,2016Q2,lasso,se_ec_cons_conf__lvl,0.24534408974097754,0.8397688095131254
d_og,2,oglev,2016Q2,lasso,se_nier_food_mfg_sell_price_exp__lvl,0.041842206262699085,0.8452964717428245
d_og,2,oglev,2016Q2,lasso,eu_ppi_paper_packaging_idx__yoy,0.06936823979509169,0.16736865808925971
d_og,2,oglev,2016Q2,lasso,glob_fao_dairy_idx__yoy,-0.006764371526788672,-0.19630200317390215
d_og,2,oglev,2016Q2,lasso,glob_fao_meat_idx__dyoy,0.0006434173035066817,0.00949591681286141
d_og,2,oglev,2016Q2,lasso,glob_gscpi__lvl,-0.15778941049230247,-0.06754162410601658
d_og,2,oglev,2016Q2,lasso,glob_gscpi__d4,0.9971293701048078,0.5735217378515718
d_og,2,oglev,2016Q2,lasso,us_ppi_corrugated_boxes_idx__yoy,-0.06415015586842666,-0.2879333135059498
d_og,2,oglev,2016Q2,lasso,us_ppi_plastic_resins_idx__yoy,0.12597879932354625,1.134173209208766
d_og,2,oglev,2016Q2,lasso,w_food_cpi_yoy,-0.9499233484944053,-1.5726138765000954
d_og,2,oglev,2016Q2,lasso,w_food_cpi_dyoy,0.8828847823462748,1.8968517725596414
d_og,2,oglev,2016Q2,lasso,w_food_cpi_rel_dyoy,0.23836099435710797,0.43347682370242147
d_og,2,oglev,2016Q2,lasso,w_retail_food_vol_dyoy,0.25800481663140923,0.3921443998734709
d_og,2,oglev,2016Q2,lasso,w_gdp_vol_yoy,-0.0420883958170854,-0.09884608225722351
d_og,2,oglev,2016Q2,lasso,w_fx_vs_usd_yoy,0.11121718966814807,1.1709569697622235
d_og,2,oglev,2016Q2,lasso,w_ec_food_ind_sell_price_exp_d4,0.1401610872469933,2.4103835604833184
d_og,2,oglev,2016Q2,lasso,w_ec_cons_price_exp_lvl,-0.13181944143351107,-1.4458912739188858
d_og,2,oglev,2016Q2,lasso,w_hh_saving_lvl,0.15746114843258308,0.3977087247512696
d_og,2,oglev,2016Q2,lasso,nw_food_cpi_xvat_yoy,1.5061756457223652,2.38099716278485
d_og,2,oglev,2016Q2,lasso,wb_food_sek_yoy,0.036673545131178695,0.4424872405221215
d_og,2,oglev,2016Q2,lasso,eu_agri_basket_wloc_dyoy,-0.006677735623085577,-0.07819367551440487
d_og,2,oglev,2016Q2,lasso,price_cost_gap_ppi_d4,0.028490394528298813,0.06764828293279235
d_og,2,oglev,2016Q2,lasso,price_wage_gap_d4,0.04539313189447745,0.13905740813078937
d_og,2,oglev,2016Q2,enet,no_cpi_food_idx__yoy,0.210759687482866,0.3538455813590127
d_og,2,oglev,2016Q2,enet,no_cpi_total_idx__yoy,-0.11820089804173485,-0.1233142974545801
d_og,2,oglev,2016Q2,enet,no_cpi_total_idx__dyoy,-0.10756658854648674,-0.18284578440507795
d_og,2,oglev,2016Q2,enet,no_jordbruk_malpris_mnok__lvl,0.00011640281291813556,0.02970150545617835
d_og,2,oglev,2016Q2,enet,no_jordbruk_malpris_mnok__d4,0.002887593706123681,0.9976783738800936
d_og,2,oglev,2016Q2,enet,no_qna_hh_food_cons_sa_mnok__yoy,0.044682613284353995,0.0776406658188847
d_og,2,oglev,2016Q2,enet,no_vat_food_rate__d4,-0.02449932289295823,-0.017213390348066526
d_og,2,oglev,2016Q2,enet,se_cpi_idx__yoy,0.06259399165591417,0.07871190126275711
d_og,2,oglev,2016Q2,enet,se_cpi_food_idx__dyoy,-0.24465175586859897,-0.6655969003736318
d_og,2,oglev,2016Q2,enet,se_retail_grocery_vol_sa_idx__dyoy,0.07401825575955386,0.1604799345963375
d_og,2,oglev,2016Q2,enet,se_na_hhcons_food_sa__yoy,0.20324439503948566,0.43062158015972707
d_og,2,oglev,2016Q2,enet,se_na_hhcons_food_sa__dyoy,0.15339982586441112,0.5257774658054152
d_og,2,oglev,2016Q2,enet,no_earn_idx_food_manuf_q__yoy,-0.15047168672837224,-0.26840210463923386
d_og,2,oglev,2016Q2,enet,no_earn_idx_food_manuf_q__dyoy,-0.3368006381126549,-1.001107425207769
d_og,2,oglev,2016Q2,enet,se_wage_idx_m__dyoy,0.6086065460022023,0.368431333445129
d_og,2,oglev,2016Q2,enet,eu_ppi_dom_c103_idx__dyoy,0.0029220803753913305,0.009836423495816883
d_og,2,oglev,2016Q2,enet,eu_ppi_dom_c108_idx__dyoy,0.0792761527383974,0.24190290476479046
d_og,2,oglev,2016Q2,enet,ea_ec_food_ind_sell_price_exp__lvl,-0.07224155127259393,-0.8630625588632898
d_og,2,oglev,2016Q2,enet,ea_ec_food_ind_sell_price_exp__d4,0.03226381628809806,0.5195121988053906
d_og,2,oglev,2016Q2,enet,no_fn_cci_sa__lvl,-0.028777953928125977,-0.29781840288903705
d_og,2,oglev,2016Q2,enet,no_nbes_bl_sell_price_di__lvl,0.020955859019556003,0.14533232153737596
d_og,2,oglev,2016Q2,enet,no_ssb_bts_consgoods_home_price_exp__lvl,-0.04549377166693111,-0.30991738917633316
d_og,2,oglev,2016Q2,enet,se_ec_cons_conf__lvl,0.17934164115531828,0.6138542674825948
d_og,2,oglev,2016Q2,enet,se_nier_food_mfg_sell_price_exp__lvl,0.025798693648958468,0.5211853452498105
d_og,2,oglev,2016Q2,enet,eu_ppi_paper_packaging_idx__yoy,0.20665655465910077,0.498611905690748
d_og,2,oglev,2016Q2,enet,eu_ppi_paper_packaging_idx__dyoy,0.014693100605553509,0.05242005159164967
d_og,2,oglev,2016Q2,enet,eu_ppi_plastic_products_idx__dyoy,0.14047004148236233,0.33765319379873543
d_og,2,oglev,2016Q2,enet,glob_fao_dairy_idx__yoy,-0.003021652300829683,-0.08768832362309542
d_og,2,oglev,2016Q2,enet,glob_fao_meat_idx__dyoy,0.015597536350383173,0.23019727144668323
d_og,2,oglev,2016Q2,enet,glob_fao_sugar_idx__dyoy,0.006343666758194718,0.2796848564445052
d_og,2,oglev,2016Q2,enet,glob_gscpi__lvl,-0.48854498635604227,-0.20912126944633283
d_og,2,oglev,2016Q2,enet,glob_gscpi__d4,0.936607936303069,0.5387114525145812
d_og,2,oglev,2016Q2,enet,us_ppi_corrugated_boxes_idx__yoy,-0.07021441359249925,-0.31515229367534425
d_og,2,oglev,2016Q2,enet,us_ppi_plastic_resins_idx__yoy,0.016879134770490696,0.1519609851348741
d_og,2,oglev,2016Q2,enet,us_ppi_plastic_resins_idx__dyoy,0.023138628956999648,0.34270065755936724
d_og,2,oglev,2016Q2,enet,w_food_cpi_yoy,-0.33710185738112625,-0.5580777223254425
d_og,2,oglev,2016Q2,enet,w_food_cpi_dyoy,0.3423837016828129,0.7356012295360359
d_og,2,oglev,2016Q2,enet,w_food_cpi_rel_yoy,-0.08659427335279463,-0.11881843861865408
d_og,2,oglev,2016Q2,enet,w_food_cpi_rel_dyoy,0.27102487541774933,0.4928784697231949
d_og,2,oglev,2016Q2,enet,w_retail_food_vol_dyoy,0.20058585086337968,0.3048726730644832
d_og,2,oglev,2016Q2,enet,w_gdp_vol_yoy,-0.06111623192408148,-0.14353362656713511
d_og,2,oglev,2016Q2,enet,w_fx_vs_usd_yoy,0.08905383158836733,0.9376087014388446
d_og,2,oglev,2016Q2,enet,w_fx_vs_usd_dyoy,0.01604607177608696,0.2569387318856791
d_og,2,oglev,2016Q2,enet,w_ec_food_ind_sell_price_exp_d4,0.09419478197948036,1.6198900738159072
d_og,2,oglev,2016Q2,enet,w_ec_cons_price_exp_lvl,-0.04588844130035863,-0.5033377180815467
d_og,2,oglev,2016Q2,enet,w_hh_saving_lvl,0.03610228241671152,0.0911856216183256
d_og,2,oglev,2016Q2,enet,w_hh_saving_d4,-0.11079157584277657,-0.13634869527185287
d_og,2,oglev,2016Q2,enet,nw_food_cpi_yoy,0.234590432889088,0.3627520967281084
d_og,2,oglev,2016Q2,enet,nw_food_cpi_dyoy,-0.1279137474160947,-0.2517998887512066
d_og,2,oglev,2016Q2,enet,nw_food_cpi_xvat_yoy,0.4309259037639445,0.6812175971284951
d_og,2,oglev,2016Q2,enet,fao_ffpi_sek_yoy,0.03337490720472499,0.39231859906472644
d_og,2,oglev,2016Q2,enet,eu_agri_basket_wloc_dyoy,-0.026573059988661198,-0.3111601518027874
d_og,2,oglev,2016Q2,enet,elec_nordic_loc_dyoy,-0.004010969531004437,-0.33005483582262896
d_og,2,oglev,2016Q2,enet,packaging_eu_yoy,0.11349441118925876,0.21670773691719747
d_og,2,oglev,2016Q2,enet,packaging_eu_dyoy,0.09356104838931915,0.26560496753410345
d_og,2,oglev,2016Q2,enet,price_cost_gap_ppi_d4,0.12720728699900052,0.30204406377994575
d_og,2,oglev,2016Q2,enet,price_cost_gap_agri_d4,0.014158012128741793,0.1893777322311698
d_og,2,oglev,2016Q2,enet,nw_price_cost_gap_ppi,-0.05926138929521025,-0.11405432099751771
d_og,2,oglev,2016Q2,enet,nw_price_cost_gap_ppi_d4,0.02633609285901835,0.07843639100012179
d_og,2,oglev,2016Q2,enet,price_wage_gap,-0.1614640243618041,-0.3489312355015459
d_og,2,oglev,2016Q2,enet,price_wage_gap_d4,0.17491998776403234,0.5358502291774009
d_og,2,oglev,2016Q3,lasso,no_cpi_food_idx__yoy,0.33991249598223566,0.5656889578314667
d_og,2,oglev,2016Q3,lasso,no_cpi_total_idx__yoy,-0.22777153080975177,-0.23568208297231918
d_og,2,oglev,2016Q3,lasso,no_cpi_total_idx__dyoy,-0.19112688091303467,-0.3219087181919066
d_og,2,oglev,2016Q3,lasso,no_jordbruk_malpris_mnok__d4,0.004144384274350534,1.4250698180580017
d_og,2,oglev,2016Q3,lasso,se_cpi_food_idx__dyoy,-0.31910865840394875,-0.8674124292031591
d_og,2,oglev,2016Q3,lasso,se_na_hhcons_food_sa__yoy,0.1933205647198233,0.40985182441815077
d_og,2,oglev,2016Q3,lasso,se_na_hhcons_food_sa__dyoy,0.29890548496843383,1.0346251831169153
d_og,2,oglev,2016Q3,lasso,no_earn_idx_food_manuf_q__yoy,-0.12175952555727852,-0.22103396423706773
d_og,2,oglev,2016Q3,lasso,no_earn_idx_food_manuf_q__dyoy,-0.3122406907194317,-0.923060381604623
d_og,2,oglev,2016Q3,lasso,se_wage_idx_m__dyoy,0.7601009690953109,0.45881215011708354
d_og,2,oglev,2016Q3,lasso,ea_ec_food_ind_sell_price_exp__lvl,-0.10364092736285899,-1.2363048304769242
d_og,2,oglev,2016Q3,lasso,ea_ec_food_ind_sell_price_exp__d4,0.06074867746967449,0.9690335148391238
d_og,2,oglev,2016Q3,lasso,no_fn_cci_sa__lvl,-0.054415514921268324,-0.5750494744688435
d_og,2,oglev,2016Q3,lasso,no_ssb_bts_consgoods_home_price_exp__lvl,-0.007252286714410746,-0.04919322821026543
d_og,2,oglev,2016Q3,lasso,se_ec_cons_conf__lvl,0.1557598327055171,0.528847322576652
d_og,2,oglev,2016Q3,lasso,se_nier_food_mfg_sell_price_exp__lvl,0.023975039100916827,0.4796868369775569
d_og,2,oglev,2016Q3,lasso,eu_ppi_paper_packaging_idx__yoy,0.1883678964284332,0.4511105904023808
d_og,2,oglev,2016Q3,lasso,eu_ppi_plastic_products_idx__dyoy,0.16471394892992844,0.3939422850881184
d_og,2,oglev,2016Q3,lasso,glob_fao_dairy_idx__yoy,-0.016720227494355058,-0.4950428854071491
d_og,2,oglev,2016Q3,lasso,glob_fao_meat_idx__dyoy,0.0062021618053844565,0.09213968556025363
d_og,2,oglev,2016Q3,lasso,glob_gscpi__lvl,-0.5820688690598969,-0.24802504787299265
d_og,2,oglev,2016Q3,lasso,glob_gscpi__d4,1.2076531967910853,0.6883336664481544
d_og,2,oglev,2016Q3,lasso,us_ppi_corrugated_boxes_idx__yoy,-0.1067194121512301,-0.47530510336431386
d_og,2,oglev,2016Q3,lasso,us_ppi_plastic_resins_idx__yoy,0.06502186377366237,0.5884765030890395
d_og,2,oglev,2016Q3,lasso,w_food_cpi_yoy,-0.5820893944894241,-0.959717680282142
d_og,2,oglev,2016Q3,lasso,w_food_cpi_dyoy,0.6661806795094581,1.4243894123527356
d_og,2,oglev,2016Q3,lasso,w_retail_food_vol_dyoy,0.038319232744730675,0.05768050349447687
d_og,2,oglev,2016Q3,lasso,w_gdp_vol_yoy,-0.12378640058912561,-0.2879142748196295
d_og,2,oglev,2016Q3,lasso,w_fx_vs_usd_yoy,0.10093712967366125,1.110269913246074
d_og,2,oglev,2016Q3,lasso,w_fx_vs_usd_dyoy,0.013343114160492588,0.21532345065634725
d_og,2,oglev,2016Q3,lasso,w_ec_food_ind_sell_price_exp_d4,0.14285778858929002,2.433373173494913
d_og,2,oglev,2016Q3,lasso,w_ec_cons_price_exp_lvl,-0.04756881159853401,-0.5184715154314409
d_og,2,oglev,2016Q3,lasso,nw_food_cpi_xvat_yoy,0.3848702986440351,0.6034150817709218
d_og,2,oglev,2016Q3,lasso,nw_retail_food_vol_yoy,-0.03815419259181919,-0.046098750017261596
d_og,2,oglev,2016Q3,lasso,fao_ffpi_sek_yoy,0.0203196734016485,0.23665605775600126
d_og,2,oglev,2016Q3,lasso,price_cost_gap_ppi_d4,0.06905072632328217,0.16528947299178773
d_og,2,oglev,2016Q3,lasso,price_wage_gap_d4,0.09769241826100052,0.2964194598799541
d_og,2,oglev,2016Q4,lasso,no_cpi_food_idx__yoy,0.7298580274567912,1.2086082881691445
d_og,2,oglev,2016Q4,lasso,no_cpi_total_idx__yoy,-0.1715819208478031,-0.1758790674223563
d_og,2,oglev,2016Q4,lasso,no_jordbruk_malpris_mnok__d4,0.004507651512040278,1.5353857658045416
d_og,2,oglev,2016Q4,lasso,no_ppi_food_dom_idx__dyoy,0.003691308304674174,0.007816686077862248
d_og,2,oglev,2016Q4,lasso,no_qna_hh_food_cons_sa_mnok__yoy,0.1980467653774346,0.3505553377916026
d_og,2,oglev,2016Q4,lasso,se_cpi_food_idx__dyoy,-0.298579504855826,-0.8127805480721684
d_og,2,oglev,2016Q4,lasso,se_retail_grocery_vol_sa_idx__yoy,-0.06397061952422656,-0.11323962238462487
d_og,2,oglev,2016Q4,lasso,se_na_hhcons_food_sa__dyoy,0.45018636934192247,1.5487355208873246
d_og,2,oglev,2016Q4,lasso,ea_negotiated_wages_yoy_q__lvl,0.6034491761067519,0.2976928890525655
d_og,2,oglev,2016Q4,lasso,no_earn_idx_food_manuf_q__yoy,-0.21514618131153776,-0.4204529966798258
d_og,2,oglev,2016Q4,lasso,no_earn_idx_food_manuf_q__dyoy,-0.19062467967644997,-0.5776191808289821
d_og,2,oglev,2016Q4,lasso,se_wage_idx_m__dyoy,0.1464866732827387,0.08782173645322285
d_og,2,oglev,2016Q4,lasso,ea_ec_food_ind_sell_price_exp__lvl,-0.08789399777295288,-1.047680659439303
d_og,2,oglev,2016Q4,lasso,ea_ec_food_ind_sell_price_exp__d4,0.0759971264648848,1.2007785165957572
d_og,2,oglev,2016Q4,lasso,no_ssb_bts_consgoods_home_price_exp__lvl,-0.019066852534707114,-0.12816390764054433
d_og,2,oglev,2016Q4,lasso,se_ec_cons_conf__lvl,0.2828041505662983,0.9539491223748956
d_og,2,oglev,2016Q4,lasso,se_nier_food_mfg_sell_price_exp__lvl,0.04991085648449032,0.9891767269115649
d_og,2,oglev,2016Q4,lasso,glob_fao_dairy_idx__dyoy,-0.00652291656839806,-0.30840246795315207
d_og,2,oglev,2016Q4,lasso,glob_fao_meat_idx__dyoy,0.03291989572325297,0.5021592556857555
d_og,2,oglev,2016Q4,lasso,glob_gscpi__lvl,-0.8264802258874756,-0.3496834975418605
d_og,2,oglev,2016Q4,lasso,glob_gscpi__d4,1.0012604350219674,0.5661761595991452
d_og,2,oglev,2016Q4,lasso,us_ppi_plastic_resins_idx__yoy,0.09268587143469874,0.849441119302277
d_og,2,oglev,2016Q4,lasso,w_food_cpi_yoy,-0.20785180339527018,-0.3395536556383855
d_og,2,oglev,2016Q4,lasso,w_food_cpi_dyoy,0.5352283321545677,1.13424383212336
d_og,2,oglev,2016Q4,lasso,w_retail_food_vol_dyoy,0.26596113617057043,0.40103115466723227
d_og,2,oglev,2016Q4,lasso,w_gdp_vol_yoy,-0.4469851543015951,-1.030686949357744
d_og,2,oglev,2016Q4,lasso,w_unemp_d4,-0.05720890148599426,-0.03899131582007473
d_og,2,oglev,2016Q4,lasso,w_fx_vs_usd_yoy,0.10519938485166078,1.1934125875086072
d_og,2,oglev,2016Q4,lasso,w_fx_vs_usd_dyoy,0.023255594239717372,0.37547884717202434
d_og,2,oglev,2016Q4,lasso,w_ec_food_ind_sell_price_exp_d4,0.1418629019092701,2.393731767333521
d_og,2,oglev,2016Q4,lasso,w_ec_cons_price_exp_lvl,-0.02931422524244016,-0.3177028793734825
d_og,2,oglev,2016Q4,lasso,w_hh_saving_d4,-0.3570779438575663,-0.43528744078431186
d_og,2,oglev,2016Q4,lasso,nw_retail_food_vol_yoy,-0.04639871819540448,-0.05668535725370317
d_og,2,oglev,2016Q4,lasso,eu_agri_basket_wloc_dyoy,-0.05514371131589015,-0.6753238827400729
d_og,2,oglev,2016Q4,lasso,packaging_eu_yoy,0.28380544794815005,0.5380350394962985
d_og,2,oglev,2016Q4,lasso,price_cost_gap_agri_d4,0.0244498628793174,0.3307148734403437
d_og,2,oglev,2016Q4,lasso,price_cost_gap_fao_wloc_d4,-0.00819543891802998,-0.15133908530099438
d_og,2,oglev,2016Q4,lasso,price_wage_gap,-0.2629743210188138,-0.5596462790925202
d_og,2,oglev,2016Q4,lasso,price_wage_gap_d4,0.2195901363187741,0.6667945757351745
d_og,2,oglev,2016Q4,enet,no_cpi_food_idx__yoy,0.40434746533633514,0.6695791229543094
d_og,2,oglev,2016Q4,enet,no_cpi_total_idx__yoy,-0.15934025769866117,-0.1633308205690091
d_og,2,oglev,2016Q4,enet,no_jordbruk_malpris_mnok__lvl,0.0013446713170030423,0.3371748483681688
d_og,2,oglev,2016Q4,enet,no_jordbruk_malpris_mnok__d4,0.0026355639258470983,0.8977196497565921
d_og,2,oglev,2016Q4,enet,no_ppi_food_dom_idx__yoy,0.017440708366238906,0.02880726479737986
d_og,2,oglev,2016Q4,enet,no_qna_hh_food_cons_sa_mnok__yoy,0.030266408714408763,0.05357346337062254
d_og,2,oglev,2016Q4,enet,se_cpi_idx__dyoy,0.006555049034236667,0.011047919029391035
d_og,2,oglev,2016Q4,enet,se_cpi_food_idx__dyoy,-0.3607220847741839,-0.9819424608734176
d_og,2,oglev,2016Q4,enet,se_retail_grocery_vol_sa_idx__yoy,-0.020728835105239433,-0.03669380533201659
d_og,2,oglev,2016Q4,enet,se_na_hhcons_food_sa__yoy,0.13301148694779977,0.27934459773972475
d_og,2,oglev,2016Q4,enet,se_na_hhcons_food_sa__dyoy,0.3089482511421241,1.062846774679698
d_og,2,oglev,2016Q4,enet,ea_negotiated_wages_yoy_q__lvl,0.3587534328612209,0.1769798520150594
d_og,2,oglev,2016Q4,enet,no_earn_idx_food_manuf_q__yoy,-0.0744168479450477,-0.14543036056333805
d_og,2,oglev,2016Q4,enet,no_earn_idx_food_manuf_q__dyoy,-0.28233306255794627,-0.8555082825186037
d_og,2,oglev,2016Q4,enet,se_real_wage_yoy_q__d4,-0.08817531401342195,-0.15341521048542225
d_og,2,oglev,2016Q4,enet,se_wage_idx_m__dyoy,0.35653084218434233,0.21374748267594426
d_og,2,oglev,2016Q4,enet,ea_ec_food_ind_sell_price_exp__lvl,-0.05618137941613436,-0.6696719471897549
d_og,2,oglev,2016Q4,enet,ea_ec_food_ind_sell_price_exp__d4,0.0422998065552651,0.6683502565217116
d_og,2,oglev,2016Q4,enet,no_fn_cci_sa__lvl,-0.0005933205752897103,-0.006540356078305857
d_og,2,oglev,2016Q4,enet,no_ssb_bts_consgoods_home_price_exp__lvl,-0.021798480717492543,-0.14652541442251293
d_og,2,oglev,2016Q4,enet,se_ec_cons_conf__lvl,0.20095171731616,0.6778461843279732
d_og,2,oglev,2016Q4,enet,se_nier_food_mfg_sell_price_exp__lvl,0.02439611099369667,0.48350332817099817
d_og,2,oglev,2016Q4,enet,eu_ppi_paper_packaging_idx__yoy,0.18532558682052727,0.44029227410544364
d_og,2,oglev,2016Q4,enet,eu_ppi_plastic_products_idx__dyoy,0.09088028085360837,0.21564393985691002
d_og,2,oglev,2016Q4,enet,glob_fao_cereals_idx__dyoy,-0.00319431235353362,-0.11411461041200567
d_og,2,oglev,2016Q4,enet,glob_fao_meat_idx__dyoy,0.027994423790603615,0.4270262315597643
d_og,2,oglev,2016Q4,enet,glob_fao_sugar_idx__yoy,-0.007678826651679798,-0.22367045197500265
d_og,2,oglev,2016Q4,enet,glob_fao_sugar_idx__dyoy,0.0027811797206974843,0.12196089760751852
d_og,2,oglev,2016Q4,enet,glob_gscpi__lvl,-0.8240616411982253,-0.3486601951968709
d_og,2,oglev,2016Q4,enet,glob_gscpi__d4,1.1603463531715452,0.6561334284911851
d_og,2,oglev,2016Q4,enet,us_ppi_corrugated_boxes_idx__yoy,-0.0017890648090925945,-0.007912394800518838
d_og,2,oglev,2016Q4,enet,us_ppi_plastic_resins_idx__yoy,0.029304207614728944,0.26856519263628337
d_og,2,oglev,2016Q4,enet,us_ppi_plastic_resins_idx__dyoy,0.02395318187986858,0.35251162990001844
d_og,2,oglev,2016Q4,enet,w_food_cpi_yoy,-0.18018171342959524,-0.2943508715094424
d_og,2,oglev,2016Q4,enet,w_food_cpi_dyoy,0.2271620401663628,0.48139668151357806
d_og,2,oglev,2016Q4,enet,w_food_cpi_rel_dyoy,0.08567072929523781,0.15380730799250902
d_og,2,oglev,2016Q4,enet,w_retail_food_vol_dyoy,0.28754553999160937,0.4335773323223151
d_og,2,oglev,2016Q4,enet,w_gdp_vol_yoy,-0.19579985689449195,-0.45148782961838646
d_og,2,oglev,2016Q4,enet,w_unemp_d4,-0.3208556140571887,-0.21868244723088529
d_og,2,oglev,2016Q4,enet,w_fx_vs_usd_yoy,0.07984057862196912,0.9057348734099974
d_og,2,oglev,2016Q4,enet,w_fx_vs_usd_dyoy,0.031897777338167184,0.5150133141654992
d_og,2,oglev,2016Q4,enet,w_fx_vs_nok_yoy,0.021576393699670838,0.06471625446922182
d_og,2,oglev,2016Q4,enet,w_ec_food_ind_sell_price_exp_d4,0.09452658839156576,1.5949997810933347
d_og,2,oglev,2016Q4,enet,w_ec_cons_price_exp_lvl,-0.01900897629212963,-0.2060162413301132
d_og,2,oglev,2016Q4,enet,w_hh_saving_d4,-0.3471028856921921,-0.4231275815290106
d_og,2,oglev,2016Q4,enet,nw_food_cpi_yoy,0.08110335459244748,0.12377942987212733
d_og,2,oglev,2016Q4,enet,nw_food_cpi_xvat_yoy,0.0914715455761927,0.1428802835100717
d_og,2,oglev,2016Q4,enet,nw_real_wage_dyoy,-0.022386319330421425,-0.06518168668657275
d_og,2,oglev,2016Q4,enet,nw_retail_food_vol_yoy,-0.012032962862245233,-0.014700681941133255
d_og,2,oglev,2016Q4,enet,fao_ffpi_sek_yoy,0.03718353486371235,0.42957509515976566
d_og,2,oglev,2016Q4,enet,eu_agri_basket_dyoy,-0.0030973816356435783,-0.04049642620287995
d_og,2,oglev,2016Q4,enet,eu_agri_basket_wloc_dyoy,-0.04569127538400604,-0.5595635252569829
d_og,2,oglev,2016Q4,enet,packaging_eu_yoy,0.13273302866598283,0.25163371893344555
d_og,2,oglev,2016Q4,enet,packaging_eu_dyoy,0.03267918806222054,0.09126840172665272
d_og,2,oglev,2016Q4,enet,price_cost_gap_ppi_d4,0.03681392426537517,0.08741495497465479
d_og,2,oglev,2016Q4,enet,price_cost_gap_fao_nok_d4,-0.0006429185201588925,-0.012159580586401025
d_og,2,oglev,2016Q4,enet,price_cost_gap_agri_d4,0.03140447041618477,0.42478460964847436
d_og,2,oglev,2016Q4,enet,price_cost_gap_fao_wloc_d4,-0.008920828419434831,-0.16473431461422114
d_og,2,oglev,2016Q4,enet,nw_price_cost_gap_ppi,-0.02918422378604838,-0.05540421203859286
d_og,2,oglev,2016Q4,enet,nw_price_cost_gap_ppi_d4,0.027499916046024524,0.08226089772481061
d_og,2,oglev,2016Q4,enet,price_wage_gap,-0.1714099317089316,-0.3647844021756922
d_og,2,oglev,2016Q4,enet,price_wage_gap_d4,0.1994292577848486,0.6055752301223001
d_og,2,oglev,2017Q1,lasso,no_cpi_food_idx__yoy,0.616791522808561,1.0152772881625418
d_og,2,oglev,2017Q1,lasso,no_cpi_total_idx__yoy,-0.20623967266431,-0.21022468109933448
d_og,2,oglev,2017Q1,lasso,no_jordbruk_malpris_mnok__d4,0.0034182274927174513,1.1535475322972533
d_og,2,oglev,2017Q1,lasso,no_qna_hh_food_cons_sa_mnok__yoy,0.012421091601881658,0.022086759790701613
d_og,2,oglev,2017Q1,lasso,no_vat_food_rate__lvl,0.04668035966343908,0.059791027835951825
d_og,2,oglev,2017Q1,lasso,se_cpi_food_idx__dyoy,-0.4520254249725548,-1.22482799251224
d_og,2,oglev,2017Q1,lasso,se_retail_grocery_vol_sa_idx__yoy,-0.13393451209872645,-0.23491464336649132
d_og,2,oglev,2017Q1,lasso,se_na_hhcons_food_sa__yoy,0.13484479667600005,0.2805910662834137
d_og,2,oglev,2017Q1,lasso,se_na_hhcons_food_sa__dyoy,0.3616918800973409,1.233650541506118
d_og,2,oglev,2017Q1,lasso,ea_negotiated_wages_yoy_q__d4,0.014257759713061991,0.0076973234097457936
d_og,2,oglev,2017Q1,lasso,no_earn_idx_food_manuf_q__dyoy,-0.20299348658614064,-0.6093772522351444
d_og,2,oglev,2017Q1,lasso,se_wage_idx_m__dyoy,0.3681432139992927,0.2189563916924418
d_og,2,oglev,2017Q1,lasso,ea_ec_food_ind_sell_price_exp__lvl,-0.05518508847350957,-0.6541718868865057
d_og,2,oglev,2017Q1,lasso,ea_ec_food_ind_sell_price_exp__d4,0.058651967979819204,0.9215137948278747
d_og,2,oglev,2017Q1,lasso,no_nbes_bl_sell_price_di__lvl,0.03695966084862462,0.2649464994633103
d_og,2,oglev,2017Q1,lasso,se_ec_cons_conf__lvl,0.0516907848349334,0.17533589795161278
d_og,2,oglev,2017Q1,lasso,se_nier_food_mfg_sell_price_exp__lvl,0.03674161717098551,0.7216866825394297
d_og,2,oglev,2017Q1,lasso,eu_ppi_plastic_products_idx__yoy,0.345045244639674,0.5730936576249703
d_og,2,oglev,2017Q1,lasso,eu_ppi_plastic_products_idx__dyoy,0.3317506795758008,0.7798749892602533
d_og,2,oglev,2017Q1,lasso,glob_fao_dairy_idx__yoy,-0.0027151981436387878,-0.0810006367495017
d_og,2,oglev,2017Q1,lasso,glob_fao_dairy_idx__dyoy,-0.0030209768524050553,-0.14178396644350597
d_og,2,oglev,2017Q1,lasso,glob_fao_meat_idx__dyoy,0.025776239128138097,0.4042877589793125
d_og,2,oglev,2017Q1,lasso,glob_fao_sugar_idx__dyoy,0.006547970566104228,0.28448238230529205
d_og,2,oglev,2017Q1,lasso,glob_gscpi__lvl,-1.2317350768238842,-0.517504202057807
d_og,2,oglev,2017Q1,lasso,glob_gscpi__d4,1.7893035194144193,1.0030261206863467
d_og,2,oglev,2017Q1,lasso,us_ppi_corrugated_boxes_idx__yoy,-0.09570898147436664,-0.42061926369181507
d_og,2,oglev,2017Q1,lasso,us_ppi_plastic_resins_idx__dyoy,0.018191086871115852,0.26847510126040736
d_og,2,oglev,2017Q1,lasso,w_food_cpi_dyoy,0.1178734940482346,0.24787857864621413
d_og,2,oglev,2017Q1,lasso,w_retail_food_vol_dyoy,0.3527591995219801,0.5269640822472256
d_og,2,oglev,2017Q1,lasso,w_gdp_vol_yoy,-0.22382076088687644,-0.511356408052133
d_og,2,oglev,2017Q1,lasso,w_unemp_d4,-0.9105998877643761,-0.614961893098363
d_og,2,oglev,2017Q1,lasso,w_fx_vs_usd_yoy,0.1413121610405564,1.6226866403751887
d_og,2,oglev,2017Q1,lasso,w_fx_vs_usd_dyoy,0.024016902783121553,0.3843249274324261
d_og,2,oglev,2017Q1,lasso,w_ec_food_ind_sell_price_exp_d4,0.11514861435174814,1.9254426576300694
d_og,2,oglev,2017Q1,lasso,w_ec_cons_price_exp_lvl,-0.04661903777571558,-0.5020790553031079
d_og,2,oglev,2017Q1,lasso,w_hh_saving_d4,-0.3468816152852858,-0.41981879506549175
d_og,2,oglev,2017Q1,lasso,nw_retail_food_vol_yoy,-0.05658566605887942,-0.06890964724724262
d_og,2,oglev,2017Q1,lasso,eu_agri_basket_wloc_dyoy,-0.013308559246703995,-0.1614698349083756
d_og,2,oglev,2017Q1,lasso,nw_price_cost_gap_ppi_d4,0.04562203099967422,0.13530545496332
d_og,2,oglev,2017Q1,lasso,price_wage_gap_d4,0.18045500489977492,0.5473428523805801
d_og,2,oglev,2017Q1,enet,no_cpi_food_idx__yoy,0.5283891728741439,0.8697615104814203
d_og,2,oglev,2017Q1,enet,no_cpi_total_idx__yoy,-0.19960215449840418,-0.2034589113437269
d_og,2,oglev,2017Q1,enet,no_jordbruk_malpris_mnok__d4,0.0028503268949793717,0.9618983999599261
d_og,2,oglev,2017Q1,enet,no_ppi_food_dom_idx__yoy,0.05720167828804535,0.0950919591616841
d_og,2,oglev,2017Q1,enet,no_qna_hh_food_cons_sa_mnok__yoy,0.06754823645606023,0.12011196122766747
d_og,2,oglev,2017Q1,enet,no_qna_hh_food_cons_sa_mnok__dyoy,0.007649433110092639,0.017846902732902504
d_og,2,oglev,2017Q1,enet,no_vat_food_rate__lvl,0.11718629616343343,0.1500992954299731
d_og,2,oglev,2017Q1,enet,se_cpi_food_idx__dyoy,-0.3665064382727752,-0.9931019810660214
d_og,2,oglev,2017Q1,enet,se_retail_grocery_vol_sa_idx__yoy,-0.11847938508980276,-0.20780709959309177
d_og,2,oglev,2017Q1,enet,se_na_hhcons_food_sa__yoy,0.1634470797440747,0.3401079724010044
d_og,2,oglev,2017Q1,enet,se_na_hhcons_food_sa__dyoy,0.2710752217808223,0.9245772784525969
d_og,2,oglev,2017Q1,enet,ea_negotiated_wages_yoy_q__lvl,0.01687661846162425,0.008407463442219215
d_og,2,oglev,2017Q1,enet,no_earn_idx_food_manuf_q__dyoy,-0.2231341343278048,-0.6698385644942602
d_og,2,oglev,2017Q1,enet,se_real_wage_yoy_q__d4,-0.03308387551565124,-0.057082225862088054
d_og,2,oglev,2017Q1,enet,se_wage_idx_m__dyoy,0.42772250137731005,0.25439169319421767
d_og,2,oglev,2017Q1,enet,ea_ec_food_ind_sell_price_exp__lvl,-0.04676367554527607,-0.5543432603879286
d_og,2,oglev,2017Q1,enet,ea_ec_food_ind_sell_price_exp__d4,0.06283087348195827,0.987170910865793
d_og,2,oglev,2017Q1,enet,no_fn_cci_sa__lvl,-0.02627553790307301,-0.3073970371110547
d_og,2,oglev,2017Q1,enet,no_nbes_bl_sell_price_di__lvl,0.04074403956867085,0.29207493818536107
d_og,2,oglev,2017Q1,enet,se_ec_cons_conf__lvl,0.06668335427877417,0.22619091271743996
d_og,2,oglev,2017Q1,enet,se_nier_food_mfg_sell_price_exp__lvl,0.02780509303094597,0.5461535689574922
d_og,2,oglev,2017Q1,enet,eu_ppi_paper_packaging_idx__yoy,0.06922175825984012,0.16308287910136737
d_og,2,oglev,2017Q1,enet,eu_ppi_plastic_products_idx__yoy,0.15934094756224304,0.26465307917295267
d_og,2,oglev,2017Q1,enet,eu_ppi_plastic_products_idx__dyoy,0.32502082167285196,0.7640545307566076
d_og,2,oglev,2017Q1,enet,glob_fao_cereals_idx__dyoy,-0.002765759361242925,-0.09795809457517886
d_og,2,oglev,2017Q1,enet,glob_fao_meat_idx__dyoy,0.02125939723409649,0.3334432933484624
d_og,2,oglev,2017Q1,enet,glob_fao_sugar_idx__yoy,-0.0010230327506979564,-0.029606634699931973
d_og,2,oglev,2017Q1,enet,glob_fao_sugar_idx__dyoy,0.004969399059815307,0.21589994470653737
d_og,2,oglev,2017Q1,enet,glob_gscpi__lvl,-1.0514741817772746,-0.4417689466375703
d_og,2,oglev,2017Q1,enet,glob_gscpi__d4,1.355110480298309,0.7596314394999067
d_og,2,oglev,2017Q1,enet,glob_wb_food_idx__yoy,-0.00919053014589194,-0.15580655784625494
d_og,2,oglev,2017Q1,enet,us_ppi_corrugated_boxes_idx__yoy,-0.045935386959885714,-0.20187560605940086
d_og,2,oglev,2017Q1,enet,us_ppi_plastic_resins_idx__dyoy,0.018534752646034974,0.2735471293571809
d_og,2,oglev,2017Q1,enet,w_food_cpi_yoy,-0.1644739817610713,-0.26619070197352884
d_og,2,oglev,2017Q1,enet,w_food_cpi_dyoy,0.05753628966350159,0.12099423892982698
d_og,2,oglev,2017Q1,enet,w_cpi_yoy,-0.039935929725273406,-0.03397861096454977
d_og,2,oglev,2017Q1,enet,w_food_cpi_rel_dyoy,0.11221801326495094,0.20013637268477558
d_og,2,oglev,2017Q1,enet,w_retail_food_vol_dyoy,0.457466131688619,0.6833789751511804
d_og,2,oglev,2017Q1,enet,w_gdp_vol_yoy,-0.17233455333061004,-0.3937274532765499
d_og,2,oglev,2017Q1,enet,w_unemp_d4,-0.7023179767628052,-0.4743013900511523
d_og,2,oglev,2017Q1,enet,w_fx_vs_usd_yoy,0.08111031421049286,0.9313892187115218
d_og,2,oglev,2017Q1,enet,w_fx_vs_usd_dyoy,0.041563595419060226,0.6651118146877412
d_og,2,oglev,2017Q1,enet,w_fx_vs_nok_yoy,0.019257218959640696,0.05873182162164332
d_og,2,oglev,2017Q1,enet,w_fx_vs_nok_dyoy,0.021919973621311525,0.10596398089902394
d_og,2,oglev,2017Q1,enet,w_ec_food_ind_sell_price_exp_d4,0.0844390968024836,1.411937432947394
d_og,2,oglev,2017Q1,enet,w_ec_cons_price_exp_lvl,-0.04343303203150315,-0.46776631890686865
d_og,2,oglev,2017Q1,enet,w_hh_saving_d4,-0.3803559783476492,-0.4603316563621865
d_og,2,oglev,2017Q1,enet,nw_food_cpi_yoy,0.2119712432704211,0.3218042186264938
d_og,2,oglev,2017Q1,enet,nw_food_cpi_dyoy,-0.08950123630278425,-0.17243656451987865
d_og,2,oglev,2017Q1,enet,nw_food_cpi_xvat_yoy,0.02420287518727995,0.03763020075295771
d_og,2,oglev,2017Q1,enet,nw_real_wage_dyoy,-0.044186934940264114,-0.128699627624737
d_og,2,oglev,2017Q1,enet,nw_retail_food_vol_yoy,-0.05172997186053155,-0.06299641519302475
d_og,2,oglev,2017Q1,enet,fao_ffpi_sek_yoy,0.003482691670012631,0.04007040975492245
d_og,2,oglev,2017Q1,enet,fao_ffpi_sek_dyoy,0.0008066458505307394,0.014139796565843289
d_og,2,oglev,2017Q1,enet,eu_agri_basket_wloc_dyoy,-0.026036267972987408,-0.31589233765252883
d_og,2,oglev,2017Q1,enet,packaging_eu_yoy,0.1477090840909588,0.2776722731621841
d_og,2,oglev,2017Q1,enet,packaging_eu_dyoy,0.029683445780731243,0.08213186495626633
d_og,2,oglev,2017Q1,enet,price_cost_gap_ppi_d4,0.021594769648181387,0.050824489728039574
d_og,2,oglev,2017Q1,enet,price_cost_gap_fao_nok_d4,-0.004844423852078226,-0.0908088883904414
d_og,2,oglev,2017Q1,enet,price_cost_gap_agri_d4,0.007488845449879983,0.10035696094634179
d_og,2,oglev,2017Q1,enet,price_cost_gap_fao_wloc_d4,-0.008937546353060677,-0.16351764675283642
d_og,2,oglev,2017Q1,enet,nw_price_cost_gap_ppi_d4,0.060828004967966046,0.1804032110442542
d_og,2,oglev,2017Q1,enet,price_wage_gap,-0.05085577007058844,-0.10766024484145548
d_og,2,oglev,2017Q1,enet,price_wage_gap_d4,0.20787803127295545,0.6305203596175836
d_og,2,oglev,2017Q2,lasso,no_cpi_food_idx__yoy,0.5430792200597692,0.8857807021694395
d_og,2,oglev,2017Q2,lasso,no_cpi_total_idx__yoy,-0.20793750272016676,-0.2129468051473029
d_og,2,oglev,2017Q2,lasso,no_jordbruk_malpris_mnok__d4,0.0035951341331089525,1.2022381515685545
d_og,2,oglev,2017Q2,lasso,no_qna_hh_food_cons_sa_mnok__yoy,0.024565555511411565,0.04351043090122402
d_og,2,oglev,2017Q2,lasso,no_vat_food_rate__lvl,0.05535096174972565,0.07097662956065443
d_og,2,oglev,2017Q2,lasso,se_cpi_food_idx__dyoy,-0.43509141865454726,-1.1717307049249481
d_og,2,oglev,2017Q2,lasso,se_retail_grocery_vol_sa_idx__yoy,-0.09164219135760546,-0.15927704098294668
d_og,2,oglev,2017Q2,lasso,se_na_hhcons_food_sa__yoy,0.1296579813726602,0.26743797357704613
d_og,2,oglev,2017Q2,lasso,se_na_hhcons_food_sa__dyoy,0.37751061130125896,1.2765324178980078
d_og,2,oglev,2017Q2,lasso,ea_negotiated_wages_yoy_q__d4,0.020257203839789416,0.01083995683889704
d_og,2,oglev,2017Q2,lasso,no_earn_idx_food_manuf_q__dyoy,-0.19387880514188238,-0.5864705175786236
d_og,2,oglev,2017Q2,lasso,se_wage_idx_m__dyoy,0.40999552986632,0.2417118388689602
d_og,2,oglev,2017Q2,lasso,ea_ec_food_ind_sell_price_exp__lvl,-0.054409823768623064,-0.644690922210341
d_og,2,oglev,2017Q2,lasso,ea_ec_food_ind_sell_price_exp__d4,0.058675009759136025,0.9135495707572656
d_og,2,oglev,2017Q2,lasso,no_nbes_bl_sell_price_di__lvl,0.037268399998411444,0.2672542356320796
d_og,2,oglev,2017Q2,lasso,se_ec_cons_conf__lvl,0.05111289362685764,0.17257238140086786
d_og,2,oglev,2017Q2,lasso,se_nier_food_mfg_sell_price_exp__lvl,0.03528496425169085,0.6867737118916943
d_og,2,oglev,2017Q2,lasso,eu_ppi_plastic_products_idx__yoy,0.2436824593072554,0.40156316273065606
d_og,2,oglev,2017Q2,lasso,eu_ppi_plastic_products_idx__dyoy,0.39480827204817526,0.9200408133773988
d_og,2,oglev,2017Q2,lasso,glob_fao_dairy_idx__yoy,-0.002892654096637058,-0.08592718308389746
d_og,2,oglev,2017Q2,lasso,glob_fao_dairy_idx__dyoy,-0.00530761063171705,-0.24800635271284494
d_og,2,oglev,2017Q2,lasso,glob_fao_meat_idx__dyoy,0.027295230751443172,0.42656523877154573
d_og,2,oglev,2017Q2,lasso,glob_fao_sugar_idx__dyoy,0.0074539370198066284,0.32115200265689026
d_og,2,oglev,2017Q2,lasso,glob_gscpi__lvl,-1.378600518918469,-0.5795023753209719
d_og,2,oglev,2017Q2,lasso,glob_gscpi__d4,1.7914306999293024,0.9982893534259879
d_og,2,oglev,2017Q2,lasso,us_ppi_corrugated_boxes_idx__yoy,-0.10665645937051942,-0.46693650512771906
d_og,2,oglev,2017Q2,lasso,us_ppi_plastic_resins_idx__dyoy,0.018292399268760213,0.27134635138344637
d_og,2,oglev,2017Q2,lasso,w_food_cpi_dyoy,0.09827770110813995,0.2051428649648859
d_og,2,oglev,2017Q2,lasso,w_retail_food_vol_dyoy,0.2700402689113479,0.4003204083777322
d_og,2,oglev,2017Q2,lasso,w_gdp_vol_yoy,-0.2244589430763243,-0.5081903245184757
d_og,2,oglev,2017Q2,lasso,w_unemp_d4,-1.006590805486486,-0.6736340546012176
d_og,2,oglev,2017Q2,lasso,w_fx_vs_usd_yoy,0.15090444310259118,1.72172580430663
d_og,2,oglev,2017Q2,lasso,w_fx_vs_usd_dyoy,0.020500127317383737,0.3287512277353243
d_og,2,oglev,2017Q2,lasso,w_ec_food_ind_sell_price_exp_d4,0.11368442499788103,1.9001989968800628
d_og,2,oglev,2017Q2,lasso,w_ec_cons_price_exp_lvl,-0.04750929795955849,-0.5138444608073042
d_og,2,oglev,2017Q2,lasso,w_hh_saving_d4,-0.31785735259785836,-0.386645129931705
d_og,2,oglev,2017Q2,lasso,nw_retail_food_vol_yoy,-0.03928212343975198,-0.04752622359390425
d_og,2,oglev,2017Q2,lasso,eu_agri_basket_wloc_dyoy,-1.6108042149790987e-05,-0.000198314835133733
d_og,2,oglev,2017Q2,lasso,nw_price_cost_gap_ppi_d4,0.06472463034017673,0.19020692411038875
d_og,2,oglev,2017Q2,lasso,price_wage_gap_d4,0.18162372571323507,0.5497447814702083
d_og,2,oglev,2017Q2,enet,no_cpi_food_idx__yoy,0.48798392292814147,0.79591839630895
d_og,2,oglev,2017Q2,enet,no_cpi_total_idx__yoy,-0.14647031951411463,-0.14999885148861306
d_og,2,oglev,2017Q2,enet,no_jordbruk_malpris_mnok__d4,0.0031430676495208987,1.0510639384537286
d_og,2,oglev,2017Q2,enet,no_ppi_food_dom_idx__yoy,0.10654498087282557,0.1765739713074932
d_og,2,oglev,2017Q2,enet,no_qna_hh_food_cons_sa_mnok__yoy,0.04737013376754852,0.08390182469585136
d_og,2,oglev,2017Q2,enet,no_qna_hh_food_cons_sa_mnok__dyoy,0.03005474101407076,0.06948037409914319
d_og,2,oglev,2017Q2,enet,no_vat_food_rate__lvl,0.11509669374249859,0.14758868025374294
d_og,2,oglev,2017Q2,enet,se_cpi_food_idx__dyoy,-0.37014426524161737,-0.9968236150845411
d_og,2,oglev,2017Q2,enet,se_retail_grocery_vol_sa_idx__yoy,-0.08377391327795546,-0.14560172362538518
d_og,2,oglev,2017Q2,enet,se_na_hhcons_food_sa__yoy,0.18871424435575684,0.389249890838337
d_og,2,oglev,2017Q2,enet,se_na_hhcons_food_sa__dyoy,0.28836185398845343,0.9750805505376404
d_og,2,oglev,2017Q2,enet,no_earn_idx_food_manuf_q__dyoy,-0.19602072414023025,-0.5929496803868185
d_og,2,oglev,2017Q2,enet,se_real_wage_yoy_q__d4,-0.029892769943700034,-0.05112695114507367
d_og,2,oglev,2017Q2,enet,se_wage_idx_m__dyoy,0.5103054188124242,0.3008492829328248
d_og,2,oglev,2017Q2,enet,ea_ec_food_ind_sell_price_exp__lvl,-0.043749354536186315,-0.5183771930962623
d_og,2,oglev,2017Q2,enet,ea_ec_food_ind_sell_price_exp__d4,0.058943503146044234,0.9177299197570877
d_og,2,oglev,2017Q2,enet,no_fn_cci_sa__lvl,-0.02373136061871295,-0.29540191740361144
d_og,2,oglev,2017Q2,enet,no_nbes_bl_sell_price_di__lvl,0.03904941093016455,0.28002598637099896
d_og,2,oglev,2017Q2,enet,se_ec_cons_conf__lvl,0.07220517417570062,0.243786214647366
d_og,2,oglev,2017Q2,enet,se_nier_food_mfg_sell_price_exp__lvl,0.0274461216068491,0.5342013294533332
d_og,2,oglev,2017Q2,enet,eu_ppi_paper_packaging_idx__yoy,0.07166119907021144,0.1673473378758461
d_og,2,oglev,2017Q2,enet,eu_ppi_plastic_products_idx__yoy,0.13351271384796567,0.22001496451552705
d_og,2,oglev,2017Q2,enet,eu_ppi_plastic_products_idx__dyoy,0.3506333588580983,0.8170978764135172
d_og,2,oglev,2017Q2,enet,glob_fao_cereals_idx__dyoy,-0.0009026576807256802,-0.03167918032370105
d_og,2,oglev,2017Q2,enet,glob_fao_dairy_idx__yoy,-0.004884487555089346,-0.145095210970827
d_og,2,oglev,2017Q2,enet,glob_fao_dairy_idx__dyoy,-0.0012979897946969717,-0.060650589724429396
d_og,2,oglev,2017Q2,enet,glob_fao_meat_idx__dyoy,0.02317763420591039,0.3622161380218766
d_og,2,oglev,2017Q2,enet,glob_fao_sugar_idx__yoy,-0.002773692048243663,-0.0795668970379462
d_og,2,oglev,2017Q2,enet,glob_fao_sugar_idx__dyoy,0.006184263932745485,0.26644828654743746
d_og,2,oglev,2017Q2,enet,glob_fao_vegoils_idx__dyoy,-0.00033534135584342776,-0.013783687636361093
d_og,2,oglev,2017Q2,enet,glob_gscpi__lvl,-1.1825598434806592,-0.4970955899493372
d_og,2,oglev,2017Q2,enet,glob_gscpi__d4,1.3820203057592477,0.7701420755558296
d_og,2,oglev,2017Q2,enet,glob_wb_food_idx__yoy,-0.005995869665897276,-0.10152416357943848
d_og,2,oglev,2017Q2,enet,us_ppi_corrugated_boxes_idx__yoy,-0.05188365182371243,-0.2271439648269819
d_og,2,oglev,2017Q2,enet,us_ppi_plastic_resins_idx__dyoy,0.018977370106741717,0.28150709273615465
d_og,2,oglev,2017Q2,enet,w_food_cpi_yoy,-0.15190906756552375,-0.24361415476213422
d_og,2,oglev,2017Q2,enet,w_food_cpi_dyoy,0.06400154647990909,0.13359552023530594
d_og,2,oglev,2017Q2,enet,w_cpi_yoy,-0.07476128378651836,-0.06319524868098311
d_og,2,oglev,2017Q2,enet,w_food_cpi_rel_dyoy,0.09938378129827322,0.17585755026360034
d_og,2,oglev,2017Q2,enet,w_real_wage_yoy,0.006326420226257692,0.009439030591411048
d_og,2,oglev,2017Q2,enet,w_retail_food_vol_dyoy,0.37622468484237065,0.5577331858135781
d_og,2,oglev,2017Q2,enet,w_gdp_vol_yoy,-0.19384318866262,-0.4388741727196684
d_og,2,oglev,2017Q2,enet,w_unemp_d4,-0.6084301836600685,-0.40717567588212783
d_og,2,oglev,2017Q2,enet,w_fx_vs_usd_yoy,0.08330763868154568,0.9504883240340288
d_og,2,oglev,2017Q2,enet,w_fx_vs_usd_dyoy,0.0419383181774085,0.6725457543030161
d_og,2,oglev,2017Q2,enet,w_fx_vs_nok_yoy,0.00018030439574220997,0.0005591602422788911
d_og,2,oglev,2017Q2,enet,w_fx_vs_nok_dyoy,0.03418447589972612,0.16421395381720225
d_og,2,oglev,2017Q2,enet,w_ec_food_ind_sell_price_exp_d4,0.08844906240712708,1.4783979394199127
d_og,2,oglev,2017Q2,enet,w_ec_cons_price_exp_lvl,-0.054164866860448295,-0.5858288377634685
d_og,2,oglev,2017Q2,enet,w_hh_saving_d4,-0.34932479796539195,-0.4249224716490186
d_og,2,oglev,2017Q2,enet,nw_food_cpi_yoy,0.15412064484112395,0.23197750109843332
d_og,2,oglev,2017Q2,enet,nw_food_cpi_dyoy,-0.04933765765091894,-0.0942729034702481
d_og,2,oglev,2017Q2,enet,nw_real_wage_dyoy,-0.05634749811180224,-0.16436797792801552
d_og,2,oglev,2017Q2,enet,nw_retail_food_vol_yoy,-0.07598284274088012,-0.09192928633153172
d_og,2,oglev,2017Q2,enet,fao_ffpi_sek_yoy,0.0049101945385886525,0.056762701456479624
d_og,2,oglev,2017Q2,enet,fao_ffpi_sek_dyoy,0.0021897434945203492,0.038392117984761116
d_og,2,oglev,2017Q2,enet,eu_agri_basket_wloc_dyoy,-0.007849849279364003,-0.09664374796051331
d_og,2,oglev,2017Q2,enet,packaging_eu_yoy,0.14067149932945427,0.2622287988153491
d_og,2,oglev,2017Q2,enet,packaging_eu_dyoy,0.0211556547424965,0.05801432331431513
d_og,2,oglev,2017Q2,enet,price_cost_gap_ppi_d4,0.045287260398041845,0.1056160368103371
d_og,2,oglev,2017Q2,enet,price_cost_gap_fao_nok_d4,-0.002133681930070549,-0.039635756088446016
d_og,2,oglev,2017Q2,enet,price_cost_gap_fao_wloc_d4,-0.00833848419109854,-0.15130632560456966
d_og,2,oglev,2017Q2,enet,nw_price_cost_gap_ppi_d4,0.06258017036130259,0.18390497793756855
d_og,2,oglev,2017Q2,enet,price_wage_gap,-0.07174918939202539,-0.15105270737372709
d_og,2,oglev,2017Q2,enet,price_wage_gap_d4,0.19849268543945825,0.6008043142592471
d_og,2,oglev,2017Q3,lasso,no_cpi_food_idx__yoy,0.08228492364941808,0.13331180121168443
d_og,2,oglev,2017Q3,lasso,no_cpi_total_idx__yoy,-0.15309400853682975,-0.1584245398935917
d_og,2,oglev,2017Q3,lasso,no_imp_price_food_idx__yoy,-0.09853876457811864,-0.42477146575798
d_og,2,oglev,2017Q3,lasso,no_jordbruk_malpris_mnok__d4,0.004955608182477708,1.6424196509724607
d_og,2,oglev,2017Q3,lasso,no_vat_food_rate__d4,0.006117202682055821,0.004122112477391477
d_og,2,oglev,2017Q3,lasso,se_retail_grocery_vol_sa_idx__yoy,-0.018172017863929323,-0.031341970386442805
d_og,2,oglev,2017Q3,lasso,se_na_hhcons_food_sa__dyoy,0.4655461499138559,1.5602435169326312
d_og,2,oglev,2017Q3,lasso,ea_negotiated_wages_yoy_q__lvl,0.6206921168748053,0.3169742402818741
d_og,2,oglev,2017Q3,lasso,no_earn_idx_food_manuf_q__dyoy,-0.11695937467637019,-0.3509424758009331
d_og,2,oglev,2017Q3,lasso,se_wage_idx_m__yoy,0.6148947888645391,0.3452933037987443
d_og,2,oglev,2017Q3,lasso,se_wage_idx_m__dyoy,0.033475438997087215,0.01961949335106279
d_og,2,oglev,2017Q3,lasso,ea_ec_food_ind_sell_price_exp__lvl,-0.05758160560879075,-0.6810750150492955
d_og,2,oglev,2017Q3,lasso,ea_ec_food_ind_sell_price_exp__d4,0.04966638224541491,0.7663540498585991
d_og,2,oglev,2017Q3,lasso,no_fn_cci_sa__lvl,-0.03460810184617687,-0.4504260966049578
d_og,2,oglev,2017Q3,lasso,se_ec_cons_conf__lvl,0.04813057427221362,0.16163119636165685
d_og,2,oglev,2017Q3,lasso,se_nier_food_mfg_sell_price_exp__lvl,0.019706928735299386,0.3801295327515181
d_og,2,oglev,2017Q3,lasso,eu_ppi_plastic_products_idx__yoy,0.08362667782116574,0.13659223697589093
d_og,2,oglev,2017Q3,lasso,glob_fao_sugar_idx__yoy,-0.0023762485605926505,-0.0679657549525497
d_og,2,oglev,2017Q3,lasso,glob_gscpi__lvl,-0.8651743066808004,-0.3606562136477067
d_og,2,oglev,2017Q3,lasso,glob_gscpi__d4,1.398162932056464,0.7727197596614341
d_og,2,oglev,2017Q3,lasso,us_ppi_corrugated_boxes_idx__yoy,-0.024467497831704457,-0.10681572433567052
d_og,2,oglev,2017Q3,lasso,us_ppi_plastic_resins_idx__yoy,0.009571262130551865,0.09264995783697128
d_og,2,oglev,2017Q3,lasso,w_real_wage_yoy,0.21290217414205861,0.3160343498855088
d_og,2,oglev,2017Q3,lasso,w_retail_food_vol_dyoy,0.18617033380248976,0.2737768740840775
d_og,2,oglev,2017Q3,lasso,w_gdp_vol_yoy,-0.2638571758889916,-0.5920523723626113
d_og,2,oglev,2017Q3,lasso,w_unemp_d4,-0.3566784472250603,-0.23702826455029946
d_og,2,oglev,2017Q3,lasso,w_gov10y_d4,-0.9661088547232198,-0.5941823512458448
d_og,2,oglev,2017Q3,lasso,w_fx_vs_usd_yoy,0.12759788594282961,1.4431468165141796
d_og,2,oglev,2017Q3,lasso,w_fx_vs_usd_dyoy,0.020843828962611,0.3373341829779434
d_og,2,oglev,2017Q3,lasso,w_ec_food_ind_sell_price_exp_d4,0.13190128839885734,2.1849730399347016
d_og,2,oglev,2017Q3,lasso,w_ec_cons_price_exp_lvl,-0.07679361076617236,-0.8276189038820084
d_og,2,oglev,2017Q3,lasso,w_hh_saving_d4,-0.2668357045782626,-0.321704844581382
d_og,2,oglev,2017Q3,lasso,nw_real_wage_yoy,0.20139506885524674,0.36215477580565386
d_og,2,oglev,2017Q3,lasso,nw_real_wage_dyoy,-0.03895463582215189,-0.11285376020856211
d_og,2,oglev,2017Q3,lasso,packaging_eu_yoy,0.28954884708653605,0.534973039141351
d_og,2,oglev,2017Q3,lasso,price_cost_gap_fao_wloc_d4,-0.04018104888638093,-0.7251147264977825
d_og,2,oglev,2017Q3,lasso,nw_price_cost_gap_ppi_d4,0.21582048829040926,0.6291693474234367
d_og,2,oglev,2017Q3,lasso,price_wage_gap_d4,0.3871985932824202,1.1623972610562656
d_og,2,oglev,2017Q3,enet,no_cpi_food_idx__yoy,0.19265183227461227,0.3121199076113077
d_og,2,oglev,2017Q3,enet,no_cpi_total_idx__yoy,-0.10208691534910048,-0.1056414470292385
d_og,2,oglev,2017Q3,enet,no_fx_eurnok__dyoy,-0.02008917979043519,-0.20206103715841275
d_og,2,oglev,2017Q3,enet,no_govbond_10y__d4,-0.33695893565206086,-0.2232454396102024
d_og,2,oglev,2017Q3,enet,no_imp_price_food_idx__yoy,-0.07795905813525461,-0.33605843887936354
d_og,2,oglev,2017Q3,enet,no_jordbruk_malpris_mnok__lvl,0.0012272467719854248,0.30034207502337434
d_og,2,oglev,2017Q3,enet,no_jordbruk_malpris_mnok__d4,0.0030219275713071012,1.0015467414231134
d_og,2,oglev,2017Q3,enet,se_cpi_food_idx__dyoy,-0.09244350818491665,-0.24680167130089922
d_og,2,oglev,2017Q3,enet,se_ppi_food_hmpi_idx__yoy,-0.013974539892614834,-0.04481832117386801
d_og,2,oglev,2017Q3,enet,se_retail_grocery_vol_sa_idx__yoy,-0.11670070751018764,-0.20127814897879137
d_og,2,oglev,2017Q3,enet,se_retail_grocery_vol_sa_idx__dyoy,0.01114824623796763,0.023361069755437662
d_og,2,oglev,2017Q3,enet,se_na_hhcons_food_sa__yoy,0.09491387029560887,0.1953331471619713
d_og,2,oglev,2017Q3,enet,se_na_hhcons_food_sa__dyoy,0.34168501385236,1.1451320729316037
d_og,2,oglev,2017Q3,enet,ea_negotiated_wages_yoy_q__lvl,0.5016043924089186,0.2561586765535444
d_og,2,oglev,2017Q3,enet,no_earn_idx_food_manuf_q__dyoy,-0.13204060677695376,-0.39619446988992507
d_og,2,oglev,2017Q3,enet,se_wage_idx_m__yoy,0.21552992733351103,0.12103052753775445
d_og,2,oglev,2017Q3,enet,se_wage_idx_m__dyoy,0.09674182633884433,0.0566990508709917
d_og,2,oglev,2017Q3,enet,ea_ec_food_ind_sell_price_exp__lvl,-0.06209393472237537,-0.7344468268709659
d_og,2,oglev,2017Q3,enet,ea_ec_food_ind_sell_price_exp__d4,0.06141048083967752,0.9475659101301956
d_og,2,oglev,2017Q3,enet,no_fn_cci_sa__lvl,-0.04762289263130553,-0.6198142195806555
d_og,2,oglev,2017Q3,enet,no_fn_cci_sa__d4,-0.01792344344659801,-0.2602661949649651
d_og,2,oglev,2017Q3,enet,no_nbes_bl_sell_price_di__lvl,0.029716702123404763,0.21360502538092074
d_og,2,oglev,2017Q3,enet,se_ec_cons_conf__lvl,0.11858513984378787,0.39823040371930896
d_og,2,oglev,2017Q3,enet,se_nier_food_mfg_sell_price_exp__lvl,0.017718550214692125,0.34177543871058735
d_og,2,oglev,2017Q3,enet,eu_ppi_paper_packaging_idx__yoy,0.14345791901168034,0.3320292740467981
d_og,2,oglev,2017Q3,enet,eu_ppi_plastic_products_idx__yoy,0.21521316584772013,0.3515199756310698
d_og,2,oglev,2017Q3,enet,eu_ppi_plastic_products_idx__dyoy,0.03871920786093365,0.09001153241145507
d_og,2,oglev,2017Q3,enet,glob_fao_dairy_idx__dyoy,-0.0009630785883196204,-0.04475801866265351
d_og,2,oglev,2017Q3,enet,glob_fao_ffpi_eur__dyoy,6.7455269171981e-05,0.0013868241826897505
d_og,2,oglev,2017Q3,enet,glob_fao_meat_idx__dyoy,0.0018040283142827787,0.027976378065742283
d_og,2,oglev,2017Q3,enet,glob_fao_sugar_idx__yoy,-0.010012463514835085,-0.2863777186469516
d_og,2,oglev,2017Q3,enet,glob_gscpi__lvl,-0.8430474052665559,-0.35143240242007884
d_og,2,oglev,2017Q3,enet,glob_gscpi__d4,1.264590347412479,0.6988984809413312
d_og,2,oglev,2017Q3,enet,glob_wb_food_idx__yoy,-0.014385432485347481,-0.2414057294596223
d_og,2,oglev,2017Q3,enet,us_ppi_corrugated_boxes_idx__yoy,-0.014360063522537117,-0.06269053734944947
d_og,2,oglev,2017Q3,enet,us_ppi_plastic_resins_idx__yoy,0.023455711426790628,0.22705163071351542
d_og,2,oglev,2017Q3,enet,w_cpi_yoy,-0.05663949770058439,-0.047472798059065215
d_og,2,oglev,2017Q3,enet,w_food_cpi_rel_dyoy,0.13498197107299273,0.2367164084728505
d_og,2,oglev,2017Q3,enet,w_wage_dyoy,-0.05730934495036422,-0.14019345249373028
d_og,2,oglev,2017Q3,enet,w_real_wage_yoy,0.17085006030472424,0.2536117254503741
d_og,2,oglev,2017Q3,enet,w_real_wage_dyoy,-0.015104530413730284,-0.03311439304585506
d_og,2,oglev,2017Q3,enet,w_retail_food_vol_dyoy,0.3727709089033508,0.548186448960833
d_og,2,oglev,2017Q3,enet,w_gdp_vol_yoy,-0.2906406445217378,-0.6521500979245204
d_og,2,oglev,2017Q3,enet,w_food_ppi_yoy,-5.1739236027207035e-06,-1.0503735696809296e-05
d_og,2,oglev,2017Q3,enet,w_unemp_lvl,-0.0897419844643491,-0.05754972830955832
d_og,2,oglev,2017Q3,enet,w_unemp_d4,-0.29155533397755606,-0.19375113739204258
d_og,2,oglev,2017Q3,enet,w_gov10y_d4,-0.2751281880966527,-0.1692110706759979
d_og,2,oglev,2017Q3,enet,w_fx_vs_eur_dyoy,-0.004259459554616702,-0.027242198180853137
d_og,2,oglev,2017Q3,enet,w_fx_vs_usd_yoy,0.06509980577453378,0.7362863166973127
d_og,2,oglev,2017Q3,enet,w_fx_vs_usd_dyoy,0.0507772379356328,0.8217731062569453
d_og,2,oglev,2017Q3,enet,w_fx_vs_nok_yoy,0.05896523988587365,0.1849760563100417
d_og,2,oglev,2017Q3,enet,w_fx_vs_nok_dyoy,0.02017950774626836,0.09618780147010697
d_og,2,oglev,2017Q3,enet,w_ec_food_ind_sell_price_exp_d4,0.111346599649219,1.8444802266545095
d_og,2,oglev,2017Q3,enet,w_ec_cons_price_exp_lvl,-0.0830465474412947,-0.8950079554642524
d_og,2,oglev,2017Q3,enet,w_hh_saving_d4,-0.3692448694107381,-0.4451722962412395
d_og,2,oglev,2017Q3,enet,nw_food_cpi_yoy,0.14832842273172417,0.22133967192001647
d_og,2,oglev,2017Q3,enet,nw_real_wage_yoy,0.13115127093050552,0.23584022881216837
d_og,2,oglev,2017Q3,enet,nw_real_wage_dyoy,-0.12817272763662568,-0.3713235655961537
d_og,2,oglev,2017Q3,enet,fao_ffpi_sek_yoy,0.006040191753517836,0.06954241275630345
d_og,2,oglev,2017Q3,enet,fao_ffpi_sek_dyoy,0.0014404018846510805,0.025053425626811447
d_og,2,oglev,2017Q3,enet,packaging_eu_yoy,0.2283004738278257,0.42180999700054267
d_og,2,oglev,2017Q3,enet,price_cost_gap_ppi_d4,0.11877084504972918,0.27452741779119083
d_og,2,oglev,2017Q3,enet,price_cost_gap_fao_nok_d4,-0.01667060342591335,-0.3074928758855283
d_og,2,oglev,2017Q3,enet,price_cost_gap_fao_wloc_d4,-0.03619123902766201,-0.6531138712522215
d_og,2,oglev,2017Q3,enet,nw_price_cost_gap_ppi_d4,0.09329848033785217,0.2719878193898672
d_og,2,oglev,2017Q3,enet,price_wage_gap,-0.008224530817768637,-0.01717421096991764
d_og,2,oglev,2017Q3,enet,price_wage_gap_d4,0.24856376589990142,0.746205811933652
d_og,2,oglev,2017Q4,lasso,no_cpi_food_idx__yoy,0.49887838225770953,0.8046336103341057
d_og,2,oglev,2017Q4,lasso,no_cpi_total_idx__yoy,-0.10208336479061837,-0.10829226114020107
d_og,2,oglev,2017Q4,lasso,no_imp_price_food_idx__yoy,-0.07610047262287536,-0.32685082286676337
d_og,2,oglev,2017Q4,lasso,no_jordbruk_malpris_mnok__d4,0.004032552127653997,1.3263993049317122
d_og,2,oglev,2017Q4,lasso,se_cpi_food_idx__dyoy,-0.030921269128193686,-0.08214218469509672
d_og,2,oglev,2017Q4,lasso,se_retail_grocery_vol_sa_idx__yoy,-0.07010151867628511,-0.11984560841224379
d_og,2,oglev,2017Q4,lasso,se_na_hhcons_food_sa__dyoy,0.43698021461744135,1.4522252676318848
d_og,2,oglev,2017Q4,lasso,ea_negotiated_wages_yoy_q__lvl,0.48851239458306056,0.2523435138692911
d_og,2,oglev,2017Q4,lasso,no_earn_idx_food_manuf_q__dyoy,-0.047206192526438914,-0.1486380346083233
d_og,2,oglev,2017Q4,lasso,ea_ec_food_ind_sell_price_exp__lvl,-0.037609944006502215,-0.44104806609828706
d_og,2,oglev,2017Q4,lasso,ea_ec_food_ind_sell_price_exp__d4,0.04840112248493335,0.7426389654285716
d_og,2,oglev,2017Q4,lasso,no_fn_cci_sa__lvl,-0.038663067994726796,-0.5123278862956293
d_og,2,oglev,2017Q4,lasso,no_ssb_bts_consgoods_home_price_exp__lvl,-0.039610433492904475,-0.2644885717574049
d_og,2,oglev,2017Q4,lasso,se_ec_cons_conf__lvl,0.030814473215336636,0.10292607257863741
d_og,2,oglev,2017Q4,lasso,se_nier_food_mfg_sell_price_exp__lvl,0.014649752996592309,0.2800918901942886
d_og,2,oglev,2017Q4,lasso,eu_ppi_plastic_products_idx__yoy,0.023666269819059647,0.03840158720905719
d_og,2,oglev,2017Q4,lasso,glob_fao_meat_idx__dyoy,0.0012108829392757218,0.018795175877428308
d_og,2,oglev,2017Q4,lasso,glob_fao_sugar_idx__yoy,-0.007609536323338494,-0.22096098828760607
d_og,2,oglev,2017Q4,lasso,glob_gscpi__lvl,-0.6111857776255148,-0.2529966648050351
d_og,2,oglev,2017Q4,lasso,glob_gscpi__d4,1.23106241978649,0.6769967031200157
d_og,2,oglev,2017Q4,lasso,us_ppi_corrugated_boxes_idx__yoy,-0.014887646297333542,-0.06482851514357732
d_og,2,oglev,2017Q4,lasso,w_real_wage_yoy,0.21962684011472808,0.32490474000623143
d_og,2,oglev,2017Q4,lasso,w_retail_food_vol_dyoy,0.23464324416096902,0.34520453677437246
d_og,2,oglev,2017Q4,lasso,w_gdp_vol_yoy,-0.2480555771836532,-0.5523029848090789
d_og,2,oglev,2017Q4,lasso,w_unemp_d4,-0.3425183544684208,-0.22637349637040147
d_og,2,oglev,2017Q4,lasso,w_gov10y_d4,-1.0107967136699012,-0.6171328141792317
d_og,2,oglev,2017Q4,lasso,w_fx_vs_usd_yoy,0.11741092365239876,1.3164917723328535
d_og,2,oglev,2017Q4,lasso,w_fx_vs_usd_dyoy,0.0193038609620124,0.3140930144757776
d_og,2,oglev,2017Q4,lasso,w_fx_vs_nok_yoy,0.1599623310314032,0.49740403719878074
d_og,2,oglev,2017Q4,lasso,w_ec_food_ind_sell_price_exp_d4,0.12584634122960583,2.066307462978583
d_og,2,oglev,2017Q4,lasso,w_ec_cons_price_exp_lvl,-0.09503381267881902,-1.019964620792863
d_og,2,oglev,2017Q4,lasso,w_hh_saving_d4,-0.3685668573275801,-0.4409398003407094
d_og,2,oglev,2017Q4,lasso,packaging_eu_yoy,0.4873612025358727,0.8932164038274125
d_og,2,oglev,2017Q4,lasso,price_cost_gap_fao_wloc_d4,-0.06135364944951459,-1.097457722203284
d_og,2,oglev,2017Q4,lasso,nw_price_cost_gap_ppi_d4,0.22281393950867487,0.6438354528661085
d_og,2,oglev,2017Q4,lasso,price_wage_gap,-0.04618492448207188,-0.09565072733497948
d_og,2,oglev,2017Q4,lasso,price_wage_gap_d4,0.43224077331832955,1.2868568316574187
d_og,2,oglev,2017Q4,enet,no_cpi_food_idx__yoy,0.3497742542627836,0.5641457537921483
d_og,2,oglev,2017Q4,enet,no_cpi_total_idx__yoy,-0.03304900830689403,-0.035059109242094204
d_og,2,oglev,2017Q4,enet,no_fx_eurnok__dyoy,-0.007850567578161738,-0.07884502664702453
d_og,2,oglev,2017Q4,enet,no_govbond_10y__d4,-0.268269204899521,-0.17625577795437805
d_og,2,oglev,2017Q4,enet,no_imp_price_food_idx__yoy,-0.05793954664192538,-0.2488498145115067
d_og,2,oglev,2017Q4,enet,no_jordbruk_malpris_mnok__lvl,2.896485796925766e-05,0.00707023513232484
d_og,2,oglev,2017Q4,enet,no_jordbruk_malpris_mnok__d4,0.0029023470625050146,0.95464881903879
d_og,2,oglev,2017Q4,enet,no_qna_hh_food_cons_sa_mnok__dyoy,-0.006403700085690272,-0.01505532445878827
d_og,2,oglev,2017Q4,enet,se_cpi_food_idx__dyoy,-0.09009478094395486,-0.2393362997385786
d_og,2,oglev,2017Q4,enet,se_ppi_food_hmpi_idx__yoy,-0.0041177206438486715,-0.013094385213502927
d_og,2,oglev,2017Q4,enet,se_retail_grocery_vol_sa_idx__yoy,-0.08052724178128039,-0.1376694323785345
d_og,2,oglev,2017Q4,enet,se_na_hhcons_food_sa__yoy,0.057774823040013704,0.11804430523895852
d_og,2,oglev,2017Q4,enet,se_na_hhcons_food_sa__dyoy,0.32596193264165263,1.083275944845116
d_og,2,oglev,2017Q4,enet,ea_negotiated_wages_yoy_q__lvl,0.1969697768460656,0.10174572061330835
d_og,2,oglev,2017Q4,enet,no_earn_idx_food_manuf_q__dyoy,-0.08138222588188929,-0.2562480356864139
d_og,2,oglev,2017Q4,enet,ea_ec_food_ind_sell_price_exp__lvl,-0.03622521389661794,-0.42480947406722896
d_og,2,oglev,2017Q4,enet,ea_ec_food_ind_sell_price_exp__d4,0.04692093897868372,0.7199278816501355
d_og,2,oglev,2017Q4,enet,no_fn_cci_sa__lvl,-0.04871037814228376,-0.6454657213881922
d_og,2,oglev,2017Q4,enet,no_fn_cci_sa__d4,-0.007012659011134693,-0.10095310360237968
d_og,2,oglev,2017Q4,enet,no_nbes_bl_sell_price_di__lvl,0.011096318326122243,0.0793168909331389
d_og,2,oglev,2017Q4,enet,no_ssb_bts_consgoods_home_price_exp__lvl,-0.019850340958759042,-0.13254559130286156
d_og,2,oglev,2017Q4,enet,se_ec_cons_conf__lvl,0.06967966604987384,0.23274304626226863
d_og,2,oglev,2017Q4,enet,se_nier_food_mfg_sell_price_exp__lvl,0.012051237457341645,0.23041029288290396
d_og,2,oglev,2017Q4,enet,eu_ppi_paper_packaging_idx__yoy,0.18733533468010083,0.42981450890274336
d_og,2,oglev,2017Q4,enet,eu_ppi_plastic_products_idx__yoy,0.19683807390007074,0.3193952624865643
d_og,2,oglev,2017Q4,enet,glob_fao_meat_idx__dyoy,0.002876069679614231,0.04464199941277691
d_og,2,oglev,2017Q4,enet,glob_fao_sugar_idx__yoy,-0.00930332241845674,-0.2701440966430092
d_og,2,oglev,2017Q4,enet,glob_gscpi__lvl,-0.6251794095172355,-0.25878924429022715
d_og,2,oglev,2017Q4,enet,glob_gscpi__d4,1.073246419903491,0.5902091366220399
d_og,2,oglev,2017Q4,enet,glob_wb_food_idx__yoy,-0.0175850376561281,-0.2925643608654439
d_og,2,oglev,2017Q4,enet,us_ppi_corrugated_boxes_idx__yoy,-0.026202706885812225,-0.1141001435837335
d_og,2,oglev,2017Q4,enet,us_ppi_plastic_resins_idx__dyoy,0.006373216837399077,0.09292649680915495
d_og,2,oglev,2017Q4,enet,w_food_cpi_rel_dyoy,0.1647436631173557,0.2875390453042727
d_og,2,oglev,2017Q4,enet,w_wage_dyoy,-0.01142826303976887,-0.02771171061077549
d_og,2,oglev,2017Q4,enet,w_real_wage_yoy,0.18156042804410122,0.26859123246627703
d_og,2,oglev,2017Q4,enet,w_real_wage_dyoy,-0.018849448776170393,-0.040977547077682634
d_og,2,oglev,2017Q4,enet,w_retail_food_vol_dyoy,0.3556062913453787,0.5231640293624682
d_og,2,oglev,2017Q4,enet,w_gdp_vol_yoy,-0.22952887879082706,-0.5110527499335304
d_og,2,oglev,2017Q4,enet,w_unemp_d4,-0.19788694046634467,-0.1307852791390717
d_og,2,oglev,2017Q4,enet,w_gov10y_d4,-0.5117744939735526,-0.3124593000944334
d_og,2,oglev,2017Q4,enet,w_fx_vs_usd_yoy,0.061384923251840286,0.6882898446960678
d_og,2,oglev,2017Q4,enet,w_fx_vs_usd_dyoy,0.0431991559439381,0.7028932263831547
d_og,2,oglev,2017Q4,enet,w_fx_vs_nok_yoy,0.1435079944837899,0.446239157470918
d_og,2,oglev,2017Q4,enet,w_fx_vs_nok_dyoy,0.04338165005465624,0.20878271280059935
d_og,2,oglev,2017Q4,enet,w_ec_food_ind_sell_price_exp_d4,0.09909392911631294,1.6270518734853607
d_og,2,oglev,2017Q4,enet,w_ec_cons_price_exp_lvl,-0.07441183591682157,-0.7986361681595202
d_og,2,oglev,2017Q4,enet,w_hh_saving_d4,-0.330130998994928,-0.3949565564266745
d_og,2,oglev,2017Q4,enet,nw_food_cpi_yoy,0.13007746142734272,0.19241333900687274
d_og,2,oglev,2017Q4,enet,nw_food_cpi_xvat_yoy,0.030453948199483966,0.046167269790131193
d_og,2,oglev,2017Q4,enet,nw_real_wage_yoy,0.08918370854367959,0.16111944740490858
d_og,2,oglev,2017Q4,enet,nw_real_wage_dyoy,-0.15605587847246835,-0.44865862561486025
d_og,2,oglev,2017Q4,enet,fao_ffpi_sek_yoy,0.013681334415075908,0.15621000647053093
d_og,2,oglev,2017Q4,enet,fao_ffpi_sek_dyoy,0.004110347944411582,0.0709767537357993
d_og,2,oglev,2017Q4,enet,brent_nok_yoy,-0.0029305553321627466,-0.0721824616574888
d_og,2,oglev,2017Q4,enet,packaging_eu_yoy,0.2545283392355201,0.46648950852295373
d_og,2,oglev,2017Q4,enet,price_cost_gap_ppi_d4,0.06316347540914351,0.14488491394027533
d_og,2,oglev,2017Q4,enet,price_cost_gap_fao_nok_d4,-0.016943833785141263,-0.30979375260088277
d_og,2,oglev,2017Q4,enet,price_cost_gap_fao_wloc_d4,-0.03510566555107738,-0.627949341201259
d_og,2,oglev,2017Q4,enet,nw_price_cost_gap_ppi_d4,0.11110415354665953,0.32104271919322264
d_og,2,oglev,2017Q4,enet,price_wage_gap,-0.039754979710771576,-0.0823340682520494
d_og,2,oglev,2017Q4,enet,price_wage_gap_d4,0.25624048676001054,0.7628730126565291
d_og,2,oglev,2018Q1,lasso,no_cpi_food_idx__yoy,0.5411225738497959,0.8652200277828597
d_og,2,oglev,2018Q1,lasso,no_cpi_total_idx__yoy,-0.06834066097612632,-0.07318520481358713
d_og,2,oglev,2018Q1,lasso,no_imp_price_food_idx__yoy,-0.07433195928661371,-0.3165296624903064
d_og,2,oglev,2018Q1,lasso,no_jordbruk_malpris_mnok__d4,0.004101041069010619,1.3388813079479371
d_og,2,oglev,2018Q1,lasso,se_cpi_food_idx__dyoy,-0.03658482507915257,-0.09664158525458733
d_og,2,oglev,2018Q1,lasso,se_retail_grocery_vol_sa_idx__yoy,-0.062268466347810594,-0.1060217317058513
d_og,2,oglev,2018Q1,lasso,se_na_hhcons_food_sa__dyoy,0.44254932518299306,1.459427079349943
d_og,2,oglev,2018Q1,lasso,ea_negotiated_wages_yoy_q__lvl,0.5712186500269476,0.29685994157614615
d_og,2,oglev,2018Q1,lasso,no_earn_idx_food_manuf_q__dyoy,-0.041374427678296584,-0.13010484649122298
d_og,2,oglev,2018Q1,lasso,ea_ec_food_ind_sell_price_exp__lvl,-0.0424232753108216,-0.49343019192533166
d_og,2,oglev,2018Q1,lasso,ea_ec_food_ind_sell_price_exp__d4,0.0509079148215703,0.7773804421910361
d_og,2,oglev,2018Q1,lasso,no_fn_cci_sa__lvl,-0.03540956798641343,-0.4703742618633073
d_og,2,oglev,2018Q1,lasso,no_ssb_bts_consgoods_home_price_exp__lvl,-0.039463303693644126,-0.2618321873461639
d_og,2,oglev,2018Q1,lasso,se_ec_cons_conf__lvl,0.05226966976683499,0.1730806895887807
d_og,2,oglev,2018Q1,lasso,se_nier_food_mfg_sell_price_exp__lvl,0.018528142772662286,0.3513591680247501
d_og,2,oglev,2018Q1,lasso,eu_ppi_plastic_products_idx__yoy,0.11362243121430807,0.18535522180436312
d_og,2,oglev,2018Q1,lasso,glob_fao_sugar_idx__yoy,-0.007235559481839045,-0.21005097155401334
d_og,2,oglev,2018Q1,lasso,glob_gscpi__lvl,-0.6586070662396296,-0.2703978401708702
d_og,2,oglev,2018Q1,lasso,glob_gscpi__d4,1.2837603420958252,0.7013495883680756
d_og,2,oglev,2018Q1,lasso,us_ppi_corrugated_boxes_idx__yoy,-0.026733745774187176,-0.11599207395808171
d_og,2,oglev,2018Q1,lasso,w_real_wage_yoy,0.05424161875974311,0.07980469632366152
d_og,2,oglev,2018Q1,lasso,w_retail_food_vol_dyoy,0.24499614834709005,0.3588598996025231
d_og,2,oglev,2018Q1,lasso,w_gdp_vol_yoy,-0.25368756022745764,-0.5601994312379486
d_og,2,oglev,2018Q1,lasso,w_unemp_d4,-0.4150079320262861,-0.2723585749294331
d_og,2,oglev,2018Q1,lasso,w_gov10y_d4,-1.129463794870741,-0.6838550403814572
d_og,2,oglev,2018Q1,lasso,w_fx_vs_usd_yoy,0.1131288906869926,1.258232099526171
d_og,2,oglev,2018Q1,lasso,w_fx_vs_usd_dyoy,0.01905747198686981,0.3093385773631349
d_og,2,oglev,2018Q1,lasso,w_fx_vs_nok_yoy,0.1371436807732146,0.4303156264900759
d_og,2,oglev,2018Q1,lasso,w_ec_food_ind_sell_price_exp_d4,0.12910635403304396,2.1040878735774733
d_og,2,oglev,2018Q1,lasso,w_ec_cons_price_exp_lvl,-0.09817356864518625,-1.0445423495204547
d_og,2,oglev,2018Q1,lasso,w_hh_saving_d4,-0.37756171277649936,-0.44779990051053514
d_og,2,oglev,2018Q1,lasso,nw_real_wage_yoy,0.1760209832951828,0.31875693436386493
d_og,2,oglev,2018Q1,lasso,packaging_eu_yoy,0.41813570583557974,0.76358073322377
d_og,2,oglev,2018Q1,lasso,price_cost_gap_fao_wloc_d4,-0.058817796409251596,-1.0442322472510712
d_og,2,oglev,2018Q1,lasso,nw_price_cost_gap_ppi_d4,0.20238222874286177,0.5801313106256337
d_og,2,oglev,2018Q1,lasso,price_wage_gap_d4,0.4364408161862357,1.2893536768686753
d_og,2,oglev,2018Q1,enet,no_cpi_food_idx__yoy,0.36143222419470816,0.5779067704282655
d_og,2,oglev,2018Q1,enet,no_cpi_total_idx__yoy,-0.02180242648245442,-0.023347960420063898
d_og,2,oglev,2018Q1,enet,no_fx_eurnok__yoy,-0.00018358287411780665,-0.0011909522559553657
d_og,2,oglev,2018Q1,enet,no_fx_eurnok__dyoy,-0.01288687254156165,-0.12995213409736936
d_og,2,oglev,2018Q1,enet,no_govbond_10y__d4,-0.24302886747081281,-0.1586417230757786
d_og,2,oglev,2018Q1,enet,no_imp_price_food_idx__yoy,-0.05668425158565356,-0.24137998238065708
d_og,2,oglev,2018Q1,enet,no_jordbruk_malpris_mnok__lvl,6.0481373525166485e-05,0.01472323679044136
d_og,2,oglev,2018Q1,enet,no_jordbruk_malpris_mnok__d4,0.0029833202292393955,0.973975052513974
d_og,2,oglev,2018Q1,enet,no_qna_hh_food_cons_sa_mnok__dyoy,-0.0023810307559162807,-0.005563370960483708
d_og,2,oglev,2018Q1,enet,se_cpi_food_idx__dyoy,-0.09313129228649496,-0.24601335947083539
d_og,2,oglev,2018Q1,enet,se_retail_grocery_vol_sa_idx__yoy,-0.08808125412117455,-0.14997201056130438
d_og,2,oglev,2018Q1,enet,se_retail_grocery_vol_sa_idx__dyoy,0.0001592461280471557,0.0003287762680425
d_og,2,oglev,2018Q1,enet,se_na_hhcons_food_sa__yoy,0.05501667981193174,0.11181715053764132
d_og,2,oglev,2018Q1,enet,se_na_hhcons_food_sa__dyoy,0.3316001896871966,1.093542050136359
d_og,2,oglev,2018Q1,enet,ea_negotiated_wages_yoy_q__lvl,0.22836457600918178,0.11868011432916091
d_og,2,oglev,2018Q1,enet,no_earn_idx_food_manuf_q__dyoy,-0.081438853889633,-0.2560902996922873
d_og,2,oglev,2018Q1,enet,ea_ec_food_ind_sell_price_exp__lvl,-0.037548356406142,-0.43672942676439913
d_og,2,oglev,2018Q1,enet,ea_ec_food_ind_sell_price_exp__d4,0.04729690827575723,0.7222391959785811
d_og,2,oglev,2018Q1,enet,no_fn_cci_sa__lvl,-0.04665977038425293,-0.619819904654742
d_og,2,oglev,2018Q1,enet,no_fn_cci_sa__d4,-0.0063930080634272725,-0.09218072888575936
d_og,2,oglev,2018Q1,enet,no_nbes_bl_sell_price_di__lvl,0.015635040131449042,0.11146703705288834
d_og,2,oglev,2018Q1,enet,no_ssb_bts_consgoods_home_price_exp__lvl,-0.020294874329976054,-0.13465297733268541
d_og,2,oglev,2018Q1,enet,se_ec_cons_conf__lvl,0.0716572549781809,0.23727884949317196
d_og,2,oglev,2018Q1,enet,se_nier_food_mfg_sell_price_exp__lvl,0.013175509455299658,0.24985429448151497
d_og,2,oglev,2018Q1,enet,eu_ppi_paper_packaging_idx__yoy,0.18642619398735055,0.42440228073718567
d_og,2,oglev,2018Q1,enet,eu_ppi_plastic_products_idx__yoy,0.20335584977992624,0.33173967708962754
d_og,2,oglev,2018Q1,enet,eu_ppi_plastic_products_idx__dyoy,0.010649021110146019,0.024462117737852146
d_og,2,oglev,2018Q1,enet,glob_fao_meat_idx__dyoy,0.0011418729148370667,0.018069024263330725
d_og,2,oglev,2018Q1,enet,glob_fao_sugar_idx__yoy,-0.009394051730069167,-0.2727128009495898
d_og,2,oglev,2018Q1,enet,glob_gscpi__lvl,-0.6334986103442404,-0.26008930782714257
d_og,2,oglev,2018Q1,enet,glob_gscpi__d4,1.0948699265086483,0.5981541469179513
d_og,2,oglev,2018Q1,enet,glob_wb_food_idx__yoy,-0.01820277779480755,-0.30033119551496046
d_og,2,oglev,2018Q1,enet,us_ppi_corrugated_boxes_idx__yoy,-0.02957174944601503,-0.12830557220769137
d_og,2,oglev,2018Q1,enet,us_ppi_plastic_resins_idx__dyoy,0.0057884703221231255,0.08389073187946987
d_og,2,oglev,2018Q1,enet,w_food_cpi_rel_dyoy,0.16589399327199025,0.2892265231960724
d_og,2,oglev,2018Q1,enet,w_wage_dyoy,-0.018136917548651724,-0.043614846631458294
d_og,2,oglev,2018Q1,enet,w_real_wage_yoy,0.17845281362767948,0.2625543434229059
d_og,2,oglev,2018Q1,enet,w_real_wage_dyoy,-0.016697850252250623,-0.03601422014665379
d_og,2,oglev,2018Q1,enet,w_retail_food_vol_dyoy,0.36691056355796503,0.5374349306707393
d_og,2,oglev,2018Q1,enet,w_gdp_vol_yoy,-0.24290796285596347,-0.5363956455455371
d_og,2,oglev,2018Q1,enet,w_unemp_d4,-0.23604210137776338,-0.15490810028788674
d_og,2,oglev,2018Q1,enet,w_gov10y_d4,-0.5582279099715025,-0.33798955898299204
d_og,2,oglev,2018Q1,enet,w_fx_vs_usd_yoy,0.06146572359484928,0.683628611382952
d_og,2,oglev,2018Q1,enet,w_fx_vs_usd_dyoy,0.04323852971433549,0.7018425779831399
d_og,2,oglev,2018Q1,enet,w_fx_vs_nok_yoy,0.13392555694710084,0.4202181217231829
d_og,2,oglev,2018Q1,enet,w_fx_vs_nok_dyoy,0.033328268305649666,0.16526596444091796
d_og,2,oglev,2018Q1,enet,w_ec_food_ind_sell_price_exp_d4,0.09985154398268166,1.6273128028863344
d_og,2,oglev,2018Q1,enet,w_ec_cons_price_exp_lvl,-0.07781104289296426,-0.827890140734321
d_og,2,oglev,2018Q1,enet,w_hh_saving_d4,-0.3416028341087032,-0.4051515552334242
d_og,2,oglev,2018Q1,enet,nw_food_cpi_yoy,0.11690357456197481,0.17154202802843616
d_og,2,oglev,2018Q1,enet,nw_food_cpi_xvat_yoy,0.04183768954012714,0.06289870707742941
d_og,2,oglev,2018Q1,enet,nw_real_wage_yoy,0.09622538163159379,0.1742548364557353
d_og,2,oglev,2018Q1,enet,nw_real_wage_dyoy,-0.15516678874060874,-0.4429328116836234
d_og,2,oglev,2018Q1,enet,fao_ffpi_sek_yoy,0.012020780298601439,0.13735636794531186
d_og,2,oglev,2018Q1,enet,fao_ffpi_sek_dyoy,0.004643732331293755,0.08048590218913254
d_og,2,oglev,2018Q1,enet,brent_nok_yoy,-0.002414145791055175,-0.05900646109285319
d_og,2,oglev,2018Q1,enet,packaging_eu_yoy,0.2577139023215086,0.4706256073094053
d_og,2,oglev,2018Q1,enet,price_cost_gap_ppi_d4,0.06629014665302738,0.15108560517314124
d_og,2,oglev,2018Q1,enet,price_cost_gap_fao_nok_d4,-0.017668019316525584,-0.32023898575964266
d_og,2,oglev,2018Q1,enet,price_cost_gap_fao_wloc_d4,-0.035770531294058446,-0.6350585122002992
d_og,2,oglev,2018Q1,enet,nw_price_cost_gap_ppi_d4,0.11240111595841414,0.3221992717531952
d_og,2,oglev,2018Q1,enet,price_wage_gap,-0.03156535034707995,-0.06481138928626227
d_og,2,oglev,2018Q1,enet,price_wage_gap_d4,0.25458697009407927,0.7521126205427733
d_og,2,oglev,2018Q2,lasso,no_cpi_food_idx__yoy,0.40474218631805087,0.6420980403801284
d_og,2,oglev,2018Q2,lasso,no_cpi_total_idx__yoy,-0.09632442550947713,-0.10256673296361168
d_og,2,oglev,2018Q2,lasso,no_fx_eurnok__dyoy,-0.04048133899041159,-0.4123285733350985
d_og,2,oglev,2018Q2,lasso,no_imp_price_food_idx__yoy,-0.04199680880702773,-0.17735957885081982
d_og,2,oglev,2018Q2,lasso,no_jordbruk_malpris_mnok__d4,0.003154130151570087,1.0221781508598107
d_og,2,oglev,2018Q2,lasso,no_qna_hh_food_cons_sa_mnok__yoy,-0.03389973551354869,-0.05959996697315926
d_og,2,oglev,2018Q2,lasso,se_cpi_food_idx__dyoy,-0.08211657441957003,-0.21516143367024917
d_og,2,oglev,2018Q2,lasso,se_na_hhcons_food_sa__dyoy,0.3527001949494763,1.1534783333802985
d_og,2,oglev,2018Q2,lasso,ea_negotiated_wages_yoy_q__lvl,0.07667592249671805,0.04011039626291965
d_og,2,oglev,2018Q2,lasso,no_earn_idx_food_manuf_q__dyoy,-0.11546069207150583,-0.3605434411730467
d_og,2,oglev,2018Q2,lasso,ea_ec_food_ind_sell_price_exp__lvl,-0.05699824123269746,-0.6579569960207952
d_og,2,oglev,2018Q2,lasso,ea_ec_food_ind_sell_price_exp__d4,0.05511169911797264,0.8416855366274064
d_og,2,oglev,2018Q2,lasso,no_fn_cci_sa__lvl,-0.10513097590031426,-1.3897972327028136
d_og,2,oglev,2018Q2,lasso,no_nbes_bl_sell_price_di__lvl,0.04949686450004391,0.3515808008138945
d_og,2,oglev,2018Q2,lasso,no_ssb_bts_consgoods_home_price_exp__d4,-0.0027075748169094202,-0.022121335568787565
d_og,2,oglev,2018Q2,lasso,se_ec_cons_conf__lvl,0.09330350038488439,0.306332022967074
d_og,2,oglev,2018Q2,lasso,se_nier_food_mfg_sell_price_exp__lvl,0.013153035135117654,0.24804590252474065
d_og,2,oglev,2018Q2,lasso,eu_ppi_plastic_products_idx__yoy,0.4054798261562209,0.6617690675560359
d_og,2,oglev,2018Q2,lasso,glob_fao_sugar_idx__yoy,-0.023311388481610698,-0.6753894751900643
d_og,2,oglev,2018Q2,lasso,glob_gscpi__lvl,-0.5998033051888307,-0.24673064555088334
d_og,2,oglev,2018Q2,lasso,glob_gscpi__d4,1.1007714969144284,0.6085783544360203
d_og,2,oglev,2018Q2,lasso,us_ppi_plastic_resins_idx__yoy,0.02547697488783236,0.24415797210535065
d_og,2,oglev,2018Q2,lasso,us_ppi_plastic_resins_idx__dyoy,0.006717805193396034,0.09737433207924723
d_og,2,oglev,2018Q2,lasso,w_retail_food_vol_dyoy,0.39742552476956994,0.5835345522005558
d_og,2,oglev,2018Q2,lasso,w_gdp_vol_yoy,-0.7288010567967994,-1.5965660143796965
d_og,2,oglev,2018Q2,lasso,w_unemp_d4,-1.1331420096273654,-0.7398283539542376
d_og,2,oglev,2018Q2,lasso,w_gov10y_d4,-0.2852103681760235,-0.17189229260709485
d_og,2,oglev,2018Q2,lasso,w_fx_vs_usd_yoy,0.028497447660951296,0.31443577303407094
d_og,2,oglev,2018Q2,lasso,w_fx_vs_usd_dyoy,0.0945274418116287,1.521802006669399
d_og,2,oglev,2018Q2,lasso,w_fx_vs_nok_yoy,0.17297802878504853,0.5499335909086285
d_og,2,oglev,2018Q2,lasso,w_ec_food_ind_sell_price_exp_d4,0.1289109727430427,2.0832845086734255
d_og,2,oglev,2018Q2,lasso,w_ec_cons_price_exp_lvl,-0.09706940019295504,-1.0247899194945125
d_og,2,oglev,2018Q2,lasso,w_hh_saving_d4,-0.33646580320364156,-0.4005093824802668
d_og,2,oglev,2018Q2,lasso,brent_nok_dyoy,0.0075034730176294345,0.27630775958688136
d_og,2,oglev,2018Q2,lasso,packaging_eu_yoy,0.1192388032044854,0.21694788897239276
d_og,2,oglev,2018Q2,lasso,price_cost_gap_fao_wloc_d4,-0.06388629473466252,-1.1312081078205731
d_og,2,oglev,2018Q2,lasso,nw_price_cost_gap_ppi_d4,0.1456882397515113,0.41447378924714473
d_og,2,oglev,2018Q2,lasso,price_wage_gap,-0.24683041172006948,-0.502558911765663
d_og,2,oglev,2018Q2,lasso,price_wage_gap_d4,0.46472666887481395,1.3619938747022833
d_og,2,oglev,2018Q2,enet,no_cpi_food_idx__yoy,0.17738722917213287,0.28141369022102236
d_og,2,oglev,2018Q2,enet,no_cpi_total_idx__yoy,-0.22194763402331125,-0.23633095749462468
d_og,2,oglev,2018Q2,enet,no_fx_eurnok__yoy,-0.0010871158079199066,-0.007061930660322098
d_og,2,oglev,2018Q2,enet,no_fx_eurnok__dyoy,-0.02123690034999503,-0.21631154111397322
d_og,2,oglev,2018Q2,enet,no_govbond_10y__d4,-0.07863207122984993,-0.05137774368474014
d_og,2,oglev,2018Q2,enet,no_imp_price_food_idx__yoy,-0.07272232630160663,-0.30711860096728355
d_og,2,oglev,2018Q2,enet,no_jordbruk_malpris_mnok__d4,0.0025703474292868675,0.8329881317763169
d_og,2,oglev,2018Q2,enet,no_qna_hh_food_cons_sa_mnok__yoy,-0.0465882031652668,-0.08190787709476348
d_og,2,oglev,2018Q2,enet,no_qna_hh_food_cons_sa_mnok__dyoy,-0.03722295850609823,-0.08627169764201074
d_og,2,oglev,2018Q2,enet,se_cpi_food_idx__dyoy,-0.13023899767106206,-0.34125156409354135
d_og,2,oglev,2018Q2,enet,se_retail_grocery_vol_sa_idx__yoy,-0.045594058388756444,-0.0775068748492103
d_og,2,oglev,2018Q2,enet,se_na_hhcons_food_sa__yoy,0.04823536469878046,0.09736224377496358
d_og,2,oglev,2018Q2,enet,se_na_hhcons_food_sa__dyoy,0.3192695256976403,1.0441459507942334
d_og,2,oglev,2018Q2,enet,ea_negotiated_wages_yoy_q__lvl,0.09708089785284775,0.0507845638584188
d_og,2,oglev,2018Q2,enet,no_earn_idx_food_manuf_q__yoy,-4.6318362008674115e-05,-8.899992669065753e-05
d_og,2,oglev,2018Q2,enet,no_earn_idx_food_manuf_q__dyoy,-0.139050342900695,-0.434205687028625
d_og,2,oglev,2018Q2,enet,se_real_wage_yoy_q__d4,-0.0460164920047445,-0.07715216561990591
d_og,2,oglev,2018Q2,enet,se_wage_idx_m__dyoy,0.008260181808469887,0.004730359912449572
d_og,2,oglev,2018Q2,enet,ea_ec_food_ind_sell_price_exp__lvl,-0.04900279264952515,-0.5656618441380217
d_og,2,oglev,2018Q2,enet,ea_ec_food_ind_sell_price_exp__d4,0.052014217633867044,0.7943796940047343
d_og,2,oglev,2018Q2,enet,no_fn_cci_sa__lvl,-0.06561479072838751,-0.8674061455032551
d_og,2,oglev,2018Q2,enet,no_nbes_bl_sell_price_di__lvl,0.03408335291498832,0.24209720420297626
d_og,2,oglev,2018Q2,enet,se_ec_cons_conf__lvl,0.06616716920530064,0.21723861069576894
d_og,2,oglev,2018Q2,enet,se_nier_food_mfg_sell_price_exp__lvl,0.010907448406904734,0.20569760945206572
d_og,2,oglev,2018Q2,enet,eu_ppi_paper_packaging_idx__yoy,0.11377070316110202,0.25729028284696065
d_og,2,oglev,2018Q2,enet,eu_ppi_plastic_products_idx__yoy,0.20382312806000222,0.33265241006257834
d_og,2,oglev,2018Q2,enet,eu_ppi_plastic_products_idx__dyoy,0.0551462295344595,0.1258468703665853
d_og,2,oglev,2018Q2,enet,glob_fao_meat_idx__dyoy,0.0010009167124920163,0.016063096736003837
d_og,2,oglev,2018Q2,enet,glob_fao_sugar_idx__yoy,-0.011854765500726611,-0.3434623319993598
d_og,2,oglev,2018Q2,enet,glob_fao_vegoils_idx__dyoy,-0.002584924540250936,-0.10484985107654834
d_og,2,oglev,2018Q2,enet,glob_gscpi__lvl,-0.5784581086009252,-0.2379502435624574
d_og,2,oglev,2018Q2,enet,glob_gscpi__d4,1.152865235531782,0.6373791744182203
d_og,2,oglev,2018Q2,enet,glob_wb_food_idx__yoy,-0.012279723576270751,-0.20098384201486588
d_og,2,oglev,2018Q2,enet,us_ppi_corrugated_boxes_idx__yoy,-0.029035585069850187,-0.12502482562182807
d_og,2,oglev,2018Q2,enet,us_ppi_plastic_resins_idx__dyoy,0.014841041709691548,0.21512033800297026
d_og,2,oglev,2018Q2,enet,w_food_cpi_rel_dyoy,0.12375544787394625,0.21577927762470814
d_og,2,oglev,2018Q2,enet,w_wage_dyoy,-0.020976692005815964,-0.050015502263393755
d_og,2,oglev,2018Q2,enet,w_real_wage_yoy,0.0938595871820009,0.13776413643794333
d_og,2,oglev,2018Q2,enet,w_real_wage_dyoy,-0.04648008011089141,-0.09958352436480691
d_og,2,oglev,2018Q2,enet,w_retail_food_vol_dyoy,0.44851337547134423,0.6585461561971377
d_og,2,oglev,2018Q2,enet,w_retail_total_vol_dyoy,0.0047226561395372615,0.009140057354124997
d_og,2,oglev,2018Q2,enet,w_gdp_vol_yoy,-0.3847961638480146,-0.842963209141877
d_og,2,oglev,2018Q2,enet,w_unemp_lvl,-0.472809679480091,-0.2955048562605508
d_og,2,oglev,2018Q2,enet,w_unemp_d4,-0.7647780865866157,-0.49932356944891004
d_og,2,oglev,2018Q2,enet,w_gov10y_d4,-0.3806024577819118,-0.22938376840371705
d_og,2,oglev,2018Q2,enet,w_fx_vs_usd_yoy,0.07378477064580992,0.8141280465600262
d_og,2,oglev,2018Q2,enet,w_fx_vs_usd_dyoy,0.061197272830915285,0.9852179516543816
d_og,2,oglev,2018Q2,enet,w_fx_vs_nok_yoy,0.11441559837855911,0.3637512886128985
d_og,2,oglev,2018Q2,enet,w_fx_vs_nok_dyoy,0.03608064544514134,0.18426619553961315
d_og,2,oglev,2018Q2,enet,w_ec_food_ind_sell_price_exp_lvl,0.01197154549083215,0.14477887209803914
d_og,2,oglev,2018Q2,enet,w_ec_food_ind_sell_price_exp_d4,0.09328066185533286,1.507475691688216
d_og,2,oglev,2018Q2,enet,w_ec_cons_price_exp_lvl,-0.08279300180662436,-0.8740698251710983
d_og,2,oglev,2018Q2,enet,w_hh_saving_d4,-0.3291571353858115,-0.39180956809615575
d_og,2,oglev,2018Q2,enet,nw_food_cpi_yoy,0.17069564628022,0.24840943668288984
d_og,2,oglev,2018Q2,enet,nw_food_cpi_xvat_yoy,0.055395063357925815,0.08258051177948686
d_og,2,oglev,2018Q2,enet,nw_real_wage_yoy,0.036519165352833984,0.0664128540578682
d_og,2,oglev,2018Q2,enet,nw_real_wage_dyoy,-0.10193538839526399,-0.28883864753061056
d_og,2,oglev,2018Q2,enet,fao_ffpi_sek_yoy,0.0067295260685875475,0.07737781876327621
d_og,2,oglev,2018Q2,enet,eu_agri_basket_wloc_yoy,0.005013676839853682,0.040564928527146216
d_og,2,oglev,2018Q2,enet,brent_nok_dyoy,0.0086664814399732,0.31913436145557217
d_og,2,oglev,2018Q2,enet,packaging_eu_yoy,0.20292243679841784,0.3692052679617511
d_og,2,oglev,2018Q2,enet,price_cost_gap_ppi_d4,0.10834411231062707,0.2453591445528163
d_og,2,oglev,2018Q2,enet,price_cost_gap_fao_nok_d4,-0.016771161421333235,-0.30158909055877064
d_og,2,oglev,2018Q2,enet,price_cost_gap_fao_wloc_d4,-0.04129366149653011,-0.7311697270984303
d_og,2,oglev,2018Q2,enet,nw_price_cost_gap_ppi_d4,0.08447214308103085,0.24031788213199715
d_og,2,oglev,2018Q2,enet,price_wage_gap,-0.11388524714122251,-0.23187598914823165
d_og,2,oglev,2018Q2,enet,price_wage_gap_d4,0.26668682381036585,0.7815902224267863
d_og,2,oglev,2018Q3,lasso,no_cpi_food_idx__yoy,0.48986687257131434,0.7836810673177834
d_og,2,oglev,2018Q3,lasso,no_cpi_food_idx__dyoy,0.01760223356940386,0.05391047934367695
d_og,2,oglev,2018Q3,lasso,no_cpi_total_idx__yoy,-0.19895138988842123,-0.21012682751976633
d_og,2,oglev,2018Q3,lasso,no_imp_price_food_idx__yoy,-0.030624002359893345,-0.1282519465647735
d_og,2,oglev,2018Q3,lasso,no_jordbruk_malpris_mnok__d4,0.003465796114083728,1.1150471509222872
d_og,2,oglev,2018Q3,lasso,se_cpi_food_idx__dyoy,-0.07338435199476918,-0.1907120368144273
d_og,2,oglev,2018Q3,lasso,se_ppi_food_hmpi_idx__yoy,-0.008018166710780998,-0.02490544921081325
d_og,2,oglev,2018Q3,lasso,se_na_hhcons_food_sa__dyoy,0.380568484867523,1.2390587791064718
d_og,2,oglev,2018Q3,lasso,no_earn_idx_food_manuf_q__dyoy,-0.09683253731414941,-0.29995148302727836
d_og,2,oglev,2018Q3,lasso,ea_ec_food_ind_sell_price_exp__lvl,-0.05493082949151348,-0.628912203559498
d_og,2,oglev,2018Q3,lasso,ea_ec_food_ind_sell_price_exp__d4,0.061047133111035844,0.9296172955256109
d_og,2,oglev,2018Q3,lasso,no_fn_cci_sa__lvl,-0.07557679757535801,-0.9911799197011494
d_og,2,oglev,2018Q3,lasso,no_nbes_bl_sell_price_di__lvl,0.04950511334843746,0.348909449357533
d_og,2,oglev,2018Q3,lasso,no_ssb_bts_consgoods_home_price_exp__d4,-0.0062845492250913435,-0.051314347152947797
d_og,2,oglev,2018Q3,lasso,se_ec_cons_conf__lvl,0.07079606736638541,0.23057371144052236
d_og,2,oglev,2018Q3,lasso,se_nier_food_mfg_sell_price_exp__lvl,0.018263472708860203,0.34206203806592655
d_og,2,oglev,2018Q3,lasso,eu_ppi_plastic_products_idx__yoy,0.20192379536242586,0.32726644681768124
d_og,2,oglev,2018Q3,lasso,glob_fao_sugar_idx__yoy,-0.017684224911764673,-0.5095694850876196
d_og,2,oglev,2018Q3,lasso,glob_gscpi__lvl,-0.6905188647388245,-0.282793799830033
d_og,2,oglev,2018Q3,lasso,glob_gscpi__d4,1.1366426823196418,0.6253873753645699
d_og,2,oglev,2018Q3,lasso,glob_wb_food_idx__yoy,-0.003699678042121435,-0.06011439692701243
d_og,2,oglev,2018Q3,lasso,us_ppi_corrugated_boxes_idx__yoy,-0.000691608076954841,-0.002958071432144302
d_og,2,oglev,2018Q3,lasso,us_ppi_plastic_resins_idx__yoy,0.017854165964892987,0.16967313289720184
d_og,2,oglev,2018Q3,lasso,us_ppi_plastic_resins_idx__dyoy,0.004873999765809279,0.07049441827905184
d_og,2,oglev,2018Q3,lasso,w_retail_food_vol_dyoy,0.30962973824035817,0.4511381318668245
d_og,2,oglev,2018Q3,lasso,w_gdp_vol_yoy,-0.5451263396013472,-1.184428094461288
d_og,2,oglev,2018Q3,lasso,w_unemp_d4,-0.49772697460410525,-0.32437838245167144
d_og,2,oglev,2018Q3,lasso,w_gov10y_d4,-0.5222171522148527,-0.3137170029223288
d_og,2,oglev,2018Q3,lasso,w_fx_vs_usd_yoy,0.07089371133480049,0.7766955061490546
d_og,2,oglev,2018Q3,lasso,w_fx_vs_usd_dyoy,0.0642011063615258,1.0251442145879655
d_og,2,oglev,2018Q3,lasso,w_fx_vs_nok_yoy,0.2352514676705686,0.74216483321252
d_og,2,oglev,2018Q3,lasso,w_ec_food_ind_sell_price_exp_d4,0.12616899654055616,2.0277391157237115
d_og,2,oglev,2018Q3,lasso,w_ec_cons_price_exp_lvl,-0.1131629909172835,-1.1853043868757887
d_og,2,oglev,2018Q3,lasso,w_hh_saving_d4,-0.27647507798648097,-0.3432823271744657
d_og,2,oglev,2018Q3,lasso,brent_nok_dyoy,0.01023618517242872,0.37637738890997435
d_og,2,oglev,2018Q3,lasso,packaging_eu_yoy,0.3644322797799387,0.6594094592808439
d_og,2,oglev,2018Q3,lasso,price_cost_gap_fao_wloc_d4,-0.06353004499082873,-1.1296539949777809
d_og,2,oglev,2018Q3,lasso,nw_price_cost_gap_ppi_d4,0.151321266764004,0.42689702398807705
d_og,2,oglev,2018Q3,lasso,price_wage_gap,-0.25576698060171005,-0.5165728304809195
d_og,2,oglev,2018Q3,lasso,price_wage_gap_d4,0.4751239299309119,1.3824567960198981
d_og,2,oglev,2018Q3,enet,no_cpi_food_idx__yoy,0.25405732353317606,0.4064367803058454
d_og,2,oglev,2018Q3,enet,no_cpi_food_idx__dyoy,0.006492243386105485,0.01988383755849779
d_og,2,oglev,2018Q3,enet,no_cpi_total_idx__yoy,-0.17609013698486964,-0.18598141919442385
d_og,2,oglev,2018Q3,enet,no_fx_eurnok__yoy,-0.010950643560899507,-0.07054432537759354
d_og,2,oglev,2018Q3,enet,no_fx_eurnok__dyoy,-0.00932132982566878,-0.09466643050377924
d_og,2,oglev,2018Q3,enet,no_govbond_10y__d4,-0.0882449771433436,-0.057612165750377316
d_og,2,oglev,2018Q3,enet,no_imp_price_food_idx__yoy,-0.07070924180280284,-0.2961271291307562
d_og,2,oglev,2018Q3,enet,no_jordbruk_malpris_mnok__d4,0.002713180097148065,0.8729087452577476
d_og,2,oglev,2018Q3,enet,no_qna_hh_food_cons_sa_mnok__yoy,-0.037788977992643455,-0.06854761413819753
d_og,2,oglev,2018Q3,enet,se_cpi_food_idx__dyoy,-0.11648392530153988,-0.3027196677021791
d_og,2,oglev,2018Q3,enet,se_ppi_food_hmpi_idx__yoy,-0.015482344315892276,-0.04809013755043513
d_og,2,oglev,2018Q3,enet,se_na_hhcons_food_sa__yoy,0.06318583879538739,0.126538314048807
d_og,2,oglev,2018Q3,enet,se_na_hhcons_food_sa__dyoy,0.3201186848680245,1.0422456998240865
d_og,2,oglev,2018Q3,enet,ea_negotiated_wages_yoy_q__lvl,0.12760254004219648,0.06679335493950142
d_og,2,oglev,2018Q3,enet,no_earn_idx_food_manuf_q__dyoy,-0.11672354664083327,-0.36156649293961735
d_og,2,oglev,2018Q3,enet,se_wage_idx_m__dyoy,0.0759858299291306,0.04315195232818894
d_og,2,oglev,2018Q3,enet,ea_ec_food_ind_sell_price_exp__lvl,-0.05104014022485145,-0.5843670550024432
d_og,2,oglev,2018Q3,enet,ea_ec_food_ind_sell_price_exp__d4,0.05434870070937751,0.8276144938188579
d_og,2,oglev,2018Q3,enet,no_fn_cci_sa__lvl,-0.059290170472998706,-0.7775829129290271
d_og,2,oglev,2018Q3,enet,no_nbes_bl_sell_price_di__lvl,0.037981327225648884,0.2676904075523686
d_og,2,oglev,2018Q3,enet,no_ssb_bts_consgoods_home_price_exp__d4,-0.00039205802886116387,-0.003201216360396919
d_og,2,oglev,2018Q3,enet,se_ec_cons_conf__lvl,0.07819476547059083,0.2546703222435766
d_og,2,oglev,2018Q3,enet,se_ec_cons_conf__d4,-0.007547636319084156,-0.03770564079648927
d_og,2,oglev,2018Q3,enet,se_nier_food_mfg_sell_price_exp__lvl,0.012975580965542346,0.24302353341649097
d_og,2,oglev,2018Q3,enet,eu_ppi_paper_packaging_idx__yoy,0.1692097807410563,0.3807822415607545
d_og,2,oglev,2018Q3,enet,eu_ppi_plastic_products_idx__yoy,0.1476588875783568,0.239317012599162
d_og,2,oglev,2018Q3,enet,eu_ppi_plastic_products_idx__dyoy,0.06691070762317386,0.15148011376279255
d_og,2,oglev,2018Q3,enet,glob_fao_meat_idx__dyoy,0.0019619384557526655,0.031507700486369146
d_og,2,oglev,2018Q3,enet,glob_fao_sugar_idx__yoy,-0.011954607889764173,-0.3444710422541016
d_og,2,oglev,2018Q3,enet,glob_fao_vegoils_idx__dyoy,-0.001249370643122207,-0.05026079490593674
d_og,2,oglev,2018Q3,enet,glob_gscpi__lvl,-0.6072612111295,-0.24869661663719023
d_og,2,oglev,2018Q3,enet,glob_gscpi__d4,1.0906531938083153,0.6000836928952805
d_og,2,oglev,2018Q3,enet,glob_wb_food_idx__yoy,-0.013076929985936106,-0.2124811269551848
d_og,2,oglev,2018Q3,enet,us_ppi_corrugated_boxes_idx__yoy,-0.03107975972045663,-0.13293099431659036
d_og,2,oglev,2018Q3,enet,us_ppi_plastic_resins_idx__yoy,0.0005847003456264934,0.005556570922640602
d_og,2,oglev,2018Q3,enet,us_ppi_plastic_resins_idx__dyoy,0.013728632926008417,0.19856217447415256
d_og,2,oglev,2018Q3,enet,w_food_cpi_dyoy,0.014551841220387562,0.029202750335158584
d_og,2,oglev,2018Q3,enet,w_food_cpi_rel_dyoy,0.15011603934077125,0.25955247079176874
d_og,2,oglev,2018Q3,enet,w_real_wage_yoy,0.13676247081875906,0.19908690574755425
d_og,2,oglev,2018Q3,enet,w_real_wage_dyoy,-0.037785935067705445,-0.08046865158764287
d_og,2,oglev,2018Q3,enet,w_retail_food_vol_dyoy,0.3747464728584119,0.5460148132082405
d_og,2,oglev,2018Q3,enet,w_retail_total_vol_dyoy,0.013818888748183983,0.026623286338256058
d_og,2,oglev,2018Q3,enet,w_gdp_vol_yoy,-0.39445722557015384,-0.8570604391822514
d_og,2,oglev,2018Q3,enet,w_unemp_d4,-0.7103414488175465,-0.4629433844510625
d_og,2,oglev,2018Q3,enet,w_gov10y_d4,-0.39024331658846284,-0.23443497244654482
d_og,2,oglev,2018Q3,enet,w_fx_vs_usd_yoy,0.0761069759037656,0.8338108565354808
d_og,2,oglev,2018Q3,enet,w_fx_vs_usd_dyoy,0.05960451353349372,0.9517471843570734
d_og,2,oglev,2018Q3,enet,w_fx_vs_nok_yoy,0.1634535939324755,0.51565888400219
d_og,2,oglev,2018Q3,enet,w_fx_vs_nok_dyoy,0.030219837898658876,0.15483228678249847
d_og,2,oglev,2018Q3,enet,w_ec_food_ind_sell_price_exp_lvl,0.013222711814403109,0.1586671804304407
d_og,2,oglev,2018Q3,enet,w_ec_food_ind_sell_price_exp_d4,0.0921631186299361,1.4812098518429129
d_og,2,oglev,2018Q3,enet,w_ec_cons_price_exp_lvl,-0.0879536769966498,-0.9212541869115856
d_og,2,oglev,2018Q3,enet,w_hh_saving_d4,-0.25983969247586036,-0.32262717846044864
d_og,2,oglev,2018Q3,enet,nw_food_cpi_yoy,0.22632886341250996,0.32853027722000533
d_og,2,oglev,2018Q3,enet,nw_food_cpi_xvat_yoy,0.08676492253583319,0.12887577293187805
d_og,2,oglev,2018Q3,enet,nw_real_wage_yoy,0.006193203412609405,0.011170950481571707
d_og,2,oglev,2018Q3,enet,nw_real_wage_dyoy,-0.14683513049865218,-0.4146705372078938
d_og,2,oglev,2018Q3,enet,nw_cons_conf_z_d4,-0.014209520709867172,-0.010659418618685596
d_og,2,oglev,2018Q3,enet,nw_retail_food_vol_yoy,-0.050321522050563706,-0.0623181421920208
d_og,2,oglev,2018Q3,enet,fao_ffpi_sek_dyoy,0.0013399337371248423,0.023620074078729503
d_og,2,oglev,2018Q3,enet,eu_agri_basket_wloc_yoy,0.0026778872075978793,0.021979657396358092
d_og,2,oglev,2018Q3,enet,brent_nok_dyoy,0.007994936284334814,0.29396823059674904
d_og,2,oglev,2018Q3,enet,packaging_eu_yoy,0.22141863291482594,0.4006383328426177
d_og,2,oglev,2018Q3,enet,price_cost_gap_ppi_d4,0.07476784106109598,0.1679056872467064
d_og,2,oglev,2018Q3,enet,price_cost_gap_fao_nok_d4,-0.02391049766313389,-0.42783160199252956
d_og,2,oglev,2018Q3,enet,price_cost_gap_fao_wloc_d4,-0.037642209848743925,-0.6693316956026737
d_og,2,oglev,2018Q3,enet,nw_price_cost_gap_ppi_d4,0.09317809926898211,0.26286756732501965
d_og,2,oglev,2018Q3,enet,price_wage_gap,-0.12179028386941183,-0.24597996002254915
d_og,2,oglev,2018Q3,enet,price_wage_gap_d4,0.2719792513682551,0.7913715574905327
d_og,2,oglev,2018Q4,lasso,no_cpi_food_idx__yoy,0.40373454631947964,0.6614144345085028
d_og,2,oglev,2018Q4,lasso,no_cpi_total_idx__dyoy,-0.05210482064923717,-0.08521801971275213
d_og,2,oglev,2018Q4,lasso,no_fx_eurnok__dyoy,-0.027054156393137442,-0.2725229869612341
d_og,2,oglev,2018Q4,lasso,no_imp_price_food_idx__yoy,-0.07236723945501225,-0.30302865400625695
d_og,2,oglev,2018Q4,lasso,no_jordbruk_malpris_mnok__d4,0.00403160887813305,1.2865184486392307
d_og,2,oglev,2018Q4,lasso,no_qna_hh_food_cons_sa_mnok__dyoy,0.09841632596939313,0.23543897255476512
d_og,2,oglev,2018Q4,lasso,se_cpi_food_idx__dyoy,-0.06197528075439158,-0.16035195341613678
d_og,2,oglev,2018Q4,lasso,se_ppi_food_hmpi_idx__yoy,-0.01660484071119295,-0.051409188881825336
d_og,2,oglev,2018Q4,lasso,se_na_hhcons_food_sa__dyoy,0.44246674244900613,1.428730875237367
d_og,2,oglev,2018Q4,lasso,se_eursek__dyoy,-0.005910800075536122,-0.046849154855376426
d_og,2,oglev,2018Q4,lasso,no_earn_idx_food_manuf_q__dyoy,-0.08554606186670868,-0.2649724518209003
d_og,2,oglev,2018Q4,lasso,eu_ppi_dom_c105_idx__yoy,0.038100383916486985,0.18661306153366078
d_og,2,oglev,2018Q4,lasso,ea_ec_food_ind_sell_price_exp__lvl,-0.06637227433518264,-0.753673527686868
d_og,2,oglev,2018Q4,lasso,ea_ec_food_ind_sell_price_exp__d4,0.07033755655340933,1.062538854848972
d_og,2,oglev,2018Q4,lasso,no_fn_cci_sa__lvl,-0.09033538552290928,-1.1749880065725598
d_og,2,oglev,2018Q4,lasso,no_nbes_bl_sell_price_di__lvl,0.09652555271240701,0.6759859748029378
d_og,2,oglev,2018Q4,lasso,no_ssb_bts_consgoods_home_price_exp__d4,-0.017158247008890397,-0.1402628775133707
d_og,2,oglev,2018Q4,lasso,se_ec_cons_conf__lvl,0.026366796204425537,0.08521181171228322
d_og,2,oglev,2018Q4,lasso,se_nier_food_mfg_sell_price_exp__lvl,0.001425780539174754,0.02648948624704261
d_og,2,oglev,2018Q4,lasso,eu_ppi_plastic_products_idx__yoy,0.059634742187811215,0.09586495202936723
d_og,2,oglev,2018Q4,lasso,glob_fao_meat_idx__yoy,-0.029312477324605377,-0.3024255054769793
d_og,2,oglev,2018Q4,lasso,glob_fao_sugar_idx__yoy,-0.03298829930561134,-0.958192685974788
d_og,2,oglev,2018Q4,lasso,glob_gscpi__lvl,-0.43845087394899734,-0.18158337378346243
d_og,2,oglev,2018Q4,lasso,glob_gscpi__d4,1.0649202548679708,0.5837582746780378
d_og,2,oglev,2018Q4,lasso,glob_wb_food_idx_eur__dyoy,0.0004439177217701391,0.008655008084353542
d_og,2,oglev,2018Q4,lasso,us_ppi_plastic_resins_idx__yoy,0.06058235921745459,0.5713635865775515
d_og,2,oglev,2018Q4,lasso,w_food_cpi_yoy,-0.15717230178190766,-0.2416508305250326
d_og,2,oglev,2018Q4,lasso,w_retail_food_vol_dyoy,0.3364735674025505,0.4875497881582063
d_og,2,oglev,2018Q4,lasso,w_retail_total_vol_dyoy,0.03246950606320008,0.06217058389072092
d_og,2,oglev,2018Q4,lasso,w_gdp_vol_yoy,-0.7828950439255529,-1.6889241366037104
d_og,2,oglev,2018Q4,lasso,w_unemp_d4,-0.7439414380355022,-0.4824283487852937
d_og,2,oglev,2018Q4,lasso,w_fx_vs_usd_yoy,0.02908616085257144,0.3163984201156038
d_og,2,oglev,2018Q4,lasso,w_fx_vs_usd_dyoy,0.09061134232606032,1.436432681802746
d_og,2,oglev,2018Q4,lasso,w_fx_vs_nok_yoy,0.21085383820222647,0.6597255356174521
d_og,2,oglev,2018Q4,lasso,w_ec_food_ind_sell_price_exp_d4,0.13134709974802833,2.099898022556243
d_og,2,oglev,2018Q4,lasso,w_ec_cons_price_exp_lvl,-0.13476210505852207,-1.4014570563834032
d_og,2,oglev,2018Q4,lasso,w_hh_saving_d4,-0.25550486038012765,-0.3149409599158087
d_og,2,oglev,2018Q4,lasso,nw_food_cpi_yoy,0.018756083557282387,0.027201033047923266
d_og,2,oglev,2018Q4,lasso,nw_real_wage_dyoy,-0.05376733294119272,-0.1505970246059479
d_og,2,oglev,2018Q4,lasso,nw_retail_food_vol_yoy,-0.24999404084960233,-0.3083000916766693
d_og,2,oglev,2018Q4,lasso,elec_nordic_loc_yoy,0.0018612436706472795,0.08387892415594352
d_og,2,oglev,2018Q4,lasso,brent_nok_dyoy,0.0015824335156155273,0.05776295892408161
d_og,2,oglev,2018Q4,lasso,packaging_eu_yoy,0.5731226069362171,1.0289793512112029
d_og,2,oglev,2018Q4,lasso,price_cost_gap_fao_nok_d4,-0.015515654092318774,-0.27558635306289925
d_og,2,oglev,2018Q4,lasso,price_cost_gap_fao_wloc_d4,-0.07554521405408554,-1.3370437713104706
d_og,2,oglev,2018Q4,lasso,nw_price_cost_gap_ppi_d4,0.2778098128748189,0.7779410004697359
d_og,2,oglev,2018Q4,lasso,price_wage_gap,-0.11061277401799377,-0.22158598408689315
d_og,2,oglev,2018Q4,lasso,price_wage_gap_d4,0.4079785176738444,1.1774677190703848
d_og,2,oglev,2018Q4,enet,no_cpi_food_idx__yoy,0.09154550310750056,0.14997358467741914
d_og,2,oglev,2018Q4,enet,no_cpi_total_idx__yoy,-0.13982556938025126,-0.14667103598062844
d_og,2,oglev,2018Q4,enet,no_cpi_total_idx__dyoy,-0.010126086971597897,-0.016561329036477654
d_og,2,oglev,2018Q4,enet,no_fx_eurnok__dyoy,-0.01633882272586301,-0.16458486851254225
d_og,2,oglev,2018Q4,enet,no_govbond_10y__d4,-0.0008387026135863637,-0.0005510044707662742
d_og,2,oglev,2018Q4,enet,no_imp_price_food_idx__yoy,-0.09093138010973509,-0.3807636429010678
d_og,2,oglev,2018Q4,enet,no_jordbruk_malpris_mnok__d4,0.002806903144936097,0.8957051114482123
d_og,2,oglev,2018Q4,enet,no_qna_hh_food_cons_sa_mnok__yoy,-0.09206583103627212,-0.16588689856200767
d_og,2,oglev,2018Q4,enet,se_cpi_food_idx__dyoy,-0.09414176624526854,-0.24357801903792825
d_og,2,oglev,2018Q4,enet,se_na_hhcons_food_sa__yoy,0.08102933052153723,0.16116270460595555
d_og,2,oglev,2018Q4,enet,se_na_hhcons_food_sa__dyoy,0.3393904949332852,1.0958963292685433
d_og,2,oglev,2018Q4,enet,no_earn_idx_food_manuf_q__dyoy,-0.11970279275424274,-0.37077034049003055
d_og,2,oglev,2018Q4,enet,se_real_wage_yoy_q__d4,-0.056381225021130014,-0.09332531966267746
d_og,2,oglev,2018Q4,enet,se_wage_idx_m__dyoy,0.27349221265247725,0.15499682844567425
d_og,2,oglev,2018Q4,enet,eu_ppi_dom_c105_idx__yoy,0.017475863689243403,0.08559557911917613
d_og,2,oglev,2018Q4,enet,ea_ec_food_ind_sell_price_exp__lvl,-0.04089317106950033,-0.4643520326365516
d_og,2,oglev,2018Q4,enet,ea_ec_food_ind_sell_price_exp__d4,0.04477818227682805,0.6764317791237409
d_og,2,oglev,2018Q4,enet,no_fn_cci_sa__lvl,-0.05109847883842743,-0.6646354520070947
d_og,2,oglev,2018Q4,enet,no_nbes_bl_sell_price_di__lvl,0.015423657996902417,0.1080146779073876
d_og,2,oglev,2018Q4,enet,se_ec_cons_conf__d4,-0.019045104868997704,-0.09440724439866088
d_og,2,oglev,2018Q4,enet,se_nier_food_mfg_sell_price_exp__lvl,0.0022229743679862473,0.041300499852791515
d_og,2,oglev,2018Q4,enet,eu_ppi_paper_packaging_idx__yoy,0.12813468444693019,0.2864774367591712
d_og,2,oglev,2018Q4,enet,eu_ppi_plastic_products_idx__yoy,0.06821983075931903,0.10966578479700988
d_og,2,oglev,2018Q4,enet,eu_ppi_plastic_products_idx__dyoy,0.15070895844606644,0.33886966028911525
d_og,2,oglev,2018Q4,enet,glob_fao_meat_idx__yoy,-0.0043161865655196065,-0.04453137445037792
d_og,2,oglev,2018Q4,enet,glob_fao_sugar_idx__yoy,-0.013560904758340127,-0.39389601853260514
d_og,2,oglev,2018Q4,enet,glob_gscpi__lvl,-0.39852448730524753,-0.1650479568861103
d_og,2,oglev,2018Q4,enet,glob_gscpi__d4,1.2279764390600918,0.6731409268761387
d_og,2,oglev,2018Q4,enet,glob_wb_food_idx__yoy,-0.009073440443992265,-0.14639394056143756
d_og,2,oglev,2018Q4,enet,glob_wb_food_idx_eur__dyoy,0.0021569295467206225,0.042053384554704566
d_og,2,oglev,2018Q4,enet,us_ppi_corrugated_boxes_idx__yoy,-0.04601851936859834,-0.1968350077675875
d_og,2,oglev,2018Q4,enet,us_ppi_corrugated_boxes_idx__dyoy,-0.0038967155033443846,-0.028193851718533045
d_og,2,oglev,2018Q4,enet,us_ppi_plastic_resins_idx__dyoy,0.010010968234768753,0.14444482622895768
d_og,2,oglev,2018Q4,enet,w_food_cpi_rel_dyoy,0.14344093519031448,0.24597710484178018
d_og,2,oglev,2018Q4,enet,w_real_wage_yoy,0.10913730490966281,0.15801120777652528
d_og,2,oglev,2018Q4,enet,w_retail_food_vol_dyoy,0.298044590500295,0.431866247568476
d_og,2,oglev,2018Q4,enet,w_retail_total_vol_dyoy,0.004636874834167283,0.008878398559782655
d_og,2,oglev,2018Q4,enet,w_gdp_vol_yoy,-0.2970247084968383,-0.6407655831267397
d_og,2,oglev,2018Q4,enet,w_food_ppi_yoy,-0.06576117537084912,-0.12837316120917092
d_og,2,oglev,2018Q4,enet,w_unemp_lvl,-0.561823559167441,-0.3468579905481468
d_og,2,oglev,2018Q4,enet,w_unemp_d4,-0.3589781088092065,-0.23278877533721745
d_og,2,oglev,2018Q4,enet,w_gov10y_d4,-0.24942161284040237,-0.15107409979149183
d_og,2,oglev,2018Q4,enet,w_fx_vs_usd_yoy,0.07308371456398494,0.7950025423235009
d_og,2,oglev,2018Q4,enet,w_fx_vs_usd_dyoy,0.053489069874782136,0.847945148090694
d_og,2,oglev,2018Q4,enet,w_fx_vs_nok_yoy,0.14491274738378163,0.45340715967366424
d_og,2,oglev,2018Q4,enet,w_fx_vs_nok_dyoy,0.017077867930542914,0.08678016602323686
d_og,2,oglev,2018Q4,enet,w_ec_food_ind_sell_price_exp_lvl,0.015510692757806624,0.1849299226092707
d_og,2,oglev,2018Q4,enet,w_ec_food_ind_sell_price_exp_d4,0.08200361164516311,1.311024166247211
d_og,2,oglev,2018Q4,enet,w_ec_cons_price_exp_lvl,-0.06857113308928643,-0.7131047581250943
d_og,2,oglev,2018Q4,enet,w_hh_saving_d4,-0.19783458063105566,-0.24385529353840857
d_og,2,oglev,2018Q4,enet,nw_food_cpi_yoy,0.1165689466751097,0.16905425704611693
d_og,2,oglev,2018Q4,enet,nw_food_cpi_xvat_yoy,0.05442432548804136,0.08066752313084098
d_og,2,oglev,2018Q4,enet,nw_real_wage_dyoy,-0.18383001872067245,-0.5148898473887155
d_og,2,oglev,2018Q4,enet,nw_retail_food_vol_yoy,-0.07905358837082181,-0.09749123802817562
d_og,2,oglev,2018Q4,enet,eu_agri_basket_wloc_yoy,0.009231346570811842,0.07850849295752874
d_og,2,oglev,2018Q4,enet,brent_nok_dyoy,0.0010657074475112797,0.03890110700274015
d_og,2,oglev,2018Q4,enet,packaging_eu_yoy,0.16452430536020618,0.29538550903272837
d_og,2,oglev,2018Q4,enet,price_cost_gap_ppi_d4,0.004087439286342876,0.00911951390563137
d_og,2,oglev,2018Q4,enet,price_cost_gap_fao_nok_d4,-0.02444013544538698,-0.4341014407566566
d_og,2,oglev,2018Q4,enet,price_cost_gap_fao_wloc_d4,-0.02477590732218426,-0.4384986260013178
d_og,2,oglev,2018Q4,enet,nw_price_cost_gap_ppi_d4,0.17220287753798114,0.4822136318706226
d_og,2,oglev,2018Q4,enet,price_wage_gap,-0.12107674054775981,-0.24254801439067467
d_og,2,oglev,2018Q4,enet,price_wage_gap_d4,0.21002352582577363,0.606149371087457
d_og,2,oglev,2019Q1,lasso,no_cpi_food_idx__dyoy,0.012473682818505012,0.0386217444493807
d_og,2,oglev,2019Q1,lasso,no_cpi_total_idx__yoy,-0.2724967478057481,-0.2844106101836205
d_og,2,oglev,2019Q1,lasso,no_imp_price_food_idx__yoy,-0.06620343174786206,-0.2749739178342151
d_og,2,oglev,2019Q1,lasso,no_jordbruk_malpris_mnok__d4,0.003223912940607421,1.0205293748001727
d_og,2,oglev,2019Q1,lasso,no_qna_hh_food_cons_sa_mnok__yoy,-0.17010362626401215,-0.3045962608483506
d_og,2,oglev,2019Q1,lasso,se_cpi_food_idx__dyoy,-0.22418835775096227,-0.5782750450063605
d_og,2,oglev,2019Q1,lasso,se_na_hhcons_food_sa__dyoy,0.43386659758920176,1.3923395164835848
d_og,2,oglev,2019Q1,lasso,no_earn_idx_food_manuf_q__yoy,0.0035543798178714883,0.006718812287194001
d_og,2,oglev,2019Q1,lasso,no_earn_idx_food_manuf_q__dyoy,-0.13402083424910394,-0.41427244956409015
d_og,2,oglev,2019Q1,lasso,se_wage_idx_m__dyoy,0.2192123544674331,0.12327672897140543
d_og,2,oglev,2019Q1,lasso,ea_hicp_food_idx__dyoy,-0.061533737251036176,-0.15115977660278473
d_og,2,oglev,2019Q1,lasso,eu_ppi_dom_c105_idx__yoy,0.04535237289210159,0.2264174806803628
d_og,2,oglev,2019Q1,lasso,ea_ec_food_ind_sell_price_exp__lvl,-0.027217871811321195,-0.3068615163600162
d_og,2,oglev,2019Q1,lasso,ea_ec_food_ind_sell_price_exp__d4,0.03148279324731301,0.4725128671157071
d_og,2,oglev,2019Q1,lasso,no_fn_cci_sa__lvl,-0.018303809082995646,-0.23620827037591755
d_og,2,oglev,2019Q1,lasso,se_ec_cons_conf__d4,-0.027192263020237376,-0.13370347250389195
d_og,2,oglev,2019Q1,lasso,se_nier_food_mfg_sell_price_exp__lvl,0.004504379414129866,0.08302749466086715
d_og,2,oglev,2019Q1,lasso,eu_ppi_plastic_products_idx__yoy,0.42113733167441875,0.6715654802704064
d_og,2,oglev,2019Q1,lasso,eu_ppi_plastic_products_idx__dyoy,0.03613882496769081,0.0812218872393365
d_og,2,oglev,2019Q1,lasso,glob_fao_meat_idx__yoy,-0.007048320595734911,-0.07215014328310897
d_og,2,oglev,2019Q1,lasso,glob_fao_sugar_idx__yoy,-0.005975772583038731,-0.17465813935238977
d_og,2,oglev,2019Q1,lasso,glob_gscpi__lvl,-0.04620448005534644,-0.019929891307116917
d_og,2,oglev,2019Q1,lasso,glob_gscpi__d4,1.7595734744986866,0.9778066614970681
d_og,2,oglev,2019Q1,lasso,glob_wb_food_idx_eur__dyoy,0.001899327280007604,0.03701726034245957
d_og,2,oglev,2019Q1,lasso,us_ppi_corrugated_boxes_idx__yoy,-0.08533758845047316,-0.36970728346945614
d_og,2,oglev,2019Q1,lasso,us_ppi_plastic_resins_idx__dyoy,0.013919308923450537,0.19960091362189192
d_og,2,oglev,2019Q1,lasso,w_real_wage_yoy,0.45227946055947577,0.6498845000084279
d_og,2,oglev,2019Q1,lasso,w_retail_food_vol_dyoy,0.4835902019180738,0.6970642228611547
d_og,2,oglev,2019Q1,lasso,w_gdp_vol_yoy,-0.20579361517580172,-0.4408284998290573
d_og,2,oglev,2019Q1,lasso,w_unemp_lvl,-1.6053877105789722,-0.9892540321581815
d_og,2,oglev,2019Q1,lasso,w_gov10y_d4,-0.3009719216967925,-0.18215868141312813
d_og,2,oglev,2019Q1,lasso,w_fx_vs_usd_yoy,0.12718502235037352,1.3756356826705256
d_og,2,oglev,2019Q1,lasso,w_fx_vs_usd_dyoy,0.02955867797766292,0.4659430702375319
d_og,2,oglev,2019Q1,lasso,w_ec_food_ind_sell_price_exp_d4,0.12362169570492193,1.9603984627595628
d_og,2,oglev,2019Q1,lasso,w_ec_cons_price_exp_lvl,-0.050748284922068065,-0.5240266554692086
d_og,2,oglev,2019Q1,lasso,w_hh_saving_d4,-0.24258129429780584,-0.2966388014359063
d_og,2,oglev,2019Q1,lasso,nw_food_cpi_yoy,0.07044832500430669,0.10154172081672125
d_og,2,oglev,2019Q1,lasso,nw_real_wage_dyoy,-0.12711376680115263,-0.35499118128459245
d_og,2,oglev,2019Q1,lasso,nw_retail_food_vol_yoy,-0.4358970202769916,-0.5337415938393941
d_og,2,oglev,2019Q1,lasso,brent_nok_dyoy,0.0037056674563005856,0.1341763544815352
d_og,2,oglev,2019Q1,lasso,packaging_eu_yoy,0.028639952277921682,0.05100454071811991
d_og,2,oglev,2019Q1,lasso,price_cost_gap_fao_wloc_d4,-0.00852667160863381,-0.14981657492797337
d_og,2,oglev,2019Q1,lasso,nw_price_cost_gap_ppi_d4,0.13785623506393646,0.3830391284609395
d_og,2,oglev,2019Q1,lasso,price_wage_gap_d4,0.23545682003588975,0.6746121887990063
d_og,2,oglev,2019Q1,enet,no_cpi_food_idx__yoy,0.04760419362828645,0.07859515406622322
d_og,2,oglev,2019Q1,enet,no_cpi_total_idx__yoy,-0.2004076696963168,-0.20916971700681927
d_og,2,oglev,2019Q1,enet,no_govbond_10y__d4,-0.08949469387889966,-0.05846158185470713
d_og,2,oglev,2019Q1,enet,no_imp_price_food_idx__yoy,-0.07005032026067277,-0.29095185097018367
d_og,2,oglev,2019Q1,enet,no_jordbruk_malpris_mnok__d4,0.002246736207115706,0.7112041606051255
d_og,2,oglev,2019Q1,enet,no_qna_hh_food_cons_sa_mnok__yoy,-0.1629230724336532,-0.29173839358482145
d_og,2,oglev,2019Q1,enet,se_cpi_food_idx__dyoy,-0.11547259045528224,-0.29785185150740845
d_og,2,oglev,2019Q1,enet,se_na_hhcons_food_sa__yoy,0.06962710213991391,0.13739841184494428
d_og,2,oglev,2019Q1,enet,se_na_hhcons_food_sa__dyoy,0.2908800987695833,0.9334755390849634
d_og,2,oglev,2019Q1,enet,no_earn_idx_food_manuf_q__dyoy,-0.14178508444986138,-0.43827256094765116
d_og,2,oglev,2019Q1,enet,se_real_wage_yoy_q__d4,-0.08334796590166596,-0.13754431248420487
d_og,2,oglev,2019Q1,enet,se_wage_idx_m__dyoy,0.26023263225015475,0.14634498020586587
d_og,2,oglev,2019Q1,enet,ea_hicp_food_idx__yoy,-0.09098310748682951,-0.1466902032963426
d_og,2,oglev,2019Q1,enet,ea_hicp_food_idx__dyoy,-0.04220153026563849,-0.10366953434381483
d_og,2,oglev,2019Q1,enet,eu_ppi_dom_c105_idx__yoy,0.03430707464118326,0.17127486202872252
d_og,2,oglev,2019Q1,enet,ea_ec_food_ind_sell_price_exp__lvl,-0.025729933634945062,-0.2900861061362521
d_og,2,oglev,2019Q1,enet,ea_ec_food_ind_sell_price_exp__d4,0.034999033278648915,0.5252867314174509
d_og,2,oglev,2019Q1,enet,no_fn_cci_sa__lvl,-0.03796825656444118,-0.4899754019291779
d_og,2,oglev,2019Q1,enet,se_ec_cons_conf__d4,-0.01727453258726625,-0.08493831466252771
d_og,2,oglev,2019Q1,enet,eu_ppi_paper_packaging_idx__yoy,0.08409387479720085,0.1864907540593762
d_og,2,oglev,2019Q1,enet,eu_ppi_plastic_products_idx__yoy,0.0043834138985255665,0.006989998840243185
d_og,2,oglev,2019Q1,enet,eu_ppi_plastic_products_idx__dyoy,0.1992731030402807,0.4478656270490404
d_og,2,oglev,2019Q1,enet,glob_fao_meat_idx__yoy,-0.0011687469717488862,-0.011963879952397291
d_og,2,oglev,2019Q1,enet,glob_fao_sugar_idx__yoy,-0.008814984344469161,-0.2576417931959728
d_og,2,oglev,2019Q1,enet,glob_gscpi__lvl,-0.08826012988715114,-0.03807022161694909
d_og,2,oglev,2019Q1,enet,glob_gscpi__d4,1.2434194503614753,0.6909764435638979
d_og,2,oglev,2019Q1,enet,glob_wb_food_idx__yoy,-0.017745432729200802,-0.2842417227744581
d_og,2,oglev,2019Q1,enet,glob_wb_food_idx_eur__dyoy,0.0008382505456090472,0.01633722581970952
d_og,2,oglev,2019Q1,enet,us_ppi_corrugated_boxes_idx__yoy,-0.04534495771086223,-0.19644756125314777
d_og,2,oglev,2019Q1,enet,us_ppi_corrugated_boxes_idx__dyoy,-0.02194667672873511,-0.15990886280434596
d_og,2,oglev,2019Q1,enet,us_ppi_plastic_resins_idx__dyoy,0.003042093869841985,0.04362319416023806
d_og,2,oglev,2019Q1,enet,w_food_cpi_rel_dyoy,0.12637982558593489,0.21501518495548227
d_og,2,oglev,2019Q1,enet,w_real_wage_yoy,0.2376533868812701,0.3414863286464311
d_og,2,oglev,2019Q1,enet,w_retail_food_vol_dyoy,0.338950807006674,0.4885758229532856
d_og,2,oglev,2019Q1,enet,w_gdp_vol_yoy,-0.15155506107901998,-0.32464462106801734
d_og,2,oglev,2019Q1,enet,w_unemp_lvl,-0.9600235659679772,-0.5915749680544097
d_og,2,oglev,2019Q1,enet,w_unemp_d4,-0.3544716191405802,-0.22935823152733245
d_og,2,oglev,2019Q1,enet,w_gov10y_lvl,-0.06379408297530272,-0.08898378008835525
d_og,2,oglev,2019Q1,enet,w_gov10y_d4,-0.34535091789647654,-0.20901839438767178
d_og,2,oglev,2019Q1,enet,w_fx_vs_usd_yoy,0.07048667706719026,0.7623852741039079
d_og,2,oglev,2019Q1,enet,w_fx_vs_usd_dyoy,0.039241337114564394,0.6185739805143952
d_og,2,oglev,2019Q1,enet,w_fx_vs_nok_yoy,0.09598827052082898,0.30129132788623736
d_og,2,oglev,2019Q1,enet,w_ec_food_ind_sell_price_exp_lvl,0.021833101851260583,0.2582117023670901
d_og,2,oglev,2019Q1,enet,w_ec_food_ind_sell_price_exp_d4,0.07444725506964654,1.1805879507070487
d_og,2,oglev,2019Q1,enet,w_ec_cons_price_exp_lvl,-0.04438190262663384,-0.45828740877667573
d_og,2,oglev,2019Q1,enet,w_hh_saving_d4,-0.18449349642610308,-0.22560655309791502
d_og,2,oglev,2019Q1,enet,nw_food_cpi_yoy,0.05145945089259194,0.07417183014071539
d_og,2,oglev,2019Q1,enet,nw_food_cpi_xvat_yoy,0.08903978479086103,0.1310967404497901
d_og,2,oglev,2019Q1,enet,nw_real_wage_dyoy,-0.1360720586441479,-0.38000904271428126
d_og,2,oglev,2019Q1,enet,nw_retail_food_vol_yoy,-0.13826092601419254,-0.16929596575271863
d_og,2,oglev,2019Q1,enet,fao_ffpi_sek_yoy,0.007934185920011645,0.09003646302246342
d_og,2,oglev,2019Q1,enet,eu_agri_basket_wloc_yoy,0.003883752307582166,0.03359107146279167
d_og,2,oglev,2019Q1,enet,brent_nok_dyoy,0.004884500547876335,0.1768600352583679
d_og,2,oglev,2019Q1,enet,packaging_eu_yoy,0.10607524517983674,0.1889081067404679
d_og,2,oglev,2019Q1,enet,price_cost_gap_ppi_d4,0.0020531510966396876,0.004544397726587554
d_og,2,oglev,2019Q1,enet,price_cost_gap_fao_nok_d4,-0.010537153175276908,-0.18581885840977871
d_og,2,oglev,2019Q1,enet,price_cost_gap_fao_wloc_d4,-0.008794132085445293,-0.15451594818915604
d_og,2,oglev,2019Q1,enet,nw_price_cost_gap_ppi_d4,0.12220274375862057,0.33954526933894735
d_og,2,oglev,2019Q1,enet,price_wage_gap,-0.08302388327931493,-0.16513612837676872
d_og,2,oglev,2019Q1,enet,price_wage_gap_d4,0.20846458379076774,0.5972761763143135
d_og,2,oglev,2023Q2,enet,no_jordbruk_malpris_mnok__d4,0.0012840983269325917,0.37611424404605154
d_og,2,oglev,2023Q2,enet,se_cpi_food_idx__yoy,-0.05874968210781168,-0.10608393422392616
d_og,2,oglev,2023Q2,enet,se_na_hhcons_food_sa__yoy,0.0769922234111742,0.15557547807271893
d_og,2,oglev,2023Q2,enet,se_gov_bond_10y__lvl,-0.12527444685522152,-0.19479415064535652
d_og,2,oglev,2023Q2,enet,se_gov_bond_10y__d4,-0.11816271954774372,-0.07302181110654975
d_og,2,oglev,2023Q2,enet,no_earn_idx_food_manuf_q__yoy,-0.14118058170256712,-0.25535653205711983
d_og,2,oglev,2023Q2,enet,no_earn_idx_food_manuf_q__dyoy,-0.046237077792520224,-0.13508510101696303
d_og,2,oglev,2023Q2,enet,eu_ppi_dom_c108_idx__dyoy,0.00880470285820279,0.02365918713764649
d_og,2,oglev,2023Q2,enet,ea_ec_food_ind_sell_price_exp__d4,0.01057343017131799,0.1750717239412734
d_og,2,oglev,2023Q2,enet,no_fn_cci_sa__lvl,-0.013149103455913977,-0.1620988645807866
d_og,2,oglev,2023Q2,enet,no_ssb_bts_consgoods_home_price_exp__lvl,0.03852057706564461,0.2809223183946618
d_og,2,oglev,2023Q2,enet,se_nier_food_mfg_sell_price_exp__lvl,0.006996481997518235,0.13666845148431694
d_og,2,oglev,2023Q2,enet,eu_ppi_paper_packaging_idx__yoy,0.01328883171065524,0.0323378695190688
d_og,2,oglev,2023Q2,enet,eu_ppi_plastic_products_idx__dyoy,0.009439234443896473,0.027582261029047497
d_og,2,oglev,2023Q2,enet,glob_gscpi__lvl,0.26687090771682015,0.2557637021149414
d_og,2,oglev,2023Q2,enet,glob_gscpi__d4,0.24032421616073846,0.1651390696312526
d_og,2,oglev,2023Q2,enet,us_ppi_plastic_resins_idx__dyoy,0.015995421495802294,0.2449618430082115
d_og,2,oglev,2023Q2,enet,w_retail_total_vol_yoy,0.05164469644141444,0.08963940265485967
d_og,2,oglev,2023Q2,enet,w_gov10y_lvl,-0.11264810759839948,-0.1660652726861134
d_og,2,oglev,2023Q2,enet,w_fx_vs_nok_dyoy,0.0005509896131212522,0.002945035689883946
d_og,2,oglev,2023Q2,enet,nw_real_wage_dyoy,-0.034546172902796254,-0.0950144103104007
d_og,2,oglev,2023Q2,enet,wb_food_sek_dyoy,0.008038866572988843,0.14053691345040367
d_og,2,oglev,2023Q2,enet,eu_agri_basket_wloc_dyoy,-0.0008995452097733605,-0.011896742748505888
d_og,2,oglev,2023Q2,enet,elec_nordic_loc_dyoy,0.00015480201634812625,0.014701298403581595
d_og,2,oglev,2023Q2,enet,packaging_eu_yoy,0.007968007253240287,0.01743215877165314
d_og,2,oglev,2023Q2,enet,packaging_eu_dyoy,0.023376583193451525,0.07087762068548631
d_og,2,oglev,2023Q2,enet,price_wage_gap,-0.023994660619604896,-0.04487573769922141
d_og,2,oglev,2023Q3,lasso,no_jordbruk_malpris_mnok__d4,0.002006530932716114,0.5841473124139681
d_og,2,oglev,2023Q3,lasso,se_cpi_food_idx__yoy,-0.005068272293271533,-0.009867800488420014
d_og,2,oglev,2023Q3,lasso,se_na_hhcons_food_sa__yoy,0.14580127599709866,0.29405232182895386
d_og,2,oglev,2023Q3,lasso,se_gov_bond_10y__lvl,-0.25474656236173354,-0.3939892139168782
d_og,2,oglev,2023Q3,lasso,se_gov_bond_10y__d4,-0.3080956923033652,-0.19712779668841518
d_og,2,oglev,2023Q3,lasso,no_earn_idx_food_manuf_q__yoy,-0.12171696208268229,-0.22191445227748127
d_og,2,oglev,2023Q3,lasso,no_earn_idx_food_manuf_q__dyoy,-0.06814475027129234,-0.1982883503621832
d_og,2,oglev,2023Q3,lasso,eu_ppi_dom_c108_idx__dyoy,0.011221676919937874,0.030630623057164744
d_og,2,oglev,2023Q3,lasso,ea_ec_food_ind_sell_price_exp__d4,0.02289173744813508,0.38960551727529585
d_og,2,oglev,2023Q3,lasso,no_fn_cci_sa__lvl,-0.021814709490661003,-0.27829304314587333
d_og,2,oglev,2023Q3,lasso,no_ssb_bts_consgoods_home_price_exp__lvl,0.044581996959204256,0.38303909302296435
d_og,2,oglev,2023Q3,lasso,se_nier_food_mfg_sell_price_exp__lvl,0.001492236143038123,0.031048318308029125
d_og,2,oglev,2023Q3,lasso,glob_fao_sugar_idx__yoy,-0.0023976289441637595,-0.06845016863011519
d_og,2,oglev,2023Q3,lasso,glob_gscpi__lvl,0.34434868485999737,0.3473685542473514
d_og,2,oglev,2023Q3,lasso,glob_gscpi__d4,0.259543919509138,0.17717724343401642
d_og,2,oglev,2023Q3,lasso,us_ppi_plastic_resins_idx__dyoy,0.021157915828527846,0.32182886738479705
d_og,2,oglev,2023Q3,lasso,w_retail_total_vol_yoy,0.11150388549843342,0.19228983558004484
d_og,2,oglev,2023Q3,lasso,w_fx_vs_usd_dyoy,0.004005135946314139,0.062366949016467096
d_og,2,oglev,2023Q3,lasso,nw_real_wage_dyoy,-0.04683412247478216,-0.1285911558147313
d_og,2,oglev,2023Q3,lasso,wb_food_sek_dyoy,0.008089042191081417,0.1409729840970185
d_og,2,oglev,2023Q3,lasso,price_cost_gap_agri_d4,0.00024263396453166964,0.003653274621226333
d_og,2,oglev,2023Q3,lasso,price_wage_gap,-0.0164215389952076,-0.031061195522867156
d_og,2,oglev,2023Q3,enet,no_jordbruk_malpris_mnok__d4,0.0014330070781489314,0.41718132510311184
d_og,2,oglev,2023Q3,enet,se_cpi_food_idx__yoy,-0.027420753417897202,-0.05338752701372951
d_og,2,oglev,2023Q3,enet,se_na_hhcons_food_sa__yoy,0.10092901521475393,0.20355385136957774
d_og,2,oglev,2023Q3,enet,se_gov_bond_10y__lvl,-0.14089387063133393,-0.21790545403679237
d_og,2,oglev,2023Q3,enet,se_gov_bond_10y__d4,-0.11831864436531642,-0.07570340726454954
d_og,2,oglev,2023Q3,enet,no_earn_idx_food_manuf_q__yoy,-0.1349905038057086,-0.24611478303538123
d_og,2,oglev,2023Q3,enet,no_earn_idx_food_manuf_q__dyoy,-0.062037006680583304,-0.18051597030039734
d_og,2,oglev,2023Q3,enet,eu_ppi_dom_c108_idx__dyoy,0.024696218272953097,0.06741065156779423
d_og,2,oglev,2023Q3,enet,ea_ec_food_ind_sell_price_exp__d4,0.01348856442931763,0.22956838176621572
d_og,2,oglev,2023Q3,enet,no_fn_cci_sa__lvl,-0.01945536095765454,-0.24819453170921127
d_og,2,oglev,2023Q3,enet,no_ssb_bts_consgoods_home_price_exp__lvl,0.03494181986389276,0.30021272940027083
d_og,2,oglev,2023Q3,enet,se_nier_food_mfg_sell_price_exp__lvl,0.007846914018408242,0.1632673791718036
d_og,2,oglev,2023Q3,enet,eu_ppi_paper_packaging_idx__yoy,0.00732265086824158,0.02148096359652979
d_og,2,oglev,2023Q3,enet,eu_ppi_plastic_products_idx__dyoy,0.01096167255950497,0.03523149656808117
d_og,2,oglev,2023Q3,enet,glob_fao_sugar_idx__yoy,-7.187674002227932e-05,-0.00205201684234086
d_og,2,oglev,2023Q3,enet,glob_gscpi__lvl,0.2702446851704588,0.27261467723874044
d_og,2,oglev,2023Q3,enet,glob_gscpi__d4,0.27598718623473467,0.18840221328498194
d_og,2,oglev,2023Q3,enet,us_ppi_plastic_resins_idx__dyoy,0.018382543896937883,0.27961323459024584
d_og,2,oglev,2023Q3,enet,w_retail_total_vol_yoy,0.08949063981956705,0.15432771997079267
d_og,2,oglev,2023Q3,enet,w_gov10y_lvl,-0.11929390251959475,-0.17470641461551586
d_og,2,oglev,2023Q3,enet,w_fx_vs_usd_dyoy,0.004539789220946803,0.0706924325874278
d_og,2,oglev,2023Q3,enet,w_fx_vs_nok_dyoy,0.0026453467900878747,0.014141282762239185
d_og,2,oglev,2023Q3,enet,nw_real_wage_dyoy,-0.05269725501074405,-0.1446893967906407
d_og,2,oglev,2023Q3,enet,wb_food_sek_dyoy,0.008193526515040217,0.14279390016988452
d_og,2,oglev,2023Q3,enet,eu_agri_basket_wloc_dyoy,-0.0013027451796289908,-0.01765069156496928
d_og,2,oglev,2023Q3,enet,packaging_eu_dyoy,0.01752923114197047,0.0594446007621188
d_og,2,oglev,2023Q3,enet,price_cost_gap_agri_d4,0.0009446640110839307,0.014223553013033921
d_og,2,oglev,2023Q3,enet,price_wage_gap,-0.04588272714994194,-0.08678677190625245
d_og,2,oglev,2023Q4,lasso,no_jordbruk_malpris_mnok__d4,0.0013107423222700613,0.41275461084527265
d_og,2,oglev,2023Q4,lasso,se_gov_bond_10y__lvl,-0.12706127773535145,-0.19543809333777734
d_og,2,oglev,2023Q4,lasso,no_earn_idx_food_manuf_q__yoy,-0.17556602438083305,-0.32247025185450623
d_og,2,oglev,2023Q4,lasso,ea_ec_food_ind_sell_price_exp__d4,0.019238141199405194,0.3311658393538574
d_og,2,oglev,2023Q4,lasso,no_fn_cci_sa__lvl,-0.003233223609240592,-0.04416901995681066
d_og,2,oglev,2023Q4,lasso,no_ssb_bts_consgoods_home_price_exp__lvl,0.025664910043654104,0.23421585358579786
d_og,2,oglev,2023Q4,lasso,glob_gscpi__lvl,0.5163676811188519,0.5240538718723606
d_og,2,oglev,2023Q4,lasso,us_ppi_plastic_resins_idx__dyoy,0.010195654857978737,0.15780370319074383
d_og,2,oglev,2023Q4,lasso,wb_food_sek_dyoy,0.0025371987219306616,0.0439226295327349
d_og,2,oglev,2023Q4,lasso,packaging_eu_dyoy,0.0020531890370406704,0.007532848662609603
d_og,2,oglev,2023Q4,enet,no_jordbruk_malpris_mnok__d4,0.0014798281904886564,0.4659999898570154
d_og,2,oglev,2023Q4,enet,se_na_hhcons_food_sa__yoy,0.1016369368604131,0.20570777471436777
d_og,2,oglev,2023Q4,enet,se_gov_bond_10y__lvl,-0.11058542030249215,-0.17009591025750137
d_og,2,oglev,2023Q4,enet,no_earn_idx_food_manuf_q__yoy,-0.15150708830722645,-0.278280089194228
d_og,2,oglev,2023Q4,enet,no_earn_idx_food_manuf_q__dyoy,-0.0599279962714315,-0.17327294399421544
d_og,2,oglev,2023Q4,enet,eu_ppi_dom_c108_idx__dyoy,0.04483932643271208,0.1303151861545067
d_og,2,oglev,2023Q4,enet,ea_ec_food_ind_sell_price_exp__d4,0.017517954042836358,0.30155449501210485
d_og,2,oglev,2023Q4,enet,no_fn_cci_sa__lvl,-0.022375667789775504,-0.3056736670884606
d_og,2,oglev,2023Q4,enet,no_ssb_bts_consgoods_home_price_exp__lvl,0.02655109276560618,0.24230308406125833
d_og,2,oglev,2023Q4,enet,se_nier_food_mfg_sell_price_exp__lvl,0.004797971454862267,0.10360664075697311
d_og,2,oglev,2023Q4,enet,se_nier_food_mfg_sell_price_exp__d4,0.00014235259943153948,0.0037982463863063783
d_og,2,oglev,2023Q4,enet,eu_ppi_paper_packaging_idx__dyoy,0.013996935646887825,0.06063450425059001
d_og,2,oglev,2023Q4,enet,eu_ppi_plastic_products_idx__dyoy,0.011233887951831324,0.037172459692443954
d_og,2,oglev,2023Q4,enet,glob_fao_sugar_idx__yoy,-0.0025342070134755476,-0.07192909829099824
d_og,2,oglev,2023Q4,enet,glob_gscpi__lvl,0.293552964612607,0.2979225333613358
d_og,2,oglev,2023Q4,enet,glob_gscpi__d4,0.08589054112331193,0.06128258013050121
d_og,2,oglev,2023Q4,enet,us_ppi_plastic_resins_idx__yoy,0.004871411522190805,0.05120540283930589
d_og,2,oglev,2023Q4,enet,us_ppi_plastic_resins_idx__dyoy,0.01573956635046316,0.2436098407917181
d_og,2,oglev,2023Q4,enet,w_retail_total_vol_yoy,0.01788860417944946,0.032609619112036727
d_og,2,oglev,2023Q4,enet,w_gov10y_lvl,-0.08335728230640686,-0.12126121872241101
d_og,2,oglev,2023Q4,enet,w_fx_vs_usd_dyoy,0.002786306543178784,0.043484746095234714
d_og,2,oglev,2023Q4,enet,w_fx_vs_nok_dyoy,0.014036927575833181,0.07455812315556411
d_og,2,oglev,2023Q4,enet,nw_real_wage_dyoy,-0.043876101523177814,-0.12214503505374252
d_og,2,oglev,2023Q4,enet,wb_food_sek_dyoy,0.009455091843869865,0.16368150143961363
d_og,2,oglev,2023Q4,enet,eu_agri_basket_wloc_dyoy,-0.00044493586152366895,-0.006089309426576468
d_og,2,oglev,2023Q4,enet,elec_nordic_loc_dyoy,0.0003650570029645348,0.03447830222213561
d_og,2,oglev,2023Q4,enet,packaging_eu_dyoy,0.028993241603387867,0.10637194008769257
d_og,2,oglev,2023Q4,enet,price_cost_gap_agri_d4,0.0012459795651589434,0.018681878237508637
d_og,2,oglev,2023Q4,enet,price_wage_gap,-0.013438623512403373,-0.027733197133747268
d_og,2,oglev,2024Q1,lasso,no_jordbruk_malpris_mnok__d4,0.0015191589333965597,0.5101986308197843
d_og,2,oglev,2024Q1,lasso,se_gov_bond_10y__lvl,-0.11235318967084382,-0.17172774717058828
d_og,2,oglev,2024Q1,lasso,no_earn_idx_food_manuf_q__yoy,-0.2256384001797211,-0.4130291369078842
d_og,2,oglev,2024Q1,lasso,eu_ppi_dom_c108_idx__dyoy,0.0203846700238222,0.06477059026750759
d_og,2,oglev,2024Q1,lasso,ea_ec_food_ind_sell_price_exp__d4,0.016060351957291892,0.27465045562542845
d_og,2,oglev,2024Q1,lasso,no_fn_cci_sa__lvl,-0.01361772112991236,-0.20085535421734818
d_og,2,oglev,2024Q1,lasso,no_ssb_bts_consgoods_home_price_exp__lvl,0.025307895193657663,0.24410715741751016
d_og,2,oglev,2024Q1,lasso,se_nier_food_mfg_sell_price_exp__lvl,0.0015147478965447485,0.0336568238181411
d_og,2,oglev,2024Q1,lasso,glob_gscpi__lvl,0.5316325790271709,0.5407424141910733
d_og,2,oglev,2024Q1,lasso,us_ppi_plastic_resins_idx__dyoy,0.00816993372090814,0.1314187040167773
d_og,2,oglev,2024Q1,lasso,nw_real_wage_dyoy,-0.015242023033124929,-0.042801006139735746
d_og,2,oglev,2024Q1,lasso,wb_food_sek_dyoy,0.009343662395701719,0.16078136545349717
d_og,2,oglev,2024Q1,lasso,packaging_eu_dyoy,0.027935389258406242,0.1058356314076133
d_og,2,oglev,2024Q1,enet,no_jordbruk_malpris_mnok__d4,0.0009162871791646093,0.30772847657373675
d_og,2,oglev,2024Q1,enet,se_cpi_idx__dyoy,0.005749029575238376,0.011686086577668422
d_og,2,oglev,2024Q1,enet,se_gov_bond_10y__lvl,-0.093240854928416,-0.14251524151674103
d_og,2,oglev,2024Q1,enet,no_earn_idx_food_manuf_q__yoy,-0.14966057976773317,-0.27395239481119066
d_og,2,oglev,2024Q1,enet,no_earn_idx_food_manuf_q__dyoy,-0.02979886214203376,-0.08564563875172403
d_og,2,oglev,2024Q1,enet,se_real_wage_yoy_q__lvl,-0.02476916987167985,-0.041336532747282405
d_og,2,oglev,2024Q1,enet,eu_ppi_dom_c108_idx__dyoy,0.019173238502953088,0.060921367563207734
d_og,2,oglev,2024Q1,enet,ea_ec_food_ind_sell_price_exp__d4,0.011400408438806851,0.1949600718814044
d_og,2,oglev,2024Q1,enet,no_fn_cci_sa__lvl,-0.015499434208858895,-0.22860978856077313
d_og,2,oglev,2024Q1,enet,no_ssb_bts_consgoods_home_price_exp__lvl,0.021631262066814802,0.20864421375534495
d_og,2,oglev,2024Q1,enet,se_nier_food_mfg_sell_price_exp__lvl,0.005283614437315249,0.11739886263935316
d_og,2,oglev,2024Q1,enet,eu_ppi_paper_packaging_idx__dyoy,0.01613709856552569,0.07513640221766674
d_og,2,oglev,2024Q1,enet,eu_ppi_plastic_products_idx__dyoy,0.011852692375141602,0.03911363952455361
d_og,2,oglev,2024Q1,enet,glob_gscpi__lvl,0.3467965624059452,0.35273912432475624
d_og,2,oglev,2024Q1,enet,us_ppi_plastic_resins_idx__yoy,0.006558237855427817,0.06871688887888479
d_og,2,oglev,2024Q1,enet,us_ppi_plastic_resins_idx__dyoy,0.0049902097543931025,0.08027077343551876
d_og,2,oglev,2024Q1,enet,w_gov10y_lvl,-0.04882733189706559,-0.07059136619425707
d_og,2,oglev,2024Q1,enet,w_fx_vs_nok_dyoy,0.0016158322117307015,0.00859056649624351
d_og,2,oglev,2024Q1,enet,nw_real_wage_dyoy,-0.014909114786384967,-0.04186616908551274
d_og,2,oglev,2024Q1,enet,wb_food_sek_dyoy,0.009655145295832227,0.16614121728434206
d_og,2,oglev,2024Q1,enet,packaging_eu_yoy,0.0031308554383080406,0.011515393168641518
d_og,2,oglev,2024Q1,enet,packaging_eu_dyoy,0.03352726406466519,0.12702093136525225
d_og,2,oglev,2024Q2,lasso,no_jordbruk_malpris_mnok__d4,0.0013655268076841953,0.48410021291211475
d_og,2,oglev,2024Q2,lasso,se_gov_bond_10y__lvl,-0.11511803813004308,-0.1748148286203197
d_og,2,oglev,2024Q2,lasso,no_earn_idx_food_manuf_q__yoy,-0.23184845989271383,-0.42187102335479987
d_og,2,oglev,2024Q2,lasso,ea_ec_food_ind_sell_price_exp__d4,0.011809388960505311,0.20471797504834002
d_og,2,oglev,2024Q2,lasso,no_fn_cci_sa__lvl,-0.009158039578978544,-0.14380198319584675
d_og,2,oglev,2024Q2,lasso,no_ssb_bts_consgoods_home_price_exp__lvl,0.023784681787911467,0.23415081517083347
d_og,2,oglev,2024Q2,lasso,se_nier_food_mfg_sell_price_exp__lvl,0.003229550460719913,0.07169673739733436
d_og,2,oglev,2024Q2,lasso,glob_gscpi__lvl,0.5271129821312727,0.5327744137051247
d_og,2,oglev,2024Q2,lasso,us_ppi_plastic_resins_idx__dyoy,0.00653505247920522,0.10888313572984658
d_og,2,oglev,2024Q2,lasso,nw_real_wage_dyoy,-0.019763687367360627,-0.0553547122242133
d_og,2,oglev,2024Q2,lasso,wb_food_sek_dyoy,0.010759924508995888,0.18670062163775641
d_og,2,oglev,2024Q2,lasso,packaging_eu_dyoy,0.05326100331712248,0.20206908243528549
d_og,2,oglev,2024Q2,enet,no_jordbruk_malpris_mnok__d4,0.0008468613454054502,0.3002253454936426
d_og,2,oglev,2024Q2,enet,se_cpi_idx__dyoy,0.006709614333957268,0.014270544647386956
d_og,2,oglev,2024Q2,enet,se_gov_bond_10y__lvl,-0.09440791607814646,-0.1433650532765253
d_og,2,oglev,2024Q2,enet,no_earn_idx_food_manuf_q__yoy,-0.15104588004777317,-0.27484280041699327
d_og,2,oglev,2024Q2,enet,no_earn_idx_food_manuf_q__dyoy,-0.03193034624659522,-0.09119597242304063
d_og,2,oglev,2024Q2,enet,eu_ppi_dom_c108_idx__dyoy,0.0022909565990649697,0.008122199300365061
d_og,2,oglev,2024Q2,enet,ea_ec_food_ind_sell_price_exp__d4,0.009805834243905054,0.1699859778338622
d_og,2,oglev,2024Q2,enet,no_fn_cci_sa__lvl,-0.011526722532905589,-0.18099567551388077
d_og,2,oglev,2024Q2,enet,no_ssb_bts_consgoods_home_price_exp__lvl,0.02230642106663125,0.21959792116916932
d_og,2,oglev,2024Q2,enet,se_nier_food_mfg_sell_price_exp__lvl,0.006662432081437247,0.14790747169929697
d_og,2,oglev,2024Q2,enet,eu_ppi_paper_packaging_idx__dyoy,0.019511527638630358,0.09264234475204478
d_og,2,oglev,2024Q2,enet,eu_ppi_plastic_products_idx__dyoy,0.01821117483014281,0.05974348791979464
d_og,2,oglev,2024Q2,enet,glob_gscpi__lvl,0.3443459753103944,0.3480444066582029
d_og,2,oglev,2024Q2,enet,us_ppi_plastic_resins_idx__yoy,0.006128990507168387,0.0645670889892777
d_og,2,oglev,2024Q2,enet,us_ppi_plastic_resins_idx__dyoy,0.003954551589698006,0.06588837333164543
d_og,2,oglev,2024Q2,enet,w_gov10y_lvl,-0.050426206165825015,-0.07244896053952923
d_og,2,oglev,2024Q2,enet,w_fx_vs_nok_dyoy,0.0015533743689491208,0.008345606423146188
d_og,2,oglev,2024Q2,enet,nw_real_wage_dyoy,-0.01959468708121549,-0.05488137129185149
d_og,2,oglev,2024Q2,enet,wb_food_sek_dyoy,0.010028627292440273,0.1740115321540203
d_og,2,oglev,2024Q2,enet,packaging_eu_dyoy,0.04236337919754692,0.16072414393580098
d_og,2,oglev,2024Q3,lasso,no_jordbruk_malpris_mnok__d4,0.001395636137418831,0.5182265121421573
d_og,2,oglev,2024Q3,lasso,se_gov_bond_10y__lvl,-0.1192659477636144,-0.1799489920875498
d_og,2,oglev,2024Q3,lasso,no_earn_idx_food_manuf_q__yoy,-0.23455778010987885,-0.42408183256155374
d_og,2,oglev,2024Q3,lasso,ea_ec_food_ind_sell_price_exp__d4,0.009577467992414582,0.17564304792562047
d_og,2,oglev,2024Q3,lasso,no_fn_cci_sa__lvl,-0.00680006477116197,-0.11177131855164979
d_og,2,oglev,2024Q3,lasso,no_ssb_bts_consgoods_home_price_exp__lvl,0.03604071746351539,0.3594881612476889
d_og,2,oglev,2024Q3,lasso,se_nier_food_mfg_sell_price_exp__lvl,0.0009222199138916456,0.020407592011795758
d_og,2,oglev,2024Q3,lasso,eu_ppi_paper_packaging_idx__dyoy,0.023023604844976772,0.10883806846423785
d_og,2,oglev,2024Q3,lasso,glob_gscpi__lvl,0.5170074746501543,0.5255945350828103
d_og,2,oglev,2024Q3,lasso,us_ppi_plastic_resins_idx__dyoy,0.010154374856713921,0.1702981025747066
d_og,2,oglev,2024Q3,lasso,nw_real_wage_dyoy,-0.019636050529230842,-0.0550298356735415
d_og,2,oglev,2024Q3,lasso,wb_food_sek_dyoy,0.009417112483661862,0.16963381561896948
d_og,2,oglev,2024Q3,lasso,packaging_eu_dyoy,0.009728153183827666,0.03707943465349485
d_og,2,oglev,2024Q3,enet,no_jordbruk_malpris_mnok__d4,0.0008147856880099143,0.3025455804129915
d_og,2,oglev,2024Q3,enet,se_cpi_idx__dyoy,0.02117406768542057,0.0449359039639996
d_og,2,oglev,2024Q3,enet,se_gov_bond_10y__lvl,-0.0991503580133793,-0.14959850086455737
d_og,2,oglev,2024Q3,enet,no_earn_idx_food_manuf_q__yoy,-0.1598920694816523,-0.28908579287403713
d_og,2,oglev,2024Q3,enet,no_earn_idx_food_manuf_q__dyoy,-0.022682307396042357,-0.06478464135131869
d_og,2,oglev,2024Q3,enet,se_real_wage_yoy_q__d4,-0.005814885681780166,-0.011827143498353832
d_og,2,oglev,2024Q3,enet,eu_ppi_dom_c108_idx__dyoy,0.004031091561578983,0.015436845327339615
d_og,2,oglev,2024Q3,enet,ea_ec_food_ind_sell_price_exp__lvl,0.0010894913757945072,0.017616532006980528
d_og,2,oglev,2024Q3,enet,ea_ec_food_ind_sell_price_exp__d4,0.007074388841446625,0.12973859263291776
d_og,2,oglev,2024Q3,enet,no_fn_cci_sa__lvl,-0.01106552122071144,-0.1818817818537981
d_og,2,oglev,2024Q3,enet,no_ssb_bts_consgoods_home_price_exp__lvl,0.027028841220656137,0.26959919543515287
d_og,2,oglev,2024Q3,enet,se_nier_food_mfg_sell_price_exp__lvl,0.005547816321621962,0.12276634926508946
d_og,2,oglev,2024Q3,enet,eu_ppi_paper_packaging_idx__dyoy,0.018246171865913645,0.08625400392874764
d_og,2,oglev,2024Q3,enet,eu_ppi_plastic_products_idx__yoy,0.0051515264519085896,0.017563885178025384
d_og,2,oglev,2024Q3,enet,eu_ppi_plastic_products_idx__dyoy,0.0024191282359192373,0.008134541351775893
d_og,2,oglev,2024Q3,enet,glob_gscpi__lvl,0.3332633924807515,0.3387986178528037
d_og,2,oglev,2024Q3,enet,us_ppi_plastic_resins_idx__yoy,0.008159741940923674,0.0860912451459741
d_og,2,oglev,2024Q3,enet,us_ppi_plastic_resins_idx__dyoy,0.005670377397938697,0.09509738663163353
d_og,2,oglev,2024Q3,enet,w_gov10y_lvl,-0.049034715712800485,-0.07003771779062379
d_og,2,oglev,2024Q3,enet,w_fx_vs_nok_dyoy,0.0008792093368027932,0.004800051654262707
d_og,2,oglev,2024Q3,enet,nw_real_wage_dyoy,-0.019760857245303572,-0.05537960524997504
d_og,2,oglev,2024Q3,enet,wb_food_sek_dyoy,0.00861353840560797,0.15515874831683488
d_og,2,oglev,2024Q3,enet,packaging_eu_yoy,0.0013806965702104225,0.005617146356368424
d_og,2,oglev,2024Q3,enet,packaging_eu_dyoy,0.03280898375653501,0.12505339361539033
d_og,2,oglev,2024Q4,lasso,no_jordbruk_malpris_mnok__d4,0.0008710016695026743,0.328133702714591
d_og,2,oglev,2024Q4,lasso,se_gov_bond_10y__lvl,-0.08457406829276981,-0.12683426895017447
d_og,2,oglev,2024Q4,lasso,no_earn_idx_food_manuf_q__yoy,-0.2616253482812689,-0.470873210663047
d_og,2,oglev,2024Q4,lasso,se_real_wage_yoy_q__d4,-0.07832610592103674,-0.15846055166229883
d_og,2,oglev,2024Q4,lasso,eu_ppi_dom_c108_idx__dyoy,0.0025331193717961576,0.00979569922971203
d_og,2,oglev,2024Q4,lasso,ea_ec_food_ind_sell_price_exp__d4,0.0035397780692298262,0.06797717191244391
d_og,2,oglev,2024Q4,lasso,no_fn_cci_sa__lvl,-0.006803991741580014,-0.11614448962897422
d_og,2,oglev,2024Q4,lasso,no_ssb_bts_consgoods_home_price_exp__lvl,0.04418971114116049,0.4482756413707628
d_og,2,oglev,2024Q4,lasso,se_nier_food_mfg_sell_price_exp__lvl,0.00487747065017056,0.10724714333118188
d_og,2,oglev,2024Q4,lasso,glob_gscpi__lvl,0.5600336372636461,0.5687679104049025
d_og,2,oglev,2024Q4,lasso,us_ppi_plastic_resins_idx__dyoy,0.009936900307492958,0.16672850479197152
d_og,2,oglev,2024Q4,lasso,nw_real_wage_dyoy,-0.006609328360946179,-0.018459762490812905
d_og,2,oglev,2024Q4,lasso,wb_food_sek_dyoy,0.010280357433719007,0.18764362078392127
d_og,2,oglev,2024Q4,enet,no_jordbruk_malpris_mnok__d4,0.0005334809238973079,0.20097903025372688
d_og,2,oglev,2024Q4,enet,se_cpi_idx__dyoy,0.021073988109335064,0.044774461487505385
d_og,2,oglev,2024Q4,enet,se_gov_bond_10y__lvl,-0.09500609340821566,-0.14247899677155734
d_og,2,oglev,2024Q4,enet,no_earn_idx_food_manuf_q__yoy,-0.1733036358351568,-0.31191182338168805
d_og,2,oglev,2024Q4,enet,no_earn_idx_food_manuf_q__dyoy,-0.019123510007658995,-0.05439665881212474
d_og,2,oglev,2024Q4,enet,se_real_wage_yoy_q__d4,-0.03880063828376026,-0.07849707929425659
d_og,2,oglev,2024Q4,enet,eu_ppi_dom_c108_idx__dyoy,0.008075524179502715,0.031228455660415405
d_og,2,oglev,2024Q4,enet,ea_ec_food_ind_sell_price_exp__lvl,0.0029365338625502685,0.0472317063183811
d_og,2,oglev,2024Q4,enet,ea_ec_food_ind_sell_price_exp__d4,0.005997015642844371,0.11516545821301859
d_og,2,oglev,2024Q4,enet,no_fn_cci_sa__lvl,-0.012542968167821035,-0.21410911294635823
d_og,2,oglev,2024Q4,enet,no_ssb_bts_consgoods_home_price_exp__lvl,0.030789382059548048,0.31233809033201326
d_og,2,oglev,2024Q4,enet,se_nier_food_mfg_sell_price_exp__lvl,0.007033691927022778,0.15465871972359488
d_og,2,oglev,2024Q4,enet,eu_ppi_plastic_products_idx__yoy,0.013729121921121908,0.04653481259397266
d_og,2,oglev,2024Q4,enet,glob_gscpi__lvl,0.3384368735723131,0.3437151281237658
d_og,2,oglev,2024Q4,enet,us_ppi_plastic_resins_idx__yoy,0.010655996099152697,0.11310383792369788
d_og,2,oglev,2024Q4,enet,us_ppi_plastic_resins_idx__dyoy,0.005880648077654492,0.09866976932995761
d_og,2,oglev,2024Q4,enet,w_gov10y_lvl,-0.041261444232161666,-0.058641880550896044
d_og,2,oglev,2024Q4,enet,nw_real_wage_dyoy,-0.01079770676427087,-0.03015784531022294
d_og,2,oglev,2024Q4,enet,fao_ffpi_sek_yoy,0.0006228882582275925,0.00800428177545426
d_og,2,oglev,2024Q4,enet,wb_food_sek_dyoy,0.008817871743755899,0.16094940202949876
d_og,2,oglev,2024Q4,enet,packaging_eu_yoy,0.010469762464117963,0.04232652876018061
d_og,2,oglev,2024Q4,enet,packaging_eu_dyoy,0.004674608148181567,0.019543478922018038
d_og,2,oglev,2025Q1,lasso,no_jordbruk_malpris_mnok__d4,0.0005651300265072864,0.21573680732180803
d_og,2,oglev,2025Q1,lasso,se_gov_bond_10y__lvl,-0.061784850051090974,-0.09209525997675516
d_og,2,oglev,2025Q1,lasso,no_earn_idx_food_manuf_q__yoy,-0.20937344068135416,-0.37888280160538573
d_og,2,oglev,2025Q1,lasso,se_real_wage_yoy_q__d4,-0.08430515886090928,-0.1722560869227966
d_og,2,oglev,2025Q1,lasso,no_ssb_bts_consgoods_home_price_exp__lvl,0.038061839085543975,0.385877400419989
d_og,2,oglev,2025Q1,lasso,se_nier_food_mfg_sell_price_exp__lvl,0.006155060498394905,0.13449329832262966
d_og,2,oglev,2025Q1,lasso,glob_gscpi__lvl,0.6553546803747041,0.6614881638910439
d_og,2,oglev,2025Q1,lasso,us_ppi_plastic_resins_idx__dyoy,0.0006340535113528261,0.010603406679134368
d_og,2,oglev,2025Q1,lasso,wb_food_sek_dyoy,0.005885733673882151,0.10895706948128168
d_og,2,oglev,2025Q1,enet,no_jordbruk_malpris_mnok__d4,0.0005126057335207157,0.19568580535011948
d_og,2,oglev,2025Q1,enet,se_cpi_idx__dyoy,0.009712822013725605,0.021493134301213156
d_og,2,oglev,2025Q1,enet,se_gov_bond_10y__lvl,-0.09738662981784658,-0.14516255981714127
d_og,2,oglev,2025Q1,enet,no_earn_idx_food_manuf_q__yoy,-0.17145097921161556,-0.3102582024266685
d_og,2,oglev,2025Q1,enet,no_earn_idx_food_manuf_q__dyoy,-0.019049300702180288,-0.0544362223501724
d_og,2,oglev,2025Q1,enet,se_real_wage_yoy_q__d4,-0.040911021812514554,-0.0835912371752208
d_og,2,oglev,2025Q1,enet,eu_ppi_dom_c108_idx__dyoy,0.010728471410613435,0.0412274816387833
d_og,2,oglev,2025Q1,enet,ea_ec_food_ind_sell_price_exp__lvl,0.0035191911863494516,0.056334408430910976
d_og,2,oglev,2025Q1,enet,ea_ec_food_ind_sell_price_exp__d4,0.005540759650704826,0.1105202762075398
d_og,2,oglev,2025Q1,enet,no_fn_cci_sa__lvl,-0.010928483242084345,-0.19260447972715608
d_og,2,oglev,2025Q1,enet,no_ssb_bts_consgoods_home_price_exp__lvl,0.031232889154071217,0.31664434414983617
d_og,2,oglev,2025Q1,enet,se_nier_food_mfg_sell_price_exp__lvl,0.007376522440042626,0.16118327892486833
d_og,2,oglev,2025Q1,enet,eu_ppi_plastic_products_idx__yoy,0.015292423583301995,0.052076672600158636
d_og,2,oglev,2025Q1,enet,glob_gscpi__lvl,0.3440896000165717,0.347309944591877
d_og,2,oglev,2025Q1,enet,us_ppi_plastic_resins_idx__yoy,0.010509225529703636,0.11284153535743029
d_og,2,oglev,2025Q1,enet,us_ppi_plastic_resins_idx__dyoy,0.005789382375330464,0.09681702671382615
d_og,2,oglev,2025Q1,enet,w_gov10y_lvl,-0.043247089174565725,-0.06114334650809972
d_og,2,oglev,2025Q1,enet,nw_real_wage_dyoy,-0.009975681730733413,-0.02797738104197216
d_og,2,oglev,2025Q1,enet,fao_ffpi_sek_yoy,0.0010726422634433912,0.013840499341675559
d_og,2,oglev,2025Q1,enet,wb_food_sek_dyoy,0.008693286635462467,0.160930665307529
d_og,2,oglev,2025Q1,enet,packaging_eu_yoy,0.011483571099572513,0.046557698626505384
d_og,2,oglev,2025Q2,lasso,no_jordbruk_malpris_mnok__d4,0.0006934410050636321,0.26794592075212664
d_og,2,oglev,2025Q2,lasso,se_gov_bond_10y__lvl,-0.0654273919444678,-0.09692141629132842
d_og,2,oglev,2025Q2,lasso,no_earn_idx_food_manuf_q__yoy,-0.20423387306196106,-0.36761478543195825
d_og,2,oglev,2025Q2,lasso,se_real_wage_yoy_q__d4,-0.0031542324896812256,-0.006829644796214118
d_og,2,oglev,2025Q2,lasso,no_ssb_bts_consgoods_home_price_exp__lvl,0.04490391383766734,0.45517570111626665
d_og,2,oglev,2025Q2,lasso,se_nier_food_mfg_sell_price_exp__lvl,0.008202113512008577,0.1783640824823026
d_og,2,oglev,2025Q2,lasso,glob_gscpi__lvl,0.6138946996891183,0.6162094595209235
d_og,2,oglev,2025Q2,lasso,us_ppi_plastic_resins_idx__dyoy,0.0017714132343338935,0.029442736516767997
d_og,2,oglev,2025Q2,lasso,wb_food_sek_dyoy,0.0060635682245267,0.11190556205869735
d_og,2,oglev,2025Q2,enet,no_jordbruk_malpris_mnok__d4,0.0005396197450340497,0.20850931569284456
d_og,2,oglev,2025Q2,enet,se_gov_bond_10y__lvl,-0.09800190495170849,-0.1451759445834197
d_og,2,oglev,2025Q2,enet,no_earn_idx_food_manuf_q__yoy,-0.17059399137357745,-0.3070640173177982
d_og,2,oglev,2025Q2,enet,no_earn_idx_food_manuf_q__dyoy,-0.018890045575830773,-0.05364783396977713
d_og,2,oglev,2025Q2,enet,se_real_wage_yoy_q__lvl,-0.004378911651979536,-0.010228371579968575
d_og,2,oglev,2025Q2,enet,se_real_wage_yoy_q__d4,-0.01224211372519129,-0.026507015120614614
d_og,2,oglev,2025Q2,enet,ea_ec_food_ind_sell_price_exp__lvl,0.005319090555638335,0.08474221630154274
d_og,2,oglev,2025Q2,enet,ea_ec_food_ind_sell_price_exp__d4,0.005336796046595743,0.10735802150355378
d_og,2,oglev,2025Q2,enet,no_fn_cci_sa__lvl,-0.012532263519997448,-0.22533211419719595
d_og,2,oglev,2025Q2,enet,no_ssb_bts_consgoods_home_price_exp__lvl,0.03361215114050302,0.3407149433947683
d_og,2,oglev,2025Q2,enet,se_nier_food_mfg_sell_price_exp__lvl,0.008284781852521907,0.18016179750836345
d_og,2,oglev,2025Q2,enet,eu_ppi_plastic_products_idx__yoy,0.015515949851643979,0.05327626129121996
d_og,2,oglev,2025Q2,enet,glob_gscpi__lvl,0.32836002077152676,0.3295981396001102
d_og,2,oglev,2025Q2,enet,us_ppi_plastic_resins_idx__yoy,0.011170071195565845,0.12000046737429268
d_og,2,oglev,2025Q2,enet,us_ppi_plastic_resins_idx__dyoy,0.005575274415447368,0.092666878874494
d_og,2,oglev,2025Q2,enet,w_gov10y_lvl,-0.03931111027649216,-0.05525191239959379
d_og,2,oglev,2025Q2,enet,nw_real_wage_dyoy,-0.0035976640410749507,-0.010196966573763384
d_og,2,oglev,2025Q2,enet,fao_ffpi_sek_yoy,0.0007493009795075632,0.009679258805579247
d_og,2,oglev,2025Q2,enet,wb_food_sek_dyoy,0.009058794043856698,0.16718364525879342
d_og,2,oglev,2025Q2,enet,packaging_eu_yoy,0.00846506687094255,0.034762653550933616
d_og,2,oglev,2025Q3,lasso,no_jordbruk_malpris_mnok__d4,0.0006427533424285725,0.251137355616775
d_og,2,oglev,2025Q3,lasso,se_gov_bond_10y__lvl,-0.06706964668053038,-0.09874655925056845
d_og,2,oglev,2025Q3,lasso,no_earn_idx_food_manuf_q__yoy,-0.19815131347917553,-0.3581857277954445
d_og,2,oglev,2025Q3,lasso,ea_ec_food_ind_sell_price_exp__d4,0.0002141711945151002,0.004282173180481358
d_og,2,oglev,2025Q3,lasso,no_ssb_bts_consgoods_home_price_exp__lvl,0.0455336423477337,0.45911931503979947
d_og,2,oglev,2025Q3,lasso,se_nier_food_mfg_sell_price_exp__lvl,0.008535896596549375,0.1849965337664252
d_og,2,oglev,2025Q3,lasso,glob_gscpi__lvl,0.6087940157394217,0.6089800042458395
d_og,2,oglev,2025Q3,lasso,us_ppi_plastic_resins_idx__dyoy,0.0013494147024320782,0.022292689661984527
d_og,2,oglev,2025Q3,lasso,wb_food_sek_dyoy,0.005864452699458495,0.10760666696664722
d_og,2,oglev,2025Q3,enet,no_jordbruk_malpris_mnok__d4,0.0003745648487758995,0.1463504262352865
d_og,2,oglev,2025Q3,enet,se_cpi_idx__dyoy,0.000589933570733063,0.0014184871979315272
d_og,2,oglev,2025Q3,enet,se_gov_bond_10y__lvl,-0.08465726533341304,-0.12464078880653585
d_og,2,oglev,2025Q3,enet,no_earn_idx_food_manuf_q__yoy,-0.1451814297391542,-0.262435384153874
d_og,2,oglev,2025Q3,enet,no_earn_idx_food_manuf_q__dyoy,-0.00022652927017871913,-0.0006417404882775411
d_og,2,oglev,2025Q3,enet,ea_ec_food_ind_sell_price_exp__lvl,0.006119856680553274,0.0969175913538301
d_og,2,oglev,2025Q3,enet,ea_ec_food_ind_sell_price_exp__d4,0.0035649905991117547,0.07127899326866854
d_og,2,oglev,2025Q3,enet,no_fn_cci_sa__lvl,-0.005097407744488769,-0.09262965714908115
d_og,2,oglev,2025Q3,enet,no_ssb_bts_consgoods_home_price_exp__lvl,0.029861389459455736,0.30109475034000605
d_og,2,oglev,2025Q3,enet,se_nier_food_mfg_sell_price_exp__lvl,0.007999377528194698,0.17336867876343343
d_og,2,oglev,2025Q3,enet,eu_ppi_plastic_products_idx__yoy,0.019224303904880558,0.06667302720449739
d_og,2,oglev,2025Q3,enet,glob_gscpi__lvl,0.32218766520389097,0.3222860945594502
d_og,2,oglev,2025Q3,enet,us_ppi_plastic_resins_idx__yoy,0.009140494559890914,0.09802898417258016
d_og,2,oglev,2025Q3,enet,us_ppi_plastic_resins_idx__dyoy,0.0011768267582254106,0.019441490936592844
d_og,2,oglev,2025Q3,enet,w_gov10y_lvl,-0.028530019134011965,-0.03987595342874551
d_og,2,oglev,2025Q3,enet,fao_ffpi_sek_yoy,0.0029111365163015947,0.037431747434227496
d_og,2,oglev,2025Q3,enet,wb_food_sek_dyoy,0.005417972746764974,0.09941421968487234
d_og,2,oglev,2025Q3,enet,packaging_eu_yoy,0.0052969487212328106,0.02211089586670311
d_og,2,oglev,2025Q4,lasso,no_jordbruk_malpris_mnok__d4,0.0005284427155714938,0.2057756657351841
d_og,2,oglev,2025Q4,lasso,se_gov_bond_10y__lvl,-0.046998045326688,-0.06880764701999639
d_og,2,oglev,2025Q4,lasso,no_earn_idx_food_manuf_q__yoy,-0.23349785414089927,-0.4233188613745915
d_og,2,oglev,2025Q4,lasso,se_real_wage_yoy_q__d4,-0.049295932218017584,-0.11836369294623171
d_og,2,oglev,2025Q4,lasso,no_ssb_bts_consgoods_home_price_exp__lvl,0.03126385668962602,0.31454909614855575
d_og,2,oglev,2025Q4,lasso,se_nier_food_mfg_sell_price_exp__lvl,0.010894965418405452,0.23474868694530313
d_og,2,oglev,2025Q4,lasso,glob_gscpi__lvl,0.5925300242145792,0.5891562921511759
d_og,2,oglev,2025Q4,lasso,us_ppi_plastic_resins_idx__yoy,0.005112839707642483,0.05477265901613711
d_og,2,oglev,2025Q4,lasso,wb_food_sek_dyoy,0.0062877762456615945,0.11478410579022758
d_og,2,oglev,2025Q4,enet,no_jordbruk_malpris_mnok__d4,0.00029530570441904853,0.11499208169897837
d_og,2,oglev,2025Q4,enet,se_cpi_idx__dyoy,0.02587774421228656,0.06384674529417561
d_og,2,oglev,2025Q4,enet,se_gov_bond_10y__lvl,-0.07481253521823342,-0.10952954490309684
d_og,2,oglev,2025Q4,enet,no_earn_idx_food_manuf_q__yoy,-0.15732551705171355,-0.285222572980532
d_og,2,oglev,2025Q4,enet,no_earn_idx_food_manuf_q__dyoy,-0.006873066813738751,-0.0195016223153596
d_og,2,oglev,2025Q4,enet,se_real_wage_yoy_q__d4,-0.015262451929167028,-0.036646434958588076
d_og,2,oglev,2025Q4,enet,ea_ec_food_ind_sell_price_exp__lvl,0.0047783723926256415,0.0752158450660706
d_og,2,oglev,2025Q4,enet,ea_ec_food_ind_sell_price_exp__d4,0.00016257979854755736,0.0032327404818596546
d_og,2,oglev,2025Q4,enet,no_ssb_bts_consgoods_home_price_exp__lvl,0.02310893700115474,0.23250155343371648
d_og,2,oglev,2025Q4,enet,se_nier_food_mfg_sell_price_exp__lvl,0.00845199613296144,0.1821111787034807
d_og,2,oglev,2025Q4,enet,eu_ppi_plastic_products_idx__yoy,0.025868853758748964,0.09006141432420939
d_og,2,oglev,2025Q4,enet,glob_gscpi__lvl,0.32177742814947363,0.31994530018588846
d_og,2,oglev,2025Q4,enet,us_ppi_plastic_resins_idx__yoy,0.009868470096233206,0.10571861793045739
d_og,2,oglev,2025Q4,enet,us_ppi_plastic_resins_idx__dyoy,0.0006398402869346281,0.010510252874585093
d_og,2,oglev,2025Q4,enet,w_gov10y_lvl,-0.04116200389472442,-0.0571861284898118
d_og,2,oglev,2025Q4,enet,fao_ffpi_sek_yoy,0.003927093221128387,0.05029647483937816
d_og,2,oglev,2025Q4,enet,wb_food_sek_yoy,0.0009035858398355937,0.011385597259747093
d_og,2,oglev,2025Q4,enet,wb_food_sek_dyoy,0.005805255878608307,0.10597563890243102
d_og,2,oglev,2025Q4,enet,packaging_eu_yoy,0.011487205464678523,0.04823140578755633
d_og,2,oglev,2026Q1,lasso,se_gov_bond_10y__lvl,-0.07992475207669587,-0.1163486647890857
d_og,2,oglev,2026Q1,lasso,no_earn_idx_food_manuf_q__yoy,-0.2879670758993431,-0.51898995996576
d_og,2,oglev,2026Q1,lasso,se_real_wage_yoy_q__lvl,-0.007894502966710326,-0.01816538498022858
d_og,2,oglev,2026Q1,lasso,se_real_wage_yoy_q__d4,-0.11994072696992371,-0.29507218201749136
d_og,2,oglev,2026Q1,lasso,no_fn_cci_sa__lvl,-0.001822710599472251,-0.03352447899007812
d_og,2,oglev,2026Q1,lasso,no_ssb_bts_consgoods_home_price_exp__lvl,0.036668618904560434,0.3698732015224311
d_og,2,oglev,2026Q1,lasso,se_nier_food_mfg_sell_price_exp__lvl,0.01328810905724713,0.2849497384871381
d_og,2,oglev,2026Q1,lasso,glob_gscpi__lvl,0.5224809278419873,0.5167847734190191
d_og,2,oglev,2026Q1,lasso,us_ppi_plastic_resins_idx__yoy,0.013703113918953645,0.146002502462546
d_og,2,oglev,2026Q1,lasso,nw_real_wage_dyoy,-0.0012164274017093454,-0.0035745773108529157
d_og,2,oglev,2026Q1,lasso,wb_food_sek_dyoy,0.009101877105302334,0.16522019661331178
d_og,2,oglev,2026Q1,enet,se_cpi_idx__yoy,0.002330682389863238,0.005592225047019986
d_og,2,oglev,2026Q1,enet,se_cpi_idx__dyoy,0.029171570970753978,0.07278982724725627
d_og,2,oglev,2026Q1,enet,se_gov_bond_10y__lvl,-0.08707050133899022,-0.12675092896861961
d_og,2,oglev,2026Q1,enet,no_earn_idx_food_manuf_q__yoy,-0.18358242824457685,-0.3308622584283681
d_og,2,oglev,2026Q1,enet,no_earn_idx_food_manuf_q__dyoy,-0.0229840966535639,-0.06507089211886258
d_og,2,oglev,2026Q1,enet,se_real_wage_yoy_q__lvl,-0.01596568649362159,-0.036737314920679005
d_og,2,oglev,2026Q1,enet,se_real_wage_yoy_q__d4,-0.034377353447194406,-0.0845734468175588
d_og,2,oglev,2026Q1,enet,eu_ppi_dom_c108_idx__dyoy,0.004702035080453039,0.0222216454948156
d_og,2,oglev,2026Q1,enet,ea_ec_food_ind_sell_price_exp__lvl,0.0042456103354571815,0.06647552814763108
d_og,2,oglev,2026Q1,enet,ea_ec_food_ind_sell_price_exp__d4,5.952911321253692e-05,0.001179449773353622
d_og,2,oglev,2026Q1,enet,no_fn_cci_sa__lvl,-0.003982906504815317,-0.07325620725461708
d_og,2,oglev,2026Q1,enet,no_ssb_bts_consgoods_home_price_exp__lvl,0.024787532631864874,0.250029707316011
d_og,2,oglev,2026Q1,enet,se_nier_food_mfg_sell_price_exp__lvl,0.009313293780916965,0.19971394092967848
d_og,2,oglev,2026Q1,enet,eu_ppi_paper_packaging_idx__yoy,0.002340337126469612,0.01193303389568381
d_og,2,oglev,2026Q1,enet,eu_ppi_plastic_products_idx__yoy,0.029683601134151305,0.10309008448542724
d_og,2,oglev,2026Q1,enet,glob_gscpi__lvl,0.33368793853384693,0.33005002961567576
d_og,2,oglev,2026Q1,enet,us_ppi_plastic_resins_idx__yoy,0.011827357859365159,0.12601689332808472
d_og,2,oglev,2026Q1,enet,us_ppi_plastic_resins_idx__dyoy,0.0035982377738998264,0.05899947966028421
d_og,2,oglev,2026Q1,enet,w_gov10y_lvl,-0.058504726598774474,-0.0808046168123687
d_og,2,oglev,2026Q1,enet,nw_real_wage_dyoy,-0.013321063795051087,-0.039145100095000614
d_og,2,oglev,2026Q1,enet,fao_ffpi_sek_yoy,0.0017342865472081235,0.022087062537713354
d_og,2,oglev,2026Q1,enet,wb_food_sek_yoy,0.0023316548063951796,0.02927648026834464
d_og,2,oglev,2026Q1,enet,wb_food_sek_dyoy,0.00878440333764291,0.15945731081454592
d_og,2,oglev,2026Q1,enet,packaging_eu_yoy,0.01884842280318685,0.07892514805075038
d_og,2,oglev,2026Q2,lasso,se_gov_bond_10y__lvl,-0.0802271598874365,-0.1160998727499667
d_og,2,oglev,2026Q2,lasso,no_earn_idx_food_manuf_q__yoy,-0.2884467826375161,-0.5182585970924336
d_og,2,oglev,2026Q2,lasso,se_real_wage_yoy_q__lvl,-0.01493382210893714,-0.0342447441254901
d_og,2,oglev,2026Q2,lasso,se_real_wage_yoy_q__d4,-0.11705809161596038,-0.2904615543357095
d_og,2,oglev,2026Q2,lasso,no_fn_cci_sa__lvl,-0.001145812405711896,-0.02108207927767948
d_og,2,oglev,2026Q2,lasso,no_ssb_bts_consgoods_home_price_exp__lvl,0.035082771095879234,0.3550879295367407
d_og,2,oglev,2026Q2,lasso,se_nier_food_mfg_sell_price_exp__lvl,0.013051177168413444,0.2798781032785736
d_og,2,oglev,2026Q2,lasso,glob_gscpi__lvl,0.5339299236379943,0.5250683723395387
d_og,2,oglev,2026Q2,lasso,us_ppi_plastic_resins_idx__yoy,0.013342845971088068,0.14144798332998565
d_og,2,oglev,2026Q2,lasso,nw_real_wage_dyoy,-0.0013034198396030866,-0.00383797633074559
d_og,2,oglev,2026Q2,lasso,wb_food_sek_dyoy,0.0089542949419049,0.1618495341609413
d_og,2,oglev,2026Q2,enet,se_cpi_idx__yoy,0.005564258802689145,0.01328822818358773
d_og,2,oglev,2026Q2,enet,se_cpi_idx__dyoy,0.028075897252073417,0.07056803502808887
d_og,2,oglev,2026Q2,enet,se_gov_bond_10y__lvl,-0.08818261506986087,-0.12761252427151423
d_og,2,oglev,2026Q2,enet,no_earn_idx_food_manuf_q__yoy,-0.1839176094638593,-0.33044876212440255
d_og,2,oglev,2026Q2,enet,no_earn_idx_food_manuf_q__dyoy,-0.022336558541802214,-0.06288035363176112
d_og,2,oglev,2026Q2,enet,se_real_wage_yoy_q__lvl,-0.017352204429573033,-0.039790336082034396
d_og,2,oglev,2026Q2,enet,se_real_wage_yoy_q__d4,-0.03187299528005451,-0.07908790945227653
d_og,2,oglev,2026Q2,enet,eu_ppi_dom_c108_idx__dyoy,0.0038162988209966583,0.01811461007332875
d_og,2,oglev,2026Q2,enet,ea_ec_food_ind_sell_price_exp__lvl,0.004115889798613658,0.06423039929362868
d_og,2,oglev,2026Q2,enet,no_fn_cci_sa__lvl,-0.0035747392058466973,-0.06577249029509843
d_og,2,oglev,2026Q2,enet,no_ssb_bts_consgoods_home_price_exp__lvl,0.023083824937709004,0.23364139567305883
d_og,2,oglev,2026Q2,enet,se_nier_food_mfg_sell_price_exp__lvl,0.008988699410469092,0.19275963458927944
d_og,2,oglev,2026Q2,enet,eu_ppi_paper_packaging_idx__yoy,0.0032526140685204545,0.016498988537844764
d_og,2,oglev,2026Q2,enet,eu_ppi_plastic_products_idx__yoy,0.03094941509403568,0.1070504379872329
d_og,2,oglev,2026Q2,enet,glob_gscpi__lvl,0.33818983633979544,0.33257695260606174
d_og,2,oglev,2026Q2,enet,us_ppi_plastic_resins_idx__yoy,0.011750085560402542,0.12456307373067806
d_og,2,oglev,2026Q2,enet,us_ppi_plastic_resins_idx__dyoy,0.003522058705980746,0.057457292849358806
d_og,2,oglev,2026Q2,enet,w_gov10y_lvl,-0.060457817544531785,-0.08305877229841581
d_og,2,oglev,2026Q2,enet,nw_real_wage_dyoy,-0.012899826265630748,-0.037984098733143026
d_og,2,oglev,2026Q2,enet,fao_ffpi_sek_yoy,0.0017103869122608183,0.021679674147322848
d_og,2,oglev,2026Q2,enet,wb_food_sek_yoy,0.00292273806787392,0.03651580037030582
d_og,2,oglev,2026Q2,enet,wb_food_sek_dyoy,0.008514876598487167,0.15390701555446767
d_og,2,oglev,2026Q2,enet,packaging_eu_yoy,0.019996679891190878,0.08333812221322517
