target,h,variant,period,method,alpha,alpha_rank,n_candidates,n_selected,n_train
d_margin,0,ar,2010Q1,lasso,0.2058522627169436,4,192,7,28
d_margin,0,ar,2010Q1,ridge,19.573417814876596,13,192,192,28
d_margin,0,ar,2010Q1,enet,0.4117045254338872,4,192,9,28
d_margin,0,ar,2010Q2,lasso,0.21745948689371394,4,190,6,29
d_margin,0,ar,2010Q2,ridge,82.54041852680182,10,190,190,29
d_margin,0,ar,2010Q2,enet,0.4349189737874279,4,190,9,29
d_margin,0,ar,2010Q3,lasso,0.21203177763906256,4,190,6,30
d_margin,0,ar,2010Q3,ridge,215.44346900318823,8,190,190,30
d_margin,0,ar,2010Q3,enet,0.4240635552781251,4,190,7,30
d_margin,0,ar,2010Q4,lasso,0.2650944863139469,3,190,4,31
d_margin,0,ar,2010Q4,ridge,215.44346900318823,8,190,190,31
d_margin,0,ar,2010Q4,enet,0.41712289110458084,4,190,8,31
d_margin,0,ar,2011Q1,lasso,0.2597949069032309,3,190,4,32
d_margin,0,ar,2011Q1,ridge,215.44346900318823,8,190,190,32
d_margin,0,ar,2011Q1,enet,0.5195898138064619,3,190,7,32
d_margin,0,ar,2011Q2,lasso,0.07607358143302016,8,190,13,33
d_margin,0,ar,2011Q2,ridge,7.498942093324558,15,190,190,33
d_margin,0,ar,2011Q2,enet,0.15214716286604033,8,190,16,33
d_margin,0,ar,2011Q3,lasso,0.24362876065554706,3,190,4,34
d_margin,0,ar,2011Q3,ridge,348.0700588428409,7,190,190,34
d_margin,0,ar,2011Q3,enet,0.30159575068924716,5,190,9,34
d_margin,0,ar,2011Q4,lasso,0.3116163734492512,2,190,2,35
d_margin,0,ar,2011Q4,ridge,562.341325190349,6,190,190,35
d_margin,0,ar,2011Q4,enet,0.49032450435329145,3,190,5,35
d_margin,0,ar,2012Q1,lasso,0.29674732811741716,2,190,3,36
d_margin,0,ar,2012Q1,ridge,908.5175756516861,5,190,190,36
d_margin,0,ar,2012Q1,enet,0.5934946562348343,2,190,4,36
d_margin,0,ar,2012Q2,lasso,0.06563565636075103,8,190,16,37
d_margin,0,ar,2012Q2,ridge,908.5175756516861,5,190,190,37
d_margin,0,ar,2012Q2,enet,0.2120816832125648,6,190,17,37
d_margin,0,ar,2012Q3,lasso,0.44008167118591024,0,190,0,38
d_margin,0,ar,2012Q3,ridge,6189.658188912604,1,190,190,38
d_margin,0,ar,2012Q3,enet,0.8801633423718205,0,190,0,38
d_margin,0,ar,2012Q4,lasso,0.003783500159134693,20,190,33,39
d_margin,0,ar,2012Q4,ridge,1467.799267622069,4,190,190,39
d_margin,0,ar,2012Q4,enet,0.005953290642959235,21,190,45,39
d_margin,0,ar,2013Q1,lasso,0.4391256078510969,0,190,0,40
d_margin,0,ar,2013Q1,ridge,3831.186849557289,2,190,190,40
d_margin,0,ar,2013Q1,enet,0.8782512157021938,0,190,0,40
d_margin,0,ar,2013Q2,lasso,0.44147126632142936,0,190,0,41
d_margin,0,ar,2013Q2,ridge,2371.373705661655,3,190,190,41
d_margin,0,ar,2013Q2,enet,0.8829425326428587,0,190,0,41
d_margin,0,ar,2013Q3,lasso,0.0027687788772728637,21,190,37,42
d_margin,0,ar,2013Q3,ridge,908.5175756516861,5,190,190,42
d_margin,0,ar,2013Q3,enet,0.00435663927294813,22,190,56,42
d_margin,0,ar,2013Q4,lasso,0.4136720135232097,0,190,0,43
d_margin,0,ar,2013Q4,ridge,2371.373705661655,3,190,190,43
d_margin,0,ar,2013Q4,enet,0.8273440270464194,0,190,0,43
d_margin,0,ar,2014Q1,lasso,0.4095275685357547,0,190,0,44
d_margin,0,ar,2014Q1,ridge,2371.373705661655,3,190,190,44
d_margin,0,ar,2014Q1,enet,0.8190551370715095,0,190,0,44
d_margin,0,ar,2014Q2,lasso,0.443805374586371,0,190,0,45
d_margin,0,ar,2014Q2,ridge,1467.799267622069,4,190,190,45
d_margin,0,ar,2014Q2,enet,0.887610749172742,0,190,0,45
d_margin,0,ar,2014Q3,lasso,0.41410144058016174,0,190,0,46
d_margin,0,ar,2014Q3,ridge,908.5175756516861,5,190,190,46
d_margin,0,ar,2014Q3,enet,0.8282028811603235,0,190,0,46
d_margin,0,ar,2014Q4,lasso,0.408247779652098,0,190,0,47
d_margin,0,ar,2014Q4,ridge,3831.186849557289,2,190,190,47
d_margin,0,ar,2014Q4,enet,0.816495559304196,0,190,0,47
d_margin,0,ar,2015Q1,lasso,0.403739976746059,0,190,0,48
d_margin,0,ar,2015Q1,ridge,6189.658188912604,1,190,190,48
d_margin,0,ar,2015Q1,enet,0.807479953492118,0,190,0,48
d_margin,0,ar,2015Q2,lasso,0.4051777256998921,0,190,0,49
d_margin,0,ar,2015Q2,ridge,10000.0,0,190,190,49
d_margin,0,ar,2015Q2,enet,0.8103554513997842,0,190,0,49
d_margin,0,ar,2015Q3,lasso,0.4076452985003359,0,188,0,50
d_margin,0,ar,2015Q3,ridge,10000.0,0,188,188,50
d_margin,0,ar,2015Q3,enet,0.8152905970006717,0,188,0,50
d_margin,0,ar,2015Q4,lasso,0.4026109731138072,0,188,0,51
d_margin,0,ar,2015Q4,ridge,10000.0,0,188,188,51
d_margin,0,ar,2015Q4,enet,0.8052219462276144,0,188,0,51
d_margin,0,ar,2016Q1,lasso,0.4032355699127199,0,188,0,52
d_margin,0,ar,2016Q1,ridge,10000.0,0,188,188,52
d_margin,0,ar,2016Q1,enet,0.8064711398254398,0,188,0,52
d_margin,0,ar,2016Q2,lasso,0.010843749766975387,15,188,37,53
d_margin,0,ar,2016Q2,ridge,19.573417814876596,13,188,188,53
d_margin,0,ar,2016Q2,enet,0.0170625059619636,16,188,49,53
d_margin,0,ar,2016Q3,lasso,0.010414008787729467,15,188,39,54
d_margin,0,ar,2016Q3,ridge,19.573417814876596,13,188,188,54
d_margin,0,ar,2016Q3,enet,0.01638631385332471,16,188,48,54
d_margin,0,ar,2016Q4,lasso,0.010485745026358673,15,188,39,55
d_margin,0,ar,2016Q4,ridge,19.573417814876596,13,188,188,55
d_margin,0,ar,2016Q4,enet,0.016499189936377397,16,188,50,55
d_margin,0,ar,2017Q1,lasso,0.010418451289249555,15,188,38,56
d_margin,0,ar,2017Q1,ridge,19.573417814876596,13,188,188,56
d_margin,0,ar,2017Q1,enet,0.01639330407444761,16,188,54,56
d_margin,0,ar,2017Q2,lasso,0.2287497288240706,2,188,4,57
d_margin,0,ar,2017Q2,ridge,10000.0,0,188,188,57
d_margin,0,ar,2017Q2,enet,0.5815100839610161,1,188,3,57
d_margin,0,ar,2017Q3,lasso,0.004850191561856822,18,188,45,58
d_margin,0,ar,2017Q3,ridge,2.8729848333536627,17,188,188,58
d_margin,0,ar,2017Q3,enet,0.009700383123713643,18,188,54,58
d_margin,0,ar,2017Q4,lasso,0.2271091325543611,2,188,4,59
d_margin,0,ar,2017Q4,ridge,6189.658188912604,1,188,188,59
d_margin,0,ar,2017Q4,enet,0.4542182651087222,2,188,4,59
d_margin,0,ar,2018Q1,lasso,0.35808656226902946,0,188,0,60
d_margin,0,ar,2018Q1,ridge,10000.0,0,188,188,60
d_margin,0,ar,2018Q1,enet,0.7161731245380589,0,188,0,60
d_margin,0,ar,2018Q2,lasso,0.22066156402099737,2,188,4,61
d_margin,0,ar,2018Q2,ridge,10000.0,0,188,188,61
d_margin,0,ar,2018Q2,enet,0.44132312804199475,2,188,4,61
d_margin,0,ar,2018Q3,lasso,0.21881403074377986,2,188,4,62
d_margin,0,ar,2018Q3,ridge,10000.0,0,188,188,62
d_margin,0,ar,2018Q3,enet,0.4376280614875597,2,188,4,62
d_margin,0,ar,2018Q4,lasso,0.3433349725350972,0,188,0,63
d_margin,0,ar,2018Q4,ridge,10000.0,0,188,188,63
d_margin,0,ar,2018Q4,enet,0.6866699450701944,0,188,0,63
d_margin,0,ar,2019Q1,lasso,0.3389676899857898,0,188,0,64
d_margin,0,ar,2019Q1,ridge,10000.0,0,188,188,64
d_margin,0,ar,2019Q1,enet,0.6779353799715796,0,188,0,64
d_margin,0,ar,2019Q2,lasso,0.21394913848033248,2,188,4,65
d_margin,0,ar,2019Q2,ridge,10000.0,0,188,188,65
d_margin,0,ar,2019Q2,enet,0.42789827696066496,2,188,5,65
d_margin,0,ar,2019Q3,lasso,0.3413875912158432,0,188,0,66
d_margin,0,ar,2019Q3,ridge,10000.0,0,188,188,66
d_margin,0,ar,2019Q3,enet,0.42261449991245864,2,188,4,66
d_margin,0,ar,2019Q4,lasso,0.33514872591549877,0,188,0,67
d_margin,0,ar,2019Q4,ridge,10000.0,0,188,188,67
d_margin,0,ar,2019Q4,enet,0.6702974518309975,0,188,0,67
d_margin,0,ar,2020Q1,lasso,0.3325883410541188,0,188,0,68
d_margin,0,ar,2020Q1,ridge,3831.186849557289,2,188,188,68
d_margin,0,ar,2020Q1,enet,0.6651766821082375,0,188,0,68
d_margin,0,ar,2020Q2,lasso,0.3325883410541188,0,188,0,68
d_margin,0,ar,2020Q2,ridge,3831.186849557289,2,188,188,68
d_margin,0,ar,2020Q2,enet,0.6651766821082375,0,188,0,68
d_margin,0,ar,2020Q3,lasso,0.3325883410541188,0,188,0,68
d_margin,0,ar,2020Q3,ridge,3831.186849557289,2,188,188,68
d_margin,0,ar,2020Q3,enet,0.6651766821082375,0,188,0,68
d_margin,0,ar,2020Q4,lasso,0.3325883410541188,0,188,0,68
d_margin,0,ar,2020Q4,ridge,3831.186849557289,2,188,188,68
d_margin,0,ar,2020Q4,enet,0.6651766821082375,0,188,0,68
d_margin,0,ar,2021Q1,lasso,0.3325883410541188,0,188,0,68
d_margin,0,ar,2021Q1,ridge,3831.186849557289,2,188,188,68
d_margin,0,ar,2021Q1,enet,0.6651766821082375,0,188,0,68
d_margin,0,ar,2021Q2,lasso,0.3325883410541188,0,188,0,68
d_margin,0,ar,2021Q2,ridge,3831.186849557289,2,188,188,68
d_margin,0,ar,2021Q2,enet,0.6651766821082375,0,188,0,68
d_margin,0,ar,2021Q3,lasso,0.3325883410541188,0,188,0,68
d_margin,0,ar,2021Q3,ridge,3831.186849557289,2,188,188,68
d_margin,0,ar,2021Q3,enet,0.6651766821082375,0,188,0,68
d_margin,0,ar,2021Q4,lasso,0.20928254135777533,2,188,4,69
d_margin,0,ar,2021Q4,ridge,562.341325190349,6,188,188,69
d_margin,0,ar,2021Q4,enet,0.41856508271555065,2,188,4,69
d_margin,0,ar,2022Q1,lasso,0.17190659599194658,3,188,6,70
d_margin,0,ar,2022Q1,ridge,562.341325190349,6,188,188,70
d_margin,0,ar,2022Q1,enet,0.34381319198389315,3,188,7,70
d_margin,0,ar,2022Q2,lasso,0.1672890077853391,3,188,5,71
d_margin,0,ar,2022Q2,ridge,3831.186849557289,2,188,188,71
d_margin,0,ar,2022Q2,enet,0.3345780155706782,3,188,7,71
d_margin,0,ar,2022Q3,lasso,0.1522689699433424,4,188,4,72
d_margin,0,ar,2022Q3,ridge,1467.799267622069,4,188,188,72
d_margin,0,ar,2022Q3,enet,0.3045379398866848,4,188,8,72
d_margin,0,ar,2022Q4,lasso,0.14119565401750686,5,188,8,73
d_margin,0,ar,2022Q4,ridge,348.0700588428409,7,188,188,73
d_margin,0,ar,2022Q4,enet,0.2823913080350137,5,188,11,73
d_margin,0,ar,2023Q1,lasso,0.15098948394077924,5,188,7,74
d_margin,0,ar,2023Q1,ridge,348.0700588428409,7,188,188,74
d_margin,0,ar,2023Q1,enet,0.3019789678815585,5,188,13,74
d_margin,0,ar,2023Q2,lasso,0.14662006246221912,5,188,7,75
d_margin,0,ar,2023Q2,ridge,348.0700588428409,7,188,188,75
d_margin,0,ar,2023Q2,enet,0.29324012492443824,5,188,9,75
d_margin,0,ar,2023Q3,lasso,0.14943290715176286,5,188,5,76
d_margin,0,ar,2023Q3,ridge,215.44346900318823,8,188,188,76
d_margin,0,ar,2023Q3,enet,0.2988658143035257,5,188,7,76
d_margin,0,ar,2023Q4,lasso,0.13751633190384743,5,188,7,77
d_margin,0,ar,2023Q4,ridge,908.5175756516861,5,188,188,77
d_margin,0,ar,2023Q4,enet,0.27503266380769487,5,188,13,77
d_margin,0,ar,2024Q1,lasso,0.1377487660828175,5,188,5,78
d_margin,0,ar,2024Q1,ridge,2371.373705661655,3,188,188,78
d_margin,0,ar,2024Q1,enet,0.275497532165635,5,188,10,78
d_margin,0,ar,2024Q2,lasso,0.1333331946889664,5,188,7,79
d_margin,0,ar,2024Q2,ridge,3831.186849557289,2,188,188,79
d_margin,0,ar,2024Q2,enet,0.3389494607794816,4,188,9,79
d_margin,0,ar,2024Q3,lasso,0.2567021569911391,2,188,4,80
d_margin,0,ar,2024Q3,ridge,3831.186849557289,2,188,188,80
d_margin,0,ar,2024Q3,enet,0.31777972162634666,4,188,12,80
d_margin,0,ar,2024Q4,lasso,0.2540018708655529,2,188,4,81
d_margin,0,ar,2024Q4,ridge,3831.186849557289,2,188,188,81
d_margin,0,ar,2024Q4,enet,0.3144369520004184,4,188,11,81
d_margin,0,ar,2025Q1,lasso,0.2516773079123376,2,188,4,82
d_margin,0,ar,2025Q1,ridge,6189.658188912604,1,188,188,82
d_margin,0,ar,2025Q1,enet,0.5033546158246752,2,188,7,82
d_margin,0,ar,2025Q2,lasso,0.39809288403389864,0,188,0,83
d_margin,0,ar,2025Q2,ridge,10000.0,0,188,188,83
d_margin,0,ar,2025Q2,enet,0.7961857680677973,0,188,0,83
d_margin,0,ar,2025Q3,lasso,0.3986311280374045,0,187,0,84
d_margin,0,ar,2025Q3,ridge,10000.0,0,187,187,84
d_margin,0,ar,2025Q3,enet,0.797262256074809,0,187,0,84
d_margin,0,ar,2025Q4,lasso,0.3882816748199018,0,187,0,85
d_margin,0,ar,2025Q4,ridge,10000.0,0,187,187,85
d_margin,0,ar,2025Q4,enet,0.7765633496398036,0,187,0,85
d_margin,0,ar,2026Q1,lasso,0.3807810135124934,0,187,0,86
d_margin,0,ar,2026Q1,ridge,10000.0,0,187,187,86
d_margin,0,ar,2026Q1,enet,0.7615620270249868,0,187,0,86
d_margin,0,ar,2026Q2,lasso,0.37746832186488766,0,187,0,87
d_margin,0,ar,2026Q2,ridge,10000.0,0,187,187,87
d_margin,0,ar,2026Q2,enet,0.7549366437297753,0,187,0,87
d_margin,1,ar,2010Q1,lasso,0.6228752584634054,1,190,1,27
d_margin,1,ar,2010Q1,ridge,82.54041852680182,10,190,190,27
d_margin,1,ar,2010Q1,enet,1.2457505169268108,1,190,2,27
d_margin,1,ar,2010Q2,lasso,0.5998913444856669,1,190,1,28
d_margin,1,ar,2010Q2,ridge,82.54041852680182,10,190,190,28
d_margin,1,ar,2010Q2,enet,0.9439216010857887,2,190,7,28
d_margin,1,ar,2010Q3,lasso,0.3818787368450071,3,188,5,29
d_margin,1,ar,2010Q3,ridge,133.3521432163324,9,188,188,29
d_margin,1,ar,2010Q3,enet,0.7637574736900142,3,188,9,29
d_margin,1,ar,2010Q4,lasso,0.3779289357573523,3,188,6,30
d_margin,1,ar,2010Q4,ridge,215.44346900318823,8,188,188,30
d_margin,1,ar,2010Q4,enet,0.5946664998852164,4,188,9,30
d_margin,1,ar,2011Q1,lasso,0.35936182648992093,3,188,7,31
d_margin,1,ar,2011Q1,ridge,215.44346900318823,8,188,188,31
d_margin,1,ar,2011Q1,enet,0.5654513834006221,4,188,9,31
d_margin,1,ar,2011Q2,lasso,0.3536367933837729,3,188,6,32
d_margin,1,ar,2011Q2,ridge,215.44346900318823,8,188,188,32
d_margin,1,ar,2011Q2,enet,0.7072735867675458,3,188,8,32
d_margin,1,ar,2011Q3,lasso,0.0509638764390279,11,188,15,33
d_margin,1,ar,2011Q3,ridge,133.3521432163324,9,188,188,33
d_margin,1,ar,2011Q3,enet,0.1019277528780558,11,188,21,33
d_margin,1,ar,2011Q4,lasso,0.0642025717886442,10,188,14,34
d_margin,1,ar,2011Q4,ridge,133.3521432163324,9,188,188,34
d_margin,1,ar,2011Q4,enet,0.6882545441297251,3,188,6,34
d_margin,1,ar,2012Q1,lasso,0.4400451593600196,2,188,3,35
d_margin,1,ar,2012Q1,ridge,562.341325190349,6,188,188,35
d_margin,1,ar,2012Q1,enet,0.8800903187200392,2,188,5,35
d_margin,1,ar,2012Q2,lasso,0.41236413651673154,2,188,5,36
d_margin,1,ar,2012Q2,ridge,562.341325190349,6,188,188,36
d_margin,1,ar,2012Q2,enet,0.8247282730334631,2,188,5,36
d_margin,1,ar,2012Q3,lasso,0.3324205825515482,3,188,4,37
d_margin,1,ar,2012Q3,ridge,908.5175756516861,5,188,188,37
d_margin,1,ar,2012Q3,enet,0.8450542077739055,2,188,3,37
d_margin,1,ar,2012Q4,lasso,0.3282334343940881,3,188,3,38
d_margin,1,ar,2012Q4,ridge,3831.186849557289,2,188,188,38
d_margin,1,ar,2012Q4,enet,0.8344099596293558,2,188,3,38
d_margin,1,ar,2013Q1,lasso,0.08009948210205736,9,188,15,39
d_margin,1,ar,2013Q1,ridge,2371.373705661655,3,188,188,39
d_margin,1,ar,2013Q1,enet,0.25881714194020516,7,188,15,39
d_margin,1,ar,2013Q2,lasso,0.5583517255650173,1,188,1,40
d_margin,1,ar,2013Q2,ridge,2371.373705661655,3,188,188,40
d_margin,1,ar,2013Q2,enet,0.2648121201031389,7,188,14,40
d_margin,1,ar,2013Q3,lasso,0.5503766196865634,1,188,1,41
d_margin,1,ar,2013Q3,ridge,2371.373705661655,3,188,188,41
d_margin,1,ar,2013Q3,enet,0.2610297288271322,7,188,14,41
d_margin,1,ar,2013Q4,lasso,0.02012317419413262,15,188,28,42
d_margin,1,ar,2013Q4,ridge,908.5175756516861,5,188,188,42
d_margin,1,ar,2013Q4,enet,0.2741951796546877,7,188,16,42
d_margin,1,ar,2014Q1,lasso,0.03223180061423754,13,188,24,43
d_margin,1,ar,2014Q1,ridge,562.341325190349,6,188,188,43
d_margin,1,ar,2014Q1,enet,0.271840752364624,7,188,16,43
d_margin,1,ar,2014Q2,lasso,0.031495342330787914,13,188,26,44
d_margin,1,ar,2014Q2,ridge,562.341325190349,6,188,188,44
d_margin,1,ar,2014Q2,enet,0.26562951470358953,7,188,16,44
d_margin,1,ar,2014Q3,lasso,0.03143962823901738,13,188,23,45
d_margin,1,ar,2014Q3,ridge,562.341325190349,6,188,188,45
d_margin,1,ar,2014Q3,enet,0.2651596259497629,7,188,16,45
d_margin,1,ar,2014Q4,lasso,0.03015236083324756,13,188,23,46
d_margin,1,ar,2014Q4,ridge,562.341325190349,6,188,188,46
d_margin,1,ar,2014Q4,enet,0.3232347051149182,6,188,12,46
d_margin,1,ar,2015Q1,lasso,0.03499168451186422,12,188,20,47
d_margin,1,ar,2015Q1,ridge,1467.799267622069,4,188,188,47
d_margin,1,ar,2015Q1,enet,0.23218180283919598,7,188,20,47
d_margin,1,ar,2015Q2,lasso,0.03526261169314477,12,188,21,48
d_margin,1,ar,2015Q2,ridge,2371.373705661655,3,188,188,48
d_margin,1,ar,2015Q2,enet,0.055485282782997275,13,188,36,48
d_margin,1,ar,2015Q3,lasso,0.027471639313783137,13,188,24,49
d_margin,1,ar,2015Q3,ridge,6189.658188912604,1,188,188,49
d_margin,1,ar,2015Q3,enet,0.054943278627566275,13,188,32,49
d_margin,1,ar,2015Q4,lasso,0.04455767945923576,11,186,19,50
d_margin,1,ar,2015Q4,ridge,51.089697745069245,11,186,186,50
d_margin,1,ar,2015Q4,enet,0.08911535891847153,11,186,28,50
d_margin,1,ar,2016Q1,lasso,0.05579367182819785,10,186,16,51
d_margin,1,ar,2016Q1,ridge,51.089697745069245,11,186,186,51
d_margin,1,ar,2016Q1,enet,0.1115873436563957,10,186,27,51
d_margin,1,ar,2016Q2,lasso,0.05579411108875004,10,186,18,52
d_margin,1,ar,2016Q2,ridge,10000.0,0,186,186,52
d_margin,1,ar,2016Q2,enet,0.11158822217750008,10,186,26,52
d_margin,1,ar,2016Q3,lasso,0.0341770184625065,12,186,25,53
d_margin,1,ar,2016Q3,ridge,10000.0,0,186,186,53
d_margin,1,ar,2016Q3,enet,0.068354036925013,12,186,31,53
d_margin,1,ar,2016Q4,lasso,0.027116651345652085,13,186,23,54
d_margin,1,ar,2016Q4,ridge,19.573417814876596,13,186,186,54
d_margin,1,ar,2016Q4,enet,0.06893387931786027,12,186,30,54
d_margin,1,ar,2017Q1,lasso,0.03410255919907169,12,186,25,55
d_margin,1,ar,2017Q1,ridge,10000.0,0,186,186,55
d_margin,1,ar,2017Q1,enet,0.08669292053408084,11,186,27,55
d_margin,1,ar,2017Q2,lasso,0.05375212678125662,10,186,18,56
d_margin,1,ar,2017Q2,ridge,10000.0,0,186,186,56
d_margin,1,ar,2017Q2,enet,0.10750425356251324,10,186,27,56
d_margin,1,ar,2017Q3,lasso,0.2813275815182747,3,186,5,57
d_margin,1,ar,2017Q3,ridge,82.54041852680182,10,186,186,57
d_margin,1,ar,2017Q3,enet,0.1334265658979645,9,186,23,57
d_margin,1,ar,2017Q4,lasso,0.2884288655658949,3,186,6,58
d_margin,1,ar,2017Q4,ridge,2371.373705661655,3,186,186,58
d_margin,1,ar,2017Q4,enet,0.5768577311317898,3,186,11,58
d_margin,1,ar,2018Q1,lasso,0.1747981458688797,5,186,10,59
d_margin,1,ar,2018Q1,ridge,1467.799267622069,4,186,186,59
d_margin,1,ar,2018Q1,enet,0.44435849171483793,4,186,9,59
d_margin,1,ar,2018Q2,lasso,0.34036380889515105,2,186,4,60
d_margin,1,ar,2018Q2,ridge,6189.658188912604,1,186,186,60
d_margin,1,ar,2018Q2,enet,0.6807276177903021,2,186,6,60
d_margin,1,ar,2018Q3,lasso,0.3404990735682096,2,186,4,61
d_margin,1,ar,2018Q3,ridge,10000.0,0,186,186,61
d_margin,1,ar,2018Q3,enet,0.6809981471364192,2,186,6,61
d_margin,1,ar,2018Q4,lasso,0.4285952296443597,1,186,2,62
d_margin,1,ar,2018Q4,ridge,10000.0,0,186,186,62
d_margin,1,ar,2018Q4,enet,0.8571904592887194,1,186,2,62
d_margin,1,ar,2019Q1,lasso,0.5265369687034765,0,186,0,63
d_margin,1,ar,2019Q1,ridge,10000.0,0,186,186,63
d_margin,1,ar,2019Q1,enet,1.053073937406953,0,186,0,63
d_margin,1,ar,2019Q2,lasso,0.5281800548515749,0,186,0,64
d_margin,1,ar,2019Q2,ridge,10000.0,0,186,186,64
d_margin,1,ar,2019Q2,enet,1.0563601097031499,0,186,0,64
d_margin,1,ar,2019Q3,lasso,0.5126786138373284,0,186,0,65
d_margin,1,ar,2019Q3,ridge,10000.0,0,186,186,65
d_margin,1,ar,2019Q3,enet,1.0253572276746568,0,186,0,65
d_margin,1,ar,2019Q4,lasso,0.5117238292101344,0,186,0,66
d_margin,1,ar,2019Q4,ridge,6189.658188912604,1,186,186,66
d_margin,1,ar,2019Q4,enet,1.0234476584202687,0,186,0,66
d_margin,1,ar,2020Q1,lasso,0.5062008089068994,0,186,0,67
d_margin,1,ar,2020Q1,ridge,6189.658188912604,1,186,186,67
d_margin,1,ar,2020Q1,enet,1.012401617813799,0,186,0,67
d_margin,1,ar,2020Q2,lasso,0.5024642913167248,0,186,0,68
d_margin,1,ar,2020Q2,ridge,1467.799267622069,4,186,186,68
d_margin,1,ar,2020Q2,enet,1.0049285826334495,0,186,0,68
d_margin,1,ar,2020Q3,lasso,0.5024642913167248,0,186,0,68
d_margin,1,ar,2020Q3,ridge,1467.799267622069,4,186,186,68
d_margin,1,ar,2020Q3,enet,1.0049285826334495,0,186,0,68
d_margin,1,ar,2020Q4,lasso,0.5024642913167248,0,186,0,68
d_margin,1,ar,2020Q4,ridge,1467.799267622069,4,186,186,68
d_margin,1,ar,2020Q4,enet,1.0049285826334495,0,186,0,68
d_margin,1,ar,2021Q1,lasso,0.5024642913167248,0,186,0,68
d_margin,1,ar,2021Q1,ridge,1467.799267622069,4,186,186,68
d_margin,1,ar,2021Q1,enet,1.0049285826334495,0,186,0,68
d_margin,1,ar,2021Q2,lasso,0.5024642913167248,0,186,0,68
d_margin,1,ar,2021Q2,ridge,1467.799267622069,4,186,186,68
d_margin,1,ar,2021Q2,enet,1.0049285826334495,0,186,0,68
d_margin,1,ar,2021Q3,lasso,0.5024642913167248,0,186,0,68
d_margin,1,ar,2021Q3,ridge,1467.799267622069,4,186,186,68
d_margin,1,ar,2021Q3,enet,1.0049285826334495,0,186,0,68
d_margin,1,ar,2021Q4,lasso,0.5024642913167248,0,186,0,68
d_margin,1,ar,2021Q4,ridge,1467.799267622069,4,186,186,68
d_margin,1,ar,2021Q4,enet,1.0049285826334495,0,186,0,68
d_margin,1,ar,2022Q1,lasso,0.5009169038346881,0,186,0,69
d_margin,1,ar,2022Q1,ridge,1467.799267622069,4,186,186,69
d_margin,1,ar,2022Q1,enet,0.788186544488261,1,186,3,69
d_margin,1,ar,2022Q2,lasso,0.24795048294000102,3,186,6,70
d_margin,1,ar,2022Q2,ridge,2371.373705661655,3,186,186,70
d_margin,1,ar,2022Q2,enet,0.49590096588000204,3,186,8,70
d_margin,1,ar,2022Q3,lasso,0.24863802601290122,3,186,6,71
d_margin,1,ar,2022Q3,ridge,2371.373705661655,3,186,186,71
d_margin,1,ar,2022Q3,enet,0.49727605202580244,3,186,8,71
d_margin,1,ar,2022Q4,lasso,0.1612235643191018,5,186,9,72
d_margin,1,ar,2022Q4,ridge,1467.799267622069,4,186,186,72
d_margin,1,ar,2022Q4,enet,0.3224471286382036,5,186,9,72
d_margin,1,ar,2023Q1,lasso,0.1859625785407724,5,186,7,73
d_margin,1,ar,2023Q1,ridge,215.44346900318823,8,186,186,73
d_margin,1,ar,2023Q1,enet,0.29260981424685584,6,186,10,73
d_margin,1,ar,2023Q2,lasso,0.16247882039521602,6,186,6,74
d_margin,1,ar,2023Q2,ridge,82.54041852680182,10,186,186,74
d_margin,1,ar,2023Q2,enet,0.32495764079043205,6,186,9,74
d_margin,1,ar,2023Q3,lasso,0.15726563414995226,6,186,6,75
d_margin,1,ar,2023Q3,ridge,82.54041852680182,10,186,186,75
d_margin,1,ar,2023Q3,enet,0.3145312682999045,6,186,9,75
d_margin,1,ar,2023Q4,lasso,0.15576542143699668,6,186,7,76
d_margin,1,ar,2023Q4,ridge,51.089697745069245,11,186,186,76
d_margin,1,ar,2023Q4,enet,0.31153084287399335,6,186,8,76
d_margin,1,ar,2024Q1,lasso,0.19844312917738624,5,186,6,77
d_margin,1,ar,2024Q1,ridge,215.44346900318823,8,186,186,77
d_margin,1,ar,2024Q1,enet,0.3968862583547725,5,186,9,77
d_margin,1,ar,2024Q2,lasso,0.20222855654512492,5,186,7,78
d_margin,1,ar,2024Q2,ridge,10000.0,0,186,186,78
d_margin,1,ar,2024Q2,enet,0.40445711309024984,5,186,10,78
d_margin,1,ar,2024Q3,lasso,0.19942627649823783,5,186,7,79
d_margin,1,ar,2024Q3,ridge,10000.0,0,186,186,79
d_margin,1,ar,2024Q3,enet,0.39885255299647565,5,186,10,79
d_margin,1,ar,2024Q4,lasso,0.18611009492952257,5,186,6,80
d_margin,1,ar,2024Q4,ridge,3831.186849557289,2,186,186,80
d_margin,1,ar,2024Q4,enet,0.37222018985904515,5,186,9,80
d_margin,1,ar,2025Q1,lasso,0.22885016477749992,4,186,6,81
d_margin,1,ar,2025Q1,ridge,3831.186849557289,2,186,186,81
d_margin,1,ar,2025Q1,enet,0.45770032955499984,4,186,9,81
d_margin,1,ar,2025Q2,lasso,0.22713510947555934,4,186,6,82
d_margin,1,ar,2025Q2,ridge,6189.658188912604,1,186,186,82
d_margin,1,ar,2025Q2,enet,0.4542702189511187,4,186,9,82
d_margin,1,ar,2025Q3,lasso,0.2233773325926052,4,186,8,83
d_margin,1,ar,2025Q3,ridge,10000.0,0,186,186,83
d_margin,1,ar,2025Q3,enet,0.5678527887165964,3,186,9,83
d_margin,1,ar,2025Q4,lasso,0.5792495062222495,0,185,0,84
d_margin,1,ar,2025Q4,ridge,10000.0,0,185,185,84
d_margin,1,ar,2025Q4,enet,1.158499012444499,0,185,0,84
d_margin,1,ar,2026Q1,lasso,0.571508068546013,0,185,0,85
d_margin,1,ar,2026Q1,ridge,10000.0,0,185,185,85
d_margin,1,ar,2026Q1,enet,1.143016137092026,0,185,0,85
d_margin,1,ar,2026Q2,lasso,0.5631462993557885,0,185,0,86
d_margin,1,ar,2026Q2,ridge,10000.0,0,185,185,86
d_margin,1,ar,2026Q2,enet,1.126292598711577,0,185,0,86
d_margin,2,ar,2010Q1,lasso,0.7613490818314218,0,190,0,26
d_margin,2,ar,2010Q1,ridge,10000.0,0,190,190,26
d_margin,2,ar,2010Q1,enet,1.5226981636628436,0,190,0,26
d_margin,2,ar,2010Q2,lasso,0.7736835153776128,0,190,0,27
d_margin,2,ar,2010Q2,ridge,10000.0,0,190,190,27
d_margin,2,ar,2010Q2,enet,1.5473670307552256,0,190,0,27
d_margin,2,ar,2010Q3,lasso,0.7851046111701792,0,190,0,28
d_margin,2,ar,2010Q3,ridge,10000.0,0,190,190,28
d_margin,2,ar,2010Q3,enet,1.5702092223403583,0,190,0,28
d_margin,2,ar,2010Q4,lasso,0.6221839473809139,1,188,1,29
d_margin,2,ar,2010Q4,ridge,10000.0,0,188,188,29
d_margin,2,ar,2010Q4,enet,1.5816684956987803,0,188,0,29
d_margin,2,ar,2011Q1,lasso,0.0024615222867341397,24,188,30,30
d_margin,2,ar,2011Q1,ridge,562.341325190349,6,188,188,30
d_margin,2,ar,2011Q1,enet,0.007953661451430089,22,188,34,30
d_margin,2,ar,2011Q2,lasso,0.002319525224391462,24,188,29,31
d_margin,2,ar,2011Q2,ridge,215.44346900318823,8,188,188,31
d_margin,2,ar,2011Q2,enet,0.00749484108362033,22,188,35,31
d_margin,2,ar,2011Q3,lasso,0.5635669999032156,1,188,2,32
d_margin,2,ar,2011Q3,ridge,348.0700588428409,7,188,188,32
d_margin,2,ar,2011Q3,enet,0.0073194011579932085,22,188,39,32
d_margin,2,ar,2011Q4,lasso,0.1306400466103411,7,188,16,33
d_margin,2,ar,2011Q4,ridge,51.089697745069245,11,188,188,33
d_margin,2,ar,2011Q4,enet,0.2612800932206822,7,188,21,33
d_margin,2,ar,2012Q1,lasso,0.1281968626535299,7,188,13,34
d_margin,2,ar,2012Q1,ridge,215.44346900318823,8,188,188,34
d_margin,2,ar,2012Q1,enet,0.2563937253070598,7,188,18,34
d_margin,2,ar,2012Q2,lasso,0.16469716061133,6,188,12,35
d_margin,2,ar,2012Q2,ridge,348.0700588428409,7,188,188,35
d_margin,2,ar,2012Q2,enet,0.25914894250027687,7,188,20,35
d_margin,2,ar,2012Q3,lasso,0.16245780704235743,6,188,10,36
d_margin,2,ar,2012Q3,ridge,348.0700588428409,7,188,188,36
d_margin,2,ar,2012Q3,enet,0.32491561408471487,6,188,15,36
d_margin,2,ar,2012Q4,lasso,0.166015413121816,6,188,11,37
d_margin,2,ar,2012Q4,ridge,1467.799267622069,4,188,188,37
d_margin,2,ar,2012Q4,enet,0.42203169953280145,5,188,14,37
d_margin,2,ar,2013Q1,lasso,0.16464419876873965,6,188,11,38
d_margin,2,ar,2013Q1,ridge,3831.186849557289,2,188,188,38
d_margin,2,ar,2013Q1,enet,0.41854590316624396,5,188,14,38
d_margin,2,ar,2013Q2,lasso,0.1749071515142231,6,188,10,39
d_margin,2,ar,2013Q2,ridge,3831.186849557289,2,188,188,39
d_margin,2,ar,2013Q2,enet,0.3498143030284462,6,188,13,39
d_margin,2,ar,2013Q3,lasso,0.1757980499485651,6,188,8,40
d_margin,2,ar,2013Q3,ridge,3831.186849557289,2,188,188,40
d_margin,2,ar,2013Q3,enet,0.2766160543914528,7,188,16,40
d_margin,2,ar,2013Q4,lasso,0.1751034198217495,6,188,11,41
d_margin,2,ar,2013Q4,ridge,2371.373705661655,3,188,188,41
d_margin,2,ar,2013Q4,enet,0.350206839643499,6,188,17,41
d_margin,2,ar,2014Q1,lasso,0.17086804168348732,6,188,10,42
d_margin,2,ar,2014Q1,ridge,2371.373705661655,3,188,188,42
d_margin,2,ar,2014Q1,enet,0.34173608336697464,6,188,16,42
d_margin,2,ar,2014Q2,lasso,0.17133894510886435,6,188,10,43
d_margin,2,ar,2014Q2,ridge,1467.799267622069,4,188,188,43
d_margin,2,ar,2014Q2,enet,0.3426778902177287,6,188,16,43
d_margin,2,ar,2014Q3,lasso,0.16911943849467354,6,188,10,44
d_margin,2,ar,2014Q3,ridge,1467.799267622069,4,188,188,44
d_margin,2,ar,2014Q3,enet,0.33823887698934707,6,188,17,44
d_margin,2,ar,2014Q4,lasso,0.16946999771497243,6,188,10,45
d_margin,2,ar,2014Q4,ridge,1467.799267622069,4,188,188,45
d_margin,2,ar,2014Q4,enet,0.33893999542994485,6,188,17,45
d_margin,2,ar,2015Q1,lasso,0.1574266915423836,6,188,11,46
d_margin,2,ar,2015Q1,ridge,908.5175756516861,5,188,188,46
d_margin,2,ar,2015Q1,enet,0.3148533830847672,6,188,16,46
d_margin,2,ar,2015Q2,lasso,0.15254635145112408,6,188,11,47
d_margin,2,ar,2015Q2,ridge,908.5175756516861,5,188,188,47
d_margin,2,ar,2015Q2,enet,0.30509270290224816,6,188,17,47
d_margin,2,ar,2015Q3,lasso,0.14942952666479078,6,188,10,48
d_margin,2,ar,2015Q3,ridge,1467.799267622069,4,188,188,48
d_margin,2,ar,2015Q3,enet,0.29885905332958157,6,188,16,48
d_margin,2,ar,2015Q4,lasso,0.1485471538048285,6,188,10,49
d_margin,2,ar,2015Q4,ridge,3831.186849557289,2,188,188,49
d_margin,2,ar,2015Q4,enet,0.37762522528562714,5,188,15,49
d_margin,2,ar,2016Q1,lasso,0.18826471123126778,5,186,9,50
d_margin,2,ar,2016Q1,ridge,1467.799267622069,4,186,186,50
d_margin,2,ar,2016Q1,enet,0.37652942246253557,5,186,15,50
d_margin,2,ar,2016Q2,lasso,0.18457370787834945,5,186,8,51
d_margin,2,ar,2016Q2,ridge,1467.799267622069,4,186,186,51
d_margin,2,ar,2016Q2,enet,0.3691474157566989,5,186,14,51
d_margin,2,ar,2016Q3,lasso,0.1475972622599354,6,188,9,52
d_margin,2,ar,2016Q3,ridge,2371.373705661655,3,188,188,52
d_margin,2,ar,2016Q3,enet,0.2951945245198708,6,188,16,52
d_margin,2,ar,2016Q4,lasso,0.1461294190817008,6,186,9,53
d_margin,2,ar,2016Q4,ridge,133.3521432163324,9,186,186,53
d_margin,2,ar,2016Q4,enet,0.14232056312828217,9,186,17,53
d_margin,2,ar,2017Q1,lasso,0.07072610124241958,9,186,14,54
d_margin,2,ar,2017Q1,ridge,82.54041852680182,10,186,186,54
d_margin,2,ar,2017Q1,enet,0.14145220248483917,9,186,16,54
d_margin,2,ar,2017Q2,lasso,0.08852766875254946,8,186,11,55
d_margin,2,ar,2017Q2,ridge,82.54041852680182,10,186,186,55
d_margin,2,ar,2017Q2,enet,0.1392971903952773,9,186,17,55
d_margin,2,ar,2017Q3,lasso,0.08763246573462109,8,186,11,56
d_margin,2,ar,2017Q3,ridge,82.54041852680182,10,186,186,56
d_margin,2,ar,2017Q3,enet,0.13788859953337002,9,186,17,56
d_margin,2,ar,2017Q4,lasso,0.06758362732290527,9,186,15,57
d_margin,2,ar,2017Q4,ridge,133.3521432163324,9,186,186,57
d_margin,2,ar,2017Q4,enet,0.13516725464581053,9,186,20,57
d_margin,2,ar,2018Q1,lasso,0.06810361560566378,9,186,15,58
d_margin,2,ar,2018Q1,ridge,1467.799267622069,4,186,186,58
d_margin,2,ar,2018Q1,enet,0.13620723121132755,9,186,16,58
d_margin,2,ar,2018Q2,lasso,0.06683139295649161,9,186,17,59
d_margin,2,ar,2018Q2,ridge,1467.799267622069,4,186,186,59
d_margin,2,ar,2018Q2,enet,0.13366278591298322,9,186,21,59
d_margin,2,ar,2018Q3,lasso,0.05070937590882191,10,186,20,60
d_margin,2,ar,2018Q3,ridge,10000.0,0,186,186,60
d_margin,2,ar,2018Q3,enet,0.10141875181764382,10,186,26,60
d_margin,2,ar,2018Q4,lasso,0.039766706544209156,11,186,23,61
d_margin,2,ar,2018Q4,ridge,10000.0,0,186,186,61
d_margin,2,ar,2018Q4,enet,0.07953341308841831,11,186,27,61
d_margin,2,ar,2019Q1,lasso,0.5490836057876757,0,186,0,62
d_margin,2,ar,2019Q1,ridge,10000.0,0,186,186,62
d_margin,2,ar,2019Q1,enet,1.0981672115753514,0,186,0,62
d_margin,2,ar,2019Q2,lasso,0.5327338941989335,0,186,0,63
d_margin,2,ar,2019Q2,ridge,10000.0,0,186,186,63
d_margin,2,ar,2019Q2,enet,1.065467788397867,0,186,0,63
d_margin,2,ar,2019Q3,lasso,0.5324198197866162,0,186,0,64
d_margin,2,ar,2019Q3,ridge,10000.0,0,186,186,64
d_margin,2,ar,2019Q3,enet,1.0648396395732325,0,186,0,64
d_margin,2,ar,2019Q4,lasso,0.5217968096561387,0,186,0,65
d_margin,2,ar,2019Q4,ridge,10000.0,0,186,186,65
d_margin,2,ar,2019Q4,enet,1.0435936193122775,0,186,0,65
d_margin,2,ar,2020Q1,lasso,0.5090993099355234,0,186,0,66
d_margin,2,ar,2020Q1,ridge,10000.0,0,186,186,66
d_margin,2,ar,2020Q1,enet,1.0181986198710469,0,186,0,66
d_margin,2,ar,2020Q2,lasso,0.49516791553118855,0,186,0,67
d_margin,2,ar,2020Q2,ridge,10000.0,0,186,186,67
d_margin,2,ar,2020Q2,enet,0.9903358310623771,0,186,0,67
d_margin,2,ar,2020Q3,lasso,0.48819299637501873,0,186,0,68
d_margin,2,ar,2020Q3,ridge,10000.0,0,186,186,68
d_margin,2,ar,2020Q3,enet,0.013020316473962389,18,186,55,68
d_margin,2,ar,2020Q4,lasso,0.48819299637501873,0,186,0,68
d_margin,2,ar,2020Q4,ridge,10000.0,0,186,186,68
d_margin,2,ar,2020Q4,enet,0.013020316473962389,18,186,55,68
d_margin,2,ar,2021Q1,lasso,0.48819299637501873,0,186,0,68
d_margin,2,ar,2021Q1,ridge,10000.0,0,186,186,68
d_margin,2,ar,2021Q1,enet,0.013020316473962389,18,186,55,68
d_margin,2,ar,2021Q2,lasso,0.48819299637501873,0,186,0,68
d_margin,2,ar,2021Q2,ridge,10000.0,0,186,186,68
d_margin,2,ar,2021Q2,enet,0.013020316473962389,18,186,55,68
d_margin,2,ar,2021Q3,lasso,0.48819299637501873,0,186,0,68
d_margin,2,ar,2021Q3,ridge,10000.0,0,186,186,68
d_margin,2,ar,2021Q3,enet,0.013020316473962389,18,186,55,68
d_margin,2,ar,2021Q4,lasso,0.48819299637501873,0,186,0,68
d_margin,2,ar,2021Q4,ridge,10000.0,0,186,186,68
d_margin,2,ar,2021Q4,enet,0.013020316473962389,18,186,55,68
d_margin,2,ar,2022Q1,lasso,0.48819299637501873,0,186,0,68
d_margin,2,ar,2022Q1,ridge,10000.0,0,186,186,68
d_margin,2,ar,2022Q1,enet,0.013020316473962389,18,186,55,68
d_margin,2,ar,2022Q2,lasso,0.4898056978645943,0,186,0,69
d_margin,2,ar,2022Q2,ridge,3831.186849557289,2,186,186,69
d_margin,2,ar,2022Q2,enet,0.9796113957291886,0,186,0,69
d_margin,2,ar,2022Q3,lasso,0.12713799200714743,6,186,10,70
d_margin,2,ar,2022Q3,ridge,2371.373705661655,3,186,186,70
d_margin,2,ar,2022Q3,enet,0.25427598401429485,6,186,13,70
d_margin,2,ar,2022Q4,lasso,0.12689178123191105,6,186,10,71
d_margin,2,ar,2022Q4,ridge,2371.373705661655,3,186,186,71
d_margin,2,ar,2022Q4,enet,0.2537835624638221,6,186,12,71
d_margin,2,ar,2023Q1,lasso,0.03312171115435451,12,186,30,72
d_margin,2,ar,2023Q1,ridge,2371.373705661655,3,186,186,72
d_margin,2,ar,2023Q1,enet,0.052116602299579144,13,186,35,72
d_margin,2,ar,2023Q2,lasso,0.02742388943102386,13,186,29,73
d_margin,2,ar,2023Q2,ridge,31.622776601683793,12,186,186,73
d_margin,2,ar,2023Q2,enet,0.05484777886204772,13,186,39,73
d_margin,2,ar,2023Q3,lasso,0.1311645836221056,7,186,17,74
d_margin,2,ar,2023Q3,ridge,31.622776601683793,12,186,186,74
d_margin,2,ar,2023Q3,enet,0.06220804894310411,13,186,37,74
d_margin,2,ar,2023Q4,lasso,0.12834366150456536,7,186,16,75
d_margin,2,ar,2023Q4,ridge,3831.186849557289,2,186,186,75
d_margin,2,ar,2023Q4,enet,0.2566873230091307,7,186,21,75
d_margin,2,ar,2024Q1,lasso,0.1268399624196544,7,186,16,76
d_margin,2,ar,2024Q1,ridge,3831.186849557289,2,186,186,76
d_margin,2,ar,2024Q1,enet,0.2536799248393088,7,186,20,76
d_margin,2,ar,2024Q2,lasso,0.12185043483336482,7,186,16,77
d_margin,2,ar,2024Q2,ridge,6189.658188912604,1,186,186,77
d_margin,2,ar,2024Q2,enet,0.24370086966672963,7,186,20,77
d_margin,2,ar,2024Q3,lasso,0.31818581543508306,3,186,4,78
d_margin,2,ar,2024Q3,ridge,10000.0,0,186,186,78
d_margin,2,ar,2024Q3,enet,0.6363716308701661,3,186,8,78
d_margin,2,ar,2024Q4,lasso,0.3098746888005933,3,186,4,79
d_margin,2,ar,2024Q4,ridge,10000.0,0,186,186,79
d_margin,2,ar,2024Q4,enet,0.6197493776011866,3,186,10,79
d_margin,2,ar,2025Q1,lasso,0.3074702381589281,3,186,6,80
d_margin,2,ar,2025Q1,ridge,6189.658188912604,1,186,186,80
d_margin,2,ar,2025Q1,enet,0.6149404763178562,3,186,10,80
d_margin,2,ar,2025Q2,lasso,0.3140243304427469,3,186,6,81
d_margin,2,ar,2025Q2,ridge,6189.658188912604,1,186,186,81
d_margin,2,ar,2025Q2,enet,0.6280486608854938,3,186,9,81
d_margin,2,ar,2025Q3,lasso,0.3139416654118352,3,186,6,82
d_margin,2,ar,2025Q3,ridge,6189.658188912604,1,186,186,82
d_margin,2,ar,2025Q3,enet,0.6278833308236704,3,186,10,82
d_margin,2,ar,2025Q4,lasso,0.3944895188758908,2,186,5,83
d_margin,2,ar,2025Q4,ridge,6189.658188912604,1,186,186,83
d_margin,2,ar,2025Q4,enet,0.6207243723247121,3,186,10,83
d_margin,2,ar,2026Q1,lasso,0.630618645317871,0,185,0,84
d_margin,2,ar,2026Q1,ridge,6189.658188912604,1,185,185,84
d_margin,2,ar,2026Q1,enet,0.9922706283974699,1,185,5,84
d_margin,2,ar,2026Q2,lasso,0.6156597672632234,0,185,0,85
d_margin,2,ar,2026Q2,ridge,3831.186849557289,2,185,185,85
d_margin,2,ar,2026Q2,enet,1.2313195345264467,0,185,0,85
d_og,0,ar,2010Q1,lasso,0.41354493832633327,5,192,9,28
d_og,0,ar,2010Q1,ridge,51.089697745069245,11,192,192,28
d_og,0,ar,2010Q1,enet,0.6507078388347091,6,192,19,28
d_og,0,ar,2010Q2,lasso,0.4548606799935671,5,190,8,29
d_og,0,ar,2010Q2,ridge,82.54041852680182,10,190,190,29
d_og,0,ar,2010Q2,enet,0.21572893125522508,11,190,34,29
d_og,0,ar,2010Q3,lasso,0.3823668907387595,6,190,7,30
d_og,0,ar,2010Q3,ridge,51.089697745069245,11,190,190,30
d_og,0,ar,2010Q3,enet,0.2305031909460981,11,190,32,30
d_og,0,ar,2010Q4,lasso,0.10875139477018257,11,190,15,31
d_og,0,ar,2010Q4,ridge,31.622776601683793,12,190,190,31
d_og,0,ar,2010Q4,enet,0.21750278954036514,11,190,34,31
d_og,0,ar,2011Q1,lasso,0.11026469167125655,11,190,17,32
d_og,0,ar,2011Q1,ridge,31.622776601683793,12,190,190,32
d_og,0,ar,2011Q1,enet,0.2205293833425131,11,190,34,32
d_og,0,ar,2011Q2,lasso,0.040565724628401224,15,190,21,33
d_og,0,ar,2011Q2,ridge,31.622776601683793,12,190,190,33
d_og,0,ar,2011Q2,enet,0.13107581514296116,13,190,34,33
d_og,0,ar,2011Q3,lasso,0.04204803230014004,15,190,23,34
d_og,0,ar,2011Q3,ridge,19.573417814876596,13,190,190,34
d_og,0,ar,2011Q3,enet,0.13586544205448925,13,190,35,34
d_og,0,ar,2011Q4,lasso,0.041180535875416514,15,190,25,35
d_og,0,ar,2011Q4,ridge,19.573417814876596,13,190,190,35
d_og,0,ar,2011Q4,enet,0.13306239090611585,13,190,35,35
d_og,0,ar,2012Q1,lasso,0.10440691521687036,11,190,18,36
d_og,0,ar,2012Q1,ridge,31.622776601683793,12,190,190,36
d_og,0,ar,2012Q1,enet,0.1292486235502412,13,190,36,36
d_og,0,ar,2012Q2,lasso,0.0354614006116772,16,190,23,37
d_og,0,ar,2012Q2,ridge,19.573417814876596,13,190,190,37
d_og,0,ar,2012Q2,enet,0.18511966136955674,12,190,38,37
d_og,0,ar,2012Q3,lasso,0.03398846552096709,16,190,25,38
d_og,0,ar,2012Q3,ridge,19.573417814876596,13,190,190,38
d_og,0,ar,2012Q3,enet,0.02604323242811208,20,190,47,38
d_og,0,ar,2012Q4,lasso,0.02074592968841371,19,190,29,39
d_og,0,ar,2012Q4,ridge,12.115276586285876,14,190,190,39
d_og,0,ar,2012Q4,enet,0.025682042716499015,21,190,46,39
d_og,0,ar,2013Q1,lasso,0.020460869421892243,19,190,28,40
d_og,0,ar,2013Q1,ridge,12.115276586285876,14,190,190,40
d_og,0,ar,2013Q1,enet,0.025329157593897374,21,190,46,40
d_og,0,ar,2013Q2,lasso,0.020218902018098558,19,190,30,41
d_og,0,ar,2013Q2,ridge,12.115276586285876,14,190,190,41
d_og,0,ar,2013Q2,enet,0.025029618489429074,21,190,44,41
d_og,0,ar,2013Q3,lasso,0.019805588846237527,19,190,32,42
d_og,0,ar,2013Q3,ridge,19.573417814876596,13,190,190,42
d_og,0,ar,2013Q3,enet,0.024517965037670057,21,190,45,42
d_og,0,ar,2013Q4,lasso,0.019927870523300254,19,190,31,43
d_og,0,ar,2013Q4,ridge,19.573417814876596,13,190,190,43
d_og,0,ar,2013Q4,enet,0.34513649827433396,10,190,30,43
d_og,0,ar,2014Q1,lasso,0.019563649594467287,19,190,33,44
d_og,0,ar,2014Q1,ridge,19.573417814876596,13,190,190,44
d_og,0,ar,2014Q1,enet,0.33882845167052567,10,190,31,44
d_og,0,ar,2014Q2,lasso,0.01934318317054173,19,190,30,45
d_og,0,ar,2014Q2,ridge,19.573417814876596,13,190,190,45
d_og,0,ar,2014Q2,enet,0.3350101305181595,10,190,29,45
d_og,0,ar,2014Q3,lasso,0.0056105751087858246,24,190,40,46
d_og,0,ar,2014Q3,ridge,31.622776601683793,12,190,190,46
d_og,0,ar,2014Q3,enet,0.4097673737497159,9,190,28,46
d_og,0,ar,2014Q4,lasso,0.16169080330729718,10,190,21,47
d_og,0,ar,2014Q4,ridge,31.622776601683793,12,190,190,47
d_og,0,ar,2014Q4,enet,0.41103800686585384,9,190,31,47
d_og,0,ar,2015Q1,lasso,0.005289427100472916,24,190,43,48
d_og,0,ar,2015Q1,ridge,0.1,24,190,190,48
d_og,0,ar,2015Q1,enet,0.010578854200945832,24,190,71,48
d_og,0,ar,2015Q2,lasso,0.004684623330198865,24,190,42,49
d_og,0,ar,2015Q2,ridge,10000.0,0,190,190,49
d_og,0,ar,2015Q2,enet,2.962815940678294,0,190,0,49
d_og,0,ar,2015Q3,lasso,0.004333291240697077,24,188,43,50
d_og,0,ar,2015Q3,ridge,0.1,24,188,188,50
d_og,0,ar,2015Q3,enet,0.008666582481394155,24,188,70,50
d_og,0,ar,2015Q4,lasso,0.004365951115578239,24,188,46,51
d_og,0,ar,2015Q4,ridge,0.1,24,188,188,51
d_og,0,ar,2015Q4,enet,0.008731902231156477,24,188,69,51
d_og,0,ar,2016Q1,lasso,0.0044012821573790025,24,188,44,52
d_og,0,ar,2016Q1,ridge,0.1,24,188,188,52
d_og,0,ar,2016Q1,enet,0.008802564314758005,24,188,68,52
d_og,0,ar,2016Q2,lasso,0.004353304837504492,24,188,45,53
d_og,0,ar,2016Q2,ridge,0.1,24,188,188,53
d_og,0,ar,2016Q2,enet,0.008706609675008983,24,188,70,53
d_og,0,ar,2016Q3,lasso,0.004426906866114851,24,188,48,54
d_og,0,ar,2016Q3,ridge,0.1,24,188,188,54
d_og,0,ar,2016Q3,enet,0.008853813732229703,24,188,72,54
d_og,0,ar,2016Q4,lasso,0.004387460233269194,24,188,47,55
d_og,0,ar,2016Q4,ridge,0.1,24,188,188,55
d_og,0,ar,2016Q4,enet,0.008774920466538388,24,188,73,55
d_og,0,ar,2017Q1,lasso,0.0042239849568709706,24,188,46,56
d_og,0,ar,2017Q1,ridge,1.1006941712522091,19,188,188,56
d_og,0,ar,2017Q1,enet,0.008447969913741941,24,188,74,56
d_og,0,ar,2017Q2,lasso,0.0041653398559450576,24,188,46,57
d_og,0,ar,2017Q2,ridge,0.6812920690579608,20,188,188,57
d_og,0,ar,2017Q2,enet,0.008330679711890115,24,188,74,57
d_og,0,ar,2017Q3,lasso,0.07451233999296278,12,188,29,58
d_og,0,ar,2017Q3,ridge,1.7782794100389228,18,188,188,58
d_og,0,ar,2017Q3,enet,0.027802991775882097,19,188,65,58
d_og,0,ar,2017Q4,lasso,0.09403186103098131,11,188,24,59
d_og,0,ar,2017Q4,ridge,31.622776601683793,12,188,188,59
d_og,0,ar,2017Q4,enet,0.07205072588425883,15,188,57,59
d_og,0,ar,2018Q1,lasso,0.4957996074394166,4,188,8,60
d_og,0,ar,2018Q1,ridge,51.089697745069245,11,188,188,60
d_og,0,ar,2018Q1,enet,0.18499905397448999,11,188,50,60
d_og,0,ar,2018Q2,lasso,0.6276376920106,3,188,6,61
d_og,0,ar,2018Q2,ridge,133.3521432163324,9,188,188,61
d_og,0,ar,2018Q2,enet,1.5955325886260767,2,188,7,61
d_og,0,ar,2018Q3,lasso,1.2218804097415847,0,188,0,62
d_og,0,ar,2018Q3,ridge,348.0700588428409,7,188,188,62
d_og,0,ar,2018Q3,enet,1.512604416805778,2,188,7,62
d_og,0,ar,2018Q4,lasso,0.7606057210528974,2,188,5,63
d_og,0,ar,2018Q4,ridge,348.0700588428409,7,188,188,63
d_og,0,ar,2018Q4,enet,1.5212114421057947,2,188,6,63
d_og,0,ar,2019Q1,lasso,0.998231068415157,1,188,2,64
d_og,0,ar,2019Q1,ridge,1467.799267622069,4,188,188,64
d_og,0,ar,2019Q1,enet,1.5707042233787814,2,188,6,64
d_og,0,ar,2019Q2,lasso,0.9745520381579558,1,188,2,65
d_og,0,ar,2019Q2,ridge,2371.373705661655,3,188,188,65
d_og,0,ar,2019Q2,enet,1.5334455625262904,2,188,6,65
d_og,0,ar,2019Q3,lasso,0.9391219158430077,1,188,2,66
d_og,0,ar,2019Q3,ridge,908.5175756516861,5,188,188,66
d_og,0,ar,2019Q3,enet,1.4776967038544513,2,188,6,66
d_og,0,ar,2019Q4,lasso,0.9301022703131834,1,188,2,67
d_og,0,ar,2019Q4,ridge,908.5175756516861,5,188,188,67
d_og,0,ar,2019Q4,enet,1.4635044033186972,2,188,6,67
d_og,0,ar,2020Q1,lasso,1.174117186750797,0,188,0,68
d_og,0,ar,2020Q1,ridge,2371.373705661655,3,188,188,68
d_og,0,ar,2020Q1,enet,1.4534768119430201,2,188,6,68
d_og,0,ar,2020Q2,lasso,1.174117186750797,0,188,0,68
d_og,0,ar,2020Q2,ridge,2371.373705661655,3,188,188,68
d_og,0,ar,2020Q2,enet,1.4534768119430201,2,188,6,68
d_og,0,ar,2020Q3,lasso,1.174117186750797,0,188,0,68
d_og,0,ar,2020Q3,ridge,2371.373705661655,3,188,188,68
d_og,0,ar,2020Q3,enet,1.4534768119430201,2,188,6,68
d_og,0,ar,2020Q4,lasso,1.174117186750797,0,188,0,68
d_og,0,ar,2020Q4,ridge,2371.373705661655,3,188,188,68
d_og,0,ar,2020Q4,enet,1.4534768119430201,2,188,6,68
d_og,0,ar,2021Q1,lasso,1.174117186750797,0,188,0,68
d_og,0,ar,2021Q1,ridge,2371.373705661655,3,188,188,68
d_og,0,ar,2021Q1,enet,1.4534768119430201,2,188,6,68
d_og,0,ar,2021Q2,lasso,1.174117186750797,0,188,0,68
d_og,0,ar,2021Q2,ridge,2371.373705661655,3,188,188,68
d_og,0,ar,2021Q2,enet,1.4534768119430201,2,188,6,68
d_og,0,ar,2021Q3,lasso,1.174117186750797,0,188,0,68
d_og,0,ar,2021Q3,ridge,2371.373705661655,3,188,188,68
d_og,0,ar,2021Q3,enet,1.4534768119430201,2,188,6,68
d_og,0,ar,2021Q4,lasso,1.1533411093506558,0,188,0,69
d_og,0,ar,2021Q4,ridge,6189.658188912604,1,188,188,69
d_og,0,ar,2021Q4,enet,1.8147679518025481,1,188,3,69
d_og,0,ar,2022Q1,lasso,1.1365807808211914,0,188,0,70
d_og,0,ar,2022Q1,ridge,10000.0,0,188,188,70
d_og,0,ar,2022Q1,enet,1.7883957824327434,1,188,2,70
d_og,0,ar,2022Q2,lasso,0.4808979525186966,4,188,8,71
d_og,0,ar,2022Q2,ridge,908.5175756516861,5,188,188,71
d_og,0,ar,2022Q2,enet,0.7566869725208566,5,188,20,71
d_og,0,ar,2022Q3,lasso,0.4978337213539144,4,188,8,72
d_og,0,ar,2022Q3,ridge,562.341325190349,6,188,188,72
d_og,0,ar,2022Q3,enet,0.7833351950389922,5,188,19,72
d_og,0,ar,2022Q4,lasso,1.1206520977331182,0,188,0,73
d_og,0,ar,2022Q4,ridge,10000.0,0,188,188,73
d_og,0,ar,2022Q4,enet,2.2413041954662365,0,188,0,73
d_og,0,ar,2023Q1,lasso,0.9627352634391904,1,188,2,74
d_og,0,ar,2023Q1,ridge,10000.0,0,188,188,74
d_og,0,ar,2023Q1,enet,1.9254705268783807,1,188,3,74
d_og,0,ar,2023Q2,lasso,0.8122182315369771,2,188,2,75
d_og,0,ar,2023Q2,ridge,6189.658188912604,1,188,188,75
d_og,0,ar,2023Q2,enet,1.6244364630739543,2,188,7,75
d_og,0,ar,2023Q3,lasso,0.7857171877490372,2,188,2,76
d_og,0,ar,2023Q3,ridge,10000.0,0,188,188,76
d_og,0,ar,2023Q3,enet,1.5714343754980744,2,188,4,76
d_og,0,ar,2023Q4,lasso,0.9629660655164127,1,188,2,77
d_og,0,ar,2023Q4,ridge,6189.658188912604,1,188,188,77
d_og,0,ar,2023Q4,enet,1.9259321310328255,1,188,3,77
d_og,0,ar,2024Q1,lasso,0.9373740964753887,1,188,2,78
d_og,0,ar,2024Q1,ridge,6189.658188912604,1,188,188,78
d_og,0,ar,2024Q1,enet,1.8747481929507774,1,188,3,78
d_og,0,ar,2024Q2,lasso,0.8142418475691825,2,188,2,79
d_og,0,ar,2024Q2,ridge,3831.186849557289,2,188,188,79
d_og,0,ar,2024Q2,enet,1.281199463025286,3,188,7,79
d_og,0,ar,2024Q3,lasso,0.6730981957862682,3,188,3,80
d_og,0,ar,2024Q3,ridge,3831.186849557289,2,188,188,80
d_og,0,ar,2024Q3,enet,1.3461963915725363,3,188,7,80
d_og,0,ar,2024Q4,lasso,0.8206049837293456,2,188,2,81
d_og,0,ar,2024Q4,ridge,6189.658188912604,1,188,188,81
d_og,0,ar,2024Q4,enet,1.6412099674586913,2,188,5,81
d_og,0,ar,2025Q1,lasso,0.8457541826327771,2,188,2,82
d_og,0,ar,2025Q1,ridge,10000.0,0,188,188,82
d_og,0,ar,2025Q1,enet,1.6915083652655543,2,188,4,82
d_og,0,ar,2025Q2,lasso,0.07745954465529692,12,188,33,83
d_og,0,ar,2025Q2,ridge,562.341325190349,6,188,188,83
d_og,0,ar,2025Q2,enet,0.19691173645380072,11,188,42,83
d_og,0,ar,2025Q3,lasso,0.04783035994451567,14,187,42,84
d_og,0,ar,2025Q3,ridge,562.341325190349,6,187,187,84
d_og,0,ar,2025Q3,enet,0.1964416823410327,11,187,43,84
d_og,0,ar,2025Q4,lasso,0.41526208977321805,5,187,9,85
d_og,0,ar,2025Q4,ridge,133.3521432163324,9,187,187,85
d_og,0,ar,2025Q4,enet,0.3181893314917662,9,187,31,85
d_og,0,ar,2026Q1,lasso,0.32116798966815907,6,187,10,86
d_og,0,ar,2026Q1,ridge,215.44346900318823,8,187,187,86
d_og,0,ar,2026Q1,enet,0.5053538541800314,7,187,27,86
d_og,0,ar,2026Q2,lasso,0.07696910512270476,12,187,35,87
d_og,0,ar,2026Q2,ridge,133.3521432163324,9,187,187,87
d_og,0,ar,2026Q2,enet,0.15393821024540952,12,187,45,87
d_og,1,ar,2010Q1,lasso,1.098833674899588,0,190,0,27
d_og,1,ar,2010Q1,ridge,1467.799267622069,4,190,190,27
d_og,1,ar,2010Q1,enet,2.197667349799176,0,190,0,27
d_og,1,ar,2010Q2,lasso,1.06793872089232,0,190,0,28
d_og,1,ar,2010Q2,ridge,2371.373705661655,3,190,190,28
d_og,1,ar,2010Q2,enet,2.13587744178464,0,190,0,28
d_og,1,ar,2010Q3,lasso,1.197421874342969,0,188,0,29
d_og,1,ar,2010Q3,ridge,1467.799267622069,4,188,188,29
d_og,1,ar,2010Q3,enet,2.394843748685938,0,188,0,29
d_og,1,ar,2010Q4,lasso,1.3769460197760448,0,188,0,30
d_og,1,ar,2010Q4,ridge,1467.799267622069,4,188,188,30
d_og,1,ar,2010Q4,enet,2.7538920395520896,0,188,0,30
d_og,1,ar,2011Q1,lasso,1.3793638287297665,0,188,0,31
d_og,1,ar,2011Q1,ridge,2371.373705661655,3,188,188,31
d_og,1,ar,2011Q1,enet,2.758727657459533,0,188,0,31
d_og,1,ar,2011Q2,lasso,1.3762794260742834,0,188,0,32
d_og,1,ar,2011Q2,ridge,3831.186849557289,2,188,188,32
d_og,1,ar,2011Q2,enet,2.752558852148567,0,188,0,32
d_og,1,ar,2011Q3,lasso,1.3647897302772147,0,188,0,33
d_og,1,ar,2011Q3,ridge,2371.373705661655,3,188,188,33
d_og,1,ar,2011Q3,enet,2.7295794605544295,0,188,0,33
d_og,1,ar,2011Q4,lasso,1.4196930194193969,0,188,0,34
d_og,1,ar,2011Q4,ridge,1467.799267622069,4,188,188,34
d_og,1,ar,2011Q4,enet,2.8393860388387937,0,188,0,34
d_og,1,ar,2012Q1,lasso,0.8926958869414292,2,188,4,35
d_og,1,ar,2012Q1,ridge,31.622776601683793,12,188,188,35
d_og,1,ar,2012Q1,enet,1.4046459223493346,3,188,12,35
d_og,1,ar,2012Q2,lasso,0.8801075395547154,2,188,4,36
d_og,1,ar,2012Q2,ridge,562.341325190349,6,188,188,36
d_og,1,ar,2012Q2,enet,1.3848383136389961,3,188,11,36
d_og,1,ar,2012Q3,lasso,0.5692663330712446,4,188,5,37
d_og,1,ar,2012Q3,ridge,348.0700588428409,7,188,188,37
d_og,1,ar,2012Q3,enet,1.1385326661424893,4,188,12,37
d_og,1,ar,2012Q4,lasso,0.5616859378331097,4,188,5,38
d_og,1,ar,2012Q4,ridge,908.5175756516861,5,188,188,38
d_og,1,ar,2012Q4,enet,1.1233718756662194,4,188,13,38
d_og,1,ar,2013Q1,lasso,0.549361424878492,4,188,3,39
d_og,1,ar,2013Q1,ridge,10000.0,0,188,188,39
d_og,1,ar,2013Q1,enet,1.3965446426899533,3,188,8,39
d_og,1,ar,2013Q2,lasso,0.5401246226231456,4,188,4,40
d_og,1,ar,2013Q2,ridge,10000.0,0,188,188,40
d_og,1,ar,2013Q2,enet,1.373063549695221,3,188,8,40
d_og,1,ar,2013Q3,lasso,0.5471554429428145,4,188,3,41
d_og,1,ar,2013Q3,ridge,4.6415888336127775,16,188,188,41
d_og,1,ar,2013Q3,enet,1.3909367639517933,3,188,9,41
d_og,1,ar,2013Q4,lasso,0.5432975957204476,4,188,3,42
d_og,1,ar,2013Q4,ridge,2.8729848333536627,17,188,188,42
d_og,1,ar,2013Q4,enet,1.0865951914408951,4,188,9,42
d_og,1,ar,2014Q1,lasso,0.5432301128393491,4,188,4,43
d_og,1,ar,2014Q1,ridge,2.8729848333536627,17,188,188,43
d_og,1,ar,2014Q1,enet,1.0864602256786982,4,188,8,43
d_og,1,ar,2014Q2,lasso,0.5468699971765659,4,188,4,44
d_og,1,ar,2014Q2,ridge,10000.0,0,188,188,44
d_og,1,ar,2014Q2,enet,1.3902111255331129,3,188,8,44
d_og,1,ar,2014Q3,lasso,0.5452925998207458,4,188,3,45
d_og,1,ar,2014Q3,ridge,10000.0,0,188,188,45
d_og,1,ar,2014Q3,enet,1.7619473747274645,2,188,5,45
d_og,1,ar,2014Q4,lasso,0.5315207767178416,4,188,4,46
d_og,1,ar,2014Q4,ridge,10000.0,0,188,188,46
d_og,1,ar,2014Q4,enet,1.3511915099752134,3,188,6,46
d_og,1,ar,2015Q1,lasso,1.3969211280282527,0,188,0,47
d_og,1,ar,2015Q1,ridge,1.7782794100389228,18,188,188,47
d_og,1,ar,2015Q1,enet,2.1980380945311317,1,188,4,47
d_og,1,ar,2015Q2,lasso,1.3194338103703094,0,188,0,48
d_og,1,ar,2015Q2,ridge,0.1615598098439873,23,188,188,48
d_og,1,ar,2015Q2,enet,2.6388676207406188,0,188,0,48
d_og,1,ar,2015Q3,lasso,1.2624794732065021,0,188,0,49
d_og,1,ar,2015Q3,ridge,10000.0,0,188,188,49
d_og,1,ar,2015Q3,enet,2.5249589464130042,0,188,0,49
d_og,1,ar,2015Q4,lasso,1.1604967556008945,0,186,0,50
d_og,1,ar,2015Q4,ridge,10000.0,0,186,186,50
d_og,1,ar,2015Q4,enet,2.320993511201789,0,186,0,50
d_og,1,ar,2016Q1,lasso,1.0925630089701095,0,186,0,51
d_og,1,ar,2016Q1,ridge,10000.0,0,186,186,51
d_og,1,ar,2016Q1,enet,2.185126017940219,0,186,0,51
d_og,1,ar,2016Q2,lasso,1.0110030493432274,0,186,0,52
d_og,1,ar,2016Q2,ridge,10000.0,0,186,186,52
d_og,1,ar,2016Q2,enet,2.0220060986864548,0,186,0,52
d_og,1,ar,2016Q3,lasso,1.0084232761695344,0,186,0,53
d_og,1,ar,2016Q3,ridge,10000.0,0,186,186,53
d_og,1,ar,2016Q3,enet,2.016846552339069,0,186,0,53
d_og,1,ar,2016Q4,lasso,1.0319400198099733,0,186,0,54
d_og,1,ar,2016Q4,ridge,10000.0,0,186,186,54
d_og,1,ar,2016Q4,enet,2.0638800396199466,0,186,0,54
d_og,1,ar,2017Q1,lasso,1.0722261129133637,0,186,0,55
d_og,1,ar,2017Q1,ridge,10000.0,0,186,186,55
d_og,1,ar,2017Q1,enet,2.1444522258267273,0,186,0,55
d_og,1,ar,2017Q2,lasso,1.0611460031712476,0,186,0,56
d_og,1,ar,2017Q2,ridge,10000.0,0,186,186,56
d_og,1,ar,2017Q2,enet,2.1222920063424953,0,186,0,56
d_og,1,ar,2017Q3,lasso,1.0322987427327568,0,186,0,57
d_og,1,ar,2017Q3,ridge,10000.0,0,186,186,57
d_og,1,ar,2017Q3,enet,2.0645974854655136,0,186,0,57
d_og,1,ar,2017Q4,lasso,1.014573529516928,0,186,0,58
d_og,1,ar,2017Q4,ridge,10000.0,0,186,186,58
d_og,1,ar,2017Q4,enet,2.029147059033856,0,186,0,58
d_og,1,ar,2018Q1,lasso,1.0067075404177839,0,186,0,59
d_og,1,ar,2018Q1,ridge,10000.0,0,186,186,59
d_og,1,ar,2018Q1,enet,2.0134150808355677,0,186,0,59
d_og,1,ar,2018Q2,lasso,1.0078584598561184,0,186,0,60
d_og,1,ar,2018Q2,ridge,10000.0,0,186,186,60
d_og,1,ar,2018Q2,enet,2.015716919712237,0,186,0,60
d_og,1,ar,2018Q3,lasso,0.9978057760771168,0,186,0,61
d_og,1,ar,2018Q3,ridge,10000.0,0,186,186,61
d_og,1,ar,2018Q3,enet,1.9956115521542337,0,186,0,61
d_og,1,ar,2018Q4,lasso,0.8029668539177302,1,186,2,62
d_og,1,ar,2018Q4,ridge,10000.0,0,186,186,62
d_og,1,ar,2018Q4,enet,1.6059337078354603,1,186,2,62
d_og,1,ar,2019Q1,lasso,0.819911672126649,1,186,1,63
d_og,1,ar,2019Q1,ridge,10000.0,0,186,186,63
d_og,1,ar,2019Q1,enet,1.639823344253298,1,186,2,63
d_og,1,ar,2019Q2,lasso,0.9313192550650076,0,186,0,64
d_og,1,ar,2019Q2,ridge,3831.186849557289,2,186,186,64
d_og,1,ar,2019Q2,enet,1.8626385101300151,0,186,0,64
d_og,1,ar,2019Q3,lasso,0.9176893640200814,0,186,0,65
d_og,1,ar,2019Q3,ridge,10000.0,0,186,186,65
d_og,1,ar,2019Q3,enet,1.8353787280401628,0,186,0,65
d_og,1,ar,2019Q4,lasso,0.9354998193975955,0,186,0,66
d_og,1,ar,2019Q4,ridge,133.3521432163324,9,186,186,66
d_og,1,ar,2019Q4,enet,0.5639497004670595,5,186,22,66
d_og,1,ar,2020Q1,lasso,0.9160020940374252,0,186,0,67
d_og,1,ar,2020Q1,ridge,133.3521432163324,9,186,186,67
d_og,1,ar,2020Q1,enet,0.5521958378273664,5,186,22,67
d_og,1,ar,2020Q2,lasso,0.2719108619006459,5,186,15,68
d_og,1,ar,2020Q2,ridge,215.44346900318823,8,186,186,68
d_og,1,ar,2020Q2,enet,0.5438217238012918,5,186,21,68
d_og,1,ar,2020Q3,lasso,0.2719108619006459,5,186,15,68
d_og,1,ar,2020Q3,ridge,215.44346900318823,8,186,186,68
d_og,1,ar,2020Q3,enet,0.5438217238012918,5,186,21,68
d_og,1,ar,2020Q4,lasso,0.2719108619006459,5,186,15,68
d_og,1,ar,2020Q4,ridge,215.44346900318823,8,186,186,68
d_og,1,ar,2020Q4,enet,0.5438217238012918,5,186,21,68
d_og,1,ar,2021Q1,lasso,0.2719108619006459,5,186,15,68
d_og,1,ar,2021Q1,ridge,215.44346900318823,8,186,186,68
d_og,1,ar,2021Q1,enet,0.5438217238012918,5,186,21,68
d_og,1,ar,2021Q2,lasso,0.2719108619006459,5,186,15,68
d_og,1,ar,2021Q2,ridge,215.44346900318823,8,186,186,68
d_og,1,ar,2021Q2,enet,0.5438217238012918,5,186,21,68
d_og,1,ar,2021Q3,lasso,0.2719108619006459,5,186,15,68
d_og,1,ar,2021Q3,ridge,215.44346900318823,8,186,186,68
d_og,1,ar,2021Q3,enet,0.5438217238012918,5,186,21,68
d_og,1,ar,2021Q4,lasso,0.2719108619006459,5,186,15,68
d_og,1,ar,2021Q4,ridge,215.44346900318823,8,186,186,68
d_og,1,ar,2021Q4,enet,0.5438217238012918,5,186,21,68
d_og,1,ar,2022Q1,lasso,1.0412157590846918,0,186,0,69
d_og,1,ar,2022Q1,ridge,7.498942093324558,15,186,186,69
d_og,1,ar,2022Q1,enet,1.2889539299286834,2,186,9,69
d_og,1,ar,2022Q2,lasso,1.0107707655877594,0,186,0,70
d_og,1,ar,2022Q2,ridge,7.498942093324558,15,186,186,70
d_og,1,ar,2022Q2,enet,2.0215415311755187,0,186,0,70
d_og,1,ar,2022Q3,lasso,0.0182778063119908,17,186,49,71
d_og,1,ar,2022Q3,ridge,4.6415888336127775,16,186,186,71
d_og,1,ar,2022Q3,enet,0.0178013962104223,20,186,90,71
d_og,1,ar,2022Q4,lasso,0.007678044623062443,22,186,56,72
d_og,1,ar,2022Q4,ridge,562.341325190349,6,186,186,72
d_og,1,ar,2022Q4,enet,0.024809268585512374,20,186,81,72
d_og,1,ar,2023Q1,lasso,0.011958003120064389,19,186,50,73
d_og,1,ar,2023Q1,ridge,7.498942093324558,15,186,186,73
d_og,1,ar,2023Q1,enet,0.023916006240128778,19,186,88,73
d_og,1,ar,2023Q2,lasso,0.01926914705968361,17,186,49,74
d_og,1,ar,2023Q2,ridge,4.6415888336127775,16,186,186,74
d_og,1,ar,2023Q2,enet,0.023853886778266387,19,186,85,74
d_og,1,ar,2023Q3,lasso,1.068859721191343,1,186,1,75
d_og,1,ar,2023Q3,ridge,2371.373705661655,3,186,186,75
d_og,1,ar,2023Q3,enet,1.0409999463560458,4,186,16,75
d_og,1,ar,2023Q4,lasso,1.0240631901173047,1,186,2,76
d_og,1,ar,2023Q4,ridge,2371.373705661655,3,186,186,76
d_og,1,ar,2023Q4,enet,0.9973710346097653,4,186,17,76
d_og,1,ar,2024Q1,lasso,1.0210057831999477,1,186,2,77
d_og,1,ar,2024Q1,ridge,2371.373705661655,3,186,186,77
d_og,1,ar,2024Q1,enet,0.9943933188498246,4,186,17,77
d_og,1,ar,2024Q2,lasso,1.0149892779783543,1,186,1,78
d_og,1,ar,2024Q2,ridge,2371.373705661655,3,186,186,78
d_og,1,ar,2024Q2,enet,1.2564873392194427,3,186,12,78
d_og,1,ar,2024Q3,lasso,0.5097598903699165,4,186,12,79
d_og,1,ar,2024Q3,ridge,2371.373705661655,3,186,186,79
d_og,1,ar,2024Q3,enet,1.019519780739833,4,186,20,79
d_og,1,ar,2024Q4,lasso,0.434970849899604,5,186,10,80
d_og,1,ar,2024Q4,ridge,1467.799267622069,4,186,186,80
d_og,1,ar,2024Q4,enet,0.869941699799208,5,186,25,80
d_og,1,ar,2025Q1,lasso,0.43071210767364176,5,186,14,81
d_og,1,ar,2025Q1,ridge,2371.373705661655,3,186,186,81
d_og,1,ar,2025Q1,enet,0.8614242153472835,5,186,23,81
d_og,1,ar,2025Q2,lasso,0.8781076354561161,2,186,5,82
d_og,1,ar,2025Q2,ridge,2371.373705661655,3,186,186,82
d_og,1,ar,2025Q2,enet,1.7562152709122323,2,186,16,82
d_og,1,ar,2025Q3,lasso,0.439912445032712,5,186,13,83
d_og,1,ar,2025Q3,ridge,1467.799267622069,4,186,186,83
d_og,1,ar,2025Q3,enet,0.879824890065424,5,186,23,83
d_og,1,ar,2025Q4,lasso,0.43651721004711175,5,185,13,84
d_og,1,ar,2025Q4,ridge,1467.799267622069,4,185,185,84
d_og,1,ar,2025Q4,enet,0.686854423883117,6,185,24,84
d_og,1,ar,2026Q1,lasso,0.2661240957100558,7,185,16,85
d_og,1,ar,2026Q1,ridge,562.341325190349,6,185,185,85
d_og,1,ar,2026Q1,enet,0.5322481914201116,7,185,28,85
d_og,1,ar,2026Q2,lasso,0.20978273734309333,8,185,21,86
d_og,1,ar,2026Q2,ridge,51.089697745069245,11,185,185,86
d_og,1,ar,2026Q2,enet,0.41956547468618666,8,185,28,86
d_og,2,ar,2010Q1,lasso,0.697545804846458,3,190,5,26
d_og,2,ar,2010Q1,ridge,562.341325190349,6,190,190,26
d_og,2,ar,2010Q1,enet,1.7732476520437093,2,190,8,26
d_og,2,ar,2010Q2,lasso,0.6818744193069676,3,190,4,27
d_og,2,ar,2010Q2,ridge,562.341325190349,6,190,190,27
d_og,2,ar,2010Q2,enet,1.7334090530311468,2,190,7,27
d_og,2,ar,2010Q3,lasso,0.8510841947595218,2,190,4,28
d_og,2,ar,2010Q3,ridge,2371.373705661655,3,190,190,28
d_og,2,ar,2010Q3,enet,2.1635612164294074,1,190,3,28
d_og,2,ar,2010Q4,lasso,0.728111113321901,3,188,4,29
d_og,2,ar,2010Q4,ridge,908.5175756516861,5,188,188,29
d_og,2,ar,2010Q4,enet,1.456222226643802,3,188,14,29
d_og,2,ar,2011Q1,lasso,0.6748465139940444,4,188,4,30
d_og,2,ar,2011Q1,ridge,562.341325190349,6,188,188,30
d_og,2,ar,2011Q1,enet,1.0618626320114226,5,188,20,30
d_og,2,ar,2011Q2,lasso,0.7079838110240079,4,188,5,31
d_og,2,ar,2011Q2,ridge,562.341325190349,6,188,188,31
d_og,2,ar,2011Q2,enet,0.8764355587044611,6,188,20,31
d_og,2,ar,2011Q3,lasso,0.7233066988531065,4,188,5,32
d_og,2,ar,2011Q3,ridge,348.0700588428409,7,188,188,32
d_og,2,ar,2011Q3,enet,0.8954042463302949,6,188,20,32
d_og,2,ar,2011Q4,lasso,0.6784578522943014,4,188,6,33
d_og,2,ar,2011Q4,ridge,348.0700588428409,7,188,188,33
d_og,2,ar,2011Q4,enet,0.8398844402570963,6,188,20,33
d_og,2,ar,2012Q1,lasso,0.7126929166523999,4,188,6,34
d_og,2,ar,2012Q1,ridge,348.0700588428409,7,188,188,34
d_og,2,ar,2012Q1,enet,0.8822651095475073,6,188,19,34
d_og,2,ar,2012Q2,lasso,0.5753035989903058,5,188,7,35
d_og,2,ar,2012Q2,ridge,348.0700588428409,7,188,188,35
d_og,2,ar,2012Q2,enet,0.905233088060201,6,188,19,35
d_og,2,ar,2012Q3,lasso,0.5558632001721683,5,188,6,36
d_og,2,ar,2012Q3,ridge,348.0700588428409,7,188,188,36
d_og,2,ar,2012Q3,enet,0.8746438612829822,6,188,18,36
d_og,2,ar,2012Q4,lasso,0.4735456480470463,6,188,8,37
d_og,2,ar,2012Q4,ridge,133.3521432163324,9,188,188,37
d_og,2,ar,2012Q4,enet,0.7451182124906539,7,188,24,37
d_og,2,ar,2013Q1,lasso,0.5910684482004972,5,188,6,38
d_og,2,ar,2013Q1,ridge,215.44346900318823,8,188,188,38
d_og,2,ar,2013Q1,enet,0.7317023321224149,7,188,23,38
d_og,2,ar,2013Q2,lasso,0.6278207111625378,5,188,8,39
d_og,2,ar,2013Q2,ridge,562.341325190349,6,188,188,39
d_og,2,ar,2013Q2,enet,0.9878681136555728,6,188,16,39
d_og,2,ar,2013Q3,lasso,0.6195023840313575,5,188,8,40
d_og,2,ar,2013Q3,ridge,562.341325190349,6,188,188,40
d_og,2,ar,2013Q3,enet,0.9747793289344813,6,188,16,40
d_og,2,ar,2013Q4,lasso,0.7783223142585385,4,188,4,41
d_og,2,ar,2013Q4,ridge,562.341325190349,6,188,188,41
d_og,2,ar,2013Q4,enet,1.2246805222129176,5,188,14,41
d_og,2,ar,2014Q1,lasso,0.7732179092116823,4,188,4,42
d_og,2,ar,2014Q1,ridge,908.5175756516861,5,188,188,42
d_og,2,ar,2014Q1,enet,1.2166488040881132,5,188,14,42
d_og,2,ar,2014Q2,lasso,0.7745012395853249,4,188,4,43
d_og,2,ar,2014Q2,ridge,908.5175756516861,5,188,188,43
d_og,2,ar,2014Q2,enet,1.2186681085374036,5,188,15,43
d_og,2,ar,2014Q3,lasso,1.2351819927524483,2,188,2,44
d_og,2,ar,2014Q3,ridge,1467.799267622069,4,188,188,44
d_og,2,ar,2014Q3,enet,1.5290708672475164,4,188,13,44
d_og,2,ar,2014Q4,lasso,1.246923000653699,2,188,2,45
d_og,2,ar,2014Q4,ridge,2371.373705661655,3,188,188,45
d_og,2,ar,2014Q4,enet,1.962017898786098,3,188,7,45
d_og,2,ar,2015Q1,lasso,1.221614596104657,2,188,2,46
d_og,2,ar,2015Q1,ridge,3831.186849557289,2,188,188,46
d_og,2,ar,2015Q1,enet,1.9221954376646746,3,188,7,46
d_og,2,ar,2015Q2,lasso,1.208655965214101,2,188,2,47
d_og,2,ar,2015Q2,ridge,10000.0,0,188,188,47
d_og,2,ar,2015Q2,enet,2.417311930428202,2,188,5,47
d_og,2,ar,2015Q3,lasso,1.189898611625039,2,188,2,48
d_og,2,ar,2015Q3,ridge,10000.0,0,188,188,48
d_og,2,ar,2015Q3,enet,2.379797223250078,2,188,4,48
d_og,2,ar,2015Q4,lasso,0.0517996919986725,15,188,25,49
d_og,2,ar,2015Q4,ridge,19.573417814876596,13,188,188,49
d_og,2,ar,2015Q4,enet,0.08150617383729544,16,188,49,49
d_og,2,ar,2016Q1,lasso,0.019390542350774143,19,186,36,50
d_og,2,ar,2016Q1,ridge,7.498942093324558,15,186,186,50
d_og,2,ar,2016Q1,enet,0.06265464669925709,17,186,62,50
d_og,2,ar,2016Q2,lasso,0.023138055020908096,18,186,35,51
d_og,2,ar,2016Q2,ridge,4.6415888336127775,16,186,186,51
d_og,2,ar,2016Q2,enet,0.04627611004181619,18,186,66,51
d_og,2,ar,2016Q3,lasso,0.019990992104639557,18,188,39,52
d_og,2,ar,2016Q3,ridge,4.6415888336127775,16,188,188,52
d_og,2,ar,2016Q3,enet,0.02474748159699389,20,188,68,52
d_og,2,ar,2016Q4,lasso,0.039780608429765454,15,186,29,53
d_og,2,ar,2016Q4,ridge,19.573417814876596,13,186,186,53
d_og,2,ar,2016Q4,enet,0.049245673745444696,17,186,52,53
d_og,2,ar,2017Q1,lasso,0.03916007163889304,15,186,34,54
d_og,2,ar,2017Q1,ridge,19.573417814876596,13,186,186,54
d_og,2,ar,2017Q1,enet,0.048477491619615704,17,186,53,54
d_og,2,ar,2017Q2,lasso,0.024144630740662112,17,186,36,55
d_og,2,ar,2017Q2,ridge,19.573417814876596,13,186,186,55
d_og,2,ar,2017Q2,enet,0.048289261481324224,17,186,53,55
d_og,2,ar,2017Q3,lasso,0.02977210310684487,16,186,36,56
d_og,2,ar,2017Q3,ridge,12.115276586285876,14,186,186,56
d_og,2,ar,2017Q3,enet,0.036855828359286566,18,186,68,56
d_og,2,ar,2017Q4,lasso,0.02949967138798085,16,186,34,57
d_og,2,ar,2017Q4,ridge,10000.0,0,186,186,57
d_og,2,ar,2017Q4,enet,0.0749918108049011,15,186,54,57
d_og,2,ar,2018Q1,lasso,0.02925285369109965,16,186,37,58
d_og,2,ar,2018Q1,ridge,10000.0,0,186,186,58
d_og,2,ar,2018Q1,enet,0.04602900299570973,17,186,62,58
d_og,2,ar,2018Q2,lasso,0.02888615270198403,16,186,34,59
d_og,2,ar,2018Q2,ridge,10000.0,0,186,186,59
d_og,2,ar,2018Q2,enet,0.07343217047466032,15,186,59,59
d_og,2,ar,2018Q3,lasso,0.05834611734920133,13,186,28,60
d_og,2,ar,2018Q3,ridge,10000.0,0,186,186,60
d_og,2,ar,2018Q3,enet,0.07222850460834798,15,186,60,60
d_og,2,ar,2018Q4,lasso,0.07316877545162503,12,186,28,61
d_og,2,ar,2018Q4,ridge,10000.0,0,186,186,61
d_og,2,ar,2018Q4,enet,2.602290536867724,0,186,0,61
d_og,2,ar,2019Q1,lasso,1.290122302340013,0,186,0,62
d_og,2,ar,2019Q1,ridge,10000.0,0,186,186,62
d_og,2,ar,2019Q1,enet,2.580244604680026,0,186,0,62
d_og,2,ar,2019Q2,lasso,1.2624586547820003,0,186,0,63
d_og,2,ar,2019Q2,ridge,10000.0,0,186,186,63
d_og,2,ar,2019Q2,enet,2.5249173095640005,0,186,0,63
d_og,2,ar,2019Q3,lasso,1.2825815309357225,0,186,0,64
d_og,2,ar,2019Q3,ridge,10000.0,0,186,186,64
d_og,2,ar,2019Q3,enet,2.565163061871445,0,186,0,64
d_og,2,ar,2019Q4,lasso,1.2693873951912324,0,186,0,65
d_og,2,ar,2019Q4,ridge,10000.0,0,186,186,65
d_og,2,ar,2019Q4,enet,2.538774790382465,0,186,0,65
d_og,2,ar,2020Q1,lasso,0.3066601038832668,6,186,15,66
d_og,2,ar,2020Q1,ridge,908.5175756516861,5,186,186,66
d_og,2,ar,2020Q1,enet,0.6133202077665336,6,186,29,66
d_og,2,ar,2020Q2,lasso,1.0059605282815085,1,186,1,67
d_og,2,ar,2020Q2,ridge,1467.799267622069,4,186,186,67
d_og,2,ar,2020Q2,enet,1.2453103643200982,3,186,15,67
d_og,2,ar,2020Q3,lasso,0.999366635004645,1,186,1,68
d_og,2,ar,2020Q3,ridge,562.341325190349,6,186,186,68
d_og,2,ar,2020Q3,enet,0.9733181939630967,4,186,19,68
d_og,2,ar,2020Q4,lasso,0.999366635004645,1,186,1,68
d_og,2,ar,2020Q4,ridge,562.341325190349,6,186,186,68
d_og,2,ar,2020Q4,enet,0.9733181939630967,4,186,19,68
d_og,2,ar,2021Q1,lasso,0.999366635004645,1,186,1,68
d_og,2,ar,2021Q1,ridge,562.341325190349,6,186,186,68
d_og,2,ar,2021Q1,enet,0.9733181939630967,4,186,19,68
d_og,2,ar,2021Q2,lasso,0.999366635004645,1,186,1,68
d_og,2,ar,2021Q2,ridge,562.341325190349,6,186,186,68
d_og,2,ar,2021Q2,enet,0.9733181939630967,4,186,19,68
d_og,2,ar,2021Q3,lasso,0.999366635004645,1,186,1,68
d_og,2,ar,2021Q3,ridge,562.341325190349,6,186,186,68
d_og,2,ar,2021Q3,enet,0.9733181939630967,4,186,19,68
d_og,2,ar,2021Q4,lasso,0.999366635004645,1,186,1,68
d_og,2,ar,2021Q4,ridge,562.341325190349,6,186,186,68
d_og,2,ar,2021Q4,enet,0.9733181939630967,4,186,19,68
d_og,2,ar,2022Q1,lasso,0.999366635004645,1,186,1,68
d_og,2,ar,2022Q1,ridge,562.341325190349,6,186,186,68
d_og,2,ar,2022Q1,enet,0.9733181939630967,4,186,19,68
d_og,2,ar,2022Q2,lasso,0.9867352134116102,1,186,1,69
d_og,2,ar,2022Q2,ridge,10000.0,0,186,186,69
d_og,2,ar,2022Q2,enet,0.9610160097381232,4,186,20,69
d_og,2,ar,2022Q3,lasso,0.5014676590993035,4,186,9,70
d_og,2,ar,2022Q3,ridge,2371.373705661655,3,186,186,70
d_og,2,ar,2022Q3,enet,0.7890531510762054,5,186,25,70
d_og,2,ar,2022Q4,lasso,0.5164406024662705,4,186,10,71
d_og,2,ar,2022Q4,ridge,908.5175756516861,5,186,186,71
d_og,2,ar,2022Q4,enet,0.812612892029014,5,186,25,71
d_og,2,ar,2023Q1,lasso,0.2522518634766087,8,186,15,72
d_og,2,ar,2023Q1,ridge,562.341325190349,6,186,186,72
d_og,2,ar,2023Q1,enet,0.6412554150935025,7,186,27,72
d_og,2,ar,2023Q2,lasso,0.559724741883027,4,186,8,73
d_og,2,ar,2023Q2,ridge,908.5175756516861,5,186,186,73
d_og,2,ar,2023Q2,enet,0.8807199493410593,5,186,24,73
d_og,2,ar,2023Q3,lasso,0.5292688089966507,4,186,10,74
d_og,2,ar,2023Q3,ridge,1467.799267622069,4,186,186,74
d_og,2,ar,2023Q3,enet,1.0585376179933015,4,186,21,74
d_og,2,ar,2023Q4,lasso,0.9323304066341195,2,186,5,75
d_og,2,ar,2023Q4,ridge,908.5175756516861,5,186,186,75
d_og,2,ar,2023Q4,enet,1.1541613072390193,4,186,19,75
d_og,2,ar,2024Q1,lasso,0.8754530778745083,2,186,6,76
d_og,2,ar,2024Q1,ridge,1467.799267622069,4,186,186,76
d_og,2,ar,2024Q1,enet,1.377514575829209,3,186,19,76
d_og,2,ar,2024Q2,lasso,0.8575933647763495,2,186,5,77
d_og,2,ar,2024Q2,ridge,1467.799267622069,4,186,186,77
d_og,2,ar,2024Q2,enet,1.34941253845609,3,186,19,77
d_og,2,ar,2024Q3,lasso,0.8606286553881365,2,186,6,78
d_og,2,ar,2024Q3,ridge,1467.799267622069,4,186,186,78
d_og,2,ar,2024Q3,enet,1.3541885306426336,3,186,16,78
d_og,2,ar,2024Q4,lasso,0.576954649294522,4,186,8,79
d_og,2,ar,2024Q4,ridge,1467.799267622069,4,186,186,79
d_og,2,ar,2024Q4,enet,1.153909298589044,4,186,19,79
d_og,2,ar,2025Q1,lasso,0.520663453615116,5,186,9,80
d_og,2,ar,2025Q1,ridge,908.5175756516861,5,186,186,80
d_og,2,ar,2025Q1,enet,1.041326907230232,5,186,20,80
d_og,2,ar,2025Q2,lasso,0.8036796248096044,3,186,6,81
d_og,2,ar,2025Q2,ridge,1467.799267622069,4,186,186,81
d_og,2,ar,2025Q2,enet,1.2645799363228403,4,186,22,81
d_og,2,ar,2025Q3,lasso,0.7991789002778643,3,186,8,82
d_og,2,ar,2025Q3,ridge,1467.799267622069,4,186,186,82
d_og,2,ar,2025Q3,enet,1.257498102012181,4,186,21,82
d_og,2,ar,2025Q4,lasso,0.8142982837148761,3,186,7,83
d_og,2,ar,2025Q4,ridge,908.5175756516861,5,186,186,83
d_og,2,ar,2025Q4,enet,1.0080456080026525,5,186,20,83
d_og,2,ar,2026Q1,lasso,0.49884466709815484,5,185,10,84
d_og,2,ar,2026Q1,ridge,908.5175756516861,5,185,185,84
d_og,2,ar,2026Q1,enet,0.9976893341963097,5,185,22,84
d_og,2,ar,2026Q2,lasso,0.4890278658097485,5,185,10,85
d_og,2,ar,2026Q2,ridge,908.5175756516861,5,185,185,85
d_og,2,ar,2026Q2,enet,0.978055731619497,5,185,22,85
og,0,ar,2010Q1,lasso,0.00456599228454408,23,192,22,28
og,0,ar,2010Q1,ridge,2.8729848333536627,17,192,192,28
og,0,ar,2010Q1,enet,0.26236053165409995,9,192,26,28
og,0,ar,2010Q2,lasso,0.08833806688927694,11,190,14,29
og,0,ar,2010Q2,ridge,908.5175756516861,5,190,190,29
og,0,ar,2010Q2,enet,0.2245662845495442,10,190,19,29
og,0,ar,2010Q3,lasso,0.08045741622539408,12,190,19,30
og,0,ar,2010Q3,ridge,2.8729848333536627,17,190,190,30
og,0,ar,2010Q3,enet,0.12659874799129434,13,190,33,30
og,0,ar,2010Q4,lasso,0.08064144539729387,12,190,16,31
og,0,ar,2010Q4,ridge,2.8729848333536627,17,190,190,31
og,0,ar,2010Q4,enet,0.16128289079458774,12,190,33,31
og,0,ar,2011Q1,lasso,0.09885929893117096,11,190,13,32
og,0,ar,2011Q1,ridge,4.6415888336127775,16,190,190,32
og,0,ar,2011Q1,enet,0.19771859786234192,11,190,32,32
og,0,ar,2011Q2,lasso,0.09467070813587625,11,190,14,33
og,0,ar,2011Q2,ridge,4.6415888336127775,16,190,190,33
og,0,ar,2011Q2,enet,0.1893414162717525,11,190,28,33
og,0,ar,2011Q3,lasso,0.6345728577724511,3,190,3,34
og,0,ar,2011Q3,ridge,1.7782794100389228,18,190,190,34
og,0,ar,2011Q3,enet,0.2367798937399058,10,190,25,34
og,0,ar,2011Q4,lasso,0.09603813219177974,11,190,20,35
og,0,ar,2011Q4,ridge,4.6415888336127775,16,190,190,35
og,0,ar,2011Q4,enet,0.24414080227064472,10,190,25,35
og,0,ar,2012Q1,lasso,0.6463616912809231,3,190,2,36
og,0,ar,2012Q1,ridge,19.573417814876596,13,190,190,36
og,0,ar,2012Q1,enet,0.2411786932020385,10,190,29,36
og,0,ar,2012Q2,lasso,0.6170174784064598,3,190,3,37
og,0,ar,2012Q2,ridge,12.115276586285876,14,190,190,37
og,0,ar,2012Q2,enet,0.1425041336604593,12,190,31,37
og,0,ar,2012Q3,lasso,0.5205177412597265,4,190,4,38
og,0,ar,2012Q3,ridge,31.622776601683793,12,190,190,38
og,0,ar,2012Q3,enet,0.07441015323036428,15,190,39,38
og,0,ar,2012Q4,lasso,0.09785798321761988,11,190,20,39
og,0,ar,2012Q4,ridge,31.622776601683793,12,190,190,39
og,0,ar,2012Q4,enet,0.15397832465310557,12,190,32,39
og,0,ar,2013Q1,lasso,0.09862178673486233,11,190,18,40
og,0,ar,2013Q1,ridge,19.573417814876596,13,190,190,40
og,0,ar,2013Q1,enet,0.15518016002802434,12,190,32,40
og,0,ar,2013Q2,lasso,0.09260465693119016,11,190,20,41
og,0,ar,2013Q2,ridge,31.622776601683793,12,190,190,41
og,0,ar,2013Q2,enet,0.14571228080217405,12,190,34,41
og,0,ar,2013Q3,lasso,0.05519185382277002,13,190,23,42
og,0,ar,2013Q3,ridge,19.573417814876596,13,190,190,42
og,0,ar,2013Q3,enet,0.140304514088088,12,190,35,42
og,0,ar,2013Q4,lasso,0.0544730038330728,13,190,23,43
og,0,ar,2013Q4,ridge,19.573417814876596,13,190,190,43
og,0,ar,2013Q4,enet,0.13847710856497283,12,190,31,43
og,0,ar,2014Q1,lasso,0.08671587988707848,11,190,20,44
og,0,ar,2014Q1,ridge,19.573417814876596,13,190,190,44
og,0,ar,2014Q1,enet,0.13644636305388427,12,190,33,44
og,0,ar,2014Q2,lasso,0.10897024151010921,10,190,18,45
og,0,ar,2014Q2,ridge,19.573417814876596,13,190,190,45
og,0,ar,2014Q2,enet,0.13489770954216637,12,190,32,45
og,0,ar,2014Q3,lasso,0.0657225529826879,12,190,20,46
og,0,ar,2014Q3,ridge,12.115276586285876,14,190,190,46
og,0,ar,2014Q3,enet,0.1314451059653758,12,190,32,46
og,0,ar,2014Q4,lasso,0.05124767146979796,13,190,23,47
og,0,ar,2014Q4,ridge,19.573417814876596,13,190,190,47
og,0,ar,2014Q4,enet,0.10249534293959592,13,190,34,47
og,0,ar,2015Q1,lasso,0.06217590351356002,12,190,24,48
og,0,ar,2015Q1,ridge,12.115276586285876,14,190,190,48
og,0,ar,2015Q1,enet,0.07696951806714934,14,190,46,48
og,0,ar,2015Q2,lasso,0.044642472591052404,13,190,27,49
og,0,ar,2015Q2,ridge,4.6415888336127775,16,190,190,49
og,0,ar,2015Q2,enet,0.05526432920930282,15,190,49,49
og,0,ar,2015Q3,lasso,0.044528711697959224,13,188,26,50
og,0,ar,2015Q3,ridge,7.498942093324558,15,188,188,50
og,0,ar,2015Q3,enet,0.04336807306875884,16,188,53,50
og,0,ar,2015Q4,lasso,0.028208242888397742,15,188,28,51
og,0,ar,2015Q4,ridge,4.6415888336127775,16,188,188,51
og,0,ar,2015Q4,enet,0.044385320834828906,16,188,54,51
og,0,ar,2016Q1,lasso,0.028046150574967184,15,188,30,52
og,0,ar,2016Q1,ridge,10000.0,0,188,188,52
og,0,ar,2016Q1,enet,0.03471921711476431,17,188,49,52
og,0,ar,2016Q2,lasso,0.02804181254121033,15,188,34,53
og,0,ar,2016Q2,ridge,10000.0,0,188,188,53
og,0,ar,2016Q2,enet,0.03471384692553093,17,188,52,53
og,0,ar,2016Q3,lasso,1.0164664507633443,0,188,0,54
og,0,ar,2016Q3,ridge,10000.0,0,188,188,54
og,0,ar,2016Q3,enet,2.0329329015266886,0,188,0,54
og,0,ar,2016Q4,lasso,0.027559430724675364,15,188,34,55
og,0,ar,2016Q4,ridge,10000.0,0,188,188,55
og,0,ar,2016Q4,enet,0.03411669121335129,17,188,54,55
og,0,ar,2017Q1,lasso,0.9891224532876984,0,188,0,56
og,0,ar,2017Q1,ridge,10000.0,0,188,188,56
og,0,ar,2017Q1,enet,1.9782449065753969,0,188,0,56
og,0,ar,2017Q2,lasso,1.0018724798189538,0,188,0,57
og,0,ar,2017Q2,ridge,10000.0,0,188,188,57
og,0,ar,2017Q2,enet,2.0037449596379076,0,188,0,57
og,0,ar,2017Q3,lasso,0.9812957190532879,0,188,0,58
og,0,ar,2017Q3,ridge,10000.0,0,188,188,58
og,0,ar,2017Q3,enet,1.9625914381065759,0,188,0,58
og,0,ar,2017Q4,lasso,0.768168126138047,1,188,2,59
og,0,ar,2017Q4,ridge,10000.0,0,188,188,59
og,0,ar,2017Q4,enet,1.536336252276094,1,188,4,59
og,0,ar,2018Q1,lasso,0.7590806893627898,1,188,2,60
og,0,ar,2018Q1,ridge,10000.0,0,188,188,60
og,0,ar,2018Q1,enet,1.5181613787255797,1,188,4,60
og,0,ar,2018Q2,lasso,0.7327489205970048,1,188,2,61
og,0,ar,2018Q2,ridge,10000.0,0,188,188,61
og,0,ar,2018Q2,enet,1.8627383233595816,0,188,0,61
og,0,ar,2018Q3,lasso,0.9008188597553458,0,188,0,62
og,0,ar,2018Q3,ridge,10000.0,0,188,188,62
og,0,ar,2018Q3,enet,1.8016377195106916,0,188,0,62
og,0,ar,2018Q4,lasso,0.8811251963937039,0,188,0,63
og,0,ar,2018Q4,ridge,10000.0,0,188,188,63
og,0,ar,2018Q4,enet,1.7622503927874078,0,188,0,63
og,0,ar,2019Q1,lasso,0.7125712034216786,1,188,2,64
og,0,ar,2019Q1,ridge,10000.0,0,188,188,64
og,0,ar,2019Q1,enet,1.1212219636175942,2,188,8,64
og,0,ar,2019Q2,lasso,0.7025271323640231,1,188,3,65
og,0,ar,2019Q2,ridge,6189.658188912604,1,188,188,65
og,0,ar,2019Q2,enet,1.4050542647280462,1,188,4,65
og,0,ar,2019Q3,lasso,0.6744654304354084,1,188,3,66
og,0,ar,2019Q3,ridge,10000.0,0,188,188,66
og,0,ar,2019Q3,enet,1.3489308608708168,1,188,5,66
og,0,ar,2019Q4,lasso,0.853042107886389,0,188,0,67
og,0,ar,2019Q4,ridge,10000.0,0,188,188,67
og,0,ar,2019Q4,enet,1.706084215772778,0,188,0,67
og,0,ar,2020Q1,lasso,0.8204521362065459,0,188,0,68
og,0,ar,2020Q1,ridge,10000.0,0,188,188,68
og,0,ar,2020Q1,enet,1.6409042724130918,0,188,0,68
og,0,ar,2020Q2,lasso,0.8204521362065459,0,188,0,68
og,0,ar,2020Q2,ridge,10000.0,0,188,188,68
og,0,ar,2020Q2,enet,1.6409042724130918,0,188,0,68
og,0,ar,2020Q3,lasso,0.8204521362065459,0,188,0,68
og,0,ar,2020Q3,ridge,10000.0,0,188,188,68
og,0,ar,2020Q3,enet,1.6409042724130918,0,188,0,68
og,0,ar,2020Q4,lasso,0.8204521362065459,0,188,0,68
og,0,ar,2020Q4,ridge,10000.0,0,188,188,68
og,0,ar,2020Q4,enet,1.6409042724130918,0,188,0,68
og,0,ar,2021Q1,lasso,0.8204521362065459,0,188,0,68
og,0,ar,2021Q1,ridge,10000.0,0,188,188,68
og,0,ar,2021Q1,enet,1.6409042724130918,0,188,0,68
og,0,ar,2021Q2,lasso,0.8204521362065459,0,188,0,68
og,0,ar,2021Q2,ridge,10000.0,0,188,188,68
og,0,ar,2021Q2,enet,1.6409042724130918,0,188,0,68
og,0,ar,2021Q3,lasso,0.8204521362065459,0,188,0,68
og,0,ar,2021Q3,ridge,10000.0,0,188,188,68
og,0,ar,2021Q3,enet,1.6409042724130918,0,188,0,68
og,0,ar,2021Q4,lasso,0.8629175603366274,0,188,0,69
og,0,ar,2021Q4,ridge,10000.0,0,188,188,69
og,0,ar,2021Q4,enet,1.7258351206732547,0,188,0,69
og,0,ar,2022Q1,lasso,0.8442285820948494,0,188,0,70
og,0,ar,2022Q1,ridge,10000.0,0,188,188,70
og,0,ar,2022Q1,enet,1.6884571641896988,0,188,0,70
og,0,ar,2022Q2,lasso,0.4382053795729113,3,188,6,71
og,0,ar,2022Q2,ridge,908.5175756516861,5,188,188,71
og,0,ar,2022Q2,enet,0.5424683032198052,5,188,18,71
og,0,ar,2022Q3,lasso,0.29611337508548236,5,188,11,72
og,0,ar,2022Q3,ridge,215.44346900318823,8,188,188,72
og,0,ar,2022Q3,enet,0.36656811538888123,7,188,28,72
og,0,ar,2022Q4,lasso,0.9181900980032103,0,188,0,73
og,0,ar,2022Q4,ridge,0.1,24,188,188,73
og,0,ar,2022Q4,enet,1.8363801960064206,0,188,0,73
og,0,ar,2023Q1,lasso,0.5037080227930352,3,188,6,74
og,0,ar,2023Q1,ridge,2371.373705661655,3,188,188,74
og,0,ar,2023Q1,enet,0.14786845339019547,11,188,37,74
og,0,ar,2023Q2,lasso,0.061654207718652,12,188,32,75
og,0,ar,2023Q2,ridge,0.1,24,188,188,75
og,0,ar,2023Q2,enet,0.123308415437304,12,188,38,75
og,0,ar,2023Q3,lasso,0.0612470920721932,12,188,32,76
og,0,ar,2023Q3,ridge,0.1,24,188,188,76
og,0,ar,2023Q3,enet,0.1224941841443864,12,188,40,76
og,0,ar,2023Q4,lasso,0.07529100122110895,11,188,25,77
og,0,ar,2023Q4,ridge,1467.799267622069,4,188,188,77
og,0,ar,2023Q4,enet,0.1505820024422179,11,188,34,77
og,0,ar,2024Q1,lasso,0.07435542651695334,11,188,27,78
og,0,ar,2024Q1,ridge,2371.373705661655,3,188,188,78
og,0,ar,2024Q1,enet,0.1487108530339067,11,188,35,78
og,0,ar,2024Q2,lasso,0.010831725442507439,19,188,53,79
og,0,ar,2024Q2,ridge,19.573417814876596,13,188,188,79
og,0,ar,2024Q2,enet,0.091354014904076,13,188,38,79
og,0,ar,2024Q3,lasso,0.01749927426862524,17,188,49,80
og,0,ar,2024Q3,ridge,19.573417814876596,13,188,188,80
og,0,ar,2024Q3,enet,0.09135171400291985,13,188,39,80
og,0,ar,2024Q4,lasso,0.017234952062592245,17,188,54,81
og,0,ar,2024Q4,ridge,19.573417814876596,13,188,188,81
og,0,ar,2024Q4,enet,0.08997186897623555,13,188,39,81
og,0,ar,2025Q1,lasso,0.0571049448638726,12,188,30,82
og,0,ar,2025Q1,ridge,10000.0,0,188,188,82
og,0,ar,2025Q1,enet,0.08985392351682811,13,188,40,82
og,0,ar,2025Q2,lasso,0.07559008829318645,11,188,34,83
og,0,ar,2025Q2,ridge,908.5175756516861,5,188,188,83
og,0,ar,2025Q2,enet,0.1511801765863729,11,188,39,83
og,0,ar,2025Q3,lasso,0.07351135395898477,11,187,31,84
og,0,ar,2025Q3,ridge,2371.373705661655,3,187,187,84
og,0,ar,2025Q3,enet,0.11566920503985859,12,187,42,84
og,0,ar,2025Q4,lasso,1.0094284695689606,0,187,0,85
og,0,ar,2025Q4,ridge,10000.0,0,187,187,85
og,0,ar,2025Q4,enet,2.018856939137921,0,187,0,85
og,0,ar,2026Q1,lasso,1.0049758448623292,0,187,0,86
og,0,ar,2026Q1,ridge,10000.0,0,187,187,86
og,0,ar,2026Q1,enet,2.0099516897246583,0,187,0,86
og,0,ar,2026Q2,lasso,0.07116088801952451,11,187,33,87
og,0,ar,2026Q2,ridge,10000.0,0,187,187,87
og,0,ar,2026Q2,enet,0.08809231465206858,13,187,43,87
og,1,ar,2010Q1,lasso,0.5362082574461503,3,190,4,27
og,1,ar,2010Q1,ridge,348.0700588428409,7,190,190,27
og,1,ar,2010Q1,enet,1.0724165148923006,3,190,9,27
og,1,ar,2010Q2,lasso,1.0119992444281694,0,190,0,28
og,1,ar,2010Q2,ridge,1467.799267622069,4,190,190,28
og,1,ar,2010Q2,enet,1.5923682778208004,1,190,4,28
og,1,ar,2010Q3,lasso,0.9531987747598716,0,188,0,29
og,1,ar,2010Q3,ridge,1467.799267622069,4,188,188,29
og,1,ar,2010Q3,enet,1.4998464670227416,1,188,7,29
og,1,ar,2010Q4,lasso,0.018853904845702565,18,188,25,30
og,1,ar,2010Q4,ridge,2371.373705661655,3,188,188,30
og,1,ar,2010Q4,enet,0.04792895644588771,17,188,33,30
og,1,ar,2011Q1,lasso,0.21478497064056004,8,188,11,31
og,1,ar,2011Q1,ridge,12.115276586285876,14,188,188,31
og,1,ar,2011Q1,enet,0.049605962935554575,17,188,37,31
og,1,ar,2011Q2,lasso,0.2113661711847002,8,188,9,32
og,1,ar,2011Q2,ridge,12.115276586285876,14,188,188,32
og,1,ar,2011Q2,enet,0.04881636933137596,17,188,38,32
og,1,ar,2011Q3,lasso,0.20764705004009945,8,188,11,33
og,1,ar,2011Q3,ridge,12.115276586285876,14,188,188,33
og,1,ar,2011Q3,enet,0.047957414512043446,17,188,39,33
og,1,ar,2011Q4,lasso,0.2496835167330556,7,188,9,34
og,1,ar,2011Q4,ridge,12.115276586285876,14,188,188,34
og,1,ar,2011Q4,enet,0.07329705659961637,15,188,38,34
og,1,ar,2012Q1,lasso,0.22207327406572178,7,188,13,35
og,1,ar,2012Q1,ridge,7.498942093324558,15,188,188,35
og,1,ar,2012Q1,enet,0.05128924323442003,16,188,47,35
og,1,ar,2012Q2,lasso,0.053237475582637105,13,188,22,36
og,1,ar,2012Q2,ridge,7.498942093324558,15,188,188,36
og,1,ar,2012Q2,enet,0.051849843461109706,16,188,48,36
og,1,ar,2012Q3,lasso,0.5952633417716973,3,188,6,37
og,1,ar,2012Q3,ridge,908.5175756516861,5,188,188,37
og,1,ar,2012Q3,enet,0.08509534442851806,14,188,42,37
og,1,ar,2012Q4,lasso,0.5653231089603025,3,188,7,38
og,1,ar,2012Q4,ridge,908.5175756516861,5,188,188,38
og,1,ar,2012Q4,enet,1.130646217920605,3,188,13,38
og,1,ar,2013Q1,lasso,1.111325318608467,0,188,0,39
og,1,ar,2013Q1,ridge,10000.0,0,188,188,39
og,1,ar,2013Q1,enet,2.222650637216934,0,188,0,39
og,1,ar,2013Q2,lasso,1.093616539138584,0,188,0,40
og,1,ar,2013Q2,ridge,10000.0,0,188,188,40
og,1,ar,2013Q2,enet,2.187233078277168,0,188,0,40
og,1,ar,2013Q3,lasso,1.070568007979484,0,188,0,41
og,1,ar,2013Q3,ridge,10000.0,0,188,188,41
og,1,ar,2013Q3,enet,2.141136015958968,0,188,0,41
og,1,ar,2013Q4,lasso,1.0809672981467962,0,188,0,42
og,1,ar,2013Q4,ridge,10000.0,0,188,188,42
og,1,ar,2013Q4,enet,2.1619345962935923,0,188,0,42
og,1,ar,2014Q1,lasso,1.0902861148023872,0,188,0,43
og,1,ar,2014Q1,ridge,10000.0,0,188,188,43
og,1,ar,2014Q1,enet,2.1805722296047745,0,188,0,43
og,1,ar,2014Q2,lasso,1.0072333598321537,0,188,0,44
og,1,ar,2014Q2,ridge,10000.0,0,188,188,44
og,1,ar,2014Q2,enet,2.0144667196643073,0,188,0,44
og,1,ar,2014Q3,lasso,0.983062089367089,0,188,0,45
og,1,ar,2014Q3,ridge,10000.0,0,188,188,45
og,1,ar,2014Q3,enet,1.966124178734178,0,188,0,45
og,1,ar,2014Q4,lasso,0.9567845933098864,0,188,0,46
og,1,ar,2014Q4,ridge,10000.0,0,188,188,46
og,1,ar,2014Q4,enet,1.9135691866197728,0,188,0,46
og,1,ar,2015Q1,lasso,0.9761332219001663,0,188,0,47
og,1,ar,2015Q1,ridge,1.1006941712522091,19,188,188,47
og,1,ar,2015Q1,enet,1.9522664438003325,0,188,0,47
og,1,ar,2015Q2,lasso,0.9173401613046015,0,188,0,48
og,1,ar,2015Q2,ridge,10000.0,0,188,188,48
og,1,ar,2015Q2,enet,1.834680322609203,0,188,0,48
og,1,ar,2015Q3,lasso,0.9650089946330022,0,188,0,49
og,1,ar,2015Q3,ridge,10000.0,0,188,188,49
og,1,ar,2015Q3,enet,1.9300179892660043,0,188,0,49
og,1,ar,2015Q4,lasso,0.9616392115641799,0,186,0,50
og,1,ar,2015Q4,ridge,10000.0,0,186,186,50
og,1,ar,2015Q4,enet,1.9232784231283597,0,186,0,50
og,1,ar,2016Q1,lasso,0.9384173729450793,0,186,0,51
og,1,ar,2016Q1,ridge,10000.0,0,186,186,51
og,1,ar,2016Q1,enet,1.8768347458901586,0,186,0,51
og,1,ar,2016Q2,lasso,0.9972391549347097,0,186,0,52
og,1,ar,2016Q2,ridge,10000.0,0,186,186,52
og,1,ar,2016Q2,enet,1.9944783098694194,0,186,0,52
og,1,ar,2016Q3,lasso,1.0168451302138977,0,186,0,53
og,1,ar,2016Q3,ridge,10000.0,0,186,186,53
og,1,ar,2016Q3,enet,2.0336902604277953,0,186,0,53
og,1,ar,2016Q4,lasso,1.0114568414688965,0,186,0,54
og,1,ar,2016Q4,ridge,10000.0,0,186,186,54
og,1,ar,2016Q4,enet,2.022913682937793,0,186,0,54
og,1,ar,2017Q1,lasso,1.0081827205757812,0,186,0,55
og,1,ar,2017Q1,ridge,10000.0,0,186,186,55
og,1,ar,2017Q1,enet,2.0163654411515624,0,186,0,55
og,1,ar,2017Q2,lasso,1.0128322215902033,0,186,0,56
og,1,ar,2017Q2,ridge,10000.0,0,186,186,56
og,1,ar,2017Q2,enet,2.0256644431804065,0,186,0,56
og,1,ar,2017Q3,lasso,0.9687117811832259,0,186,0,57
og,1,ar,2017Q3,ridge,10000.0,0,186,186,57
og,1,ar,2017Q3,enet,1.9374235623664517,0,186,0,57
og,1,ar,2017Q4,lasso,0.9017091111856733,0,186,0,58
og,1,ar,2017Q4,ridge,10000.0,0,186,186,58
og,1,ar,2017Q4,enet,1.8034182223713466,0,186,0,58
og,1,ar,2018Q1,lasso,0.844161709712794,0,186,0,59
og,1,ar,2018Q1,ridge,10000.0,0,186,186,59
og,1,ar,2018Q1,enet,1.688323419425588,0,186,0,59
og,1,ar,2018Q2,lasso,0.8313776238230662,0,186,0,60
og,1,ar,2018Q2,ridge,10000.0,0,186,186,60
og,1,ar,2018Q2,enet,1.6627552476461325,0,186,0,60
og,1,ar,2018Q3,lasso,0.824532393028954,0,186,0,61
og,1,ar,2018Q3,ridge,10000.0,0,186,186,61
og,1,ar,2018Q3,enet,1.649064786057908,0,186,0,61
og,1,ar,2018Q4,lasso,0.8195610586121648,0,186,0,62
og,1,ar,2018Q4,ridge,10000.0,0,186,186,62
og,1,ar,2018Q4,enet,1.6391221172243295,0,186,0,62
og,1,ar,2019Q1,lasso,0.815320467269742,0,186,0,63
og,1,ar,2019Q1,ridge,10000.0,0,186,186,63
og,1,ar,2019Q1,enet,1.630640934539484,0,186,0,63
og,1,ar,2019Q2,lasso,0.8151686025818486,0,186,0,64
og,1,ar,2019Q2,ridge,6189.658188912604,1,186,186,64
og,1,ar,2019Q2,enet,1.6303372051636973,0,186,0,64
og,1,ar,2019Q3,lasso,0.8200878092922321,0,186,0,65
og,1,ar,2019Q3,ridge,2371.373705661655,3,186,186,65
og,1,ar,2019Q3,enet,1.6401756185844643,0,186,0,65
og,1,ar,2019Q4,lasso,0.8222717123115082,0,186,0,66
og,1,ar,2019Q4,ridge,1467.799267622069,4,186,186,66
og,1,ar,2019Q4,enet,1.6445434246230164,0,186,0,66
og,1,ar,2020Q1,lasso,0.8143337373429667,0,186,0,67
og,1,ar,2020Q1,ridge,1467.799267622069,4,186,186,67
og,1,ar,2020Q1,enet,1.6286674746859333,0,186,0,67
og,1,ar,2020Q2,lasso,0.8075868381436941,0,186,0,68
og,1,ar,2020Q2,ridge,1467.799267622069,4,186,186,68
og,1,ar,2020Q2,enet,1.6151736762873883,0,186,0,68
og,1,ar,2020Q3,lasso,0.8075868381436941,0,186,0,68
og,1,ar,2020Q3,ridge,1467.799267622069,4,186,186,68
og,1,ar,2020Q3,enet,1.6151736762873883,0,186,0,68
og,1,ar,2020Q4,lasso,0.8075868381436941,0,186,0,68
og,1,ar,2020Q4,ridge,1467.799267622069,4,186,186,68
og,1,ar,2020Q4,enet,1.6151736762873883,0,186,0,68
og,1,ar,2021Q1,lasso,0.8075868381436941,0,186,0,68
og,1,ar,2021Q1,ridge,1467.799267622069,4,186,186,68
og,1,ar,2021Q1,enet,1.6151736762873883,0,186,0,68
og,1,ar,2021Q2,lasso,0.8075868381436941,0,186,0,68
og,1,ar,2021Q2,ridge,1467.799267622069,4,186,186,68
og,1,ar,2021Q2,enet,1.6151736762873883,0,186,0,68
og,1,ar,2021Q3,lasso,0.8075868381436941,0,186,0,68
og,1,ar,2021Q3,ridge,1467.799267622069,4,186,186,68
og,1,ar,2021Q3,enet,1.6151736762873883,0,186,0,68
og,1,ar,2021Q4,lasso,0.8075868381436941,0,186,0,68
og,1,ar,2021Q4,ridge,1467.799267622069,4,186,186,68
og,1,ar,2021Q4,enet,1.6151736762873883,0,186,0,68
og,1,ar,2022Q1,lasso,0.31558682492458523,4,186,13,69
og,1,ar,2022Q1,ridge,10000.0,0,186,186,69
og,1,ar,2022Q1,enet,1.6474624565024951,0,186,0,69
og,1,ar,2022Q2,lasso,0.33081467166268513,4,186,12,70
og,1,ar,2022Q2,ridge,6189.658188912604,1,186,186,70
og,1,ar,2022Q2,enet,1.7269566045880136,0,186,0,70
og,1,ar,2022Q3,lasso,0.3330444084531234,4,186,11,71
og,1,ar,2022Q3,ridge,2371.373705661655,3,186,186,71
og,1,ar,2022Q3,enet,0.8466400503201104,3,186,14,71
og,1,ar,2022Q4,lasso,0.28223626755765163,6,186,14,72
og,1,ar,2022Q4,ridge,908.5175756516861,5,186,186,72
og,1,ar,2022Q4,enet,0.5644725351153033,6,186,25,72
og,1,ar,2023Q1,lasso,0.33901400890156663,5,186,13,73
og,1,ar,2023Q1,ridge,908.5175756516861,5,186,186,73
og,1,ar,2023Q1,enet,0.6780280178031333,5,186,20,73
og,1,ar,2023Q2,lasso,0.33517449118620835,5,186,13,74
og,1,ar,2023Q2,ridge,1467.799267622069,4,186,186,74
og,1,ar,2023Q2,enet,0.8520549839041971,4,186,18,74
og,1,ar,2023Q3,lasso,0.37366155514817934,5,186,11,75
og,1,ar,2023Q3,ridge,1467.799267622069,4,186,186,75
og,1,ar,2023Q3,enet,0.7473231102963587,5,186,17,75
og,1,ar,2023Q4,lasso,0.3797359450896545,5,186,12,76
og,1,ar,2023Q4,ridge,2371.373705661655,3,186,186,76
og,1,ar,2023Q4,enet,0.759471890179309,5,186,20,76
og,1,ar,2024Q1,lasso,0.3755350969250173,5,186,12,77
og,1,ar,2024Q1,ridge,2371.373705661655,3,186,186,77
og,1,ar,2024Q1,enet,0.7510701938500346,5,186,19,77
og,1,ar,2024Q2,lasso,0.3727783857666966,5,186,12,78
og,1,ar,2024Q2,ridge,2371.373705661655,3,186,186,78
og,1,ar,2024Q2,enet,0.7455567715333932,5,186,20,78
og,1,ar,2024Q3,lasso,0.3705555830117884,5,186,12,79
og,1,ar,2024Q3,ridge,2371.373705661655,3,186,186,79
og,1,ar,2024Q3,enet,0.7411111660235769,5,186,17,79
og,1,ar,2024Q4,lasso,0.4649235305171469,4,186,10,80
og,1,ar,2024Q4,ridge,2371.373705661655,3,186,186,80
og,1,ar,2024Q4,enet,0.7315514173395248,5,186,18,80
og,1,ar,2025Q1,lasso,0.4618232124738521,4,186,10,81
og,1,ar,2025Q1,ridge,2371.373705661655,3,186,186,81
og,1,ar,2025Q1,enet,0.7266731052948476,5,186,17,81
og,1,ar,2025Q2,lasso,0.4577018401104082,4,186,8,82
og,1,ar,2025Q2,ridge,3831.186849557289,2,186,186,82
og,1,ar,2025Q2,enet,0.9154036802208164,4,186,15,82
og,1,ar,2025Q3,lasso,0.4538041508147215,4,186,8,83
og,1,ar,2025Q3,ridge,3831.186849557289,2,186,186,83
og,1,ar,2025Q3,enet,0.907608301629443,4,186,21,83
og,1,ar,2025Q4,lasso,0.45095249214713073,4,185,9,84
og,1,ar,2025Q4,ridge,2371.373705661655,3,185,185,84
og,1,ar,2025Q4,enet,0.7095681614911454,5,185,22,84
og,1,ar,2026Q1,lasso,0.4423443345556152,4,185,9,85
og,1,ar,2026Q1,ridge,6189.658188912604,1,185,185,85
og,1,ar,2026Q1,enet,1.1244939718592941,3,185,19,85
og,1,ar,2026Q2,lasso,0.27262492688842493,6,185,13,86
og,1,ar,2026Q2,ridge,6189.658188912604,1,185,185,86
og,1,ar,2026Q2,enet,0.4289719460864243,7,185,22,86
og,2,ar,2010Q1,lasso,0.06242039543848695,13,190,14,26
og,2,ar,2010Q1,ridge,82.54041852680182,10,190,190,26
og,2,ar,2010Q1,enet,0.1248407908769739,13,190,25,26
og,2,ar,2010Q2,lasso,0.06114804073485332,13,190,14,27
og,2,ar,2010Q2,ridge,82.54041852680182,10,190,190,27
og,2,ar,2010Q2,enet,0.0962156847973672,14,190,26,27
og,2,ar,2010Q3,lasso,0.06059798875305258,13,190,14,28
og,2,ar,2010Q3,ridge,215.44346900318823,8,190,190,28
og,2,ar,2010Q3,enet,0.09535018481622158,14,190,23,28
og,2,ar,2010Q4,lasso,0.05925153010045914,13,188,17,29
og,2,ar,2010Q4,ridge,215.44346900318823,8,188,188,29
og,2,ar,2010Q4,enet,0.0932315488018255,14,188,22,29
og,2,ar,2011Q1,lasso,0.03508654082343707,16,188,20,30
og,2,ar,2011Q1,ridge,562.341325190349,6,188,188,30
og,2,ar,2011Q1,enet,0.1441021793454767,13,188,23,30
og,2,ar,2011Q2,lasso,0.018838436593860024,19,188,22,31
og,2,ar,2011Q2,ridge,562.341325190349,6,188,188,31
og,2,ar,2011Q2,enet,0.20194891308570836,12,188,22,31
og,2,ar,2011Q3,lasso,0.4242371255758235,6,188,9,32
og,2,ar,2011Q3,ridge,348.0700588428409,7,188,188,32
og,2,ar,2011Q3,enet,0.2012049529111979,12,188,25,32
og,2,ar,2011Q4,lasso,0.4137523300155002,6,188,8,33
og,2,ar,2011Q4,ridge,562.341325190349,6,188,188,33
og,2,ar,2011Q4,enet,0.2494233539564369,11,188,26,33
og,2,ar,2012Q1,lasso,0.39900736809987025,6,188,7,34
og,2,ar,2012Q1,ridge,908.5175756516861,5,188,188,34
og,2,ar,2012Q1,enet,0.2405346116143247,11,188,30,34
og,2,ar,2012Q2,lasso,0.48211059609734574,5,188,5,35
og,2,ar,2012Q2,ridge,1467.799267622069,4,188,188,35
og,2,ar,2012Q2,enet,0.5968199598190949,7,188,23,35
og,2,ar,2012Q3,lasso,0.46535166459067673,5,188,4,36
og,2,ar,2012Q3,ridge,3831.186849557289,2,188,188,36
og,2,ar,2012Q3,enet,0.22070454025924252,11,188,28,36
og,2,ar,2012Q4,lasso,0.3864201910015881,6,188,12,37
og,2,ar,2012Q4,ridge,908.5175756516861,5,188,188,37
og,2,ar,2012Q4,enet,0.6080273848505413,7,188,23,37
og,2,ar,2013Q1,lasso,0.3680384186987058,6,188,8,38
og,2,ar,2013Q1,ridge,2371.373705661655,3,188,188,38
og,2,ar,2013Q1,enet,0.579103893784326,7,188,19,38
og,2,ar,2013Q2,lasso,0.49647301761659174,5,188,9,39
og,2,ar,2013Q2,ridge,10000.0,0,188,188,39
og,2,ar,2013Q2,enet,0.9929460352331835,5,188,17,39
og,2,ar,2013Q3,lasso,0.47560760123117757,5,188,7,40
og,2,ar,2013Q3,ridge,10000.0,0,188,188,40
og,2,ar,2013Q3,enet,0.9512152024623551,5,188,19,40
og,2,ar,2013Q4,lasso,1.4585190509043542,0,188,0,41
og,2,ar,2013Q4,ridge,10000.0,0,188,188,41
og,2,ar,2013Q4,enet,2.9170381018087084,0,188,0,41
og,2,ar,2014Q1,lasso,1.5633512120067463,0,188,0,42
og,2,ar,2014Q1,ridge,6189.658188912604,1,188,188,42
og,2,ar,2014Q1,enet,3.1267024240134926,0,188,0,42
og,2,ar,2014Q2,lasso,1.2309498368547476,1,188,2,43
og,2,ar,2014Q2,ridge,6189.658188912604,1,188,188,43
og,2,ar,2014Q2,enet,3.1292266297361446,0,188,0,43
og,2,ar,2014Q3,lasso,0.8135851745429181,3,188,4,44
og,2,ar,2014Q3,ridge,1467.799267622069,4,188,188,44
og,2,ar,2014Q3,enet,1.0071628275974926,5,188,15,44
og,2,ar,2014Q4,lasso,0.7861872482679898,3,188,4,45
og,2,ar,2014Q4,ridge,348.0700588428409,7,188,188,45
og,2,ar,2014Q4,enet,0.9732460678521259,5,188,16,45
og,2,ar,2015Q1,lasso,0.7435566377642063,3,188,4,46
og,2,ar,2015Q1,ridge,562.341325190349,6,188,188,46
og,2,ar,2015Q1,enet,1.4871132755284127,3,188,10,46
og,2,ar,2015Q2,lasso,0.9103611946545739,2,188,3,47
og,2,ar,2015Q2,ridge,12.115276586285876,14,188,188,47
og,2,ar,2015Q2,enet,2.941555629954763,0,188,0,47
og,2,ar,2015Q3,lasso,0.9115324089358565,2,188,3,48
og,2,ar,2015Q3,ridge,19.573417814876596,13,188,188,48
og,2,ar,2015Q3,enet,1.823064817871713,2,188,9,48
og,2,ar,2015Q4,lasso,1.3958201472895038,0,188,0,49
og,2,ar,2015Q4,ridge,19.573417814876596,13,188,188,49
og,2,ar,2015Q4,enet,0.06014406692731839,16,188,52,49
og,2,ar,2016Q1,lasso,0.048864544188158006,14,186,25,50
og,2,ar,2016Q1,ridge,3831.186849557289,2,186,186,50
og,2,ar,2016Q1,enet,0.07688775510831768,15,186,45,50
og,2,ar,2016Q2,lasso,0.00915099301922863,21,186,44,51
og,2,ar,2016Q2,ridge,2.8729848333536627,17,186,186,51
og,2,ar,2016Q2,enet,0.023262955310565415,20,186,64,51
og,2,ar,2016Q3,lasso,0.018985800133848072,18,188,37,52
og,2,ar,2016Q3,ridge,10000.0,0,188,188,52
og,2,ar,2016Q3,enet,2.847468315983207,0,188,0,52
og,2,ar,2016Q4,lasso,0.009536876608473946,21,186,40,53
og,2,ar,2016Q4,ridge,2.8729848333536627,17,186,186,53
og,2,ar,2016Q4,enet,0.03081551942741244,19,186,60,53
og,2,ar,2017Q1,lasso,0.0096810366288576,21,186,43,54
og,2,ar,2017Q1,ridge,2.8729848333536627,17,186,186,54
og,2,ar,2017Q1,enet,0.0193620732577152,21,186,71,54
og,2,ar,2017Q2,lasso,0.012240657502124172,20,186,41,55
og,2,ar,2017Q2,ridge,1.7782794100389228,18,186,186,55
og,2,ar,2017Q2,enet,0.019260522982964767,21,186,67,55
og,2,ar,2017Q3,lasso,0.012140043605693707,20,186,44,56
og,2,ar,2017Q3,ridge,2.8729848333536627,17,186,186,56
og,2,ar,2017Q3,enet,0.030861491345709046,19,186,68,56
og,2,ar,2017Q4,lasso,0.015139634779433985,19,186,42,57
og,2,ar,2017Q4,ridge,2.8729848333536627,17,186,186,57
og,2,ar,2017Q4,enet,0.03027926955886797,19,186,64,57
og,2,ar,2018Q1,lasso,0.007063304932168452,22,186,49,58
og,2,ar,2018Q1,ridge,2.8729848333536627,17,186,186,58
og,2,ar,2018Q1,enet,0.017955794156619485,21,186,73,58
og,2,ar,2018Q2,lasso,0.013097302825868797,19,186,44,59
og,2,ar,2018Q2,ridge,2.8729848333536627,17,186,186,59
og,2,ar,2018Q2,enet,0.026194605651737594,19,186,69,59
og,2,ar,2018Q3,lasso,0.012552392890963666,19,186,45,60
og,2,ar,2018Q3,ridge,1.7782794100389228,18,186,186,60
og,2,ar,2018Q3,enet,0.015539004289600328,21,186,76,60
og,2,ar,2018Q4,lasso,0.01237904242031325,19,186,47,61
og,2,ar,2018Q4,ridge,2.8729848333536627,17,186,186,61
og,2,ar,2018Q4,enet,0.019478269937882327,20,186,76,61
og,2,ar,2019Q1,lasso,0.03212104937932156,15,186,33,62
og,2,ar,2019Q1,ridge,4.6415888336127775,16,186,186,62
og,2,ar,2019Q1,enet,2.3459552347206594,0,186,0,62
og,2,ar,2019Q2,lasso,1.1630530408314077,0,186,0,63
og,2,ar,2019Q2,ridge,10000.0,0,186,186,63
og,2,ar,2019Q2,enet,2.3261060816628154,0,186,0,63
og,2,ar,2019Q3,lasso,1.165378858184837,0,186,0,64
og,2,ar,2019Q3,ridge,10000.0,0,186,186,64
og,2,ar,2019Q3,enet,2.330757716369674,0,186,0,64
og,2,ar,2019Q4,lasso,1.1590968403775508,0,186,0,65
og,2,ar,2019Q4,ridge,6189.658188912604,1,186,186,65
og,2,ar,2019Q4,enet,2.3181936807551016,0,186,0,65
og,2,ar,2020Q1,lasso,1.171859696929445,0,186,0,66
og,2,ar,2020Q1,ridge,1467.799267622069,4,186,186,66
og,2,ar,2020Q1,enet,2.34371939385889,0,186,0,66
og,2,ar,2020Q2,lasso,1.1571191240980223,0,186,0,67
og,2,ar,2020Q2,ridge,2371.373705661655,3,186,186,67
og,2,ar,2020Q2,enet,2.3142382481960446,0,186,0,67
og,2,ar,2020Q3,lasso,1.153430109410658,0,186,0,68
og,2,ar,2020Q3,ridge,2371.373705661655,3,186,186,68
og,2,ar,2020Q3,enet,2.306860218821316,0,186,0,68
og,2,ar,2020Q4,lasso,1.153430109410658,0,186,0,68
og,2,ar,2020Q4,ridge,2371.373705661655,3,186,186,68
og,2,ar,2020Q4,enet,2.306860218821316,0,186,0,68
og,2,ar,2021Q1,lasso,1.153430109410658,0,186,0,68
og,2,ar,2021Q1,ridge,2371.373705661655,3,186,186,68
og,2,ar,2021Q1,enet,2.306860218821316,0,186,0,68
og,2,ar,2021Q2,lasso,1.153430109410658,0,186,0,68
og,2,ar,2021Q2,ridge,2371.373705661655,3,186,186,68
og,2,ar,2021Q2,enet,2.306860218821316,0,186,0,68
og,2,ar,2021Q3,lasso,1.153430109410658,0,186,0,68
og,2,ar,2021Q3,ridge,2371.373705661655,3,186,186,68
og,2,ar,2021Q3,enet,2.306860218821316,0,186,0,68
og,2,ar,2021Q4,lasso,1.153430109410658,0,186,0,68
og,2,ar,2021Q4,ridge,2371.373705661655,3,186,186,68
og,2,ar,2021Q4,enet,2.306860218821316,0,186,0,68
og,2,ar,2022Q1,lasso,1.153430109410658,0,186,0,68
og,2,ar,2022Q1,ridge,2371.373705661655,3,186,186,68
og,2,ar,2022Q1,enet,2.306860218821316,0,186,0,68
og,2,ar,2022Q2,lasso,1.0101845378644347,0,186,0,69
og,2,ar,2022Q2,ridge,10000.0,0,186,186,69
og,2,ar,2022Q2,enet,2.0203690757288695,0,186,0,69
og,2,ar,2022Q3,lasso,1.0054763492169236,0,186,0,70
og,2,ar,2022Q3,ridge,10000.0,0,186,186,70
og,2,ar,2022Q3,enet,2.0109526984338473,0,186,0,70
og,2,ar,2022Q4,lasso,1.048424762814494,0,186,0,71
og,2,ar,2022Q4,ridge,6189.658188912604,1,186,186,71
og,2,ar,2022Q4,enet,2.096849525628988,0,186,0,71
og,2,ar,2023Q1,lasso,1.3918902780945415,0,186,0,72
og,2,ar,2023Q1,ridge,2371.373705661655,3,186,186,72
og,2,ar,2023Q1,enet,2.783780556189083,0,186,0,72
og,2,ar,2023Q2,lasso,0.3290249966013516,6,186,19,73
og,2,ar,2023Q2,ridge,1467.799267622069,4,186,186,73
og,2,ar,2023Q2,enet,0.6580499932027032,6,186,29,73
og,2,ar,2023Q3,lasso,0.27016781012584756,7,186,21,74
og,2,ar,2023Q3,ridge,1467.799267622069,4,186,186,74
og,2,ar,2023Q3,enet,0.6867999658730691,6,186,29,74
og,2,ar,2023Q4,lasso,0.27600133761722023,7,186,19,75
og,2,ar,2023Q4,ridge,908.5175756516861,5,186,186,75
og,2,ar,2023Q4,enet,0.7016295137756415,6,186,25,75
og,2,ar,2024Q1,lasso,0.3702555423201001,6,186,14,76
og,2,ar,2024Q1,ridge,1467.799267622069,4,186,186,76
og,2,ar,2024Q1,enet,0.7405110846402002,6,186,25,76
og,2,ar,2024Q2,lasso,0.3673992432730132,6,186,15,77
og,2,ar,2024Q2,ridge,1467.799267622069,4,186,186,77
og,2,ar,2024Q2,enet,0.7347984865460264,6,186,26,77
og,2,ar,2024Q3,lasso,0.35973290661021456,6,186,13,78
og,2,ar,2024Q3,ridge,1467.799267622069,4,186,186,78
og,2,ar,2024Q3,enet,0.7194658132204291,6,186,22,78
og,2,ar,2024Q4,lasso,0.4502192397716461,5,186,10,79
og,2,ar,2024Q4,ridge,1467.799267622069,4,186,186,79
og,2,ar,2024Q4,enet,0.9004384795432921,5,186,21,79
og,2,ar,2025Q1,lasso,0.5667526769141237,4,186,7,80
og,2,ar,2025Q1,ridge,1467.799267622069,4,186,186,80
og,2,ar,2025Q1,enet,0.8917783180737627,5,186,21,80
og,2,ar,2025Q2,lasso,0.5623184352770688,4,186,7,81
og,2,ar,2025Q2,ridge,1467.799267622069,4,186,186,81
og,2,ar,2025Q2,enet,0.8848010937745211,5,186,21,81
og,2,ar,2025Q3,lasso,0.5598111784855792,4,186,7,82
og,2,ar,2025Q3,ridge,2371.373705661655,3,186,186,82
og,2,ar,2025Q3,enet,0.8808559562646854,5,186,20,82
og,2,ar,2025Q4,lasso,0.5389710940783089,4,186,7,83
og,2,ar,2025Q4,ridge,2371.373705661655,3,186,186,83
og,2,ar,2025Q4,enet,1.0779421881566178,4,186,17,83
og,2,ar,2026Q1,lasso,0.421048803915713,5,185,9,84
og,2,ar,2026Q1,ridge,2371.373705661655,3,185,185,84
og,2,ar,2026Q1,enet,0.842097607831426,5,185,21,84
og,2,ar,2026Q2,lasso,0.4173852991369515,5,185,9,85
og,2,ar,2026Q2,ridge,3831.186849557289,2,185,185,85
og,2,ar,2026Q2,enet,0.834770598273903,5,185,22,85
d_margin_r4,0,ar,2010Q1,lasso,0.0008394261085374751,24,192,24,28
d_margin_r4,0,ar,2010Q1,ridge,0.2610157215682533,22,192,192,28
d_margin_r4,0,ar,2010Q1,enet,0.0016788522170749502,24,192,29,28
d_margin_r4,0,ar,2010Q2,lasso,0.0008994170859720755,24,190,28,29
d_margin_r4,0,ar,2010Q2,ridge,0.6812920690579608,20,190,190,29
d_margin_r4,0,ar,2010Q2,enet,0.001798834171944151,24,190,28,29
d_margin_r4,0,ar,2010Q3,lasso,0.0009158627911486444,24,190,27,30
d_margin_r4,0,ar,2010Q3,ridge,2.8729848333536627,17,190,190,30
d_margin_r4,0,ar,2010Q3,enet,0.0018317255822972887,24,190,29,30
d_margin_r4,0,ar,2010Q4,lasso,0.0009025779118224294,24,190,26,31
d_margin_r4,0,ar,2010Q4,ridge,4.6415888336127775,16,190,190,31
d_margin_r4,0,ar,2010Q4,enet,0.025255038221371047,13,190,21,31
d_margin_r4,0,ar,2011Q1,lasso,0.0008825732841357821,24,190,29,32
d_margin_r4,0,ar,2011Q1,ridge,4.6415888336127775,16,190,190,32
d_margin_r4,0,ar,2011Q1,enet,0.024695288608386975,13,190,19,32
d_margin_r4,0,ar,2011Q2,lasso,0.0652911475454038,6,190,8,33
d_margin_r4,0,ar,2011Q2,ridge,51.089697745069245,11,190,190,33
d_margin_r4,0,ar,2011Q2,enet,0.10273481205271585,7,190,10,33
d_margin_r4,0,ar,2011Q3,lasso,0.05069316237428659,7,190,12,34
d_margin_r4,0,ar,2011Q3,ridge,12.115276586285876,14,190,190,34
d_margin_r4,0,ar,2011Q3,enet,0.10138632474857318,7,190,12,34
d_margin_r4,0,ar,2011Q4,lasso,0.050161281218444154,7,190,11,35
d_margin_r4,0,ar,2011Q4,ridge,19.573417814876596,13,190,190,35
d_margin_r4,0,ar,2011Q4,enet,0.10032256243688831,7,190,12,35
d_margin_r4,0,ar,2012Q1,lasso,0.0491547562901116,7,190,11,36
d_margin_r4,0,ar,2012Q1,ridge,51.089697745069245,11,190,190,36
d_margin_r4,0,ar,2012Q1,enet,0.0983095125802232,7,190,12,36
d_margin_r4,0,ar,2012Q2,lasso,0.023001716438587266,10,190,15,37
d_margin_r4,0,ar,2012Q2,ridge,82.54041852680182,10,190,190,37
d_margin_r4,0,ar,2012Q2,enet,0.05847320618131759,9,190,16,37
d_margin_r4,0,ar,2012Q3,lasso,0.022424498693952404,10,190,16,38
d_margin_r4,0,ar,2012Q3,ridge,215.44346900318823,8,190,190,38
d_margin_r4,0,ar,2012Q3,enet,0.035284670974690915,11,190,20,38
d_margin_r4,0,ar,2012Q4,lasso,0.010312377767038555,13,190,24,39
d_margin_r4,0,ar,2012Q4,ridge,19.573417814876596,13,190,190,39
d_margin_r4,0,ar,2012Q4,enet,0.01622639870093524,14,190,24,39
d_margin_r4,0,ar,2013Q1,lasso,0.009896599915759917,13,190,23,40
d_margin_r4,0,ar,2013Q1,ridge,19.573417814876596,13,190,190,40
d_margin_r4,0,ar,2013Q1,enet,0.019793199831519833,13,190,27,40
d_margin_r4,0,ar,2013Q2,lasso,0.0036642877637841275,17,190,28,41
d_margin_r4,0,ar,2013Q2,ridge,12.115276586285876,14,190,190,41
d_margin_r4,0,ar,2013Q2,enet,0.011840032686612274,15,190,28,41
d_margin_r4,0,ar,2013Q3,lasso,0.006417337487599175,15,190,24,42
d_margin_r4,0,ar,2013Q3,ridge,12.115276586285876,14,190,190,42
d_margin_r4,0,ar,2013Q3,enet,0.01009760106006529,16,190,31,42
d_margin_r4,0,ar,2013Q4,lasso,0.014014842016587996,12,190,21,43
d_margin_r4,0,ar,2013Q4,ridge,51.089697745069245,11,190,190,43
d_margin_r4,0,ar,2013Q4,enet,0.035627460629841345,11,190,20,43
d_margin_r4,0,ar,2014Q1,lasso,0.014717462878419726,12,190,21,44
d_margin_r4,0,ar,2014Q1,ridge,51.089697745069245,11,190,190,44
d_margin_r4,0,ar,2014Q1,enet,0.03741360970401475,11,190,22,44
d_margin_r4,0,ar,2014Q2,lasso,0.011407519386198915,13,190,24,45
d_margin_r4,0,ar,2014Q2,ridge,31.622776601683793,12,190,190,45
d_margin_r4,0,ar,2014Q2,enet,0.028999324240324167,12,190,26,45
d_margin_r4,0,ar,2014Q3,lasso,0.0008811993992781772,24,190,39,46
d_margin_r4,0,ar,2014Q3,ridge,0.1,24,190,190,46
d_margin_r4,0,ar,2014Q3,enet,0.0017623987985563544,24,190,44,46
d_margin_r4,0,ar,2014Q4,lasso,0.0008699388251943107,24,190,38,47
d_margin_r4,0,ar,2014Q4,ridge,0.1,24,190,190,47
d_margin_r4,0,ar,2014Q4,enet,0.0017398776503886213,24,190,44,47
d_margin_r4,0,ar,2015Q1,lasso,0.0008278996464489517,24,190,41,48
d_margin_r4,0,ar,2015Q1,ridge,0.1,24,190,190,48
d_margin_r4,0,ar,2015Q1,enet,0.0016557992928979033,24,190,43,48
d_margin_r4,0,ar,2015Q2,lasso,0.0007096510690206552,24,190,42,49
d_margin_r4,0,ar,2015Q2,ridge,0.1,24,190,190,49
d_margin_r4,0,ar,2015Q2,enet,0.0014193021380413105,24,190,48,49
d_margin_r4,0,ar,2015Q3,lasso,0.16484157164576355,1,188,1,50
d_margin_r4,0,ar,2015Q3,ridge,0.1,24,188,188,50
d_margin_r4,0,ar,2015Q3,enet,0.0013251450202904117,24,188,48,50
d_margin_r4,0,ar,2015Q4,lasso,0.16453243877628063,1,188,1,51
d_margin_r4,0,ar,2015Q4,ridge,0.1,24,188,188,51
d_margin_r4,0,ar,2015Q4,enet,0.32906487755256125,1,188,1,51
d_margin_r4,0,ar,2016Q1,lasso,0.1620986388808639,1,188,1,52
d_margin_r4,0,ar,2016Q1,ridge,2371.373705661655,3,188,188,52
d_margin_r4,0,ar,2016Q1,enet,0.3241972777617278,1,188,1,52
d_margin_r4,0,ar,2016Q2,lasso,0.20303676068037338,0,188,0,53
d_margin_r4,0,ar,2016Q2,ridge,0.1,24,188,188,53
d_margin_r4,0,ar,2016Q2,enet,0.31947582838523386,1,188,1,53
d_margin_r4,0,ar,2016Q3,lasso,0.20190612503863134,0,188,0,54
d_margin_r4,0,ar,2016Q3,ridge,0.1,24,188,188,54
d_margin_r4,0,ar,2016Q3,enet,0.4038122500772627,0,188,0,54
d_margin_r4,0,ar,2016Q4,lasso,0.19986078974380253,0,188,0,55
d_margin_r4,0,ar,2016Q4,ridge,10000.0,0,188,188,55
d_margin_r4,0,ar,2016Q4,enet,0.39972157948760506,0,188,0,55
d_margin_r4,0,ar,2017Q1,lasso,0.19824197906371913,0,188,0,56
d_margin_r4,0,ar,2017Q1,ridge,10000.0,0,188,188,56
d_margin_r4,0,ar,2017Q1,enet,0.39648395812743825,0,188,0,56
d_margin_r4,0,ar,2017Q2,lasso,0.19675058702993584,0,188,0,57
d_margin_r4,0,ar,2017Q2,ridge,10000.0,0,188,188,57
d_margin_r4,0,ar,2017Q2,enet,0.3935011740598717,0,188,0,57
d_margin_r4,0,ar,2017Q3,lasso,0.1944769791305393,0,188,0,58
d_margin_r4,0,ar,2017Q3,ridge,10000.0,0,188,188,58
d_margin_r4,0,ar,2017Q3,enet,0.3889539582610786,0,188,0,58
d_margin_r4,0,ar,2017Q4,lasso,0.1925643247721856,0,188,0,59
d_margin_r4,0,ar,2017Q4,ridge,10000.0,0,188,188,59
d_margin_r4,0,ar,2017Q4,enet,0.3851286495443712,0,188,0,59
d_margin_r4,0,ar,2018Q1,lasso,0.14844941831148084,1,188,1,60
d_margin_r4,0,ar,2018Q1,ridge,10000.0,0,188,188,60
d_margin_r4,0,ar,2018Q1,enet,0.2968988366229617,1,188,1,60
d_margin_r4,0,ar,2018Q2,lasso,0.18574355671841405,0,188,0,61
d_margin_r4,0,ar,2018Q2,ridge,10000.0,0,188,188,61
d_margin_r4,0,ar,2018Q2,enet,0.3714871134368281,0,188,0,61
d_margin_r4,0,ar,2018Q3,lasso,0.17371801148582813,0,188,0,62
d_margin_r4,0,ar,2018Q3,ridge,10000.0,0,188,188,62
d_margin_r4,0,ar,2018Q3,enet,0.34743602297165627,0,188,0,62
d_margin_r4,0,ar,2018Q4,lasso,0.16332902215603837,0,188,0,63
d_margin_r4,0,ar,2018Q4,ridge,10000.0,0,188,188,63
d_margin_r4,0,ar,2018Q4,enet,0.32665804431207673,0,188,0,63
d_margin_r4,0,ar,2019Q1,lasso,0.13578928978616045,1,188,1,64
d_margin_r4,0,ar,2019Q1,ridge,10000.0,0,188,188,64
d_margin_r4,0,ar,2019Q1,enet,0.2715785795723209,1,188,1,64
d_margin_r4,0,ar,2019Q2,lasso,0.15822273289695918,0,188,0,65
d_margin_r4,0,ar,2019Q2,ridge,10000.0,0,188,188,65
d_margin_r4,0,ar,2019Q2,enet,0.31644546579391836,0,188,0,65
d_margin_r4,0,ar,2019Q3,lasso,0.14390209844339047,0,188,0,66
d_margin_r4,0,ar,2019Q3,ridge,10000.0,0,188,188,66
d_margin_r4,0,ar,2019Q3,enet,0.28780419688678094,0,188,0,66
d_margin_r4,0,ar,2019Q4,lasso,0.13657658469607864,0,188,0,67
d_margin_r4,0,ar,2019Q4,ridge,10000.0,0,188,188,67
d_margin_r4,0,ar,2019Q4,enet,0.2731531693921573,0,188,0,67
d_margin_r4,0,ar,2020Q1,lasso,0.1378915007508763,0,188,0,68
d_margin_r4,0,ar,2020Q1,ridge,10000.0,0,188,188,68
d_margin_r4,0,ar,2020Q1,enet,0.2757830015017526,0,188,0,68
d_margin_r4,0,ar,2020Q2,lasso,0.1378915007508763,0,188,0,68
d_margin_r4,0,ar,2020Q2,ridge,10000.0,0,188,188,68
d_margin_r4,0,ar,2020Q2,enet,0.2757830015017526,0,188,0,68
d_margin_r4,0,ar,2020Q3,lasso,0.1378915007508763,0,188,0,68
d_margin_r4,0,ar,2020Q3,ridge,10000.0,0,188,188,68
d_margin_r4,0,ar,2020Q3,enet,0.2757830015017526,0,188,0,68
d_margin_r4,0,ar,2020Q4,lasso,0.1378915007508763,0,188,0,68
d_margin_r4,0,ar,2020Q4,ridge,10000.0,0,188,188,68
d_margin_r4,0,ar,2020Q4,enet,0.2757830015017526,0,188,0,68
d_margin_r4,0,ar,2021Q1,lasso,0.1378915007508763,0,188,0,68
d_margin_r4,0,ar,2021Q1,ridge,10000.0,0,188,188,68
d_margin_r4,0,ar,2021Q1,enet,0.2757830015017526,0,188,0,68
d_margin_r4,0,ar,2021Q2,lasso,0.1378915007508763,0,188,0,68
d_margin_r4,0,ar,2021Q2,ridge,10000.0,0,188,188,68
d_margin_r4,0,ar,2021Q2,enet,0.2757830015017526,0,188,0,68
d_margin_r4,0,ar,2021Q3,lasso,0.1378915007508763,0,188,0,68
d_margin_r4,0,ar,2021Q3,ridge,10000.0,0,188,188,68
d_margin_r4,0,ar,2021Q3,enet,0.2757830015017526,0,188,0,68
d_margin_r4,0,ar,2021Q4,lasso,0.13635042095466735,0,188,0,69
d_margin_r4,0,ar,2021Q4,ridge,10000.0,0,188,188,69
d_margin_r4,0,ar,2021Q4,enet,0.2727008419093347,0,188,0,69
d_margin_r4,0,ar,2022Q1,lasso,0.04526595462759573,5,188,18,70
d_margin_r4,0,ar,2022Q1,ridge,133.3521432163324,9,188,188,70
d_margin_r4,0,ar,2022Q1,enet,0.09053190925519146,5,188,19,70
d_margin_r4,0,ar,2022Q2,lasso,0.045926955996755545,5,188,16,71
d_margin_r4,0,ar,2022Q2,ridge,215.44346900318823,8,188,188,71
d_margin_r4,0,ar,2022Q2,enet,0.09185391199351109,5,188,19,71
d_margin_r4,0,ar,2022Q3,lasso,0.04638721802469514,5,188,17,72
d_margin_r4,0,ar,2022Q3,ridge,133.3521432163324,9,188,188,72
d_margin_r4,0,ar,2022Q3,enet,0.07298971307100091,6,188,21,72
d_margin_r4,0,ar,2022Q4,lasso,0.043400670285722184,6,188,19,73
d_margin_r4,0,ar,2022Q4,ridge,215.44346900318823,8,188,188,73
d_margin_r4,0,ar,2022Q4,enet,0.08680134057144437,6,188,20,73
d_margin_r4,0,ar,2023Q1,lasso,0.04686671574932129,6,188,17,74
d_margin_r4,0,ar,2023Q1,ridge,348.0700588428409,7,188,188,74
d_margin_r4,0,ar,2023Q1,enet,0.09373343149864258,6,188,18,74
d_margin_r4,0,ar,2023Q2,lasso,0.07827060171187733,4,188,10,75
d_margin_r4,0,ar,2023Q2,ridge,562.341325190349,6,188,188,75
d_margin_r4,0,ar,2023Q2,enet,0.12315782243727394,5,188,13,75
d_margin_r4,0,ar,2023Q3,lasso,0.07731283343763458,4,188,11,76
d_margin_r4,0,ar,2023Q3,ridge,562.341325190349,6,188,188,76
d_margin_r4,0,ar,2023Q3,enet,0.12165078591940669,5,188,13,76
d_margin_r4,0,ar,2023Q4,lasso,0.07625069760575293,4,188,11,77
d_margin_r4,0,ar,2023Q4,ridge,908.5175756516861,5,188,188,77
d_margin_r4,0,ar,2023Q4,enet,0.15250139521150585,4,188,13,77
d_margin_r4,0,ar,2024Q1,lasso,0.0954982650585795,3,188,8,78
d_margin_r4,0,ar,2024Q1,ridge,908.5175756516861,5,188,188,78
d_margin_r4,0,ar,2024Q1,enet,0.15026533735421008,4,188,14,78
d_margin_r4,0,ar,2024Q2,lasso,0.09623116526629719,3,188,8,79
d_margin_r4,0,ar,2024Q2,ridge,562.341325190349,6,188,188,79
d_margin_r4,0,ar,2024Q2,enet,0.1514185467543192,4,188,11,79
d_margin_r4,0,ar,2024Q3,lasso,0.09596449943168137,3,188,7,80
d_margin_r4,0,ar,2024Q3,ridge,908.5175756516861,5,188,188,80
d_margin_r4,0,ar,2024Q3,enet,0.1509989513661223,4,188,10,80
d_margin_r4,0,ar,2024Q4,lasso,0.09534880551396674,3,188,7,81
d_margin_r4,0,ar,2024Q4,ridge,908.5175756516861,5,188,188,81
d_margin_r4,0,ar,2024Q4,enet,0.15003016461177052,4,188,9,81
d_margin_r4,0,ar,2025Q1,lasso,0.09329171481096189,3,188,7,82
d_margin_r4,0,ar,2025Q1,ridge,908.5175756516861,5,188,188,82
d_margin_r4,0,ar,2025Q1,enet,0.18658342962192379,3,188,8,82
d_margin_r4,0,ar,2025Q2,lasso,0.09085508480903424,3,188,7,83
d_margin_r4,0,ar,2025Q2,ridge,3831.186849557289,2,188,188,83
d_margin_r4,0,ar,2025Q2,enet,0.1817101696180685,3,188,7,83
d_margin_r4,0,ar,2025Q3,lasso,0.11627842221792356,2,187,4,84
d_margin_r4,0,ar,2025Q3,ridge,10000.0,0,187,187,84
d_margin_r4,0,ar,2025Q3,enet,0.23255684443584712,2,187,4,84
d_margin_r4,0,ar,2025Q4,lasso,0.14588719722209484,1,187,2,85
d_margin_r4,0,ar,2025Q4,ridge,10000.0,0,187,187,85
d_margin_r4,0,ar,2025Q4,enet,0.37086328688373416,0,187,0,85
d_margin_r4,0,ar,2026Q1,lasso,0.1822676827798676,0,187,0,86
d_margin_r4,0,ar,2026Q1,ridge,10000.0,0,187,187,86
d_margin_r4,0,ar,2026Q1,enet,0.3645353655597352,0,187,0,86
d_margin_r4,0,ar,2026Q2,lasso,0.1803090788601863,0,187,0,87
d_margin_r4,0,ar,2026Q2,ridge,10000.0,0,187,187,87
d_margin_r4,0,ar,2026Q2,enet,0.3606181577203726,0,187,0,87
d_margin_r4,1,ar,2010Q1,lasso,0.002940617005643865,21,190,24,27
d_margin_r4,1,ar,2010Q1,ridge,0.1,24,190,190,27
d_margin_r4,1,ar,2010Q1,enet,0.0036402828258878415,23,190,31,27
d_margin_r4,1,ar,2010Q2,lasso,0.0029384234312537843,21,190,22,28
d_margin_r4,1,ar,2010Q2,ridge,0.1,24,190,190,28
d_margin_r4,1,ar,2010Q2,enet,0.003637567330750531,23,190,31,28
d_margin_r4,1,ar,2010Q3,lasso,0.003978018061453804,20,188,21,29
d_margin_r4,1,ar,2010Q3,ridge,0.1,24,188,188,29
d_margin_r4,1,ar,2010Q3,enet,0.006259362153216359,21,188,31,29
d_margin_r4,1,ar,2010Q4,lasso,0.00415402812260394,20,188,21,30
d_margin_r4,1,ar,2010Q4,ridge,0.1,24,188,188,30
d_margin_r4,1,ar,2010Q4,enet,0.00830805624520788,20,188,28,30
d_margin_r4,1,ar,2011Q1,lasso,0.004052935401863878,20,188,25,31
d_margin_r4,1,ar,2011Q1,ridge,0.1,24,188,188,31
d_margin_r4,1,ar,2011Q1,enet,0.008105870803727756,20,188,33,31
d_margin_r4,1,ar,2011Q2,lasso,0.004879011830842189,19,188,24,32
d_margin_r4,1,ar,2011Q2,ridge,0.1,24,188,188,32
d_margin_r4,1,ar,2011Q2,enet,0.007677064690829357,20,188,29,32
d_margin_r4,1,ar,2011Q3,lasso,0.001432675030718903,24,188,29,33
d_margin_r4,1,ar,2011Q3,ridge,0.1,24,188,188,33
d_margin_r4,1,ar,2011Q3,enet,0.002865350061437806,24,188,34,33
d_margin_r4,1,ar,2011Q4,lasso,0.0014206376383697034,24,188,28,34
d_margin_r4,1,ar,2011Q4,ridge,4.6415888336127775,16,188,188,34
d_margin_r4,1,ar,2011Q4,enet,0.002841275276739407,24,188,34,34
d_margin_r4,1,ar,2012Q1,lasso,0.0013698408657243596,24,188,31,35
d_margin_r4,1,ar,2012Q1,ridge,1.7782794100389228,18,188,188,35
d_margin_r4,1,ar,2012Q1,enet,0.0034823047919468474,23,188,32,35
d_margin_r4,1,ar,2012Q2,lasso,0.0027630104840560598,21,188,28,36
d_margin_r4,1,ar,2012Q2,ridge,7.498942093324558,15,188,188,36
d_margin_r4,1,ar,2012Q2,enet,0.00892782896802081,19,188,30,36
d_margin_r4,1,ar,2012Q3,lasso,0.006853810496015473,17,188,28,37
d_margin_r4,1,ar,2012Q3,ridge,51.089697745069245,11,188,188,37
d_margin_r4,1,ar,2012Q3,enet,0.013707620992030945,17,188,36,37
d_margin_r4,1,ar,2012Q4,lasso,0.3760169638901683,0,188,0,38
d_margin_r4,1,ar,2012Q4,ridge,133.3521432163324,9,188,188,38
d_margin_r4,1,ar,2012Q4,enet,0.7520339277803366,0,188,0,38
d_margin_r4,1,ar,2013Q1,lasso,0.36833385521841105,0,188,0,39
d_margin_r4,1,ar,2013Q1,ridge,3831.186849557289,2,188,188,39
d_margin_r4,1,ar,2013Q1,enet,0.7366677104368221,0,188,0,39
d_margin_r4,1,ar,2013Q2,lasso,0.3913294192610682,0,188,0,40
d_margin_r4,1,ar,2013Q2,ridge,0.6812920690579608,20,188,188,40
d_margin_r4,1,ar,2013Q2,enet,0.7826588385221364,0,188,0,40
d_margin_r4,1,ar,2013Q3,lasso,0.38710598134378166,0,188,0,41
d_margin_r4,1,ar,2013Q3,ridge,0.1,24,188,188,41
d_margin_r4,1,ar,2013Q3,enet,0.7742119626875633,0,188,0,41
d_margin_r4,1,ar,2013Q4,lasso,0.3892561834872037,0,188,0,42
d_margin_r4,1,ar,2013Q4,ridge,0.1,24,188,188,42
d_margin_r4,1,ar,2013Q4,enet,0.7785123669744074,0,188,0,42
d_margin_r4,1,ar,2014Q1,lasso,0.004252269958114267,19,188,30,43
d_margin_r4,1,ar,2014Q1,ridge,0.1,24,188,188,43
d_margin_r4,1,ar,2014Q1,enet,0.008504539916228534,19,188,37,43
d_margin_r4,1,ar,2014Q2,lasso,0.004430148439403825,19,188,30,44
d_margin_r4,1,ar,2014Q2,ridge,0.1,24,188,188,44
d_margin_r4,1,ar,2014Q2,enet,0.00886029687880765,19,188,39,44
d_margin_r4,1,ar,2014Q3,lasso,0.20297843234899926,3,188,4,45
d_margin_r4,1,ar,2014Q3,ridge,0.1,24,188,188,45
d_margin_r4,1,ar,2014Q3,enet,0.19768780972607747,6,188,17,45
d_margin_r4,1,ar,2014Q4,lasso,0.16803759915130972,4,188,5,46
d_margin_r4,1,ar,2014Q4,ridge,0.1,24,188,188,46
d_margin_r4,1,ar,2014Q4,enet,0.007240520656825076,20,188,45,46
d_margin_r4,1,ar,2015Q1,lasso,0.019485608903929398,13,188,23,47
d_margin_r4,1,ar,2015Q1,ridge,0.1,24,188,188,47
d_margin_r4,1,ar,2015Q1,enet,0.007270718167691012,20,188,40,47
d_margin_r4,1,ar,2015Q2,lasso,0.20022035961788243,3,188,4,48
d_margin_r4,1,ar,2015Q2,ridge,0.1,24,188,188,48
d_margin_r4,1,ar,2015Q2,enet,0.40044071923576485,3,188,5,48
d_margin_r4,1,ar,2015Q3,lasso,0.18021198462803806,3,188,4,49
d_margin_r4,1,ar,2015Q3,ridge,2371.373705661655,3,188,188,49
d_margin_r4,1,ar,2015Q3,enet,0.5823002793622681,1,188,3,49
d_margin_r4,1,ar,2015Q4,lasso,0.21979963451361273,2,186,3,50
d_margin_r4,1,ar,2015Q4,ridge,3831.186849557289,2,186,186,50
d_margin_r4,1,ar,2015Q4,enet,0.5587578379990715,1,186,3,50
d_margin_r4,1,ar,2016Q1,lasso,0.2150608102960781,2,186,3,51
d_margin_r4,1,ar,2016Q1,ridge,3831.186849557289,2,186,186,51
d_margin_r4,1,ar,2016Q1,enet,0.5467111611230765,1,186,3,51
d_margin_r4,1,ar,2016Q2,lasso,0.2160104377235451,2,186,3,52
d_margin_r4,1,ar,2016Q2,ridge,3831.186849557289,2,186,186,52
d_margin_r4,1,ar,2016Q2,enet,0.549125231416916,1,186,3,52
d_margin_r4,1,ar,2016Q3,lasso,0.34530799614302615,0,186,0,53
d_margin_r4,1,ar,2016Q3,ridge,10000.0,0,186,186,53
d_margin_r4,1,ar,2016Q3,enet,0.6906159922860523,0,186,0,53
d_margin_r4,1,ar,2016Q4,lasso,0.3417226583930467,0,186,0,54
d_margin_r4,1,ar,2016Q4,ridge,10000.0,0,186,186,54
d_margin_r4,1,ar,2016Q4,enet,0.6834453167860934,0,186,0,54
d_margin_r4,1,ar,2017Q1,lasso,0.33898785439585666,0,186,0,55
d_margin_r4,1,ar,2017Q1,ridge,10000.0,0,186,186,55
d_margin_r4,1,ar,2017Q1,enet,0.6779757087917133,0,186,0,55
d_margin_r4,1,ar,2017Q2,lasso,0.3359165677730607,0,186,0,56
d_margin_r4,1,ar,2017Q2,ridge,10000.0,0,186,186,56
d_margin_r4,1,ar,2017Q2,enet,0.6718331355461215,0,186,0,56
d_margin_r4,1,ar,2017Q3,lasso,0.33313186629180197,0,186,0,57
d_margin_r4,1,ar,2017Q3,ridge,10000.0,0,186,186,57
d_margin_r4,1,ar,2017Q3,enet,0.6662637325836039,0,186,0,57
d_margin_r4,1,ar,2017Q4,lasso,0.33070189492474666,0,186,0,58
d_margin_r4,1,ar,2017Q4,ridge,10000.0,0,186,186,58
d_margin_r4,1,ar,2017Q4,enet,0.6614037898494933,0,186,0,58
d_margin_r4,1,ar,2018Q1,lasso,0.3275539472860385,0,186,0,59
d_margin_r4,1,ar,2018Q1,ridge,10000.0,0,186,186,59
d_margin_r4,1,ar,2018Q1,enet,0.655107894572077,0,186,0,59
d_margin_r4,1,ar,2018Q2,lasso,0.20074006964948382,2,186,3,60
d_margin_r4,1,ar,2018Q2,ridge,10000.0,0,186,186,60
d_margin_r4,1,ar,2018Q2,enet,0.3158620134919129,3,186,4,60
d_margin_r4,1,ar,2018Q3,lasso,0.1561130160319573,3,186,4,61
d_margin_r4,1,ar,2018Q3,ridge,10000.0,0,186,186,61
d_margin_r4,1,ar,2018Q3,enet,0.3122260320639146,3,186,4,61
d_margin_r4,1,ar,2018Q4,lasso,0.31180821736062037,0,186,0,62
d_margin_r4,1,ar,2018Q4,ridge,10000.0,0,186,186,62
d_margin_r4,1,ar,2018Q4,enet,0.6236164347212407,0,186,0,62
d_margin_r4,1,ar,2019Q1,lasso,0.2968325442948496,0,186,0,63
d_margin_r4,1,ar,2019Q1,ridge,10000.0,0,186,186,63
d_margin_r4,1,ar,2019Q1,enet,0.5936650885896992,0,186,0,63
d_margin_r4,1,ar,2019Q2,lasso,0.23369274665586068,1,186,3,64
d_margin_r4,1,ar,2019Q2,ridge,10000.0,0,186,186,64
d_margin_r4,1,ar,2019Q2,enet,0.46738549331172136,1,186,3,64
d_margin_r4,1,ar,2019Q3,lasso,0.22819187701178498,1,186,3,65
d_margin_r4,1,ar,2019Q3,ridge,10000.0,0,186,186,65
d_margin_r4,1,ar,2019Q3,enet,0.45638375402356995,1,186,3,65
d_margin_r4,1,ar,2019Q4,lasso,0.2727699358145977,0,186,0,66
d_margin_r4,1,ar,2019Q4,ridge,10000.0,0,186,186,66
d_margin_r4,1,ar,2019Q4,enet,0.5455398716291954,0,186,0,66
d_margin_r4,1,ar,2020Q1,lasso,0.26934434106074034,0,186,0,67
d_margin_r4,1,ar,2020Q1,ridge,10000.0,0,186,186,67
d_margin_r4,1,ar,2020Q1,enet,0.5386886821214807,0,186,0,67
d_margin_r4,1,ar,2020Q2,lasso,0.26611610622018805,0,186,0,68
d_margin_r4,1,ar,2020Q2,ridge,2371.373705661655,3,186,186,68
d_margin_r4,1,ar,2020Q2,enet,0.5322322124403761,0,186,0,68
d_margin_r4,1,ar,2020Q3,lasso,0.26611610622018805,0,186,0,68
d_margin_r4,1,ar,2020Q3,ridge,2371.373705661655,3,186,186,68
d_margin_r4,1,ar,2020Q3,enet,0.5322322124403761,0,186,0,68
d_margin_r4,1,ar,2020Q4,lasso,0.26611610622018805,0,186,0,68
d_margin_r4,1,ar,2020Q4,ridge,2371.373705661655,3,186,186,68
d_margin_r4,1,ar,2020Q4,enet,0.5322322124403761,0,186,0,68
d_margin_r4,1,ar,2021Q1,lasso,0.26611610622018805,0,186,0,68
d_margin_r4,1,ar,2021Q1,ridge,2371.373705661655,3,186,186,68
d_margin_r4,1,ar,2021Q1,enet,0.5322322124403761,0,186,0,68
d_margin_r4,1,ar,2021Q2,lasso,0.26611610622018805,0,186,0,68
d_margin_r4,1,ar,2021Q2,ridge,2371.373705661655,3,186,186,68
d_margin_r4,1,ar,2021Q2,enet,0.5322322124403761,0,186,0,68
d_margin_r4,1,ar,2021Q3,lasso,0.26611610622018805,0,186,0,68
d_margin_r4,1,ar,2021Q3,ridge,2371.373705661655,3,186,186,68
d_margin_r4,1,ar,2021Q3,enet,0.5322322124403761,0,186,0,68
d_margin_r4,1,ar,2021Q4,lasso,0.26611610622018805,0,186,0,68
d_margin_r4,1,ar,2021Q4,ridge,2371.373705661655,3,186,186,68
d_margin_r4,1,ar,2021Q4,enet,0.5322322124403761,0,186,0,68
d_margin_r4,1,ar,2022Q1,lasso,0.26513402164174765,0,186,0,69
d_margin_r4,1,ar,2022Q1,ridge,6189.658188912604,1,186,186,69
d_margin_r4,1,ar,2022Q1,enet,0.5302680432834953,0,186,0,69
d_margin_r4,1,ar,2022Q2,lasso,0.267467603706252,0,186,0,70
d_margin_r4,1,ar,2022Q2,ridge,10000.0,0,186,186,70
d_margin_r4,1,ar,2022Q2,enet,0.534935207412504,0,186,0,70
d_margin_r4,1,ar,2022Q3,lasso,0.27749165351781535,0,186,0,71
d_margin_r4,1,ar,2022Q3,ridge,6189.658188912604,1,186,186,71
d_margin_r4,1,ar,2022Q3,enet,0.5549833070356307,0,186,0,71
d_margin_r4,1,ar,2022Q4,lasso,0.2858219221057126,0,186,0,72
d_margin_r4,1,ar,2022Q4,ridge,2371.373705661655,3,186,186,72
d_margin_r4,1,ar,2022Q4,enet,0.5716438442114252,0,186,0,72
d_margin_r4,1,ar,2023Q1,lasso,0.11805498637853835,4,186,9,73
d_margin_r4,1,ar,2023Q1,ridge,908.5175756516861,5,186,186,73
d_margin_r4,1,ar,2023Q1,enet,0.30011036687959836,3,186,12,73
d_margin_r4,1,ar,2023Q2,lasso,0.10948840037637092,5,186,9,74
d_margin_r4,1,ar,2023Q2,ridge,562.341325190349,6,186,186,74
d_margin_r4,1,ar,2023Q2,enet,0.21897680075274184,5,186,16,74
d_margin_r4,1,ar,2023Q3,lasso,0.09236306639178951,6,186,12,75
d_margin_r4,1,ar,2023Q3,ridge,562.341325190349,6,186,186,75
d_margin_r4,1,ar,2023Q3,enet,0.14533214108044862,7,186,18,75
d_margin_r4,1,ar,2023Q4,lasso,0.09247907325103567,6,186,11,76
d_margin_r4,1,ar,2023Q4,ridge,562.341325190349,6,186,186,76
d_margin_r4,1,ar,2023Q4,enet,0.1455146764367646,7,186,16,76
d_margin_r4,1,ar,2024Q1,lasso,0.09178077537888549,6,186,11,77
d_margin_r4,1,ar,2024Q1,ridge,562.341325190349,6,186,186,77
d_margin_r4,1,ar,2024Q1,enet,0.14441591338313206,7,186,17,77
d_margin_r4,1,ar,2024Q2,lasso,0.09059615972886596,6,186,11,78
d_margin_r4,1,ar,2024Q2,ridge,908.5175756516861,5,186,186,78
d_margin_r4,1,ar,2024Q2,enet,0.18119231945773193,6,186,16,78
d_margin_r4,1,ar,2024Q3,lasso,0.11494804889350027,5,186,8,79
d_margin_r4,1,ar,2024Q3,ridge,908.5175756516861,5,186,186,79
d_margin_r4,1,ar,2024Q3,enet,0.1808693313391067,6,186,15,79
d_margin_r4,1,ar,2024Q4,lasso,0.08971746575210966,6,186,9,80
d_margin_r4,1,ar,2024Q4,ridge,562.341325190349,6,186,186,80
d_margin_r4,1,ar,2024Q4,enet,0.17943493150421932,6,186,15,80
d_margin_r4,1,ar,2025Q1,lasso,0.0691119018628918,7,186,11,81
d_margin_r4,1,ar,2025Q1,ridge,562.341325190349,6,186,186,81
d_margin_r4,1,ar,2025Q1,enet,0.1756909967132898,6,186,16,81
d_margin_r4,1,ar,2025Q2,lasso,0.08748523743549082,6,186,10,82
d_margin_r4,1,ar,2025Q2,ridge,908.5175756516861,5,186,186,82
d_margin_r4,1,ar,2025Q2,enet,0.17497047487098163,6,186,17,82
d_margin_r4,1,ar,2025Q3,lasso,0.17601290180052132,3,186,2,83
d_margin_r4,1,ar,2025Q3,ridge,1467.799267622069,4,186,186,83
d_margin_r4,1,ar,2025Q3,enet,0.21789193979677338,5,186,11,83
d_margin_r4,1,ar,2025Q4,lasso,0.22133571447191547,2,185,2,84
d_margin_r4,1,ar,2025Q4,ridge,6189.658188912604,1,185,185,84
d_margin_r4,1,ar,2025Q4,enet,0.44267142894383094,2,185,4,84
d_margin_r4,1,ar,2026Q1,lasso,0.35536817798726855,0,185,0,85
d_margin_r4,1,ar,2026Q1,ridge,10000.0,0,185,185,85
d_margin_r4,1,ar,2026Q1,enet,0.7107363559745371,0,185,0,85
d_margin_r4,1,ar,2026Q2,lasso,0.3480159260593219,0,185,0,86
d_margin_r4,1,ar,2026Q2,ridge,10000.0,0,185,185,86
d_margin_r4,1,ar,2026Q2,enet,0.6960318521186438,0,185,0,86
d_margin_r4,2,ar,2010Q1,lasso,0.35374729592141274,2,190,5,26
d_margin_r4,2,ar,2010Q1,ridge,10000.0,0,190,190,26
d_margin_r4,2,ar,2010Q1,enet,0.7074945918428255,2,190,6,26
d_margin_r4,2,ar,2010Q2,lasso,0.3470543261006544,2,190,3,27
d_margin_r4,2,ar,2010Q2,ridge,10000.0,0,190,190,27
d_margin_r4,2,ar,2010Q2,enet,0.6941086522013088,2,190,6,27
d_margin_r4,2,ar,2010Q3,lasso,0.35372061968357255,2,190,2,28
d_margin_r4,2,ar,2010Q3,ridge,10000.0,0,190,190,28
d_margin_r4,2,ar,2010Q3,enet,0.7074412393671451,2,190,4,28
d_margin_r4,2,ar,2010Q4,lasso,0.37623451556801557,2,188,2,29
d_margin_r4,2,ar,2010Q4,ridge,10000.0,0,188,188,29
d_margin_r4,2,ar,2010Q4,enet,0.7524690311360311,2,188,4,29
d_margin_r4,2,ar,2011Q1,lasso,0.3099809580401012,3,188,2,30
d_margin_r4,2,ar,2011Q1,ridge,0.1,24,188,188,30
d_margin_r4,2,ar,2011Q1,enet,0.6199619160802023,3,188,4,30
d_margin_r4,2,ar,2011Q2,lasso,0.24749782718418062,4,188,4,31
d_margin_r4,2,ar,2011Q2,ridge,2.8729848333536627,17,188,188,31
d_margin_r4,2,ar,2011Q2,enet,0.49499565436836124,4,188,7,31
d_margin_r4,2,ar,2011Q3,lasso,0.24239582639071938,4,188,3,32
d_margin_r4,2,ar,2011Q3,ridge,0.1,24,188,188,32
d_margin_r4,2,ar,2011Q3,enet,0.48479165278143876,4,188,6,32
d_margin_r4,2,ar,2011Q4,lasso,0.14772036370757358,6,188,6,33
d_margin_r4,2,ar,2011Q4,ridge,0.1,24,188,188,33
d_margin_r4,2,ar,2011Q4,enet,0.23243616282441526,7,188,15,33
d_margin_r4,2,ar,2012Q1,lasso,0.0901052185550852,8,188,11,34
d_margin_r4,2,ar,2012Q1,ridge,133.3521432163324,9,188,188,34
d_margin_r4,2,ar,2012Q1,enet,0.229058602502613,7,188,12,34
d_margin_r4,2,ar,2012Q2,lasso,0.08932983892974021,8,188,9,35
d_margin_r4,2,ar,2012Q2,ridge,215.44346900318823,8,188,188,35
d_margin_r4,2,ar,2012Q2,enet,0.22708749165866177,7,188,11,35
d_margin_r4,2,ar,2012Q3,lasso,0.08484378843533079,8,188,10,36
d_margin_r4,2,ar,2012Q3,ridge,215.44346900318823,8,188,188,36
d_margin_r4,2,ar,2012Q3,enet,0.21568339682948848,7,188,11,36
d_margin_r4,2,ar,2012Q4,lasso,0.10215688484603888,7,188,8,37
d_margin_r4,2,ar,2012Q4,ridge,133.3521432163324,9,188,188,37
d_margin_r4,2,ar,2012Q4,enet,0.25969542779088495,6,188,10,37
d_margin_r4,2,ar,2013Q1,lasso,0.25577730962390277,3,188,3,38
d_margin_r4,2,ar,2013Q1,ridge,1467.799267622069,4,188,188,38
d_margin_r4,2,ar,2013Q1,enet,0.5115546192478055,3,188,6,38
d_margin_r4,2,ar,2013Q2,lasso,0.394133386958328,1,188,4,39
d_margin_r4,2,ar,2013Q2,ridge,6189.658188912604,1,188,188,39
d_margin_r4,2,ar,2013Q2,enet,0.788266773916656,1,188,4,39
d_margin_r4,2,ar,2013Q3,lasso,0.47203378595929435,0,188,0,40
d_margin_r4,2,ar,2013Q3,ridge,3831.186849557289,2,188,188,40
d_margin_r4,2,ar,2013Q3,enet,0.9440675719185887,0,188,0,40
d_margin_r4,2,ar,2013Q4,lasso,0.5060714983212753,0,188,0,41
d_margin_r4,2,ar,2013Q4,ridge,10000.0,0,188,188,41
d_margin_r4,2,ar,2013Q4,enet,1.0121429966425506,0,188,0,41
d_margin_r4,2,ar,2014Q1,lasso,0.49680421006228004,0,188,0,42
d_margin_r4,2,ar,2014Q1,ridge,10000.0,0,188,188,42
d_margin_r4,2,ar,2014Q1,enet,0.9936084201245601,0,188,0,42
d_margin_r4,2,ar,2014Q2,lasso,0.5010197743707044,0,188,0,43
d_margin_r4,2,ar,2014Q2,ridge,3831.186849557289,2,188,188,43
d_margin_r4,2,ar,2014Q2,enet,1.0020395487414089,0,188,0,43
d_margin_r4,2,ar,2014Q3,lasso,0.5168710341867154,0,188,0,44
d_margin_r4,2,ar,2014Q3,ridge,1467.799267622069,4,188,188,44
d_margin_r4,2,ar,2014Q3,enet,1.0337420683734309,0,188,0,44
d_margin_r4,2,ar,2014Q4,lasso,0.5146302156006073,0,188,0,45
d_margin_r4,2,ar,2014Q4,ridge,562.341325190349,6,188,188,45
d_margin_r4,2,ar,2014Q4,enet,0.19202536993624736,7,188,15,45
d_margin_r4,2,ar,2015Q1,lasso,0.5178357930466053,0,188,0,46
d_margin_r4,2,ar,2015Q1,ridge,562.341325190349,6,188,188,46
d_margin_r4,2,ar,2015Q1,enet,0.19322147575410858,7,188,14,46
d_margin_r4,2,ar,2015Q2,lasso,0.09710640764103769,7,188,12,47
d_margin_r4,2,ar,2015Q2,ridge,348.0700588428409,7,188,188,47
d_margin_r4,2,ar,2015Q2,enet,0.19421281528207537,7,188,14,47
d_margin_r4,2,ar,2015Q3,lasso,0.11323647739050112,6,188,10,48
d_margin_r4,2,ar,2015Q3,ridge,562.341325190349,6,188,188,48
d_margin_r4,2,ar,2015Q3,enet,0.1781761947764031,7,188,16,48
d_margin_r4,2,ar,2015Q4,lasso,0.4500981662266133,0,188,0,49
d_margin_r4,2,ar,2015Q4,ridge,0.1,24,188,188,49
d_margin_r4,2,ar,2015Q4,enet,0.002846670751882346,24,188,50,49
d_margin_r4,2,ar,2016Q1,lasso,0.0014087926410730838,24,186,40,50
d_margin_r4,2,ar,2016Q1,ridge,0.1,24,186,186,50
d_margin_r4,2,ar,2016Q1,enet,0.0028175852821461676,24,186,49,50
d_margin_r4,2,ar,2016Q2,lasso,0.0013973988821537778,24,186,39,51
d_margin_r4,2,ar,2016Q2,ridge,0.1,24,186,186,51
d_margin_r4,2,ar,2016Q2,enet,0.0027947977643075555,24,186,47,51
d_margin_r4,2,ar,2016Q3,lasso,0.0013790430639050286,24,188,42,52
d_margin_r4,2,ar,2016Q3,ridge,0.1,24,188,188,52
d_margin_r4,2,ar,2016Q3,enet,0.002758086127810057,24,188,49,52
d_margin_r4,2,ar,2016Q4,lasso,0.0013735057444553,24,186,41,53
d_margin_r4,2,ar,2016Q4,ridge,0.1,24,186,186,53
d_margin_r4,2,ar,2016Q4,enet,0.0027470114889106,24,186,48,53
d_margin_r4,2,ar,2017Q1,lasso,0.001359674196036316,24,186,40,54
d_margin_r4,2,ar,2017Q1,ridge,0.1,24,186,186,54
d_margin_r4,2,ar,2017Q1,enet,0.002719348392072632,24,186,45,54
d_margin_r4,2,ar,2017Q2,lasso,0.0013450460183565232,24,186,42,55
d_margin_r4,2,ar,2017Q2,ridge,0.1,24,186,186,55
d_margin_r4,2,ar,2017Q2,enet,0.8506817951494523,0,186,0,55
d_margin_r4,2,ar,2017Q3,lasso,0.0013351372176561734,24,186,39,56
d_margin_r4,2,ar,2017Q3,ridge,10000.0,0,186,186,56
d_margin_r4,2,ar,2017Q3,enet,0.8444149193306968,0,186,0,56
d_margin_r4,2,ar,2017Q4,lasso,0.0013177715893994888,24,186,39,57
d_margin_r4,2,ar,2017Q4,ridge,10000.0,0,186,186,57
d_margin_r4,2,ar,2017Q4,enet,0.8334319316725163,0,186,0,57
d_margin_r4,2,ar,2018Q1,lasso,0.001310196038922826,24,186,38,58
d_margin_r4,2,ar,2018Q1,ridge,10000.0,0,186,186,58
d_margin_r4,2,ar,2018Q1,enet,0.8286407328653506,0,186,0,58
d_margin_r4,2,ar,2018Q2,lasso,0.4112951801835983,0,186,0,59
d_margin_r4,2,ar,2018Q2,ridge,10000.0,0,186,186,59
d_margin_r4,2,ar,2018Q2,enet,0.8225903603671966,0,186,0,59
d_margin_r4,2,ar,2018Q3,lasso,0.25113876050387873,2,186,3,60
d_margin_r4,2,ar,2018Q3,ridge,6189.658188912604,1,186,186,60
d_margin_r4,2,ar,2018Q3,enet,0.5022775210077575,2,186,8,60
d_margin_r4,2,ar,2018Q4,lasso,0.19590896335752672,3,186,6,61
d_margin_r4,2,ar,2018Q4,ridge,2371.373705661655,3,186,186,61
d_margin_r4,2,ar,2018Q4,enet,0.39181792671505344,3,186,9,61
d_margin_r4,2,ar,2019Q1,lasso,0.24412996829330072,2,186,3,62
d_margin_r4,2,ar,2019Q1,ridge,6189.658188912604,1,186,186,62
d_margin_r4,2,ar,2019Q1,enet,0.48825993658660144,2,186,9,62
d_margin_r4,2,ar,2019Q2,lasso,0.386146133332852,0,186,0,63
d_margin_r4,2,ar,2019Q2,ridge,10000.0,0,186,186,63
d_margin_r4,2,ar,2019Q2,enet,0.772292266665704,0,186,0,63
d_margin_r4,2,ar,2019Q3,lasso,0.38343385745223063,0,186,0,64
d_margin_r4,2,ar,2019Q3,ridge,10000.0,0,186,186,64
d_margin_r4,2,ar,2019Q3,enet,0.7668677149044613,0,186,0,64
d_margin_r4,2,ar,2019Q4,lasso,0.37757884073910364,0,186,0,65
d_margin_r4,2,ar,2019Q4,ridge,10000.0,0,186,186,65
d_margin_r4,2,ar,2019Q4,enet,0.7551576814782073,0,186,0,65
d_margin_r4,2,ar,2020Q1,lasso,0.36995526921759264,0,186,0,66
d_margin_r4,2,ar,2020Q1,ridge,10000.0,0,186,186,66
d_margin_r4,2,ar,2020Q1,enet,0.7399105384351853,0,186,0,66
d_margin_r4,2,ar,2020Q2,lasso,0.35955893626816954,0,186,0,67
d_margin_r4,2,ar,2020Q2,ridge,10000.0,0,186,186,67
d_margin_r4,2,ar,2020Q2,enet,0.7191178725363391,0,186,0,67
d_margin_r4,2,ar,2020Q3,lasso,0.3551602328874734,0,186,0,68
d_margin_r4,2,ar,2020Q3,ridge,10000.0,0,186,186,68
d_margin_r4,2,ar,2020Q3,enet,0.7103204657749468,0,186,0,68
d_margin_r4,2,ar,2020Q4,lasso,0.3551602328874734,0,186,0,68
d_margin_r4,2,ar,2020Q4,ridge,10000.0,0,186,186,68
d_margin_r4,2,ar,2020Q4,enet,0.7103204657749468,0,186,0,68
d_margin_r4,2,ar,2021Q1,lasso,0.3551602328874734,0,186,0,68
d_margin_r4,2,ar,2021Q1,ridge,10000.0,0,186,186,68
d_margin_r4,2,ar,2021Q1,enet,0.7103204657749468,0,186,0,68
d_margin_r4,2,ar,2021Q2,lasso,0.3551602328874734,0,186,0,68
d_margin_r4,2,ar,2021Q2,ridge,10000.0,0,186,186,68
d_margin_r4,2,ar,2021Q2,enet,0.7103204657749468,0,186,0,68
d_margin_r4,2,ar,2021Q3,lasso,0.3551602328874734,0,186,0,68
d_margin_r4,2,ar,2021Q3,ridge,10000.0,0,186,186,68
d_margin_r4,2,ar,2021Q3,enet,0.7103204657749468,0,186,0,68
d_margin_r4,2,ar,2021Q4,lasso,0.3551602328874734,0,186,0,68
d_margin_r4,2,ar,2021Q4,ridge,10000.0,0,186,186,68
d_margin_r4,2,ar,2021Q4,enet,0.7103204657749468,0,186,0,68
d_margin_r4,2,ar,2022Q1,lasso,0.3551602328874734,0,186,0,68
d_margin_r4,2,ar,2022Q1,ridge,10000.0,0,186,186,68
d_margin_r4,2,ar,2022Q1,enet,0.7103204657749468,0,186,0,68
d_margin_r4,2,ar,2022Q2,lasso,0.34937018060745595,0,186,0,69
d_margin_r4,2,ar,2022Q2,ridge,2371.373705661655,3,186,186,69
d_margin_r4,2,ar,2022Q2,enet,0.6987403612149119,0,186,0,69
d_margin_r4,2,ar,2022Q3,lasso,0.37378265355943213,0,186,0,70
d_margin_r4,2,ar,2022Q3,ridge,2371.373705661655,3,186,186,70
d_margin_r4,2,ar,2022Q3,enet,0.7475653071188643,0,186,0,70
d_margin_r4,2,ar,2022Q4,lasso,0.37634113088132803,0,186,0,71
d_margin_r4,2,ar,2022Q4,ridge,3831.186849557289,2,186,186,71
d_margin_r4,2,ar,2022Q4,enet,0.7526822617626561,0,186,0,71
d_margin_r4,2,ar,2023Q1,lasso,0.1949110389547686,3,186,7,72
d_margin_r4,2,ar,2023Q1,ridge,3831.186849557289,2,186,186,72
d_margin_r4,2,ar,2023Q1,enet,0.49548795187725564,2,186,7,72
d_margin_r4,2,ar,2023Q2,lasso,0.2017083902730246,3,186,7,73
d_margin_r4,2,ar,2023Q2,ridge,3831.186849557289,2,186,186,73
d_margin_r4,2,ar,2023Q2,enet,0.4034167805460492,3,186,7,73
d_margin_r4,2,ar,2023Q3,lasso,0.17612801468060493,4,186,7,74
d_margin_r4,2,ar,2023Q3,ridge,2371.373705661655,3,186,186,74
d_margin_r4,2,ar,2023Q3,enet,0.35225602936120987,4,186,9,74
d_margin_r4,2,ar,2023Q4,lasso,0.15787187781253875,5,186,8,75
d_margin_r4,2,ar,2023Q4,ridge,1467.799267622069,4,186,186,75
d_margin_r4,2,ar,2023Q4,enet,0.3157437556250775,5,186,11,75
d_margin_r4,2,ar,2024Q1,lasso,0.15909377399390862,5,186,8,76
d_margin_r4,2,ar,2024Q1,ridge,1467.799267622069,4,186,186,76
d_margin_r4,2,ar,2024Q1,enet,0.31818754798781723,5,186,10,76
d_margin_r4,2,ar,2024Q2,lasso,0.15918395060236348,5,186,8,77
d_margin_r4,2,ar,2024Q2,ridge,1467.799267622069,4,186,186,77
d_margin_r4,2,ar,2024Q2,enet,0.31836790120472697,5,186,10,77
d_margin_r4,2,ar,2024Q3,lasso,0.15781964355840064,5,186,7,78
d_margin_r4,2,ar,2024Q3,ridge,1467.799267622069,4,186,186,78
d_margin_r4,2,ar,2024Q3,enet,0.3156392871168013,5,186,10,78
d_margin_r4,2,ar,2024Q4,lasso,0.15687672861196972,5,186,9,79
d_margin_r4,2,ar,2024Q4,ridge,2371.373705661655,3,186,186,79
d_margin_r4,2,ar,2024Q4,enet,0.31375345722393944,5,186,12,79
d_margin_r4,2,ar,2025Q1,lasso,0.1554020785297434,5,186,8,80
d_margin_r4,2,ar,2025Q1,ridge,2371.373705661655,3,186,186,80
d_margin_r4,2,ar,2025Q1,enet,0.3108041570594868,5,186,12,80
d_margin_r4,2,ar,2025Q2,lasso,0.1505854393235441,5,186,8,81
d_margin_r4,2,ar,2025Q2,ridge,2371.373705661655,3,186,186,81
d_margin_r4,2,ar,2025Q2,enet,0.3011708786470882,5,186,12,81
d_margin_r4,2,ar,2025Q3,lasso,0.14589771940591206,5,186,8,82
d_margin_r4,2,ar,2025Q3,ridge,2371.373705661655,3,186,186,82
d_margin_r4,2,ar,2025Q3,enet,0.2917954388118241,5,186,10,82
d_margin_r4,2,ar,2025Q4,lasso,0.14543592259959606,5,186,8,83
d_margin_r4,2,ar,2025Q4,ridge,2371.373705661655,3,186,186,83
d_margin_r4,2,ar,2025Q4,enet,0.2908718451991921,5,186,10,83
d_margin_r4,2,ar,2026Q1,lasso,0.14353417836697732,5,185,7,84
d_margin_r4,2,ar,2026Q1,ridge,3831.186849557289,2,185,185,84
d_margin_r4,2,ar,2026Q1,enet,0.28706835673395464,5,185,11,84
d_margin_r4,2,ar,2026Q2,lasso,0.46966369678979747,0,185,0,85
d_margin_r4,2,ar,2026Q2,ridge,6189.658188912604,1,185,185,85
d_margin_r4,2,ar,2026Q2,enet,0.9393273935795949,0,185,0,85
