feature_id,base_series,folder,transform,description,country,category,core,realtime_min_lag_q,start,end,n_obs,notes
no_agri_price_idx__yoy,no_agri_price_idx,NO,yoy,Agricultural output price index incl. subsidies (Jordbrukets prisindeks / volume and price index of BFJ) | yoy: 100*ln(x_t/x_t-4),NO,producer_prices_input_costs,False,2,1995Q1,2026Q3,127,ANNUAL value assigned to all 4 quarters of the year; latest year is a budget estimate (published Aug/Sep of the same year)
no_agri_price_idx__dyoy,no_agri_price_idx,NO,dyoy,Agricultural output price index incl. subsidies (Jordbrukets prisindeks / volume and price index of BFJ) | dyoy: yoy_t - yoy_t-4,NO,producer_prices_input_costs,False,2,1995Q1,2026Q3,127,ANNUAL value assigned to all 4 quarters of the year; latest year is a budget estimate (published Aug/Sep of the same year)
no_border_trade_exp_mnok_s1__yoy,no_border_trade_exp_mnok_s1,NO,yoy,"Cross-border shopping by Norwegians on same-day trips abroad, expenditure (old survey 2004-2022) | yoy: 100*ln(x_t/x_t-4)",NO,activity_retail,False,1,2005Q1,2022Q4,72,old survey 2004-2022; never chained with *_s2 (design break)
no_border_trade_exp_mnok_s1__dyoy,no_border_trade_exp_mnok_s1,NO,dyoy,"Cross-border shopping by Norwegians on same-day trips abroad, expenditure (old survey 2004-2022) | dyoy: yoy_t - yoy_t-4",NO,activity_retail,False,1,2006Q1,2022Q4,68,old survey 2004-2022; never chained with *_s2 (design break)
no_border_trade_exp_mnok_s2__yoy,no_border_trade_exp_mnok_s2,NO,yoy,"Cross-border shopping by Norwegians on same-day trips abroad, expenditure (new survey from 2023) | yoy: 100*ln(x_t/x_t-4)",NO,activity_retail,False,1,2024Q1,2026Q1,9,new survey from 2023Q1; never chained with *_s1 (design break)
no_border_trade_exp_mnok_s2__dyoy,no_border_trade_exp_mnok_s2,NO,dyoy,"Cross-border shopping by Norwegians on same-day trips abroad, expenditure (new survey from 2023) | dyoy: yoy_t - yoy_t-4",NO,activity_retail,False,1,2025Q1,2026Q1,5,new survey from 2023Q1; never chained with *_s1 (design break)
no_border_trade_trips_s1__yoy,no_border_trade_trips_s1,NO,yoy,"Cross-border shopping same-day trips abroad, number of trips (old survey 2004-2022) | yoy: 100*ln(x_t/x_t-4)",NO,activity_retail,False,1,2005Q1,2022Q4,72,old survey 2004-2022; never chained with *_s2 (design break)
no_border_trade_trips_s1__dyoy,no_border_trade_trips_s1,NO,dyoy,"Cross-border shopping same-day trips abroad, number of trips (old survey 2004-2022) | dyoy: yoy_t - yoy_t-4",NO,activity_retail,False,1,2006Q1,2022Q4,68,old survey 2004-2022; never chained with *_s2 (design break)
no_border_trade_trips_s2__yoy,no_border_trade_trips_s2,NO,yoy,"Cross-border shopping same-day trips abroad, number of trips (new survey from 2023) | yoy: 100*ln(x_t/x_t-4)",NO,activity_retail,False,1,2024Q1,2026Q1,9,new survey from 2023Q1; never chained with *_s1 (design break)
no_border_trade_trips_s2__dyoy,no_border_trade_trips_s2,NO,dyoy,"Cross-border shopping same-day trips abroad, number of trips (new survey from 2023) | dyoy: yoy_t - yoy_t-4",NO,activity_retail,False,1,2025Q1,2026Q1,5,new survey from 2023Q1; never chained with *_s1 (design break)
no_cpi_at_food_bev_idx__yoy,no_cpi_at_food_bev_idx,NO,yoy,CPI-AT (adjusted for tax changes) food and non-alcoholic beverages | yoy: 100*ln(x_t/x_t-4),NO,consumer_prices,False,0,2004Q1,2026Q2,90,
no_cpi_at_food_bev_idx__dyoy,no_cpi_at_food_bev_idx,NO,dyoy,CPI-AT (adjusted for tax changes) food and non-alcoholic beverages | dyoy: yoy_t - yoy_t-4,NO,consumer_prices,False,0,2005Q1,2026Q2,86,
no_cpi_at_idx__yoy,no_cpi_at_idx,NO,yoy,CPI adjusted for tax changes (CPI-AT) | yoy: 100*ln(x_t/x_t-4),NO,consumer_prices,False,0,2004Q1,2026Q2,90,
no_cpi_at_idx__dyoy,no_cpi_at_idx,NO,dyoy,CPI adjusted for tax changes (CPI-AT) | dyoy: yoy_t - yoy_t-4,NO,consumer_prices,False,0,2005Q1,2026Q2,86,
no_cpi_ate_idx__yoy,no_cpi_ate_idx,NO,yoy,"CPI adjusted for tax changes and excluding energy products (CPI-ATE, core) | yoy: 100*ln(x_t/x_t-4)",NO,consumer_prices,False,0,2004Q1,2026Q2,90,
no_cpi_ate_idx__dyoy,no_cpi_ate_idx,NO,dyoy,"CPI adjusted for tax changes and excluding energy products (CPI-ATE, core) | dyoy: yoy_t - yoy_t-4",NO,consumer_prices,False,0,2005Q1,2026Q2,86,
no_cpi_ate_sa_idx__yoy,no_cpi_ate_sa_idx,NO,yoy,"CPI-ATE, seasonally adjusted | yoy: 100*ln(x_t/x_t-4)",NO,consumer_prices,False,0,2004Q1,2026Q2,90,
no_cpi_ate_sa_idx__dyoy,no_cpi_ate_sa_idx,NO,dyoy,"CPI-ATE, seasonally adjusted | dyoy: yoy_t - yoy_t-4",NO,consumer_prices,False,0,2005Q1,2026Q2,86,
no_cpi_food_bev_idx__yoy,no_cpi_food_bev_idx,NO,yoy,CPI food and non-alcoholic beverages (COICOP 01) | yoy: 100*ln(x_t/x_t-4),NO,consumer_prices,False,0,1995Q1,2026Q2,126,
no_cpi_food_bev_idx__dyoy,no_cpi_food_bev_idx,NO,dyoy,CPI food and non-alcoholic beverages (COICOP 01) | dyoy: yoy_t - yoy_t-4,NO,consumer_prices,False,0,1995Q1,2026Q2,126,
no_cpi_food_cereals_idx__yoy,no_cpi_food_cereals_idx,NO,yoy,CPI cereals and cereal products incl. bread (COICOP 2018 01.1.1) | yoy: 100*ln(x_t/x_t-4),NO,consumer_prices,False,0,1995Q1,2026Q2,126,
no_cpi_food_cereals_idx__dyoy,no_cpi_food_cereals_idx,NO,dyoy,CPI cereals and cereal products incl. bread (COICOP 2018 01.1.1) | dyoy: yoy_t - yoy_t-4,NO,consumer_prices,False,0,1995Q1,2026Q2,126,
no_cpi_food_dairy_eggs_idx__yoy,no_cpi_food_dairy_eggs_idx,NO,yoy,"CPI milk, other dairy products and eggs (COICOP 2018 01.1.4) | yoy: 100*ln(x_t/x_t-4)",NO,consumer_prices,False,0,1995Q1,2026Q2,126,
no_cpi_food_dairy_eggs_idx__dyoy,no_cpi_food_dairy_eggs_idx,NO,dyoy,"CPI milk, other dairy products and eggs (COICOP 2018 01.1.4) | dyoy: yoy_t - yoy_t-4",NO,consumer_prices,False,0,1995Q1,2026Q2,126,
no_cpi_food_fish_idx__yoy,no_cpi_food_fish_idx,NO,yoy,CPI fish and other seafood (COICOP 2018 01.1.3) | yoy: 100*ln(x_t/x_t-4),NO,consumer_prices,False,0,1995Q1,2026Q2,126,
no_cpi_food_fish_idx__dyoy,no_cpi_food_fish_idx,NO,dyoy,CPI fish and other seafood (COICOP 2018 01.1.3) | dyoy: yoy_t - yoy_t-4,NO,consumer_prices,False,0,1995Q1,2026Q2,126,
no_cpi_food_fruit_idx__yoy,no_cpi_food_fruit_idx,NO,yoy,CPI fruits and nuts (COICOP 2018 01.1.6) | yoy: 100*ln(x_t/x_t-4),NO,consumer_prices,False,0,1995Q1,2026Q2,126,
no_cpi_food_fruit_idx__dyoy,no_cpi_food_fruit_idx,NO,dyoy,CPI fruits and nuts (COICOP 2018 01.1.6) | dyoy: yoy_t - yoy_t-4,NO,consumer_prices,False,0,1995Q1,2026Q2,126,
no_cpi_food_idx__yoy,no_cpi_food_idx,NO,yoy,CPI food (COICOP 01.1) | yoy: 100*ln(x_t/x_t-4),NO,consumer_prices,True,0,1995Q1,2026Q2,126,
no_cpi_food_idx__dyoy,no_cpi_food_idx,NO,dyoy,CPI food (COICOP 01.1) | dyoy: yoy_t - yoy_t-4,NO,consumer_prices,True,0,1995Q1,2026Q2,126,
no_cpi_food_meat_idx__yoy,no_cpi_food_meat_idx,NO,yoy,CPI meat (COICOP 2018 01.1.2) | yoy: 100*ln(x_t/x_t-4),NO,consumer_prices,False,0,1995Q1,2026Q2,126,
no_cpi_food_meat_idx__dyoy,no_cpi_food_meat_idx,NO,dyoy,CPI meat (COICOP 2018 01.1.2) | dyoy: yoy_t - yoy_t-4,NO,consumer_prices,False,0,1995Q1,2026Q2,126,
no_cpi_food_oils_fats_idx__yoy,no_cpi_food_oils_fats_idx,NO,yoy,CPI oils and fats (COICOP 2018 01.1.5) | yoy: 100*ln(x_t/x_t-4),NO,consumer_prices,False,0,1995Q1,2026Q2,126,
no_cpi_food_oils_fats_idx__dyoy,no_cpi_food_oils_fats_idx,NO,dyoy,CPI oils and fats (COICOP 2018 01.1.5) | dyoy: yoy_t - yoy_t-4,NO,consumer_prices,False,0,1995Q1,2026Q2,126,
no_cpi_food_other_idx__yoy,no_cpi_food_other_idx,NO,yoy,CPI ready-made food and other food products (COICOP 2018 01.1.9) | yoy: 100*ln(x_t/x_t-4),NO,consumer_prices,False,0,1995Q1,2026Q2,126,
no_cpi_food_other_idx__dyoy,no_cpi_food_other_idx,NO,dyoy,CPI ready-made food and other food products (COICOP 2018 01.1.9) | dyoy: yoy_t - yoy_t-4,NO,consumer_prices,False,0,1995Q1,2026Q2,126,
no_cpi_food_sugar_confect_idx__yoy,no_cpi_food_sugar_confect_idx,NO,yoy,"CPI sugar, confectionery and desserts incl. chocolate and ice cream (COICOP 2018 01.1.8) | yoy: 100*ln(x_t/x_t-4)",NO,consumer_prices,False,0,1995Q1,2026Q2,126,
no_cpi_food_sugar_confect_idx__dyoy,no_cpi_food_sugar_confect_idx,NO,dyoy,"CPI sugar, confectionery and desserts incl. chocolate and ice cream (COICOP 2018 01.1.8) | dyoy: yoy_t - yoy_t-4",NO,consumer_prices,False,0,1995Q1,2026Q2,126,
no_cpi_food_vegetables_idx__yoy,no_cpi_food_vegetables_idx,NO,yoy,"CPI vegetables, tubers and pulses incl. potatoes (COICOP 2018 01.1.7) | yoy: 100*ln(x_t/x_t-4)",NO,consumer_prices,False,0,1995Q1,2026Q2,126,
no_cpi_food_vegetables_idx__dyoy,no_cpi_food_vegetables_idx,NO,dyoy,"CPI vegetables, tubers and pulses incl. potatoes (COICOP 2018 01.1.7) | dyoy: yoy_t - yoy_t-4",NO,consumer_prices,False,0,1995Q1,2026Q2,126,
no_cpi_nonalc_bev_idx__yoy,no_cpi_nonalc_bev_idx,NO,yoy,CPI non-alcoholic beverages (COICOP 01.2) | yoy: 100*ln(x_t/x_t-4),NO,consumer_prices,False,0,1995Q1,2026Q2,126,
no_cpi_nonalc_bev_idx__dyoy,no_cpi_nonalc_bev_idx,NO,dyoy,CPI non-alcoholic beverages (COICOP 01.2) | dyoy: yoy_t - yoy_t-4,NO,consumer_prices,False,0,1995Q1,2026Q2,126,
no_cpi_total_idx__yoy,no_cpi_total_idx,NO,yoy,"Consumer price index (CPI), all items | yoy: 100*ln(x_t/x_t-4)",NO,consumer_prices,True,0,1995Q1,2026Q2,126,
no_cpi_total_idx__dyoy,no_cpi_total_idx,NO,dyoy,"Consumer price index (CPI), all items | dyoy: yoy_t - yoy_t-4",NO,consumer_prices,True,0,1995Q1,2026Q2,126,
no_credit_hh_c2_yoy__lvl,no_credit_hh_c2_yoy,NO,lvl,"Credit indicator C2, households: 12-month growth in domestic loan debt | lvl (growth rate): quarterly value",NO,rates,False,1,1995Q1,2026Q2,126,
no_credit_hh_c2_yoy__d4,no_credit_hh_c2_yoy,NO,d4,"Credit indicator C2, households: 12-month growth in domestic loan debt | d4 (growth rate): x_t - x_t-4",NO,rates,False,1,1995Q1,2026Q2,126,
no_dom_price_food_pif_idx__yoy,no_dom_price_food_pif_idx,NO,yoy,"Price index of first-hand domestic sales, domestically produced food (SITC 0), domestic market | yoy: 100*ln(x_t/x_t-4)",NO,producer_prices_input_costs,False,0,1995Q1,2026Q2,126,
no_dom_price_food_pif_idx__dyoy,no_dom_price_food_pif_idx,NO,dyoy,"Price index of first-hand domestic sales, domestically produced food (SITC 0), domestic market | dyoy: yoy_t - yoy_t-4",NO,producer_prices_input_costs,False,0,1995Q1,2026Q2,126,
no_elec_hh_energy_price__yoy,no_elec_hh_energy_price,NO,yoy,"Household electricity price (energy component), excl. taxes and grid rent, all contract types | yoy: 100*ln(x_t/x_t-4)",NO,energy,False,1,1999Q1,2026Q2,110,"survey redesign 2012 (possible level break; no visible step, kept)"
no_elec_hh_energy_price__dyoy,no_elec_hh_energy_price,NO,dyoy,"Household electricity price (energy component), excl. taxes and grid rent, all contract types | dyoy: yoy_t - yoy_t-4",NO,energy,False,1,2000Q1,2026Q2,106,"survey redesign 2012 (possible level break; no visible step, kept)"
no_elec_hh_total_price__yoy,no_elec_hh_total_price,NO,yoy,Household electricity price incl. grid rent and taxes (before government electricity support) | yoy: 100*ln(x_t/x_t-4),NO,energy,False,1,2004Q1,2026Q2,90,
no_elec_hh_total_price__dyoy,no_elec_hh_total_price,NO,dyoy,Household electricity price incl. grid rent and taxes (before government electricity support) | dyoy: yoy_t - yoy_t-4,NO,energy,False,1,2005Q1,2026Q2,86,
no_elspot_no2_eur__yoy,no_elspot_no2_eur,NO,yoy,"Nord Pool day-ahead spot price, bidding zone NO2 (Southern Norway), monthly average | yoy: 100*ln(x_t/x_t-4)",NO,energy,False,0,2000Q3,2026Q3,105,
no_elspot_no2_eur__dyoy,no_elspot_no2_eur,NO,dyoy,"Nord Pool day-ahead spot price, bidding zone NO2 (Southern Norway), monthly average | dyoy: yoy_t - yoy_t-4",NO,energy,False,0,2001Q3,2026Q3,101,
no_elspot_system_eur__yoy,no_elspot_system_eur,NO,yoy,"Nord Pool system price (Nordic), monthly average | yoy: 100*ln(x_t/x_t-4)",NO,energy,False,0,2000Q3,2024Q4,98,discontinued in free source after 2025-01 (qa_B I1)
no_elspot_system_eur__dyoy,no_elspot_system_eur,NO,dyoy,"Nord Pool system price (Nordic), monthly average | dyoy: yoy_t - yoy_t-4",NO,energy,False,0,2001Q3,2024Q4,94,discontinued in free source after 2025-01 (qa_B I1)
no_fx_czknok__yoy,no_fx_czknok,NO,yoy,"CZKNOK exchange rate, monthly average | yoy: 100*ln(x_t/x_t-4)",NO,fx,False,0,1995Q1,2026Q3,127,
no_fx_czknok__dyoy,no_fx_czknok,NO,dyoy,"CZKNOK exchange rate, monthly average | dyoy: yoy_t - yoy_t-4",NO,fx,False,0,1996Q1,2026Q3,123,
no_fx_dkknok__yoy,no_fx_dkknok,NO,yoy,"DKKNOK exchange rate, monthly average | yoy: 100*ln(x_t/x_t-4)",NO,fx,False,0,1995Q1,2026Q3,127,
no_fx_dkknok__dyoy,no_fx_dkknok,NO,dyoy,"DKKNOK exchange rate, monthly average | dyoy: yoy_t - yoy_t-4",NO,fx,False,0,1995Q1,2026Q3,127,
no_fx_eurnok__yoy,no_fx_eurnok,NO,yoy,"EURNOK exchange rate, monthly average | yoy: 100*ln(x_t/x_t-4)",NO,fx,True,0,2000Q1,2026Q3,107,
no_fx_eurnok__dyoy,no_fx_eurnok,NO,dyoy,"EURNOK exchange rate, monthly average | dyoy: yoy_t - yoy_t-4",NO,fx,True,0,2001Q1,2026Q3,103,
no_fx_i44__yoy,no_fx_i44,NO,yoy,"Import-weighted krone exchange rate index I-44 (higher = weaker NOK), monthly average | yoy: 100*ln(x_t/x_t-4)",NO,fx,False,0,1995Q1,2026Q3,127,
no_fx_i44__dyoy,no_fx_i44,NO,dyoy,"Import-weighted krone exchange rate index I-44 (higher = weaker NOK), monthly average | dyoy: yoy_t - yoy_t-4",NO,fx,False,0,1995Q1,2026Q3,127,
no_fx_seknok__yoy,no_fx_seknok,NO,yoy,"SEKNOK exchange rate, monthly average | yoy: 100*ln(x_t/x_t-4)",NO,fx,False,0,1995Q1,2026Q3,127,
no_fx_seknok__dyoy,no_fx_seknok,NO,dyoy,"SEKNOK exchange rate, monthly average | dyoy: yoy_t - yoy_t-4",NO,fx,False,0,1995Q1,2026Q3,127,
no_fx_usdnok__yoy,no_fx_usdnok,NO,yoy,"USDNOK exchange rate, monthly average | yoy: 100*ln(x_t/x_t-4)",NO,fx,False,0,1995Q1,2026Q3,127,
no_fx_usdnok__dyoy,no_fx_usdnok,NO,dyoy,"USDNOK exchange rate, monthly average | dyoy: yoy_t - yoy_t-4",NO,fx,False,0,1995Q1,2026Q3,127,
no_gdp_mainland_sa_mnok__yoy,no_gdp_mainland_sa_mnok,NO,yoy,"GDP Mainland Norway (market values), constant 2023 prices | yoy: 100*ln(x_t/x_t-4)",NO,activity_retail,False,1,1995Q1,2026Q2,126,
no_gdp_mainland_sa_mnok__dyoy,no_gdp_mainland_sa_mnok,NO,dyoy,"GDP Mainland Norway (market values), constant 2023 prices | dyoy: yoy_t - yoy_t-4",NO,activity_retail,False,1,1995Q1,2026Q2,126,
no_govbond_10y__lvl,no_govbond_10y,NO,lvl,"10-year Norwegian government bond yield (OECD long-term interest rate), monthly average | lvl (interest rate / yield (percent)): quarterly value",NO,rates,True,0,1995Q1,2026Q3,127,
no_govbond_10y__d4,no_govbond_10y,NO,d4,"10-year Norwegian government bond yield (OECD long-term interest rate), monthly average | d4 (interest rate / yield (percent)): x_t - x_t-4",NO,rates,True,0,1995Q1,2026Q3,127,
no_hh_food_cons_vol_sa_idx__yoy,no_hh_food_cons_vol_sa_idx,NO,yoy,"Index of household consumption of goods: food, beverages and tobacco, volume | yoy: 100*ln(x_t/x_t-4)",NO,activity_retail,False,1,2001Q1,2025Q2,98,discontinued 2025-06 (qa_B I1)
no_hh_food_cons_vol_sa_idx__dyoy,no_hh_food_cons_vol_sa_idx,NO,dyoy,"Index of household consumption of goods: food, beverages and tobacco, volume | dyoy: yoy_t - yoy_t-4",NO,activity_retail,False,1,2002Q1,2025Q2,94,discontinued 2025-06 (qa_B I1)
no_hh_goods_cons_vol_sa_idx__yoy,no_hh_goods_cons_vol_sa_idx,NO,yoy,"Index of household consumption of goods (varekonsumindeks), total, volume | yoy: 100*ln(x_t/x_t-4)",NO,activity_retail,False,1,2001Q1,2025Q2,98,discontinued 2025-06 (qa_B I1)
no_hh_goods_cons_vol_sa_idx__dyoy,no_hh_goods_cons_vol_sa_idx,NO,dyoy,"Index of household consumption of goods (varekonsumindeks), total, volume | dyoy: yoy_t - yoy_t-4",NO,activity_retail,False,1,2002Q1,2025Q2,94,discontinued 2025-06 (qa_B I1)
no_hh_loan_rate_q__lvl,no_hh_loan_rate_q,NO,lvl,"Average interest rate on outstanding loans to households, banks and mortgage companies (all loans) | lvl (interest rate / yield (percent)): quarterly value",NO,rates,False,1,2002Q1,2026Q2,98,
no_hh_loan_rate_q__d4,no_hh_loan_rate_q,NO,d4,"Average interest rate on outstanding loans to households, banks and mortgage companies (all loans) | d4 (interest rate / yield (percent)): x_t - x_t-4",NO,rates,False,1,2003Q1,2026Q2,94,
no_hh_mortgage_rate__lvl,no_hh_mortgage_rate,NO,lvl,"Average interest rate on outstanding loans secured on dwellings, households (sample of banks and mortgage companies) | lvl (interest rate / yield (percent)): quarterly value",NO,rates,False,1,2014Q1,2026Q2,50,
no_hh_mortgage_rate__d4,no_hh_mortgage_rate,NO,d4,"Average interest rate on outstanding loans secured on dwellings, households (sample of banks and mortgage companies) | d4 (interest rate / yield (percent)): x_t - x_t-4",NO,rates,False,1,2015Q1,2026Q2,46,
no_house_price_idx__yoy,no_house_price_idx,NO,yoy,"Price index for existing dwellings, whole country, all dwelling types | yoy: 100*ln(x_t/x_t-4)",NO,other,False,1,1995Q1,2026Q2,126,
no_house_price_idx__dyoy,no_house_price_idx,NO,dyoy,"Price index for existing dwellings, whole country, all dwelling types | dyoy: yoy_t - yoy_t-4",NO,other,False,1,1995Q1,2026Q2,126,
no_imp_price_cereals_idx__yoy,no_imp_price_cereals_idx,NO,yoy,"Import price index, cereals and cereal preparations (SITC 04), first-hand domestic sales, import market | yoy: 100*ln(x_t/x_t-4)",NO,producer_prices_input_costs,False,0,2005Q1,2026Q2,86,masked start..2003-12-01: qa_B I3 carried-forward prices; start 2004
no_imp_price_cereals_idx__dyoy,no_imp_price_cereals_idx,NO,dyoy,"Import price index, cereals and cereal preparations (SITC 04), first-hand domestic sales, import market | dyoy: yoy_t - yoy_t-4",NO,producer_prices_input_costs,False,0,2006Q1,2026Q2,82,masked start..2003-12-01: qa_B I3 carried-forward prices; start 2004
no_imp_price_coffee_cocoa_idx__yoy,no_imp_price_coffee_cocoa_idx,NO,yoy,"Import price index, coffee, tea, cocoa, spices (SITC 07), first-hand domestic sales, import market | yoy: 100*ln(x_t/x_t-4)",NO,producer_prices_input_costs,False,0,2002Q1,2026Q2,94,masked 2003-01-01..2003-04-01: qa_B I3 source anomaly 2003-01..04
no_imp_price_coffee_cocoa_idx__dyoy,no_imp_price_coffee_cocoa_idx,NO,dyoy,"Import price index, coffee, tea, cocoa, spices (SITC 07), first-hand domestic sales, import market | dyoy: yoy_t - yoy_t-4",NO,producer_prices_input_costs,False,0,2003Q3,2026Q2,88,masked 2003-01-01..2003-04-01: qa_B I3 source anomaly 2003-01..04
no_imp_price_food_idx__yoy,no_imp_price_food_idx,NO,yoy,"Import price index for food (SITC 0, food and live animals): price index of first-hand domestic sales, import market | yoy: 100*ln(x_t/x_t-4)",NO,producer_prices_input_costs,True,0,2002Q1,2026Q2,98,
no_imp_price_food_idx__dyoy,no_imp_price_food_idx,NO,dyoy,"Import price index for food (SITC 0, food and live animals): price index of first-hand domestic sales, import market | dyoy: yoy_t - yoy_t-4",NO,producer_prices_input_costs,True,0,2003Q1,2026Q2,94,
no_imp_price_total_idx__yoy,no_imp_price_total_idx,NO,yoy,"Import price index, all goods (all SITC groups), first-hand domestic sales, import market | yoy: 100*ln(x_t/x_t-4)",NO,producer_prices_input_costs,False,0,2002Q1,2026Q2,94,masked 2003-01-01..2003-04-01: qa_B I3 source anomaly 2003-01..04
no_imp_price_total_idx__dyoy,no_imp_price_total_idx,NO,dyoy,"Import price index, all goods (all SITC groups), first-hand domestic sales, import market | dyoy: yoy_t - yoy_t-4",NO,producer_prices_input_costs,False,0,2003Q3,2026Q2,88,masked 2003-01-01..2003-04-01: qa_B I3 source anomaly 2003-01..04
no_jordbruk_malpris_mnok__lvl,no_jordbruk_malpris_mnok,NO,lvl,"Agricultural settlement: agreed change in target prices (malpriser), full-year effect | lvl (policy change (NOK million)): quarterly value",NO,tax_policy,True,0,2000Q3,2026Q3,105,"ANNUAL policy value assigned by effective date (1 July Y -> Q3 Y..Q2 Y+1); d4 NaN across break(s): scope change: milk no longer target-priced from the 2025 settlement (effective 1 Jul 2025); lvl from 2025Q3 covers only cereals, potatoes, vegetables and fruit and is not comparable with earlier years (catalog)"
no_jordbruk_malpris_mnok__d4,no_jordbruk_malpris_mnok,NO,d4,"Agricultural settlement: agreed change in target prices (malpriser), full-year effect | d4 (policy change (NOK million)): x_t - x_t-4",NO,tax_policy,True,0,2001Q3,2026Q3,97,"ANNUAL policy value assigned by effective date (1 July Y -> Q3 Y..Q2 Y+1); d4 NaN across break(s): scope change: milk no longer target-priced from the 2025 settlement (effective 1 Jul 2025); lvl from 2025Q3 covers only cereals, potatoes, vegetables and fruit and is not comparable with earlier years (catalog)"
no_jordbruk_ramme_mnok__lvl,no_jordbruk_ramme_mnok,NO,lvl,Agricultural settlement (jordbruksoppgjoret): total economic framework (ramme) of the agreement | lvl (policy change (NOK million)): quarterly value,NO,tax_policy,False,0,2001Q3,2026Q3,101,ANNUAL policy value assigned by effective date (1 July Y -> Q3 Y..Q2 Y+1); definitions vary between years (2002/2006 incl. tax-deduction changes; 2022 = extraordinary two-year total of 10.9 bn incl. cost compensation; 2000 missing) (catalog)
no_jordbruk_ramme_mnok__d4,no_jordbruk_ramme_mnok,NO,d4,Agricultural settlement (jordbruksoppgjoret): total economic framework (ramme) of the agreement | d4 (policy change (NOK million)): x_t - x_t-4,NO,tax_policy,False,0,2002Q3,2026Q3,97,ANNUAL policy value assigned by effective date (1 July Y -> Q3 Y..Q2 Y+1); definitions vary between years (2002/2006 incl. tax-deduction changes; 2022 = extraordinary two-year total of 10.9 bn incl. cost compensation; 2000 missing) (catalog)
no_lfs_unemp_rate_q_nsa__lvl,no_lfs_unemp_rate_q_nsa,NO,lvl,"LFS (AKU) unemployment rate, 15-74 years, quarterly | lvl (ratio (percent)): quarterly value",NO,labour_market,False,1,1995Q1,2026Q2,126,d4 NaN across break(s): LFS methodological breaks 2006 and 2021 (catalog)
no_lfs_unemp_rate_q_nsa__d4,no_lfs_unemp_rate_q_nsa,NO,d4,"LFS (AKU) unemployment rate, 15-74 years, quarterly | d4 (ratio (percent)): x_t - x_t-4",NO,labour_market,False,1,1995Q1,2026Q2,118,d4 NaN across break(s): LFS methodological breaks 2006 and 2021 (catalog)
no_mna_hh_goods_cons_sa_mnok__yoy,no_mna_hh_goods_cons_sa_mnok,NO,yoy,"Monthly national accounts: household final consumption expenditure on goods, constant 2023 prices | yoy: 100*ln(x_t/x_t-4)",NO,activity_retail,False,1,2017Q1,2026Q2,38,
no_mna_hh_goods_cons_sa_mnok__dyoy,no_mna_hh_goods_cons_sa_mnok,NO,dyoy,"Monthly national accounts: household final consumption expenditure on goods, constant 2023 prices | dyoy: yoy_t - yoy_t-4",NO,activity_retail,False,1,2018Q1,2026Q2,34,
no_nav_unemp_level_sa__yoy,no_nav_unemp_level_sa,NO,yoy,NAV registered fully unemployed persons (helt ledige) | yoy: 100*ln(x_t/x_t-4),NO,labour_market,False,0,1995Q1,2026Q3,123,yoy NaN across break(s): NAV register modernisation break 2025-04 (qa_B I5)
no_nav_unemp_level_sa__dyoy,no_nav_unemp_level_sa,NO,dyoy,NAV registered fully unemployed persons (helt ledige) | dyoy: yoy_t - yoy_t-4,NO,labour_market,False,0,1995Q1,2025Q1,121,yoy NaN across break(s): NAV register modernisation break 2025-04 (qa_B I5)
no_nav_unemp_rate_sa__lvl,no_nav_unemp_rate_sa,NO,lvl,NAV registered unemployment rate (helt ledige in percent of labour force) | lvl (ratio (percent)): quarterly value,NO,labour_market,False,0,2011Q1,2026Q3,63,d4 NaN across break(s): labour-force base change 2022-01; register break 2025-04
no_nav_unemp_rate_sa__d4,no_nav_unemp_rate_sa,NO,d4,NAV registered unemployment rate (helt ledige in percent of labour force) | d4 (ratio (percent)): x_t - x_t-4,NO,labour_market,False,0,2012Q1,2026Q3,51,d4 NaN across break(s): labour-force base change 2022-01; register break 2025-04
no_nibor_3m__lvl,no_nibor_3m,NO,lvl,"3-month NIBOR (OECD short-term interest rate for Norway), monthly average | lvl (interest rate / yield (percent)): quarterly value",NO,rates,False,0,1995Q1,2026Q3,127,
no_nibor_3m__d4,no_nibor_3m,NO,d4,"3-month NIBOR (OECD short-term interest rate for Norway), monthly average | d4 (interest rate / yield (percent)): x_t - x_t-4",NO,rates,False,0,1995Q1,2026Q3,127,
no_policy_rate__lvl,no_policy_rate,NO,lvl,"Norges Bank key policy rate (sight deposit rate), monthly average of daily observations | lvl (interest rate / yield (percent)): quarterly value",NO,rates,True,0,1995Q1,2026Q3,127,
no_policy_rate__d4,no_policy_rate,NO,d4,"Norges Bank key policy rate (sight deposit rate), monthly average of daily observations | d4 (interest rate / yield (percent)): x_t - x_t-4",NO,rates,True,0,1995Q1,2026Q3,127,
no_ppi_food_dom_idx__yoy,no_ppi_food_dom_idx,NO,yoy,"Producer price index, manufacture of food products (NACE 10), domestic market | yoy: 100*ln(x_t/x_t-4)",NO,producer_prices_input_costs,True,0,2001Q1,2026Q2,102,
no_ppi_food_dom_idx__dyoy,no_ppi_food_dom_idx,NO,dyoy,"Producer price index, manufacture of food products (NACE 10), domestic market | dyoy: yoy_t - yoy_t-4",NO,producer_prices_input_costs,True,0,2002Q1,2026Q2,98,
no_ppi_meat_dom_idx__yoy,no_ppi_meat_dom_idx,NO,yoy,"Producer price index, processing of meat and meat products (NACE 10.1), domestic market | yoy: 100*ln(x_t/x_t-4)",NO,producer_prices_input_costs,False,0,2001Q1,2026Q2,102,
no_ppi_meat_dom_idx__dyoy,no_ppi_meat_dom_idx,NO,dyoy,"Producer price index, processing of meat and meat products (NACE 10.1), domestic market | dyoy: yoy_t - yoy_t-4",NO,producer_prices_input_costs,False,0,2002Q1,2026Q2,98,
no_ppi_otherfood_dom_idx__yoy,no_ppi_otherfood_dom_idx,NO,yoy,"Producer price index, manufacture of other food products (NACE 10.8: bakery excl., sugar, cocoa/chocolate, coffee, condiments, ready meals...), domestic market | yoy: 100*ln(x_t/x_t-4)",NO,producer_prices_input_costs,False,0,2001Q1,2026Q2,102,
no_ppi_otherfood_dom_idx__dyoy,no_ppi_otherfood_dom_idx,NO,dyoy,"Producer price index, manufacture of other food products (NACE 10.8: bakery excl., sugar, cocoa/chocolate, coffee, condiments, ready meals...), domestic market | dyoy: yoy_t - yoy_t-4",NO,producer_prices_input_costs,False,0,2002Q1,2026Q2,98,
no_qna_hh_cons_sa_mnok__yoy,no_qna_hh_cons_sa_mnok,NO,yoy,"Quarterly national accounts: household final consumption expenditure, constant 2023 prices | yoy: 100*ln(x_t/x_t-4)",NO,activity_retail,False,1,1995Q1,2026Q2,126,
no_qna_hh_cons_sa_mnok__dyoy,no_qna_hh_cons_sa_mnok,NO,dyoy,"Quarterly national accounts: household final consumption expenditure, constant 2023 prices | dyoy: yoy_t - yoy_t-4",NO,activity_retail,False,1,1995Q1,2026Q2,126,
no_qna_hh_food_cons_sa_mnok__yoy,no_qna_hh_food_cons_sa_mnok,NO,yoy,"Quarterly national accounts: household consumption of food and non-alcoholic beverages, constant 2023 prices | yoy: 100*ln(x_t/x_t-4)",NO,activity_retail,True,1,1995Q1,2026Q2,126,
no_qna_hh_food_cons_sa_mnok__dyoy,no_qna_hh_food_cons_sa_mnok,NO,dyoy,"Quarterly national accounts: household consumption of food and non-alcoholic beverages, constant 2023 prices | dyoy: yoy_t - yoy_t-4",NO,activity_retail,True,1,1995Q1,2026Q2,126,
no_qna_hh_goods_cons_sa_mnok__yoy,no_qna_hh_goods_cons_sa_mnok,NO,yoy,"Quarterly national accounts: household consumption of goods, constant 2023 prices | yoy: 100*ln(x_t/x_t-4)",NO,activity_retail,False,1,1995Q1,2026Q2,126,
no_qna_hh_goods_cons_sa_mnok__dyoy,no_qna_hh_goods_cons_sa_mnok,NO,dyoy,"Quarterly national accounts: household consumption of goods, constant 2023 prices | dyoy: yoy_t - yoy_t-4",NO,activity_retail,False,1,1995Q1,2026Q2,126,
no_retail_foodstores_val_sa_idx__yoy,no_retail_foodstores_val_sa_idx,NO,yoy,"Retail trade value (sales) index, non-specialised stores with food predominating (NACE 47.11, grocery stores) | yoy: 100*ln(x_t/x_t-4)",NO,activity_retail,False,1,2001Q1,2026Q2,102,
no_retail_foodstores_val_sa_idx__dyoy,no_retail_foodstores_val_sa_idx,NO,dyoy,"Retail trade value (sales) index, non-specialised stores with food predominating (NACE 47.11, grocery stores) | dyoy: yoy_t - yoy_t-4",NO,activity_retail,False,1,2002Q1,2026Q2,98,
no_retail_foodstores_vol_sa_idx__yoy,no_retail_foodstores_vol_sa_idx,NO,yoy,"Retail trade volume index, non-specialised stores with food predominating (NACE 47.11, grocery stores) | yoy: 100*ln(x_t/x_t-4)",NO,activity_retail,True,1,2001Q1,2026Q2,102,
no_retail_foodstores_vol_sa_idx__dyoy,no_retail_foodstores_vol_sa_idx,NO,dyoy,"Retail trade volume index, non-specialised stores with food predominating (NACE 47.11, grocery stores) | dyoy: yoy_t - yoy_t-4",NO,activity_retail,True,1,2002Q1,2026Q2,98,
no_retail_vol_sa_idx__yoy,no_retail_vol_sa_idx,NO,yoy,"Retail trade volume index, retail trade except motor vehicles (NACE 47) | yoy: 100*ln(x_t/x_t-4)",NO,activity_retail,False,1,2001Q1,2026Q2,102,
no_retail_vol_sa_idx__dyoy,no_retail_vol_sa_idx,NO,dyoy,"Retail trade volume index, retail trade except motor vehicles (NACE 47) | dyoy: yoy_t - yoy_t-4",NO,activity_retail,False,1,2002Q1,2026Q2,98,
no_trade_imp_price_food_q_idx__yoy,no_trade_imp_price_food_q_idx,NO,yoy,"External trade price index, imports of food and live animals (SITC 0) | yoy: 100*ln(x_t/x_t-4)",NO,producer_prices_input_costs,False,1,1995Q1,2026Q2,126,
no_trade_imp_price_food_q_idx__dyoy,no_trade_imp_price_food_q_idx,NO,dyoy,"External trade price index, imports of food and live animals (SITC 0) | dyoy: yoy_t - yoy_t-4",NO,producer_prices_input_costs,False,1,1995Q1,2026Q2,126,
no_vat_food_rate__lvl,no_vat_food_rate,NO,lvl,VAT rate on food (naeringsmidler) in Norway | lvl (tax rate): quarterly value,NO,tax_policy,True,0,1995Q1,2026Q3,127,3 obs dated after 2026-09 removed; legislated step series; values after 2026-09 removed
no_vat_food_rate__d4,no_vat_food_rate,NO,d4,VAT rate on food (naeringsmidler) in Norway | d4 (tax rate): x_t - x_t-4,NO,tax_policy,True,0,1995Q1,2026Q3,127,3 obs dated after 2026-09 removed; legislated step series; values after 2026-09 removed
se_cpi_idx__yoy,se_cpi_idx,SE,yoy,"CPI total (KPI), 2020=100 | yoy: 100*ln(x_t/x_t-4)",SE,consumer_prices,True,0,1995Q1,2026Q2,126,
se_cpi_idx__dyoy,se_cpi_idx,SE,dyoy,"CPI total (KPI), 2020=100 | dyoy: yoy_t - yoy_t-4",SE,consumer_prices,True,0,1995Q1,2026Q2,126,
se_cpif_idx__yoy,se_cpif_idx,SE,yoy,"CPIF (CPI with fixed interest rate; Riksbank target variable), 2020=100 | yoy: 100*ln(x_t/x_t-4)",SE,consumer_prices,False,0,1995Q1,2026Q2,126,
se_cpif_idx__dyoy,se_cpif_idx,SE,dyoy,"CPIF (CPI with fixed interest rate; Riksbank target variable), 2020=100 | dyoy: yoy_t - yoy_t-4",SE,consumer_prices,False,0,1995Q1,2026Q2,126,
se_cpifxe_idx__yoy,se_cpifxe_idx,SE,yoy,"CPIF excluding energy (CPIF-XE), 2020=100 | yoy: 100*ln(x_t/x_t-4)",SE,consumer_prices,False,0,1995Q1,2026Q2,126,
se_cpifxe_idx__dyoy,se_cpifxe_idx,SE,dyoy,"CPIF excluding energy (CPIF-XE), 2020=100 | dyoy: yoy_t - yoy_t-4",SE,consumer_prices,False,0,1995Q1,2026Q2,126,
se_cpif_ct_idx__yoy,se_cpif_ct_idx,SE,yoy,"CPIF at constant taxes (CPIF-CT), 2020=100 | yoy: 100*ln(x_t/x_t-4)",SE,consumer_prices,False,0,1995Q1,2026Q2,126,
se_cpif_ct_idx__dyoy,se_cpif_ct_idx,SE,dyoy,"CPIF at constant taxes (CPIF-CT), 2020=100 | dyoy: yoy_t - yoy_t-4",SE,consumer_prices,False,0,1995Q1,2026Q2,126,
se_cpi_food_nab_idx__yoy,se_cpi_food_nab_idx,SE,yoy,"CPI food and non-alcoholic beverages (COICOP 01), 2020=100 | yoy: 100*ln(x_t/x_t-4)",SE,consumer_prices,False,0,1995Q1,2026Q2,126,
se_cpi_food_nab_idx__dyoy,se_cpi_food_nab_idx,SE,dyoy,"CPI food and non-alcoholic beverages (COICOP 01), 2020=100 | dyoy: yoy_t - yoy_t-4",SE,consumer_prices,False,0,1995Q1,2026Q2,126,
se_cpi_food_idx__yoy,se_cpi_food_idx,SE,yoy,"CPI food (COICOP 2018 01.1), index 2020=100 | yoy: 100*ln(x_t/x_t-4)",SE,consumer_prices,True,0,1995Q1,2026Q2,126,
se_cpi_food_idx__dyoy,se_cpi_food_idx,SE,dyoy,"CPI food (COICOP 2018 01.1), index 2020=100 | dyoy: yoy_t - yoy_t-4",SE,consumer_prices,True,0,1995Q1,2026Q2,126,
se_cpi_food_cereals_bread_idx__yoy,se_cpi_food_cereals_bread_idx,SE,yoy,"CPI cereals and cereal products (bread, bakery, pasta) (COICOP 2018 01.1.1), index 2020=100 | yoy: 100*ln(x_t/x_t-4)",SE,consumer_prices,False,0,1995Q1,2026Q2,126,
se_cpi_food_cereals_bread_idx__dyoy,se_cpi_food_cereals_bread_idx,SE,dyoy,"CPI cereals and cereal products (bread, bakery, pasta) (COICOP 2018 01.1.1), index 2020=100 | dyoy: yoy_t - yoy_t-4",SE,consumer_prices,False,0,1995Q1,2026Q2,126,
se_cpi_food_meat_idx__yoy,se_cpi_food_meat_idx,SE,yoy,"CPI meat (COICOP 2018 01.1.2), index 2020=100 | yoy: 100*ln(x_t/x_t-4)",SE,consumer_prices,False,0,1995Q1,2026Q2,126,
se_cpi_food_meat_idx__dyoy,se_cpi_food_meat_idx,SE,dyoy,"CPI meat (COICOP 2018 01.1.2), index 2020=100 | dyoy: yoy_t - yoy_t-4",SE,consumer_prices,False,0,1995Q1,2026Q2,126,
se_cpi_food_fish_idx__yoy,se_cpi_food_fish_idx,SE,yoy,"CPI fish and seafood (COICOP 2018 01.1.3), index 2020=100 | yoy: 100*ln(x_t/x_t-4)",SE,consumer_prices,False,0,1995Q1,2026Q2,126,
se_cpi_food_fish_idx__dyoy,se_cpi_food_fish_idx,SE,dyoy,"CPI fish and seafood (COICOP 2018 01.1.3), index 2020=100 | dyoy: yoy_t - yoy_t-4",SE,consumer_prices,False,0,1995Q1,2026Q2,126,
se_cpi_food_dairy_eggs_idx__yoy,se_cpi_food_dairy_eggs_idx,SE,yoy,"CPI milk, other dairy products and eggs (COICOP 2018 01.1.4), index 2020=100 | yoy: 100*ln(x_t/x_t-4)",SE,consumer_prices,False,0,1995Q1,2026Q2,126,
se_cpi_food_dairy_eggs_idx__dyoy,se_cpi_food_dairy_eggs_idx,SE,dyoy,"CPI milk, other dairy products and eggs (COICOP 2018 01.1.4), index 2020=100 | dyoy: yoy_t - yoy_t-4",SE,consumer_prices,False,0,1995Q1,2026Q2,126,
se_cpi_food_oils_fats_idx__yoy,se_cpi_food_oils_fats_idx,SE,yoy,"CPI oils and fats (COICOP 2018 01.1.5), index 2020=100 | yoy: 100*ln(x_t/x_t-4)",SE,consumer_prices,False,0,1995Q1,2026Q2,126,
se_cpi_food_oils_fats_idx__dyoy,se_cpi_food_oils_fats_idx,SE,dyoy,"CPI oils and fats (COICOP 2018 01.1.5), index 2020=100 | dyoy: yoy_t - yoy_t-4",SE,consumer_prices,False,0,1995Q1,2026Q2,126,
se_cpi_food_fruit_nuts_idx__yoy,se_cpi_food_fruit_nuts_idx,SE,yoy,"CPI fruits and nuts (COICOP 2018 01.1.6), index 2020=100 | yoy: 100*ln(x_t/x_t-4)",SE,consumer_prices,False,0,1995Q1,2026Q2,126,
se_cpi_food_fruit_nuts_idx__dyoy,se_cpi_food_fruit_nuts_idx,SE,dyoy,"CPI fruits and nuts (COICOP 2018 01.1.6), index 2020=100 | dyoy: yoy_t - yoy_t-4",SE,consumer_prices,False,0,1995Q1,2026Q2,126,
se_cpi_food_vegetables_idx__yoy,se_cpi_food_vegetables_idx,SE,yoy,"CPI vegetables, tubers and pulses (COICOP 2018 01.1.7), index 2020=100 | yoy: 100*ln(x_t/x_t-4)",SE,consumer_prices,False,0,1995Q1,2026Q2,126,
se_cpi_food_vegetables_idx__dyoy,se_cpi_food_vegetables_idx,SE,dyoy,"CPI vegetables, tubers and pulses (COICOP 2018 01.1.7), index 2020=100 | dyoy: yoy_t - yoy_t-4",SE,consumer_prices,False,0,1995Q1,2026Q2,126,
se_cpi_food_sugar_confect_idx__yoy,se_cpi_food_sugar_confect_idx,SE,yoy,"CPI sugar, confectionery and desserts (COICOP 2018 01.1.8), index 2020=100 | yoy: 100*ln(x_t/x_t-4)",SE,consumer_prices,False,0,1995Q1,2026Q2,126,
se_cpi_food_sugar_confect_idx__dyoy,se_cpi_food_sugar_confect_idx,SE,dyoy,"CPI sugar, confectionery and desserts (COICOP 2018 01.1.8), index 2020=100 | dyoy: yoy_t - yoy_t-4",SE,consumer_prices,False,0,1995Q1,2026Q2,126,
se_cpi_food_ready_other_idx__yoy,se_cpi_food_ready_other_idx,SE,yoy,"CPI ready-made food and other food products (incl. condiments, sauces) (COICOP 2018 01.1.9), index 2020=100 | yoy: 100*ln(x_t/x_t-4)",SE,consumer_prices,False,0,1995Q1,2026Q2,126,
se_cpi_food_ready_other_idx__dyoy,se_cpi_food_ready_other_idx,SE,dyoy,"CPI ready-made food and other food products (incl. condiments, sauces) (COICOP 2018 01.1.9), index 2020=100 | dyoy: yoy_t - yoy_t-4",SE,consumer_prices,False,0,1995Q1,2026Q2,126,
se_cpi_nonalc_bev_idx__yoy,se_cpi_nonalc_bev_idx,SE,yoy,"CPI non-alcoholic beverages (COICOP 2018 01.2), index 2020=100 | yoy: 100*ln(x_t/x_t-4)",SE,consumer_prices,False,0,1995Q1,2026Q2,126,
se_cpi_nonalc_bev_idx__dyoy,se_cpi_nonalc_bev_idx,SE,dyoy,"CPI non-alcoholic beverages (COICOP 2018 01.2), index 2020=100 | dyoy: yoy_t - yoy_t-4",SE,consumer_prices,False,0,1995Q1,2026Q2,126,
se_ppi_food_hmpi_idx__yoy,se_ppi_food_hmpi_idx,SE,yoy,"Food products (SPIN 2015 10), home market price index (HMPI), 2020=100 | yoy: 100*ln(x_t/x_t-4)",SE,producer_prices_input_costs,True,1,1995Q1,2026Q2,126,
se_ppi_food_hmpi_idx__dyoy,se_ppi_food_hmpi_idx,SE,dyoy,"Food products (SPIN 2015 10), home market price index (HMPI), 2020=100 | dyoy: yoy_t - yoy_t-4",SE,producer_prices_input_costs,True,1,1995Q1,2026Q2,126,
se_ppi_food_impi_idx__yoy,se_ppi_food_impi_idx,SE,yoy,"Food products (SPIN 2015 10), import price index (IMPI), 2020=100 | yoy: 100*ln(x_t/x_t-4)",SE,producer_prices_input_costs,False,1,1995Q1,2026Q2,126,
se_ppi_food_impi_idx__dyoy,se_ppi_food_impi_idx,SE,dyoy,"Food products (SPIN 2015 10), import price index (IMPI), 2020=100 | dyoy: yoy_t - yoy_t-4",SE,producer_prices_input_costs,False,1,1995Q1,2026Q2,126,
se_ppi_food_itpi_idx__yoy,se_ppi_food_itpi_idx,SE,yoy,"Food products (SPIN 2015 10), price index for domestic supply (ITPI = home market + imports), 2020=100 | yoy: 100*ln(x_t/x_t-4)",SE,producer_prices_input_costs,False,1,1995Q1,2026Q2,126,
se_ppi_food_itpi_idx__dyoy,se_ppi_food_itpi_idx,SE,dyoy,"Food products (SPIN 2015 10), price index for domestic supply (ITPI = home market + imports), 2020=100 | dyoy: yoy_t - yoy_t-4",SE,producer_prices_input_costs,False,1,1995Q1,2026Q2,126,
se_ppi_agri_hmpi_idx__yoy,se_ppi_agri_hmpi_idx,SE,yoy,"Products of agriculture and hunting (SPIN 2015 01), home market price index (HMPI), 2020=100 | yoy: 100*ln(x_t/x_t-4)",SE,producer_prices_input_costs,False,1,1995Q1,2026Q2,126,
se_ppi_agri_hmpi_idx__dyoy,se_ppi_agri_hmpi_idx,SE,dyoy,"Products of agriculture and hunting (SPIN 2015 01), home market price index (HMPI), 2020=100 | dyoy: yoy_t - yoy_t-4",SE,producer_prices_input_costs,False,1,1995Q1,2026Q2,126,
se_ppi_agri_impi_idx__yoy,se_ppi_agri_impi_idx,SE,yoy,"Products of agriculture and hunting (SPIN 2015 01), import price index (IMPI), 2020=100 | yoy: 100*ln(x_t/x_t-4)",SE,producer_prices_input_costs,False,1,1995Q1,2026Q2,126,
se_ppi_agri_impi_idx__dyoy,se_ppi_agri_impi_idx,SE,dyoy,"Products of agriculture and hunting (SPIN 2015 01), import price index (IMPI), 2020=100 | dyoy: yoy_t - yoy_t-4",SE,producer_prices_input_costs,False,1,1995Q1,2026Q2,126,
se_ppi_paper_packaging_itpi_idx__yoy,se_ppi_paper_packaging_itpi_idx,SE,yoy,"Corrugated paper/paperboard and containers (SPIN 2015 17.21), price index for domestic supply (ITPI = home market + imports), 2020=100 | yoy: 100*ln(x_t/x_t-4)",SE,packaging_freight,False,1,1995Q1,2026Q2,126,
se_ppi_paper_packaging_itpi_idx__dyoy,se_ppi_paper_packaging_itpi_idx,SE,dyoy,"Corrugated paper/paperboard and containers (SPIN 2015 17.21), price index for domestic supply (ITPI = home market + imports), 2020=100 | dyoy: yoy_t - yoy_t-4",SE,packaging_freight,False,1,1995Q1,2026Q2,126,
se_ppi_plastic_packaging_itpi_idx__yoy,se_ppi_plastic_packaging_itpi_idx,SE,yoy,"Plastic packing goods (SPIN 2015 22.22), price index for domestic supply (ITPI = home market + imports), 2020=100 | yoy: 100*ln(x_t/x_t-4)",SE,packaging_freight,False,1,1995Q1,2026Q2,126,
se_ppi_plastic_packaging_itpi_idx__dyoy,se_ppi_plastic_packaging_itpi_idx,SE,dyoy,"Plastic packing goods (SPIN 2015 22.22), price index for domestic supply (ITPI = home market + imports), 2020=100 | dyoy: yoy_t - yoy_t-4",SE,packaging_freight,False,1,1995Q1,2026Q2,126,
se_ppi_total_itpi_idx__yoy,se_ppi_total_itpi_idx,SE,yoy,"Total (sections B-E) (SPIN 2015 B-E), price index for domestic supply (ITPI = home market + imports), 2020=100 | yoy: 100*ln(x_t/x_t-4)",SE,producer_prices_input_costs,False,1,1995Q1,2026Q2,126,
se_ppi_total_itpi_idx__dyoy,se_ppi_total_itpi_idx,SE,dyoy,"Total (sections B-E) (SPIN 2015 B-E), price index for domestic supply (ITPI = home market + imports), 2020=100 | dyoy: yoy_t - yoy_t-4",SE,producer_prices_input_costs,False,1,1995Q1,2026Q2,126,
se_ppi_electricity_hmpi_idx__yoy,se_ppi_electricity_hmpi_idx,SE,yoy,"Electricity, transmission and distribution services (SPIN 2015 35.1), home market price index (HMPI), 2020=100 | yoy: 100*ln(x_t/x_t-4)",SE,energy,False,1,1997Q1,2026Q2,118,masked start..1995-12-01: qa_B I4 annual-only values 1990-95
se_ppi_electricity_hmpi_idx__dyoy,se_ppi_electricity_hmpi_idx,SE,dyoy,"Electricity, transmission and distribution services (SPIN 2015 35.1), home market price index (HMPI), 2020=100 | dyoy: yoy_t - yoy_t-4",SE,energy,False,1,1998Q1,2026Q2,114,masked start..1995-12-01: qa_B I4 annual-only values 1990-95
se_retail_vol_sa_idx__yoy,se_retail_vol_sa_idx,SE,yoy,"Retail trade excl. fuel (NACE 47 excl. 47.3), sales volume, seasonally and working-day adjusted, 2021=100 | yoy: 100*ln(x_t/x_t-4)",SE,activity_retail,False,1,1995Q1,2026Q2,126,
se_retail_vol_sa_idx__dyoy,se_retail_vol_sa_idx,SE,dyoy,"Retail trade excl. fuel (NACE 47 excl. 47.3), sales volume, seasonally and working-day adjusted, 2021=100 | dyoy: yoy_t - yoy_t-4",SE,activity_retail,False,1,1995Q1,2026Q2,126,
se_retail_grocery_vol_sa_idx__yoy,se_retail_grocery_vol_sa_idx,SE,yoy,"Retail sale with mostly food excl. Systembolaget = dagligvaruhandel (NACE 47.11+47.21-24+47.26+47.29), sales volume, SA+WDA, 2021=100 | yoy: 100*ln(x_t/x_t-4)",SE,activity_retail,True,1,1995Q1,2026Q2,126,
se_retail_grocery_vol_sa_idx__dyoy,se_retail_grocery_vol_sa_idx,SE,dyoy,"Retail sale with mostly food excl. Systembolaget = dagligvaruhandel (NACE 47.11+47.21-24+47.26+47.29), sales volume, SA+WDA, 2021=100 | dyoy: yoy_t - yoy_t-4",SE,activity_retail,True,1,1995Q1,2026Q2,126,
se_retail_grocery_value_idx__yoy,se_retail_grocery_value_idx,SE,yoy,"Retail sale with mostly food excl. Systembolaget = dagligvaruhandel, sales value at current prices, 2021=100 | yoy: 100*ln(x_t/x_t-4)",SE,activity_retail,False,1,1995Q1,2026Q2,126,
se_retail_grocery_value_idx__dyoy,se_retail_grocery_value_idx,SE,dyoy,"Retail sale with mostly food excl. Systembolaget = dagligvaruhandel, sales value at current prices, 2021=100 | dyoy: yoy_t - yoy_t-4",SE,activity_retail,False,1,1995Q1,2026Q2,126,
se_hhcons_ind_total_sa__yoy,se_hhcons_ind_total_sa,SE,yoy,"Household consumption indicator (new, COICOP 2018), total excl. COICOP 10 and 12, SA constant prices ref. year 2025 | yoy: 100*ln(x_t/x_t-4)",SE,activity_retail,False,1,2020Q1,2026Q2,26,
se_hhcons_ind_total_sa__dyoy,se_hhcons_ind_total_sa,SE,dyoy,"Household consumption indicator (new, COICOP 2018), total excl. COICOP 10 and 12, SA constant prices ref. year 2025 | dyoy: yoy_t - yoy_t-4",SE,activity_retail,False,1,2021Q1,2026Q2,22,
se_hhcons_ind_food_sa__yoy,se_hhcons_ind_food_sa,SE,yoy,"Household consumption indicator (new), COICOP 01 food and non-alcoholic beverages, SA constant prices ref. year 2025 | yoy: 100*ln(x_t/x_t-4)",SE,activity_retail,False,1,2020Q1,2026Q2,26,
se_hhcons_ind_food_sa__dyoy,se_hhcons_ind_food_sa,SE,dyoy,"Household consumption indicator (new), COICOP 01 food and non-alcoholic beverages, SA constant prices ref. year 2025 | dyoy: yoy_t - yoy_t-4",SE,activity_retail,False,1,2021Q1,2026Q2,22,
se_hhcons_ind_old_total_sa__yoy,se_hhcons_ind_old_total_sa,SE,yoy,"Monthly indicator for household consumption (old series, discontinued after 2026M03), total, SA+WDA fixed prices, 2021=100 | yoy: 100*ln(x_t/x_t-4)",SE,activity_retail,False,1,2001Q1,2026Q1,101,discontinued 2026-03; successor se_hhcons_ind_total_sa (2019-)
se_hhcons_ind_old_total_sa__dyoy,se_hhcons_ind_old_total_sa,SE,dyoy,"Monthly indicator for household consumption (old series, discontinued after 2026M03), total, SA+WDA fixed prices, 2021=100 | dyoy: yoy_t - yoy_t-4",SE,activity_retail,False,1,2002Q1,2026Q1,97,discontinued 2026-03; successor se_hhcons_ind_total_sa (2019-)
se_hhcons_ind_old_grocery_sa__yoy,se_hhcons_ind_old_grocery_sa,SE,yoy,"Monthly indicator for household consumption (old series), retail trade mostly food and beverages, SA+WDA fixed prices, 2021=100 | yoy: 100*ln(x_t/x_t-4)",SE,activity_retail,False,1,2001Q1,2026Q1,101,discontinued 2026-03; successor se_hhcons_ind_food_sa (2019-)
se_hhcons_ind_old_grocery_sa__dyoy,se_hhcons_ind_old_grocery_sa,SE,dyoy,"Monthly indicator for household consumption (old series), retail trade mostly food and beverages, SA+WDA fixed prices, 2021=100 | dyoy: yoy_t - yoy_t-4",SE,activity_retail,False,1,2002Q1,2026Q1,97,discontinued 2026-03; successor se_hhcons_ind_food_sa (2019-)
se_na_hhcons_total_sa__yoy,se_na_hhcons_total_sa,SE,yoy,"National accounts: household final consumption expenditure (total, S14), SA, constant prices ref. year 2025 | yoy: 100*ln(x_t/x_t-4)",SE,activity_retail,False,1,1995Q1,2026Q2,126,
se_na_hhcons_total_sa__dyoy,se_na_hhcons_total_sa,SE,dyoy,"National accounts: household final consumption expenditure (total, S14), SA, constant prices ref. year 2025 | dyoy: yoy_t - yoy_t-4",SE,activity_retail,False,1,1995Q1,2026Q2,126,
se_na_hhcons_food_sa__yoy,se_na_hhcons_food_sa,SE,yoy,"National accounts: household consumption of food and non-alcoholic beverages (COICOP 01), SA, constant prices ref. year 2025 | yoy: 100*ln(x_t/x_t-4)",SE,activity_retail,True,1,1995Q1,2026Q2,126,
se_na_hhcons_food_sa__dyoy,se_na_hhcons_food_sa,SE,dyoy,"National accounts: household consumption of food and non-alcoholic beverages (COICOP 01), SA, constant prices ref. year 2025 | dyoy: yoy_t - yoy_t-4",SE,activity_retail,True,1,1995Q1,2026Q2,126,
se_na_hhcons_food_cp_sa__yoy,se_na_hhcons_food_cp_sa,SE,yoy,"National accounts: household consumption of food and non-alcoholic beverages (COICOP 01), SA, current prices | yoy: 100*ln(x_t/x_t-4)",SE,activity_retail,False,1,1995Q1,2026Q2,126,
se_na_hhcons_food_cp_sa__dyoy,se_na_hhcons_food_cp_sa,SE,dyoy,"National accounts: household consumption of food and non-alcoholic beverages (COICOP 01), SA, current prices | dyoy: yoy_t - yoy_t-4",SE,activity_retail,False,1,1995Q1,2026Q2,126,
se_gdp_sa__yoy,se_gdp_sa,SE,yoy,"GDP at market prices, seasonally adjusted, constant prices ref. year 2025 | yoy: 100*ln(x_t/x_t-4)",SE,activity_retail,False,1,1995Q1,2026Q2,126,
se_gdp_sa__dyoy,se_gdp_sa,SE,dyoy,"GDP at market prices, seasonally adjusted, constant prices ref. year 2025 | dyoy: yoy_t - yoy_t-4",SE,activity_retail,False,1,1995Q1,2026Q2,126,
se_gdp_indicator_sa_idx__yoy,se_gdp_indicator_sa_idx,SE,yoy,"Monthly GDP indicator, seasonally adjusted, constant prices 2011=100 | yoy: 100*ln(x_t/x_t-4)",SE,activity_retail,False,1,2001Q1,2026Q2,102,
se_gdp_indicator_sa_idx__dyoy,se_gdp_indicator_sa_idx,SE,dyoy,"Monthly GDP indicator, seasonally adjusted, constant prices 2011=100 | dyoy: yoy_t - yoy_t-4",SE,activity_retail,False,1,2002Q1,2026Q2,98,
se_mortgage_rate_new__lvl,se_mortgage_rate_new,SE,lvl,"Average lending rate to households for housing loans, new and renegotiated agreements, all fixation periods (MFI + mortgage credit cos. + AIF) | lvl (interest rate / yield (percent)): quarterly value",SE,rates,False,1,2005Q4,2026Q2,83,
se_mortgage_rate_new__d4,se_mortgage_rate_new,SE,d4,"Average lending rate to households for housing loans, new and renegotiated agreements, all fixation periods (MFI + mortgage credit cos. + AIF) | d4 (interest rate / yield (percent)): x_t - x_t-4",SE,rates,False,1,2006Q4,2026Q2,79,
se_mortgage_rate_outstanding__lvl,se_mortgage_rate_outstanding,SE,lvl,"Average lending rate to households for housing loans, outstanding agreements, all fixation periods | lvl (interest rate / yield (percent)): quarterly value",SE,rates,False,1,2005Q4,2026Q2,83,
se_mortgage_rate_outstanding__d4,se_mortgage_rate_outstanding,SE,d4,"Average lending rate to households for housing loans, outstanding agreements, all fixation periods | d4 (interest rate / yield (percent)): x_t - x_t-4",SE,rates,False,1,2006Q4,2026Q2,79,
se_policy_rate__lvl,se_policy_rate,SE,lvl,"Riksbank policy rate (repo rate), monthly average of daily values | lvl (interest rate / yield (percent)): quarterly value",SE,rates,True,0,1995Q1,2026Q3,127,
se_policy_rate__d4,se_policy_rate,SE,d4,"Riksbank policy rate (repo rate), monthly average of daily values | d4 (interest rate / yield (percent)): x_t - x_t-4",SE,rates,True,0,1995Q3,2026Q3,125,
se_tbill_3m__lvl,se_tbill_3m,SE,lvl,"Swedish treasury bill (SSVX) 3-month benchmark yield, monthly average of daily values | lvl (interest rate / yield (percent)): quarterly value",SE,rates,False,0,1995Q1,2026Q3,127,
se_tbill_3m__d4,se_tbill_3m,SE,d4,"Swedish treasury bill (SSVX) 3-month benchmark yield, monthly average of daily values | d4 (interest rate / yield (percent)): x_t - x_t-4",SE,rates,False,0,1995Q1,2026Q3,127,
se_gov_bond_10y__lvl,se_gov_bond_10y,SE,lvl,"Swedish government bond 10-year benchmark yield, monthly average of daily values | lvl (interest rate / yield (percent)): quarterly value",SE,rates,True,0,1995Q1,2026Q3,127,
se_gov_bond_10y__d4,se_gov_bond_10y,SE,d4,"Swedish government bond 10-year benchmark yield, monthly average of daily values | d4 (interest rate / yield (percent)): x_t - x_t-4",SE,rates,True,0,1995Q1,2026Q3,127,
se_kix_idx__yoy,se_kix_idx,SE,yoy,"KIX krona index (trade-weighted SEK, 1992-11-18=100), monthly average | yoy: 100*ln(x_t/x_t-4)",SE,fx,False,0,1995Q1,2026Q3,127,
se_kix_idx__dyoy,se_kix_idx,SE,dyoy,"KIX krona index (trade-weighted SEK, 1992-11-18=100), monthly average | dyoy: yoy_t - yoy_t-4",SE,fx,False,0,1995Q1,2026Q3,127,
se_eursek__yoy,se_eursek,SE,yoy,"EUR/SEK exchange rate (SEK per EUR), monthly average | yoy: 100*ln(x_t/x_t-4)",SE,fx,True,0,1995Q1,2026Q3,127,
se_eursek__dyoy,se_eursek,SE,dyoy,"EUR/SEK exchange rate (SEK per EUR), monthly average | dyoy: yoy_t - yoy_t-4",SE,fx,True,0,1995Q1,2026Q3,127,
se_usdsek__yoy,se_usdsek,SE,yoy,"USD/SEK exchange rate (SEK per USD), monthly average | yoy: 100*ln(x_t/x_t-4)",SE,fx,False,0,1995Q1,2026Q3,127,
se_usdsek__dyoy,se_usdsek,SE,dyoy,"USD/SEK exchange rate (SEK per USD), monthly average | dyoy: yoy_t - yoy_t-4",SE,fx,False,0,1995Q1,2026Q3,127,
se_elspot_se3_eur_mwh__yoy,se_elspot_se3_eur_mwh,SE,yoy,"Nord Pool day-ahead electricity price, Sweden bidding area SE3 (Stockholm), monthly average | yoy: 100*ln(x_t/x_t-4)",SE,energy,False,0,2000Q3,2026Q3,105,2011-01..10 filled with Nord Pool system price (documented splice in catalog; qa_B I5)
se_elspot_se3_eur_mwh__dyoy,se_elspot_se3_eur_mwh,SE,dyoy,"Nord Pool day-ahead electricity price, Sweden bidding area SE3 (Stockholm), monthly average | dyoy: yoy_t - yoy_t-4",SE,energy,False,0,2001Q3,2026Q3,101,2011-01..10 filled with Nord Pool system price (documented splice in catalog; qa_B I5)
se_elspot_se3_sek_mwh__yoy,se_elspot_se3_sek_mwh,SE,yoy,Day-ahead electricity price SE3 converted to SEK (monthly EUR price x monthly average EUR/SEK) | yoy: 100*ln(x_t/x_t-4),SE,energy,False,0,2000Q3,2026Q3,105,2011-01..10 based on Nord Pool system price (documented splice in catalog; qa_B I5)
se_elspot_se3_sek_mwh__dyoy,se_elspot_se3_sek_mwh,SE,dyoy,Day-ahead electricity price SE3 converted to SEK (monthly EUR price x monthly average EUR/SEK) | dyoy: yoy_t - yoy_t-4,SE,energy,False,0,2001Q3,2026Q3,101,2011-01..10 based on Nord Pool system price (documented splice in catalog; qa_B I5)
se_food_vat_rate__lvl,se_food_vat_rate,SE,lvl,"Swedish VAT rate on food (livsmedelsmoms), rate in force during the month | lvl (tax rate): quarterly value",SE,tax_policy,True,0,1995Q1,2026Q3,127,1 obs dated after 2026-09 removed; legislated step series; 6% from 2026-04 (temporary to 2027); values after 2026-09 removed
se_food_vat_rate__d4,se_food_vat_rate,SE,d4,"Swedish VAT rate on food (livsmedelsmoms), rate in force during the month | d4 (tax rate): x_t - x_t-4",SE,tax_policy,True,0,1995Q1,2026Q3,127,1 obs dated after 2026-09 removed; legislated step series; 6% from 2026-04 (temporary to 2027); values after 2026-09 removed
cz_avg_gross_wage_q__yoy,cz_avg_gross_wage_q,WAGES,yoy,"Czechia average gross monthly wage per full-time equivalent employee, whole economy | yoy: 100*ln(x_t/x_t-4)",CZ,wages_income,False,1,2001Q1,2026Q2,102,
cz_avg_gross_wage_q__dyoy,cz_avg_gross_wage_q,WAGES,dyoy,"Czechia average gross monthly wage per full-time equivalent employee, whole economy | dyoy: yoy_t - yoy_t-4",CZ,wages_income,False,1,2002Q1,2026Q2,98,
cz_real_wage_yoy_q__lvl,cz_real_wage_yoy_q,WAGES,lvl,Czechia real wage growth: average gross monthly wage deflated by HICP | lvl (growth rate): quarterly value,CZ,wages_income,False,1,2001Q1,2026Q2,102,
cz_real_wage_yoy_q__d4,cz_real_wage_yoy_q,WAGES,d4,Czechia real wage growth: average gross monthly wage deflated by HICP | d4 (growth rate): x_t - x_t-4,CZ,wages_income,False,1,2002Q1,2026Q2,98,
dk_hh_real_disp_inc_sa_q__yoy,dk_hh_real_disp_inc_sa_q,WAGES,yoy,"Denmark households' and NPISH gross disposable income, real (2020 chained prices), seasonally adjusted | yoy: 100*ln(x_t/x_t-4)",DK,wages_income,False,1,2000Q1,2026Q2,106,
dk_hh_real_disp_inc_sa_q__dyoy,dk_hh_real_disp_inc_sa_q,WAGES,dyoy,"Denmark households' and NPISH gross disposable income, real (2020 chained prices), seasonally adjusted | dyoy: yoy_t - yoy_t-4",DK,wages_income,False,1,2001Q1,2026Q2,102,
dk_real_wage_yoy_q__lvl,dk_real_wage_yoy_q,WAGES,lvl,Denmark real wage growth: private-sector earnings index deflated by HICP | lvl (growth rate): quarterly value,DK,wages_income,False,1,1997Q1,2026Q2,118,
dk_real_wage_yoy_q__d4,dk_real_wage_yoy_q,WAGES,d4,Denmark real wage growth: private-sector earnings index deflated by HICP | d4 (growth rate): x_t - x_t-4,DK,wages_income,False,1,1998Q1,2026Q2,114,
dk_wage_idx_food_manuf_q__yoy,dk_wage_idx_food_manuf_q,WAGES,yoy,"Denmark index of average earnings, manufacture of food, beverages and tobacco (private), spliced | yoy: 100*ln(x_t/x_t-4)",DK,wages_income,False,1,1997Q1,2026Q2,118,
dk_wage_idx_food_manuf_q__dyoy,dk_wage_idx_food_manuf_q,WAGES,dyoy,"Denmark index of average earnings, manufacture of food, beverages and tobacco (private), spliced | dyoy: yoy_t - yoy_t-4",DK,wages_income,False,1,1998Q1,2026Q2,114,
dk_wage_idx_private_q__yoy,dk_wage_idx_private_q,WAGES,yoy,"Denmark index of average earnings, corporations and organisations (private sector), spliced | yoy: 100*ln(x_t/x_t-4)",DK,wages_income,False,1,1995Q1,2026Q2,126,
dk_wage_idx_private_q__dyoy,dk_wage_idx_private_q,WAGES,dyoy,"Denmark index of average earnings, corporations and organisations (private sector), spliced | dyoy: yoy_t - yoy_t-4",DK,wages_income,False,1,1996Q1,2026Q2,122,
dk_wage_idx_total_q__yoy,dk_wage_idx_total_q,WAGES,yoy,"Denmark standardised index of average earnings, all sectors, all industries | yoy: 100*ln(x_t/x_t-4)",DK,wages_income,False,1,2017Q1,2026Q2,38,
dk_wage_idx_total_q__dyoy,dk_wage_idx_total_q,WAGES,dyoy,"Denmark standardised index of average earnings, all sectors, all industries | dyoy: yoy_t - yoy_t-4",DK,wages_income,False,1,2018Q1,2026Q2,34,
ea_comp_per_employee_q__yoy,ea_comp_per_employee_q,WAGES,yoy,"Euro area (EA20) compensation per employee (QNA), seasonally adjusted (computed) | yoy: 100*ln(x_t/x_t-4)",EA,wages_income,False,1,1996Q1,2026Q2,122,
ea_comp_per_employee_q__dyoy,ea_comp_per_employee_q,WAGES,dyoy,"Euro area (EA20) compensation per employee (QNA), seasonally adjusted (computed) | dyoy: yoy_t - yoy_t-4",EA,wages_income,False,1,1997Q1,2026Q2,118,
ea_negotiated_wages_yoy_q__lvl,ea_negotiated_wages_yoy_q,WAGES,lvl,"Euro area indicator of negotiated wage rates, annual growth rate | lvl (growth rate): quarterly value",EA,wages_income,True,1,1995Q1,2026Q2,126,
ea_negotiated_wages_yoy_q__d4,ea_negotiated_wages_yoy_q,WAGES,d4,"Euro area indicator of negotiated wage rates, annual growth rate | d4 (growth rate): x_t - x_t-4",EA,wages_income,True,1,1995Q1,2026Q2,126,
ea_real_comp_per_employee_yoy_q__lvl,ea_real_comp_per_employee_yoy_q,WAGES,lvl,Euro area real compensation per employee growth (deflated by HICP) | lvl (growth rate): quarterly value,EA,wages_income,False,1,1997Q1,2026Q2,118,
ea_real_comp_per_employee_yoy_q__d4,ea_real_comp_per_employee_yoy_q,WAGES,d4,Euro area real compensation per employee growth (deflated by HICP) | d4 (growth rate): x_t - x_t-4,EA,wages_income,False,1,1998Q1,2026Q2,114,
ea_real_negotiated_wages_yoy_q__lvl,ea_real_negotiated_wages_yoy_q,WAGES,lvl,Euro area real negotiated wage growth (deflated by HICP) | lvl (growth rate): quarterly value,EA,wages_income,False,1,1997Q1,2026Q2,118,
ea_real_negotiated_wages_yoy_q__d4,ea_real_negotiated_wages_yoy_q,WAGES,d4,Euro area real negotiated wage growth (deflated by HICP) | d4 (growth rate): x_t - x_t-4,EA,wages_income,False,1,1998Q1,2026Q2,114,
ea_wage_tracker_yoy_q__lvl,ea_wage_tracker_yoy_q,WAGES,lvl,"Euro area ECB wage tracker (negotiated wages incl. smoothed one-off payments), annual growth | lvl (growth rate): quarterly value",EA,wages_income,False,0,2013Q1,2026Q3,55,"3 obs dated after 2026-09 removed; forward-looking ECB tracker: projected quarters after 2026Q3 removed. The 2013- history is a back-calculation from signed agreements, not a real-time record"
ea_wage_tracker_yoy_q__d4,ea_wage_tracker_yoy_q,WAGES,d4,"Euro area ECB wage tracker (negotiated wages incl. smoothed one-off payments), annual growth | d4 (growth rate): x_t - x_t-4",EA,wages_income,False,0,2014Q1,2026Q3,51,"3 obs dated after 2026-09 removed; forward-looking ECB tracker: projected quarters after 2026Q3 removed. The 2013- history is a back-calculation from signed agreements, not a real-time record"
fi_real_wage_yoy_q__lvl,fi_real_wage_yoy_q,WAGES,lvl,Finland real wage growth: index of wage and salary earnings deflated by HICP | lvl (growth rate): quarterly value,FI,wages_income,False,1,1997Q1,2026Q2,118,
fi_real_wage_yoy_q__d4,fi_real_wage_yoy_q,WAGES,d4,Finland real wage growth: index of wage and salary earnings deflated by HICP | d4 (growth rate): x_t - x_t-4,FI,wages_income,False,1,1998Q1,2026Q2,114,
fi_wage_idx_q__yoy,fi_wage_idx_q,WAGES,yoy,"Finland index of wage and salary earnings, total economy | yoy: 100*ln(x_t/x_t-4)",FI,wages_income,False,1,1995Q1,2026Q2,126,
fi_wage_idx_q__dyoy,fi_wage_idx_q,WAGES,dyoy,"Finland index of wage and salary earnings, total economy | dyoy: yoy_t - yoy_t-4",FI,wages_income,False,1,1995Q1,2026Q2,126,
no_annual_earnings_a__yoy,no_annual_earnings_a,WAGES,yoy,"Norway average annual earnings, all employees (TBU basis) | yoy: 100*ln(x_t/x_t-4)",NO,wages_income,False,4,1995Q1,2025Q4,124,ANNUAL value assigned to all 4 quarters of the year
no_annual_earnings_a__dyoy,no_annual_earnings_a,WAGES,dyoy,"Norway average annual earnings, all employees (TBU basis) | dyoy: yoy_t - yoy_t-4",NO,wages_income,False,4,1995Q1,2025Q4,124,ANNUAL value assigned to all 4 quarters of the year
no_avg_monthly_earnings_q__yoy,no_avg_monthly_earnings_q,WAGES,yoy,"Norway average monthly earnings, all employees, all industries (a-ordningen) | yoy: 100*ln(x_t/x_t-4)",NO,wages_income,False,1,2017Q1,2026Q2,38,
no_avg_monthly_earnings_q__dyoy,no_avg_monthly_earnings_q,WAGES,dyoy,"Norway average monthly earnings, all employees, all industries (a-ordningen) | dyoy: yoy_t - yoy_t-4",NO,wages_income,False,1,2018Q1,2026Q2,34,
no_earn_idx_food_manuf_q__yoy,no_earn_idx_food_manuf_q,WAGES,yoy,"Norway index of average monthly earnings, manufacture of food products and beverages (spliced) | yoy: 100*ln(x_t/x_t-4)",NO,wages_income,True,1,1999Q1,2026Q2,110,
no_earn_idx_food_manuf_q__dyoy,no_earn_idx_food_manuf_q,WAGES,dyoy,"Norway index of average monthly earnings, manufacture of food products and beverages (spliced) | dyoy: yoy_t - yoy_t-4",NO,wages_income,True,1,2000Q1,2026Q2,106,
no_earn_idx_manuf_q__yoy,no_earn_idx_manuf_q,WAGES,yoy,"Norway index of average monthly earnings, manufacturing (spliced) | yoy: 100*ln(x_t/x_t-4)",NO,wages_income,False,1,1999Q1,2026Q2,110,
no_earn_idx_manuf_q__dyoy,no_earn_idx_manuf_q,WAGES,dyoy,"Norway index of average monthly earnings, manufacturing (spliced) | dyoy: yoy_t - yoy_t-4",NO,wages_income,False,1,2000Q1,2026Q2,106,
no_exp_infl_12m_econ__lvl,no_exp_infl_12m_econ,WAGES,lvl,"Norway expected CPI inflation 12 months ahead, economists, mean | lvl (expectation (percent)): quarterly value",NO,price_expectations,False,0,2002Q1,2026Q3,99,
no_exp_infl_12m_econ__d4,no_exp_infl_12m_econ,WAGES,d4,"Norway expected CPI inflation 12 months ahead, economists, mean | d4 (expectation (percent)): x_t - x_t-4",NO,price_expectations,False,0,2003Q1,2026Q3,95,
no_exp_infl_12m_social__lvl,no_exp_infl_12m_social,WAGES,lvl,"Norway expected CPI inflation 12 months ahead, social partners, mean | lvl (expectation (percent)): quarterly value",NO,price_expectations,False,0,2002Q1,2026Q3,99,
no_exp_infl_12m_social__d4,no_exp_infl_12m_social,WAGES,d4,"Norway expected CPI inflation 12 months ahead, social partners, mean | d4 (expectation (percent)): x_t - x_t-4",NO,price_expectations,False,0,2003Q1,2026Q3,95,
no_exp_real_wage_business_q__lvl,no_exp_real_wage_business_q,WAGES,lvl,"Norway expected real wage growth, business leaders (expected wage growth this year vs expected CPI inflation next 12 months) | lvl (expectation (percent)): quarterly value",NO,wages_income,False,0,2002Q4,2026Q3,96,
no_exp_real_wage_business_q__d4,no_exp_real_wage_business_q,WAGES,d4,"Norway expected real wage growth, business leaders (expected wage growth this year vs expected CPI inflation next 12 months) | d4 (expectation (percent)): x_t - x_t-4",NO,wages_income,False,0,2003Q4,2026Q3,92,
no_exp_real_wage_cy_econ__lvl,no_exp_real_wage_cy_econ,WAGES,lvl,"Norway expected real wage growth this year, economists, mean (direct question) | lvl (expectation (percent)): quarterly value",NO,wages_income,False,0,2023Q1,2026Q3,15,
no_exp_real_wage_cy_econ__d4,no_exp_real_wage_cy_econ,WAGES,d4,"Norway expected real wage growth this year, economists, mean (direct question) | d4 (expectation (percent)): x_t - x_t-4",NO,wages_income,False,0,2024Q1,2026Q3,11,
no_exp_real_wage_econ_q__lvl,no_exp_real_wage_econ_q,WAGES,lvl,"Norway expected real wage growth, economists (expected wage growth this year vs expected CPI inflation next 12 months) | lvl (expectation (percent)): quarterly value",NO,wages_income,False,0,2002Q4,2026Q3,96,
no_exp_real_wage_econ_q__d4,no_exp_real_wage_econ_q,WAGES,d4,"Norway expected real wage growth, economists (expected wage growth this year vs expected CPI inflation next 12 months) | d4 (expectation (percent)): x_t - x_t-4",NO,wages_income,False,0,2003Q4,2026Q3,92,
no_exp_real_wage_social_q__lvl,no_exp_real_wage_social_q,WAGES,lvl,"Norway expected real wage growth, social partners (expected wage growth this year vs expected CPI inflation next 12 months) | lvl (expectation (percent)): quarterly value",NO,wages_income,False,0,2002Q4,2026Q3,96,
no_exp_real_wage_social_q__d4,no_exp_real_wage_social_q,WAGES,d4,"Norway expected real wage growth, social partners (expected wage growth this year vs expected CPI inflation next 12 months) | d4 (expectation (percent)): x_t - x_t-4",NO,wages_income,False,0,2003Q4,2026Q3,92,
no_exp_wage_cy_business__lvl,no_exp_wage_cy_business,WAGES,lvl,"Norway expected annual wage growth this year, business leaders, mean | lvl (expectation (percent)): quarterly value",NO,wages_income,False,0,2002Q4,2026Q3,96,
no_exp_wage_cy_business__d4,no_exp_wage_cy_business,WAGES,d4,"Norway expected annual wage growth this year, business leaders, mean | d4 (expectation (percent)): x_t - x_t-4",NO,wages_income,False,0,2003Q4,2026Q3,92,
no_exp_wage_cy_econ__lvl,no_exp_wage_cy_econ,WAGES,lvl,"Norway expected annual wage growth this year, economists (financial industry + academia), mean | lvl (expectation (percent)): quarterly value",NO,wages_income,False,0,2002Q4,2026Q3,96,
no_exp_wage_cy_econ__d4,no_exp_wage_cy_econ,WAGES,d4,"Norway expected annual wage growth this year, economists (financial industry + academia), mean | d4 (expectation (percent)): x_t - x_t-4",NO,wages_income,False,0,2003Q4,2026Q3,92,
no_exp_wage_cy_social__lvl,no_exp_wage_cy_social,WAGES,lvl,"Norway expected annual wage growth this year, social partners (employer + employee organisations), mean | lvl (expectation (percent)): quarterly value",NO,wages_income,False,0,2002Q4,2026Q3,96,
no_exp_wage_cy_social__d4,no_exp_wage_cy_social,WAGES,d4,"Norway expected annual wage growth this year, social partners (employer + employee organisations), mean | d4 (expectation (percent)): x_t - x_t-4",NO,wages_income,False,0,2003Q4,2026Q3,92,
no_frontfag_frame_a__lvl,no_frontfag_frame_a,WAGES,lvl,Norway frontfag wage norm: estimated annual wage growth in NHO manufacturing agreed at the settlement (frontfagsrammen) | lvl (growth rate): quarterly value,NO,wages_income,False,0,2014Q1,2026Q3,51,"ANNUAL value assigned to all 4 quarters of the year; wage norm agreed late March/mid April (2026: 12 Apr): treated as known at the Q1 report (lag 0). Exception: the 2020 settlement was postponed (COVID-19) and the 1.7 frame was only agreed in late summer 2020, so the 2020Q1-Q2 values are not real-time"
no_frontfag_frame_a__d4,no_frontfag_frame_a,WAGES,d4,Norway frontfag wage norm: estimated annual wage growth in NHO manufacturing agreed at the settlement (frontfagsrammen) | d4 (growth rate): x_t - x_t-4,NO,wages_income,False,0,2015Q1,2026Q3,47,"ANNUAL value assigned to all 4 quarters of the year; wage norm agreed late March/mid April (2026: 12 Apr): treated as known at the Q1 report (lag 0). Exception: the 2020 settlement was postponed (COVID-19) and the 1.7 frame was only agreed in late summer 2020, so the 2020Q1-Q2 values are not real-time"
no_frontfag_outcome_a__lvl,no_frontfag_outcome_a,WAGES,lvl,Norway frontfag outcome: annual wage growth in NHO manufacturing in total (TBU) | lvl (growth rate): quarterly value,NO,wages_income,False,4,2014Q1,2025Q4,48,ANNUAL value assigned to all 4 quarters of the year; 2024-2025 preliminary TBU figures
no_frontfag_outcome_a__d4,no_frontfag_outcome_a,WAGES,d4,Norway frontfag outcome: annual wage growth in NHO manufacturing in total (TBU) | d4 (growth rate): x_t - x_t-4,NO,wages_income,False,4,2015Q1,2025Q4,44,ANNUAL value assigned to all 4 quarters of the year; 2024-2025 preliminary TBU figures
no_hh_real_disp_inc_sa_q__yoy,no_hh_real_disp_inc_sa_q,WAGES,yoy,"Norway households' disposable income in constant 2015 prices, seasonally adjusted | yoy: 100*ln(x_t/x_t-4)",NO,wages_income,False,1,2008Q1,2026Q2,74,masked start..2006-10-01: qa_B I5 volatile income components before 2007; incl. dividends: 2021Q4-2022Q1 dividend spike around tax changes (qa_B I5) distorts yoy 2021Q4-2023Q1; the composite uses the ex-dividend series
no_hh_real_disp_inc_sa_q__dyoy,no_hh_real_disp_inc_sa_q,WAGES,dyoy,"Norway households' disposable income in constant 2015 prices, seasonally adjusted | dyoy: yoy_t - yoy_t-4",NO,wages_income,False,1,2009Q1,2026Q2,70,masked start..2006-10-01: qa_B I5 volatile income components before 2007; incl. dividends: 2021Q4-2022Q1 dividend spike around tax changes (qa_B I5) distorts yoy 2021Q4-2023Q1; the composite uses the ex-dividend series
no_hh_real_disp_inc_xdiv_sa_q__yoy,no_hh_real_disp_inc_xdiv_sa_q,WAGES,yoy,"Norway households' real disposable income excluding dividends, seasonally adjusted (computed) | yoy: 100*ln(x_t/x_t-4)",NO,wages_income,False,1,2008Q1,2026Q2,74,masked start..2006-10-01: qa_B I5 volatile income components before 2007
no_hh_real_disp_inc_xdiv_sa_q__dyoy,no_hh_real_disp_inc_xdiv_sa_q,WAGES,dyoy,"Norway households' real disposable income excluding dividends, seasonally adjusted (computed) | dyoy: yoy_t - yoy_t-4",NO,wages_income,False,1,2009Q1,2026Q2,70,masked start..2006-10-01: qa_B I5 volatile income components before 2007
no_qna_wage_per_fte_food_q__yoy,no_qna_wage_per_fte_food_q,WAGES,yoy,"Norway QNA wages and salaries per full-time equivalent employee, manufacture of food products, beverages and tobacco | yoy: 100*ln(x_t/x_t-4)",NO,wages_income,False,1,1996Q1,2026Q2,118,"yoy NaN 2015Q2,2015Q3,2016Q2,2016Q3: 2015 a-ordningen quarterly timing break (qa_B I5); annual sums fine"
no_qna_wage_per_fte_food_q__dyoy,no_qna_wage_per_fte_food_q,WAGES,dyoy,"Norway QNA wages and salaries per full-time equivalent employee, manufacture of food products, beverages and tobacco | dyoy: yoy_t - yoy_t-4",NO,wages_income,False,1,1997Q1,2026Q2,112,"yoy NaN 2015Q2,2015Q3,2016Q2,2016Q3: 2015 a-ordningen quarterly timing break (qa_B I5); annual sums fine"
no_qna_wage_per_fte_q__yoy,no_qna_wage_per_fte_q,WAGES,yoy,"Norway QNA wages and salaries per full-time equivalent employee, total economy | yoy: 100*ln(x_t/x_t-4)",NO,wages_income,False,1,1996Q1,2026Q2,118,"yoy NaN 2015Q2,2015Q3,2016Q2,2016Q3: 2015 a-ordningen quarterly timing break (qa_B I5); annual sums fine"
no_qna_wage_per_fte_q__dyoy,no_qna_wage_per_fte_q,WAGES,dyoy,"Norway QNA wages and salaries per full-time equivalent employee, total economy | dyoy: yoy_t - yoy_t-4",NO,wages_income,False,1,1997Q1,2026Q2,112,"yoy NaN 2015Q2,2015Q3,2016Q2,2016Q3: 2015 a-ordningen quarterly timing break (qa_B I5); annual sums fine"
no_real_earnings_yoy_q__lvl,no_real_earnings_yoy_q,WAGES,lvl,Norway real earnings growth: average monthly earnings (a-ordningen) deflated by CPI | lvl (growth rate): quarterly value,NO,wages_income,False,1,2017Q1,2026Q2,38,
no_real_earnings_yoy_q__d4,no_real_earnings_yoy_q,WAGES,d4,Norway real earnings growth: average monthly earnings (a-ordningen) deflated by CPI | d4 (growth rate): x_t - x_t-4,NO,wages_income,False,1,2018Q1,2026Q2,34,
no_real_wage_qna_yoy_q__lvl,no_real_wage_qna_yoy_q,WAGES,lvl,Norway real wage growth: QNA wages per FTE employee deflated by CPI | lvl (growth rate): quarterly value,NO,wages_income,True,1,1996Q1,2026Q2,118,"levels masked 2015Q2,2015Q3,2016Q2,2016Q3: 2015 a-ordningen timing break (qa_B I5): 2015Q2/Q3 spurious and 2016Q2/Q3 base-affected"
no_real_wage_qna_yoy_q__d4,no_real_wage_qna_yoy_q,WAGES,d4,Norway real wage growth: QNA wages per FTE employee deflated by CPI | d4 (growth rate): x_t - x_t-4,NO,wages_income,True,1,1997Q1,2026Q2,112,"levels masked 2015Q2,2015Q3,2016Q2,2016Q3: 2015 a-ordningen timing break (qa_B I5): 2015Q2/Q3 spurious and 2016Q2/Q3 base-affected"
no_real_wage_tbu_yoy_a__lvl,no_real_wage_tbu_yoy_a,WAGES,lvl,"Norway annual real wage growth, all employees (TBU wage growth deflated by annual-average CPI) | lvl (growth rate): quarterly value",NO,wages_income,False,4,1995Q1,2025Q4,124,ANNUAL value assigned to all 4 quarters of the year
no_real_wage_tbu_yoy_a__d4,no_real_wage_tbu_yoy_a,WAGES,d4,"Norway annual real wage growth, all employees (TBU wage growth deflated by annual-average CPI) | d4 (growth rate): x_t - x_t-4",NO,wages_income,False,4,1995Q1,2025Q4,124,ANNUAL value assigned to all 4 quarters of the year
no_regnet_exp_wage_cy__lvl,no_regnet_exp_wage_cy,WAGES,lvl,"Norway Regional Network: contacts' expected annual wage growth this year, all sectors | lvl (expectation (percent)): quarterly value",NO,wages_income,False,0,2005Q1,2026Q3,87,
no_regnet_exp_wage_cy__d4,no_regnet_exp_wage_cy,WAGES,d4,"Norway Regional Network: contacts' expected annual wage growth this year, all sectors | d4 (expectation (percent)): x_t - x_t-4",NO,wages_income,False,0,2006Q1,2026Q3,83,
no_tbu_wage_growth_a__lvl,no_tbu_wage_growth_a,WAGES,lvl,"Norway annual wage growth, average for all employees (TBU årslønnsvekst) | lvl (growth rate): quarterly value",NO,wages_income,False,4,1995Q1,2025Q4,124,ANNUAL value assigned to all 4 quarters of the year
no_tbu_wage_growth_a__d4,no_tbu_wage_growth_a,WAGES,d4,"Norway annual wage growth, average for all employees (TBU årslønnsvekst) | d4 (growth rate): x_t - x_t-4",NO,wages_income,False,4,1995Q1,2025Q4,124,ANNUAL value assigned to all 4 quarters of the year
se_exp_cpi_1y_all__lvl,se_exp_cpi_1y_all,WAGES,lvl,"Sweden expected CPI inflation coming 12 months, all interviewees, mean (quarterly survey) | lvl (expectation (percent)): quarterly value",SE,price_expectations,False,0,2005Q4,2026Q3,84,Prospera rounds 3/06-3/09 mis-dated by up to one quarter (qa_B I6)
se_exp_cpi_1y_all__d4,se_exp_cpi_1y_all,WAGES,d4,"Sweden expected CPI inflation coming 12 months, all interviewees, mean (quarterly survey) | d4 (expectation (percent)): x_t - x_t-4",SE,price_expectations,False,0,2006Q4,2026Q3,80,Prospera rounds 3/06-3/09 mis-dated by up to one quarter (qa_B I6)
se_exp_cpi_1y_lmp__lvl,se_exp_cpi_1y_lmp,WAGES,lvl,"Sweden expected CPI inflation coming 12 months, labour market parties (avg of employee and employer organisations), mean | lvl (expectation (percent)): quarterly value",SE,price_expectations,False,0,2005Q4,2026Q3,84,Prospera rounds 3/06-3/09 mis-dated by up to one quarter (qa_B I6)
se_exp_cpi_1y_lmp__d4,se_exp_cpi_1y_lmp,WAGES,d4,"Sweden expected CPI inflation coming 12 months, labour market parties (avg of employee and employer organisations), mean | d4 (expectation (percent)): x_t - x_t-4",SE,price_expectations,False,0,2006Q4,2026Q3,80,Prospera rounds 3/06-3/09 mis-dated by up to one quarter (qa_B I6)
se_exp_real_wage_1y_lmp__lvl,se_exp_real_wage_1y_lmp,WAGES,lvl,"Sweden expected real wage growth next 12 months, labour market parties (Prospera/Origo) | lvl (expectation (percent)): quarterly value",SE,wages_income,False,0,2005Q4,2026Q3,84,Prospera rounds 3/06-3/09 mis-dated by up to one quarter (qa_B I6)
se_exp_real_wage_1y_lmp__d4,se_exp_real_wage_1y_lmp,WAGES,d4,"Sweden expected real wage growth next 12 months, labour market parties (Prospera/Origo) | d4 (expectation (percent)): x_t - x_t-4",SE,wages_income,False,0,2006Q4,2026Q3,80,Prospera rounds 3/06-3/09 mis-dated by up to one quarter (qa_B I6)
se_exp_wage_1y_all__lvl,se_exp_wage_1y_all,WAGES,lvl,"Sweden expected wage increase coming 12 months, all interviewees (labour market parties + purchasing managers), mean | lvl (expectation (percent)): quarterly value",SE,wages_income,False,0,2005Q4,2026Q3,84,Prospera rounds 3/06-3/09 mis-dated by up to one quarter (qa_B I6)
se_exp_wage_1y_all__d4,se_exp_wage_1y_all,WAGES,d4,"Sweden expected wage increase coming 12 months, all interviewees (labour market parties + purchasing managers), mean | d4 (expectation (percent)): x_t - x_t-4",SE,wages_income,False,0,2006Q4,2026Q3,80,Prospera rounds 3/06-3/09 mis-dated by up to one quarter (qa_B I6)
se_exp_wage_1y_lmp__lvl,se_exp_wage_1y_lmp,WAGES,lvl,"Sweden expected wage increase coming 12 months, labour market parties (avg of employee and employer organisations), mean | lvl (expectation (percent)): quarterly value",SE,wages_income,False,0,2005Q4,2026Q3,84,Prospera rounds 3/06-3/09 mis-dated by up to one quarter (qa_B I6)
se_exp_wage_1y_lmp__d4,se_exp_wage_1y_lmp,WAGES,d4,"Sweden expected wage increase coming 12 months, labour market parties (avg of employee and employer organisations), mean | d4 (expectation (percent)): x_t - x_t-4",SE,wages_income,False,0,2006Q4,2026Q3,80,Prospera rounds 3/06-3/09 mis-dated by up to one quarter (qa_B I6)
se_hh_real_disp_inc_q__yoy,se_hh_real_disp_inc_q,WAGES,yoy,"Sweden households' (incl. NPISH) net disposable income, real values | yoy: 100*ln(x_t/x_t-4)",SE,wages_income,False,1,1995Q1,2026Q2,126,
se_hh_real_disp_inc_q__dyoy,se_hh_real_disp_inc_q,WAGES,dyoy,"Sweden households' (incl. NPISH) net disposable income, real values | dyoy: yoy_t - yoy_t-4",SE,wages_income,False,1,1995Q1,2026Q2,126,
se_real_wage_growth_a__lvl,se_real_wage_growth_a,WAGES,lvl,"Sweden annual real wage growth deflated by CPI (KPI), whole economy (MI, 1960-) | lvl (growth rate): quarterly value",SE,wages_income,False,4,1995Q1,2025Q4,124,ANNUAL value assigned to all 4 quarters of the year
se_real_wage_growth_a__d4,se_real_wage_growth_a,WAGES,d4,"Sweden annual real wage growth deflated by CPI (KPI), whole economy (MI, 1960-) | d4 (growth rate): x_t - x_t-4",SE,wages_income,False,4,1995Q1,2025Q4,124,ANNUAL value assigned to all 4 quarters of the year
se_real_wage_kpif_yoy_q__lvl,se_real_wage_kpif_yoy_q,WAGES,lvl,Sweden real wage growth deflated by CPIF (KPIF) | lvl (growth rate): quarterly value,SE,wages_income,False,1,1995Q1,2026Q2,126,
se_real_wage_kpif_yoy_q__d4,se_real_wage_kpif_yoy_q,WAGES,d4,Sweden real wage growth deflated by CPIF (KPIF) | d4 (growth rate): x_t - x_t-4,SE,wages_income,False,1,1995Q1,2026Q2,126,
se_real_wage_yoy_q__lvl,se_real_wage_yoy_q,WAGES,lvl,Sweden real wage growth: whole-economy wage index (Konjunkturlönestatistik) deflated by CPI (KPI) | lvl (growth rate): quarterly value,SE,wages_income,True,1,1995Q1,2026Q2,126,
se_real_wage_yoy_q__d4,se_real_wage_yoy_q,WAGES,d4,Sweden real wage growth: whole-economy wage index (Konjunkturlönestatistik) deflated by CPI (KPI) | d4 (growth rate): x_t - x_t-4,SE,wages_income,True,1,1995Q1,2026Q2,126,
se_wage_central_agreed_yoy_m__lvl,se_wage_central_agreed_yoy_m,WAGES,lvl,"Sweden centrally agreed wage increases, whole economy (Medlingsinstitutet) | lvl (growth rate): quarterly value",SE,wages_income,False,1,1995Q1,2026Q2,126,
se_wage_central_agreed_yoy_m__d4,se_wage_central_agreed_yoy_m,WAGES,d4,"Sweden centrally agreed wage increases, whole economy (Medlingsinstitutet) | d4 (growth rate): x_t - x_t-4",SE,wages_income,False,1,1995Q1,2026Q2,126,
se_wage_growth_a__lvl,se_wage_growth_a,WAGES,lvl,"Sweden annual nominal wage growth, whole economy (MI, 1960-) | lvl (growth rate): quarterly value",SE,wages_income,False,4,1995Q1,2025Q4,124,ANNUAL value assigned to all 4 quarters of the year
se_wage_growth_a__d4,se_wage_growth_a,WAGES,d4,"Sweden annual nominal wage growth, whole economy (MI, 1960-) | d4 (growth rate): x_t - x_t-4",SE,wages_income,False,4,1995Q1,2025Q4,124,ANNUAL value assigned to all 4 quarters of the year
se_wage_idx_m__yoy,se_wage_idx_m,WAGES,yoy,"Sweden nominal wage index, whole economy (Konjunkturlönestatistik), monthly | yoy: 100*ln(x_t/x_t-4)",SE,wages_income,True,1,1995Q1,2026Q2,126,"latest ~12 months preliminary, usually revised up (qa_B I7)"
se_wage_idx_m__dyoy,se_wage_idx_m,WAGES,dyoy,"Sweden nominal wage index, whole economy (Konjunkturlönestatistik), monthly | dyoy: yoy_t - yoy_t-4",SE,wages_income,True,1,1995Q1,2026Q2,126,"latest ~12 months preliminary, usually revised up (qa_B I7)"
se_wage_yoy_m__lvl,se_wage_yoy_m,WAGES,lvl,"Sweden wage growth, whole economy (short-term wage statistics / Konjunkturlönestatistik), outcome incl. preliminary values | lvl (growth rate): quarterly value",SE,wages_income,False,1,1995Q1,2026Q2,126,"latest ~12 months preliminary, usually revised up (qa_B I7)"
se_wage_yoy_m__d4,se_wage_yoy_m,WAGES,d4,"Sweden wage growth, whole economy (short-term wage statistics / Konjunkturlönestatistik), outcome incl. preliminary values | d4 (growth rate): x_t - x_t-4",SE,wages_income,False,1,1995Q1,2026Q2,126,"latest ~12 months preliminary, usually revised up (qa_B I7)"
at_gdp_vol_idx__yoy,at_gdp_vol_idx,EU,yoy,"Austria: GDP at market prices, chain-linked volume index | yoy: 100*ln(x_t/x_t-4)",AT,activity_retail,False,1,1996Q1,2026Q2,122,
at_gdp_vol_idx__dyoy,at_gdp_vol_idx,EU,dyoy,"Austria: GDP at market prices, chain-linked volume index | dyoy: yoy_t - yoy_t-4",AT,activity_retail,False,1,1997Q1,2026Q2,118,
at_gov_bond_10y__lvl,at_gov_bond_10y,EU,lvl,"Austria: EMU convergence criterion long-term (~10y) government bond yield, monthly average | lvl (interest rate / yield (percent)): quarterly value",AT,rates,False,0,1995Q1,2026Q2,126,
at_gov_bond_10y__d4,at_gov_bond_10y,EU,d4,"Austria: EMU convergence criterion long-term (~10y) government bond yield, monthly average | d4 (interest rate / yield (percent)): x_t - x_t-4",AT,rates,False,0,1995Q1,2026Q2,126,
at_hh_real_gdi_pc_idx__yoy,at_hh_real_gdi_pc_idx,EU,yoy,"Austria: real gross disposable income of households per capita (households incl. NPISH, S14_S15) | yoy: 100*ln(x_t/x_t-4)",AT,wages_income,False,1,2000Q1,2026Q1,105,
at_hh_real_gdi_pc_idx__dyoy,at_hh_real_gdi_pc_idx,EU,dyoy,"Austria: real gross disposable income of households per capita (households incl. NPISH, S14_S15) | dyoy: yoy_t - yoy_t-4",AT,wages_income,False,1,2001Q1,2026Q1,101,
at_hh_saving_rate__lvl,at_hh_saving_rate,EU,lvl,"Austria: gross household saving rate B8G/(B6G+D8net) (households incl. NPISH, S14_S15) | lvl (ratio (percent)): quarterly value",AT,wages_income,False,1,1999Q1,2026Q1,109,
at_hh_saving_rate__d4,at_hh_saving_rate,EU,d4,"Austria: gross household saving rate B8G/(B6G+D8net) (households incl. NPISH, S14_S15) | d4 (ratio (percent)): x_t - x_t-4",AT,wages_income,False,1,2000Q1,2026Q1,105,
at_hicp_all_idx__yoy,at_hicp_all_idx,EU,yoy,"Austria: HICP all items, monthly index | yoy: 100*ln(x_t/x_t-4)",AT,consumer_prices,False,1,1997Q1,2026Q3,119,
at_hicp_all_idx__dyoy,at_hicp_all_idx,EU,dyoy,"Austria: HICP all items, monthly index | dyoy: yoy_t - yoy_t-4",AT,consumer_prices,False,1,1998Q1,2026Q3,115,
at_hicp_food_bev_idx__yoy,at_hicp_food_bev_idx,EU,yoy,"Austria: HICP food and non-alcoholic beverages (CP01), monthly index | yoy: 100*ln(x_t/x_t-4)",AT,consumer_prices,False,1,1997Q1,2026Q2,118,
at_hicp_food_bev_idx__dyoy,at_hicp_food_bev_idx,EU,dyoy,"Austria: HICP food and non-alcoholic beverages (CP01), monthly index | dyoy: yoy_t - yoy_t-4",AT,consumer_prices,False,1,1998Q1,2026Q2,114,
at_hicp_food_idx__yoy,at_hicp_food_idx,EU,yoy,"Austria: HICP food (CP011), monthly index | yoy: 100*ln(x_t/x_t-4)",AT,consumer_prices,False,1,1997Q1,2026Q2,118,
at_hicp_food_idx__dyoy,at_hicp_food_idx,EU,dyoy,"Austria: HICP food (CP011), monthly index | dyoy: yoy_t - yoy_t-4",AT,consumer_prices,False,1,1998Q1,2026Q2,114,
at_lci_wages_idx__yoy,at_lci_wages_idx,EU,yoy,"Austria: labour cost index, wages and salaries (D11), NACE B-S, nominal, per hour worked | yoy: 100*ln(x_t/x_t-4)",AT,wages_income,False,1,2010Q1,2026Q2,66,
at_lci_wages_idx__dyoy,at_lci_wages_idx,EU,dyoy,"Austria: labour cost index, wages and salaries (D11), NACE B-S, nominal, per hour worked | dyoy: yoy_t - yoy_t-4",AT,wages_income,False,1,2011Q1,2026Q2,62,
at_ppi_dom_food_mfg_idx__yoy,at_ppi_dom_food_mfg_idx,EU,yoy,"Austria: producer prices in industry, domestic market, manufacture of food products (NACE C10) | yoy: 100*ln(x_t/x_t-4)",AT,producer_prices_input_costs,False,1,1997Q1,2026Q2,118,
at_ppi_dom_food_mfg_idx__dyoy,at_ppi_dom_food_mfg_idx,EU,dyoy,"Austria: producer prices in industry, domestic market, manufacture of food products (NACE C10) | dyoy: yoy_t - yoy_t-4",AT,producer_prices_input_costs,False,1,1998Q1,2026Q2,114,
at_retail_food_vol_idx__yoy,at_retail_food_vol_idx,EU,yoy,"Austria: retail trade volume, food, beverages and tobacco (G47_FOOD) | yoy: 100*ln(x_t/x_t-4)",AT,activity_retail,False,1,2001Q1,2026Q2,102,
at_retail_food_vol_idx__dyoy,at_retail_food_vol_idx,EU,dyoy,"Austria: retail trade volume, food, beverages and tobacco (G47_FOOD) | dyoy: yoy_t - yoy_t-4",AT,activity_retail,False,1,2002Q1,2026Q2,98,
at_retail_total_vol_idx__yoy,at_retail_total_vol_idx,EU,yoy,"Austria: retail trade volume, total retail trade except motor vehicles (G47) | yoy: 100*ln(x_t/x_t-4)",AT,activity_retail,False,1,2001Q1,2026Q2,102,
at_retail_total_vol_idx__dyoy,at_retail_total_vol_idx,EU,dyoy,"Austria: retail trade volume, total retail trade except motor vehicles (G47) | dyoy: yoy_t - yoy_t-4",AT,activity_retail,False,1,2002Q1,2026Q2,98,
at_unemp_rate_sa__lvl,at_unemp_rate_sa,EU,lvl,"Austria: unemployment rate, total (15-74), ILO definition | lvl (ratio (percent)): quarterly value",AT,labour_market,False,1,1995Q1,2026Q2,126,
at_unemp_rate_sa__d4,at_unemp_rate_sa,EU,d4,"Austria: unemployment rate, total (15-74), ILO definition | d4 (ratio (percent)): x_t - x_t-4",AT,labour_market,False,1,1996Q1,2026Q2,122,
cz_gdp_vol_idx__yoy,cz_gdp_vol_idx,EU,yoy,"Czechia: GDP at market prices, chain-linked volume index | yoy: 100*ln(x_t/x_t-4)",CZ,activity_retail,False,1,1996Q1,2026Q2,122,
cz_gdp_vol_idx__dyoy,cz_gdp_vol_idx,EU,dyoy,"Czechia: GDP at market prices, chain-linked volume index | dyoy: yoy_t - yoy_t-4",CZ,activity_retail,False,1,1997Q1,2026Q2,118,
cz_gov_bond_10y__lvl,cz_gov_bond_10y,EU,lvl,"Czechia: EMU convergence criterion long-term (~10y) government bond yield, monthly average | lvl (interest rate / yield (percent)): quarterly value",CZ,rates,False,0,2000Q2,2026Q2,105,
cz_gov_bond_10y__d4,cz_gov_bond_10y,EU,d4,"Czechia: EMU convergence criterion long-term (~10y) government bond yield, monthly average | d4 (interest rate / yield (percent)): x_t - x_t-4",CZ,rates,False,0,2001Q2,2026Q2,101,
cz_hh_real_gdi_pc_idx__yoy,cz_hh_real_gdi_pc_idx,EU,yoy,"Czechia: real gross disposable income of households per capita (households incl. NPISH, S14_S15) | yoy: 100*ln(x_t/x_t-4)",CZ,wages_income,False,1,2000Q1,2026Q1,105,
cz_hh_real_gdi_pc_idx__dyoy,cz_hh_real_gdi_pc_idx,EU,dyoy,"Czechia: real gross disposable income of households per capita (households incl. NPISH, S14_S15) | dyoy: yoy_t - yoy_t-4",CZ,wages_income,False,1,2001Q1,2026Q1,101,
cz_hh_saving_rate__lvl,cz_hh_saving_rate,EU,lvl,"Czechia: gross household saving rate B8G/(B6G+D8net) (households incl. NPISH, S14_S15) | lvl (ratio (percent)): quarterly value",CZ,wages_income,False,1,1999Q1,2026Q1,109,
cz_hh_saving_rate__d4,cz_hh_saving_rate,EU,d4,"Czechia: gross household saving rate B8G/(B6G+D8net) (households incl. NPISH, S14_S15) | d4 (ratio (percent)): x_t - x_t-4",CZ,wages_income,False,1,2000Q1,2026Q1,105,
cz_hicp_all_idx__yoy,cz_hicp_all_idx,EU,yoy,"Czechia: HICP all items, monthly index | yoy: 100*ln(x_t/x_t-4)",CZ,consumer_prices,False,1,1997Q1,2026Q2,118,
cz_hicp_all_idx__dyoy,cz_hicp_all_idx,EU,dyoy,"Czechia: HICP all items, monthly index | dyoy: yoy_t - yoy_t-4",CZ,consumer_prices,False,1,1998Q1,2026Q2,114,
cz_hicp_food_bev_idx__yoy,cz_hicp_food_bev_idx,EU,yoy,"Czechia: HICP food and non-alcoholic beverages (CP01), monthly index | yoy: 100*ln(x_t/x_t-4)",CZ,consumer_prices,False,1,1997Q1,2026Q2,118,
cz_hicp_food_bev_idx__dyoy,cz_hicp_food_bev_idx,EU,dyoy,"Czechia: HICP food and non-alcoholic beverages (CP01), monthly index | dyoy: yoy_t - yoy_t-4",CZ,consumer_prices,False,1,1998Q1,2026Q2,114,
cz_hicp_food_idx__yoy,cz_hicp_food_idx,EU,yoy,"Czechia: HICP food (CP011), monthly index | yoy: 100*ln(x_t/x_t-4)",CZ,consumer_prices,False,1,2001Q1,2026Q2,102,
cz_hicp_food_idx__dyoy,cz_hicp_food_idx,EU,dyoy,"Czechia: HICP food (CP011), monthly index | dyoy: yoy_t - yoy_t-4",CZ,consumer_prices,False,1,2002Q1,2026Q2,98,
cz_lci_wages_idx__yoy,cz_lci_wages_idx,EU,yoy,"Czechia: labour cost index, wages and salaries (D11), NACE B-S, nominal, per hour worked | yoy: 100*ln(x_t/x_t-4)",CZ,wages_income,False,1,2001Q1,2026Q2,102,
cz_lci_wages_idx__dyoy,cz_lci_wages_idx,EU,dyoy,"Czechia: labour cost index, wages and salaries (D11), NACE B-S, nominal, per hour worked | dyoy: yoy_t - yoy_t-4",CZ,wages_income,False,1,2002Q1,2026Q2,98,
cz_mm_rate_3m__lvl,cz_mm_rate_3m,EU,lvl,"Czechia: 3-month interbank money market rate, monthly average | lvl (interest rate / yield (percent)): quarterly value",CZ,rates,False,0,1995Q1,2026Q2,126,
cz_mm_rate_3m__d4,cz_mm_rate_3m,EU,d4,"Czechia: 3-month interbank money market rate, monthly average | d4 (interest rate / yield (percent)): x_t - x_t-4",CZ,rates,False,0,1995Q1,2026Q2,126,
cz_policy_rate__lvl,cz_policy_rate,EU,lvl,"Czechia: central bank policy rate (CNB 2-week repo rate), monthly average of calendar days | lvl (interest rate / yield (percent)): quarterly value",CZ,rates,False,0,1996Q1,2026Q3,123,
cz_policy_rate__d4,cz_policy_rate,EU,d4,"Czechia: central bank policy rate (CNB 2-week repo rate), monthly average of calendar days | d4 (interest rate / yield (percent)): x_t - x_t-4",CZ,rates,False,0,1997Q1,2026Q3,119,
cz_ppi_dom_food_mfg_idx__yoy,cz_ppi_dom_food_mfg_idx,EU,yoy,"Czechia: producer prices in industry, domestic market, manufacture of food products (NACE C10) | yoy: 100*ln(x_t/x_t-4)",CZ,producer_prices_input_costs,False,1,1995Q1,2026Q2,126,
cz_ppi_dom_food_mfg_idx__dyoy,cz_ppi_dom_food_mfg_idx,EU,dyoy,"Czechia: producer prices in industry, domestic market, manufacture of food products (NACE C10) | dyoy: yoy_t - yoy_t-4",CZ,producer_prices_input_costs,False,1,1995Q1,2026Q2,126,
cz_retail_food_vol_idx__yoy,cz_retail_food_vol_idx,EU,yoy,"Czechia: retail trade volume, food, beverages and tobacco (G47_FOOD) | yoy: 100*ln(x_t/x_t-4)",CZ,activity_retail,False,1,2001Q1,2026Q2,102,
cz_retail_food_vol_idx__dyoy,cz_retail_food_vol_idx,EU,dyoy,"Czechia: retail trade volume, food, beverages and tobacco (G47_FOOD) | dyoy: yoy_t - yoy_t-4",CZ,activity_retail,False,1,2002Q1,2026Q2,98,
cz_retail_total_vol_idx__yoy,cz_retail_total_vol_idx,EU,yoy,"Czechia: retail trade volume, total retail trade except motor vehicles (G47) | yoy: 100*ln(x_t/x_t-4)",CZ,activity_retail,False,1,2001Q1,2026Q2,102,
cz_retail_total_vol_idx__dyoy,cz_retail_total_vol_idx,EU,dyoy,"Czechia: retail trade volume, total retail trade except motor vehicles (G47) | dyoy: yoy_t - yoy_t-4",CZ,activity_retail,False,1,2002Q1,2026Q2,98,
cz_unemp_rate_sa__lvl,cz_unemp_rate_sa,EU,lvl,"Czechia: unemployment rate, total (15-74), ILO definition | lvl (ratio (percent)): quarterly value",CZ,labour_market,False,1,1995Q1,2026Q2,126,
cz_unemp_rate_sa__d4,cz_unemp_rate_sa,EU,d4,"Czechia: unemployment rate, total (15-74), ILO definition | d4 (ratio (percent)): x_t - x_t-4",CZ,labour_market,False,1,1995Q1,2026Q2,126,
de_gdp_vol_idx__yoy,de_gdp_vol_idx,EU,yoy,"Germany: GDP at market prices, chain-linked volume index | yoy: 100*ln(x_t/x_t-4)",DE,activity_retail,False,1,1995Q1,2026Q2,126,
de_gdp_vol_idx__dyoy,de_gdp_vol_idx,EU,dyoy,"Germany: GDP at market prices, chain-linked volume index | dyoy: yoy_t - yoy_t-4",DE,activity_retail,False,1,1995Q1,2026Q2,126,
de_gov_bond_10y__lvl,de_gov_bond_10y,EU,lvl,"Germany: EMU convergence criterion long-term (~10y) government bond yield, monthly average | lvl (interest rate / yield (percent)): quarterly value",DE,rates,False,0,1995Q1,2026Q2,126,
de_gov_bond_10y__d4,de_gov_bond_10y,EU,d4,"Germany: EMU convergence criterion long-term (~10y) government bond yield, monthly average | d4 (interest rate / yield (percent)): x_t - x_t-4",DE,rates,False,0,1995Q1,2026Q2,126,
de_hh_real_gdi_pc_idx__yoy,de_hh_real_gdi_pc_idx,EU,yoy,"Germany: real gross disposable income of households per capita (households incl. NPISH, S14_S15) | yoy: 100*ln(x_t/x_t-4)",DE,wages_income,False,1,2000Q1,2026Q1,105,
de_hh_real_gdi_pc_idx__dyoy,de_hh_real_gdi_pc_idx,EU,dyoy,"Germany: real gross disposable income of households per capita (households incl. NPISH, S14_S15) | dyoy: yoy_t - yoy_t-4",DE,wages_income,False,1,2001Q1,2026Q1,101,
de_hh_saving_rate__lvl,de_hh_saving_rate,EU,lvl,"Germany: gross household saving rate B8G/(B6G+D8net) (households incl. NPISH, S14_S15) | lvl (ratio (percent)): quarterly value",DE,wages_income,False,1,1999Q1,2026Q2,110,
de_hh_saving_rate__d4,de_hh_saving_rate,EU,d4,"Germany: gross household saving rate B8G/(B6G+D8net) (households incl. NPISH, S14_S15) | d4 (ratio (percent)): x_t - x_t-4",DE,wages_income,False,1,2000Q1,2026Q2,106,
de_hicp_all_idx__yoy,de_hicp_all_idx,EU,yoy,"Germany: HICP all items, monthly index | yoy: 100*ln(x_t/x_t-4)",DE,consumer_prices,False,1,1997Q1,2026Q3,119,
de_hicp_all_idx__dyoy,de_hicp_all_idx,EU,dyoy,"Germany: HICP all items, monthly index | dyoy: yoy_t - yoy_t-4",DE,consumer_prices,False,1,1998Q1,2026Q3,115,
de_hicp_food_bev_idx__yoy,de_hicp_food_bev_idx,EU,yoy,"Germany: HICP food and non-alcoholic beverages (CP01), monthly index | yoy: 100*ln(x_t/x_t-4)",DE,consumer_prices,False,1,1997Q1,2026Q2,118,
de_hicp_food_bev_idx__dyoy,de_hicp_food_bev_idx,EU,dyoy,"Germany: HICP food and non-alcoholic beverages (CP01), monthly index | dyoy: yoy_t - yoy_t-4",DE,consumer_prices,False,1,1998Q1,2026Q2,114,
de_hicp_food_idx__yoy,de_hicp_food_idx,EU,yoy,"Germany: HICP food (CP011), monthly index | yoy: 100*ln(x_t/x_t-4)",DE,consumer_prices,False,1,1997Q1,2026Q2,118,
de_hicp_food_idx__dyoy,de_hicp_food_idx,EU,dyoy,"Germany: HICP food (CP011), monthly index | dyoy: yoy_t - yoy_t-4",DE,consumer_prices,False,1,1998Q1,2026Q2,114,
de_lci_wages_idx__yoy,de_lci_wages_idx,EU,yoy,"Germany: labour cost index, wages and salaries (D11), NACE B-S, nominal, per hour worked | yoy: 100*ln(x_t/x_t-4)",DE,wages_income,False,1,1997Q1,2026Q2,118,
de_lci_wages_idx__dyoy,de_lci_wages_idx,EU,dyoy,"Germany: labour cost index, wages and salaries (D11), NACE B-S, nominal, per hour worked | dyoy: yoy_t - yoy_t-4",DE,wages_income,False,1,1998Q1,2026Q2,114,
de_ppi_dom_food_mfg_idx__yoy,de_ppi_dom_food_mfg_idx,EU,yoy,"Germany: producer prices in industry, domestic market, manufacture of food products (NACE C10) | yoy: 100*ln(x_t/x_t-4)",DE,producer_prices_input_costs,False,1,1996Q1,2026Q2,122,
de_ppi_dom_food_mfg_idx__dyoy,de_ppi_dom_food_mfg_idx,EU,dyoy,"Germany: producer prices in industry, domestic market, manufacture of food products (NACE C10) | dyoy: yoy_t - yoy_t-4",DE,producer_prices_input_costs,False,1,1997Q1,2026Q2,118,
de_retail_food_vol_idx__yoy,de_retail_food_vol_idx,EU,yoy,"Germany: retail trade volume, food, beverages and tobacco (G47_FOOD) | yoy: 100*ln(x_t/x_t-4)",DE,activity_retail,False,1,1995Q1,2026Q2,126,
de_retail_food_vol_idx__dyoy,de_retail_food_vol_idx,EU,dyoy,"Germany: retail trade volume, food, beverages and tobacco (G47_FOOD) | dyoy: yoy_t - yoy_t-4",DE,activity_retail,False,1,1996Q1,2026Q2,122,
de_retail_total_vol_idx__yoy,de_retail_total_vol_idx,EU,yoy,"Germany: retail trade volume, total retail trade except motor vehicles (G47) | yoy: 100*ln(x_t/x_t-4)",DE,activity_retail,False,1,1995Q1,2026Q2,126,
de_retail_total_vol_idx__dyoy,de_retail_total_vol_idx,EU,dyoy,"Germany: retail trade volume, total retail trade except motor vehicles (G47) | dyoy: yoy_t - yoy_t-4",DE,activity_retail,False,1,1996Q1,2026Q2,122,
de_unemp_rate_sa__lvl,de_unemp_rate_sa,EU,lvl,"Germany: unemployment rate, total (15-74), ILO definition | lvl (ratio (percent)): quarterly value",DE,labour_market,False,1,1995Q1,2026Q2,126,
de_unemp_rate_sa__d4,de_unemp_rate_sa,EU,d4,"Germany: unemployment rate, total (15-74), ILO definition | d4 (ratio (percent)): x_t - x_t-4",DE,labour_market,False,1,1995Q1,2026Q2,126,
dk_gdp_vol_idx__yoy,dk_gdp_vol_idx,EU,yoy,"Denmark: GDP at market prices, chain-linked volume index | yoy: 100*ln(x_t/x_t-4)",DK,activity_retail,False,1,1996Q1,2026Q2,122,
dk_gdp_vol_idx__dyoy,dk_gdp_vol_idx,EU,dyoy,"Denmark: GDP at market prices, chain-linked volume index | dyoy: yoy_t - yoy_t-4",DK,activity_retail,False,1,1997Q1,2026Q2,118,
dk_gov_bond_10y__lvl,dk_gov_bond_10y,EU,lvl,"Denmark: EMU convergence criterion long-term (~10y) government bond yield, monthly average | lvl (interest rate / yield (percent)): quarterly value",DK,rates,False,0,1995Q1,2026Q2,126,
dk_gov_bond_10y__d4,dk_gov_bond_10y,EU,d4,"Denmark: EMU convergence criterion long-term (~10y) government bond yield, monthly average | d4 (interest rate / yield (percent)): x_t - x_t-4",DK,rates,False,0,1995Q1,2026Q2,126,
dk_hh_real_gdi_pc_idx__yoy,dk_hh_real_gdi_pc_idx,EU,yoy,"Denmark: real gross disposable income of households per capita (households incl. NPISH, S14_S15) | yoy: 100*ln(x_t/x_t-4)",DK,wages_income,False,1,2000Q1,2026Q1,105,
dk_hh_real_gdi_pc_idx__dyoy,dk_hh_real_gdi_pc_idx,EU,dyoy,"Denmark: real gross disposable income of households per capita (households incl. NPISH, S14_S15) | dyoy: yoy_t - yoy_t-4",DK,wages_income,False,1,2001Q1,2026Q1,101,
dk_hh_saving_rate__lvl,dk_hh_saving_rate,EU,lvl,"Denmark: gross household saving rate B8G/(B6G+D8net) (households incl. NPISH, S14_S15) | lvl (ratio (percent)): quarterly value",DK,wages_income,False,1,1999Q1,2026Q1,109,
dk_hh_saving_rate__d4,dk_hh_saving_rate,EU,d4,"Denmark: gross household saving rate B8G/(B6G+D8net) (households incl. NPISH, S14_S15) | d4 (ratio (percent)): x_t - x_t-4",DK,wages_income,False,1,2000Q1,2026Q1,105,
dk_hicp_all_idx__yoy,dk_hicp_all_idx,EU,yoy,"Denmark: HICP all items, monthly index | yoy: 100*ln(x_t/x_t-4)",DK,consumer_prices,False,1,1997Q1,2026Q2,118,
dk_hicp_all_idx__dyoy,dk_hicp_all_idx,EU,dyoy,"Denmark: HICP all items, monthly index | dyoy: yoy_t - yoy_t-4",DK,consumer_prices,False,1,1998Q1,2026Q2,114,
dk_hicp_food_bev_idx__yoy,dk_hicp_food_bev_idx,EU,yoy,"Denmark: HICP food and non-alcoholic beverages (CP01), monthly index | yoy: 100*ln(x_t/x_t-4)",DK,consumer_prices,False,1,1997Q1,2026Q2,118,
dk_hicp_food_bev_idx__dyoy,dk_hicp_food_bev_idx,EU,dyoy,"Denmark: HICP food and non-alcoholic beverages (CP01), monthly index | dyoy: yoy_t - yoy_t-4",DK,consumer_prices,False,1,1998Q1,2026Q2,114,
dk_hicp_food_idx__yoy,dk_hicp_food_idx,EU,yoy,"Denmark: HICP food (CP011), monthly index | yoy: 100*ln(x_t/x_t-4)",DK,consumer_prices,False,1,1997Q1,2026Q2,118,
dk_hicp_food_idx__dyoy,dk_hicp_food_idx,EU,dyoy,"Denmark: HICP food (CP011), monthly index | dyoy: yoy_t - yoy_t-4",DK,consumer_prices,False,1,1998Q1,2026Q2,114,
dk_lci_wages_idx__yoy,dk_lci_wages_idx,EU,yoy,"Denmark: labour cost index, wages and salaries (D11), NACE B-S, nominal, per hour worked | yoy: 100*ln(x_t/x_t-4)",DK,wages_income,False,1,2002Q1,2026Q2,98,
dk_lci_wages_idx__dyoy,dk_lci_wages_idx,EU,dyoy,"Denmark: labour cost index, wages and salaries (D11), NACE B-S, nominal, per hour worked | dyoy: yoy_t - yoy_t-4",DK,wages_income,False,1,2003Q1,2026Q2,94,
dk_mm_rate_3m__lvl,dk_mm_rate_3m,EU,lvl,"Denmark: 3-month interbank money market rate, monthly average | lvl (interest rate / yield (percent)): quarterly value",DK,rates,False,0,1995Q1,2026Q3,127,
dk_mm_rate_3m__d4,dk_mm_rate_3m,EU,d4,"Denmark: 3-month interbank money market rate, monthly average | d4 (interest rate / yield (percent)): x_t - x_t-4",DK,rates,False,0,1995Q1,2026Q3,127,
dk_policy_rate__lvl,dk_policy_rate,EU,lvl,"Denmark: central bank policy rate (Danmarks Nationalbank policy rate), monthly average of calendar days | lvl (interest rate / yield (percent)): quarterly value",DK,rates,False,0,1995Q1,2026Q3,127,
dk_policy_rate__d4,dk_policy_rate,EU,d4,"Denmark: central bank policy rate (Danmarks Nationalbank policy rate), monthly average of calendar days | d4 (interest rate / yield (percent)): x_t - x_t-4",DK,rates,False,0,1995Q1,2026Q3,127,
dk_ppi_dom_food_mfg_idx__yoy,dk_ppi_dom_food_mfg_idx,EU,yoy,"Denmark: producer prices in industry, domestic market, manufacture of food products (NACE C10) | yoy: 100*ln(x_t/x_t-4)",DK,producer_prices_input_costs,False,1,2006Q1,2026Q2,82,
dk_ppi_dom_food_mfg_idx__dyoy,dk_ppi_dom_food_mfg_idx,EU,dyoy,"Denmark: producer prices in industry, domestic market, manufacture of food products (NACE C10) | dyoy: yoy_t - yoy_t-4",DK,producer_prices_input_costs,False,1,2007Q1,2026Q2,78,
dk_retail_food_vol_idx__yoy,dk_retail_food_vol_idx,EU,yoy,"Denmark: retail trade volume, food, beverages and tobacco (G47_FOOD) | yoy: 100*ln(x_t/x_t-4)",DK,activity_retail,False,1,2001Q1,2026Q2,102,
dk_retail_food_vol_idx__dyoy,dk_retail_food_vol_idx,EU,dyoy,"Denmark: retail trade volume, food, beverages and tobacco (G47_FOOD) | dyoy: yoy_t - yoy_t-4",DK,activity_retail,False,1,2002Q1,2026Q2,98,
dk_retail_total_vol_idx__yoy,dk_retail_total_vol_idx,EU,yoy,"Denmark: retail trade volume, total retail trade except motor vehicles (G47) | yoy: 100*ln(x_t/x_t-4)",DK,activity_retail,False,1,2001Q1,2026Q2,102,
dk_retail_total_vol_idx__dyoy,dk_retail_total_vol_idx,EU,dyoy,"Denmark: retail trade volume, total retail trade except motor vehicles (G47) | dyoy: yoy_t - yoy_t-4",DK,activity_retail,False,1,2002Q1,2026Q2,98,
dk_unemp_rate_sa__lvl,dk_unemp_rate_sa,EU,lvl,"Denmark: unemployment rate, total (15-74), ILO definition | lvl (ratio (percent)): quarterly value",DK,labour_market,False,1,1995Q1,2026Q2,126,noisy monthly LFS (qa_C 13); quarterly mean used
dk_unemp_rate_sa__d4,dk_unemp_rate_sa,EU,d4,"Denmark: unemployment rate, total (15-74), ILO definition | d4 (ratio (percent)): x_t - x_t-4",DK,labour_market,False,1,1995Q1,2026Q2,126,noisy monthly LFS (qa_C 13); quarterly mean used
ea_ecb_dfr__lvl,ea_ecb_dfr,EU,lvl,"ECB deposit facility rate, monthly average of calendar days | lvl (interest rate / yield (percent)): quarterly value",EA,rates,False,0,1999Q1,2026Q3,111,
ea_ecb_dfr__d4,ea_ecb_dfr,EU,d4,"ECB deposit facility rate, monthly average of calendar days | d4 (interest rate / yield (percent)): x_t - x_t-4",EA,rates,False,0,2000Q1,2026Q3,107,
ea_ecb_mro__lvl,ea_ecb_mro,EU,lvl,"ECB main refinancing operations rate, monthly average of calendar days | lvl (interest rate / yield (percent)): quarterly value",EA,rates,False,0,1999Q1,2026Q3,111,
ea_ecb_mro__d4,ea_ecb_mro,EU,d4,"ECB main refinancing operations rate, monthly average of calendar days | d4 (interest rate / yield (percent)): x_t - x_t-4",EA,rates,False,0,2000Q1,2026Q3,107,
ea_euribor_3m__lvl,ea_euribor_3m,EU,lvl,"3-month Euribor, monthly average | lvl (interest rate / yield (percent)): quarterly value",EA,rates,False,0,1995Q1,2026Q3,127,
ea_euribor_3m__d4,ea_euribor_3m,EU,d4,"3-month Euribor, monthly average | d4 (interest rate / yield (percent)): x_t - x_t-4",EA,rates,False,0,1995Q1,2026Q3,127,
ea_fx_czk_per_eur__yoy,ea_fx_czk_per_eur,EU,yoy,"ECB euro foreign exchange reference rate, CZK per EUR, monthly average | yoy: 100*ln(x_t/x_t-4)",EA,fx,False,0,2000Q1,2026Q3,107,
ea_fx_czk_per_eur__dyoy,ea_fx_czk_per_eur,EU,dyoy,"ECB euro foreign exchange reference rate, CZK per EUR, monthly average | dyoy: yoy_t - yoy_t-4",EA,fx,False,0,2001Q1,2026Q3,103,
ea_fx_dkk_per_eur__yoy,ea_fx_dkk_per_eur,EU,yoy,"ECB euro foreign exchange reference rate, DKK per EUR, monthly average | yoy: 100*ln(x_t/x_t-4)",EA,fx,False,0,2000Q1,2026Q3,107,
ea_fx_dkk_per_eur__dyoy,ea_fx_dkk_per_eur,EU,dyoy,"ECB euro foreign exchange reference rate, DKK per EUR, monthly average | dyoy: yoy_t - yoy_t-4",EA,fx,False,0,2001Q1,2026Q3,103,
ea_fx_huf_per_eur__yoy,ea_fx_huf_per_eur,EU,yoy,"ECB euro foreign exchange reference rate, HUF per EUR, monthly average | yoy: 100*ln(x_t/x_t-4)",EA,fx,False,0,2000Q1,2026Q3,107,
ea_fx_huf_per_eur__dyoy,ea_fx_huf_per_eur,EU,dyoy,"ECB euro foreign exchange reference rate, HUF per EUR, monthly average | dyoy: yoy_t - yoy_t-4",EA,fx,False,0,2001Q1,2026Q3,103,
ea_fx_inr_per_eur__yoy,ea_fx_inr_per_eur,EU,yoy,"ECB euro foreign exchange reference rate, INR per EUR, monthly average | yoy: 100*ln(x_t/x_t-4)",EA,fx,False,0,2001Q1,2026Q3,103,
ea_fx_inr_per_eur__dyoy,ea_fx_inr_per_eur,EU,dyoy,"ECB euro foreign exchange reference rate, INR per EUR, monthly average | dyoy: yoy_t - yoy_t-4",EA,fx,False,0,2002Q1,2026Q3,99,
ea_fx_pln_per_eur__yoy,ea_fx_pln_per_eur,EU,yoy,"ECB euro foreign exchange reference rate, PLN per EUR, monthly average | yoy: 100*ln(x_t/x_t-4)",EA,fx,False,0,2000Q1,2026Q3,107,
ea_fx_pln_per_eur__dyoy,ea_fx_pln_per_eur,EU,dyoy,"ECB euro foreign exchange reference rate, PLN per EUR, monthly average | dyoy: yoy_t - yoy_t-4",EA,fx,False,0,2001Q1,2026Q3,103,
ea_fx_ron_per_eur__yoy,ea_fx_ron_per_eur,EU,yoy,"ECB euro foreign exchange reference rate, RON per EUR, monthly average | yoy: 100*ln(x_t/x_t-4)",EA,fx,False,0,2000Q1,2026Q3,107,
ea_fx_ron_per_eur__dyoy,ea_fx_ron_per_eur,EU,dyoy,"ECB euro foreign exchange reference rate, RON per EUR, monthly average | dyoy: yoy_t - yoy_t-4",EA,fx,False,0,2001Q1,2026Q3,103,
ea_fx_usd_per_eur__yoy,ea_fx_usd_per_eur,EU,yoy,"ECB euro foreign exchange reference rate, USD per EUR, monthly average | yoy: 100*ln(x_t/x_t-4)",EA,fx,False,0,2000Q1,2026Q3,107,
ea_fx_usd_per_eur__dyoy,ea_fx_usd_per_eur,EU,dyoy,"ECB euro foreign exchange reference rate, USD per EUR, monthly average | dyoy: yoy_t - yoy_t-4",EA,fx,False,0,2001Q1,2026Q3,103,
ea_gdp_vol_idx__yoy,ea_gdp_vol_idx,EU,yoy,"Euro area (20): GDP at market prices, chain-linked volume index | yoy: 100*ln(x_t/x_t-4)",EA,activity_retail,False,1,1996Q1,2026Q2,122,
ea_gdp_vol_idx__dyoy,ea_gdp_vol_idx,EU,dyoy,"Euro area (20): GDP at market prices, chain-linked volume index | dyoy: yoy_t - yoy_t-4",EA,activity_retail,False,1,1997Q1,2026Q2,118,
ea_gov_bond_10y__lvl,ea_gov_bond_10y,EU,lvl,"Euro area: EMU convergence criterion long-term (~10y) government bond yield, monthly average | lvl (interest rate / yield (percent)): quarterly value",EA,rates,False,0,1995Q1,2026Q2,126,
ea_gov_bond_10y__d4,ea_gov_bond_10y,EU,d4,"Euro area: EMU convergence criterion long-term (~10y) government bond yield, monthly average | d4 (interest rate / yield (percent)): x_t - x_t-4",EA,rates,False,0,1995Q1,2026Q2,126,
ea_hh_real_gdi_pc_idx__yoy,ea_hh_real_gdi_pc_idx,EU,yoy,"Euro area (21): real gross disposable income of households per capita (households incl. NPISH, S14_S15) | yoy: 100*ln(x_t/x_t-4)",EA,wages_income,False,1,2000Q1,2026Q1,105,
ea_hh_real_gdi_pc_idx__dyoy,ea_hh_real_gdi_pc_idx,EU,dyoy,"Euro area (21): real gross disposable income of households per capita (households incl. NPISH, S14_S15) | dyoy: yoy_t - yoy_t-4",EA,wages_income,False,1,2001Q1,2026Q1,101,
ea_hh_saving_rate__lvl,ea_hh_saving_rate,EU,lvl,"Euro area (21): gross household saving rate B8G/(B6G+D8net) (households incl. NPISH, S14_S15) | lvl (ratio (percent)): quarterly value",EA,wages_income,False,1,1999Q1,2026Q2,110,
ea_hh_saving_rate__d4,ea_hh_saving_rate,EU,d4,"Euro area (21): gross household saving rate B8G/(B6G+D8net) (households incl. NPISH, S14_S15) | d4 (ratio (percent)): x_t - x_t-4",EA,wages_income,False,1,2000Q1,2026Q2,106,
ea_hicp_all_idx__yoy,ea_hicp_all_idx,EU,yoy,"Euro area (20): HICP all items, monthly index | yoy: 100*ln(x_t/x_t-4)",EA,consumer_prices,False,0,2001Q1,2026Q3,103,
ea_hicp_all_idx__dyoy,ea_hicp_all_idx,EU,dyoy,"Euro area (20): HICP all items, monthly index | dyoy: yoy_t - yoy_t-4",EA,consumer_prices,False,0,2002Q1,2026Q3,99,
ea_hicp_food_bev_idx__yoy,ea_hicp_food_bev_idx,EU,yoy,"Euro area (20): HICP food and non-alcoholic beverages (CP01), monthly index | yoy: 100*ln(x_t/x_t-4)",EA,consumer_prices,False,1,2001Q1,2026Q2,102,
ea_hicp_food_bev_idx__dyoy,ea_hicp_food_bev_idx,EU,dyoy,"Euro area (20): HICP food and non-alcoholic beverages (CP01), monthly index | dyoy: yoy_t - yoy_t-4",EA,consumer_prices,False,1,2002Q1,2026Q2,98,
ea_hicp_food_idx__yoy,ea_hicp_food_idx,EU,yoy,"Euro area (20): HICP food (CP011), monthly index | yoy: 100*ln(x_t/x_t-4)",EA,consumer_prices,True,1,2001Q1,2026Q2,102,
ea_hicp_food_idx__dyoy,ea_hicp_food_idx,EU,dyoy,"Euro area (20): HICP food (CP011), monthly index | dyoy: yoy_t - yoy_t-4",EA,consumer_prices,True,1,2002Q1,2026Q2,98,
ea_lci_wages_idx__yoy,ea_lci_wages_idx,EU,yoy,"Euro area (20): labour cost index, wages and salaries (D11), NACE B-S, nominal, per hour worked | yoy: 100*ln(x_t/x_t-4)",EA,wages_income,False,1,2010Q1,2026Q2,66,
ea_lci_wages_idx__dyoy,ea_lci_wages_idx,EU,dyoy,"Euro area (20): labour cost index, wages and salaries (D11), NACE B-S, nominal, per hour worked | dyoy: yoy_t - yoy_t-4",EA,wages_income,False,1,2011Q1,2026Q2,62,
ea_ppi_dom_food_mfg_idx__yoy,ea_ppi_dom_food_mfg_idx,EU,yoy,"Euro area (20): producer prices in industry, domestic market, manufacture of food products (NACE C10) | yoy: 100*ln(x_t/x_t-4)",EA,producer_prices_input_costs,False,1,1996Q1,2026Q2,122,
ea_ppi_dom_food_mfg_idx__dyoy,ea_ppi_dom_food_mfg_idx,EU,dyoy,"Euro area (20): producer prices in industry, domestic market, manufacture of food products (NACE C10) | dyoy: yoy_t - yoy_t-4",EA,producer_prices_input_costs,False,1,1997Q1,2026Q2,118,
ea_retail_food_vol_idx__yoy,ea_retail_food_vol_idx,EU,yoy,"Euro area (20): retail trade volume, food, beverages and tobacco (G47_FOOD) | yoy: 100*ln(x_t/x_t-4)",EA,activity_retail,False,1,2000Q1,2026Q2,106,
ea_retail_food_vol_idx__dyoy,ea_retail_food_vol_idx,EU,dyoy,"Euro area (20): retail trade volume, food, beverages and tobacco (G47_FOOD) | dyoy: yoy_t - yoy_t-4",EA,activity_retail,False,1,2001Q1,2026Q2,102,
ea_retail_total_vol_idx__yoy,ea_retail_total_vol_idx,EU,yoy,"Euro area (20): retail trade volume, total retail trade except motor vehicles (G47) | yoy: 100*ln(x_t/x_t-4)",EA,activity_retail,False,1,2001Q1,2026Q2,102,
ea_retail_total_vol_idx__dyoy,ea_retail_total_vol_idx,EU,dyoy,"Euro area (20): retail trade volume, total retail trade except motor vehicles (G47) | dyoy: yoy_t - yoy_t-4",EA,activity_retail,False,1,2002Q1,2026Q2,98,
ea_unemp_rate_sa__lvl,ea_unemp_rate_sa,EU,lvl,"Euro area (21): unemployment rate, total (15-74), ILO definition | lvl (ratio (percent)): quarterly value",EA,labour_market,False,1,2000Q1,2026Q2,106,
ea_unemp_rate_sa__d4,ea_unemp_rate_sa,EU,d4,"Euro area (21): unemployment rate, total (15-74), ILO definition | d4 (ratio (percent)): x_t - x_t-4",EA,labour_market,False,1,2001Q1,2026Q2,102,
ee_gdp_vol_idx__yoy,ee_gdp_vol_idx,EU,yoy,"Estonia: GDP at market prices, chain-linked volume index | yoy: 100*ln(x_t/x_t-4)",EE,activity_retail,False,1,1996Q1,2026Q2,122,
ee_gdp_vol_idx__dyoy,ee_gdp_vol_idx,EU,dyoy,"Estonia: GDP at market prices, chain-linked volume index | dyoy: yoy_t - yoy_t-4",EE,activity_retail,False,1,1997Q1,2026Q2,118,
ee_gov_bond_10y__lvl,ee_gov_bond_10y,EU,lvl,"Estonia: EMU convergence criterion long-term (~10y) government bond yield, monthly average | lvl (interest rate / yield (percent)): quarterly value",EE,rates,False,0,2020Q3,2026Q2,24,"from 2020-06 only, not comparable (catalog); excluded from w_gov10y composite"
ee_gov_bond_10y__d4,ee_gov_bond_10y,EU,d4,"Estonia: EMU convergence criterion long-term (~10y) government bond yield, monthly average | d4 (interest rate / yield (percent)): x_t - x_t-4",EE,rates,False,0,2021Q3,2026Q2,20,"from 2020-06 only, not comparable (catalog); excluded from w_gov10y composite"
ee_hicp_all_idx__yoy,ee_hicp_all_idx,EU,yoy,"Estonia: HICP all items, monthly index | yoy: 100*ln(x_t/x_t-4)",EE,consumer_prices,False,1,1997Q1,2026Q3,119,
ee_hicp_all_idx__dyoy,ee_hicp_all_idx,EU,dyoy,"Estonia: HICP all items, monthly index | dyoy: yoy_t - yoy_t-4",EE,consumer_prices,False,1,1998Q1,2026Q3,115,
ee_hicp_food_bev_idx__yoy,ee_hicp_food_bev_idx,EU,yoy,"Estonia: HICP food and non-alcoholic beverages (CP01), monthly index | yoy: 100*ln(x_t/x_t-4)",EE,consumer_prices,False,1,1997Q1,2026Q2,118,
ee_hicp_food_bev_idx__dyoy,ee_hicp_food_bev_idx,EU,dyoy,"Estonia: HICP food and non-alcoholic beverages (CP01), monthly index | dyoy: yoy_t - yoy_t-4",EE,consumer_prices,False,1,1998Q1,2026Q2,114,
ee_hicp_food_idx__yoy,ee_hicp_food_idx,EU,yoy,"Estonia: HICP food (CP011), monthly index | yoy: 100*ln(x_t/x_t-4)",EE,consumer_prices,False,1,1997Q1,2026Q2,118,
ee_hicp_food_idx__dyoy,ee_hicp_food_idx,EU,dyoy,"Estonia: HICP food (CP011), monthly index | dyoy: yoy_t - yoy_t-4",EE,consumer_prices,False,1,1998Q1,2026Q2,114,
ee_lci_wages_idx__yoy,ee_lci_wages_idx,EU,yoy,"Estonia: labour cost index, wages and salaries (D11), NACE B-S, nominal, per hour worked | yoy: 100*ln(x_t/x_t-4)",EE,wages_income,False,1,2002Q1,2026Q2,98,
ee_lci_wages_idx__dyoy,ee_lci_wages_idx,EU,dyoy,"Estonia: labour cost index, wages and salaries (D11), NACE B-S, nominal, per hour worked | dyoy: yoy_t - yoy_t-4",EE,wages_income,False,1,2003Q1,2026Q2,94,
ee_retail_food_vol_idx__yoy,ee_retail_food_vol_idx,EU,yoy,"Estonia: retail trade volume, food, beverages and tobacco (G47_FOOD) | yoy: 100*ln(x_t/x_t-4)",EE,activity_retail,False,1,1999Q1,2026Q2,110,
ee_retail_food_vol_idx__dyoy,ee_retail_food_vol_idx,EU,dyoy,"Estonia: retail trade volume, food, beverages and tobacco (G47_FOOD) | dyoy: yoy_t - yoy_t-4",EE,activity_retail,False,1,2000Q1,2026Q2,106,
ee_retail_total_vol_idx__yoy,ee_retail_total_vol_idx,EU,yoy,"Estonia: retail trade volume, total retail trade except motor vehicles (G47) | yoy: 100*ln(x_t/x_t-4)",EE,activity_retail,False,1,1999Q1,2026Q2,110,
ee_retail_total_vol_idx__dyoy,ee_retail_total_vol_idx,EU,dyoy,"Estonia: retail trade volume, total retail trade except motor vehicles (G47) | dyoy: yoy_t - yoy_t-4",EE,activity_retail,False,1,2000Q1,2026Q2,106,
ee_unemp_rate_sa__lvl,ee_unemp_rate_sa,EU,lvl,"Estonia: unemployment rate, total (15-74), ILO definition | lvl (ratio (percent)): quarterly value",EE,labour_market,False,1,2000Q2,2026Q2,105,
ee_unemp_rate_sa__d4,ee_unemp_rate_sa,EU,d4,"Estonia: unemployment rate, total (15-74), ILO definition | d4 (ratio (percent)): x_t - x_t-4",EE,labour_market,False,1,2001Q2,2026Q2,101,
eu_gdp_vol_idx__yoy,eu_gdp_vol_idx,EU,yoy,"European Union (27, 2020): GDP at market prices, chain-linked volume index | yoy: 100*ln(x_t/x_t-4)",EU,activity_retail,False,1,1996Q1,2026Q2,122,
eu_gdp_vol_idx__dyoy,eu_gdp_vol_idx,EU,dyoy,"European Union (27, 2020): GDP at market prices, chain-linked volume index | dyoy: yoy_t - yoy_t-4",EU,activity_retail,False,1,1997Q1,2026Q2,118,
eu_gov_bond_10y__lvl,eu_gov_bond_10y,EU,lvl,"European Union (27, 2020): EMU convergence criterion long-term (~10y) government bond yield, monthly average | lvl (interest rate / yield (percent)): quarterly value",EU,rates,False,0,2001Q1,2026Q2,102,
eu_gov_bond_10y__d4,eu_gov_bond_10y,EU,d4,"European Union (27, 2020): EMU convergence criterion long-term (~10y) government bond yield, monthly average | d4 (interest rate / yield (percent)): x_t - x_t-4",EU,rates,False,0,2002Q1,2026Q2,98,
eu_hh_real_gdi_pc_idx__yoy,eu_hh_real_gdi_pc_idx,EU,yoy,"European Union (27, 2020): real gross disposable income of households per capita (households incl. NPISH, S14_S15) | yoy: 100*ln(x_t/x_t-4)",EU,wages_income,False,1,2000Q1,2026Q1,105,
eu_hh_real_gdi_pc_idx__dyoy,eu_hh_real_gdi_pc_idx,EU,dyoy,"European Union (27, 2020): real gross disposable income of households per capita (households incl. NPISH, S14_S15) | dyoy: yoy_t - yoy_t-4",EU,wages_income,False,1,2001Q1,2026Q1,101,
eu_hh_saving_rate__lvl,eu_hh_saving_rate,EU,lvl,"European Union (27, 2020): gross household saving rate B8G/(B6G+D8net) (households incl. NPISH, S14_S15) | lvl (ratio (percent)): quarterly value",EU,wages_income,False,1,1999Q1,2026Q1,109,
eu_hh_saving_rate__d4,eu_hh_saving_rate,EU,d4,"European Union (27, 2020): gross household saving rate B8G/(B6G+D8net) (households incl. NPISH, S14_S15) | d4 (ratio (percent)): x_t - x_t-4",EU,wages_income,False,1,2000Q1,2026Q1,105,
eu_hicp_all_idx__yoy,eu_hicp_all_idx,EU,yoy,"European Union (27, 2020): HICP all items, monthly index | yoy: 100*ln(x_t/x_t-4)",EU,consumer_prices,False,1,2001Q1,2026Q2,102,
eu_hicp_all_idx__dyoy,eu_hicp_all_idx,EU,dyoy,"European Union (27, 2020): HICP all items, monthly index | dyoy: yoy_t - yoy_t-4",EU,consumer_prices,False,1,2002Q1,2026Q2,98,
eu_hicp_food_bev_idx__yoy,eu_hicp_food_bev_idx,EU,yoy,"European Union (27, 2020): HICP food and non-alcoholic beverages (CP01), monthly index | yoy: 100*ln(x_t/x_t-4)",EU,consumer_prices,False,1,2001Q1,2026Q2,102,
eu_hicp_food_bev_idx__dyoy,eu_hicp_food_bev_idx,EU,dyoy,"European Union (27, 2020): HICP food and non-alcoholic beverages (CP01), monthly index | dyoy: yoy_t - yoy_t-4",EU,consumer_prices,False,1,2002Q1,2026Q2,98,
eu_hicp_food_idx__yoy,eu_hicp_food_idx,EU,yoy,"European Union (27, 2020): HICP food (CP011), monthly index | yoy: 100*ln(x_t/x_t-4)",EU,consumer_prices,False,1,2001Q1,2026Q2,102,
eu_hicp_food_idx__dyoy,eu_hicp_food_idx,EU,dyoy,"European Union (27, 2020): HICP food (CP011), monthly index | dyoy: yoy_t - yoy_t-4",EU,consumer_prices,False,1,2002Q1,2026Q2,98,
eu_lci_wages_idx__yoy,eu_lci_wages_idx,EU,yoy,"European Union (27, 2020): labour cost index, wages and salaries (D11), NACE B-S, nominal, per hour worked | yoy: 100*ln(x_t/x_t-4)",EU,wages_income,False,1,2010Q1,2026Q2,66,
eu_lci_wages_idx__dyoy,eu_lci_wages_idx,EU,dyoy,"European Union (27, 2020): labour cost index, wages and salaries (D11), NACE B-S, nominal, per hour worked | dyoy: yoy_t - yoy_t-4",EU,wages_income,False,1,2011Q1,2026Q2,62,
eu_ppi_dom_c101_idx__yoy,eu_ppi_dom_c101_idx,EU,yoy,"EU27: domestic producer prices, NACE C101 (meat) | yoy: 100*ln(x_t/x_t-4)",EU,producer_prices_input_costs,False,1,2001Q1,2026Q2,102,
eu_ppi_dom_c101_idx__dyoy,eu_ppi_dom_c101_idx,EU,dyoy,"EU27: domestic producer prices, NACE C101 (meat) | dyoy: yoy_t - yoy_t-4",EU,producer_prices_input_costs,False,1,2002Q1,2026Q2,98,
eu_ppi_dom_c102_idx__yoy,eu_ppi_dom_c102_idx,EU,yoy,"EU27: domestic producer prices, NACE C102 (fish) | yoy: 100*ln(x_t/x_t-4)",EU,producer_prices_input_costs,False,1,2001Q1,2026Q2,98,"yoy NaN across break(s): -12% level jump 2009-01, composition effect (qa_C 14)"
eu_ppi_dom_c102_idx__dyoy,eu_ppi_dom_c102_idx,EU,dyoy,"EU27: domestic producer prices, NACE C102 (fish) | dyoy: yoy_t - yoy_t-4",EU,producer_prices_input_costs,False,1,2002Q1,2026Q2,90,"yoy NaN across break(s): -12% level jump 2009-01, composition effect (qa_C 14)"
eu_ppi_dom_c103_idx__yoy,eu_ppi_dom_c103_idx,EU,yoy,"EU27: domestic producer prices, NACE C103 (fruit & vegetables) | yoy: 100*ln(x_t/x_t-4)",EU,producer_prices_input_costs,True,1,2001Q1,2026Q2,102,
eu_ppi_dom_c103_idx__dyoy,eu_ppi_dom_c103_idx,EU,dyoy,"EU27: domestic producer prices, NACE C103 (fruit & vegetables) | dyoy: yoy_t - yoy_t-4",EU,producer_prices_input_costs,True,1,2002Q1,2026Q2,98,
eu_ppi_dom_c104_idx__yoy,eu_ppi_dom_c104_idx,EU,yoy,"EU27: domestic producer prices, NACE C104 (vegetable & animal oils and fats) | yoy: 100*ln(x_t/x_t-4)",EU,producer_prices_input_costs,False,1,2001Q1,2026Q2,102,
eu_ppi_dom_c104_idx__dyoy,eu_ppi_dom_c104_idx,EU,dyoy,"EU27: domestic producer prices, NACE C104 (vegetable & animal oils and fats) | dyoy: yoy_t - yoy_t-4",EU,producer_prices_input_costs,False,1,2002Q1,2026Q2,98,
eu_ppi_dom_c105_idx__yoy,eu_ppi_dom_c105_idx,EU,yoy,"EU27: domestic producer prices, NACE C105 (dairy) | yoy: 100*ln(x_t/x_t-4)",EU,producer_prices_input_costs,True,1,2001Q1,2026Q2,102,
eu_ppi_dom_c105_idx__dyoy,eu_ppi_dom_c105_idx,EU,dyoy,"EU27: domestic producer prices, NACE C105 (dairy) | dyoy: yoy_t - yoy_t-4",EU,producer_prices_input_costs,True,1,2002Q1,2026Q2,98,
eu_ppi_dom_c106_idx__yoy,eu_ppi_dom_c106_idx,EU,yoy,"EU27: domestic producer prices, NACE C106 (grain mill & starch) | yoy: 100*ln(x_t/x_t-4)",EU,producer_prices_input_costs,True,1,2001Q1,2026Q2,102,
eu_ppi_dom_c106_idx__dyoy,eu_ppi_dom_c106_idx,EU,dyoy,"EU27: domestic producer prices, NACE C106 (grain mill & starch) | dyoy: yoy_t - yoy_t-4",EU,producer_prices_input_costs,True,1,2002Q1,2026Q2,98,
eu_ppi_dom_c107_idx__yoy,eu_ppi_dom_c107_idx,EU,yoy,"EU27: domestic producer prices, NACE C107 (bakery & farinaceous) | yoy: 100*ln(x_t/x_t-4)",EU,producer_prices_input_costs,True,1,2001Q1,2026Q2,102,
eu_ppi_dom_c107_idx__dyoy,eu_ppi_dom_c107_idx,EU,dyoy,"EU27: domestic producer prices, NACE C107 (bakery & farinaceous) | dyoy: yoy_t - yoy_t-4",EU,producer_prices_input_costs,True,1,2002Q1,2026Q2,98,
eu_ppi_dom_c108_idx__yoy,eu_ppi_dom_c108_idx,EU,yoy,"EU27: domestic producer prices, NACE C108 (other food products) | yoy: 100*ln(x_t/x_t-4)",EU,producer_prices_input_costs,True,1,2001Q1,2026Q2,102,
eu_ppi_dom_c108_idx__dyoy,eu_ppi_dom_c108_idx,EU,dyoy,"EU27: domestic producer prices, NACE C108 (other food products) | dyoy: yoy_t - yoy_t-4",EU,producer_prices_input_costs,True,1,2002Q1,2026Q2,98,
eu_ppi_dom_food_mfg_idx__yoy,eu_ppi_dom_food_mfg_idx,EU,yoy,"European Union (27, 2020): producer prices in industry, domestic market, manufacture of food products (NACE C10) | yoy: 100*ln(x_t/x_t-4)",EU,producer_prices_input_costs,True,1,2001Q1,2026Q2,102,
eu_ppi_dom_food_mfg_idx__dyoy,eu_ppi_dom_food_mfg_idx,EU,dyoy,"European Union (27, 2020): producer prices in industry, domestic market, manufacture of food products (NACE C10) | dyoy: yoy_t - yoy_t-4",EU,producer_prices_input_costs,True,1,2002Q1,2026Q2,98,
eu_retail_food_vol_idx__yoy,eu_retail_food_vol_idx,EU,yoy,"European Union (27, 2020): retail trade volume, food, beverages and tobacco (G47_FOOD) | yoy: 100*ln(x_t/x_t-4)",EU,activity_retail,False,1,2000Q1,2026Q2,106,
eu_retail_food_vol_idx__dyoy,eu_retail_food_vol_idx,EU,dyoy,"European Union (27, 2020): retail trade volume, food, beverages and tobacco (G47_FOOD) | dyoy: yoy_t - yoy_t-4",EU,activity_retail,False,1,2001Q1,2026Q2,102,
eu_retail_total_vol_idx__yoy,eu_retail_total_vol_idx,EU,yoy,"European Union (27, 2020): retail trade volume, total retail trade except motor vehicles (G47) | yoy: 100*ln(x_t/x_t-4)",EU,activity_retail,False,1,2001Q1,2026Q2,102,
eu_retail_total_vol_idx__dyoy,eu_retail_total_vol_idx,EU,dyoy,"European Union (27, 2020): retail trade volume, total retail trade except motor vehicles (G47) | dyoy: yoy_t - yoy_t-4",EU,activity_retail,False,1,2002Q1,2026Q2,98,
eu_unemp_rate_sa__lvl,eu_unemp_rate_sa,EU,lvl,"European Union (27, 2020): unemployment rate, total (15-74), ILO definition | lvl (ratio (percent)): quarterly value",EU,labour_market,False,1,2000Q1,2026Q2,106,
eu_unemp_rate_sa__d4,eu_unemp_rate_sa,EU,d4,"European Union (27, 2020): unemployment rate, total (15-74), ILO definition | d4 (ratio (percent)): x_t - x_t-4",EU,labour_market,False,1,2001Q1,2026Q2,102,
fi_gdp_vol_idx__yoy,fi_gdp_vol_idx,EU,yoy,"Finland: GDP at market prices, chain-linked volume index | yoy: 100*ln(x_t/x_t-4)",FI,activity_retail,False,1,1995Q1,2026Q2,126,
fi_gdp_vol_idx__dyoy,fi_gdp_vol_idx,EU,dyoy,"Finland: GDP at market prices, chain-linked volume index | dyoy: yoy_t - yoy_t-4",FI,activity_retail,False,1,1995Q1,2026Q2,126,
fi_gov_bond_10y__lvl,fi_gov_bond_10y,EU,lvl,"Finland: EMU convergence criterion long-term (~10y) government bond yield, monthly average | lvl (interest rate / yield (percent)): quarterly value",FI,rates,False,0,1995Q1,2026Q2,126,
fi_gov_bond_10y__d4,fi_gov_bond_10y,EU,d4,"Finland: EMU convergence criterion long-term (~10y) government bond yield, monthly average | d4 (interest rate / yield (percent)): x_t - x_t-4",FI,rates,False,0,1995Q1,2026Q2,126,
fi_hh_real_gdi_pc_idx__yoy,fi_hh_real_gdi_pc_idx,EU,yoy,"Finland: real gross disposable income of households per capita (households incl. NPISH, S14_S15) | yoy: 100*ln(x_t/x_t-4)",FI,wages_income,False,1,2000Q1,2026Q1,105,
fi_hh_real_gdi_pc_idx__dyoy,fi_hh_real_gdi_pc_idx,EU,dyoy,"Finland: real gross disposable income of households per capita (households incl. NPISH, S14_S15) | dyoy: yoy_t - yoy_t-4",FI,wages_income,False,1,2001Q1,2026Q1,101,
fi_hh_saving_rate__lvl,fi_hh_saving_rate,EU,lvl,"Finland: gross household saving rate B8G/(B6G+D8net) (households incl. NPISH, S14_S15) | lvl (ratio (percent)): quarterly value",FI,wages_income,False,1,1999Q1,2026Q1,109,
fi_hh_saving_rate__d4,fi_hh_saving_rate,EU,d4,"Finland: gross household saving rate B8G/(B6G+D8net) (households incl. NPISH, S14_S15) | d4 (ratio (percent)): x_t - x_t-4",FI,wages_income,False,1,2000Q1,2026Q1,105,
fi_hicp_all_idx__yoy,fi_hicp_all_idx,EU,yoy,"Finland: HICP all items, monthly index | yoy: 100*ln(x_t/x_t-4)",FI,consumer_prices,False,1,1997Q1,2026Q3,119,
fi_hicp_all_idx__dyoy,fi_hicp_all_idx,EU,dyoy,"Finland: HICP all items, monthly index | dyoy: yoy_t - yoy_t-4",FI,consumer_prices,False,1,1998Q1,2026Q3,115,
fi_hicp_food_bev_idx__yoy,fi_hicp_food_bev_idx,EU,yoy,"Finland: HICP food and non-alcoholic beverages (CP01), monthly index | yoy: 100*ln(x_t/x_t-4)",FI,consumer_prices,False,1,1997Q1,2026Q2,118,
fi_hicp_food_bev_idx__dyoy,fi_hicp_food_bev_idx,EU,dyoy,"Finland: HICP food and non-alcoholic beverages (CP01), monthly index | dyoy: yoy_t - yoy_t-4",FI,consumer_prices,False,1,1998Q1,2026Q2,114,
fi_hicp_food_idx__yoy,fi_hicp_food_idx,EU,yoy,"Finland: HICP food (CP011), monthly index | yoy: 100*ln(x_t/x_t-4)",FI,consumer_prices,False,1,1997Q1,2026Q2,118,
fi_hicp_food_idx__dyoy,fi_hicp_food_idx,EU,dyoy,"Finland: HICP food (CP011), monthly index | dyoy: yoy_t - yoy_t-4",FI,consumer_prices,False,1,1998Q1,2026Q2,114,
fi_lci_wages_idx__yoy,fi_lci_wages_idx,EU,yoy,"Finland: labour cost index, wages and salaries (D11), NACE B-S, nominal, per hour worked | yoy: 100*ln(x_t/x_t-4)",FI,wages_income,False,1,2001Q1,2026Q2,102,
fi_lci_wages_idx__dyoy,fi_lci_wages_idx,EU,dyoy,"Finland: labour cost index, wages and salaries (D11), NACE B-S, nominal, per hour worked | dyoy: yoy_t - yoy_t-4",FI,wages_income,False,1,2002Q1,2026Q2,98,
fi_ppi_dom_food_mfg_idx__yoy,fi_ppi_dom_food_mfg_idx,EU,yoy,"Finland: producer prices in industry, domestic market, manufacture of food products (NACE C10) | yoy: 100*ln(x_t/x_t-4)",FI,producer_prices_input_costs,False,1,1996Q1,2026Q2,122,
fi_ppi_dom_food_mfg_idx__dyoy,fi_ppi_dom_food_mfg_idx,EU,dyoy,"Finland: producer prices in industry, domestic market, manufacture of food products (NACE C10) | dyoy: yoy_t - yoy_t-4",FI,producer_prices_input_costs,False,1,1997Q1,2026Q2,118,
fi_retail_food_vol_idx__yoy,fi_retail_food_vol_idx,EU,yoy,"Finland: retail trade volume, food, beverages and tobacco (G47_FOOD) | yoy: 100*ln(x_t/x_t-4)",FI,activity_retail,False,1,1996Q1,2026Q2,122,
fi_retail_food_vol_idx__dyoy,fi_retail_food_vol_idx,EU,dyoy,"Finland: retail trade volume, food, beverages and tobacco (G47_FOOD) | dyoy: yoy_t - yoy_t-4",FI,activity_retail,False,1,1997Q1,2026Q2,118,
fi_retail_total_vol_idx__yoy,fi_retail_total_vol_idx,EU,yoy,"Finland: retail trade volume, total retail trade except motor vehicles (G47) | yoy: 100*ln(x_t/x_t-4)",FI,activity_retail,False,1,1996Q1,2026Q2,122,
fi_retail_total_vol_idx__dyoy,fi_retail_total_vol_idx,EU,dyoy,"Finland: retail trade volume, total retail trade except motor vehicles (G47) | dyoy: yoy_t - yoy_t-4",FI,activity_retail,False,1,1997Q1,2026Q2,118,
fi_unemp_rate_sa__lvl,fi_unemp_rate_sa,EU,lvl,"Finland: unemployment rate, total (15-74), ILO definition | lvl (ratio (percent)): quarterly value",FI,labour_market,False,1,1995Q1,2026Q2,126,
fi_unemp_rate_sa__d4,fi_unemp_rate_sa,EU,d4,"Finland: unemployment rate, total (15-74), ILO definition | d4 (ratio (percent)): x_t - x_t-4",FI,labour_market,False,1,1995Q1,2026Q2,126,
hu_gdp_vol_idx__yoy,hu_gdp_vol_idx,EU,yoy,"Hungary: GDP at market prices, chain-linked volume index | yoy: 100*ln(x_t/x_t-4)",HU,activity_retail,False,1,1996Q1,2026Q2,122,
hu_gdp_vol_idx__dyoy,hu_gdp_vol_idx,EU,dyoy,"Hungary: GDP at market prices, chain-linked volume index | dyoy: yoy_t - yoy_t-4",HU,activity_retail,False,1,1997Q1,2026Q2,118,
hu_gov_bond_10y__lvl,hu_gov_bond_10y,EU,lvl,"Hungary: EMU convergence criterion long-term (~10y) government bond yield, monthly average | lvl (interest rate / yield (percent)): quarterly value",HU,rates,False,0,2001Q1,2026Q2,102,
hu_gov_bond_10y__d4,hu_gov_bond_10y,EU,d4,"Hungary: EMU convergence criterion long-term (~10y) government bond yield, monthly average | d4 (interest rate / yield (percent)): x_t - x_t-4",HU,rates,False,0,2002Q1,2026Q2,98,
hu_hh_real_gdi_pc_idx__yoy,hu_hh_real_gdi_pc_idx,EU,yoy,"Hungary: real gross disposable income of households per capita (households incl. NPISH, S14_S15) | yoy: 100*ln(x_t/x_t-4)",HU,wages_income,False,1,2000Q1,2026Q1,105,
hu_hh_real_gdi_pc_idx__dyoy,hu_hh_real_gdi_pc_idx,EU,dyoy,"Hungary: real gross disposable income of households per capita (households incl. NPISH, S14_S15) | dyoy: yoy_t - yoy_t-4",HU,wages_income,False,1,2001Q1,2026Q1,101,
hu_hh_saving_rate__lvl,hu_hh_saving_rate,EU,lvl,"Hungary: gross household saving rate B8G/(B6G+D8net) (households incl. NPISH, S14_S15) | lvl (ratio (percent)): quarterly value",HU,wages_income,False,1,1999Q1,2026Q1,109,
hu_hh_saving_rate__d4,hu_hh_saving_rate,EU,d4,"Hungary: gross household saving rate B8G/(B6G+D8net) (households incl. NPISH, S14_S15) | d4 (ratio (percent)): x_t - x_t-4",HU,wages_income,False,1,2000Q1,2026Q1,105,
hu_hicp_all_idx__yoy,hu_hicp_all_idx,EU,yoy,"Hungary: HICP all items, monthly index | yoy: 100*ln(x_t/x_t-4)",HU,consumer_prices,False,1,1997Q1,2026Q2,118,
hu_hicp_all_idx__dyoy,hu_hicp_all_idx,EU,dyoy,"Hungary: HICP all items, monthly index | dyoy: yoy_t - yoy_t-4",HU,consumer_prices,False,1,1998Q1,2026Q2,114,
hu_hicp_food_bev_idx__yoy,hu_hicp_food_bev_idx,EU,yoy,"Hungary: HICP food and non-alcoholic beverages (CP01), monthly index | yoy: 100*ln(x_t/x_t-4)",HU,consumer_prices,False,1,1997Q1,2026Q2,118,
hu_hicp_food_bev_idx__dyoy,hu_hicp_food_bev_idx,EU,dyoy,"Hungary: HICP food and non-alcoholic beverages (CP01), monthly index | dyoy: yoy_t - yoy_t-4",HU,consumer_prices,False,1,1998Q1,2026Q2,114,
hu_hicp_food_idx__yoy,hu_hicp_food_idx,EU,yoy,"Hungary: HICP food (CP011), monthly index | yoy: 100*ln(x_t/x_t-4)",HU,consumer_prices,False,1,2002Q1,2026Q2,98,
hu_hicp_food_idx__dyoy,hu_hicp_food_idx,EU,dyoy,"Hungary: HICP food (CP011), monthly index | dyoy: yoy_t - yoy_t-4",HU,consumer_prices,False,1,2003Q1,2026Q2,94,
hu_lci_wages_idx__yoy,hu_lci_wages_idx,EU,yoy,"Hungary: labour cost index, wages and salaries (D11), NACE B-S, nominal, per hour worked | yoy: 100*ln(x_t/x_t-4)",HU,wages_income,False,1,2001Q1,2026Q2,102,
hu_lci_wages_idx__dyoy,hu_lci_wages_idx,EU,dyoy,"Hungary: labour cost index, wages and salaries (D11), NACE B-S, nominal, per hour worked | dyoy: yoy_t - yoy_t-4",HU,wages_income,False,1,2002Q1,2026Q2,98,
hu_policy_rate__lvl,hu_policy_rate,EU,lvl,"Hungary: central bank policy rate (MNB base rate), monthly average of calendar days | lvl (interest rate / yield (percent)): quarterly value",HU,rates,False,0,1995Q1,2026Q3,127,
hu_policy_rate__d4,hu_policy_rate,EU,d4,"Hungary: central bank policy rate (MNB base rate), monthly average of calendar days | d4 (interest rate / yield (percent)): x_t - x_t-4",HU,rates,False,0,1995Q1,2026Q3,127,
hu_ppi_dom_food_mfg_idx__yoy,hu_ppi_dom_food_mfg_idx,EU,yoy,"Hungary: producer prices in industry, domestic market, manufacture of food products (NACE C10) | yoy: 100*ln(x_t/x_t-4)",HU,producer_prices_input_costs,False,1,2001Q1,2026Q2,102,
hu_ppi_dom_food_mfg_idx__dyoy,hu_ppi_dom_food_mfg_idx,EU,dyoy,"Hungary: producer prices in industry, domestic market, manufacture of food products (NACE C10) | dyoy: yoy_t - yoy_t-4",HU,producer_prices_input_costs,False,1,2002Q1,2026Q2,98,
hu_retail_food_vol_idx__yoy,hu_retail_food_vol_idx,EU,yoy,"Hungary: retail trade volume, food, beverages and tobacco (G47_FOOD) | yoy: 100*ln(x_t/x_t-4)",HU,activity_retail,False,1,2001Q1,2026Q2,102,
hu_retail_food_vol_idx__dyoy,hu_retail_food_vol_idx,EU,dyoy,"Hungary: retail trade volume, food, beverages and tobacco (G47_FOOD) | dyoy: yoy_t - yoy_t-4",HU,activity_retail,False,1,2002Q1,2026Q2,98,
hu_retail_total_vol_idx__yoy,hu_retail_total_vol_idx,EU,yoy,"Hungary: retail trade volume, total retail trade except motor vehicles (G47) | yoy: 100*ln(x_t/x_t-4)",HU,activity_retail,False,1,2001Q1,2026Q2,102,
hu_retail_total_vol_idx__dyoy,hu_retail_total_vol_idx,EU,dyoy,"Hungary: retail trade volume, total retail trade except motor vehicles (G47) | dyoy: yoy_t - yoy_t-4",HU,activity_retail,False,1,2002Q1,2026Q2,98,
hu_unemp_rate_sa__lvl,hu_unemp_rate_sa,EU,lvl,"Hungary: unemployment rate, total (15-74), ILO definition | lvl (ratio (percent)): quarterly value",HU,labour_market,False,1,1996Q1,2026Q2,122,
hu_unemp_rate_sa__d4,hu_unemp_rate_sa,EU,d4,"Hungary: unemployment rate, total (15-74), ILO definition | d4 (ratio (percent)): x_t - x_t-4",HU,labour_market,False,1,1997Q1,2026Q2,118,
in_cpi_all_idx__yoy,in_cpi_all_idx,EU,yoy,"India: consumer price index, all items (national CPI) | yoy: 100*ln(x_t/x_t-4)",IN,consumer_prices,False,0,1995Q1,2026Q2,126,
in_cpi_all_idx__dyoy,in_cpi_all_idx,EU,dyoy,"India: consumer price index, all items (national CPI) | dyoy: yoy_t - yoy_t-4",IN,consumer_prices,False,0,1995Q1,2026Q2,126,
in_cpi_food_idx__yoy,in_cpi_food_idx,EU,yoy,"India: consumer price index, food | yoy: 100*ln(x_t/x_t-4)",IN,consumer_prices,False,2,2001Q1,2026Q1,101,"FAOSTAT; 2025 values FAO-imputed (qa_C 3); ends 2026-03; ~120-day lag, so left out of the food-CPI composites"
in_cpi_food_idx__dyoy,in_cpi_food_idx,EU,dyoy,"India: consumer price index, food | dyoy: yoy_t - yoy_t-4",IN,consumer_prices,False,2,2002Q1,2026Q1,97,"FAOSTAT; 2025 values FAO-imputed (qa_C 3); ends 2026-03; ~120-day lag, so left out of the food-CPI composites"
in_policy_rate__lvl,in_policy_rate,EU,lvl,"India: central bank policy rate (RBI policy repo rate), monthly average of calendar days | lvl (interest rate / yield (percent)): quarterly value",IN,rates,False,0,1995Q1,2026Q2,126,
in_policy_rate__d4,in_policy_rate,EU,d4,"India: central bank policy rate (RBI policy repo rate), monthly average of calendar days | d4 (interest rate / yield (percent)): x_t - x_t-4",IN,rates,False,0,1995Q1,2026Q2,126,
lt_gdp_vol_idx__yoy,lt_gdp_vol_idx,EU,yoy,"Lithuania: GDP at market prices, chain-linked volume index | yoy: 100*ln(x_t/x_t-4)",LT,activity_retail,False,1,1996Q1,2026Q2,122,
lt_gdp_vol_idx__dyoy,lt_gdp_vol_idx,EU,dyoy,"Lithuania: GDP at market prices, chain-linked volume index | dyoy: yoy_t - yoy_t-4",LT,activity_retail,False,1,1997Q1,2026Q2,118,
lt_gov_bond_10y__lvl,lt_gov_bond_10y,EU,lvl,"Lithuania: EMU convergence criterion long-term (~10y) government bond yield, monthly average | lvl (interest rate / yield (percent)): quarterly value",LT,rates,False,0,2001Q1,2026Q2,102,flat carried-forward primary yield (qa_C 9); excluded from w_gov10y composite
lt_gov_bond_10y__d4,lt_gov_bond_10y,EU,d4,"Lithuania: EMU convergence criterion long-term (~10y) government bond yield, monthly average | d4 (interest rate / yield (percent)): x_t - x_t-4",LT,rates,False,0,2002Q1,2026Q2,98,flat carried-forward primary yield (qa_C 9); excluded from w_gov10y composite
lt_hicp_all_idx__yoy,lt_hicp_all_idx,EU,yoy,"Lithuania: HICP all items, monthly index | yoy: 100*ln(x_t/x_t-4)",LT,consumer_prices,False,1,1997Q1,2026Q3,119,
lt_hicp_all_idx__dyoy,lt_hicp_all_idx,EU,dyoy,"Lithuania: HICP all items, monthly index | dyoy: yoy_t - yoy_t-4",LT,consumer_prices,False,1,1998Q1,2026Q3,115,
lt_hicp_food_bev_idx__yoy,lt_hicp_food_bev_idx,EU,yoy,"Lithuania: HICP food and non-alcoholic beverages (CP01), monthly index | yoy: 100*ln(x_t/x_t-4)",LT,consumer_prices,False,1,1997Q1,2026Q2,118,
lt_hicp_food_bev_idx__dyoy,lt_hicp_food_bev_idx,EU,dyoy,"Lithuania: HICP food and non-alcoholic beverages (CP01), monthly index | dyoy: yoy_t - yoy_t-4",LT,consumer_prices,False,1,1998Q1,2026Q2,114,
lt_hicp_food_idx__yoy,lt_hicp_food_idx,EU,yoy,"Lithuania: HICP food (CP011), monthly index | yoy: 100*ln(x_t/x_t-4)",LT,consumer_prices,False,1,1997Q1,2026Q2,118,
lt_hicp_food_idx__dyoy,lt_hicp_food_idx,EU,dyoy,"Lithuania: HICP food (CP011), monthly index | dyoy: yoy_t - yoy_t-4",LT,consumer_prices,False,1,1998Q1,2026Q2,114,
lt_lci_wages_idx__yoy,lt_lci_wages_idx,EU,yoy,"Lithuania: labour cost index, wages and salaries (D11), NACE B-S, nominal, per hour worked | yoy: 100*ln(x_t/x_t-4)",LT,wages_income,False,1,2001Q1,2026Q2,98,yoy NaN across break(s): LT 2019 tax reform: +30% level jump in 2019Q1 (qa_C 8)
lt_lci_wages_idx__dyoy,lt_lci_wages_idx,EU,dyoy,"Lithuania: labour cost index, wages and salaries (D11), NACE B-S, nominal, per hour worked | dyoy: yoy_t - yoy_t-4",LT,wages_income,False,1,2002Q1,2026Q2,90,yoy NaN across break(s): LT 2019 tax reform: +30% level jump in 2019Q1 (qa_C 8)
lt_ppi_dom_food_mfg_idx__yoy,lt_ppi_dom_food_mfg_idx,EU,yoy,"Lithuania: producer prices in industry, domestic market, manufacture of food products (NACE C10) | yoy: 100*ln(x_t/x_t-4)",LT,producer_prices_input_costs,False,1,1999Q1,2026Q2,110,
lt_ppi_dom_food_mfg_idx__dyoy,lt_ppi_dom_food_mfg_idx,EU,dyoy,"Lithuania: producer prices in industry, domestic market, manufacture of food products (NACE C10) | dyoy: yoy_t - yoy_t-4",LT,producer_prices_input_costs,False,1,2000Q1,2026Q2,106,
lt_retail_food_vol_idx__yoy,lt_retail_food_vol_idx,EU,yoy,"Lithuania: retail trade volume, food, beverages and tobacco (G47_FOOD) | yoy: 100*ln(x_t/x_t-4)",LT,activity_retail,False,1,1999Q1,2026Q2,110,
lt_retail_food_vol_idx__dyoy,lt_retail_food_vol_idx,EU,dyoy,"Lithuania: retail trade volume, food, beverages and tobacco (G47_FOOD) | dyoy: yoy_t - yoy_t-4",LT,activity_retail,False,1,2000Q1,2026Q2,106,
lt_retail_total_vol_idx__yoy,lt_retail_total_vol_idx,EU,yoy,"Lithuania: retail trade volume, total retail trade except motor vehicles (G47) | yoy: 100*ln(x_t/x_t-4)",LT,activity_retail,False,1,1999Q1,2026Q2,110,
lt_retail_total_vol_idx__dyoy,lt_retail_total_vol_idx,EU,dyoy,"Lithuania: retail trade volume, total retail trade except motor vehicles (G47) | dyoy: yoy_t - yoy_t-4",LT,activity_retail,False,1,2000Q1,2026Q2,106,
lt_unemp_rate_sa__lvl,lt_unemp_rate_sa,EU,lvl,"Lithuania: unemployment rate, total (15-74), ILO definition | lvl (ratio (percent)): quarterly value",LT,labour_market,False,1,1998Q1,2026Q2,114,
lt_unemp_rate_sa__d4,lt_unemp_rate_sa,EU,d4,"Lithuania: unemployment rate, total (15-74), ILO definition | d4 (ratio (percent)): x_t - x_t-4",LT,labour_market,False,1,1999Q1,2026Q2,110,
lv_gdp_vol_idx__yoy,lv_gdp_vol_idx,EU,yoy,"Latvia: GDP at market prices, chain-linked volume index | yoy: 100*ln(x_t/x_t-4)",LV,activity_retail,False,1,1996Q1,2026Q2,122,
lv_gdp_vol_idx__dyoy,lv_gdp_vol_idx,EU,dyoy,"Latvia: GDP at market prices, chain-linked volume index | dyoy: yoy_t - yoy_t-4",LV,activity_retail,False,1,1997Q1,2026Q2,118,
lv_gov_bond_10y__lvl,lv_gov_bond_10y,EU,lvl,"Latvia: EMU convergence criterion long-term (~10y) government bond yield, monthly average | lvl (interest rate / yield (percent)): quarterly value",LV,rates,False,0,2001Q1,2026Q2,102,
lv_gov_bond_10y__d4,lv_gov_bond_10y,EU,d4,"Latvia: EMU convergence criterion long-term (~10y) government bond yield, monthly average | d4 (interest rate / yield (percent)): x_t - x_t-4",LV,rates,False,0,2002Q1,2026Q2,98,
lv_hicp_all_idx__yoy,lv_hicp_all_idx,EU,yoy,"Latvia: HICP all items, monthly index | yoy: 100*ln(x_t/x_t-4)",LV,consumer_prices,False,1,1997Q1,2026Q3,119,
lv_hicp_all_idx__dyoy,lv_hicp_all_idx,EU,dyoy,"Latvia: HICP all items, monthly index | dyoy: yoy_t - yoy_t-4",LV,consumer_prices,False,1,1998Q1,2026Q3,115,
lv_hicp_food_bev_idx__yoy,lv_hicp_food_bev_idx,EU,yoy,"Latvia: HICP food and non-alcoholic beverages (CP01), monthly index | yoy: 100*ln(x_t/x_t-4)",LV,consumer_prices,False,1,1997Q1,2026Q2,118,
lv_hicp_food_bev_idx__dyoy,lv_hicp_food_bev_idx,EU,dyoy,"Latvia: HICP food and non-alcoholic beverages (CP01), monthly index | dyoy: yoy_t - yoy_t-4",LV,consumer_prices,False,1,1998Q1,2026Q2,114,
lv_hicp_food_idx__yoy,lv_hicp_food_idx,EU,yoy,"Latvia: HICP food (CP011), monthly index | yoy: 100*ln(x_t/x_t-4)",LV,consumer_prices,False,1,1997Q1,2026Q2,118,
lv_hicp_food_idx__dyoy,lv_hicp_food_idx,EU,dyoy,"Latvia: HICP food (CP011), monthly index | dyoy: yoy_t - yoy_t-4",LV,consumer_prices,False,1,1998Q1,2026Q2,114,
lv_lci_wages_idx__yoy,lv_lci_wages_idx,EU,yoy,"Latvia: labour cost index, wages and salaries (D11), NACE B-S, nominal, per hour worked | yoy: 100*ln(x_t/x_t-4)",LV,wages_income,False,1,2001Q1,2026Q2,102,
lv_lci_wages_idx__dyoy,lv_lci_wages_idx,EU,dyoy,"Latvia: labour cost index, wages and salaries (D11), NACE B-S, nominal, per hour worked | dyoy: yoy_t - yoy_t-4",LV,wages_income,False,1,2002Q1,2026Q2,98,
lv_retail_food_vol_idx__yoy,lv_retail_food_vol_idx,EU,yoy,"Latvia: retail trade volume, food, beverages and tobacco (G47_FOOD) | yoy: 100*ln(x_t/x_t-4)",LV,activity_retail,False,1,2001Q1,2026Q2,102,
lv_retail_food_vol_idx__dyoy,lv_retail_food_vol_idx,EU,dyoy,"Latvia: retail trade volume, food, beverages and tobacco (G47_FOOD) | dyoy: yoy_t - yoy_t-4",LV,activity_retail,False,1,2002Q1,2026Q2,98,
lv_retail_total_vol_idx__yoy,lv_retail_total_vol_idx,EU,yoy,"Latvia: retail trade volume, total retail trade except motor vehicles (G47) | yoy: 100*ln(x_t/x_t-4)",LV,activity_retail,False,1,2001Q1,2026Q2,102,
lv_retail_total_vol_idx__dyoy,lv_retail_total_vol_idx,EU,dyoy,"Latvia: retail trade volume, total retail trade except motor vehicles (G47) | dyoy: yoy_t - yoy_t-4",LV,activity_retail,False,1,2002Q1,2026Q2,98,
lv_unemp_rate_sa__lvl,lv_unemp_rate_sa,EU,lvl,"Latvia: unemployment rate, total (15-74), ILO definition | lvl (ratio (percent)): quarterly value",LV,labour_market,False,1,1998Q2,2026Q2,113,
lv_unemp_rate_sa__d4,lv_unemp_rate_sa,EU,d4,"Latvia: unemployment rate, total (15-74), ILO definition | d4 (ratio (percent)): x_t - x_t-4",LV,labour_market,False,1,1999Q2,2026Q2,109,
no_gdp_vol_idx__yoy,no_gdp_vol_idx,EU,yoy,"Norway: GDP at market prices, chain-linked volume index | yoy: 100*ln(x_t/x_t-4)",NO,activity_retail,False,1,1995Q1,2026Q2,126,
no_gdp_vol_idx__dyoy,no_gdp_vol_idx,EU,dyoy,"Norway: GDP at market prices, chain-linked volume index | dyoy: yoy_t - yoy_t-4",NO,activity_retail,False,1,1995Q1,2026Q2,126,
no_hicp_all_idx__yoy,no_hicp_all_idx,EU,yoy,"Norway: HICP all items, monthly index | yoy: 100*ln(x_t/x_t-4)",NO,consumer_prices,False,1,2001Q1,2026Q2,102,
no_hicp_all_idx__dyoy,no_hicp_all_idx,EU,dyoy,"Norway: HICP all items, monthly index | dyoy: yoy_t - yoy_t-4",NO,consumer_prices,False,1,2002Q1,2026Q2,98,
no_hicp_food_bev_idx__yoy,no_hicp_food_bev_idx,EU,yoy,"Norway: HICP food and non-alcoholic beverages (CP01), monthly index | yoy: 100*ln(x_t/x_t-4)",NO,consumer_prices,False,1,2001Q1,2026Q2,102,
no_hicp_food_bev_idx__dyoy,no_hicp_food_bev_idx,EU,dyoy,"Norway: HICP food and non-alcoholic beverages (CP01), monthly index | dyoy: yoy_t - yoy_t-4",NO,consumer_prices,False,1,2002Q1,2026Q2,98,
no_hicp_food_idx__yoy,no_hicp_food_idx,EU,yoy,"Norway: HICP food (CP011), monthly index | yoy: 100*ln(x_t/x_t-4)",NO,consumer_prices,False,1,2001Q1,2026Q2,102,
no_hicp_food_idx__dyoy,no_hicp_food_idx,EU,dyoy,"Norway: HICP food (CP011), monthly index | dyoy: yoy_t - yoy_t-4",NO,consumer_prices,False,1,2002Q1,2026Q2,98,
no_lci_wages_idx__yoy,no_lci_wages_idx,EU,yoy,"Norway: labour cost index, wages and salaries (D11), NACE B-S, nominal, per hour worked | yoy: 100*ln(x_t/x_t-4)",NO,wages_income,False,1,1997Q1,2026Q2,118,
no_lci_wages_idx__dyoy,no_lci_wages_idx,EU,dyoy,"Norway: labour cost index, wages and salaries (D11), NACE B-S, nominal, per hour worked | dyoy: yoy_t - yoy_t-4",NO,wages_income,False,1,1998Q1,2026Q2,114,
no_retail_food_vol_idx__yoy,no_retail_food_vol_idx,EU,yoy,"Norway: retail trade volume, food, beverages and tobacco (G47_FOOD) | yoy: 100*ln(x_t/x_t-4)",NO,activity_retail,False,1,2001Q1,2026Q2,102,
no_retail_food_vol_idx__dyoy,no_retail_food_vol_idx,EU,dyoy,"Norway: retail trade volume, food, beverages and tobacco (G47_FOOD) | dyoy: yoy_t - yoy_t-4",NO,activity_retail,False,1,2002Q1,2026Q2,98,
no_unemp_rate_sa__lvl,no_unemp_rate_sa,EU,lvl,"Norway: unemployment rate, total (15-74), ILO definition | lvl (ratio (percent)): quarterly value",NO,labour_market,False,1,1995Q1,2026Q2,126,
no_unemp_rate_sa__d4,no_unemp_rate_sa,EU,d4,"Norway: unemployment rate, total (15-74), ILO definition | d4 (ratio (percent)): x_t - x_t-4",NO,labour_market,False,1,1995Q1,2026Q2,126,
pl_gdp_vol_idx__yoy,pl_gdp_vol_idx,EU,yoy,"Poland: GDP at market prices, chain-linked volume index | yoy: 100*ln(x_t/x_t-4)",PL,activity_retail,False,1,1996Q1,2026Q2,122,
pl_gdp_vol_idx__dyoy,pl_gdp_vol_idx,EU,dyoy,"Poland: GDP at market prices, chain-linked volume index | dyoy: yoy_t - yoy_t-4",PL,activity_retail,False,1,1997Q1,2026Q2,118,
pl_gov_bond_10y__lvl,pl_gov_bond_10y,EU,lvl,"Poland: EMU convergence criterion long-term (~10y) government bond yield, monthly average | lvl (interest rate / yield (percent)): quarterly value",PL,rates,False,0,2001Q1,2026Q2,102,
pl_gov_bond_10y__d4,pl_gov_bond_10y,EU,d4,"Poland: EMU convergence criterion long-term (~10y) government bond yield, monthly average | d4 (interest rate / yield (percent)): x_t - x_t-4",PL,rates,False,0,2002Q1,2026Q2,98,
pl_hh_real_gdi_pc_idx__yoy,pl_hh_real_gdi_pc_idx,EU,yoy,"Poland: real gross disposable income of households per capita (households incl. NPISH, S14_S15) | yoy: 100*ln(x_t/x_t-4)",PL,wages_income,False,1,2000Q1,2026Q1,105,
pl_hh_real_gdi_pc_idx__dyoy,pl_hh_real_gdi_pc_idx,EU,dyoy,"Poland: real gross disposable income of households per capita (households incl. NPISH, S14_S15) | dyoy: yoy_t - yoy_t-4",PL,wages_income,False,1,2001Q1,2026Q1,101,
pl_hh_saving_rate__lvl,pl_hh_saving_rate,EU,lvl,"Poland: gross household saving rate B8G/(B6G+D8net) (households incl. NPISH, S14_S15) | lvl (ratio (percent)): quarterly value",PL,wages_income,False,1,1999Q1,2026Q1,109,
pl_hh_saving_rate__d4,pl_hh_saving_rate,EU,d4,"Poland: gross household saving rate B8G/(B6G+D8net) (households incl. NPISH, S14_S15) | d4 (ratio (percent)): x_t - x_t-4",PL,wages_income,False,1,2000Q1,2026Q1,105,
pl_hicp_all_idx__yoy,pl_hicp_all_idx,EU,yoy,"Poland: HICP all items, monthly index | yoy: 100*ln(x_t/x_t-4)",PL,consumer_prices,False,1,1997Q1,2026Q2,118,
pl_hicp_all_idx__dyoy,pl_hicp_all_idx,EU,dyoy,"Poland: HICP all items, monthly index | dyoy: yoy_t - yoy_t-4",PL,consumer_prices,False,1,1998Q1,2026Q2,114,
pl_hicp_food_bev_idx__yoy,pl_hicp_food_bev_idx,EU,yoy,"Poland: HICP food and non-alcoholic beverages (CP01), monthly index | yoy: 100*ln(x_t/x_t-4)",PL,consumer_prices,False,1,1997Q1,2026Q2,118,
pl_hicp_food_bev_idx__dyoy,pl_hicp_food_bev_idx,EU,dyoy,"Poland: HICP food and non-alcoholic beverages (CP01), monthly index | dyoy: yoy_t - yoy_t-4",PL,consumer_prices,False,1,1998Q1,2026Q2,114,
pl_hicp_food_idx__yoy,pl_hicp_food_idx,EU,yoy,"Poland: HICP food (CP011), monthly index | yoy: 100*ln(x_t/x_t-4)",PL,consumer_prices,False,1,1997Q1,2026Q2,118,
pl_hicp_food_idx__dyoy,pl_hicp_food_idx,EU,dyoy,"Poland: HICP food (CP011), monthly index | dyoy: yoy_t - yoy_t-4",PL,consumer_prices,False,1,1998Q1,2026Q2,114,
pl_lci_wages_idx__yoy,pl_lci_wages_idx,EU,yoy,"Poland: labour cost index, wages and salaries (D11), NACE B-S, nominal, per hour worked | yoy: 100*ln(x_t/x_t-4)",PL,wages_income,False,1,2002Q1,2026Q2,98,
pl_lci_wages_idx__dyoy,pl_lci_wages_idx,EU,dyoy,"Poland: labour cost index, wages and salaries (D11), NACE B-S, nominal, per hour worked | dyoy: yoy_t - yoy_t-4",PL,wages_income,False,1,2003Q1,2026Q2,94,
pl_mm_rate_3m__lvl,pl_mm_rate_3m,EU,lvl,"Poland: 3-month interbank money market rate, monthly average | lvl (interest rate / yield (percent)): quarterly value",PL,rates,False,0,1995Q1,2026Q2,126,
pl_mm_rate_3m__d4,pl_mm_rate_3m,EU,d4,"Poland: 3-month interbank money market rate, monthly average | d4 (interest rate / yield (percent)): x_t - x_t-4",PL,rates,False,0,1996Q1,2026Q2,122,
pl_policy_rate__lvl,pl_policy_rate,EU,lvl,"Poland: central bank policy rate (NBP reference rate), monthly average of calendar days | lvl (interest rate / yield (percent)): quarterly value",PL,rates,False,0,1995Q1,2026Q3,127,
pl_policy_rate__d4,pl_policy_rate,EU,d4,"Poland: central bank policy rate (NBP reference rate), monthly average of calendar days | d4 (interest rate / yield (percent)): x_t - x_t-4",PL,rates,False,0,1995Q1,2026Q3,127,
pl_ppi_dom_food_mfg_idx__yoy,pl_ppi_dom_food_mfg_idx,EU,yoy,"Poland: producer prices in industry, domestic market, manufacture of food products (NACE C10) | yoy: 100*ln(x_t/x_t-4)",PL,producer_prices_input_costs,False,1,2001Q1,2026Q2,102,
pl_ppi_dom_food_mfg_idx__dyoy,pl_ppi_dom_food_mfg_idx,EU,dyoy,"Poland: producer prices in industry, domestic market, manufacture of food products (NACE C10) | dyoy: yoy_t - yoy_t-4",PL,producer_prices_input_costs,False,1,2002Q1,2026Q2,98,
pl_retail_food_vol_idx__yoy,pl_retail_food_vol_idx,EU,yoy,"Poland: retail trade volume, food, beverages and tobacco (G47_FOOD) | yoy: 100*ln(x_t/x_t-4)",PL,activity_retail,False,1,2001Q1,2026Q2,102,
pl_retail_food_vol_idx__dyoy,pl_retail_food_vol_idx,EU,dyoy,"Poland: retail trade volume, food, beverages and tobacco (G47_FOOD) | dyoy: yoy_t - yoy_t-4",PL,activity_retail,False,1,2002Q1,2026Q2,98,
pl_retail_total_vol_idx__yoy,pl_retail_total_vol_idx,EU,yoy,"Poland: retail trade volume, total retail trade except motor vehicles (G47) | yoy: 100*ln(x_t/x_t-4)",PL,activity_retail,False,1,2001Q1,2026Q2,102,
pl_retail_total_vol_idx__dyoy,pl_retail_total_vol_idx,EU,dyoy,"Poland: retail trade volume, total retail trade except motor vehicles (G47) | dyoy: yoy_t - yoy_t-4",PL,activity_retail,False,1,2002Q1,2026Q2,98,
pl_unemp_rate_sa__lvl,pl_unemp_rate_sa,EU,lvl,"Poland: unemployment rate, total (15-74), ILO definition | lvl (ratio (percent)): quarterly value",PL,labour_market,False,1,1997Q1,2026Q2,118,
pl_unemp_rate_sa__d4,pl_unemp_rate_sa,EU,d4,"Poland: unemployment rate, total (15-74), ILO definition | d4 (ratio (percent)): x_t - x_t-4",PL,labour_market,False,1,1998Q1,2026Q2,114,
ro_gdp_vol_idx__yoy,ro_gdp_vol_idx,EU,yoy,"Romania: GDP at market prices, chain-linked volume index | yoy: 100*ln(x_t/x_t-4)",RO,activity_retail,False,1,1996Q1,2026Q2,122,
ro_gdp_vol_idx__dyoy,ro_gdp_vol_idx,EU,dyoy,"Romania: GDP at market prices, chain-linked volume index | dyoy: yoy_t - yoy_t-4",RO,activity_retail,False,1,1997Q1,2026Q2,118,
ro_gov_bond_10y__lvl,ro_gov_bond_10y,EU,lvl,"Romania: EMU convergence criterion long-term (~10y) government bond yield, monthly average | lvl (interest rate / yield (percent)): quarterly value",RO,rates,False,0,2005Q2,2026Q2,85,
ro_gov_bond_10y__d4,ro_gov_bond_10y,EU,d4,"Romania: EMU convergence criterion long-term (~10y) government bond yield, monthly average | d4 (interest rate / yield (percent)): x_t - x_t-4",RO,rates,False,0,2006Q2,2026Q2,81,
ro_hh_real_gdi_pc_idx__yoy,ro_hh_real_gdi_pc_idx,EU,yoy,"Romania: real gross disposable income of households per capita (households incl. NPISH, S14_S15) | yoy: 100*ln(x_t/x_t-4)",RO,wages_income,False,1,2000Q1,2026Q1,105,
ro_hh_real_gdi_pc_idx__dyoy,ro_hh_real_gdi_pc_idx,EU,dyoy,"Romania: real gross disposable income of households per capita (households incl. NPISH, S14_S15) | dyoy: yoy_t - yoy_t-4",RO,wages_income,False,1,2001Q1,2026Q1,101,
ro_hh_saving_rate__lvl,ro_hh_saving_rate,EU,lvl,"Romania: gross household saving rate B8G/(B6G+D8net) (households incl. NPISH, S14_S15) | lvl (ratio (percent)): quarterly value",RO,wages_income,False,1,1999Q1,2026Q1,109,very noisy quarterly SCA data (qa_C 12); excluded from w_hh_saving composite
ro_hh_saving_rate__d4,ro_hh_saving_rate,EU,d4,"Romania: gross household saving rate B8G/(B6G+D8net) (households incl. NPISH, S14_S15) | d4 (ratio (percent)): x_t - x_t-4",RO,wages_income,False,1,2000Q1,2026Q1,105,very noisy quarterly SCA data (qa_C 12); excluded from w_hh_saving composite
ro_hicp_all_idx__yoy,ro_hicp_all_idx,EU,yoy,"Romania: HICP all items, monthly index | yoy: 100*ln(x_t/x_t-4)",RO,consumer_prices,False,1,1997Q1,2026Q2,118,
ro_hicp_all_idx__dyoy,ro_hicp_all_idx,EU,dyoy,"Romania: HICP all items, monthly index | dyoy: yoy_t - yoy_t-4",RO,consumer_prices,False,1,1998Q1,2026Q2,114,
ro_hicp_food_bev_idx__yoy,ro_hicp_food_bev_idx,EU,yoy,"Romania: HICP food and non-alcoholic beverages (CP01), monthly index | yoy: 100*ln(x_t/x_t-4)",RO,consumer_prices,False,1,1997Q1,2026Q2,118,
ro_hicp_food_bev_idx__dyoy,ro_hicp_food_bev_idx,EU,dyoy,"Romania: HICP food and non-alcoholic beverages (CP01), monthly index | dyoy: yoy_t - yoy_t-4",RO,consumer_prices,False,1,1998Q1,2026Q2,114,
ro_hicp_food_idx__yoy,ro_hicp_food_idx,EU,yoy,"Romania: HICP food (CP011), monthly index | yoy: 100*ln(x_t/x_t-4)",RO,consumer_prices,False,1,2002Q1,2026Q2,98,
ro_hicp_food_idx__dyoy,ro_hicp_food_idx,EU,dyoy,"Romania: HICP food (CP011), monthly index | dyoy: yoy_t - yoy_t-4",RO,consumer_prices,False,1,2003Q1,2026Q2,94,
ro_lci_wages_idx__yoy,ro_lci_wages_idx,EU,yoy,"Romania: labour cost index, wages and salaries (D11), NACE B-S, nominal, per hour worked | yoy: 100*ln(x_t/x_t-4)",RO,wages_income,False,1,2001Q1,2026Q2,102,
ro_lci_wages_idx__dyoy,ro_lci_wages_idx,EU,dyoy,"Romania: labour cost index, wages and salaries (D11), NACE B-S, nominal, per hour worked | dyoy: yoy_t - yoy_t-4",RO,wages_income,False,1,2002Q1,2026Q2,98,
ro_mm_rate_3m__lvl,ro_mm_rate_3m,EU,lvl,"Romania: 3-month interbank money market rate, monthly average | lvl (interest rate / yield (percent)): quarterly value",RO,rates,False,0,1995Q4,2026Q2,123,
ro_mm_rate_3m__d4,ro_mm_rate_3m,EU,d4,"Romania: 3-month interbank money market rate, monthly average | d4 (interest rate / yield (percent)): x_t - x_t-4",RO,rates,False,0,1996Q4,2026Q2,119,
ro_policy_rate__lvl,ro_policy_rate,EU,lvl,"Romania: central bank policy rate (NBR monetary policy rate), monthly average of calendar days | lvl (interest rate / yield (percent)): quarterly value",RO,rates,False,0,2003Q2,2026Q3,94,
ro_policy_rate__d4,ro_policy_rate,EU,d4,"Romania: central bank policy rate (NBR monetary policy rate), monthly average of calendar days | d4 (interest rate / yield (percent)): x_t - x_t-4",RO,rates,False,0,2004Q2,2026Q3,90,
ro_ppi_dom_food_mfg_idx__yoy,ro_ppi_dom_food_mfg_idx,EU,yoy,"Romania: producer prices in industry, domestic market, manufacture of food products (NACE C10) | yoy: 100*ln(x_t/x_t-4)",RO,producer_prices_input_costs,False,1,2001Q1,2026Q2,102,
ro_ppi_dom_food_mfg_idx__dyoy,ro_ppi_dom_food_mfg_idx,EU,dyoy,"Romania: producer prices in industry, domestic market, manufacture of food products (NACE C10) | dyoy: yoy_t - yoy_t-4",RO,producer_prices_input_costs,False,1,2002Q1,2026Q2,98,
ro_retail_food_vol_idx__yoy,ro_retail_food_vol_idx,EU,yoy,"Romania: retail trade volume, food, beverages and tobacco (G47_FOOD) | yoy: 100*ln(x_t/x_t-4)",RO,activity_retail,False,1,2001Q1,2026Q2,102,
ro_retail_food_vol_idx__dyoy,ro_retail_food_vol_idx,EU,dyoy,"Romania: retail trade volume, food, beverages and tobacco (G47_FOOD) | dyoy: yoy_t - yoy_t-4",RO,activity_retail,False,1,2002Q1,2026Q2,98,
ro_retail_total_vol_idx__yoy,ro_retail_total_vol_idx,EU,yoy,"Romania: retail trade volume, total retail trade except motor vehicles (G47) | yoy: 100*ln(x_t/x_t-4)",RO,activity_retail,False,1,2001Q1,2026Q2,102,
ro_retail_total_vol_idx__dyoy,ro_retail_total_vol_idx,EU,dyoy,"Romania: retail trade volume, total retail trade except motor vehicles (G47) | dyoy: yoy_t - yoy_t-4",RO,activity_retail,False,1,2002Q1,2026Q2,98,
ro_unemp_rate_sa__lvl,ro_unemp_rate_sa,EU,lvl,"Romania: unemployment rate, total (15-74), ILO definition | lvl (ratio (percent)): quarterly value",RO,labour_market,False,1,1997Q1,2026Q2,118,
ro_unemp_rate_sa__d4,ro_unemp_rate_sa,EU,d4,"Romania: unemployment rate, total (15-74), ILO definition | d4 (ratio (percent)): x_t - x_t-4",RO,labour_market,False,1,1998Q1,2026Q2,114,
se_gdp_vol_idx__yoy,se_gdp_vol_idx,EU,yoy,"Sweden: GDP at market prices, chain-linked volume index | yoy: 100*ln(x_t/x_t-4)",SE,activity_retail,False,1,1995Q1,2026Q2,126,
se_gdp_vol_idx__dyoy,se_gdp_vol_idx,EU,dyoy,"Sweden: GDP at market prices, chain-linked volume index | dyoy: yoy_t - yoy_t-4",SE,activity_retail,False,1,1995Q1,2026Q2,126,
se_hh_real_gdi_pc_idx__yoy,se_hh_real_gdi_pc_idx,EU,yoy,"Sweden: real gross disposable income of households per capita (households incl. NPISH, S14_S15) | yoy: 100*ln(x_t/x_t-4)",SE,wages_income,False,1,1995Q1,2026Q1,125,
se_hh_real_gdi_pc_idx__dyoy,se_hh_real_gdi_pc_idx,EU,dyoy,"Sweden: real gross disposable income of households per capita (households incl. NPISH, S14_S15) | dyoy: yoy_t - yoy_t-4",SE,wages_income,False,1,1995Q1,2026Q1,125,
se_hh_saving_rate__lvl,se_hh_saving_rate,EU,lvl,"Sweden: gross household saving rate B8G/(B6G+D8net) (households incl. NPISH, S14_S15) | lvl (ratio (percent)): quarterly value",SE,wages_income,False,1,1995Q1,2026Q2,126,
se_hh_saving_rate__d4,se_hh_saving_rate,EU,d4,"Sweden: gross household saving rate B8G/(B6G+D8net) (households incl. NPISH, S14_S15) | d4 (ratio (percent)): x_t - x_t-4",SE,wages_income,False,1,1996Q1,2026Q2,122,
se_hicp_all_idx__yoy,se_hicp_all_idx,EU,yoy,"Sweden: HICP all items, monthly index | yoy: 100*ln(x_t/x_t-4)",SE,consumer_prices,False,1,1997Q1,2026Q2,118,
se_hicp_all_idx__dyoy,se_hicp_all_idx,EU,dyoy,"Sweden: HICP all items, monthly index | dyoy: yoy_t - yoy_t-4",SE,consumer_prices,False,1,1998Q1,2026Q2,114,
se_hicp_food_bev_idx__yoy,se_hicp_food_bev_idx,EU,yoy,"Sweden: HICP food and non-alcoholic beverages (CP01), monthly index | yoy: 100*ln(x_t/x_t-4)",SE,consumer_prices,False,1,1997Q1,2026Q2,118,
se_hicp_food_bev_idx__dyoy,se_hicp_food_bev_idx,EU,dyoy,"Sweden: HICP food and non-alcoholic beverages (CP01), monthly index | dyoy: yoy_t - yoy_t-4",SE,consumer_prices,False,1,1998Q1,2026Q2,114,
se_hicp_food_idx__yoy,se_hicp_food_idx,EU,yoy,"Sweden: HICP food (CP011), monthly index | yoy: 100*ln(x_t/x_t-4)",SE,consumer_prices,False,1,1997Q1,2026Q2,118,
se_hicp_food_idx__dyoy,se_hicp_food_idx,EU,dyoy,"Sweden: HICP food (CP011), monthly index | dyoy: yoy_t - yoy_t-4",SE,consumer_prices,False,1,1998Q1,2026Q2,114,
se_lci_wages_idx__yoy,se_lci_wages_idx,EU,yoy,"Sweden: labour cost index, wages and salaries (D11), NACE B-S, nominal, per hour worked | yoy: 100*ln(x_t/x_t-4)",SE,wages_income,False,1,2009Q1,2026Q2,70,
se_lci_wages_idx__dyoy,se_lci_wages_idx,EU,dyoy,"Sweden: labour cost index, wages and salaries (D11), NACE B-S, nominal, per hour worked | dyoy: yoy_t - yoy_t-4",SE,wages_income,False,1,2010Q1,2026Q2,66,
se_retail_food_vol_idx__yoy,se_retail_food_vol_idx,EU,yoy,"Sweden: retail trade volume, food, beverages and tobacco (G47_FOOD) | yoy: 100*ln(x_t/x_t-4)",SE,activity_retail,False,1,1995Q1,2026Q2,126,
se_retail_food_vol_idx__dyoy,se_retail_food_vol_idx,EU,dyoy,"Sweden: retail trade volume, food, beverages and tobacco (G47_FOOD) | dyoy: yoy_t - yoy_t-4",SE,activity_retail,False,1,1995Q1,2026Q2,126,
se_retail_total_vol_idx__yoy,se_retail_total_vol_idx,EU,yoy,"Sweden: retail trade volume, total retail trade except motor vehicles (G47) | yoy: 100*ln(x_t/x_t-4)",SE,activity_retail,False,1,1995Q1,2026Q2,126,
se_retail_total_vol_idx__dyoy,se_retail_total_vol_idx,EU,dyoy,"Sweden: retail trade volume, total retail trade except motor vehicles (G47) | dyoy: yoy_t - yoy_t-4",SE,activity_retail,False,1,1995Q1,2026Q2,126,
se_unemp_rate_sa__lvl,se_unemp_rate_sa,EU,lvl,"Sweden: unemployment rate, total (15-74), ILO definition | lvl (ratio (percent)): quarterly value",SE,labour_market,False,1,1995Q1,2026Q2,126,
se_unemp_rate_sa__d4,se_unemp_rate_sa,EU,d4,"Sweden: unemployment rate, total (15-74), ILO definition | d4 (ratio (percent)): x_t - x_t-4",SE,labour_market,False,1,1995Q1,2026Q2,126,
sk_gdp_vol_idx__yoy,sk_gdp_vol_idx,EU,yoy,"Slovakia: GDP at market prices, chain-linked volume index | yoy: 100*ln(x_t/x_t-4)",SK,activity_retail,False,1,1996Q1,2026Q2,122,
sk_gdp_vol_idx__dyoy,sk_gdp_vol_idx,EU,dyoy,"Slovakia: GDP at market prices, chain-linked volume index | dyoy: yoy_t - yoy_t-4",SK,activity_retail,False,1,1997Q1,2026Q2,118,
sk_gov_bond_10y__lvl,sk_gov_bond_10y,EU,lvl,"Slovakia: EMU convergence criterion long-term (~10y) government bond yield, monthly average | lvl (interest rate / yield (percent)): quarterly value",SK,rates,False,0,2001Q1,2026Q2,102,
sk_gov_bond_10y__d4,sk_gov_bond_10y,EU,d4,"Slovakia: EMU convergence criterion long-term (~10y) government bond yield, monthly average | d4 (interest rate / yield (percent)): x_t - x_t-4",SK,rates,False,0,2002Q1,2026Q2,98,
sk_hicp_all_idx__yoy,sk_hicp_all_idx,EU,yoy,"Slovakia: HICP all items, monthly index | yoy: 100*ln(x_t/x_t-4)",SK,consumer_prices,False,1,1998Q1,2026Q3,115,
sk_hicp_all_idx__dyoy,sk_hicp_all_idx,EU,dyoy,"Slovakia: HICP all items, monthly index | dyoy: yoy_t - yoy_t-4",SK,consumer_prices,False,1,1999Q1,2026Q3,111,
sk_hicp_food_bev_idx__yoy,sk_hicp_food_bev_idx,EU,yoy,"Slovakia: HICP food and non-alcoholic beverages (CP01), monthly index | yoy: 100*ln(x_t/x_t-4)",SK,consumer_prices,False,1,1998Q1,2026Q2,114,
sk_hicp_food_bev_idx__dyoy,sk_hicp_food_bev_idx,EU,dyoy,"Slovakia: HICP food and non-alcoholic beverages (CP01), monthly index | dyoy: yoy_t - yoy_t-4",SK,consumer_prices,False,1,1999Q1,2026Q2,110,
sk_hicp_food_idx__yoy,sk_hicp_food_idx,EU,yoy,"Slovakia: HICP food (CP011), monthly index | yoy: 100*ln(x_t/x_t-4)",SK,consumer_prices,False,1,1998Q1,2026Q2,114,
sk_hicp_food_idx__dyoy,sk_hicp_food_idx,EU,dyoy,"Slovakia: HICP food (CP011), monthly index | dyoy: yoy_t - yoy_t-4",SK,consumer_prices,False,1,1999Q1,2026Q2,110,
sk_lci_wages_idx__yoy,sk_lci_wages_idx,EU,yoy,"Slovakia: labour cost index, wages and salaries (D11), NACE B-S, nominal, per hour worked | yoy: 100*ln(x_t/x_t-4)",SK,wages_income,False,1,2001Q1,2026Q2,102,
sk_lci_wages_idx__dyoy,sk_lci_wages_idx,EU,dyoy,"Slovakia: labour cost index, wages and salaries (D11), NACE B-S, nominal, per hour worked | dyoy: yoy_t - yoy_t-4",SK,wages_income,False,1,2002Q1,2026Q2,98,
sk_retail_food_vol_idx__yoy,sk_retail_food_vol_idx,EU,yoy,"Slovakia: retail trade volume, food, beverages and tobacco (G47_FOOD) | yoy: 100*ln(x_t/x_t-4)",SK,activity_retail,False,1,2001Q1,2026Q2,102,residual December seasonality 2000-2003 in source (qa_C 15)
sk_retail_food_vol_idx__dyoy,sk_retail_food_vol_idx,EU,dyoy,"Slovakia: retail trade volume, food, beverages and tobacco (G47_FOOD) | dyoy: yoy_t - yoy_t-4",SK,activity_retail,False,1,2002Q1,2026Q2,98,residual December seasonality 2000-2003 in source (qa_C 15)
sk_retail_total_vol_idx__yoy,sk_retail_total_vol_idx,EU,yoy,"Slovakia: retail trade volume, total retail trade except motor vehicles (G47) | yoy: 100*ln(x_t/x_t-4)",SK,activity_retail,False,1,2001Q1,2026Q2,102,
sk_retail_total_vol_idx__dyoy,sk_retail_total_vol_idx,EU,dyoy,"Slovakia: retail trade volume, total retail trade except motor vehicles (G47) | dyoy: yoy_t - yoy_t-4",SK,activity_retail,False,1,2002Q1,2026Q2,98,
sk_unemp_rate_sa__lvl,sk_unemp_rate_sa,EU,lvl,"Slovakia: unemployment rate, total (15-74), ILO definition | lvl (ratio (percent)): quarterly value",SK,labour_market,False,1,1998Q1,2026Q2,114,
sk_unemp_rate_sa__d4,sk_unemp_rate_sa,EU,d4,"Slovakia: unemployment rate, total (15-74), ILO definition | d4 (ratio (percent)): x_t - x_t-4",SK,labour_market,False,1,1999Q1,2026Q2,110,
at_ec_cons_conf__lvl,at_ec_cons_conf,SURVEYS,lvl,"Austria: Consumer confidence indicator (avg of Q1,Q2,Q4,Q9) | lvl (survey balance / confidence / diffusion index): quarterly value",AT,consumer_survey,False,0,1995Q4,2026Q3,124,
at_ec_cons_conf__d4,at_ec_cons_conf,SURVEYS,d4,"Austria: Consumer confidence indicator (avg of Q1,Q2,Q4,Q9) | d4 (survey balance / confidence / diffusion index): x_t - x_t-4",AT,consumer_survey,False,0,1996Q4,2026Q3,120,
at_ec_cons_price_exp_12m__lvl,at_ec_cons_price_exp_12m,SURVEYS,lvl,Austria: Consumers: price trends over next 12 months (Q6) | lvl (survey balance / confidence / diffusion index): quarterly value,AT,price_expectations,False,0,1995Q4,2026Q3,124,
at_ec_cons_price_exp_12m__d4,at_ec_cons_price_exp_12m,SURVEYS,d4,Austria: Consumers: price trends over next 12 months (Q6) | d4 (survey balance / confidence / diffusion index): x_t - x_t-4,AT,price_expectations,False,0,1996Q4,2026Q3,120,
at_ec_cons_price_past_12m__lvl,at_ec_cons_price_past_12m,SURVEYS,lvl,Austria: Consumers: perceived price trends over last 12 months (Q5) | lvl (survey balance / confidence / diffusion index): quarterly value,AT,consumer_survey,False,0,1995Q4,2026Q3,124,
at_ec_cons_price_past_12m__d4,at_ec_cons_price_past_12m,SURVEYS,d4,Austria: Consumers: perceived price trends over last 12 months (Q5) | d4 (survey balance / confidence / diffusion index): x_t - x_t-4,AT,consumer_survey,False,0,1996Q4,2026Q3,120,
at_ec_esi__lvl,at_ec_esi,SURVEYS,lvl,Austria: Economic Sentiment Indicator (ESI) | lvl (survey balance / confidence / diffusion index): quarterly value,AT,business_survey,False,0,1995Q1,2026Q3,127,
at_ec_esi__d4,at_ec_esi,SURVEYS,d4,Austria: Economic Sentiment Indicator (ESI) | d4 (survey balance / confidence / diffusion index): x_t - x_t-4,AT,business_survey,False,0,1995Q1,2026Q3,127,
at_ec_food_ind_conf__lvl,at_ec_food_ind_conf,SURVEYS,lvl,Austria: Manufacture of food products (NACE C10): industrial confidence indicator ((Q2-Q4+Q5)/3) | lvl (survey balance / confidence / diffusion index): quarterly value,AT,business_survey,False,0,1995Q1,2026Q3,127,
at_ec_food_ind_conf__d4,at_ec_food_ind_conf,SURVEYS,d4,Austria: Manufacture of food products (NACE C10): industrial confidence indicator ((Q2-Q4+Q5)/3) | d4 (survey balance / confidence / diffusion index): x_t - x_t-4,AT,business_survey,False,0,1995Q1,2026Q3,127,
at_ec_food_ind_sell_price_exp__lvl,at_ec_food_ind_sell_price_exp,SURVEYS,lvl,Austria: Manufacture of food products (NACE C10): selling-price expectations for months ahead (Q6) | lvl (survey balance / confidence / diffusion index): quarterly value,AT,price_expectations,False,0,1995Q1,2026Q3,127,
at_ec_food_ind_sell_price_exp__d4,at_ec_food_ind_sell_price_exp,SURVEYS,d4,Austria: Manufacture of food products (NACE C10): selling-price expectations for months ahead (Q6) | d4 (survey balance / confidence / diffusion index): x_t - x_t-4,AT,price_expectations,False,0,1995Q1,2026Q3,127,
at_ec_food_retail_sell_price_exp__lvl,at_ec_food_retail_sell_price_exp,SURVEYS,lvl,"Austria: Retail of food, beverages & tobacco (sub-sector FBT): selling-price expectations next 3 months (Q6) | lvl (survey balance / confidence / diffusion index): quarterly value",AT,price_expectations,False,0,2003Q3,2026Q3,93,
at_ec_food_retail_sell_price_exp__d4,at_ec_food_retail_sell_price_exp,SURVEYS,d4,"Austria: Retail of food, beverages & tobacco (sub-sector FBT): selling-price expectations next 3 months (Q6) | d4 (survey balance / confidence / diffusion index): x_t - x_t-4",AT,price_expectations,False,0,2004Q3,2026Q3,89,
at_ec_ind_sell_price_exp__lvl,at_ec_ind_sell_price_exp,SURVEYS,lvl,Austria: Industry (total manufacturing): selling-price expectations for months ahead (Q6) | lvl (survey balance / confidence / diffusion index): quarterly value,AT,price_expectations,False,0,1995Q1,2026Q3,127,
at_ec_ind_sell_price_exp__d4,at_ec_ind_sell_price_exp,SURVEYS,d4,Austria: Industry (total manufacturing): selling-price expectations for months ahead (Q6) | d4 (survey balance / confidence / diffusion index): x_t - x_t-4,AT,price_expectations,False,0,1995Q1,2026Q3,127,
at_ec_retail_conf__lvl,at_ec_retail_conf,SURVEYS,lvl,Austria: Retail trade confidence indicator ((Q1-Q2+Q4)/3) | lvl (survey balance / confidence / diffusion index): quarterly value,AT,business_survey,False,0,1996Q1,2026Q3,123,
at_ec_retail_conf__d4,at_ec_retail_conf,SURVEYS,d4,Austria: Retail trade confidence indicator ((Q1-Q2+Q4)/3) | d4 (survey balance / confidence / diffusion index): x_t - x_t-4,AT,business_survey,False,0,1997Q1,2026Q3,119,
at_ec_retail_sell_price_exp__lvl,at_ec_retail_sell_price_exp,SURVEYS,lvl,Austria: Retail trade (total): selling-price expectations next 3 months (Q6) | lvl (survey balance / confidence / diffusion index): quarterly value,AT,price_expectations,False,0,2003Q3,2026Q3,93,
at_ec_retail_sell_price_exp__d4,at_ec_retail_sell_price_exp,SURVEYS,d4,Austria: Retail trade (total): selling-price expectations next 3 months (Q6) | d4 (survey balance / confidence / diffusion index): x_t - x_t-4,AT,price_expectations,False,0,2004Q3,2026Q3,89,
at_oecd_bci__lvl,at_oecd_bci,SURVEYS,lvl,Austria: OECD composite business confidence indicator (amplitude adjusted) | lvl (survey balance / confidence / diffusion index): quarterly value,AT,business_survey,False,1,1995Q1,2026Q2,126,
at_oecd_bci__d4,at_oecd_bci,SURVEYS,d4,Austria: OECD composite business confidence indicator (amplitude adjusted) | d4 (survey balance / confidence / diffusion index): x_t - x_t-4,AT,business_survey,False,1,1995Q1,2026Q2,126,
at_oecd_cci__lvl,at_oecd_cci,SURVEYS,lvl,Austria: OECD composite consumer confidence indicator (amplitude adjusted) | lvl (survey balance / confidence / diffusion index): quarterly value,AT,consumer_survey,False,1,1995Q1,2026Q2,126,
at_oecd_cci__d4,at_oecd_cci,SURVEYS,d4,Austria: OECD composite consumer confidence indicator (amplitude adjusted) | d4 (survey balance / confidence / diffusion index): x_t - x_t-4,AT,consumer_survey,False,1,1995Q1,2026Q2,126,
cz_ec_cons_conf__lvl,cz_ec_cons_conf,SURVEYS,lvl,"Czechia: Consumer confidence indicator (avg of Q1,Q2,Q4,Q9) | lvl (survey balance / confidence / diffusion index): quarterly value",CZ,consumer_survey,False,0,2000Q1,2026Q3,107,"pre-2000 values dropped (transition-era survey artefacts, qa_C 10)"
cz_ec_cons_conf__d4,cz_ec_cons_conf,SURVEYS,d4,"Czechia: Consumer confidence indicator (avg of Q1,Q2,Q4,Q9) | d4 (survey balance / confidence / diffusion index): x_t - x_t-4",CZ,consumer_survey,False,0,2001Q1,2026Q3,103,"pre-2000 values dropped (transition-era survey artefacts, qa_C 10)"
cz_ec_cons_price_exp_12m__lvl,cz_ec_cons_price_exp_12m,SURVEYS,lvl,Czechia: Consumers: price trends over next 12 months (Q6) | lvl (survey balance / confidence / diffusion index): quarterly value,CZ,price_expectations,False,0,2000Q1,2026Q3,107,"pre-2000 values dropped (transition-era survey artefacts, qa_C 10)"
cz_ec_cons_price_exp_12m__d4,cz_ec_cons_price_exp_12m,SURVEYS,d4,Czechia: Consumers: price trends over next 12 months (Q6) | d4 (survey balance / confidence / diffusion index): x_t - x_t-4,CZ,price_expectations,False,0,2001Q1,2026Q3,103,"pre-2000 values dropped (transition-era survey artefacts, qa_C 10)"
cz_ec_cons_price_past_12m__lvl,cz_ec_cons_price_past_12m,SURVEYS,lvl,Czechia: Consumers: perceived price trends over last 12 months (Q5) | lvl (survey balance / confidence / diffusion index): quarterly value,CZ,consumer_survey,False,0,2000Q1,2026Q3,107,"pre-2000 values dropped (transition-era survey artefacts, qa_C 10)"
cz_ec_cons_price_past_12m__d4,cz_ec_cons_price_past_12m,SURVEYS,d4,Czechia: Consumers: perceived price trends over last 12 months (Q5) | d4 (survey balance / confidence / diffusion index): x_t - x_t-4,CZ,consumer_survey,False,0,2001Q1,2026Q3,103,"pre-2000 values dropped (transition-era survey artefacts, qa_C 10)"
cz_ec_esi__lvl,cz_ec_esi,SURVEYS,lvl,Czechia: Economic Sentiment Indicator (ESI) | lvl (survey balance / confidence / diffusion index): quarterly value,CZ,business_survey,False,0,2000Q1,2026Q3,107,"pre-2000 values dropped (transition-era survey artefacts, qa_C 10)"
cz_ec_esi__d4,cz_ec_esi,SURVEYS,d4,Czechia: Economic Sentiment Indicator (ESI) | d4 (survey balance / confidence / diffusion index): x_t - x_t-4,CZ,business_survey,False,0,2001Q1,2026Q3,103,"pre-2000 values dropped (transition-era survey artefacts, qa_C 10)"
cz_ec_food_ind_conf__lvl,cz_ec_food_ind_conf,SURVEYS,lvl,Czechia: Manufacture of food products (NACE C10): industrial confidence indicator ((Q2-Q4+Q5)/3) | lvl (survey balance / confidence / diffusion index): quarterly value,CZ,business_survey,False,0,2001Q1,2026Q3,103,
cz_ec_food_ind_conf__d4,cz_ec_food_ind_conf,SURVEYS,d4,Czechia: Manufacture of food products (NACE C10): industrial confidence indicator ((Q2-Q4+Q5)/3) | d4 (survey balance / confidence / diffusion index): x_t - x_t-4,CZ,business_survey,False,0,2002Q1,2026Q3,99,
cz_ec_food_ind_sell_price_exp__lvl,cz_ec_food_ind_sell_price_exp,SURVEYS,lvl,Czechia: Manufacture of food products (NACE C10): selling-price expectations for months ahead (Q6) | lvl (survey balance / confidence / diffusion index): quarterly value,CZ,price_expectations,False,0,2001Q1,2026Q3,103,
cz_ec_food_ind_sell_price_exp__d4,cz_ec_food_ind_sell_price_exp,SURVEYS,d4,Czechia: Manufacture of food products (NACE C10): selling-price expectations for months ahead (Q6) | d4 (survey balance / confidence / diffusion index): x_t - x_t-4,CZ,price_expectations,False,0,2002Q1,2026Q3,99,
cz_ec_food_retail_sell_price_exp__lvl,cz_ec_food_retail_sell_price_exp,SURVEYS,lvl,"Czechia: Retail of food, beverages & tobacco (sub-sector FBT): selling-price expectations next 3 months (Q6) | lvl (survey balance / confidence / diffusion index): quarterly value",CZ,price_expectations,False,0,2003Q1,2026Q3,95,
cz_ec_food_retail_sell_price_exp__d4,cz_ec_food_retail_sell_price_exp,SURVEYS,d4,"Czechia: Retail of food, beverages & tobacco (sub-sector FBT): selling-price expectations next 3 months (Q6) | d4 (survey balance / confidence / diffusion index): x_t - x_t-4",CZ,price_expectations,False,0,2004Q1,2026Q3,91,
cz_ec_ind_sell_price_exp__lvl,cz_ec_ind_sell_price_exp,SURVEYS,lvl,Czechia: Industry (total manufacturing): selling-price expectations for months ahead (Q6) | lvl (survey balance / confidence / diffusion index): quarterly value,CZ,price_expectations,False,0,2000Q1,2026Q3,107,"pre-2000 values dropped (transition-era survey artefacts, qa_C 10)"
cz_ec_ind_sell_price_exp__d4,cz_ec_ind_sell_price_exp,SURVEYS,d4,Czechia: Industry (total manufacturing): selling-price expectations for months ahead (Q6) | d4 (survey balance / confidence / diffusion index): x_t - x_t-4,CZ,price_expectations,False,0,2001Q1,2026Q3,103,"pre-2000 values dropped (transition-era survey artefacts, qa_C 10)"
cz_ec_retail_conf__lvl,cz_ec_retail_conf,SURVEYS,lvl,Czechia: Retail trade confidence indicator ((Q1-Q2+Q4)/3) | lvl (survey balance / confidence / diffusion index): quarterly value,CZ,business_survey,False,0,2000Q1,2026Q3,107,"pre-2000 values dropped (transition-era survey artefacts, qa_C 10)"
cz_ec_retail_conf__d4,cz_ec_retail_conf,SURVEYS,d4,Czechia: Retail trade confidence indicator ((Q1-Q2+Q4)/3) | d4 (survey balance / confidence / diffusion index): x_t - x_t-4,CZ,business_survey,False,0,2001Q1,2026Q3,103,"pre-2000 values dropped (transition-era survey artefacts, qa_C 10)"
cz_ec_retail_sell_price_exp__lvl,cz_ec_retail_sell_price_exp,SURVEYS,lvl,Czechia: Retail trade (total): selling-price expectations next 3 months (Q6) | lvl (survey balance / confidence / diffusion index): quarterly value,CZ,price_expectations,False,0,2003Q3,2026Q3,93,
cz_ec_retail_sell_price_exp__d4,cz_ec_retail_sell_price_exp,SURVEYS,d4,Czechia: Retail trade (total): selling-price expectations next 3 months (Q6) | d4 (survey balance / confidence / diffusion index): x_t - x_t-4,CZ,price_expectations,False,0,2004Q3,2026Q3,89,
cz_oecd_bci__lvl,cz_oecd_bci,SURVEYS,lvl,Czechia: OECD composite business confidence indicator (amplitude adjusted) | lvl (survey balance / confidence / diffusion index): quarterly value,CZ,business_survey,False,1,2000Q1,2026Q2,106,"pre-2000 values dropped (transition-era survey artefacts, qa_C 10)"
cz_oecd_bci__d4,cz_oecd_bci,SURVEYS,d4,Czechia: OECD composite business confidence indicator (amplitude adjusted) | d4 (survey balance / confidence / diffusion index): x_t - x_t-4,CZ,business_survey,False,1,2001Q1,2026Q2,102,"pre-2000 values dropped (transition-era survey artefacts, qa_C 10)"
cz_oecd_cci__lvl,cz_oecd_cci,SURVEYS,lvl,Czechia: OECD composite consumer confidence indicator (amplitude adjusted) | lvl (survey balance / confidence / diffusion index): quarterly value,CZ,consumer_survey,False,1,2000Q1,2026Q2,106,"pre-2000 values dropped (transition-era survey artefacts, qa_C 10)"
cz_oecd_cci__d4,cz_oecd_cci,SURVEYS,d4,Czechia: OECD composite consumer confidence indicator (amplitude adjusted) | d4 (survey balance / confidence / diffusion index): x_t - x_t-4,CZ,consumer_survey,False,1,2001Q1,2026Q2,102,"pre-2000 values dropped (transition-era survey artefacts, qa_C 10)"
de_ec_cons_conf__lvl,de_ec_cons_conf,SURVEYS,lvl,"Germany: Consumer confidence indicator (avg of Q1,Q2,Q4,Q9) | lvl (survey balance / confidence / diffusion index): quarterly value",DE,consumer_survey,False,0,1995Q1,2026Q3,127,
de_ec_cons_conf__d4,de_ec_cons_conf,SURVEYS,d4,"Germany: Consumer confidence indicator (avg of Q1,Q2,Q4,Q9) | d4 (survey balance / confidence / diffusion index): x_t - x_t-4",DE,consumer_survey,False,0,1995Q1,2026Q3,127,
de_ec_cons_price_exp_12m__lvl,de_ec_cons_price_exp_12m,SURVEYS,lvl,Germany: Consumers: price trends over next 12 months (Q6) | lvl (survey balance / confidence / diffusion index): quarterly value,DE,price_expectations,False,0,1995Q1,2026Q3,127,
de_ec_cons_price_exp_12m__d4,de_ec_cons_price_exp_12m,SURVEYS,d4,Germany: Consumers: price trends over next 12 months (Q6) | d4 (survey balance / confidence / diffusion index): x_t - x_t-4,DE,price_expectations,False,0,1995Q1,2026Q3,127,
de_ec_cons_price_past_12m__lvl,de_ec_cons_price_past_12m,SURVEYS,lvl,Germany: Consumers: perceived price trends over last 12 months (Q5) | lvl (survey balance / confidence / diffusion index): quarterly value,DE,consumer_survey,False,0,1995Q1,2026Q3,127,
de_ec_cons_price_past_12m__d4,de_ec_cons_price_past_12m,SURVEYS,d4,Germany: Consumers: perceived price trends over last 12 months (Q5) | d4 (survey balance / confidence / diffusion index): x_t - x_t-4,DE,consumer_survey,False,0,1995Q1,2026Q3,127,
de_ec_esi__lvl,de_ec_esi,SURVEYS,lvl,Germany: Economic Sentiment Indicator (ESI) | lvl (survey balance / confidence / diffusion index): quarterly value,DE,business_survey,False,0,1995Q1,2026Q3,127,
de_ec_esi__d4,de_ec_esi,SURVEYS,d4,Germany: Economic Sentiment Indicator (ESI) | d4 (survey balance / confidence / diffusion index): x_t - x_t-4,DE,business_survey,False,0,1995Q1,2026Q3,127,
de_ec_food_ind_conf__lvl,de_ec_food_ind_conf,SURVEYS,lvl,Germany: Manufacture of food products (NACE C10): industrial confidence indicator ((Q2-Q4+Q5)/3) | lvl (survey balance / confidence / diffusion index): quarterly value,DE,business_survey,False,0,1995Q1,2026Q3,127,
de_ec_food_ind_conf__d4,de_ec_food_ind_conf,SURVEYS,d4,Germany: Manufacture of food products (NACE C10): industrial confidence indicator ((Q2-Q4+Q5)/3) | d4 (survey balance / confidence / diffusion index): x_t - x_t-4,DE,business_survey,False,0,1995Q1,2026Q3,127,
de_ec_food_ind_sell_price_exp__lvl,de_ec_food_ind_sell_price_exp,SURVEYS,lvl,Germany: Manufacture of food products (NACE C10): selling-price expectations for months ahead (Q6) | lvl (survey balance / confidence / diffusion index): quarterly value,DE,price_expectations,False,0,1995Q1,2026Q3,127,
de_ec_food_ind_sell_price_exp__d4,de_ec_food_ind_sell_price_exp,SURVEYS,d4,Germany: Manufacture of food products (NACE C10): selling-price expectations for months ahead (Q6) | d4 (survey balance / confidence / diffusion index): x_t - x_t-4,DE,price_expectations,False,0,1995Q1,2026Q3,127,
de_ec_food_retail_sell_price_exp__lvl,de_ec_food_retail_sell_price_exp,SURVEYS,lvl,"Germany: Retail of food, beverages & tobacco (sub-sector FBT): selling-price expectations next 3 months (Q6) | lvl (survey balance / confidence / diffusion index): quarterly value",DE,price_expectations,False,0,1995Q1,2026Q3,127,
de_ec_food_retail_sell_price_exp__d4,de_ec_food_retail_sell_price_exp,SURVEYS,d4,"Germany: Retail of food, beverages & tobacco (sub-sector FBT): selling-price expectations next 3 months (Q6) | d4 (survey balance / confidence / diffusion index): x_t - x_t-4",DE,price_expectations,False,0,1995Q1,2026Q3,127,
de_ec_ind_sell_price_exp__lvl,de_ec_ind_sell_price_exp,SURVEYS,lvl,Germany: Industry (total manufacturing): selling-price expectations for months ahead (Q6) | lvl (survey balance / confidence / diffusion index): quarterly value,DE,price_expectations,False,0,1995Q1,2026Q3,127,
de_ec_ind_sell_price_exp__d4,de_ec_ind_sell_price_exp,SURVEYS,d4,Germany: Industry (total manufacturing): selling-price expectations for months ahead (Q6) | d4 (survey balance / confidence / diffusion index): x_t - x_t-4,DE,price_expectations,False,0,1995Q1,2026Q3,127,
de_ec_retail_conf__lvl,de_ec_retail_conf,SURVEYS,lvl,Germany: Retail trade confidence indicator ((Q1-Q2+Q4)/3) | lvl (survey balance / confidence / diffusion index): quarterly value,DE,business_survey,False,0,1995Q1,2026Q3,127,
de_ec_retail_conf__d4,de_ec_retail_conf,SURVEYS,d4,Germany: Retail trade confidence indicator ((Q1-Q2+Q4)/3) | d4 (survey balance / confidence / diffusion index): x_t - x_t-4,DE,business_survey,False,0,1995Q1,2026Q3,127,
de_ec_retail_sell_price_exp__lvl,de_ec_retail_sell_price_exp,SURVEYS,lvl,Germany: Retail trade (total): selling-price expectations next 3 months (Q6) | lvl (survey balance / confidence / diffusion index): quarterly value,DE,price_expectations,False,0,1995Q1,2026Q3,127,
de_ec_retail_sell_price_exp__d4,de_ec_retail_sell_price_exp,SURVEYS,d4,Germany: Retail trade (total): selling-price expectations next 3 months (Q6) | d4 (survey balance / confidence / diffusion index): x_t - x_t-4,DE,price_expectations,False,0,1995Q1,2026Q3,127,
de_oecd_bci__lvl,de_oecd_bci,SURVEYS,lvl,Germany: OECD composite business confidence indicator (amplitude adjusted) | lvl (survey balance / confidence / diffusion index): quarterly value,DE,business_survey,False,1,1995Q1,2026Q2,126,
de_oecd_bci__d4,de_oecd_bci,SURVEYS,d4,Germany: OECD composite business confidence indicator (amplitude adjusted) | d4 (survey balance / confidence / diffusion index): x_t - x_t-4,DE,business_survey,False,1,1995Q1,2026Q2,126,
de_oecd_cci__lvl,de_oecd_cci,SURVEYS,lvl,Germany: OECD composite consumer confidence indicator (amplitude adjusted) | lvl (survey balance / confidence / diffusion index): quarterly value,DE,consumer_survey,False,1,1995Q1,2026Q2,126,
de_oecd_cci__d4,de_oecd_cci,SURVEYS,d4,Germany: OECD composite consumer confidence indicator (amplitude adjusted) | d4 (survey balance / confidence / diffusion index): x_t - x_t-4,DE,consumer_survey,False,1,1995Q1,2026Q2,126,
de_oecd_cli__lvl,de_oecd_cli,SURVEYS,lvl,Germany: OECD composite leading indicator (amplitude adjusted) | lvl (survey balance / confidence / diffusion index): quarterly value,DE,activity_retail,False,0,1995Q1,2026Q2,126,
de_oecd_cli__d4,de_oecd_cli,SURVEYS,d4,Germany: OECD composite leading indicator (amplitude adjusted) | d4 (survey balance / confidence / diffusion index): x_t - x_t-4,DE,activity_retail,False,0,1995Q1,2026Q2,126,
dk_ec_cons_conf__lvl,dk_ec_cons_conf,SURVEYS,lvl,"Denmark: Consumer confidence indicator (avg of Q1,Q2,Q4,Q9) | lvl (survey balance / confidence / diffusion index): quarterly value",DK,consumer_survey,False,0,1995Q1,2026Q3,127,
dk_ec_cons_conf__d4,dk_ec_cons_conf,SURVEYS,d4,"Denmark: Consumer confidence indicator (avg of Q1,Q2,Q4,Q9) | d4 (survey balance / confidence / diffusion index): x_t - x_t-4",DK,consumer_survey,False,0,1995Q1,2026Q3,127,
dk_ec_cons_price_exp_12m__lvl,dk_ec_cons_price_exp_12m,SURVEYS,lvl,Denmark: Consumers: price trends over next 12 months (Q6) | lvl (survey balance / confidence / diffusion index): quarterly value,DK,price_expectations,False,0,1995Q1,2026Q3,127,
dk_ec_cons_price_exp_12m__d4,dk_ec_cons_price_exp_12m,SURVEYS,d4,Denmark: Consumers: price trends over next 12 months (Q6) | d4 (survey balance / confidence / diffusion index): x_t - x_t-4,DK,price_expectations,False,0,1995Q1,2026Q3,127,
dk_ec_cons_price_past_12m__lvl,dk_ec_cons_price_past_12m,SURVEYS,lvl,Denmark: Consumers: perceived price trends over last 12 months (Q5) | lvl (survey balance / confidence / diffusion index): quarterly value,DK,consumer_survey,False,0,1995Q1,2026Q3,127,
dk_ec_cons_price_past_12m__d4,dk_ec_cons_price_past_12m,SURVEYS,d4,Denmark: Consumers: perceived price trends over last 12 months (Q5) | d4 (survey balance / confidence / diffusion index): x_t - x_t-4,DK,consumer_survey,False,0,1995Q1,2026Q3,127,
dk_ec_esi__lvl,dk_ec_esi,SURVEYS,lvl,Denmark: Economic Sentiment Indicator (ESI) | lvl (survey balance / confidence / diffusion index): quarterly value,DK,business_survey,False,0,1995Q1,2026Q3,127,
dk_ec_esi__d4,dk_ec_esi,SURVEYS,d4,Denmark: Economic Sentiment Indicator (ESI) | d4 (survey balance / confidence / diffusion index): x_t - x_t-4,DK,business_survey,False,0,1995Q1,2026Q3,127,
dk_ec_food_ind_conf__lvl,dk_ec_food_ind_conf,SURVEYS,lvl,Denmark: Manufacture of food products (NACE C10): industrial confidence indicator ((Q2-Q4+Q5)/3) | lvl (survey balance / confidence / diffusion index): quarterly value,DK,business_survey,False,0,2005Q1,2026Q3,87,
dk_ec_food_ind_conf__d4,dk_ec_food_ind_conf,SURVEYS,d4,Denmark: Manufacture of food products (NACE C10): industrial confidence indicator ((Q2-Q4+Q5)/3) | d4 (survey balance / confidence / diffusion index): x_t - x_t-4,DK,business_survey,False,0,2006Q1,2026Q3,83,
dk_ec_food_ind_sell_price_exp__lvl,dk_ec_food_ind_sell_price_exp,SURVEYS,lvl,Denmark: Manufacture of food products (NACE C10): selling-price expectations for months ahead (Q6) | lvl (survey balance / confidence / diffusion index): quarterly value,DK,price_expectations,False,0,2005Q1,2026Q3,87,
dk_ec_food_ind_sell_price_exp__d4,dk_ec_food_ind_sell_price_exp,SURVEYS,d4,Denmark: Manufacture of food products (NACE C10): selling-price expectations for months ahead (Q6) | d4 (survey balance / confidence / diffusion index): x_t - x_t-4,DK,price_expectations,False,0,2006Q1,2026Q3,83,
dk_ec_food_retail_sell_price_exp__lvl,dk_ec_food_retail_sell_price_exp,SURVEYS,lvl,"Denmark: Retail of food, beverages & tobacco (sub-sector FBT): selling-price expectations next 3 months (Q6) | lvl (survey balance / confidence / diffusion index): quarterly value",DK,price_expectations,False,0,2010Q3,2026Q3,65,
dk_ec_food_retail_sell_price_exp__d4,dk_ec_food_retail_sell_price_exp,SURVEYS,d4,"Denmark: Retail of food, beverages & tobacco (sub-sector FBT): selling-price expectations next 3 months (Q6) | d4 (survey balance / confidence / diffusion index): x_t - x_t-4",DK,price_expectations,False,0,2011Q3,2026Q3,61,
dk_ec_ind_sell_price_exp__lvl,dk_ec_ind_sell_price_exp,SURVEYS,lvl,Denmark: Industry (total manufacturing): selling-price expectations for months ahead (Q6) | lvl (survey balance / confidence / diffusion index): quarterly value,DK,price_expectations,False,0,1998Q1,2026Q3,115,
dk_ec_ind_sell_price_exp__d4,dk_ec_ind_sell_price_exp,SURVEYS,d4,Denmark: Industry (total manufacturing): selling-price expectations for months ahead (Q6) | d4 (survey balance / confidence / diffusion index): x_t - x_t-4,DK,price_expectations,False,0,1999Q1,2026Q3,111,
dk_ec_retail_conf__lvl,dk_ec_retail_conf,SURVEYS,lvl,Denmark: Retail trade confidence indicator ((Q1-Q2+Q4)/3) | lvl (survey balance / confidence / diffusion index): quarterly value,DK,business_survey,False,0,2010Q3,2026Q3,65,
dk_ec_retail_conf__d4,dk_ec_retail_conf,SURVEYS,d4,Denmark: Retail trade confidence indicator ((Q1-Q2+Q4)/3) | d4 (survey balance / confidence / diffusion index): x_t - x_t-4,DK,business_survey,False,0,2011Q3,2026Q3,61,
dk_ec_retail_sell_price_exp__lvl,dk_ec_retail_sell_price_exp,SURVEYS,lvl,Denmark: Retail trade (total): selling-price expectations next 3 months (Q6) | lvl (survey balance / confidence / diffusion index): quarterly value,DK,price_expectations,False,0,2010Q3,2026Q3,65,
dk_ec_retail_sell_price_exp__d4,dk_ec_retail_sell_price_exp,SURVEYS,d4,Denmark: Retail trade (total): selling-price expectations next 3 months (Q6) | d4 (survey balance / confidence / diffusion index): x_t - x_t-4,DK,price_expectations,False,0,2011Q3,2026Q3,61,
dk_oecd_bci__lvl,dk_oecd_bci,SURVEYS,lvl,Denmark: OECD composite business confidence indicator (amplitude adjusted) | lvl (survey balance / confidence / diffusion index): quarterly value,DK,business_survey,False,1,1995Q1,2026Q2,126,
dk_oecd_bci__d4,dk_oecd_bci,SURVEYS,d4,Denmark: OECD composite business confidence indicator (amplitude adjusted) | d4 (survey balance / confidence / diffusion index): x_t - x_t-4,DK,business_survey,False,1,1995Q1,2026Q2,126,
dk_oecd_cci__lvl,dk_oecd_cci,SURVEYS,lvl,Denmark: OECD composite consumer confidence indicator (amplitude adjusted) | lvl (survey balance / confidence / diffusion index): quarterly value,DK,consumer_survey,False,1,1995Q1,2026Q2,126,
dk_oecd_cci__d4,dk_oecd_cci,SURVEYS,d4,Denmark: OECD composite consumer confidence indicator (amplitude adjusted) | d4 (survey balance / confidence / diffusion index): x_t - x_t-4,DK,consumer_survey,False,1,1995Q1,2026Q2,126,
ea_ec_cons_conf__lvl,ea_ec_cons_conf,SURVEYS,lvl,"Euro area: Consumer confidence indicator (avg of Q1,Q2,Q4,Q9) | lvl (survey balance / confidence / diffusion index): quarterly value",EA,consumer_survey,False,0,1995Q1,2026Q3,127,
ea_ec_cons_conf__d4,ea_ec_cons_conf,SURVEYS,d4,"Euro area: Consumer confidence indicator (avg of Q1,Q2,Q4,Q9) | d4 (survey balance / confidence / diffusion index): x_t - x_t-4",EA,consumer_survey,False,0,1995Q1,2026Q3,127,
ea_ec_cons_price_exp_12m__lvl,ea_ec_cons_price_exp_12m,SURVEYS,lvl,Euro area: Consumers: price trends over next 12 months (Q6) | lvl (survey balance / confidence / diffusion index): quarterly value,EA,price_expectations,False,0,1995Q1,2026Q3,127,
ea_ec_cons_price_exp_12m__d4,ea_ec_cons_price_exp_12m,SURVEYS,d4,Euro area: Consumers: price trends over next 12 months (Q6) | d4 (survey balance / confidence / diffusion index): x_t - x_t-4,EA,price_expectations,False,0,1995Q1,2026Q3,127,
ea_ec_cons_price_past_12m__lvl,ea_ec_cons_price_past_12m,SURVEYS,lvl,Euro area: Consumers: perceived price trends over last 12 months (Q5) | lvl (survey balance / confidence / diffusion index): quarterly value,EA,consumer_survey,False,0,1995Q1,2026Q3,127,
ea_ec_cons_price_past_12m__d4,ea_ec_cons_price_past_12m,SURVEYS,d4,Euro area: Consumers: perceived price trends over last 12 months (Q5) | d4 (survey balance / confidence / diffusion index): x_t - x_t-4,EA,consumer_survey,False,0,1995Q1,2026Q3,127,
ea_ec_esi__lvl,ea_ec_esi,SURVEYS,lvl,Euro area: Economic Sentiment Indicator (ESI) | lvl (survey balance / confidence / diffusion index): quarterly value,EA,business_survey,False,0,1995Q1,2026Q3,127,
ea_ec_esi__d4,ea_ec_esi,SURVEYS,d4,Euro area: Economic Sentiment Indicator (ESI) | d4 (survey balance / confidence / diffusion index): x_t - x_t-4,EA,business_survey,False,0,1995Q1,2026Q3,127,
ea_ec_food_ind_conf__lvl,ea_ec_food_ind_conf,SURVEYS,lvl,Euro area: Manufacture of food products (NACE C10): industrial confidence indicator ((Q2-Q4+Q5)/3) | lvl (survey balance / confidence / diffusion index): quarterly value,EA,business_survey,False,0,1995Q1,2026Q3,127,
ea_ec_food_ind_conf__d4,ea_ec_food_ind_conf,SURVEYS,d4,Euro area: Manufacture of food products (NACE C10): industrial confidence indicator ((Q2-Q4+Q5)/3) | d4 (survey balance / confidence / diffusion index): x_t - x_t-4,EA,business_survey,False,0,1995Q1,2026Q3,127,
ea_ec_food_ind_sell_price_exp__lvl,ea_ec_food_ind_sell_price_exp,SURVEYS,lvl,Euro area: Manufacture of food products (NACE C10): selling-price expectations for months ahead (Q6) | lvl (survey balance / confidence / diffusion index): quarterly value,EA,price_expectations,True,0,1995Q1,2026Q3,127,
ea_ec_food_ind_sell_price_exp__d4,ea_ec_food_ind_sell_price_exp,SURVEYS,d4,Euro area: Manufacture of food products (NACE C10): selling-price expectations for months ahead (Q6) | d4 (survey balance / confidence / diffusion index): x_t - x_t-4,EA,price_expectations,True,0,1995Q1,2026Q3,127,
ea_ec_food_retail_sell_price_exp__lvl,ea_ec_food_retail_sell_price_exp,SURVEYS,lvl,"Euro area: Retail of food, beverages & tobacco (sub-sector FBT): selling-price expectations next 3 months (Q6) | lvl (survey balance / confidence / diffusion index): quarterly value",EA,price_expectations,False,0,1995Q1,2026Q3,127,
ea_ec_food_retail_sell_price_exp__d4,ea_ec_food_retail_sell_price_exp,SURVEYS,d4,"Euro area: Retail of food, beverages & tobacco (sub-sector FBT): selling-price expectations next 3 months (Q6) | d4 (survey balance / confidence / diffusion index): x_t - x_t-4",EA,price_expectations,False,0,1995Q1,2026Q3,127,
ea_ec_ind_sell_price_exp__lvl,ea_ec_ind_sell_price_exp,SURVEYS,lvl,Euro area: Industry (total manufacturing): selling-price expectations for months ahead (Q6) | lvl (survey balance / confidence / diffusion index): quarterly value,EA,price_expectations,False,0,1995Q1,2026Q3,127,
ea_ec_ind_sell_price_exp__d4,ea_ec_ind_sell_price_exp,SURVEYS,d4,Euro area: Industry (total manufacturing): selling-price expectations for months ahead (Q6) | d4 (survey balance / confidence / diffusion index): x_t - x_t-4,EA,price_expectations,False,0,1995Q1,2026Q3,127,
ea_ec_retail_conf__lvl,ea_ec_retail_conf,SURVEYS,lvl,Euro area: Retail trade confidence indicator ((Q1-Q2+Q4)/3) | lvl (survey balance / confidence / diffusion index): quarterly value,EA,business_survey,False,0,1995Q1,2026Q3,127,
ea_ec_retail_conf__d4,ea_ec_retail_conf,SURVEYS,d4,Euro area: Retail trade confidence indicator ((Q1-Q2+Q4)/3) | d4 (survey balance / confidence / diffusion index): x_t - x_t-4,EA,business_survey,False,0,1995Q1,2026Q3,127,
ea_ec_retail_sell_price_exp__lvl,ea_ec_retail_sell_price_exp,SURVEYS,lvl,Euro area: Retail trade (total): selling-price expectations next 3 months (Q6) | lvl (survey balance / confidence / diffusion index): quarterly value,EA,price_expectations,False,0,1995Q1,2026Q3,127,
ea_ec_retail_sell_price_exp__d4,ea_ec_retail_sell_price_exp,SURVEYS,d4,Euro area: Retail trade (total): selling-price expectations next 3 months (Q6) | d4 (survey balance / confidence / diffusion index): x_t - x_t-4,EA,price_expectations,False,0,1995Q1,2026Q3,127,
ea_oecd_bci__lvl,ea_oecd_bci,SURVEYS,lvl,Euro area (20): OECD composite business confidence indicator (amplitude adjusted) | lvl (survey balance / confidence / diffusion index): quarterly value,EA,business_survey,False,1,1995Q1,2026Q2,126,
ea_oecd_bci__d4,ea_oecd_bci,SURVEYS,d4,Euro area (20): OECD composite business confidence indicator (amplitude adjusted) | d4 (survey balance / confidence / diffusion index): x_t - x_t-4,EA,business_survey,False,1,1995Q1,2026Q2,126,
ea_oecd_cci__lvl,ea_oecd_cci,SURVEYS,lvl,Euro area (20): OECD composite consumer confidence indicator (amplitude adjusted) | lvl (survey balance / confidence / diffusion index): quarterly value,EA,consumer_survey,False,1,1995Q1,2026Q2,126,
ea_oecd_cci__d4,ea_oecd_cci,SURVEYS,d4,Euro area (20): OECD composite consumer confidence indicator (amplitude adjusted) | d4 (survey balance / confidence / diffusion index): x_t - x_t-4,EA,consumer_survey,False,1,1995Q1,2026Q2,126,
ee_ec_cons_conf__lvl,ee_ec_cons_conf,SURVEYS,lvl,"Estonia: Consumer confidence indicator (avg of Q1,Q2,Q4,Q9) | lvl (survey balance / confidence / diffusion index): quarterly value",EE,consumer_survey,False,0,2000Q1,2026Q1,105,"pre-2000 values dropped (transition-era survey artefacts, qa_C 10)"
ee_ec_cons_conf__d4,ee_ec_cons_conf,SURVEYS,d4,"Estonia: Consumer confidence indicator (avg of Q1,Q2,Q4,Q9) | d4 (survey balance / confidence / diffusion index): x_t - x_t-4",EE,consumer_survey,False,0,2001Q1,2026Q1,101,"pre-2000 values dropped (transition-era survey artefacts, qa_C 10)"
ee_ec_cons_price_exp_12m__lvl,ee_ec_cons_price_exp_12m,SURVEYS,lvl,Estonia: Consumers: price trends over next 12 months (Q6) | lvl (survey balance / confidence / diffusion index): quarterly value,EE,price_expectations,False,0,2000Q1,2026Q1,105,"pre-2000 values dropped (transition-era survey artefacts, qa_C 10)"
ee_ec_cons_price_exp_12m__d4,ee_ec_cons_price_exp_12m,SURVEYS,d4,Estonia: Consumers: price trends over next 12 months (Q6) | d4 (survey balance / confidence / diffusion index): x_t - x_t-4,EE,price_expectations,False,0,2001Q1,2026Q1,101,"pre-2000 values dropped (transition-era survey artefacts, qa_C 10)"
ee_ec_cons_price_past_12m__lvl,ee_ec_cons_price_past_12m,SURVEYS,lvl,Estonia: Consumers: perceived price trends over last 12 months (Q5) | lvl (survey balance / confidence / diffusion index): quarterly value,EE,consumer_survey,False,0,2000Q1,2026Q1,105,"pre-2000 values dropped (transition-era survey artefacts, qa_C 10)"
ee_ec_cons_price_past_12m__d4,ee_ec_cons_price_past_12m,SURVEYS,d4,Estonia: Consumers: perceived price trends over last 12 months (Q5) | d4 (survey balance / confidence / diffusion index): x_t - x_t-4,EE,consumer_survey,False,0,2001Q1,2026Q1,101,"pre-2000 values dropped (transition-era survey artefacts, qa_C 10)"
ee_ec_esi__lvl,ee_ec_esi,SURVEYS,lvl,Estonia: Economic Sentiment Indicator (ESI) | lvl (survey balance / confidence / diffusion index): quarterly value,EE,business_survey,False,0,2000Q1,2026Q1,105,"pre-2000 values dropped (transition-era survey artefacts, qa_C 10)"
ee_ec_esi__d4,ee_ec_esi,SURVEYS,d4,Estonia: Economic Sentiment Indicator (ESI) | d4 (survey balance / confidence / diffusion index): x_t - x_t-4,EE,business_survey,False,0,2001Q1,2026Q1,101,"pre-2000 values dropped (transition-era survey artefacts, qa_C 10)"
ee_ec_food_ind_conf__lvl,ee_ec_food_ind_conf,SURVEYS,lvl,Estonia: Manufacture of food products (NACE C10): industrial confidence indicator ((Q2-Q4+Q5)/3) | lvl (survey balance / confidence / diffusion index): quarterly value,EE,business_survey,False,0,2010Q3,2026Q1,63,
ee_ec_food_ind_conf__d4,ee_ec_food_ind_conf,SURVEYS,d4,Estonia: Manufacture of food products (NACE C10): industrial confidence indicator ((Q2-Q4+Q5)/3) | d4 (survey balance / confidence / diffusion index): x_t - x_t-4,EE,business_survey,False,0,2011Q3,2026Q1,59,
ee_ec_food_ind_sell_price_exp__lvl,ee_ec_food_ind_sell_price_exp,SURVEYS,lvl,Estonia: Manufacture of food products (NACE C10): selling-price expectations for months ahead (Q6) | lvl (survey balance / confidence / diffusion index): quarterly value,EE,price_expectations,False,0,2010Q3,2026Q1,63,
ee_ec_food_ind_sell_price_exp__d4,ee_ec_food_ind_sell_price_exp,SURVEYS,d4,Estonia: Manufacture of food products (NACE C10): selling-price expectations for months ahead (Q6) | d4 (survey balance / confidence / diffusion index): x_t - x_t-4,EE,price_expectations,False,0,2011Q3,2026Q1,59,
ee_ec_food_retail_sell_price_exp__lvl,ee_ec_food_retail_sell_price_exp,SURVEYS,lvl,"Estonia: Retail of food, beverages & tobacco (sub-sector FBT): selling-price expectations next 3 months (Q6) | lvl (survey balance / confidence / diffusion index): quarterly value",EE,price_expectations,False,0,2010Q3,2026Q1,63,
ee_ec_food_retail_sell_price_exp__d4,ee_ec_food_retail_sell_price_exp,SURVEYS,d4,"Estonia: Retail of food, beverages & tobacco (sub-sector FBT): selling-price expectations next 3 months (Q6) | d4 (survey balance / confidence / diffusion index): x_t - x_t-4",EE,price_expectations,False,0,2011Q3,2026Q1,59,
ee_ec_ind_sell_price_exp__lvl,ee_ec_ind_sell_price_exp,SURVEYS,lvl,Estonia: Industry (total manufacturing): selling-price expectations for months ahead (Q6) | lvl (survey balance / confidence / diffusion index): quarterly value,EE,price_expectations,False,0,2000Q1,2026Q1,105,"pre-2000 values dropped (transition-era survey artefacts, qa_C 10)"
ee_ec_ind_sell_price_exp__d4,ee_ec_ind_sell_price_exp,SURVEYS,d4,Estonia: Industry (total manufacturing): selling-price expectations for months ahead (Q6) | d4 (survey balance / confidence / diffusion index): x_t - x_t-4,EE,price_expectations,False,0,2001Q1,2026Q1,101,"pre-2000 values dropped (transition-era survey artefacts, qa_C 10)"
ee_ec_retail_conf__lvl,ee_ec_retail_conf,SURVEYS,lvl,Estonia: Retail trade confidence indicator ((Q1-Q2+Q4)/3) | lvl (survey balance / confidence / diffusion index): quarterly value,EE,business_survey,False,0,2000Q1,2026Q1,105,"pre-2000 values dropped (transition-era survey artefacts, qa_C 10)"
ee_ec_retail_conf__d4,ee_ec_retail_conf,SURVEYS,d4,Estonia: Retail trade confidence indicator ((Q1-Q2+Q4)/3) | d4 (survey balance / confidence / diffusion index): x_t - x_t-4,EE,business_survey,False,0,2001Q1,2026Q1,101,"pre-2000 values dropped (transition-era survey artefacts, qa_C 10)"
ee_ec_retail_sell_price_exp__lvl,ee_ec_retail_sell_price_exp,SURVEYS,lvl,Estonia: Retail trade (total): selling-price expectations next 3 months (Q6) | lvl (survey balance / confidence / diffusion index): quarterly value,EE,price_expectations,False,0,2003Q3,2026Q1,91,
ee_ec_retail_sell_price_exp__d4,ee_ec_retail_sell_price_exp,SURVEYS,d4,Estonia: Retail trade (total): selling-price expectations next 3 months (Q6) | d4 (survey balance / confidence / diffusion index): x_t - x_t-4,EE,price_expectations,False,0,2004Q3,2026Q1,87,
eu_ec_cons_conf__lvl,eu_ec_cons_conf,SURVEYS,lvl,"European Union: Consumer confidence indicator (avg of Q1,Q2,Q4,Q9) | lvl (survey balance / confidence / diffusion index): quarterly value",EU,consumer_survey,False,0,1995Q1,2026Q3,127,
eu_ec_cons_conf__d4,eu_ec_cons_conf,SURVEYS,d4,"European Union: Consumer confidence indicator (avg of Q1,Q2,Q4,Q9) | d4 (survey balance / confidence / diffusion index): x_t - x_t-4",EU,consumer_survey,False,0,1995Q1,2026Q3,127,
eu_ec_cons_price_exp_12m__lvl,eu_ec_cons_price_exp_12m,SURVEYS,lvl,European Union: Consumers: price trends over next 12 months (Q6) | lvl (survey balance / confidence / diffusion index): quarterly value,EU,price_expectations,False,0,1995Q1,2026Q3,127,
eu_ec_cons_price_exp_12m__d4,eu_ec_cons_price_exp_12m,SURVEYS,d4,European Union: Consumers: price trends over next 12 months (Q6) | d4 (survey balance / confidence / diffusion index): x_t - x_t-4,EU,price_expectations,False,0,1995Q1,2026Q3,127,
eu_ec_cons_price_past_12m__lvl,eu_ec_cons_price_past_12m,SURVEYS,lvl,European Union: Consumers: perceived price trends over last 12 months (Q5) | lvl (survey balance / confidence / diffusion index): quarterly value,EU,consumer_survey,False,0,1995Q1,2026Q3,127,
eu_ec_cons_price_past_12m__d4,eu_ec_cons_price_past_12m,SURVEYS,d4,European Union: Consumers: perceived price trends over last 12 months (Q5) | d4 (survey balance / confidence / diffusion index): x_t - x_t-4,EU,consumer_survey,False,0,1995Q1,2026Q3,127,
eu_ec_esi__lvl,eu_ec_esi,SURVEYS,lvl,European Union: Economic Sentiment Indicator (ESI) | lvl (survey balance / confidence / diffusion index): quarterly value,EU,business_survey,False,0,1995Q1,2026Q3,127,
eu_ec_esi__d4,eu_ec_esi,SURVEYS,d4,European Union: Economic Sentiment Indicator (ESI) | d4 (survey balance / confidence / diffusion index): x_t - x_t-4,EU,business_survey,False,0,1995Q1,2026Q3,127,
eu_ec_food_ind_conf__lvl,eu_ec_food_ind_conf,SURVEYS,lvl,European Union: Manufacture of food products (NACE C10): industrial confidence indicator ((Q2-Q4+Q5)/3) | lvl (survey balance / confidence / diffusion index): quarterly value,EU,business_survey,False,0,1995Q1,2026Q3,127,
eu_ec_food_ind_conf__d4,eu_ec_food_ind_conf,SURVEYS,d4,European Union: Manufacture of food products (NACE C10): industrial confidence indicator ((Q2-Q4+Q5)/3) | d4 (survey balance / confidence / diffusion index): x_t - x_t-4,EU,business_survey,False,0,1995Q1,2026Q3,127,
eu_ec_food_ind_sell_price_exp__lvl,eu_ec_food_ind_sell_price_exp,SURVEYS,lvl,European Union: Manufacture of food products (NACE C10): selling-price expectations for months ahead (Q6) | lvl (survey balance / confidence / diffusion index): quarterly value,EU,price_expectations,False,0,1995Q1,2026Q3,127,
eu_ec_food_ind_sell_price_exp__d4,eu_ec_food_ind_sell_price_exp,SURVEYS,d4,European Union: Manufacture of food products (NACE C10): selling-price expectations for months ahead (Q6) | d4 (survey balance / confidence / diffusion index): x_t - x_t-4,EU,price_expectations,False,0,1995Q1,2026Q3,127,
eu_ec_food_retail_sell_price_exp__lvl,eu_ec_food_retail_sell_price_exp,SURVEYS,lvl,"European Union: Retail of food, beverages & tobacco (sub-sector FBT): selling-price expectations next 3 months (Q6) | lvl (survey balance / confidence / diffusion index): quarterly value",EU,price_expectations,False,0,1995Q1,2026Q3,109,
eu_ec_food_retail_sell_price_exp__d4,eu_ec_food_retail_sell_price_exp,SURVEYS,d4,"European Union: Retail of food, beverages & tobacco (sub-sector FBT): selling-price expectations next 3 months (Q6) | d4 (survey balance / confidence / diffusion index): x_t - x_t-4",EU,price_expectations,False,0,1995Q1,2026Q3,105,
eu_ec_ind_sell_price_exp__lvl,eu_ec_ind_sell_price_exp,SURVEYS,lvl,European Union: Industry (total manufacturing): selling-price expectations for months ahead (Q6) | lvl (survey balance / confidence / diffusion index): quarterly value,EU,price_expectations,False,0,1995Q1,2026Q3,127,
eu_ec_ind_sell_price_exp__d4,eu_ec_ind_sell_price_exp,SURVEYS,d4,European Union: Industry (total manufacturing): selling-price expectations for months ahead (Q6) | d4 (survey balance / confidence / diffusion index): x_t - x_t-4,EU,price_expectations,False,0,1995Q1,2026Q3,127,
eu_ec_retail_conf__lvl,eu_ec_retail_conf,SURVEYS,lvl,European Union: Retail trade confidence indicator ((Q1-Q2+Q4)/3) | lvl (survey balance / confidence / diffusion index): quarterly value,EU,business_survey,False,0,1995Q1,2026Q3,127,
eu_ec_retail_conf__d4,eu_ec_retail_conf,SURVEYS,d4,European Union: Retail trade confidence indicator ((Q1-Q2+Q4)/3) | d4 (survey balance / confidence / diffusion index): x_t - x_t-4,EU,business_survey,False,0,1995Q1,2026Q3,127,
eu_ec_retail_sell_price_exp__lvl,eu_ec_retail_sell_price_exp,SURVEYS,lvl,European Union: Retail trade (total): selling-price expectations next 3 months (Q6) | lvl (survey balance / confidence / diffusion index): quarterly value,EU,price_expectations,False,0,2002Q1,2026Q3,99,
eu_ec_retail_sell_price_exp__d4,eu_ec_retail_sell_price_exp,SURVEYS,d4,European Union: Retail trade (total): selling-price expectations next 3 months (Q6) | d4 (survey balance / confidence / diffusion index): x_t - x_t-4,EU,price_expectations,False,0,2003Q1,2026Q3,95,
fi_ec_cons_conf__lvl,fi_ec_cons_conf,SURVEYS,lvl,"Finland: Consumer confidence indicator (avg of Q1,Q2,Q4,Q9) | lvl (survey balance / confidence / diffusion index): quarterly value",FI,consumer_survey,False,0,1995Q4,2026Q3,124,
fi_ec_cons_conf__d4,fi_ec_cons_conf,SURVEYS,d4,"Finland: Consumer confidence indicator (avg of Q1,Q2,Q4,Q9) | d4 (survey balance / confidence / diffusion index): x_t - x_t-4",FI,consumer_survey,False,0,1996Q4,2026Q3,120,
fi_ec_cons_price_exp_12m__lvl,fi_ec_cons_price_exp_12m,SURVEYS,lvl,Finland: Consumers: price trends over next 12 months (Q6) | lvl (survey balance / confidence / diffusion index): quarterly value,FI,price_expectations,False,0,1995Q4,2026Q3,124,
fi_ec_cons_price_exp_12m__d4,fi_ec_cons_price_exp_12m,SURVEYS,d4,Finland: Consumers: price trends over next 12 months (Q6) | d4 (survey balance / confidence / diffusion index): x_t - x_t-4,FI,price_expectations,False,0,1996Q4,2026Q3,120,
fi_ec_cons_price_past_12m__lvl,fi_ec_cons_price_past_12m,SURVEYS,lvl,Finland: Consumers: perceived price trends over last 12 months (Q5) | lvl (survey balance / confidence / diffusion index): quarterly value,FI,consumer_survey,False,0,1995Q4,2026Q3,124,
fi_ec_cons_price_past_12m__d4,fi_ec_cons_price_past_12m,SURVEYS,d4,Finland: Consumers: perceived price trends over last 12 months (Q5) | d4 (survey balance / confidence / diffusion index): x_t - x_t-4,FI,consumer_survey,False,0,1996Q4,2026Q3,120,
fi_ec_esi__lvl,fi_ec_esi,SURVEYS,lvl,Finland: Economic Sentiment Indicator (ESI) | lvl (survey balance / confidence / diffusion index): quarterly value,FI,business_survey,False,0,1995Q1,2026Q3,127,
fi_ec_esi__d4,fi_ec_esi,SURVEYS,d4,Finland: Economic Sentiment Indicator (ESI) | d4 (survey balance / confidence / diffusion index): x_t - x_t-4,FI,business_survey,False,0,1995Q1,2026Q3,127,
fi_ec_food_ind_conf__lvl,fi_ec_food_ind_conf,SURVEYS,lvl,Finland: Manufacture of food products (NACE C10): industrial confidence indicator ((Q2-Q4+Q5)/3) | lvl (survey balance / confidence / diffusion index): quarterly value,FI,business_survey,False,0,1996Q1,2026Q3,123,
fi_ec_food_ind_conf__d4,fi_ec_food_ind_conf,SURVEYS,d4,Finland: Manufacture of food products (NACE C10): industrial confidence indicator ((Q2-Q4+Q5)/3) | d4 (survey balance / confidence / diffusion index): x_t - x_t-4,FI,business_survey,False,0,1997Q1,2026Q3,119,
fi_ec_food_ind_sell_price_exp__lvl,fi_ec_food_ind_sell_price_exp,SURVEYS,lvl,Finland: Manufacture of food products (NACE C10): selling-price expectations for months ahead (Q6) | lvl (survey balance / confidence / diffusion index): quarterly value,FI,price_expectations,False,0,1996Q1,2026Q3,123,
fi_ec_food_ind_sell_price_exp__d4,fi_ec_food_ind_sell_price_exp,SURVEYS,d4,Finland: Manufacture of food products (NACE C10): selling-price expectations for months ahead (Q6) | d4 (survey balance / confidence / diffusion index): x_t - x_t-4,FI,price_expectations,False,0,1997Q1,2026Q3,119,
fi_ec_food_retail_sell_price_exp__lvl,fi_ec_food_retail_sell_price_exp,SURVEYS,lvl,"Finland: Retail of food, beverages & tobacco (sub-sector FBT): selling-price expectations next 3 months (Q6) | lvl (survey balance / confidence / diffusion index): quarterly value",FI,price_expectations,False,0,2007Q1,2026Q3,79,
fi_ec_food_retail_sell_price_exp__d4,fi_ec_food_retail_sell_price_exp,SURVEYS,d4,"Finland: Retail of food, beverages & tobacco (sub-sector FBT): selling-price expectations next 3 months (Q6) | d4 (survey balance / confidence / diffusion index): x_t - x_t-4",FI,price_expectations,False,0,2008Q1,2026Q3,75,
fi_ec_ind_sell_price_exp__lvl,fi_ec_ind_sell_price_exp,SURVEYS,lvl,Finland: Industry (total manufacturing): selling-price expectations for months ahead (Q6) | lvl (survey balance / confidence / diffusion index): quarterly value,FI,price_expectations,False,0,1995Q1,2026Q3,127,
fi_ec_ind_sell_price_exp__d4,fi_ec_ind_sell_price_exp,SURVEYS,d4,Finland: Industry (total manufacturing): selling-price expectations for months ahead (Q6) | d4 (survey balance / confidence / diffusion index): x_t - x_t-4,FI,price_expectations,False,0,1995Q1,2026Q3,127,
fi_ec_retail_conf__lvl,fi_ec_retail_conf,SURVEYS,lvl,Finland: Retail trade confidence indicator ((Q1-Q2+Q4)/3) | lvl (survey balance / confidence / diffusion index): quarterly value,FI,business_survey,False,0,1997Q3,2026Q3,117,
fi_ec_retail_conf__d4,fi_ec_retail_conf,SURVEYS,d4,Finland: Retail trade confidence indicator ((Q1-Q2+Q4)/3) | d4 (survey balance / confidence / diffusion index): x_t - x_t-4,FI,business_survey,False,0,1998Q3,2026Q3,113,
fi_ec_retail_sell_price_exp__lvl,fi_ec_retail_sell_price_exp,SURVEYS,lvl,Finland: Retail trade (total): selling-price expectations next 3 months (Q6) | lvl (survey balance / confidence / diffusion index): quarterly value,FI,price_expectations,False,0,2003Q3,2026Q3,93,
fi_ec_retail_sell_price_exp__d4,fi_ec_retail_sell_price_exp,SURVEYS,d4,Finland: Retail trade (total): selling-price expectations next 3 months (Q6) | d4 (survey balance / confidence / diffusion index): x_t - x_t-4,FI,price_expectations,False,0,2004Q3,2026Q3,89,
fi_oecd_bci__lvl,fi_oecd_bci,SURVEYS,lvl,Finland: OECD composite business confidence indicator (amplitude adjusted) | lvl (survey balance / confidence / diffusion index): quarterly value,FI,business_survey,False,1,1995Q1,2026Q2,126,
fi_oecd_bci__d4,fi_oecd_bci,SURVEYS,d4,Finland: OECD composite business confidence indicator (amplitude adjusted) | d4 (survey balance / confidence / diffusion index): x_t - x_t-4,FI,business_survey,False,1,1995Q1,2026Q2,126,
fi_oecd_cci__lvl,fi_oecd_cci,SURVEYS,lvl,Finland: OECD composite consumer confidence indicator (amplitude adjusted) | lvl (survey balance / confidence / diffusion index): quarterly value,FI,consumer_survey,False,1,1995Q1,2026Q2,126,
fi_oecd_cci__d4,fi_oecd_cci,SURVEYS,d4,Finland: OECD composite consumer confidence indicator (amplitude adjusted) | d4 (survey balance / confidence / diffusion index): x_t - x_t-4,FI,consumer_survey,False,1,1995Q1,2026Q2,126,
g7_oecd_bci__lvl,g7_oecd_bci,SURVEYS,lvl,G7: OECD composite business confidence indicator (amplitude adjusted) | lvl (survey balance / confidence / diffusion index): quarterly value,G7,business_survey,False,1,1995Q1,2026Q2,126,
g7_oecd_bci__d4,g7_oecd_bci,SURVEYS,d4,G7: OECD composite business confidence indicator (amplitude adjusted) | d4 (survey balance / confidence / diffusion index): x_t - x_t-4,G7,business_survey,False,1,1995Q1,2026Q2,126,
g7_oecd_cci__lvl,g7_oecd_cci,SURVEYS,lvl,G7: OECD composite consumer confidence indicator (amplitude adjusted) | lvl (survey balance / confidence / diffusion index): quarterly value,G7,consumer_survey,False,1,1995Q1,2026Q2,126,
g7_oecd_cci__d4,g7_oecd_cci,SURVEYS,d4,G7: OECD composite consumer confidence indicator (amplitude adjusted) | d4 (survey balance / confidence / diffusion index): x_t - x_t-4,G7,consumer_survey,False,1,1995Q1,2026Q2,126,
g7_oecd_cli__lvl,g7_oecd_cli,SURVEYS,lvl,G7: OECD composite leading indicator (amplitude adjusted) | lvl (survey balance / confidence / diffusion index): quarterly value,G7,activity_retail,False,0,1995Q1,2026Q2,126,
g7_oecd_cli__d4,g7_oecd_cli,SURVEYS,d4,G7: OECD composite leading indicator (amplitude adjusted) | d4 (survey balance / confidence / diffusion index): x_t - x_t-4,G7,activity_retail,False,0,1995Q1,2026Q2,126,
hu_ec_cons_conf__lvl,hu_ec_cons_conf,SURVEYS,lvl,"Hungary: Consumer confidence indicator (avg of Q1,Q2,Q4,Q9) | lvl (survey balance / confidence / diffusion index): quarterly value",HU,consumer_survey,False,0,2000Q1,2026Q3,107,"pre-2000 values dropped (transition-era survey artefacts, qa_C 10)"
hu_ec_cons_conf__d4,hu_ec_cons_conf,SURVEYS,d4,"Hungary: Consumer confidence indicator (avg of Q1,Q2,Q4,Q9) | d4 (survey balance / confidence / diffusion index): x_t - x_t-4",HU,consumer_survey,False,0,2001Q1,2026Q3,103,"pre-2000 values dropped (transition-era survey artefacts, qa_C 10)"
hu_ec_cons_price_exp_12m__lvl,hu_ec_cons_price_exp_12m,SURVEYS,lvl,Hungary: Consumers: price trends over next 12 months (Q6) | lvl (survey balance / confidence / diffusion index): quarterly value,HU,price_expectations,False,0,2000Q1,2026Q3,107,"pre-2000 values dropped (transition-era survey artefacts, qa_C 10)"
hu_ec_cons_price_exp_12m__d4,hu_ec_cons_price_exp_12m,SURVEYS,d4,Hungary: Consumers: price trends over next 12 months (Q6) | d4 (survey balance / confidence / diffusion index): x_t - x_t-4,HU,price_expectations,False,0,2001Q1,2026Q3,103,"pre-2000 values dropped (transition-era survey artefacts, qa_C 10)"
hu_ec_cons_price_past_12m__lvl,hu_ec_cons_price_past_12m,SURVEYS,lvl,Hungary: Consumers: perceived price trends over last 12 months (Q5) | lvl (survey balance / confidence / diffusion index): quarterly value,HU,consumer_survey,False,0,2000Q1,2026Q3,107,"pre-2000 values dropped (transition-era survey artefacts, qa_C 10)"
hu_ec_cons_price_past_12m__d4,hu_ec_cons_price_past_12m,SURVEYS,d4,Hungary: Consumers: perceived price trends over last 12 months (Q5) | d4 (survey balance / confidence / diffusion index): x_t - x_t-4,HU,consumer_survey,False,0,2001Q1,2026Q3,103,"pre-2000 values dropped (transition-era survey artefacts, qa_C 10)"
hu_ec_esi__lvl,hu_ec_esi,SURVEYS,lvl,Hungary: Economic Sentiment Indicator (ESI) | lvl (survey balance / confidence / diffusion index): quarterly value,HU,business_survey,False,0,2000Q1,2026Q3,107,"pre-2000 values dropped (transition-era survey artefacts, qa_C 10)"
hu_ec_esi__d4,hu_ec_esi,SURVEYS,d4,Hungary: Economic Sentiment Indicator (ESI) | d4 (survey balance / confidence / diffusion index): x_t - x_t-4,HU,business_survey,False,0,2001Q1,2026Q3,103,"pre-2000 values dropped (transition-era survey artefacts, qa_C 10)"
hu_ec_food_ind_conf__lvl,hu_ec_food_ind_conf,SURVEYS,lvl,Hungary: Manufacture of food products (NACE C10): industrial confidence indicator ((Q2-Q4+Q5)/3) | lvl (survey balance / confidence / diffusion index): quarterly value,HU,business_survey,False,0,2000Q1,2026Q3,107,"pre-2000 values dropped (transition-era survey artefacts, qa_C 10)"
hu_ec_food_ind_conf__d4,hu_ec_food_ind_conf,SURVEYS,d4,Hungary: Manufacture of food products (NACE C10): industrial confidence indicator ((Q2-Q4+Q5)/3) | d4 (survey balance / confidence / diffusion index): x_t - x_t-4,HU,business_survey,False,0,2001Q1,2026Q3,103,"pre-2000 values dropped (transition-era survey artefacts, qa_C 10)"
hu_ec_food_ind_sell_price_exp__lvl,hu_ec_food_ind_sell_price_exp,SURVEYS,lvl,Hungary: Manufacture of food products (NACE C10): selling-price expectations for months ahead (Q6) | lvl (survey balance / confidence / diffusion index): quarterly value,HU,price_expectations,False,0,2000Q1,2026Q3,107,"pre-2000 values dropped (transition-era survey artefacts, qa_C 10)"
hu_ec_food_ind_sell_price_exp__d4,hu_ec_food_ind_sell_price_exp,SURVEYS,d4,Hungary: Manufacture of food products (NACE C10): selling-price expectations for months ahead (Q6) | d4 (survey balance / confidence / diffusion index): x_t - x_t-4,HU,price_expectations,False,0,2001Q1,2026Q3,103,"pre-2000 values dropped (transition-era survey artefacts, qa_C 10)"
hu_ec_food_retail_sell_price_exp__lvl,hu_ec_food_retail_sell_price_exp,SURVEYS,lvl,"Hungary: Retail of food, beverages & tobacco (sub-sector FBT): selling-price expectations next 3 months (Q6) | lvl (survey balance / confidence / diffusion index): quarterly value",HU,price_expectations,False,0,2000Q1,2026Q3,107,"pre-2000 values dropped (transition-era survey artefacts, qa_C 10)"
hu_ec_food_retail_sell_price_exp__d4,hu_ec_food_retail_sell_price_exp,SURVEYS,d4,"Hungary: Retail of food, beverages & tobacco (sub-sector FBT): selling-price expectations next 3 months (Q6) | d4 (survey balance / confidence / diffusion index): x_t - x_t-4",HU,price_expectations,False,0,2001Q1,2026Q3,103,"pre-2000 values dropped (transition-era survey artefacts, qa_C 10)"
hu_ec_ind_sell_price_exp__lvl,hu_ec_ind_sell_price_exp,SURVEYS,lvl,Hungary: Industry (total manufacturing): selling-price expectations for months ahead (Q6) | lvl (survey balance / confidence / diffusion index): quarterly value,HU,price_expectations,False,0,2000Q1,2026Q3,107,
hu_ec_ind_sell_price_exp__d4,hu_ec_ind_sell_price_exp,SURVEYS,d4,Hungary: Industry (total manufacturing): selling-price expectations for months ahead (Q6) | d4 (survey balance / confidence / diffusion index): x_t - x_t-4,HU,price_expectations,False,0,2001Q1,2026Q3,103,
hu_ec_retail_conf__lvl,hu_ec_retail_conf,SURVEYS,lvl,Hungary: Retail trade confidence indicator ((Q1-Q2+Q4)/3) | lvl (survey balance / confidence / diffusion index): quarterly value,HU,business_survey,False,0,2000Q1,2026Q3,107,"pre-2000 values dropped (transition-era survey artefacts, qa_C 10)"
hu_ec_retail_conf__d4,hu_ec_retail_conf,SURVEYS,d4,Hungary: Retail trade confidence indicator ((Q1-Q2+Q4)/3) | d4 (survey balance / confidence / diffusion index): x_t - x_t-4,HU,business_survey,False,0,2001Q1,2026Q3,103,"pre-2000 values dropped (transition-era survey artefacts, qa_C 10)"
hu_ec_retail_sell_price_exp__lvl,hu_ec_retail_sell_price_exp,SURVEYS,lvl,Hungary: Retail trade (total): selling-price expectations next 3 months (Q6) | lvl (survey balance / confidence / diffusion index): quarterly value,HU,price_expectations,False,0,2000Q1,2026Q3,107,"pre-2000 values dropped (transition-era survey artefacts, qa_C 10)"
hu_ec_retail_sell_price_exp__d4,hu_ec_retail_sell_price_exp,SURVEYS,d4,Hungary: Retail trade (total): selling-price expectations next 3 months (Q6) | d4 (survey balance / confidence / diffusion index): x_t - x_t-4,HU,price_expectations,False,0,2001Q1,2026Q3,103,"pre-2000 values dropped (transition-era survey artefacts, qa_C 10)"
in_oecd_bci__lvl,in_oecd_bci,SURVEYS,lvl,India: OECD composite business confidence indicator (amplitude adjusted) | lvl (survey balance / confidence / diffusion index): quarterly value,IN,business_survey,False,1,2000Q3,2025Q4,102,
in_oecd_bci__d4,in_oecd_bci,SURVEYS,d4,India: OECD composite business confidence indicator (amplitude adjusted) | d4 (survey balance / confidence / diffusion index): x_t - x_t-4,IN,business_survey,False,1,2001Q3,2025Q4,98,
in_oecd_cci__lvl,in_oecd_cci,SURVEYS,lvl,India: OECD composite consumer confidence indicator (amplitude adjusted) | lvl (survey balance / confidence / diffusion index): quarterly value,IN,consumer_survey,False,1,2012Q4,2026Q2,55,
in_oecd_cci__d4,in_oecd_cci,SURVEYS,d4,India: OECD composite consumer confidence indicator (amplitude adjusted) | d4 (survey balance / confidence / diffusion index): x_t - x_t-4,IN,consumer_survey,False,1,2013Q4,2026Q2,51,
in_oecd_cli__lvl,in_oecd_cli,SURVEYS,lvl,India: OECD composite leading indicator (amplitude adjusted) | lvl (survey balance / confidence / diffusion index): quarterly value,IN,activity_retail,False,0,1995Q1,2026Q2,126,
in_oecd_cli__d4,in_oecd_cli,SURVEYS,d4,India: OECD composite leading indicator (amplitude adjusted) | d4 (survey balance / confidence / diffusion index): x_t - x_t-4,IN,activity_retail,False,0,1995Q2,2026Q2,125,
lt_ec_cons_conf__lvl,lt_ec_cons_conf,SURVEYS,lvl,"Lithuania: Consumer confidence indicator (avg of Q1,Q2,Q4,Q9) | lvl (survey balance / confidence / diffusion index): quarterly value",LT,consumer_survey,False,0,2001Q3,2026Q3,101,
lt_ec_cons_conf__d4,lt_ec_cons_conf,SURVEYS,d4,"Lithuania: Consumer confidence indicator (avg of Q1,Q2,Q4,Q9) | d4 (survey balance / confidence / diffusion index): x_t - x_t-4",LT,consumer_survey,False,0,2002Q3,2026Q3,97,
lt_ec_cons_price_exp_12m__lvl,lt_ec_cons_price_exp_12m,SURVEYS,lvl,Lithuania: Consumers: price trends over next 12 months (Q6) | lvl (survey balance / confidence / diffusion index): quarterly value,LT,price_expectations,False,0,2001Q3,2026Q3,101,
lt_ec_cons_price_exp_12m__d4,lt_ec_cons_price_exp_12m,SURVEYS,d4,Lithuania: Consumers: price trends over next 12 months (Q6) | d4 (survey balance / confidence / diffusion index): x_t - x_t-4,LT,price_expectations,False,0,2002Q3,2026Q3,97,
lt_ec_cons_price_past_12m__lvl,lt_ec_cons_price_past_12m,SURVEYS,lvl,Lithuania: Consumers: perceived price trends over last 12 months (Q5) | lvl (survey balance / confidence / diffusion index): quarterly value,LT,consumer_survey,False,0,2001Q3,2026Q3,101,
lt_ec_cons_price_past_12m__d4,lt_ec_cons_price_past_12m,SURVEYS,d4,Lithuania: Consumers: perceived price trends over last 12 months (Q5) | d4 (survey balance / confidence / diffusion index): x_t - x_t-4,LT,consumer_survey,False,0,2002Q3,2026Q3,97,
lt_ec_esi__lvl,lt_ec_esi,SURVEYS,lvl,Lithuania: Economic Sentiment Indicator (ESI) | lvl (survey balance / confidence / diffusion index): quarterly value,LT,business_survey,False,0,2000Q1,2026Q3,107,"pre-2000 values dropped (transition-era survey artefacts, qa_C 10)"
lt_ec_esi__d4,lt_ec_esi,SURVEYS,d4,Lithuania: Economic Sentiment Indicator (ESI) | d4 (survey balance / confidence / diffusion index): x_t - x_t-4,LT,business_survey,False,0,2001Q1,2026Q3,103,"pre-2000 values dropped (transition-era survey artefacts, qa_C 10)"
lt_ec_food_ind_conf__lvl,lt_ec_food_ind_conf,SURVEYS,lvl,Lithuania: Manufacture of food products (NACE C10): industrial confidence indicator ((Q2-Q4+Q5)/3) | lvl (survey balance / confidence / diffusion index): quarterly value,LT,business_survey,False,0,2005Q1,2026Q3,87,
lt_ec_food_ind_conf__d4,lt_ec_food_ind_conf,SURVEYS,d4,Lithuania: Manufacture of food products (NACE C10): industrial confidence indicator ((Q2-Q4+Q5)/3) | d4 (survey balance / confidence / diffusion index): x_t - x_t-4,LT,business_survey,False,0,2006Q1,2026Q3,83,
lt_ec_food_ind_sell_price_exp__lvl,lt_ec_food_ind_sell_price_exp,SURVEYS,lvl,Lithuania: Manufacture of food products (NACE C10): selling-price expectations for months ahead (Q6) | lvl (survey balance / confidence / diffusion index): quarterly value,LT,price_expectations,False,0,2005Q1,2026Q3,87,
lt_ec_food_ind_sell_price_exp__d4,lt_ec_food_ind_sell_price_exp,SURVEYS,d4,Lithuania: Manufacture of food products (NACE C10): selling-price expectations for months ahead (Q6) | d4 (survey balance / confidence / diffusion index): x_t - x_t-4,LT,price_expectations,False,0,2006Q1,2026Q3,83,
lt_ec_food_retail_sell_price_exp__lvl,lt_ec_food_retail_sell_price_exp,SURVEYS,lvl,"Lithuania: Retail of food, beverages & tobacco (sub-sector FBT): selling-price expectations next 3 months (Q6) | lvl (survey balance / confidence / diffusion index): quarterly value",LT,price_expectations,False,0,2005Q1,2026Q3,87,extremely noisy (qa_C 11); excluded from composites
lt_ec_food_retail_sell_price_exp__d4,lt_ec_food_retail_sell_price_exp,SURVEYS,d4,"Lithuania: Retail of food, beverages & tobacco (sub-sector FBT): selling-price expectations next 3 months (Q6) | d4 (survey balance / confidence / diffusion index): x_t - x_t-4",LT,price_expectations,False,0,2006Q1,2026Q3,83,extremely noisy (qa_C 11); excluded from composites
lt_ec_ind_sell_price_exp__lvl,lt_ec_ind_sell_price_exp,SURVEYS,lvl,Lithuania: Industry (total manufacturing): selling-price expectations for months ahead (Q6) | lvl (survey balance / confidence / diffusion index): quarterly value,LT,price_expectations,False,0,2000Q1,2026Q3,107,"pre-2000 values dropped (transition-era survey artefacts, qa_C 10)"
lt_ec_ind_sell_price_exp__d4,lt_ec_ind_sell_price_exp,SURVEYS,d4,Lithuania: Industry (total manufacturing): selling-price expectations for months ahead (Q6) | d4 (survey balance / confidence / diffusion index): x_t - x_t-4,LT,price_expectations,False,0,2001Q1,2026Q3,103,"pre-2000 values dropped (transition-era survey artefacts, qa_C 10)"
lt_ec_retail_conf__lvl,lt_ec_retail_conf,SURVEYS,lvl,Lithuania: Retail trade confidence indicator ((Q1-Q2+Q4)/3) | lvl (survey balance / confidence / diffusion index): quarterly value,LT,business_survey,False,0,2000Q1,2026Q3,107,"pre-2000 values dropped (transition-era survey artefacts, qa_C 10)"
lt_ec_retail_conf__d4,lt_ec_retail_conf,SURVEYS,d4,Lithuania: Retail trade confidence indicator ((Q1-Q2+Q4)/3) | d4 (survey balance / confidence / diffusion index): x_t - x_t-4,LT,business_survey,False,0,2001Q1,2026Q3,103,"pre-2000 values dropped (transition-era survey artefacts, qa_C 10)"
lt_ec_retail_sell_price_exp__lvl,lt_ec_retail_sell_price_exp,SURVEYS,lvl,Lithuania: Retail trade (total): selling-price expectations next 3 months (Q6) | lvl (survey balance / confidence / diffusion index): quarterly value,LT,price_expectations,False,0,2003Q3,2026Q3,93,
lt_ec_retail_sell_price_exp__d4,lt_ec_retail_sell_price_exp,SURVEYS,d4,Lithuania: Retail trade (total): selling-price expectations next 3 months (Q6) | d4 (survey balance / confidence / diffusion index): x_t - x_t-4,LT,price_expectations,False,0,2004Q3,2026Q3,89,
lv_ec_cons_conf__lvl,lv_ec_cons_conf,SURVEYS,lvl,"Latvia: Consumer confidence indicator (avg of Q1,Q2,Q4,Q9) | lvl (survey balance / confidence / diffusion index): quarterly value",LV,consumer_survey,False,0,2000Q1,2026Q3,102,"pre-2000 values dropped (transition-era survey artefacts, qa_C 10)"
lv_ec_cons_conf__d4,lv_ec_cons_conf,SURVEYS,d4,"Latvia: Consumer confidence indicator (avg of Q1,Q2,Q4,Q9) | d4 (survey balance / confidence / diffusion index): x_t - x_t-4",LV,consumer_survey,False,0,2002Q3,2026Q3,97,"pre-2000 values dropped (transition-era survey artefacts, qa_C 10)"
lv_ec_cons_price_exp_12m__lvl,lv_ec_cons_price_exp_12m,SURVEYS,lvl,Latvia: Consumers: price trends over next 12 months (Q6) | lvl (survey balance / confidence / diffusion index): quarterly value,LV,price_expectations,False,0,2000Q1,2026Q3,102,"pre-2000 values dropped (transition-era survey artefacts, qa_C 10)"
lv_ec_cons_price_exp_12m__d4,lv_ec_cons_price_exp_12m,SURVEYS,d4,Latvia: Consumers: price trends over next 12 months (Q6) | d4 (survey balance / confidence / diffusion index): x_t - x_t-4,LV,price_expectations,False,0,2002Q3,2026Q3,97,"pre-2000 values dropped (transition-era survey artefacts, qa_C 10)"
lv_ec_cons_price_past_12m__lvl,lv_ec_cons_price_past_12m,SURVEYS,lvl,Latvia: Consumers: perceived price trends over last 12 months (Q5) | lvl (survey balance / confidence / diffusion index): quarterly value,LV,consumer_survey,False,0,2000Q1,2026Q3,102,"pre-2000 values dropped (transition-era survey artefacts, qa_C 10)"
lv_ec_cons_price_past_12m__d4,lv_ec_cons_price_past_12m,SURVEYS,d4,Latvia: Consumers: perceived price trends over last 12 months (Q5) | d4 (survey balance / confidence / diffusion index): x_t - x_t-4,LV,consumer_survey,False,0,2002Q3,2026Q3,97,"pre-2000 values dropped (transition-era survey artefacts, qa_C 10)"
lv_ec_esi__lvl,lv_ec_esi,SURVEYS,lvl,Latvia: Economic Sentiment Indicator (ESI) | lvl (survey balance / confidence / diffusion index): quarterly value,LV,business_survey,False,0,2000Q1,2026Q3,107,"pre-2000 values dropped (transition-era survey artefacts, qa_C 10)"
lv_ec_esi__d4,lv_ec_esi,SURVEYS,d4,Latvia: Economic Sentiment Indicator (ESI) | d4 (survey balance / confidence / diffusion index): x_t - x_t-4,LV,business_survey,False,0,2001Q1,2026Q3,103,"pre-2000 values dropped (transition-era survey artefacts, qa_C 10)"
lv_ec_food_ind_conf__lvl,lv_ec_food_ind_conf,SURVEYS,lvl,Latvia: Manufacture of food products (NACE C10): industrial confidence indicator ((Q2-Q4+Q5)/3) | lvl (survey balance / confidence / diffusion index): quarterly value,LV,business_survey,False,0,2004Q1,2026Q3,91,
lv_ec_food_ind_conf__d4,lv_ec_food_ind_conf,SURVEYS,d4,Latvia: Manufacture of food products (NACE C10): industrial confidence indicator ((Q2-Q4+Q5)/3) | d4 (survey balance / confidence / diffusion index): x_t - x_t-4,LV,business_survey,False,0,2005Q1,2026Q3,87,
lv_ec_food_ind_sell_price_exp__lvl,lv_ec_food_ind_sell_price_exp,SURVEYS,lvl,Latvia: Manufacture of food products (NACE C10): selling-price expectations for months ahead (Q6) | lvl (survey balance / confidence / diffusion index): quarterly value,LV,price_expectations,False,0,2004Q1,2026Q3,91,
lv_ec_food_ind_sell_price_exp__d4,lv_ec_food_ind_sell_price_exp,SURVEYS,d4,Latvia: Manufacture of food products (NACE C10): selling-price expectations for months ahead (Q6) | d4 (survey balance / confidence / diffusion index): x_t - x_t-4,LV,price_expectations,False,0,2005Q1,2026Q3,87,
lv_ec_food_retail_sell_price_exp__lvl,lv_ec_food_retail_sell_price_exp,SURVEYS,lvl,"Latvia: Retail of food, beverages & tobacco (sub-sector FBT): selling-price expectations next 3 months (Q6) | lvl (survey balance / confidence / diffusion index): quarterly value",LV,price_expectations,False,0,2003Q1,2026Q3,95,
lv_ec_food_retail_sell_price_exp__d4,lv_ec_food_retail_sell_price_exp,SURVEYS,d4,"Latvia: Retail of food, beverages & tobacco (sub-sector FBT): selling-price expectations next 3 months (Q6) | d4 (survey balance / confidence / diffusion index): x_t - x_t-4",LV,price_expectations,False,0,2004Q1,2026Q3,91,
lv_ec_ind_sell_price_exp__lvl,lv_ec_ind_sell_price_exp,SURVEYS,lvl,Latvia: Industry (total manufacturing): selling-price expectations for months ahead (Q6) | lvl (survey balance / confidence / diffusion index): quarterly value,LV,price_expectations,False,0,2000Q1,2026Q3,107,"pre-2000 values dropped (transition-era survey artefacts, qa_C 10)"
lv_ec_ind_sell_price_exp__d4,lv_ec_ind_sell_price_exp,SURVEYS,d4,Latvia: Industry (total manufacturing): selling-price expectations for months ahead (Q6) | d4 (survey balance / confidence / diffusion index): x_t - x_t-4,LV,price_expectations,False,0,2001Q1,2026Q3,103,"pre-2000 values dropped (transition-era survey artefacts, qa_C 10)"
lv_ec_retail_conf__lvl,lv_ec_retail_conf,SURVEYS,lvl,Latvia: Retail trade confidence indicator ((Q1-Q2+Q4)/3) | lvl (survey balance / confidence / diffusion index): quarterly value,LV,business_survey,False,0,2000Q1,2026Q3,107,"pre-2000 values dropped (transition-era survey artefacts, qa_C 10)"
lv_ec_retail_conf__d4,lv_ec_retail_conf,SURVEYS,d4,Latvia: Retail trade confidence indicator ((Q1-Q2+Q4)/3) | d4 (survey balance / confidence / diffusion index): x_t - x_t-4,LV,business_survey,False,0,2001Q1,2026Q3,103,"pre-2000 values dropped (transition-era survey artefacts, qa_C 10)"
lv_ec_retail_sell_price_exp__lvl,lv_ec_retail_sell_price_exp,SURVEYS,lvl,Latvia: Retail trade (total): selling-price expectations next 3 months (Q6) | lvl (survey balance / confidence / diffusion index): quarterly value,LV,price_expectations,False,0,2003Q3,2026Q3,93,
lv_ec_retail_sell_price_exp__d4,lv_ec_retail_sell_price_exp,SURVEYS,d4,Latvia: Retail trade (total): selling-price expectations next 3 months (Q6) | d4 (survey balance / confidence / diffusion index): x_t - x_t-4,LV,price_expectations,False,0,2004Q3,2026Q3,89,
no_fn_big_purchases__lvl,no_fn_big_purchases,SURVEYS,lvl,Norway: Forventningsbarometeret sub-indicator: good time for larger purchases | lvl (survey balance / confidence / diffusion index): quarterly value,NO,consumer_survey,False,0,1995Q1,2026Q3,127,
no_fn_big_purchases__d4,no_fn_big_purchases,SURVEYS,d4,Norway: Forventningsbarometeret sub-indicator: good time for larger purchases | d4 (survey balance / confidence / diffusion index): x_t - x_t-4,NO,consumer_survey,False,0,1995Q1,2026Q3,127,
no_fn_cci_nsa__lvl,no_fn_cci_nsa,SURVEYS,lvl,"Norway: Forventningsbarometeret main indicator (household consumer confidence), unadjusted | lvl (survey balance / confidence / diffusion index): quarterly value",NO,consumer_survey,False,0,1995Q1,2026Q3,127,
no_fn_cci_nsa__d4,no_fn_cci_nsa,SURVEYS,d4,"Norway: Forventningsbarometeret main indicator (household consumer confidence), unadjusted | d4 (survey balance / confidence / diffusion index): x_t - x_t-4",NO,consumer_survey,False,0,1995Q1,2026Q3,127,
no_fn_cci_sa__lvl,no_fn_cci_sa,SURVEYS,lvl,"Norway: Forventningsbarometeret main indicator (household consumer confidence), seasonally adjusted | lvl (survey balance / confidence / diffusion index): quarterly value",NO,consumer_survey,True,0,1995Q1,2026Q3,127,
no_fn_cci_sa__d4,no_fn_cci_sa,SURVEYS,d4,"Norway: Forventningsbarometeret main indicator (household consumer confidence), seasonally adjusted | d4 (survey balance / confidence / diffusion index): x_t - x_t-4",NO,consumer_survey,True,0,1995Q1,2026Q3,127,
no_fn_country_econ_next_yr__lvl,no_fn_country_econ_next_yr,SURVEYS,lvl,Norway: Forventningsbarometeret sub-indicator: Norway's economy next year | lvl (survey balance / confidence / diffusion index): quarterly value,NO,consumer_survey,False,0,1995Q1,2026Q3,127,
no_fn_country_econ_next_yr__d4,no_fn_country_econ_next_yr,SURVEYS,d4,Norway: Forventningsbarometeret sub-indicator: Norway's economy next year | d4 (survey balance / confidence / diffusion index): x_t - x_t-4,NO,consumer_survey,False,0,1995Q1,2026Q3,127,
no_fn_country_econ_past_yr__lvl,no_fn_country_econ_past_yr,SURVEYS,lvl,Norway: Forventningsbarometeret sub-indicator: Norway's economy past year | lvl (survey balance / confidence / diffusion index): quarterly value,NO,consumer_survey,False,0,1995Q1,2026Q3,127,
no_fn_country_econ_past_yr__d4,no_fn_country_econ_past_yr,SURVEYS,d4,Norway: Forventningsbarometeret sub-indicator: Norway's economy past year | d4 (survey balance / confidence / diffusion index): x_t - x_t-4,NO,consumer_survey,False,0,1995Q1,2026Q3,127,
no_fn_own_econ_next_yr__lvl,no_fn_own_econ_next_yr,SURVEYS,lvl,Norway: Forventningsbarometeret sub-indicator: own household economy next year | lvl (survey balance / confidence / diffusion index): quarterly value,NO,consumer_survey,False,0,1995Q1,2026Q3,127,
no_fn_own_econ_next_yr__d4,no_fn_own_econ_next_yr,SURVEYS,d4,Norway: Forventningsbarometeret sub-indicator: own household economy next year | d4 (survey balance / confidence / diffusion index): x_t - x_t-4,NO,consumer_survey,False,0,1995Q1,2026Q3,127,
no_fn_own_econ_past_yr__lvl,no_fn_own_econ_past_yr,SURVEYS,lvl,Norway: Forventningsbarometeret sub-indicator: own household economy past year | lvl (survey balance / confidence / diffusion index): quarterly value,NO,consumer_survey,False,0,1995Q1,2026Q3,127,
no_fn_own_econ_past_yr__d4,no_fn_own_econ_past_yr,SURVEYS,d4,Norway: Forventningsbarometeret sub-indicator: own household economy past year | d4 (survey balance / confidence / diffusion index): x_t - x_t-4,NO,consumer_survey,False,0,1995Q1,2026Q3,127,
no_nbes_bl_infl_exp_12m__lvl,no_nbes_bl_infl_exp_12m,SURVEYS,lvl,Norway: business leaders' expected CPI inflation 12 months ahead (mean) | lvl (interest rate / yield (percent)): quarterly value,NO,price_expectations,False,0,2002Q1,2026Q3,99,
no_nbes_bl_infl_exp_12m__d4,no_nbes_bl_infl_exp_12m,SURVEYS,d4,Norway: business leaders' expected CPI inflation 12 months ahead (mean) | d4 (interest rate / yield (percent)): x_t - x_t-4,NO,price_expectations,False,0,2003Q1,2026Q3,95,
no_nbes_bl_infl_exp_2y__lvl,no_nbes_bl_infl_exp_2y,SURVEYS,lvl,Norway: business leaders' expected CPI inflation in 2 years (mean) | lvl (interest rate / yield (percent)): quarterly value,NO,price_expectations,False,0,2002Q1,2026Q3,99,
no_nbes_bl_infl_exp_2y__d4,no_nbes_bl_infl_exp_2y,SURVEYS,d4,Norway: business leaders' expected CPI inflation in 2 years (mean) | d4 (interest rate / yield (percent)): x_t - x_t-4,NO,price_expectations,False,0,2003Q1,2026Q3,95,
no_nbes_bl_profit_next12m__lvl,no_nbes_bl_profit_next12m,SURVEYS,lvl,Norway: business leaders' expected change in profitability (EBITDA margin) next 12 months (profitability index) | lvl (survey balance / confidence / diffusion index): quarterly value,NO,business_survey,False,0,2009Q1,2026Q3,71,
no_nbes_bl_profit_next12m__d4,no_nbes_bl_profit_next12m,SURVEYS,d4,Norway: business leaders' expected change in profitability (EBITDA margin) next 12 months (profitability index) | d4 (survey balance / confidence / diffusion index): x_t - x_t-4,NO,business_survey,False,0,2010Q1,2026Q3,67,
no_nbes_bl_profit_past12m__lvl,no_nbes_bl_profit_past12m,SURVEYS,lvl,Norway: business leaders' reported change in profitability (EBITDA margin) past 12 months (profitability index) | lvl (survey balance / confidence / diffusion index): quarterly value,NO,business_survey,False,0,2009Q1,2026Q3,71,
no_nbes_bl_profit_past12m__d4,no_nbes_bl_profit_past12m,SURVEYS,d4,Norway: business leaders' reported change in profitability (EBITDA margin) past 12 months (profitability index) | d4 (survey balance / confidence / diffusion index): x_t - x_t-4,NO,business_survey,False,0,2010Q1,2026Q3,67,
no_nbes_bl_purch_price_di__lvl,no_nbes_bl_purch_price_di,SURVEYS,lvl,Norway: business leaders' expected purchase-price growth next 12m vs past 12m (diffusion index) | lvl (survey balance / confidence / diffusion index): quarterly value,NO,price_expectations,False,0,2002Q1,2026Q3,99,
no_nbes_bl_purch_price_di__d4,no_nbes_bl_purch_price_di,SURVEYS,d4,Norway: business leaders' expected purchase-price growth next 12m vs past 12m (diffusion index) | d4 (survey balance / confidence / diffusion index): x_t - x_t-4,NO,price_expectations,False,0,2003Q1,2026Q3,95,
no_nbes_bl_sell_price_di__lvl,no_nbes_bl_sell_price_di,SURVEYS,lvl,Norway: business leaders' expected selling-price growth next 12m vs past 12m (diffusion index) | lvl (survey balance / confidence / diffusion index): quarterly value,NO,price_expectations,True,0,2002Q1,2026Q3,99,
no_nbes_bl_sell_price_di__d4,no_nbes_bl_sell_price_di,SURVEYS,d4,Norway: business leaders' expected selling-price growth next 12m vs past 12m (diffusion index) | d4 (survey balance / confidence / diffusion index): x_t - x_t-4,NO,price_expectations,True,0,2003Q1,2026Q3,95,
no_nbes_econ_infl_exp_2y__lvl,no_nbes_econ_infl_exp_2y,SURVEYS,lvl,Norway: economists' (financial industry + academia) expected CPI inflation in 2 years (mean) | lvl (interest rate / yield (percent)): quarterly value,NO,price_expectations,False,0,2002Q1,2026Q3,99,
no_nbes_econ_infl_exp_2y__d4,no_nbes_econ_infl_exp_2y,SURVEYS,d4,Norway: economists' (financial industry + academia) expected CPI inflation in 2 years (mean) | d4 (interest rate / yield (percent)): x_t - x_t-4,NO,price_expectations,False,0,2003Q1,2026Q3,95,
no_nbes_hh_infl_exp_12m__lvl,no_nbes_hh_infl_exp_12m,SURVEYS,lvl,Norway: households' expected CPI inflation 12 months ahead (mean) | lvl (interest rate / yield (percent)): quarterly value,NO,price_expectations,False,0,2002Q3,2026Q3,97,
no_nbes_hh_infl_exp_12m__d4,no_nbes_hh_infl_exp_12m,SURVEYS,d4,Norway: households' expected CPI inflation 12 months ahead (mean) | d4 (interest rate / yield (percent)): x_t - x_t-4,NO,price_expectations,False,0,2003Q3,2026Q3,93,
no_nbes_hh_infl_exp_2_3y__lvl,no_nbes_hh_infl_exp_2_3y,SURVEYS,lvl,Norway: households' expected CPI inflation in 2-3 years (mean) | lvl (interest rate / yield (percent)): quarterly value,NO,price_expectations,False,0,2002Q1,2026Q3,99,
no_nbes_hh_infl_exp_2_3y__d4,no_nbes_hh_infl_exp_2_3y,SURVEYS,d4,Norway: households' expected CPI inflation in 2-3 years (mean) | d4 (interest rate / yield (percent)): x_t - x_t-4,NO,price_expectations,False,0,2003Q1,2026Q3,95,
no_nbrn_output_cur_hhserv__lvl,no_nbrn_output_cur_hhserv,SURVEYS,lvl,"Norway: Norges Bank Regional Network, output growth current quarter (past 3 months), household services | lvl (growth rate): quarterly value",NO,business_survey,False,0,2005Q1,2026Q3,87,
no_nbrn_output_cur_hhserv__d4,no_nbrn_output_cur_hhserv,SURVEYS,d4,"Norway: Norges Bank Regional Network, output growth current quarter (past 3 months), household services | d4 (growth rate): x_t - x_t-4",NO,business_survey,False,0,2006Q1,2026Q3,83,
no_nbrn_output_cur_retail__lvl,no_nbrn_output_cur_retail,SURVEYS,lvl,"Norway: Norges Bank Regional Network, output growth current quarter (past 3 months), retail trade | lvl (growth rate): quarterly value",NO,business_survey,False,0,2005Q1,2026Q3,87,
no_nbrn_output_cur_retail__d4,no_nbrn_output_cur_retail,SURVEYS,d4,"Norway: Norges Bank Regional Network, output growth current quarter (past 3 months), retail trade | d4 (growth rate): x_t - x_t-4",NO,business_survey,False,0,2006Q1,2026Q3,83,
no_nbrn_output_cur_total__lvl,no_nbrn_output_cur_total,SURVEYS,lvl,"Norway: Norges Bank Regional Network, output growth current quarter (past 3 months), aggregated | lvl (growth rate): quarterly value",NO,business_survey,False,0,2005Q1,2026Q3,87,
no_nbrn_output_cur_total__d4,no_nbrn_output_cur_total,SURVEYS,d4,"Norway: Norges Bank Regional Network, output growth current quarter (past 3 months), aggregated | d4 (growth rate): x_t - x_t-4",NO,business_survey,False,0,2006Q1,2026Q3,83,
no_nbrn_output_next_hhserv__lvl,no_nbrn_output_next_hhserv,SURVEYS,lvl,"Norway: Norges Bank Regional Network, output growth expected next quarter, household services | lvl (growth rate): quarterly value",NO,business_survey,False,0,2009Q3,2026Q3,69,
no_nbrn_output_next_hhserv__d4,no_nbrn_output_next_hhserv,SURVEYS,d4,"Norway: Norges Bank Regional Network, output growth expected next quarter, household services | d4 (growth rate): x_t - x_t-4",NO,business_survey,False,0,2010Q3,2026Q3,65,
no_nbrn_output_next_retail__lvl,no_nbrn_output_next_retail,SURVEYS,lvl,"Norway: Norges Bank Regional Network, output growth expected next quarter, retail trade | lvl (growth rate): quarterly value",NO,business_survey,False,0,2005Q1,2026Q3,87,
no_nbrn_output_next_retail__d4,no_nbrn_output_next_retail,SURVEYS,d4,"Norway: Norges Bank Regional Network, output growth expected next quarter, retail trade | d4 (growth rate): x_t - x_t-4",NO,business_survey,False,0,2006Q1,2026Q3,83,
no_nbrn_output_next_total__lvl,no_nbrn_output_next_total,SURVEYS,lvl,"Norway: Norges Bank Regional Network, output growth expected next quarter, aggregated | lvl (growth rate): quarterly value",NO,business_survey,False,0,2005Q1,2026Q3,87,
no_nbrn_output_next_total__d4,no_nbrn_output_next_total,SURVEYS,d4,"Norway: Norges Bank Regional Network, output growth expected next quarter, aggregated | d4 (growth rate): x_t - x_t-4",NO,business_survey,False,0,2006Q1,2026Q3,83,
no_nbrn_profit_retail__lvl,no_nbrn_profit_retail,SURVEYS,lvl,"Norway: Norges Bank Regional Network, profitability: change in operating margin in current quarter vs same quarter a year earlier, retail trade | lvl (survey balance / confidence / diffusion index): quarterly value",NO,business_survey,False,0,2005Q1,2026Q3,87,
no_nbrn_profit_retail__d4,no_nbrn_profit_retail,SURVEYS,d4,"Norway: Norges Bank Regional Network, profitability: change in operating margin in current quarter vs same quarter a year earlier, retail trade | d4 (survey balance / confidence / diffusion index): x_t - x_t-4",NO,business_survey,False,0,2006Q1,2026Q3,83,
no_nbrn_profit_total__lvl,no_nbrn_profit_total,SURVEYS,lvl,"Norway: Norges Bank Regional Network, profitability: change in operating margin in current quarter vs same quarter a year earlier, aggregated | lvl (survey balance / confidence / diffusion index): quarterly value",NO,business_survey,False,0,2005Q1,2026Q3,87,
no_nbrn_profit_total__d4,no_nbrn_profit_total,SURVEYS,d4,"Norway: Norges Bank Regional Network, profitability: change in operating margin in current quarter vs same quarter a year earlier, aggregated | d4 (survey balance / confidence / diffusion index): x_t - x_t-4",NO,business_survey,False,0,2006Q1,2026Q3,83,
no_oecd_bci__lvl,no_oecd_bci,SURVEYS,lvl,Norway: OECD composite business confidence indicator (amplitude adjusted) | lvl (survey balance / confidence / diffusion index): quarterly value,NO,business_survey,False,1,1995Q1,2026Q2,126,
no_oecd_bci__d4,no_oecd_bci,SURVEYS,d4,Norway: OECD composite business confidence indicator (amplitude adjusted) | d4 (survey balance / confidence / diffusion index): x_t - x_t-4,NO,business_survey,False,1,1995Q1,2026Q2,126,
no_ssb_bts_consgoods_conf__lvl,no_ssb_bts_consgoods_conf,SURVEYS,lvl,"Norway: SSB business tendency survey, industrial confidence indicator, consumer goods industries | lvl (survey balance / confidence / diffusion index): quarterly value",NO,business_survey,False,1,1995Q1,2026Q2,126,
no_ssb_bts_consgoods_conf__d4,no_ssb_bts_consgoods_conf,SURVEYS,d4,"Norway: SSB business tendency survey, industrial confidence indicator, consumer goods industries | d4 (survey balance / confidence / diffusion index): x_t - x_t-4",NO,business_survey,False,1,1995Q1,2026Q2,126,
no_ssb_bts_consgoods_home_price_exp__lvl,no_ssb_bts_consgoods_home_price_exp,SURVEYS,lvl,"Norway: SSB business tendency survey, expected change in prices on home market next quarter, consumer goods industries | lvl (survey balance / confidence / diffusion index): quarterly value",NO,price_expectations,True,1,1995Q1,2026Q2,126,
no_ssb_bts_consgoods_home_price_exp__d4,no_ssb_bts_consgoods_home_price_exp,SURVEYS,d4,"Norway: SSB business tendency survey, expected change in prices on home market next quarter, consumer goods industries | d4 (survey balance / confidence / diffusion index): x_t - x_t-4",NO,price_expectations,True,1,1995Q1,2026Q2,126,
no_ssb_bts_consgoods_input_price_exp__lvl,no_ssb_bts_consgoods_input_price_exp,SURVEYS,lvl,"Norway: SSB business tendency survey, expected change in input (cost) prices next quarter, consumer goods industries | lvl (survey balance / confidence / diffusion index): quarterly value",NO,price_expectations,False,1,2011Q4,2026Q2,59,
no_ssb_bts_consgoods_input_price_exp__d4,no_ssb_bts_consgoods_input_price_exp,SURVEYS,d4,"Norway: SSB business tendency survey, expected change in input (cost) prices next quarter, consumer goods industries | d4 (survey balance / confidence / diffusion index): x_t - x_t-4",NO,price_expectations,False,1,2012Q4,2026Q2,55,
no_ssb_bts_consgoods_profitability__lvl,no_ssb_bts_consgoods_profitability,SURVEYS,lvl,"Norway: SSB business tendency survey, change in profitability vs previous quarter, consumer goods industries | lvl (survey balance / confidence / diffusion index): quarterly value",NO,business_survey,False,1,2011Q4,2026Q2,59,
no_ssb_bts_consgoods_profitability__d4,no_ssb_bts_consgoods_profitability,SURVEYS,d4,"Norway: SSB business tendency survey, change in profitability vs previous quarter, consumer goods industries | d4 (survey balance / confidence / diffusion index): x_t - x_t-4",NO,business_survey,False,1,2012Q4,2026Q2,55,
no_ssb_bts_mfg_conf__lvl,no_ssb_bts_mfg_conf,SURVEYS,lvl,"Norway: SSB business tendency survey, industrial confidence indicator, manufacturing | lvl (survey balance / confidence / diffusion index): quarterly value",NO,business_survey,False,1,1995Q1,2026Q2,126,
no_ssb_bts_mfg_conf__d4,no_ssb_bts_mfg_conf,SURVEYS,d4,"Norway: SSB business tendency survey, industrial confidence indicator, manufacturing | d4 (survey balance / confidence / diffusion index): x_t - x_t-4",NO,business_survey,False,1,1995Q1,2026Q2,126,
oecd_oecd_bci__lvl,oecd_oecd_bci,SURVEYS,lvl,OECD total: OECD composite business confidence indicator (amplitude adjusted) | lvl (survey balance / confidence / diffusion index): quarterly value,OECD,business_survey,False,1,1995Q1,2026Q2,126,
oecd_oecd_bci__d4,oecd_oecd_bci,SURVEYS,d4,OECD total: OECD composite business confidence indicator (amplitude adjusted) | d4 (survey balance / confidence / diffusion index): x_t - x_t-4,OECD,business_survey,False,1,1995Q1,2026Q2,126,
oecd_oecd_cci__lvl,oecd_oecd_cci,SURVEYS,lvl,OECD total: OECD composite consumer confidence indicator (amplitude adjusted) | lvl (survey balance / confidence / diffusion index): quarterly value,OECD,consumer_survey,False,1,1995Q1,2026Q2,126,
oecd_oecd_cci__d4,oecd_oecd_cci,SURVEYS,d4,OECD total: OECD composite consumer confidence indicator (amplitude adjusted) | d4 (survey balance / confidence / diffusion index): x_t - x_t-4,OECD,consumer_survey,False,1,1995Q1,2026Q2,126,
pl_ec_cons_conf__lvl,pl_ec_cons_conf,SURVEYS,lvl,"Poland: Consumer confidence indicator (avg of Q1,Q2,Q4,Q9) | lvl (survey balance / confidence / diffusion index): quarterly value",PL,consumer_survey,False,0,2001Q3,2026Q3,101,
pl_ec_cons_conf__d4,pl_ec_cons_conf,SURVEYS,d4,"Poland: Consumer confidence indicator (avg of Q1,Q2,Q4,Q9) | d4 (survey balance / confidence / diffusion index): x_t - x_t-4",PL,consumer_survey,False,0,2002Q3,2026Q3,97,
pl_ec_cons_price_exp_12m__lvl,pl_ec_cons_price_exp_12m,SURVEYS,lvl,Poland: Consumers: price trends over next 12 months (Q6) | lvl (survey balance / confidence / diffusion index): quarterly value,PL,price_expectations,False,0,2001Q3,2026Q3,101,
pl_ec_cons_price_exp_12m__d4,pl_ec_cons_price_exp_12m,SURVEYS,d4,Poland: Consumers: price trends over next 12 months (Q6) | d4 (survey balance / confidence / diffusion index): x_t - x_t-4,PL,price_expectations,False,0,2002Q3,2026Q3,97,
pl_ec_cons_price_past_12m__lvl,pl_ec_cons_price_past_12m,SURVEYS,lvl,Poland: Consumers: perceived price trends over last 12 months (Q5) | lvl (survey balance / confidence / diffusion index): quarterly value,PL,consumer_survey,False,0,2001Q3,2026Q3,101,
pl_ec_cons_price_past_12m__d4,pl_ec_cons_price_past_12m,SURVEYS,d4,Poland: Consumers: perceived price trends over last 12 months (Q5) | d4 (survey balance / confidence / diffusion index): x_t - x_t-4,PL,consumer_survey,False,0,2002Q3,2026Q3,97,
pl_ec_esi__lvl,pl_ec_esi,SURVEYS,lvl,Poland: Economic Sentiment Indicator (ESI) | lvl (survey balance / confidence / diffusion index): quarterly value,PL,business_survey,False,0,2000Q1,2026Q3,107,"pre-2000 values dropped (transition-era survey artefacts, qa_C 10)"
pl_ec_esi__d4,pl_ec_esi,SURVEYS,d4,Poland: Economic Sentiment Indicator (ESI) | d4 (survey balance / confidence / diffusion index): x_t - x_t-4,PL,business_survey,False,0,2001Q1,2026Q3,103,"pre-2000 values dropped (transition-era survey artefacts, qa_C 10)"
pl_ec_food_ind_conf__lvl,pl_ec_food_ind_conf,SURVEYS,lvl,Poland: Manufacture of food products (NACE C10): industrial confidence indicator ((Q2-Q4+Q5)/3) | lvl (survey balance / confidence / diffusion index): quarterly value,PL,business_survey,False,0,2010Q3,2026Q3,65,
pl_ec_food_ind_conf__d4,pl_ec_food_ind_conf,SURVEYS,d4,Poland: Manufacture of food products (NACE C10): industrial confidence indicator ((Q2-Q4+Q5)/3) | d4 (survey balance / confidence / diffusion index): x_t - x_t-4,PL,business_survey,False,0,2011Q3,2026Q3,61,
pl_ec_food_ind_sell_price_exp__lvl,pl_ec_food_ind_sell_price_exp,SURVEYS,lvl,Poland: Manufacture of food products (NACE C10): selling-price expectations for months ahead (Q6) | lvl (survey balance / confidence / diffusion index): quarterly value,PL,price_expectations,False,0,2010Q3,2026Q3,65,
pl_ec_food_ind_sell_price_exp__d4,pl_ec_food_ind_sell_price_exp,SURVEYS,d4,Poland: Manufacture of food products (NACE C10): selling-price expectations for months ahead (Q6) | d4 (survey balance / confidence / diffusion index): x_t - x_t-4,PL,price_expectations,False,0,2011Q3,2026Q3,61,
pl_ec_food_retail_sell_price_exp__lvl,pl_ec_food_retail_sell_price_exp,SURVEYS,lvl,"Poland: Retail of food, beverages & tobacco (sub-sector FBT): selling-price expectations next 3 months (Q6) | lvl (survey balance / confidence / diffusion index): quarterly value",PL,price_expectations,False,0,2000Q1,2026Q3,107,
pl_ec_food_retail_sell_price_exp__d4,pl_ec_food_retail_sell_price_exp,SURVEYS,d4,"Poland: Retail of food, beverages & tobacco (sub-sector FBT): selling-price expectations next 3 months (Q6) | d4 (survey balance / confidence / diffusion index): x_t - x_t-4",PL,price_expectations,False,0,2001Q1,2026Q3,103,
pl_ec_ind_sell_price_exp__lvl,pl_ec_ind_sell_price_exp,SURVEYS,lvl,Poland: Industry (total manufacturing): selling-price expectations for months ahead (Q6) | lvl (survey balance / confidence / diffusion index): quarterly value,PL,price_expectations,False,0,2000Q1,2026Q3,107,"pre-2000 values dropped (transition-era survey artefacts, qa_C 10)"
pl_ec_ind_sell_price_exp__d4,pl_ec_ind_sell_price_exp,SURVEYS,d4,Poland: Industry (total manufacturing): selling-price expectations for months ahead (Q6) | d4 (survey balance / confidence / diffusion index): x_t - x_t-4,PL,price_expectations,False,0,2001Q1,2026Q3,103,"pre-2000 values dropped (transition-era survey artefacts, qa_C 10)"
pl_ec_retail_conf__lvl,pl_ec_retail_conf,SURVEYS,lvl,Poland: Retail trade confidence indicator ((Q1-Q2+Q4)/3) | lvl (survey balance / confidence / diffusion index): quarterly value,PL,business_survey,False,0,2000Q1,2026Q3,107,"pre-2000 values dropped (transition-era survey artefacts, qa_C 10)"
pl_ec_retail_conf__d4,pl_ec_retail_conf,SURVEYS,d4,Poland: Retail trade confidence indicator ((Q1-Q2+Q4)/3) | d4 (survey balance / confidence / diffusion index): x_t - x_t-4,PL,business_survey,False,0,2001Q1,2026Q3,103,"pre-2000 values dropped (transition-era survey artefacts, qa_C 10)"
pl_ec_retail_sell_price_exp__lvl,pl_ec_retail_sell_price_exp,SURVEYS,lvl,Poland: Retail trade (total): selling-price expectations next 3 months (Q6) | lvl (survey balance / confidence / diffusion index): quarterly value,PL,price_expectations,False,0,2002Q1,2026Q3,99,
pl_ec_retail_sell_price_exp__d4,pl_ec_retail_sell_price_exp,SURVEYS,d4,Poland: Retail trade (total): selling-price expectations next 3 months (Q6) | d4 (survey balance / confidence / diffusion index): x_t - x_t-4,PL,price_expectations,False,0,2003Q1,2026Q3,95,
pl_oecd_bci__lvl,pl_oecd_bci,SURVEYS,lvl,Poland: OECD composite business confidence indicator (amplitude adjusted) | lvl (survey balance / confidence / diffusion index): quarterly value,PL,business_survey,False,1,2000Q1,2026Q2,106,"pre-2000 values dropped (transition-era survey artefacts, qa_C 10)"
pl_oecd_bci__d4,pl_oecd_bci,SURVEYS,d4,Poland: OECD composite business confidence indicator (amplitude adjusted) | d4 (survey balance / confidence / diffusion index): x_t - x_t-4,PL,business_survey,False,1,2001Q1,2026Q2,102,"pre-2000 values dropped (transition-era survey artefacts, qa_C 10)"
pl_oecd_cci__lvl,pl_oecd_cci,SURVEYS,lvl,Poland: OECD composite consumer confidence indicator (amplitude adjusted) | lvl (survey balance / confidence / diffusion index): quarterly value,PL,consumer_survey,False,1,2001Q3,2026Q2,100,
pl_oecd_cci__d4,pl_oecd_cci,SURVEYS,d4,Poland: OECD composite consumer confidence indicator (amplitude adjusted) | d4 (survey balance / confidence / diffusion index): x_t - x_t-4,PL,consumer_survey,False,1,2002Q3,2026Q2,96,
ro_ec_cons_conf__lvl,ro_ec_cons_conf,SURVEYS,lvl,"Romania: Consumer confidence indicator (avg of Q1,Q2,Q4,Q9) | lvl (survey balance / confidence / diffusion index): quarterly value",RO,consumer_survey,False,0,2001Q3,2026Q3,101,
ro_ec_cons_conf__d4,ro_ec_cons_conf,SURVEYS,d4,"Romania: Consumer confidence indicator (avg of Q1,Q2,Q4,Q9) | d4 (survey balance / confidence / diffusion index): x_t - x_t-4",RO,consumer_survey,False,0,2002Q3,2026Q3,97,
ro_ec_cons_price_exp_12m__lvl,ro_ec_cons_price_exp_12m,SURVEYS,lvl,Romania: Consumers: price trends over next 12 months (Q6) | lvl (survey balance / confidence / diffusion index): quarterly value,RO,price_expectations,False,0,2001Q3,2026Q3,101,
ro_ec_cons_price_exp_12m__d4,ro_ec_cons_price_exp_12m,SURVEYS,d4,Romania: Consumers: price trends over next 12 months (Q6) | d4 (survey balance / confidence / diffusion index): x_t - x_t-4,RO,price_expectations,False,0,2002Q3,2026Q3,97,
ro_ec_cons_price_past_12m__lvl,ro_ec_cons_price_past_12m,SURVEYS,lvl,Romania: Consumers: perceived price trends over last 12 months (Q5) | lvl (survey balance / confidence / diffusion index): quarterly value,RO,consumer_survey,False,0,2001Q3,2026Q3,101,
ro_ec_cons_price_past_12m__d4,ro_ec_cons_price_past_12m,SURVEYS,d4,Romania: Consumers: perceived price trends over last 12 months (Q5) | d4 (survey balance / confidence / diffusion index): x_t - x_t-4,RO,consumer_survey,False,0,2002Q3,2026Q3,97,
ro_ec_esi__lvl,ro_ec_esi,SURVEYS,lvl,Romania: Economic Sentiment Indicator (ESI) | lvl (survey balance / confidence / diffusion index): quarterly value,RO,business_survey,False,0,2000Q1,2026Q3,107,"pre-2000 values dropped (transition-era survey artefacts, qa_C 10)"
ro_ec_esi__d4,ro_ec_esi,SURVEYS,d4,Romania: Economic Sentiment Indicator (ESI) | d4 (survey balance / confidence / diffusion index): x_t - x_t-4,RO,business_survey,False,0,2001Q1,2026Q3,103,"pre-2000 values dropped (transition-era survey artefacts, qa_C 10)"
ro_ec_food_ind_conf__lvl,ro_ec_food_ind_conf,SURVEYS,lvl,Romania: Manufacture of food products (NACE C10): industrial confidence indicator ((Q2-Q4+Q5)/3) | lvl (survey balance / confidence / diffusion index): quarterly value,RO,business_survey,False,0,2005Q1,2026Q3,87,
ro_ec_food_ind_conf__d4,ro_ec_food_ind_conf,SURVEYS,d4,Romania: Manufacture of food products (NACE C10): industrial confidence indicator ((Q2-Q4+Q5)/3) | d4 (survey balance / confidence / diffusion index): x_t - x_t-4,RO,business_survey,False,0,2006Q1,2026Q3,83,
ro_ec_food_ind_sell_price_exp__lvl,ro_ec_food_ind_sell_price_exp,SURVEYS,lvl,Romania: Manufacture of food products (NACE C10): selling-price expectations for months ahead (Q6) | lvl (survey balance / confidence / diffusion index): quarterly value,RO,price_expectations,False,0,2005Q1,2026Q3,87,
ro_ec_food_ind_sell_price_exp__d4,ro_ec_food_ind_sell_price_exp,SURVEYS,d4,Romania: Manufacture of food products (NACE C10): selling-price expectations for months ahead (Q6) | d4 (survey balance / confidence / diffusion index): x_t - x_t-4,RO,price_expectations,False,0,2006Q1,2026Q3,83,
ro_ec_food_retail_sell_price_exp__lvl,ro_ec_food_retail_sell_price_exp,SURVEYS,lvl,"Romania: Retail of food, beverages & tobacco (sub-sector FBT): selling-price expectations next 3 months (Q6) | lvl (survey balance / confidence / diffusion index): quarterly value",RO,price_expectations,False,0,2005Q1,2026Q3,87,
ro_ec_food_retail_sell_price_exp__d4,ro_ec_food_retail_sell_price_exp,SURVEYS,d4,"Romania: Retail of food, beverages & tobacco (sub-sector FBT): selling-price expectations next 3 months (Q6) | d4 (survey balance / confidence / diffusion index): x_t - x_t-4",RO,price_expectations,False,0,2006Q1,2026Q3,83,
ro_ec_ind_sell_price_exp__lvl,ro_ec_ind_sell_price_exp,SURVEYS,lvl,Romania: Industry (total manufacturing): selling-price expectations for months ahead (Q6) | lvl (survey balance / confidence / diffusion index): quarterly value,RO,price_expectations,False,0,2000Q1,2026Q3,107,"pre-2000 values dropped (transition-era survey artefacts, qa_C 10)"
ro_ec_ind_sell_price_exp__d4,ro_ec_ind_sell_price_exp,SURVEYS,d4,Romania: Industry (total manufacturing): selling-price expectations for months ahead (Q6) | d4 (survey balance / confidence / diffusion index): x_t - x_t-4,RO,price_expectations,False,0,2001Q1,2026Q3,103,"pre-2000 values dropped (transition-era survey artefacts, qa_C 10)"
ro_ec_retail_conf__lvl,ro_ec_retail_conf,SURVEYS,lvl,Romania: Retail trade confidence indicator ((Q1-Q2+Q4)/3) | lvl (survey balance / confidence / diffusion index): quarterly value,RO,business_survey,False,0,2000Q1,2026Q3,107,"pre-2000 values dropped (transition-era survey artefacts, qa_C 10)"
ro_ec_retail_conf__d4,ro_ec_retail_conf,SURVEYS,d4,Romania: Retail trade confidence indicator ((Q1-Q2+Q4)/3) | d4 (survey balance / confidence / diffusion index): x_t - x_t-4,RO,business_survey,False,0,2001Q1,2026Q3,103,"pre-2000 values dropped (transition-era survey artefacts, qa_C 10)"
ro_ec_retail_sell_price_exp__lvl,ro_ec_retail_sell_price_exp,SURVEYS,lvl,Romania: Retail trade (total): selling-price expectations next 3 months (Q6) | lvl (survey balance / confidence / diffusion index): quarterly value,RO,price_expectations,False,0,2003Q3,2026Q3,93,
ro_ec_retail_sell_price_exp__d4,ro_ec_retail_sell_price_exp,SURVEYS,d4,Romania: Retail trade (total): selling-price expectations next 3 months (Q6) | d4 (survey balance / confidence / diffusion index): x_t - x_t-4,RO,price_expectations,False,0,2004Q3,2026Q3,89,
se_ec_cons_conf__lvl,se_ec_cons_conf,SURVEYS,lvl,"Sweden: Consumer confidence indicator (avg of Q1,Q2,Q4,Q9) | lvl (survey balance / confidence / diffusion index): quarterly value",SE,consumer_survey,True,0,1995Q4,2026Q3,124,
se_ec_cons_conf__d4,se_ec_cons_conf,SURVEYS,d4,"Sweden: Consumer confidence indicator (avg of Q1,Q2,Q4,Q9) | d4 (survey balance / confidence / diffusion index): x_t - x_t-4",SE,consumer_survey,True,0,1996Q4,2026Q3,120,
se_ec_cons_price_exp_12m__lvl,se_ec_cons_price_exp_12m,SURVEYS,lvl,Sweden: Consumers: price trends over next 12 months (Q6) | lvl (survey balance / confidence / diffusion index): quarterly value,SE,price_expectations,False,0,1995Q4,2026Q3,124,
se_ec_cons_price_exp_12m__d4,se_ec_cons_price_exp_12m,SURVEYS,d4,Sweden: Consumers: price trends over next 12 months (Q6) | d4 (survey balance / confidence / diffusion index): x_t - x_t-4,SE,price_expectations,False,0,1996Q4,2026Q3,120,
se_ec_cons_price_past_12m__lvl,se_ec_cons_price_past_12m,SURVEYS,lvl,Sweden: Consumers: perceived price trends over last 12 months (Q5) | lvl (survey balance / confidence / diffusion index): quarterly value,SE,consumer_survey,False,0,1995Q4,2026Q3,124,
se_ec_cons_price_past_12m__d4,se_ec_cons_price_past_12m,SURVEYS,d4,Sweden: Consumers: perceived price trends over last 12 months (Q5) | d4 (survey balance / confidence / diffusion index): x_t - x_t-4,SE,consumer_survey,False,0,1996Q4,2026Q3,120,
se_ec_esi__lvl,se_ec_esi,SURVEYS,lvl,Sweden: Economic Sentiment Indicator (ESI) | lvl (survey balance / confidence / diffusion index): quarterly value,SE,business_survey,False,0,1995Q1,2026Q3,127,
se_ec_esi__d4,se_ec_esi,SURVEYS,d4,Sweden: Economic Sentiment Indicator (ESI) | d4 (survey balance / confidence / diffusion index): x_t - x_t-4,SE,business_survey,False,0,1995Q1,2026Q3,127,
se_ec_food_ind_conf__lvl,se_ec_food_ind_conf,SURVEYS,lvl,Sweden: Manufacture of food products (NACE C10): industrial confidence indicator ((Q2-Q4+Q5)/3) | lvl (survey balance / confidence / diffusion index): quarterly value,SE,business_survey,False,0,1995Q1,2026Q3,127,
se_ec_food_ind_conf__d4,se_ec_food_ind_conf,SURVEYS,d4,Sweden: Manufacture of food products (NACE C10): industrial confidence indicator ((Q2-Q4+Q5)/3) | d4 (survey balance / confidence / diffusion index): x_t - x_t-4,SE,business_survey,False,0,1995Q1,2026Q3,127,
se_ec_food_ind_sell_price_exp__lvl,se_ec_food_ind_sell_price_exp,SURVEYS,lvl,Sweden: Manufacture of food products (NACE C10): selling-price expectations for months ahead (Q6) | lvl (survey balance / confidence / diffusion index): quarterly value,SE,price_expectations,False,0,1995Q1,2026Q3,127,
se_ec_food_ind_sell_price_exp__d4,se_ec_food_ind_sell_price_exp,SURVEYS,d4,Sweden: Manufacture of food products (NACE C10): selling-price expectations for months ahead (Q6) | d4 (survey balance / confidence / diffusion index): x_t - x_t-4,SE,price_expectations,False,0,1995Q1,2026Q3,127,
se_ec_food_retail_sell_price_exp__lvl,se_ec_food_retail_sell_price_exp,SURVEYS,lvl,"Sweden: Retail of food, beverages & tobacco (sub-sector FBT): selling-price expectations next 3 months (Q6) | lvl (survey balance / confidence / diffusion index): quarterly value",SE,price_expectations,False,0,2010Q3,2026Q3,65,
se_ec_food_retail_sell_price_exp__d4,se_ec_food_retail_sell_price_exp,SURVEYS,d4,"Sweden: Retail of food, beverages & tobacco (sub-sector FBT): selling-price expectations next 3 months (Q6) | d4 (survey balance / confidence / diffusion index): x_t - x_t-4",SE,price_expectations,False,0,2011Q3,2026Q3,61,
se_ec_ind_sell_price_exp__lvl,se_ec_ind_sell_price_exp,SURVEYS,lvl,Sweden: Industry (total manufacturing): selling-price expectations for months ahead (Q6) | lvl (survey balance / confidence / diffusion index): quarterly value,SE,price_expectations,False,0,1995Q1,2026Q3,127,
se_ec_ind_sell_price_exp__d4,se_ec_ind_sell_price_exp,SURVEYS,d4,Sweden: Industry (total manufacturing): selling-price expectations for months ahead (Q6) | d4 (survey balance / confidence / diffusion index): x_t - x_t-4,SE,price_expectations,False,0,1995Q1,2026Q3,127,
se_ec_retail_conf__lvl,se_ec_retail_conf,SURVEYS,lvl,Sweden: Retail trade confidence indicator ((Q1-Q2+Q4)/3) | lvl (survey balance / confidence / diffusion index): quarterly value,SE,business_survey,False,0,1996Q4,2026Q3,120,
se_ec_retail_conf__d4,se_ec_retail_conf,SURVEYS,d4,Sweden: Retail trade confidence indicator ((Q1-Q2+Q4)/3) | d4 (survey balance / confidence / diffusion index): x_t - x_t-4,SE,business_survey,False,0,1997Q4,2026Q3,116,
se_ec_retail_sell_price_exp__lvl,se_ec_retail_sell_price_exp,SURVEYS,lvl,Sweden: Retail trade (total): selling-price expectations next 3 months (Q6) | lvl (survey balance / confidence / diffusion index): quarterly value,SE,price_expectations,False,0,2003Q3,2026Q3,93,
se_ec_retail_sell_price_exp__d4,se_ec_retail_sell_price_exp,SURVEYS,d4,Sweden: Retail trade (total): selling-price expectations next 3 months (Q6) | d4 (survey balance / confidence / diffusion index): x_t - x_t-4,SE,price_expectations,False,0,2004Q3,2026Q3,89,
se_nier_cons_conf__lvl,se_nier_cons_conf,SURVEYS,lvl,Sweden: NIER consumer confidence indicator (CCI) | lvl (survey balance / confidence / diffusion index): quarterly value,SE,consumer_survey,False,0,1996Q1,2026Q3,123,
se_nier_cons_conf__d4,se_nier_cons_conf,SURVEYS,d4,Sweden: NIER consumer confidence indicator (CCI) | d4 (survey balance / confidence / diffusion index): x_t - x_t-4,SE,consumer_survey,False,0,1997Q1,2026Q3,119,
se_nier_cons_macro__lvl,se_nier_cons_macro,SURVEYS,lvl,Sweden: NIER consumer macro index (view of Swedish economy) | lvl (survey balance / confidence / diffusion index): quarterly value,SE,consumer_survey,False,0,1996Q1,2026Q3,123,
se_nier_cons_macro__d4,se_nier_cons_macro,SURVEYS,d4,Sweden: NIER consumer macro index (view of Swedish economy) | d4 (survey balance / confidence / diffusion index): x_t - x_t-4,SE,consumer_survey,False,0,1997Q1,2026Q3,119,
se_nier_cons_micro__lvl,se_nier_cons_micro,SURVEYS,lvl,Sweden: NIER consumer micro index (own economy) | lvl (survey balance / confidence / diffusion index): quarterly value,SE,consumer_survey,False,0,1996Q1,2026Q3,123,
se_nier_cons_micro__d4,se_nier_cons_micro,SURVEYS,d4,Sweden: NIER consumer micro index (own economy) | d4 (survey balance / confidence / diffusion index): x_t - x_t-4,SE,consumer_survey,False,0,1997Q1,2026Q3,119,
se_nier_eti__lvl,se_nier_eti,SURVEYS,lvl,Sweden: NIER Economic Tendency Indicator (Barometerindikatorn) | lvl (survey balance / confidence / diffusion index): quarterly value,SE,business_survey,False,0,1996Q3,2026Q3,121,
se_nier_eti__d4,se_nier_eti,SURVEYS,d4,Sweden: NIER Economic Tendency Indicator (Barometerindikatorn) | d4 (survey balance / confidence / diffusion index): x_t - x_t-4,SE,business_survey,False,0,1997Q3,2026Q3,117,
se_nier_food_mfg_conf__lvl,se_nier_food_mfg_conf,SURVEYS,lvl,"Sweden: NIER confidence indicator, manufacture of food, beverages & tobacco (NACE 10-12) | lvl (survey balance / confidence / diffusion index): quarterly value",SE,business_survey,False,0,2000Q1,2026Q3,107,
se_nier_food_mfg_conf__d4,se_nier_food_mfg_conf,SURVEYS,d4,"Sweden: NIER confidence indicator, manufacture of food, beverages & tobacco (NACE 10-12) | d4 (survey balance / confidence / diffusion index): x_t - x_t-4",SE,business_survey,False,0,2001Q1,2026Q3,103,
se_nier_food_mfg_sell_price_exp__lvl,se_nier_food_mfg_sell_price_exp,SURVEYS,lvl,"Sweden: NIER manufacture of food, beverages & tobacco (NACE 10-12): domestic selling-price expectations next 3 months | lvl (survey balance / confidence / diffusion index): quarterly value",SE,price_expectations,True,0,2000Q1,2026Q3,107,
se_nier_food_mfg_sell_price_exp__d4,se_nier_food_mfg_sell_price_exp,SURVEYS,d4,"Sweden: NIER manufacture of food, beverages & tobacco (NACE 10-12): domestic selling-price expectations next 3 months | d4 (survey balance / confidence / diffusion index): x_t - x_t-4",SE,price_expectations,True,0,2001Q1,2026Q3,103,
se_nier_grocery_purch_price_exp__lvl,se_nier_grocery_purch_price_exp,SURVEYS,lvl,Sweden: NIER grocery retail (NACE 47.11+47.2): purchase-price (goods) expectations next 3 months | lvl (survey balance / confidence / diffusion index): quarterly value,SE,price_expectations,False,0,2015Q4,2026Q3,44,
se_nier_grocery_purch_price_exp__d4,se_nier_grocery_purch_price_exp,SURVEYS,d4,Sweden: NIER grocery retail (NACE 47.11+47.2): purchase-price (goods) expectations next 3 months | d4 (survey balance / confidence / diffusion index): x_t - x_t-4,SE,price_expectations,False,0,2016Q4,2026Q3,40,
se_nier_grocery_retail_conf__lvl,se_nier_grocery_retail_conf,SURVEYS,lvl,"Sweden: NIER confidence indicator, retail sale of non-durable goods / grocery retail (dagligvaruhandel, NACE 47.11+47.2) | lvl (survey balance / confidence / diffusion index): quarterly value",SE,business_survey,False,0,2000Q1,2026Q3,107,
se_nier_grocery_retail_conf__d4,se_nier_grocery_retail_conf,SURVEYS,d4,"Sweden: NIER confidence indicator, retail sale of non-durable goods / grocery retail (dagligvaruhandel, NACE 47.11+47.2) | d4 (survey balance / confidence / diffusion index): x_t - x_t-4",SE,business_survey,False,0,2001Q1,2026Q3,103,
se_nier_grocery_sell_price_exp__lvl,se_nier_grocery_sell_price_exp,SURVEYS,lvl,Sweden: NIER grocery retail (NACE 47.11+47.2): selling-price expectations next 3 months | lvl (survey balance / confidence / diffusion index): quarterly value,SE,price_expectations,False,0,2003Q3,2026Q3,93,
se_nier_grocery_sell_price_exp__d4,se_nier_grocery_sell_price_exp,SURVEYS,d4,Sweden: NIER grocery retail (NACE 47.11+47.2): selling-price expectations next 3 months | d4 (survey balance / confidence / diffusion index): x_t - x_t-4,SE,price_expectations,False,0,2004Q3,2026Q3,89,
se_nier_hh_infl_exp_12m_mean__lvl,se_nier_hh_infl_exp_12m_mean,SURVEYS,lvl,"Sweden: households' expected inflation 12 months ahead (EU-harmonised quantitative question, mean excl. extreme values) | lvl (interest rate / yield (percent)): quarterly value",SE,price_expectations,False,0,2002Q1,2026Q3,99,
se_nier_hh_infl_exp_12m_mean__d4,se_nier_hh_infl_exp_12m_mean,SURVEYS,d4,"Sweden: households' expected inflation 12 months ahead (EU-harmonised quantitative question, mean excl. extreme values) | d4 (interest rate / yield (percent)): x_t - x_t-4",SE,price_expectations,False,0,2003Q1,2026Q3,95,
se_nier_hh_infl_exp_12m_median__lvl,se_nier_hh_infl_exp_12m_median,SURVEYS,lvl,"Sweden: households' expected inflation 12 months ahead (NIER question, median) | lvl (interest rate / yield (percent)): quarterly value",SE,price_expectations,False,0,2015Q2,2026Q3,46,
se_nier_hh_infl_exp_12m_median__d4,se_nier_hh_infl_exp_12m_median,SURVEYS,d4,"Sweden: households' expected inflation 12 months ahead (NIER question, median) | d4 (interest rate / yield (percent)): x_t - x_t-4",SE,price_expectations,False,0,2016Q2,2026Q3,42,
se_nier_retail_conf__lvl,se_nier_retail_conf,SURVEYS,lvl,Sweden: NIER retail trade confidence indicator (NACE 45+47) | lvl (survey balance / confidence / diffusion index): quarterly value,SE,business_survey,False,0,1996Q3,2026Q3,121,
se_nier_retail_conf__d4,se_nier_retail_conf,SURVEYS,d4,Sweden: NIER retail trade confidence indicator (NACE 45+47) | d4 (survey balance / confidence / diffusion index): x_t - x_t-4,SE,business_survey,False,0,1997Q3,2026Q3,117,
se_oecd_bci__lvl,se_oecd_bci,SURVEYS,lvl,Sweden: OECD composite business confidence indicator (amplitude adjusted) | lvl (survey balance / confidence / diffusion index): quarterly value,SE,business_survey,False,1,1996Q1,2026Q2,122,
se_oecd_bci__d4,se_oecd_bci,SURVEYS,d4,Sweden: OECD composite business confidence indicator (amplitude adjusted) | d4 (survey balance / confidence / diffusion index): x_t - x_t-4,SE,business_survey,False,1,1997Q1,2026Q2,118,
se_oecd_cci__lvl,se_oecd_cci,SURVEYS,lvl,Sweden: OECD composite consumer confidence indicator (amplitude adjusted) | lvl (survey balance / confidence / diffusion index): quarterly value,SE,consumer_survey,False,1,1995Q4,2026Q2,123,
se_oecd_cci__d4,se_oecd_cci,SURVEYS,d4,Sweden: OECD composite consumer confidence indicator (amplitude adjusted) | d4 (survey balance / confidence / diffusion index): x_t - x_t-4,SE,consumer_survey,False,1,1996Q4,2026Q2,119,
sk_ec_cons_conf__lvl,sk_ec_cons_conf,SURVEYS,lvl,"Slovakia: Consumer confidence indicator (avg of Q1,Q2,Q4,Q9) | lvl (survey balance / confidence / diffusion index): quarterly value",SK,consumer_survey,False,0,2000Q1,2026Q3,107,"pre-2000 values dropped (transition-era survey artefacts, qa_C 10)"
sk_ec_cons_conf__d4,sk_ec_cons_conf,SURVEYS,d4,"Slovakia: Consumer confidence indicator (avg of Q1,Q2,Q4,Q9) | d4 (survey balance / confidence / diffusion index): x_t - x_t-4",SK,consumer_survey,False,0,2001Q1,2026Q3,103,"pre-2000 values dropped (transition-era survey artefacts, qa_C 10)"
sk_ec_cons_price_exp_12m__lvl,sk_ec_cons_price_exp_12m,SURVEYS,lvl,Slovakia: Consumers: price trends over next 12 months (Q6) | lvl (survey balance / confidence / diffusion index): quarterly value,SK,price_expectations,False,0,2000Q1,2026Q3,107,"pre-2000 values dropped (transition-era survey artefacts, qa_C 10)"
sk_ec_cons_price_exp_12m__d4,sk_ec_cons_price_exp_12m,SURVEYS,d4,Slovakia: Consumers: price trends over next 12 months (Q6) | d4 (survey balance / confidence / diffusion index): x_t - x_t-4,SK,price_expectations,False,0,2001Q1,2026Q3,103,"pre-2000 values dropped (transition-era survey artefacts, qa_C 10)"
sk_ec_cons_price_past_12m__lvl,sk_ec_cons_price_past_12m,SURVEYS,lvl,Slovakia: Consumers: perceived price trends over last 12 months (Q5) | lvl (survey balance / confidence / diffusion index): quarterly value,SK,consumer_survey,False,0,2000Q1,2026Q3,107,"pre-2000 values dropped (transition-era survey artefacts, qa_C 10)"
sk_ec_cons_price_past_12m__d4,sk_ec_cons_price_past_12m,SURVEYS,d4,Slovakia: Consumers: perceived price trends over last 12 months (Q5) | d4 (survey balance / confidence / diffusion index): x_t - x_t-4,SK,consumer_survey,False,0,2001Q1,2026Q3,103,"pre-2000 values dropped (transition-era survey artefacts, qa_C 10)"
sk_ec_esi__lvl,sk_ec_esi,SURVEYS,lvl,Slovakia: Economic Sentiment Indicator (ESI) | lvl (survey balance / confidence / diffusion index): quarterly value,SK,business_survey,False,0,2000Q1,2026Q3,107,"pre-2000 values dropped (transition-era survey artefacts, qa_C 10)"
sk_ec_esi__d4,sk_ec_esi,SURVEYS,d4,Slovakia: Economic Sentiment Indicator (ESI) | d4 (survey balance / confidence / diffusion index): x_t - x_t-4,SK,business_survey,False,0,2001Q1,2026Q3,103,"pre-2000 values dropped (transition-era survey artefacts, qa_C 10)"
sk_ec_food_ind_conf__lvl,sk_ec_food_ind_conf,SURVEYS,lvl,Slovakia: Manufacture of food products (NACE C10): industrial confidence indicator ((Q2-Q4+Q5)/3) | lvl (survey balance / confidence / diffusion index): quarterly value,SK,business_survey,False,0,2000Q1,2026Q3,107,"pre-2000 values dropped (transition-era survey artefacts, qa_C 10)"
sk_ec_food_ind_conf__d4,sk_ec_food_ind_conf,SURVEYS,d4,Slovakia: Manufacture of food products (NACE C10): industrial confidence indicator ((Q2-Q4+Q5)/3) | d4 (survey balance / confidence / diffusion index): x_t - x_t-4,SK,business_survey,False,0,2001Q1,2026Q3,103,"pre-2000 values dropped (transition-era survey artefacts, qa_C 10)"
sk_ec_food_ind_sell_price_exp__lvl,sk_ec_food_ind_sell_price_exp,SURVEYS,lvl,Slovakia: Manufacture of food products (NACE C10): selling-price expectations for months ahead (Q6) | lvl (survey balance / confidence / diffusion index): quarterly value,SK,price_expectations,False,0,2000Q1,2026Q3,107,"pre-2000 values dropped (transition-era survey artefacts, qa_C 10)"
sk_ec_food_ind_sell_price_exp__d4,sk_ec_food_ind_sell_price_exp,SURVEYS,d4,Slovakia: Manufacture of food products (NACE C10): selling-price expectations for months ahead (Q6) | d4 (survey balance / confidence / diffusion index): x_t - x_t-4,SK,price_expectations,False,0,2001Q1,2026Q3,103,"pre-2000 values dropped (transition-era survey artefacts, qa_C 10)"
sk_ec_food_retail_sell_price_exp__lvl,sk_ec_food_retail_sell_price_exp,SURVEYS,lvl,"Slovakia: Retail of food, beverages & tobacco (sub-sector FBT): selling-price expectations next 3 months (Q6) | lvl (survey balance / confidence / diffusion index): quarterly value",SK,price_expectations,False,0,2002Q1,2026Q3,99,
sk_ec_food_retail_sell_price_exp__d4,sk_ec_food_retail_sell_price_exp,SURVEYS,d4,"Slovakia: Retail of food, beverages & tobacco (sub-sector FBT): selling-price expectations next 3 months (Q6) | d4 (survey balance / confidence / diffusion index): x_t - x_t-4",SK,price_expectations,False,0,2003Q1,2026Q3,95,
sk_ec_ind_sell_price_exp__lvl,sk_ec_ind_sell_price_exp,SURVEYS,lvl,Slovakia: Industry (total manufacturing): selling-price expectations for months ahead (Q6) | lvl (survey balance / confidence / diffusion index): quarterly value,SK,price_expectations,False,0,2000Q1,2026Q3,107,"pre-2000 values dropped (transition-era survey artefacts, qa_C 10)"
sk_ec_ind_sell_price_exp__d4,sk_ec_ind_sell_price_exp,SURVEYS,d4,Slovakia: Industry (total manufacturing): selling-price expectations for months ahead (Q6) | d4 (survey balance / confidence / diffusion index): x_t - x_t-4,SK,price_expectations,False,0,2001Q1,2026Q3,103,"pre-2000 values dropped (transition-era survey artefacts, qa_C 10)"
sk_ec_retail_conf__lvl,sk_ec_retail_conf,SURVEYS,lvl,Slovakia: Retail trade confidence indicator ((Q1-Q2+Q4)/3) | lvl (survey balance / confidence / diffusion index): quarterly value,SK,business_survey,False,0,2000Q1,2026Q3,107,"pre-2000 values dropped (transition-era survey artefacts, qa_C 10)"
sk_ec_retail_conf__d4,sk_ec_retail_conf,SURVEYS,d4,Slovakia: Retail trade confidence indicator ((Q1-Q2+Q4)/3) | d4 (survey balance / confidence / diffusion index): x_t - x_t-4,SK,business_survey,False,0,2001Q1,2026Q3,103,"pre-2000 values dropped (transition-era survey artefacts, qa_C 10)"
sk_ec_retail_sell_price_exp__lvl,sk_ec_retail_sell_price_exp,SURVEYS,lvl,Slovakia: Retail trade (total): selling-price expectations next 3 months (Q6) | lvl (survey balance / confidence / diffusion index): quarterly value,SK,price_expectations,False,0,2002Q1,2026Q3,99,
sk_ec_retail_sell_price_exp__d4,sk_ec_retail_sell_price_exp,SURVEYS,d4,Slovakia: Retail trade (total): selling-price expectations next 3 months (Q6) | d4 (survey balance / confidence / diffusion index): x_t - x_t-4,SK,price_expectations,False,0,2003Q1,2026Q3,95,
us_umich_sentiment__lvl,us_umich_sentiment,SURVEYS,lvl,United States: University of Michigan index of consumer sentiment | lvl (survey balance / confidence / diffusion index): quarterly value,US,consumer_survey,False,0,1995Q1,2026Q3,127,
us_umich_sentiment__d4,us_umich_sentiment,SURVEYS,d4,United States: University of Michigan index of consumer sentiment | d4 (survey balance / confidence / diffusion index): x_t - x_t-4,US,consumer_survey,False,0,1995Q1,2026Q3,127,
dk_elspot_dk1_price__yoy,dk_elspot_dk1_price,GLOBAL,yoy,"Denmark DK1 (West) bidding-zone day-ahead price, monthly average | yoy: 100*ln(x_t/x_t-4)",DK,energy,False,0,2001Q1,2026Q3,103,
dk_elspot_dk1_price__dyoy,dk_elspot_dk1_price,GLOBAL,dyoy,"Denmark DK1 (West) bidding-zone day-ahead price, monthly average | dyoy: yoy_t - yoy_t-4",DK,energy,False,0,2002Q1,2026Q3,99,
ea_ppi_paper_idx__yoy,ea_ppi_paper_idx,GLOBAL,yoy,"Euro area (EA20): domestic producer prices, manufacture of paper and paper products (NACE C17) | yoy: 100*ln(x_t/x_t-4)",EA,packaging_freight,False,1,2001Q1,2026Q2,102,
ea_ppi_paper_idx__dyoy,ea_ppi_paper_idx,GLOBAL,dyoy,"Euro area (EA20): domestic producer prices, manufacture of paper and paper products (NACE C17) | dyoy: yoy_t - yoy_t-4",EA,packaging_freight,False,1,2002Q1,2026Q2,98,
eu_agri_barley_feed_price__yoy,eu_agri_barley_feed_price,GLOBAL,yoy,EU average feed barley price | yoy: 100*ln(x_t/x_t-4),EU,commodities,False,0,2017Q1,2026Q2,38,yoy NaN across break(s): reporting-stage change 2026-08 (qa_C 16)
eu_agri_barley_feed_price__dyoy,eu_agri_barley_feed_price,GLOBAL,dyoy,EU average feed barley price | dyoy: yoy_t - yoy_t-4,EU,commodities,False,0,2018Q1,2026Q2,34,yoy NaN across break(s): reporting-stage change 2026-08 (qa_C 16)
eu_agri_barley_malting_price__yoy,eu_agri_barley_malting_price,GLOBAL,yoy,EU average malting barley price | yoy: 100*ln(x_t/x_t-4),EU,commodities,False,0,2017Q1,2026Q2,38,yoy NaN across break(s): reporting-stage change 2026-08 (qa_C 16)
eu_agri_barley_malting_price__dyoy,eu_agri_barley_malting_price,GLOBAL,dyoy,EU average malting barley price | dyoy: yoy_t - yoy_t-4,EU,commodities,False,0,2018Q1,2026Q2,34,yoy NaN across break(s): reporting-stage change 2026-08 (qa_C 16)
eu_agri_beef_young_bulls_r3_price__yoy,eu_agri_beef_young_bulls_r3_price,GLOBAL,yoy,"EU average beef carcass price, young bulls class R3 (reference grade) | yoy: 100*ln(x_t/x_t-4)",EU,commodities,False,0,2001Q1,2026Q3,103,
eu_agri_beef_young_bulls_r3_price__dyoy,eu_agri_beef_young_bulls_r3_price,GLOBAL,dyoy,"EU average beef carcass price, young bulls class R3 (reference grade) | dyoy: yoy_t - yoy_t-4",EU,commodities,False,0,2002Q1,2026Q3,99,
eu_agri_broiler_price__yoy,eu_agri_broiler_price,GLOBAL,yoy,EU average whole broiler (65% carcass) selling price | yoy: 100*ln(x_t/x_t-4),EU,commodities,False,1,1995Q1,2026Q2,126,
eu_agri_broiler_price__dyoy,eu_agri_broiler_price,GLOBAL,dyoy,EU average whole broiler (65% carcass) selling price | dyoy: yoy_t - yoy_t-4,EU,commodities,False,1,1995Q1,2026Q2,126,
eu_agri_butter_price__yoy,eu_agri_butter_price,GLOBAL,yoy,EU average butter wholesale price | yoy: 100*ln(x_t/x_t-4),EU,commodities,False,0,2001Q1,2026Q3,103,
eu_agri_butter_price__dyoy,eu_agri_butter_price,GLOBAL,dyoy,EU average butter wholesale price | dyoy: yoy_t - yoy_t-4,EU,commodities,False,0,2002Q1,2026Q3,99,
eu_agri_maize_feed_price__yoy,eu_agri_maize_feed_price,GLOBAL,yoy,EU average feed maize price | yoy: 100*ln(x_t/x_t-4),EU,commodities,False,0,2017Q1,2026Q2,38,yoy NaN across break(s): reporting-stage change 2026-08 (qa_C 16)
eu_agri_maize_feed_price__dyoy,eu_agri_maize_feed_price,GLOBAL,dyoy,EU average feed maize price | dyoy: yoy_t - yoy_t-4,EU,commodities,False,0,2018Q1,2026Q2,34,yoy NaN across break(s): reporting-stage change 2026-08 (qa_C 16)
eu_agri_pig_carcass_e_price__yoy,eu_agri_pig_carcass_e_price,GLOBAL,yoy,"EU average pig carcass price, class E | yoy: 100*ln(x_t/x_t-4)",EU,commodities,False,0,1995Q1,2026Q3,127,
eu_agri_pig_carcass_e_price__dyoy,eu_agri_pig_carcass_e_price,GLOBAL,dyoy,"EU average pig carcass price, class E | dyoy: yoy_t - yoy_t-4",EU,commodities,False,0,1995Q1,2026Q3,127,
eu_agri_raw_milk_price__yoy,eu_agri_raw_milk_price,GLOBAL,yoy,EU average farm-gate raw cow milk price (real fat & protein) | yoy: 100*ln(x_t/x_t-4),EU,commodities,False,1,1995Q1,2026Q2,126,
eu_agri_raw_milk_price__dyoy,eu_agri_raw_milk_price,GLOBAL,dyoy,EU average farm-gate raw cow milk price (real fat & protein) | dyoy: yoy_t - yoy_t-4,EU,commodities,False,1,1995Q1,2026Q2,126,
eu_agri_smp_price__yoy,eu_agri_smp_price,GLOBAL,yoy,EU average skimmed milk powder (SMP) price | yoy: 100*ln(x_t/x_t-4),EU,commodities,False,0,2001Q1,2026Q3,103,
eu_agri_smp_price__dyoy,eu_agri_smp_price,GLOBAL,dyoy,EU average skimmed milk powder (SMP) price | dyoy: yoy_t - yoy_t-4,EU,commodities,False,0,2002Q1,2026Q3,99,
eu_agri_sugar_white_price__yoy,eu_agri_sugar_white_price,GLOBAL,yoy,"EU average white sugar market price (ex-works, sugar price reporting system) | yoy: 100*ln(x_t/x_t-4)",EU,commodities,False,1,2007Q3,2026Q2,76,
eu_agri_sugar_white_price__dyoy,eu_agri_sugar_white_price,GLOBAL,dyoy,"EU average white sugar market price (ex-works, sugar price reporting system) | dyoy: yoy_t - yoy_t-4",EU,commodities,False,1,2008Q3,2026Q2,72,
eu_agri_wheat_bread_price__yoy,eu_agri_wheat_bread_price,GLOBAL,yoy,EU average breadmaking/milling common wheat price | yoy: 100*ln(x_t/x_t-4),EU,commodities,True,0,2017Q1,2026Q2,38,yoy NaN across break(s): reporting-stage change 2026-08 (qa_C 16)
eu_agri_wheat_bread_price__dyoy,eu_agri_wheat_bread_price,GLOBAL,dyoy,EU average breadmaking/milling common wheat price | dyoy: yoy_t - yoy_t-4,EU,commodities,True,0,2018Q1,2026Q2,34,yoy NaN across break(s): reporting-stage change 2026-08 (qa_C 16)
eu_agri_wmp_price__yoy,eu_agri_wmp_price,GLOBAL,yoy,EU average whole milk powder (WMP) price | yoy: 100*ln(x_t/x_t-4),EU,commodities,False,0,2001Q1,2026Q3,103,
eu_agri_wmp_price__dyoy,eu_agri_wmp_price,GLOBAL,dyoy,EU average whole milk powder (WMP) price | dyoy: yoy_t - yoy_t-4,EU,commodities,False,0,2002Q1,2026Q3,99,
eu_ppi_paper_packaging_idx__yoy,eu_ppi_paper_packaging_idx,GLOBAL,yoy,"EU27: domestic producer prices, articles of paper and paperboard incl. corrugated packaging (NACE C172) | yoy: 100*ln(x_t/x_t-4)",EU,packaging_freight,True,1,2001Q1,2026Q2,102,
eu_ppi_paper_packaging_idx__dyoy,eu_ppi_paper_packaging_idx,GLOBAL,dyoy,"EU27: domestic producer prices, articles of paper and paperboard incl. corrugated packaging (NACE C172) | dyoy: yoy_t - yoy_t-4",EU,packaging_freight,True,1,2002Q1,2026Q2,98,
eu_ppi_plastic_products_idx__yoy,eu_ppi_plastic_products_idx,GLOBAL,yoy,"EU27: domestic producer prices, plastic products incl. plastic packaging (NACE C222) | yoy: 100*ln(x_t/x_t-4)",EU,packaging_freight,True,1,2001Q1,2026Q2,102,
eu_ppi_plastic_products_idx__dyoy,eu_ppi_plastic_products_idx,GLOBAL,dyoy,"EU27: domestic producer prices, plastic products incl. plastic packaging (NACE C222) | dyoy: yoy_t - yoy_t-4",EU,packaging_freight,True,1,2002Q1,2026Q2,98,
fi_elspot_price__yoy,fi_elspot_price,GLOBAL,yoy,"Finland (FI bidding zone) day-ahead electricity price, monthly average | yoy: 100*ln(x_t/x_t-4)",FI,energy,False,0,2016Q1,2026Q3,43,
fi_elspot_price__dyoy,fi_elspot_price,GLOBAL,dyoy,"Finland (FI bidding zone) day-ahead electricity price, monthly average | dyoy: yoy_t - yoy_t-4",FI,energy,False,0,2017Q1,2026Q3,39,
glob_fao_cereals_idx__yoy,glob_fao_cereals_idx,GLOBAL,yoy,FAO Cereals Price Index (nominal) | yoy: 100*ln(x_t/x_t-4),GLOBAL,commodities,True,0,1995Q1,2026Q3,127,
glob_fao_cereals_idx__dyoy,glob_fao_cereals_idx,GLOBAL,dyoy,FAO Cereals Price Index (nominal) | dyoy: yoy_t - yoy_t-4,GLOBAL,commodities,True,0,1995Q1,2026Q3,127,
glob_fao_dairy_idx__yoy,glob_fao_dairy_idx,GLOBAL,yoy,FAO Dairy Price Index (nominal) | yoy: 100*ln(x_t/x_t-4),GLOBAL,commodities,True,0,1995Q1,2026Q3,127,
glob_fao_dairy_idx__dyoy,glob_fao_dairy_idx,GLOBAL,dyoy,FAO Dairy Price Index (nominal) | dyoy: yoy_t - yoy_t-4,GLOBAL,commodities,True,0,1995Q1,2026Q3,127,
glob_fao_ffpi__yoy,glob_fao_ffpi,GLOBAL,yoy,"FAO Food Price Index (nominal, USD-based, trade-weighted average of 5 commodity group indices) | yoy: 100*ln(x_t/x_t-4)",GLOBAL,commodities,True,0,1995Q1,2026Q3,127,
glob_fao_ffpi__dyoy,glob_fao_ffpi,GLOBAL,dyoy,"FAO Food Price Index (nominal, USD-based, trade-weighted average of 5 commodity group indices) | dyoy: yoy_t - yoy_t-4",GLOBAL,commodities,True,0,1995Q1,2026Q3,127,
glob_fao_ffpi_eur__yoy,glob_fao_ffpi_eur,GLOBAL,yoy,FAO Food Price Index converted to EUR (local-currency import-cost pressure) | yoy: 100*ln(x_t/x_t-4),GLOBAL,commodities,True,0,2000Q1,2026Q3,107,
glob_fao_ffpi_eur__dyoy,glob_fao_ffpi_eur,GLOBAL,dyoy,FAO Food Price Index converted to EUR (local-currency import-cost pressure) | dyoy: yoy_t - yoy_t-4,GLOBAL,commodities,True,0,2001Q1,2026Q3,103,
glob_fao_ffpi_nok__yoy,glob_fao_ffpi_nok,GLOBAL,yoy,FAO Food Price Index converted to NOK (local-currency import-cost pressure) | yoy: 100*ln(x_t/x_t-4),GLOBAL,commodities,True,0,1995Q1,2026Q3,127,
glob_fao_ffpi_nok__dyoy,glob_fao_ffpi_nok,GLOBAL,dyoy,FAO Food Price Index converted to NOK (local-currency import-cost pressure) | dyoy: yoy_t - yoy_t-4,GLOBAL,commodities,True,0,1995Q1,2026Q3,127,
glob_fao_ffpi_real__yoy,glob_fao_ffpi_real,GLOBAL,yoy,"FAO Food Price Index, real (deflated by World Bank Manufactures Unit Value index, MUV) | yoy: 100*ln(x_t/x_t-4)",GLOBAL,commodities,False,0,1995Q1,2026Q3,127,
glob_fao_ffpi_real__dyoy,glob_fao_ffpi_real,GLOBAL,dyoy,"FAO Food Price Index, real (deflated by World Bank Manufactures Unit Value index, MUV) | dyoy: yoy_t - yoy_t-4",GLOBAL,commodities,False,0,1995Q1,2026Q3,127,
glob_fao_meat_idx__yoy,glob_fao_meat_idx,GLOBAL,yoy,FAO Meat Price Index (nominal) | yoy: 100*ln(x_t/x_t-4),GLOBAL,commodities,True,0,1995Q1,2026Q3,127,
glob_fao_meat_idx__dyoy,glob_fao_meat_idx,GLOBAL,dyoy,FAO Meat Price Index (nominal) | dyoy: yoy_t - yoy_t-4,GLOBAL,commodities,True,0,1995Q1,2026Q3,127,
glob_fao_sugar_idx__yoy,glob_fao_sugar_idx,GLOBAL,yoy,FAO Sugar Price Index (nominal) | yoy: 100*ln(x_t/x_t-4),GLOBAL,commodities,True,0,1995Q1,2026Q3,127,
glob_fao_sugar_idx__dyoy,glob_fao_sugar_idx,GLOBAL,dyoy,FAO Sugar Price Index (nominal) | dyoy: yoy_t - yoy_t-4,GLOBAL,commodities,True,0,1995Q1,2026Q3,127,
glob_fao_vegoils_idx__yoy,glob_fao_vegoils_idx,GLOBAL,yoy,FAO Vegetable Oil Price Index (nominal) | yoy: 100*ln(x_t/x_t-4),GLOBAL,commodities,True,0,1995Q1,2026Q3,127,
glob_fao_vegoils_idx__dyoy,glob_fao_vegoils_idx,GLOBAL,dyoy,FAO Vegetable Oil Price Index (nominal) | dyoy: yoy_t - yoy_t-4,GLOBAL,commodities,True,0,1995Q1,2026Q3,127,
glob_fx_usd_broad_idx__yoy,glob_fx_usd_broad_idx,GLOBAL,yoy,"Nominal broad US dollar index (trade-weighted, goods and services), monthly average; higher = stronger USD | yoy: 100*ln(x_t/x_t-4)",US,fx,False,0,1995Q1,2026Q3,127,
glob_fx_usd_broad_idx__dyoy,glob_fx_usd_broad_idx,GLOBAL,dyoy,"Nominal broad US dollar index (trade-weighted, goods and services), monthly average; higher = stronger USD | dyoy: yoy_t - yoy_t-4",US,fx,False,0,1995Q1,2026Q3,127,
glob_gscpi__lvl,glob_gscpi,GLOBAL,lvl,"NY Fed Global Supply Chain Pressure Index (freight costs, delivery times, backlogs, inventories from PMIs + BDI/Harpex/airfreight) | lvl (survey balance / confidence / diffusion index): quarterly value",GLOBAL,packaging_freight,True,0,1998Q1,2026Q2,114,
glob_gscpi__d4,glob_gscpi,GLOBAL,d4,"NY Fed Global Supply Chain Pressure Index (freight costs, delivery times, backlogs, inventories from PMIs + BDI/Harpex/airfreight) | d4 (survey balance / confidence / diffusion index): x_t - x_t-4",GLOBAL,packaging_freight,True,0,1999Q1,2026Q2,110,
glob_imf_allcomm_idx__yoy,glob_imf_allcomm_idx,GLOBAL,yoy,"IMF Global price of All Commodities index (IMF Primary Commodity Prices, via FRED) | yoy: 100*ln(x_t/x_t-4)",GLOBAL,commodities,False,1,1995Q1,2026Q2,126,
glob_imf_allcomm_idx__dyoy,glob_imf_allcomm_idx,GLOBAL,dyoy,"IMF Global price of All Commodities index (IMF Primary Commodity Prices, via FRED) | dyoy: yoy_t - yoy_t-4",GLOBAL,commodities,False,1,1995Q1,2026Q2,126,
glob_imf_food_idx__yoy,glob_imf_food_idx,GLOBAL,yoy,"IMF Global price of Food index (IMF Primary Commodity Prices, via FRED) | yoy: 100*ln(x_t/x_t-4)",GLOBAL,commodities,False,1,1995Q1,2026Q2,126,
glob_imf_food_idx__dyoy,glob_imf_food_idx,GLOBAL,dyoy,"IMF Global price of Food index (IMF Primary Commodity Prices, via FRED) | dyoy: yoy_t - yoy_t-4",GLOBAL,commodities,False,1,1995Q1,2026Q2,126,
glob_imf_foodbev_idx__yoy,glob_imf_foodbev_idx,GLOBAL,yoy,"IMF Global price of Food and Beverage index (IMF Primary Commodity Prices, via FRED) | yoy: 100*ln(x_t/x_t-4)",GLOBAL,commodities,False,1,1995Q1,2026Q2,126,
glob_imf_foodbev_idx__dyoy,glob_imf_foodbev_idx,GLOBAL,dyoy,"IMF Global price of Food and Beverage index (IMF Primary Commodity Prices, via FRED) | dyoy: yoy_t - yoy_t-4",GLOBAL,commodities,False,1,1995Q1,2026Q2,126,
glob_wb_agri_idx__yoy,glob_wb_agri_idx,GLOBAL,yoy,World Bank commodity price index: Agriculture (nominal USD) | yoy: 100*ln(x_t/x_t-4),GLOBAL,commodities,False,0,1995Q1,2026Q3,127,
glob_wb_agri_idx__dyoy,glob_wb_agri_idx,GLOBAL,dyoy,World Bank commodity price index: Agriculture (nominal USD) | dyoy: yoy_t - yoy_t-4,GLOBAL,commodities,False,0,1995Q1,2026Q3,127,
glob_wb_aluminum__yoy,glob_wb_aluminum,GLOBAL,yoy,"World Bank: Aluminum, LME primary ingots 99.7% (packaging cans/foil proxy) | yoy: 100*ln(x_t/x_t-4)",GLOBAL,packaging_freight,False,0,1995Q1,2026Q3,127,
glob_wb_aluminum__dyoy,glob_wb_aluminum,GLOBAL,dyoy,"World Bank: Aluminum, LME primary ingots 99.7% (packaging cans/foil proxy) | dyoy: yoy_t - yoy_t-4",GLOBAL,packaging_freight,False,0,1995Q1,2026Q3,127,
glob_wb_banana_eu__yoy,glob_wb_banana_eu,GLOBAL,yoy,"World Bank: Bananas, EU import price | yoy: 100*ln(x_t/x_t-4)",GLOBAL,commodities,False,0,1998Q1,2026Q3,115,
glob_wb_banana_eu__dyoy,glob_wb_banana_eu,GLOBAL,dyoy,"World Bank: Bananas, EU import price | dyoy: yoy_t - yoy_t-4",GLOBAL,commodities,False,0,1999Q1,2026Q3,111,
glob_wb_barley__yoy,glob_wb_barley,GLOBAL,yoy,World Bank: Barley (US feed No.2 Minneapolis from 2012-05; Canadian feed before) | yoy: 100*ln(x_t/x_t-4),GLOBAL,commodities,False,0,1995Q1,2020Q2,97,discontinued by the World Bank after 2020-08; yoy NaN across break(s): Canadian -> US feed barley 2012-05 (catalog)
glob_wb_barley__dyoy,glob_wb_barley,GLOBAL,dyoy,World Bank: Barley (US feed No.2 Minneapolis from 2012-05; Canadian feed before) | dyoy: yoy_t - yoy_t-4,GLOBAL,commodities,False,0,1995Q1,2020Q2,93,discontinued by the World Bank after 2020-08; yoy NaN across break(s): Canadian -> US feed barley 2012-05 (catalog)
glob_wb_beef__yoy,glob_wb_beef,GLOBAL,yoy,World Bank: Beef (NZ 90% lean CIF US from 2024; Australian/NZ before) | yoy: 100*ln(x_t/x_t-4),GLOBAL,commodities,False,0,1995Q1,2026Q3,127,replacement series Sep-2021 and Jan-2024 (no visible step; not masked)
glob_wb_beef__dyoy,glob_wb_beef,GLOBAL,dyoy,World Bank: Beef (NZ 90% lean CIF US from 2024; Australian/NZ before) | dyoy: yoy_t - yoy_t-4,GLOBAL,commodities,False,0,1995Q1,2026Q3,127,replacement series Sep-2021 and Jan-2024 (no visible step; not masked)
glob_wb_beverages_idx__yoy,glob_wb_beverages_idx,GLOBAL,yoy,World Bank commodity price index: Beverages (nominal USD) | yoy: 100*ln(x_t/x_t-4),GLOBAL,commodities,False,0,1995Q1,2026Q3,127,
glob_wb_beverages_idx__dyoy,glob_wb_beverages_idx,GLOBAL,dyoy,World Bank commodity price index: Beverages (nominal USD) | dyoy: yoy_t - yoy_t-4,GLOBAL,commodities,False,0,1995Q1,2026Q3,127,
glob_wb_brent__yoy,glob_wb_brent,GLOBAL,yoy,"World Bank: Crude oil, UK Brent 38 API, spot | yoy: 100*ln(x_t/x_t-4)",GLOBAL,energy,False,0,1995Q1,2026Q3,127,
glob_wb_brent__dyoy,glob_wb_brent,GLOBAL,dyoy,"World Bank: Crude oil, UK Brent 38 API, spot | dyoy: yoy_t - yoy_t-4",GLOBAL,energy,False,0,1995Q1,2026Q3,127,
glob_wb_chicken__yoy,glob_wb_chicken,GLOBAL,yoy,World Bank: Chicken (Brazil wholesale frozen from 2021-09; US broiler before) | yoy: 100*ln(x_t/x_t-4),GLOBAL,commodities,False,0,1995Q1,2026Q3,122,"yoy NaN across break(s): source US->Brazil 2021-09, -26% level step (qa_C 16)"
glob_wb_chicken__dyoy,glob_wb_chicken,GLOBAL,dyoy,World Bank: Chicken (Brazil wholesale frozen from 2021-09; US broiler before) | dyoy: yoy_t - yoy_t-4,GLOBAL,commodities,False,0,1995Q1,2026Q3,118,"yoy NaN across break(s): source US->Brazil 2021-09, -26% level step (qa_C 16)"
glob_wb_coal_aus__yoy,glob_wb_coal_aus,GLOBAL,yoy,"World Bank: Coal, Australia thermal FOB Newcastle 6000 kcal/kg | yoy: 100*ln(x_t/x_t-4)",GLOBAL,energy,False,0,1995Q1,2026Q3,127,
glob_wb_coal_aus__dyoy,glob_wb_coal_aus,GLOBAL,dyoy,"World Bank: Coal, Australia thermal FOB Newcastle 6000 kcal/kg | dyoy: yoy_t - yoy_t-4",GLOBAL,energy,False,0,1995Q1,2026Q3,127,
glob_wb_cocoa__yoy,glob_wb_cocoa,GLOBAL,yoy,"World Bank: Cocoa, ICCO daily price (NY/London futures avg) | yoy: 100*ln(x_t/x_t-4)",GLOBAL,commodities,False,0,1995Q1,2026Q3,127,
glob_wb_cocoa__dyoy,glob_wb_cocoa,GLOBAL,dyoy,"World Bank: Cocoa, ICCO daily price (NY/London futures avg) | dyoy: yoy_t - yoy_t-4",GLOBAL,commodities,False,0,1995Q1,2026Q3,127,
glob_wb_coffee_arabica__yoy,glob_wb_coffee_arabica,GLOBAL,yoy,"World Bank: Coffee, Arabica, ICO other mild Arabicas, ex-dock | yoy: 100*ln(x_t/x_t-4)",GLOBAL,commodities,False,0,1995Q1,2026Q3,127,
glob_wb_coffee_arabica__dyoy,glob_wb_coffee_arabica,GLOBAL,dyoy,"World Bank: Coffee, Arabica, ICO other mild Arabicas, ex-dock | dyoy: yoy_t - yoy_t-4",GLOBAL,commodities,False,0,1995Q1,2026Q3,127,
glob_wb_coffee_robusta__yoy,glob_wb_coffee_robusta,GLOBAL,yoy,"World Bank: Coffee, Robusta, ICO indicator, ex-dock | yoy: 100*ln(x_t/x_t-4)",GLOBAL,commodities,False,0,1995Q1,2026Q3,127,
glob_wb_coffee_robusta__dyoy,glob_wb_coffee_robusta,GLOBAL,dyoy,"World Bank: Coffee, Robusta, ICO indicator, ex-dock | dyoy: yoy_t - yoy_t-4",GLOBAL,commodities,False,0,1995Q1,2026Q3,127,
glob_wb_dap__yoy,glob_wb_dap,GLOBAL,yoy,"World Bank: DAP (diammonium phosphate), spot FOB US Gulf | yoy: 100*ln(x_t/x_t-4)",GLOBAL,commodities,False,0,1995Q1,2026Q3,127,
glob_wb_dap__dyoy,glob_wb_dap,GLOBAL,dyoy,"World Bank: DAP (diammonium phosphate), spot FOB US Gulf | dyoy: yoy_t - yoy_t-4",GLOBAL,commodities,False,0,1995Q1,2026Q3,127,
glob_wb_energy_idx__yoy,glob_wb_energy_idx,GLOBAL,yoy,World Bank commodity price index: Energy (nominal USD) | yoy: 100*ln(x_t/x_t-4),GLOBAL,energy,False,0,1995Q1,2026Q3,127,
glob_wb_energy_idx__dyoy,glob_wb_energy_idx,GLOBAL,dyoy,World Bank commodity price index: Energy (nominal USD) | dyoy: yoy_t - yoy_t-4,GLOBAL,energy,False,0,1995Q1,2026Q3,127,
glob_wb_fertilizers_idx__yoy,glob_wb_fertilizers_idx,GLOBAL,yoy,World Bank commodity price index: Fertilizers (nominal USD) | yoy: 100*ln(x_t/x_t-4),GLOBAL,commodities,False,0,1995Q1,2026Q3,127,
glob_wb_fertilizers_idx__dyoy,glob_wb_fertilizers_idx,GLOBAL,dyoy,World Bank commodity price index: Fertilizers (nominal USD) | dyoy: yoy_t - yoy_t-4,GLOBAL,commodities,False,0,1995Q1,2026Q3,127,
glob_wb_food_idx__yoy,glob_wb_food_idx,GLOBAL,yoy,World Bank commodity price index: Food (nominal USD) | yoy: 100*ln(x_t/x_t-4),GLOBAL,commodities,True,0,1995Q1,2026Q3,127,
glob_wb_food_idx__dyoy,glob_wb_food_idx,GLOBAL,dyoy,World Bank commodity price index: Food (nominal USD) | dyoy: yoy_t - yoy_t-4,GLOBAL,commodities,True,0,1995Q1,2026Q3,127,
glob_wb_food_idx_eur__yoy,glob_wb_food_idx_eur,GLOBAL,yoy,World Bank food price index converted to EUR (local-currency import-cost pressure) | yoy: 100*ln(x_t/x_t-4),GLOBAL,commodities,True,0,2000Q1,2026Q3,107,
glob_wb_food_idx_eur__dyoy,glob_wb_food_idx_eur,GLOBAL,dyoy,World Bank food price index converted to EUR (local-currency import-cost pressure) | dyoy: yoy_t - yoy_t-4,GLOBAL,commodities,True,0,2001Q1,2026Q3,103,
glob_wb_food_idx_nok__yoy,glob_wb_food_idx_nok,GLOBAL,yoy,World Bank food price index converted to NOK (local-currency import-cost pressure) | yoy: 100*ln(x_t/x_t-4),GLOBAL,commodities,True,0,1995Q1,2026Q3,127,
glob_wb_food_idx_nok__dyoy,glob_wb_food_idx_nok,GLOBAL,dyoy,World Bank food price index converted to NOK (local-currency import-cost pressure) | dyoy: yoy_t - yoy_t-4,GLOBAL,commodities,True,0,1995Q1,2026Q3,127,
glob_wb_grains_idx__yoy,glob_wb_grains_idx,GLOBAL,yoy,World Bank commodity price index: Grains (nominal USD) | yoy: 100*ln(x_t/x_t-4),GLOBAL,commodities,False,0,1995Q1,2026Q3,127,
glob_wb_grains_idx__dyoy,glob_wb_grains_idx,GLOBAL,dyoy,World Bank commodity price index: Grains (nominal USD) | dyoy: yoy_t - yoy_t-4,GLOBAL,commodities,False,0,1995Q1,2026Q3,127,
glob_wb_maize__yoy,glob_wb_maize,GLOBAL,yoy,"World Bank: Maize, US No.2 yellow, FOB US Gulf | yoy: 100*ln(x_t/x_t-4)",GLOBAL,commodities,False,0,1995Q1,2026Q3,127,
glob_wb_maize__dyoy,glob_wb_maize,GLOBAL,dyoy,"World Bank: Maize, US No.2 yellow, FOB US Gulf | dyoy: yoy_t - yoy_t-4",GLOBAL,commodities,False,0,1995Q1,2026Q3,127,
glob_wb_metals_idx__yoy,glob_wb_metals_idx,GLOBAL,yoy,World Bank commodity price index: Metals & Minerals (nominal USD) | yoy: 100*ln(x_t/x_t-4),GLOBAL,commodities,False,0,1995Q1,2026Q3,127,
glob_wb_metals_idx__dyoy,glob_wb_metals_idx,GLOBAL,dyoy,World Bank commodity price index: Metals & Minerals (nominal USD) | dyoy: yoy_t - yoy_t-4,GLOBAL,commodities,False,0,1995Q1,2026Q3,127,
glob_wb_natgas_eu__yoy,glob_wb_natgas_eu,GLOBAL,yoy,World Bank: Natural gas Europe (Netherlands TTF from 2015-04; avg import border price before) | yoy: 100*ln(x_t/x_t-4),GLOBAL,energy,False,0,1995Q1,2026Q3,114,"yoy NaN across break(s): definition changes: import border price from 2000-06, incl. spot 2010-04, TTF 2015-04 (qa_C 16)"
glob_wb_natgas_eu__dyoy,glob_wb_natgas_eu,GLOBAL,dyoy,World Bank: Natural gas Europe (Netherlands TTF from 2015-04; avg import border price before) | dyoy: yoy_t - yoy_t-4,GLOBAL,energy,False,0,1995Q1,2026Q3,102,"yoy NaN across break(s): definition changes: import border price from 2000-06, incl. spot 2010-04, TTF 2015-04 (qa_C 16)"
glob_wb_nonenergy_idx__yoy,glob_wb_nonenergy_idx,GLOBAL,yoy,World Bank commodity price index: Non-energy (nominal USD) | yoy: 100*ln(x_t/x_t-4),GLOBAL,commodities,False,0,1995Q1,2026Q3,127,
glob_wb_nonenergy_idx__dyoy,glob_wb_nonenergy_idx,GLOBAL,dyoy,World Bank commodity price index: Non-energy (nominal USD) | dyoy: yoy_t - yoy_t-4,GLOBAL,commodities,False,0,1995Q1,2026Q3,127,
glob_wb_oilsmeals_idx__yoy,glob_wb_oilsmeals_idx,GLOBAL,yoy,World Bank commodity price index: Oils & Meals (nominal USD) | yoy: 100*ln(x_t/x_t-4),GLOBAL,commodities,False,0,1995Q1,2026Q3,127,
glob_wb_oilsmeals_idx__dyoy,glob_wb_oilsmeals_idx,GLOBAL,dyoy,World Bank commodity price index: Oils & Meals (nominal USD) | dyoy: yoy_t - yoy_t-4,GLOBAL,commodities,False,0,1995Q1,2026Q3,127,
glob_wb_orange__yoy,glob_wb_orange,GLOBAL,yoy,"World Bank: Oranges, Mediterranean navel, EU indicative import price CIF Paris | yoy: 100*ln(x_t/x_t-4)",GLOBAL,commodities,False,0,1995Q1,2026Q3,127,
glob_wb_orange__dyoy,glob_wb_orange,GLOBAL,dyoy,"World Bank: Oranges, Mediterranean navel, EU indicative import price CIF Paris | dyoy: yoy_t - yoy_t-4",GLOBAL,commodities,False,0,1995Q1,2026Q3,127,
glob_wb_otherfood_idx__yoy,glob_wb_otherfood_idx,GLOBAL,yoy,World Bank commodity price index: Other Food (nominal USD) | yoy: 100*ln(x_t/x_t-4),GLOBAL,commodities,False,0,1995Q1,2026Q3,127,
glob_wb_otherfood_idx__dyoy,glob_wb_otherfood_idx,GLOBAL,dyoy,World Bank commodity price index: Other Food (nominal USD) | dyoy: yoy_t - yoy_t-4,GLOBAL,commodities,False,0,1995Q1,2026Q3,127,
glob_wb_palm_oil__yoy,glob_wb_palm_oil,GLOBAL,yoy,"World Bank: Palm oil, Malaysia (RBD/crude; basis changed several times) | yoy: 100*ln(x_t/x_t-4)",GLOBAL,commodities,False,0,1995Q1,2024Q3,107,"yoy NaN across break(s): several basis changes (2001-07, 2021 [month unknown], 2024-11, 2025-02, 2026-01) (qa_C 16)"
glob_wb_palm_oil__dyoy,glob_wb_palm_oil,GLOBAL,dyoy,"World Bank: Palm oil, Malaysia (RBD/crude; basis changed several times) | dyoy: yoy_t - yoy_t-4",GLOBAL,commodities,False,0,1995Q1,2024Q3,99,"yoy NaN across break(s): several basis changes (2001-07, 2021 [month unknown], 2024-11, 2025-02, 2026-01) (qa_C 16)"
glob_wb_rapeseed_oil__yoy,glob_wb_rapeseed_oil,GLOBAL,yoy,"World Bank: Rapeseed oil, Dutch, FOB Rotterdam | yoy: 100*ln(x_t/x_t-4)",GLOBAL,commodities,False,0,2003Q2,2026Q3,94,
glob_wb_rapeseed_oil__dyoy,glob_wb_rapeseed_oil,GLOBAL,dyoy,"World Bank: Rapeseed oil, Dutch, FOB Rotterdam | dyoy: yoy_t - yoy_t-4",GLOBAL,commodities,False,0,2004Q2,2026Q3,90,
glob_wb_rawmat_idx__yoy,glob_wb_rawmat_idx,GLOBAL,yoy,World Bank commodity price index: Raw Materials (nominal USD) | yoy: 100*ln(x_t/x_t-4),GLOBAL,commodities,False,0,1995Q1,2026Q3,127,
glob_wb_rawmat_idx__dyoy,glob_wb_rawmat_idx,GLOBAL,dyoy,World Bank commodity price index: Raw Materials (nominal USD) | dyoy: yoy_t - yoy_t-4,GLOBAL,commodities,False,0,1995Q1,2026Q3,127,
glob_wb_rice_thai5__yoy,glob_wb_rice_thai5,GLOBAL,yoy,"World Bank: Rice, Thai 5% broken white, FOB Bangkok | yoy: 100*ln(x_t/x_t-4)",GLOBAL,commodities,False,0,1995Q1,2026Q3,127,
glob_wb_rice_thai5__dyoy,glob_wb_rice_thai5,GLOBAL,dyoy,"World Bank: Rice, Thai 5% broken white, FOB Bangkok | dyoy: yoy_t - yoy_t-4",GLOBAL,commodities,False,0,1995Q1,2026Q3,127,
glob_wb_soybean_oil__yoy,glob_wb_soybean_oil,GLOBAL,yoy,World Bank: Soybean oil (Dutch crude degummed FOB NW Europe to 2024; US Gulf from 2025-01) | yoy: 100*ln(x_t/x_t-4),GLOBAL,commodities,False,0,1995Q1,2026Q3,123,yoy NaN across break(s): basis Dutch->US Gulf 2025-01 (qa_C 16)
glob_wb_soybean_oil__dyoy,glob_wb_soybean_oil,GLOBAL,dyoy,World Bank: Soybean oil (Dutch crude degummed FOB NW Europe to 2024; US Gulf from 2025-01) | dyoy: yoy_t - yoy_t-4,GLOBAL,commodities,False,0,1995Q1,2024Q4,120,yoy NaN across break(s): basis Dutch->US Gulf 2025-01 (qa_C 16)
glob_wb_soybeans__yoy,glob_wb_soybeans,GLOBAL,yoy,"World Bank: Soybeans (US origin; delivery basis changed 2021, 2025) | yoy: 100*ln(x_t/x_t-4)",GLOBAL,commodities,False,0,1995Q1,2026Q3,127,delivery-basis changes 2021/2025 (no visible step; not masked)
glob_wb_soybeans__dyoy,glob_wb_soybeans,GLOBAL,dyoy,"World Bank: Soybeans (US origin; delivery basis changed 2021, 2025) | dyoy: yoy_t - yoy_t-4",GLOBAL,commodities,False,0,1995Q1,2026Q3,127,delivery-basis changes 2021/2025 (no visible step; not masked)
glob_wb_sugar_eu__yoy,glob_wb_sugar_eu,GLOBAL,yoy,"World Bank: Sugar, EU negotiated import price for raw ACP sugar, CIF European ports | yoy: 100*ln(x_t/x_t-4)",GLOBAL,commodities,False,0,1995Q1,2026Q3,127,
glob_wb_sugar_eu__dyoy,glob_wb_sugar_eu,GLOBAL,dyoy,"World Bank: Sugar, EU negotiated import price for raw ACP sugar, CIF European ports | dyoy: yoy_t - yoy_t-4",GLOBAL,commodities,False,0,1995Q1,2026Q3,127,
glob_wb_sugar_world__yoy,glob_wb_sugar_world,GLOBAL,yoy,"World Bank: Sugar, ISA daily price raw, FOB Caribbean | yoy: 100*ln(x_t/x_t-4)",GLOBAL,commodities,False,0,1995Q1,2026Q3,127,
glob_wb_sugar_world__dyoy,glob_wb_sugar_world,GLOBAL,dyoy,"World Bank: Sugar, ISA daily price raw, FOB Caribbean | dyoy: yoy_t - yoy_t-4",GLOBAL,commodities,False,0,1995Q1,2026Q3,127,
glob_wb_sunflower_oil__yoy,glob_wb_sunflower_oil,GLOBAL,yoy,"World Bank: Sunflower oil, EU/NW Europe FOB Rotterdam | yoy: 100*ln(x_t/x_t-4)",GLOBAL,commodities,False,0,2003Q2,2026Q3,92,
glob_wb_sunflower_oil__dyoy,glob_wb_sunflower_oil,GLOBAL,dyoy,"World Bank: Sunflower oil, EU/NW Europe FOB Rotterdam | dyoy: yoy_t - yoy_t-4",GLOBAL,commodities,False,0,2004Q2,2026Q3,88,
glob_wb_tea__yoy,glob_wb_tea,GLOBAL,yoy,"World Bank: Tea, average of Kolkata, Colombo and Mombasa auctions | yoy: 100*ln(x_t/x_t-4)",GLOBAL,commodities,False,0,1995Q1,2026Q3,127,
glob_wb_tea__dyoy,glob_wb_tea,GLOBAL,dyoy,"World Bank: Tea, average of Kolkata, Colombo and Mombasa auctions | dyoy: yoy_t - yoy_t-4",GLOBAL,commodities,False,0,1995Q1,2026Q3,127,
glob_wb_tin__yoy,glob_wb_tin,GLOBAL,yoy,"World Bank: Tin, LME refined 99.85% (tinplate/food can proxy) | yoy: 100*ln(x_t/x_t-4)",GLOBAL,packaging_freight,False,0,1995Q1,2026Q3,127,
glob_wb_tin__dyoy,glob_wb_tin,GLOBAL,dyoy,"World Bank: Tin, LME refined 99.85% (tinplate/food can proxy) | dyoy: yoy_t - yoy_t-4",GLOBAL,packaging_freight,False,0,1995Q1,2026Q3,127,
glob_wb_urea__yoy,glob_wb_urea,GLOBAL,yoy,"World Bank: Urea, prill FOB Middle East (Black Sea before 2022-03) | yoy: 100*ln(x_t/x_t-4)",GLOBAL,commodities,False,0,1995Q1,2026Q3,127,
glob_wb_urea__dyoy,glob_wb_urea,GLOBAL,dyoy,"World Bank: Urea, prill FOB Middle East (Black Sea before 2022-03) | dyoy: yoy_t - yoy_t-4",GLOBAL,commodities,False,0,1995Q1,2026Q3,127,
glob_wb_wheat_us_hrw__yoy,glob_wb_wheat_us_hrw,GLOBAL,yoy,"World Bank: Wheat, US No.2 Hard Red Winter, export price US Gulf | yoy: 100*ln(x_t/x_t-4)",GLOBAL,commodities,False,0,1995Q1,2026Q3,127,
glob_wb_wheat_us_hrw__dyoy,glob_wb_wheat_us_hrw,GLOBAL,dyoy,"World Bank: Wheat, US No.2 Hard Red Winter, export price US Gulf | dyoy: yoy_t - yoy_t-4",GLOBAL,commodities,False,0,1995Q1,2026Q3,127,
glob_wb_wheat_us_srw__yoy,glob_wb_wheat_us_srw,GLOBAL,yoy,"World Bank: Wheat, US No.2 Soft Red Winter, export price US Gulf | yoy: 100*ln(x_t/x_t-4)",GLOBAL,commodities,False,0,1995Q1,2026Q3,127,
glob_wb_wheat_us_srw__dyoy,glob_wb_wheat_us_srw,GLOBAL,dyoy,"World Bank: Wheat, US No.2 Soft Red Winter, export price US Gulf | dyoy: yoy_t - yoy_t-4",GLOBAL,commodities,False,0,1995Q1,2026Q3,127,
no_elspot_country_avg_price__yoy,no_elspot_country_avg_price,GLOBAL,yoy,"Norway day-ahead electricity price, load-weighted average of bidding zones NO1-NO5, monthly average | yoy: 100*ln(x_t/x_t-4)",NO,energy,False,0,2016Q1,2026Q3,43,
no_elspot_country_avg_price__dyoy,no_elspot_country_avg_price,GLOBAL,dyoy,"Norway day-ahead electricity price, load-weighted average of bidding zones NO1-NO5, monthly average | dyoy: yoy_t - yoy_t-4",NO,energy,False,0,2017Q1,2026Q3,39,
us_fed_funds_rate__lvl,us_fed_funds_rate,GLOBAL,lvl,"US effective federal funds rate, monthly average | lvl (interest rate / yield (percent)): quarterly value",US,rates,False,0,1995Q1,2026Q3,127,
us_fed_funds_rate__d4,us_fed_funds_rate,GLOBAL,d4,"US effective federal funds rate, monthly average | d4 (interest rate / yield (percent)): x_t - x_t-4",US,rates,False,0,1995Q1,2026Q3,127,
us_ppi_corrugated_boxes_idx__yoy,us_ppi_corrugated_boxes_idx,GLOBAL,yoy,US PPI: Corrugated and solid fiber box manufacturing (packaging/freight cost proxy) | yoy: 100*ln(x_t/x_t-4),US,packaging_freight,True,1,1995Q1,2026Q2,126,
us_ppi_corrugated_boxes_idx__dyoy,us_ppi_corrugated_boxes_idx,GLOBAL,dyoy,US PPI: Corrugated and solid fiber box manufacturing (packaging/freight cost proxy) | dyoy: yoy_t - yoy_t-4,US,packaging_freight,True,1,1995Q1,2026Q2,126,
us_ppi_deep_sea_freight_idx__yoy,us_ppi_deep_sea_freight_idx,GLOBAL,yoy,US PPI: Deep sea freight transportation (ocean freight cost proxy) (packaging/freight cost proxy) | yoy: 100*ln(x_t/x_t-4),US,packaging_freight,False,1,1995Q1,2026Q2,126,
us_ppi_deep_sea_freight_idx__dyoy,us_ppi_deep_sea_freight_idx,GLOBAL,dyoy,US PPI: Deep sea freight transportation (ocean freight cost proxy) (packaging/freight cost proxy) | dyoy: yoy_t - yoy_t-4,US,packaging_freight,False,1,1995Q1,2026Q2,126,
us_ppi_glass_containers_idx__yoy,us_ppi_glass_containers_idx,GLOBAL,yoy,US PPI: Glass container manufacturing (packaging/freight cost proxy) | yoy: 100*ln(x_t/x_t-4),US,packaging_freight,False,1,1995Q1,2026Q2,126,
us_ppi_glass_containers_idx__dyoy,us_ppi_glass_containers_idx,GLOBAL,dyoy,US PPI: Glass container manufacturing (packaging/freight cost proxy) | dyoy: yoy_t - yoy_t-4,US,packaging_freight,False,1,1995Q1,2026Q2,126,
us_ppi_metal_cans_idx__yoy,us_ppi_metal_cans_idx,GLOBAL,yoy,US PPI: Metal can manufacturing (packaging/freight cost proxy) | yoy: 100*ln(x_t/x_t-4),US,packaging_freight,False,1,1995Q1,2026Q2,126,
us_ppi_metal_cans_idx__dyoy,us_ppi_metal_cans_idx,GLOBAL,dyoy,US PPI: Metal can manufacturing (packaging/freight cost proxy) | dyoy: yoy_t - yoy_t-4,US,packaging_freight,False,1,1995Q1,2026Q2,126,
us_ppi_plastic_resins_idx__yoy,us_ppi_plastic_resins_idx,GLOBAL,yoy,US PPI: Plastics material and resins manufacturing (packaging/freight cost proxy) | yoy: 100*ln(x_t/x_t-4),US,packaging_freight,True,1,1995Q1,2026Q2,126,
us_ppi_plastic_resins_idx__dyoy,us_ppi_plastic_resins_idx,GLOBAL,dyoy,US PPI: Plastics material and resins manufacturing (packaging/freight cost proxy) | dyoy: yoy_t - yoy_t-4,US,packaging_freight,True,1,1995Q1,2026Q2,126,
us_ppi_wood_pulp_idx__yoy,us_ppi_wood_pulp_idx,GLOBAL,yoy,US PPI commodity: Wood pulp (packaging/freight cost proxy) | yoy: 100*ln(x_t/x_t-4),US,packaging_freight,False,1,1995Q1,2026Q2,126,
us_ppi_wood_pulp_idx__dyoy,us_ppi_wood_pulp_idx,GLOBAL,dyoy,US PPI commodity: Wood pulp (packaging/freight cost proxy) | dyoy: yoy_t - yoy_t-4,US,packaging_freight,False,1,1995Q1,2026Q2,126,
us_treasury_10y__lvl,us_treasury_10y,GLOBAL,lvl,"US 10-year Treasury constant maturity yield, monthly average | lvl (interest rate / yield (percent)): quarterly value",US,rates,False,0,1995Q1,2026Q3,127,
us_treasury_10y__d4,us_treasury_10y,GLOBAL,d4,"US 10-year Treasury constant maturity yield, monthly average | d4 (interest rate / yield (percent)): x_t - x_t-4",US,rates,False,0,1995Q1,2026Q3,127,
w_food_cpi_yoy,"at_hicp_food_idx,cz_hicp_food_idx,de_hicp_food_idx,dk_hicp_food_idx,ee_hicp_food_idx,fi_hicp_food_idx,hu_hicp_food_idx,lt_hicp_food_idx,lv_hicp_food_idx,no_cpi_food_idx,pl_hicp_food_idx,ro_hicp_food_idx,se_cpi_food_idx,sk_hicp_food_idx",COMPOSITE,yoy,"Orkla-weighted food CPI inflation (national CPI food NO/SE, HICP CP011 EU countries) [yoy; countries: NO,SE,DK,FI,EE,LV,LT,CZ,SK,AT,HU,RO,PL,DE]",W,consumer_prices,True,1,1997Q1,2026Q2,118,"Orkla Foods time-varying country weights renormalised over countries with data; NaN if covered revenue share < max(40%, 80% of the composite's 2005-2025 median coverage). India excluded (FAOSTAT food CPI: 120-day lag, 2025 FAO-imputed)."
w_food_cpi_dyoy,"at_hicp_food_idx,cz_hicp_food_idx,de_hicp_food_idx,dk_hicp_food_idx,ee_hicp_food_idx,fi_hicp_food_idx,hu_hicp_food_idx,lt_hicp_food_idx,lv_hicp_food_idx,no_cpi_food_idx,pl_hicp_food_idx,ro_hicp_food_idx,se_cpi_food_idx,sk_hicp_food_idx",COMPOSITE,dyoy,"Orkla-weighted food CPI inflation (national CPI food NO/SE, HICP CP011 EU countries) [dyoy: weighted average of country-level dyoy with weights at t; countries: NO,SE,DK,FI,EE,LV,LT,CZ,SK,AT,HU,RO,PL,DE]",W,consumer_prices,True,1,1998Q1,2026Q2,114,"Orkla Foods time-varying country weights renormalised over countries with data; NaN if covered revenue share < max(40%, 80% of the composite's 2005-2025 median coverage). India excluded (FAOSTAT food CPI: 120-day lag, 2025 FAO-imputed)."
w_cpi_yoy,"at_hicp_all_idx,cz_hicp_all_idx,de_hicp_all_idx,dk_hicp_all_idx,ee_hicp_all_idx,fi_hicp_all_idx,hu_hicp_all_idx,in_cpi_all_idx,lt_hicp_all_idx,lv_hicp_all_idx,no_cpi_total_idx,pl_hicp_all_idx,ro_hicp_all_idx,se_cpi_idx,sk_hicp_all_idx",COMPOSITE,yoy,"Orkla-weighted headline CPI inflation (CPI NO/SE, HICP all items EU, CPI India) [yoy; countries: NO,SE,DK,FI,EE,LV,LT,CZ,SK,AT,HU,RO,PL,DE,IN]",W,consumer_prices,True,1,1997Q1,2026Q2,118,"Orkla Foods time-varying country weights renormalised over countries with data; NaN if covered revenue share < max(40%, 80% of the composite's 2005-2025 median coverage)."
w_cpi_dyoy,"at_hicp_all_idx,cz_hicp_all_idx,de_hicp_all_idx,dk_hicp_all_idx,ee_hicp_all_idx,fi_hicp_all_idx,hu_hicp_all_idx,in_cpi_all_idx,lt_hicp_all_idx,lv_hicp_all_idx,no_cpi_total_idx,pl_hicp_all_idx,ro_hicp_all_idx,se_cpi_idx,sk_hicp_all_idx",COMPOSITE,dyoy,"Orkla-weighted headline CPI inflation (CPI NO/SE, HICP all items EU, CPI India) [dyoy: weighted average of country-level dyoy with weights at t; countries: NO,SE,DK,FI,EE,LV,LT,CZ,SK,AT,HU,RO,PL,DE,IN]",W,consumer_prices,True,1,1998Q1,2026Q2,114,"Orkla Foods time-varying country weights renormalised over countries with data; NaN if covered revenue share < max(40%, 80% of the composite's 2005-2025 median coverage)."
w_food_cpi_rel_yoy,"at_hicp_all_idx,at_hicp_food_idx,cz_hicp_all_idx,cz_hicp_food_idx,de_hicp_all_idx,de_hicp_food_idx,dk_hicp_all_idx,dk_hicp_food_idx,ee_hicp_all_idx,ee_hicp_food_idx,fi_hicp_all_idx,fi_hicp_food_idx,hu_hicp_all_idx,hu_hicp_food_idx,lt_hicp_all_idx,lt_hicp_food_idx,lv_hicp_all_idx,lv_hicp_food_idx,no_cpi_food_idx,no_cpi_total_idx,pl_hicp_all_idx,pl_hicp_food_idx,ro_hicp_all_idx,ro_hicp_food_idx,se_cpi_food_idx,se_cpi_idx,sk_hicp_all_idx,sk_hicp_food_idx",COMPOSITE,yoy,"Orkla-weighted relative food inflation (country food CPI yoy minus headline CPI yoy) [yoy; countries: NO,SE,DK,FI,EE,LV,LT,CZ,SK,AT,HU,RO,PL,DE]",W,consumer_prices,True,1,1997Q1,2026Q2,118,"Orkla Foods time-varying country weights renormalised over countries with data; NaN if covered revenue share < max(40%, 80% of the composite's 2005-2025 median coverage). India excluded (FAOSTAT food CPI: 120-day lag, 2025 FAO-imputed)."
w_food_cpi_rel_dyoy,"at_hicp_all_idx,at_hicp_food_idx,cz_hicp_all_idx,cz_hicp_food_idx,de_hicp_all_idx,de_hicp_food_idx,dk_hicp_all_idx,dk_hicp_food_idx,ee_hicp_all_idx,ee_hicp_food_idx,fi_hicp_all_idx,fi_hicp_food_idx,hu_hicp_all_idx,hu_hicp_food_idx,lt_hicp_all_idx,lt_hicp_food_idx,lv_hicp_all_idx,lv_hicp_food_idx,no_cpi_food_idx,no_cpi_total_idx,pl_hicp_all_idx,pl_hicp_food_idx,ro_hicp_all_idx,ro_hicp_food_idx,se_cpi_food_idx,se_cpi_idx,sk_hicp_all_idx,sk_hicp_food_idx",COMPOSITE,dyoy,"Orkla-weighted relative food inflation (country food CPI yoy minus headline CPI yoy) [dyoy: weighted average of country-level dyoy with weights at t; countries: NO,SE,DK,FI,EE,LV,LT,CZ,SK,AT,HU,RO,PL,DE]",W,consumer_prices,True,1,1998Q1,2026Q2,114,"Orkla Foods time-varying country weights renormalised over countries with data; NaN if covered revenue share < max(40%, 80% of the composite's 2005-2025 median coverage). India excluded (FAOSTAT food CPI: 120-day lag, 2025 FAO-imputed)."
w_food_cpi_xvat_yoy,"at_hicp_food_idx,cz_hicp_food_idx,de_hicp_food_idx,dk_hicp_food_idx,ee_hicp_food_idx,fi_hicp_food_idx,hu_hicp_food_idx,lt_hicp_food_idx,lv_hicp_food_idx,no_cpi_food_idx,no_vat_food_rate,pl_hicp_food_idx,ro_hicp_food_idx,se_cpi_food_idx,se_food_vat_rate,sk_hicp_food_idx",COMPOSITE,yoy,"Orkla-weighted food CPI inflation with NO and SE adjusted for food-VAT changes (yoy - 100*ln((1+vat_t)/(1+vat_t-4))) [yoy; countries: NO,SE,DK,FI,EE,LV,LT,CZ,SK,AT,HU,RO,PL,DE]",W,consumer_prices,True,1,1997Q1,2026Q2,118,"Orkla Foods time-varying country weights renormalised over countries with data; NaN if covered revenue share < max(40%, 80% of the composite's 2005-2025 median coverage). Other countries unadjusted (no VAT history in the data). India excluded (FAOSTAT food CPI: 120-day lag, 2025 FAO-imputed)."
w_food_cpi_xvat_dyoy,"at_hicp_food_idx,cz_hicp_food_idx,de_hicp_food_idx,dk_hicp_food_idx,ee_hicp_food_idx,fi_hicp_food_idx,hu_hicp_food_idx,lt_hicp_food_idx,lv_hicp_food_idx,no_cpi_food_idx,no_vat_food_rate,pl_hicp_food_idx,ro_hicp_food_idx,se_cpi_food_idx,se_food_vat_rate,sk_hicp_food_idx",COMPOSITE,dyoy,"Orkla-weighted food CPI inflation with NO and SE adjusted for food-VAT changes (yoy - 100*ln((1+vat_t)/(1+vat_t-4))) [dyoy: weighted average of country-level dyoy with weights at t; countries: NO,SE,DK,FI,EE,LV,LT,CZ,SK,AT,HU,RO,PL,DE]",W,consumer_prices,True,1,1998Q1,2026Q2,114,"Orkla Foods time-varying country weights renormalised over countries with data; NaN if covered revenue share < max(40%, 80% of the composite's 2005-2025 median coverage). Other countries unadjusted (no VAT history in the data). India excluded (FAOSTAT food CPI: 120-day lag, 2025 FAO-imputed)."
w_wage_yoy,"at_lci_wages_idx,cz_lci_wages_idx,de_lci_wages_idx,dk_wage_idx_private_q,ee_lci_wages_idx,fi_wage_idx_q,hu_lci_wages_idx,lt_lci_wages_idx,lv_lci_wages_idx,no_lci_wages_idx,pl_lci_wages_idx,ro_lci_wages_idx,se_wage_idx_m,sk_lci_wages_idx",COMPOSITE,yoy,"Orkla-weighted nominal wage growth (LCI wages & salaries; national wage indices for SE (MI), DK (private earnings) and FI (wage & salary index)) [yoy; countries: NO,SE,DK,FI,EE,LV,LT,CZ,SK,HU,RO,PL,AT,DE]",W,wages_income,True,1,1997Q1,2026Q2,118,"Orkla Foods time-varying country weights renormalised over countries with data; NaN if covered revenue share < max(40%, 80% of the composite's 2005-2025 median coverage). LT LCI yoy NaN 2019Q1-Q4 (tax-reform level break)."
w_wage_dyoy,"at_lci_wages_idx,cz_lci_wages_idx,de_lci_wages_idx,dk_wage_idx_private_q,ee_lci_wages_idx,fi_wage_idx_q,hu_lci_wages_idx,lt_lci_wages_idx,lv_lci_wages_idx,no_lci_wages_idx,pl_lci_wages_idx,ro_lci_wages_idx,se_wage_idx_m,sk_lci_wages_idx",COMPOSITE,dyoy,"Orkla-weighted nominal wage growth (LCI wages & salaries; national wage indices for SE (MI), DK (private earnings) and FI (wage & salary index)) [dyoy: weighted average of country-level dyoy with weights at t; countries: NO,SE,DK,FI,EE,LV,LT,CZ,SK,HU,RO,PL,AT,DE]",W,wages_income,True,1,1998Q1,2026Q2,114,"Orkla Foods time-varying country weights renormalised over countries with data; NaN if covered revenue share < max(40%, 80% of the composite's 2005-2025 median coverage). LT LCI yoy NaN 2019Q1-Q4 (tax-reform level break)."
w_real_wage_yoy,"at_hicp_all_idx,at_lci_wages_idx,cz_hicp_all_idx,cz_lci_wages_idx,de_hicp_all_idx,de_lci_wages_idx,dk_hicp_all_idx,dk_wage_idx_private_q,ee_hicp_all_idx,ee_lci_wages_idx,fi_hicp_all_idx,fi_wage_idx_q,hu_hicp_all_idx,hu_lci_wages_idx,lt_hicp_all_idx,lt_lci_wages_idx,lv_hicp_all_idx,lv_lci_wages_idx,no_cpi_total_idx,no_lci_wages_idx,pl_hicp_all_idx,pl_lci_wages_idx,ro_hicp_all_idx,ro_lci_wages_idx,se_cpi_idx,se_wage_idx_m,sk_hicp_all_idx,sk_lci_wages_idx",COMPOSITE,yoy,"Orkla-weighted real wage growth (country nominal wage yoy minus headline CPI yoy, log points) [yoy; countries: NO,SE,DK,FI,EE,LV,LT,CZ,SK,HU,RO,PL,AT,DE]",W,wages_income,True,1,1997Q1,2026Q2,118,"Orkla Foods time-varying country weights renormalised over countries with data; NaN if covered revenue share < max(40%, 80% of the composite's 2005-2025 median coverage)."
w_real_wage_dyoy,"at_hicp_all_idx,at_lci_wages_idx,cz_hicp_all_idx,cz_lci_wages_idx,de_hicp_all_idx,de_lci_wages_idx,dk_hicp_all_idx,dk_wage_idx_private_q,ee_hicp_all_idx,ee_lci_wages_idx,fi_hicp_all_idx,fi_wage_idx_q,hu_hicp_all_idx,hu_lci_wages_idx,lt_hicp_all_idx,lt_lci_wages_idx,lv_hicp_all_idx,lv_lci_wages_idx,no_cpi_total_idx,no_lci_wages_idx,pl_hicp_all_idx,pl_lci_wages_idx,ro_hicp_all_idx,ro_lci_wages_idx,se_cpi_idx,se_wage_idx_m,sk_hicp_all_idx,sk_lci_wages_idx",COMPOSITE,dyoy,"Orkla-weighted real wage growth (country nominal wage yoy minus headline CPI yoy, log points) [dyoy: weighted average of country-level dyoy with weights at t; countries: NO,SE,DK,FI,EE,LV,LT,CZ,SK,HU,RO,PL,AT,DE]",W,wages_income,True,1,1998Q1,2026Q2,114,"Orkla Foods time-varying country weights renormalised over countries with data; NaN if covered revenue share < max(40%, 80% of the composite's 2005-2025 median coverage)."
w_cons_conf_z,"at_ec_cons_conf,cz_ec_cons_conf,de_ec_cons_conf,dk_ec_cons_conf,ee_ec_cons_conf,fi_ec_cons_conf,hu_ec_cons_conf,lt_ec_cons_conf,lv_ec_cons_conf,no_fn_cci_sa,pl_ec_cons_conf,ro_ec_cons_conf,se_ec_cons_conf,sk_ec_cons_conf",COMPOSITE,z,"Orkla-weighted consumer confidence, z-scored per country over 2000Q1-2025Q4 (Norway: Finans Norge Forventningsbarometer SA; others: EC consumer confidence) [z; countries: NO,SE,DK,FI,EE,LV,LT,CZ,SK,AT,HU,RO,PL,DE]",W,consumer_survey,True,0,1995Q4,2026Q3,124,"Orkla Foods time-varying country weights renormalised over countries with data; NaN if covered revenue share < max(40%, 80% of the composite's 2005-2025 median coverage). India excluded (OECD CCI only from 2012, 15-day lag)."
w_cons_conf_z_d4,"at_ec_cons_conf,cz_ec_cons_conf,de_ec_cons_conf,dk_ec_cons_conf,ee_ec_cons_conf,fi_ec_cons_conf,hu_ec_cons_conf,lt_ec_cons_conf,lv_ec_cons_conf,no_fn_cci_sa,pl_ec_cons_conf,ro_ec_cons_conf,se_ec_cons_conf,sk_ec_cons_conf",COMPOSITE,z_d4,"Orkla-weighted consumer confidence, z-scored per country over 2000Q1-2025Q4 (Norway: Finans Norge Forventningsbarometer SA; others: EC consumer confidence) [z_d4: weighted average of country-level z_d4 with weights at t; countries: NO,SE,DK,FI,EE,LV,LT,CZ,SK,AT,HU,RO,PL,DE]",W,consumer_survey,True,0,1996Q4,2026Q3,120,"Orkla Foods time-varying country weights renormalised over countries with data; NaN if covered revenue share < max(40%, 80% of the composite's 2005-2025 median coverage). India excluded (OECD CCI only from 2012, 15-day lag)."
w_retail_food_vol_yoy,"at_retail_food_vol_idx,cz_retail_food_vol_idx,de_retail_food_vol_idx,dk_retail_food_vol_idx,ee_retail_food_vol_idx,fi_retail_food_vol_idx,hu_retail_food_vol_idx,lt_retail_food_vol_idx,lv_retail_food_vol_idx,no_retail_food_vol_idx,pl_retail_food_vol_idx,ro_retail_food_vol_idx,se_retail_food_vol_idx,sk_retail_food_vol_idx",COMPOSITE,yoy,"Orkla-weighted retail sales volume growth, food, beverages & tobacco (Eurostat G47_FOOD) [yoy; countries: NO,SE,DK,FI,EE,LV,LT,CZ,SK,AT,HU,RO,PL,DE]",W,activity_retail,True,1,2001Q1,2026Q2,102,"Orkla Foods time-varying country weights renormalised over countries with data; NaN if covered revenue share < max(40%, 80% of the composite's 2005-2025 median coverage)."
w_retail_food_vol_dyoy,"at_retail_food_vol_idx,cz_retail_food_vol_idx,de_retail_food_vol_idx,dk_retail_food_vol_idx,ee_retail_food_vol_idx,fi_retail_food_vol_idx,hu_retail_food_vol_idx,lt_retail_food_vol_idx,lv_retail_food_vol_idx,no_retail_food_vol_idx,pl_retail_food_vol_idx,ro_retail_food_vol_idx,se_retail_food_vol_idx,sk_retail_food_vol_idx",COMPOSITE,dyoy,"Orkla-weighted retail sales volume growth, food, beverages & tobacco (Eurostat G47_FOOD) [dyoy: weighted average of country-level dyoy with weights at t; countries: NO,SE,DK,FI,EE,LV,LT,CZ,SK,AT,HU,RO,PL,DE]",W,activity_retail,True,1,2002Q1,2026Q2,98,"Orkla Foods time-varying country weights renormalised over countries with data; NaN if covered revenue share < max(40%, 80% of the composite's 2005-2025 median coverage)."
w_retail_total_vol_yoy,"at_retail_total_vol_idx,cz_retail_total_vol_idx,de_retail_total_vol_idx,dk_retail_total_vol_idx,ee_retail_total_vol_idx,fi_retail_total_vol_idx,hu_retail_total_vol_idx,lt_retail_total_vol_idx,lv_retail_total_vol_idx,no_retail_vol_sa_idx,pl_retail_total_vol_idx,ro_retail_total_vol_idx,se_retail_total_vol_idx,sk_retail_total_vol_idx",COMPOSITE,yoy,"Orkla-weighted total retail sales volume growth (excl. motor vehicles) [yoy; countries: NO,SE,DK,FI,EE,LV,LT,CZ,SK,AT,HU,RO,PL,DE]",W,activity_retail,True,1,2001Q1,2026Q2,102,"Orkla Foods time-varying country weights renormalised over countries with data; NaN if covered revenue share < max(40%, 80% of the composite's 2005-2025 median coverage)."
w_retail_total_vol_dyoy,"at_retail_total_vol_idx,cz_retail_total_vol_idx,de_retail_total_vol_idx,dk_retail_total_vol_idx,ee_retail_total_vol_idx,fi_retail_total_vol_idx,hu_retail_total_vol_idx,lt_retail_total_vol_idx,lv_retail_total_vol_idx,no_retail_vol_sa_idx,pl_retail_total_vol_idx,ro_retail_total_vol_idx,se_retail_total_vol_idx,sk_retail_total_vol_idx",COMPOSITE,dyoy,"Orkla-weighted total retail sales volume growth (excl. motor vehicles) [dyoy: weighted average of country-level dyoy with weights at t; countries: NO,SE,DK,FI,EE,LV,LT,CZ,SK,AT,HU,RO,PL,DE]",W,activity_retail,True,1,2002Q1,2026Q2,98,"Orkla Foods time-varying country weights renormalised over countries with data; NaN if covered revenue share < max(40%, 80% of the composite's 2005-2025 median coverage)."
w_gdp_vol_yoy,"at_gdp_vol_idx,cz_gdp_vol_idx,de_gdp_vol_idx,dk_gdp_vol_idx,ee_gdp_vol_idx,fi_gdp_vol_idx,hu_gdp_vol_idx,lt_gdp_vol_idx,lv_gdp_vol_idx,no_gdp_mainland_sa_mnok,pl_gdp_vol_idx,ro_gdp_vol_idx,se_gdp_vol_idx,sk_gdp_vol_idx",COMPOSITE,yoy,"Orkla-weighted real GDP growth (Mainland GDP for Norway) [yoy; countries: NO,SE,DK,FI,EE,LV,LT,CZ,SK,AT,HU,RO,PL,DE]",W,activity_retail,True,1,1995Q1,2026Q2,126,"Orkla Foods time-varying country weights renormalised over countries with data; NaN if covered revenue share < max(40%, 80% of the composite's 2005-2025 median coverage)."
w_gdp_vol_dyoy,"at_gdp_vol_idx,cz_gdp_vol_idx,de_gdp_vol_idx,dk_gdp_vol_idx,ee_gdp_vol_idx,fi_gdp_vol_idx,hu_gdp_vol_idx,lt_gdp_vol_idx,lv_gdp_vol_idx,no_gdp_mainland_sa_mnok,pl_gdp_vol_idx,ro_gdp_vol_idx,se_gdp_vol_idx,sk_gdp_vol_idx",COMPOSITE,dyoy,"Orkla-weighted real GDP growth (Mainland GDP for Norway) [dyoy: weighted average of country-level dyoy with weights at t; countries: NO,SE,DK,FI,EE,LV,LT,CZ,SK,AT,HU,RO,PL,DE]",W,activity_retail,True,1,1995Q1,2026Q2,126,"Orkla Foods time-varying country weights renormalised over countries with data; NaN if covered revenue share < max(40%, 80% of the composite's 2005-2025 median coverage)."
w_hh_real_inc_yoy,"at_hh_real_gdi_pc_idx,cz_hh_real_gdi_pc_idx,de_hh_real_gdi_pc_idx,dk_hh_real_gdi_pc_idx,fi_hh_real_gdi_pc_idx,hu_hh_real_gdi_pc_idx,no_hh_real_disp_inc_xdiv_sa_q,pl_hh_real_gdi_pc_idx,ro_hh_real_gdi_pc_idx,se_hh_real_gdi_pc_idx",COMPOSITE,yoy,"Orkla-weighted household real disposable income growth (per capita where available; Norway excl. dividends, from 2007) [yoy; countries: NO,SE,DK,FI,CZ,AT,DE,HU,PL,RO]",W,wages_income,True,1,2008Q1,2026Q1,73,"Orkla Foods time-varying country weights renormalised over countries with data; NaN if covered revenue share < max(40%, 80% of the composite's 2005-2025 median coverage)."
w_hh_real_inc_dyoy,"at_hh_real_gdi_pc_idx,cz_hh_real_gdi_pc_idx,de_hh_real_gdi_pc_idx,dk_hh_real_gdi_pc_idx,fi_hh_real_gdi_pc_idx,hu_hh_real_gdi_pc_idx,no_hh_real_disp_inc_xdiv_sa_q,pl_hh_real_gdi_pc_idx,ro_hh_real_gdi_pc_idx,se_hh_real_gdi_pc_idx",COMPOSITE,dyoy,"Orkla-weighted household real disposable income growth (per capita where available; Norway excl. dividends, from 2007) [dyoy: weighted average of country-level dyoy with weights at t; countries: NO,SE,DK,FI,CZ,AT,DE,HU,PL,RO]",W,wages_income,True,1,2009Q1,2026Q1,69,"Orkla Foods time-varying country weights renormalised over countries with data; NaN if covered revenue share < max(40%, 80% of the composite's 2005-2025 median coverage)."
w_food_ppi_yoy,"at_ppi_dom_food_mfg_idx,cz_ppi_dom_food_mfg_idx,de_ppi_dom_food_mfg_idx,dk_ppi_dom_food_mfg_idx,fi_ppi_dom_food_mfg_idx,hu_ppi_dom_food_mfg_idx,lt_ppi_dom_food_mfg_idx,no_ppi_food_dom_idx,pl_ppi_dom_food_mfg_idx,ro_ppi_dom_food_mfg_idx,se_ppi_food_hmpi_idx",COMPOSITE,yoy,"Orkla-weighted domestic producer-price inflation, manufacture of food products (NACE C10) [yoy; countries: NO,SE,DK,FI,LT,CZ,AT,HU,RO,PL,DE]",W,producer_prices_input_costs,True,1,2001Q1,2026Q2,102,"Orkla Foods time-varying country weights renormalised over countries with data; NaN if covered revenue share < max(40%, 80% of the composite's 2005-2025 median coverage). No food PPI for EE, LV, SK, IN in the data (renormalised)."
w_food_ppi_dyoy,"at_ppi_dom_food_mfg_idx,cz_ppi_dom_food_mfg_idx,de_ppi_dom_food_mfg_idx,dk_ppi_dom_food_mfg_idx,fi_ppi_dom_food_mfg_idx,hu_ppi_dom_food_mfg_idx,lt_ppi_dom_food_mfg_idx,no_ppi_food_dom_idx,pl_ppi_dom_food_mfg_idx,ro_ppi_dom_food_mfg_idx,se_ppi_food_hmpi_idx",COMPOSITE,dyoy,"Orkla-weighted domestic producer-price inflation, manufacture of food products (NACE C10) [dyoy: weighted average of country-level dyoy with weights at t; countries: NO,SE,DK,FI,LT,CZ,AT,HU,RO,PL,DE]",W,producer_prices_input_costs,True,1,2002Q1,2026Q2,98,"Orkla Foods time-varying country weights renormalised over countries with data; NaN if covered revenue share < max(40%, 80% of the composite's 2005-2025 median coverage). No food PPI for EE, LV, SK, IN in the data (renormalised)."
w_unemp_lvl,"at_unemp_rate_sa,cz_unemp_rate_sa,de_unemp_rate_sa,dk_unemp_rate_sa,ee_unemp_rate_sa,fi_unemp_rate_sa,hu_unemp_rate_sa,lt_unemp_rate_sa,lv_unemp_rate_sa,no_unemp_rate_sa,pl_unemp_rate_sa,ro_unemp_rate_sa,se_unemp_rate_sa,sk_unemp_rate_sa",COMPOSITE,lvl,"Orkla-weighted unemployment rate (ILO/LFS, SA) [lvl; countries: NO,SE,DK,FI,EE,LV,LT,CZ,SK,AT,HU,RO,PL,DE]",W,labour_market,True,1,1995Q1,2026Q2,126,"Orkla Foods time-varying country weights renormalised over countries with data; NaN if covered revenue share < max(40%, 80% of the composite's 2005-2025 median coverage)."
w_unemp_d4,"at_unemp_rate_sa,cz_unemp_rate_sa,de_unemp_rate_sa,dk_unemp_rate_sa,ee_unemp_rate_sa,fi_unemp_rate_sa,hu_unemp_rate_sa,lt_unemp_rate_sa,lv_unemp_rate_sa,no_unemp_rate_sa,pl_unemp_rate_sa,ro_unemp_rate_sa,se_unemp_rate_sa,sk_unemp_rate_sa",COMPOSITE,d4,"Orkla-weighted unemployment rate (ILO/LFS, SA) [d4: weighted average of country-level d4 with weights at t; countries: NO,SE,DK,FI,EE,LV,LT,CZ,SK,AT,HU,RO,PL,DE]",W,labour_market,True,1,1995Q1,2026Q2,126,"Orkla Foods time-varying country weights renormalised over countries with data; NaN if covered revenue share < max(40%, 80% of the composite's 2005-2025 median coverage)."
w_policy_rate_lvl,"cz_policy_rate,dk_policy_rate,ea_ecb_dfr,ea_ecb_mro,hu_policy_rate,in_policy_rate,no_policy_rate,pl_policy_rate,ro_policy_rate,se_policy_rate",COMPOSITE,lvl,"Orkla-weighted central-bank policy rate [lvl; countries: NO,SE,DK,CZ,HU,PL,RO,IN,FI,AT,DE,EE,LV,LT,SK]",W,rates,True,0,1995Q1,2026Q3,127,"Orkla Foods time-varying country weights renormalised over countries with data; NaN if covered revenue share < max(40%, 80% of the composite's 2005-2025 median coverage). Euro members use the ECB effective rate (MRO to 2008-09, deposit rate from 2008-10) from 1999 (SK from 2009; Baltic pegs proxied by the ECB rate from 1999)."
w_policy_rate_d4,"cz_policy_rate,dk_policy_rate,ea_ecb_dfr,ea_ecb_mro,hu_policy_rate,in_policy_rate,no_policy_rate,pl_policy_rate,ro_policy_rate,se_policy_rate",COMPOSITE,d4,"Orkla-weighted central-bank policy rate [d4: weighted average of country-level d4 with weights at t; countries: NO,SE,DK,CZ,HU,PL,RO,IN,FI,AT,DE,EE,LV,LT,SK]",W,rates,True,0,1995Q3,2026Q3,125,"Orkla Foods time-varying country weights renormalised over countries with data; NaN if covered revenue share < max(40%, 80% of the composite's 2005-2025 median coverage). Euro members use the ECB effective rate (MRO to 2008-09, deposit rate from 2008-10) from 1999 (SK from 2009; Baltic pegs proxied by the ECB rate from 1999)."
w_gov10y_lvl,"at_gov_bond_10y,cz_gov_bond_10y,de_gov_bond_10y,dk_gov_bond_10y,fi_gov_bond_10y,hu_gov_bond_10y,lv_gov_bond_10y,no_govbond_10y,pl_gov_bond_10y,ro_gov_bond_10y,se_gov_bond_10y,sk_gov_bond_10y",COMPOSITE,lvl,"Orkla-weighted 10-year government bond yield [lvl; countries: NO,SE,DK,FI,CZ,AT,DE,HU,PL,RO,SK,LV]",W,rates,True,0,1995Q1,2026Q2,126,"Orkla Foods time-varying country weights renormalised over countries with data; NaN if covered revenue share < max(40%, 80% of the composite's 2005-2025 median coverage). LT (flat carried-forward yield) and EE (2020- only) excluded; Baltics = LV."
w_gov10y_d4,"at_gov_bond_10y,cz_gov_bond_10y,de_gov_bond_10y,dk_gov_bond_10y,fi_gov_bond_10y,hu_gov_bond_10y,lv_gov_bond_10y,no_govbond_10y,pl_gov_bond_10y,ro_gov_bond_10y,se_gov_bond_10y,sk_gov_bond_10y",COMPOSITE,d4,"Orkla-weighted 10-year government bond yield [d4: weighted average of country-level d4 with weights at t; countries: NO,SE,DK,FI,CZ,AT,DE,HU,PL,RO,SK,LV]",W,rates,True,0,1995Q1,2026Q2,126,"Orkla Foods time-varying country weights renormalised over countries with data; NaN if covered revenue share < max(40%, 80% of the composite's 2005-2025 median coverage). LT (flat carried-forward yield) and EE (2020- only) excluded; Baltics = LV."
w_fx_vs_eur_yoy,"ea_fx_czk_per_eur,ea_fx_dkk_per_eur,ea_fx_huf_per_eur,ea_fx_inr_per_eur,ea_fx_pln_per_eur,ea_fx_ron_per_eur,no_fx_czknok,no_fx_dkknok,no_fx_eurnok,no_fx_seknok,se_eursek",COMPOSITE,yoy,"Orkla-weighted yoy change of local currency per EUR (+ = local currencies weaker vs EUR) [yoy; countries: NO,SE,DK,CZ,HU,PL,RO,IN,FI,AT,DE,EE,LT,LV,SK]",W,fx,True,0,1995Q1,2026Q3,127,"Orkla Foods time-varying country weights renormalised over countries with data; NaN if covered revenue share < max(40%, 80% of the composite's 2005-2025 median coverage). Euro members (and EUR-pegged EE from 1995, LT from 2003, LV from 2006) have zero yoy vs EUR; SK from 2010 (NaN before, SKK not in data). Before 1999 EUR = ECU: NO via NOK/SEK x SEK/ECU, DK and CZ via their NOK crosses; FI/AT/DE legacy currencies not in data (NaN before 1999)."
w_fx_vs_eur_dyoy,"ea_fx_czk_per_eur,ea_fx_dkk_per_eur,ea_fx_huf_per_eur,ea_fx_inr_per_eur,ea_fx_pln_per_eur,ea_fx_ron_per_eur,no_fx_czknok,no_fx_dkknok,no_fx_eurnok,no_fx_seknok,se_eursek",COMPOSITE,dyoy,"Orkla-weighted yoy change of local currency per EUR (+ = local currencies weaker vs EUR) [dyoy: weighted average of country-level dyoy with weights at t; countries: NO,SE,DK,CZ,HU,PL,RO,IN,FI,AT,DE,EE,LT,LV,SK]",W,fx,True,0,1995Q1,2026Q3,127,"Orkla Foods time-varying country weights renormalised over countries with data; NaN if covered revenue share < max(40%, 80% of the composite's 2005-2025 median coverage). Euro members (and EUR-pegged EE from 1995, LT from 2003, LV from 2006) have zero yoy vs EUR; SK from 2010 (NaN before, SKK not in data). Before 1999 EUR = ECU: NO via NOK/SEK x SEK/ECU, DK and CZ via their NOK crosses; FI/AT/DE legacy currencies not in data (NaN before 1999)."
w_fx_vs_usd_yoy,"ea_fx_czk_per_eur,ea_fx_dkk_per_eur,ea_fx_huf_per_eur,ea_fx_inr_per_eur,ea_fx_pln_per_eur,ea_fx_ron_per_eur,ea_fx_usd_per_eur,no_fx_czknok,no_fx_dkknok,no_fx_eurnok,no_fx_seknok,no_fx_usdnok,se_eursek,se_usdsek",COMPOSITE,yoy,"Orkla-weighted yoy change of local currency per USD (+ = local currencies weaker vs USD; cross rates via EUR) [yoy; countries: NO,SE,DK,CZ,HU,PL,RO,IN,FI,AT,DE,EE,LT,LV,SK]",W,fx,True,0,1995Q1,2026Q3,127,"Orkla Foods time-varying country weights renormalised over countries with data; NaN if covered revenue share < max(40%, 80% of the composite's 2005-2025 median coverage). Euro members (and EUR-pegged EE from 1995, LT from 2003, LV from 2006) have zero yoy vs EUR; SK from 2010 (NaN before, SKK not in data). Before 1999 EUR = ECU: NO via NOK/SEK x SEK/ECU, DK and CZ via their NOK crosses; FI/AT/DE legacy currencies not in data (NaN before 1999)."
w_fx_vs_usd_dyoy,"ea_fx_czk_per_eur,ea_fx_dkk_per_eur,ea_fx_huf_per_eur,ea_fx_inr_per_eur,ea_fx_pln_per_eur,ea_fx_ron_per_eur,ea_fx_usd_per_eur,no_fx_czknok,no_fx_dkknok,no_fx_eurnok,no_fx_seknok,no_fx_usdnok,se_eursek,se_usdsek",COMPOSITE,dyoy,"Orkla-weighted yoy change of local currency per USD (+ = local currencies weaker vs USD; cross rates via EUR) [dyoy: weighted average of country-level dyoy with weights at t; countries: NO,SE,DK,CZ,HU,PL,RO,IN,FI,AT,DE,EE,LT,LV,SK]",W,fx,True,0,1995Q1,2026Q3,127,"Orkla Foods time-varying country weights renormalised over countries with data; NaN if covered revenue share < max(40%, 80% of the composite's 2005-2025 median coverage). Euro members (and EUR-pegged EE from 1995, LT from 2003, LV from 2006) have zero yoy vs EUR; SK from 2010 (NaN before, SKK not in data). Before 1999 EUR = ECU: NO via NOK/SEK x SEK/ECU, DK and CZ via their NOK crosses; FI/AT/DE legacy currencies not in data (NaN before 1999)."
w_fx_vs_nok_yoy,"ea_fx_czk_per_eur,ea_fx_dkk_per_eur,ea_fx_huf_per_eur,ea_fx_inr_per_eur,ea_fx_pln_per_eur,ea_fx_ron_per_eur,no_fx_czknok,no_fx_dkknok,no_fx_eurnok,no_fx_seknok,se_eursek",COMPOSITE,yoy,"Orkla-weighted yoy change of local currency per NOK (+ = local currencies weaker vs NOK, i.e. negative translation effect for NOK reporting) [yoy; countries: NO,SE,DK,CZ,HU,PL,RO,IN,FI,AT,DE,EE,LT,LV,SK]",W,fx,True,0,1995Q1,2026Q3,127,"Orkla Foods time-varying country weights renormalised over countries with data; NaN if covered revenue share < max(40%, 80% of the composite's 2005-2025 median coverage). Euro members (and EUR-pegged EE from 1995, LT from 2003, LV from 2006) have zero yoy vs EUR; SK from 2010 (NaN before, SKK not in data). Before 1999 EUR = ECU: NO via NOK/SEK x SEK/ECU, DK and CZ via their NOK crosses; FI/AT/DE legacy currencies not in data (NaN before 1999)."
w_fx_vs_nok_dyoy,"ea_fx_czk_per_eur,ea_fx_dkk_per_eur,ea_fx_huf_per_eur,ea_fx_inr_per_eur,ea_fx_pln_per_eur,ea_fx_ron_per_eur,no_fx_czknok,no_fx_dkknok,no_fx_eurnok,no_fx_seknok,se_eursek",COMPOSITE,dyoy,"Orkla-weighted yoy change of local currency per NOK (+ = local currencies weaker vs NOK, i.e. negative translation effect for NOK reporting) [dyoy: weighted average of country-level dyoy with weights at t; countries: NO,SE,DK,CZ,HU,PL,RO,IN,FI,AT,DE,EE,LT,LV,SK]",W,fx,True,0,1995Q1,2026Q3,127,"Orkla Foods time-varying country weights renormalised over countries with data; NaN if covered revenue share < max(40%, 80% of the composite's 2005-2025 median coverage). Euro members (and EUR-pegged EE from 1995, LT from 2003, LV from 2006) have zero yoy vs EUR; SK from 2010 (NaN before, SKK not in data). Before 1999 EUR = ECU: NO via NOK/SEK x SEK/ECU, DK and CZ via their NOK crosses; FI/AT/DE legacy currencies not in data (NaN before 1999)."
w_ec_food_ind_sell_price_exp_lvl,"at_ec_food_ind_sell_price_exp,cz_ec_food_ind_sell_price_exp,de_ec_food_ind_sell_price_exp,dk_ec_food_ind_sell_price_exp,ee_ec_food_ind_sell_price_exp,fi_ec_food_ind_sell_price_exp,hu_ec_food_ind_sell_price_exp,lt_ec_food_ind_sell_price_exp,lv_ec_food_ind_sell_price_exp,no_ssb_bts_consgoods_home_price_exp,pl_ec_food_ind_sell_price_exp,ro_ec_food_ind_sell_price_exp,se_ec_food_ind_sell_price_exp,sk_ec_food_ind_sell_price_exp",COMPOSITE,lvl,"Orkla-weighted selling-price expectations of food manufacturers (EC BCS NACE C10 balance; Norway: SSB BTS consumer-goods home-market price expectations) [lvl; countries: NO,SE,DK,FI,EE,LV,LT,CZ,SK,AT,HU,RO,PL,DE]",W,price_expectations,True,1,1996Q1,2026Q2,122,"Orkla Foods time-varying country weights renormalised over countries with data; NaN if covered revenue share < max(40%, 80% of the composite's 2005-2025 median coverage)."
w_ec_food_ind_sell_price_exp_d4,"at_ec_food_ind_sell_price_exp,cz_ec_food_ind_sell_price_exp,de_ec_food_ind_sell_price_exp,dk_ec_food_ind_sell_price_exp,ee_ec_food_ind_sell_price_exp,fi_ec_food_ind_sell_price_exp,hu_ec_food_ind_sell_price_exp,lt_ec_food_ind_sell_price_exp,lv_ec_food_ind_sell_price_exp,no_ssb_bts_consgoods_home_price_exp,pl_ec_food_ind_sell_price_exp,ro_ec_food_ind_sell_price_exp,se_ec_food_ind_sell_price_exp,sk_ec_food_ind_sell_price_exp",COMPOSITE,d4,"Orkla-weighted selling-price expectations of food manufacturers (EC BCS NACE C10 balance; Norway: SSB BTS consumer-goods home-market price expectations) [d4: weighted average of country-level d4 with weights at t; countries: NO,SE,DK,FI,EE,LV,LT,CZ,SK,AT,HU,RO,PL,DE]",W,price_expectations,True,1,1997Q1,2026Q2,118,"Orkla Foods time-varying country weights renormalised over countries with data; NaN if covered revenue share < max(40%, 80% of the composite's 2005-2025 median coverage)."
w_ec_food_retail_sell_price_exp_lvl,"at_ec_food_retail_sell_price_exp,cz_ec_food_retail_sell_price_exp,de_ec_food_retail_sell_price_exp,dk_ec_food_retail_sell_price_exp,ee_ec_food_retail_sell_price_exp,fi_ec_food_retail_sell_price_exp,hu_ec_food_retail_sell_price_exp,lv_ec_food_retail_sell_price_exp,pl_ec_food_retail_sell_price_exp,ro_ec_food_retail_sell_price_exp,se_ec_food_retail_sell_price_exp,sk_ec_food_retail_sell_price_exp",COMPOSITE,lvl,"Orkla-weighted selling-price expectations of food retailers (EC retail FBT balance) [lvl; countries: SE,DK,FI,EE,LV,CZ,SK,AT,HU,RO,PL,DE]",W,price_expectations,True,0,2010Q3,2026Q3,65,"Orkla Foods time-varying country weights renormalised over countries with data; NaN if covered revenue share < max(40%, 80% of the composite's 2005-2025 median coverage). No Norway data; LT excluded (noise)."
w_ec_food_retail_sell_price_exp_d4,"at_ec_food_retail_sell_price_exp,cz_ec_food_retail_sell_price_exp,de_ec_food_retail_sell_price_exp,dk_ec_food_retail_sell_price_exp,ee_ec_food_retail_sell_price_exp,fi_ec_food_retail_sell_price_exp,hu_ec_food_retail_sell_price_exp,lv_ec_food_retail_sell_price_exp,pl_ec_food_retail_sell_price_exp,ro_ec_food_retail_sell_price_exp,se_ec_food_retail_sell_price_exp,sk_ec_food_retail_sell_price_exp",COMPOSITE,d4,"Orkla-weighted selling-price expectations of food retailers (EC retail FBT balance) [d4: weighted average of country-level d4 with weights at t; countries: SE,DK,FI,EE,LV,CZ,SK,AT,HU,RO,PL,DE]",W,price_expectations,True,0,2011Q3,2026Q3,61,"Orkla Foods time-varying country weights renormalised over countries with data; NaN if covered revenue share < max(40%, 80% of the composite's 2005-2025 median coverage). No Norway data; LT excluded (noise)."
w_ec_cons_price_exp_lvl,"at_ec_cons_price_exp_12m,cz_ec_cons_price_exp_12m,de_ec_cons_price_exp_12m,dk_ec_cons_price_exp_12m,ee_ec_cons_price_exp_12m,fi_ec_cons_price_exp_12m,hu_ec_cons_price_exp_12m,lt_ec_cons_price_exp_12m,lv_ec_cons_price_exp_12m,pl_ec_cons_price_exp_12m,ro_ec_cons_price_exp_12m,se_ec_cons_price_exp_12m,sk_ec_cons_price_exp_12m",COMPOSITE,lvl,"Orkla-weighted consumers' price expectations next 12 months (EC balance) [lvl; countries: SE,DK,FI,EE,LV,LT,CZ,SK,AT,HU,RO,PL,DE]",W,price_expectations,True,0,1995Q4,2026Q3,124,"Orkla Foods time-varying country weights renormalised over countries with data; NaN if covered revenue share < max(40%, 80% of the composite's 2005-2025 median coverage). No Norway data (renormalised)."
w_ec_cons_price_exp_d4,"at_ec_cons_price_exp_12m,cz_ec_cons_price_exp_12m,de_ec_cons_price_exp_12m,dk_ec_cons_price_exp_12m,ee_ec_cons_price_exp_12m,fi_ec_cons_price_exp_12m,hu_ec_cons_price_exp_12m,lt_ec_cons_price_exp_12m,lv_ec_cons_price_exp_12m,pl_ec_cons_price_exp_12m,ro_ec_cons_price_exp_12m,se_ec_cons_price_exp_12m,sk_ec_cons_price_exp_12m",COMPOSITE,d4,"Orkla-weighted consumers' price expectations next 12 months (EC balance) [d4: weighted average of country-level d4 with weights at t; countries: SE,DK,FI,EE,LV,LT,CZ,SK,AT,HU,RO,PL,DE]",W,price_expectations,True,0,1996Q4,2026Q3,120,"Orkla Foods time-varying country weights renormalised over countries with data; NaN if covered revenue share < max(40%, 80% of the composite's 2005-2025 median coverage). No Norway data (renormalised)."
w_hh_saving_lvl,"at_hh_saving_rate,cz_hh_saving_rate,de_hh_saving_rate,dk_hh_saving_rate,fi_hh_saving_rate,hu_hh_saving_rate,pl_hh_saving_rate,se_hh_saving_rate",COMPOSITE,lvl,"Orkla-weighted gross household saving rate [lvl; countries: SE,DK,FI,CZ,AT,DE,HU,PL]",W,wages_income,True,1,1999Q1,2026Q1,109,"Orkla Foods time-varying country weights renormalised over countries with data; NaN if covered revenue share < max(40%, 80% of the composite's 2005-2025 median coverage). No Norway/Baltic/SK data; RO excluded (noisy)."
w_hh_saving_d4,"at_hh_saving_rate,cz_hh_saving_rate,de_hh_saving_rate,dk_hh_saving_rate,fi_hh_saving_rate,hu_hh_saving_rate,pl_hh_saving_rate,se_hh_saving_rate",COMPOSITE,d4,"Orkla-weighted gross household saving rate [d4: weighted average of country-level d4 with weights at t; countries: SE,DK,FI,CZ,AT,DE,HU,PL]",W,wages_income,True,1,2000Q1,2026Q1,105,"Orkla Foods time-varying country weights renormalised over countries with data; NaN if covered revenue share < max(40%, 80% of the composite's 2005-2025 median coverage). No Norway/Baltic/SK data; RO excluded (noisy)."
nw_food_cpi_yoy,"no_cpi_food_idx,se_cpi_food_idx",COMPOSITE,yoy,"Nordic (NO+SE) food CPI inflation [yoy; countries: NO,SE]",NORDIC,consumer_prices,True,0,1995Q1,2026Q2,126,Nordic weights NO/(NO+SE) from geo_weights; both countries required.
nw_food_cpi_dyoy,"no_cpi_food_idx,se_cpi_food_idx",COMPOSITE,dyoy,"Nordic (NO+SE) food CPI inflation [dyoy: weighted average of country-level dyoy with weights at t; countries: NO,SE]",NORDIC,consumer_prices,True,0,1995Q1,2026Q2,126,Nordic weights NO/(NO+SE) from geo_weights; both countries required.
nw_food_cpi_xvat_yoy,"no_cpi_food_idx,no_vat_food_rate,se_cpi_food_idx,se_food_vat_rate",COMPOSITE,yoy,"Nordic (NO+SE) food CPI inflation adjusted for food-VAT changes [yoy; countries: NO,SE]",NORDIC,consumer_prices,True,0,1995Q1,2026Q2,126,Nordic weights NO/(NO+SE) from geo_weights; both countries required.
nw_food_cpi_xvat_dyoy,"no_cpi_food_idx,no_vat_food_rate,se_cpi_food_idx,se_food_vat_rate",COMPOSITE,dyoy,"Nordic (NO+SE) food CPI inflation adjusted for food-VAT changes [dyoy: weighted average of country-level dyoy with weights at t; countries: NO,SE]",NORDIC,consumer_prices,True,0,1995Q1,2026Q2,126,Nordic weights NO/(NO+SE) from geo_weights; both countries required.
nw_real_wage_yoy,"no_cpi_total_idx,no_lci_wages_idx,se_cpi_idx,se_wage_idx_m",COMPOSITE,yoy,"Nordic (NO+SE) real wage growth (NO LCI, SE MI wage index, minus CPI) [yoy; countries: NO,SE]",NORDIC,wages_income,True,1,1997Q1,2026Q2,118,Nordic weights NO/(NO+SE) from geo_weights; both countries required.
nw_real_wage_dyoy,"no_cpi_total_idx,no_lci_wages_idx,se_cpi_idx,se_wage_idx_m",COMPOSITE,dyoy,"Nordic (NO+SE) real wage growth (NO LCI, SE MI wage index, minus CPI) [dyoy: weighted average of country-level dyoy with weights at t; countries: NO,SE]",NORDIC,wages_income,True,1,1998Q1,2026Q2,114,Nordic weights NO/(NO+SE) from geo_weights; both countries required.
nw_cons_conf_z,"no_fn_cci_sa,se_ec_cons_conf",COMPOSITE,z,"Nordic (NO+SE) consumer confidence z-score (Finans Norge; EC Sweden) [z; countries: NO,SE]",NORDIC,consumer_survey,True,0,1995Q4,2026Q3,124,Nordic weights NO/(NO+SE) from geo_weights; both countries required.
nw_cons_conf_z_d4,"no_fn_cci_sa,se_ec_cons_conf",COMPOSITE,z_d4,"Nordic (NO+SE) consumer confidence z-score (Finans Norge; EC Sweden) [z_d4: weighted average of country-level z_d4 with weights at t; countries: NO,SE]",NORDIC,consumer_survey,True,0,1996Q4,2026Q3,120,Nordic weights NO/(NO+SE) from geo_weights; both countries required.
nw_retail_food_vol_yoy,"no_retail_foodstores_vol_sa_idx,se_retail_grocery_vol_sa_idx",COMPOSITE,yoy,"Nordic (NO+SE) grocery retail volume growth (SSB non-specialised food stores; SCB dagligvaruhandel) [yoy; countries: NO,SE]",NORDIC,activity_retail,True,1,2001Q1,2026Q2,102,Nordic weights NO/(NO+SE) from geo_weights; both countries required.
nw_retail_food_vol_dyoy,"no_retail_foodstores_vol_sa_idx,se_retail_grocery_vol_sa_idx",COMPOSITE,dyoy,"Nordic (NO+SE) grocery retail volume growth (SSB non-specialised food stores; SCB dagligvaruhandel) [dyoy: weighted average of country-level dyoy with weights at t; countries: NO,SE]",NORDIC,activity_retail,True,1,2002Q1,2026Q2,98,Nordic weights NO/(NO+SE) from geo_weights; both countries required.
nw_food_ppi_yoy,"no_ppi_food_dom_idx,se_ppi_food_hmpi_idx",COMPOSITE,yoy,"Nordic (NO+SE) domestic food-manufacturing PPI inflation [yoy; countries: NO,SE]",NORDIC,producer_prices_input_costs,True,1,2001Q1,2026Q2,102,Nordic weights NO/(NO+SE) from geo_weights; both countries required.
nw_food_ppi_dyoy,"no_ppi_food_dom_idx,se_ppi_food_hmpi_idx",COMPOSITE,dyoy,"Nordic (NO+SE) domestic food-manufacturing PPI inflation [dyoy: weighted average of country-level dyoy with weights at t; countries: NO,SE]",NORDIC,producer_prices_input_costs,True,1,2002Q1,2026Q2,98,Nordic weights NO/(NO+SE) from geo_weights; both countries required.
fao_ffpi_sek_yoy,"glob_fao_ffpi,se_usdsek",COMPOSITE,yoy,"FAO Food Price Index in SEK (USD index yoy + SEK/USD yoy) [yoy, log points]",GLOBAL,commodities,True,0,1995Q1,2026Q3,127,
fao_ffpi_sek_dyoy,"glob_fao_ffpi,se_usdsek",COMPOSITE,dyoy,FAO Food Price Index in SEK (USD index yoy + SEK/USD yoy) [dyoy: yoy_t - yoy_t-4],GLOBAL,commodities,True,0,1995Q1,2026Q3,127,
wb_food_sek_yoy,"glob_wb_food_idx,se_usdsek",COMPOSITE,yoy,"World Bank food price index in SEK (USD index yoy + SEK/USD yoy) [yoy, log points]",GLOBAL,commodities,True,0,1995Q1,2026Q3,127,
wb_food_sek_dyoy,"glob_wb_food_idx,se_usdsek",COMPOSITE,dyoy,World Bank food price index in SEK (USD index yoy + SEK/USD yoy) [dyoy: yoy_t - yoy_t-4],GLOBAL,commodities,True,0,1995Q1,2026Q3,127,
fao_ffpi_wloc_yoy,"ea_fx_czk_per_eur,ea_fx_dkk_per_eur,ea_fx_huf_per_eur,ea_fx_inr_per_eur,ea_fx_pln_per_eur,ea_fx_ron_per_eur,ea_fx_usd_per_eur,glob_fao_ffpi,no_fx_czknok,no_fx_dkknok,no_fx_eurnok,no_fx_seknok,no_fx_usdnok,se_eursek,se_usdsek",COMPOSITE,yoy,"FAO Food Price Index in Orkla-weighted local currency (USD index yoy + w_fx_vs_usd_yoy) [yoy, log points]",GLOBAL,commodities,True,0,1995Q1,2026Q3,127,
fao_ffpi_wloc_dyoy,"ea_fx_czk_per_eur,ea_fx_dkk_per_eur,ea_fx_huf_per_eur,ea_fx_inr_per_eur,ea_fx_pln_per_eur,ea_fx_ron_per_eur,ea_fx_usd_per_eur,glob_fao_ffpi,no_fx_czknok,no_fx_dkknok,no_fx_eurnok,no_fx_seknok,no_fx_usdnok,se_eursek,se_usdsek",COMPOSITE,dyoy,FAO Food Price Index in Orkla-weighted local currency (USD index yoy + w_fx_vs_usd_yoy) [dyoy: yoy_t - yoy_t-4],GLOBAL,commodities,True,0,1996Q1,2026Q3,123,
wb_food_wloc_yoy,"ea_fx_czk_per_eur,ea_fx_dkk_per_eur,ea_fx_huf_per_eur,ea_fx_inr_per_eur,ea_fx_pln_per_eur,ea_fx_ron_per_eur,ea_fx_usd_per_eur,glob_wb_food_idx,no_fx_czknok,no_fx_dkknok,no_fx_eurnok,no_fx_seknok,no_fx_usdnok,se_eursek,se_usdsek",COMPOSITE,yoy,"World Bank food index in Orkla-weighted local currency (USD index yoy + w_fx_vs_usd_yoy) [yoy, log points]",GLOBAL,commodities,True,0,1995Q1,2026Q3,127,
wb_food_wloc_dyoy,"ea_fx_czk_per_eur,ea_fx_dkk_per_eur,ea_fx_huf_per_eur,ea_fx_inr_per_eur,ea_fx_pln_per_eur,ea_fx_ron_per_eur,ea_fx_usd_per_eur,glob_wb_food_idx,no_fx_czknok,no_fx_dkknok,no_fx_eurnok,no_fx_seknok,no_fx_usdnok,se_eursek,se_usdsek",COMPOSITE,dyoy,World Bank food index in Orkla-weighted local currency (USD index yoy + w_fx_vs_usd_yoy) [dyoy: yoy_t - yoy_t-4],GLOBAL,commodities,True,0,1996Q1,2026Q3,123,
eu_agri_basket_yoy,"eu_agri_beef_young_bulls_r3_price,eu_agri_broiler_price,eu_agri_butter_price,eu_agri_pig_carcass_e_price,eu_agri_raw_milk_price,eu_agri_smp_price,eu_agri_sugar_white_price",COMPOSITE,yoy,"EU agri raw-material basket in EUR: equal-weight mean of yoy of raw milk, butter, SMP, pig carcass, beef, broiler, white sugar (DG AGRI) [yoy, log points]",GLOBAL,commodities,True,1,2001Q1,2026Q2,102,Requires >=6 of 7 components (white sugar only from 2007Q3). Wheat kept separate (from 2015-11).
eu_agri_basket_dyoy,"eu_agri_beef_young_bulls_r3_price,eu_agri_broiler_price,eu_agri_butter_price,eu_agri_pig_carcass_e_price,eu_agri_raw_milk_price,eu_agri_smp_price,eu_agri_sugar_white_price",COMPOSITE,dyoy,"EU agri raw-material basket in EUR: equal-weight mean of yoy of raw milk, butter, SMP, pig carcass, beef, broiler, white sugar (DG AGRI) [dyoy: yoy_t - yoy_t-4]",GLOBAL,commodities,True,1,2002Q1,2026Q2,98,Requires >=6 of 7 components (white sugar only from 2007Q3). Wheat kept separate (from 2015-11).
eu_agri_basket_wloc_yoy,"ea_fx_czk_per_eur,ea_fx_dkk_per_eur,ea_fx_huf_per_eur,ea_fx_inr_per_eur,ea_fx_pln_per_eur,ea_fx_ron_per_eur,eu_agri_beef_young_bulls_r3_price,eu_agri_broiler_price,eu_agri_butter_price,eu_agri_pig_carcass_e_price,eu_agri_raw_milk_price,eu_agri_smp_price,eu_agri_sugar_white_price,no_fx_czknok,no_fx_dkknok,no_fx_eurnok,no_fx_seknok,se_eursek",COMPOSITE,yoy,"EU agri basket converted to Orkla-weighted local currency (basket yoy + w_fx_vs_eur_yoy) [yoy, log points]",GLOBAL,commodities,True,1,2001Q1,2026Q2,102,Requires >=6 of 7 basket components.
eu_agri_basket_wloc_dyoy,"ea_fx_czk_per_eur,ea_fx_dkk_per_eur,ea_fx_huf_per_eur,ea_fx_inr_per_eur,ea_fx_pln_per_eur,ea_fx_ron_per_eur,eu_agri_beef_young_bulls_r3_price,eu_agri_broiler_price,eu_agri_butter_price,eu_agri_pig_carcass_e_price,eu_agri_raw_milk_price,eu_agri_smp_price,eu_agri_sugar_white_price,no_fx_czknok,no_fx_dkknok,no_fx_eurnok,no_fx_seknok,se_eursek",COMPOSITE,dyoy,EU agri basket converted to Orkla-weighted local currency (basket yoy + w_fx_vs_eur_yoy) [dyoy: yoy_t - yoy_t-4],GLOBAL,commodities,True,1,2002Q1,2026Q2,98,Requires >=6 of 7 basket components.
elec_nordic_loc_yoy,"no_elspot_no2_eur,no_fx_eurnok,se_elspot_se3_sek_mwh",COMPOSITE,yoy,"Nordic wholesale electricity price in local currency (NO2 in NOK, SE3 in SEK), Nordic-weighted [yoy, log points]",GLOBAL,energy,True,0,2000Q3,2026Q3,105,SE3 2011-01..10 is the system price (catalog splice).
elec_nordic_loc_dyoy,"no_elspot_no2_eur,no_fx_eurnok,se_elspot_se3_sek_mwh",COMPOSITE,dyoy,"Nordic wholesale electricity price in local currency (NO2 in NOK, SE3 in SEK), Nordic-weighted [dyoy: yoy_t - yoy_t-4]",GLOBAL,energy,True,0,2001Q3,2026Q3,101,SE3 2011-01..10 is the system price (catalog splice).
natgas_eu_eur_yoy,"ea_fx_usd_per_eur,glob_wb_natgas_eu",COMPOSITE,yoy,"EU natural gas price (WB Europe/TTF) in EUR [yoy, log points]",GLOBAL,energy,True,0,2000Q1,2026Q3,94,"NaN across WB definition changes 2000-06, 2010-04, 2015-04."
natgas_eu_eur_dyoy,"ea_fx_usd_per_eur,glob_wb_natgas_eu",COMPOSITE,dyoy,EU natural gas price (WB Europe/TTF) in EUR [dyoy: yoy_t - yoy_t-4],GLOBAL,energy,True,0,2002Q3,2026Q3,81,"NaN across WB definition changes 2000-06, 2010-04, 2015-04."
brent_nok_yoy,"glob_wb_brent,no_fx_usdnok",COMPOSITE,yoy,"Brent crude oil price in NOK [yoy, log points]",GLOBAL,energy,True,0,1995Q1,2026Q3,127,
brent_nok_dyoy,"glob_wb_brent,no_fx_usdnok",COMPOSITE,dyoy,Brent crude oil price in NOK [dyoy: yoy_t - yoy_t-4],GLOBAL,energy,True,0,1995Q1,2026Q3,127,
packaging_eu_yoy,"eu_ppi_paper_packaging_idx,eu_ppi_plastic_products_idx",COMPOSITE,yoy,"EU packaging cost: mean of yoy of EU PPI paper & paperboard articles and plastic products [yoy, log points]",GLOBAL,packaging_freight,True,1,2001Q1,2026Q2,102,
packaging_eu_dyoy,"eu_ppi_paper_packaging_idx,eu_ppi_plastic_products_idx",COMPOSITE,dyoy,EU packaging cost: mean of yoy of EU PPI paper & paperboard articles and plastic products [dyoy: yoy_t - yoy_t-4],GLOBAL,packaging_freight,True,1,2002Q1,2026Q2,98,
packaging_us_yoy,"us_ppi_corrugated_boxes_idx,us_ppi_plastic_resins_idx",COMPOSITE,yoy,"US packaging inputs: mean of yoy of US PPI plastic resins and corrugated boxes [yoy, log points]",GLOBAL,packaging_freight,True,1,1995Q1,2026Q2,126,
packaging_us_dyoy,"us_ppi_corrugated_boxes_idx,us_ppi_plastic_resins_idx",COMPOSITE,dyoy,US packaging inputs: mean of yoy of US PPI plastic resins and corrugated boxes [dyoy: yoy_t - yoy_t-4],GLOBAL,packaging_freight,True,1,1995Q1,2026Q2,126,
price_cost_gap_ppi,"at_hicp_food_idx,at_ppi_dom_food_mfg_idx,cz_hicp_food_idx,cz_ppi_dom_food_mfg_idx,de_hicp_food_idx,de_ppi_dom_food_mfg_idx,dk_hicp_food_idx,dk_ppi_dom_food_mfg_idx,ee_hicp_food_idx,fi_hicp_food_idx,fi_ppi_dom_food_mfg_idx,hu_hicp_food_idx,hu_ppi_dom_food_mfg_idx,lt_hicp_food_idx,lt_ppi_dom_food_mfg_idx,lv_hicp_food_idx,no_cpi_food_idx,no_ppi_food_dom_idx,pl_hicp_food_idx,pl_ppi_dom_food_mfg_idx,ro_hicp_food_idx,ro_ppi_dom_food_mfg_idx,se_cpi_food_idx,se_ppi_food_hmpi_idx,sk_hicp_food_idx",COMPOSITE,spread,"Price-cost gap: w_food_cpi_yoy - w_food_ppi_yoy (consumer food prices vs food-manufacturing PPI) [yoy gap, log points]",W,other,True,1,2001Q1,2026Q2,102,Country coverage differs between the two composites (no food PPI for EE/LV/SK/IN).
price_cost_gap_ppi_d4,"at_hicp_food_idx,at_ppi_dom_food_mfg_idx,cz_hicp_food_idx,cz_ppi_dom_food_mfg_idx,de_hicp_food_idx,de_ppi_dom_food_mfg_idx,dk_hicp_food_idx,dk_ppi_dom_food_mfg_idx,ee_hicp_food_idx,fi_hicp_food_idx,fi_ppi_dom_food_mfg_idx,hu_hicp_food_idx,hu_ppi_dom_food_mfg_idx,lt_hicp_food_idx,lt_ppi_dom_food_mfg_idx,lv_hicp_food_idx,no_cpi_food_idx,no_ppi_food_dom_idx,pl_hicp_food_idx,pl_ppi_dom_food_mfg_idx,ro_hicp_food_idx,ro_ppi_dom_food_mfg_idx,se_cpi_food_idx,se_ppi_food_hmpi_idx,sk_hicp_food_idx",COMPOSITE,d4,Price-cost gap: w_food_cpi_yoy - w_food_ppi_yoy (consumer food prices vs food-manufacturing PPI) [d4 of gap = difference of the dyoy terms],W,other,True,1,2002Q1,2026Q2,98,Country coverage differs between the two composites (no food PPI for EE/LV/SK/IN).
price_cost_gap_fao_nok,"at_hicp_food_idx,cz_hicp_food_idx,de_hicp_food_idx,dk_hicp_food_idx,ee_hicp_food_idx,fi_hicp_food_idx,glob_fao_ffpi_nok,hu_hicp_food_idx,lt_hicp_food_idx,lv_hicp_food_idx,no_cpi_food_idx,pl_hicp_food_idx,ro_hicp_food_idx,se_cpi_food_idx,sk_hicp_food_idx",COMPOSITE,spread,"Price-cost gap: w_food_cpi_yoy - FAO Food Price Index in NOK yoy [yoy gap, log points]",W,other,True,1,1997Q1,2026Q2,118,
price_cost_gap_fao_nok_d4,"at_hicp_food_idx,cz_hicp_food_idx,de_hicp_food_idx,dk_hicp_food_idx,ee_hicp_food_idx,fi_hicp_food_idx,glob_fao_ffpi_nok,hu_hicp_food_idx,lt_hicp_food_idx,lv_hicp_food_idx,no_cpi_food_idx,pl_hicp_food_idx,ro_hicp_food_idx,se_cpi_food_idx,sk_hicp_food_idx",COMPOSITE,d4,Price-cost gap: w_food_cpi_yoy - FAO Food Price Index in NOK yoy [d4 of gap = difference of the dyoy terms],W,other,True,1,1998Q1,2026Q2,114,
price_cost_gap_agri,"at_hicp_food_idx,cz_hicp_food_idx,de_hicp_food_idx,dk_hicp_food_idx,ee_hicp_food_idx,eu_agri_beef_young_bulls_r3_price,eu_agri_broiler_price,eu_agri_butter_price,eu_agri_pig_carcass_e_price,eu_agri_raw_milk_price,eu_agri_smp_price,eu_agri_sugar_white_price,fi_hicp_food_idx,hu_hicp_food_idx,lt_hicp_food_idx,lv_hicp_food_idx,no_cpi_food_idx,pl_hicp_food_idx,ro_hicp_food_idx,se_cpi_food_idx,sk_hicp_food_idx",COMPOSITE,spread,"Price-cost gap: w_food_cpi_yoy - EU agri raw-material basket yoy (EUR) [yoy gap, log points]",W,other,True,1,2001Q1,2026Q2,102,
price_cost_gap_agri_d4,"at_hicp_food_idx,cz_hicp_food_idx,de_hicp_food_idx,dk_hicp_food_idx,ee_hicp_food_idx,eu_agri_beef_young_bulls_r3_price,eu_agri_broiler_price,eu_agri_butter_price,eu_agri_pig_carcass_e_price,eu_agri_raw_milk_price,eu_agri_smp_price,eu_agri_sugar_white_price,fi_hicp_food_idx,hu_hicp_food_idx,lt_hicp_food_idx,lv_hicp_food_idx,no_cpi_food_idx,pl_hicp_food_idx,ro_hicp_food_idx,se_cpi_food_idx,sk_hicp_food_idx",COMPOSITE,d4,Price-cost gap: w_food_cpi_yoy - EU agri raw-material basket yoy (EUR) [d4 of gap = difference of the dyoy terms],W,other,True,1,2002Q1,2026Q2,98,
price_cost_gap_fao_wloc,"at_hicp_food_idx,cz_hicp_food_idx,de_hicp_food_idx,dk_hicp_food_idx,ea_fx_czk_per_eur,ea_fx_dkk_per_eur,ea_fx_huf_per_eur,ea_fx_inr_per_eur,ea_fx_pln_per_eur,ea_fx_ron_per_eur,ea_fx_usd_per_eur,ee_hicp_food_idx,fi_hicp_food_idx,glob_fao_ffpi,hu_hicp_food_idx,lt_hicp_food_idx,lv_hicp_food_idx,no_cpi_food_idx,no_fx_czknok,no_fx_dkknok,no_fx_eurnok,no_fx_seknok,no_fx_usdnok,pl_hicp_food_idx,ro_hicp_food_idx,se_cpi_food_idx,se_eursek,se_usdsek,sk_hicp_food_idx",COMPOSITE,spread,"Price-cost gap: w_food_cpi_yoy - FAO Food Price Index in Orkla-weighted local currency yoy [yoy gap, log points]",W,other,True,1,1997Q1,2026Q2,118,
price_cost_gap_fao_wloc_d4,"at_hicp_food_idx,cz_hicp_food_idx,de_hicp_food_idx,dk_hicp_food_idx,ea_fx_czk_per_eur,ea_fx_dkk_per_eur,ea_fx_huf_per_eur,ea_fx_inr_per_eur,ea_fx_pln_per_eur,ea_fx_ron_per_eur,ea_fx_usd_per_eur,ee_hicp_food_idx,fi_hicp_food_idx,glob_fao_ffpi,hu_hicp_food_idx,lt_hicp_food_idx,lv_hicp_food_idx,no_cpi_food_idx,no_fx_czknok,no_fx_dkknok,no_fx_eurnok,no_fx_seknok,no_fx_usdnok,pl_hicp_food_idx,ro_hicp_food_idx,se_cpi_food_idx,se_eursek,se_usdsek,sk_hicp_food_idx",COMPOSITE,d4,Price-cost gap: w_food_cpi_yoy - FAO Food Price Index in Orkla-weighted local currency yoy [d4 of gap = difference of the dyoy terms],W,other,True,1,1998Q1,2026Q2,114,
nw_price_cost_gap_ppi,"no_cpi_food_idx,no_ppi_food_dom_idx,se_cpi_food_idx,se_ppi_food_hmpi_idx",COMPOSITE,spread,"Nordic price-cost gap: nw_food_cpi_yoy - nw_food_ppi_yoy [yoy gap, log points]",NORDIC,other,True,1,2001Q1,2026Q2,102,
nw_price_cost_gap_ppi_d4,"no_cpi_food_idx,no_ppi_food_dom_idx,se_cpi_food_idx,se_ppi_food_hmpi_idx",COMPOSITE,d4,Nordic price-cost gap: nw_food_cpi_yoy - nw_food_ppi_yoy [d4 of gap = difference of the dyoy terms],NORDIC,other,True,1,2002Q1,2026Q2,98,
price_wage_gap,"at_hicp_food_idx,at_lci_wages_idx,cz_hicp_food_idx,cz_lci_wages_idx,de_hicp_food_idx,de_lci_wages_idx,dk_hicp_food_idx,dk_wage_idx_private_q,ee_hicp_food_idx,ee_lci_wages_idx,fi_hicp_food_idx,fi_wage_idx_q,hu_hicp_food_idx,hu_lci_wages_idx,lt_hicp_food_idx,lt_lci_wages_idx,lv_hicp_food_idx,lv_lci_wages_idx,no_cpi_food_idx,no_lci_wages_idx,pl_hicp_food_idx,pl_lci_wages_idx,ro_hicp_food_idx,ro_lci_wages_idx,se_cpi_food_idx,se_wage_idx_m,sk_hicp_food_idx,sk_lci_wages_idx",COMPOSITE,spread,"Price-wage gap: w_food_cpi_yoy - w_wage_yoy (selling prices vs labour-cost growth) [yoy gap, log points]",W,other,True,1,1997Q1,2026Q2,118,
price_wage_gap_d4,"at_hicp_food_idx,at_lci_wages_idx,cz_hicp_food_idx,cz_lci_wages_idx,de_hicp_food_idx,de_lci_wages_idx,dk_hicp_food_idx,dk_wage_idx_private_q,ee_hicp_food_idx,ee_lci_wages_idx,fi_hicp_food_idx,fi_wage_idx_q,hu_hicp_food_idx,hu_lci_wages_idx,lt_hicp_food_idx,lt_lci_wages_idx,lv_hicp_food_idx,lv_lci_wages_idx,no_cpi_food_idx,no_lci_wages_idx,pl_hicp_food_idx,pl_lci_wages_idx,ro_hicp_food_idx,ro_lci_wages_idx,se_cpi_food_idx,se_wage_idx_m,sk_hicp_food_idx,sk_lci_wages_idx",COMPOSITE,d4,Price-wage gap: w_food_cpi_yoy - w_wage_yoy (selling prices vs labour-cost growth) [d4 of gap = difference of the dyoy terms],W,other,True,1,1998Q1,2026Q2,114,
