period,orig|w_food_cpi_xvat_yoy,orig|w_food_cpi_xvat_dyoy,orig|w_food_cpi_yoy,orig|w_cpi_yoy,orig|w_cpi_exIN_yoy,orig|w_food_cpi_rel_yoy,orig|w_food_rel_xvat_cc_yoy,orig|w_real_wage_yoy,orig|w_wage_yoy,orig|w_unemp_lvl,orig|w_unemp_d4,orig|w_gov10y_d4,orig|w_policy_rate_d4,orig|w_ec_food_ind_sell_price_exp_lvl,orig|w_ec_food_ind_sell_price_exp_d4,orig|w_cons_conf_z,orig|w_cons_conf_zrt,orig|w_fx_vs_eur_yoy,orig|w_fx_vs_usd_yoy,orig|w_food_ppi_yoy,orig|w_food_ppi_dyoy,orig|eu_agri_basket_wloc_yoy,orig|fao_ffpi_wloc_yoy,orig|raw_mat_wloc_yoy,orig|w_food_rel_xvat_yoy,orig|w_food_rel_xvat_exIN_yoy,orig|nw_food_cpi_xvat_yoy,orig|nw_food_cpi_xvat_dyoy,orig|nw_food_cpi_yoy,orig|nw_cpi_yoy,orig|nw_cpi_exIN_yoy,orig|nw_food_cpi_rel_yoy,orig|nw_food_rel_xvat_cc_yoy,orig|nw_real_wage_yoy,orig|nw_wage_yoy,orig|nw_unemp_lvl,orig|nw_unemp_d4,orig|nw_gov10y_d4,orig|nw_policy_rate_d4,orig|nw_ec_food_ind_sell_price_exp_lvl,orig|nw_ec_food_ind_sell_price_exp_d4,orig|nw_cons_conf_z,orig|nw_cons_conf_zrt,orig|nw_fx_vs_eur_yoy,orig|nw_fx_vs_usd_yoy,orig|nw_food_ppi_yoy,orig|nw_food_ppi_dyoy,lag4|w_food_cpi_xvat_yoy,lag4|w_food_cpi_xvat_dyoy,lag4|w_food_cpi_yoy,lag4|w_cpi_yoy,lag4|w_cpi_exIN_yoy,lag4|w_food_cpi_rel_yoy,lag4|w_food_rel_xvat_cc_yoy,lag4|w_real_wage_yoy,lag4|w_wage_yoy,lag4|w_unemp_lvl,lag4|w_unemp_d4,lag4|w_gov10y_d4,lag4|w_policy_rate_d4,lag4|w_ec_food_ind_sell_price_exp_lvl,lag4|w_ec_food_ind_sell_price_exp_d4,lag4|w_cons_conf_z,lag4|w_cons_conf_zrt,lag4|w_fx_vs_eur_yoy,lag4|w_fx_vs_usd_yoy,lag4|w_food_ppi_yoy,lag4|w_food_ppi_dyoy,lag4|eu_agri_basket_wloc_yoy,lag4|fao_ffpi_wloc_yoy,lag4|raw_mat_wloc_yoy,lag4|w_food_rel_xvat_yoy,lag4|w_food_rel_xvat_exIN_yoy,lag4|nw_food_cpi_xvat_yoy,lag4|nw_food_cpi_xvat_dyoy,lag4|nw_food_cpi_yoy,lag4|nw_cpi_yoy,lag4|nw_cpi_exIN_yoy,lag4|nw_food_cpi_rel_yoy,lag4|nw_food_rel_xvat_cc_yoy,lag4|nw_real_wage_yoy,lag4|nw_wage_yoy,lag4|nw_unemp_lvl,lag4|nw_unemp_d4,lag4|nw_gov10y_d4,lag4|nw_policy_rate_d4,lag4|nw_ec_food_ind_sell_price_exp_lvl,lag4|nw_ec_food_ind_sell_price_exp_d4,lag4|nw_cons_conf_z,lag4|nw_cons_conf_zrt,lag4|nw_fx_vs_eur_yoy,lag4|nw_fx_vs_usd_yoy,lag4|nw_food_ppi_yoy,lag4|nw_food_ppi_dyoy,fixed|w_food_cpi_xvat_yoy,fixed|w_food_cpi_xvat_dyoy,fixed|w_food_cpi_yoy,fixed|w_cpi_yoy,fixed|w_cpi_exIN_yoy,fixed|w_food_cpi_rel_yoy,fixed|w_food_rel_xvat_cc_yoy,fixed|w_real_wage_yoy,fixed|w_wage_yoy,fixed|w_unemp_lvl,fixed|w_unemp_d4,fixed|w_gov10y_d4,fixed|w_policy_rate_d4,fixed|w_ec_food_ind_sell_price_exp_lvl,fixed|w_ec_food_ind_sell_price_exp_d4,fixed|w_cons_conf_z,fixed|w_cons_conf_zrt,fixed|w_fx_vs_eur_yoy,fixed|w_fx_vs_usd_yoy,fixed|w_food_ppi_yoy,fixed|w_food_ppi_dyoy,fixed|eu_agri_basket_wloc_yoy,fixed|fao_ffpi_wloc_yoy,fixed|raw_mat_wloc_yoy,fixed|w_food_rel_xvat_yoy,fixed|w_food_rel_xvat_exIN_yoy,fixed|nw_food_cpi_xvat_yoy,fixed|nw_food_cpi_xvat_dyoy,fixed|nw_food_cpi_yoy,fixed|nw_cpi_yoy,fixed|nw_cpi_exIN_yoy,fixed|nw_food_cpi_rel_yoy,fixed|nw_food_rel_xvat_cc_yoy,fixed|nw_real_wage_yoy,fixed|nw_wage_yoy,fixed|nw_unemp_lvl,fixed|nw_unemp_d4,fixed|nw_gov10y_d4,fixed|nw_policy_rate_d4,fixed|nw_ec_food_ind_sell_price_exp_lvl,fixed|nw_ec_food_ind_sell_price_exp_d4,fixed|nw_cons_conf_z,fixed|nw_cons_conf_zrt,fixed|nw_fx_vs_eur_yoy,fixed|nw_fx_vs_usd_yoy,fixed|nw_food_ppi_yoy,fixed|nw_food_ppi_dyoy
1995Q1,,,,,,,,,,7.52534,,,,,,,,,,,,,,,,,,,0.945005,2.56281,2.56281,-1.6178,,,,7.29336,,,,6.18783,,,,,-10.9493,,,,,,,,,,,,7.52534,,,,,,,,,,,,,,,,,,,0.945005,2.56281,2.56281,-1.6178,,,,7.29336,,,,6.18783,,,,,-10.9493,,,,,,,,,,,,7.67097,,,,,,,,,,,,,,,,,,,0.944023,2.56271,2.56271,-1.61868,,,,7.30577,,,,6.19411,,,,,-10.9276,,
1995Q2,,,,,,,,,,7.29406,,,,,,,,,,,,,,,,,,,1.28744,2.70252,2.70252,-1.41508,,,,7.01842,,,,10.7203,,,,,-10.8378,,,,,,,,,,,,7.29406,,,,,,,,,,,,,,,,,,,1.28744,2.70252,2.70252,-1.41508,,,,7.01842,,,,10.7203,,,,,-10.8378,,,,,,,,,,,,7.43897,,,,,,,,,,,,,,,,,,,1.29183,2.70259,2.70259,-1.41076,,,,7.03197,,,,10.7497,,,,,-10.8045,,
1995Q3,,,,,,,,,,7.17824,,,,,,,,,,,,,,,,,,,0.536204,2.31396,2.31396,-1.77775,,,,6.86119,,,,18.2148,,,,,-7.49803,,,,,,,,,,,,7.17824,,,,,,,,,,,,,,,,,,,0.536204,2.31396,2.31396,-1.77775,,,,6.86119,,,,18.2148,,,,,-7.49803,,,,,,,,,,,,7.32682,,,,,,,,,,,,,,,,,,,0.53506,2.31372,2.31372,-1.77866,,,,6.87573,,,,18.2588,,,,,-7.4914,,
1995Q4,,,,,,,,,,7.21038,,,,,,0.129678,,,,,,,,,,,,,0.647102,2.11057,2.11057,-1.46347,,,,6.89567,,,,3.33295,,0.0987925,,,-8.3182,,,,,,,,,,,,7.21038,,,,,,0.129678,,,,,,,,,,,,,0.647102,2.11057,2.11057,-1.46347,,,,6.89567,,,,3.33295,,0.0987925,,,-8.3182,,,,,,,,,,,,7.36055,,,,,,0.111378,,,,,,,,,,,,,0.645164,2.11105,2.11105,-1.46589,,,,6.91236,,,,3.36518,,0.0867428,,,-8.33019,,
1996Q1,,,,,,,,,,7.23056,-0.374426,-1.83947,-0.224788,9.50366,,-0.118591,,,,,,,,,,,0.805848,,-2.81894,1.14079,1.14079,-3.95974,-0.334945,,,6.8405,-0.45286,-1.84429,0.190892,11.0377,4.84986,-0.121204,,,-4.80435,,,,,,,,,,,,7.23056,-0.374426,-1.83947,-0.224788,9.50366,,-0.118591,,,,,,,,,,,0.805848,,-2.81894,1.14079,1.14079,-3.95974,-0.334945,,,6.8405,-0.45286,-1.84429,0.190892,11.0377,4.84986,-0.121204,,,-4.80435,,,,,,,,,,,,7.32183,-0.384623,-1.87502,,,,-0.143174,,,,,,,,,,,0.811031,,-2.84683,1.14309,1.14309,-3.98992,-0.33206,,,6.8579,-0.447869,-1.84862,0.193212,11.0417,4.84758,-0.135261,,,-4.83332,,
1996Q2,,,,,,,,,,7.33718,-0.0299433,-1.45837,-1.37622,18.1147,,-0.132528,,,,,,,,,,,0.767209,,-2.85758,0.871086,0.871086,-3.72867,-0.103877,,,7.02188,0.0034632,-1.56512,-0.961473,19.5632,8.84292,-0.115922,,,-1.27995,,,,,,,,,,,,7.33718,-0.0299433,-1.45837,-1.37622,18.1147,,-0.132528,,,,,,,,,,,0.767209,,-2.85758,0.871086,0.871086,-3.72867,-0.103877,,,7.02188,0.0034632,-1.56512,-0.961473,19.5632,8.84292,-0.115922,,,-1.27995,,,,,,,,,,,,7.43243,-0.0389376,-1.48335,,,,-0.143606,,,,,,,,,,,0.76435,,-2.89351,0.870368,0.870368,-3.76388,-0.106018,,,7.04185,0.00988092,-1.57298,-0.967964,19.5775,8.8278,-0.128776,,,-1.33434,,
1996Q3,,,,,,,,,,7.36973,0.124808,-1.09694,-1.91864,11.9763,,-0.0678232,,,,,,,,,,,2.08091,,-1.54388,0.791591,0.791591,-2.33547,1.28932,,,7.07821,0.217021,-1.16161,-1.74068,11.1287,-7.08608,-0.0869287,,,-2.61137,,,,,,,,,,,,7.36973,0.124808,-1.09694,-1.91864,11.9763,,-0.0678232,,,,,,,,,,,2.08091,,-1.54388,0.791591,0.791591,-2.33547,1.28932,,,7.07821,0.217021,-1.16161,-1.74068,11.1287,-7.08608,-0.0869287,,,-2.61137,,,,,,,,,,,,7.48725,0.131238,-1.11739,,,,-0.0575058,,,,,,,,,,,2.07196,,-1.5859,0.786484,0.786484,-2.37238,1.28548,,,7.0996,0.223866,-1.16902,-1.75428,11.1409,-7.11789,-0.0989939,,,-2.65444,,
1996Q4,,,,,,,,,,7.2927,0.0235829,-0.948545,-2.33255,9.34158,,0.088414,,,,,,,,,,,1.95606,,-1.66873,0.851855,0.851855,-2.52059,1.1042,,,7.1012,0.205527,-0.968582,-2.32763,10.7984,7.46547,0.0527244,,,1.2271,,,,,,,,,,,,7.2927,0.0235829,-0.948545,-2.33255,9.34158,,0.088414,,,,,,,,,,,1.95606,,-1.66873,0.851855,0.851855,-2.52059,1.1042,,,7.1012,0.205527,-0.968582,-2.32763,10.7984,7.46547,0.0527244,,,1.2271,,,,,,,,,,,,7.41548,0.0294638,-0.963945,,,,0.097014,,,,,,,,,,,1.94361,,-1.71425,0.843056,0.843056,-2.5573,1.10056,,,7.12402,0.211659,-0.975777,-2.34376,10.709,7.34381,0.0407791,,,1.21604,,
1997Q1,2.20854,,2.20854,2.60894,2.60894,0.105963,0.105963,5.32961,6.87493,7.28295,-0.0611136,-1.18651,-2.36283,7.40869,-2.09497,0.194766,,,,,,,,,-0.400408,-0.400408,1.71081,0.904963,1.71081,1.51612,1.51612,0.19469,0.19469,6.30531,7.82143,7.04513,0.204635,-1.24285,-2.68687,4.99365,-6.04404,0.139219,,,5.66591,,,2.20854,,2.20854,2.60894,2.60894,0.105963,0.105963,5.32961,6.87493,7.28295,-0.0611136,-1.18651,-2.36283,7.40869,-2.09497,0.194766,,,,,,,,,-0.400408,-0.400408,1.71081,0.904963,1.71081,1.51612,1.51612,0.19469,0.19469,6.30531,7.82143,7.04513,0.204635,-1.24285,-2.68687,4.99365,-6.04404,0.139219,,,5.66591,,,1.97323,,1.97323,3.27303,3.11176,0.0484824,0.0484824,5.328,6.82661,7.31536,-0.0322408,-1.2039,-2.23629,,,0.206136,,,,,,,,,-1.2998,-1.13853,1.69074,0.879706,1.69074,1.50242,1.50242,0.188313,0.188313,6.29671,7.79913,7.07109,0.213192,-1.24686,-2.69883,4.93247,-6.10922,0.127066,,,5.68776,,
1997Q2,2.04683,,2.04683,2.49599,2.49599,0.0346047,0.0346047,-2.16135,-0.614055,7.21508,-0.222282,-1.04179,-1.53507,5.59534,-12.5193,0.415938,,,,,,,,,-0.449154,-0.449154,1.66513,0.897919,1.66513,1.50695,1.50695,0.15818,0.15818,-3.14767,-1.64072,7.02535,0.0034632,-1.07507,-1.87801,2.38817,-17.1751,0.436454,,,10.501,,,2.04683,,2.04683,2.49599,2.49599,0.0346047,0.0346047,-2.16135,-0.614055,7.21508,-0.222282,-1.04179,-1.53507,5.59534,-12.5193,0.415938,,,,,,,,,-0.449154,-0.449154,1.66513,0.897919,1.66513,1.50695,1.50695,0.15818,0.15818,-3.14767,-1.64072,7.02535,0.0034632,-1.07507,-1.87801,2.38817,-17.1751,0.436454,,,10.501,,,1.78719,,1.78719,3.35891,3.26272,-0.0646198,-0.0646198,-2.12042,-0.611015,7.26394,-0.191932,-1.0508,-1.3345,,,0.439422,,,,,,,,,-1.57172,-1.47553,1.64684,0.882486,1.64684,1.49638,1.49638,0.150453,0.150453,-3.08931,-1.59293,7.05173,0.00988092,-1.0773,-1.88374,2.34153,-17.236,0.427642,,,10.5241,,
1997Q3,1.53781,,1.53781,2.67974,2.67974,-0.600849,-0.600849,1.6479,3.33345,6.87556,-0.595409,-1.24378,-0.97322,2.4525,-9.5238,0.509725,,,,,,,,,-1.14193,-1.14193,1.10863,-0.972273,1.10863,1.66569,1.66569,-0.557061,-0.557061,1.68741,3.35311,6.60029,-0.477922,-1.30075,-1.19631,3.09293,-8.03582,0.528233,,,15.6078,,,1.53781,,1.53781,2.67974,2.67974,-0.600849,-0.600849,1.6479,3.33345,6.87556,-0.595409,-1.24378,-0.97322,2.4525,-9.5238,0.509725,,,,,,,,,-1.14193,-1.14193,1.10863,-0.972273,1.10863,1.66569,1.66569,-0.557061,-0.557061,1.68741,3.35311,6.60029,-0.477922,-1.30075,-1.19631,3.09293,-8.03582,0.528233,,,15.6078,,,1.33702,,1.33702,3.51372,3.47995,-0.6745,-0.6745,1.63415,3.30371,6.92598,-0.589847,-1.24995,-0.912951,,,0.524436,,,,,,,,,-2.1767,-2.14293,1.09814,-0.973817,1.09814,1.66091,1.66091,-0.562762,-0.562762,1.69995,3.36086,6.62553,-0.474071,-1.30316,-1.19774,3.01806,-8.12281,0.520416,,,15.616,,
1997Q4,1.99847,,1.99847,2.77792,2.77792,-0.231115,-0.231115,0.699497,2.52378,6.51576,-0.876214,-0.847255,-0.366379,9.28268,-0.0588927,0.735944,,,,,,,,,-0.779454,-0.779454,1.75145,-0.204608,1.75145,1.88232,1.88232,-0.130866,-0.130866,0.607687,2.49,6.12419,-0.977006,-0.891385,-0.575468,10.8571,0.0587302,0.81858,,,11.7315,,,1.99847,,1.99847,2.77792,2.77792,-0.231115,-0.231115,0.699497,2.52378,6.51576,-0.876214,-0.847255,-0.366379,9.28268,-0.0588927,0.735944,,,,,,,,,-0.779454,-0.779454,1.75145,-0.204608,1.75145,1.88232,1.88232,-0.130866,-0.130866,0.607687,2.49,6.12419,-0.977006,-0.891385,-0.575468,10.8571,0.0587302,0.81858,,,11.7315,,,1.90888,,1.90888,3.66232,3.62125,-0.229567,-0.229567,0.633004,2.4581,6.57941,-0.870463,-0.847825,-0.379284,,,0.75946,,,,,,,,,-1.75344,-1.71237,1.74341,-0.200203,1.74341,1.87964,1.87964,-0.136228,-0.136228,0.623086,2.50272,6.14844,-0.97558,-0.89158,-0.574419,10.8148,0.105793,0.813359,,,11.7453,,
1998Q1,2.21012,0.0015834,2.21012,2.4692,2.4692,0.346108,0.346108,-0.00704487,1.42485,6.31011,-1.02502,-0.933217,0.25126,10.5801,3.17141,0.6035,,,,,,,,,-0.259078,-0.259078,1.99188,0.281071,1.99188,1.40301,1.40301,0.588871,0.588871,-0.542335,0.860676,5.79914,-1.246,-0.926628,0.235917,12.4014,7.40774,0.63591,,,10.776,,,2.21012,0.0015834,2.21012,2.4692,2.4692,0.346108,0.346108,-0.00704487,1.42485,6.31011,-1.02502,-0.933217,0.25126,10.5801,3.17141,0.6035,,,,,,,,,-0.259078,-0.259078,1.99188,0.281071,1.99188,1.40301,1.40301,0.588871,0.588871,-0.542335,0.860676,5.79914,-1.246,-0.926628,0.235917,12.4014,7.40774,0.63591,,,10.776,,,2.12291,0.107371,2.12291,3.25041,3.12461,0.300652,0.300652,-0.00366406,1.42546,6.49226,-0.985887,-0.93191,0.286993,,,0.615648,,,,,,,,,-1.1275,-1.0017,1.98014,0.289402,1.98014,1.39614,1.39614,0.584,0.584,-0.515165,0.880974,5.82224,-1.24885,-0.929851,0.236031,12.3093,7.3768,0.630649,,,10.7569,,
1998Q2,2.39882,0.351986,2.39882,2.23087,2.23087,0.732044,0.732044,5.23085,6.49171,6.3465,-0.972894,-1.2174,0.241909,10.1622,4.56691,0.384806,,,,,,,,,0.167943,0.167943,2.43153,0.766406,2.43153,1.23502,1.23502,1.19651,1.19651,5.98277,7.21779,5.80327,-1.22208,-1.21631,0.469453,14.0381,11.65,0.361266,,,3.84039,,,2.39882,0.351986,2.39882,2.23087,2.23087,0.732044,0.732044,5.23085,6.49171,6.3465,-0.972894,-1.2174,0.241909,10.1622,4.56691,0.384806,,,,,,,,,0.167943,0.167943,2.43153,0.766406,2.43153,1.23502,1.23502,1.19651,1.19651,5.98277,7.21779,5.80327,-1.22208,-1.21631,0.469453,14.0381,11.65,0.361266,,,3.84039,,,2.37349,0.526683,2.37349,2.83795,2.67435,0.737002,0.737002,5.18792,6.44952,6.5659,-0.941449,-1.21891,0.207112,,,0.408456,,,,,,,,,-0.464462,-0.300863,2.41825,0.771415,2.41825,1.22612,1.22612,1.19213,1.19213,5.96248,7.18861,5.8258,-1.22593,-1.22172,0.467181,13.9318,11.5902,0.357907,,,3.82076,,
1998Q3,2.67895,1.14114,2.67895,1.81071,1.81071,1.32931,1.32931,4.7371,5.74389,6.00283,-0.972162,-1.09503,0.979838,6.33645,3.88395,0.0316706,,,,,,,,,0.868242,0.868242,3.04952,1.94089,3.04952,0.977112,0.977112,2.07241,2.07241,5.26043,6.23755,5.34488,-1.25541,-1.04464,1.52683,9.43838,6.34545,0.0294336,,,2.28816,,,2.67895,1.14114,2.67895,1.81071,1.81071,1.32931,1.32931,4.7371,5.74389,6.00283,-0.972162,-1.09503,0.979838,6.33645,3.88395,0.0316706,,,,,,,,,0.868242,0.868242,3.04952,1.94089,3.04952,0.977112,0.977112,2.07241,2.07241,5.26043,6.23755,5.34488,-1.25541,-1.04464,1.52683,9.43838,6.34545,0.0294336,,,2.28816,,,2.70124,1.32218,2.70124,2.46423,2.18813,1.39382,1.39382,4.70882,5.70598,6.23983,-0.936446,-1.0953,1.07939,,,0.0720408,,,,,,,,,0.237012,0.513103,3.03204,1.93389,3.03204,0.964128,0.964128,2.06791,2.06791,5.25345,6.21758,5.36627,-1.25926,-1.04934,1.51453,9.33656,6.3185,0.0298151,,,2.28747,,
1998Q4,2.8899,0.891429,2.8899,1.39443,1.39443,1.87171,1.87171,4.48934,5.22373,5.73429,-0.886401,-1.02727,1.39068,8.59969,-0.682992,-0.263142,,,,,,,,,1.49547,1.49547,3.73736,1.98591,3.73736,0.674685,0.674685,3.06268,3.06268,4.90162,5.5763,4.98855,-1.13564,-0.910464,2.23812,12.4127,1.5556,-0.31167,,,4.6012,,,2.8899,0.891429,2.8899,1.39443,1.39443,1.87171,1.87171,4.48934,5.22373,5.73429,-0.886401,-1.02727,1.39068,8.59969,-0.682992,-0.263142,,,,,,,,,1.49547,1.49547,3.73736,1.98591,3.73736,0.674685,0.674685,3.06268,3.06268,4.90162,5.5763,4.98855,-1.13564,-0.910464,2.23812,12.4127,1.5556,-0.31167,,,4.6012,,,2.90488,0.961908,2.90488,2.04026,1.70516,1.92182,1.92182,4.46703,5.18611,5.98655,-0.860027,-1.0302,1.50054,,,-0.232155,,,,,,,,,0.864617,1.19972,3.72097,1.97756,3.72097,0.660245,0.660245,3.06073,3.06073,4.90217,5.56241,5.00852,-1.13992,-0.916703,2.21748,12.3581,1.54334,-0.308629,,,4.59791,,
1999Q1,2.90593,0.695809,2.90593,1.5067,1.5067,1.62462,1.62462,4.83076,5.96993,5.63099,-0.734416,-0.896866,0.585699,10.7449,0.164845,-0.258797,,,,,,,,,1.39923,1.39923,3.98912,1.99724,3.98912,1.15738,1.15738,2.83174,2.83174,5.38444,6.54183,4.7989,-1.00024,-0.839412,1.6029,13.1735,0.7721,-0.285842,,,0.726563,,,2.90593,0.695809,2.90593,1.5067,1.5067,1.62462,1.62462,4.83076,5.96993,5.63099,-0.734416,-0.896866,0.585699,10.7449,0.164845,-0.258797,,,,,,,,,1.39923,1.39923,3.98912,1.99724,3.98912,1.15738,1.15738,2.83174,2.83174,5.38444,6.54183,4.7989,-1.00024,-0.839412,1.6029,13.1735,0.7721,-0.285842,,,0.726563,,,2.91193,0.789028,2.91193,1.88241,1.72585,1.62748,1.62748,4.78026,5.89629,5.91555,-0.659173,-0.89972,0.634306,,,-0.225472,,,,,,,,,1.02953,1.18608,3.98337,2.00323,3.98337,1.14753,1.14753,2.83583,2.83583,5.37022,6.51775,4.81744,-1.00481,-0.84336,1.58137,13.145,0.835707,-0.283142,,,0.718441,,
1999Q2,2.13745,-0.261369,2.13745,1.69326,1.69326,0.632001,0.632001,0.874101,2.27072,5.57084,-0.775656,-0.538988,-0.171149,5.48799,-4.67426,0.192781,,,,,,,,,0.444192,0.444192,3.08844,0.656905,3.08844,1.37352,1.37352,1.71492,1.71492,0.59944,1.97296,4.69567,-1.10759,-0.49952,0.718591,6.67576,-7.36239,0.205584,,,5.53956,,,2.13745,-0.261369,2.13745,1.69326,1.69326,0.632001,0.632001,0.874101,2.27072,5.57084,-0.775656,-0.538988,-0.171149,5.48799,-4.67426,0.192781,,,,,,,,,0.444192,0.444192,3.08844,0.656905,3.08844,1.37352,1.37352,1.71492,1.71492,0.59944,1.97296,4.69567,-1.10759,-0.49952,0.718591,6.67576,-7.36239,0.205584,,,5.53956,,,2.10826,-0.265226,2.10826,2.05802,1.94649,0.611314,0.611314,0.872146,2.24955,5.87019,-0.695709,-0.541515,-0.179504,,,0.230884,,,,,,,,,0.0502471,0.161771,3.08134,0.663083,3.08134,1.36403,1.36403,1.71731,1.71731,0.619646,1.98367,4.71236,-1.11344,-0.500489,0.701622,6.63083,-7.30092,0.206681,,,5.55619,,
1999Q3,0.936069,-1.74288,0.936069,1.78531,1.78531,-0.646352,-0.646352,4.41888,5.87661,5.66722,-0.335615,0.546155,-1.25097,8.52039,2.18394,0.688014,0.55838,,,,,,,,-0.84924,-0.84924,1.46512,-1.5844,1.46512,1.35462,1.35462,0.110497,0.110497,5.13509,6.48972,4.77474,-0.570133,0.557698,-0.765011,10.8482,1.40981,0.7098,0.536764,,3.15554,,,0.936069,-1.74288,0.936069,1.78531,1.78531,-0.646352,-0.646352,4.41888,5.87661,5.66722,-0.335615,0.546155,-1.25097,8.52039,2.18394,0.688014,0.55838,,,,,,,,-0.84924,-0.84924,1.46512,-1.5844,1.46512,1.35462,1.35462,0.110497,0.110497,5.13509,6.48972,4.77474,-0.570133,0.557698,-0.765011,10.8482,1.40981,0.7098,0.536764,,3.15554,,,0.900387,-1.80085,0.900387,2.12531,2.11019,-0.749952,-0.749952,4.38961,5.81882,5.97482,-0.265005,0.545042,-1.31387,,,0.704297,0.56213,,,,,,,,-1.22493,-1.20981,1.46006,-1.57198,1.46006,1.34903,1.34903,0.111033,0.111033,5.1142,6.46323,4.78972,-0.576551,0.558224,-0.768516,10.814,1.47741,0.710303,0.544997,,3.16003,,
1999Q4,1.44718,-1.44272,1.44718,2.34881,2.34881,-0.699256,-0.699256,0.755637,2.74055,5.71453,-0.0197568,0.950113,-1.78748,17.9251,9.32538,0.799406,0.574674,,,,,,,,-0.90163,-0.90163,1.62942,-2.10794,1.62942,1.89743,1.89743,-0.268013,-0.268013,0.634785,2.53222,4.77566,-0.212894,0.90949,-1.67571,17.8075,5.39476,0.922544,0.72577,,4.8329,,,1.44718,-1.44272,1.44718,2.34881,2.34881,-0.699256,-0.699256,0.755637,2.74055,5.71453,-0.0197568,0.950113,-1.78748,17.9251,9.32538,0.799406,0.574674,,,,,,,,-0.90163,-0.90163,1.62942,-2.10794,1.62942,1.89743,1.89743,-0.268013,-0.268013,0.634785,2.53222,4.77566,-0.212894,0.90949,-1.67571,17.8075,5.39476,0.922544,0.72577,,4.8329,,,1.36413,-1.54075,1.36413,2.61686,2.66707,-0.811639,-0.811639,0.758972,2.71698,6.02472,0.0381636,0.951777,-1.88256,,,0.833701,0.614847,,,,,,,,-1.25273,-1.30294,1.62743,-2.09355,1.62743,1.89063,1.89063,-0.263203,-0.263203,0.648626,2.53925,4.78821,-0.22031,0.911492,-1.66819,17.772,5.41387,0.922888,0.732677,,4.82918,,
2000Q1,1.0642,-1.84173,1.0642,2.47922,2.47922,-1.19756,-1.19756,1.97572,4.03129,5.57233,-0.0586657,1.49955,-0.714342,14.8579,3.18452,0.720691,0.505331,-4.16216,8.71914,,,,-2.32646,,-1.41502,-1.41502,0.947149,-3.04197,0.947149,1.89651,1.89651,-0.949361,-0.949361,2.32298,4.21949,4.6329,-0.165992,1.47172,-0.940839,12.4335,-0.739985,0.979333,0.674327,-5.69619,7.16978,,,1.0642,-1.84173,1.0642,2.47922,2.47922,-1.19756,-1.19756,1.97572,4.03129,5.57233,-0.0586657,1.49955,-0.714342,14.8579,3.18452,0.720691,0.505331,-4.16216,8.71914,,,,-2.32646,,-1.41502,-1.41502,0.947149,-3.04197,0.947149,1.89651,1.89651,-0.949361,-0.949361,2.32298,4.21949,4.6329,-0.165992,1.47172,-0.940839,12.4335,-0.739985,0.979333,0.674327,-5.69619,7.16978,,,0.969299,-1.94264,0.969299,2.8887,2.87175,-1.34666,-1.34666,1.96212,4.01006,5.89296,-0.0225985,1.49981,-0.774713,15.0789,,0.684414,0.565046,-3.91184,8.96939,,,,-2.07621,,-1.9194,-1.90245,0.939008,-3.04436,0.939008,1.88766,1.88766,-0.948655,-0.948655,2.32571,4.21337,4.64446,-0.17298,1.47253,-0.931196,12.4174,-0.727578,0.981088,0.682055,-5.69444,7.17114,,
2000Q2,1.05215,-1.0853,1.05215,2.49502,2.49502,-1.23858,-1.23858,6.19343,8.28495,5.36306,-0.266998,0.998497,0.234148,18.1333,11.4586,0.654358,0.375858,-2.66814,9.67172,,,,6.97864,,-1.44287,-1.44287,0.83821,-2.25023,0.83821,1.94231,1.94231,-1.1041,-1.1041,7.60738,9.54968,4.3329,-0.362771,0.94114,0.00765172,15.4563,8.78055,0.815766,0.392011,-3.72936,8.59878,,,1.05215,-1.0853,1.05215,2.49502,2.49502,-1.23858,-1.23858,6.19343,8.28495,5.36306,-0.266998,0.998497,0.234148,18.1333,11.4586,0.654358,0.375858,-2.66814,9.67172,,,,6.97864,,-1.44287,-1.44287,0.83821,-2.25023,0.83821,1.94231,1.94231,-1.1041,-1.1041,7.60738,9.54968,4.3329,-0.362771,0.94114,0.00765172,15.4563,8.78055,0.815766,0.392011,-3.72936,8.59878,,,0.936078,-1.17219,0.936078,2.8915,2.8394,-1.41373,-1.41373,6.18396,8.2661,5.7202,-0.237447,0.996598,0.17406,18.0222,,0.616759,0.392542,-2.59454,9.74553,,,,7.05245,,-1.95542,-1.90332,0.831145,-2.25019,0.831145,1.9335,1.9335,-1.10235,-1.10235,7.57066,9.50416,4.34446,-0.367905,0.93966,0.0144385,15.4577,8.8269,0.818127,0.400234,-3.75892,8.56929,,
2000Q3,1.72577,0.789704,1.72577,2.70607,2.70607,-0.758546,-0.758546,-3.00323,-0.734602,5.24827,-0.478936,0.142228,0.920624,13.4994,2.93596,0.56656,0.228732,-1.83485,12.886,,,,12.0353,,-0.980301,-0.980301,1.44206,-0.0230589,1.44206,2.19908,2.19908,-0.757022,-0.757022,-4.10165,-1.90256,4.26508,-0.509668,0.0786169,0.720345,13.2142,2.36599,0.709909,0.251457,-2.48843,12.2436,,,1.72577,0.789704,1.72577,2.70607,2.70607,-0.758546,-0.758546,-3.00323,-0.734602,5.24827,-0.478936,0.142228,0.920624,13.4994,2.93596,0.56656,0.228732,-1.83485,12.886,,,,12.0353,,-0.980301,-0.980301,1.44206,-0.0230589,1.44206,2.19908,2.19908,-0.757022,-0.757022,-4.10165,-1.90256,4.26508,-0.509668,0.0786169,0.720345,13.2142,2.36599,0.709909,0.251457,-2.48843,12.2436,,,1.57246,0.672073,1.57246,2.99132,2.96643,-0.881167,-0.881167,-2.95292,-0.677557,5.60716,-0.45629,0.139463,0.864299,12.4648,,0.538502,0.236152,-1.6665,13.054,,,,12.2033,,-1.41886,-1.39397,1.43569,-0.0243723,1.43569,2.18814,2.18814,-0.75245,-0.75245,-4.04512,-1.85698,4.27449,-0.51523,0.076506,0.72139,13.1869,2.37298,0.711567,0.258666,-2.49737,12.2343,,
2000Q4,1.40118,-0.0459975,1.40118,2.66318,2.66318,-1.02744,-1.02744,3.96509,6.20983,5.15067,-0.625414,-0.203955,1.25665,15.1122,-3.53027,0.499934,0.160979,-1.11614,16.673,,,,18.8983,,-1.26199,-1.26199,1.00638,-0.623043,1.00638,2.12867,2.12867,-1.12229,-1.12229,4.71063,6.83929,4.14416,-0.631504,-0.233636,1.13821,12.0511,-5.75642,0.61083,0.149277,-1.20793,16.5989,,,1.40118,-0.0459975,1.40118,2.66318,2.66318,-1.02744,-1.02744,3.96509,6.20983,5.15067,-0.625414,-0.203955,1.25665,15.1122,-3.53027,0.499934,0.160979,-1.11614,16.673,,,,18.8983,,-1.26199,-1.26199,1.00638,-0.623043,1.00638,2.12867,2.12867,-1.12229,-1.12229,4.71063,6.83929,4.14416,-0.631504,-0.233636,1.13821,12.0511,-5.75642,0.61083,0.149277,-1.20793,16.5989,,,1.3304,-0.033727,1.3304,2.92476,2.92435,-1.09329,-1.09329,3.94924,6.20286,5.49851,-0.617348,-0.204989,1.22076,16.0545,,0.461458,0.144525,-0.885286,16.904,,,,19.1293,,-1.59436,-1.59395,1.00153,-0.625898,1.00153,2.12019,2.12019,-1.11866,-1.11866,4.69269,6.81288,4.15186,-0.636353,-0.236558,1.13491,12.0716,-5.70037,0.611374,0.155106,-1.2023,16.605,,
2001Q1,1.69501,0.554065,2.00262,2.79744,2.79744,-0.614271,-0.921887,2.14834,4.84949,5.49371,-0.136731,-0.632545,1.07881,19.4111,4.35499,0.150136,-0.336402,2.17147,8.88313,3.52125,,9.98863,12.4731,11.2309,-1.10244,-1.10244,1.12795,0.1808,1.55793,2.53358,2.53358,-0.975646,-1.40563,1.96287,4.49644,4.58393,-0.048971,-0.608446,1.01428,17.0882,4.65466,0.161367,-0.3539,3.26883,9.98479,2.92366,,1.69501,0.554065,2.00262,2.79744,2.79744,-0.614271,-0.921887,2.14834,4.84949,5.49371,-0.136731,-0.632545,1.07881,19.4111,4.35499,0.150136,-0.336402,2.17147,8.88313,3.52125,,9.98863,12.4731,11.2309,-1.10244,-1.10244,1.12795,0.1808,1.55793,2.53358,2.53358,-0.975646,-1.40563,1.96287,4.49644,4.58393,-0.048971,-0.608446,1.01428,17.0882,4.65466,0.161367,-0.3539,3.26883,9.98479,2.92366,,1.7493,0.636793,2.04511,3.04033,3.04378,-0.60016,-0.89597,2.26429,5.27173,5.81489,-0.164181,-0.632439,1.04304,19.1645,3.70044,0.128947,-0.329749,2.42023,9.13178,3.72216,,10.2374,12.7217,11.4796,-1.29103,-1.29448,1.12527,0.186263,1.55179,2.52529,2.52529,-0.973507,-1.40002,1.96548,4.49078,4.59534,-0.0491136,-0.61123,1.00985,17.0415,4.62414,0.159752,-0.349794,3.28835,10.0046,2.92481,
2001Q2,3.3217,2.15632,3.62932,3.47519,3.47519,0.32402,0.0164034,1.39906,4.79554,5.43221,0.0691522,0.00452738,0.702651,13.5148,-5.39564,-0.0544563,-0.661544,1.82061,8.54812,4.79391,,7.38226,11.0472,9.21475,-0.153489,-0.153489,2.65939,1.82118,3.08937,3.3271,3.3271,-0.23773,-0.667712,0.86023,4.18733,4.48601,0.153102,0.104665,0.748749,14.2446,-1.21169,-0.0359547,-0.567356,3.37464,10.095,4.53134,,3.3217,2.15632,3.62932,3.47519,3.47519,0.32402,0.0164034,1.39906,4.79554,5.43221,0.0691522,0.00452738,0.702651,13.5148,-5.39564,-0.0544563,-0.661544,1.82061,8.54812,4.79391,,7.38226,11.0472,9.21475,-0.153489,-0.153489,2.65939,1.82118,3.08937,3.3271,3.3271,-0.23773,-0.667712,0.86023,4.18733,4.48601,0.153102,0.104665,0.748749,14.2446,-1.21169,-0.0359547,-0.567356,3.37464,10.095,4.53134,,3.45765,2.31313,3.75346,3.69535,3.71873,0.396648,0.100838,1.558,5.24542,5.72933,0.00913267,0.00912557,0.725249,13.2678,-6.2226,-0.0614648,-0.658798,2.18699,8.91495,4.96786,,7.74864,11.4141,9.58135,-0.237692,-0.261082,2.66419,1.83305,3.09071,3.322,3.322,-0.231285,-0.657802,0.86663,4.18863,4.49713,0.152675,0.103005,0.74473,14.2614,-1.19629,-0.0384257,-0.563993,3.42608,10.1463,4.53796,
2001Q3,3.72144,1.91723,0.162293,2.84167,2.84167,-2.53687,1.02228,3.89775,6.68548,5.58052,0.332253,-0.00898528,0.216386,15.0698,1.21604,-0.125635,-0.570257,2.94809,4.57592,3.63265,,2.6851,9.94439,6.31474,0.879773,0.879773,3.33898,1.89692,-1.63595,2.61921,2.61921,-4.25516,0.719764,4.20947,6.82868,4.65474,0.389664,0.127255,0.424232,17.2208,4.00659,-0.186278,-0.710513,4.68663,6.31857,3.52936,,3.72144,1.91723,0.162293,2.84167,2.84167,-2.53687,1.02228,3.89775,6.68548,5.58052,0.332253,-0.00898528,0.216386,15.0698,1.21604,-0.125635,-0.570257,2.94809,4.57592,3.63265,,2.6851,9.94439,6.31474,0.879773,0.879773,3.33898,1.89692,-1.63595,2.61921,2.61921,-4.25516,0.719764,4.20947,6.82868,4.65474,0.389664,0.127255,0.424232,17.2208,4.00659,-0.186278,-0.710513,4.68663,6.31857,3.52936,,3.93881,2.22824,0.516262,3.15775,3.12534,-2.29266,1.1299,3.97938,7.07903,5.86071,0.253551,-0.0109656,0.271506,15.8097,2.72507,-0.124505,-0.641154,3.2694,4.8971,3.85575,,3.00641,10.2656,6.63599,0.781064,0.81347,3.34362,1.90793,-1.59123,2.62066,2.62066,-4.21189,0.722956,4.19075,6.81141,4.66558,0.39109,0.126105,0.424092,17.2593,4.07234,-0.189805,-0.708272,4.73972,6.37189,3.53431,
2001Q4,3.98166,2.59811,0.422514,2.38553,2.38553,-1.84514,1.71401,2.41401,4.76699,5.68962,0.538954,-0.229667,-0.554557,24.4196,9.15098,0.0157396,-0.424682,2.40343,-0.600168,3.68467,,-6.31885,0.369057,-2.97489,1.59613,1.59613,3.94235,2.93597,-1.03258,2.22219,2.22219,-3.25477,1.72016,1.85189,4.07408,4.77451,0.630351,-0.0735124,-0.0738666,27.5482,15.4971,-0.00541592,-0.477546,4.04617,1.01379,3.9459,,3.98166,2.59811,0.422514,2.38553,2.38553,-1.84514,1.71401,2.41401,4.76699,5.68962,0.538954,-0.229667,-0.554557,24.4196,9.15098,0.0157396,-0.424682,2.40343,-0.600168,3.68467,,-6.31885,0.369057,-2.97489,1.59613,1.59613,3.94235,2.93597,-1.03258,2.22219,2.22219,-3.25477,1.72016,1.85189,4.07408,4.77451,0.630351,-0.0735124,-0.0738666,27.5482,15.4971,-0.00541592,-0.477546,4.04617,1.01379,3.9459,,4.09279,2.80162,0.67024,2.7148,2.66977,-1.69913,1.72342,2.54834,5.20798,5.95575,0.457244,-0.266793,-0.432889,24.8344,8.51163,0.0196188,-0.474237,2.81218,-0.189725,3.83781,,-5.9101,0.7795,-2.5653,1.37799,1.42302,3.95169,2.95016,-0.98316,2.2245,2.2245,-3.20766,1.72718,1.85231,4.07682,4.78492,0.633061,-0.0726929,-0.0736602,27.6335,15.5619,-0.00813301,-0.474756,4.09144,1.05859,3.94808,
2002Q1,5.65924,3.65883,1.89102,2.48576,2.48576,-0.594734,3.17348,3.66205,6.16651,5.58459,0.148868,0.294965,-0.854361,19.8724,0.84803,0.572134,0.341998,-1.46839,3.71682,3.47162,-0.758829,-9.72856,-0.0906423,-4.9096,3.17348,3.17348,5.52799,4.40004,0.123077,1.76861,1.76861,-1.64553,3.75938,3.93893,5.70754,4.74738,0.163444,0.50521,-0.369076,20.0711,2.98297,0.691271,0.343615,-1.78786,3.39035,3.66261,0.73894,5.35934,3.58053,1.59113,2.11169,2.11169,-0.52056,3.24765,3.62062,5.74128,5.62813,0.134427,0.258744,-0.908146,20.0547,0.643659,0.574115,0.341998,-1.87532,3.30989,3.10852,-0.41273,-10.1355,-0.497568,-5.31653,3.24765,3.24765,5.52799,4.40004,0.123077,1.76861,1.76861,-1.64553,3.75938,3.93893,5.70754,4.74738,0.163444,0.50521,-0.369076,20.0711,2.98297,0.691271,0.343615,-1.78786,3.39035,3.66261,0.73894,5.57388,3.6318,1.93674,2.40946,2.34971,-0.412976,3.22417,3.75603,6.11824,5.87365,0.0587578,0.265668,-0.733097,20.2415,1.07696,0.583048,0.326603,-1.70378,3.48199,3.21764,-0.504516,-9.96395,-0.325475,-5.14471,3.16442,3.22417,5.53927,4.414,0.177911,1.77559,1.77559,-1.59767,3.76369,3.92012,5.6957,4.75693,0.16159,0.505896,-0.367882,20.1165,3.07496,0.692234,0.349471,-1.75924,3.41908,3.66685,0.742032
2002Q2,3.36622,-0.249265,-0.401997,1.8429,1.8429,-2.2449,1.52332,3.45866,5.30842,5.56076,0.19524,0.170526,-0.685771,11.2921,-1.90537,0.555266,0.256251,-2.14545,-7.17686,1.92892,-3.53171,-12.1284,-14.8205,-13.4745,1.52332,1.52332,3.46815,0.808757,-1.93676,1.16444,1.16444,-3.1012,2.30371,3.46712,4.63156,4.72968,0.243672,0.377783,-0.187348,9.92854,-4.31608,0.668703,0.29671,-3.24421,-8.21853,2.22438,-2.30696,3.06126,-0.35487,-0.706956,1.48527,1.48527,-2.19222,1.57599,3.5733,5.05612,5.60197,0.169754,0.132023,-0.742091,11.4772,-2.03761,0.563961,0.256251,-2.62709,-7.65851,1.64115,-3.15276,-12.6101,-15.3021,-13.9561,1.57599,1.57599,3.46815,0.808757,-1.93676,1.16444,1.16444,-3.1012,2.30371,3.46712,4.63156,4.72968,0.243672,0.377783,-0.187348,9.92854,-4.31608,0.668703,0.29671,-3.24421,-8.21853,2.22438,-2.30696,3.17946,-0.470921,-0.45768,1.73973,1.67778,-2.13546,1.50168,3.69498,5.37488,5.82829,0.0989621,0.155632,-0.619729,12.0459,-1.22191,0.585081,0.263297,-2.38548,-7.42066,1.7194,-3.24846,-12.3685,-15.0643,-13.7164,1.43973,1.50168,3.46899,0.804802,-1.89237,1.17079,1.17079,-3.06316,2.2982,3.45603,4.62682,4.73938,0.242246,0.37828,-0.184496,9.9361,-4.32535,0.66967,0.302431,-3.21482,-8.18879,2.22564,-2.31231
2002Q3,2.63795,-1.34019,2.63795,2.0555,2.0555,0.582446,0.582446,4.03372,6.09865,5.66063,0.145736,-0.327082,-0.453701,2.87978,-12.1532,0.330691,-0.184475,-3.35537,-13.3195,1.38446,-2.80499,-12.0993,-18.5448,-15.3221,0.582446,0.582446,3.08351,-0.255463,3.08351,1.63696,1.63696,1.44655,1.44655,4.25575,5.89271,4.78601,0.131267,-0.157824,0.0321547,2.3532,-14.8676,0.41052,-0.129033,-5.09527,-15.0803,1.74414,-1.78522,2.31239,-1.43471,2.31239,1.72412,1.72412,0.588263,0.588263,4.19941,5.92435,5.71097,0.130444,-0.365286,-0.511687,3.15682,-11.913,0.340668,-0.184475,-3.7889,-13.753,1.0639,-2.56874,-12.5329,-18.9784,-15.7556,0.588263,0.588263,3.08351,-0.255463,3.08351,1.63696,1.63696,1.44655,1.44655,4.25575,5.89271,4.78601,0.131267,-0.157824,0.0321547,2.3532,-14.8676,0.41052,-0.129033,-5.09527,-15.0803,1.74414,-1.78522,2.25786,-1.83157,2.25786,1.88326,1.8354,0.422457,0.422457,4.32871,6.16717,5.90111,0.0403957,-0.355241,-0.432269,3.59723,-12.2125,0.345791,-0.183157,-3.51548,-13.4782,1.06381,-2.79193,-12.2595,-18.7036,-15.4815,0.374603,0.422457,3.08242,-0.2612,3.08242,1.63847,1.63847,1.44394,1.44394,4.23862,5.8771,4.79713,0.131552,-0.15753,0.0326463,2.2953,-14.964,0.413434,-0.120301,-5.06949,-15.0546,1.74376,-1.79054
2002Q4,1.90477,-2.35428,1.90477,2.42526,2.42526,-0.520489,-0.520489,3.95112,6.39655,5.76898,0.137553,-0.188257,-0.170132,12.8925,-11.476,0.00386132,-0.637364,-4.3137,-15.2968,0.550879,-3.62815,-6.34706,-12.9255,-9.63627,-0.520489,-0.520489,2.18769,-1.75466,2.18769,2.17815,2.17815,0.00954278,0.00954278,4.16351,6.34166,4.97244,0.197932,-0.041913,0.154769,10.134,-17.4142,-0.0549263,-0.726163,-6.48602,-17.4372,0.750718,-3.19519,1.60044,-2.40854,1.60044,2.13993,2.13993,-0.5395,-0.5395,4.0304,6.18308,5.83525,0.145624,-0.219636,-0.226337,13.0191,-11.4005,-0.000464767,-0.637364,-4.68391,-15.667,0.26456,-3.42011,-6.71727,-13.2957,-10.0065,-0.5395,-0.5395,2.18769,-1.75466,2.18769,2.17815,2.17815,0.00954278,0.00954278,4.16351,6.34166,4.97244,0.197932,-0.041913,0.154769,10.134,-17.4142,-0.0549263,-0.726163,-6.48602,-17.4372,0.750718,-3.19519,1.53006,-2.70849,1.53006,2.24233,2.21176,-0.681699,-0.681699,4.14805,6.37185,6.02059,0.0648351,-0.231399,-0.180893,14.175,-10.6594,0.00175264,-0.649407,-4.30751,-15.2924,0.23823,-3.59958,-6.34087,-12.9211,-9.63098,-0.712275,-0.681699,2.17884,-1.77285,2.17884,2.17777,2.17777,0.00107427,0.00107427,4.14369,6.32146,4.98313,0.198217,-0.0425387,0.156213,10.127,-17.5065,-0.0516418,-0.716351,-6.46731,-17.4179,0.750518,-3.19756
2003Q1,1.20532,-4.45392,1.20532,3.49727,3.49727,-2.29195,-2.29195,1.79302,5.3361,5.86204,0.277455,-0.967842,-0.519302,11.9525,-7.91991,-0.293353,-1.03403,-0.340716,-20.6111,-0.0940665,-3.56568,-0.791768,-13.9427,-7.36721,-2.29195,-2.29195,1.47403,-4.05396,1.47403,3.7872,3.7872,-2.31317,-2.31317,0.91082,4.69802,5.09221,0.344834,-0.917374,-0.311456,10.5355,-9.53567,-0.379429,-1.0527,-1.49397,-21.7615,-0.0448689,-3.70747,1.20532,-4.45392,1.20532,3.49727,3.49727,-2.29195,-2.29195,1.79302,5.3361,5.86204,0.277455,-0.967842,-0.519302,11.9525,-7.91991,-0.293353,-1.03403,-0.340716,-20.6111,-0.0940665,-3.56568,-0.791768,-13.9427,-7.36721,-2.29195,-2.29195,1.47403,-4.05396,1.47403,3.7872,3.7872,-2.31317,-2.31317,0.91082,4.69802,5.09221,0.344834,-0.917374,-0.311456,10.5355,-9.53567,-0.379429,-1.0527,-1.49397,-21.7615,-0.0448689,-3.70747,0.815766,-4.75811,0.815766,3.30997,3.30058,-2.48482,-2.48482,2.09642,5.43054,6.09617,0.222518,-0.994068,-0.523223,12.9834,-7.25802,-0.279961,-1.02771,-0.227259,-20.4978,-0.386951,-3.60459,-0.678311,-13.8294,-7.25384,-2.49421,-2.48482,1.46023,-4.07905,1.46023,3.78036,3.78036,-2.32013,-2.32013,0.908054,4.68841,5.10248,0.345547,-0.916741,-0.309469,10.5559,-9.56063,-0.376954,-1.04401,-1.47978,-21.7472,-0.0425654,-3.7094
2003Q2,1.61054,-1.75568,1.61054,2.09651,2.09651,-0.485977,-0.485977,3.15237,5.27516,6.09264,0.531883,-1.49108,-1.13515,15.784,4.49199,-0.192462,-0.775959,2.87159,-18.3115,-0.341396,-2.27031,3.0712,-8.86374,-2.89627,-0.485977,-0.485977,1.81974,-1.64841,1.81974,1.99915,1.99915,-0.17941,-0.17941,2.85744,4.85659,5.28071,0.551034,-1.53461,-1.10072,17.847,7.9185,-0.249303,-0.806244,2.94699,-18.2342,-0.526203,-2.75059,1.61054,-1.75568,1.61054,2.09651,2.09651,-0.485977,-0.485977,3.15237,5.27516,6.09264,0.531883,-1.49108,-1.13515,15.784,4.49199,-0.192462,-0.775959,2.87159,-18.3115,-0.341396,-2.27031,3.0712,-8.86374,-2.89627,-0.485977,-0.485977,1.81974,-1.64841,1.81974,1.99915,1.99915,-0.17941,-0.17941,2.85744,4.85659,5.28071,0.551034,-1.53461,-1.10072,17.847,7.9185,-0.249303,-0.806244,2.94699,-18.2342,-0.526203,-2.75059,1.34141,-1.83805,1.34141,2.03987,1.9798,-0.638392,-0.638392,3.37215,5.37111,6.31946,0.491174,-1.5033,-1.10468,15.6567,3.6108,-0.185407,-0.782402,2.92619,-18.257,-0.603209,-2.32261,3.1258,-8.80921,-2.84171,-0.698462,-0.638392,1.80399,-1.66501,1.80399,1.99789,1.99789,-0.193906,-0.193906,2.84568,4.84357,5.29027,0.550891,-1.53194,-1.09814,17.9095,7.97341,-0.248054,-0.799732,2.92183,-18.2593,-0.525064,-2.7507
2003Q3,2.10219,-0.53576,2.10219,1.8967,1.8967,0.205483,0.205483,4.06357,5.98031,6.20854,0.547909,-0.884521,-2.22668,8.67417,5.79439,0.278668,-0.029681,4.46757,-8.90722,0.48621,-0.898252,8.42661,-1.30389,3.56136,0.205483,0.205483,2.19219,-0.891327,2.19219,1.74841,1.74841,0.443778,0.443778,4.08961,5.83802,5.49221,0.706205,-0.968243,-2.59759,8.66575,6.31255,0.393171,0.049998,5.42852,-7.94351,0.247627,-1.49652,2.10219,-0.53576,2.10219,1.8967,1.8967,0.205483,0.205483,4.06357,5.98031,6.20854,0.547909,-0.884521,-2.22668,8.67417,5.79439,0.278668,-0.029681,4.46757,-8.90722,0.48621,-0.898252,8.42661,-1.30389,3.56136,0.205483,0.205483,2.19219,-0.891327,2.19219,1.74841,1.74841,0.443778,0.443778,4.08961,5.83802,5.49221,0.706205,-0.968243,-2.59759,8.66575,6.31255,0.393171,0.049998,5.42852,-7.94351,0.247627,-1.49652,1.91318,-0.344682,1.91318,1.83908,1.80452,0.10866,0.10866,4.1769,5.99596,6.42753,0.526425,-0.885297,-2.15716,8.8243,5.22707,0.270627,-0.0266521,4.41742,-8.95771,0.236564,-0.827249,8.37646,-1.35438,3.51104,0.0740999,0.10866,2.18124,-0.901178,2.18124,1.74694,1.74694,0.434298,0.434298,4.07102,5.81796,5.50248,0.705349,-0.964578,-2.58857,8.66818,6.37288,0.39409,0.0549724,5.37901,-7.9932,0.242916,-1.50085
2003Q4,2.58401,0.679241,2.58401,1.57641,1.57641,1.0076,1.0076,2.46357,4.04876,6.38129,0.612311,-0.489861,-2.40062,5.6097,-7.28275,0.383714,0.229946,4.88493,-12.4095,1.27524,0.72436,5.6757,-2.60426,1.53572,1.0076,1.0076,2.47385,0.286164,2.47385,1.29466,1.29466,1.17919,1.17919,2.02091,3.31557,5.67773,0.705289,-0.672098,-2.97609,0.973737,-9.16027,0.498128,0.270198,5.73548,-11.5508,0.87527,0.124555,2.58401,0.679241,2.58401,1.57641,1.57641,1.0076,1.0076,2.46357,4.04876,6.38129,0.612311,-0.489861,-2.40062,5.6097,-7.28275,0.383714,0.229946,4.88493,-12.4095,1.27524,0.72436,5.6757,-2.60426,1.53572,1.0076,1.0076,2.47385,0.286164,2.47385,1.29466,1.29466,1.17919,1.17919,2.02091,3.31557,5.67773,0.705289,-0.672098,-2.97609,0.973737,-9.16027,0.498128,0.270198,5.73548,-11.5508,0.87527,0.124555,2.50485,0.974789,2.50485,1.56154,1.52104,0.983807,0.983807,2.59156,4.11865,6.5939,0.573312,-0.47522,-2.32709,7.16285,-7.01214,0.350269,0.165345,4.72639,-12.5686,1.06067,0.822443,5.51716,-2.76337,1.3769,0.943306,0.983807,2.46322,0.284383,2.46322,1.29443,1.29443,1.16879,1.16879,2.02265,3.31708,5.68999,0.706858,-0.667526,-2.96286,0.949778,-9.17724,0.495178,0.269915,5.68157,-11.6046,0.866663,0.116147
2004Q1,1.73679,0.531606,1.73679,0.101994,0.101994,1.63479,1.63479,4.77966,4.84688,6.40847,0.54617,-0.37544,-1.9458,8.2302,-4.10328,0.55663,0.480628,5.62693,-9.63991,1.59271,1.68797,6.10979,5.80419,5.95699,1.63479,1.63479,1.61801,0.142116,1.61801,-0.725099,-0.725099,2.34311,2.34311,5.45838,4.73328,5.68116,0.59033,-0.621475,-2.61384,4.12531,-6.40741,0.724192,0.554694,6.97619,-8.28075,0.856372,0.90155,1.73557,0.530253,1.73557,0.102138,0.102138,1.63343,1.63343,4.77852,4.84629,6.40844,0.546392,-0.375207,-1.94517,8.21832,-4.11322,0.556983,0.481534,5.62397,-9.64284,1.59175,1.68581,6.10683,5.80126,5.95405,1.63343,1.63343,1.61643,0.142398,1.61643,-0.724251,-0.724251,2.34068,2.34068,5.45619,4.73194,5.68302,0.590811,-0.620885,-2.61219,4.11967,-6.41579,0.723867,0.554703,6.96861,-8.28831,0.854813,0.89968,1.76315,0.947387,1.76315,0.189958,0.103311,1.65984,1.65984,4.69625,4.77126,6.64014,0.543969,-0.359648,-1.90834,10.1282,-3.39206,0.506516,0.400272,5.45728,-9.8102,1.47259,1.85953,5.94014,5.6339,5.78702,1.57319,1.65984,1.60471,0.144488,1.60471,-0.717961,-0.717961,2.32268,2.32268,5.44002,4.72206,5.69686,0.594377,-0.616514,-2.60002,4.07788,-6.47797,0.721455,0.554771,6.91245,-8.34434,0.843257,0.885821
2004Q2,1.51055,-0.100644,1.51055,1.16439,1.16439,0.346166,0.346166,2.78185,3.92531,6.4613,0.368387,0.187057,-1.64884,14.2487,-1.77248,0.557985,0.507915,1.79192,-4.09269,2.11508,2.45741,3.05547,13.1777,8.11659,0.346166,0.346166,1.34602,-0.475849,1.34602,0.671864,0.671864,0.674154,0.674154,2.84447,3.51633,5.79466,0.515238,0.0173731,-2.4233,13.2067,-4.63195,0.629962,0.440345,2.02948,-3.88769,1.18018,1.70654,1.50946,-0.101081,1.50946,1.16397,1.16397,0.345491,0.345491,2.7822,3.92548,6.46121,0.368565,0.187116,-1.64856,14.251,-1.78959,0.558399,0.509059,1.79121,-4.09346,2.11413,2.45553,3.05476,13.1769,8.11585,0.345491,0.345491,1.34478,-0.474965,1.34478,0.67157,0.67157,0.673206,0.673206,2.84458,3.51615,5.79658,0.515873,0.0175916,-2.42213,13.2111,-4.63593,0.629499,0.440193,2.02734,-3.88985,1.17874,1.70494,1.52442,0.183016,1.52442,1.17081,1.13615,0.388276,0.388276,2.76913,3.88763,6.70192,0.382453,0.188218,-1.67366,15.2144,-0.809515,0.50641,0.434586,1.65153,-4.2308,1.9481,2.5513,2.91508,13.0396,7.97734,0.35361,0.388276,1.33558,-0.468411,1.33558,0.669394,0.669394,0.666184,0.666184,2.8454,3.51479,5.81085,0.520579,0.0192118,-2.41352,13.2441,-4.66545,0.626069,0.439062,2.01151,-3.90592,1.16808,1.69314
2004Q3,0.854667,-1.24801,0.854667,1.38752,1.38752,-0.532851,-0.532851,1.78102,3.15173,6.49692,0.288265,-0.19112,-0.794082,10.3945,1.55115,0.669658,0.60519,0.685862,-7.64437,1.67788,1.19193,-0.315658,4.37033,2.02734,-0.532851,-0.532851,0.194186,-1.99948,0.194186,0.8679,0.8679,-0.673714,-0.673714,1.53279,2.40069,5.86554,0.374719,-0.413765,-1.23445,12.4312,3.76575,0.768161,0.602533,0.880402,-7.45321,0.636698,0.388436,0.853267,-1.24892,0.853267,1.38708,1.38708,-0.533815,-0.533815,1.7822,3.15266,6.49694,0.288403,-0.191001,-0.794053,10.4082,1.56007,0.670157,0.606325,0.685447,-7.64477,1.67694,1.19073,-0.316073,4.36993,2.02693,-0.533815,-0.533815,0.193016,-1.99917,0.193016,0.867565,0.867565,-0.674549,-0.674549,1.53396,2.40153,5.86739,0.37518,-0.413523,-1.23394,12.4364,3.77064,0.767812,0.602505,0.87938,-7.4542,0.635692,0.388065,0.96996,-0.943218,0.96996,1.43545,1.37301,-0.403055,-0.403055,1.80981,3.16882,6.70808,0.280548,-0.182202,-0.803461,10.3746,1.29316,0.637633,0.573619,0.757483,-7.57235,1.59185,1.35528,-0.244037,4.44235,2.09916,-0.465486,-0.403055,0.184345,-1.99689,0.184345,0.865083,0.865083,-0.680738,-0.680738,1.54264,2.40772,5.88108,0.378603,-0.41173,-1.23022,12.475,3.80687,0.765224,0.602303,0.871802,-7.46159,0.628234,0.385319
2004Q4,0.27236,-2.31251,0.27236,1.36475,1.36475,-1.09239,-1.09239,2.80594,4.14439,6.46695,0.0858269,-0.704617,-0.534125,3.93554,-2.01088,0.751592,0.713472,-0.408613,-8.98238,1.06378,-0.211393,2.29403,-3.15884,-0.432408,-1.09239,-1.09239,-0.128598,-2.60388,-0.128598,0.856185,0.856185,-0.984782,-0.984782,2.95204,3.80823,5.86765,0.191573,-0.821114,-0.736008,2.58514,1.60817,0.862463,0.734673,-0.110858,-8.6681,0.367863,-0.508569,0.27109,-2.31292,0.27109,1.36416,1.36416,-1.09306,-1.09306,2.80581,4.14395,6.46677,0.0854862,-0.704652,-0.534351,3.93175,-1.99445,0.752124,0.714663,-0.40863,-8.98238,1.06352,-0.211714,2.29401,-3.15884,-0.432417,-1.09306,-1.09306,-0.129746,-2.6036,-0.129746,0.855773,0.855773,-0.98552,-0.98552,2.95154,3.80732,5.86945,0.191727,-0.821095,-0.736023,2.58388,1.61015,0.862017,0.734498,-0.110635,-8.66787,0.367673,-0.507598,0.303401,-2.20144,0.303401,1.41662,1.35438,-1.05098,-1.05098,2.90463,4.23736,6.67956,0.0856599,-0.691835,-0.512104,4.48868,-3.13476,0.721886,0.686514,-0.192734,-8.76775,0.990508,-0.0701639,2.50991,-2.94421,-0.217152,-1.11322,-1.05098,-0.138262,-2.60149,-0.138262,0.852723,0.852723,-0.990985,-0.990985,2.94785,3.80058,5.88286,0.192868,-0.820953,-0.736136,2.57461,1.62484,0.858714,0.733201,-0.108981,-8.66621,0.366266,-0.500397
2005Q1,1.25845,-0.50564,0.934872,1.11073,1.11073,-0.175862,0.147712,2.34444,3.41911,6.661,0.174465,-0.570859,-0.441259,3.73953,-5.02429,0.834668,0.843713,-2.94471,-7.69716,0.645228,-1.02377,-1.2746,-6.53071,-3.90265,0.147712,0.147712,1.15677,-0.479438,0.674034,0.637361,0.637361,0.0366724,0.519411,1.85669,2.49405,6.06995,0.41029,-0.542678,-0.430663,2.49079,-1.69945,0.895813,0.760516,-3.07698,-7.84572,0.183429,-0.690901,1.23326,-0.503523,0.900997,1.07772,1.07772,-0.176724,0.155542,2.30388,3.3482,6.59993,0.191453,-0.570803,-0.442946,3.52205,-4.39217,0.838336,0.850123,-2.94547,-7.69951,0.603425,-0.98929,-1.27536,-6.53306,-3.90421,0.155542,0.155542,1.1417,-0.476304,0.664928,0.632666,0.632666,0.0322619,0.509038,1.87043,2.50309,6.09255,0.411398,-0.544444,-0.432909,2.44314,-1.68216,0.890673,0.758486,-3.05365,-7.82277,0.183553,-0.672821,1.17187,-0.591288,0.851375,1.09265,1.02157,-0.170194,0.150296,2.46939,3.46255,6.79448,0.15434,-0.583841,-0.38408,3.74094,-6.07005,0.824076,0.844873,-2.79072,-7.5438,0.504907,-0.967681,-1.12061,-6.37735,-3.74898,0.0792142,0.150296,1.1307,-0.474015,0.658278,0.629237,0.629237,0.0290405,0.501462,1.88046,2.5097,6.10906,0.412207,-0.545734,-0.434549,2.40835,-1.66954,0.886919,0.757003,-3.03662,-7.80601,0.183644,-0.659615
2005Q2,1.02475,-0.514754,0.70118,1.39323,1.39323,-0.692049,-0.368475,2.33297,3.70666,6.69912,0.160277,-1.15778,-0.282746,-0.14705,-11.9672,0.613789,0.498037,-1.3879,-5.87503,0.129736,-2.07327,-0.317036,-6.36478,-3.34091,-0.368475,-0.368475,0.928603,-0.431707,0.445864,0.953386,0.953386,-0.507522,-0.0247835,2.2014,3.15479,6.18534,0.41284,-1.17313,-0.0384777,1.04969,-12.1058,0.714693,0.523485,-1.1029,-5.58031,-0.0140033,-1.21075,1.00013,-0.51042,0.667867,1.35921,1.35921,-0.691348,-0.359081,2.31396,3.65466,6.64495,0.183653,-1.16156,-0.265061,-0.387604,-12.1025,0.61908,0.510624,-1.35315,-5.83923,0.104541,-2.01054,-0.28229,-6.32897,-3.30563,-0.359081,-0.359081,0.909593,-0.436425,0.432817,0.945267,0.945267,-0.51245,-0.0356744,2.20668,3.15195,6.20817,0.413505,-1.17476,-0.0390316,0.919394,-12.2873,0.70736,0.518949,-1.08151,-5.55854,-0.0192068,-1.19939,0.976695,-0.547728,0.656205,1.34819,1.28821,-0.632001,-0.311511,2.4884,3.76,6.81385,0.111931,-1.16357,-0.165689,0.247442,-12.9612,0.628814,0.526512,-1.2166,-5.70317,0.0435608,-1.90453,-0.145741,-6.19292,-3.16933,-0.371495,-0.311511,0.895708,-0.43987,0.423287,0.939337,0.939337,-0.51605,-0.0436293,2.21053,3.14987,6.22484,0.413991,-1.17595,-0.0394363,0.824223,-12.4198,0.702004,0.515637,-1.06589,-5.54264,-0.0230075,-1.19108
2005Q3,0.962184,0.0268773,0.63861,1.63151,1.63151,-0.992897,-0.669323,3.52952,5.14625,6.5725,0.00726543,-1.16635,-0.395454,-2.80747,-10.2269,0.653181,0.528966,-2.19971,-1.98636,0.767646,-1.01563,-2.35461,1.96959,-0.192507,-0.669323,-0.669323,0.922137,0.714478,0.439399,1.2093,1.2093,-0.769898,-0.28716,4.09523,5.30453,6.13917,0.294895,-1.05887,-0.0963128,-2.45389,-14.825,0.768382,0.570255,-2.31774,-2.09843,0.97665,0.328362,0.958956,0.104289,0.62669,1.60319,1.60319,-0.976501,-0.644235,3.54257,5.13169,6.52386,0.026945,-1.16301,-0.376901,-3.17124,-11.2996,0.662736,0.548167,-2.17144,-1.95755,0.772824,-0.905064,-2.32634,1.9984,-0.163966,-0.644235,-0.644235,0.894938,0.700753,0.418162,1.20084,1.20084,-0.782677,-0.305901,4.07473,5.27557,6.16133,0.295782,-1.06298,-0.101299,-2.69654,-15.1277,0.762567,0.567774,-2.26131,-2.04192,0.965185,0.328484,0.82542,-0.14454,0.50493,1.58288,1.53485,-1.02992,-0.709427,3.68031,5.20223,6.68518,-0.0229051,-1.16547,-0.259889,-2.49912,-11.0822,0.660884,0.545775,-2.16461,-1.95109,0.662423,-0.929427,-2.31951,2.00486,-0.157325,-0.757459,-0.709427,0.875072,0.690727,0.402651,1.19466,1.19466,-0.79201,-0.319589,4.05976,5.25442,6.17751,0.296429,-1.06598,-0.10494,-2.87377,-15.3488,0.758319,0.565962,-2.22009,-2.00065,0.956811,0.328573
2005Q4,1.06703,0.738567,0.743453,1.62942,1.62942,-0.885965,-0.562392,2.08132,3.70669,6.36795,-0.166938,-0.555891,-0.350235,-5.56739,-6.56776,0.771745,0.698919,-0.281663,8.27892,1.40088,0.26914,-3.66254,14.0708,5.20411,-0.562392,-0.562392,1.02185,1.13722,0.539116,1.26688,1.26688,-0.727759,-0.245021,1.85751,3.12438,5.96995,0.123135,-0.488116,-0.0106827,-4.71143,-7.31097,0.823337,0.611718,0.169183,8.67352,1.71411,1.34406,1.06255,0.790185,0.73028,1.60661,1.60661,-0.876334,-0.544068,2.05012,3.65248,6.31642,-0.150533,-0.554532,-0.329295,-5.80217,-6.73293,0.777663,0.708954,-0.203133,8.35218,1.41518,0.351397,-3.58401,14.144,5.28,-0.544068,-0.544068,1.00079,1.12939,0.524012,1.26019,1.26019,-0.736176,-0.2594,1.86455,3.12474,5.99255,0.124908,-0.491736,-0.0167262,-4.82821,-7.41335,0.819638,0.612081,0.228717,8.73206,1.69532,1.32746,0.974201,0.6708,0.653711,1.6683,1.59299,-0.939276,-0.618786,2.16236,3.75159,6.49333,-0.186231,-0.568144,-0.195802,-4.97438,-7.0781,0.771316,0.698792,-0.391447,8.1673,1.25832,0.267816,-3.77233,13.9591,5.0934,-0.694104,-0.618786,0.985401,1.12366,0.51298,1.2553,1.2553,-0.742323,-0.269902,1.8697,3.125,6.00906,0.126203,-0.49438,-0.0211404,-4.91351,-7.48812,0.816936,0.612347,0.272201,8.77482,1.6816,1.31533
2006Q1,-0.21806,-1.4599,0.407942,1.78523,1.78523,-1.37729,-2.00329,2.69085,4.48666,6.16521,-0.541863,-0.263794,-0.0689352,-6.77999,-10.5165,0.945499,0.911344,-0.16214,8.53413,1.76147,1.30396,-1.98339,13.8189,5.91773,-2.00329,-2.00329,-0.87164,-2.00629,0.0721172,1.51755,1.51755,-1.44544,-2.38919,2.80497,4.32253,5.73457,-0.368564,-0.268249,0.176788,-6.32035,-8.74119,0.964464,0.768836,0.0217666,8.72279,2.53769,2.35408,-0.219872,-1.47832,0.424398,1.79815,1.79815,-1.37376,-2.01803,2.70774,4.51641,6.1185,-0.542505,-0.263183,-0.0656598,-6.68821,-10.4277,0.950722,0.916939,-0.199095,8.49732,1.80004,1.35565,-2.02035,13.782,5.88085,-2.01803,-2.01803,-0.869641,-2.02641,0.0915446,1.53118,1.53118,-1.43963,-2.40082,2.82083,4.35201,5.70074,-0.369215,-0.266009,0.184303,-5.93906,-8.42985,0.965671,0.763006,-0.0335051,8.66759,2.57476,2.39133,-0.307539,-1.4794,0.330592,1.84944,1.7899,-1.45931,-2.09744,2.79247,4.58992,6.23019,-0.564285,-0.257571,0.0570146,-5.8545,-9.59544,0.944662,0.90625,-0.3917,8.30469,1.73139,1.37624,-2.21295,13.5894,5.68823,-2.15698,-2.09744,-0.871997,-2.0027,0.0686463,1.51512,1.51512,-1.44647,-2.38712,2.80214,4.31726,5.74062,-0.368448,-0.26865,0.175445,-6.38847,-8.79682,0.964249,0.769878,0.0316417,8.73266,2.53106,2.34742
2006Q2,0.598515,-0.404997,1.22452,2.09513,2.09513,-0.870609,-1.49661,2.73754,4.83509,5.93834,-0.805381,0.50047,0.322187,2.4249,2.6153,0.837586,0.710091,-0.754785,-0.489913,2.2351,2.11462,-0.902071,5.77647,2.4372,-1.49661,-1.49661,-0.0757789,-0.976473,0.867978,1.93588,1.93588,-1.0679,-2.01166,2.70094,4.63682,5.53077,-0.688083,0.499041,0.477736,0.0650519,-0.793348,0.882901,0.645236,-0.951815,-0.695125,2.73635,2.75799,0.58844,-0.436313,1.23271,2.10379,2.10379,-0.871082,-1.51535,2.7659,4.87227,5.89151,-0.807614,0.499015,0.326323,2.36191,2.50896,0.842164,0.714333,-0.78605,-0.520941,2.26897,2.15445,-0.933336,5.74544,2.40605,-1.51535,-1.51535,-0.0847027,-1.01331,0.876483,1.94373,1.94373,-1.06725,-2.02844,2.71857,4.66231,5.49563,-0.68971,0.498233,0.485096,0.144432,-0.90526,0.884844,0.64031,-0.988437,-0.731139,2.76641,2.78041,0.511099,-0.465596,1.14923,2.19812,2.11475,-0.965516,-1.60365,2.7988,4.91568,5.98964,-0.824206,0.510101,0.401215,2.30535,2.05791,0.857625,0.737204,-0.808999,-0.544414,2.17106,2.12963,-0.956285,5.72197,2.38284,-1.68702,-1.60365,-0.0741845,-0.969892,0.866458,1.93447,1.93447,-1.06802,-2.00866,2.69779,4.63226,5.53704,-0.687793,0.499185,0.476421,0.0508695,-0.773353,0.882554,0.646116,-0.945271,-0.68869,2.73098,2.75399
2006Q3,1.30528,0.385309,1.93128,2.00491,2.00491,-0.0736348,-0.699637,1.68678,3.69876,5.57672,-1.03855,0.728219,0.775227,13.1016,16.0641,0.714553,0.499037,0.448031,-3.95159,2.46138,1.57201,1.73852,3.36466,2.55159,-0.699637,-0.699637,0.46697,-0.415237,1.41073,1.87817,1.87817,-0.467441,-1.4112,0.799511,2.67768,5.11505,-1.05665,0.707747,0.848785,12.7305,15.5406,0.802649,0.530131,0.496988,-3.91487,2.51758,1.55777,1.28036,0.318176,1.92463,2.01505,2.01505,-0.0904243,-0.734695,1.66912,3.69124,5.52798,-1.04452,0.726979,0.775183,13.0453,15.8527,0.720038,0.505099,0.476497,-3.92309,2.4889,1.58719,1.76699,3.39316,2.58007,-0.734695,-0.734695,0.439873,-0.482264,1.40106,1.88373,1.88373,-0.482675,-1.44386,0.785442,2.66918,5.08024,-1.05893,0.706621,0.84929,12.6781,15.132,0.805658,0.526524,0.533664,-3.87776,2.53924,1.56259,1.26199,0.436569,1.90012,2.1176,2.02634,-0.126219,-0.76435,1.7308,3.76257,5.62015,-1.06503,0.736687,0.808441,12.866,15.3651,0.751696,0.548585,0.470902,-3.92909,2.36959,1.59079,1.76139,3.38716,2.57428,-0.855608,-0.76435,0.471811,-0.403261,1.41245,1.87717,1.87717,-0.464719,-1.40536,0.802024,2.6792,5.12127,-1.05624,0.707948,0.848694,12.7398,15.6136,0.802111,0.530776,0.490436,-3.9215,2.51371,1.55691
2006Q4,1.8984,0.864082,2.5244,2.05056,2.05056,0.47384,-0.152163,3.50125,5.56975,5.23086,-1.18347,0.389243,1.12661,20.6101,26.2295,0.876495,0.766372,0.366375,-7.78291,2.64796,0.958582,4.67911,2.78499,3.73205,-0.152163,-0.152163,0.944721,-0.0462057,1.88848,2.02352,2.02352,-0.135045,-1.0788,3.20866,5.23218,4.71126,-1.29188,0.362489,1.11617,20.6727,25.5556,0.92849,0.700772,0.793517,-7.32759,2.24394,0.557411,1.87751,0.810485,2.52178,2.06388,2.06388,0.457903,-0.186368,3.53394,5.61538,5.18038,-1.18756,0.388369,1.12521,20.2541,25.8215,0.880532,0.768588,0.426802,-7.72233,2.67099,0.950589,4.73953,2.84557,3.79255,-0.186368,-0.186368,0.926289,-0.0955653,1.88747,2.03258,2.03258,-0.145107,-1.10629,3.24177,5.27436,4.67515,-1.2948,0.362644,1.11476,20.6919,25.4033,0.931275,0.697422,0.876273,-7.24547,2.26154,0.547423,1.78825,0.814052,2.42638,2.1241,2.02772,0.398669,-0.239462,3.54818,5.58802,5.26308,-1.23025,0.392024,1.11424,21.2795,26.2539,0.914117,0.800886,0.450946,-7.69753,2.50997,0.986528,4.76368,2.87037,3.81703,-0.335845,-0.239462,0.948014,-0.0373868,1.88866,2.0219,2.0219,-0.133248,-1.07389,3.20274,5.22465,4.71771,-1.29135,0.362461,1.11643,20.6693,25.5828,0.927993,0.701371,0.778731,-7.34226,2.24079,0.559196
2007Q1,2.38502,2.60308,2.69388,1.80607,1.80607,0.887808,0.578949,3.08433,4.89104,5.05916,-1.10604,0.56259,1.29355,16.7526,23.5326,0.934233,0.842286,-0.0936083,-8.72,2.89064,1.12917,4.30053,4.2955,4.29801,0.578949,0.578949,1.49934,2.37098,1.96497,1.45898,1.45898,0.505992,0.0403592,2.70941,4.16839,4.56411,-1.17046,0.588871,1.39077,17.0503,23.3707,1.0032,0.821993,0.085119,-8.53574,2.32201,-0.215679,2.38502,2.60308,2.69388,1.80607,1.80607,0.887808,0.578949,3.08433,4.89104,5.05916,-1.10604,0.56259,1.29355,16.7526,23.5326,0.934233,0.842286,-0.0936083,-8.72,2.89064,1.12917,4.30053,4.2955,4.29801,0.578949,0.578949,1.49934,2.37098,1.96497,1.45898,1.45898,0.505992,0.0403592,2.70941,4.16839,4.56411,-1.17046,0.588871,1.39077,17.0503,23.3707,1.0032,0.821993,0.085119,-8.53574,2.32201,-0.215679,2.31613,2.62366,2.63097,1.86614,1.752,0.878965,0.564123,3.17441,4.9257,5.0789,-1.15129,0.569936,1.28878,17.8167,23.6712,0.977213,0.874213,0.0841038,-8.54213,2.75294,1.02154,4.47824,4.47337,4.47581,0.449984,0.564123,1.50058,2.37257,1.96467,1.46052,1.46052,0.504154,0.040058,2.7038,4.16432,4.57038,-1.17023,0.588399,1.3906,17.0268,23.4153,1.00226,0.821891,0.0789437,-8.54188,2.31923,-0.211836
2007Q2,2.18498,1.58646,2.49384,1.54062,1.54062,0.953214,0.644356,3.71042,5.24158,4.7646,-1.17374,0.486036,1.26718,29.3861,26.9612,0.991276,0.880663,0.674718,-6.3965,3.38826,1.15316,12.2064,14.285,13.2457,0.644356,0.644356,1.3105,1.38628,1.77614,1.047,1.047,0.729134,0.263502,3.45572,4.50272,4.28172,-1.24905,0.555237,1.38097,28.288,28.223,1.07036,0.866769,1.60263,-5.47656,3.18511,0.448762,2.18498,1.58646,2.49384,1.54062,1.54062,0.953214,0.644356,3.71042,5.24158,4.7646,-1.17374,0.486036,1.26718,29.3861,26.9612,0.991276,0.880663,0.674718,-6.3965,3.38826,1.15316,12.2064,14.285,13.2457,0.644356,0.644356,1.3105,1.38628,1.77614,1.047,1.047,0.729134,0.263502,3.45572,4.50272,4.28172,-1.24905,0.555237,1.38097,28.288,28.223,1.07036,0.866769,1.60263,-5.47656,3.18511,0.448762,2.14613,1.63503,2.46097,1.61353,1.50845,0.952527,0.637685,3.76044,5.26154,4.78181,-1.20783,0.496728,1.28001,28.8751,26.5698,1.01945,0.889648,0.787843,-6.28345,3.3267,1.15564,12.3195,14.3981,13.3588,0.532598,0.637685,1.31072,1.38491,1.77482,1.04947,1.04947,0.725355,0.261259,3.4488,4.49827,4.28794,-1.2491,0.55448,1.38049,28.3061,28.2552,1.07007,0.867543,1.59588,-5.4831,3.18242,0.451439
2007Q3,2.39724,1.09196,2.7061,1.51169,1.51169,1.19441,0.885547,4.10683,5.60554,4.78636,-0.790366,0.522826,1.2946,35.713,22.6114,0.783651,0.557664,-1.04444,-8.58811,3.61752,1.15614,15.9307,22.6785,19.3046,0.885547,0.885547,1.785,1.31803,2.25063,1.01997,1.01997,1.23065,0.765021,4.13451,5.15449,4.2698,-0.845247,0.609477,1.51242,36.651,23.9206,0.828295,0.529729,-0.803536,-8.32603,3.09961,0.582022,2.39724,1.09196,2.7061,1.51169,1.51169,1.19441,0.885547,4.10683,5.60554,4.78636,-0.790366,0.522826,1.2946,35.713,22.6114,0.783651,0.557664,-1.04444,-8.58811,3.61752,1.15614,15.9307,22.6785,19.3046,0.885547,0.885547,1.785,1.31803,2.25063,1.01997,1.01997,1.23065,0.765021,4.13451,5.15449,4.2698,-0.845247,0.609477,1.51242,36.651,23.9206,0.828295,0.529729,-0.803536,-8.32603,3.09961,0.582022,2.33302,1.07103,2.64786,1.61307,1.49959,1.14828,0.833433,4.11865,5.60884,4.79133,-0.828814,0.541338,1.32165,35.8018,22.9359,0.804925,0.56108,-0.997366,-8.54039,3.5278,1.1582,15.9777,22.7262,19.352,0.719947,0.833433,1.78319,1.31138,2.24729,1.02294,1.02294,1.22435,0.760249,4.12535,5.14829,4.27573,-0.845537,0.609032,1.5115,36.703,23.9632,0.827491,0.529922,-0.799629,-8.32197,3.09854,0.584824
2007Q4,4.08346,2.18506,4.39232,2.65727,2.65727,1.73504,1.42618,1.23994,3.88269,4.71046,-0.520401,0.529013,1.20677,54.6734,34.0633,0.6026,0.247785,-1.36034,-13.0174,5.81223,3.16427,14.2161,23.386,18.801,1.42618,1.42618,2.69641,1.75168,3.16204,2.19513,2.19513,0.966907,0.501274,0.135488,2.33062,4.31696,-0.394302,0.597787,1.55088,50.9504,30.2777,0.704619,0.341095,-1.64815,-13.3159,5.08911,2.84518,4.08346,2.18506,4.39232,2.65727,2.65727,1.73504,1.42618,1.23994,3.88269,4.71046,-0.520401,0.529013,1.20677,54.6734,34.0633,0.6026,0.247785,-1.36034,-13.0174,5.81223,3.16427,14.2161,23.386,18.801,1.42618,1.42618,2.69641,1.75168,3.16204,2.19513,2.19513,0.966907,0.501274,0.135488,2.33062,4.31696,-0.394302,0.597787,1.55088,50.9504,30.2777,0.704619,0.341095,-1.64815,-13.3159,5.08911,2.84518,4.11474,2.32649,4.42959,2.74615,2.68517,1.74442,1.42958,1.19603,3.87157,4.71902,-0.544063,0.553401,1.24515,53.7687,32.4892,0.59213,0.212931,-1.4319,-13.0891,5.77187,3.2619,14.1445,23.3143,18.7294,1.3686,1.42958,2.70035,1.75234,3.16445,2.19809,2.19809,0.96636,0.502263,0.136851,2.33494,4.32306,-0.394651,0.597841,1.54981,51.0197,30.3505,0.703804,0.341358,-1.63688,-13.3044,5.09664,2.85585
2008Q1,5.35079,3.35476,5.35079,3.62336,3.62336,1.72743,1.72743,2.23536,5.85873,4.38704,-0.422513,0.030131,1.11019,41.8704,22.8981,0.24135,-0.444457,-0.372345,-13.7897,7.43555,4.77196,8.05498,32.6147,20.3348,1.72743,1.72743,4.55183,3.07919,4.55183,3.35958,3.35958,1.19225,1.19225,2.17612,5.5357,4.08397,-0.344625,0.0244645,1.29886,37.4838,19.9265,0.330314,-0.219925,-0.479552,-13.8761,7.28198,4.89995,5.93558,3.55056,5.93558,3.76619,3.76619,2.16939,2.16939,2.3307,6.1144,4.55347,-0.505689,0.0786759,1.00784,40.878,24.1254,0.178792,-0.431645,-0.3221,-13.7472,7.99038,5.09973,8.10522,32.6572,20.3812,2.16939,2.16939,4.6618,3.16246,4.6618,3.3484,3.3484,1.3134,1.3134,2.11123,5.45963,4.20693,-0.357173,0.031503,1.27944,38.6883,21.638,0.297677,-0.230078,-0.294372,-13.6863,7.56448,5.24246,6.02021,3.70409,6.02021,3.923,3.87247,2.14774,2.14774,2.20188,6.08896,4.5752,-0.503705,0.0860641,1.03113,40.3172,22.5004,0.200344,-0.40359,-0.513711,-13.9378,8.03355,5.28061,7.91361,32.4666,20.1901,2.09721,2.14774,4.6669,3.16632,4.6669,3.34788,3.34788,1.31901,1.31901,2.10823,5.45611,4.21263,-0.357754,0.031829,1.27854,38.7441,21.7173,0.296165,-0.230548,-0.285794,-13.6775,7.57757,5.25833
2008Q2,6.34878,4.54516,6.34878,3.73864,3.73864,2.61014,2.61014,1.74022,5.47886,4.46584,-0.0343883,-0.0813937,0.975509,35.7218,7.70405,-0.267899,-1.22884,-0.559836,-15.2955,7.77067,4.54131,-0.042826,25.5327,12.7449,2.61014,2.61014,5.46265,4.15692,5.46265,3.37286,3.37286,2.08979,2.08979,1.72246,5.09532,4.21289,0.0654314,-0.128711,1.19361,37.4899,9.59208,-0.179553,-0.983827,-0.73018,-15.4703,7.5414,4.29812,6.84431,4.65933,6.84431,3.90758,3.90758,2.93673,2.93673,1.94324,5.85837,4.60118,-0.163417,0.0102967,0.947503,34.849,5.4629,-0.282113,-1.13489,-0.666718,-15.4023,8.44547,5.05719,-0.149708,25.4259,12.6381,2.93673,2.93673,5.60064,4.29014,5.60064,3.39652,3.39652,2.20413,2.20413,1.6324,5.02891,4.33837,0.0566478,-0.119344,1.17986,38.0269,9.73889,-0.213515,-0.987592,-0.614085,-15.3576,7.8645,4.67936,6.88832,4.74219,6.88832,4.07186,3.99284,2.89549,2.89549,1.82022,5.82019,4.62457,-0.157241,0.00439361,0.939035,34.9349,6.05973,-0.265245,-1.10958,-0.631331,-15.3673,8.39194,5.06522,-0.114321,25.4609,12.6733,2.81646,2.89549,5.60704,4.29631,5.60704,3.39761,3.39761,2.20943,2.20943,1.62822,5.02583,4.34418,0.0562409,-0.11891,1.17922,38.0518,9.74569,-0.215089,-0.987766,-0.608708,-15.3524,7.87946,4.69702
2008Q3,6.81003,4.66743,6.81003,4.65848,4.65848,2.15155,2.15155,0.471992,5.13047,4.71459,0.182268,-0.133303,0.880372,30.9901,-4.03287,-0.891125,-2.08553,1.55589,-7.34314,8.31252,5.02761,-6.06248,12.0622,2.99984,2.15155,2.15155,5.86589,4.04193,5.86589,4.43542,4.43542,1.43047,1.43047,0.237678,4.6731,4.4173,0.275482,-0.207884,1.05674,31.1814,-4.34781,-0.829521,-1.90436,1.98322,-6.88906,8.20166,5.079,7.10286,4.70562,7.10286,4.67969,4.67969,2.42317,2.42317,0.801879,5.51339,4.81299,0.0266374,-0.0447438,0.890142,28.9044,-6.80865,-0.835242,-1.89233,0.837052,-8.07797,8.51783,4.9003,-6.78132,11.3273,2.27301,2.42317,2.42317,5.99764,4.21264,5.99764,4.41942,4.41942,1.57822,1.57822,0.223184,4.6426,4.54027,0.270464,-0.205676,1.0517,32.0648,-4.58622,-0.860999,-1.89492,1.99758,-6.87788,8.43571,5.33609,7.15714,4.82412,7.15714,4.84996,4.76127,2.39587,2.39587,0.668935,5.45434,4.83638,0.045045,-0.0691066,0.874887,28.8229,-6.97896,-0.812849,-1.85825,0.956307,-7.95778,8.50643,4.97863,-6.66206,11.4475,2.39273,2.30718,2.39587,6.00374,4.22055,6.00374,4.41868,4.41868,1.58506,1.58506,0.222513,4.64119,4.54596,0.270231,-0.205574,1.05147,32.1057,-4.59726,-0.862457,-1.89448,1.99824,-6.87736,8.44655,5.348
2008Q4,6.2154,2.91908,6.2154,3.28077,3.28077,2.93463,2.93463,3.70666,6.98743,5.12285,0.627193,-0.741555,-0.384753,8.56507,-45.1171,-1.14327,-2.30975,8.7259,18.4629,6.13167,1.03027,-7.4499,-1.18911,-4.31951,2.93463,2.93463,5.73276,3.1216,5.73276,3.03393,3.03393,2.69882,2.69882,4.30781,7.34174,4.79967,0.614461,-0.888762,-0.291462,11.3513,-38.1022,-1.08308,-2.20094,11.2164,20.9941,6.19736,1.27072,5.80324,1.71978,5.80324,3.27069,3.27069,2.53254,2.53254,3.6715,6.97417,5.19891,0.488452,-0.5793,-0.180218,8.3386,-46.3348,-1.04332,-2.06979,7.60188,17.3184,5.54586,-0.266373,-8.57392,-2.33363,-5.45378,2.53254,2.53254,5.77483,3.07843,5.77483,2.99286,2.99286,2.78197,2.78197,4.12775,7.12062,4.93267,0.615715,-0.901958,-0.293447,11.2083,-39.7421,-1.08815,-2.15625,11.1068,20.8854,6.18943,1.10032,5.76834,1.6536,5.76834,3.47882,3.33371,2.43464,2.43464,3.58756,6.94511,5.23552,0.516506,-0.61803,-0.269824,8.09798,-45.6707,-1.04794,-2.07637,7.63648,17.3546,5.50866,-0.263211,-8.53932,-2.29738,-5.41835,2.28952,2.43464,5.77678,3.07643,5.77678,2.99096,2.99096,2.78582,2.78582,4.11941,7.11037,4.93883,0.615774,-0.902569,-0.293539,11.2016,-39.8181,-1.08839,-2.15418,11.1018,20.8804,6.18906,1.09242
2009Q1,4.97758,-0.3275,4.97758,1.91105,1.91105,3.06653,3.06653,-0.759986,1.15107,5.57843,1.20445,-0.69103,-2.55742,-0.349921,-42.1917,-0.925203,-1.88868,10.2276,24.2822,3.76429,-3.60372,-4.78333,-15.7479,-10.2656,3.06653,3.06653,4.93195,0.407427,4.93195,1.7108,1.7108,3.22115,3.22115,-1.37042,0.340384,5.05877,1.00533,-0.84614,-2.58572,5.61607,-31.5686,-0.840088,-1.79743,13.1761,27.2157,4.21902,-2.99284,4.96895,-0.381837,4.96895,1.90897,1.90897,3.05998,3.05998,-0.731586,1.17738,5.6147,1.22766,-0.691684,-2.55548,-0.249122,-42.1196,-0.921624,-1.87301,10.2782,24.3318,3.70761,-3.72795,-4.73273,-15.6983,-10.2155,3.05998,3.05998,4.93245,0.380621,4.93245,1.69569,1.69569,3.23676,3.23676,-1.3064,0.389289,5.09896,1.01499,-0.850531,-2.58565,5.57899,-31.9048,-0.835774,-1.78096,13.2078,27.2464,4.15529,-3.12671,4.41349,-1.60673,4.41349,2.06273,1.90245,2.51104,2.51104,0.051458,1.97262,5.83387,1.25867,-0.565676,-2.36404,-1.29021,-41.6074,-0.905404,-1.75753,10.0265,24.0843,2.83574,-5.19782,-4.98441,-15.9458,-10.4651,2.35075,2.51104,4.93455,0.267656,4.93455,1.63201,1.63201,3.30254,3.30254,-1.03663,0.595381,5.26832,1.05569,-0.869038,-2.58538,5.42276,-33.3214,-0.817592,-1.71153,13.3416,27.3757,3.88672,-3.69086
2009Q2,3.53712,-2.76475,3.53712,1.54562,1.54562,1.9915,1.9915,-0.422316,1.1233,6.30579,1.85483,-0.621243,-3.65313,5.86265,-29.7131,-0.405046,-1.08702,9.46615,23.263,2.36545,-5.3342,-6.00415,-12.8872,-9.4457,1.9915,1.9915,3.91574,-1.51265,3.91574,1.5419,1.5419,2.37384,2.37384,-0.954233,0.587671,5.60846,1.42672,-0.675099,-3.72717,8.57453,-28.782,-0.390352,-1.12441,12.2069,26.029,2.89598,-4.5652,3.50949,-2.83929,3.50949,1.52181,1.52181,1.98768,1.98768,-0.386257,1.13555,6.34904,1.8832,-0.617422,-3.65107,5.90825,-29.8136,-0.407391,-1.07996,9.51497,23.312,2.30845,-5.46222,-5.95533,-12.8382,-9.39678,1.98768,1.98768,3.9012,-1.56145,3.9012,1.5074,1.5074,2.3938,2.3938,-0.872658,0.634744,5.65488,1.44198,-0.676605,-3.72578,8.56737,-28.9225,-0.387785,-1.11181,12.2389,26.0611,2.83139,-4.71002,2.8521,-4.03622,2.8521,1.6008,1.44014,1.41196,1.41196,0.165294,1.6344,6.60131,1.97674,-0.486924,-3.41866,5.10029,-29.8346,-0.430001,-1.01083,9.23705,23.0219,1.41334,-6.9786,-6.23325,-13.1283,-9.68075,1.2513,1.41196,3.83991,-1.76713,3.83991,1.362,1.362,2.47791,2.47791,-0.528888,0.833114,5.8505,1.50631,-0.682954,-3.71993,8.53717,-29.5146,-0.376966,-1.05871,12.374,26.1961,2.55919,-5.32028
2009Q3,2.05393,-4.71901,2.05393,0.475166,0.475166,1.57877,1.57877,0.374607,0.849773,6.42001,1.72364,-0.620374,-4.26024,-3.6243,-34.5252,0.303364,-0.10372,6.72197,11.6552,0.622473,-7.64148,-8.28673,-15.6232,-11.955,1.57877,1.57877,2.70897,-3.12421,2.70897,0.371683,0.371683,2.33728,2.33728,0.101345,0.473029,5.69744,1.31067,-0.642768,-4.40107,0.863324,-30.0988,0.403821,-0.0464217,8.67469,13.5907,1.38621,-6.75733,2.02975,-4.78028,2.02975,0.450164,0.450164,1.57958,1.57958,0.400408,0.850572,6.47136,1.75677,-0.614364,-4.25877,-3.6135,-34.6036,0.302412,-0.0955311,6.74946,11.6835,0.582452,-7.73005,-8.25924,-15.5949,-11.9271,1.57958,1.57958,2.69536,-3.17053,2.69536,0.342483,0.342483,2.35288,2.35288,0.178362,0.520845,5.74729,1.32999,-0.644223,-4.39889,0.717211,-30.4642,0.410072,-0.0305354,8.6883,13.6056,1.33667,-6.86498,1.37138,-5.78576,1.37138,0.6946,0.452093,0.919285,0.919285,0.609809,1.07372,6.8089,1.97252,-0.494348,-4.02708,-3.6361,-32.459,0.23018,-0.101015,6.80706,11.7527,-0.206881,-8.7133,-8.20164,-15.5257,-11.8637,0.676779,0.919285,2.63803,-3.36571,2.63803,0.219427,0.219427,2.4186,2.4186,0.502926,0.722353,5.95735,1.41139,-0.650356,-4.38971,0.101465,-32.0042,0.436416,0.036412,8.74569,13.6682,1.12786,-7.31868
2009Q4,0.534454,-5.68526,0.534454,0.549664,0.549664,-0.0152103,-0.0152103,-0.278068,0.271596,6.69225,1.59537,-0.014506,-3.23229,-7.15494,-15.6826,0.656272,0.381915,-2.39467,-14.1221,-0.0976803,-6.24577,-5.3821,-6.82863,-6.10537,-0.0152103,-0.0152103,1.88548,-3.83683,1.88548,0.478356,0.478356,1.40713,1.40713,-0.319659,0.158697,5.88329,1.11665,0.0212872,-3.33101,-1.66598,-13.0528,0.792724,0.473471,-3.07507,-14.8509,0.761733,-5.4376,0.534034,-5.68136,0.534034,0.527855,0.527855,0.00617897,0.00617897,-0.255574,0.272281,6.74493,1.62208,-0.00641213,-3.23507,-7.14176,-15.7068,0.65389,0.387848,-2.34659,-14.0755,-0.130575,-6.26225,-5.33402,-6.78206,-6.05804,0.00617897,0.00617897,1.86923,-3.86353,1.86923,0.45852,0.45852,1.41071,1.41071,-0.249768,0.208752,5.93283,1.13316,0.021976,-3.3313,-1.74448,-13.0958,0.799561,0.489033,-3.0054,-14.7826,0.709765,-5.4876,0.132432,-5.63591,0.132432,0.831528,0.559786,-0.427354,-0.427354,-0.070259,0.489118,7.08056,1.84504,-0.0481105,-3.15823,-7.84868,-15.9467,0.546922,0.330424,-1.32034,-13.0301,-0.725395,-6.23405,-4.30777,-5.73663,-5.0222,-0.699096,-0.427354,1.80073,-3.97605,1.80073,0.374928,0.374928,1.4258,1.4258,0.0447646,0.419693,6.14158,1.20274,0.0248788,-3.33253,-2.07533,-13.277,0.828372,0.554613,-2.71178,-14.4949,0.490762,-5.6983
2010Q1,-0.316449,-5.3173,-0.316449,1.70007,1.70007,-2.01651,-2.01651,4.03501,5.73508,7.18057,1.46874,0.191459,-1.09988,2.03166,2.43828,0.67807,0.429418,-7.48325,-13.5853,-0.326466,-3.98919,-4.85328,1.69545,-1.57892,-2.01651,-2.01651,0.952096,-3.98098,0.952096,1.90874,1.90874,-0.956648,-0.956648,5.24414,7.15289,6.27669,1.12685,0.277667,-1.07715,3.6881,-1.84396,0.746545,0.413837,-9.64643,-15.7522,0.249806,-3.8248,-0.286695,-5.26428,-0.286695,1.76985,1.76985,-2.05654,-2.05654,4.1957,5.96554,6.97149,1.39306,0.179735,-1.09916,2.06595,2.41587,0.694584,0.429765,-7.50484,-13.6058,-0.265461,-4.02975,-4.87487,1.67491,-1.59998,-2.05654,-2.05654,0.947417,-3.98453,0.947417,1.95551,1.95551,-1.00809,-1.00809,5.34308,7.29858,6.17009,1.11132,0.273184,-1.06927,3.82646,-1.7896,0.732071,0.380372,-9.65723,-15.7616,0.317683,-3.90133,-0.335212,-4.7487,-0.335212,1.96529,1.67927,-2.01449,-2.01449,3.37686,5.05613,7.38681,1.55295,0.0907457,-1.1656,1.5215,2.81171,0.586857,0.378844,-6.98605,-13.0874,-0.554475,-3.39022,-4.35608,2.19333,-1.08137,-2.30051,-2.01449,0.958183,-3.97637,0.958183,1.8479,1.8479,-0.889718,-0.889718,5.11542,6.96332,6.41538,1.14706,0.283499,-1.0874,3.50807,-1.91468,0.765377,0.457378,-9.63237,-15.7399,0.161492,-3.72523
2010Q2,-0.375112,-3.8638,-0.375112,1.72357,1.72357,-2.09869,-2.09869,3.07531,4.79889,7.0758,0.607686,-0.615203,-0.0888213,8.42358,2.80913,0.749285,0.491243,-8.65025,-1.86473,0.0664626,-2.19544,0.228809,3.49383,1.86132,-2.09869,-2.09869,0.513499,-3.36929,0.513499,1.83591,1.83591,-1.32241,-1.32241,4.10406,5.93997,6.2024,0.48876,-0.575439,-0.0236223,8.69774,0.139446,0.845112,0.525391,-11.1554,-4.3678,0.633465,-2.11615,-0.40225,-3.93937,-0.40225,1.76449,1.76449,-2.16674,-2.16674,3.22296,4.98745,6.86905,0.563266,-0.610407,-0.0834984,8.56382,2.70117,0.758561,0.484451,-8.66418,-1.87847,0.13842,-2.22703,0.214883,3.48009,1.84749,-2.16674,-2.16674,0.489099,-3.42664,0.489099,1.87073,1.87073,-1.38163,-1.38163,4.206,6.07673,6.09933,0.490878,-0.57328,-0.010834,8.73586,0.16133,0.827868,0.489573,-11.154,-4.36618,0.723724,-2.17225,-0.207767,-3.05986,-0.207767,1.98574,1.73393,-1.9417,-1.9417,2.55348,4.28742,7.27359,0.672285,-0.705624,-0.23676,9.31861,4.21832,0.653968,0.444093,-8.04637,-1.26207,-0.25428,-1.66762,0.832691,4.09649,2.46459,-2.19351,-1.9417,0.545245,-3.29467,0.545245,1.7906,1.7906,-1.24535,-1.24535,3.97142,5.76202,6.3365,0.486005,-0.578248,-0.0402611,8.64814,0.110972,0.86755,0.571993,-11.1572,-4.36991,0.516029,-2.04316
2010Q3,-0.11973,-2.10795,-0.11973,1.53007,1.53007,-1.6498,-1.6498,3.41631,4.94638,6.81304,0.205793,-0.922287,0.369329,21.3844,25.2693,0.95046,0.763557,-7.61882,2.62784,1.29333,0.75531,3.01498,17.5631,10.2891,-1.6498,-1.6498,0.299169,-2.37897,0.299169,1.50922,1.50922,-1.21005,-1.21005,4.46646,5.97568,5.97269,0.162291,-0.861437,0.541023,19.5054,18.9731,1.00596,0.751354,-9.83591,0.405992,1.81143,0.537486,-0.179341,-2.23327,-0.179341,1.54334,1.54334,-1.72268,-1.72268,3.56465,5.10799,6.6201,0.20009,-0.916145,0.374275,21.0345,24.6251,0.964381,0.766075,-7.61335,2.63408,1.34808,0.725603,3.02045,17.5694,10.2949,-1.72268,-1.72268,0.261336,-2.44763,0.261336,1.52399,1.52399,-1.26265,-1.26265,4.59905,6.12304,5.87103,0.173586,-0.862319,0.550953,19.0395,18.1761,0.995277,0.7261,-9.81254,0.430367,1.88545,0.499234,0.393138,-0.978241,0.393138,1.82227,1.63626,-1.24312,-1.24312,2.99803,4.63429,7.02192,0.213022,-0.991488,0.209718,21.2351,24.9051,0.815082,0.663023,-6.97106,3.27712,1.20399,1.41087,3.66274,18.2124,10.9376,-1.42913,-1.24312,0.348392,-2.28964,0.348392,1.49,1.49,-1.14161,-1.14161,4.29396,5.78395,6.10495,0.147595,-0.860289,0.528104,20.1116,20.0101,1.01985,0.784213,-9.86631,0.374279,1.71512,0.587254
2010Q4,1.03152,0.56327,1.03152,2.18475,2.18475,-1.15323,-1.15323,3.1921,5.37685,6.67065,-0.219514,-0.621082,0.454989,27.5374,34.6795,0.999721,0.831493,-5.77284,2.63645,3.18966,3.38272,2.93137,26.4268,14.6791,-1.15323,-1.15323,0.410869,-1.43778,0.410869,2.08603,2.08603,-1.67516,-1.67516,4.26346,6.34949,5.83136,-0.164174,-0.52057,0.612395,26.4636,28.3075,1.12935,0.940171,-7.461,0.956139,3.41246,2.76849,0.934075,0.399621,0.934075,2.18112,2.18112,-1.24705,-1.24705,3.32286,5.50398,6.49626,-0.195984,-0.609912,0.451761,26.9581,34.1349,1.01883,0.84216,-5.65949,2.74961,3.16736,3.26504,3.04472,26.54,14.7924,-1.24705,-1.24705,0.353332,-1.53215,0.353332,2.09418,2.09418,-1.74084,-1.74084,4.40979,6.50396,5.73959,-0.143702,-0.526878,0.608957,25.8904,27.5564,1.12866,0.929576,-7.30319,1.11364,3.40082,2.63909,1.50372,1.37129,1.50372,2.37831,2.22956,-0.725837,-0.725837,2.74643,4.97599,6.88794,-0.192617,-0.611673,0.356734,25.977,33.9343,0.830334,0.682702,-5.57849,2.82716,3.35822,4.08362,3.12572,26.6176,14.8716,-0.874594,-0.725837,0.485729,-1.315,0.485729,2.07544,2.07544,-1.58971,-1.58971,4.07307,6.14851,5.95077,-0.19081,-0.512362,0.616868,27.2094,29.2848,1.13025,0.953956,-7.66633,0.75122,3.42762,2.93686
2011Q1,0.706764,1.03196,0.706764,2.21268,2.21268,-1.50592,-1.50592,-0.221547,1.99113,6.45661,-0.868357,-0.182501,0.494247,28.5488,26.3736,0.962208,0.769102,-5.57688,-4.29536,4.61388,4.95778,7.71982,26.7189,17.2194,-1.50592,-1.50592,-0.452814,-1.40666,-0.452814,1.93066,1.93066,-2.38348,-2.38348,-0.00513514,1.92553,5.46842,-0.848111,-0.0566561,0.645021,22.3777,18.7413,1.15352,0.966721,-7.2005,-5.91175,4.64591,4.42146,0.637504,0.953953,0.637504,2.19458,2.19458,-1.55708,-1.55708,-0.216966,1.97762,6.34382,-0.836754,-0.159229,0.487964,28.6349,26.4966,0.976183,0.775475,-5.52151,-4.24048,4.5718,4.89826,7.77519,26.7738,17.2745,-1.55708,-1.55708,-0.4704,-1.4225,-0.4704,1.92125,1.92125,-2.39165,-2.39165,0.000342832,1.92159,5.43174,-0.844944,-0.0584012,0.638128,22.317,18.6289,1.15385,0.963718,-7.13661,-5.84847,4.63078,4.38097,1.18254,1.51775,1.18254,2.44865,2.30535,-1.12281,-1.12281,-0.28212,2.02323,6.60958,-0.777236,-0.148221,0.44828,27.9879,26.4089,0.778806,0.591214,-5.17411,-3.89523,4.8892,5.44367,8.12259,27.1191,17.6208,-1.26611,-1.12281,-0.409182,-1.36736,-0.409182,1.95403,1.95403,-2.36321,-2.36321,-0.0187259,1.9353,5.55941,-0.855966,-0.0523264,0.662124,22.5283,19.0202,1.15271,0.974171,-7.359,-6.06876,4.68342,4.52193
2011Q2,0.618087,0.954435,0.618087,2.51799,2.51799,-1.89991,-1.89991,0.381713,2.8997,6.391,-0.829205,0.0601765,0.653839,26.0531,17.6224,0.672309,0.370182,-2.7978,-15.1782,5.75416,5.70308,8.6283,18.7419,13.6851,-1.89991,-1.89991,-0.854247,-1.37687,-0.854247,2.2333,2.2333,-3.08755,-3.08755,0.665684,2.89898,5.55054,-0.69038,0.10486,0.773256,22.4578,13.7743,0.845769,0.552351,-3.6213,-16.0235,5.32685,4.72712,0.5467,0.921812,0.5467,2.49024,2.49024,-1.94354,-1.94354,0.400062,2.8903,6.28267,-0.793134,0.0755046,0.646488,26.204,17.7148,0.683791,0.37312,-2.76016,-15.1405,5.7281,5.66163,8.66594,18.7796,13.7228,-1.94354,-1.94354,-0.873497,-1.387,-0.873497,2.21931,2.21931,-3.09281,-3.09281,0.687993,2.9073,5.51651,-0.685894,0.102855,0.763744,22.4079,13.7102,0.847955,0.551137,-3.57724,-15.9794,5.30806,4.67459,1.2343,1.44206,1.2343,2.74461,2.60969,-1.3754,-1.3754,0.211002,2.8207,6.53857,-0.735018,0.089577,0.640119,26.9441,17.6671,0.503569,0.220819,-2.51252,-14.8822,6.3442,6.59848,8.91358,19.0379,13.9757,-1.51032,-1.3754,-0.806486,-1.35173,-0.806486,2.268,2.268,-3.07449,-3.07449,0.610337,2.87834,5.63499,-0.701509,0.109833,0.796856,22.5815,13.9334,0.840347,0.555364,-3.73063,-16.1331,5.37347,4.85744
2011Q3,1.02488,1.08399,1.02488,2.5566,2.5566,-1.53172,-1.53172,0.961227,3.51783,6.27327,-0.671267,-0.416379,0.725748,19.5127,-1.94913,0.0545125,-0.484141,-1.91865,-10.9387,5.79545,4.50354,6.9367,9.7343,8.3355,-1.53172,-1.53172,-0.0569884,-0.370298,-0.0569884,2.29474,2.29474,-2.35173,-2.35173,1.43173,3.72647,5.48697,-0.52371,-0.422627,0.789283,18.6564,-1.02316,0.217112,-0.283789,-2.47413,-11.5008,5.1408,3.35704,0.976512,1.09624,0.976512,2.52882,2.52882,-1.55231,-1.55231,0.986385,3.5152,6.17925,-0.633782,-0.3979,0.718891,19.6111,-1.77335,0.0571327,-0.494165,-1.91622,-10.9359,5.78631,4.49299,6.93913,9.73712,8.33813,-1.55231,-1.55231,-0.0682093,-0.367378,-0.0682093,2.28073,2.28073,-2.34894,-2.34894,1.46313,3.74386,5.45346,-0.519224,-0.424268,0.779873,18.6205,-0.884893,0.223143,-0.281338,-2.47334,-11.4995,5.12445,3.31302,1.33546,0.942318,1.33546,2.73314,2.59274,-1.25729,-1.25729,0.792862,3.38561,6.43596,-0.585964,-0.327687,0.730555,19.3772,-1.85794,-0.0509573,-0.548865,-1.56909,-10.5866,6.20592,5.00193,7.28626,10.0864,8.68633,-1.39769,-1.25729,-0.0291494,-0.377541,-0.0291494,2.3295,2.3295,-2.35865,-2.35865,1.35382,3.68332,5.57011,-0.534839,-0.418555,0.812631,18.7454,-1.36618,0.20215,-0.28987,-2.47608,-11.5039,5.18139,3.46627
2011Q4,0.575383,-0.52156,0.575383,1.99056,1.99056,-1.41518,-1.41518,-0.586626,1.40393,6.32753,-0.460779,-0.945814,0.482381,25.0528,-2.69044,-0.268523,-0.916686,-2.07907,-1.21762,4.0397,0.820884,8.56423,-1.26019,3.65202,-1.41518,-1.41518,-0.478726,-0.9111,-0.478726,1.67678,1.67678,-2.1555,-2.1555,-0.764117,0.91266,5.57185,-0.29381,-1.0048,0.551511,23.3665,-3.31139,-0.0619257,-0.660292,-2.66597,-1.79594,3.36445,-0.0523678,0.569814,-0.461707,0.569814,1.96632,1.96632,-1.39651,-1.39651,-0.606313,1.36001,6.24151,-0.429139,-0.93184,0.475831,25.1086,-2.42875,-0.268114,-0.932671,-2.09236,-1.23106,4.0605,0.870847,8.55094,-1.27363,3.63865,-1.39651,-1.39651,-0.487096,-0.897965,-0.487096,1.66303,1.66303,-2.15012,-2.15012,-0.77357,0.889457,5.53861,-0.292755,-1.00279,0.544727,23.21,-3.2536,-0.0551402,-0.657557,-2.68448,-1.81461,3.36873,-0.0437267,1.05412,-0.449599,1.05412,2.29286,2.15416,-1.10004,-1.10004,-0.64343,1.51073,6.53464,-0.353309,-0.802061,0.496275,23.9944,-1.98267,-0.420022,-1.04689,-1.17795,-0.320553,4.37588,1.01766,9.46535,-0.36312,4.55111,-1.23874,-1.10004,-0.457959,-0.943689,-0.457959,1.71089,1.71089,-2.16885,-2.16885,-0.740663,0.970225,5.65434,-0.296429,-1.00977,0.568345,23.7547,-3.45475,-0.0787605,-0.667078,-2.62003,-1.7496,3.35381,-0.0738061
2012Q1,1.12422,0.561731,1.47601,1.61606,1.61606,-0.140053,-0.49184,-0.265045,1.35101,6.17442,-0.238322,-1.40406,-0.0329191,21.9888,-5.68656,0.138743,-0.346676,-1.32229,2.81622,2.90614,-1.77515,3.86411,-5.54741,-0.841652,-0.49184,-0.49184,0.372049,0.721255,0.808515,1.28969,1.28969,-0.481176,-0.917642,-0.317008,0.972683,5.60111,-0.0833765,-1.45554,-0.0115735,20.086,-2.64923,0.26271,-0.20102,-1.62096,2.50814,2.42092,-2.31407,1.20134,0.494578,1.57153,1.64796,1.64796,-0.076426,-0.446613,-0.326032,1.32192,6.17359,-0.283027,-1.38829,-0.0513396,22.459,-6.0899,0.131994,-0.369792,-1.37738,2.7649,3.02497,-1.58892,3.80902,-5.59873,-0.894852,-0.446613,-0.446613,0.345382,0.798196,0.822578,1.24732,1.24732,-0.424743,-0.901939,-0.431009,0.816312,5.39281,-0.075604,-1.4513,-0.0380381,19.5839,-2.79379,0.282635,-0.207336,-1.75667,2.37542,2.46034,-2.18556,1.68213,0.499584,1.99422,2.01299,1.89036,0.103862,-0.20823,-0.389831,1.50053,6.39375,-0.215832,-1.26197,0.00694914,20.9231,-7.06481,-0.0623512,-0.534758,-0.682844,3.46373,3.18099,-1.7082,4.50356,-4.8999,-0.19817,-0.330866,-0.20823,0.356612,0.765794,0.816656,1.26516,1.26516,-0.448509,-0.908552,-0.383,0.882164,5.48053,-0.0788772,-1.45309,-0.0268931,19.7954,-2.73291,0.274244,-0.204676,-1.69952,2.43132,2.44374,-2.23968
2012Q2,1.484,1.04464,1.83579,1.12045,1.12045,0.715343,0.363556,0.238443,1.35889,6.24989,-0.108838,-1.47182,-0.39845,21.1429,-4.79533,0.380343,-0.00384206,-1.88168,9.61433,2.59147,-3.19664,-3.95522,-2.68487,-3.32005,0.363556,0.363556,0.908466,1.6493,1.34493,0.751604,0.751604,0.593328,0.156862,0.23164,0.983244,5.68447,-0.0665985,-1.4529,-0.405273,19.9197,-2.83187,0.519153,0.159348,-2.31281,9.17521,2.35669,-3.08086,1.50343,0.885345,1.87362,1.16686,1.16686,0.706761,0.336573,0.121544,1.2884,6.23284,-0.158153,-1.46816,-0.406848,21.1364,-4.91669,0.372274,-0.0275188,-1.89279,9.60408,2.60573,-3.14843,-3.96633,-2.69512,-3.33072,0.336573,0.336573,0.850403,1.70465,1.3276,0.718024,0.718024,0.609574,0.132379,0.0567865,0.774811,5.47151,-0.0790345,-1.45108,-0.426311,19.3492,-3.10857,0.539832,0.157982,-2.41895,9.06858,2.34546,-2.98139,1.86837,0.634069,2.18046,1.60827,1.42089,0.759569,0.447476,0.101465,1.52236,6.47858,-0.0599901,-1.354,-0.343782,18.964,-7.98014,0.174639,-0.194467,-1.01055,10.4912,2.60498,-3.73922,-3.08409,-1.80804,-2.44606,0.260096,0.447476,0.874855,1.68134,1.3349,0.732166,0.732166,0.602733,0.142689,0.130422,0.862588,5.56119,-0.0737974,-1.45184,-0.417451,19.5895,-2.99204,0.531123,0.158558,-2.37425,9.11348,2.35019,-3.02328
2012Q3,1.57407,0.703096,1.92586,0.958213,0.958213,0.967646,0.61586,0.251015,1.20923,6.30141,0.041553,-0.885619,-0.691362,23.1571,3.68604,0.29894,-0.0827164,-5.19919,6.90677,2.71738,-3.05055,-3.33639,0.224806,-1.55579,0.61586,0.61586,0.785381,0.776264,1.22185,0.506655,0.506655,0.715193,0.278726,0.298762,0.805417,5.78454,0.10015,-0.825379,-0.646083,22.3032,3.43546,0.511392,0.17535,-6.44602,5.65893,2.64609,-2.59108,1.61136,0.586479,1.98154,1.03139,1.03139,0.950156,0.579969,0.127788,1.15918,6.26321,-0.0100574,-0.891438,-0.697501,23.0664,3.55364,0.28769,-0.110317,-4.8939,7.21256,2.71086,-3.08459,-3.0311,0.530596,-1.25025,0.579969,0.579969,0.691359,0.748347,1.16855,0.496161,0.496161,0.672393,0.195198,0.106819,0.60298,5.55914,0.072169,-0.825499,-0.655771,21.697,3.04062,0.548342,0.196719,-6.30406,5.80135,2.64231,-2.4985,2.1438,0.808344,2.45589,1.50836,1.32177,1.13412,0.822028,0.049837,1.37161,6.50943,0.0734721,-0.8859,-0.656049,22.2583,2.8811,0.131049,-0.220851,-3.85767,8.24919,2.78446,-3.42145,-1.99487,1.56723,-0.21382,0.635436,0.822028,0.730954,0.760104,1.191,0.50058,0.50058,0.690417,0.230374,0.187652,0.688232,5.65406,0.0839524,-0.825448,-0.651691,21.9523,3.2069,0.532782,0.187719,-6.36385,5.74137,2.6439,-2.53749
2012Q4,1.69915,1.23469,2.05094,1.0125,1.0125,1.03844,0.686654,0.515717,1.52822,6.45113,0.12323,-0.459192,-0.696284,25.1617,-0.101487,0.209183,-0.176531,-4.20028,-0.375751,3.5281,-0.385025,0.272698,-1.2243,-0.4758,0.686654,0.686654,0.90156,1.33097,1.33803,0.59937,0.59937,0.738656,0.30219,0.609926,1.2093,6.0178,0.250086,-0.359098,-0.704736,20.286,-4.00224,0.373081,0.0213064,-5.23028,-1.4072,3.36558,0.0263948,1.7379,1.16252,2.10809,1.12807,1.12807,0.98002,0.609833,0.359936,1.488,6.4128,0.0852717,-0.486325,-0.687278,25.2166,0.163789,0.227414,-0.165326,-4.04311,-0.220052,3.52964,-0.510067,0.429868,-1.0686,-0.319365,0.609833,0.609833,0.769113,1.24784,1.24631,0.648317,0.648317,0.597991,0.120796,0.396166,1.04448,5.80484,0.232987,-0.368816,-0.700817,19.7839,-3.58253,0.434719,0.0752296,-5.23003,-1.40915,3.37665,0.0122064,2.20614,1.15202,2.51824,1.54085,1.35141,1.16683,0.854735,0.383986,1.73539,6.64924,0.114605,-0.579206,-0.674805,25.9767,1.98233,0.0322187,-0.320561,-3.50623,0.318534,3.81968,-0.556201,0.966748,-0.530013,0.218367,0.66529,0.854735,0.82489,1.28285,1.28493,0.627704,0.627704,0.657229,0.197186,0.486186,1.11389,5.89452,0.240188,-0.364723,-0.702468,19.9954,-3.75929,0.408761,0.052521,-5.23014,-1.40833,3.37199,0.0181816
2013Q1,1.19743,0.0600155,1.19743,0.853711,0.853711,0.343719,0.343719,3.01404,3.86775,6.31399,0.294472,-0.0740927,-0.389429,15.7383,-4.98939,0.488027,0.156326,-2.40837,-3.1217,3.85523,0.943285,3.14515,-4.07116,-0.463006,0.343719,0.343719,0.486247,0.135607,0.486247,0.628245,0.628245,-0.141998,-0.141998,3.5775,4.20575,5.83884,0.404958,0.0174182,-0.407399,14.7223,-4.96062,0.634978,0.326974,-3.03746,-3.7513,3.68493,1.23236,1.33491,0.21069,1.33491,0.83321,0.83321,0.501698,0.501698,2.98141,3.81462,6.46938,0.294959,-0.0771117,-0.400457,15.5486,-6.44016,0.466853,0.146253,-2.49166,-3.20324,3.81215,0.906003,3.06186,-4.1527,-0.545417,0.501698,0.501698,0.607296,0.235247,0.607296,0.580725,0.580725,0.0265713,0.0265713,3.50922,4.08994,6.00108,0.399967,0.0204452,-0.423809,14.6999,-5.38618,0.604537,0.308284,-3.11492,-3.82658,3.68265,1.26173,1.71811,0.0359808,1.71811,1.22936,1.03254,0.685566,0.685566,2.65739,3.68993,6.68492,0.291172,-0.240355,-0.42383,15.1992,-5.72386,0.287074,-0.00249218,-1.73476,-2.44733,4.0506,0.869601,3.81876,-3.39679,0.210985,0.48875,0.685566,0.520015,0.163402,0.520015,0.614989,0.614989,-0.094974,-0.094974,3.55845,4.17344,5.8841,0.403566,0.0182626,-0.411977,14.716,-5.07934,0.626486,0.32176,-3.05907,-3.7723,3.68429,1.24055
2013Q2,2.14376,0.678615,2.14376,1.04541,1.04541,1.09834,1.09834,2.81336,3.85877,6.29688,0.194195,0.0904287,-0.239603,14.0715,-6.10055,0.416714,0.0425874,-1.10969,-2.9308,3.21205,0.622953,12.8606,-1.06573,5.89744,1.09834,1.09834,1.63313,0.771283,1.63313,0.934682,0.934682,0.698452,0.698452,3.30713,4.24181,5.89256,0.379062,0.152277,-0.231405,15.6807,-3.78099,0.539087,0.167135,-1.41156,-3.22459,3.15376,0.806088,2.29863,0.814625,2.29863,0.999677,0.999677,1.29895,1.29895,2.79549,3.79517,6.44352,0.193634,0.0895827,-0.253588,13.78,-7.36283,0.397092,0.0342508,-1.26237,-3.08084,3.17365,0.582186,12.7079,-1.21577,5.74608,1.29895,1.29895,1.73289,0.824423,1.73289,0.849944,0.849944,0.882946,0.882946,3.26193,4.11187,6.05106,0.366582,0.158124,-0.250125,16.0189,-3.9008,0.517637,0.162483,-1.58631,-3.39632,3.11035,0.753656,2.49996,0.631597,2.49996,1.30599,1.13104,1.36892,1.36892,2.43122,3.56226,6.63967,0.161085,-0.104884,-0.31121,13.2009,-5.76306,0.256033,-0.0603762,-0.732582,-2.55873,3.36228,0.757299,13.2377,-0.693661,6.27203,1.19398,1.36892,1.66096,0.786107,1.66096,0.911044,0.911044,0.749918,0.749918,3.29452,4.20556,5.93677,0.37558,0.153908,-0.236627,15.775,-3.81441,0.533103,0.165837,-1.46031,-3.27249,3.14165,0.791462
2013Q3,2.76088,1.23841,2.76088,1.54506,1.54506,1.21582,1.21582,1.92943,3.47449,6.26295,0.125777,0.859398,-0.161986,12.2103,-10.0652,0.405108,0.0158823,4.03671,-1.6593,2.83946,0.114434,15.3606,-7.13462,4.11299,1.21582,1.21582,2.60301,1.89312,2.60301,1.62862,1.62862,0.974394,0.974394,2.1453,3.77392,5.86171,0.258123,0.946265,-0.206335,14.9028,-6.91376,0.497783,0.074007,5.02473,-0.675768,2.87292,0.229861,2.84374,1.26967,2.84374,1.48681,1.48681,1.35694,1.35694,1.95727,3.44408,6.40921,0.107797,0.855416,-0.178281,11.5425,-11.6145,0.387915,0.00891249,3.92773,-1.76751,2.78137,0.0639892,15.2516,-7.24283,4.0044,1.35694,1.35694,2.62623,1.84085,2.62623,1.52133,1.52133,1.10491,1.10491,2.15631,3.67763,6.0177,0.233164,0.945963,-0.223026,14.9839,-7.31935,0.491136,0.0910136,4.86135,-0.83804,2.79741,0.151321,2.87991,0.73611,2.87991,1.67811,1.49358,1.38633,1.38633,1.7761,3.26969,6.59769,0.0882588,0.694985,-0.232857,10.8887,-11.3696,0.302408,-0.0106383,3.92561,-1.76709,2.85024,0.06578,15.2495,-7.24241,4.00355,1.2018,1.38633,2.60949,1.87854,2.60949,1.59869,1.59869,1.0108,1.0108,2.14837,3.74706,5.90522,0.251161,0.946181,-0.210991,14.9254,-7.0269,0.495929,0.0787512,4.97915,-0.721035,2.85185,0.207951
2013Q4,2.06209,0.465202,2.06209,1.20319,1.20319,0.858904,0.858904,3.92321,5.1264,6.2891,-0.00114873,0.812632,-0.0862775,7.53531,-17.5855,0.456812,0.0724055,5.83899,1.01613,1.29126,-2.28486,10.0938,-3.05772,3.51803,0.858904,0.858904,2.10681,1.31158,2.10681,1.24162,1.24162,0.865184,0.865184,4.64241,5.88403,5.8821,0.0352651,0.882913,-0.117214,13.881,-6.00194,0.522839,0.0850218,7.29,2.45927,1.39039,-1.98408,2.09383,0.39468,2.09383,1.15524,1.15524,0.938599,0.938599,3.83098,4.98622,6.44205,-0.00908497,0.809204,-0.0962182,7.19585,-17.9659,0.447146,0.074515,5.61588,0.791882,1.21653,-2.31156,9.87067,-3.28197,3.29435,0.938599,0.938599,2.07549,1.17393,2.07549,1.15931,1.15931,0.916186,0.916186,4.48551,5.64481,6.03435,0.0165454,0.882069,-0.126697,13.0948,-7.19127,0.527523,0.11784,6.96743,2.13554,1.27468,-2.0909,2.04815,-0.157993,2.04815,1.36119,1.15886,0.889285,0.889285,3.34645,4.50531,6.60431,-0.0449314,0.683104,-0.14376,6.00409,-19.9726,0.380094,0.0809417,5.51956,0.701937,1.07393,-2.74575,9.77435,-3.37191,3.20122,0.686961,0.889285,2.09807,1.27318,2.09807,1.21866,1.21866,0.879412,0.879412,4.59864,5.8173,5.92457,0.030043,0.882678,-0.11986,13.6617,-6.33372,0.524146,0.0941768,7.20001,2.36896,1.35811,-2.01388
2014Q1,2.19974,1.00231,2.19974,0.979496,0.979496,1.22025,1.22025,4.10183,5.08133,6.18066,-0.133327,0.403831,-0.0907068,8.12004,-7.61828,0.447855,0.0528099,6.56348,2.89654,0.529821,-3.32541,8.80978,-0.601508,4.10414,1.22025,1.22025,2.49206,2.00582,2.49206,0.995144,0.995144,1.49692,1.49692,4.81538,5.81052,5.74931,-0.0895281,0.464851,-0.115702,9.72452,-4.9978,0.48601,0.0345891,8.19027,4.52399,0.720008,-2.96492,2.19974,1.00231,2.19974,0.979496,0.979496,1.22025,1.22025,4.10183,5.08133,6.18066,-0.133327,0.403831,-0.0907068,8.12004,-7.61828,0.447855,0.0528099,6.56348,2.89654,0.529821,-3.32541,8.80978,-0.601508,4.10414,1.22025,1.22025,2.49206,2.00582,2.49206,0.995144,0.995144,1.49692,1.49692,4.81538,5.81052,5.74931,-0.0895281,0.464851,-0.115702,9.72452,-4.9978,0.48601,0.0345891,8.19027,4.52399,0.720008,-2.96492,2.10383,0.385727,2.10383,1.0721,0.911158,1.19268,1.19268,3.74873,4.65989,6.48968,-0.195239,0.334769,-0.130923,8.00905,-7.19019,0.389013,0.0786524,6.16839,2.50087,0.337395,-3.7132,8.41469,-0.997176,3.70876,1.03173,1.19268,2.45847,1.93846,2.45847,0.969046,0.969046,1.48943,1.48943,4.78455,5.7536,5.79631,-0.0877875,0.462554,-0.118313,9.60998,-5.10607,0.486745,0.0429751,8.11265,4.4462,0.679872,-3.00442
2014Q2,1.11002,-1.03373,1.11002,0.922361,0.922361,0.187661,0.187661,4.29895,5.22131,6.04277,-0.254106,0.266563,-0.0870409,9.72529,-4.34619,0.457291,0.0809491,5.25069,0.398233,0.737102,-2.47495,-0.345774,-0.714597,-0.530186,0.187661,0.187661,1.5163,-0.116835,1.5163,0.973346,0.973346,0.542953,0.542953,5.03435,6.0077,5.62893,-0.263636,0.333585,-0.115702,14.1901,-1.49062,0.521063,0.0930042,6.54647,1.68877,1.08099,-2.07277,1.11002,-1.03373,1.11002,0.922361,0.922361,0.187661,0.187661,4.29895,5.22131,6.04277,-0.254106,0.266563,-0.0870409,9.72529,-4.34619,0.457291,0.0809491,5.25069,0.398233,0.737102,-2.47495,-0.345774,-0.714597,-0.530186,0.187661,0.187661,1.5163,-0.116835,1.5163,0.973346,0.973346,0.542953,0.542953,5.03435,6.0077,5.62893,-0.263636,0.333585,-0.115702,14.1901,-1.49062,0.521063,0.0930042,6.54647,1.68877,1.08099,-2.07277,0.9595,-1.54046,0.9595,1.00225,0.849635,0.109866,0.109866,4.03061,4.88024,6.33076,-0.308907,0.20157,-0.104929,8.6454,-4.55554,0.426983,0.137871,4.91652,0.067206,0.514573,-2.84771,-0.67994,-1.04562,-0.862782,-0.042745,0.109866,1.48176,-0.179204,1.48176,0.95463,0.95463,0.527128,0.527128,4.99179,5.94642,5.67697,-0.259807,0.328702,-0.118313,14.1086,-1.66643,0.520902,0.0999039,6.52528,1.66683,1.04371,-2.09794
2014Q3,1.027,-1.73389,1.027,0.995003,0.995003,0.031993,0.031993,3.91666,4.91166,6.17331,-0.0896342,-0.658922,-0.26786,6.65205,-5.55821,0.402001,0.0302637,4.00002,3.94825,0.670427,-2.16903,-9.98958,0.383438,-4.80307,0.031993,0.031993,1.38076,-1.22226,1.38076,1.06405,1.06405,0.316702,0.316702,4.53123,5.59528,5.8,-0.0617064,-0.619531,-0.326986,10.195,-4.70773,0.457208,0.00892946,5.00166,4.94897,1.16972,-1.70319,1.027,-1.73389,1.027,0.995003,0.995003,0.031993,0.031993,3.91666,4.91166,6.17331,-0.0896342,-0.658922,-0.26786,6.65205,-5.55821,0.402001,0.0302637,4.00002,3.94825,0.670427,-2.16903,-9.98958,0.383438,-4.80307,0.031993,0.031993,1.38076,-1.22226,1.38076,1.06405,1.06405,0.316702,0.316702,4.53123,5.59528,5.8,-0.0617064,-0.619531,-0.326986,10.195,-4.70773,0.457208,0.00892946,5.00166,4.94897,1.16972,-1.70319,0.910796,-1.96911,0.910796,1.05469,0.928816,-0.0180198,-0.0180198,3.6039,4.53271,6.40395,-0.193738,-0.716437,-0.248069,4.86982,-6.01886,0.382285,0.101138,3.60121,3.54983,0.378045,-2.47219,-10.3884,-0.0149783,-5.20169,-0.143899,-0.0180198,1.35332,-1.25617,1.35332,1.04011,1.04011,0.313218,0.313218,4.4999,5.54001,5.84212,-0.0630989,-0.623131,-0.334365,10.0279,-4.89746,0.455606,0.0139004,5.01934,4.96628,1.13815,-1.7137
2014Q4,1.03932,-1.03767,1.03932,1.06278,0.906638,0.132683,0.132683,3.79927,4.70591,6.28853,-0.144712,-1.0797,-0.323907,1.28068,-6.10158,0.154353,-0.285048,2.62941,11.1991,1.19576,0.00743848,-20.331,1.49076,-9.42011,-0.0234626,0.132683,1.51634,-0.602094,1.51634,1.04622,1.04622,0.470129,0.470129,4.44308,5.4893,5.74731,-0.0782247,-1.04978,-0.429161,7.27707,-6.89599,0.118526,-0.493095,4.30254,12.8701,2.43254,0.999175,1.07759,-0.984503,1.07759,0.913111,0.913111,0.164476,0.164476,3.87465,4.78776,6.20525,-0.0838462,-1.04722,-0.374047,1.96543,-5.56988,0.11902,-0.383521,3.43254,12.0006,1.48709,0.195829,-19.5279,2.29222,-8.61782,0.164476,0.164476,1.49988,-0.606928,1.49988,1.01451,1.01451,0.485371,0.485371,4.40054,5.41505,5.80248,-0.0796156,-1.05421,-0.441037,6.99752,-6.88347,0.113852,-0.488658,4.30761,12.874,2.38378,0.993398,0.937681,-1.11047,0.937681,0.900545,0.829056,0.108624,0.108624,3.66819,4.49724,6.42604,-0.178267,-1.0945,-0.347969,-0.0547434,-6.05883,0.174728,-0.213017,2.84218,11.4108,0.913026,-0.160906,-20.1182,1.70242,-9.2079,0.0371356,0.108624,1.48751,-0.610559,1.48751,0.990695,0.990695,0.496817,0.496817,4.3686,5.35929,5.84391,-0.0806601,-1.05754,-0.449956,6.7876,-6.87407,0.110341,-0.485327,4.31142,12.877,2.34717,0.989061
2015Q1,0.637893,-1.52574,0.637893,0.998844,0.710545,-0.0726512,-0.0726512,2.22431,2.93486,6.47565,0.0952137,-1.53931,-0.434837,9.55809,1.43286,0.120623,-0.367916,2.23189,21.7773,1.89422,1.47699,-18.4464,2.83553,-7.80544,-0.360951,-0.0726512,1.28831,-1.19923,1.28831,1.0093,1.0093,0.279011,0.279011,1.9725,2.9818,6.06286,0.307219,-1.51843,-0.509047,14.3602,4.65107,-0.0259339,-0.731302,5.10018,24.6636,3.50548,2.79088,0.815599,-1.38415,0.815599,0.787562,0.787562,0.0280367,0.0280367,2.0548,2.84237,6.36227,0.181611,-1.50281,-0.465054,10.5803,2.46022,0.0858124,-0.474246,4.07066,23.623,2.35845,1.82863,-16.6076,4.68124,-5.9632,0.0280367,0.0280367,1.2891,-1.20296,1.2891,1.01193,1.01193,0.277179,0.277179,1.97182,2.98375,6.05813,0.308814,-1.51823,-0.508262,14.373,4.64849,-0.0261891,-0.732874,5.09839,24.6618,3.51246,2.79245,0.511555,-1.59228,0.511555,0.742609,0.64027,-0.128715,-0.128715,2.27806,2.91832,6.5322,0.042526,-1.55335,-0.440081,9.15921,1.15016,0.168229,-0.264627,2.97354,22.5182,1.54965,1.21226,-17.7048,3.5764,-7.06418,-0.231053,-0.128715,1.28324,-1.17523,1.28324,0.99246,0.99246,0.29078,0.29078,1.97685,2.96931,6.09329,0.296977,-1.51969,-0.51409,14.2776,4.66764,-0.0242944,-0.721207,5.11171,24.6751,3.46064,2.78077
2015Q2,1.58011,0.526582,1.58011,1.16338,0.898485,0.681621,0.681621,1.48376,2.38225,6.45266,0.227904,-1.13449,-0.554848,10.0689,1.0093,0.0195771,-0.538908,1.32053,22.9769,1.87964,1.27294,-16.945,-1.19039,-9.06768,0.416724,0.681621,2.21349,0.701845,2.21349,1.10127,1.10127,1.11222,1.11222,1.2275,2.32877,6.03669,0.40129,-1.16648,-0.614397,14.9936,0.814493,-0.223168,-1.03586,3.48519,25.1635,3.48559,2.40963,1.74975,0.639731,1.74975,0.951805,0.951805,0.797948,0.797948,1.36978,2.32159,6.36428,0.321504,-1.13008,-0.570926,10.9692,1.24396,-0.0447549,-0.687685,2.79242,24.4572,2.34043,1.60334,-15.4731,0.289933,-7.59157,0.797948,0.797948,2.21403,0.697731,2.21403,1.10469,1.10469,1.10934,1.10934,1.22391,2.32861,6.03223,0.403306,-1.16634,-0.613384,14.9848,0.79475,-0.224028,-1.03834,3.48719,25.1655,3.49285,2.41186,1.48953,0.530034,1.48953,0.948409,0.854854,0.63468,0.63468,1.55734,2.41219,6.48823,0.15747,-1.13205,-0.550402,9.75401,1.10861,0.0814527,-0.416456,1.92033,23.5759,1.52816,1.01359,-16.3452,-0.591439,-8.46831,0.541125,0.63468,2.21003,0.728272,2.21003,1.07926,1.07926,1.13077,1.13077,1.25057,2.32984,6.0653,0.388336,-1.16739,-0.620901,15.0499,0.941315,-0.217643,-1.01987,3.47238,25.1508,3.43899,2.39529
2015Q3,1.87391,0.884987,1.87391,0.961043,0.758236,1.11567,1.11567,1.84664,2.60488,6.28286,-0.0395244,-0.703641,-0.52411,7.79563,2.36295,-0.267367,-0.943991,3.65176,21.1824,1.74892,1.25005,-11.4614,-0.553204,-6.00732,0.912865,1.11567,2.84179,1.46473,2.84179,1.01317,1.01317,1.82862,1.82862,1.55741,2.57058,5.89387,0.0881978,-0.815905,-0.571358,15.8385,5.66597,-0.479847,-1.38676,6.47692,23.9964,3.30218,2.13671,2.14666,1.11966,2.14666,0.831348,0.831348,1.31531,1.31531,1.69031,2.52166,6.20503,0.0317195,-0.726561,-0.525532,8.6056,1.95355,-0.345056,-1.10946,5.20581,22.7322,2.18284,1.51241,-9.90739,0.996582,-4.4554,1.31531,1.31531,2.84238,1.46163,2.84238,1.01599,1.01599,1.82639,1.82639,1.55511,2.57109,5.89035,0.0903551,-0.815857,-0.571188,15.8466,5.65153,-0.481149,-1.38986,6.48753,24.0071,3.30917,2.13944,1.71969,0.808891,1.71969,0.777611,0.705546,1.01414,1.01414,1.94746,2.653,6.31135,-0.0925994,-0.688016,-0.507858,6.922,2.05218,-0.203354,-0.820721,3.93162,21.4626,1.41414,1.03609,-11.1816,-0.272967,-5.72727,0.942076,1.01414,2.83796,1.48463,2.83796,0.995055,0.995055,1.8429,1.8429,1.57223,2.56729,5.91646,0.0743408,-0.816215,-0.572453,15.7867,5.75876,-0.471482,-1.36683,6.40873,23.9281,3.25732,2.11916
2015Q4,1.94704,0.932865,1.94704,1.26721,0.993178,0.953866,0.953866,1.73291,2.72609,6.33563,-0.0115137,-0.346952,-0.538656,16.9195,15.9524,-0.563992,-1.31991,2.65821,15.8702,2.05747,0.904816,-1.59702,-3.81505,-2.70604,0.679836,0.953866,2.74747,1.24926,2.74747,1.36175,1.36175,1.38573,1.38573,1.1855,2.54724,5.9677,0.159638,-0.390553,-0.573397,21.2561,14.2869,-0.857907,-1.85261,4.62927,17.8562,3.41517,1.03632,1.95398,0.914656,1.95398,1.23647,1.02358,0.930398,0.930398,1.72027,2.74385,6.29285,0.00432466,-0.348006,-0.531068,16.925,15.6443,-0.56908,-1.33535,2.88897,16.101,2.11327,0.917502,-1.36626,-3.58428,-2.47527,0.717507,0.930398,2.75256,1.23621,2.75256,1.39873,1.39873,1.35382,1.35382,1.14937,2.5481,5.93247,0.185163,-0.391744,-0.577711,21.2872,14.0102,-0.871374,-1.88427,4.75062,17.9768,3.4768,1.04425,1.81299,0.875313,1.81299,1.01134,0.913783,0.89921,0.89921,1.85016,2.76395,6.34665,-0.0793899,-0.342559,-0.49471,16.2162,16.2709,-0.477314,-1.17119,2.81802,16.0297,1.7946,0.881578,-1.43721,-3.65557,-2.54639,0.80165,0.89921,2.74447,1.25696,2.74447,1.33992,1.33992,1.40456,1.40456,1.20682,2.54674,5.98848,0.144577,-0.389849,-0.570851,21.2377,14.4501,-0.849961,-1.83392,4.55767,17.785,3.37881,1.03164
2016Q1,1.11868,0.713629,1.11868,1.5126,1.27923,-0.160554,-0.160554,1.28829,2.56752,6.31927,-0.265513,0.0913043,-0.372589,7.87038,-1.16189,-0.333435,-0.920027,2.80785,5.03682,1.6104,0.328079,-4.62457,-8.32268,-6.47363,-0.393928,-0.160554,2.13905,0.85777,2.13905,1.93304,1.93304,0.206013,0.206013,0.457998,2.39104,6.11705,0.0120147,0.0640933,-0.450139,15.4973,1.25153,-0.804497,-1.68892,4.24574,6.45234,3.14151,-0.301833,1.41376,0.775866,1.41376,1.69323,1.4542,-0.0404378,-0.0404378,0.986892,2.44109,6.36432,-0.111326,0.0869108,-0.404618,9.68298,0.124894,-0.515173,-1.21411,3.32618,5.55119,1.99805,0.103828,-4.10624,-7.80831,-5.95728,-0.279471,-0.0404378,2.13409,0.845775,2.13409,1.96391,1.96391,0.170176,0.170176,0.42591,2.38982,6.09033,0.0274629,0.0605703,-0.452215,15.5946,1.23441,-0.821762,-1.72146,4.36296,6.56994,3.17756,-0.327926,1.27265,0.761092,1.27265,1.42998,1.34395,-0.0713016,-0.0713016,1.16205,2.506,6.35087,-0.181332,0.091866,-0.366551,8.59592,-0.563294,-0.431599,-1.0783,2.94021,5.16579,1.77526,0.225606,-4.49221,-8.19371,-6.34296,-0.157335,-0.0713016,2.13767,0.85443,2.13767,1.94164,1.94164,0.196033,0.196033,0.449061,2.3907,6.10961,0.016317,0.0631121,-0.450717,15.5244,1.24676,-0.809305,-1.69798,4.27839,6.48509,3.15155,-0.3091
2016Q2,0.931333,-0.501368,0.931333,1.62736,1.37642,-0.445089,-0.445089,1.08824,2.46467,6.13423,-0.367145,-0.201775,-0.38279,9.85085,-0.0362987,-0.237507,-0.740311,3.04586,0.823726,1.46017,0.188173,-4.2587,-3.03284,-3.64577,-0.696029,-0.445089,2.06853,-0.140167,2.06853,2.1605,2.1605,-0.0919786,-0.0919786,0.0677518,2.22826,5.9186,-0.157752,-0.168667,-0.495774,15.8826,0.810892,-0.728527,-1.51069,4.35502,2.11803,3.13236,-0.288647,1.33347,-0.246632,1.33347,1.85216,1.59727,-0.263796,-0.263796,0.71153,2.3088,6.1861,-0.266565,-0.198696,-0.424532,10.9783,0.909473,-0.406421,-1.00779,3.51728,1.29252,1.93699,0.0573499,-3.78728,-2.56405,-3.17567,-0.518691,-0.263796,2.08643,-0.127058,2.08643,2.19281,2.19281,-0.106378,-0.106378,0.0383622,2.23117,5.89271,-0.143974,-0.172906,-0.501657,15.954,0.960362,-0.744765,-1.54009,4.46573,2.22899,3.17937,-0.306219,1.15195,-0.337588,1.15195,1.56097,1.46898,-0.317037,-0.317037,0.908351,2.37733,6.16845,-0.319781,-0.199961,-0.381677,10.3662,0.612199,-0.323847,-0.878803,3.09337,0.868983,1.68335,0.155188,-4.21119,-2.98759,-3.59939,-0.409023,-0.317037,2.07351,-0.136517,2.07351,2.1695,2.1695,-0.0959887,-0.0959887,0.0595669,2.22907,5.91139,-0.153915,-0.169848,-0.497413,15.9025,0.852519,-0.733049,-1.51888,4.38585,2.14894,3.14545,-0.293541
2016Q3,1.16464,-0.460818,1.16464,1.92529,1.72445,-0.559809,-0.559809,1.33252,3.05697,6.06946,-0.25199,-0.599736,-0.268664,13.1833,5.97073,-0.0921511,-0.53018,0.945908,0.57053,1.7403,0.568465,3.54505,4.96411,4.25458,-0.760654,-0.559809,1.92188,-0.9146,1.92188,2.56024,2.56024,-0.638357,-0.638357,0.214865,2.7751,5.88527,-0.0399167,-0.537492,-0.328667,12.3275,-3.4392,-0.496817,-1.15704,1.2272,0.873401,2.94463,-0.29537,1.45539,-0.418519,1.45539,2.15822,1.9579,-0.502514,-0.502514,0.9022,2.8601,6.13038,-0.15248,-0.598535,-0.296994,13.2738,5.47818,-0.231094,-0.750574,1.05808,0.686062,2.11664,0.367724,3.65722,5.07964,4.36843,-0.702833,-0.502514,1.95238,-0.889404,1.95238,2.59685,2.59685,-0.64447,-0.64447,0.184411,2.78126,5.85938,-0.0344891,-0.53677,-0.33277,12.2795,-3.55902,-0.507509,-1.17801,1.23719,0.882344,2.98643,-0.315743,1.33454,-0.385149,1.33454,1.89854,1.82553,-0.490991,-0.490991,1.10744,2.93297,6.10496,-0.206395,-0.603462,-0.262875,13.5351,6.61305,-0.163203,-0.645664,0.898084,0.525851,1.93452,0.520384,3.49722,4.91943,4.20833,-0.564,-0.490991,1.93038,-0.907583,1.93038,2.57044,2.57044,-0.640059,-0.640059,0.206384,2.77682,5.87806,-0.0384051,-0.537291,-0.32981,12.3141,-3.47257,-0.499795,-1.16288,1.22998,0.875892,2.95627,-0.301044
2016Q4,1.05058,-0.622875,1.05058,2.00412,1.89585,-0.845265,-0.845265,0.965657,2.86151,5.9535,-0.383046,-0.223534,-0.173728,17.1906,1.82981,0.203405,-0.142977,0.363106,1.82293,2.01945,0.393705,11.154,9.84648,10.5002,-0.953536,-0.845265,1.35945,-1.38386,1.35945,2.49815,2.49815,-1.1387,-1.1387,0.000661248,2.49881,5.79496,-0.20155,-0.190477,-0.202326,16.7132,-4.51746,-0.0974739,-0.596761,0.537171,1.98814,2.77977,-0.585005,1.12188,-0.82517,1.12188,2.15196,2.04553,-0.923651,-0.923651,0.567828,2.61335,6.03236,-0.303265,-0.235548,-0.189864,17.2014,0.281882,0.083361,-0.326439,0.338506,1.7971,2.22451,0.167036,11.1294,9.82065,10.475,-1.03009,-0.923651,1.37376,-1.37371,1.37376,2.52397,2.52397,-1.15021,-1.15021,-0.0249003,2.49907,5.76531,-0.202385,-0.186086,-0.203578,16.5946,-4.66151,-0.107326,-0.616351,0.437037,1.88865,2.79601,-0.619165,1.08057,-0.732426,1.08057,1.99022,1.95087,-0.870303,-0.870303,0.76961,2.72048,6.00659,-0.340057,-0.236571,-0.168822,17.3322,1.11604,0.13867,-0.244202,0.348171,1.80675,2.13083,0.336229,11.1391,9.8303,10.4847,-0.909648,-0.870303,1.36344,-1.38104,1.36344,2.50534,2.50534,-1.1419,-1.1419,-0.00645754,2.49888,5.7867,-0.201783,-0.189254,-0.202675,16.6802,-4.55758,-0.100218,-0.602217,0.509284,1.96043,2.78429,-0.594518
2017Q1,1.83148,0.791258,1.83148,2.00525,1.90843,-0.0769502,-0.0769502,2.40321,4.31164,5.75283,-0.556777,0.0686374,-0.136027,16.7524,9.39356,0.426854,0.190051,-1.55113,1.85499,2.1104,0.609547,13.805,14.0874,13.9462,-0.173766,-0.0769502,1.50221,-0.63672,1.50221,2.05169,2.05169,-0.549475,-0.549475,2.49212,4.5438,5.57677,-0.53962,0.0827897,-0.153054,17.3507,1.85099,0.0885824,-0.339379,-2.14747,1.25023,2.36143,-0.78097,1.78405,0.665371,1.78405,2.00698,1.91176,-0.127717,-0.127717,2.37778,4.28955,5.7712,-0.548078,0.0655686,-0.138192,16.7082,8.83779,0.399225,0.147022,-1.59472,1.81092,2.13221,0.521811,13.7614,14.0433,13.9023,-0.222932,-0.127717,1.50221,-0.636839,1.50221,2.05134,2.05134,-0.549129,-0.549129,2.49111,4.54245,5.57751,-0.539537,0.0826202,-0.15301,17.3546,1.85734,0.0887192,-0.339043,-2.14505,1.25265,2.36194,-0.779564,1.62147,0.348819,1.62147,1.93287,1.89683,-0.275363,-0.275363,2.28718,4.18401,5.83499,-0.515877,0.0532841,-0.130064,16.2959,7.69998,0.347405,0.064661,-1.58339,1.82099,2.19796,0.422695,13.7727,14.0534,13.913,-0.311404,-0.275363,1.50217,-0.635501,1.50217,2.05519,2.05519,-0.553019,-0.553019,2.50242,4.5576,5.56914,-0.540467,0.0845278,-0.153506,17.3103,1.78595,0.0871799,-0.342822,-2.17223,1.22544,2.35616,-0.795386
2017Q2,1.3045,0.469648,1.3045,1.84163,1.81789,-0.513386,-0.513386,1.34932,3.16721,5.72802,-0.396464,0.137921,-0.0175178,19.2457,9.79472,0.5868,0.404861,0.749721,3.36932,2.72448,1.39263,19.8974,9.29098,14.5942,-0.53713,-0.513386,0.534528,-1.53444,0.534528,1.96934,1.96934,-1.43482,-1.43482,0.104752,2.0741,5.66403,-0.253928,0.0688643,0,19.3716,3.48724,0.299268,-0.0499207,2.32494,4.95877,2.33789,-0.795638,1.22349,0.292154,1.22349,1.84567,1.82255,-0.599061,-0.599061,1.22409,3.04664,5.75562,-0.37861,0.131397,-0.0171202,19.2259,9.375,0.564202,0.369006,0.835843,3.45627,2.68761,1.22744,19.9835,9.37793,14.6807,-0.622179,-0.599061,0.535086,-1.53344,0.535086,1.96922,1.96922,-1.43414,-1.43414,0.105103,2.07433,5.66472,-0.253876,0.0687225,0,19.3779,3.4953,0.299333,-0.0496843,2.32611,4.95996,2.33902,-0.793339,0.979379,-0.172568,0.979379,1.81567,1.80664,-0.827264,-0.827264,0.956777,2.76342,5.84173,-0.326722,0.114169,-0.00744584,19.1142,8.748,0.526557,0.306496,1.27143,3.89378,2.63235,0.948998,20.4191,9.81544,15.1173,-0.836294,-0.827264,0.528812,-1.5447,0.528812,1.97058,1.97058,-1.44177,-1.44177,0.10115,2.07173,5.65693,-0.254457,0.0703172,0,19.3071,3.4046,0.298609,-0.0523435,2.31299,4.94661,2.32625,-0.819202
2017Q3,1.64088,0.541151,1.64088,1.90894,1.84176,-0.20088,-0.20088,2.57504,4.4168,5.50972,-0.547668,0.528848,-0.0139496,12.8588,-0.257965,0.581425,0.399968,0.0494618,-5.01101,2.39456,0.749456,15.9828,-0.0208123,7.98097,-0.268062,-0.20088,0.356042,-1.5666,0.356042,1.8178,1.8178,-1.46176,-1.46176,2.33254,4.15035,5.43872,-0.445904,0.516073,0,14.9494,2.62306,0.277298,-0.0836238,0.560088,-4.49703,1.80555,-1.14011,1.52558,0.360946,1.52558,1.90228,1.8357,-0.310115,-0.310115,2.51515,4.35085,5.53652,-0.532931,0.528219,-0.0149038,12.9489,-0.234316,0.558372,0.363458,0.100333,-4.95996,2.3372,0.596901,16.0336,0.0302439,8.03194,-0.376694,-0.310115,0.357121,-1.56476,0.357121,1.81799,1.81799,-1.46087,-1.46087,2.33124,4.14923,5.43953,-0.445739,0.516053,0,14.9496,2.6221,0.277228,-0.0835743,0.56004,-4.49709,1.80658,-1.13804,1.20685,-0.127691,1.20685,1.82371,1.79789,-0.59104,-0.59104,2.3362,4.13409,5.62346,-0.481492,0.525913,-0.00352421,13.0503,-0.484759,0.524596,0.306235,0.216612,-4.8431,2.22681,0.292289,16.1499,0.147103,8.14851,-0.616865,-0.59104,0.344974,-1.5854,0.344974,1.81588,1.81588,-1.47091,-1.47091,2.34592,4.1618,5.43046,-0.447599,0.516277,0,14.947,2.63291,0.278013,-0.0841314,0.560582,-4.49641,1.79499,-1.16129
2017Q4,2.18674,1.15383,2.18674,1.8223,1.64963,0.537113,0.537113,2.36421,4.01384,5.38543,-0.549964,0.264979,0.016952,11.3595,-5.76163,0.780545,0.654951,1.81129,-6.95857,1.7705,-0.190744,2.20608,-4.58719,-1.19056,0.364444,0.537113,0.99412,-0.365687,0.99412,1.52101,1.52101,-0.526888,-0.526888,2.12527,3.64628,5.40696,-0.387263,0.196093,0,12.4851,-4.22509,0.435187,0.136651,3.45891,-5.32059,1.50897,-1.2712,2.07214,1.02156,2.07214,1.80405,1.63285,0.439288,0.439288,2.30974,3.9426,5.41806,-0.535435,0.256878,0.0134178,11.4206,-5.77003,0.753799,0.61575,1.94468,-6.82572,1.74366,-0.27578,2.33947,-4.45434,-1.05744,0.268097,0.439288,0.995067,-0.364386,0.995067,1.52115,1.52115,-0.526081,-0.526081,2.12429,3.64543,5.40775,-0.387211,0.196191,0,12.4864,-4.22673,0.435141,0.136736,3.45711,-5.32236,1.50983,-1.26994,1.74287,0.662304,1.74287,1.63857,1.57302,0.169851,0.169851,2.16553,3.73855,5.51587,-0.490724,0.223714,0.0109056,11.4906,-5.84162,0.706527,0.548146,2.17573,-6.59625,1.70123,-0.429598,2.57052,-4.22487,-0.827172,0.1043,0.169851,0.984413,-0.379024,0.984413,1.51958,1.51958,-0.535169,-0.535169,2.13535,3.65493,5.39891,-0.387793,0.195097,0,12.4719,-4.20825,0.435654,0.135785,3.47734,-5.30239,1.50014,-1.28415
2018Q1,2.41891,0.577784,2.41891,1.90429,1.72603,0.692875,0.692875,1.30983,3.03586,5.14406,-0.608034,0.256138,0.0489723,5.51726,-11.0421,0.847513,0.717988,3.43143,-10.9359,1.58246,-0.528054,-4.65343,-10.5251,-7.58926,0.514618,0.692875,2.22991,0.727685,2.22991,1.84493,1.84493,0.384974,0.384974,-0.925997,0.918935,5.13249,-0.4462,0.173311,0,6.17091,-11.1899,0.496687,0.220715,5.90468,-8.44918,2.00799,-0.354766,2.37169,0.540212,2.37169,1.87495,1.70158,0.670112,0.670112,1.17917,2.88075,5.14692,-0.605918,0.254563,0.0445052,5.0113,-11.7411,0.828717,0.698126,3.5045,-10.8626,1.56719,-0.543213,-4.58036,-10.4518,-7.51607,0.496747,0.670112,2.23009,0.727878,2.23009,1.84519,1.84519,0.384901,0.384901,-0.928705,0.916482,5.1307,-0.446067,0.173305,0,6.17984,-11.1708,0.496933,0.220675,5.90647,-8.44743,2.00807,-0.353356,2.25577,0.6343,2.25577,1.74708,1.68258,0.573186,0.573186,0.613883,2.29646,5.28257,-0.552423,0.216577,0.0265484,5.45615,-10.8397,0.751698,0.593217,3.89059,-10.4739,1.65109,-0.546871,-4.19427,-10.0631,-7.12869,0.508688,0.573186,2.23082,0.728646,2.23082,1.8462,1.8462,0.384612,0.384612,-0.939462,0.906741,5.1236,-0.445537,0.173283,0,6.21533,-11.095,0.497909,0.220519,5.91359,-8.44047,2.00841,-0.347755
2018Q2,2.30053,0.964172,2.30053,2.16829,1.9987,0.301832,0.301832,2.70571,4.70441,4.98736,-0.73855,0.266688,0.0660287,13.6578,-5.72363,0.68623,0.479349,2.81736,-5.21854,1.07132,-1.68703,-5.1009,-3.98535,-4.54313,0.132239,0.301832,2.24146,1.7055,2.24146,2.08651,2.08651,0.154951,0.154951,1.66393,3.75044,5.12945,-0.536366,0.210191,0,14.186,-5.20179,0.321417,-0.0277524,4.12475,-3.92157,1.8287,-0.512113,2.25352,0.949018,2.25352,2.14161,1.97675,0.276767,0.276767,2.60741,4.58416,5.00004,-0.727976,0.255162,0.0603731,13.8769,-5.36876,0.665435,0.454752,2.84452,-5.19154,1.05329,-1.67119,-5.07374,-3.95835,-4.51604,0.111909,0.276767,2.24054,1.70601,2.24054,2.08683,2.08683,0.153707,0.153707,1.66549,3.75233,5.12756,-0.536473,0.210348,0,14.1797,-5.19189,0.321783,-0.0276177,4.12109,-3.92517,1.82932,-0.508568,2.20026,1.22089,2.20026,2.01347,1.95199,0.248276,0.248276,2.28131,4.2333,5.13271,-0.709015,0.217401,0.0352468,14.2448,-4.86941,0.581074,0.341463,2.89047,-5.14754,1.2297,-1.40264,-5.02779,-3.91435,-4.47107,0.186791,0.248276,2.23688,1.70807,2.23688,2.08812,2.08812,0.148766,0.148766,1.67173,3.75985,5.12004,-0.536896,0.210968,0,14.1545,-5.15259,0.323237,-0.0270827,4.10659,-3.93949,1.83177,-0.494486
2018Q3,2.11962,0.447277,2.11962,2.49602,2.40834,-0.288717,-0.288717,0.670168,3.07851,5.074,-0.426875,0.158012,0.135619,24.4918,11.3014,0.584461,0.343697,3.50365,4.4596,0.666368,-1.78279,-8.06095,-0.364889,-4.21292,-0.376401,-0.288717,2.64284,2.28402,2.64284,2.67587,2.67587,-0.0330295,-0.0330295,-1.59727,1.07861,5.29612,-0.144687,0.0431514,0.0130692,28.1787,13.2288,0.228618,-0.156345,5.33,6.27756,1.49638,-0.311827,2.07189,0.431016,2.07189,2.46823,2.38208,-0.310186,-0.310186,0.554213,2.93629,5.0835,-0.426214,0.141708,0.126634,24.7412,11.8824,0.567106,0.323768,3.53086,4.48665,0.651957,-1.7426,-8.03374,-0.337835,-4.18579,-0.39634,-0.310186,2.64261,2.28657,2.64261,2.67676,2.67676,-0.034149,-0.034149,-1.60032,1.07644,5.29422,-0.144501,0.0433752,0.0130892,28.1621,13.2128,0.228782,-0.156492,5.32512,6.27267,1.49584,-0.309709,2.17314,0.966293,2.17314,2.42568,2.39412,-0.220979,-0.220979,0.037636,2.43176,5.23138,-0.392087,0.0793918,0.0699677,25.7151,12.6649,0.488579,0.216641,3.73613,4.6902,0.845478,-1.38133,-7.82847,-0.134286,-3.98138,-0.252542,-0.220979,2.64166,2.29669,2.64166,2.68026,2.68026,-0.0385957,-0.0385957,-1.61244,1.06782,5.2867,-0.143759,0.0442644,0.0131687,28.0964,13.1493,0.229437,-0.157079,5.30576,6.25325,1.49369,-0.301295
2018Q4,1.89406,-0.34783,1.89406,2.35753,2.34461,-0.450545,-0.450545,0.850212,3.19482,4.9493,-0.432371,0.129865,0.238687,22.6077,10.8626,0.423783,0.098474,2.12011,5.26935,1.61706,-0.195034,-5.15155,-0.647128,-2.89934,-0.463469,-0.450545,2.72456,1.72799,2.72456,2.72292,2.72292,0.00163398,0.00163398,-1.3402,1.38272,5.18701,-0.221977,0.067707,0.130692,24.5013,12.0129,0.0514589,-0.408091,2.57308,5.72307,2.52129,1.0101,1.87881,-0.307931,1.87881,2.33875,2.32509,-0.446279,-0.446279,0.735321,3.06041,4.97087,-0.414563,0.120045,0.228428,22.1353,10.7758,0.401356,0.0685768,2.11226,5.26154,1.59919,-0.171315,-5.1594,-0.654942,-2.90717,-0.459941,-0.446279,2.72525,1.73113,2.72525,2.72392,2.72392,0.00132592,0.00132592,-1.34299,1.38094,5.1848,-0.222164,0.0681244,0.130892,24.4832,11.9981,0.0517665,-0.40803,2.56908,5.71909,2.51983,1.01086,2.08537,0.342497,2.08537,2.38389,2.38009,-0.294725,-0.294725,0.22421,2.6043,5.11967,-0.396202,0.0950259,0.164346,22.491,11.0004,0.297362,-0.0678392,1.98957,5.13906,1.78146,0.0802282,-5.28209,-0.777421,-3.02975,-0.298522,-0.294725,2.72801,1.7436,2.72801,2.72791,2.72791,0.000102234,0.000102234,-1.35404,1.37387,5.176,-0.222906,0.0697823,0.131687,24.4113,11.9394,0.0529881,-0.407788,2.55319,5.7033,2.51405,1.01391
2019Q1,2.04587,-0.355242,2.04587,2.20099,2.18377,-0.137905,-0.137905,1.56857,3.75382,5.01884,-0.140579,-0.282558,0.274679,22.3607,17.1948,0.338296,-0.0273032,1.81917,9.74645,1.97767,0.416499,1.98616,5.07312,3.52964,-0.155124,-0.137905,2.29357,0.0658831,2.29357,2.40414,2.40414,-0.110569,-0.110569,0.383238,2.78738,5.37873,0.224614,-0.332161,0.252994,24.5666,18.5039,-0.0307215,-0.51885,2.75284,10.6743,2.44012,0.433156,2.04936,-0.369545,2.04936,2.21777,2.20297,-0.153605,-0.153605,1.56708,3.7717,5.00095,-0.143118,-0.277807,0.278288,22.2128,16.6955,0.341454,-0.0252945,1.8277,9.75488,1.99504,0.412582,1.99469,5.08155,3.53812,-0.168406,-0.153605,2.28724,0.05733,2.28724,2.41447,2.41447,-0.127235,-0.127235,0.379398,2.79387,5.35064,0.218156,-0.329267,0.253408,24.3445,18.1736,-0.0256664,-0.516204,2.72052,10.6421,2.41389,0.405905,2.09936,-0.156409,2.09936,2.19614,2.19059,-0.0912305,-0.0912305,1.09242,3.28441,5.19621,-0.0863623,-0.310987,0.23038,22.9089,17.4528,0.208851,-0.20008,1.95987,9.88585,1.98322,0.332135,2.12686,5.21252,3.66969,-0.0967854,-0.0912305,2.28463,0.0538169,2.28463,2.41871,2.41871,-0.134081,-0.134081,0.377821,2.79653,5.33911,0.215504,-0.328078,0.253578,24.2533,18.0379,-0.0235901,-0.515117,2.70725,10.6289,2.40311,0.394712
2019Q2,2.13614,-0.150125,2.13614,2.1904,2.12885,0.00729263,0.00729263,1.91692,4.04136,4.74828,-0.255257,-0.356681,0.322036,24.0549,10.2566,0.359908,0.0221759,1.1711,7.05746,2.45483,1.42337,2.15268,3.34301,2.74784,-0.054254,0.00729263,1.92993,-0.322684,1.92993,2.25077,2.25077,-0.320847,-0.320847,0.856767,3.10754,4.97698,-0.175391,-0.351459,0.391775,29.2179,14.9551,0.0240247,-0.437614,2.18118,8.05345,2.3266,0.50536,2.13322,-0.167309,2.13322,2.20474,2.14873,-0.0155031,-0.0155031,1.92229,4.06693,4.72845,-0.258914,-0.353675,0.331019,23.9187,10.2608,0.360392,0.0190205,1.19975,7.08561,2.45269,1.38137,2.18133,3.37116,2.77624,-0.0715177,-0.0155031,1.91842,-0.323045,1.91842,2.25528,2.25528,-0.336867,-0.336867,0.862322,3.11761,4.9476,-0.181848,-0.350037,0.394451,29.0584,14.8724,0.0295924,-0.434277,2.17127,8.04332,2.30679,0.478089,2.01534,-0.184929,2.01534,2.11606,2.09488,-0.0795392,-0.0795392,1.48514,3.57566,4.89256,-0.240155,-0.366058,0.313912,25.4815,11.2366,0.251186,-0.124045,1.46943,7.35222,2.31653,1.08682,2.45101,3.63777,3.04439,-0.100721,-0.0795392,1.91369,-0.323194,1.91369,2.25714,2.25714,-0.343447,-0.343447,0.864604,3.12174,4.93554,-0.184501,-0.349453,0.39555,28.9929,14.8385,0.0318792,-0.432907,2.1672,8.03917,2.29866,0.466888
2019Q3,2.5532,0.472539,2.5532,1.78731,1.66747,0.885721,0.885721,2.56256,4.22261,5.04527,-0.0402931,-0.73934,0.299009,11.1835,-13.4319,0.309493,-0.0583583,1.23503,5.75755,3.26123,2.62565,1.13751,4.80766,2.97259,0.765887,0.885721,2.15862,-0.487098,2.15862,1.56612,1.56612,0.592499,0.592499,2.0107,3.57682,5.47437,0.155327,-0.622878,0.507967,12.7015,-15.6777,0.0250256,-0.434207,2.62878,7.14664,3.38087,1.87793,2.54056,0.420941,2.54056,1.79317,1.6826,0.857964,0.857964,2.57956,4.25508,5.02986,-0.0441427,-0.736536,0.313759,11.1352,-13.3566,0.313467,-0.0547879,1.28745,5.81004,3.26342,2.59705,1.18993,4.86016,3.02505,0.747396,0.857964,2.1401,-0.502746,2.1401,1.5673,1.5673,0.572799,0.572799,2.02847,3.59577,5.44305,0.146933,-0.621296,0.512837,12.7274,-15.4513,0.0321749,-0.428634,2.6324,7.15061,3.37992,1.88354,2.34201,0.168865,2.34201,1.60069,1.55847,0.783534,0.783534,2.29793,3.84854,5.22134,-0.0100409,-0.705911,0.355987,10.8299,-14.8852,0.201162,-0.203442,1.69937,6.22111,3.20637,2.3609,1.60185,5.27122,3.43654,0.741317,0.783534,2.13249,-0.509172,2.13249,1.56778,1.56778,0.564708,0.564708,2.03577,3.60356,5.43019,0.143485,-0.620646,0.514837,12.738,-15.3584,0.0351114,-0.426345,2.63389,7.15225,3.37953,1.88585
2019Q4,1.94222,0.0865741,1.94222,2.01912,1.74834,0.193881,0.193881,2.40329,4.14902,5.14182,0.172519,-0.641072,0.198572,15.4912,-6.91276,0.234581,-0.164078,1.8492,4.87288,3.05269,1.46378,8.80725,10.8089,9.80805,-0.0769003,0.193881,1.16265,-1.5535,1.16265,1.63971,1.63971,-0.477067,-0.477067,1.80554,3.44525,5.61119,0.397384,-0.569707,0.506541,16.0168,-8.70379,-0.0975865,-0.606159,3.91217,6.93947,2.99135,0.452445,1.92449,0.0304322,1.92449,2.01185,1.7606,0.163892,0.163892,2.42144,4.17963,5.1264,0.177099,-0.639707,0.21529,15.2423,-7.36536,0.235853,-0.164852,1.92066,4.94416,3.06698,1.44992,8.87871,10.8801,9.87943,-0.087353,0.163892,1.13595,-1.5886,1.13595,1.6385,1.6385,-0.502548,-0.502548,1.8235,3.462,5.58246,0.395446,-0.568917,0.511384,16.0045,-8.49683,-0.0922309,-0.603188,3.92673,6.95357,3.01976,0.498472,1.59905,-0.486321,1.59905,1.71657,1.62395,-0.0248987,-0.0248987,2.12664,3.74693,5.33628,0.21661,-0.624764,0.301744,15.9729,-6.51815,0.109149,-0.329409,2.52102,5.54513,2.95828,1.17681,9.47907,11.4811,10.4801,-0.117521,-0.0248987,1.12499,-1.60302,1.12499,1.638,1.638,-0.513015,-0.513015,1.83088,3.46888,5.57065,0.394651,-0.568593,0.513373,15.9995,-8.41183,-0.0900312,-0.601968,3.93271,6.95936,3.03143,0.517377
2020Q1,2.91487,0.858053,2.91487,1.88403,1.5339,1.38097,1.38097,3.53416,5.06806,5.14356,0.0634802,-0.469436,0.135346,24.2471,1.4476,0.0177583,-0.450157,2.59945,5.58531,3.12483,1.10485,11.03,11.6091,11.3195,1.03084,1.38097,2.39044,0.0770595,2.39044,1.09204,1.09204,1.2984,1.2984,3.56732,4.65937,5.57912,0.112602,-0.442392,0.401248,27.0822,1.8213,-0.344937,-0.938659,4.58543,7.5737,2.69788,0.175771,2.93314,0.887268,2.93314,1.88318,1.54635,1.38678,1.38678,3.6134,5.15975,5.06935,0.0505104,-0.470956,0.145872,23.9776,1.61684,0.0227906,-0.451804,2.69693,5.68381,3.15545,1.17778,11.1274,11.7076,11.4175,1.04995,1.38678,2.39696,0.103387,2.39696,1.09857,1.09857,1.29839,1.29839,3.67124,4.76981,5.46913,0.0904017,-0.445374,0.41029,26.732,2.1654,-0.341966,-0.949023,4.73062,7.72068,2.73868,0.298562,2.62215,0.522796,2.62215,1.44928,1.33273,1.28942,1.28942,3.47684,4.80957,5.25143,0.0552176,-0.469586,0.23608,25.1784,2.2695,-0.110946,-0.634486,3.26014,6.24831,2.98466,1.00144,11.6907,12.2721,11.9814,1.17287,1.28942,2.3999,0.115271,2.3999,1.10152,1.10152,1.29838,1.29838,3.71815,4.81967,5.41949,0.0803813,-0.44672,0.414371,26.574,2.32071,-0.340625,-0.953702,4.79616,7.78702,2.7571,0.353986
2020Q2,3.84658,1.69324,3.84658,1.24043,0.847977,2.99861,2.99861,3.36333,4.21131,6.17493,1.36279,-0.536577,-0.456645,5.44238,-18.9408,-0.758792,-1.41431,4.6183,6.75023,2.90317,0.416496,0.849422,4.49225,2.67083,2.60615,2.99861,3.7419,1.776,3.7419,0.57497,0.57497,3.16693,3.16693,2.32244,2.89741,6.70095,1.63214,-0.611835,-0.317515,11.2694,-18.447,-0.775275,-1.53695,6.27608,8.44052,3.4359,1.04739,3.88106,1.74492,3.88106,1.25239,0.875796,3.00527,3.00527,3.4092,4.285,6.09689,1.3486,-0.551815,-0.476287,5.74317,-18.3117,-0.756911,-1.41693,4.84232,6.97422,2.94967,0.494834,1.07344,4.71624,2.89484,2.62867,3.00527,3.77155,1.84162,3.77155,0.604099,0.604099,3.16745,3.16745,2.36901,2.97311,6.58188,1.6049,-0.634166,-0.353098,11.558,-17.6599,-0.774718,-1.5499,6.64582,8.80973,3.49452,1.16792,3.66627,1.65094,3.66627,0.811553,0.68227,2.984,2.984,2.93525,3.61752,6.29692,1.40436,-0.562876,-0.372432,6.20118,-19.2803,-0.782338,-1.50844,5.06345,7.20284,3.00669,0.690168,1.29457,4.94486,3.11971,2.85472,2.984,3.78493,1.87124,3.78493,0.617247,0.617247,3.16769,3.16769,2.39003,3.00728,6.52813,1.5926,-0.644245,-0.36916,11.6883,-17.3046,-0.774467,-1.55574,6.81271,8.97638,3.52098,1.22233
2020Q3,2.47624,-0.105422,2.47624,1.63425,1.24861,1.22763,1.22763,1.35495,2.60357,6.76439,1.65321,-0.181908,-0.58454,11.3752,0.29285,-0.297016,-0.777572,2.46597,-2.57932,2.05984,-1.19764,0.472558,-0.759413,-0.143427,0.841988,1.22763,2.47619,0.259687,2.47619,1.04871,1.04871,1.42749,1.42749,0.358482,1.40719,7.44923,1.87698,-0.245504,-0.487626,11.9456,-0.675184,-0.468364,-1.05128,2.38829,-2.63474,2.96325,-0.420601,2.52752,-0.0256738,2.52752,1.64563,1.27555,1.25197,1.25197,1.32977,2.60532,6.68678,1.64151,-0.196713,-0.612168,11.654,0.470451,-0.318315,-0.813947,2.6377,-2.4084,2.08315,-1.17808,0.644293,-0.588485,0.0279041,0.881891,1.25197,2.54413,0.385505,2.54413,1.07856,1.07856,1.46557,1.46557,0.312201,1.39076,7.33319,1.85882,-0.267229,-0.533876,12.4229,-0.278614,-0.504622,-1.11587,2.7161,-2.30871,2.98459,-0.396285,2.44071,0.0987041,2.44071,1.24019,1.11379,1.32692,1.32692,1.00921,2.12299,6.93285,1.71152,-0.2048,-0.515866,11.9022,1.07223,-0.380275,-0.929849,2.38048,-2.66106,2.24021,-0.966159,0.387069,-0.841148,-0.227039,1.20052,1.32692,2.57479,0.442296,2.57479,1.09203,1.09203,1.48275,1.48275,0.291311,1.38334,7.28081,1.85062,-0.277036,-0.554752,12.6384,-0.0996125,-0.520988,-1.14503,2.86406,-2.16154,2.99423,-0.385309
2020Q4,2.01181,0.0272912,2.01181,1.33205,0.961454,1.05036,1.05036,3.08785,4.0493,6.51759,1.31393,-0.289631,-0.597796,7.92672,-7.62977,-0.351371,-0.793044,2.01368,-5.38931,1.64111,-1.34744,-4.03217,1.57573,-1.22822,0.679762,1.05036,2.39924,1.15316,2.39924,0.799261,0.799261,1.59998,1.59998,1.84806,2.64733,7.09637,1.39537,-0.279087,-0.594916,8.80103,-7.2541,-0.377104,-0.890488,1.23211,-6.14045,2.70307,-0.199468,2.07037,0.128151,2.07037,1.34256,0.986884,1.08349,1.08349,3.11077,4.09765,6.44428,1.30246,-0.301933,-0.630798,8.30079,-7.19039,-0.377174,-0.834489,2.16884,-5.23456,1.59923,-1.45347,-3.87701,1.73048,-1.07326,0.727817,1.08349,2.48292,1.32027,2.48292,0.829181,0.829181,1.65373,1.65373,1.85183,2.68101,6.98537,1.37418,-0.298065,-0.647893,9.41556,-6.60122,-0.418367,-0.960718,1.53394,-5.83979,2.62995,-0.361402,2.12663,0.527581,2.12663,0.970449,0.849379,1.27725,1.27725,2.55705,3.40643,6.64922,1.31294,-0.298456,-0.566277,8.79618,-7.1767,-0.386388,-0.889715,1.67949,-5.71715,1.82103,-1.13725,-4.36636,1.24789,-1.55923,1.15618,1.27725,2.52069,1.3957,2.52069,0.842686,0.842686,1.678,1.678,1.85353,2.69622,6.93527,1.36461,-0.306632,-0.671806,9.69294,-6.30653,-0.436992,-0.992418,1.67018,-5.70408,2.59695,-0.434494
2021Q1,0.438239,-2.46784,0.438239,2.18372,1.87421,-1.43597,-1.43597,1.39382,3.26803,6.56654,1.45303,0.0612557,-0.647951,13.4396,-10.6988,-0.00318421,-0.285197,-0.569094,-9.52445,0.920831,-2.20942,-4.68632,6.54595,0.929815,-1.74548,-1.43597,0.636944,-1.75722,0.636944,2.18936,2.18936,-1.55241,-1.55241,0.473191,2.66255,7.08292,1.5666,0.150579,-0.658946,13.9509,-12.9313,0.0445595,-0.280143,-3.54806,-12.501,1.99329,-0.727894,0.438381,-2.47649,0.438381,2.07197,1.86667,-1.42828,-1.42828,1.40658,3.27325,6.60549,1.46193,0.0647036,-0.620852,13.3451,-10.902,0.0110812,-0.259427,-1.02718,-9.98161,0.935339,-2.18949,-5.14441,6.08879,0.472187,-1.63359,-1.42828,0.632094,-1.75835,0.632094,2.16662,2.16662,-1.53452,-1.53452,0.490109,2.65673,7.15725,1.57813,0.154863,-0.635757,13.7798,-13.3024,0.0723811,-0.23385,-3.60696,-12.5585,2.00971,-0.688171,0.486441,-2.13571,0.486441,1.98726,1.92288,-1.43644,-1.43644,1.02721,2.95009,6.70439,1.45297,0.0780246,-0.582945,13.6051,-11.5734,0.00870885,-0.310519,-1.89845,-10.8546,1.18368,-1.80098,-6.01568,5.21583,-0.399929,-1.50082,-1.43644,0.644422,-1.75548,0.644422,2.22441,2.22441,-1.57999,-1.57999,0.44711,2.67152,6.96832,1.54883,0.143973,-0.694696,14.2148,-12.3592,0.00166743,-0.351512,-3.45726,-12.4124,1.96797,-0.789134
2021Q2,-0.672606,-4.51465,-0.672606,2.69144,2.35994,-3.03254,-3.03254,0.590505,2.95044,6.42043,0.280059,0.477564,-0.0851537,24.4933,19.0468,0.62567,0.542419,-3.43219,-12.5978,1.55179,-1.35873,8.06211,18.0045,13.0333,-3.36405,-3.03254,-1.12545,-4.88428,-1.12545,2.28756,2.28756,-3.41301,-3.41301,0.790016,3.07758,7.0996,0.466639,0.636977,-0.0504482,27.4333,15.9991,0.581466,0.468136,-6.90286,-16.107,1.71482,-1.75455,-0.672182,-4.51876,-0.672182,2.57163,2.35173,-3.02391,-3.02391,0.595059,2.94678,6.46042,0.285488,0.475486,-0.0792019,24.5285,19.0861,0.639489,0.566921,-3.82524,-12.9928,1.5637,-1.33947,7.66906,17.6095,12.6393,-3.24381,-3.02391,-1.11509,-4.85698,-1.11509,2.27012,2.27012,-3.3852,-3.3852,0.801501,3.07162,7.1722,0.471249,0.629726,-0.0487043,27.4414,16.1719,0.61095,0.51696,-6.83643,-16.0404,1.73651,-1.69939,-0.734061,-4.40033,-0.734061,2.40846,2.33781,-3.07187,-3.07187,0.65104,2.98885,6.58229,0.285371,0.511333,-0.058571,25.2617,19.0605,0.61104,0.506956,-4.74308,-13.9199,1.62402,-1.38267,6.75122,16.6824,11.7168,-3.14252,-3.07187,-1.14143,-4.92636,-1.14143,2.31445,2.31445,-3.45589,-3.45589,0.772312,3.08677,6.98767,0.459533,0.648155,-0.0531366,27.4209,15.7326,0.53601,0.392864,-7.00529,-16.2097,1.68139,-1.83959
2021Q3,0.0642017,-2.42641,0.0642017,3.04877,2.8196,-2.7554,-2.7554,0.969901,3.7895,5.89644,-0.834583,0.417173,0.0520721,31.7123,20.1763,0.755703,0.706732,-1.53799,-2.36014,2.92034,0.865292,7.91855,25.9793,16.9489,-2.98457,-2.7554,-0.974074,-3.48906,-0.974074,2.70156,2.70156,-3.67563,-3.67563,0.479039,3.1806,6.53289,-0.850078,0.449491,0.00947131,35.5331,23.315,0.714281,0.628175,-2.45312,-3.29941,2.8865,-0.0889391,0.0840872,-2.39215,0.0840872,2.96219,2.80989,-2.7258,-2.7258,0.979507,3.78939,5.9398,-0.824591,0.414846,0.0543166,31.7852,20.41,0.763359,0.722257,-1.6167,-2.44045,2.91574,0.855901,7.83984,25.8989,16.8694,-2.8781,-2.7258,-0.935821,-3.41201,-0.935821,2.67601,2.67601,-3.61183,-3.61183,0.490069,3.16608,6.61241,-0.836825,0.442673,0.00914392,35.5723,23.6267,0.733642,0.662392,-2.42499,-3.27188,2.88066,-0.0825952,-0.235037,-2.67575,-0.235037,2.82787,2.77844,-3.01348,-3.01348,0.790428,3.56887,6.04156,-0.89129,0.412884,0.0374575,32.2798,20.3777,0.756093,0.69206,-1.78476,-2.61319,2.9567,0.716484,7.67178,25.7262,16.699,-3.0629,-3.01348,-1.03305,-3.60784,-1.03305,2.74094,2.74094,-3.77399,-3.77399,0.462033,3.20297,6.4103,-0.87051,0.460003,0.00997604,35.4727,22.8344,0.684433,0.575423,-2.49647,-3.34185,2.89551,-0.0987194
2021Q4,0.919688,-1.11149,0.919688,4.27353,4.2013,-3.28161,-3.28161,-1.50232,2.69898,5.4311,-1.05425,0.67767,0.295178,47.5678,39.4095,0.287424,0.0669535,-3.05684,1.09782,5.06738,3.45939,14.4186,25.5008,19.9597,-3.35384,-3.28161,-0.48377,-2.93079,-0.48377,3.90079,3.90079,-4.38456,-4.38456,-1.83339,2.0674,5.94956,-1.08343,0.571574,0.143967,50.4812,41.3293,0.43023,0.214759,-4.50998,-0.374347,4.86567,2.20435,0.947816,-1.06399,0.947816,4.24213,4.19381,-3.24599,-3.24599,-1.49229,2.70151,5.47443,-1.04316,0.672804,0.307405,47.8335,39.9068,0.29104,0.0775956,-3.03672,1.11634,5.03657,3.39547,14.4387,25.5193,19.979,-3.29431,-3.24599,-0.429602,-2.82884,-0.429602,3.8789,3.8789,-4.30851,-4.30851,-1.80453,2.07438,6.02965,-1.06672,0.561135,0.138991,50.8679,42.0668,0.43957,0.234344,-4.40388,-0.269309,4.81744,2.11437,0.524716,-1.60191,0.524716,4.13615,4.119,-3.59428,-3.59428,-1.5566,2.56239,5.54666,-1.10256,0.634079,0.2249,47.7451,38.9489,0.347409,0.108733,-3.34493,0.805386,5.10374,3.2827,14.1305,25.2084,19.6694,-3.61144,-3.59428,-0.567279,-3.08797,-0.567279,3.93452,3.93452,-4.5018,-4.5018,-1.87789,2.05664,5.82608,-1.10919,0.587669,0.151639,49.8851,40.1922,0.415831,0.184564,-4.67355,-0.536281,4.94002,2.34307
2022Q1,3.82801,3.38977,3.82801,5.51318,5.43629,-1.60828,-1.60828,-2.6162,2.82009,5.08195,-1.48459,0.858518,0.561985,64.1767,50.7371,-0.60502,-1.18109,-0.818268,6.30986,8.94725,8.02642,23.9944,28.9045,26.4494,-1.68517,-1.60828,1.90463,1.26768,1.90463,4.16048,4.16048,-2.25585,-2.25585,-2.19836,1.96212,5.44958,-1.63334,0.646943,0.259108,65.8479,51.8969,-0.573102,-1.20249,0.13673,7.25385,8.14929,6.156,3.82801,3.38977,3.82801,5.51318,5.43629,-1.60828,-1.60828,-2.6162,2.82009,5.08195,-1.48459,0.858518,0.561985,64.1767,50.7371,-0.60502,-1.18109,-0.818268,6.30986,8.94725,8.02642,23.9944,28.9045,26.4494,-1.68517,-1.60828,1.90463,1.26768,1.90463,4.16048,4.16048,-2.25585,-2.25585,-2.19836,1.96212,5.44958,-1.63334,0.646943,0.259108,65.8479,51.8969,-0.573102,-1.20249,0.13673,7.25385,8.14929,6.156,3.26945,2.78301,3.26945,5.01653,4.99011,-1.72066,-1.72066,-2.31207,2.67803,5.16534,-1.53905,0.788548,0.425364,64.7797,51.1746,-0.571969,-1.19272,-0.341743,6.78406,8.78224,7.59857,24.471,29.3787,26.9248,-1.74708,-1.72066,1.81912,1.1747,1.81912,4.14004,4.14004,-2.32092,-2.32092,-2.18087,1.95917,5.33143,-1.6369,0.662396,0.272916,65.2536,51.0388,-0.567737,-1.20278,-0.0454903,7.07286,8.17962,6.21166
2022Q2,8.45132,9.12393,8.45132,7.99565,8.11252,0.338796,0.338796,-5.06471,3.04781,4.99527,-1.42516,1.67906,0.896714,67.127,42.6337,-1.81731,-2.72502,-0.397444,12.0207,15.1054,13.5536,30.0419,35.0641,32.553,0.455665,0.338796,5.83691,6.96236,5.83691,6.43797,6.43797,-0.60106,-0.60106,-4.38652,2.05146,5.41623,-1.68337,1.34148,0.474267,64.3626,36.9293,-1.70761,-2.69499,1.27947,13.7399,13.6059,11.8911,8.45132,9.12393,8.45132,7.99565,8.11252,0.338796,0.338796,-5.06471,3.04781,4.99527,-1.42516,1.67906,0.896714,67.127,42.6337,-1.81731,-2.72502,-0.397444,12.0207,15.1054,13.5536,30.0419,35.0641,32.553,0.455665,0.338796,5.83691,6.96236,5.83691,6.43797,6.43797,-0.60106,-0.60106,-4.38652,2.05146,5.41623,-1.68337,1.34148,0.474267,64.3626,36.9293,-1.70761,-2.69499,1.27947,13.7399,13.6059,11.8911,7.61865,8.35271,7.61865,7.50334,7.51446,0.104195,0.104195,-4.71122,2.80324,5.06995,-1.51234,1.55663,0.691623,66.7929,41.5312,-1.80342,-2.7847,0.538427,12.9702,14.5816,12.9576,30.9777,36.0136,33.4957,0.115315,0.104195,5.71258,6.85401,5.71258,6.39865,6.39865,-0.686071,-0.686071,-4.38982,2.00883,5.29452,-1.69314,1.34285,0.491082,63.2451,35.8242,-1.69388,-2.68276,1.17596,13.6388,13.5217,11.8403
2022Q3,14.0436,13.9579,14.0436,9.78407,9.78407,4.25951,4.25951,-5.64894,4.13514,4.97678,-0.927619,2.03018,1.71153,58.3375,26.6076,-2.7109,-3.59255,0.255334,16.0141,19.3464,16.4742,34.0936,25.0612,29.5774,4.25951,4.25951,11.8819,12.852,11.8819,7.88133,7.88133,4.00054,4.00054,-4.17017,3.71116,5.15647,-1.38462,1.73761,1.17679,57.4602,21.923,-2.90981,-3.96611,0.756722,16.5232,17.856,14.9701,13.9283,13.8641,13.9283,9.42786,9.74405,4.18423,4.18423,-5.53081,4.21324,4.95157,-0.944868,2.0376,1.66947,57.8747,26.1625,-2.72211,-3.6048,-0.635051,15.1229,19.3231,16.4028,33.2032,24.17,28.6866,4.50042,4.18423,11.8757,12.8498,11.8757,7.87632,7.87632,3.9994,3.9994,-4.16231,3.71401,5.14963,-1.38326,1.73828,1.17797,57.4142,21.881,-2.90746,-3.96387,0.744747,16.5113,17.8536,14.9671,13.2513,13.4863,13.2513,9.0191,9.07068,4.18061,4.18061,-5.01469,4.05599,5.02745,-1.01411,1.95194,1.4347,58.0313,25.7515,-2.77193,-3.7396,0.198087,15.9592,18.8366,15.88,34.0364,25.0063,29.5214,4.23219,4.18061,11.7837,12.8167,11.7837,7.8014,7.8014,3.98227,3.98227,-4.04477,3.75663,5.04747,-1.36282,1.7482,1.19558,56.7257,21.253,-2.87239,-3.9304,0.565686,16.3334,17.8179,14.9225
2022Q4,16.6727,15.7389,16.6727,10.353,10.353,6.31968,6.31968,-5.9099,4.44314,5.10491,-0.336671,2.15836,2.46098,51.3894,3.8168,-2.95476,-3.58311,3.16039,14.6161,20.43,15.4442,30.8367,15.4344,23.1355,6.31968,6.31968,14.0458,14.5239,14.0458,8.69145,8.69145,5.35431,5.35431,-4.45403,4.23742,5.40708,-0.550731,1.71049,2.08399,51.5025,0.98138,-3.30403,-4.07039,5.90753,17.3901,18.6665,13.8058,16.5286,15.6089,16.5286,9.8484,10.317,6.21161,6.21161,-5.81683,4.50014,5.08557,-0.345526,2.15225,2.41078,51.1952,3.62745,-2.97005,-3.59861,2.69127,14.144,20.3455,15.2782,30.3676,14.9623,22.6649,6.68017,6.21161,14.0365,14.5203,14.0365,8.68344,8.68344,5.35306,5.35306,-4.44157,4.24187,5.3996,-0.549959,1.71017,2.08425,51.447,0.965814,-3.30167,-4.06867,5.90118,17.3838,18.6635,13.7979,15.5972,15.0725,15.5972,9.60082,9.6856,5.91158,5.91158,-5.22032,4.46528,5.16717,-0.379497,2.04409,2.29423,50.0832,2.33818,-3.05911,-3.75993,3.7689,15.2303,19.7764,14.6727,31.4452,16.0486,23.7469,5.99636,5.91158,13.8981,14.4653,13.8981,8.56367,8.56367,5.3344,5.3344,-4.25534,4.30833,5.28767,-0.53841,1.70546,2.08813,50.6182,0.733069,-3.26643,-4.04301,5.80628,17.2891,18.6196,13.6795
2023Q1,16.732,12.7478,16.732,10.1371,10.1371,6.59492,6.59492,-5.9726,4.16447,5.17701,0.0858831,1.61889,2.78086,30.691,-33.8207,-2.37632,-2.77675,4.30549,8.80919,19.317,10.3944,17.6555,-2.66661,7.49444,6.59492,6.59492,14.2563,12.3407,14.2563,8.61555,8.61555,5.64073,5.64073,-5.6058,3.00975,5.5122,0.0474482,1.24588,2.50346,36.318,-29.6063,-3.02549,-3.51814,8.32119,12.8188,18.407,10.2616,16.4831,12.6551,16.4831,9.60367,10.0353,6.44781,6.44781,-5.89177,4.14356,5.16256,0.0806102,1.57632,2.71379,31.1971,-32.9796,-2.43682,-2.84186,4.66097,9.16508,19.171,10.2238,18.011,-2.31072,7.85013,6.87947,6.44781,14.2235,12.3189,14.2235,8.60043,8.60043,5.62311,5.62311,-5.58966,3.01077,5.49965,0.0500734,1.24294,2.50176,36.2995,-29.5484,-3.02279,-3.51714,8.33306,12.8308,18.4031,10.2538,15.5547,12.2852,15.5547,9.25142,9.32662,6.22804,6.22804,-5.53565,3.79097,5.25637,0.0910312,1.51174,2.68952,32.1729,-32.6068,-2.58137,-3.03767,5.61227,10.1154,18.8535,10.0713,18.9623,-1.36035,8.80096,6.30325,6.22804,13.9688,12.1497,13.9688,8.48278,8.48278,5.48603,5.48603,-5.46404,3.01873,5.40193,0.0705057,1.2201,2.48854,36.1556,-29.098,-3.0018,-3.50933,8.42542,12.9245,18.3727,10.1931
2023Q2,13.4223,4.72231,13.4223,8.09517,8.09517,5.32709,5.32709,-2.52636,5.56881,5.17118,0.175855,0.723017,2.9738,10.3347,-57.7614,-1.83732,-2.11209,6.10362,3.83495,12.3535,-2.79031,5.33429,-19.186,-6.92588,5.32709,5.32709,12.974,7.12114,12.974,7.8128,7.8128,5.16123,5.16123,-2.95909,4.85371,5.41398,-0.0178854,0.612321,2.79049,21.7739,-42.7323,-2.43408,-2.76597,12.0294,9.70766,12.934,-0.682763,13.4106,4.95933,13.4106,7.71562,8.10256,5.30808,5.30808,-2.51869,5.58388,5.14564,0.150368,0.691355,2.83757,11.6427,-55.4843,-1.89295,-2.17018,6.83038,4.56442,12.3029,-2.80244,6.06105,-18.4566,-6.19776,5.69502,5.30808,12.9667,7.12983,12.9667,7.80214,7.80214,5.1646,5.1646,-2.9404,4.86174,5.3996,-0.0166299,0.611806,2.7879,21.8693,-42.4933,-2.43415,-2.76767,12.0503,9.7283,12.9461,-0.659798,13.1253,5.50664,13.1253,7.6154,7.68783,5.43746,5.43746,-2.36811,5.31973,5.22187,0.151919,0.711285,2.93564,14.0384,-52.7546,-2.01694,-2.33157,8.03882,5.75593,12.5676,-2.01403,7.26949,-17.2651,-4.99779,5.50989,5.43746,12.9101,7.19752,12.9101,7.7192,7.7192,5.1909,5.1909,-2.79495,4.92425,5.28767,-0.00685802,0.607793,2.76772,22.612,-40.6331,-2.43473,-2.7809,12.2123,9.88895,13.0406,-0.481057
2023Q3,8.3774,-5.7793,8.3774,5.97498,5.97498,2.40242,2.40242,-0.303851,5.67113,5.3968,0.417019,0.717334,2.61279,9.12118,-49.3113,-1.83489,-2.04091,6.00039,-1.75855,5.97329,-13.4493,-0.44309,-14.4562,-7.44962,2.40242,2.40242,8.65623,-3.23132,8.65623,5.9421,5.9421,2.71413,2.71413,-1.02361,4.91849,5.6972,0.534444,0.768787,2.6381,17.3401,-40.1625,-2.53329,-2.75527,11.3559,3.60267,6.99895,-10.8592,8.39289,-5.6507,8.39289,5.97932,5.97932,2.41357,2.41357,-0.344935,5.63438,5.39913,0.422345,0.717694,2.60906,9.53913,-48.7984,-1.86949,-2.07645,6.27198,-1.4867,6.02721,-13.3192,-0.1715,-14.1843,-7.1779,2.41357,2.41357,8.65538,-3.22649,8.65538,5.93718,5.93718,2.7182,2.7182,-1.0157,4.92148,5.69036,0.533897,0.768083,2.63721,17.3696,-40.0906,-2.53282,-2.75553,11.3597,3.60645,7.00128,-10.8547,8.38168,-4.86962,8.38168,5.68273,5.67007,2.71161,2.71161,-0.230858,5.43921,5.47124,0.443782,0.748379,2.66135,11.8556,-46.1756,-2.0479,-2.28019,7.66371,-0.0944589,6.32276,-12.5139,1.22023,-12.7921,-5.78591,2.69895,2.71161,8.64074,-3.14293,8.64074,5.85198,5.85198,2.78876,2.78876,-0.878688,4.9733,5.57189,0.52442,0.755893,2.62184,17.8814,-38.8443,-2.52458,-2.75994,11.4261,3.67196,7.04171,-10.7762
2023Q4,5.53749,-11.2739,5.53749,4.53306,4.53306,1.00443,1.00443,0.986052,5.51912,5.63779,0.537493,0.215791,1.83936,11.2091,-40.157,-1.85119,-1.99783,4.42976,-0.868628,2.40086,-18.1221,-0.527095,-12.7192,-6.62316,1.00443,1.00443,7.34308,-6.71121,7.34308,4.89933,4.89933,2.44375,2.44375,-0.230498,4.66883,5.9142,0.500222,0.464193,1.91704,21.4137,-30.1398,-2.38544,-2.51879,8.0738,2.75578,4.27331,-14.3958,5.63151,-11.0412,5.63151,4.56014,4.56014,1.07137,1.07137,0.91685,5.47699,5.63969,0.53478,0.226752,1.83929,11.7383,-39.6511,-1.87676,-2.02284,4.6208,-0.678638,2.49803,-17.932,-0.336063,-12.5292,-6.43265,1.07137,1.07137,7.34712,-6.69864,7.34712,4.89765,4.89765,2.44947,2.44947,-0.227083,4.67057,5.9072,0.500112,0.463738,1.9168,21.4316,-30.0708,-2.38529,-2.51933,8.08481,2.76671,4.27786,-14.3886,6.15785,-9.43932,6.15785,4.36655,4.34644,1.81142,1.81142,0.899948,5.24638,5.72449,0.557324,0.301439,1.88195,14.6096,-35.4736,-2.01294,-2.17724,5.54821,0.243989,3.1037,-16.6727,0.591351,-11.6066,-5.50763,1.79131,1.81142,7.41717,-6.4809,7.41717,4.86868,4.86868,2.54849,2.54849,-0.167941,4.70074,5.78588,0.498217,0.455855,1.9127,21.7415,-28.8767,-2.38281,-2.52862,8.27551,2.95603,4.35672,-14.2628
2024Q1,1.9189,-14.7496,1.9189,3.43043,3.43043,-1.51153,-1.51153,2.00831,5.43874,5.79491,0.607485,0.0561719,1.19966,15.756,-15.1416,-1.13942,-1.25951,1.89356,0.730458,-0.0176709,-19.3164,0.950896,-8.9804,-4.01475,-1.51153,-1.51153,4.05766,-10.2178,4.05766,4.44683,4.44683,-0.389173,-0.389173,0.179897,4.62673,6.13963,0.620052,0.36476,1.48658,28.1453,-8.18351,-1.48161,-1.58405,2.27928,1.12936,1.9988,-16.4105,1.86924,-14.8627,1.86924,3.41008,3.41008,-1.54084,-1.54084,2.06098,5.47105,5.78177,0.604763,0.0479772,1.19115,15.4007,-15.2903,-1.1312,-1.251,1.89053,0.726987,-0.0591948,-19.3762,0.947875,-8.98387,-4.018,-1.54084,-1.54084,4.0691,-10.1872,4.0691,4.44634,4.44634,-0.377239,-0.377239,0.181859,4.6282,6.13098,0.618778,0.365897,1.48754,28.1157,-8.20229,-1.48373,-1.58682,2.28552,1.13541,2.00683,-16.4002,2.78888,-12.7658,2.78888,3.67133,3.64289,-0.854018,-0.854018,1.56322,5.20611,5.8901,0.633727,0.168445,1.30919,18.9848,-13.1881,-1.27806,-1.40985,1.82203,0.659815,0.704116,-18.1494,0.879374,-9.05105,-4.08584,-0.88245,-0.854018,4.24023,-9.72858,4.24023,4.43902,4.43902,-0.198793,-0.198793,0.211189,4.65021,6.00166,0.599731,0.382908,1.50192,27.6726,-8.48298,-1.5154,-1.62822,2.37889,1.22576,2.12681,-16.2459
2024Q2,1.32148,-12.082,1.32148,2.68989,2.68989,-1.36841,-1.36841,2.6452,5.33509,5.87773,0.698429,0.0291031,0.479343,18.4145,7.81044,-0.722753,-0.829062,0.600768,1.78506,0.0212785,-12.3432,2.6472,-2.32336,0.161917,-1.36841,-1.36841,3.11331,-9.86498,3.11331,3.18745,3.18745,-0.0741343,-0.0741343,1.50426,4.6917,6.22278,0.800356,0.156281,0.916295,30.9788,9.2609,-0.895212,-0.981485,-0.220007,0.9849,1.89258,-11.0343,1.27531,-12.147,1.27531,2.67856,2.67856,-1.40326,-1.40326,2.67746,5.35602,5.8644,0.693223,0.0261751,0.467201,18.0784,7.74373,-0.719054,-0.825148,0.624276,1.80802,-0.0249233,-12.3784,2.67071,-2.3004,0.185152,-1.40326,-1.40326,3.12258,-9.85144,3.12258,3.18684,3.18684,-0.0642557,-0.0642557,1.50782,4.69466,6.2142,0.800222,0.156936,0.917826,30.9554,9.18146,-0.898222,-0.985036,-0.222283,0.982599,1.89522,-11.0388,2.04885,-11.0764,2.04885,2.81017,2.76367,-0.714817,-0.714817,2.42677,5.19044,5.98663,0.764763,0.0777927,0.66123,20.9484,6.91,-0.843424,-0.958147,0.126095,1.31482,0.580416,-11.9872,2.17252,-2.7936,-0.310536,-0.761316,-0.714817,3.26117,-9.64893,3.26117,3.17772,3.17772,0.0834531,0.0834531,1.56119,4.73891,6.08588,0.798217,0.166731,0.940723,30.6055,7.99352,-0.943225,-1.03814,-0.256317,0.94819,1.9346,-11.106
2024Q3,1.69042,-6.68395,1.69042,2.20992,2.20992,-0.519496,-0.519496,3.12308,5.33299,5.96406,0.558483,-0.520298,-0.237656,15.6757,6.42811,-0.568473,-0.664182,0.62891,-0.326733,0.896175,-5.10388,7.54558,-0.514054,3.51576,-0.519496,-0.519496,2.72074,-5.93653,2.72074,2.39701,2.39701,0.323727,0.323727,2.5816,4.97861,6.27403,0.568445,-0.567028,0.240643,21.7041,4.40026,-0.651515,-0.724985,0.168098,-0.792424,2.26765,-4.72844,1.66102,-6.71638,1.66102,2.20889,2.20889,-0.547872,-0.547872,3.1394,5.3483,5.95095,0.554151,-0.517657,-0.250799,15.5083,6.3871,-0.566246,-0.661755,0.650028,-0.305522,0.866797,-5.1065,7.5667,-0.492843,3.53693,-0.547872,-0.547872,2.72725,-5.92898,2.72725,2.39854,2.39854,0.328713,0.328713,2.58419,4.98274,6.26498,0.567774,-0.566386,0.242099,21.734,4.39389,-0.65506,-0.729,0.179777,-0.780802,2.26896,-4.73,2.12791,-6.25376,2.12791,2.27684,2.23317,-0.105258,-0.105258,3.05137,5.28454,6.07004,0.598801,-0.523538,-0.0184689,17.2232,5.36761,-0.659108,-0.761515,0.487759,-0.469609,1.2832,-5.03956,7.40443,-0.65693,3.37375,-0.14893,-0.105258,2.82471,-5.81603,2.82471,2.42144,2.42144,0.403273,0.403273,2.62301,5.04445,6.12964,0.55775,-0.556797,0.263881,22.1801,4.29865,-0.708064,-0.789025,0.354416,-0.607028,2.28847,-4.75325
2024Q4,2.31611,-3.26001,2.31611,2.11699,2.11699,0.199121,0.199121,2.95131,5.0683,5.97577,0.325208,-0.360756,-0.862767,24.5907,13.1504,-0.596543,-0.688747,0.757817,1.54571,2.30187,-0.147455,4.53046,7.33245,5.93146,0.199121,0.199121,2.55089,-4.78724,2.55089,1.85306,1.85306,0.697828,0.697828,3.00274,4.85579,6.22278,0.3,-0.292019,-0.409396,29.7473,8.35553,-0.568794,-0.632212,0.578532,1.34875,3.32801,-0.939716,2.30073,-3.23676,2.30073,2.12767,2.12767,0.173063,0.173063,2.95179,5.07946,5.96407,0.326281,-0.360118,-0.874353,24.4824,13.2733,-0.595827,-0.687807,0.765142,1.55354,2.27214,-0.128716,4.53778,7.34028,5.93903,0.173063,0.173063,2.55608,-4.787,2.55608,1.85529,1.85529,0.700797,0.700797,3.00482,4.86011,6.2142,0.3,-0.290801,-0.406928,29.7483,8.33462,-0.571913,-0.635756,0.57978,1.35009,3.32381,-0.949503,2.48207,-3.67578,2.48207,2.10702,2.02846,0.453615,0.453615,3.02346,5.05192,6.07789,0.353401,-0.331022,-0.621971,25.5522,10.9426,-0.646618,-0.743919,0.600094,1.38491,2.49187,-0.611834,4.37273,7.17165,5.77219,0.375053,0.453615,2.63381,-4.78337,2.63381,1.88862,1.88862,0.74519,0.74519,3.03595,4.92457,6.08588,0.3,-0.272585,-0.370034,29.7634,8.02184,-0.618545,-0.68874,0.598432,1.37009,3.26087,-1.09585
2025Q1,4.23981,2.38434,4.23981,2.17734,2.17734,2.06246,2.06246,3.42629,5.60363,6.20953,0.376652,0.141809,-1.19246,28.9105,12.9405,-0.789038,-0.876597,0.497959,3.65499,2.77191,2.83771,2.10209,10.323,6.21255,2.06246,2.06246,4.83323,0.886627,4.83323,1.7848,1.7848,3.04844,3.04844,3.99236,5.77715,6.62097,0.397415,0.142893,-0.864139,38.2878,9.85489,-0.717312,-0.769915,0.743523,3.93281,3.25052,1.32958,4.27353,2.35463,4.27353,2.19397,2.19397,2.07956,2.07956,3.4454,5.63937,6.16846,0.373549,0.142955,-1.17194,28.6075,12.8515,-0.80178,-0.892896,0.522117,3.67875,2.71793,2.7356,2.12625,10.3468,6.2365,2.07956,2.07956,4.90346,0.845808,4.90346,1.82146,1.82146,3.082,3.082,4.03925,5.86071,6.52599,0.386356,0.147087,-0.832007,37.9833,9.83798,-0.73066,-0.78722,0.791518,3.98034,3.16977,1.17097,4.48047,1.6916,4.48047,2.14218,2.10227,2.3782,2.3782,3.62339,5.72567,6.29474,0.404637,0.143634,-0.971017,29.7876,10.8028,-0.836322,-0.931421,0.626763,3.79024,2.71484,2.01073,2.23089,10.4583,6.34457,2.3383,2.3782,5.01893,0.7787,5.01893,1.88174,1.88174,3.13719,3.13719,4.11635,5.99809,6.36984,0.368174,0.153984,-0.779179,37.4828,9.81017,-0.752607,-0.815671,0.870424,4.05849,3.03701,0.910199
2025Q2,3.99852,2.72968,3.99852,1.98907,1.98907,2.00945,2.00945,3.47682,5.46588,6.343,0.42877,0.0619963,-1.21421,25.774,7.10981,-1.13199,-1.206,-1.1235,-6.26991,3.51345,3.50361,1.8537,-0.192418,0.830643,2.00945,2.00945,4.14523,1.12185,4.14523,1.54596,1.54596,2.59927,2.59927,4.0679,5.61386,6.81361,0.507556,0.1231,-0.87075,31.2524,0.0465713,-1.25522,-1.29427,-2.08871,-7.22733,3.74798,1.88096,3.99404,2.67255,3.99404,2.01362,2.01362,1.98042,1.98042,3.48621,5.49982,6.31113,0.433397,0.0647415,-1.19814,25.5191,7.10455,-1.13028,-1.20787,-1.0568,-6.20301,3.46327,3.44199,1.9204,-0.125517,0.89744,1.98042,1.98042,4.14289,1.02957,4.14289,1.59301,1.59301,2.54988,2.54988,4.10778,5.70079,6.73749,0.514712,0.128357,-0.839457,30.8972,-0.0815855,-1.24215,-1.28538,-1.97574,-7.11393,3.67461,1.78203,3.98637,1.93752,3.98637,1.95679,1.93143,2.05494,2.05494,3.61084,5.54227,6.46228,0.475651,0.0877834,-1.04276,26.2823,5.33397,-1.19149,-1.27254,-0.976282,-6.12019,3.40375,2.82333,2.00092,-0.042702,0.979108,2.02958,2.05494,4.13903,0.877859,4.13903,1.67037,1.67037,2.46867,2.46867,4.17335,5.84371,6.61236,0.526477,0.137,-0.788009,30.3132,-0.292283,-1.22067,-1.27076,-1.78999,-6.92748,3.55399,1.61938
2025Q3,4.15725,2.50304,4.15725,2.44134,2.44134,1.71591,1.71591,1.74823,4.18957,6.45685,0.454858,0.424908,-1.18681,18.169,2.58528,-0.810392,-0.869104,-1.06218,-7.18217,3.76999,2.87422,-1.00115,-1.56307,-1.28211,1.71591,1.71591,4.36136,1.70387,4.36136,2.0872,2.0872,2.27416,2.27416,1.89,3.9772,6.85191,0.490058,0.490266,-0.992036,25.8817,4.46708,-0.809684,-0.844598,-1.39638,-7.52084,3.96985,1.71487,4.17677,2.48635,4.17677,2.46702,2.46702,1.70975,1.70975,1.7257,4.19272,6.42409,0.460031,0.424907,-1.17485,18.0143,2.33859,-0.816845,-0.878776,-1.01966,-7.13954,3.72262,2.82645,-0.958633,-1.52044,-1.23953,1.70975,1.70975,4.39321,1.67247,4.39321,2.13497,2.13497,2.25824,2.25824,1.86408,3.99905,6.77189,0.497864,0.491706,-0.965571,25.7783,4.07416,-0.808692,-0.847716,-1.33409,-7.45838,3.89622,1.62857,4.28245,2.15454,4.28245,2.39822,2.41005,1.87241,1.87241,1.68092,4.09097,6.56038,0.490348,0.437115,-1.10162,19.3485,2.12526,-0.870564,-0.936902,-0.69118,-6.81187,3.65629,2.37309,-0.63015,-1.19277,-0.911462,1.88424,1.87241,4.44558,1.62086,4.44558,2.2135,2.2135,2.23208,2.23208,1.82146,4.03497,6.64034,0.510698,0.494074,-0.922061,25.6082,3.42816,-0.807061,-0.852842,-1.23169,-7.3557,3.77516,1.48669
2025Q4,3.17915,0.89361,3.17915,2.08972,2.08972,1.08943,1.08943,2.23203,4.32176,6.5211,0.511169,0.471675,-0.93682,17.7404,-6.9172,-0.623304,-0.669313,-1.93579,-10.5651,2.92305,0.587819,-10.4188,-12.0746,-11.2467,1.08943,1.08943,3.77355,1.2731,3.77355,1.69233,1.69233,2.08122,2.08122,2.29735,3.98968,6.86351,0.557457,0.513695,-0.885129,29.4878,-0.249813,-0.633917,-0.664194,-2.5659,-11.1933,3.30225,-0.0665986,3.20445,0.888338,3.20445,2.11656,2.11656,1.08789,1.08789,2.20784,4.3244,6.48332,0.507544,0.469427,-0.931025,17.8438,-6.74692,-0.634985,-0.683852,-1.86931,-10.4988,2.88584,0.583963,-10.3523,-12.0083,-11.1803,1.08789,1.08789,3.81459,1.2637,3.81459,1.74167,1.74167,2.07292,2.07292,2.26734,4.00901,6.77438,0.551602,0.509541,-0.870808,29.8638,0.116441,-0.642027,-0.676265,-2.47285,-11.1005,3.23744,-0.0905706,3.45284,0.970772,3.45284,2.02537,2.05475,1.39809,1.39809,2.12895,4.1837,6.59291,0.515021,0.47072,-0.926884,21.0557,-4.49657,-0.709774,-0.763331,-1.44513,-10.0746,2.9079,0.416033,-9.92816,-11.584,-10.7561,1.42747,1.39809,3.88207,1.24826,3.88207,1.8228,1.8228,2.05927,2.05927,2.218,4.0408,6.62786,0.541976,0.502713,-0.847264,30.482,0.718585,-0.65536,-0.696111,-2.31987,-10.9481,3.13089,-0.129982
2026Q1,1.54583,-2.69397,1.54583,1.88071,1.88071,-0.334877,-0.334877,2.15252,4.03323,6.52063,0.311092,0.290407,-0.582965,14.6516,-14.2589,-0.679759,-0.711729,-2.46611,-13.1492,2.45645,-0.315466,-14.4542,-13.198,-13.8261,-0.334877,-0.334877,1.71819,-3.11505,1.71819,1.80688,1.80688,-0.088695,-0.088695,1.79018,3.59707,6.76277,0.141809,0.309121,-0.554359,20.48,-17.8077,-0.78688,-0.806598,-3.68431,-14.3943,4.12072,0.870206,1.54583,-2.69397,1.54583,1.88071,1.88071,-0.334877,-0.334877,2.15252,4.03323,6.52063,0.311092,0.290407,-0.582965,14.6516,-14.2589,-0.679759,-0.711729,-2.46611,-13.1492,2.45645,-0.315466,-14.4542,-13.198,-13.8261,-0.334877,-0.334877,1.71819,-3.11505,1.71819,1.80688,1.80688,-0.088695,-0.088695,1.79018,3.59707,6.76277,0.141809,0.309121,-0.554359,20.48,-17.8077,-0.78688,-0.806598,-3.68431,-14.3943,4.12072,0.870206,1.72995,-2.75053,1.72995,1.97123,1.94571,-0.215766,-0.215766,1.9299,3.87562,6.59583,0.301093,0.289309,-0.608409,16.7973,-12.9903,-0.819387,-0.857283,-2.14534,-12.8337,2.97353,0.25868,-14.1334,-12.8824,-13.5079,-0.241279,-0.215766,1.80687,-3.21205,1.80687,1.94905,1.94905,-0.142172,-0.142172,1.6739,3.62294,6.56325,0.193411,0.30561,-0.549015,21.3865,-16.0963,-0.835125,-0.86432,-3.54882,-14.2576,4.11939,1.08238
2026Q2,0.600476,-3.39804,-1.03282,2.06345,2.06345,-3.09627,-1.46297,1.94799,4.01144,6.50681,0.16381,0.343721,-0.302586,28.6458,2.97233,-1.07123,-1.09029,-2.33184,-4.92418,1.08626,-2.42719,-16.5849,-2.67134,-9.62814,-1.46297,-1.46297,1.33214,-2.81309,-1.55771,1.66839,1.66839,-3.2261,-0.33625,2.26715,3.93554,6.75357,-0.0600419,0.362481,-0.406541,34.2304,2.97803,-1.18387,-1.18846,-3.38379,-5.98433,2.64364,-1.10434,0.600476,-3.39804,-1.03282,2.06345,2.06345,-3.09627,-1.46297,1.94799,4.01144,6.50681,0.16381,0.343721,-0.302586,28.6458,2.97233,-1.07123,-1.09029,-2.33184,-4.92418,1.08626,-2.42719,-16.5849,-2.67134,-9.62814,-1.46297,-1.46297,1.33214,-2.81309,-1.55771,1.66839,1.66839,-3.2261,-0.33625,2.26715,3.93554,6.75357,-0.0600419,0.362481,-0.406541,34.2304,2.97803,-1.18387,-1.18846,-3.38379,-5.98433,2.64364,-1.10434,1.06764,-2.91873,-0.700076,2.09984,2.05887,-2.75895,-0.99123,1.92744,3.98632,6.5787,0.116417,0.343937,-0.348864,30.0952,3.8948,-1.20432,-1.22716,-2.3578,-4.95385,1.68313,-1.72062,-16.6109,-2.70101,-9.65595,-1.03219,-0.99123,1.58036,-2.55867,-1.02536,1.80192,1.80192,-2.82728,-0.221558,2.18609,3.98801,6.53856,-0.0738021,0.359209,-0.398297,34.3749,4.06167,-1.22249,-1.23515,-3.67996,-6.2833,2.75424,-0.799752
2026Q3,,,,,,,,,,,,,0.0387602,,,-0.63843,-0.64361,-2.2937,-0.806275,,,,2.55896,,,,,,,,,,,,,,,0.511647,-0.109619,,,-0.769222,-0.761573,-3.68689,-2.19808,,,,,,,,,,,,,,,0.0387602,,,-0.63843,-0.64361,-2.2937,-0.806275,,,,2.55896,,,,,,,,,,,,,,,0.511647,-0.109619,,,-0.769222,-0.761573,-3.68689,-2.19808,,,,,,,,,,,,,,,-0.000174714,,,-0.770184,-0.777878,-2.61497,-1.12706,,,,2.23818,,,,,,,,,,,,,,,0.503121,-0.0943729,,,-0.840123,-0.839804,-4.06843,-2.57936,,
