series_id,file,description,country,frequency,unit,seasonal_adjustment,start,end,n_obs,source,source_query,approx_release_lag_days,notes
at_ec_cons_conf,at_ec_cons_conf.csv,"Austria: Consumer confidence indicator (avg of Q1,Q2,Q4,Q9)",AT,M,"balance, % points",SA,1995-10-01,2026-09-01,372,"European Commission DG ECFIN Business and Consumer Surveys (BCS), seasonally adjusted",https://ec.europa.eu/economy_finance/db_indicators/surveys/documents/series/nace2_ecfin_2609/consumer_total_sa_nace2.zip -> consumer_total_sa_nace2.xlsx sheet 'CONSUMER MONTHLY' column CONS.AT.TOT.COF.BS.M,-2,Released on the penultimate working day of the reference month (flash consumer confidence for EU/EA ~9 days before month end)
at_ec_cons_price_exp_12m,at_ec_cons_price_exp_12m.csv,Austria: Consumers: price trends over next 12 months (Q6),AT,M,"balance, % points",SA,1995-10-01,2026-09-01,372,"European Commission DG ECFIN Business and Consumer Surveys (BCS), seasonally adjusted",https://ec.europa.eu/economy_finance/db_indicators/surveys/documents/series/nace2_ecfin_2609/consumer_total_sa_nace2.zip -> consumer_total_sa_nace2.xlsx sheet 'CONSUMER MONTHLY' column CONS.AT.TOT.6.BS.M,-2,Released on the penultimate working day of the reference month (flash consumer confidence for EU/EA ~9 days before month end)
at_ec_cons_price_past_12m,at_ec_cons_price_past_12m.csv,Austria: Consumers: perceived price trends over last 12 months (Q5),AT,M,"balance, % points",SA,1995-10-01,2026-09-01,372,"European Commission DG ECFIN Business and Consumer Surveys (BCS), seasonally adjusted",https://ec.europa.eu/economy_finance/db_indicators/surveys/documents/series/nace2_ecfin_2609/consumer_total_sa_nace2.zip -> consumer_total_sa_nace2.xlsx sheet 'CONSUMER MONTHLY' column CONS.AT.TOT.5.BS.M,-2,Released on the penultimate working day of the reference month (flash consumer confidence for EU/EA ~9 days before month end)
at_ec_esi,at_ec_esi.csv,Austria: Economic Sentiment Indicator (ESI),AT,M,"index, long-term average=100",SA,1985-01-01,2026-09-01,501,"European Commission DG ECFIN Business and Consumer Surveys (BCS), seasonally adjusted",https://ec.europa.eu/economy_finance/db_indicators/surveys/documents/series/nace2_ecfin_2609/main_indicators_sa_nace2.zip -> main_indicators_nace2.xlsx sheet 'MONTHLY' column AT.ESI,-2,Released on the penultimate working day of the reference month (flash consumer confidence for EU/EA ~9 days before month end)
at_ec_food_ind_conf,at_ec_food_ind_conf.csv,Austria: Manufacture of food products (NACE C10): industrial confidence indicator ((Q2-Q4+Q5)/3),AT,M,"balance, % points",SA,1985-01-01,2026-09-01,501,"European Commission DG ECFIN Business and Consumer Surveys (BCS), seasonally adjusted",https://ec.europa.eu/economy_finance/db_indicators/surveys/documents/series/nace2_ecfin_2609/industry_subsectors_sa_nace2.zip -> industry_subsectors_sa_m_nace2.xlsx sheet '10' column INDU.AT.10.COF.BS.M,-2,Released on the penultimate working day of the reference month (flash consumer confidence for EU/EA ~9 days before month end)
at_ec_food_ind_sell_price_exp,at_ec_food_ind_sell_price_exp.csv,Austria: Manufacture of food products (NACE C10): selling-price expectations for months ahead (Q6),AT,M,"balance, % points",SA,1985-01-01,2026-09-01,501,"European Commission DG ECFIN Business and Consumer Surveys (BCS), seasonally adjusted",https://ec.europa.eu/economy_finance/db_indicators/surveys/documents/series/nace2_ecfin_2609/industry_subsectors_sa_nace2.zip -> industry_subsectors_sa_m_nace2.xlsx sheet '10' column INDU.AT.10.6.BS.M,-2,Released on the penultimate working day of the reference month (flash consumer confidence for EU/EA ~9 days before month end)
at_ec_food_retail_sell_price_exp,at_ec_food_retail_sell_price_exp.csv,"Austria: Retail of food, beverages & tobacco (sub-sector FBT): selling-price expectations next 3 months (Q6)",AT,M,"balance, % points",SA,2003-05-01,2026-09-01,281,"European Commission DG ECFIN Business and Consumer Surveys (BCS), seasonally adjusted",https://ec.europa.eu/economy_finance/db_indicators/surveys/documents/series/nace2_ecfin_2609/retail_subsectors_sa_nace2.zip -> retail_subsectors_sa_m_nace2.xlsx sheet 'FBT' column RETA.AT.FBT.6.BS.M,-2,Released on the penultimate working day of the reference month (flash consumer confidence for EU/EA ~9 days before month end)
at_ec_ind_sell_price_exp,at_ec_ind_sell_price_exp.csv,Austria: Industry (total manufacturing): selling-price expectations for months ahead (Q6),AT,M,"balance, % points",SA,1985-01-01,2026-09-01,501,"European Commission DG ECFIN Business and Consumer Surveys (BCS), seasonally adjusted",https://ec.europa.eu/economy_finance/db_indicators/surveys/documents/series/nace2_ecfin_2609/industry_total_sa_nace2.zip -> industry_total_sa_nace2.xlsx sheet 'INDUSTRY MONTHLY' column INDU.AT.TOT.6.BS.M,-2,Released on the penultimate working day of the reference month (flash consumer confidence for EU/EA ~9 days before month end)
at_ec_retail_conf,at_ec_retail_conf.csv,Austria: Retail trade confidence indicator ((Q1-Q2+Q4)/3),AT,M,"balance, % points",SA,1996-01-01,2026-09-01,369,"European Commission DG ECFIN Business and Consumer Surveys (BCS), seasonally adjusted",https://ec.europa.eu/economy_finance/db_indicators/surveys/documents/series/nace2_ecfin_2609/retail_total_sa_nace2.zip -> retail_total_sa_nace2.xlsx sheet 'RETAIL TRADE MONTHLY' column RETA.AT.TOT.COF.BS.M,-2,Released on the penultimate working day of the reference month (flash consumer confidence for EU/EA ~9 days before month end)
at_ec_retail_sell_price_exp,at_ec_retail_sell_price_exp.csv,Austria: Retail trade (total): selling-price expectations next 3 months (Q6),AT,M,"balance, % points",SA,2003-05-01,2026-09-01,281,"European Commission DG ECFIN Business and Consumer Surveys (BCS), seasonally adjusted",https://ec.europa.eu/economy_finance/db_indicators/surveys/documents/series/nace2_ecfin_2609/retail_total_sa_nace2.zip -> retail_total_sa_nace2.xlsx sheet 'RETAIL TRADE MONTHLY' column RETA.AT.TOT.6.BS.M,-2,Released on the penultimate working day of the reference month (flash consumer confidence for EU/EA ~9 days before month end)
at_oecd_bci,at_oecd_bci.csv,Austria: OECD composite business confidence indicator (amplitude adjusted),AT,M,"index, long-term average=100 (amplitude adjusted)",SA,1985-01-01,2026-08-01,500,"OECD SDMX API, dataflow OECD.SDD.STES:DSD_STES@DF_CLI(4.1)",key AUT.M.BCICP.IX._Z.AA.IX._Z.H,15,OECD harmonised methodology; long-term average = 100. Revised each month. Based on the EC harmonised surveys (amplitude-adjusted transformation of EC balances).
at_oecd_cci,at_oecd_cci.csv,Austria: OECD composite consumer confidence indicator (amplitude adjusted),AT,M,"index, long-term average=100 (amplitude adjusted)",SA,1977-01-01,2026-08-01,596,"OECD SDMX API, dataflow OECD.SDD.STES:DSD_STES@DF_CLI(4.1)",key AUT.M.CCICP.IX._Z.AA.IX._Z.H,15,OECD harmonised methodology; long-term average = 100. Revised each month. Based on the EC harmonised surveys (amplitude-adjusted transformation of EC balances).
cz_ec_cons_conf,cz_ec_cons_conf.csv,"Czechia: Consumer confidence indicator (avg of Q1,Q2,Q4,Q9)",CZ,M,"balance, % points",SA,1995-01-01,2026-09-01,381,"European Commission DG ECFIN Business and Consumer Surveys (BCS), seasonally adjusted",https://ec.europa.eu/economy_finance/db_indicators/surveys/documents/series/nace2_ecfin_2609/consumer_total_sa_nace2.zip -> consumer_total_sa_nace2.xlsx sheet 'CONSUMER MONTHLY' column CONS.CZ.TOT.COF.BS.M,-2,Released on the penultimate working day of the reference month (flash consumer confidence for EU/EA ~9 days before month end)
cz_ec_cons_price_exp_12m,cz_ec_cons_price_exp_12m.csv,Czechia: Consumers: price trends over next 12 months (Q6),CZ,M,"balance, % points",SA,1995-01-01,2026-09-01,381,"European Commission DG ECFIN Business and Consumer Surveys (BCS), seasonally adjusted",https://ec.europa.eu/economy_finance/db_indicators/surveys/documents/series/nace2_ecfin_2609/consumer_total_sa_nace2.zip -> consumer_total_sa_nace2.xlsx sheet 'CONSUMER MONTHLY' column CONS.CZ.TOT.6.BS.M,-2,Released on the penultimate working day of the reference month (flash consumer confidence for EU/EA ~9 days before month end)
cz_ec_cons_price_past_12m,cz_ec_cons_price_past_12m.csv,Czechia: Consumers: perceived price trends over last 12 months (Q5),CZ,M,"balance, % points",SA,1995-01-01,2026-09-01,381,"European Commission DG ECFIN Business and Consumer Surveys (BCS), seasonally adjusted",https://ec.europa.eu/economy_finance/db_indicators/surveys/documents/series/nace2_ecfin_2609/consumer_total_sa_nace2.zip -> consumer_total_sa_nace2.xlsx sheet 'CONSUMER MONTHLY' column CONS.CZ.TOT.5.BS.M,-2,Released on the penultimate working day of the reference month (flash consumer confidence for EU/EA ~9 days before month end)
cz_ec_esi,cz_ec_esi.csv,Czechia: Economic Sentiment Indicator (ESI),CZ,M,"index, long-term average=100",SA,1995-01-01,2026-09-01,381,"European Commission DG ECFIN Business and Consumer Surveys (BCS), seasonally adjusted",https://ec.europa.eu/economy_finance/db_indicators/surveys/documents/series/nace2_ecfin_2609/main_indicators_sa_nace2.zip -> main_indicators_nace2.xlsx sheet 'MONTHLY' column CZ.ESI,-2,Released on the penultimate working day of the reference month (flash consumer confidence for EU/EA ~9 days before month end)
cz_ec_food_ind_conf,cz_ec_food_ind_conf.csv,Czechia: Manufacture of food products (NACE C10): industrial confidence indicator ((Q2-Q4+Q5)/3),CZ,M,"balance, % points",SA,2001-01-01,2026-09-01,309,"European Commission DG ECFIN Business and Consumer Surveys (BCS), seasonally adjusted",https://ec.europa.eu/economy_finance/db_indicators/surveys/documents/series/nace2_ecfin_2609/industry_subsectors_sa_nace2.zip -> industry_subsectors_sa_m_nace2.xlsx sheet '10' column INDU.CZ.10.COF.BS.M,-2,Released on the penultimate working day of the reference month (flash consumer confidence for EU/EA ~9 days before month end)
cz_ec_food_ind_sell_price_exp,cz_ec_food_ind_sell_price_exp.csv,Czechia: Manufacture of food products (NACE C10): selling-price expectations for months ahead (Q6),CZ,M,"balance, % points",SA,2001-01-01,2026-09-01,309,"European Commission DG ECFIN Business and Consumer Surveys (BCS), seasonally adjusted",https://ec.europa.eu/economy_finance/db_indicators/surveys/documents/series/nace2_ecfin_2609/industry_subsectors_sa_nace2.zip -> industry_subsectors_sa_m_nace2.xlsx sheet '10' column INDU.CZ.10.6.BS.M,-2,Released on the penultimate working day of the reference month (flash consumer confidence for EU/EA ~9 days before month end)
cz_ec_food_retail_sell_price_exp,cz_ec_food_retail_sell_price_exp.csv,"Czechia: Retail of food, beverages & tobacco (sub-sector FBT): selling-price expectations next 3 months (Q6)",CZ,M,"balance, % points",SA,2003-01-01,2026-09-01,285,"European Commission DG ECFIN Business and Consumer Surveys (BCS), seasonally adjusted",https://ec.europa.eu/economy_finance/db_indicators/surveys/documents/series/nace2_ecfin_2609/retail_subsectors_sa_nace2.zip -> retail_subsectors_sa_m_nace2.xlsx sheet 'FBT' column RETA.CZ.FBT.6.BS.M,-2,Released on the penultimate working day of the reference month (flash consumer confidence for EU/EA ~9 days before month end)
cz_ec_ind_sell_price_exp,cz_ec_ind_sell_price_exp.csv,Czechia: Industry (total manufacturing): selling-price expectations for months ahead (Q6),CZ,M,"balance, % points",SA,1995-01-01,2026-09-01,381,"European Commission DG ECFIN Business and Consumer Surveys (BCS), seasonally adjusted",https://ec.europa.eu/economy_finance/db_indicators/surveys/documents/series/nace2_ecfin_2609/industry_total_sa_nace2.zip -> industry_total_sa_nace2.xlsx sheet 'INDUSTRY MONTHLY' column INDU.CZ.TOT.6.BS.M,-2,Released on the penultimate working day of the reference month (flash consumer confidence for EU/EA ~9 days before month end)
cz_ec_retail_conf,cz_ec_retail_conf.csv,Czechia: Retail trade confidence indicator ((Q1-Q2+Q4)/3),CZ,M,"balance, % points",SA,1995-01-01,2026-09-01,381,"European Commission DG ECFIN Business and Consumer Surveys (BCS), seasonally adjusted",https://ec.europa.eu/economy_finance/db_indicators/surveys/documents/series/nace2_ecfin_2609/retail_total_sa_nace2.zip -> retail_total_sa_nace2.xlsx sheet 'RETAIL TRADE MONTHLY' column RETA.CZ.TOT.COF.BS.M,-2,Released on the penultimate working day of the reference month (flash consumer confidence for EU/EA ~9 days before month end)
cz_ec_retail_sell_price_exp,cz_ec_retail_sell_price_exp.csv,Czechia: Retail trade (total): selling-price expectations next 3 months (Q6),CZ,M,"balance, % points",SA,2003-05-01,2026-09-01,281,"European Commission DG ECFIN Business and Consumer Surveys (BCS), seasonally adjusted",https://ec.europa.eu/economy_finance/db_indicators/surveys/documents/series/nace2_ecfin_2609/retail_total_sa_nace2.zip -> retail_total_sa_nace2.xlsx sheet 'RETAIL TRADE MONTHLY' column RETA.CZ.TOT.6.BS.M,-2,Released on the penultimate working day of the reference month (flash consumer confidence for EU/EA ~9 days before month end)
cz_oecd_bci,cz_oecd_bci.csv,Czechia: OECD composite business confidence indicator (amplitude adjusted),CZ,M,"index, long-term average=100 (amplitude adjusted)",SA,1993-02-01,2026-08-01,403,"OECD SDMX API, dataflow OECD.SDD.STES:DSD_STES@DF_CLI(4.1)",key CZE.M.BCICP.IX._Z.AA.IX._Z.H,15,OECD harmonised methodology; long-term average = 100. Revised each month. Based on the EC harmonised surveys (amplitude-adjusted transformation of EC balances).
cz_oecd_cci,cz_oecd_cci.csv,Czechia: OECD composite consumer confidence indicator (amplitude adjusted),CZ,M,"index, long-term average=100 (amplitude adjusted)",SA,1995-01-01,2026-08-01,380,"OECD SDMX API, dataflow OECD.SDD.STES:DSD_STES@DF_CLI(4.1)",key CZE.M.CCICP.IX._Z.AA.IX._Z.H,15,OECD harmonised methodology; long-term average = 100. Revised each month. Based on the EC harmonised surveys (amplitude-adjusted transformation of EC balances).
de_ec_cons_conf,de_ec_cons_conf.csv,"Germany: Consumer confidence indicator (avg of Q1,Q2,Q4,Q9)",DE,M,"balance, % points",SA,1985-01-01,2026-09-01,501,"European Commission DG ECFIN Business and Consumer Surveys (BCS), seasonally adjusted",https://ec.europa.eu/economy_finance/db_indicators/surveys/documents/series/nace2_ecfin_2609/consumer_total_sa_nace2.zip -> consumer_total_sa_nace2.xlsx sheet 'CONSUMER MONTHLY' column CONS.DE.TOT.COF.BS.M,-2,Released on the penultimate working day of the reference month (flash consumer confidence for EU/EA ~9 days before month end)
de_ec_cons_price_exp_12m,de_ec_cons_price_exp_12m.csv,Germany: Consumers: price trends over next 12 months (Q6),DE,M,"balance, % points",SA,1985-01-01,2026-09-01,501,"European Commission DG ECFIN Business and Consumer Surveys (BCS), seasonally adjusted",https://ec.europa.eu/economy_finance/db_indicators/surveys/documents/series/nace2_ecfin_2609/consumer_total_sa_nace2.zip -> consumer_total_sa_nace2.xlsx sheet 'CONSUMER MONTHLY' column CONS.DE.TOT.6.BS.M,-2,Released on the penultimate working day of the reference month (flash consumer confidence for EU/EA ~9 days before month end)
de_ec_cons_price_past_12m,de_ec_cons_price_past_12m.csv,Germany: Consumers: perceived price trends over last 12 months (Q5),DE,M,"balance, % points",SA,1985-01-01,2026-09-01,501,"European Commission DG ECFIN Business and Consumer Surveys (BCS), seasonally adjusted",https://ec.europa.eu/economy_finance/db_indicators/surveys/documents/series/nace2_ecfin_2609/consumer_total_sa_nace2.zip -> consumer_total_sa_nace2.xlsx sheet 'CONSUMER MONTHLY' column CONS.DE.TOT.5.BS.M,-2,Released on the penultimate working day of the reference month (flash consumer confidence for EU/EA ~9 days before month end)
de_ec_esi,de_ec_esi.csv,Germany: Economic Sentiment Indicator (ESI),DE,M,"index, long-term average=100",SA,1985-01-01,2026-09-01,501,"European Commission DG ECFIN Business and Consumer Surveys (BCS), seasonally adjusted",https://ec.europa.eu/economy_finance/db_indicators/surveys/documents/series/nace2_ecfin_2609/main_indicators_sa_nace2.zip -> main_indicators_nace2.xlsx sheet 'MONTHLY' column DE.ESI,-2,Released on the penultimate working day of the reference month (flash consumer confidence for EU/EA ~9 days before month end)
de_ec_food_ind_conf,de_ec_food_ind_conf.csv,Germany: Manufacture of food products (NACE C10): industrial confidence indicator ((Q2-Q4+Q5)/3),DE,M,"balance, % points",SA,1991-01-01,2026-09-01,429,"European Commission DG ECFIN Business and Consumer Surveys (BCS), seasonally adjusted",https://ec.europa.eu/economy_finance/db_indicators/surveys/documents/series/nace2_ecfin_2609/industry_subsectors_sa_nace2.zip -> industry_subsectors_sa_m_nace2.xlsx sheet '10' column INDU.DE.10.COF.BS.M,-2,Released on the penultimate working day of the reference month (flash consumer confidence for EU/EA ~9 days before month end)
de_ec_food_ind_sell_price_exp,de_ec_food_ind_sell_price_exp.csv,Germany: Manufacture of food products (NACE C10): selling-price expectations for months ahead (Q6),DE,M,"balance, % points",SA,1991-01-01,2026-09-01,429,"European Commission DG ECFIN Business and Consumer Surveys (BCS), seasonally adjusted",https://ec.europa.eu/economy_finance/db_indicators/surveys/documents/series/nace2_ecfin_2609/industry_subsectors_sa_nace2.zip -> industry_subsectors_sa_m_nace2.xlsx sheet '10' column INDU.DE.10.6.BS.M,-2,Released on the penultimate working day of the reference month (flash consumer confidence for EU/EA ~9 days before month end)
de_ec_food_retail_sell_price_exp,de_ec_food_retail_sell_price_exp.csv,"Germany: Retail of food, beverages & tobacco (sub-sector FBT): selling-price expectations next 3 months (Q6)",DE,M,"balance, % points",SA,1991-01-01,2026-09-01,429,"European Commission DG ECFIN Business and Consumer Surveys (BCS), seasonally adjusted",https://ec.europa.eu/economy_finance/db_indicators/surveys/documents/series/nace2_ecfin_2609/retail_subsectors_sa_nace2.zip -> retail_subsectors_sa_m_nace2.xlsx sheet 'FBT' column RETA.DE.FBT.6.BS.M,-2,Released on the penultimate working day of the reference month (flash consumer confidence for EU/EA ~9 days before month end)
de_ec_ind_sell_price_exp,de_ec_ind_sell_price_exp.csv,Germany: Industry (total manufacturing): selling-price expectations for months ahead (Q6),DE,M,"balance, % points",SA,1985-01-01,2026-09-01,501,"European Commission DG ECFIN Business and Consumer Surveys (BCS), seasonally adjusted",https://ec.europa.eu/economy_finance/db_indicators/surveys/documents/series/nace2_ecfin_2609/industry_total_sa_nace2.zip -> industry_total_sa_nace2.xlsx sheet 'INDUSTRY MONTHLY' column INDU.DE.TOT.6.BS.M,-2,Released on the penultimate working day of the reference month (flash consumer confidence for EU/EA ~9 days before month end)
de_ec_retail_conf,de_ec_retail_conf.csv,Germany: Retail trade confidence indicator ((Q1-Q2+Q4)/3),DE,M,"balance, % points",SA,1985-01-01,2026-09-01,501,"European Commission DG ECFIN Business and Consumer Surveys (BCS), seasonally adjusted",https://ec.europa.eu/economy_finance/db_indicators/surveys/documents/series/nace2_ecfin_2609/retail_total_sa_nace2.zip -> retail_total_sa_nace2.xlsx sheet 'RETAIL TRADE MONTHLY' column RETA.DE.TOT.COF.BS.M,-2,Released on the penultimate working day of the reference month (flash consumer confidence for EU/EA ~9 days before month end)
de_ec_retail_sell_price_exp,de_ec_retail_sell_price_exp.csv,Germany: Retail trade (total): selling-price expectations next 3 months (Q6),DE,M,"balance, % points",SA,1991-01-01,2026-09-01,429,"European Commission DG ECFIN Business and Consumer Surveys (BCS), seasonally adjusted",https://ec.europa.eu/economy_finance/db_indicators/surveys/documents/series/nace2_ecfin_2609/retail_total_sa_nace2.zip -> retail_total_sa_nace2.xlsx sheet 'RETAIL TRADE MONTHLY' column RETA.DE.TOT.6.BS.M,-2,Released on the penultimate working day of the reference month (flash consumer confidence for EU/EA ~9 days before month end)
de_oecd_bci,de_oecd_bci.csv,Germany: OECD composite business confidence indicator (amplitude adjusted),DE,M,"index, long-term average=100 (amplitude adjusted)",SA,1962-12-01,2026-08-01,765,"OECD SDMX API, dataflow OECD.SDD.STES:DSD_STES@DF_CLI(4.1)",key DEU.M.BCICP.IX._Z.AA.IX._Z.H,15,OECD harmonised methodology; long-term average = 100. Revised each month. Based on the EC harmonised surveys (amplitude-adjusted transformation of EC balances).
de_oecd_cci,de_oecd_cci.csv,Germany: OECD composite consumer confidence indicator (amplitude adjusted),DE,M,"index, long-term average=100 (amplitude adjusted)",SA,1973-01-01,2026-08-01,644,"OECD SDMX API, dataflow OECD.SDD.STES:DSD_STES@DF_CLI(4.1)",key DEU.M.CCICP.IX._Z.AA.IX._Z.H,15,OECD harmonised methodology; long-term average = 100. Revised each month. Based on the EC harmonised surveys (amplitude-adjusted transformation of EC balances).
de_oecd_cli,de_oecd_cli.csv,Germany: OECD composite leading indicator (amplitude adjusted),DE,M,"index, long-term average=100 (amplitude adjusted)",SA,1961-01-01,2026-08-01,788,"OECD SDMX API, dataflow OECD.SDD.STES:DSD_STES@DF_CLI(4.1)",key DEU.M.LI.IX._Z.AA.IX._Z.H,12,OECD harmonised methodology; long-term average = 100. Revised each month.
dk_ec_cons_conf,dk_ec_cons_conf.csv,"Denmark: Consumer confidence indicator (avg of Q1,Q2,Q4,Q9)",DK,M,"balance, % points",SA,1985-01-01,2026-09-01,501,"European Commission DG ECFIN Business and Consumer Surveys (BCS), seasonally adjusted",https://ec.europa.eu/economy_finance/db_indicators/surveys/documents/series/nace2_ecfin_2609/consumer_total_sa_nace2.zip -> consumer_total_sa_nace2.xlsx sheet 'CONSUMER MONTHLY' column CONS.DK.TOT.COF.BS.M,-2,Released on the penultimate working day of the reference month (flash consumer confidence for EU/EA ~9 days before month end)
dk_ec_cons_price_exp_12m,dk_ec_cons_price_exp_12m.csv,Denmark: Consumers: price trends over next 12 months (Q6),DK,M,"balance, % points",SA,1985-01-01,2026-09-01,501,"European Commission DG ECFIN Business and Consumer Surveys (BCS), seasonally adjusted",https://ec.europa.eu/economy_finance/db_indicators/surveys/documents/series/nace2_ecfin_2609/consumer_total_sa_nace2.zip -> consumer_total_sa_nace2.xlsx sheet 'CONSUMER MONTHLY' column CONS.DK.TOT.6.BS.M,-2,Released on the penultimate working day of the reference month (flash consumer confidence for EU/EA ~9 days before month end)
dk_ec_cons_price_past_12m,dk_ec_cons_price_past_12m.csv,Denmark: Consumers: perceived price trends over last 12 months (Q5),DK,M,"balance, % points",SA,1985-01-01,2026-09-01,501,"European Commission DG ECFIN Business and Consumer Surveys (BCS), seasonally adjusted",https://ec.europa.eu/economy_finance/db_indicators/surveys/documents/series/nace2_ecfin_2609/consumer_total_sa_nace2.zip -> consumer_total_sa_nace2.xlsx sheet 'CONSUMER MONTHLY' column CONS.DK.TOT.5.BS.M,-2,Released on the penultimate working day of the reference month (flash consumer confidence for EU/EA ~9 days before month end)
dk_ec_esi,dk_ec_esi.csv,Denmark: Economic Sentiment Indicator (ESI),DK,M,"index, long-term average=100",SA,1985-01-01,2026-09-01,501,"European Commission DG ECFIN Business and Consumer Surveys (BCS), seasonally adjusted",https://ec.europa.eu/economy_finance/db_indicators/surveys/documents/series/nace2_ecfin_2609/main_indicators_sa_nace2.zip -> main_indicators_nace2.xlsx sheet 'MONTHLY' column DK.ESI,-2,Released on the penultimate working day of the reference month (flash consumer confidence for EU/EA ~9 days before month end)
dk_ec_food_ind_conf,dk_ec_food_ind_conf.csv,Denmark: Manufacture of food products (NACE C10): industrial confidence indicator ((Q2-Q4+Q5)/3),DK,M,"balance, % points",SA,2005-01-01,2026-09-01,261,"European Commission DG ECFIN Business and Consumer Surveys (BCS), seasonally adjusted",https://ec.europa.eu/economy_finance/db_indicators/surveys/documents/series/nace2_ecfin_2609/industry_subsectors_sa_nace2.zip -> industry_subsectors_sa_m_nace2.xlsx sheet '10' column INDU.DK.10.COF.BS.M,-2,Released on the penultimate working day of the reference month (flash consumer confidence for EU/EA ~9 days before month end)
dk_ec_food_ind_sell_price_exp,dk_ec_food_ind_sell_price_exp.csv,Denmark: Manufacture of food products (NACE C10): selling-price expectations for months ahead (Q6),DK,M,"balance, % points",SA,2005-01-01,2026-09-01,261,"European Commission DG ECFIN Business and Consumer Surveys (BCS), seasonally adjusted",https://ec.europa.eu/economy_finance/db_indicators/surveys/documents/series/nace2_ecfin_2609/industry_subsectors_sa_nace2.zip -> industry_subsectors_sa_m_nace2.xlsx sheet '10' column INDU.DK.10.6.BS.M,-2,Released on the penultimate working day of the reference month (flash consumer confidence for EU/EA ~9 days before month end)
dk_ec_food_retail_sell_price_exp,dk_ec_food_retail_sell_price_exp.csv,"Denmark: Retail of food, beverages & tobacco (sub-sector FBT): selling-price expectations next 3 months (Q6)",DK,M,"balance, % points",SA,2010-05-01,2026-09-01,197,"European Commission DG ECFIN Business and Consumer Surveys (BCS), seasonally adjusted",https://ec.europa.eu/economy_finance/db_indicators/surveys/documents/series/nace2_ecfin_2609/retail_subsectors_sa_nace2.zip -> retail_subsectors_sa_m_nace2.xlsx sheet 'FBT' column RETA.DK.FBT.6.BS.M,-2,Released on the penultimate working day of the reference month (flash consumer confidence for EU/EA ~9 days before month end)
dk_ec_ind_sell_price_exp,dk_ec_ind_sell_price_exp.csv,Denmark: Industry (total manufacturing): selling-price expectations for months ahead (Q6),DK,M,"balance, % points",SA,1998-01-01,2026-09-01,345,"European Commission DG ECFIN Business and Consumer Surveys (BCS), seasonally adjusted",https://ec.europa.eu/economy_finance/db_indicators/surveys/documents/series/nace2_ecfin_2609/industry_total_sa_nace2.zip -> industry_total_sa_nace2.xlsx sheet 'INDUSTRY MONTHLY' column INDU.DK.TOT.6.BS.M,-2,Released on the penultimate working day of the reference month (flash consumer confidence for EU/EA ~9 days before month end)
dk_ec_retail_conf,dk_ec_retail_conf.csv,Denmark: Retail trade confidence indicator ((Q1-Q2+Q4)/3),DK,M,"balance, % points",SA,2010-05-01,2026-09-01,197,"European Commission DG ECFIN Business and Consumer Surveys (BCS), seasonally adjusted",https://ec.europa.eu/economy_finance/db_indicators/surveys/documents/series/nace2_ecfin_2609/retail_total_sa_nace2.zip -> retail_total_sa_nace2.xlsx sheet 'RETAIL TRADE MONTHLY' column RETA.DK.TOT.COF.BS.M,-2,Released on the penultimate working day of the reference month (flash consumer confidence for EU/EA ~9 days before month end)
dk_ec_retail_sell_price_exp,dk_ec_retail_sell_price_exp.csv,Denmark: Retail trade (total): selling-price expectations next 3 months (Q6),DK,M,"balance, % points",SA,2010-05-01,2026-09-01,197,"European Commission DG ECFIN Business and Consumer Surveys (BCS), seasonally adjusted",https://ec.europa.eu/economy_finance/db_indicators/surveys/documents/series/nace2_ecfin_2609/retail_total_sa_nace2.zip -> retail_total_sa_nace2.xlsx sheet 'RETAIL TRADE MONTHLY' column RETA.DK.TOT.6.BS.M,-2,Released on the penultimate working day of the reference month (flash consumer confidence for EU/EA ~9 days before month end)
dk_oecd_bci,dk_oecd_bci.csv,Denmark: OECD composite business confidence indicator (amplitude adjusted),DK,M,"index, long-term average=100 (amplitude adjusted)",SA,1985-01-01,2026-08-01,500,"OECD SDMX API, dataflow OECD.SDD.STES:DSD_STES@DF_CLI(4.1)",key DNK.M.BCICP.IX._Z.AA.IX._Z.H,15,OECD harmonised methodology; long-term average = 100. Revised each month. Based on the EC harmonised surveys (amplitude-adjusted transformation of EC balances).
dk_oecd_cci,dk_oecd_cci.csv,Denmark: OECD composite consumer confidence indicator (amplitude adjusted),DK,M,"index, long-term average=100 (amplitude adjusted)",SA,1974-01-01,2026-08-01,632,"OECD SDMX API, dataflow OECD.SDD.STES:DSD_STES@DF_CLI(4.1)",key DNK.M.CCICP.IX._Z.AA.IX._Z.H,15,OECD harmonised methodology; long-term average = 100. Revised each month. Based on the EC harmonised surveys (amplitude-adjusted transformation of EC balances).
ea_ec_cons_conf,ea_ec_cons_conf.csv,"Euro area: Consumer confidence indicator (avg of Q1,Q2,Q4,Q9)",EA,M,"balance, % points",SA,1985-01-01,2026-09-01,501,"European Commission DG ECFIN Business and Consumer Surveys (BCS), seasonally adjusted",https://ec.europa.eu/economy_finance/db_indicators/surveys/documents/series/nace2_ecfin_2609/consumer_total_sa_nace2.zip -> consumer_total_sa_nace2.xlsx sheet 'CONSUMER MONTHLY' column CONS.EA.TOT.COF.BS.M,-2,Euro area aggregate as computed by EC (current composition); Released on the penultimate working day of the reference month (flash consumer confidence for EU/EA ~9 days before month end)
ea_ec_cons_price_exp_12m,ea_ec_cons_price_exp_12m.csv,Euro area: Consumers: price trends over next 12 months (Q6),EA,M,"balance, % points",SA,1985-01-01,2026-09-01,501,"European Commission DG ECFIN Business and Consumer Surveys (BCS), seasonally adjusted",https://ec.europa.eu/economy_finance/db_indicators/surveys/documents/series/nace2_ecfin_2609/consumer_total_sa_nace2.zip -> consumer_total_sa_nace2.xlsx sheet 'CONSUMER MONTHLY' column CONS.EA.TOT.6.BS.M,-2,Euro area aggregate as computed by EC (current composition); Released on the penultimate working day of the reference month (flash consumer confidence for EU/EA ~9 days before month end)
ea_ec_cons_price_past_12m,ea_ec_cons_price_past_12m.csv,Euro area: Consumers: perceived price trends over last 12 months (Q5),EA,M,"balance, % points",SA,1985-01-01,2026-09-01,501,"European Commission DG ECFIN Business and Consumer Surveys (BCS), seasonally adjusted",https://ec.europa.eu/economy_finance/db_indicators/surveys/documents/series/nace2_ecfin_2609/consumer_total_sa_nace2.zip -> consumer_total_sa_nace2.xlsx sheet 'CONSUMER MONTHLY' column CONS.EA.TOT.5.BS.M,-2,Euro area aggregate as computed by EC (current composition); Released on the penultimate working day of the reference month (flash consumer confidence for EU/EA ~9 days before month end)
ea_ec_esi,ea_ec_esi.csv,Euro area: Economic Sentiment Indicator (ESI),EA,M,"index, long-term average=100",SA,1985-01-01,2026-09-01,501,"European Commission DG ECFIN Business and Consumer Surveys (BCS), seasonally adjusted",https://ec.europa.eu/economy_finance/db_indicators/surveys/documents/series/nace2_ecfin_2609/main_indicators_sa_nace2.zip -> main_indicators_nace2.xlsx sheet 'MONTHLY' column EA.ESI,-2,Euro area aggregate as computed by EC (current composition); Released on the penultimate working day of the reference month (flash consumer confidence for EU/EA ~9 days before month end)
ea_ec_food_ind_conf,ea_ec_food_ind_conf.csv,Euro area: Manufacture of food products (NACE C10): industrial confidence indicator ((Q2-Q4+Q5)/3),EA,M,"balance, % points",SA,1990-02-01,2026-09-01,440,"European Commission DG ECFIN Business and Consumer Surveys (BCS), seasonally adjusted",https://ec.europa.eu/economy_finance/db_indicators/surveys/documents/series/nace2_ecfin_2609/industry_subsectors_sa_nace2.zip -> industry_subsectors_sa_m_nace2.xlsx sheet '10' column INDU.EA.10.COF.BS.M,-2,Euro area aggregate as computed by EC (current composition); Released on the penultimate working day of the reference month (flash consumer confidence for EU/EA ~9 days before month end)
ea_ec_food_ind_sell_price_exp,ea_ec_food_ind_sell_price_exp.csv,Euro area: Manufacture of food products (NACE C10): selling-price expectations for months ahead (Q6),EA,M,"balance, % points",SA,1990-11-01,2026-09-01,431,"European Commission DG ECFIN Business and Consumer Surveys (BCS), seasonally adjusted",https://ec.europa.eu/economy_finance/db_indicators/surveys/documents/series/nace2_ecfin_2609/industry_subsectors_sa_nace2.zip -> industry_subsectors_sa_m_nace2.xlsx sheet '10' column INDU.EA.10.6.BS.M,-2,Euro area aggregate as computed by EC (current composition); Released on the penultimate working day of the reference month (flash consumer confidence for EU/EA ~9 days before month end)
ea_ec_food_retail_sell_price_exp,ea_ec_food_retail_sell_price_exp.csv,"Euro area: Retail of food, beverages & tobacco (sub-sector FBT): selling-price expectations next 3 months (Q6)",EA,M,"balance, % points",SA,1991-01-01,2026-09-01,429,"European Commission DG ECFIN Business and Consumer Surveys (BCS), seasonally adjusted",https://ec.europa.eu/economy_finance/db_indicators/surveys/documents/series/nace2_ecfin_2609/retail_subsectors_sa_nace2.zip -> retail_subsectors_sa_m_nace2.xlsx sheet 'FBT' column RETA.EA.FBT.6.BS.M,-2,Euro area aggregate as computed by EC (current composition); Released on the penultimate working day of the reference month (flash consumer confidence for EU/EA ~9 days before month end)
ea_ec_ind_sell_price_exp,ea_ec_ind_sell_price_exp.csv,Euro area: Industry (total manufacturing): selling-price expectations for months ahead (Q6),EA,M,"balance, % points",SA,1985-01-01,2026-09-01,501,"European Commission DG ECFIN Business and Consumer Surveys (BCS), seasonally adjusted",https://ec.europa.eu/economy_finance/db_indicators/surveys/documents/series/nace2_ecfin_2609/industry_total_sa_nace2.zip -> industry_total_sa_nace2.xlsx sheet 'INDUSTRY MONTHLY' column INDU.EA.TOT.6.BS.M,-2,Euro area aggregate as computed by EC (current composition); Released on the penultimate working day of the reference month (flash consumer confidence for EU/EA ~9 days before month end)
ea_ec_retail_conf,ea_ec_retail_conf.csv,Euro area: Retail trade confidence indicator ((Q1-Q2+Q4)/3),EA,M,"balance, % points",SA,1985-01-01,2026-09-01,501,"European Commission DG ECFIN Business and Consumer Surveys (BCS), seasonally adjusted",https://ec.europa.eu/economy_finance/db_indicators/surveys/documents/series/nace2_ecfin_2609/retail_total_sa_nace2.zip -> retail_total_sa_nace2.xlsx sheet 'RETAIL TRADE MONTHLY' column RETA.EA.TOT.COF.BS.M,-2,Euro area aggregate as computed by EC (current composition); Released on the penultimate working day of the reference month (flash consumer confidence for EU/EA ~9 days before month end)
ea_ec_retail_sell_price_exp,ea_ec_retail_sell_price_exp.csv,Euro area: Retail trade (total): selling-price expectations next 3 months (Q6),EA,M,"balance, % points",SA,1991-01-01,2026-09-01,429,"European Commission DG ECFIN Business and Consumer Surveys (BCS), seasonally adjusted",https://ec.europa.eu/economy_finance/db_indicators/surveys/documents/series/nace2_ecfin_2609/retail_total_sa_nace2.zip -> retail_total_sa_nace2.xlsx sheet 'RETAIL TRADE MONTHLY' column RETA.EA.TOT.6.BS.M,-2,Euro area aggregate as computed by EC (current composition); Released on the penultimate working day of the reference month (flash consumer confidence for EU/EA ~9 days before month end)
ea_oecd_bci,ea_oecd_bci.csv,Euro area (20): OECD composite business confidence indicator (amplitude adjusted),EA,M,"index, long-term average=100 (amplitude adjusted)",SA,1985-01-01,2026-08-01,500,"OECD SDMX API, dataflow OECD.SDD.STES:DSD_STES@DF_CLI(4.1)",key EA20.M.BCICP.IX._Z.AA.IX._Z.H,15,OECD harmonised methodology; long-term average = 100. Revised each month. Based on the EC harmonised surveys (amplitude-adjusted transformation of EC balances).
ea_oecd_cci,ea_oecd_cci.csv,Euro area (20): OECD composite consumer confidence indicator (amplitude adjusted),EA,M,"index, long-term average=100 (amplitude adjusted)",SA,1973-01-01,2026-08-01,644,"OECD SDMX API, dataflow OECD.SDD.STES:DSD_STES@DF_CLI(4.1)",key EA20.M.CCICP.IX._Z.AA.IX._Z.H,15,OECD harmonised methodology; long-term average = 100. Revised each month. Based on the EC harmonised surveys (amplitude-adjusted transformation of EC balances).
ee_ec_cons_conf,ee_ec_cons_conf.csv,"Estonia: Consumer confidence indicator (avg of Q1,Q2,Q4,Q9)",EE,M,"balance, % points",SA,1992-10-01,2026-04-01,403,"European Commission DG ECFIN Business and Consumer Surveys (BCS), seasonally adjusted",https://ec.europa.eu/economy_finance/db_indicators/surveys/documents/series/nace2_ecfin_2609/consumer_total_sa_nace2.zip -> consumer_total_sa_nace2.xlsx sheet 'CONSUMER MONTHLY' column CONS.EE.TOT.COF.BS.M,-2,EC: Estonian surveys temporarily suspended from May 2026 (partner institute change); Released on the penultimate working day of the reference month (flash consumer confidence for EU/EA ~9 days before month end)
ee_ec_cons_price_exp_12m,ee_ec_cons_price_exp_12m.csv,Estonia: Consumers: price trends over next 12 months (Q6),EE,M,"balance, % points",SA,1993-04-01,2026-04-01,397,"European Commission DG ECFIN Business and Consumer Surveys (BCS), seasonally adjusted",https://ec.europa.eu/economy_finance/db_indicators/surveys/documents/series/nace2_ecfin_2609/consumer_total_sa_nace2.zip -> consumer_total_sa_nace2.xlsx sheet 'CONSUMER MONTHLY' column CONS.EE.TOT.6.BS.M,-2,EC: Estonian surveys temporarily suspended from May 2026 (partner institute change); Released on the penultimate working day of the reference month (flash consumer confidence for EU/EA ~9 days before month end)
ee_ec_cons_price_past_12m,ee_ec_cons_price_past_12m.csv,Estonia: Consumers: perceived price trends over last 12 months (Q5),EE,M,"balance, % points",SA,1993-04-01,2026-04-01,397,"European Commission DG ECFIN Business and Consumer Surveys (BCS), seasonally adjusted",https://ec.europa.eu/economy_finance/db_indicators/surveys/documents/series/nace2_ecfin_2609/consumer_total_sa_nace2.zip -> consumer_total_sa_nace2.xlsx sheet 'CONSUMER MONTHLY' column CONS.EE.TOT.5.BS.M,-2,EC: Estonian surveys temporarily suspended from May 2026 (partner institute change); Released on the penultimate working day of the reference month (flash consumer confidence for EU/EA ~9 days before month end)
ee_ec_esi,ee_ec_esi.csv,Estonia: Economic Sentiment Indicator (ESI),EE,M,"index, long-term average=100",SA,1992-04-01,2026-04-01,409,"European Commission DG ECFIN Business and Consumer Surveys (BCS), seasonally adjusted",https://ec.europa.eu/economy_finance/db_indicators/surveys/documents/series/nace2_ecfin_2609/main_indicators_sa_nace2.zip -> main_indicators_nace2.xlsx sheet 'MONTHLY' column EE.ESI,-2,EC: Estonian surveys temporarily suspended from May 2026 (partner institute change); Released on the penultimate working day of the reference month (flash consumer confidence for EU/EA ~9 days before month end)
ee_ec_food_ind_conf,ee_ec_food_ind_conf.csv,Estonia: Manufacture of food products (NACE C10): industrial confidence indicator ((Q2-Q4+Q5)/3),EE,M,"balance, % points",SA,2010-05-01,2026-04-01,192,"European Commission DG ECFIN Business and Consumer Surveys (BCS), seasonally adjusted",https://ec.europa.eu/economy_finance/db_indicators/surveys/documents/series/nace2_ecfin_2609/industry_subsectors_sa_nace2.zip -> industry_subsectors_sa_m_nace2.xlsx sheet '10' column INDU.EE.10.COF.BS.M,-2,EC: Estonian surveys temporarily suspended from May 2026 (partner institute change); Released on the penultimate working day of the reference month (flash consumer confidence for EU/EA ~9 days before month end)
ee_ec_food_ind_sell_price_exp,ee_ec_food_ind_sell_price_exp.csv,Estonia: Manufacture of food products (NACE C10): selling-price expectations for months ahead (Q6),EE,M,"balance, % points",SA,2010-05-01,2026-04-01,192,"European Commission DG ECFIN Business and Consumer Surveys (BCS), seasonally adjusted",https://ec.europa.eu/economy_finance/db_indicators/surveys/documents/series/nace2_ecfin_2609/industry_subsectors_sa_nace2.zip -> industry_subsectors_sa_m_nace2.xlsx sheet '10' column INDU.EE.10.6.BS.M,-2,EC: Estonian surveys temporarily suspended from May 2026 (partner institute change); Released on the penultimate working day of the reference month (flash consumer confidence for EU/EA ~9 days before month end)
ee_ec_food_retail_sell_price_exp,ee_ec_food_retail_sell_price_exp.csv,"Estonia: Retail of food, beverages & tobacco (sub-sector FBT): selling-price expectations next 3 months (Q6)",EE,M,"balance, % points",SA,2010-05-01,2026-04-01,192,"European Commission DG ECFIN Business and Consumer Surveys (BCS), seasonally adjusted",https://ec.europa.eu/economy_finance/db_indicators/surveys/documents/series/nace2_ecfin_2609/retail_subsectors_sa_nace2.zip -> retail_subsectors_sa_m_nace2.xlsx sheet 'FBT' column RETA.EE.FBT.6.BS.M,-2,EC: Estonian surveys temporarily suspended from May 2026 (partner institute change); Released on the penultimate working day of the reference month (flash consumer confidence for EU/EA ~9 days before month end)
ee_ec_ind_sell_price_exp,ee_ec_ind_sell_price_exp.csv,Estonia: Industry (total manufacturing): selling-price expectations for months ahead (Q6),EE,M,"balance, % points",SA,1992-04-01,2026-04-01,409,"European Commission DG ECFIN Business and Consumer Surveys (BCS), seasonally adjusted",https://ec.europa.eu/economy_finance/db_indicators/surveys/documents/series/nace2_ecfin_2609/industry_total_sa_nace2.zip -> industry_total_sa_nace2.xlsx sheet 'INDUSTRY MONTHLY' column INDU.EE.TOT.6.BS.M,-2,EC: Estonian surveys temporarily suspended from May 2026 (partner institute change); Released on the penultimate working day of the reference month (flash consumer confidence for EU/EA ~9 days before month end)
ee_ec_retail_conf,ee_ec_retail_conf.csv,Estonia: Retail trade confidence indicator ((Q1-Q2+Q4)/3),EE,M,"balance, % points",SA,1995-01-01,2026-04-01,376,"European Commission DG ECFIN Business and Consumer Surveys (BCS), seasonally adjusted",https://ec.europa.eu/economy_finance/db_indicators/surveys/documents/series/nace2_ecfin_2609/retail_total_sa_nace2.zip -> retail_total_sa_nace2.xlsx sheet 'RETAIL TRADE MONTHLY' column RETA.EE.TOT.COF.BS.M,-2,EC: Estonian surveys temporarily suspended from May 2026 (partner institute change); Released on the penultimate working day of the reference month (flash consumer confidence for EU/EA ~9 days before month end)
ee_ec_retail_sell_price_exp,ee_ec_retail_sell_price_exp.csv,Estonia: Retail trade (total): selling-price expectations next 3 months (Q6),EE,M,"balance, % points",SA,2003-05-01,2026-04-01,276,"European Commission DG ECFIN Business and Consumer Surveys (BCS), seasonally adjusted",https://ec.europa.eu/economy_finance/db_indicators/surveys/documents/series/nace2_ecfin_2609/retail_total_sa_nace2.zip -> retail_total_sa_nace2.xlsx sheet 'RETAIL TRADE MONTHLY' column RETA.EE.TOT.6.BS.M,-2,EC: Estonian surveys temporarily suspended from May 2026 (partner institute change); Released on the penultimate working day of the reference month (flash consumer confidence for EU/EA ~9 days before month end)
eu_ec_cons_conf,eu_ec_cons_conf.csv,"European Union: Consumer confidence indicator (avg of Q1,Q2,Q4,Q9)",EU,M,"balance, % points",SA,1985-01-01,2026-09-01,501,"European Commission DG ECFIN Business and Consumer Surveys (BCS), seasonally adjusted",https://ec.europa.eu/economy_finance/db_indicators/surveys/documents/series/nace2_ecfin_2609/consumer_total_sa_nace2.zip -> consumer_total_sa_nace2.xlsx sheet 'CONSUMER MONTHLY' column CONS.EU.TOT.COF.BS.M,-2,EU27 aggregate (current composition) as computed by EC; Released on the penultimate working day of the reference month (flash consumer confidence for EU/EA ~9 days before month end)
eu_ec_cons_price_exp_12m,eu_ec_cons_price_exp_12m.csv,European Union: Consumers: price trends over next 12 months (Q6),EU,M,"balance, % points",SA,1985-01-01,2026-09-01,501,"European Commission DG ECFIN Business and Consumer Surveys (BCS), seasonally adjusted",https://ec.europa.eu/economy_finance/db_indicators/surveys/documents/series/nace2_ecfin_2609/consumer_total_sa_nace2.zip -> consumer_total_sa_nace2.xlsx sheet 'CONSUMER MONTHLY' column CONS.EU.TOT.6.BS.M,-2,EU27 aggregate (current composition) as computed by EC; Released on the penultimate working day of the reference month (flash consumer confidence for EU/EA ~9 days before month end)
eu_ec_cons_price_past_12m,eu_ec_cons_price_past_12m.csv,European Union: Consumers: perceived price trends over last 12 months (Q5),EU,M,"balance, % points",SA,1985-01-01,2026-09-01,501,"European Commission DG ECFIN Business and Consumer Surveys (BCS), seasonally adjusted",https://ec.europa.eu/economy_finance/db_indicators/surveys/documents/series/nace2_ecfin_2609/consumer_total_sa_nace2.zip -> consumer_total_sa_nace2.xlsx sheet 'CONSUMER MONTHLY' column CONS.EU.TOT.5.BS.M,-2,EU27 aggregate (current composition) as computed by EC; Released on the penultimate working day of the reference month (flash consumer confidence for EU/EA ~9 days before month end)
eu_ec_esi,eu_ec_esi.csv,European Union: Economic Sentiment Indicator (ESI),EU,M,"index, long-term average=100",SA,1985-01-01,2026-09-01,501,"European Commission DG ECFIN Business and Consumer Surveys (BCS), seasonally adjusted",https://ec.europa.eu/economy_finance/db_indicators/surveys/documents/series/nace2_ecfin_2609/main_indicators_sa_nace2.zip -> main_indicators_nace2.xlsx sheet 'MONTHLY' column EU.ESI,-2,EU27 aggregate (current composition) as computed by EC; Released on the penultimate working day of the reference month (flash consumer confidence for EU/EA ~9 days before month end)
eu_ec_food_ind_conf,eu_ec_food_ind_conf.csv,European Union: Manufacture of food products (NACE C10): industrial confidence indicator ((Q2-Q4+Q5)/3),EU,M,"balance, % points",SA,1990-04-01,2026-09-01,438,"European Commission DG ECFIN Business and Consumer Surveys (BCS), seasonally adjusted",https://ec.europa.eu/economy_finance/db_indicators/surveys/documents/series/nace2_ecfin_2609/industry_subsectors_sa_nace2.zip -> industry_subsectors_sa_m_nace2.xlsx sheet '10' column INDU.EU.10.COF.BS.M,-2,EU27 aggregate (current composition) as computed by EC; Released on the penultimate working day of the reference month (flash consumer confidence for EU/EA ~9 days before month end)
eu_ec_food_ind_sell_price_exp,eu_ec_food_ind_sell_price_exp.csv,European Union: Manufacture of food products (NACE C10): selling-price expectations for months ahead (Q6),EU,M,"balance, % points",SA,1991-01-01,2026-09-01,429,"European Commission DG ECFIN Business and Consumer Surveys (BCS), seasonally adjusted",https://ec.europa.eu/economy_finance/db_indicators/surveys/documents/series/nace2_ecfin_2609/industry_subsectors_sa_nace2.zip -> industry_subsectors_sa_m_nace2.xlsx sheet '10' column INDU.EU.10.6.BS.M,-2,EU27 aggregate (current composition) as computed by EC; Released on the penultimate working day of the reference month (flash consumer confidence for EU/EA ~9 days before month end)
eu_ec_food_retail_sell_price_exp,eu_ec_food_retail_sell_price_exp.csv,"European Union: Retail of food, beverages & tobacco (sub-sector FBT): selling-price expectations next 3 months (Q6)",EU,M,"balance, % points",SA,1991-01-01,2026-09-01,377,"European Commission DG ECFIN Business and Consumer Surveys (BCS), seasonally adjusted",https://ec.europa.eu/economy_finance/db_indicators/surveys/documents/series/nace2_ecfin_2609/retail_subsectors_sa_nace2.zip -> retail_subsectors_sa_m_nace2.xlsx sheet 'FBT' column RETA.EU.FBT.6.BS.M,-2,EU27 aggregate (current composition) as computed by EC; Released on the penultimate working day of the reference month (flash consumer confidence for EU/EA ~9 days before month end) Internal gap(s) in source data: 1995-09..1999-12.
eu_ec_ind_sell_price_exp,eu_ec_ind_sell_price_exp.csv,European Union: Industry (total manufacturing): selling-price expectations for months ahead (Q6),EU,M,"balance, % points",SA,1985-01-01,2026-09-01,501,"European Commission DG ECFIN Business and Consumer Surveys (BCS), seasonally adjusted",https://ec.europa.eu/economy_finance/db_indicators/surveys/documents/series/nace2_ecfin_2609/industry_total_sa_nace2.zip -> industry_total_sa_nace2.xlsx sheet 'INDUSTRY MONTHLY' column INDU.EU.TOT.6.BS.M,-2,EU27 aggregate (current composition) as computed by EC; Released on the penultimate working day of the reference month (flash consumer confidence for EU/EA ~9 days before month end)
eu_ec_retail_conf,eu_ec_retail_conf.csv,European Union: Retail trade confidence indicator ((Q1-Q2+Q4)/3),EU,M,"balance, % points",SA,1985-10-01,2026-09-01,492,"European Commission DG ECFIN Business and Consumer Surveys (BCS), seasonally adjusted",https://ec.europa.eu/economy_finance/db_indicators/surveys/documents/series/nace2_ecfin_2609/retail_total_sa_nace2.zip -> retail_total_sa_nace2.xlsx sheet 'RETAIL TRADE MONTHLY' column RETA.EU.TOT.COF.BS.M,-2,EU27 aggregate (current composition) as computed by EC; Released on the penultimate working day of the reference month (flash consumer confidence for EU/EA ~9 days before month end)
eu_ec_retail_sell_price_exp,eu_ec_retail_sell_price_exp.csv,European Union: Retail trade (total): selling-price expectations next 3 months (Q6),EU,M,"balance, % points",SA,2002-01-01,2026-09-01,297,"European Commission DG ECFIN Business and Consumer Surveys (BCS), seasonally adjusted",https://ec.europa.eu/economy_finance/db_indicators/surveys/documents/series/nace2_ecfin_2609/retail_total_sa_nace2.zip -> retail_total_sa_nace2.xlsx sheet 'RETAIL TRADE MONTHLY' column RETA.EU.TOT.6.BS.M,-2,EU27 aggregate (current composition) as computed by EC; Released on the penultimate working day of the reference month (flash consumer confidence for EU/EA ~9 days before month end)
fi_ec_cons_conf,fi_ec_cons_conf.csv,"Finland: Consumer confidence indicator (avg of Q1,Q2,Q4,Q9)",FI,M,"balance, % points",SA,1995-10-01,2026-09-01,372,"European Commission DG ECFIN Business and Consumer Surveys (BCS), seasonally adjusted",https://ec.europa.eu/economy_finance/db_indicators/surveys/documents/series/nace2_ecfin_2609/consumer_total_sa_nace2.zip -> consumer_total_sa_nace2.xlsx sheet 'CONSUMER MONTHLY' column CONS.FI.TOT.COF.BS.M,-2,Released on the penultimate working day of the reference month (flash consumer confidence for EU/EA ~9 days before month end)
fi_ec_cons_price_exp_12m,fi_ec_cons_price_exp_12m.csv,Finland: Consumers: price trends over next 12 months (Q6),FI,M,"balance, % points",SA,1995-10-01,2026-09-01,372,"European Commission DG ECFIN Business and Consumer Surveys (BCS), seasonally adjusted",https://ec.europa.eu/economy_finance/db_indicators/surveys/documents/series/nace2_ecfin_2609/consumer_total_sa_nace2.zip -> consumer_total_sa_nace2.xlsx sheet 'CONSUMER MONTHLY' column CONS.FI.TOT.6.BS.M,-2,Released on the penultimate working day of the reference month (flash consumer confidence for EU/EA ~9 days before month end)
fi_ec_cons_price_past_12m,fi_ec_cons_price_past_12m.csv,Finland: Consumers: perceived price trends over last 12 months (Q5),FI,M,"balance, % points",SA,1995-10-01,2026-09-01,372,"European Commission DG ECFIN Business and Consumer Surveys (BCS), seasonally adjusted",https://ec.europa.eu/economy_finance/db_indicators/surveys/documents/series/nace2_ecfin_2609/consumer_total_sa_nace2.zip -> consumer_total_sa_nace2.xlsx sheet 'CONSUMER MONTHLY' column CONS.FI.TOT.5.BS.M,-2,Released on the penultimate working day of the reference month (flash consumer confidence for EU/EA ~9 days before month end)
fi_ec_esi,fi_ec_esi.csv,Finland: Economic Sentiment Indicator (ESI),FI,M,"index, long-term average=100",SA,1985-01-01,2026-09-01,501,"European Commission DG ECFIN Business and Consumer Surveys (BCS), seasonally adjusted",https://ec.europa.eu/economy_finance/db_indicators/surveys/documents/series/nace2_ecfin_2609/main_indicators_sa_nace2.zip -> main_indicators_nace2.xlsx sheet 'MONTHLY' column FI.ESI,-2,Released on the penultimate working day of the reference month (flash consumer confidence for EU/EA ~9 days before month end)
fi_ec_food_ind_conf,fi_ec_food_ind_conf.csv,Finland: Manufacture of food products (NACE C10): industrial confidence indicator ((Q2-Q4+Q5)/3),FI,M,"balance, % points",SA,1996-01-01,2026-09-01,369,"European Commission DG ECFIN Business and Consumer Surveys (BCS), seasonally adjusted",https://ec.europa.eu/economy_finance/db_indicators/surveys/documents/series/nace2_ecfin_2609/industry_subsectors_sa_nace2.zip -> industry_subsectors_sa_m_nace2.xlsx sheet '10' column INDU.FI.10.COF.BS.M,-2,Released on the penultimate working day of the reference month (flash consumer confidence for EU/EA ~9 days before month end)
fi_ec_food_ind_sell_price_exp,fi_ec_food_ind_sell_price_exp.csv,Finland: Manufacture of food products (NACE C10): selling-price expectations for months ahead (Q6),FI,M,"balance, % points",SA,1996-01-01,2026-09-01,369,"European Commission DG ECFIN Business and Consumer Surveys (BCS), seasonally adjusted",https://ec.europa.eu/economy_finance/db_indicators/surveys/documents/series/nace2_ecfin_2609/industry_subsectors_sa_nace2.zip -> industry_subsectors_sa_m_nace2.xlsx sheet '10' column INDU.FI.10.6.BS.M,-2,Released on the penultimate working day of the reference month (flash consumer confidence for EU/EA ~9 days before month end)
fi_ec_food_retail_sell_price_exp,fi_ec_food_retail_sell_price_exp.csv,"Finland: Retail of food, beverages & tobacco (sub-sector FBT): selling-price expectations next 3 months (Q6)",FI,M,"balance, % points",SA,2007-01-01,2026-09-01,237,"European Commission DG ECFIN Business and Consumer Surveys (BCS), seasonally adjusted",https://ec.europa.eu/economy_finance/db_indicators/surveys/documents/series/nace2_ecfin_2609/retail_subsectors_sa_nace2.zip -> retail_subsectors_sa_m_nace2.xlsx sheet 'FBT' column RETA.FI.FBT.6.BS.M,-2,Released on the penultimate working day of the reference month (flash consumer confidence for EU/EA ~9 days before month end)
fi_ec_ind_sell_price_exp,fi_ec_ind_sell_price_exp.csv,Finland: Industry (total manufacturing): selling-price expectations for months ahead (Q6),FI,M,"balance, % points",SA,1985-01-01,2026-09-01,501,"European Commission DG ECFIN Business and Consumer Surveys (BCS), seasonally adjusted",https://ec.europa.eu/economy_finance/db_indicators/surveys/documents/series/nace2_ecfin_2609/industry_total_sa_nace2.zip -> industry_total_sa_nace2.xlsx sheet 'INDUSTRY MONTHLY' column INDU.FI.TOT.6.BS.M,-2,Released on the penultimate working day of the reference month (flash consumer confidence for EU/EA ~9 days before month end)
fi_ec_retail_conf,fi_ec_retail_conf.csv,Finland: Retail trade confidence indicator ((Q1-Q2+Q4)/3),FI,M,"balance, % points",SA,1997-05-01,2026-09-01,353,"European Commission DG ECFIN Business and Consumer Surveys (BCS), seasonally adjusted",https://ec.europa.eu/economy_finance/db_indicators/surveys/documents/series/nace2_ecfin_2609/retail_total_sa_nace2.zip -> retail_total_sa_nace2.xlsx sheet 'RETAIL TRADE MONTHLY' column RETA.FI.TOT.COF.BS.M,-2,Released on the penultimate working day of the reference month (flash consumer confidence for EU/EA ~9 days before month end)
fi_ec_retail_sell_price_exp,fi_ec_retail_sell_price_exp.csv,Finland: Retail trade (total): selling-price expectations next 3 months (Q6),FI,M,"balance, % points",SA,2003-05-01,2026-09-01,281,"European Commission DG ECFIN Business and Consumer Surveys (BCS), seasonally adjusted",https://ec.europa.eu/economy_finance/db_indicators/surveys/documents/series/nace2_ecfin_2609/retail_total_sa_nace2.zip -> retail_total_sa_nace2.xlsx sheet 'RETAIL TRADE MONTHLY' column RETA.FI.TOT.6.BS.M,-2,Released on the penultimate working day of the reference month (flash consumer confidence for EU/EA ~9 days before month end)
fi_oecd_bci,fi_oecd_bci.csv,Finland: OECD composite business confidence indicator (amplitude adjusted),FI,M,"index, long-term average=100 (amplitude adjusted)",SA,1993-01-01,2026-08-01,404,"OECD SDMX API, dataflow OECD.SDD.STES:DSD_STES@DF_CLI(4.1)",key FIN.M.BCICP.IX._Z.AA.IX._Z.H,15,OECD harmonised methodology; long-term average = 100. Revised each month. Based on the EC harmonised surveys (amplitude-adjusted transformation of EC balances).
fi_oecd_cci,fi_oecd_cci.csv,Finland: OECD composite consumer confidence indicator (amplitude adjusted),FI,M,"index, long-term average=100 (amplitude adjusted)",SA,1987-11-01,2026-08-01,466,"OECD SDMX API, dataflow OECD.SDD.STES:DSD_STES@DF_CLI(4.1)",key FIN.M.CCICP.IX._Z.AA.IX._Z.H,15,OECD harmonised methodology; long-term average = 100. Revised each month. Based on the EC harmonised surveys (amplitude-adjusted transformation of EC balances).
g7_oecd_bci,g7_oecd_bci.csv,G7: OECD composite business confidence indicator (amplitude adjusted),G7,M,"index, long-term average=100 (amplitude adjusted)",SA,1962-12-01,2026-08-01,765,"OECD SDMX API, dataflow OECD.SDD.STES:DSD_STES@DF_CLI(4.1)",key G7.M.BCICP.IX._Z.AA.IX._Z.H,15,OECD harmonised methodology; long-term average = 100. Revised each month.
g7_oecd_cci,g7_oecd_cci.csv,G7: OECD composite consumer confidence indicator (amplitude adjusted),G7,M,"index, long-term average=100 (amplitude adjusted)",SA,1973-01-01,2026-08-01,644,"OECD SDMX API, dataflow OECD.SDD.STES:DSD_STES@DF_CLI(4.1)",key G7.M.CCICP.IX._Z.AA.IX._Z.H,15,OECD harmonised methodology; long-term average = 100. Revised each month.
g7_oecd_cli,g7_oecd_cli.csv,G7: OECD composite leading indicator (amplitude adjusted),G7,M,"index, long-term average=100 (amplitude adjusted)",SA,1959-01-01,2026-08-01,812,"OECD SDMX API, dataflow OECD.SDD.STES:DSD_STES@DF_CLI(4.1)",key G7.M.LI.IX._Z.AA.IX._Z.H,12,OECD harmonised methodology; long-term average = 100. Revised each month.
hu_ec_cons_conf,hu_ec_cons_conf.csv,"Hungary: Consumer confidence indicator (avg of Q1,Q2,Q4,Q9)",HU,M,"balance, % points",SA,1993-02-01,2026-09-01,404,"European Commission DG ECFIN Business and Consumer Surveys (BCS), seasonally adjusted",https://ec.europa.eu/economy_finance/db_indicators/surveys/documents/series/nace2_ecfin_2609/consumer_total_sa_nace2.zip -> consumer_total_sa_nace2.xlsx sheet 'CONSUMER MONTHLY' column CONS.HU.TOT.COF.BS.M,-2,Released on the penultimate working day of the reference month (flash consumer confidence for EU/EA ~9 days before month end)
hu_ec_cons_price_exp_12m,hu_ec_cons_price_exp_12m.csv,Hungary: Consumers: price trends over next 12 months (Q6),HU,M,"balance, % points",SA,1993-02-01,2026-09-01,404,"European Commission DG ECFIN Business and Consumer Surveys (BCS), seasonally adjusted",https://ec.europa.eu/economy_finance/db_indicators/surveys/documents/series/nace2_ecfin_2609/consumer_total_sa_nace2.zip -> consumer_total_sa_nace2.xlsx sheet 'CONSUMER MONTHLY' column CONS.HU.TOT.6.BS.M,-2,Released on the penultimate working day of the reference month (flash consumer confidence for EU/EA ~9 days before month end)
hu_ec_cons_price_past_12m,hu_ec_cons_price_past_12m.csv,Hungary: Consumers: perceived price trends over last 12 months (Q5),HU,M,"balance, % points",SA,1993-02-01,2026-09-01,404,"European Commission DG ECFIN Business and Consumer Surveys (BCS), seasonally adjusted",https://ec.europa.eu/economy_finance/db_indicators/surveys/documents/series/nace2_ecfin_2609/consumer_total_sa_nace2.zip -> consumer_total_sa_nace2.xlsx sheet 'CONSUMER MONTHLY' column CONS.HU.TOT.5.BS.M,-2,Released on the penultimate working day of the reference month (flash consumer confidence for EU/EA ~9 days before month end)
hu_ec_esi,hu_ec_esi.csv,Hungary: Economic Sentiment Indicator (ESI),HU,M,"index, long-term average=100",SA,1996-01-01,2026-09-01,369,"European Commission DG ECFIN Business and Consumer Surveys (BCS), seasonally adjusted",https://ec.europa.eu/economy_finance/db_indicators/surveys/documents/series/nace2_ecfin_2609/main_indicators_sa_nace2.zip -> main_indicators_nace2.xlsx sheet 'MONTHLY' column HU.ESI,-2,Released on the penultimate working day of the reference month (flash consumer confidence for EU/EA ~9 days before month end)
hu_ec_food_ind_conf,hu_ec_food_ind_conf.csv,Hungary: Manufacture of food products (NACE C10): industrial confidence indicator ((Q2-Q4+Q5)/3),HU,M,"balance, % points",SA,1996-01-01,2026-09-01,369,"European Commission DG ECFIN Business and Consumer Surveys (BCS), seasonally adjusted",https://ec.europa.eu/economy_finance/db_indicators/surveys/documents/series/nace2_ecfin_2609/industry_subsectors_sa_nace2.zip -> industry_subsectors_sa_m_nace2.xlsx sheet '10' column INDU.HU.10.COF.BS.M,-2,Released on the penultimate working day of the reference month (flash consumer confidence for EU/EA ~9 days before month end)
hu_ec_food_ind_sell_price_exp,hu_ec_food_ind_sell_price_exp.csv,Hungary: Manufacture of food products (NACE C10): selling-price expectations for months ahead (Q6),HU,M,"balance, % points",SA,1997-01-01,2026-09-01,357,"European Commission DG ECFIN Business and Consumer Surveys (BCS), seasonally adjusted",https://ec.europa.eu/economy_finance/db_indicators/surveys/documents/series/nace2_ecfin_2609/industry_subsectors_sa_nace2.zip -> industry_subsectors_sa_m_nace2.xlsx sheet '10' column INDU.HU.10.6.BS.M,-2,Released on the penultimate working day of the reference month (flash consumer confidence for EU/EA ~9 days before month end)
hu_ec_food_retail_sell_price_exp,hu_ec_food_retail_sell_price_exp.csv,"Hungary: Retail of food, beverages & tobacco (sub-sector FBT): selling-price expectations next 3 months (Q6)",HU,M,"balance, % points",SA,1996-01-01,2026-09-01,369,"European Commission DG ECFIN Business and Consumer Surveys (BCS), seasonally adjusted",https://ec.europa.eu/economy_finance/db_indicators/surveys/documents/series/nace2_ecfin_2609/retail_subsectors_sa_nace2.zip -> retail_subsectors_sa_m_nace2.xlsx sheet 'FBT' column RETA.HU.FBT.6.BS.M,-2,Released on the penultimate working day of the reference month (flash consumer confidence for EU/EA ~9 days before month end)
hu_ec_ind_sell_price_exp,hu_ec_ind_sell_price_exp.csv,Hungary: Industry (total manufacturing): selling-price expectations for months ahead (Q6),HU,M,"balance, % points",SA,2000-01-01,2026-09-01,321,"European Commission DG ECFIN Business and Consumer Surveys (BCS), seasonally adjusted",https://ec.europa.eu/economy_finance/db_indicators/surveys/documents/series/nace2_ecfin_2609/industry_total_sa_nace2.zip -> industry_total_sa_nace2.xlsx sheet 'INDUSTRY MONTHLY' column INDU.HU.TOT.6.BS.M,-2,Released on the penultimate working day of the reference month (flash consumer confidence for EU/EA ~9 days before month end)
hu_ec_retail_conf,hu_ec_retail_conf.csv,Hungary: Retail trade confidence indicator ((Q1-Q2+Q4)/3),HU,M,"balance, % points",SA,1996-01-01,2026-09-01,369,"European Commission DG ECFIN Business and Consumer Surveys (BCS), seasonally adjusted",https://ec.europa.eu/economy_finance/db_indicators/surveys/documents/series/nace2_ecfin_2609/retail_total_sa_nace2.zip -> retail_total_sa_nace2.xlsx sheet 'RETAIL TRADE MONTHLY' column RETA.HU.TOT.COF.BS.M,-2,Released on the penultimate working day of the reference month (flash consumer confidence for EU/EA ~9 days before month end)
hu_ec_retail_sell_price_exp,hu_ec_retail_sell_price_exp.csv,Hungary: Retail trade (total): selling-price expectations next 3 months (Q6),HU,M,"balance, % points",SA,1996-01-01,2026-09-01,369,"European Commission DG ECFIN Business and Consumer Surveys (BCS), seasonally adjusted",https://ec.europa.eu/economy_finance/db_indicators/surveys/documents/series/nace2_ecfin_2609/retail_total_sa_nace2.zip -> retail_total_sa_nace2.xlsx sheet 'RETAIL TRADE MONTHLY' column RETA.HU.TOT.6.BS.M,-2,Released on the penultimate working day of the reference month (flash consumer confidence for EU/EA ~9 days before month end)
in_oecd_bci,in_oecd_bci.csv,India: OECD composite business confidence indicator (amplitude adjusted),IN,M,"index, long-term average=100 (amplitude adjusted)",SA,2000-05-01,2026-02-01,310,"OECD SDMX API, dataflow OECD.SDD.STES:DSD_STES@DF_CLI(4.1)",key IND.M.BCICP.IX._Z.AA.IX._Z.H,15,OECD harmonised methodology; long-term average = 100. Revised each month.
in_oecd_cci,in_oecd_cci.csv,India: OECD composite consumer confidence indicator (amplitude adjusted),IN,M,"index, long-term average=100 (amplitude adjusted)",SA,2012-08-01,2026-06-01,167,"OECD SDMX API, dataflow OECD.SDD.STES:DSD_STES@DF_CLI(4.1)",key IND.M.CCICP.IX._Z.AA.IX._Z.H,15,OECD harmonised methodology; long-term average = 100. Revised each month.
in_oecd_cli,in_oecd_cli.csv,India: OECD composite leading indicator (amplitude adjusted),IN,M,"index, long-term average=100 (amplitude adjusted)",SA,1994-04-01,2026-08-01,389,"OECD SDMX API, dataflow OECD.SDD.STES:DSD_STES@DF_CLI(4.1)",key IND.M.LI.IX._Z.AA.IX._Z.H,12,OECD harmonised methodology; long-term average = 100. Revised each month.
lt_ec_cons_conf,lt_ec_cons_conf.csv,"Lithuania: Consumer confidence indicator (avg of Q1,Q2,Q4,Q9)",LT,M,"balance, % points",SA,2001-05-01,2026-09-01,305,"European Commission DG ECFIN Business and Consumer Surveys (BCS), seasonally adjusted",https://ec.europa.eu/economy_finance/db_indicators/surveys/documents/series/nace2_ecfin_2609/consumer_total_sa_nace2.zip -> consumer_total_sa_nace2.xlsx sheet 'CONSUMER MONTHLY' column CONS.LT.TOT.COF.BS.M,-2,Released on the penultimate working day of the reference month (flash consumer confidence for EU/EA ~9 days before month end)
lt_ec_cons_price_exp_12m,lt_ec_cons_price_exp_12m.csv,Lithuania: Consumers: price trends over next 12 months (Q6),LT,M,"balance, % points",SA,2001-05-01,2026-09-01,305,"European Commission DG ECFIN Business and Consumer Surveys (BCS), seasonally adjusted",https://ec.europa.eu/economy_finance/db_indicators/surveys/documents/series/nace2_ecfin_2609/consumer_total_sa_nace2.zip -> consumer_total_sa_nace2.xlsx sheet 'CONSUMER MONTHLY' column CONS.LT.TOT.6.BS.M,-2,Released on the penultimate working day of the reference month (flash consumer confidence for EU/EA ~9 days before month end)
lt_ec_cons_price_past_12m,lt_ec_cons_price_past_12m.csv,Lithuania: Consumers: perceived price trends over last 12 months (Q5),LT,M,"balance, % points",SA,2001-05-01,2026-09-01,305,"European Commission DG ECFIN Business and Consumer Surveys (BCS), seasonally adjusted",https://ec.europa.eu/economy_finance/db_indicators/surveys/documents/series/nace2_ecfin_2609/consumer_total_sa_nace2.zip -> consumer_total_sa_nace2.xlsx sheet 'CONSUMER MONTHLY' column CONS.LT.TOT.5.BS.M,-2,Released on the penultimate working day of the reference month (flash consumer confidence for EU/EA ~9 days before month end)
lt_ec_esi,lt_ec_esi.csv,Lithuania: Economic Sentiment Indicator (ESI),LT,M,"index, long-term average=100",SA,1993-05-01,2026-09-01,401,"European Commission DG ECFIN Business and Consumer Surveys (BCS), seasonally adjusted",https://ec.europa.eu/economy_finance/db_indicators/surveys/documents/series/nace2_ecfin_2609/main_indicators_sa_nace2.zip -> main_indicators_nace2.xlsx sheet 'MONTHLY' column LT.ESI,-2,Released on the penultimate working day of the reference month (flash consumer confidence for EU/EA ~9 days before month end)
lt_ec_food_ind_conf,lt_ec_food_ind_conf.csv,Lithuania: Manufacture of food products (NACE C10): industrial confidence indicator ((Q2-Q4+Q5)/3),LT,M,"balance, % points",SA,2005-01-01,2026-09-01,261,"European Commission DG ECFIN Business and Consumer Surveys (BCS), seasonally adjusted",https://ec.europa.eu/economy_finance/db_indicators/surveys/documents/series/nace2_ecfin_2609/industry_subsectors_sa_nace2.zip -> industry_subsectors_sa_m_nace2.xlsx sheet '10' column INDU.LT.10.COF.BS.M,-2,Released on the penultimate working day of the reference month (flash consumer confidence for EU/EA ~9 days before month end)
lt_ec_food_ind_sell_price_exp,lt_ec_food_ind_sell_price_exp.csv,Lithuania: Manufacture of food products (NACE C10): selling-price expectations for months ahead (Q6),LT,M,"balance, % points",SA,2005-01-01,2026-09-01,261,"European Commission DG ECFIN Business and Consumer Surveys (BCS), seasonally adjusted",https://ec.europa.eu/economy_finance/db_indicators/surveys/documents/series/nace2_ecfin_2609/industry_subsectors_sa_nace2.zip -> industry_subsectors_sa_m_nace2.xlsx sheet '10' column INDU.LT.10.6.BS.M,-2,Released on the penultimate working day of the reference month (flash consumer confidence for EU/EA ~9 days before month end)
lt_ec_food_retail_sell_price_exp,lt_ec_food_retail_sell_price_exp.csv,"Lithuania: Retail of food, beverages & tobacco (sub-sector FBT): selling-price expectations next 3 months (Q6)",LT,M,"balance, % points",SA,2005-01-01,2026-09-01,261,"European Commission DG ECFIN Business and Consumer Surveys (BCS), seasonally adjusted",https://ec.europa.eu/economy_finance/db_indicators/surveys/documents/series/nace2_ecfin_2609/retail_subsectors_sa_nace2.zip -> retail_subsectors_sa_m_nace2.xlsx sheet 'FBT' column RETA.LT.FBT.6.BS.M,-2,Released on the penultimate working day of the reference month (flash consumer confidence for EU/EA ~9 days before month end)
lt_ec_ind_sell_price_exp,lt_ec_ind_sell_price_exp.csv,Lithuania: Industry (total manufacturing): selling-price expectations for months ahead (Q6),LT,M,"balance, % points",SA,1993-08-01,2026-09-01,398,"European Commission DG ECFIN Business and Consumer Surveys (BCS), seasonally adjusted",https://ec.europa.eu/economy_finance/db_indicators/surveys/documents/series/nace2_ecfin_2609/industry_total_sa_nace2.zip -> industry_total_sa_nace2.xlsx sheet 'INDUSTRY MONTHLY' column INDU.LT.TOT.6.BS.M,-2,Released on the penultimate working day of the reference month (flash consumer confidence for EU/EA ~9 days before month end)
lt_ec_retail_conf,lt_ec_retail_conf.csv,Lithuania: Retail trade confidence indicator ((Q1-Q2+Q4)/3),LT,M,"balance, % points",SA,1995-04-01,2026-09-01,378,"European Commission DG ECFIN Business and Consumer Surveys (BCS), seasonally adjusted",https://ec.europa.eu/economy_finance/db_indicators/surveys/documents/series/nace2_ecfin_2609/retail_total_sa_nace2.zip -> retail_total_sa_nace2.xlsx sheet 'RETAIL TRADE MONTHLY' column RETA.LT.TOT.COF.BS.M,-2,Released on the penultimate working day of the reference month (flash consumer confidence for EU/EA ~9 days before month end)
lt_ec_retail_sell_price_exp,lt_ec_retail_sell_price_exp.csv,Lithuania: Retail trade (total): selling-price expectations next 3 months (Q6),LT,M,"balance, % points",SA,2003-05-01,2026-09-01,281,"European Commission DG ECFIN Business and Consumer Surveys (BCS), seasonally adjusted",https://ec.europa.eu/economy_finance/db_indicators/surveys/documents/series/nace2_ecfin_2609/retail_total_sa_nace2.zip -> retail_total_sa_nace2.xlsx sheet 'RETAIL TRADE MONTHLY' column RETA.LT.TOT.6.BS.M,-2,Released on the penultimate working day of the reference month (flash consumer confidence for EU/EA ~9 days before month end)
lv_ec_cons_conf,lv_ec_cons_conf.csv,"Latvia: Consumer confidence indicator (avg of Q1,Q2,Q4,Q9)",LV,M,"balance, % points",SA,1993-01-01,2026-09-01,392,"European Commission DG ECFIN Business and Consumer Surveys (BCS), seasonally adjusted",https://ec.europa.eu/economy_finance/db_indicators/surveys/documents/series/nace2_ecfin_2609/consumer_total_sa_nace2.zip -> consumer_total_sa_nace2.xlsx sheet 'CONSUMER MONTHLY' column CONS.LV.TOT.COF.BS.M,-2,Released on the penultimate working day of the reference month (flash consumer confidence for EU/EA ~9 days before month end) Internal gap(s) in source data: 2000-04..2001-04.
lv_ec_cons_price_exp_12m,lv_ec_cons_price_exp_12m.csv,Latvia: Consumers: price trends over next 12 months (Q6),LV,M,"balance, % points",SA,1993-01-01,2026-09-01,392,"European Commission DG ECFIN Business and Consumer Surveys (BCS), seasonally adjusted",https://ec.europa.eu/economy_finance/db_indicators/surveys/documents/series/nace2_ecfin_2609/consumer_total_sa_nace2.zip -> consumer_total_sa_nace2.xlsx sheet 'CONSUMER MONTHLY' column CONS.LV.TOT.6.BS.M,-2,Released on the penultimate working day of the reference month (flash consumer confidence for EU/EA ~9 days before month end) Internal gap(s) in source data: 2000-04..2001-04.
lv_ec_cons_price_past_12m,lv_ec_cons_price_past_12m.csv,Latvia: Consumers: perceived price trends over last 12 months (Q5),LV,M,"balance, % points",SA,1993-01-01,2026-09-01,392,"European Commission DG ECFIN Business and Consumer Surveys (BCS), seasonally adjusted",https://ec.europa.eu/economy_finance/db_indicators/surveys/documents/series/nace2_ecfin_2609/consumer_total_sa_nace2.zip -> consumer_total_sa_nace2.xlsx sheet 'CONSUMER MONTHLY' column CONS.LV.TOT.5.BS.M,-2,Released on the penultimate working day of the reference month (flash consumer confidence for EU/EA ~9 days before month end) Internal gap(s) in source data: 2000-04..2001-04.
lv_ec_esi,lv_ec_esi.csv,Latvia: Economic Sentiment Indicator (ESI),LV,M,"index, long-term average=100",SA,1993-04-01,2026-09-01,402,"European Commission DG ECFIN Business and Consumer Surveys (BCS), seasonally adjusted",https://ec.europa.eu/economy_finance/db_indicators/surveys/documents/series/nace2_ecfin_2609/main_indicators_sa_nace2.zip -> main_indicators_nace2.xlsx sheet 'MONTHLY' column LV.ESI,-2,Released on the penultimate working day of the reference month (flash consumer confidence for EU/EA ~9 days before month end)
lv_ec_food_ind_conf,lv_ec_food_ind_conf.csv,Latvia: Manufacture of food products (NACE C10): industrial confidence indicator ((Q2-Q4+Q5)/3),LV,M,"balance, % points",SA,2004-01-01,2026-09-01,273,"European Commission DG ECFIN Business and Consumer Surveys (BCS), seasonally adjusted",https://ec.europa.eu/economy_finance/db_indicators/surveys/documents/series/nace2_ecfin_2609/industry_subsectors_sa_nace2.zip -> industry_subsectors_sa_m_nace2.xlsx sheet '10' column INDU.LV.10.COF.BS.M,-2,Released on the penultimate working day of the reference month (flash consumer confidence for EU/EA ~9 days before month end)
lv_ec_food_ind_sell_price_exp,lv_ec_food_ind_sell_price_exp.csv,Latvia: Manufacture of food products (NACE C10): selling-price expectations for months ahead (Q6),LV,M,"balance, % points",SA,2004-01-01,2026-09-01,273,"European Commission DG ECFIN Business and Consumer Surveys (BCS), seasonally adjusted",https://ec.europa.eu/economy_finance/db_indicators/surveys/documents/series/nace2_ecfin_2609/industry_subsectors_sa_nace2.zip -> industry_subsectors_sa_m_nace2.xlsx sheet '10' column INDU.LV.10.6.BS.M,-2,Released on the penultimate working day of the reference month (flash consumer confidence for EU/EA ~9 days before month end)
lv_ec_food_retail_sell_price_exp,lv_ec_food_retail_sell_price_exp.csv,"Latvia: Retail of food, beverages & tobacco (sub-sector FBT): selling-price expectations next 3 months (Q6)",LV,M,"balance, % points",SA,2003-01-01,2026-09-01,285,"European Commission DG ECFIN Business and Consumer Surveys (BCS), seasonally adjusted",https://ec.europa.eu/economy_finance/db_indicators/surveys/documents/series/nace2_ecfin_2609/retail_subsectors_sa_nace2.zip -> retail_subsectors_sa_m_nace2.xlsx sheet 'FBT' column RETA.LV.FBT.6.BS.M,-2,Released on the penultimate working day of the reference month (flash consumer confidence for EU/EA ~9 days before month end)
lv_ec_ind_sell_price_exp,lv_ec_ind_sell_price_exp.csv,Latvia: Industry (total manufacturing): selling-price expectations for months ahead (Q6),LV,M,"balance, % points",SA,1993-04-01,2026-09-01,402,"European Commission DG ECFIN Business and Consumer Surveys (BCS), seasonally adjusted",https://ec.europa.eu/economy_finance/db_indicators/surveys/documents/series/nace2_ecfin_2609/industry_total_sa_nace2.zip -> industry_total_sa_nace2.xlsx sheet 'INDUSTRY MONTHLY' column INDU.LV.TOT.6.BS.M,-2,Released on the penultimate working day of the reference month (flash consumer confidence for EU/EA ~9 days before month end)
lv_ec_retail_conf,lv_ec_retail_conf.csv,Latvia: Retail trade confidence indicator ((Q1-Q2+Q4)/3),LV,M,"balance, % points",SA,1996-01-01,2026-09-01,369,"European Commission DG ECFIN Business and Consumer Surveys (BCS), seasonally adjusted",https://ec.europa.eu/economy_finance/db_indicators/surveys/documents/series/nace2_ecfin_2609/retail_total_sa_nace2.zip -> retail_total_sa_nace2.xlsx sheet 'RETAIL TRADE MONTHLY' column RETA.LV.TOT.COF.BS.M,-2,Released on the penultimate working day of the reference month (flash consumer confidence for EU/EA ~9 days before month end)
lv_ec_retail_sell_price_exp,lv_ec_retail_sell_price_exp.csv,Latvia: Retail trade (total): selling-price expectations next 3 months (Q6),LV,M,"balance, % points",SA,2003-05-01,2026-09-01,281,"European Commission DG ECFIN Business and Consumer Surveys (BCS), seasonally adjusted",https://ec.europa.eu/economy_finance/db_indicators/surveys/documents/series/nace2_ecfin_2609/retail_total_sa_nace2.zip -> retail_total_sa_nace2.xlsx sheet 'RETAIL TRADE MONTHLY' column RETA.LV.TOT.6.BS.M,-2,Released on the penultimate working day of the reference month (flash consumer confidence for EU/EA ~9 days before month end)
no_fn_big_purchases,no_fn_big_purchases.csv,Norway: Forventningsbarometeret sub-indicator: good time for larger purchases,NO,Q,"net balance, % points",NSA,1992-07-01,2026-07-01,137,"Finans Norge / Verian (Kantar) Forventningsbarometeret (household expectations survey), finansnorge.no",https://datawrapper.dwcdn.net/4EDKP/28/dataset.csv column 'Større anskaffelser',-45,Quarterly household survey (since 1992Q3). Interviews in the first weeks of the middle month of the quarter; results published ~mid-quarter (2026Q3 on 2026-08-12). Data scraped from the Datawrapper chart behind finansnorge.no 'Siste kvartalstall'.
no_fn_cci_nsa,no_fn_cci_nsa.csv,"Norway: Forventningsbarometeret main indicator (household consumer confidence), unadjusted",NO,Q,"net balance, % points (avg of 5 sub-indicators)",NSA,1992-07-01,2026-07-01,137,"Finans Norge / Verian (Kantar) Forventningsbarometeret (household expectations survey), finansnorge.no",https://datawrapper.dwcdn.net/dPMwa/27/dataset.csv column 'Ujustert trendindicator',-45,Quarterly household survey (since 1992Q3). Interviews in the first weeks of the middle month of the quarter; results published ~mid-quarter (2026Q3 on 2026-08-12). Data scraped from the Datawrapper chart behind finansnorge.no 'Siste kvartalstall'.
no_fn_cci_sa,no_fn_cci_sa.csv,"Norway: Forventningsbarometeret main indicator (household consumer confidence), seasonally adjusted",NO,Q,"net balance, % points (avg of 5 sub-indicators)",SA,1992-07-01,2026-07-01,137,"Finans Norge / Verian (Kantar) Forventningsbarometeret (household expectations survey), finansnorge.no",https://datawrapper.dwcdn.net/dPMwa/27/dataset.csv column 'Justert trendindicator',-45,Quarterly household survey (since 1992Q3). Interviews in the first weeks of the middle month of the quarter; results published ~mid-quarter (2026Q3 on 2026-08-12). Data scraped from the Datawrapper chart behind finansnorge.no 'Siste kvartalstall'. SA series is re-estimated each quarter (latest vintage stored).
no_fn_country_econ_next_yr,no_fn_country_econ_next_yr.csv,Norway: Forventningsbarometeret sub-indicator: Norway's economy next year,NO,Q,"net balance, % points",NSA,1992-07-01,2026-07-01,137,"Finans Norge / Verian (Kantar) Forventningsbarometeret (household expectations survey), finansnorge.no",https://datawrapper.dwcdn.net/4EDKP/28/dataset.csv column 'Landet neste år',-45,Quarterly household survey (since 1992Q3). Interviews in the first weeks of the middle month of the quarter; results published ~mid-quarter (2026Q3 on 2026-08-12). Data scraped from the Datawrapper chart behind finansnorge.no 'Siste kvartalstall'.
no_fn_country_econ_past_yr,no_fn_country_econ_past_yr.csv,Norway: Forventningsbarometeret sub-indicator: Norway's economy past year,NO,Q,"net balance, % points",NSA,1992-10-01,2026-07-01,136,"Finans Norge / Verian (Kantar) Forventningsbarometeret (household expectations survey), finansnorge.no",https://datawrapper.dwcdn.net/4EDKP/28/dataset.csv column 'Landet siste år',-45,Quarterly household survey (since 1992Q3). Interviews in the first weeks of the middle month of the quarter; results published ~mid-quarter (2026Q3 on 2026-08-12). Data scraped from the Datawrapper chart behind finansnorge.no 'Siste kvartalstall'.
no_fn_own_econ_next_yr,no_fn_own_econ_next_yr.csv,Norway: Forventningsbarometeret sub-indicator: own household economy next year,NO,Q,"net balance, % points",NSA,1992-07-01,2026-07-01,137,"Finans Norge / Verian (Kantar) Forventningsbarometeret (household expectations survey), finansnorge.no",https://datawrapper.dwcdn.net/4EDKP/28/dataset.csv column 'Egen økonomi neste år',-45,Quarterly household survey (since 1992Q3). Interviews in the first weeks of the middle month of the quarter; results published ~mid-quarter (2026Q3 on 2026-08-12). Data scraped from the Datawrapper chart behind finansnorge.no 'Siste kvartalstall'.
no_fn_own_econ_past_yr,no_fn_own_econ_past_yr.csv,Norway: Forventningsbarometeret sub-indicator: own household economy past year,NO,Q,"net balance, % points",NSA,1992-07-01,2026-07-01,137,"Finans Norge / Verian (Kantar) Forventningsbarometeret (household expectations survey), finansnorge.no",https://datawrapper.dwcdn.net/4EDKP/28/dataset.csv column 'Egen økonomi siste år',-45,Quarterly household survey (since 1992Q3). Interviews in the first weeks of the middle month of the quarter; results published ~mid-quarter (2026Q3 on 2026-08-12). Data scraped from the Datawrapper chart behind finansnorge.no 'Siste kvartalstall'.
no_nbes_bl_infl_exp_12m,no_nbes_bl_infl_exp_12m.csv,Norway: business leaders' expected CPI inflation 12 months ahead (mean),NO,Q,percent,NSA,2002-01-01,2026-07-01,99,Norges Bank Expectations Survey (conducted by Ipsos; quarterly),"https://www.norges-bank.no/contentassets/b57a282e94824048b47ed4a0498acf40/expectations_survey_2026_3.xlsx?v=20082026092726 sheet 'INFLATION' column index 47 ({'top': 'NEXT 12 MONTHS', 'grp': 'BUSINESS LEADERS', 'q': 19, 'sub': 'Business leaders', 'stat': 'Average'})",-40,Q19. Survey conducted early in the middle month of the quarter and published ~6 weeks before quarter end (e.g. 2026Q3 file dated 2026-08-20). Dates = first day of survey quarter.
no_nbes_bl_infl_exp_2y,no_nbes_bl_infl_exp_2y.csv,Norway: business leaders' expected CPI inflation in 2 years (mean),NO,Q,percent,NSA,2002-01-01,2026-07-01,99,Norges Bank Expectations Survey (conducted by Ipsos; quarterly),"https://www.norges-bank.no/contentassets/b57a282e94824048b47ed4a0498acf40/expectations_survey_2026_3.xlsx?v=20082026092726 sheet 'INFLATION' column index 118 ({'top': 'TWO YEARS', 'grp': 'BUSINESS LEADERS', 'q': 20, 'sub': 'Business leaders', 'stat': 'Average'})",-40,Q20. Survey conducted early in the middle month of the quarter and published ~6 weeks before quarter end (e.g. 2026Q3 file dated 2026-08-20). Dates = first day of survey quarter.
no_nbes_bl_profit_next12m,no_nbes_bl_profit_next12m.csv,Norway: business leaders' expected change in profitability (EBITDA margin) next 12 months (profitability index),NO,Q,"net balance (improve minus weaken), % points",NSA,2009-01-01,2026-07-01,71,Norges Bank Expectations Survey (conducted by Ipsos; quarterly),"https://www.norges-bank.no/contentassets/b57a282e94824048b47ed4a0498acf40/expectations_survey_2026_3.xlsx?v=20082026092726 sheet 'EMPLOYMENT AND PROFITABILITY' column index 73 ({'top': 'PROFITABILITY', 'q': 27, 'sub': 'Business leaders', 'stat': 'Profitability index'})",-40,Q27. Survey conducted early in the middle month of the quarter and published ~6 weeks before quarter end (e.g. 2026Q3 file dated 2026-08-20). Dates = first day of survey quarter.
no_nbes_bl_profit_past12m,no_nbes_bl_profit_past12m.csv,Norway: business leaders' reported change in profitability (EBITDA margin) past 12 months (profitability index),NO,Q,"net balance (improved minus weakened), % points",NSA,2009-01-01,2026-07-01,71,Norges Bank Expectations Survey (conducted by Ipsos; quarterly),"https://www.norges-bank.no/contentassets/b57a282e94824048b47ed4a0498acf40/expectations_survey_2026_3.xlsx?v=20082026092726 sheet 'EMPLOYMENT AND PROFITABILITY' column index 54 ({'top': 'PROFITABILITY', 'q': 26, 'sub': 'Business leaders', 'stat': 'Profitability index'})",-40,Q26. Survey conducted early in the middle month of the quarter and published ~6 weeks before quarter end (e.g. 2026Q3 file dated 2026-08-20). Dates = first day of survey quarter.
no_nbes_bl_purch_price_di,no_nbes_bl_purch_price_di.csv,Norway: business leaders' expected purchase-price growth next 12m vs past 12m (diffusion index),NO,Q,diffusion index (50 = same pace),NSA,2002-01-01,2026-07-01,99,Norges Bank Expectations Survey (conducted by Ipsos; quarterly),"https://www.norges-bank.no/contentassets/b57a282e94824048b47ed4a0498acf40/expectations_survey_2026_3.xlsx?v=20082026092726 sheet 'INFLATION' column index 65 ({'top': 'NEXT 12 MONTHS', 'grp': 'BUSINESS LEADERS', 'q': 22, 'sub': 'Business leaders', 'stat': 'Diffusion index'})",-40,Q22: increase more / same pace / less than past 12 months. Survey conducted early in the middle month of the quarter and published ~6 weeks before quarter end (e.g. 2026Q3 file dated 2026-08-20). Dates = first day of survey quarter.
no_nbes_bl_sell_price_di,no_nbes_bl_sell_price_di.csv,Norway: business leaders' expected selling-price growth next 12m vs past 12m (diffusion index),NO,Q,diffusion index (50 = same pace),NSA,2002-01-01,2026-07-01,99,Norges Bank Expectations Survey (conducted by Ipsos; quarterly),"https://www.norges-bank.no/contentassets/b57a282e94824048b47ed4a0498acf40/expectations_survey_2026_3.xlsx?v=20082026092726 sheet 'INFLATION' column index 81 ({'top': 'NEXT 12 MONTHS', 'grp': 'BUSINESS LEADERS', 'q': 23, 'sub': 'Business leaders', 'stat': 'Diffusion index'})",-40,Q23: increase more / same pace / less than past 12 months. Survey conducted early in the middle month of the quarter and published ~6 weeks before quarter end (e.g. 2026Q3 file dated 2026-08-20). Dates = first day of survey quarter.
no_nbes_econ_infl_exp_2y,no_nbes_econ_infl_exp_2y.csv,Norway: economists' (financial industry + academia) expected CPI inflation in 2 years (mean),NO,Q,percent,NSA,2002-01-01,2026-07-01,99,Norges Bank Expectations Survey (conducted by Ipsos; quarterly),"https://www.norges-bank.no/contentassets/b57a282e94824048b47ed4a0498acf40/expectations_survey_2026_3.xlsx?v=20082026092726 sheet 'INFLATION' column index 105 ({'top': 'TWO YEARS', 'grp': 'ECONOMISTS', 'sub': 'Economists', 'stat': 'Average'})",-40,Q2. Survey conducted early in the middle month of the quarter and published ~6 weeks before quarter end (e.g. 2026Q3 file dated 2026-08-20). Dates = first day of survey quarter.
no_nbes_hh_infl_exp_12m,no_nbes_hh_infl_exp_12m.csv,Norway: households' expected CPI inflation 12 months ahead (mean),NO,Q,percent,NSA,2002-07-01,2026-07-01,97,Norges Bank Expectations Survey (conducted by Ipsos; quarterly),"https://www.norges-bank.no/contentassets/b57a282e94824048b47ed4a0498acf40/expectations_survey_2026_3.xlsx?v=20082026092726 sheet 'INFLATION' column index 7 ({'top': 'NEXT 12 MONTHS', 'grp': 'HOUSEHOLDS', 'q': 32, 'stat': 'Average'})",-40,Q32 'About how much higher/lower' (mean). Households series from 2002Q3. Survey conducted early in the middle month of the quarter and published ~6 weeks before quarter end (e.g. 2026Q3 file dated 2026-08-20). Dates = first day of survey quarter.
no_nbes_hh_infl_exp_2_3y,no_nbes_hh_infl_exp_2_3y.csv,Norway: households' expected CPI inflation in 2-3 years (mean),NO,Q,percent,NSA,2002-01-01,2026-07-01,99,Norges Bank Expectations Survey (conducted by Ipsos; quarterly),"https://www.norges-bank.no/contentassets/b57a282e94824048b47ed4a0498acf40/expectations_survey_2026_3.xlsx?v=20082026092726 sheet 'INFLATION' column index 123 ({'top': 'TWO YEARS', 'grp': 'HOUSEHOLDS', 'q': 33, 'stat': 'Average'})",-40,Q33. Survey conducted early in the middle month of the quarter and published ~6 weeks before quarter end (e.g. 2026Q3 file dated 2026-08-20). Dates = first day of survey quarter.
no_nbrn_output_cur_hhserv,no_nbrn_output_cur_hhserv.csv,"Norway: Norges Bank Regional Network, output growth current quarter (past 3 months), household services",NO,Q,"percent, quarter-on-quarter (contacts' reported/expected)",NSA,2005-01-01,2026-07-01,87,Norges Bank Regional Network (quarterly survey of ~1500 enterprises),"https://www.norges-bank.no/contentassets/5cf2ad95ea9249e4951e145f7c2591de/regional-network-3-2026.xlsx?v=01102026162326 sheet 'Output', block 'Current quarter', column 'Household services'",-15,Survey round n refers to quarter n; report published ~2-3 weeks BEFORE the end of the reference quarter. Since Survey 2023/1 questions are quantitative (percent change); Norges Bank has back-calculated history to 2005 on the new basis. Dates = first day of the survey quarter. Household services sub-series = 'Household services' column.
no_nbrn_output_cur_retail,no_nbrn_output_cur_retail.csv,"Norway: Norges Bank Regional Network, output growth current quarter (past 3 months), retail trade",NO,Q,"percent, quarter-on-quarter (contacts' reported/expected)",NSA,2005-01-01,2026-07-01,87,Norges Bank Regional Network (quarterly survey of ~1500 enterprises),"https://www.norges-bank.no/contentassets/5cf2ad95ea9249e4951e145f7c2591de/regional-network-3-2026.xlsx?v=01102026162326 sheet 'Output', block 'Current quarter', column 'Retail trade'",-15,Survey round n refers to quarter n; report published ~2-3 weeks BEFORE the end of the reference quarter. Since Survey 2023/1 questions are quantitative (percent change); Norges Bank has back-calculated history to 2005 on the new basis. Dates = first day of the survey quarter.
no_nbrn_output_cur_total,no_nbrn_output_cur_total.csv,"Norway: Norges Bank Regional Network, output growth current quarter (past 3 months), aggregated",NO,Q,"percent, quarter-on-quarter (contacts' reported/expected)",NSA,2005-01-01,2026-07-01,87,Norges Bank Regional Network (quarterly survey of ~1500 enterprises),"https://www.norges-bank.no/contentassets/5cf2ad95ea9249e4951e145f7c2591de/regional-network-3-2026.xlsx?v=01102026162326 sheet 'Output', block 'Current quarter', column 'Aggregated'",-15,Survey round n refers to quarter n; report published ~2-3 weeks BEFORE the end of the reference quarter. Since Survey 2023/1 questions are quantitative (percent change); Norges Bank has back-calculated history to 2005 on the new basis. Dates = first day of the survey quarter.
no_nbrn_output_next_hhserv,no_nbrn_output_next_hhserv.csv,"Norway: Norges Bank Regional Network, output growth expected next quarter, household services",NO,Q,"percent, quarter-on-quarter (contacts' reported/expected)",NSA,2009-07-01,2026-07-01,69,Norges Bank Regional Network (quarterly survey of ~1500 enterprises),"https://www.norges-bank.no/contentassets/5cf2ad95ea9249e4951e145f7c2591de/regional-network-3-2026.xlsx?v=01102026162326 sheet 'Output', block 'Next quarter', column 'Household services'",-15,Survey round n refers to quarter n; report published ~2-3 weeks BEFORE the end of the reference quarter. Since Survey 2023/1 questions are quantitative (percent change); Norges Bank has back-calculated history to 2005 on the new basis. Dates = first day of the survey quarter. Household services sub-series = 'Household services' column.
no_nbrn_output_next_retail,no_nbrn_output_next_retail.csv,"Norway: Norges Bank Regional Network, output growth expected next quarter, retail trade",NO,Q,"percent, quarter-on-quarter (contacts' reported/expected)",NSA,2005-01-01,2026-07-01,87,Norges Bank Regional Network (quarterly survey of ~1500 enterprises),"https://www.norges-bank.no/contentassets/5cf2ad95ea9249e4951e145f7c2591de/regional-network-3-2026.xlsx?v=01102026162326 sheet 'Output', block 'Next quarter', column 'Retail trade'",-15,Survey round n refers to quarter n; report published ~2-3 weeks BEFORE the end of the reference quarter. Since Survey 2023/1 questions are quantitative (percent change); Norges Bank has back-calculated history to 2005 on the new basis. Dates = first day of the survey quarter.
no_nbrn_output_next_total,no_nbrn_output_next_total.csv,"Norway: Norges Bank Regional Network, output growth expected next quarter, aggregated",NO,Q,"percent, quarter-on-quarter (contacts' reported/expected)",NSA,2005-01-01,2026-07-01,87,Norges Bank Regional Network (quarterly survey of ~1500 enterprises),"https://www.norges-bank.no/contentassets/5cf2ad95ea9249e4951e145f7c2591de/regional-network-3-2026.xlsx?v=01102026162326 sheet 'Output', block 'Next quarter', column 'Aggregated'",-15,Survey round n refers to quarter n; report published ~2-3 weeks BEFORE the end of the reference quarter. Since Survey 2023/1 questions are quantitative (percent change); Norges Bank has back-calculated history to 2005 on the new basis. Dates = first day of the survey quarter.
no_nbrn_profit_retail,no_nbrn_profit_retail.csv,"Norway: Norges Bank Regional Network, profitability: change in operating margin in current quarter vs same quarter a year earlier, retail trade",NO,Q,percent (as published by Norges Bank; net/diffusion-type measure),NSA,2005-01-01,2026-07-01,87,Norges Bank Regional Network (quarterly survey of ~1500 enterprises),"https://www.norges-bank.no/contentassets/5cf2ad95ea9249e4951e145f7c2591de/regional-network-3-2026.xlsx?v=01102026162326 sheet 'Profitability', column 'Retail trade'",-15,Survey round n refers to quarter n; report published ~2-3 weeks BEFORE the end of the reference quarter. Since Survey 2023/1 questions are quantitative (percent change); Norges Bank has back-calculated history to 2005 on the new basis. Dates = first day of the survey quarter.
no_nbrn_profit_total,no_nbrn_profit_total.csv,"Norway: Norges Bank Regional Network, profitability: change in operating margin in current quarter vs same quarter a year earlier, aggregated",NO,Q,percent (as published by Norges Bank; net/diffusion-type measure),NSA,2005-01-01,2026-07-01,87,Norges Bank Regional Network (quarterly survey of ~1500 enterprises),"https://www.norges-bank.no/contentassets/5cf2ad95ea9249e4951e145f7c2591de/regional-network-3-2026.xlsx?v=01102026162326 sheet 'Profitability', column 'Aggregated'",-15,Survey round n refers to quarter n; report published ~2-3 weeks BEFORE the end of the reference quarter. Since Survey 2023/1 questions are quantitative (percent change); Norges Bank has back-calculated history to 2005 on the new basis. Dates = first day of the survey quarter.
no_oecd_bci,no_oecd_bci.csv,Norway: OECD composite business confidence indicator (amplitude adjusted),NO,M,"index, long-term average=100 (amplitude adjusted)",SA,1987-03-01,2026-06-01,472,"OECD SDMX API, dataflow OECD.SDD.STES:DSD_STES@DF_CLI(4.1)",key NOR.M.BCICP.IX._Z.AA.IX._Z.H,15,OECD harmonised methodology; long-term average = 100. Revised each month. Norway BCI is derived from the quarterly SSB business tendency survey (lags 1 quarter).
no_ssb_bts_consgoods_conf,no_ssb_bts_consgoods_conf.csv,"Norway: SSB business tendency survey, industrial confidence indicator, consumer goods industries",NO,Q,"net balance, % points (avg of orders, stocks (inverted), production expectations)",SA,1990-01-01,2026-04-01,146,"Statistics Norway (SSB), business tendency survey for manufacturing, mining & quarrying (Konjunkturbarometeret)","SSB table 08267: PKoder=P126, Justering=S, ContentsCode=SammensattKonj",22,Quarterly; published ~3 weeks after quarter end (e.g. 2026Q2 on 2026-07-22). SSB publishes no food/beverage sub-index; 'consumer goods' (P126) is the closest grouping.
no_ssb_bts_consgoods_home_price_exp,no_ssb_bts_consgoods_home_price_exp.csv,"Norway: SSB business tendency survey, expected change in prices on home market next quarter, consumer goods industries",NO,Q,"net balance, % points",SA,1990-01-01,2026-04-01,146,"Statistics Norway (SSB), business tendency survey for manufacturing, mining & quarrying (Konjunkturbarometeret)","SSB table 08264: PKoder=P126, ReferansePeriode=02, SerieType=02 (balance), Justering=S, ContentsCode=PriserHjemme",22,Quarterly; published ~3 weeks after quarter end (e.g. 2026Q2 on 2026-07-22). SSB publishes no food/beverage sub-index; 'consumer goods' (P126) is the closest grouping.
no_ssb_bts_consgoods_input_price_exp,no_ssb_bts_consgoods_input_price_exp.csv,"Norway: SSB business tendency survey, expected change in input (cost) prices next quarter, consumer goods industries",NO,Q,"net balance, % points",SA,2011-10-01,2026-04-01,59,"Statistics Norway (SSB), business tendency survey for manufacturing, mining & quarrying (Konjunkturbarometeret)","SSB table 08264: PKoder=P126, ReferansePeriode=02, SerieType=02 (balance), Justering=S, ContentsCode=Innsatspriser",22,Quarterly; published ~3 weeks after quarter end (e.g. 2026Q2 on 2026-07-22). SSB publishes no food/beverage sub-index; 'consumer goods' (P126) is the closest grouping. Question introduced 2011Q4.
no_ssb_bts_consgoods_profitability,no_ssb_bts_consgoods_profitability.csv,"Norway: SSB business tendency survey, change in profitability vs previous quarter, consumer goods industries",NO,Q,"net balance, % points",SA,2011-10-01,2026-04-01,59,"Statistics Norway (SSB), business tendency survey for manufacturing, mining & quarrying (Konjunkturbarometeret)","SSB table 08264: PKoder=P126, ReferansePeriode=01, SerieType=02 (balance), Justering=S, ContentsCode=Lonnsomhet",22,Quarterly; published ~3 weeks after quarter end (e.g. 2026Q2 on 2026-07-22). SSB publishes no food/beverage sub-index; 'consumer goods' (P126) is the closest grouping. Question introduced 2011Q4.
no_ssb_bts_mfg_conf,no_ssb_bts_mfg_conf.csv,"Norway: SSB business tendency survey, industrial confidence indicator, manufacturing",NO,Q,"net balance, % points (avg of orders, stocks (inverted), production expectations)",SA,1990-01-01,2026-04-01,146,"Statistics Norway (SSB), business tendency survey for manufacturing, mining & quarrying (Konjunkturbarometeret)","SSB table 08267: PKoder=P105, Justering=S, ContentsCode=SammensattKonj",22,Quarterly; published ~3 weeks after quarter end (e.g. 2026Q2 on 2026-07-22). SSB publishes no food/beverage sub-index; 'consumer goods' (P126) is the closest grouping.
oecd_oecd_bci,oecd_oecd_bci.csv,OECD total: OECD composite business confidence indicator (amplitude adjusted),OECD,M,"index, long-term average=100 (amplitude adjusted)",SA,1974-06-01,2026-08-01,627,"OECD SDMX API, dataflow OECD.SDD.STES:DSD_STES@DF_CLI(4.1)",key OECD.M.BCICP.IX._Z.AA.IX._Z.H,15,OECD harmonised methodology; long-term average = 100. Revised each month.
oecd_oecd_cci,oecd_oecd_cci.csv,OECD total: OECD composite consumer confidence indicator (amplitude adjusted),OECD,M,"index, long-term average=100 (amplitude adjusted)",SA,1973-01-01,2026-08-01,644,"OECD SDMX API, dataflow OECD.SDD.STES:DSD_STES@DF_CLI(4.1)",key OECD.M.CCICP.IX._Z.AA.IX._Z.H,15,OECD harmonised methodology; long-term average = 100. Revised each month.
pl_ec_cons_conf,pl_ec_cons_conf.csv,"Poland: Consumer confidence indicator (avg of Q1,Q2,Q4,Q9)",PL,M,"balance, % points",SA,2001-05-01,2026-09-01,305,"European Commission DG ECFIN Business and Consumer Surveys (BCS), seasonally adjusted",https://ec.europa.eu/economy_finance/db_indicators/surveys/documents/series/nace2_ecfin_2609/consumer_total_sa_nace2.zip -> consumer_total_sa_nace2.xlsx sheet 'CONSUMER MONTHLY' column CONS.PL.TOT.COF.BS.M,-2,EC: new Polish consumer-survey provider from 2018 (history replaced May 2026; pre-2018 balances level-shifted by EC); Released on the penultimate working day of the reference month (flash consumer confidence for EU/EA ~9 days before month end)
pl_ec_cons_price_exp_12m,pl_ec_cons_price_exp_12m.csv,Poland: Consumers: price trends over next 12 months (Q6),PL,M,"balance, % points",SA,2001-05-01,2026-09-01,305,"European Commission DG ECFIN Business and Consumer Surveys (BCS), seasonally adjusted",https://ec.europa.eu/economy_finance/db_indicators/surveys/documents/series/nace2_ecfin_2609/consumer_total_sa_nace2.zip -> consumer_total_sa_nace2.xlsx sheet 'CONSUMER MONTHLY' column CONS.PL.TOT.6.BS.M,-2,EC: new Polish consumer-survey provider from 2018 (history replaced May 2026; pre-2018 balances level-shifted by EC); Released on the penultimate working day of the reference month (flash consumer confidence for EU/EA ~9 days before month end)
pl_ec_cons_price_past_12m,pl_ec_cons_price_past_12m.csv,Poland: Consumers: perceived price trends over last 12 months (Q5),PL,M,"balance, % points",SA,2001-05-01,2026-09-01,305,"European Commission DG ECFIN Business and Consumer Surveys (BCS), seasonally adjusted",https://ec.europa.eu/economy_finance/db_indicators/surveys/documents/series/nace2_ecfin_2609/consumer_total_sa_nace2.zip -> consumer_total_sa_nace2.xlsx sheet 'CONSUMER MONTHLY' column CONS.PL.TOT.5.BS.M,-2,EC: new Polish consumer-survey provider from 2018 (history replaced May 2026; pre-2018 balances level-shifted by EC); Released on the penultimate working day of the reference month (flash consumer confidence for EU/EA ~9 days before month end)
pl_ec_esi,pl_ec_esi.csv,Poland: Economic Sentiment Indicator (ESI),PL,M,"index, long-term average=100",SA,1993-10-01,2026-09-01,396,"European Commission DG ECFIN Business and Consumer Surveys (BCS), seasonally adjusted",https://ec.europa.eu/economy_finance/db_indicators/surveys/documents/series/nace2_ecfin_2609/main_indicators_sa_nace2.zip -> main_indicators_nace2.xlsx sheet 'MONTHLY' column PL.ESI,-2,Released on the penultimate working day of the reference month (flash consumer confidence for EU/EA ~9 days before month end)
pl_ec_food_ind_conf,pl_ec_food_ind_conf.csv,Poland: Manufacture of food products (NACE C10): industrial confidence indicator ((Q2-Q4+Q5)/3),PL,M,"balance, % points",SA,2010-05-01,2026-09-01,197,"European Commission DG ECFIN Business and Consumer Surveys (BCS), seasonally adjusted",https://ec.europa.eu/economy_finance/db_indicators/surveys/documents/series/nace2_ecfin_2609/industry_subsectors_sa_nace2.zip -> industry_subsectors_sa_m_nace2.xlsx sheet '10' column INDU.PL.10.COF.BS.M,-2,Released on the penultimate working day of the reference month (flash consumer confidence for EU/EA ~9 days before month end)
pl_ec_food_ind_sell_price_exp,pl_ec_food_ind_sell_price_exp.csv,Poland: Manufacture of food products (NACE C10): selling-price expectations for months ahead (Q6),PL,M,"balance, % points",SA,2010-05-01,2026-09-01,197,"European Commission DG ECFIN Business and Consumer Surveys (BCS), seasonally adjusted",https://ec.europa.eu/economy_finance/db_indicators/surveys/documents/series/nace2_ecfin_2609/industry_subsectors_sa_nace2.zip -> industry_subsectors_sa_m_nace2.xlsx sheet '10' column INDU.PL.10.6.BS.M,-2,Released on the penultimate working day of the reference month (flash consumer confidence for EU/EA ~9 days before month end)
pl_ec_food_retail_sell_price_exp,pl_ec_food_retail_sell_price_exp.csv,"Poland: Retail of food, beverages & tobacco (sub-sector FBT): selling-price expectations next 3 months (Q6)",PL,M,"balance, % points",SA,2000-01-01,2026-09-01,321,"European Commission DG ECFIN Business and Consumer Surveys (BCS), seasonally adjusted",https://ec.europa.eu/economy_finance/db_indicators/surveys/documents/series/nace2_ecfin_2609/retail_subsectors_sa_nace2.zip -> retail_subsectors_sa_m_nace2.xlsx sheet 'FBT' column RETA.PL.FBT.6.BS.M,-2,Released on the penultimate working day of the reference month (flash consumer confidence for EU/EA ~9 days before month end)
pl_ec_ind_sell_price_exp,pl_ec_ind_sell_price_exp.csv,Poland: Industry (total manufacturing): selling-price expectations for months ahead (Q6),PL,M,"balance, % points",SA,1992-06-01,2026-09-01,412,"European Commission DG ECFIN Business and Consumer Surveys (BCS), seasonally adjusted",https://ec.europa.eu/economy_finance/db_indicators/surveys/documents/series/nace2_ecfin_2609/industry_total_sa_nace2.zip -> industry_total_sa_nace2.xlsx sheet 'INDUSTRY MONTHLY' column INDU.PL.TOT.6.BS.M,-2,Released on the penultimate working day of the reference month (flash consumer confidence for EU/EA ~9 days before month end)
pl_ec_retail_conf,pl_ec_retail_conf.csv,Poland: Retail trade confidence indicator ((Q1-Q2+Q4)/3),PL,M,"balance, % points",SA,1993-10-01,2026-09-01,396,"European Commission DG ECFIN Business and Consumer Surveys (BCS), seasonally adjusted",https://ec.europa.eu/economy_finance/db_indicators/surveys/documents/series/nace2_ecfin_2609/retail_total_sa_nace2.zip -> retail_total_sa_nace2.xlsx sheet 'RETAIL TRADE MONTHLY' column RETA.PL.TOT.COF.BS.M,-2,Released on the penultimate working day of the reference month (flash consumer confidence for EU/EA ~9 days before month end)
pl_ec_retail_sell_price_exp,pl_ec_retail_sell_price_exp.csv,Poland: Retail trade (total): selling-price expectations next 3 months (Q6),PL,M,"balance, % points",SA,2002-01-01,2026-09-01,297,"European Commission DG ECFIN Business and Consumer Surveys (BCS), seasonally adjusted",https://ec.europa.eu/economy_finance/db_indicators/surveys/documents/series/nace2_ecfin_2609/retail_total_sa_nace2.zip -> retail_total_sa_nace2.xlsx sheet 'RETAIL TRADE MONTHLY' column RETA.PL.TOT.6.BS.M,-2,Released on the penultimate working day of the reference month (flash consumer confidence for EU/EA ~9 days before month end)
pl_oecd_bci,pl_oecd_bci.csv,Poland: OECD composite business confidence indicator (amplitude adjusted),PL,M,"index, long-term average=100 (amplitude adjusted)",SA,1997-07-01,2026-08-01,350,"OECD SDMX API, dataflow OECD.SDD.STES:DSD_STES@DF_CLI(4.1)",key POL.M.BCICP.IX._Z.AA.IX._Z.H,15,OECD harmonised methodology; long-term average = 100. Revised each month. Based on the EC harmonised surveys (amplitude-adjusted transformation of EC balances).
pl_oecd_cci,pl_oecd_cci.csv,Poland: OECD composite consumer confidence indicator (amplitude adjusted),PL,M,"index, long-term average=100 (amplitude adjusted)",SA,2001-05-01,2026-08-01,304,"OECD SDMX API, dataflow OECD.SDD.STES:DSD_STES@DF_CLI(4.1)",key POL.M.CCICP.IX._Z.AA.IX._Z.H,15,OECD harmonised methodology; long-term average = 100. Revised each month. Based on the EC harmonised surveys (amplitude-adjusted transformation of EC balances).
ro_ec_cons_conf,ro_ec_cons_conf.csv,"Romania: Consumer confidence indicator (avg of Q1,Q2,Q4,Q9)",RO,M,"balance, % points",SA,2001-05-01,2026-09-01,305,"European Commission DG ECFIN Business and Consumer Surveys (BCS), seasonally adjusted",https://ec.europa.eu/economy_finance/db_indicators/surveys/documents/series/nace2_ecfin_2609/consumer_total_sa_nace2.zip -> consumer_total_sa_nace2.xlsx sheet 'CONSUMER MONTHLY' column CONS.RO.TOT.COF.BS.M,-2,Released on the penultimate working day of the reference month (flash consumer confidence for EU/EA ~9 days before month end)
ro_ec_cons_price_exp_12m,ro_ec_cons_price_exp_12m.csv,Romania: Consumers: price trends over next 12 months (Q6),RO,M,"balance, % points",SA,2001-05-01,2026-09-01,305,"European Commission DG ECFIN Business and Consumer Surveys (BCS), seasonally adjusted",https://ec.europa.eu/economy_finance/db_indicators/surveys/documents/series/nace2_ecfin_2609/consumer_total_sa_nace2.zip -> consumer_total_sa_nace2.xlsx sheet 'CONSUMER MONTHLY' column CONS.RO.TOT.6.BS.M,-2,Released on the penultimate working day of the reference month (flash consumer confidence for EU/EA ~9 days before month end)
ro_ec_cons_price_past_12m,ro_ec_cons_price_past_12m.csv,Romania: Consumers: perceived price trends over last 12 months (Q5),RO,M,"balance, % points",SA,2001-05-01,2026-09-01,305,"European Commission DG ECFIN Business and Consumer Surveys (BCS), seasonally adjusted",https://ec.europa.eu/economy_finance/db_indicators/surveys/documents/series/nace2_ecfin_2609/consumer_total_sa_nace2.zip -> consumer_total_sa_nace2.xlsx sheet 'CONSUMER MONTHLY' column CONS.RO.TOT.5.BS.M,-2,Released on the penultimate working day of the reference month (flash consumer confidence for EU/EA ~9 days before month end)
ro_ec_esi,ro_ec_esi.csv,Romania: Economic Sentiment Indicator (ESI),RO,M,"index, long-term average=100",SA,1991-07-01,2026-09-01,423,"European Commission DG ECFIN Business and Consumer Surveys (BCS), seasonally adjusted",https://ec.europa.eu/economy_finance/db_indicators/surveys/documents/series/nace2_ecfin_2609/main_indicators_sa_nace2.zip -> main_indicators_nace2.xlsx sheet 'MONTHLY' column RO.ESI,-2,Released on the penultimate working day of the reference month (flash consumer confidence for EU/EA ~9 days before month end)
ro_ec_food_ind_conf,ro_ec_food_ind_conf.csv,Romania: Manufacture of food products (NACE C10): industrial confidence indicator ((Q2-Q4+Q5)/3),RO,M,"balance, % points",SA,2005-01-01,2026-09-01,261,"European Commission DG ECFIN Business and Consumer Surveys (BCS), seasonally adjusted",https://ec.europa.eu/economy_finance/db_indicators/surveys/documents/series/nace2_ecfin_2609/industry_subsectors_sa_nace2.zip -> industry_subsectors_sa_m_nace2.xlsx sheet '10' column INDU.RO.10.COF.BS.M,-2,Released on the penultimate working day of the reference month (flash consumer confidence for EU/EA ~9 days before month end)
ro_ec_food_ind_sell_price_exp,ro_ec_food_ind_sell_price_exp.csv,Romania: Manufacture of food products (NACE C10): selling-price expectations for months ahead (Q6),RO,M,"balance, % points",SA,2005-01-01,2026-09-01,261,"European Commission DG ECFIN Business and Consumer Surveys (BCS), seasonally adjusted",https://ec.europa.eu/economy_finance/db_indicators/surveys/documents/series/nace2_ecfin_2609/industry_subsectors_sa_nace2.zip -> industry_subsectors_sa_m_nace2.xlsx sheet '10' column INDU.RO.10.6.BS.M,-2,Released on the penultimate working day of the reference month (flash consumer confidence for EU/EA ~9 days before month end)
ro_ec_food_retail_sell_price_exp,ro_ec_food_retail_sell_price_exp.csv,"Romania: Retail of food, beverages & tobacco (sub-sector FBT): selling-price expectations next 3 months (Q6)",RO,M,"balance, % points",SA,2005-01-01,2026-09-01,261,"European Commission DG ECFIN Business and Consumer Surveys (BCS), seasonally adjusted",https://ec.europa.eu/economy_finance/db_indicators/surveys/documents/series/nace2_ecfin_2609/retail_subsectors_sa_nace2.zip -> retail_subsectors_sa_m_nace2.xlsx sheet 'FBT' column RETA.RO.FBT.6.BS.M,-2,Released on the penultimate working day of the reference month (flash consumer confidence for EU/EA ~9 days before month end)
ro_ec_ind_sell_price_exp,ro_ec_ind_sell_price_exp.csv,Romania: Industry (total manufacturing): selling-price expectations for months ahead (Q6),RO,M,"balance, % points",SA,1993-04-01,2026-09-01,402,"European Commission DG ECFIN Business and Consumer Surveys (BCS), seasonally adjusted",https://ec.europa.eu/economy_finance/db_indicators/surveys/documents/series/nace2_ecfin_2609/industry_total_sa_nace2.zip -> industry_total_sa_nace2.xlsx sheet 'INDUSTRY MONTHLY' column INDU.RO.TOT.6.BS.M,-2,Released on the penultimate working day of the reference month (flash consumer confidence for EU/EA ~9 days before month end)
ro_ec_retail_conf,ro_ec_retail_conf.csv,Romania: Retail trade confidence indicator ((Q1-Q2+Q4)/3),RO,M,"balance, % points",SA,1994-01-01,2026-09-01,393,"European Commission DG ECFIN Business and Consumer Surveys (BCS), seasonally adjusted",https://ec.europa.eu/economy_finance/db_indicators/surveys/documents/series/nace2_ecfin_2609/retail_total_sa_nace2.zip -> retail_total_sa_nace2.xlsx sheet 'RETAIL TRADE MONTHLY' column RETA.RO.TOT.COF.BS.M,-2,Released on the penultimate working day of the reference month (flash consumer confidence for EU/EA ~9 days before month end)
ro_ec_retail_sell_price_exp,ro_ec_retail_sell_price_exp.csv,Romania: Retail trade (total): selling-price expectations next 3 months (Q6),RO,M,"balance, % points",SA,2003-05-01,2026-09-01,281,"European Commission DG ECFIN Business and Consumer Surveys (BCS), seasonally adjusted",https://ec.europa.eu/economy_finance/db_indicators/surveys/documents/series/nace2_ecfin_2609/retail_total_sa_nace2.zip -> retail_total_sa_nace2.xlsx sheet 'RETAIL TRADE MONTHLY' column RETA.RO.TOT.6.BS.M,-2,Released on the penultimate working day of the reference month (flash consumer confidence for EU/EA ~9 days before month end)
se_ec_cons_conf,se_ec_cons_conf.csv,"Sweden: Consumer confidence indicator (avg of Q1,Q2,Q4,Q9)",SE,M,"balance, % points",SA,1995-10-01,2026-09-01,372,"European Commission DG ECFIN Business and Consumer Surveys (BCS), seasonally adjusted",https://ec.europa.eu/economy_finance/db_indicators/surveys/documents/series/nace2_ecfin_2609/consumer_total_sa_nace2.zip -> consumer_total_sa_nace2.xlsx sheet 'CONSUMER MONTHLY' column CONS.SE.TOT.COF.BS.M,-2,Released on the penultimate working day of the reference month (flash consumer confidence for EU/EA ~9 days before month end)
se_ec_cons_price_exp_12m,se_ec_cons_price_exp_12m.csv,Sweden: Consumers: price trends over next 12 months (Q6),SE,M,"balance, % points",SA,1995-10-01,2026-09-01,372,"European Commission DG ECFIN Business and Consumer Surveys (BCS), seasonally adjusted",https://ec.europa.eu/economy_finance/db_indicators/surveys/documents/series/nace2_ecfin_2609/consumer_total_sa_nace2.zip -> consumer_total_sa_nace2.xlsx sheet 'CONSUMER MONTHLY' column CONS.SE.TOT.6.BS.M,-2,Released on the penultimate working day of the reference month (flash consumer confidence for EU/EA ~9 days before month end)
se_ec_cons_price_past_12m,se_ec_cons_price_past_12m.csv,Sweden: Consumers: perceived price trends over last 12 months (Q5),SE,M,"balance, % points",SA,1995-10-01,2026-09-01,372,"European Commission DG ECFIN Business and Consumer Surveys (BCS), seasonally adjusted",https://ec.europa.eu/economy_finance/db_indicators/surveys/documents/series/nace2_ecfin_2609/consumer_total_sa_nace2.zip -> consumer_total_sa_nace2.xlsx sheet 'CONSUMER MONTHLY' column CONS.SE.TOT.5.BS.M,-2,Released on the penultimate working day of the reference month (flash consumer confidence for EU/EA ~9 days before month end)
se_ec_esi,se_ec_esi.csv,Sweden: Economic Sentiment Indicator (ESI),SE,M,"index, long-term average=100",SA,1990-01-01,2026-09-01,441,"European Commission DG ECFIN Business and Consumer Surveys (BCS), seasonally adjusted",https://ec.europa.eu/economy_finance/db_indicators/surveys/documents/series/nace2_ecfin_2609/main_indicators_sa_nace2.zip -> main_indicators_nace2.xlsx sheet 'MONTHLY' column SE.ESI,-2,Released on the penultimate working day of the reference month (flash consumer confidence for EU/EA ~9 days before month end)
se_ec_food_ind_conf,se_ec_food_ind_conf.csv,Sweden: Manufacture of food products (NACE C10): industrial confidence indicator ((Q2-Q4+Q5)/3),SE,M,"balance, % points",SA,1990-04-01,2026-09-01,438,"European Commission DG ECFIN Business and Consumer Surveys (BCS), seasonally adjusted",https://ec.europa.eu/economy_finance/db_indicators/surveys/documents/series/nace2_ecfin_2609/industry_subsectors_sa_nace2.zip -> industry_subsectors_sa_m_nace2.xlsx sheet '10' column INDU.SE.10.COF.BS.M,-2,Released on the penultimate working day of the reference month (flash consumer confidence for EU/EA ~9 days before month end)
se_ec_food_ind_sell_price_exp,se_ec_food_ind_sell_price_exp.csv,Sweden: Manufacture of food products (NACE C10): selling-price expectations for months ahead (Q6),SE,M,"balance, % points",SA,1990-04-01,2026-09-01,438,"European Commission DG ECFIN Business and Consumer Surveys (BCS), seasonally adjusted",https://ec.europa.eu/economy_finance/db_indicators/surveys/documents/series/nace2_ecfin_2609/industry_subsectors_sa_nace2.zip -> industry_subsectors_sa_m_nace2.xlsx sheet '10' column INDU.SE.10.6.BS.M,-2,Released on the penultimate working day of the reference month (flash consumer confidence for EU/EA ~9 days before month end)
se_ec_food_retail_sell_price_exp,se_ec_food_retail_sell_price_exp.csv,"Sweden: Retail of food, beverages & tobacco (sub-sector FBT): selling-price expectations next 3 months (Q6)",SE,M,"balance, % points",SA,2010-05-01,2026-09-01,197,"European Commission DG ECFIN Business and Consumer Surveys (BCS), seasonally adjusted",https://ec.europa.eu/economy_finance/db_indicators/surveys/documents/series/nace2_ecfin_2609/retail_subsectors_sa_nace2.zip -> retail_subsectors_sa_m_nace2.xlsx sheet 'FBT' column RETA.SE.FBT.6.BS.M,-2,Released on the penultimate working day of the reference month (flash consumer confidence for EU/EA ~9 days before month end)
se_ec_ind_sell_price_exp,se_ec_ind_sell_price_exp.csv,Sweden: Industry (total manufacturing): selling-price expectations for months ahead (Q6),SE,M,"balance, % points",SA,1990-01-01,2026-09-01,441,"European Commission DG ECFIN Business and Consumer Surveys (BCS), seasonally adjusted",https://ec.europa.eu/economy_finance/db_indicators/surveys/documents/series/nace2_ecfin_2609/industry_total_sa_nace2.zip -> industry_total_sa_nace2.xlsx sheet 'INDUSTRY MONTHLY' column INDU.SE.TOT.6.BS.M,-2,Released on the penultimate working day of the reference month (flash consumer confidence for EU/EA ~9 days before month end)
se_ec_retail_conf,se_ec_retail_conf.csv,Sweden: Retail trade confidence indicator ((Q1-Q2+Q4)/3),SE,M,"balance, % points",SA,1996-08-01,2026-09-01,362,"European Commission DG ECFIN Business and Consumer Surveys (BCS), seasonally adjusted",https://ec.europa.eu/economy_finance/db_indicators/surveys/documents/series/nace2_ecfin_2609/retail_total_sa_nace2.zip -> retail_total_sa_nace2.xlsx sheet 'RETAIL TRADE MONTHLY' column RETA.SE.TOT.COF.BS.M,-2,Released on the penultimate working day of the reference month (flash consumer confidence for EU/EA ~9 days before month end)
se_ec_retail_sell_price_exp,se_ec_retail_sell_price_exp.csv,Sweden: Retail trade (total): selling-price expectations next 3 months (Q6),SE,M,"balance, % points",SA,2003-05-01,2026-09-01,281,"European Commission DG ECFIN Business and Consumer Surveys (BCS), seasonally adjusted",https://ec.europa.eu/economy_finance/db_indicators/surveys/documents/series/nace2_ecfin_2609/retail_total_sa_nace2.zip -> retail_total_sa_nace2.xlsx sheet 'RETAIL TRADE MONTHLY' column RETA.SE.TOT.6.BS.M,-2,Released on the penultimate working day of the reference month (flash consumer confidence for EU/EA ~9 days before month end)
se_nier_cons_conf,se_nier_cons_conf.csv,Sweden: NIER consumer confidence indicator (CCI),SE,M,"index, mean=100, sd=10",SA,1996-01-01,2026-09-01,369,"Konjunkturinstitutet (NIER) Economic Tendency Survey, PxWeb API statistik.konj.se",https://statistik.konj.se/PxWeb/api/v1/en/KonjBar/indikatorer/Indikatorm.px Indikator=bhus,-5,Published in the last week of the reference month.
se_nier_cons_macro,se_nier_cons_macro.csv,Sweden: NIER consumer macro index (view of Swedish economy),SE,M,"index, mean=100, sd=10",SA,1996-01-01,2026-09-01,369,"Konjunkturinstitutet (NIER) Economic Tendency Survey, PxWeb API statistik.konj.se",https://statistik.konj.se/PxWeb/api/v1/en/KonjBar/indikatorer/Indikatorm.px Indikator=bhusmakro,-5,Published in the last week of the reference month.
se_nier_cons_micro,se_nier_cons_micro.csv,Sweden: NIER consumer micro index (own economy),SE,M,"index, mean=100, sd=10",SA,1996-01-01,2026-09-01,369,"Konjunkturinstitutet (NIER) Economic Tendency Survey, PxWeb API statistik.konj.se",https://statistik.konj.se/PxWeb/api/v1/en/KonjBar/indikatorer/Indikatorm.px Indikator=bhusmikro,-5,Published in the last week of the reference month.
se_nier_eti,se_nier_eti.csv,Sweden: NIER Economic Tendency Indicator (Barometerindikatorn),SE,M,"index, mean=100, sd=10",SA,1996-07-01,2026-09-01,363,"Konjunkturinstitutet (NIER) Economic Tendency Survey, PxWeb API statistik.konj.se",https://statistik.konj.se/PxWeb/api/v1/en/KonjBar/indikatorer/Indikatorm.px Indikator=KIFI,-5,Published in the last week of the reference month.
se_nier_food_mfg_conf,se_nier_food_mfg_conf.csv,"Sweden: NIER confidence indicator, manufacture of food, beverages & tobacco (NACE 10-12)",SE,M,"index, mean=100, sd=10",SA,2000-01-01,2026-09-01,321,"Konjunkturinstitutet (NIER) Economic Tendency Survey, PxWeb API statistik.konj.se",https://statistik.konj.se/PxWeb/api/v1/en/KonjBar/indikatorer/Indikatorm.px Indikator=BLIVS,-5,Published in the last week of the reference month. NACE 10-12 (no separate NACE 10 confidence in NIER database).
se_nier_food_mfg_sell_price_exp,se_nier_food_mfg_sell_price_exp.csv,"Sweden: NIER manufacture of food, beverages & tobacco (NACE 10-12): domestic selling-price expectations next 3 months",SE,M,"net balance, % points",SA,2000-01-01,2026-09-01,321,"Konjunkturinstitutet (NIER) Economic Tendency Survey, PxWeb API statistik.konj.se","https://statistik.konj.se/PxWeb/api/v1/en/KonjBar/ftgmanad/Barindm.px Bransch (SNI 2007)=BLIVS, Fråga=202, Serie=S",-5,Published in the last week of the reference month.
se_nier_grocery_purch_price_exp,se_nier_grocery_purch_price_exp.csv,Sweden: NIER grocery retail (NACE 47.11+47.2): purchase-price (goods) expectations next 3 months,SE,M,"net balance, % points",SA,2015-10-01,2026-09-01,132,"Konjunkturinstitutet (NIER) Economic Tendency Survey, PxWeb API statistik.konj.se","https://statistik.konj.se/PxWeb/api/v1/en/KonjBar/ftgmanad/Barhanm.px Bransch (SNI 2007)=B4711X, Fråga=250, Serie=S",-5,Published in the last week of the reference month. Question introduced Oct 2015.
se_nier_grocery_retail_conf,se_nier_grocery_retail_conf.csv,"Sweden: NIER confidence indicator, retail sale of non-durable goods / grocery retail (dagligvaruhandel, NACE 47.11+47.2)",SE,M,"index, mean=100, sd=10",SA,2000-01-01,2026-09-01,321,"Konjunkturinstitutet (NIER) Economic Tendency Survey, PxWeb API statistik.konj.se",https://statistik.konj.se/PxWeb/api/v1/en/KonjBar/indikatorer/Indikatorm.px Indikator=B4711X,-5,Published in the last week of the reference month.
se_nier_grocery_sell_price_exp,se_nier_grocery_sell_price_exp.csv,Sweden: NIER grocery retail (NACE 47.11+47.2): selling-price expectations next 3 months,SE,M,"net balance, % points",SA,2003-05-01,2026-09-01,281,"Konjunkturinstitutet (NIER) Economic Tendency Survey, PxWeb API statistik.konj.se","https://statistik.konj.se/PxWeb/api/v1/en/KonjBar/ftgmanad/Barhanm.px Bransch (SNI 2007)=B4711X, Fråga=202, Serie=S",-5,Published in the last week of the reference month.
se_nier_hh_infl_exp_12m_mean,se_nier_hh_infl_exp_12m_mean.csv,"Sweden: households' expected inflation 12 months ahead (EU-harmonised quantitative question, mean excl. extreme values)",SE,M,percent,NSA,2001-12-01,2026-09-01,298,"Konjunkturinstitutet (NIER) Economic Tendency Survey, PxWeb API statistik.konj.se","https://statistik.konj.se/PxWeb/api/v1/en/KonjBar/hushall/hushallinfrant.px Fråga=Q061, Serie=T, Grupp=100",-5,Published in the last week of the reference month.
se_nier_hh_infl_exp_12m_median,se_nier_hh_infl_exp_12m_median.csv,"Sweden: households' expected inflation 12 months ahead (NIER question, median)",SE,M,percent,NSA,2015-04-01,2026-09-01,138,"Konjunkturinstitutet (NIER) Economic Tendency Survey, PxWeb API statistik.konj.se","https://statistik.konj.se/PxWeb/api/v1/en/KonjBar/hushall/hushallinfrant.px Fråga=Q661, Serie=S, Grupp=100",-5,Published in the last week of the reference month. Available from Apr 2015 only; use the _mean series for longer history.
se_nier_retail_conf,se_nier_retail_conf.csv,Sweden: NIER retail trade confidence indicator (NACE 45+47),SE,M,"index, mean=100, sd=10",SA,1996-07-01,2026-09-01,363,"Konjunkturinstitutet (NIER) Economic Tendency Survey, PxWeb API statistik.konj.se",https://statistik.konj.se/PxWeb/api/v1/en/KonjBar/indikatorer/Indikatorm.px Indikator=BDHAN,-5,Published in the last week of the reference month.
se_oecd_bci,se_oecd_bci.csv,Sweden: OECD composite business confidence indicator (amplitude adjusted),SE,M,"index, long-term average=100 (amplitude adjusted)",SA,1996-01-01,2026-08-01,368,"OECD SDMX API, dataflow OECD.SDD.STES:DSD_STES@DF_CLI(4.1)",key SWE.M.BCICP.IX._Z.AA.IX._Z.H,15,OECD harmonised methodology; long-term average = 100. Revised each month. Based on the EC harmonised surveys (amplitude-adjusted transformation of EC balances).
se_oecd_cci,se_oecd_cci.csv,Sweden: OECD composite consumer confidence indicator (amplitude adjusted),SE,M,"index, long-term average=100 (amplitude adjusted)",SA,1995-10-01,2026-08-01,371,"OECD SDMX API, dataflow OECD.SDD.STES:DSD_STES@DF_CLI(4.1)",key SWE.M.CCICP.IX._Z.AA.IX._Z.H,15,OECD harmonised methodology; long-term average = 100. Revised each month. Based on the EC harmonised surveys (amplitude-adjusted transformation of EC balances).
sk_ec_cons_conf,sk_ec_cons_conf.csv,"Slovakia: Consumer confidence indicator (avg of Q1,Q2,Q4,Q9)",SK,M,"balance, % points",SA,1999-04-01,2026-09-01,330,"European Commission DG ECFIN Business and Consumer Surveys (BCS), seasonally adjusted",https://ec.europa.eu/economy_finance/db_indicators/surveys/documents/series/nace2_ecfin_2609/consumer_total_sa_nace2.zip -> consumer_total_sa_nace2.xlsx sheet 'CONSUMER MONTHLY' column CONS.SK.TOT.COF.BS.M,-2,Released on the penultimate working day of the reference month (flash consumer confidence for EU/EA ~9 days before month end)
sk_ec_cons_price_exp_12m,sk_ec_cons_price_exp_12m.csv,Slovakia: Consumers: price trends over next 12 months (Q6),SK,M,"balance, % points",SA,1999-04-01,2026-09-01,330,"European Commission DG ECFIN Business and Consumer Surveys (BCS), seasonally adjusted",https://ec.europa.eu/economy_finance/db_indicators/surveys/documents/series/nace2_ecfin_2609/consumer_total_sa_nace2.zip -> consumer_total_sa_nace2.xlsx sheet 'CONSUMER MONTHLY' column CONS.SK.TOT.6.BS.M,-2,Released on the penultimate working day of the reference month (flash consumer confidence for EU/EA ~9 days before month end)
sk_ec_cons_price_past_12m,sk_ec_cons_price_past_12m.csv,Slovakia: Consumers: perceived price trends over last 12 months (Q5),SK,M,"balance, % points",SA,1999-04-01,2026-09-01,330,"European Commission DG ECFIN Business and Consumer Surveys (BCS), seasonally adjusted",https://ec.europa.eu/economy_finance/db_indicators/surveys/documents/series/nace2_ecfin_2609/consumer_total_sa_nace2.zip -> consumer_total_sa_nace2.xlsx sheet 'CONSUMER MONTHLY' column CONS.SK.TOT.5.BS.M,-2,Released on the penultimate working day of the reference month (flash consumer confidence for EU/EA ~9 days before month end)
sk_ec_esi,sk_ec_esi.csv,Slovakia: Economic Sentiment Indicator (ESI),SK,M,"index, long-term average=100",SA,1993-08-01,2026-09-01,398,"European Commission DG ECFIN Business and Consumer Surveys (BCS), seasonally adjusted",https://ec.europa.eu/economy_finance/db_indicators/surveys/documents/series/nace2_ecfin_2609/main_indicators_sa_nace2.zip -> main_indicators_nace2.xlsx sheet 'MONTHLY' column SK.ESI,-2,Released on the penultimate working day of the reference month (flash consumer confidence for EU/EA ~9 days before month end)
sk_ec_food_ind_conf,sk_ec_food_ind_conf.csv,Slovakia: Manufacture of food products (NACE C10): industrial confidence indicator ((Q2-Q4+Q5)/3),SK,M,"balance, % points",SA,1998-04-01,2026-09-01,342,"European Commission DG ECFIN Business and Consumer Surveys (BCS), seasonally adjusted",https://ec.europa.eu/economy_finance/db_indicators/surveys/documents/series/nace2_ecfin_2609/industry_subsectors_sa_nace2.zip -> industry_subsectors_sa_m_nace2.xlsx sheet '10' column INDU.SK.10.COF.BS.M,-2,Released on the penultimate working day of the reference month (flash consumer confidence for EU/EA ~9 days before month end)
sk_ec_food_ind_sell_price_exp,sk_ec_food_ind_sell_price_exp.csv,Slovakia: Manufacture of food products (NACE C10): selling-price expectations for months ahead (Q6),SK,M,"balance, % points",SA,1998-04-01,2026-09-01,342,"European Commission DG ECFIN Business and Consumer Surveys (BCS), seasonally adjusted",https://ec.europa.eu/economy_finance/db_indicators/surveys/documents/series/nace2_ecfin_2609/industry_subsectors_sa_nace2.zip -> industry_subsectors_sa_m_nace2.xlsx sheet '10' column INDU.SK.10.6.BS.M,-2,Released on the penultimate working day of the reference month (flash consumer confidence for EU/EA ~9 days before month end)
sk_ec_food_retail_sell_price_exp,sk_ec_food_retail_sell_price_exp.csv,"Slovakia: Retail of food, beverages & tobacco (sub-sector FBT): selling-price expectations next 3 months (Q6)",SK,M,"balance, % points",SA,2002-01-01,2026-09-01,297,"European Commission DG ECFIN Business and Consumer Surveys (BCS), seasonally adjusted",https://ec.europa.eu/economy_finance/db_indicators/surveys/documents/series/nace2_ecfin_2609/retail_subsectors_sa_nace2.zip -> retail_subsectors_sa_m_nace2.xlsx sheet 'FBT' column RETA.SK.FBT.6.BS.M,-2,Released on the penultimate working day of the reference month (flash consumer confidence for EU/EA ~9 days before month end)
sk_ec_ind_sell_price_exp,sk_ec_ind_sell_price_exp.csv,Slovakia: Industry (total manufacturing): selling-price expectations for months ahead (Q6),SK,M,"balance, % points",SA,1993-08-01,2026-09-01,398,"European Commission DG ECFIN Business and Consumer Surveys (BCS), seasonally adjusted",https://ec.europa.eu/economy_finance/db_indicators/surveys/documents/series/nace2_ecfin_2609/industry_total_sa_nace2.zip -> industry_total_sa_nace2.xlsx sheet 'INDUSTRY MONTHLY' column INDU.SK.TOT.6.BS.M,-2,Released on the penultimate working day of the reference month (flash consumer confidence for EU/EA ~9 days before month end)
sk_ec_retail_conf,sk_ec_retail_conf.csv,Slovakia: Retail trade confidence indicator ((Q1-Q2+Q4)/3),SK,M,"balance, % points",SA,1993-09-01,2026-09-01,397,"European Commission DG ECFIN Business and Consumer Surveys (BCS), seasonally adjusted",https://ec.europa.eu/economy_finance/db_indicators/surveys/documents/series/nace2_ecfin_2609/retail_total_sa_nace2.zip -> retail_total_sa_nace2.xlsx sheet 'RETAIL TRADE MONTHLY' column RETA.SK.TOT.COF.BS.M,-2,Released on the penultimate working day of the reference month (flash consumer confidence for EU/EA ~9 days before month end)
sk_ec_retail_sell_price_exp,sk_ec_retail_sell_price_exp.csv,Slovakia: Retail trade (total): selling-price expectations next 3 months (Q6),SK,M,"balance, % points",SA,2002-01-01,2026-09-01,297,"European Commission DG ECFIN Business and Consumer Surveys (BCS), seasonally adjusted",https://ec.europa.eu/economy_finance/db_indicators/surveys/documents/series/nace2_ecfin_2609/retail_total_sa_nace2.zip -> retail_total_sa_nace2.xlsx sheet 'RETAIL TRADE MONTHLY' column RETA.SK.TOT.6.BS.M,-2,Released on the penultimate working day of the reference month (flash consumer confidence for EU/EA ~9 days before month end)
us_umich_sentiment,us_umich_sentiment.csv,United States: University of Michigan index of consumer sentiment,US,M,"index, 1966Q1=100",NSA,1978-01-01,2026-09-01,585,University of Michigan Surveys of Consumers (identical to FRED UMCSENT),https://www.sca.isr.umich.edu/files/tbmics.csv (column ICS_ALL),-2,Stored from 1978-01 (monthly survey start; earlier data are quarterly/irregular). Final reading published on the last Friday of the reference month; preliminary ~mid-month.
