period,report,report_url,vintage,segment_label,revenue_nokm,ebit_nokm,ebit_metric,ebit_margin_pct,margin_computed,organic_growth_pct,og_metric,og_source,price_mix_pct,volume_pct,fx_effect_pct,structural_effect_pct,derived_from_ytd,page_ref,drivers_note,notes,verify_status,verify_note
2006Q1,Q1 2006,https://www.orkla.com/files/Public/19690/3174247/1-quarter-2006.pdf,current,Orkla Foods,3199,174,Operating profit before amortisation and other revenues and expenses,5.44,True,0.0,"underlying growth (excl. acquisitions, divestments and currency translation effects); ""on a par""",text,,,,,False,report p.4 segment table; p.2-3 text,"Underlying sales flat; Nordic +3% on launches/efficiency; higher herring prices and falling Swedish grocery prices hit Abba; SladCo Russia weak (cold Jan, destocking)",Orkla Foods = Orkla Foods Nordic + Orkla Food Ingredients + Orkla Foods International - eliminations. Underlying EBITA decline NOK 5m; Easter effect neutral.,confirmed,"Independently re-extracted: revenue/EBITA match report p.4 segment figures and Q4 2007 xls sheet ""Business areas 2005-2006""; organic growth 0% matches source wording; margin 5.44 = EBITA/revenue within 0.05pp. 'Underlying operating revenues were on a par' -> 0."
2005Q1,Q1 2006,https://www.orkla.com/files/Public/19690/3174247/1-quarter-2006.pdf,comparative,Orkla Foods,3154,181,Operating profit before amortisation and other revenues and expenses,5.74,True,,,none,,,,,False,report p.4 segment table; p.2-3 text,,Orkla Foods = Orkla Foods Nordic + Orkla Food Ingredients + Orkla Foods International - eliminations. Comparative as printed in Q1 2006 report.,confirmed,Comparative re-checked against report p.4 prior-year column.
2006Q1,Q1 2006,https://www.orkla.com/files/Public/19690/3174247/1-quarter-2006.pdf,current,Orkla Foods Nordic,2111,152,Operating profit before amortisation and other revenues and expenses,7.2,True,3.0,"underlying growth (excl. acquisitions, divestments and currency translation effects)",text,,,,,False,report p.4 segment table; p.2-3 text,Successful launches; efficiency measures lifted Procordia and Bakers; Panda exports up; higher herring raw material prices and Swedish grocery price declines hurt Abba Seafood,"Orkla Foods Nordic (2006-07 definition, excl. Baltics which sat in Orkla Foods International).",confirmed,"Independently re-extracted: revenue/EBITA match report p.4 segment figures and Q4 2007 xls sheet ""Business areas 2005-2006""; organic growth 3% matches source wording; margin 7.2 = EBITA/revenue within 0.05pp."
2005Q1,Q1 2006,https://www.orkla.com/files/Public/19690/3174247/1-quarter-2006.pdf,comparative,Orkla Foods Nordic,2059,151,Operating profit before amortisation and other revenues and expenses,7.33,True,,,none,,,,,False,report p.4 segment table; p.2-3 text,,"Orkla Foods Nordic (2006-07 definition, excl. Baltics which sat in Orkla Foods International). Comparative as printed in Q1 2006 report.",confirmed,Comparative re-checked against report p.4 prior-year column.
2006Q1,Q1 2006,https://www.orkla.com/files/Public/19690/3174247/1-quarter-2006.pdf,current,Orkla Foods International,505,3,Operating profit before amortisation and other revenues and expenses,0.59,True,,,none,,,,,False,report p.4 segment table; p.2-3 text,"SladCo (Russia) lower sales: very cold January, destocking by customers/distributors; Baltics sales +10%; slight profit gains Poland, Czech Rep., Romania, Austria","Orkla Foods International: Russia (SladCo, Krupskaya from 1 Jul 2006), CEE (Poland, Czech, Romania), Austria, Baltics; India (MTR Foods) from 1 Apr 2007.",confirmed,"Independently re-extracted: revenue/EBITA match report p.4 segment figures and Q4 2007 xls sheet ""Business areas 2005-2006""; organic growth not stated in report text/segment table or presentation (re-searched); margin 0.59 = EBITA/revenue within 0.05pp."
2005Q1,Q1 2006,https://www.orkla.com/files/Public/19690/3174247/1-quarter-2006.pdf,comparative,Orkla Foods International,537,12,Operating profit before amortisation and other revenues and expenses,2.23,True,,,none,,,,,False,report p.4 segment table; p.2-3 text,,"Orkla Foods International: Russia (SladCo, Krupskaya from 1 Jul 2006), CEE (Poland, Czech, Romania), Austria, Baltics; India (MTR Foods) from 1 Apr 2007. Comparative as printed in Q1 2006 report.",confirmed,Comparative re-checked against report p.4 prior-year column.
2006Q1,Q1 2006,https://www.orkla.com/files/Public/19690/3174247/1-quarter-2006.pdf,current,Orkla Food Ingredients,651,19,Operating profit before amortisation and other revenues and expenses,2.92,True,,,none,,,,,False,report p.4 segment table; p.2-3 text,Improvement programmes proceeding according to plan,"Orkla Food Ingredients (bakery/ingredients: Idun, KåKå, Odense Marcipan, Credin, Dragsbæk etc.).",confirmed,"Independently re-extracted: revenue/EBITA match report p.4 segment figures and Q4 2007 xls sheet ""Business areas 2005-2006""; organic growth not stated in report text/segment table or presentation (re-searched); margin 2.92 = EBITA/revenue within 0.05pp."
2005Q1,Q1 2006,https://www.orkla.com/files/Public/19690/3174247/1-quarter-2006.pdf,comparative,Orkla Food Ingredients,622,18,Operating profit before amortisation and other revenues and expenses,2.89,True,,,none,,,,,False,report p.4 segment table; p.2-3 text,,"Orkla Food Ingredients (bakery/ingredients: Idun, KåKå, Odense Marcipan, Credin, Dragsbæk etc.). Comparative as printed in Q1 2006 report.",confirmed,Comparative re-checked against report p.4 prior-year column.
2006Q1,Q1 2006,https://www.orkla.com/files/Public/19690/3174247/1-quarter-2006.pdf,current,Branded Consumer Goods,7078,500,Operating profit before amortisation and other revenues and expenses,7.06,True,,,none,,,,,False,report p.4 segment table,,"Q1 2006 BCG INCLUDES Orkla Media (2,200/75; 2005: 2,087/28); later 2006 reports restate BCG excl. Media (Q1 2006 restated 4,878/425 per Q1 2007 report).",confirmed,"Independently re-extracted: revenue/EBITA match report p.4 segment figures and Q4 2007 xls sheet ""Business areas 2005-2006""; organic growth not stated in report text/segment table or presentation (re-searched); margin 7.06 = EBITA/revenue within 0.05pp. Current vintage INCLUDES Orkla Media (2,200/75); for a continuous series use the Q1 2007-report comparative 4,878/425. BCG underlying growth not stated (Orkla Brands sub-segment gives no %); not derivable."
2005Q1,Q1 2006,https://www.orkla.com/files/Public/19690/3174247/1-quarter-2006.pdf,comparative,Branded Consumer Goods,6525,439,Operating profit before amortisation and other revenues and expenses,6.73,True,,,none,,,,,False,report p.4 segment table,,"Q1 2006 BCG INCLUDES Orkla Media (2,200/75; 2005: 2,087/28); later 2006 reports restate BCG excl. Media (Q1 2006 restated 4,878/425 per Q1 2007 report). Comparative as printed in Q1 2006 report.",confirmed,"Comparative re-checked against report p.4 prior-year column. INCLUDES Orkla Media (2,087/28). Excl.-Media basis consistent with 2005Q2-Q4 rows is derivable as 4,439/411 (H1 2005 9,369/953 less Q2 2005 4,930/542, Q2 2006 report p.4); sum 4,439+4,930+4,811+5,557=19,737 = FY2005 excl. Media."
2006Q2,Q2 2006,https://www.orkla.com/files/Public/19690/3174186/2-quarter-2006.pdf,current,Orkla Foods,3360,304,Operating profit before amortisation and other revenues and expenses,9.05,True,1.0,"underlying growth (excl. acquisitions, divestments and currency translation effects)",text,,,,,False,report p.4 segment table (quarter columns 1.4-30.6); p.2-3 text,"Broad-based Nordic profit growth (launches, cost reduction programmes); SladCo weak due to sales/distribution changes; OFI up despite higher prices for key raw materials",Orkla Foods = Orkla Foods Nordic + Orkla Food Ingredients + Orkla Foods International - eliminations. Underlying EBITA growth 9%; Easter effect roughly neutral; Royal Brinkers (Romania) consolidated from 1 Jun 2006.,confirmed,"Independently re-extracted: revenue/EBITA match report p.4 segment figures and Q4 2007 xls sheet ""Business areas 2005-2006""; organic growth 1% matches source wording; margin 9.05 = EBITA/revenue within 0.05pp."
2005Q2,Q2 2006,https://www.orkla.com/files/Public/19690/3174186/2-quarter-2006.pdf,comparative,Orkla Foods,3310,280,Operating profit before amortisation and other revenues and expenses,8.46,True,,,none,,,,,False,report p.4 segment table (quarter columns 1.4-30.6); p.2-3 text,,Orkla Foods = Orkla Foods Nordic + Orkla Food Ingredients + Orkla Foods International - eliminations. Comparative as printed in Q2 2006 report.,confirmed,Comparative re-checked against report p.4 prior-year column.
2006Q2,Q2 2006,https://www.orkla.com/files/Public/19690/3174186/2-quarter-2006.pdf,current,Orkla Foods Nordic,2287,281,Operating profit before amortisation and other revenues and expenses,12.29,True,4.0,"underlying growth (excl. acquisitions, divestments and currency translation effects) (""some 4 %"")",text,,,,,False,report p.4 segment table (quarter columns 1.4-30.6); p.2-3 text,"Launches drove growth; cost reduction programmes; Stabburet, Abba Seafood, Procordia marked profit growth; Bakers slightly weaker","Orkla Foods Nordic (2006-07 definition, excl. Baltics which sat in Orkla Foods International). EBITA +9% adj. for acquisitions/divestments.",confirmed,"Independently re-extracted: revenue/EBITA match report p.4 segment figures and Q4 2007 xls sheet ""Business areas 2005-2006""; organic growth 4% matches source wording; margin 12.29 = EBITA/revenue within 0.05pp."
2005Q2,Q2 2006,https://www.orkla.com/files/Public/19690/3174186/2-quarter-2006.pdf,comparative,Orkla Foods Nordic,2191,261,Operating profit before amortisation and other revenues and expenses,11.91,True,,,none,,,,,False,report p.4 segment table (quarter columns 1.4-30.6); p.2-3 text,,"Orkla Foods Nordic (2006-07 definition, excl. Baltics which sat in Orkla Foods International). Comparative as printed in Q2 2006 report.",confirmed,Comparative re-checked against report p.4 prior-year column.
2006Q2,Q2 2006,https://www.orkla.com/files/Public/19690/3174186/2-quarter-2006.pdf,current,Orkla Foods International,469,-17,Operating profit before amortisation and other revenues and expenses,-3.62,True,,,none,,,,,False,report p.4 segment table (quarter columns 1.4-30.6); p.2-3 text,SladCo profit weak (changes in sales and distribution system); other units improved via cost programmes; Baltics sales good,"Orkla Foods International: Russia (SladCo, Krupskaya from 1 Jul 2006), CEE (Poland, Czech, Romania), Austria, Baltics; India (MTR Foods) from 1 Apr 2007.",confirmed,"Independently re-extracted: revenue/EBITA match report p.4 segment figures and Q4 2007 xls sheet ""Business areas 2005-2006""; organic growth not stated in report text/segment table or presentation (re-searched); margin -3.62 = EBITA/revenue within 0.05pp."
2005Q2,Q2 2006,https://www.orkla.com/files/Public/19690/3174186/2-quarter-2006.pdf,comparative,Orkla Foods International,515,-16,Operating profit before amortisation and other revenues and expenses,-3.11,True,,,none,,,,,False,report p.4 segment table (quarter columns 1.4-30.6); p.2-3 text,,"Orkla Foods International: Russia (SladCo, Krupskaya from 1 Jul 2006), CEE (Poland, Czech, Romania), Austria, Baltics; India (MTR Foods) from 1 Apr 2007. Comparative as printed in Q2 2006 report.",confirmed,Comparative re-checked against report p.4 prior-year column.
2006Q2,Q2 2006,https://www.orkla.com/files/Public/19690/3174186/2-quarter-2006.pdf,current,Orkla Food Ingredients,677,40,Operating profit before amortisation and other revenues and expenses,5.91,True,,,none,,,,,False,report p.4 segment table (quarter columns 1.4-30.6); p.2-3 text,"Profit up in spite of higher prices for important raw materials; Idun, KåKå, Jästbolaget good growth","Orkla Food Ingredients (bakery/ingredients: Idun, KåKå, Odense Marcipan, Credin, Dragsbæk etc.).",confirmed,"Independently re-extracted: revenue/EBITA match report p.4 segment figures and Q4 2007 xls sheet ""Business areas 2005-2006""; organic growth not stated in report text/segment table or presentation (re-searched); margin 5.91 = EBITA/revenue within 0.05pp."
2005Q2,Q2 2006,https://www.orkla.com/files/Public/19690/3174186/2-quarter-2006.pdf,comparative,Orkla Food Ingredients,664,35,Operating profit before amortisation and other revenues and expenses,5.27,True,,,none,,,,,False,report p.4 segment table (quarter columns 1.4-30.6); p.2-3 text,,"Orkla Food Ingredients (bakery/ingredients: Idun, KåKå, Odense Marcipan, Credin, Dragsbæk etc.). Comparative as printed in Q2 2006 report.",confirmed,Comparative re-checked against report p.4 prior-year column.
2006Q2,Q2 2006,https://www.orkla.com/files/Public/19690/3174186/2-quarter-2006.pdf,current,Branded Consumer Goods,5056,574,Operating profit before amortisation and other revenues and expenses,11.35,True,1.0,"derived: revenue-weighted average of Orkla Foods underlying +1% (Q2 2005 base 3,310) and Orkla Brands sub-segment underlying ~1% (base 1,666) (Q2 2006 report p.2-3)",derived,,,,,False,report p.4 segment table,,"Branded Consumer Goods = Orkla Foods + Orkla Brands (non-food/snacks/confectionery branded goods) - eliminations; Orkla Media excluded (discontinued, sale agreed July 2006) and comparatives restated. New businesses added ~NOK 150m revenue in Q2 (BCG).",added,"Independently re-extracted: revenue/EBITA match report p.4 segment figures and Q4 2007 xls sheet ""Business areas 2005-2006""; organic growth not stated in report text/segment table or presentation (re-searched); margin 11.35 = EBITA/revenue within 0.05pp. ADDED OG ~1.0% (derived, not stated at BCG level). Orkla Brands paragraph also says revenues 'on a par' adjusted for Collett Pharma and FX before stating 'aggregate underlying growth approximately 1 %'; using 0 for Orkla Brands gives 0.7%. Range 0.7-1.0%."
2005Q2,Q2 2006,https://www.orkla.com/files/Public/19690/3174186/2-quarter-2006.pdf,comparative,Branded Consumer Goods,4930,542,Operating profit before amortisation and other revenues and expenses,10.99,True,,,none,,,,,False,report p.4 segment table,,"Branded Consumer Goods = Orkla Foods + Orkla Brands (non-food/snacks/confectionery branded goods) - eliminations; Orkla Media excluded (discontinued, sale agreed July 2006) and comparatives restated. Comparative as printed in Q2 2006 report.",confirmed,"Comparative re-checked against report p.4 prior-year column. Excl. Media basis (note: Q4 2007 xls sheet 'Business areas 2005-2006' shows 2005 BCG INCL. Media, e.g. Q2 7,145/712 - different vintage/scope)."
2006Q3,Q3 2006,https://www.orkla.com/files/Public/19690/3174121/3-quarter-2006.pdf,current,Orkla Foods,3506,341,Operating profit before amortisation and other revenues and expenses,9.73,True,1.0,"underlying growth (excl. acquisitions, divestments and currency translation effects)",text,,,,,False,report p.4 segment table (quarter columns 1.7-30.9); p.2-3 text,"Nordic top-line growth but continued pressure on prices and margins; Nordic raw material prices rose, some significantly; cost programmes on plan; SladCo weak sales",Orkla Foods = Orkla Foods Nordic + Orkla Food Ingredients + Orkla Foods International - eliminations. Underlying EBITA growth 3%; Krupskaya consolidated from 1 Jul 2006.,confirmed,"Independently re-extracted: revenue/EBITA match report p.4 segment figures and Q4 2007 xls sheet ""Business areas 2005-2006""; organic growth 1% matches source wording; margin 9.73 = EBITA/revenue within 0.05pp."
2005Q3,Q3 2006,https://www.orkla.com/files/Public/19690/3174121/3-quarter-2006.pdf,comparative,Orkla Foods,3324,319,Operating profit before amortisation and other revenues and expenses,9.6,True,,,none,,,,,False,report p.4 segment table (quarter columns 1.7-30.9); p.2-3 text,,Orkla Foods = Orkla Foods Nordic + Orkla Food Ingredients + Orkla Foods International - eliminations. Comparative as printed in Q3 2006 report.,confirmed,Comparative re-checked against report p.4 prior-year column.
2006Q3,Q3 2006,https://www.orkla.com/files/Public/19690/3174121/3-quarter-2006.pdf,current,Orkla Foods Nordic,2287,288,Operating profit before amortisation and other revenues and expenses,12.59,True,6.0,"underlying growth (excl. acquisitions, divestments and currency translation effects)",text,,,,,False,report p.4 segment table (quarter columns 1.7-30.9); p.2-3 text,"Growth in groceries, catering and baking ingredients; raw material prices increased, some significantly; cost programmes; Bakers and Panda slightly weaker profit","Orkla Foods Nordic (2006-07 definition, excl. Baltics which sat in Orkla Foods International). Bullet on p.2 says '5 % top-line growth' (= reported +5.4%); text says underlying growth 6%. EBITA +4% adj. for M&A.",confirmed,"Independently re-extracted: revenue/EBITA match report p.4 segment figures and Q4 2007 xls sheet ""Business areas 2005-2006""; organic growth 6% matches source wording; margin 12.59 = EBITA/revenue within 0.05pp. Bullet '5 % top-line growth' = reported +5.4%; text underlying 6% used - correct choice."
2005Q3,Q3 2006,https://www.orkla.com/files/Public/19690/3174121/3-quarter-2006.pdf,comparative,Orkla Foods Nordic,2170,278,Operating profit before amortisation and other revenues and expenses,12.81,True,,,none,,,,,False,report p.4 segment table (quarter columns 1.7-30.9); p.2-3 text,,"Orkla Foods Nordic (2006-07 definition, excl. Baltics which sat in Orkla Foods International). Comparative as printed in Q3 2006 report.",confirmed,Comparative re-checked against report p.4 prior-year column.
2006Q3,Q3 2006,https://www.orkla.com/files/Public/19690/3174121/3-quarter-2006.pdf,current,Orkla Foods International,607,18,Operating profit before amortisation and other revenues and expenses,2.97,True,,,none,,,,,False,report p.4 segment table (quarter columns 1.7-30.9); p.2-3 text,SladCo weak sales but positive profit; Krupskaya integration on plan; Baltics good sales growth; Royal Brinkers integration,"Orkla Foods International: Russia (SladCo, Krupskaya from 1 Jul 2006), CEE (Poland, Czech, Romania), Austria, Baltics; India (MTR Foods) from 1 Apr 2007.",confirmed,"Independently re-extracted: revenue/EBITA match report p.4 segment figures and Q4 2007 xls sheet ""Business areas 2005-2006""; organic growth not stated in report text/segment table or presentation (re-searched); margin 2.97 = EBITA/revenue within 0.05pp."
2005Q3,Q3 2006,https://www.orkla.com/files/Public/19690/3174121/3-quarter-2006.pdf,comparative,Orkla Foods International,559,9,Operating profit before amortisation and other revenues and expenses,1.61,True,,,none,,,,,False,report p.4 segment table (quarter columns 1.7-30.9); p.2-3 text,,"Orkla Foods International: Russia (SladCo, Krupskaya from 1 Jul 2006), CEE (Poland, Czech, Romania), Austria, Baltics; India (MTR Foods) from 1 Apr 2007. Comparative as printed in Q3 2006 report.",confirmed,Comparative re-checked against report p.4 prior-year column.
2006Q3,Q3 2006,https://www.orkla.com/files/Public/19690/3174121/3-quarter-2006.pdf,current,Orkla Food Ingredients,692,35,Operating profit before amortisation and other revenues and expenses,5.06,True,,,none,,,,,False,report p.4 segment table (quarter columns 1.7-30.9); p.2-3 text,Market share gains; favourable cost performance from cost reduction measures,"Orkla Food Ingredients (bakery/ingredients: Idun, KåKå, Odense Marcipan, Credin, Dragsbæk etc.).",confirmed,"Independently re-extracted: revenue/EBITA match report p.4 segment figures and Q4 2007 xls sheet ""Business areas 2005-2006""; organic growth not stated in report text/segment table or presentation (re-searched); margin 5.06 = EBITA/revenue within 0.05pp."
2005Q3,Q3 2006,https://www.orkla.com/files/Public/19690/3174121/3-quarter-2006.pdf,comparative,Orkla Food Ingredients,662,32,Operating profit before amortisation and other revenues and expenses,4.83,True,,,none,,,,,False,report p.4 segment table (quarter columns 1.7-30.9); p.2-3 text,,"Orkla Food Ingredients (bakery/ingredients: Idun, KåKå, Odense Marcipan, Credin, Dragsbæk etc.). Comparative as printed in Q3 2006 report.",confirmed,Comparative re-checked against report p.4 prior-year column.
2006Q3,Q3 2006,https://www.orkla.com/files/Public/19690/3174121/3-quarter-2006.pdf,current,Branded Consumer Goods,5215,668,Operating profit before amortisation and other revenues and expenses,12.81,True,2.0,"underlying operating revenues (excl. acquisitions, divestments and currency translation effects)",text,,,,,False,report p.4 segment table; p.2 text,,"Branded Consumer Goods = Orkla Foods + Orkla Brands (non-food/snacks/confectionery branded goods) - eliminations; Orkla Media excluded (discontinued, sale agreed July 2006) and comparatives restated. New business added ~NOK 260m revenue in Q3 (BCG).",confirmed,"Independently re-extracted: revenue/EBITA match report p.4 segment figures and Q4 2007 xls sheet ""Business areas 2005-2006""; organic growth 2% matches source wording; margin 12.81 = EBITA/revenue within 0.05pp."
2005Q3,Q3 2006,https://www.orkla.com/files/Public/19690/3174121/3-quarter-2006.pdf,comparative,Branded Consumer Goods,4811,610,Operating profit before amortisation and other revenues and expenses,12.68,True,,,none,,,,,False,report p.4 segment table; p.2 text,,"Branded Consumer Goods = Orkla Foods + Orkla Brands (non-food/snacks/confectionery branded goods) - eliminations; Orkla Media excluded (discontinued, sale agreed July 2006) and comparatives restated. Comparative as printed in Q3 2006 report.",confirmed,"Comparative re-checked against report p.4 prior-year column. Excl. Media basis (note: Q4 2007 xls sheet 'Business areas 2005-2006' shows 2005 BCG INCL. Media, e.g. Q2 7,145/712 - different vintage/scope)."
2006Q4,Q4 2006,https://www.orkla.com/files/Public/19690/3174086/4th-quarter-2006-report.pdf,current,Orkla Foods,4201,459,Operating profit before amortisation and other revenues and expenses,10.93,True,0.0,"underlying growth (excl. acquisitions, divestments and currency translation effects); ""on a par""",text,,,,,False,report p.4 segment table (quarter columns 1.10-31.12); p.3 text,"Underlying sales/profit flat; Nordic up (grocery growth, innovation, improvement programmes); raw material & energy cost rises only partly offset by price rises; SladCo vs strong Q4-05","Orkla Foods = Orkla Foods Nordic + Orkla Food Ingredients + Orkla Foods International - eliminations. FY2006: 14,266/1,278; FY underlying sales growth on a par, underlying EBITA +2%.",confirmed,"Independently re-extracted: revenue/EBITA match report p.4 segment figures and Q4 2007 xls sheet ""Business areas 2005-2006""; organic growth 0% matches source wording; margin 10.93 = EBITA/revenue within 0.05pp."
2005Q4,Q4 2006,https://www.orkla.com/files/Public/19690/3174086/4th-quarter-2006-report.pdf,comparative,Orkla Foods,3862,433,Operating profit before amortisation and other revenues and expenses,11.21,True,,,none,,,,,False,report p.4 segment table (quarter columns 1.10-31.12); p.3 text,,Orkla Foods = Orkla Foods Nordic + Orkla Food Ingredients + Orkla Foods International - eliminations. Comparative as printed in Q4 2006 report.,confirmed,Comparative re-checked against report p.4 prior-year column.
2006Q4,Q4 2006,https://www.orkla.com/files/Public/19690/3174086/4th-quarter-2006-report.pdf,current,Orkla Foods Nordic,2598,336,Operating profit before amortisation and other revenues and expenses,12.93,True,,,none,,,,,False,report p.4 segment table (quarter columns 1.10-31.12); p.3 text,"Good grocery market growth, innovation/brand-building, improvement programmes; higher raw material and energy costs only partially offset by price rises; Panda and Bakers revenues down","Orkla Foods Nordic (2006-07 definition, excl. Baltics which sat in Orkla Foods International).",confirmed,"Independently re-extracted: revenue/EBITA match report p.4 segment figures and Q4 2007 xls sheet ""Business areas 2005-2006""; organic growth not stated in report text/segment table or presentation (re-searched); margin 12.93 = EBITA/revenue within 0.05pp. Also not in AR 2006 (its 'underlying growth of 6%' for OFN refers to EBITA 1,057 vs 997) nor in Q4 2006 press release. Unverifiable/not derivable."
2005Q4,Q4 2006,https://www.orkla.com/files/Public/19690/3174086/4th-quarter-2006-report.pdf,comparative,Orkla Foods Nordic,2444,307,Operating profit before amortisation and other revenues and expenses,12.56,True,,,none,,,,,False,report p.4 segment table (quarter columns 1.10-31.12); p.3 text,,"Orkla Foods Nordic (2006-07 definition, excl. Baltics which sat in Orkla Foods International). Comparative as printed in Q4 2006 report.",confirmed,Comparative re-checked against report p.4 prior-year column.
2006Q4,Q4 2006,https://www.orkla.com/files/Public/19690/3174086/4th-quarter-2006-report.pdf,current,Orkla Foods International,848,51,Operating profit before amortisation and other revenues and expenses,6.01,True,,,none,,,,,False,report p.4 segment table (quarter columns 1.10-31.12); p.3 text,Revenue growth from Krupskaya acquisition but underlying decline; profit down as SladCo lapped extraordinary Q4-05 sales to distributors/retailers,"Orkla Foods International: Russia (SladCo, Krupskaya from 1 Jul 2006), CEE (Poland, Czech, Romania), Austria, Baltics; India (MTR Foods) from 1 Apr 2007.",confirmed,"Independently re-extracted: revenue/EBITA match report p.4 segment figures and Q4 2007 xls sheet ""Business areas 2005-2006""; organic growth not stated in report text/segment table or presentation (re-searched); margin 6.01 = EBITA/revenue within 0.05pp."
2005Q4,Q4 2006,https://www.orkla.com/files/Public/19690/3174086/4th-quarter-2006-report.pdf,comparative,Orkla Foods International,701,68,Operating profit before amortisation and other revenues and expenses,9.7,True,,,none,,,,,False,report p.4 segment table (quarter columns 1.10-31.12); p.3 text,,"Orkla Foods International: Russia (SladCo, Krupskaya from 1 Jul 2006), CEE (Poland, Czech, Romania), Austria, Baltics; India (MTR Foods) from 1 Apr 2007. Comparative as printed in Q4 2006 report.",confirmed,Comparative re-checked against report p.4 prior-year column.
2006Q4,Q4 2006,https://www.orkla.com/files/Public/19690/3174086/4th-quarter-2006-report.pdf,current,Orkla Food Ingredients,837,72,Operating profit before amortisation and other revenues and expenses,8.6,True,,,none,,,,,False,report p.4 segment table (quarter columns 1.10-31.12); p.3 text,"Improvement programmes (Idun, Jästbolaget); growth at KåKå, Odense Marcipan, Credin","Orkla Food Ingredients (bakery/ingredients: Idun, KåKå, Odense Marcipan, Credin, Dragsbæk etc.).",confirmed,"Independently re-extracted: revenue/EBITA match report p.4 segment figures and Q4 2007 xls sheet ""Business areas 2005-2006""; organic growth not stated in report text/segment table or presentation (re-searched); margin 8.6 = EBITA/revenue within 0.05pp."
2005Q4,Q4 2006,https://www.orkla.com/files/Public/19690/3174086/4th-quarter-2006-report.pdf,comparative,Orkla Food Ingredients,795,58,Operating profit before amortisation and other revenues and expenses,7.3,True,,,none,,,,,False,report p.4 segment table (quarter columns 1.10-31.12); p.3 text,,"Orkla Food Ingredients (bakery/ingredients: Idun, KåKå, Odense Marcipan, Credin, Dragsbæk etc.). Comparative as printed in Q4 2006 report.",confirmed,Comparative re-checked against report p.4 prior-year column.
2006Q4,Q4 2006,https://www.orkla.com/files/Public/19690/3174086/4th-quarter-2006-report.pdf,current,Branded Consumer Goods,6249,788,Operating profit before amortisation and other revenues and expenses,12.61,True,3.0,"underlying revenues (excl. acquisitions, divestments and currency translation effects)",text,,,,,False,report p.4 segment table; p.2 text,,"Branded Consumer Goods = Orkla Foods + Orkla Brands (non-food/snacks/confectionery branded goods) - eliminations; Orkla Media excluded (discontinued, sale agreed July 2006) and comparatives restated. New businesses added ~NOK 400m revenue in Q4 (BCG).",confirmed,"Independently re-extracted: revenue/EBITA match report p.4 segment figures and Q4 2007 xls sheet ""Business areas 2005-2006""; organic growth 3% matches source wording; margin 12.61 = EBITA/revenue within 0.05pp."
2005Q4,Q4 2006,https://www.orkla.com/files/Public/19690/3174086/4th-quarter-2006-report.pdf,comparative,Branded Consumer Goods,5557,699,Operating profit before amortisation and other revenues and expenses,12.58,True,,,none,,,,,False,report p.4 segment table; p.2 text,,"Branded Consumer Goods = Orkla Foods + Orkla Brands (non-food/snacks/confectionery branded goods) - eliminations; Orkla Media excluded (discontinued, sale agreed July 2006) and comparatives restated. Comparative as printed in Q4 2006 report.",confirmed,"Comparative re-checked against report p.4 prior-year column. Excl. Media basis (note: Q4 2007 xls sheet 'Business areas 2005-2006' shows 2005 BCG INCL. Media, e.g. Q2 7,145/712 - different vintage/scope)."
2007Q1,Q1 2007,https://www.orkla.com/files/Public/19690/3174036/1-quarter-2007-pdf.pdf,current,Orkla Foods,3325,159,Operating profit before amortisation and other income and expenses,4.78,True,-2.0,"underlying growth (excl. acquisitions, divestments and currency translation effects)",text,,,,,False,report p.8 appendix segment table; p.3 text,"Structural growth but underlying sales -2%; underlying EBITA -NOK 22m; weaker CEE profit, esp. challenging Poland; Nordic flat (Bakers, Panda sales down)",Orkla Foods = Orkla Foods Nordic + Orkla Food Ingredients + Orkla Foods International - eliminations.,confirmed,"Independently re-extracted: revenue/EBITA match report p.8 segment figures and Q4 2007 xls ""Business areas 2007""; organic growth -2% matches source wording; margin 4.78 = EBITA/revenue within 0.05pp."
2006Q1,Q1 2007,https://www.orkla.com/files/Public/19690/3174036/1-quarter-2007-pdf.pdf,comparative,Orkla Foods,3199,174,Operating profit before amortisation and other income and expenses,5.44,True,,,none,,,,,False,report p.8 appendix segment table; p.3 text,,Orkla Foods = Orkla Foods Nordic + Orkla Food Ingredients + Orkla Foods International - eliminations. Comparative as printed in Q1 2007 report.,confirmed,Comparative re-checked against report p.8 prior-year column. Equal to originally reported 2006 value (no restatement).
2007Q1,Q1 2007,https://www.orkla.com/files/Public/19690/3174036/1-quarter-2007-pdf.pdf,current,Orkla Foods Nordic,2145,147,Operating profit before amortisation and other income and expenses,6.85,True,0.0,"underlying growth (excl. acquisitions, divestments and currency translation effects); ""on a par""",text,,,,,False,report p.8 appendix segment table; p.3 text,"Underlying sales flat; growth at Procordia, Abba Seafood, Stabburet, Beauvais, Felix Abba offset by declines at Bakers and Panda","Orkla Foods Nordic (2006-07 definition, excl. Baltics which sat in Orkla Foods International).",confirmed,"Independently re-extracted: revenue/EBITA match report p.8 segment figures and Q4 2007 xls ""Business areas 2007""; organic growth 0% matches source wording; margin 6.85 = EBITA/revenue within 0.05pp."
2006Q1,Q1 2007,https://www.orkla.com/files/Public/19690/3174036/1-quarter-2007-pdf.pdf,comparative,Orkla Foods Nordic,2111,152,Operating profit before amortisation and other income and expenses,7.2,True,,,none,,,,,False,report p.8 appendix segment table; p.3 text,,"Orkla Foods Nordic (2006-07 definition, excl. Baltics which sat in Orkla Foods International). Comparative as printed in Q1 2007 report.",confirmed,Comparative re-checked against report p.8 prior-year column. Equal to originally reported 2006 value (no restatement).
2007Q1,Q1 2007,https://www.orkla.com/files/Public/19690/3174036/1-quarter-2007-pdf.pdf,current,Orkla Foods International,549,-17,Operating profit before amortisation and other income and expenses,-3.1,True,,,none,,,,,False,report p.8 appendix segment table; p.3 text,"Weaker CEE profit, especially challenging Polish market; Russian chocolate flat; Baltics progress; MTR Foods (India) consolidated from 1 Apr 2007","Orkla Foods International: Russia (SladCo, Krupskaya from 1 Jul 2006), CEE (Poland, Czech, Romania), Austria, Baltics; India (MTR Foods) from 1 Apr 2007.",confirmed,"Independently re-extracted: revenue/EBITA match report p.8 segment figures and Q4 2007 xls ""Business areas 2007""; organic growth not stated in report text/segment table or presentation (re-searched); margin -3.1 = EBITA/revenue within 0.05pp."
2006Q1,Q1 2007,https://www.orkla.com/files/Public/19690/3174036/1-quarter-2007-pdf.pdf,comparative,Orkla Foods International,505,3,Operating profit before amortisation and other income and expenses,0.59,True,,,none,,,,,False,report p.8 appendix segment table; p.3 text,,"Orkla Foods International: Russia (SladCo, Krupskaya from 1 Jul 2006), CEE (Poland, Czech, Romania), Austria, Baltics; India (MTR Foods) from 1 Apr 2007. Comparative as printed in Q1 2007 report.",confirmed,Comparative re-checked against report p.8 prior-year column. Equal to originally reported 2006 value (no restatement).
2007Q1,Q1 2007,https://www.orkla.com/files/Public/19690/3174036/1-quarter-2007-pdf.pdf,current,Orkla Food Ingredients,701,29,Operating profit before amortisation and other income and expenses,4.14,True,,,none,,,,,False,report p.8 appendix segment table; p.3 text,Broad-based progress (Odense Marcipan); underlying EBITA +42%; Setuza (Czech) taken over,"Orkla Food Ingredients (bakery/ingredients: Idun, KåKå, Odense Marcipan, Credin, Dragsbæk etc.).",confirmed,"Independently re-extracted: revenue/EBITA match report p.8 segment figures and Q4 2007 xls ""Business areas 2007""; organic growth not stated in report text/segment table or presentation (re-searched); margin 4.14 = EBITA/revenue within 0.05pp."
2006Q1,Q1 2007,https://www.orkla.com/files/Public/19690/3174036/1-quarter-2007-pdf.pdf,comparative,Orkla Food Ingredients,651,19,Operating profit before amortisation and other income and expenses,2.92,True,,,none,,,,,False,report p.8 appendix segment table; p.3 text,,"Orkla Food Ingredients (bakery/ingredients: Idun, KåKå, Odense Marcipan, Credin, Dragsbæk etc.). Comparative as printed in Q1 2007 report.",confirmed,Comparative re-checked against report p.8 prior-year column. Equal to originally reported 2006 value (no restatement).
2007Q1,Q1 2007,https://www.orkla.com/files/Public/19690/3174036/1-quarter-2007-pdf.pdf,current,Orkla Branded Consumer Goods,5285,468,Operating profit before amortisation and other income and expenses,8.86,True,2.0,"underlying growth (excl. acquisitions, divestments and currency translation effects)",text,,,,,False,report p.8 appendix; p.2 text,,Orkla Branded Consumer Goods = Orkla Foods + Orkla Brands - eliminations (same scope as 2006 BCG excl. Orkla Media). Underlying EBITA +NOK 20m (+5%). Q1 2006 comparative restated excl. Orkla Media.,confirmed,"Independently re-extracted: revenue/EBITA match report p.8 segment figures and Q4 2007 xls ""Business areas 2007""; organic growth 2% matches source wording; margin 8.86 = EBITA/revenue within 0.05pp."
2006Q1,Q1 2007,https://www.orkla.com/files/Public/19690/3174036/1-quarter-2007-pdf.pdf,comparative,Orkla Branded Consumer Goods,4878,425,Operating profit before amortisation and other income and expenses,8.71,True,,,none,,,,,False,report p.8 appendix; p.2 text,,"Orkla Branded Consumer Goods = Orkla Foods + Orkla Brands - eliminations (same scope as 2006 BCG excl. Orkla Media). Q1 2006 restated excl. Orkla Media (Q1 2006 report printed 7,078/500 incl. Media). Comparative as printed in Q1 2007 report.",confirmed,"Comparative re-checked against report p.8 prior-year column. Differs from originally reported 7,078/500 (Q1 2006 report p.4) because Orkla Media (2,200/75) became discontinued from Q2 2006; restated 4,878/425 also = H1 2006 9,934/999 less Q2 5,056/574 (Q2 2006 report p.4)."
2007Q2,Q2 2007,https://www.orkla.com/files/Main/19690/3173989/2-quarter-2007.pdf,current,Orkla Foods,3618,208,Operating profit before amortisation and other income and expenses,5.75,True,-2.0,"underlying growth (excl. acquisitions, divestments and currency translation effects)",text,,,,,False,report p.8 appendix segment table (1.4-30.6); p.2-3 text,Factor input price increases not sufficiently compensated (price rises from 1 July); Poland and Bakers (Norway) problems; underlying EBITA -NOK 105m,Orkla Foods = Orkla Foods Nordic + Orkla Food Ingredients + Orkla Foods International - eliminations. Cost-saving target raised to NOK 750m for 2006-08.,confirmed,"Independently re-extracted: revenue/EBITA match report p.8 segment figures and Q4 2007 xls ""Business areas 2007""; organic growth -2% matches source wording; margin 5.75 = EBITA/revenue within 0.05pp."
2006Q2,Q2 2007,https://www.orkla.com/files/Main/19690/3173989/2-quarter-2007.pdf,comparative,Orkla Foods,3360,304,Operating profit before amortisation and other income and expenses,9.05,True,,,none,,,,,False,report p.8 appendix segment table (1.4-30.6); p.2-3 text,,Orkla Foods = Orkla Foods Nordic + Orkla Food Ingredients + Orkla Foods International - eliminations. Comparative as printed in Q2 2007 report.,confirmed,Comparative re-checked against report p.8 prior-year column. Equal to originally reported 2006 value (no restatement).
2007Q2,Q2 2007,https://www.orkla.com/files/Main/19690/3173989/2-quarter-2007.pdf,current,Orkla Foods Nordic,2353,214,Operating profit before amortisation and other income and expenses,9.09,True,-1.0,"underlying growth (excl. acquisitions, divestments and currency translation effects)",text,,,,,False,report p.8 appendix segment table (1.4-30.6); p.2-3 text,"Revenue and profit down in Norway (Bakers), growth continued in Sweden and Finland; input cost increases not fully priced through","Orkla Foods Nordic (2006-07 definition, excl. Baltics which sat in Orkla Foods International).",confirmed,"Independently re-extracted: revenue/EBITA match report p.8 segment figures and Q4 2007 xls ""Business areas 2007""; organic growth -1% matches source wording; margin 9.09 = EBITA/revenue within 0.05pp."
2006Q2,Q2 2007,https://www.orkla.com/files/Main/19690/3173989/2-quarter-2007.pdf,comparative,Orkla Foods Nordic,2287,281,Operating profit before amortisation and other income and expenses,12.29,True,,,none,,,,,False,report p.8 appendix segment table (1.4-30.6); p.2-3 text,,"Orkla Foods Nordic (2006-07 definition, excl. Baltics which sat in Orkla Foods International). Comparative as printed in Q2 2007 report.",confirmed,Comparative re-checked against report p.8 prior-year column. Equal to originally reported 2006 value (no restatement).
2007Q2,Q2 2007,https://www.orkla.com/files/Main/19690/3173989/2-quarter-2007.pdf,current,Orkla Foods International,576,-47,Operating profit before amortisation and other income and expenses,-8.16,True,,,none,,,,,False,report p.8 appendix segment table (1.4-30.6); p.2-3 text,"Poland significant challenges, structural options considered; sales up in Baltics, Austria and India (MTR)","Orkla Foods International: Russia (SladCo, Krupskaya from 1 Jul 2006), CEE (Poland, Czech, Romania), Austria, Baltics; India (MTR Foods) from 1 Apr 2007.",confirmed,"Independently re-extracted: revenue/EBITA match report p.8 segment figures and Q4 2007 xls ""Business areas 2007""; organic growth not stated in report text/segment table or presentation (re-searched); margin -8.16 = EBITA/revenue within 0.05pp."
2006Q2,Q2 2007,https://www.orkla.com/files/Main/19690/3173989/2-quarter-2007.pdf,comparative,Orkla Foods International,469,-17,Operating profit before amortisation and other income and expenses,-3.62,True,,,none,,,,,False,report p.8 appendix segment table (1.4-30.6); p.2-3 text,,"Orkla Foods International: Russia (SladCo, Krupskaya from 1 Jul 2006), CEE (Poland, Czech, Romania), Austria, Baltics; India (MTR Foods) from 1 Apr 2007. Comparative as printed in Q2 2007 report.",confirmed,Comparative re-checked against report p.8 prior-year column. Equal to originally reported 2006 value (no restatement).
2007Q2,Q2 2007,https://www.orkla.com/files/Main/19690/3173989/2-quarter-2007.pdf,current,Orkla Food Ingredients,759,41,Operating profit before amortisation and other income and expenses,5.4,True,,,none,,,,,False,report p.8 appendix segment table (1.4-30.6); p.2-3 text,Revenue rise mainly from acquired businesses,"Orkla Food Ingredients (bakery/ingredients: Idun, KåKå, Odense Marcipan, Credin, Dragsbæk etc.).",confirmed,"Independently re-extracted: revenue/EBITA match report p.8 segment figures and Q4 2007 xls ""Business areas 2007""; organic growth not stated in report text/segment table or presentation (re-searched); margin 5.4 = EBITA/revenue within 0.05pp."
2006Q2,Q2 2007,https://www.orkla.com/files/Main/19690/3173989/2-quarter-2007.pdf,comparative,Orkla Food Ingredients,677,40,Operating profit before amortisation and other income and expenses,5.91,True,,,none,,,,,False,report p.8 appendix segment table (1.4-30.6); p.2-3 text,,"Orkla Food Ingredients (bakery/ingredients: Idun, KåKå, Odense Marcipan, Credin, Dragsbæk etc.). Comparative as printed in Q2 2007 report.",confirmed,Comparative re-checked against report p.8 prior-year column. Equal to originally reported 2006 value (no restatement).
2007Q2,Q2 2007,https://www.orkla.com/files/Main/19690/3173989/2-quarter-2007.pdf,current,Orkla Branded Consumer Goods,5465,458,Operating profit before amortisation and other income and expenses,8.38,True,-1.5,"underlying decline in operating revenues of NOK 75m (excl. acquisitions, divestments, FX) / Q2 2006 revenue",derived,,,,,False,report p.8 appendix; p.2 text,,"Orkla Branded Consumer Goods = Orkla Foods + Orkla Brands - eliminations (same scope as 2006 BCG excl. Orkla Media). og derived: report states underlying revenue decline NOK -75m and EBITA -NOK 135m in Q2; -75/5,056 = -1.5%.",confirmed,"Independently re-extracted: revenue/EBITA match report p.8 segment figures and Q4 2007 xls ""Business areas 2007""; organic growth -1.5% is derived (not stated) - derivation re-computed, see below; margin 8.38 = EBITA/revenue within 0.05pp. Derived OG re-computed: -75 / 5,056 (restated Q2 2006 BCG) = -1.48%. Approximation (base not adjusted for M&A/FX)."
2006Q2,Q2 2007,https://www.orkla.com/files/Main/19690/3173989/2-quarter-2007.pdf,comparative,Orkla Branded Consumer Goods,5056,574,Operating profit before amortisation and other income and expenses,11.35,True,,,none,,,,,False,report p.8 appendix; p.2 text,,Orkla Branded Consumer Goods = Orkla Foods + Orkla Brands - eliminations (same scope as 2006 BCG excl. Orkla Media). Comparative as printed in Q2 2007 report.,confirmed,Comparative re-checked against report p.8 prior-year column. Equal to originally reported (BCG excl. Media from Q2 2006 report onward).
2007Q3,Q3 2007,https://www.orkla.com/files/Main/19690/3173953/3rd-quarter-2007.pdf,current,Orkla Foods,3553,245,Operating profit before amortisation and other income and expenses,6.9,True,-1.7,"underlying growth (excl. acquisitions, divestments and currency translation effects)",text,,,,,False,report p.8 appendix segment table (1.7-30.9); p.2-3 text,Raw material prices kept rising; finished-goods price rises lag (contracts) into H2-07/H1-08; Bakers weak; Poland restructuring (Superfish sold); NOK 324m charges below EBITA,"Orkla Foods = Orkla Foods Nordic + Orkla Food Ingredients + Orkla Foods International - eliminations. NOK 324m other income/expenses (Romania goodwill write-down, Superfish sale, Polish restructuring) below EBITA; Orkla Foods EBIT -79 (xls Q4 2007).",confirmed,"Independently re-extracted: revenue/EBITA match report p.8 segment figures and Q4 2007 xls ""Business areas 2007""; organic growth -1.7% matches source wording; margin 6.9 = EBITA/revenue within 0.05pp. EBIT after other income/expenses = 245-324 = -79 (Q4 2007 xls) - not in ebit column by design."
2006Q3,Q3 2007,https://www.orkla.com/files/Main/19690/3173953/3rd-quarter-2007.pdf,comparative,Orkla Foods,3506,341,Operating profit before amortisation and other income and expenses,9.73,True,,,none,,,,,False,report p.8 appendix segment table (1.7-30.9); p.2-3 text,,Orkla Foods = Orkla Foods Nordic + Orkla Food Ingredients + Orkla Foods International - eliminations. Comparative as printed in Q3 2007 report.,confirmed,Comparative re-checked against report p.8 prior-year column. Equal to originally reported 2006 value (no restatement).
2007Q3,Q3 2007,https://www.orkla.com/files/Main/19690/3173953/3rd-quarter-2007.pdf,current,Orkla Foods Nordic,2253,232,Operating profit before amortisation and other income and expenses,10.3,True,-1.6,"underlying growth (excl. acquisitions, divestments and currency translation effects)",text,,,,,False,report p.8 appendix segment table (1.7-30.9); p.2-3 text,"Profit down in Sweden and Norway, up in Denmark and Finland; higher factor input prices; Bakers challenging market","Orkla Foods Nordic (2006-07 definition, excl. Baltics which sat in Orkla Foods International).",confirmed,"Independently re-extracted: revenue/EBITA match report p.8 segment figures and Q4 2007 xls ""Business areas 2007""; organic growth -1.6% matches source wording; margin 10.3 = EBITA/revenue within 0.05pp."
2006Q3,Q3 2007,https://www.orkla.com/files/Main/19690/3173953/3rd-quarter-2007.pdf,comparative,Orkla Foods Nordic,2287,288,Operating profit before amortisation and other income and expenses,12.59,True,,,none,,,,,False,report p.8 appendix segment table (1.7-30.9); p.2-3 text,,"Orkla Foods Nordic (2006-07 definition, excl. Baltics which sat in Orkla Foods International). Comparative as printed in Q3 2007 report.",confirmed,Comparative re-checked against report p.8 prior-year column. Equal to originally reported 2006 value (no restatement).
2007Q3,Q3 2007,https://www.orkla.com/files/Main/19690/3173953/3rd-quarter-2007.pdf,current,Orkla Foods International,599,-27,Operating profit before amortisation and other income and expenses,-4.51,True,,,none,,,,,False,report p.8 appendix segment table (1.7-30.9); p.2-3 text,"Continued weak CEE (Poland, Romania); Superfish sale agreed; Romania goodwill written down (below EBITA)","Orkla Foods International: Russia (SladCo, Krupskaya from 1 Jul 2006), CEE (Poland, Czech, Romania), Austria, Baltics; India (MTR Foods) from 1 Apr 2007.",confirmed,"Independently re-extracted: revenue/EBITA match report p.8 segment figures and Q4 2007 xls ""Business areas 2007""; organic growth not stated in report text/segment table or presentation (re-searched); margin -4.51 = EBITA/revenue within 0.05pp."
2006Q3,Q3 2007,https://www.orkla.com/files/Main/19690/3173953/3rd-quarter-2007.pdf,comparative,Orkla Foods International,607,18,Operating profit before amortisation and other income and expenses,2.97,True,,,none,,,,,False,report p.8 appendix segment table (1.7-30.9); p.2-3 text,,"Orkla Foods International: Russia (SladCo, Krupskaya from 1 Jul 2006), CEE (Poland, Czech, Romania), Austria, Baltics; India (MTR Foods) from 1 Apr 2007. Comparative as printed in Q3 2007 report.",confirmed,Comparative re-checked against report p.8 prior-year column. Equal to originally reported 2006 value (no restatement).
2007Q3,Q3 2007,https://www.orkla.com/files/Main/19690/3173953/3rd-quarter-2007.pdf,current,Orkla Food Ingredients,785,40,Operating profit before amortisation and other income and expenses,5.1,True,,,none,,,,,False,report p.8 appendix segment table (1.7-30.9); p.2-3 text,Progress; acquisitions,"Orkla Food Ingredients (bakery/ingredients: Idun, KåKå, Odense Marcipan, Credin, Dragsbæk etc.).",confirmed,"Independently re-extracted: revenue/EBITA match report p.8 segment figures and Q4 2007 xls ""Business areas 2007""; organic growth not stated in report text/segment table or presentation (re-searched); margin 5.1 = EBITA/revenue within 0.05pp."
2006Q3,Q3 2007,https://www.orkla.com/files/Main/19690/3173953/3rd-quarter-2007.pdf,comparative,Orkla Food Ingredients,692,35,Operating profit before amortisation and other income and expenses,5.06,True,,,none,,,,,False,report p.8 appendix segment table (1.7-30.9); p.2-3 text,,"Orkla Food Ingredients (bakery/ingredients: Idun, KåKå, Odense Marcipan, Credin, Dragsbæk etc.). Comparative as printed in Q3 2007 report.",confirmed,Comparative re-checked against report p.8 prior-year column. Equal to originally reported 2006 value (no restatement).
2007Q3,Q3 2007,https://www.orkla.com/files/Main/19690/3173953/3rd-quarter-2007.pdf,current,Orkla Branded Consumer Goods,5326,596,Operating profit before amortisation and other income and expenses,11.19,True,1.0,organic growth,text,,,,,False,report p.8 appendix; p.2 text,,Orkla Branded Consumer Goods = Orkla Foods + Orkla Brands - eliminations (same scope as 2006 BCG excl. Orkla Media).,confirmed,"Independently re-extracted: revenue/EBITA match report p.8 segment figures and Q4 2007 xls ""Business areas 2007""; organic growth 1% matches source wording; margin 11.19 = EBITA/revenue within 0.05pp."
2006Q3,Q3 2007,https://www.orkla.com/files/Main/19690/3173953/3rd-quarter-2007.pdf,comparative,Orkla Branded Consumer Goods,5215,668,Operating profit before amortisation and other income and expenses,12.81,True,,,none,,,,,False,report p.8 appendix; p.2 text,,Orkla Branded Consumer Goods = Orkla Foods + Orkla Brands - eliminations (same scope as 2006 BCG excl. Orkla Media). Comparative as printed in Q3 2007 report.,confirmed,Comparative re-checked against report p.8 prior-year column. Equal to originally reported (BCG excl. Media from Q2 2006 report onward).
2007Q4,Q4 2007,https://www.orkla.com/files/Main/19690/3173887/quarterly-report-q4-2007.pdf,current,Orkla Foods,4229,388,"EBITA (operating profit before amortisation, restructuring and significant impairments)",9.2,False,0.6,"underlying growth (excl. acquisitions, divestments and currency translation effects)",text,,,,,False,report p.9 appendix (1.10-31.12); p.3-4 text; xls quarterly-figures-q4-2007.xls sheet 'Business areas 2007'; presentation p.31 (margin),Raw material prices rose all quarter; price increases only took effect late Q4/early 2008 due to contracts; Bakers weak; declining sales in Central and Eastern Europe,"Orkla Foods = Orkla Foods Nordic + Orkla Food Ingredients + Orkla Foods International - eliminations. Underlying EBITA -NOK 65m (-14%). FY2007 14,725/1,000 (underlying sales -1.1%, EBITA -23%). Last report with Orkla Foods as a segment.",confirmed,"Independently re-extracted: revenue/EBITA match report p.9 + quarterly-figures-q4-2007.xls segment figures and Q4 2007 xls ""Business areas 2007""; organic growth 0.6% matches source wording; margin 9.2 = EBITA/revenue within 0.05pp."
2006Q4,Q4 2007,https://www.orkla.com/files/Main/19690/3173887/quarterly-report-q4-2007.pdf,comparative,Orkla Foods,4201,459,"EBITA (operating profit before amortisation, restructuring and significant impairments)",10.9,False,,,none,,,,,False,report p.9 appendix (1.10-31.12); p.3-4 text; xls quarterly-figures-q4-2007.xls sheet 'Business areas 2007'; presentation p.31 (margin),,Orkla Foods = Orkla Foods Nordic + Orkla Food Ingredients + Orkla Foods International - eliminations. Comparative as printed in Q4 2007 report.,confirmed,Comparative re-checked against report p.9 + quarterly-figures-q4-2007.xls prior-year column. Equal to originally reported 2006 value (no restatement). Printed margin 10.9% (Q4 2007 pres p.31) vs computed 10.93%.
2007Q4,Q4 2007,https://www.orkla.com/files/Main/19690/3173887/quarterly-report-q4-2007.pdf,current,Orkla Foods Nordic,2540,280,"EBITA (operating profit before amortisation, restructuring and significant impairments)",11.02,True,-0.5,"underlying growth (excl. acquisitions, divestments and currency translation effects)",text,,,,,False,report p.9 appendix (1.10-31.12); p.3-4 text; xls quarterly-figures-q4-2007.xls sheet 'Business areas 2007',"Raw material inflation; profit up at Procordia and Felix Abba, down at Bakers, Abba Seafood, Stabburet and Panda","Orkla Foods Nordic (2006-07 definition, excl. Baltics which sat in Orkla Foods International). Old basis (excl. Baltics); 2008 reports restate Q4 2007 to 2,611/287.",confirmed,"Independently re-extracted: revenue/EBITA match report p.9 + quarterly-figures-q4-2007.xls segment figures and Q4 2007 xls ""Business areas 2007""; organic growth -0.5% matches source wording; margin 11.02 = EBITA/revenue within 0.05pp. Old basis (excl. Baltics); 2008 reports restate to 2,611/287."
2006Q4,Q4 2007,https://www.orkla.com/files/Main/19690/3173887/quarterly-report-q4-2007.pdf,comparative,Orkla Foods Nordic,2598,336,"EBITA (operating profit before amortisation, restructuring and significant impairments)",12.93,True,,,none,,,,,False,report p.9 appendix (1.10-31.12); p.3-4 text; xls quarterly-figures-q4-2007.xls sheet 'Business areas 2007',,"Orkla Foods Nordic (2006-07 definition, excl. Baltics which sat in Orkla Foods International). Comparative as printed in Q4 2007 report.",confirmed,Comparative re-checked against report p.9 + quarterly-figures-q4-2007.xls prior-year column. Equal to originally reported 2006 value (no restatement).
2007Q4,Q4 2007,https://www.orkla.com/files/Main/19690/3173887/quarterly-report-q4-2007.pdf,current,Orkla Foods International,839,40,"EBITA (operating profit before amortisation, restructuring and significant impairments)",4.77,True,0.0,"underlying growth (excl. acquisitions, divestments and currency translation effects); ""on a par""",text,,,,,False,report p.9 appendix (1.10-31.12); p.3-4 text; xls quarterly-figures-q4-2007.xls sheet 'Business areas 2007',"Profit improved in Russia, India and the Baltics; declined in Poland and Romania; further structural measures in CEE","Orkla Foods International: Russia (SladCo, Krupskaya from 1 Jul 2006), CEE (Poland, Czech, Romania), Austria, Baltics; India (MTR Foods) from 1 Apr 2007.",confirmed,"Independently re-extracted: revenue/EBITA match report p.9 + quarterly-figures-q4-2007.xls segment figures and Q4 2007 xls ""Business areas 2007""; organic growth 0% matches source wording; margin 4.77 = EBITA/revenue within 0.05pp."
2006Q4,Q4 2007,https://www.orkla.com/files/Main/19690/3173887/quarterly-report-q4-2007.pdf,comparative,Orkla Foods International,848,51,"EBITA (operating profit before amortisation, restructuring and significant impairments)",6.01,True,,,none,,,,,False,report p.9 appendix (1.10-31.12); p.3-4 text; xls quarterly-figures-q4-2007.xls sheet 'Business areas 2007',,"Orkla Foods International: Russia (SladCo, Krupskaya from 1 Jul 2006), CEE (Poland, Czech, Romania), Austria, Baltics; India (MTR Foods) from 1 Apr 2007. Comparative as printed in Q4 2007 report.",confirmed,Comparative re-checked against report p.9 + quarterly-figures-q4-2007.xls prior-year column. Equal to originally reported 2006 value (no restatement).
2007Q4,Q4 2007,https://www.orkla.com/files/Main/19690/3173887/quarterly-report-q4-2007.pdf,current,Orkla Food Ingredients,955,68,"EBITA (operating profit before amortisation, restructuring and significant impairments)",7.12,True,7.0,"underlying growth (excl. acquisitions, divestments and currency translation effects)",text,,,,,False,report p.9 appendix (1.10-31.12); p.3-4 text; xls quarterly-figures-q4-2007.xls sheet 'Business areas 2007',"Profit up in Norway and Sweden, slightly down in Denmark","Orkla Food Ingredients (bakery/ingredients: Idun, KåKå, Odense Marcipan, Credin, Dragsbæk etc.).",confirmed,"Independently re-extracted: revenue/EBITA match report p.9 + quarterly-figures-q4-2007.xls segment figures and Q4 2007 xls ""Business areas 2007""; organic growth 7% matches source wording; margin 7.12 = EBITA/revenue within 0.05pp."
2006Q4,Q4 2007,https://www.orkla.com/files/Main/19690/3173887/quarterly-report-q4-2007.pdf,comparative,Orkla Food Ingredients,837,72,"EBITA (operating profit before amortisation, restructuring and significant impairments)",8.6,True,,,none,,,,,False,report p.9 appendix (1.10-31.12); p.3-4 text; xls quarterly-figures-q4-2007.xls sheet 'Business areas 2007',,"Orkla Food Ingredients (bakery/ingredients: Idun, KåKå, Odense Marcipan, Credin, Dragsbæk etc.). Comparative as printed in Q4 2007 report.",confirmed,Comparative re-checked against report p.9 + quarterly-figures-q4-2007.xls prior-year column. Equal to originally reported 2006 value (no restatement).
2007Q4,Q4 2007,https://www.orkla.com/files/Main/19690/3173887/quarterly-report-q4-2007.pdf,current,Orkla Branded Consumer Goods,6177,696,"EBITA (operating profit before amortisation, restructuring and significant impairments)",11.27,True,1.4,"derived: revenue-weighted average of Orkla Foods underlying +0.6% (base 4,201) and Orkla Brands sub-segment underlying +3% (base 2,085) (Q4 2007 report p.3-4; pres p.30)",derived,,,,,False,report p.9 appendix (1.10-31.12); p.3-4 text; xls quarterly-figures-q4-2007.xls sheet 'Business areas 2007',,Orkla Branded Consumer Goods = Orkla Foods + Orkla Brands - eliminations (same scope as 2006 BCG excl. Orkla Media). Revenue -1% reported vs strong Q4 2006; no underlying % for BCG given.,added,"Independently re-extracted: revenue/EBITA match report p.9 + quarterly-figures-q4-2007.xls segment figures and Q4 2007 xls ""Business areas 2007""; organic growth not stated in report text/segment table or presentation (re-searched); margin 11.27 = EBITA/revenue within 0.05pp. ADDED OG ~1.4% (derived; BCG-level underlying not stated, only reported -1%). Alternative check: FY2007 weighted (Orkla Foods -1.1%, Orkla Brands +4%) minus Q1-Q3 BCG underlying NOK implies Q4 ~+0.9%. Treat as ~1% +/-0.5pp."
2006Q4,Q4 2007,https://www.orkla.com/files/Main/19690/3173887/quarterly-report-q4-2007.pdf,comparative,Orkla Branded Consumer Goods,6249,788,"EBITA (operating profit before amortisation, restructuring and significant impairments)",12.61,True,,,none,,,,,False,report p.9 appendix (1.10-31.12); p.3-4 text; xls quarterly-figures-q4-2007.xls sheet 'Business areas 2007',,Orkla Branded Consumer Goods = Orkla Foods + Orkla Brands - eliminations (same scope as 2006 BCG excl. Orkla Media). Comparative as printed in Q4 2007 report.,confirmed,Comparative re-checked against report p.9 + quarterly-figures-q4-2007.xls prior-year column. Equal to originally reported (BCG excl. Media from Q2 2006 report onward).
2008Q1,Q1 2008,https://www.orkla.com/files/Main/19690/3173820/quarterly-report-q1-2008.pdf,current,Orkla Foods Nordic,2293,160,"EBITA (before amortisation, restructuring and significant impairments)",6.98,True,6.0,"growth taking into account acquisitions and disposals (""around 6 %"")",text,,,,,False,xls quarterly-figures-q1-2008.xls sheet 'Business areas 2007-2008'; report p.8 appendix; p.2-4 text,"Growing effect of price increases, launches (Grandiosa Spelt) and base-range campaigns; Procordia/Stabburet/Felix Abba up; Bakers weak; raw material & labour costs rising; share down","Orkla Foods Nordic 2008+ definition incl. Orkla Foods Baltic (moved from Orkla Foods International); 2007 comparatives restated (FY2007 9,548/893 vs 9,291/873 old basis). Easter effect of little significance.",confirmed,"Independently re-extracted: revenue/EBITA match report p.8 + quarterly-figures-q1-2008.xls + pres p.11 segment figures and Q4 2009 xls ""Business areas 2008-2009""; organic growth 6% matches source wording; margin 6.98 = EBITA/revenue within 0.05pp. Source wording 'taking into account acquisitions and disposals, growth was around 6 %' - no explicit FX exclusion (og_metric already says so). Reported growth +3.9%."
2007Q1,Q1 2008,https://www.orkla.com/files/Main/19690/3173820/quarterly-report-q1-2008.pdf,comparative,Orkla Foods Nordic,2207,152,"EBITA (before amortisation, restructuring and significant impairments)",6.89,True,,,none,,,,,False,xls quarterly-figures-q1-2008.xls sheet 'Business areas 2007-2008'; report p.8 appendix; p.2-4 text,,"Orkla Foods Nordic 2008+ definition incl. Orkla Foods Baltic (moved from Orkla Foods International); 2007 comparatives restated (FY2007 9,548/893 vs 9,291/873 old basis). Comparative as printed in Q1 2008 report.",confirmed,"Comparative re-checked against report p.8 + quarterly-figures-q1-2008.xls + pres p.11 prior-year column. Differs from originally reported 2,145/147 (old basis) because 2008 reorganisation moved Orkla Foods Baltic (~NOK 250m rev / 20m EBITA p.a., Q4 2007 pres p.59) into Orkla Foods Nordic; restated value matches Q1/Q4 2008 xls."
2008Q1,Q1 2008,https://www.orkla.com/files/Main/19690/3173820/quarterly-report-q1-2008.pdf,current,Orkla Brands International,526,-27,"EBITA (before amortisation, restructuring and significant impairments)",-5.13,True,10.0,"underlying growth (excl. acquisitions, divestments and currency translation effects)",text,,,,,False,xls quarterly-figures-q1-2008.xls sheet 'Business areas 2007-2008'; report p.8 appendix; p.2-4 text,"Russia: higher advertising, raw material prices and cost growth; MTR Foods (India) good progress (Badam Drink); CEE growth","Orkla Brands International ~= former Orkla Foods International excl. Baltics (SladCo, Krupskaya, MTR Foods India, Felix Austria, Romania, Poland, Czech); 2007 comparatives restated.",confirmed,"Independently re-extracted: revenue/EBITA match report p.8 + quarterly-figures-q1-2008.xls + pres p.11 segment figures and Q4 2009 xls ""Business areas 2008-2009""; organic growth 10% matches source wording; margin -5.13 = EBITA/revenue within 0.05pp."
2007Q1,Q1 2008,https://www.orkla.com/files/Main/19690/3173820/quarterly-report-q1-2008.pdf,comparative,Orkla Brands International,484,-22,"EBITA (before amortisation, restructuring and significant impairments)",-4.55,True,,,none,,,,,False,xls quarterly-figures-q1-2008.xls sheet 'Business areas 2007-2008'; report p.8 appendix; p.2-4 text,,"Orkla Brands International ~= former Orkla Foods International excl. Baltics (SladCo, Krupskaya, MTR Foods India, Felix Austria, Romania, Poland, Czech); 2007 comparatives restated. Comparative as printed in Q1 2008 report.",confirmed,Comparative re-checked against report p.8 + quarterly-figures-q1-2008.xls + pres p.11 prior-year column. Restated 2007 figure for new unit (= old Orkla Foods International less Baltics and minor items); no originally reported counterpart; matches Q4 2008 xls.
2008Q1,Q1 2008,https://www.orkla.com/files/Main/19690/3173820/quarterly-report-q1-2008.pdf,current,Orkla Food Ingredients,780,32,"EBITA (before amortisation, restructuring and significant impairments)",4.1,True,5.0,"underlying growth (excl. acquisitions, divestments and currency translation effects) (""around 5 %"")",text,,,,,False,xls quarterly-figures-q1-2008.xls sheet 'Business areas 2007-2008'; report p.8 appendix; p.2-4 text,Soaring raw material costs successfully passed on; KåKå and KåKå Cz strongest; Frima Vafler and Naturli acquired,"Orkla Food Ingredients (bakery/ingredients: Idun, KåKå, Odense Marcipan, Credin, Dragsbæk etc.).",confirmed,"Independently re-extracted: revenue/EBITA match report p.8 + quarterly-figures-q1-2008.xls + pres p.11 segment figures and Q4 2009 xls ""Business areas 2008-2009""; organic growth 5% matches source wording; margin 4.1 = EBITA/revenue within 0.05pp."
2007Q1,Q1 2008,https://www.orkla.com/files/Main/19690/3173820/quarterly-report-q1-2008.pdf,comparative,Orkla Food Ingredients,701,29,"EBITA (before amortisation, restructuring and significant impairments)",4.14,True,,,none,,,,,False,xls quarterly-figures-q1-2008.xls sheet 'Business areas 2007-2008'; report p.8 appendix; p.2-4 text,,"Orkla Food Ingredients (bakery/ingredients: Idun, KåKå, Odense Marcipan, Credin, Dragsbæk etc.). Comparative as printed in Q1 2008 report.",confirmed,Comparative re-checked against report p.8 + quarterly-figures-q1-2008.xls + pres p.11 prior-year column.
2008Q1,Q1 2008,https://www.orkla.com/files/Main/19690/3173820/quarterly-report-q1-2008.pdf,current,Orkla Brands,5361,492,"EBITA (before amortisation, restructuring and significant impairments)",9.2,False,5.0,"growth taking account of acquisition and disposal of companies (presentation: ""Underlying top line growth +5 %"")",text,,,,,False,xls quarterly-figures-q1-2008.xls sheet 'Business areas 2007-2008'; report p.8 appendix; p.2-4 text; presentation p.11 (margin),"General cost rise partly offset by price increases, volume and positive mix; exit of loss-making units (Topp provision NOK 20m in Q1-07); Easter roughly neutral","'Orkla Brands' from 2008 = renamed Orkla Branded Consumer Goods (parent of Orkla Foods Nordic, Orkla Brands Nordic, Orkla Brands International, Orkla Food Ingredients); NOT the 2006-07 sub-segment 'Orkla Brands' (now Orkla Brands Nordic). 2007 comparatives identical to old BCG.",confirmed,"Independently re-extracted: revenue/EBITA match report p.8 + quarterly-figures-q1-2008.xls + pres p.11 segment figures and Q4 2009 xls ""Business areas 2008-2009""; organic growth 5% matches source wording; margin 9.2 = EBITA/revenue within 0.05pp. Cross-check: revenue-weighted unit OG (OFN 6, OBN ~3, OBI 10, OFI ~5) = 5.1%, consistent."
2007Q1,Q1 2008,https://www.orkla.com/files/Main/19690/3173820/quarterly-report-q1-2008.pdf,comparative,Orkla Brands,5285,468,"EBITA (before amortisation, restructuring and significant impairments)",8.9,False,,,none,,,,,False,xls quarterly-figures-q1-2008.xls sheet 'Business areas 2007-2008'; report p.8 appendix; p.2-4 text; presentation p.11 (margin),,"'Orkla Brands' from 2008 = renamed Orkla Branded Consumer Goods (parent of Orkla Foods Nordic, Orkla Brands Nordic, Orkla Brands International, Orkla Food Ingredients); NOT the 2006-07 sub-segment 'Orkla Brands' (now Orkla Brands Nordic). 2007 comparatives identical to old BCG. Comparative as printed in Q1 2008 report.",confirmed,Comparative re-checked against report p.8 + quarterly-figures-q1-2008.xls + pres p.11 prior-year column. Identical to originally reported Orkla Branded Consumer Goods (rename only).
2008Q2,Q2 2008,https://www.orkla.com/files/Public/19690/3173770/quarterly-report-q2-2008.pdf,current,Orkla Foods Nordic,2436,262,"EBITA (before amortisation, restructuring and significant impairments)",10.76,True,4.0,"underlying growth, Q2 implied from H1 (5 %) and Q1 (~6 %)",derived,,,,,True,xls quarterly-figures-q2-2008.xls sheet 'Business areas 2007-2008'; report p.13 note; p.4-5 text,Stabburet and Procordia good underlying profit growth; Bakers still low but improved by cost cuts; price increases implemented; Berthas sold; market shares slightly down,"Orkla Foods Nordic 2008+ definition incl. Orkla Foods Baltic (moved from Orkla Foods International); 2007 comparatives restated (FY2007 9,548/893 vs 9,291/873 old basis). Only og derived from YTD (Q2 not stated): (0.05*4,629-0.06*2,207)/2,422 ~ 4%, +/-1pp rounding; revenue/EBITA are printed quarterly figures. H1 underlying EBITA ~+11%.",confirmed,"Independently re-extracted: revenue/EBITA match report p.13 note + p.4-5 text + pres p.18 segment figures and Q4 2009 xls ""Business areas 2008-2009""; organic growth 4% is derived (not stated) - derivation re-computed, see below; margin 10.76 = EBITA/revenue within 0.05pp. Derived OG re-computed: (0.05*4,629-0.06*2,207)/2,422 = 4.1%. Rounding bounds (H1 4.5-5.5%, Q1 5.5-6.5%) give 2.7%-5.5%, i.e. about +/-1.4pp (wider than the +/-1pp stated in notes). Consistent with OB-level ~8%. Reported growth only +0.6% (FX: weaker SEK/EUR vs NOK; Berthas sold May 2008)."
2007Q2,Q2 2008,https://www.orkla.com/files/Public/19690/3173770/quarterly-report-q2-2008.pdf,comparative,Orkla Foods Nordic,2422,219,"EBITA (before amortisation, restructuring and significant impairments)",9.04,True,,,none,,,,,False,xls quarterly-figures-q2-2008.xls sheet 'Business areas 2007-2008'; report p.13 note; p.4-5 text,,"Orkla Foods Nordic 2008+ definition incl. Orkla Foods Baltic (moved from Orkla Foods International); 2007 comparatives restated (FY2007 9,548/893 vs 9,291/873 old basis). Comparative as printed in Q2 2008 report.",confirmed,"Comparative re-checked against report p.13 note + p.4-5 text + pres p.18 prior-year column. Differs from originally reported 2,353/214 (old basis) because 2008 reorganisation moved Orkla Foods Baltic (~NOK 250m rev / 20m EBITA p.a., Q4 2007 pres p.59) into Orkla Foods Nordic; restated value matches Q1/Q4 2008 xls."
2008Q2,Q2 2008,https://www.orkla.com/files/Public/19690/3173770/quarterly-report-q2-2008.pdf,current,Orkla Brands International,525,-30,"EBITA (before amortisation, restructuring and significant impairments)",-5.71,True,18.0,"underlying growth, Q2 implied from H1 (~14 %) and Q1 (10 %)",derived,,,,,True,xls quarterly-figures-q2-2008.xls sheet 'Business areas 2007-2008'; report p.13 note; p.4-5 text,"Russia hit by high cocoa, sugar and milk powder prices and other costs; price rises planned H2; MTR strong sales; Felix Austria, Romania, Kotlin profit up","Orkla Brands International ~= former Orkla Foods International excl. Baltics (SladCo, Krupskaya, MTR Foods India, Felix Austria, Romania, Poland, Czech); 2007 comparatives restated. Only og derived from YTD: (0.14*985-0.10*484)/501 ~ 18%, wide rounding uncertainty.",confirmed,"Independently re-extracted: revenue/EBITA match report p.13 note + p.4-5 text + pres p.18 segment figures and Q4 2009 xls ""Business areas 2008-2009""; organic growth 18% is derived (not stated) - derivation re-computed, see below; margin -5.71 = EBITA/revenue within 0.05pp. Derived OG re-computed: (0.14*985-0.10*484)/501 = 17.9%. Rounding bounds give 16.4%-19.3%. Large gap to reported +4.8% (Superfish divested end-2007, FX); Q3 2008 shows a similar gap (+7.0% reported vs ~19% underlying), so plausible."
2007Q2,Q2 2008,https://www.orkla.com/files/Public/19690/3173770/quarterly-report-q2-2008.pdf,comparative,Orkla Brands International,501,-52,"EBITA (before amortisation, restructuring and significant impairments)",-10.38,True,,,none,,,,,False,xls quarterly-figures-q2-2008.xls sheet 'Business areas 2007-2008'; report p.13 note; p.4-5 text,,"Orkla Brands International ~= former Orkla Foods International excl. Baltics (SladCo, Krupskaya, MTR Foods India, Felix Austria, Romania, Poland, Czech); 2007 comparatives restated. Comparative as printed in Q2 2008 report.",confirmed,Comparative re-checked against report p.13 note + p.4-5 text + pres p.18 prior-year column. Restated 2007 figure for new unit (= old Orkla Foods International less Baltics and minor items); no originally reported counterpart; matches Q4 2008 xls.
2008Q2,Q2 2008,https://www.orkla.com/files/Public/19690/3173770/quarterly-report-q2-2008.pdf,current,Orkla Food Ingredients,880,50,"EBITA (before amortisation, restructuring and significant impairments)",5.68,True,11.0,"underlying growth, Q2 implied from H1 (~8 %) and Q1 (~5 %)",derived,,,,,True,xls quarterly-figures-q2-2008.xls sheet 'Business areas 2007-2008'; report p.13 note; p.4-5 text,"Raw material cost increases passed on to market; most businesses higher profit (KåKå, Dragsbæk)","Orkla Food Ingredients (bakery/ingredients: Idun, KåKå, Odense Marcipan, Credin, Dragsbæk etc.). Only og derived from YTD: (0.08*1,460-0.05*701)/759 ~ 11%, wide rounding uncertainty.",confirmed,"Independently re-extracted: revenue/EBITA match report p.13 note + p.4-5 text + pres p.18 segment figures and Q4 2009 xls ""Business areas 2008-2009""; organic growth 11% is derived (not stated) - derivation re-computed, see below; margin 5.68 = EBITA/revenue within 0.05pp. Derived OG re-computed: (0.08*1,460-0.05*701)/759 = 10.8%. Rounding bounds give 9.3%-12.2%."
2007Q2,Q2 2008,https://www.orkla.com/files/Public/19690/3173770/quarterly-report-q2-2008.pdf,comparative,Orkla Food Ingredients,759,41,"EBITA (before amortisation, restructuring and significant impairments)",5.4,True,,,none,,,,,False,xls quarterly-figures-q2-2008.xls sheet 'Business areas 2007-2008'; report p.13 note; p.4-5 text,,"Orkla Food Ingredients (bakery/ingredients: Idun, KåKå, Odense Marcipan, Credin, Dragsbæk etc.). Comparative as printed in Q2 2008 report.",confirmed,Comparative re-checked against report p.13 note + p.4-5 text + pres p.18 prior-year column.
2008Q2,Q2 2008,https://www.orkla.com/files/Public/19690/3173770/quarterly-report-q2-2008.pdf,current,Orkla Brands,5650,586,"EBITA (before amortisation, restructuring and significant impairments)",10.4,False,8.0,"growth taking into account acquisitions, disposals and currency translation effects (""around 8 %"")",text,,,,,False,xls quarterly-figures-q2-2008.xls sheet 'Business areas 2007-2008'; report p.13 note; p.4-5 text; report p.4 table (margin),"Price increases implemented; early Easter and restructuring explain ~half of profit growth; raw material, labour and energy costs still rising; more price rises from 1 July","'Orkla Brands' from 2008 = renamed Orkla Branded Consumer Goods (parent of Orkla Foods Nordic, Orkla Brands Nordic, Orkla Brands International, Orkla Food Ingredients); NOT the 2006-07 sub-segment 'Orkla Brands' (now Orkla Brands Nordic). 2007 comparatives identical to old BCG.",confirmed,"Independently re-extracted: revenue/EBITA match report p.13 note + p.4-5 text + pres p.18 segment figures and Q4 2009 xls ""Business areas 2008-2009""; organic growth 8% matches source wording; margin 10.4 = EBITA/revenue within 0.05pp. Cross-check: revenue-weighted unit OG (OFN ~4 derived, OBN ~9 derived, OBI ~18 derived, OFI ~11 derived) = 8.0%, consistent with stated ~8%."
2007Q2,Q2 2008,https://www.orkla.com/files/Public/19690/3173770/quarterly-report-q2-2008.pdf,comparative,Orkla Brands,5465,458,"EBITA (before amortisation, restructuring and significant impairments)",8.4,False,,,none,,,,,False,xls quarterly-figures-q2-2008.xls sheet 'Business areas 2007-2008'; report p.13 note; p.4-5 text; report p.4 table (margin),,"'Orkla Brands' from 2008 = renamed Orkla Branded Consumer Goods (parent of Orkla Foods Nordic, Orkla Brands Nordic, Orkla Brands International, Orkla Food Ingredients); NOT the 2006-07 sub-segment 'Orkla Brands' (now Orkla Brands Nordic). 2007 comparatives identical to old BCG. Comparative as printed in Q2 2008 report.",confirmed,Comparative re-checked against report p.13 note + p.4-5 text + pres p.18 prior-year column. Identical to originally reported Orkla Branded Consumer Goods (rename only).
2008Q3,Q3 2008,https://www.orkla.com/files/Main/19690/3173728/3rd-quarter-2008.pdf,current,Orkla Foods Nordic,2392,287,"EBITA (before amortisation, restructuring and significant impairments)",12.0,True,5.0,"underlying growth (excl. acquisitions, divestments and currency translation effects) (""about 5 %"")",text,,,,,False,xls quarterly-and-accounting-figures-3rd-quarter-2008.xls sheet 'Business areas 2007-2008'; report p.13 note; p.4-5 text,Price increases implemented; Stabburet and Procordia profit up; Bakers up but low; Abba Seafood and Beauvais down; Norwegian agri raw material prices up; share somewhat lower,"Orkla Foods Nordic 2008+ definition incl. Orkla Foods Baltic (moved from Orkla Foods International); 2007 comparatives restated (FY2007 9,548/893 vs 9,291/873 old basis). Underlying EBITA ~+27%.",confirmed,"Independently re-extracted: revenue/EBITA match report p.13 note + p.4-5 text segment figures and Q4 2009 xls ""Business areas 2008-2009""; organic growth 5% matches source wording; margin 12.0 = EBITA/revenue within 0.05pp."
2007Q3,Q3 2008,https://www.orkla.com/files/Main/19690/3173728/3rd-quarter-2008.pdf,comparative,Orkla Foods Nordic,2308,235,"EBITA (before amortisation, restructuring and significant impairments)",10.18,True,,,none,,,,,False,xls quarterly-and-accounting-figures-3rd-quarter-2008.xls sheet 'Business areas 2007-2008'; report p.13 note; p.4-5 text,,"Orkla Foods Nordic 2008+ definition incl. Orkla Foods Baltic (moved from Orkla Foods International); 2007 comparatives restated (FY2007 9,548/893 vs 9,291/873 old basis). Comparative as printed in Q3 2008 report.",confirmed,"Comparative re-checked against report p.13 note + p.4-5 text prior-year column. Differs from originally reported 2,253/232 (old basis) because 2008 reorganisation moved Orkla Foods Baltic (~NOK 250m rev / 20m EBITA p.a., Q4 2007 pres p.59) into Orkla Foods Nordic; restated value matches Q1/Q4 2008 xls."
2008Q3,Q3 2008,https://www.orkla.com/files/Main/19690/3173728/3rd-quarter-2008.pdf,current,Orkla Brands International,565,9,"EBITA (before amortisation, restructuring and significant impairments)",1.59,True,19.0,"underlying growth (excl. acquisitions, divestments and currency translation effects) (""about 19 %"")",text,,,,,False,xls quarterly-and-accounting-figures-3rd-quarter-2008.xls sheet 'Business areas 2007-2008'; report p.13 note; p.4-5 text,"Sales and profit growth at Krupskaya, SladCo, MTR; significant cost increases increasingly offset by price rises; Guseppe sold, Kotlin/Elbro sale agreed","Orkla Brands International ~= former Orkla Foods International excl. Baltics (SladCo, Krupskaya, MTR Foods India, Felix Austria, Romania, Poland, Czech); 2007 comparatives restated.",confirmed,"Independently re-extracted: revenue/EBITA match report p.13 note + p.4-5 text segment figures and Q4 2009 xls ""Business areas 2008-2009""; organic growth 19% matches source wording; margin 1.59 = EBITA/revenue within 0.05pp."
2007Q3,Q3 2008,https://www.orkla.com/files/Main/19690/3173728/3rd-quarter-2008.pdf,comparative,Orkla Brands International,528,-30,"EBITA (before amortisation, restructuring and significant impairments)",-5.68,True,,,none,,,,,False,xls quarterly-and-accounting-figures-3rd-quarter-2008.xls sheet 'Business areas 2007-2008'; report p.13 note; p.4-5 text,,"Orkla Brands International ~= former Orkla Foods International excl. Baltics (SladCo, Krupskaya, MTR Foods India, Felix Austria, Romania, Poland, Czech); 2007 comparatives restated. Comparative as printed in Q3 2008 report.",confirmed,Comparative re-checked against report p.13 note + p.4-5 text prior-year column. Restated 2007 figure for new unit (= old Orkla Foods International less Baltics and minor items); no originally reported counterpart; matches Q4 2008 xls.
2008Q3,Q3 2008,https://www.orkla.com/files/Main/19690/3173728/3rd-quarter-2008.pdf,current,Orkla Food Ingredients,902,52,"EBITA (before amortisation, restructuring and significant impairments)",5.76,True,7.0,"underlying growth (excl. acquisitions, divestments and currency translation effects) (""about 7 %"")",text,,,,,False,xls quarterly-and-accounting-figures-3rd-quarter-2008.xls sheet 'Business areas 2007-2008'; report p.13 note; p.4-5 text,"Raw material price increases passed on; KåKå Cz, Dragsbæk, Idun grew most; Belusa acquired","Orkla Food Ingredients (bakery/ingredients: Idun, KåKå, Odense Marcipan, Credin, Dragsbæk etc.).",confirmed,"Independently re-extracted: revenue/EBITA match report p.13 note + p.4-5 text segment figures and Q4 2009 xls ""Business areas 2008-2009""; organic growth 7% matches source wording; margin 5.76 = EBITA/revenue within 0.05pp."
2007Q3,Q3 2008,https://www.orkla.com/files/Main/19690/3173728/3rd-quarter-2008.pdf,comparative,Orkla Food Ingredients,785,40,"EBITA (before amortisation, restructuring and significant impairments)",5.1,True,,,none,,,,,False,xls quarterly-and-accounting-figures-3rd-quarter-2008.xls sheet 'Business areas 2007-2008'; report p.13 note; p.4-5 text,,"Orkla Food Ingredients (bakery/ingredients: Idun, KåKå, Odense Marcipan, Credin, Dragsbæk etc.). Comparative as printed in Q3 2008 report.",confirmed,Comparative re-checked against report p.13 note + p.4-5 text prior-year column.
2008Q3,Q3 2008,https://www.orkla.com/files/Main/19690/3173728/3rd-quarter-2008.pdf,current,Orkla Brands,5646,708,"EBITA (before amortisation, restructuring and significant impairments)",12.5,False,7.0,"underlying growth (excl. acquisitions, divestments and currency translation effects) (""primarily driven by price increases"")",text,,,,,False,xls quarterly-and-accounting-figures-3rd-quarter-2008.xls sheet 'Business areas 2007-2008'; report p.13 note; p.4-5 text; report p.4 table (margin),"Underlying +7% mainly from price increases; improvement programmes cut production costs; raw material, labour, transport, energy cost inflation; Norwegian agri prices up","'Orkla Brands' from 2008 = renamed Orkla Branded Consumer Goods (parent of Orkla Foods Nordic, Orkla Brands Nordic, Orkla Brands International, Orkla Food Ingredients); NOT the 2006-07 sub-segment 'Orkla Brands' (now Orkla Brands Nordic). 2007 comparatives identical to old BCG. Underlying EBITA ~+20%.",confirmed,"Independently re-extracted: revenue/EBITA match report p.13 note + p.4-5 text segment figures and Q4 2009 xls ""Business areas 2008-2009""; organic growth 7% matches source wording; margin 12.5 = EBITA/revenue within 0.05pp."
2007Q3,Q3 2008,https://www.orkla.com/files/Main/19690/3173728/3rd-quarter-2008.pdf,comparative,Orkla Brands,5326,596,"EBITA (before amortisation, restructuring and significant impairments)",11.2,False,,,none,,,,,False,xls quarterly-and-accounting-figures-3rd-quarter-2008.xls sheet 'Business areas 2007-2008'; report p.13 note; p.4-5 text; report p.4 table (margin),,"'Orkla Brands' from 2008 = renamed Orkla Branded Consumer Goods (parent of Orkla Foods Nordic, Orkla Brands Nordic, Orkla Brands International, Orkla Food Ingredients); NOT the 2006-07 sub-segment 'Orkla Brands' (now Orkla Brands Nordic). 2007 comparatives identical to old BCG. Comparative as printed in Q3 2008 report.",confirmed,Comparative re-checked against report p.13 note + p.4-5 text prior-year column. Identical to originally reported Orkla Branded Consumer Goods (rename only).
2008Q4,Q4 2008,https://www.orkla.com/files/Public/19690/3173653/4th-quarter-2008.pdf,current,Orkla Foods Nordic,2792,341,"Operating profit - EBITA (before amortisation, write-down of inventory in Sapa Profiles, restructuring and significant impairments)",12.21,True,4.0,"underlying growth (excl. acquisitions, divestments and currency translation effects) (""about 4 %"")",text,,,,,False,xls quarterly-and-accounting-figures-4th-quarter-2008.xls sheet 'Business areas 2007-2008'; report p.14 note; p.5-6 text,"Broad-based (Finland, Stabburet launches, Bakers); price rises triggered by cost increases; weak NOK/SEK raised purchasing costs; volume decline; market share lower","Orkla Foods Nordic 2008+ definition incl. Orkla Foods Baltic (moved from Orkla Foods International); 2007 comparatives restated (FY2007 9,548/893 vs 9,291/873 old basis). Report text says 'underlying growth in revenue was about 15 %' right after EBITA - evidently means underlying EBITA growth ~15% (typo). FY2008 9,913/1,050.",confirmed,"Independently re-extracted: revenue/EBITA match report p.14 note + p.5-6 text + pres p.28 segment figures and Q4 2009 xls ""Business areas 2008-2009""; organic growth 4% matches source wording; margin 12.21 = EBITA/revenue within 0.05pp. Report p.5 'underlying growth in revenue was about 15 %' after the EBITA sentence is a typo for underlying EBITA growth (reported EBITA +18.8%); revenue OG ~4% stated earlier in same paragraph - correct choice."
2007Q4,Q4 2008,https://www.orkla.com/files/Public/19690/3173653/4th-quarter-2008.pdf,comparative,Orkla Foods Nordic,2611,287,"Operating profit - EBITA (before amortisation, write-down of inventory in Sapa Profiles, restructuring and significant impairments)",10.99,True,,,none,,,,,False,xls quarterly-and-accounting-figures-4th-quarter-2008.xls sheet 'Business areas 2007-2008'; report p.14 note; p.5-6 text,,"Orkla Foods Nordic 2008+ definition incl. Orkla Foods Baltic (moved from Orkla Foods International); 2007 comparatives restated (FY2007 9,548/893 vs 9,291/873 old basis). Comparative as printed in Q4 2008 report.",confirmed,"Comparative re-checked against report p.14 note + p.5-6 text + pres p.28 prior-year column. Differs from originally reported 2,540/280 (old basis) because 2008 reorganisation moved Orkla Foods Baltic (~NOK 250m rev / 20m EBITA p.a., Q4 2007 pres p.59) into Orkla Foods Nordic; restated value matches Q1/Q4 2008 xls."
2008Q4,Q4 2008,https://www.orkla.com/files/Public/19690/3173653/4th-quarter-2008.pdf,current,Orkla Brands International,824,53,"Operating profit - EBITA (before amortisation, write-down of inventory in Sapa Profiles, restructuring and significant impairments)",6.43,True,6.0,"underlying growth (excl. acquisitions, divestments and currency translation effects) (""about 6 %"")",text,,,,,False,xls quarterly-and-accounting-figures-4th-quarter-2008.xls sheet 'Business areas 2007-2008'; report p.14 note; p.5-6 text,Price increases compensated input costs; SladCo/Krupskaya profit up; MTR one-off costs; Russian distributor liquidity hit volume; SladCo goodwill -NOK 547m below EBITA,"Orkla Brands International ~= former Orkla Foods International excl. Baltics (SladCo, Krupskaya, MTR Foods India, Felix Austria, Romania, Poland, Czech); 2007 comparatives restated.",confirmed,"Independently re-extracted: revenue/EBITA match report p.14 note + p.5-6 text + pres p.28 segment figures and Q4 2009 xls ""Business areas 2008-2009""; organic growth 6% matches source wording; margin 6.43 = EBITA/revenue within 0.05pp."
2007Q4,Q4 2008,https://www.orkla.com/files/Public/19690/3173653/4th-quarter-2008.pdf,comparative,Orkla Brands International,749,33,"Operating profit - EBITA (before amortisation, write-down of inventory in Sapa Profiles, restructuring and significant impairments)",4.41,True,,,none,,,,,False,xls quarterly-and-accounting-figures-4th-quarter-2008.xls sheet 'Business areas 2007-2008'; report p.14 note; p.5-6 text,,"Orkla Brands International ~= former Orkla Foods International excl. Baltics (SladCo, Krupskaya, MTR Foods India, Felix Austria, Romania, Poland, Czech); 2007 comparatives restated. Comparative as printed in Q4 2008 report.",confirmed,Comparative re-checked against report p.14 note + p.5-6 text + pres p.28 prior-year column. Restated 2007 figure for new unit (= old Orkla Foods International less Baltics and minor items); no originally reported counterpart; matches Q4 2008 xls.
2008Q4,Q4 2008,https://www.orkla.com/files/Public/19690/3173653/4th-quarter-2008.pdf,current,Orkla Food Ingredients,1108,77,"Operating profit - EBITA (before amortisation, write-down of inventory in Sapa Profiles, restructuring and significant impairments)",6.95,True,2.0,"underlying growth (excl. acquisitions, divestments and currency translation effects) (""about 2 %"")",text,,,,,False,xls quarterly-and-accounting-figures-4th-quarter-2008.xls sheet 'Business areas 2007-2008'; report p.14 note; p.5-6 text,"Weaker NOK/SEK pressured Norwegian/Swedish earnings late in quarter; Dragsbæk strong (margarine, mixes); Natural Food (Italy) acquired","Orkla Food Ingredients (bakery/ingredients: Idun, KåKå, Odense Marcipan, Credin, Dragsbæk etc.).",confirmed,"Independently re-extracted: revenue/EBITA match report p.14 note + p.5-6 text + pres p.28 segment figures and Q4 2009 xls ""Business areas 2008-2009""; organic growth 2% matches source wording; margin 6.95 = EBITA/revenue within 0.05pp."
2007Q4,Q4 2008,https://www.orkla.com/files/Public/19690/3173653/4th-quarter-2008.pdf,comparative,Orkla Food Ingredients,955,68,"Operating profit - EBITA (before amortisation, write-down of inventory in Sapa Profiles, restructuring and significant impairments)",7.12,True,,,none,,,,,False,xls quarterly-and-accounting-figures-4th-quarter-2008.xls sheet 'Business areas 2007-2008'; report p.14 note; p.5-6 text,,"Orkla Food Ingredients (bakery/ingredients: Idun, KåKå, Odense Marcipan, Credin, Dragsbæk etc.). Comparative as printed in Q4 2008 report.",confirmed,Comparative re-checked against report p.14 note + p.5-6 text + pres p.28 prior-year column.
2008Q4,Q4 2008,https://www.orkla.com/files/Public/19690/3173653/4th-quarter-2008.pdf,current,Orkla Brands,6741,804,"Operating profit - EBITA (before amortisation, write-down of inventory in Sapa Profiles, restructuring and significant impairments)",11.9,False,5.0,"underlying growth (excl. acquisitions, divestments and currency translation effects) (""primarily driven by price increases"")",text,,,,,False,xls quarterly-and-accounting-figures-4th-quarter-2008.xls sheet 'Business areas 2007-2008'; report p.14 note; p.5-6 text; report p.5 table (Operating margin),Underlying +5% driven by price increases; volume down in all units except Brands Nordic; weak NOK/SEK raised purchasing costs; easy Q4-07 comparison; cost programmes,"'Orkla Brands' from 2008 = renamed Orkla Branded Consumer Goods (parent of Orkla Foods Nordic, Orkla Brands Nordic, Orkla Brands International, Orkla Food Ingredients); NOT the 2006-07 sub-segment 'Orkla Brands' (now Orkla Brands Nordic). 2007 comparatives identical to old BCG. Underlying EBITA ~+10%; NOK 533m restructuring/impairments (SladCo goodwill) below EBITA.",confirmed,"Independently re-extracted: revenue/EBITA match report p.14 note + p.5-6 text + pres p.28 segment figures and Q4 2009 xls ""Business areas 2008-2009""; organic growth 5% matches source wording; margin 11.9 = EBITA/revenue within 0.05pp."
2007Q4,Q4 2008,https://www.orkla.com/files/Public/19690/3173653/4th-quarter-2008.pdf,comparative,Orkla Brands,6177,696,"Operating profit - EBITA (before amortisation, write-down of inventory in Sapa Profiles, restructuring and significant impairments)",11.3,False,,,none,,,,,False,xls quarterly-and-accounting-figures-4th-quarter-2008.xls sheet 'Business areas 2007-2008'; report p.14 note; p.5-6 text; report p.5 table (Operating margin),,"'Orkla Brands' from 2008 = renamed Orkla Branded Consumer Goods (parent of Orkla Foods Nordic, Orkla Brands Nordic, Orkla Brands International, Orkla Food Ingredients); NOT the 2006-07 sub-segment 'Orkla Brands' (now Orkla Brands Nordic). 2007 comparatives identical to old BCG. Comparative as printed in Q4 2008 report.",confirmed,Comparative re-checked against report p.14 note + p.5-6 text + pres p.28 prior-year column. Identical to originally reported Orkla Branded Consumer Goods (rename only).
2009Q1,Q1 2009,https://www.orkla.com/files/Main/19690/3173604/1st-quarter-2009.pdf,current,Orkla Foods Nordic,2283,171,"Operating profit - EBITA (before amortisation, restructuring and significant impairments)",7.49,True,-2.0,"underlying growth (excl. acquisitions, divestments and currency translation effects) (""decline of about 2 %"")",text,,,,,False,xls quarterly-and-accounting-figures-1st-quarter-2009.xls sheet 'Business areas 2007-2009'; report p.13 note; p.4-5 text,"Weak SEK raised Swedish purchasing costs (Procordia down, Abba up); Stabburet launches and Easter positive; Bakers marketing costs; weak volume; market shares lower","Orkla Foods Nordic 2008+ definition incl. Orkla Foods Baltic (moved from Orkla Foods International); 2007 comparatives restated (FY2007 9,548/893 vs 9,291/873 old basis). Underlying EBITA flat.",confirmed,"Independently re-extracted: revenue/EBITA match report p.13 note + p.4-5 text + pres p.22 segment figures and Q4 2009 xls ""Business areas 2008-2009""; organic growth -2% matches source wording; margin 7.49 = EBITA/revenue within 0.05pp."
2008Q1,Q1 2009,https://www.orkla.com/files/Main/19690/3173604/1st-quarter-2009.pdf,comparative,Orkla Foods Nordic,2293,160,"Operating profit - EBITA (before amortisation, restructuring and significant impairments)",6.98,True,,,none,,,,,False,xls quarterly-and-accounting-figures-1st-quarter-2009.xls sheet 'Business areas 2007-2009'; report p.13 note; p.4-5 text,,"Orkla Foods Nordic 2008+ definition incl. Orkla Foods Baltic (moved from Orkla Foods International); 2007 comparatives restated (FY2007 9,548/893 vs 9,291/873 old basis). Comparative as printed in Q1 2009 report.",confirmed,Comparative re-checked against report p.13 note + p.4-5 text + pres p.22 prior-year column. Equal to originally reported 2008 value: 2008 comparatives NOT restated for Romania moving from Orkla Brands International to Orkla Food Ingredients in 2009 (Q1 2009 report p.4-5).
2009Q1,Q1 2009,https://www.orkla.com/files/Main/19690/3173604/1st-quarter-2009.pdf,current,Orkla Brands International,430,-3,"Operating profit - EBITA (before amortisation, restructuring and significant impairments)",-0.7,True,0.0,"underlying growth (excl. acquisitions, divestments and currency translation effects) (""same level"")",text,,,,,False,xls quarterly-and-accounting-figures-1st-quarter-2009.xls sheet 'Business areas 2007-2009'; report p.13 note; p.4-5 text,"Price increases offset input costs; SladCo weaker sales but cost measures, Krupskaya growth; higher advertising at Felix Austria and MTR","Orkla Brands International ~= former Orkla Foods International excl. Baltics (SladCo, Krupskaya, MTR Foods India, Felix Austria, Romania, Poland, Czech); 2007 comparatives restated. From 2009 Romania moved to Orkla Food Ingredients; 2008 comparatives NOT restated; Kotlin/Elbro (Poland) sold 1 Jul 2009, Guseppe (Czech) Q3 2008.",confirmed,"Independently re-extracted: revenue/EBITA match report p.13 note + p.4-5 text + pres p.22 segment figures and Q4 2009 xls ""Business areas 2008-2009""; organic growth 0% matches source wording; margin -0.7 = EBITA/revenue within 0.05pp."
2008Q1,Q1 2009,https://www.orkla.com/files/Main/19690/3173604/1st-quarter-2009.pdf,comparative,Orkla Brands International,526,-27,"Operating profit - EBITA (before amortisation, restructuring and significant impairments)",-5.13,True,,,none,,,,,False,xls quarterly-and-accounting-figures-1st-quarter-2009.xls sheet 'Business areas 2007-2009'; report p.13 note; p.4-5 text,,"Orkla Brands International ~= former Orkla Foods International excl. Baltics (SladCo, Krupskaya, MTR Foods India, Felix Austria, Romania, Poland, Czech); 2007 comparatives restated. From 2009 Romania moved to Orkla Food Ingredients; 2008 comparatives NOT restated; Kotlin/Elbro (Poland) sold 1 Jul 2009, Guseppe (Czech) Q3 2008. Comparative as printed in Q1 2009 report.",confirmed,Comparative re-checked against report p.13 note + p.4-5 text + pres p.22 prior-year column. Equal to originally reported 2008 value: 2008 comparatives NOT restated for Romania moving from Orkla Brands International to Orkla Food Ingredients in 2009 (Q1 2009 report p.4-5).
2009Q1,Q1 2009,https://www.orkla.com/files/Main/19690/3173604/1st-quarter-2009.pdf,current,Orkla Food Ingredients,898,27,"Operating profit - EBITA (before amortisation, restructuring and significant impairments)",3.01,True,1.0,"underlying growth (excl. acquisitions, divestments and currency translation effects) (""about 1 %"")",text,,,,,False,xls quarterly-and-accounting-figures-1st-quarter-2009.xls sheet 'Business areas 2007-2009'; report p.13 note; p.4-5 text,Weak SEK and higher almond prices hit Sweden/Denmark; Eastern Europe weak currencies and demand; Easter timing positive,"Orkla Food Ingredients (bakery/ingredients: Idun, KåKå, Odense Marcipan, Credin, Dragsbæk etc.). Includes Romania from 2009 (2008 comparative not restated).",confirmed,"Independently re-extracted: revenue/EBITA match report p.13 note + p.4-5 text + pres p.22 segment figures and Q4 2009 xls ""Business areas 2008-2009""; organic growth 1% matches source wording; margin 3.01 = EBITA/revenue within 0.05pp."
2008Q1,Q1 2009,https://www.orkla.com/files/Main/19690/3173604/1st-quarter-2009.pdf,comparative,Orkla Food Ingredients,780,32,"Operating profit - EBITA (before amortisation, restructuring and significant impairments)",4.1,True,,,none,,,,,False,xls quarterly-and-accounting-figures-1st-quarter-2009.xls sheet 'Business areas 2007-2009'; report p.13 note; p.4-5 text,,"Orkla Food Ingredients (bakery/ingredients: Idun, KåKå, Odense Marcipan, Credin, Dragsbæk etc.). 2008 comparative excludes Romania (in Orkla Brands International in 2008); not restated. Comparative as printed in Q1 2009 report.",confirmed,Comparative re-checked against report p.13 note + p.4-5 text + pres p.22 prior-year column. Equal to originally reported 2008 value: 2008 comparatives NOT restated for Romania moving from Orkla Brands International to Orkla Food Ingredients in 2009 (Q1 2009 report p.4-5).
2009Q1,Q1 2009,https://www.orkla.com/files/Main/19690/3173604/1st-quarter-2009.pdf,current,Orkla Brands,5398,522,"Operating profit - EBITA (before amortisation, restructuring and significant impairments)",9.7,False,0.0,"organic top line growth (presentation: ""Flat""; report: underlying sales ""somewhat lower"")",presentation,,,,,False,xls quarterly-and-accounting-figures-1st-quarter-2009.xls sheet 'Business areas 2007-2009'; report p.13 note; p.4-5 text; report p.4 table; presentation p.22,Weak volume/mix; weaker NOK/SEK vs EUR/USD raised purchasing costs (half of input cost rise FX); cost cuts and lower advertising; Easter timing positive,"'Orkla Brands' from 2008 = renamed Orkla Branded Consumer Goods (parent of Orkla Foods Nordic, Orkla Brands Nordic, Orkla Brands International, Orkla Food Ingredients); NOT the 2006-07 sub-segment 'Orkla Brands' (now Orkla Brands Nordic). 2007 comparatives identical to old BCG.",confirmed,"Independently re-extracted: revenue/EBITA match report p.13 note + p.4-5 text + pres p.22 segment figures and Q4 2009 xls ""Business areas 2008-2009""; organic growth 0% matches source wording; margin 9.7 = EBITA/revenue within 0.05pp. CAVEAT: value 0 from presentation p.22 'Flat organic top line growth', but report p.4 says underlying sales 'somewhat lower', and revenue-weighted unit OG (OFN -2, OBN -1, OBI 0, OFI +1) = -1.1%. True figure probably about -1%; kept 0 because it is the company's stated number."
2008Q1,Q1 2009,https://www.orkla.com/files/Main/19690/3173604/1st-quarter-2009.pdf,comparative,Orkla Brands,5361,492,"Operating profit - EBITA (before amortisation, restructuring and significant impairments)",9.2,False,,,none,,,,,False,xls quarterly-and-accounting-figures-1st-quarter-2009.xls sheet 'Business areas 2007-2009'; report p.13 note; p.4-5 text; report p.4 table; presentation p.22,,"'Orkla Brands' from 2008 = renamed Orkla Branded Consumer Goods (parent of Orkla Foods Nordic, Orkla Brands Nordic, Orkla Brands International, Orkla Food Ingredients); NOT the 2006-07 sub-segment 'Orkla Brands' (now Orkla Brands Nordic). 2007 comparatives identical to old BCG. Comparative as printed in Q1 2009 report.",confirmed,Comparative re-checked against report p.13 note + p.4-5 text + pres p.22 prior-year column. Equal to originally reported 2008 value: 2008 comparatives NOT restated for Romania moving from Orkla Brands International to Orkla Food Ingredients in 2009 (Q1 2009 report p.4-5).
2009Q2,Q2 2009,https://www.orkla.com/files/Main/19690/3173573/2nd-quarter-2009.pdf,current,Orkla Foods Nordic,2436,279,"Operating profit - EBITA (before amortisation, restructuring and significant impairments)",11.45,True,0.0,"underlying growth (excl. acquisitions, divestments and currency translation effects) (""on a par"")",text,,,,,False,xls quarterly-and-accounting-figures-2nd-quarter-2009.xls sheet 'Business areas 2007-2009'; report p.13 note; p.4-5 text,"Weak SEK raised Swedish purchasing costs (Procordia down, Abba up); Stabburet launches; slower volume at Bakers; Beauvais slightly weaker; Easter timing negative","Orkla Foods Nordic 2008+ definition incl. Orkla Foods Baltic (moved from Orkla Foods International); 2007 comparatives restated (FY2007 9,548/893 vs 9,291/873 old basis). H1 underlying -1%; underlying EBITA on a par.",confirmed,"Independently re-extracted: revenue/EBITA match report p.13 note + p.4-5 text + pres p.14 segment figures and Q4 2009 xls ""Business areas 2008-2009""; organic growth 0% matches source wording; margin 11.45 = EBITA/revenue within 0.05pp."
2008Q2,Q2 2009,https://www.orkla.com/files/Main/19690/3173573/2nd-quarter-2009.pdf,comparative,Orkla Foods Nordic,2436,262,"Operating profit - EBITA (before amortisation, restructuring and significant impairments)",10.76,True,,,none,,,,,False,xls quarterly-and-accounting-figures-2nd-quarter-2009.xls sheet 'Business areas 2007-2009'; report p.13 note; p.4-5 text,,"Orkla Foods Nordic 2008+ definition incl. Orkla Foods Baltic (moved from Orkla Foods International); 2007 comparatives restated (FY2007 9,548/893 vs 9,291/873 old basis). Comparative as printed in Q2 2009 report.",confirmed,Comparative re-checked against report p.13 note + p.4-5 text + pres p.14 prior-year column. Equal to originally reported 2008 value: 2008 comparatives NOT restated for Romania moving from Orkla Brands International to Orkla Food Ingredients in 2009 (Q1 2009 report p.4-5).
2009Q2,Q2 2009,https://www.orkla.com/files/Main/19690/3173573/2nd-quarter-2009.pdf,current,Orkla Brands International,460,4,"Operating profit - EBITA (before amortisation, restructuring and significant impairments)",0.87,True,3.0,"underlying growth (excl. acquisitions, divestments and currency translation effects)",text,,,,,False,xls quarterly-and-accounting-figures-2nd-quarter-2009.xls sheet 'Business areas 2007-2009'; report p.13 note; p.4-5 text,"Russia profit up via cost cuts and lower advertising (SladCo) and higher sales (Krupskaya); MTR, Felix Austria sales up; Kotlin/Elbro sold 1 Jul","Orkla Brands International ~= former Orkla Foods International excl. Baltics (SladCo, Krupskaya, MTR Foods India, Felix Austria, Romania, Poland, Czech); 2007 comparatives restated. From 2009 Romania moved to Orkla Food Ingredients; 2008 comparatives NOT restated; Kotlin/Elbro (Poland) sold 1 Jul 2009, Guseppe (Czech) Q3 2008.",confirmed,"Independently re-extracted: revenue/EBITA match report p.13 note + p.4-5 text + pres p.14 segment figures and Q4 2009 xls ""Business areas 2008-2009""; organic growth 3% matches source wording; margin 0.87 = EBITA/revenue within 0.05pp."
2008Q2,Q2 2009,https://www.orkla.com/files/Main/19690/3173573/2nd-quarter-2009.pdf,comparative,Orkla Brands International,525,-30,"Operating profit - EBITA (before amortisation, restructuring and significant impairments)",-5.71,True,,,none,,,,,False,xls quarterly-and-accounting-figures-2nd-quarter-2009.xls sheet 'Business areas 2007-2009'; report p.13 note; p.4-5 text,,"Orkla Brands International ~= former Orkla Foods International excl. Baltics (SladCo, Krupskaya, MTR Foods India, Felix Austria, Romania, Poland, Czech); 2007 comparatives restated. From 2009 Romania moved to Orkla Food Ingredients; 2008 comparatives NOT restated; Kotlin/Elbro (Poland) sold 1 Jul 2009, Guseppe (Czech) Q3 2008. Comparative as printed in Q2 2009 report.",confirmed,Comparative re-checked against report p.13 note + p.4-5 text + pres p.14 prior-year column. Equal to originally reported 2008 value: 2008 comparatives NOT restated for Romania moving from Orkla Brands International to Orkla Food Ingredients in 2009 (Q1 2009 report p.4-5).
2009Q2,Q2 2009,https://www.orkla.com/files/Main/19690/3173573/2nd-quarter-2009.pdf,current,Orkla Food Ingredients,972,60,"Operating profit - EBITA (before amortisation, restructuring and significant impairments)",6.17,True,0.0,"underlying growth (excl. acquisitions, divestments and currency translation effects) (""on a par"")",text,,,,,False,xls quarterly-and-accounting-figures-2nd-quarter-2009.xls sheet 'Business areas 2007-2009'; report p.13 note; p.4-5 text,Scandinavia satisfactory; Eastern Europe weak currencies and demand but positions held; underlying EBITA +27%,"Orkla Food Ingredients (bakery/ingredients: Idun, KåKå, Odense Marcipan, Credin, Dragsbæk etc.).",confirmed,"Independently re-extracted: revenue/EBITA match report p.13 note + p.4-5 text + pres p.14 segment figures and Q4 2009 xls ""Business areas 2008-2009""; organic growth 0% matches source wording; margin 6.17 = EBITA/revenue within 0.05pp."
2008Q2,Q2 2009,https://www.orkla.com/files/Main/19690/3173573/2nd-quarter-2009.pdf,comparative,Orkla Food Ingredients,880,50,"Operating profit - EBITA (before amortisation, restructuring and significant impairments)",5.68,True,,,none,,,,,False,xls quarterly-and-accounting-figures-2nd-quarter-2009.xls sheet 'Business areas 2007-2009'; report p.13 note; p.4-5 text,,"Orkla Food Ingredients (bakery/ingredients: Idun, KåKå, Odense Marcipan, Credin, Dragsbæk etc.). 2008 comparative excludes Romania (in Orkla Brands International in 2008); not restated. Comparative as printed in Q2 2009 report.",confirmed,Comparative re-checked against report p.13 note + p.4-5 text + pres p.14 prior-year column. Equal to originally reported 2008 value: 2008 comparatives NOT restated for Romania moving from Orkla Brands International to Orkla Food Ingredients in 2009 (Q1 2009 report p.4-5).
2009Q2,Q2 2009,https://www.orkla.com/files/Main/19690/3173573/2nd-quarter-2009.pdf,current,Orkla Brands,5663,638,"Operating profit - EBITA (before amortisation, restructuring and significant impairments)",11.3,False,0.0,"derived: revenue-weighted average of unit underlying growth Q2 2009 (OFN on a par, OBN -1%, OBI +3%, OFI on a par; Q2 2008 bases 2,436/1,880/525/880) (Q2 2009 report p.5)",derived,,,,,False,xls quarterly-and-accounting-figures-2nd-quarter-2009.xls sheet 'Business areas 2007-2009'; report p.13 note; p.4-5 text; report p.4 table,"Weak volume (slightly better in Q2); sluggish Nordic grocery, catering/export down; weak NOK/SEK; grain, oil, sugar prices rising; cost improvements, lower ad prices","'Orkla Brands' from 2008 = renamed Orkla Branded Consumer Goods (parent of Orkla Foods Nordic, Orkla Brands Nordic, Orkla Brands International, Orkla Food Ingredients); NOT the 2006-07 sub-segment 'Orkla Brands' (now Orkla Brands Nordic). 2007 comparatives identical to old BCG. No Q2 underlying revenue % stated; H1 underlying EBITA ~+4%.",added,"Independently re-extracted: revenue/EBITA match report p.13 note + p.4-5 text + pres p.14 segment figures and Q4 2009 xls ""Business areas 2008-2009""; organic growth not stated in report text/segment table or presentation (re-searched); margin 11.3 = EBITA/revenue within 0.05pp. ADDED OG ~0.0% (derived: -0.05%; parent-level Q2 revenue OG not stated in report or presentation p.14 ('pressure on top line')). H1 2009 unit-weighted = -0.3%."
2008Q2,Q2 2009,https://www.orkla.com/files/Main/19690/3173573/2nd-quarter-2009.pdf,comparative,Orkla Brands,5650,586,"Operating profit - EBITA (before amortisation, restructuring and significant impairments)",10.4,False,,,none,,,,,False,xls quarterly-and-accounting-figures-2nd-quarter-2009.xls sheet 'Business areas 2007-2009'; report p.13 note; p.4-5 text; report p.4 table,,"'Orkla Brands' from 2008 = renamed Orkla Branded Consumer Goods (parent of Orkla Foods Nordic, Orkla Brands Nordic, Orkla Brands International, Orkla Food Ingredients); NOT the 2006-07 sub-segment 'Orkla Brands' (now Orkla Brands Nordic). 2007 comparatives identical to old BCG. Comparative as printed in Q2 2009 report.",confirmed,Comparative re-checked against report p.13 note + p.4-5 text + pres p.14 prior-year column. Equal to originally reported 2008 value: 2008 comparatives NOT restated for Romania moving from Orkla Brands International to Orkla Food Ingredients in 2009 (Q1 2009 report p.4-5).
2009Q3,Q3 2009,https://www.orkla.com/files/Main/19690/3173539/3rd-quarter-2009.pdf,current,Orkla Foods Nordic,2377,297,"Operating profit - EBITA (before amortisation, restructuring and significant impairments)",12.49,True,-2.0,"underlying growth (excl. acquisitions, divestments and currency translation effects) (""roughly 2 %"" decline)",text,,,,,False,xls quarterly-and-accounting-figures-3rd-quarter-2009.xls sheet 'Business areas 2008-2009'; report p.13 note; p.4-5 text,Stabburet launches/sales positive; weaker volume at Bakers; start-up costs at Beauvais pasta factory; Baltic sales down; market shares somewhat reduced,"Orkla Foods Nordic 2008+ definition incl. Orkla Foods Baltic (moved from Orkla Foods International); 2007 comparatives restated (FY2007 9,548/893 vs 9,291/873 old basis). Underlying EBITA slightly higher.",confirmed,"Independently re-extracted: revenue/EBITA match report p.13 note + p.4-5 text segment figures and Q4 2009 xls ""Business areas 2008-2009""; organic growth -2% matches source wording; margin 12.49 = EBITA/revenue within 0.05pp."
2008Q3,Q3 2009,https://www.orkla.com/files/Main/19690/3173539/3rd-quarter-2009.pdf,comparative,Orkla Foods Nordic,2392,287,"Operating profit - EBITA (before amortisation, restructuring and significant impairments)",12.0,True,,,none,,,,,False,xls quarterly-and-accounting-figures-3rd-quarter-2009.xls sheet 'Business areas 2008-2009'; report p.13 note; p.4-5 text,,"Orkla Foods Nordic 2008+ definition incl. Orkla Foods Baltic (moved from Orkla Foods International); 2007 comparatives restated (FY2007 9,548/893 vs 9,291/873 old basis). Comparative as printed in Q3 2009 report.",confirmed,Comparative re-checked against report p.13 note + p.4-5 text prior-year column. Equal to originally reported 2008 value: 2008 comparatives NOT restated for Romania moving from Orkla Brands International to Orkla Food Ingredients in 2009 (Q1 2009 report p.4-5).
2009Q3,Q3 2009,https://www.orkla.com/files/Main/19690/3173539/3rd-quarter-2009.pdf,current,Orkla Brands International,459,31,"Operating profit - EBITA (before amortisation, restructuring and significant impairments)",6.75,True,3.0,"underlying growth (excl. acquisitions, divestments and currency translation effects)",text,,,,,False,xls quarterly-and-accounting-figures-3rd-quarter-2009.xls sheet 'Business areas 2008-2009'; report p.13 note; p.4-5 text,"Price-driven growth in weak markets; MTR volume growth (spices, ready mixes); Russia price rises and cost cuts vs higher raw material prices; Pekar acquired","Orkla Brands International ~= former Orkla Foods International excl. Baltics (SladCo, Krupskaya, MTR Foods India, Felix Austria, Romania, Poland, Czech); 2007 comparatives restated. From 2009 Romania moved to Orkla Food Ingredients; 2008 comparatives NOT restated; Kotlin/Elbro (Poland) sold 1 Jul 2009, Guseppe (Czech) Q3 2008.",confirmed,"Independently re-extracted: revenue/EBITA match report p.13 note + p.4-5 text segment figures and Q4 2009 xls ""Business areas 2008-2009""; organic growth 3% matches source wording; margin 6.75 = EBITA/revenue within 0.05pp."
2008Q3,Q3 2009,https://www.orkla.com/files/Main/19690/3173539/3rd-quarter-2009.pdf,comparative,Orkla Brands International,565,9,"Operating profit - EBITA (before amortisation, restructuring and significant impairments)",1.59,True,,,none,,,,,False,xls quarterly-and-accounting-figures-3rd-quarter-2009.xls sheet 'Business areas 2008-2009'; report p.13 note; p.4-5 text,,"Orkla Brands International ~= former Orkla Foods International excl. Baltics (SladCo, Krupskaya, MTR Foods India, Felix Austria, Romania, Poland, Czech); 2007 comparatives restated. From 2009 Romania moved to Orkla Food Ingredients; 2008 comparatives NOT restated; Kotlin/Elbro (Poland) sold 1 Jul 2009, Guseppe (Czech) Q3 2008. Comparative as printed in Q3 2009 report.",confirmed,Comparative re-checked against report p.13 note + p.4-5 text prior-year column. Equal to originally reported 2008 value: 2008 comparatives NOT restated for Romania moving from Orkla Brands International to Orkla Food Ingredients in 2009 (Q1 2009 report p.4-5).
2009Q3,Q3 2009,https://www.orkla.com/files/Main/19690/3173539/3rd-quarter-2009.pdf,current,Orkla Food Ingredients,1018,64,"Operating profit - EBITA (before amortisation, restructuring and significant impairments)",6.29,True,-2.0,"underlying growth (excl. acquisitions, divestments and currency translation effects) (""around 2 %"" decline)",text,,,,,False,xls quarterly-and-accounting-figures-3rd-quarter-2009.xls sheet 'Business areas 2008-2009'; report p.13 note; p.4-5 text,Raw-material-based price falls and trading down to cheaper products; Dragsbæk and Romania strong; market shares up; underlying EBITA +34%,"Orkla Food Ingredients (bakery/ingredients: Idun, KåKå, Odense Marcipan, Credin, Dragsbæk etc.).",confirmed,"Independently re-extracted: revenue/EBITA match report p.13 note + p.4-5 text segment figures and Q4 2009 xls ""Business areas 2008-2009""; organic growth -2% matches source wording; margin 6.29 = EBITA/revenue within 0.05pp."
2008Q3,Q3 2009,https://www.orkla.com/files/Main/19690/3173539/3rd-quarter-2009.pdf,comparative,Orkla Food Ingredients,902,52,"Operating profit - EBITA (before amortisation, restructuring and significant impairments)",5.76,True,,,none,,,,,False,xls quarterly-and-accounting-figures-3rd-quarter-2009.xls sheet 'Business areas 2008-2009'; report p.13 note; p.4-5 text,,"Orkla Food Ingredients (bakery/ingredients: Idun, KåKå, Odense Marcipan, Credin, Dragsbæk etc.). 2008 comparative excludes Romania (in Orkla Brands International in 2008); not restated. Comparative as printed in Q3 2009 report.",confirmed,Comparative re-checked against report p.13 note + p.4-5 text prior-year column. Equal to originally reported 2008 value: 2008 comparatives NOT restated for Romania moving from Orkla Brands International to Orkla Food Ingredients in 2009 (Q1 2009 report p.4-5).
2009Q3,Q3 2009,https://www.orkla.com/files/Main/19690/3173539/3rd-quarter-2009.pdf,current,Orkla Brands,5661,759,"Operating profit - EBITA (before amortisation, restructuring and significant impairments)",13.4,False,0.0,"underlying growth (excl. acquisitions, divestments and currency translation effects) (""approximately flat"")",text,,,,,False,xls quarterly-and-accounting-figures-3rd-quarter-2009.xls sheet 'Business areas 2008-2009'; report p.13 note; p.4-5 text; report p.4 table,"Price effect weaker than Q2, volume as in Q2 (catering/export weak); sugar, cocoa, Norwegian flour/meat prices up; cost improvements and innovations lifted profit","'Orkla Brands' from 2008 = renamed Orkla Branded Consumer Goods (parent of Orkla Foods Nordic, Orkla Brands Nordic, Orkla Brands International, Orkla Food Ingredients); NOT the 2006-07 sub-segment 'Orkla Brands' (now Orkla Brands Nordic). 2007 comparatives identical to old BCG. Underlying EBITA ~+6%.",confirmed,"Independently re-extracted: revenue/EBITA match report p.13 note + p.4-5 text segment figures and Q4 2009 xls ""Business areas 2008-2009""; organic growth 0% matches source wording; margin 13.4 = EBITA/revenue within 0.05pp. Cross-check: revenue-weighted unit OG = -0.5%, consistent with 'approximately flat'."
2008Q3,Q3 2009,https://www.orkla.com/files/Main/19690/3173539/3rd-quarter-2009.pdf,comparative,Orkla Brands,5646,708,"Operating profit - EBITA (before amortisation, restructuring and significant impairments)",12.5,False,,,none,,,,,False,xls quarterly-and-accounting-figures-3rd-quarter-2009.xls sheet 'Business areas 2008-2009'; report p.13 note; p.4-5 text; report p.4 table,,"'Orkla Brands' from 2008 = renamed Orkla Branded Consumer Goods (parent of Orkla Foods Nordic, Orkla Brands Nordic, Orkla Brands International, Orkla Food Ingredients); NOT the 2006-07 sub-segment 'Orkla Brands' (now Orkla Brands Nordic). 2007 comparatives identical to old BCG. Comparative as printed in Q3 2009 report.",confirmed,Comparative re-checked against report p.13 note + p.4-5 text prior-year column. Equal to originally reported 2008 value: 2008 comparatives NOT restated for Romania moving from Orkla Brands International to Orkla Food Ingredients in 2009 (Q1 2009 report p.4-5).
2009Q4,Q4 2009,https://www.orkla.com/files/Main/19690/3173471/4th-quarter-2009.pdf,current,Orkla Foods Nordic,2658,341,"Operating profit - EBITA (before amortisation, restructuring and significant impairments)",12.83,True,-0.5,"underlying growth (excl. acquisitions, divestments and currency translation effects)",text,,,,,False,xls quarterly-and-accounting-figures-4th-quarter-2009.xls sheet 'Business areas 2008-2009'; report p.14 note; p.5-6 text,Much lower price contribution; Stabburet launches; Sweden positive after currency volatility; weak Bakers volume and Beauvais pasta start-up costs; market shares maintained,"Orkla Foods Nordic 2008+ definition incl. Orkla Foods Baltic (moved from Orkla Foods International); 2007 comparatives restated (FY2007 9,548/893 vs 9,291/873 old basis). Underlying EBITA ~+4%. FY2009 9,754/1,088.",confirmed,"Independently re-extracted: revenue/EBITA match report p.14 note + p.5-6 text + pres p.39 segment figures and Q4 2009 xls ""Business areas 2008-2009""; organic growth -0.5% matches source wording; margin 12.83 = EBITA/revenue within 0.05pp."
2008Q4,Q4 2009,https://www.orkla.com/files/Main/19690/3173471/4th-quarter-2009.pdf,comparative,Orkla Foods Nordic,2792,341,"Operating profit - EBITA (before amortisation, restructuring and significant impairments)",12.21,True,,,none,,,,,False,xls quarterly-and-accounting-figures-4th-quarter-2009.xls sheet 'Business areas 2008-2009'; report p.14 note; p.5-6 text,,"Orkla Foods Nordic 2008+ definition incl. Orkla Foods Baltic (moved from Orkla Foods International); 2007 comparatives restated (FY2007 9,548/893 vs 9,291/873 old basis). Comparative as printed in Q4 2009 report.",confirmed,Comparative re-checked against report p.14 note + p.5-6 text + pres p.39 prior-year column. Equal to originally reported 2008 value: 2008 comparatives NOT restated for Romania moving from Orkla Brands International to Orkla Food Ingredients in 2009 (Q1 2009 report p.4-5).
2009Q4,Q4 2009,https://www.orkla.com/files/Main/19690/3173471/4th-quarter-2009.pdf,current,Orkla Brands International,590,57,"Operating profit - EBITA (before amortisation, restructuring and significant impairments)",9.66,True,3.0,"underlying growth (excl. acquisitions, divestments and currency translation effects) (""over 3 %"")",text,,,,,False,xls quarterly-and-accounting-figures-4th-quarter-2009.xls sheet 'Business areas 2008-2009'; report p.14 note; p.5-6 text,"Downturn in Russia and Austria; higher cocoa, sugar, dairy costs; price rises compensated but lower margins; MTR sales up; 2008 one-offs flatter comparison","Orkla Brands International ~= former Orkla Foods International excl. Baltics (SladCo, Krupskaya, MTR Foods India, Felix Austria, Romania, Poland, Czech); 2007 comparatives restated. From 2009 Romania moved to Orkla Food Ingredients; 2008 comparatives NOT restated; Kotlin/Elbro (Poland) sold 1 Jul 2009, Guseppe (Czech) Q3 2008.",confirmed,"Independently re-extracted: revenue/EBITA match report p.14 note + p.5-6 text + pres p.39 segment figures and Q4 2009 xls ""Business areas 2008-2009""; organic growth 3% matches source wording; margin 9.66 = EBITA/revenue within 0.05pp. 'over 3%' recorded as 3 (lower bound)."
2008Q4,Q4 2009,https://www.orkla.com/files/Main/19690/3173471/4th-quarter-2009.pdf,comparative,Orkla Brands International,824,53,"Operating profit - EBITA (before amortisation, restructuring and significant impairments)",6.43,True,,,none,,,,,False,xls quarterly-and-accounting-figures-4th-quarter-2009.xls sheet 'Business areas 2008-2009'; report p.14 note; p.5-6 text,,"Orkla Brands International ~= former Orkla Foods International excl. Baltics (SladCo, Krupskaya, MTR Foods India, Felix Austria, Romania, Poland, Czech); 2007 comparatives restated. From 2009 Romania moved to Orkla Food Ingredients; 2008 comparatives NOT restated; Kotlin/Elbro (Poland) sold 1 Jul 2009, Guseppe (Czech) Q3 2008. Comparative as printed in Q4 2009 report.",confirmed,Comparative re-checked against report p.14 note + p.5-6 text + pres p.39 prior-year column. Equal to originally reported 2008 value: 2008 comparatives NOT restated for Romania moving from Orkla Brands International to Orkla Food Ingredients in 2009 (Q1 2009 report p.4-5).
2009Q4,Q4 2009,https://www.orkla.com/files/Main/19690/3173471/4th-quarter-2009.pdf,current,Orkla Food Ingredients,1078,85,"Operating profit - EBITA (before amortisation, restructuring and significant impairments)",7.88,True,-5.0,"underlying growth (excl. acquisitions, divestments and currency translation effects)",text,,,,,False,xls quarterly-and-accounting-figures-4th-quarter-2009.xls sheet 'Business areas 2008-2009'; report p.14 note; p.5-6 text,Portfolio changes and lower prices in some categories; volumes flat; prices adjusted to raw material costs; cost efficiency; underlying EBITA +18%,"Orkla Food Ingredients (bakery/ingredients: Idun, KåKå, Odense Marcipan, Credin, Dragsbæk etc.).",confirmed,"Independently re-extracted: revenue/EBITA match report p.14 note + p.5-6 text + pres p.39 segment figures and Q4 2009 xls ""Business areas 2008-2009""; organic growth -5% matches source wording; margin 7.88 = EBITA/revenue within 0.05pp."
2008Q4,Q4 2009,https://www.orkla.com/files/Main/19690/3173471/4th-quarter-2009.pdf,comparative,Orkla Food Ingredients,1108,77,"Operating profit - EBITA (before amortisation, restructuring and significant impairments)",6.95,True,,,none,,,,,False,xls quarterly-and-accounting-figures-4th-quarter-2009.xls sheet 'Business areas 2008-2009'; report p.14 note; p.5-6 text,,"Orkla Food Ingredients (bakery/ingredients: Idun, KåKå, Odense Marcipan, Credin, Dragsbæk etc.). 2008 comparative excludes Romania (in Orkla Brands International in 2008); not restated. Comparative as printed in Q4 2009 report.",confirmed,Comparative re-checked against report p.14 note + p.5-6 text + pres p.39 prior-year column. Equal to originally reported 2008 value: 2008 comparatives NOT restated for Romania moving from Orkla Brands International to Orkla Food Ingredients in 2009 (Q1 2009 report p.4-5).
2009Q4,Q4 2009,https://www.orkla.com/files/Main/19690/3173471/4th-quarter-2009.pdf,current,Orkla Brands,6324,874,"Operating profit - EBITA (before amortisation, restructuring and significant impairments)",13.8,False,0.0,"underlying growth (excl. acquisitions, divestments and currency translation effects) (""on a par"")",text,,,,,False,xls quarterly-and-accounting-figures-4th-quarter-2009.xls sheet 'Business areas 2008-2009'; report p.14 note; p.5-6 text; report p.5 table,Price contribution much lower; volume/mix slightly better but weak; slight fall in raw material costs; negative FX translation; one-off supplier netting boosted profit,"'Orkla Brands' from 2008 = renamed Orkla Branded Consumer Goods (parent of Orkla Foods Nordic, Orkla Brands Nordic, Orkla Brands International, Orkla Food Ingredients); NOT the 2006-07 sub-segment 'Orkla Brands' (now Orkla Brands Nordic). 2007 comparatives identical to old BCG. Underlying EBITA ~+11% (~+7% excl. one-off).",confirmed,"Independently re-extracted: revenue/EBITA match report p.14 note + p.5-6 text + pres p.39 segment figures and Q4 2009 xls ""Business areas 2008-2009""; organic growth 0% matches source wording; margin 13.8 = EBITA/revenue within 0.05pp. Cross-check: revenue-weighted unit OG = +0.3%, consistent with 'on a par'."
2008Q4,Q4 2009,https://www.orkla.com/files/Main/19690/3173471/4th-quarter-2009.pdf,comparative,Orkla Brands,6741,804,"Operating profit - EBITA (before amortisation, restructuring and significant impairments)",11.9,False,,,none,,,,,False,xls quarterly-and-accounting-figures-4th-quarter-2009.xls sheet 'Business areas 2008-2009'; report p.14 note; p.5-6 text; report p.5 table,,"'Orkla Brands' from 2008 = renamed Orkla Branded Consumer Goods (parent of Orkla Foods Nordic, Orkla Brands Nordic, Orkla Brands International, Orkla Food Ingredients); NOT the 2006-07 sub-segment 'Orkla Brands' (now Orkla Brands Nordic). 2007 comparatives identical to old BCG. Comparative as printed in Q4 2009 report.",confirmed,Comparative re-checked against report p.14 note + p.5-6 text + pres p.39 prior-year column. Equal to originally reported 2008 value: 2008 comparatives NOT restated for Romania moving from Orkla Brands International to Orkla Food Ingredients in 2009 (Q1 2009 report p.4-5).
