period,report,report_url,vintage,segment_label,revenue_nokm,ebit_nokm,ebit_metric,ebit_margin_pct,margin_computed,organic_growth_pct,og_metric,og_source,price_mix_pct,volume_pct,fx_effect_pct,structural_effect_pct,derived_from_ytd,page_ref,drivers_note,notes,verify_status,verify_note
2022Q1,Q1 2022,https://www.orkla.com/files/Main/19690/3560570/q1-2022-report.pdf,current,Orkla Foods,4788,531,EBIT (adj.),11.1,False,7.2,Organic revenue growth,table,,,-2.7,6.8,False,report p.11 business-area table; p.21 Note 2 segments; p.30 APM organic growth table (FX/structure); presentation p.15,"Broad-based organic growth (out-of-home reopening, grocery, exports); margin -0.7pp as raw material, packaging, energy, transport costs rose (Ukraine war); price hikes lag; SE ERP base effect",Old definition: Orkla Foods incl. Orkla India (MTR + Eastern); one of the two last reports (Q1 and Q2 2022) on the old definition; India carve-out reported from the Q3 2022 report; structure = Eastern (India) consolidated from Apr 2021 + Seagood Fort Deli; exit from Russia (Hamé Foods ZAO); no price/volume split published,corrected,"Independently re-extracted from Q1 2022 report p11,p21,p30 (pages: segment KPI table or front-page key figures, segment note, APM organic-growth/margin tables); all numeric fields match: rev 4788, EBIT (adj.) 531, margin 11.1%, OG 7.2, FX -2.7, structure 6.8, total 11.4; margin check: EBIT/rev 11.09% vs printed 11.1% OK; OG+FX+struct 11.3 vs printed total 11.4; revenue growth vs comparative column 11.37% consistent; no price/vol split ever published on the old (incl. India) definition; notes text corrected: 'last report before India carve-out' -> see notes (numeric values unchanged)"
2021Q1,Q1 2022,https://www.orkla.com/files/Main/19690/3560570/q1-2022-report.pdf,comparative,Orkla Foods,4299,507,EBIT (adj.),11.8,False,-4.7,Organic revenue growth,table,,,-1.3,-0.9,False,report p.11 business-area table; p.21 Note 2 segments; p.30 APM organic growth table (FX/structure); presentation p.15,,Old definition: Orkla Foods incl. Orkla India (MTR + Eastern); one of the two last reports (Q1 and Q2 2022) on the old definition; India carve-out reported from the Q3 2022 report; comparative unchanged vs originally published,corrected,"Independently re-extracted from Q1 2022 report p11,p21,p30 (pages: segment KPI table or front-page key figures, segment note, APM organic-growth/margin tables); all numeric fields match: rev 4299, EBIT (adj.) 507, margin 11.8%, OG -4.7, FX -1.3, structure -0.9, total -6.9; margin check: EBIT/rev 11.79% vs printed 11.8% OK; OG+FX+struct -6.9 vs printed total -6.9; vs original: Q1 2021 report p7/APM: 4299/507/11.8%/OG -4.7, FX -1.3, struct -0.9; notes text corrected: 'last report before India carve-out' -> see notes (numeric values unchanged)"
2022Q1,Q1 2022,https://www.orkla.com/files/Main/19690/3560570/q1-2022-report.pdf,current,Branded Consumer Goods,12791,1277,EBIT (adj.),9.98,True,7.7,Organic growth,table,,,-3.1,8.8,False,report p.21 Note 2 segments; p.30 APM organic growth table,,Context row: Branded Consumer Goods total as in Note 2 (excl. HQ/Eliminations); margin computed,confirmed,"Independently re-extracted from Q1 2022 report p2,p21,p30 (pages: segment KPI table or front-page key figures, segment note, APM organic-growth/margin tables); all numeric fields match: rev 12791, EBIT (adj.) 1277, OG 7.7, FX -3.1, structure 8.8, total 13.4; margin computed 9.98%; no printed margin for this context row (BCG margin printed only incl. HQ); OG+FX+struct 13.4 vs printed total 13.4; revenue growth vs comparative column 13.44% consistent"
2021Q1,Q1 2022,https://www.orkla.com/files/Main/19690/3560570/q1-2022-report.pdf,comparative,Branded Consumer Goods,11276,1288,EBIT (adj.),11.42,True,0.5,Organic growth,table,,,-1.4,0.5,False,report p.21 Note 2 segments; p.30 APM organic growth table,,Context row: Branded Consumer Goods total as in Note 2 (excl. HQ/Eliminations); margin computed,confirmed,"Independently re-extracted from Q1 2022 report p2,p21,p30 (pages: segment KPI table or front-page key figures, segment note, APM organic-growth/margin tables); all numeric fields match: rev 11276, EBIT (adj.) 1288, OG 0.5, FX -1.4, structure 0.5, total -0.4; margin computed 11.42%; no printed margin for this context row (BCG margin printed only incl. HQ); OG+FX+struct -0.4 vs printed total -0.4; vs original: Q1 2021 report Note 2/APM: 11276/1288, OG 0.5, FX -1.4, struct 0.5"
2022Q2,Q2 2022,https://www.orkla.com/files/Main/19690/3600941/q2-2022-report.pdf,current,Orkla Foods,4957,480,EBIT (adj.),9.7,False,11.6,Organic revenue growth,table,,,0.0,-0.5,False,report p.11 business-area table; p.22 Note 2 segments; p.31 APM organic growth table (FX/structure); presentation p.15,"Organic +11.6% broad-based (grocery, exports, out-of-home recovery); margin -1.9pp as raw material, packaging, energy costs and wage growth outpaced substantial price increases","Old definition: Orkla Foods incl. Orkla India (MTR + Eastern); last report before India carve-out; FX printed as '-' (zero) in APM table; no price/volume split published (Q2 2023 report gives restated Orkla Foods Europe Q2 2022: price 7.4, volume/mix 3.0)",confirmed,"Independently re-extracted from Q2 2022 report p11,p22,p31 (pages: segment KPI table or front-page key figures, segment note, APM organic-growth/margin tables); all numeric fields match: rev 4957, EBIT (adj.) 480, margin 9.7%, OG 11.6, FX 0.0, structure -0.5, total 11.0; margin check: EBIT/rev 9.68% vs printed 9.7% OK; OG+FX+struct 11.1 vs printed total 11.0; revenue growth vs comparative column 11.02% consistent; no price/vol split ever published on the old (incl. India) definition"
2021Q2,Q2 2022,https://www.orkla.com/files/Main/19690/3600941/q2-2022-report.pdf,comparative,Orkla Foods,4465,517,EBIT (adj.),11.6,False,3.0,Organic revenue growth,table,,,-5.9,5.9,False,report p.11 business-area table; p.22 Note 2 segments; p.31 APM organic growth table (FX/structure); presentation p.15,,Old definition: Orkla Foods incl. Orkla India (MTR + Eastern); last report before India carve-out,confirmed,"Independently re-extracted from Q2 2022 report p11,p22,p31 (pages: segment KPI table or front-page key figures, segment note, APM organic-growth/margin tables); all numeric fields match: rev 4465, EBIT (adj.) 517, margin 11.6%, OG 3.0, FX -5.9, structure 5.9, total 2.9; margin check: EBIT/rev 11.58% vs printed 11.6% OK; OG+FX+struct 3.0 vs printed total 2.9; vs original: Q2 2021 report p8/APM: 4465/517/11.6%/OG 3.0, FX -5.9, struct 5.9"
2022Q2,Q2 2022,https://www.orkla.com/files/Main/19690/3600941/q2-2022-report.pdf,current,Branded Consumer Goods,13524,1232,EBIT (adj.),9.11,True,12.1,Organic growth,table,,,-0.7,5.9,False,report p.22 Note 2 segments; p.31 APM organic growth table,,Context row: Branded Consumer Goods total as in Note 2 (excl. HQ/Eliminations); margin computed,confirmed,"Independently re-extracted from Q2 2022 report p2,p22,p31 (pages: segment KPI table or front-page key figures, segment note, APM organic-growth/margin tables); all numeric fields match: rev 13524, EBIT (adj.) 1232, OG 12.1, FX -0.7, structure 5.9, total 17.3; margin computed 9.11%; no printed margin for this context row (BCG margin printed only incl. HQ); OG+FX+struct 17.3 vs printed total 17.3; revenue growth vs comparative column 17.27% consistent"
2021Q2,Q2 2022,https://www.orkla.com/files/Main/19690/3600941/q2-2022-report.pdf,comparative,Branded Consumer Goods,11532,1240,EBIT (adj.),10.75,True,6.9,Organic growth,table,,,-6.0,4.1,False,report p.22 Note 2 segments; p.31 APM organic growth table,,Context row: Branded Consumer Goods total as in Note 2 (excl. HQ/Eliminations); margin computed,confirmed,"Independently re-extracted from Q2 2022 report p2,p22,p31 (pages: segment KPI table or front-page key figures, segment note, APM organic-growth/margin tables); all numeric fields match: rev 11532, EBIT (adj.) 1240, OG 6.9, FX -6.0, structure 4.1, total 5.0; margin computed 10.75%; no printed margin for this context row (BCG margin printed only incl. HQ); OG+FX+struct 5.0 vs printed total 5.0; vs original: Q2 2021 report Note 2/APM: 11532/1240, OG 6.9, FX -6.0, struct 4.1"
2022Q3,Q3 2022,https://www.orkla.com/files/Main/19690/3655785/q3-2022-report.pdf,current,Orkla Foods Europe,4340,526,EBIT (adj.),12.1,False,4.2,Organic revenue growth,table,,,-3.0,-0.6,False,report p.11 business-area table; p.22 Note 2 segments; p.32 APM organic growth table (FX/structure); presentation p.21,"Price-driven organic growth; weak grocery volumes (higher consumer prices, normal summer travel); margin -3.0pp from soaring raw material, packaging, energy costs and general inflation","Orkla Foods Europe = former Orkla Foods excl. Orkla India; first report with the split (Orkla Foods + India = old def: 4340+689 = 5029 rev, 526+93 = 619 EBIT); no price/volume split here (Q3 2023 report: price 13.6, volume/mix -9.4)",confirmed,"Independently re-extracted from Q3 2022 report p11,p22,p32 (pages: segment KPI table or front-page key figures, segment note, APM organic-growth/margin tables); all numeric fields match: rev 4340, EBIT (adj.) 526, margin 12.1%, OG 4.2, FX -3.0, structure -0.6, total 0.6; margin check: EBIT/rev 12.12% vs printed 12.1% OK; OG+FX+struct 0.6 vs printed total 0.6; revenue growth vs comparative column 0.65% consistent; price/vol split not printed in own report; available in comparative row of Q3 2023 report: price 13.6, vol/mix -9.4 (left blank here to keep vintage)"
2021Q3,Q3 2022,https://www.orkla.com/files/Main/19690/3655785/q3-2022-report.pdf,comparative,Orkla Foods Europe,4312,652,EBIT (adj.),15.1,False,4.7,Organic revenue growth,table,,,-1.4,0.2,False,report p.11 business-area table; p.22 Note 2 segments; p.32 APM organic growth table (FX/structure); presentation p.21,,Orkla Foods Europe = former Orkla Foods excl. Orkla India; restated (first publication of Europe-only 2021 figures); old-def Orkla Foods Q3 2021 was 4857/718,confirmed,"Independently re-extracted from Q3 2022 report p11,p22,p32 (pages: segment KPI table or front-page key figures, segment note, APM organic-growth/margin tables); all numeric fields match: rev 4312, EBIT (adj.) 652, margin 15.1%, OG 4.7, FX -1.4, structure 0.2, total 3.4; margin check: EBIT/rev 15.12% vs printed 15.1% OK; OG+FX+struct 3.5 vs printed total 3.4; vs original: restated (India carve-out): original old-def Orkla Foods Q3 2021 in Q3 2021 report p7 = 4857/718/14.8%, OG 4.7, FX -1.8, struct 5.8; Europe 4312/652 + India 545/66 = 4857/718 exactly"
2022Q3,Q3 2022,https://www.orkla.com/files/Main/19690/3655785/q3-2022-report.pdf,current,Orkla India,689,93,EBIT (adj.),13.5,False,20.1,Organic revenue growth,table,,,6.8,-0.4,False,report p.12 business-area table; p.22 Note 2 segments; p.32 APM organic growth table (FX/structure); presentation p.23,"Organic +20.1%: strong domestic grocery and post-pandemic export normalisation; EBIT +41% from price- and volume-led sales, partly offset by higher advertising; input costs rising",Orkla India (MTR + Eastern 67.8%) reported separately from Q3 2022,confirmed,"Independently re-extracted from Q3 2022 report p12,p22,p32 (pages: segment KPI table or front-page key figures, segment note, APM organic-growth/margin tables); all numeric fields match: rev 689, EBIT (adj.) 93, margin 13.5%, OG 20.1, FX 6.8, structure -0.4, total 26.4; margin check: EBIT/rev 13.50% vs printed 13.5% OK; OG+FX+struct 26.5 vs printed total 26.4; revenue growth vs comparative column 26.42% consistent; price/vol split not printed in own report; available in comparative row of Q3 2023 report: price 14.4, vol/mix 5.7 (left blank here to keep vintage)"
2021Q3,Q3 2022,https://www.orkla.com/files/Main/19690/3655785/q3-2022-report.pdf,comparative,Orkla India,545,66,EBIT (adj.),12.1,False,4.8,Organic revenue growth,table,,,-7.0,83.4,False,report p.12 business-area table; p.22 Note 2 segments; p.32 APM organic growth table (FX/structure); presentation p.23,,Restated carve-out; structure 83.4% = Eastern consolidated from 1 Apr 2021. Oddity: 9M 2021 column prints FX 58.8 / structure -15.5 (looks transposed),confirmed,"Independently re-extracted from Q3 2022 report p12,p22,p32 (pages: segment KPI table or front-page key figures, segment note, APM organic-growth/margin tables); all numeric fields match: rev 545, EBIT (adj.) 66, margin 12.1%, OG 4.8, FX -7.0, structure 83.4, total 81.2; margin check: EBIT/rev 12.11% vs printed 12.1% OK; OG+FX+struct 81.2 vs printed total 81.2; vs original: restated carve-out: first publication of India-only Q3 2021; Europe 4312/652 + India 545/66 = old-def 4857/718 (Q3 2021 report p7)"
2022Q3,Q3 2022,https://www.orkla.com/files/Main/19690/3655785/q3-2022-report.pdf,current,Branded Consumer Goods,13887,1528,EBIT (adj.),11.0,True,9.0,Organic growth,table,,,-2.7,1.2,False,report p.22 Note 2 segments; p.32 APM organic growth table,,Context row: Branded Consumer Goods total as in Note 2 (excl. HQ/Eliminations); margin computed,confirmed,"Independently re-extracted from Q3 2022 report p2,p22,p32 (pages: segment KPI table or front-page key figures, segment note, APM organic-growth/margin tables); all numeric fields match: rev 13887, EBIT (adj.) 1528, OG 9.0, FX -2.7, structure 1.2, total 7.5; margin computed 11.00%; no printed margin for this context row (BCG margin printed only incl. HQ); OG+FX+struct 7.5 vs printed total 7.5; revenue growth vs comparative column 7.53% consistent"
2021Q3,Q3 2022,https://www.orkla.com/files/Main/19690/3655785/q3-2022-report.pdf,comparative,Branded Consumer Goods,12914,1695,EBIT (adj.),13.13,True,4.1,Organic growth,table,,,-2.0,7.5,False,report p.22 Note 2 segments; p.32 APM organic growth table,,Context row: Branded Consumer Goods total as in Note 2 (excl. HQ/Eliminations); margin computed,confirmed,"Independently re-extracted from Q3 2022 report p2,p22,p32 (pages: segment KPI table or front-page key figures, segment note, APM organic-growth/margin tables); all numeric fields match: rev 12914, EBIT (adj.) 1695, OG 4.1, FX -2.0, structure 7.5, total 9.6; margin computed 13.13%; no printed margin for this context row (BCG margin printed only incl. HQ); OG+FX+struct 9.6 vs printed total 9.6; vs original: Q3 2021 report Note 2/APM: 12914/1695, OG 4.1, FX -2.0, struct 7.5"
2022Q4,Q4 2022,https://www.orkla.com/files/Main/19690/3714175/q4-2022-external-report.pdf,current,Orkla Foods Europe,4923,573,EBIT (adj.),11.6,False,7.2,Organic revenue growth,table,,,1.1,-0.8,False,report p.11 business-area table; p.22 Note 2 segments; p.33 APM organic growth table (FX/structure); presentation p.16,Price-led growth in all markets; grocery volumes down (reduced buying power); margin -2.9pp from raw material/energy cost and wage inflation; FX/structure drag; cost programmes in SE and CZ,"Orkla Foods Europe = former Orkla Foods excl. Orkla India; no price/volume split here (Q4 2023 report: price 13.9, volume/mix -6.7); market share losses in CZ",confirmed,"Independently re-extracted from Q4 2022 report p11,p22,p33 (pages: segment KPI table or front-page key figures, segment note, APM organic-growth/margin tables); all numeric fields match: rev 4923, EBIT (adj.) 573, margin 11.6%, OG 7.2, FX 1.1, structure -0.8, total 7.5; margin check: EBIT/rev 11.64% vs printed 11.6% OK; OG+FX+struct 7.5 vs printed total 7.5; revenue growth vs comparative column 7.54% consistent; price/vol split not printed in own report; available in comparative row of Q4 2023 report: price 13.9, vol/mix -6.7 (left blank here to keep vintage)"
2021Q4,Q4 2022,https://www.orkla.com/files/Main/19690/3714175/q4-2022-external-report.pdf,comparative,Orkla Foods Europe,4578,663,EBIT (adj.),14.5,False,3.9,Organic revenue growth,table,,,-4.3,0.4,False,report p.11 business-area table; p.22 Note 2 segments; p.33 APM organic growth table (FX/structure); presentation p.16,,Orkla Foods Europe = former Orkla Foods excl. Orkla India; restated carve-out; old-def Orkla Foods Q4 2021 was 5139/729,confirmed,"Independently re-extracted from Q4 2022 report p11,p22,p33 (pages: segment KPI table or front-page key figures, segment note, APM organic-growth/margin tables); all numeric fields match: rev 4578, EBIT (adj.) 663, margin 14.5%, OG 3.9, FX -4.3, structure 0.4, total 0.0; margin check: EBIT/rev 14.48% vs printed 14.5% OK; OG+FX+struct 0.0 vs printed total 0.0; vs original: restated (India carve-out): original old-def Orkla Foods Q4 2021 in Q4 2021 report p7 = 5139/729/14.2%, OG 4.1, FX -4.6, struct 6.0; Europe 4578/663 + India 561/66 = 5139/729 exactly"
2022Q4,Q4 2022,https://www.orkla.com/files/Main/19690/3714175/q4-2022-external-report.pdf,current,Orkla India,665,73,EBIT (adj.),11.0,False,11.2,Organic revenue growth,table,,,7.3,0.0,False,report p.12 business-area table; p.22 Note 2 segments; p.33 APM organic growth table (FX/structure); presentation p.17,Organic +11.2% broad-based; profit +10.6% from price-led growth; input costs still rising; higher advertising and inflation in other costs; margin -0.8pp,,confirmed,"Independently re-extracted from Q4 2022 report p12,p22,p33 (pages: segment KPI table or front-page key figures, segment note, APM organic-growth/margin tables); all numeric fields match: rev 665, EBIT (adj.) 73, margin 11.0%, OG 11.2, FX 7.3, structure 0.0, total 18.5; margin check: EBIT/rev 10.98% vs printed 11.0% OK; OG+FX+struct 18.5 vs printed total 18.5; revenue growth vs comparative column 18.54% consistent; price/vol split not printed in own report; available in comparative row of Q4 2023 report: price 17.9, vol/mix -6.7 (left blank here to keep vintage)"
2021Q4,Q4 2022,https://www.orkla.com/files/Main/19690/3714175/q4-2022-external-report.pdf,comparative,Orkla India,561,66,EBIT (adj.),11.8,False,7.0,Organic revenue growth,table,,,-9.8,93.6,False,report p.12 business-area table; p.22 Note 2 segments; p.33 APM organic growth table (FX/structure); presentation p.17,,Restated carve-out; structure = Eastern,confirmed,"Independently re-extracted from Q4 2022 report p12,p22,p33 (pages: segment KPI table or front-page key figures, segment note, APM organic-growth/margin tables); all numeric fields match: rev 561, EBIT (adj.) 66, margin 11.8%, OG 7.0, FX -9.8, structure 93.6, total 90.9; margin check: EBIT/rev 11.76% vs printed 11.8% OK; OG+FX+struct 90.8 vs printed total 90.9; vs original: restated carve-out: first publication of India-only Q4 2021; Europe 4578/663 + India 561/66 = old-def 5139/729 (Q4 2021 report p7)"
2022Q4,Q4 2022,https://www.orkla.com/files/Main/19690/3714175/q4-2022-external-report.pdf,current,Branded Consumer Goods,15200,1362,EBIT (adj.),8.96,True,9.5,Organic growth,table,,,2.0,1.2,False,report p.22 Note 2 segments; p.33 APM organic growth table,,Context row: Branded Consumer Goods total as in Note 2 (excl. HQ/Eliminations); margin computed,confirmed,"Independently re-extracted from Q4 2022 report p2,p22,p33 (pages: segment KPI table or front-page key figures, segment note, APM organic-growth/margin tables); all numeric fields match: rev 15200, EBIT (adj.) 1362, OG 9.5, FX 2.0, structure 1.2, total 12.7; margin computed 8.96%; no printed margin for this context row (BCG margin printed only incl. HQ); OG+FX+struct 12.7 vs printed total 12.7; revenue growth vs comparative column 12.74% consistent"
2021Q4,Q4 2022,https://www.orkla.com/files/Main/19690/3714175/q4-2022-external-report.pdf,comparative,Branded Consumer Goods,13482,1571,EBIT (adj.),11.65,True,5.5,Organic growth,table,,,-5.4,8.3,False,report p.22 Note 2 segments; p.33 APM organic growth table,,Context row: Branded Consumer Goods total as in Note 2 (excl. HQ/Eliminations); margin computed,confirmed,"Independently re-extracted from Q4 2022 report p2,p22,p33 (pages: segment KPI table or front-page key figures, segment note, APM organic-growth/margin tables); all numeric fields match: rev 13482, EBIT (adj.) 1571, OG 5.5, FX -5.4, structure 8.3, total 8.4; margin computed 11.65%; no printed margin for this context row (BCG margin printed only incl. HQ); OG+FX+struct 8.4 vs printed total 8.4; vs original: Q4 2021 report Note 2/APM: 13482/1571, OG 5.5, FX -5.4, struct 8.3"
2023Q1,Q1 2023,https://www.orkla.com/files/Main/19690/3766022/q1-2023-external-report.pdf,current,Orkla Foods Europe,4903,510,EBIT (adj.),10.4,False,10.3,Organic revenue growth,table,,,6.5,-1.1,False,report p.11 business-area table; p.22 Note 2 segments; p.31 APM organic growth table (FX/structure); presentation p.15,"Price-driven growth; weak grocery volumes and share losses (CZ, SE, DK; shift to discounters); EBIT up on prices, FX, Easter timing; meat/dairy/sugar/glass/metal inflation; weak NOK/SEK","Orkla Foods Europe = former Orkla Foods excl. Orkla India; structure incl. Khell-Food (HU) from 1 Mar 2023; no price/volume split here (Q1 2024 report: price 15.2, volume/mix -4.9)",confirmed,"Independently re-extracted from Q1 2023 report p11,p22,p31 (pages: segment KPI table or front-page key figures, segment note, APM organic-growth/margin tables); all numeric fields match: rev 4903, EBIT (adj.) 510, margin 10.4%, OG 10.3, FX 6.5, structure -1.1, total 15.7; margin check: EBIT/rev 10.40% vs printed 10.4% OK; OG+FX+struct 15.7 vs printed total 15.7; revenue growth vs comparative column 15.66% consistent; price/vol split not printed in own report; available in comparative row of Q1 2024 report: price 15.2, vol/mix -4.9 (left blank here to keep vintage)"
2022Q1,Q1 2023,https://www.orkla.com/files/Main/19690/3766022/q1-2023-external-report.pdf,comparative,Orkla Foods Europe,4239,469,EBIT (adj.),11.1,False,7.3,Organic revenue growth,table,,,-2.9,0.7,False,report p.11 business-area table; p.22 Note 2 segments; p.31 APM organic growth table (FX/structure); presentation p.15,,Orkla Foods Europe = former Orkla Foods excl. Orkla India; first publication of Europe-only Q1 2022 (old-def Orkla Foods Q1 2022: 4788/531 = 4239+550 / 469+62),confirmed,"Independently re-extracted from Q1 2023 report p11,p22,p31 (pages: segment KPI table or front-page key figures, segment note, APM organic-growth/margin tables); all numeric fields match: rev 4239, EBIT (adj.) 469, margin 11.1%, OG 7.3, FX -2.9, structure 0.7, total 5.1; margin check: EBIT/rev 11.06% vs printed 11.1% OK; OG+FX+struct 5.1 vs printed total 5.1; differs from originally published Q1 2022 report (label then: Orkla Foods): rev 4239 vs 4788; EBIT 469 vs 531; OG 7.3 vs 7.2; FX -2.9 vs -2.7; struct 0.7 vs 6.8 -> definition change: India carve-out (old-def Orkla Foods incl. India originally); Europe + India = old-def exactly"
2023Q1,Q1 2023,https://www.orkla.com/files/Main/19690/3766022/q1-2023-external-report.pdf,current,Orkla India,672,74,EBIT (adj.),11.0,False,17.6,Organic revenue growth,table,,,6.9,-2.3,False,report p.12 business-area table; p.22 Note 2 segments; p.31 APM organic growth table (FX/structure); presentation p.16,"Organic +17.6% mainly price; spice and dairy raw material inflation; margin -0.3pp from higher advertising, cost accruals and one-offs",,confirmed,"Independently re-extracted from Q1 2023 report p12,p22,p31 (pages: segment KPI table or front-page key figures, segment note, APM organic-growth/margin tables); all numeric fields match: rev 672, EBIT (adj.) 74, margin 11.0%, OG 17.6, FX 6.9, structure -2.3, total 22.2; margin check: EBIT/rev 11.01% vs printed 11.0% OK; OG+FX+struct 22.2 vs printed total 22.2; revenue growth vs comparative column 22.18% consistent; price/vol split not printed in own report; available in comparative row of Q1 2024 report: price 17.2, vol/mix 0.4 (left blank here to keep vintage)"
2022Q1,Q1 2023,https://www.orkla.com/files/Main/19690/3766022/q1-2023-external-report.pdf,comparative,Orkla India,550,62,EBIT (adj.),11.3,False,6.4,Organic revenue growth,table,,,1.3,99.9,False,report p.12 business-area table; p.22 Note 2 segments; p.31 APM organic growth table (FX/structure); presentation p.16,,Restated carve-out; structure 99.9% = Eastern,confirmed,"Independently re-extracted from Q1 2023 report p12,p22,p31 (pages: segment KPI table or front-page key figures, segment note, APM organic-growth/margin tables); all numeric fields match: rev 550, EBIT (adj.) 62, margin 11.3%, OG 6.4, FX 1.3, structure 99.9, total 107.5; margin check: EBIT/rev 11.27% vs printed 11.3% OK; OG+FX+struct 107.6 vs printed total 107.5; first publication of India-only Q1 2022; Europe 4239/469 + India 550/62 = old-def 4789/531 (printed 4788/531 in Q1 2022 report)"
2023Q1,Q1 2023,https://www.orkla.com/files/Main/19690/3766022/q1-2023-external-report.pdf,current,Branded Consumer Goods,15755,1470,EBIT (adj.),9.33,True,13.4,Organic growth,table,,,7.5,2.4,False,report p.22 Note 2 segments; p.31 APM organic growth table,,Context row: Branded Consumer Goods total as in Note 2 (excl. HQ/Eliminations); margin computed,confirmed,"Independently re-extracted from Q1 2023 report p2,p22,p31 (pages: segment KPI table or front-page key figures, segment note, APM organic-growth/margin tables); all numeric fields match: rev 15755, EBIT (adj.) 1470, OG 13.4, FX 7.5, structure 2.4, total 23.2; margin computed 9.33%; no printed margin for this context row (BCG margin printed only incl. HQ); OG+FX+struct 23.3 vs printed total 23.2; revenue growth vs comparative column 23.17% consistent"
2022Q1,Q1 2023,https://www.orkla.com/files/Main/19690/3766022/q1-2023-external-report.pdf,comparative,Branded Consumer Goods,12791,1277,EBIT (adj.),9.98,True,7.7,Organic growth,table,,,-3.1,8.8,False,report p.22 Note 2 segments; p.31 APM organic growth table,,Context row: Branded Consumer Goods total as in Note 2 (excl. HQ/Eliminations); margin computed,confirmed,"Independently re-extracted from Q1 2023 report p2,p22,p31 (pages: segment KPI table or front-page key figures, segment note, APM organic-growth/margin tables); all numeric fields match: rev 12791, EBIT (adj.) 1277, OG 7.7, FX -3.1, structure 8.8, total 13.4; margin computed 9.98%; no printed margin for this context row (BCG margin printed only incl. HQ); OG+FX+struct 13.4 vs printed total 13.4; identical to originally published Q1 2022 report"
2023Q2,Q2 2023,https://www.orkla.com/files/Main/19690/3804826/q2-2023-external-report.pdf,current,Orkla Foods Europe,5087,534,EBIT (adj.),10.5,False,7.0,Organic growth operating revenues,table,16.3,-9.3,10.4,0.5,False,report p.10 business-area table; p.26 Note 2 segments; p.36 APM organic growth table (FX/structure); presentation p.13,"Price +16.3%, volume/mix -9.3% (weak buying power, Jun-22 customer pre-buying); underlying EBIT +20.7% from prices and CZ restructuring despite high input costs and weak NOK/SEK",Orkla Foods Europe = former Orkla Foods excl. Orkla India; first report with portfolio-company KPIs; Contribution ratio 37.3%; reported EBIT 471; underlying EBIT (adj.) growth 20.7%; price_mix_pct = Orkla 'relating to price' (pure price); volume_pct = 'relating to volume/mix',confirmed,"Independently re-extracted from Q2 2023 report p10,p26,p36 (pages: segment KPI table or front-page key figures, segment note, APM organic-growth/margin tables); all numeric fields match: rev 5087, EBIT (adj.) 534, margin 10.5%, OG 7.0, price 16.3, vol/mix -9.3, FX 10.4, structure 0.5, total 17.8; margin check: EBIT/rev 10.50% vs printed 10.5% OK; OG+FX+struct 17.9 vs printed total 17.8; revenue growth vs comparative column 17.81% consistent; reported EBIT 471 confirmed"
2022Q2,Q2 2023,https://www.orkla.com/files/Main/19690/3804826/q2-2023-external-report.pdf,comparative,Orkla Foods Europe,4318,405,EBIT (adj.),9.4,False,10.4,Organic growth operating revenues,table,7.4,3.0,-1.1,-0.4,False,report p.10 business-area table; p.26 Note 2 segments; p.36 APM organic growth table (FX/structure); presentation p.13,,Orkla Foods Europe = former Orkla Foods excl. Orkla India; restated (old-def Orkla Foods Q2 2022 was 4957/480/OG 11.6); Contribution ratio 37.3%; reported EBIT 389; underlying EBIT (adj.) growth -9.4%; price_mix_pct = Orkla 'relating to price' (pure price); volume_pct = 'relating to volume/mix',confirmed,"Independently re-extracted from Q2 2023 report p10,p26,p36 (pages: segment KPI table or front-page key figures, segment note, APM organic-growth/margin tables); all numeric fields match: rev 4318, EBIT (adj.) 405, margin 9.4%, OG 10.4, price 7.4, vol/mix 3.0, FX -1.1, structure -0.4, total 8.9; margin check: EBIT/rev 9.38% vs printed 9.4% OK; OG+FX+struct 8.9 vs printed total 8.9; differs from originally published Q2 2022 report (label then: Orkla Foods): rev 4318 vs 4957; EBIT 405 vs 480; margin 9.4 vs 9.7; OG 10.4 vs 11.6; FX -1.1 vs 0.0; struct -0.4 vs -0.5 -> definition change: India carve-out (old-def Orkla Foods incl. India originally); Europe + India = old-def exactly; reported EBIT 389 confirmed"
2023Q2,Q2 2023,https://www.orkla.com/files/Main/19690/3804826/q2-2023-external-report.pdf,current,Orkla India,718,93,EBIT (adj.),13.0,False,7.1,Organic growth operating revenues,table,12.9,-5.8,7.0,-1.7,False,report p.14 business-area table; p.26 Note 2 segments; p.36 APM organic growth table (FX/structure); presentation p.17,"Organic +7.1% (price +12.9%, volume/mix -5.8%); price-led margin gain partly offset by higher fixed production costs and new hires; spice and dairy inflation",Contribution ratio 35.5%; reported EBIT 92; underlying EBIT (adj.) growth 16.8%; price_mix_pct = Orkla 'relating to price' (pure price); volume_pct = 'relating to volume/mix',confirmed,"Independently re-extracted from Q2 2023 report p14,p26,p36 (pages: segment KPI table or front-page key figures, segment note, APM organic-growth/margin tables); all numeric fields match: rev 718, EBIT (adj.) 93, margin 13.0%, OG 7.1, price 12.9, vol/mix -5.8, FX 7.0, structure -1.7, total 12.4; margin check: EBIT/rev 12.95% vs printed 13.0% OK; OG+FX+struct 12.4 vs printed total 12.4; revenue growth vs comparative column 12.54% consistent; reported EBIT 92 confirmed"
2022Q2,Q2 2023,https://www.orkla.com/files/Main/19690/3804826/q2-2023-external-report.pdf,comparative,Orkla India,638,75,EBIT (adj.),11.8,False,21.0,Organic growth operating revenues,table,10.3,10.7,9.0,-1.8,False,report p.14 business-area table; p.26 Note 2 segments; p.36 APM organic growth table (FX/structure); presentation p.17,,Contribution ratio 33.3%; reported EBIT 74; underlying EBIT (adj.) growth 27.6%; first publication of India Q2 2022,confirmed,"Independently re-extracted from Q2 2023 report p14,p26,p36 (pages: segment KPI table or front-page key figures, segment note, APM organic-growth/margin tables); all numeric fields match: rev 638, EBIT (adj.) 75, margin 11.8%, OG 21.0, price 10.3, vol/mix 10.7, FX 9.0, structure -1.8, total 28.1; margin check: EBIT/rev 11.76% vs printed 11.8% OK; OG+FX+struct 28.2 vs printed total 28.1; first publication of India-only Q2 2022; Europe 4318/405 + India 638/75 = 4956/480 vs old-def 4957/480 (Q2 2022 report p11); reported EBIT 74 confirmed"
2023Q2,Q2 2023,https://www.orkla.com/files/Main/19690/3804826/q2-2023-external-report.pdf,current,Consolidated Portfolio Companies,16523,1591,EBIT (adj.),9.63,True,8.5,Organic growth,table,,,11.4,2.3,False,report p.26 Note 2 segments; p.36 APM organic growth table,,"Context row: 'Consolidated Portfolio Companies' (Note 2/3 total excl. HQ & Business Services) = successor of Branded Consumer Goods from Q2 2023 report (FY2022 55,402 identical); margin computed",confirmed,"Independently re-extracted from Q2 2023 report p26,p36,p38 (pages: segment KPI table or front-page key figures, segment note, APM organic-growth/margin tables); all numeric fields match: rev 16523, EBIT (adj.) 1591, margin 9.6%, OG 8.5, FX 11.4, structure 2.3, total 22.2; margin computed 9.63%; printed APM margin 9.6% consistent; OG+FX+struct 22.2 vs printed total 22.2; revenue growth vs comparative column 22.19% consistent"
2022Q2,Q2 2023,https://www.orkla.com/files/Main/19690/3804826/q2-2023-external-report.pdf,comparative,Consolidated Portfolio Companies,13522,1237,EBIT (adj.),9.15,True,12.1,Organic growth,table,,,-0.7,5.9,False,report p.26 Note 2 segments; p.36 APM organic growth table,,"Context row: 'Consolidated Portfolio Companies' (Note 2/3 total excl. HQ & Business Services) = successor of Branded Consumer Goods from Q2 2023 report (FY2022 55,402 identical); margin computed; vs BCG 13524/1232 in Q2 2022 report (HQ reallocation)",confirmed,"Independently re-extracted from Q2 2023 report p26,p36,p38 (pages: segment KPI table or front-page key figures, segment note, APM organic-growth/margin tables); all numeric fields match: rev 13522, EBIT (adj.) 1237, margin 9.1%, OG 12.1, FX -0.7, structure 5.9, total 17.3; margin computed 9.15%; printed APM margin 9.1% consistent; OG+FX+struct 17.3 vs printed total 17.3; differs from originally published Q2 2022 report (label then: Branded Consumer Goods): rev 13522 vs 13524; EBIT 1237 vs 1232 -> label/definition change BCG -> CPC (HQ cost reallocation under the 2023 operating model)"
2023Q3,Q3 2023,https://www.orkla.com/files/Main/19690/3862457/q3-2023-external-report.pdf,current,Orkla Foods Europe,4825,580,EBIT (adj.),12.0,False,4.4,Organic growth operating revenues,table,9.9,-5.4,7.0,-0.3,False,report p.9 business-area table; p.24 Note 2 segments; p.34 APM organic growth table (FX/structure); presentation p.13,"Price-led growth, volume decline (reduced buying power, discounter shift); underlying EBIT +5.3% on prices; ~NOK 25m ketchup recall; raw material prices stabilising but high; weak NOK/SEK",Orkla Foods Europe = former Orkla Foods excl. Orkla India; Contribution ratio 38.4%; reported EBIT 563; underlying EBIT (adj.) growth 5.3%; price_mix_pct = Orkla 'relating to price' (pure price); volume_pct = 'relating to volume/mix',confirmed,"Independently re-extracted from Q3 2023 report p9,p24,p34 (pages: segment KPI table or front-page key figures, segment note, APM organic-growth/margin tables); all numeric fields match: rev 4825, EBIT (adj.) 580, margin 12.0%, OG 4.4, price 9.9, vol/mix -5.4, FX 7.0, structure -0.3, total 11.2; margin check: EBIT/rev 12.02% vs printed 12.0% OK; OG+FX+struct 11.1 vs printed total 11.2; revenue growth vs comparative column 11.18% consistent; reported EBIT 563 confirmed"
2022Q3,Q3 2023,https://www.orkla.com/files/Main/19690/3862457/q3-2023-external-report.pdf,comparative,Orkla Foods Europe,4340,526,EBIT (adj.),12.1,False,4.2,Organic growth operating revenues,table,13.6,-9.4,-3.0,-0.6,False,report p.9 business-area table; p.24 Note 2 segments; p.34 APM organic growth table (FX/structure); presentation p.13,,Orkla Foods Europe = former Orkla Foods excl. Orkla India; Contribution ratio 39.0%; reported EBIT 566; underlying EBIT (adj.) growth -15.5%; unchanged vs Q3 2022 report,confirmed,"Independently re-extracted from Q3 2023 report p9,p24,p34 (pages: segment KPI table or front-page key figures, segment note, APM organic-growth/margin tables); all numeric fields match: rev 4340, EBIT (adj.) 526, margin 12.1%, OG 4.2, price 13.6, vol/mix -9.4, FX -3.0, structure -0.6, total 0.6; margin check: EBIT/rev 12.12% vs printed 12.1% OK; OG+FX+struct 0.6 vs printed total 0.6; identical to originally published Q3 2022 report; price/vol split first published here (not in original report); reported EBIT 566 confirmed"
2023Q3,Q3 2023,https://www.orkla.com/files/Main/19690/3862457/q3-2023-external-report.pdf,current,Orkla India,773,126,EBIT (adj.),16.2,False,12.1,Organic growth operating revenues,table,8.6,3.5,1.5,-1.3,False,report p.13 business-area table; p.24 Note 2 segments; p.34 APM organic growth table (FX/structure); presentation p.17,Organic +12.1% from price and volume; underlying margin +2.6pp on higher contribution margin; raw material costs stable; NOK 6.5m government grant; MTR-Eastern merger 1 Sep 2023,Contribution ratio 37.7%; reported EBIT 124; underlying EBIT (adj.) growth 33.2%; price_mix_pct = Orkla 'relating to price' (pure price); volume_pct = 'relating to volume/mix',confirmed,"Independently re-extracted from Q3 2023 report p13,p24,p34 (pages: segment KPI table or front-page key figures, segment note, APM organic-growth/margin tables); all numeric fields match: rev 773, EBIT (adj.) 126, margin 16.2%, OG 12.1, price 8.6, vol/mix 3.5, FX 1.5, structure -1.3, total 12.2; margin check: EBIT/rev 16.30% vs printed 16.2% (print-rounding quirk >0.05pp, printed value kept); OG+FX+struct 12.3 vs printed total 12.2; revenue growth vs comparative column 12.19% consistent; reported EBIT 124 confirmed"
2022Q3,Q3 2023,https://www.orkla.com/files/Main/19690/3862457/q3-2023-external-report.pdf,comparative,Orkla India,689,93,EBIT (adj.),13.5,False,20.1,Organic growth operating revenues,table,14.4,5.7,6.8,-0.4,False,report p.13 business-area table; p.24 Note 2 segments; p.34 APM organic growth table (FX/structure); presentation p.17,,Contribution ratio 35.1%; reported EBIT 91; underlying EBIT (adj.) growth 33.8%,confirmed,"Independently re-extracted from Q3 2023 report p13,p24,p34 (pages: segment KPI table or front-page key figures, segment note, APM organic-growth/margin tables); all numeric fields match: rev 689, EBIT (adj.) 93, margin 13.5%, OG 20.1, price 14.4, vol/mix 5.7, FX 6.8, structure -0.4, total 26.4; margin check: EBIT/rev 13.50% vs printed 13.5% OK; OG+FX+struct 26.5 vs printed total 26.4; identical to originally published Q3 2022 report; price/vol split first published here (not in original report); reported EBIT 91 confirmed"
2023Q3,Q3 2023,https://www.orkla.com/files/Main/19690/3862457/q3-2023-external-report.pdf,current,Consolidated Portfolio Companies,16220,1772,EBIT (adj.),10.92,True,6.0,Organic growth,table,,,8.3,2.5,False,report p.24 Note 2 segments; p.34 APM organic growth table,,"Context row: 'Consolidated Portfolio Companies' (Note 2/3 total excl. HQ & Business Services) = successor of Branded Consumer Goods from Q2 2023 report (FY2022 55,402 identical); margin computed",confirmed,"Independently re-extracted from Q3 2023 report p24,p34,p36 (pages: segment KPI table or front-page key figures, segment note, APM organic-growth/margin tables); all numeric fields match: rev 16220, EBIT (adj.) 1772, margin 10.9%, OG 6.0, FX 8.3, structure 2.5, total 16.8; margin computed 10.92%; printed APM margin 10.9% consistent; OG+FX+struct 16.8 vs printed total 16.8; revenue growth vs comparative column 16.80% consistent"
2022Q3,Q3 2023,https://www.orkla.com/files/Main/19690/3862457/q3-2023-external-report.pdf,comparative,Consolidated Portfolio Companies,13887,1530,EBIT (adj.),11.02,True,9.0,Organic growth,table,,,-2.7,1.2,False,report p.24 Note 2 segments; p.34 APM organic growth table,,"Context row: 'Consolidated Portfolio Companies' (Note 2/3 total excl. HQ & Business Services) = successor of Branded Consumer Goods from Q2 2023 report (FY2022 55,402 identical); margin computed",confirmed,"Independently re-extracted from Q3 2023 report p24,p34,p36 (pages: segment KPI table or front-page key figures, segment note, APM organic-growth/margin tables); all numeric fields match: rev 13887, EBIT (adj.) 1530, margin 11.0%, OG 9.0, FX -2.7, structure 1.2, total 7.5; margin computed 11.02%; printed APM margin 11.0% consistent; OG+FX+struct 7.5 vs printed total 7.5; differs from originally published Q3 2022 report (label then: Branded Consumer Goods): EBIT 1530 vs 1528 -> label/definition change BCG -> CPC (HQ cost reallocation under the 2023 operating model)"
2023Q4,Q4 2023,https://www.orkla.com/files/Main/19690/3924454/q4-2023-external-report.pdf,current,Orkla Foods Europe,5504,635,EBIT (adj.),11.5,False,5.1,Organic growth operating revenues,table,8.8,-3.8,7.5,-0.8,False,report p.9 business-area table; p.23 Note 2 segments; p.33 APM organic growth table (FX/structure); presentation p.15,"Price-led growth, less negative volumes (NO positive; DK/SE/FI down); underlying EBIT +6% from better contribution ratio and fixed-cost savings (NO, SE, CZ); higher advertising; weak FX",Orkla Foods Europe = former Orkla Foods excl. Orkla India; Contribution ratio 38.8%; reported EBIT 420; underlying EBIT (adj.) growth 6.0%; price_mix_pct = Orkla 'relating to price' (pure price); volume_pct = 'relating to volume/mix',confirmed,"Independently re-extracted from Q4 2023 report p9,p23,p33 (pages: segment KPI table or front-page key figures, segment note, APM organic-growth/margin tables); all numeric fields match: rev 5504, EBIT (adj.) 635, margin 11.5%, OG 5.1, price 8.8, vol/mix -3.8, FX 7.5, structure -0.8, total 11.8; margin check: EBIT/rev 11.54% vs printed 11.5% OK; OG+FX+struct 11.8 vs printed total 11.8; revenue growth vs comparative column 11.80% consistent; reported EBIT 420 confirmed"
2022Q4,Q4 2023,https://www.orkla.com/files/Main/19690/3924454/q4-2023-external-report.pdf,comparative,Orkla Foods Europe,4923,573,EBIT (adj.),11.6,False,7.2,Organic growth operating revenues,table,13.9,-6.7,1.1,-0.8,False,report p.9 business-area table; p.23 Note 2 segments; p.33 APM organic growth table (FX/structure); presentation p.15,,Orkla Foods Europe = former Orkla Foods excl. Orkla India; Contribution ratio 37.8%; reported EBIT 550; underlying EBIT (adj.) growth -13.1%,confirmed,"Independently re-extracted from Q4 2023 report p9,p23,p33 (pages: segment KPI table or front-page key figures, segment note, APM organic-growth/margin tables); all numeric fields match: rev 4923, EBIT (adj.) 573, margin 11.6%, OG 7.2, price 13.9, vol/mix -6.7, FX 1.1, structure -0.8, total 7.5; margin check: EBIT/rev 11.64% vs printed 11.6% OK; OG+FX+struct 7.5 vs printed total 7.5; identical to originally published Q4 2022 report; price/vol split first published here (not in original report); reported EBIT 550 confirmed"
2023Q4,Q4 2023,https://www.orkla.com/files/Main/19690/3924454/q4-2023-external-report.pdf,current,Orkla India,784,93,EBIT (adj.),11.9,False,12.4,Organic growth operating revenues,table,5.2,7.2,5.5,-0.3,False,report p.13 business-area table; p.23 Note 2 segments; p.33 APM organic growth table (FX/structure); presentation p.19,"Organic +12.4% incl. NOK 22m government grant booked as mix (8.9% ex grant); ex grant underlying EBIT -8.3% on festival advertising, personnel and factory costs",Contribution ratio 37.3%; reported EBIT 88; underlying EBIT (adj.) growth 22.5%; volume/mix includes government grant; price_mix_pct = Orkla 'relating to price' (pure price); volume_pct = 'relating to volume/mix',confirmed,"Independently re-extracted from Q4 2023 report p13,p23,p33 (pages: segment KPI table or front-page key figures, segment note, APM organic-growth/margin tables); all numeric fields match: rev 784, EBIT (adj.) 93, margin 11.9%, OG 12.4, price 5.2, vol/mix 7.2, FX 5.5, structure -0.3, total 17.6; margin check: EBIT/rev 11.86% vs printed 11.9% OK; OG+FX+struct 17.6 vs printed total 17.6; revenue growth vs comparative column 17.89% (deviates 0.3pp from printed total; rounding of NOK m figures); reported EBIT 88 confirmed"
2022Q4,Q4 2023,https://www.orkla.com/files/Main/19690/3924454/q4-2023-external-report.pdf,comparative,Orkla India,665,73,EBIT (adj.),11.0,False,11.2,Organic growth operating revenues,table,17.9,-6.7,7.3,0.0,False,report p.13 business-area table; p.23 Note 2 segments; p.33 APM organic growth table (FX/structure); presentation p.19,,Contribution ratio 34.1%; reported EBIT 70; underlying EBIT (adj.) growth 3.0%,confirmed,"Independently re-extracted from Q4 2023 report p13,p23,p33 (pages: segment KPI table or front-page key figures, segment note, APM organic-growth/margin tables); all numeric fields match: rev 665, EBIT (adj.) 73, margin 11.0%, OG 11.2, price 17.9, vol/mix -6.7, FX 7.3, structure 0.0, total 18.5; margin check: EBIT/rev 10.98% vs printed 11.0% OK; OG+FX+struct 18.5 vs printed total 18.5; identical to originally published Q4 2022 report; price/vol split first published here (not in original report); reported EBIT 70 confirmed"
2023Q4,Q4 2023,https://www.orkla.com/files/Main/19690/3924454/q4-2023-external-report.pdf,current,Consolidated Portfolio Companies,17419,1596,EBIT (adj.),9.16,True,5.3,Organic growth,table,,,8.6,0.7,False,report p.23 Note 2 segments; p.33 APM organic growth table,,"Context row: 'Consolidated Portfolio Companies' (Note 2/3 total excl. HQ & Business Services) = successor of Branded Consumer Goods from Q2 2023 report (FY2022 55,402 identical); margin computed",confirmed,"Independently re-extracted from Q4 2023 report p23,p33,p35 (pages: segment KPI table or front-page key figures, segment note, APM organic-growth/margin tables); all numeric fields match: rev 17419, EBIT (adj.) 1596, margin 9.2%, OG 5.3, FX 8.6, structure 0.7, total 14.6; margin computed 9.16%; printed APM margin 9.2% consistent; OG+FX+struct 14.6 vs printed total 14.6; revenue growth vs comparative column 14.60% consistent"
2022Q4,Q4 2023,https://www.orkla.com/files/Main/19690/3924454/q4-2023-external-report.pdf,comparative,Consolidated Portfolio Companies,15200,1366,EBIT (adj.),8.99,True,9.5,Organic growth,table,,,2.0,1.2,False,report p.23 Note 2 segments; p.33 APM organic growth table,,"Context row: 'Consolidated Portfolio Companies' (Note 2/3 total excl. HQ & Business Services) = successor of Branded Consumer Goods from Q2 2023 report (FY2022 55,402 identical); margin computed; EBIT vs BCG 1362 in Q4 2022 report",confirmed,"Independently re-extracted from Q4 2023 report p23,p33,p35 (pages: segment KPI table or front-page key figures, segment note, APM organic-growth/margin tables); all numeric fields match: rev 15200, EBIT (adj.) 1366, margin 9.0%, OG 9.5, FX 2.0, structure 1.2, total 12.7; margin computed 8.99%; printed APM margin 9.0% consistent; OG+FX+struct 12.7 vs printed total 12.7; differs from originally published Q4 2022 report (label then: Branded Consumer Goods): EBIT 1366 vs 1362 -> label/definition change BCG -> CPC (HQ cost reallocation under the 2023 operating model)"
2024Q1,Q1 2024,https://www.orkla.com/files/Main/19690/3972570/q1-2024-external-report_orkla.pdf,current,Orkla Foods Europe,5100,564,EBIT (adj.),11.1,False,3.2,Organic growth operating revenues,table,5.5,-2.3,1.9,-1.1,False,report p.9 business-area table; p.22 Note 2 segments; p.31 APM organic growth table (FX/structure); presentation p.14,"Price +5.5%, volumes flat ex Easter timing; underlying EBIT +12% from better contribution ratio and reorganisation savings; input costs stabilising; weak currencies; higher advertising",Orkla Foods Europe = former Orkla Foods excl. Orkla India; Contribution ratio 38.0%; reported EBIT 556; underlying EBIT (adj.) growth 12.0%; price_mix_pct = Orkla 'relating to price' (pure price); volume_pct = 'relating to volume/mix',confirmed,"Independently re-extracted from Q1 2024 report p9,p22,p31 (pages: segment KPI table or front-page key figures, segment note, APM organic-growth/margin tables); all numeric fields match: rev 5100, EBIT (adj.) 564, margin 11.1%, OG 3.2, price 5.5, vol/mix -2.3, FX 1.9, structure -1.1, total 4.0; margin check: EBIT/rev 11.06% vs printed 11.1% OK; OG+FX+struct 4.0 vs printed total 4.0; revenue growth vs comparative column 4.02% consistent; reported EBIT 556 confirmed"
2023Q1,Q1 2024,https://www.orkla.com/files/Main/19690/3972570/q1-2024-external-report_orkla.pdf,comparative,Orkla Foods Europe,4903,510,EBIT (adj.),10.4,False,10.3,Organic growth operating revenues,table,15.2,-4.9,6.5,-1.1,False,report p.9 business-area table; p.22 Note 2 segments; p.31 APM organic growth table (FX/structure); presentation p.14,,Orkla Foods Europe = former Orkla Foods excl. Orkla India; Contribution ratio 37.9%; reported EBIT 496; underlying EBIT (adj.) growth 4.5%,confirmed,"Independently re-extracted from Q1 2024 report p9,p22,p31 (pages: segment KPI table or front-page key figures, segment note, APM organic-growth/margin tables); all numeric fields match: rev 4903, EBIT (adj.) 510, margin 10.4%, OG 10.3, price 15.2, vol/mix -4.9, FX 6.5, structure -1.1, total 15.7; margin check: EBIT/rev 10.40% vs printed 10.4% OK; OG+FX+struct 15.7 vs printed total 15.7; identical to originally published Q1 2023 report; price/vol split first published here (not in original report); reported EBIT 496 confirmed"
2024Q1,Q1 2024,https://www.orkla.com/files/Main/19690/3972570/q1-2024-external-report_orkla.pdf,current,Orkla India,763,92,EBIT (adj.),12.1,False,11.6,Organic growth operating revenues,table,5.8,5.8,1.9,0.0,False,report p.13 business-area table; p.22 Note 2 segments; p.31 APM organic growth table (FX/structure); presentation p.18,"Organic +11.6% (price 5.8, vol/mix 5.8) led by international (Ramadan timing); domestic slow (rural); margin up on carry-over pricing and falling raw material prices",Contribution ratio 34.7%; reported EBIT 85; underlying EBIT (adj.) growth 22.5%; price_mix_pct = Orkla 'relating to price' (pure price); volume_pct = 'relating to volume/mix',confirmed,"Independently re-extracted from Q1 2024 report p13,p22,p31 (pages: segment KPI table or front-page key figures, segment note, APM organic-growth/margin tables); all numeric fields match: rev 763, EBIT (adj.) 92, margin 12.1%, OG 11.6, price 5.8, vol/mix 5.8, FX 1.9, structure 0.0, total 13.5; margin check: EBIT/rev 12.06% vs printed 12.1% OK; OG+FX+struct 13.5 vs printed total 13.5; revenue growth vs comparative column 13.54% consistent; reported EBIT 85 confirmed"
2023Q1,Q1 2024,https://www.orkla.com/files/Main/19690/3972570/q1-2024-external-report_orkla.pdf,comparative,Orkla India,672,74,EBIT (adj.),11.0,False,17.6,Organic growth operating revenues,table,17.2,0.4,6.9,-2.3,False,report p.13 business-area table; p.22 Note 2 segments; p.31 APM organic growth table (FX/structure); presentation p.18,,Contribution ratio 33.6%; reported EBIT 72; underlying EBIT (adj.) growth 14.4%,confirmed,"Independently re-extracted from Q1 2024 report p13,p22,p31 (pages: segment KPI table or front-page key figures, segment note, APM organic-growth/margin tables); all numeric fields match: rev 672, EBIT (adj.) 74, margin 11.0%, OG 17.6, price 17.2, vol/mix 0.4, FX 6.9, structure -2.3, total 22.2; margin check: EBIT/rev 11.01% vs printed 11.0% OK; OG+FX+struct 22.2 vs printed total 22.2; identical to originally published Q1 2023 report; price/vol split first published here (not in original report); reported EBIT 72 confirmed"
2024Q1,Q1 2024,https://www.orkla.com/files/Main/19690/3972570/q1-2024-external-report_orkla.pdf,current,Consolidated Portfolio Companies,16785,1700,EBIT (adj.),10.13,True,3.6,Organic growth,table,,,3.0,-0.1,False,report p.22 Note 2 segments; p.31 APM organic growth table,,"Context row: 'Consolidated Portfolio Companies' (Note 2/3 total excl. HQ & Business Services) = successor of Branded Consumer Goods from Q2 2023 report (FY2022 55,402 identical); margin computed",confirmed,"Independently re-extracted from Q1 2024 report p22,p31,p33 (pages: segment KPI table or front-page key figures, segment note, APM organic-growth/margin tables); all numeric fields match: rev 16785, EBIT (adj.) 1700, margin 10.1%, OG 3.6, FX 3.0, structure -0.1, total 6.5; margin computed 10.13%; printed APM margin 10.1% consistent; OG+FX+struct 6.5 vs printed total 6.5; revenue growth vs comparative column 6.54% consistent"
2023Q1,Q1 2024,https://www.orkla.com/files/Main/19690/3972570/q1-2024-external-report_orkla.pdf,comparative,Consolidated Portfolio Companies,15754,1473,EBIT (adj.),9.35,True,13.4,Organic growth,table,,,7.5,2.4,False,report p.22 Note 2 segments; p.31 APM organic growth table,,"Context row: 'Consolidated Portfolio Companies' (Note 2/3 total excl. HQ & Business Services) = successor of Branded Consumer Goods from Q2 2023 report (FY2022 55,402 identical); margin computed",confirmed,"Independently re-extracted from Q1 2024 report p22,p31,p33 (pages: segment KPI table or front-page key figures, segment note, APM organic-growth/margin tables); all numeric fields match: rev 15754, EBIT (adj.) 1473, margin 9.4%, OG 13.4, FX 7.5, structure 2.4, total 23.2; margin computed 9.35%; printed APM margin 9.4% consistent; OG+FX+struct 23.3 vs printed total 23.2; differs from originally published Q1 2023 report (label then: Branded Consumer Goods): rev 15754 vs 15755; EBIT 1473 vs 1470 -> label/definition change BCG -> CPC (HQ cost reallocation under the 2023 operating model)"
2024Q2,Q2 2024,https://www.orkla.com/files/Main/19690/4014775/q2-2024-external-report_final.pdf,current,Orkla Foods Europe,4963,612,EBIT (adj.),12.3,False,0.7,Organic growth operating revenues,table,2.3,-1.6,-1.5,-1.6,False,report p.9 business-area table; p.24 Note 2 segments; p.34 APM organic growth table (FX/structure); presentation p.15,"Organic +0.7%; volumes down (reduced purchasing power, customer actions, complexity reduction); underlying EBIT +19% from category profitability, cost programmes, lower net input costs",Orkla Foods Europe = former Orkla Foods excl. Orkla India; Contribution ratio 39.8%; reported EBIT 634; underlying EBIT (adj.) growth 19.0%; structure (-1.6%) = per the Q2 2024 report APM text (p.33) the loss of the Tropicana and Alpro distribution agreements; Blomberg's Glogg and a Czech company (Fruta Podivin) were sold in May 2024 (p.25-26) but are named as structure only from the Q3 2024 report (p.33); price_mix_pct = Orkla 'relating to price' (pure price); volume_pct = 'relating to volume/mix',corrected,"Independently re-extracted from Q2 2024 report p9,p24,p34 (pages: segment KPI table or front-page key figures, segment note, APM organic-growth/margin tables); all numeric fields match: rev 4963, EBIT (adj.) 612, margin 12.3%, OG 0.7, price 2.3, vol/mix -1.6, FX -1.5, structure -1.6, total -2.4; margin check: EBIT/rev 12.33% vs printed 12.3% OK; OG+FX+struct -2.4 vs printed total -2.4; revenue growth vs comparative column -2.44% consistent; reported EBIT 634 confirmed; notes text corrected: 'structure = Blomberg's Glogg and Fruta Podivin divestments' -> see notes (numeric values unchanged)"
2023Q2,Q2 2024,https://www.orkla.com/files/Main/19690/4014775/q2-2024-external-report_final.pdf,comparative,Orkla Foods Europe,5087,534,EBIT (adj.),10.5,False,7.0,Organic growth operating revenues,table,16.3,-9.3,10.4,0.5,False,report p.9 business-area table; p.24 Note 2 segments; p.34 APM organic growth table (FX/structure); presentation p.15,,Orkla Foods Europe = former Orkla Foods excl. Orkla India; Contribution ratio 37.3%; reported EBIT 471; underlying EBIT (adj.) growth 20.7%,confirmed,"Independently re-extracted from Q2 2024 report p9,p24,p34 (pages: segment KPI table or front-page key figures, segment note, APM organic-growth/margin tables); all numeric fields match: rev 5087, EBIT (adj.) 534, margin 10.5%, OG 7.0, price 16.3, vol/mix -9.3, FX 10.4, structure 0.5, total 17.8; margin check: EBIT/rev 10.50% vs printed 10.5% OK; OG+FX+struct 17.9 vs printed total 17.8; identical to originally published Q2 2023 report; reported EBIT 471 confirmed"
2024Q2,Q2 2024,https://www.orkla.com/files/Main/19690/4014775/q2-2024-external-report_final.pdf,current,Orkla India,776,132,EBIT (adj.),17.0,False,9.4,Organic growth operating revenues,table,-0.2,9.6,-1.3,0.0,False,report p.13 business-area table; p.24 Note 2 segments; p.34 APM organic growth table (FX/structure); presentation p.19,"Organic +9.4%, vol/mix +9.6% incl. NOK 20m grant (6.7% ex grant), international-led; price -0.2%; margin +4pp from lower raw material prices",Contribution ratio 39.8%; reported EBIT 132; underlying EBIT (adj.) growth 43.4%; volume/mix includes government grant; price_mix_pct = Orkla 'relating to price' (pure price); volume_pct = 'relating to volume/mix',confirmed,"Independently re-extracted from Q2 2024 report p13,p24,p34 (pages: segment KPI table or front-page key figures, segment note, APM organic-growth/margin tables); all numeric fields match: rev 776, EBIT (adj.) 132, margin 17.0%, OG 9.4, price -0.2, vol/mix 9.6, FX -1.3, structure 0.0, total 8.1; margin check: EBIT/rev 17.01% vs printed 17.0% OK; OG+FX+struct 8.1 vs printed total 8.1; revenue growth vs comparative column 8.08% consistent; reported EBIT 132 confirmed"
2023Q2,Q2 2024,https://www.orkla.com/files/Main/19690/4014775/q2-2024-external-report_final.pdf,comparative,Orkla India,718,93,EBIT (adj.),13.0,False,7.1,Organic growth operating revenues,table,12.9,-5.8,7.0,-1.7,False,report p.13 business-area table; p.24 Note 2 segments; p.34 APM organic growth table (FX/structure); presentation p.19,,Contribution ratio 35.5%; reported EBIT 92; underlying EBIT (adj.) growth 16.8%,confirmed,"Independently re-extracted from Q2 2024 report p13,p24,p34 (pages: segment KPI table or front-page key figures, segment note, APM organic-growth/margin tables); all numeric fields match: rev 718, EBIT (adj.) 93, margin 13.0%, OG 7.1, price 12.9, vol/mix -5.8, FX 7.0, structure -1.7, total 12.4; margin check: EBIT/rev 12.95% vs printed 13.0% OK; OG+FX+struct 12.4 vs printed total 12.4; identical to originally published Q2 2023 report; reported EBIT 92 confirmed"
2024Q2,Q2 2024,https://www.orkla.com/files/Main/19690/4014775/q2-2024-external-report_final.pdf,current,Consolidated Portfolio Companies,16838,1864,EBIT (adj.),11.07,True,3.3,Organic growth,table,,,-0.7,-0.6,False,report p.24 Note 2 segments; p.34 APM organic growth table,,"Context row: 'Consolidated Portfolio Companies' (Note 2/3 total excl. HQ & Business Services) = successor of Branded Consumer Goods from Q2 2023 report (FY2022 55,402 identical); margin computed",confirmed,"Independently re-extracted from Q2 2024 report p24,p34,p36 (pages: segment KPI table or front-page key figures, segment note, APM organic-growth/margin tables); all numeric fields match: rev 16838, EBIT (adj.) 1864, margin 11.1%, OG 3.3, FX -0.7, structure -0.6, total 1.9; margin computed 11.07%; printed APM margin 11.1% consistent; OG+FX+struct 2.0 vs printed total 1.9; revenue growth vs comparative column 1.91% consistent"
2023Q2,Q2 2024,https://www.orkla.com/files/Main/19690/4014775/q2-2024-external-report_final.pdf,comparative,Consolidated Portfolio Companies,16523,1591,EBIT (adj.),9.63,True,8.5,Organic growth,table,,,11.4,2.3,False,report p.24 Note 2 segments; p.34 APM organic growth table,,"Context row: 'Consolidated Portfolio Companies' (Note 2/3 total excl. HQ & Business Services) = successor of Branded Consumer Goods from Q2 2023 report (FY2022 55,402 identical); margin computed",confirmed,"Independently re-extracted from Q2 2024 report p24,p34,p36 (pages: segment KPI table or front-page key figures, segment note, APM organic-growth/margin tables); all numeric fields match: rev 16523, EBIT (adj.) 1591, margin 9.6%, OG 8.5, FX 11.4, structure 2.3, total 22.2; margin computed 9.63%; printed APM margin 9.6% consistent; OG+FX+struct 22.2 vs printed total 22.2; identical to originally published Q2 2023 report"
2024Q3,Q3 2024,https://www.orkla.com/files/Main/19690/4057832/orkla-asa--q3-2024-external-report_final.pdf,current,Orkla Foods Europe,5026,675,EBIT (adj.),13.4,False,2.7,Organic growth operating revenues,table,1.4,1.3,2.5,-1.1,False,report p.10 business-area table; p.24 Note 2 segments; p.34 APM organic growth table (FX/structure); presentation p.14,"Price and volume growth (NO, DK, CZ campaigns); underlying EBIT +16.8% from better contribution ratio, cost savings and base effect of Q3-23 ketchup recall; input costs stabilising",Orkla Foods Europe = former Orkla Foods excl. Orkla India; Contribution ratio 40.2%; reported EBIT 667; underlying EBIT (adj.) growth 16.8%; price_mix_pct = Orkla 'relating to price' (pure price); volume_pct = 'relating to volume/mix',confirmed,"Independently re-extracted from Q3 2024 report p10,p24,p34 (pages: segment KPI table or front-page key figures, segment note, APM organic-growth/margin tables); all numeric fields match: rev 5026, EBIT (adj.) 675, margin 13.4%, OG 2.7, price 1.4, vol/mix 1.3, FX 2.5, structure -1.1, total 4.1; margin check: EBIT/rev 13.43% vs printed 13.4% OK; OG+FX+struct 4.1 vs printed total 4.1; revenue growth vs comparative column 4.17% consistent; reported EBIT 667 confirmed"
2023Q3,Q3 2024,https://www.orkla.com/files/Main/19690/4057832/orkla-asa--q3-2024-external-report_final.pdf,comparative,Orkla Foods Europe,4825,580,EBIT (adj.),12.0,False,4.4,Organic growth operating revenues,table,9.9,-5.4,7.0,-0.3,False,report p.10 business-area table; p.24 Note 2 segments; p.34 APM organic growth table (FX/structure); presentation p.14,,Orkla Foods Europe = former Orkla Foods excl. Orkla India; Contribution ratio 38.4%; reported EBIT 563; underlying EBIT (adj.) growth 5.3%,confirmed,"Independently re-extracted from Q3 2024 report p10,p24,p34 (pages: segment KPI table or front-page key figures, segment note, APM organic-growth/margin tables); all numeric fields match: rev 4825, EBIT (adj.) 580, margin 12.0%, OG 4.4, price 9.9, vol/mix -5.4, FX 7.0, structure -0.3, total 11.2; margin check: EBIT/rev 12.02% vs printed 12.0% OK; OG+FX+struct 11.1 vs printed total 11.2; identical to originally published Q3 2023 report; reported EBIT 563 confirmed"
2024Q3,Q3 2024,https://www.orkla.com/files/Main/19690/4057832/orkla-asa--q3-2024-external-report_final.pdf,current,Orkla India,797,137,EBIT (adj.),17.1,False,1.4,Organic growth operating revenues,table,-1.9,3.3,1.6,0.0,False,report p.14 business-area table; p.24 Note 2 segments; p.34 APM organic growth table (FX/structure); presentation p.18,Organic +1.4%: international growth offset by domestic price cuts passing on lower input costs and weak rural demand; margin up on lower key raw material costs,Contribution ratio 38.8%; reported EBIT 136; underlying EBIT (adj.) growth 8.4%; NOK 6.4m government grant (6.5m in Q3 2023); price_mix_pct = Orkla 'relating to price' (pure price); volume_pct = 'relating to volume/mix',confirmed,"Independently re-extracted from Q3 2024 report p14,p24,p34 (pages: segment KPI table or front-page key figures, segment note, APM organic-growth/margin tables); all numeric fields match: rev 797, EBIT (adj.) 137, margin 17.1%, OG 1.4, price -1.9, vol/mix 3.3, FX 1.6, structure 0.0, total 3.0; margin check: EBIT/rev 17.19% vs printed 17.1% (print-rounding quirk >0.05pp, printed value kept); OG+FX+struct 3.0 vs printed total 3.0; revenue growth vs comparative column 3.10% consistent; reported EBIT 136 confirmed"
2023Q3,Q3 2024,https://www.orkla.com/files/Main/19690/4057832/orkla-asa--q3-2024-external-report_final.pdf,comparative,Orkla India,773,126,EBIT (adj.),16.2,False,12.1,Organic growth operating revenues,table,8.6,3.5,1.5,-1.3,False,report p.14 business-area table; p.24 Note 2 segments; p.34 APM organic growth table (FX/structure); presentation p.18,,Contribution ratio 37.7%; reported EBIT 124; underlying EBIT (adj.) growth 33.2%,confirmed,"Independently re-extracted from Q3 2024 report p14,p24,p34 (pages: segment KPI table or front-page key figures, segment note, APM organic-growth/margin tables); all numeric fields match: rev 773, EBIT (adj.) 126, margin 16.2%, OG 12.1, price 8.6, vol/mix 3.5, FX 1.5, structure -1.3, total 12.2; margin check: EBIT/rev 16.30% vs printed 16.2% (print-rounding quirk >0.05pp, printed value kept); OG+FX+struct 12.3 vs printed total 12.2; identical to originally published Q3 2023 report; reported EBIT 124 confirmed"
2024Q3,Q3 2024,https://www.orkla.com/files/Main/19690/4057832/orkla-asa--q3-2024-external-report_final.pdf,current,Consolidated Portfolio Companies,17199,2086,EBIT (adj.),12.13,True,3.9,Organic growth,table,,,3.1,-0.9,False,report p.24 Note 2 segments; p.34 APM organic growth table,,"Context row: 'Consolidated Portfolio Companies' (Note 2/3 total excl. HQ & Business Services) = successor of Branded Consumer Goods from Q2 2023 report (FY2022 55,402 identical); margin computed",confirmed,"Independently re-extracted from Q3 2024 report p24,p34,p36 (pages: segment KPI table or front-page key figures, segment note, APM organic-growth/margin tables); all numeric fields match: rev 17199, EBIT (adj.) 2086, margin 12.1%, OG 3.9, FX 3.1, structure -0.9, total 6.0; margin computed 12.13%; printed APM margin 12.1% consistent; OG+FX+struct 6.1 vs printed total 6.0; revenue growth vs comparative column 6.04% consistent"
2023Q3,Q3 2024,https://www.orkla.com/files/Main/19690/4057832/orkla-asa--q3-2024-external-report_final.pdf,comparative,Consolidated Portfolio Companies,16220,1772,EBIT (adj.),10.92,True,6.0,Organic growth,table,,,8.3,2.5,False,report p.24 Note 2 segments; p.34 APM organic growth table,,"Context row: 'Consolidated Portfolio Companies' (Note 2/3 total excl. HQ & Business Services) = successor of Branded Consumer Goods from Q2 2023 report (FY2022 55,402 identical); margin computed",confirmed,"Independently re-extracted from Q3 2024 report p24,p34,p36 (pages: segment KPI table or front-page key figures, segment note, APM organic-growth/margin tables); all numeric fields match: rev 16220, EBIT (adj.) 1772, margin 10.9%, OG 6.0, FX 8.3, structure 2.5, total 16.8; margin computed 10.92%; printed APM margin 10.9% consistent; OG+FX+struct 16.8 vs printed total 16.8; identical to originally published Q3 2023 report"
2024Q4,Q4 2024,https://www.orkla.com/files/Main/19690/4104902/q4-2024-external-report_final.pdf,current,Orkla Foods,5505,681,EBIT (adj.),12.4,False,1.1,Organic growth operating revenues,table,0.9,0.2,0.1,-1.2,False,report p.10 business-area table; p.24 Note 2 segments; p.35 APM organic growth table (FX/structure); presentation p.17,"Organic +1.1%, mostly price, slight volume growth (NO, CZ campaigns); non-core categories divested; underlying EBIT +10.4% from better contribution ratio and mix; higher advertising","Orkla Foods (renamed from Orkla Foods Europe, effective Feb 2025; same scope) - label already used in this report; Contribution ratio 40.3%; reported EBIT 665; underlying EBIT (adj.) growth 10.4%; price_mix_pct = Orkla 'relating to price' (pure price); volume_pct = 'relating to volume/mix'",confirmed,"Independently re-extracted from Q4 2024 report p10,p24,p35 (pages: segment KPI table or front-page key figures, segment note, APM organic-growth/margin tables); all numeric fields match: rev 5505, EBIT (adj.) 681, margin 12.4%, OG 1.1, price 0.9, vol/mix 0.2, FX 0.1, structure -1.2, total 0.0; margin check: EBIT/rev 12.37% vs printed 12.4% OK; OG+FX+struct 0.0 vs printed total 0.0; revenue growth vs comparative column 0.02% consistent; reported EBIT 665 confirmed"
2023Q4,Q4 2024,https://www.orkla.com/files/Main/19690/4104902/q4-2024-external-report_final.pdf,comparative,Orkla Foods,5504,635,EBIT (adj.),11.5,False,5.1,Organic growth operating revenues,table,8.8,-3.8,7.5,-0.8,False,report p.10 business-area table; p.24 Note 2 segments; p.35 APM organic growth table (FX/structure); presentation p.17,,"Orkla Foods (renamed from Orkla Foods Europe, effective Feb 2025; same scope); identical to Orkla Foods Europe Q4 2023; Contribution ratio 38.8%; reported EBIT 420; underlying EBIT (adj.) growth 6.0%",confirmed,"Independently re-extracted from Q4 2024 report p10,p24,p35 (pages: segment KPI table or front-page key figures, segment note, APM organic-growth/margin tables); all numeric fields match: rev 5504, EBIT (adj.) 635, margin 11.5%, OG 5.1, price 8.8, vol/mix -3.8, FX 7.5, structure -0.8, total 11.8; margin check: EBIT/rev 11.54% vs printed 11.5% OK; OG+FX+struct 11.8 vs printed total 11.8; identical to originally published Q4 2023 report (label then: Orkla Foods Europe); reported EBIT 420 confirmed"
2024Q4,Q4 2024,https://www.orkla.com/files/Main/19690/4104902/q4-2024-external-report_final.pdf,current,Orkla India,770,102,EBIT (adj.),13.3,False,-3.6,Organic growth operating revenues,table,-4.6,1.0,1.9,0.0,False,report p.14 business-area table; p.24 Note 2 segments; p.35 APM organic growth table (FX/structure); presentation p.21,Organic -3.6% on grant timing (NOK 23.5m in Q4-23; -0.6% ex grant); price -4.6% passing on lower input costs; EBIT up on lower raw material and fixed costs,Contribution ratio 37.3%; reported EBIT 102; underlying EBIT (adj.) growth 7.3%; price_mix_pct = Orkla 'relating to price' (pure price); volume_pct = 'relating to volume/mix',confirmed,"Independently re-extracted from Q4 2024 report p14,p24,p35 (pages: segment KPI table or front-page key figures, segment note, APM organic-growth/margin tables); all numeric fields match: rev 770, EBIT (adj.) 102, margin 13.3%, OG -3.6, price -4.6, vol/mix 1.0, FX 1.9, structure 0.0, total -1.7; margin check: EBIT/rev 13.25% vs printed 13.3% (print-rounding quirk >0.05pp, printed value kept); OG+FX+struct -1.7 vs printed total -1.7; revenue growth vs comparative column -1.79% consistent; reported EBIT 102 confirmed"
2023Q4,Q4 2024,https://www.orkla.com/files/Main/19690/4104902/q4-2024-external-report_final.pdf,comparative,Orkla India,784,93,EBIT (adj.),11.9,False,12.4,Organic growth operating revenues,table,5.2,7.2,5.5,-0.3,False,report p.14 business-area table; p.24 Note 2 segments; p.35 APM organic growth table (FX/structure); presentation p.21,,Contribution ratio 37.3%; reported EBIT 88; underlying EBIT (adj.) growth 22.5%,confirmed,"Independently re-extracted from Q4 2024 report p14,p24,p35 (pages: segment KPI table or front-page key figures, segment note, APM organic-growth/margin tables); all numeric fields match: rev 784, EBIT (adj.) 93, margin 11.9%, OG 12.4, price 5.2, vol/mix 7.2, FX 5.5, structure -0.3, total 17.6; margin check: EBIT/rev 11.86% vs printed 11.9% OK; OG+FX+struct 17.6 vs printed total 17.6; identical to originally published Q4 2023 report; reported EBIT 88 confirmed"
2024Q4,Q4 2024,https://www.orkla.com/files/Main/19690/4104902/q4-2024-external-report_final.pdf,current,Consolidated Portfolio Companies,17946,1731,EBIT (adj.),9.65,True,3.3,Organic growth,table,,,0.9,-1.2,False,report p.24 Note 2 segments; p.35 APM organic growth table,,"Context row: 'Consolidated Portfolio Companies' (Note 2/3 total excl. HQ & Business Services) = successor of Branded Consumer Goods from Q2 2023 report (FY2022 55,402 identical); margin computed",confirmed,"Independently re-extracted from Q4 2024 report p24,p35,p37 (pages: segment KPI table or front-page key figures, segment note, APM organic-growth/margin tables); all numeric fields match: rev 17946, EBIT (adj.) 1731, margin 9.6%, OG 3.3, FX 0.9, structure -1.2, total 3.0; margin computed 9.65%; printed APM margin 9.6% consistent; OG+FX+struct 3.0 vs printed total 3.0; revenue growth vs comparative column 3.03% consistent"
2023Q4,Q4 2024,https://www.orkla.com/files/Main/19690/4104902/q4-2024-external-report_final.pdf,comparative,Consolidated Portfolio Companies,17419,1596,EBIT (adj.),9.16,True,5.3,Organic growth,table,,,8.6,0.7,False,report p.24 Note 2 segments; p.35 APM organic growth table,,"Context row: 'Consolidated Portfolio Companies' (Note 2/3 total excl. HQ & Business Services) = successor of Branded Consumer Goods from Q2 2023 report (FY2022 55,402 identical); margin computed",confirmed,"Independently re-extracted from Q4 2024 report p24,p35,p37 (pages: segment KPI table or front-page key figures, segment note, APM organic-growth/margin tables); all numeric fields match: rev 17419, EBIT (adj.) 1596, margin 9.2%, OG 5.3, FX 8.6, structure 0.7, total 14.6; margin computed 9.16%; printed APM margin 9.2% consistent; OG+FX+struct 14.6 vs printed total 14.6; identical to originally published Q4 2023 report"
2025Q1,Q1 2025,https://www.orkla.com/files/mfn/364b567b-2364-4e16-8cd6-5d57edb127f1/q1-2025-external-report-final.pdf,current,Orkla Foods,4995,589,EBIT (adj.),11.8,False,-2.9,Organic growth operating revenues,table,0.9,-3.8,1.5,-0.6,False,report p.9 business-area table; p.22 Note 3 segments; p.32 APM organic growth table (FX/structure); presentation p.14,"Organic -2.9%, volume-driven: customer destocking, weaker out-of-home, prior-year campaigns; underlying EBIT +4.6% from better contribution ratio and mix; input costs more stable","Orkla Foods (renamed from Orkla Foods Europe, effective Feb 2025; same scope); Contribution ratio 40.2%; reported EBIT 589; underlying EBIT (adj.) growth 4.6%; price_mix_pct = Orkla 'relating to price' (pure price); volume_pct = 'relating to volume/mix'",confirmed,"Independently re-extracted from Q1 2025 report p9,p22,p32 (pages: segment KPI table or front-page key figures, segment note, APM organic-growth/margin tables); all numeric fields match: rev 4995, EBIT (adj.) 589, margin 11.8%, OG -2.9, price 0.9, vol/mix -3.8, FX 1.5, structure -0.6, total -2.1; margin check: EBIT/rev 11.79% vs printed 11.8% OK; OG+FX+struct -2.0 vs printed total -2.1; revenue growth vs comparative column -2.06% consistent; reported EBIT 589 confirmed"
2024Q1,Q1 2025,https://www.orkla.com/files/mfn/364b567b-2364-4e16-8cd6-5d57edb127f1/q1-2025-external-report-final.pdf,comparative,Orkla Foods,5100,564,EBIT (adj.),11.1,False,3.2,Organic growth operating revenues,table,5.5,-2.3,1.9,-1.1,False,report p.9 business-area table; p.22 Note 3 segments; p.32 APM organic growth table (FX/structure); presentation p.14,,"Orkla Foods (renamed from Orkla Foods Europe, effective Feb 2025; same scope); Contribution ratio 38.0%; reported EBIT 556; underlying EBIT (adj.) growth 12.0%",confirmed,"Independently re-extracted from Q1 2025 report p9,p22,p32 (pages: segment KPI table or front-page key figures, segment note, APM organic-growth/margin tables); all numeric fields match: rev 5100, EBIT (adj.) 564, margin 11.1%, OG 3.2, price 5.5, vol/mix -2.3, FX 1.9, structure -1.1, total 4.0; margin check: EBIT/rev 11.06% vs printed 11.1% OK; OG+FX+struct 4.0 vs printed total 4.0; identical to originally published Q1 2024 report (label then: Orkla Foods Europe); reported EBIT 556 confirmed"
2025Q1,Q1 2025,https://www.orkla.com/files/mfn/364b567b-2364-4e16-8cd6-5d57edb127f1/q1-2025-external-report-final.pdf,current,Orkla India,780,131,EBIT (adj.),16.8,False,-0.1,Organic growth operating revenues,table,-3.8,3.7,2.3,0.0,False,report p.13 business-area table; p.22 Note 3 segments; p.32 APM organic growth table (FX/structure); presentation p.18,"Organic -0.1% incl. NOK 26m grant (-3.7% ex grant); price cuts after lower input prices; international phasing (Ramadan, Red Sea); margin up on lower raw material prices",Contribution ratio 39.6%; reported EBIT 141; underlying EBIT (adj.) growth 40.9%; price_mix_pct = Orkla 'relating to price' (pure price); volume_pct = 'relating to volume/mix',confirmed,"Independently re-extracted from Q1 2025 report p13,p22,p32 (pages: segment KPI table or front-page key figures, segment note, APM organic-growth/margin tables); all numeric fields match: rev 780, EBIT (adj.) 131, margin 16.8%, OG -0.1, price -3.8, vol/mix 3.7, FX 2.3, structure 0.0, total 2.2; margin check: EBIT/rev 16.79% vs printed 16.8% OK; OG+FX+struct 2.2 vs printed total 2.2; revenue growth vs comparative column 2.23% consistent; reported EBIT 141 confirmed"
2024Q1,Q1 2025,https://www.orkla.com/files/mfn/364b567b-2364-4e16-8cd6-5d57edb127f1/q1-2025-external-report-final.pdf,comparative,Orkla India,763,92,EBIT (adj.),12.1,False,11.6,Organic growth operating revenues,table,5.8,5.8,1.9,0.0,False,report p.13 business-area table; p.22 Note 3 segments; p.32 APM organic growth table (FX/structure); presentation p.18,,Contribution ratio 34.7%; reported EBIT 85; underlying EBIT (adj.) growth 22.5%,confirmed,"Independently re-extracted from Q1 2025 report p13,p22,p32 (pages: segment KPI table or front-page key figures, segment note, APM organic-growth/margin tables); all numeric fields match: rev 763, EBIT (adj.) 92, margin 12.1%, OG 11.6, price 5.8, vol/mix 5.8, FX 1.9, structure 0.0, total 13.5; margin check: EBIT/rev 12.06% vs printed 12.1% OK; OG+FX+struct 13.5 vs printed total 13.5; identical to originally published Q1 2024 report; reported EBIT 85 confirmed"
2025Q1,Q1 2025,https://www.orkla.com/files/mfn/364b567b-2364-4e16-8cd6-5d57edb127f1/q1-2025-external-report-final.pdf,current,Consolidated Portfolio Companies,17055,1831,EBIT (adj.),10.74,True,1.2,Organic growth,table,,,2.0,-1.6,False,report p.22 Note 3 segments; p.32 APM organic growth table,,"Context row: 'Consolidated Portfolio Companies' (Note 2/3 total excl. HQ & Business Services) = successor of Branded Consumer Goods from Q2 2023 report (FY2022 55,402 identical); margin computed",confirmed,"Independently re-extracted from Q1 2025 report p22,p32,p34 (pages: segment KPI table or front-page key figures, segment note, APM organic-growth/margin tables); all numeric fields match: rev 17055, EBIT (adj.) 1831, margin 10.7%, OG 1.2, FX 2.0, structure -1.6, total 1.6; margin computed 10.74%; printed APM margin 10.7% consistent; OG+FX+struct 1.6 vs printed total 1.6; revenue growth vs comparative column 1.61% consistent"
2024Q1,Q1 2025,https://www.orkla.com/files/mfn/364b567b-2364-4e16-8cd6-5d57edb127f1/q1-2025-external-report-final.pdf,comparative,Consolidated Portfolio Companies,16785,1700,EBIT (adj.),10.13,True,3.6,Organic growth,table,,,3.0,-0.1,False,report p.22 Note 3 segments; p.32 APM organic growth table,,"Context row: 'Consolidated Portfolio Companies' (Note 2/3 total excl. HQ & Business Services) = successor of Branded Consumer Goods from Q2 2023 report (FY2022 55,402 identical); margin computed",confirmed,"Independently re-extracted from Q1 2025 report p22,p32,p34 (pages: segment KPI table or front-page key figures, segment note, APM organic-growth/margin tables); all numeric fields match: rev 16785, EBIT (adj.) 1700, margin 10.1%, OG 3.6, FX 3.0, structure -0.1, total 6.5; margin computed 10.13%; printed APM margin 10.1% consistent; OG+FX+struct 6.5 vs printed total 6.5; identical to originally published Q1 2024 report"
2025Q2,Q2 2025,https://www.orkla.com/files/mfn/d77361d7-6b52-454b-b205-9a4fe82afe6a/q2-2025-external-report-final.pdf,current,Orkla Foods,5107,614,EBIT (adj.),12.0,False,1.0,Organic growth operating revenues,table,1.0,0.0,2.2,-0.3,False,report p.9 business-area table; p.22 Note 3 segments; p.32 APM organic growth table (FX/structure); presentation p.15,"Organic +1.0%, flat volume/mix (growth outside Norway); underlying EBIT -1.8% from lower activity in key Norwegian categories and higher advertising; input cost rises largely offset","Orkla Foods (renamed from Orkla Foods Europe, effective Feb 2025; same scope); Contribution ratio 39.7%; reported EBIT 622; underlying EBIT (adj.) growth -1.8%; price_mix_pct = Orkla 'relating to price' (pure price); volume_pct = 'relating to volume/mix'",confirmed,"Independently re-extracted from Q2 2025 report p9,p22,p32 (pages: segment KPI table or front-page key figures, segment note, APM organic-growth/margin tables); all numeric fields match: rev 5107, EBIT (adj.) 614, margin 12.0%, OG 1.0, price 1.0, vol/mix 0.0, FX 2.2, structure -0.3, total 2.9; margin check: EBIT/rev 12.02% vs printed 12.0% OK; OG+FX+struct 2.9 vs printed total 2.9; revenue growth vs comparative column 2.90% consistent; reported EBIT 622 confirmed"
2024Q2,Q2 2025,https://www.orkla.com/files/mfn/d77361d7-6b52-454b-b205-9a4fe82afe6a/q2-2025-external-report-final.pdf,comparative,Orkla Foods,4963,612,EBIT (adj.),12.3,False,0.7,Organic growth operating revenues,table,2.3,-1.6,-1.5,-1.6,False,report p.9 business-area table; p.22 Note 3 segments; p.32 APM organic growth table (FX/structure); presentation p.15,,"Orkla Foods (renamed from Orkla Foods Europe, effective Feb 2025; same scope); Contribution ratio 39.8%; reported EBIT 634; underlying EBIT (adj.) growth 19.0%",confirmed,"Independently re-extracted from Q2 2025 report p9,p22,p32 (pages: segment KPI table or front-page key figures, segment note, APM organic-growth/margin tables); all numeric fields match: rev 4963, EBIT (adj.) 612, margin 12.3%, OG 0.7, price 2.3, vol/mix -1.6, FX -1.5, structure -1.6, total -2.4; margin check: EBIT/rev 12.33% vs printed 12.3% OK; OG+FX+struct -2.4 vs printed total -2.4; identical to originally published Q2 2024 report (label then: Orkla Foods Europe); reported EBIT 634 confirmed"
2025Q2,Q2 2025,https://www.orkla.com/files/mfn/d77361d7-6b52-454b-b205-9a4fe82afe6a/q2-2025-external-report-final.pdf,current,Orkla India,723,131,EBIT (adj.),18.1,False,-1.4,Organic growth operating revenues,table,-3.2,1.9,-5.4,0.0,False,report p.13 business-area table; p.22 Note 3 segments; p.32 APM organic growth table (FX/structure); presentation p.20,"Organic -1.4%, price -3.2% after lower raw material prices; vol/mix +1.9%; North America tariff worries hit international; margin up on price management and cost discipline",Contribution ratio 40.4%; reported EBIT 126; underlying EBIT (adj.) growth 5.7%; NOK 6m grant (20m in Q2 2024) booked as mix; price_mix_pct = Orkla 'relating to price' (pure price); volume_pct = 'relating to volume/mix',confirmed,"Independently re-extracted from Q2 2025 report p13,p22,p32 (pages: segment KPI table or front-page key figures, segment note, APM organic-growth/margin tables); all numeric fields match: rev 723, EBIT (adj.) 131, margin 18.1%, OG -1.4, price -3.2, vol/mix 1.9, FX -5.4, structure 0.0, total -6.8; margin check: EBIT/rev 18.12% vs printed 18.1% OK; OG+FX+struct -6.8 vs printed total -6.8; revenue growth vs comparative column -6.83% consistent; reported EBIT 126 confirmed"
2024Q2,Q2 2025,https://www.orkla.com/files/mfn/d77361d7-6b52-454b-b205-9a4fe82afe6a/q2-2025-external-report-final.pdf,comparative,Orkla India,776,132,EBIT (adj.),17.0,False,9.4,Organic growth operating revenues,table,-0.2,9.6,-1.3,0.0,False,report p.13 business-area table; p.22 Note 3 segments; p.32 APM organic growth table (FX/structure); presentation p.20,,Contribution ratio 39.8%; reported EBIT 132; underlying EBIT (adj.) growth 43.4%,confirmed,"Independently re-extracted from Q2 2025 report p13,p22,p32 (pages: segment KPI table or front-page key figures, segment note, APM organic-growth/margin tables); all numeric fields match: rev 776, EBIT (adj.) 132, margin 17.0%, OG 9.4, price -0.2, vol/mix 9.6, FX -1.3, structure 0.0, total 8.1; margin check: EBIT/rev 17.01% vs printed 17.0% OK; OG+FX+struct 8.1 vs printed total 8.1; identical to originally published Q2 2024 report; reported EBIT 132 confirmed"
2025Q2,Q2 2025,https://www.orkla.com/files/mfn/d77361d7-6b52-454b-b205-9a4fe82afe6a/q2-2025-external-report-final.pdf,current,Consolidated Portfolio Companies,17588,1923,EBIT (adj.),10.93,True,3.8,Organic growth,table,,,1.6,-0.9,False,report p.22 Note 3 segments; p.32 APM organic growth table,,"Context row: 'Consolidated Portfolio Companies' (Note 2/3 total excl. HQ & Business Services) = successor of Branded Consumer Goods from Q2 2023 report (FY2022 55,402 identical); margin computed",confirmed,"Independently re-extracted from Q2 2025 report p22,p32,p34 (pages: segment KPI table or front-page key figures, segment note, APM organic-growth/margin tables); all numeric fields match: rev 17588, EBIT (adj.) 1923, margin 10.9%, OG 3.8, FX 1.6, structure -0.9, total 4.5; margin computed 10.93%; printed APM margin 10.9% consistent; OG+FX+struct 4.5 vs printed total 4.5; revenue growth vs comparative column 4.45% consistent"
2024Q2,Q2 2025,https://www.orkla.com/files/mfn/d77361d7-6b52-454b-b205-9a4fe82afe6a/q2-2025-external-report-final.pdf,comparative,Consolidated Portfolio Companies,16838,1864,EBIT (adj.),11.07,True,3.3,Organic growth,table,,,-0.7,-0.6,False,report p.22 Note 3 segments; p.32 APM organic growth table,,"Context row: 'Consolidated Portfolio Companies' (Note 2/3 total excl. HQ & Business Services) = successor of Branded Consumer Goods from Q2 2023 report (FY2022 55,402 identical); margin computed",confirmed,"Independently re-extracted from Q2 2025 report p22,p32,p34 (pages: segment KPI table or front-page key figures, segment note, APM organic-growth/margin tables); all numeric fields match: rev 16838, EBIT (adj.) 1864, margin 11.1%, OG 3.3, FX -0.7, structure -0.6, total 1.9; margin computed 11.07%; printed APM margin 11.1% consistent; OG+FX+struct 2.0 vs printed total 1.9; identical to originally published Q2 2024 report"
2025Q3,Q3 2025,https://www.orkla.com/files/mfn/afebcea1-0228-4200-bceb-77e045af2ff0/q3-2025-external-report-final.pdf,current,Orkla Foods,5129,700,EBIT (adj.),13.6,False,0.8,Organic growth operating revenues,table,1.6,-0.8,1.3,0.0,False,report p.9 business-area table; p.22 Note 3 segments; p.33 APM organic growth table (FX/structure); presentation p.16,"Organic +0.8% (price +1.6%); volumes hit by Czech ERP go-live delivery issues, Norway still down; underlying EBIT +2.4% from sales, mix, cost control; meat/dairy/marine/berry costs up","Orkla Foods (renamed from Orkla Foods Europe, effective Feb 2025; same scope); Contribution ratio 40.2%; reported EBIT 691; underlying EBIT (adj.) growth 2.4%; price_mix_pct = Orkla 'relating to price' (pure price); volume_pct = 'relating to volume/mix'",confirmed,"Independently re-extracted from Q3 2025 report p9,p22,p33 (pages: segment KPI table or front-page key figures, segment note, APM organic-growth/margin tables); all numeric fields match: rev 5129, EBIT (adj.) 700, margin 13.6%, OG 0.8, price 1.6, vol/mix -0.8, FX 1.3, structure 0.0, total 2.1; margin check: EBIT/rev 13.65% vs printed 13.6% OK; OG+FX+struct 2.1 vs printed total 2.1; revenue growth vs comparative column 2.05% consistent; reported EBIT 691 confirmed"
2024Q3,Q3 2025,https://www.orkla.com/files/mfn/afebcea1-0228-4200-bceb-77e045af2ff0/q3-2025-external-report-final.pdf,comparative,Orkla Foods,5026,675,EBIT (adj.),13.4,False,2.7,Organic growth operating revenues,table,1.4,1.3,2.5,-1.1,False,report p.9 business-area table; p.22 Note 3 segments; p.33 APM organic growth table (FX/structure); presentation p.16,,"Orkla Foods (renamed from Orkla Foods Europe, effective Feb 2025; same scope); Contribution ratio 40.2%; reported EBIT 667; underlying EBIT (adj.) growth 16.8%",confirmed,"Independently re-extracted from Q3 2025 report p9,p22,p33 (pages: segment KPI table or front-page key figures, segment note, APM organic-growth/margin tables); all numeric fields match: rev 5026, EBIT (adj.) 675, margin 13.4%, OG 2.7, price 1.4, vol/mix 1.3, FX 2.5, structure -1.1, total 4.1; margin check: EBIT/rev 13.43% vs printed 13.4% OK; OG+FX+struct 4.1 vs printed total 4.1; identical to originally published Q3 2024 report (label then: Orkla Foods Europe); reported EBIT 667 confirmed"
2025Q3,Q3 2025,https://www.orkla.com/files/mfn/afebcea1-0228-4200-bceb-77e045af2ff0/q3-2025-external-report-final.pdf,current,Orkla India,754,122,EBIT (adj.),16.1,False,4.3,Organic growth operating revenues,table,,,-9.8,0.0,False,report p.13 business-area table; p.22 Note 3 segments; p.33 APM organic growth table (FX/structure); presentation p.21,"Organic +4.3% on tonnage +7.7% (festive season), lower spice prices; EBIT down on early-festive advertising, GST 2.0 transition costs, prior-year grant; IPO 6 Nov 2025","From Q3 2025 India KPIs aligned with listed-company reporting: no contribution ratio or price/volume split; volume now = tonnage growth (7.7%, not a contribution to organic growth); reported EBIT 122; underlying EBIT (adj.) growth -1.8%",confirmed,"Independently re-extracted from Q3 2025 report p13,p22,p33 (pages: segment KPI table or front-page key figures, segment note, APM organic-growth/margin tables); all numeric fields match: rev 754, EBIT (adj.) 122, margin 16.1%, OG 4.3, FX -9.8, structure 0.0, total -5.5; margin check: EBIT/rev 16.18% vs printed 16.1% (print-rounding quirk >0.05pp, printed value kept); OG+FX+struct -5.5 vs printed total -5.5; revenue growth vs comparative column -5.40% consistent; price/vol split discontinued after India IPO (tonnage growth in notes); reported EBIT 122 confirmed"
2024Q3,Q3 2025,https://www.orkla.com/files/mfn/afebcea1-0228-4200-bceb-77e045af2ff0/q3-2025-external-report-final.pdf,comparative,Orkla India,797,137,EBIT (adj.),17.1,False,1.4,Organic growth operating revenues,table,,,1.6,0.0,False,report p.13 business-area table; p.22 Note 3 segments; p.33 APM organic growth table (FX/structure); presentation p.21,,Reported EBIT 136; underlying EBIT (adj.) growth 8.4%; price/volume not shown in this report (Q3 2024 report: -1.9/3.3),confirmed,"Independently re-extracted from Q3 2025 report p13,p22,p33 (pages: segment KPI table or front-page key figures, segment note, APM organic-growth/margin tables); all numeric fields match: rev 797, EBIT (adj.) 137, margin 17.1%, OG 1.4, FX 1.6, structure 0.0, total 3.0; margin check: EBIT/rev 17.19% vs printed 17.1% (print-rounding quirk >0.05pp, printed value kept); OG+FX+struct 3.0 vs printed total 3.0; identical to originally published Q3 2024 report; original report had price -1.9/vol 3.3, not shown in this report; reported EBIT 136 confirmed"
2025Q3,Q3 2025,https://www.orkla.com/files/mfn/afebcea1-0228-4200-bceb-77e045af2ff0/q3-2025-external-report-final.pdf,current,Consolidated Portfolio Companies,17916,2098,EBIT (adj.),11.71,True,4.4,Organic growth,table,,,0.3,-0.4,False,report p.22 Note 3 segments; p.33 APM organic growth table,,"Context row: 'Consolidated Portfolio Companies' (Note 2/3 total excl. HQ & Business Services) = successor of Branded Consumer Goods from Q2 2023 report (FY2022 55,402 identical); margin computed",confirmed,"Independently re-extracted from Q3 2025 report p22,p33,p35 (pages: segment KPI table or front-page key figures, segment note, APM organic-growth/margin tables); all numeric fields match: rev 17916, EBIT (adj.) 2098, margin 11.7%, OG 4.4, FX 0.3, structure -0.4, total 4.2; margin computed 11.71%; printed APM margin 11.7% consistent; OG+FX+struct 4.3 vs printed total 4.2; revenue growth vs comparative column 4.17% consistent"
2024Q3,Q3 2025,https://www.orkla.com/files/mfn/afebcea1-0228-4200-bceb-77e045af2ff0/q3-2025-external-report-final.pdf,comparative,Consolidated Portfolio Companies,17199,2086,EBIT (adj.),12.13,True,3.9,Organic growth,table,,,3.1,-0.9,False,report p.22 Note 3 segments; p.33 APM organic growth table,,"Context row: 'Consolidated Portfolio Companies' (Note 2/3 total excl. HQ & Business Services) = successor of Branded Consumer Goods from Q2 2023 report (FY2022 55,402 identical); margin computed",confirmed,"Independently re-extracted from Q3 2025 report p22,p33,p35 (pages: segment KPI table or front-page key figures, segment note, APM organic-growth/margin tables); all numeric fields match: rev 17199, EBIT (adj.) 2086, margin 12.1%, OG 3.9, FX 3.1, structure -0.9, total 6.0; margin computed 12.13%; printed APM margin 12.1% consistent; OG+FX+struct 6.1 vs printed total 6.0; identical to originally published Q3 2024 report"
2025Q4,Q4 2025,https://www.orkla.com/files/mfn/ff70d0ac-55a8-424c-b15b-61c4759f69e3/q4-2025-external-report-final.pdf,current,Orkla Foods,5633,718,EBIT (adj.),12.8,False,0.4,Organic growth operating revenues,table,0.2,0.2,2.0,0.0,False,report p.10 business-area table; p.23 Note 3 segments; p.34 APM organic growth table (FX/structure); presentation p.14,"Organic +0.4%, growth in SE and CZ, weaker Norway (less campaigns); underlying EBIT +3.2% from lower SG&A incl. periodisation; rising meat/marine/berry costs only partly offset","Orkla Foods (renamed from Orkla Foods Europe, effective Feb 2025; same scope); Contribution ratio 39.7%; reported EBIT 569; underlying EBIT (adj.) growth 3.2%; price_mix_pct = Orkla 'relating to price' (pure price); volume_pct = 'relating to volume/mix'",confirmed,"Independently re-extracted from Q4 2025 report p10,p23,p34 (pages: segment KPI table or front-page key figures, segment note, APM organic-growth/margin tables); all numeric fields match: rev 5633, EBIT (adj.) 718, margin 12.8%, OG 0.4, price 0.2, vol/mix 0.2, FX 2.0, structure 0.0, total 2.3; margin check: EBIT/rev 12.75% vs printed 12.8% (print-rounding quirk >0.05pp, printed value kept); OG+FX+struct 2.4 vs printed total 2.3; revenue growth vs comparative column 2.33% consistent; reported EBIT 569 confirmed"
2024Q4,Q4 2025,https://www.orkla.com/files/mfn/ff70d0ac-55a8-424c-b15b-61c4759f69e3/q4-2025-external-report-final.pdf,comparative,Orkla Foods,5505,681,EBIT (adj.),12.4,False,1.1,Organic growth operating revenues,table,0.9,0.2,0.1,-1.2,False,report p.10 business-area table; p.23 Note 3 segments; p.34 APM organic growth table (FX/structure); presentation p.14,,"Orkla Foods (renamed from Orkla Foods Europe, effective Feb 2025; same scope); Contribution ratio 40.3%; reported EBIT 665; underlying EBIT (adj.) growth 10.4%",confirmed,"Independently re-extracted from Q4 2025 report p10,p23,p34 (pages: segment KPI table or front-page key figures, segment note, APM organic-growth/margin tables); all numeric fields match: rev 5505, EBIT (adj.) 681, margin 12.4%, OG 1.1, price 0.9, vol/mix 0.2, FX 0.1, structure -1.2, total 0.0; margin check: EBIT/rev 12.37% vs printed 12.4% OK; OG+FX+struct 0.0 vs printed total 0.0; identical to originally published Q4 2024 report; reported EBIT 665 confirmed"
2025Q4,Q4 2025,https://www.orkla.com/files/mfn/ff70d0ac-55a8-424c-b15b-61c4759f69e3/q4-2025-external-report-final.pdf,current,Orkla India,724,102,EBIT (adj.),14.1,False,8.1,Organic growth operating revenues,table,,,-14.1,0.0,False,report p.14 business-area table; p.23 Note 3 segments; p.34 APM organic growth table (FX/structure); presentation p.19,"Organic +8.1% on tonnage +10%, negative price from lower raw material costs; underlying EBIT +15% from volumes, efficiencies, lower advertising; strong NOK cut reported figures",Tonnage growth 10% (not a contribution); reported EBIT 69 (NOK 27m Labour Codes charge in other expenses); underlying EBIT (adj.) growth 14.7%; Orkla owns 75% after IPO,confirmed,"Independently re-extracted from Q4 2025 report p14,p23,p34 (pages: segment KPI table or front-page key figures, segment note, APM organic-growth/margin tables); all numeric fields match: rev 724, EBIT (adj.) 102, margin 14.1%, OG 8.1, FX -14.1, structure 0.0, total -6.0; margin check: EBIT/rev 14.09% vs printed 14.1% OK; OG+FX+struct -6.0 vs printed total -6.0; revenue growth vs comparative column -5.97% consistent; price/vol split discontinued after India IPO (tonnage growth in notes); reported EBIT 69 confirmed"
2024Q4,Q4 2025,https://www.orkla.com/files/mfn/ff70d0ac-55a8-424c-b15b-61c4759f69e3/q4-2025-external-report-final.pdf,comparative,Orkla India,770,102,EBIT (adj.),13.3,False,-3.6,Organic growth operating revenues,table,,,1.9,0.0,False,report p.14 business-area table; p.23 Note 3 segments; p.34 APM organic growth table (FX/structure); presentation p.19,,Reported EBIT 102; underlying EBIT (adj.) growth 7.3%,confirmed,"Independently re-extracted from Q4 2025 report p14,p23,p34 (pages: segment KPI table or front-page key figures, segment note, APM organic-growth/margin tables); all numeric fields match: rev 770, EBIT (adj.) 102, margin 13.3%, OG -3.6, FX 1.9, structure 0.0, total -1.7; margin check: EBIT/rev 13.25% vs printed 13.3% (print-rounding quirk >0.05pp, printed value kept); OG+FX+struct -1.7 vs printed total -1.7; identical to originally published Q4 2024 report; original report had price -4.6/vol 1.0, not shown in this report; reported EBIT 102 confirmed"
2025Q4,Q4 2025,https://www.orkla.com/files/mfn/ff70d0ac-55a8-424c-b15b-61c4759f69e3/q4-2025-external-report-final.pdf,current,Consolidated Portfolio Companies,18660,2004,EBIT (adj.),10.74,True,4.5,Organic growth,table,,,0.2,-0.8,False,report p.23 Note 3 segments; p.34 APM organic growth table,,"Context row: 'Consolidated Portfolio Companies' (Note 2/3 total excl. HQ & Business Services) = successor of Branded Consumer Goods from Q2 2023 report (FY2022 55,402 identical); margin computed",confirmed,"Independently re-extracted from Q4 2025 report p23,p34,p36 (pages: segment KPI table or front-page key figures, segment note, APM organic-growth/margin tables); all numeric fields match: rev 18660, EBIT (adj.) 2004, margin 10.7%, OG 4.5, FX 0.2, structure -0.8, total 4.0; margin computed 10.74%; printed APM margin 10.7% consistent; OG+FX+struct 3.9 vs printed total 4.0; revenue growth vs comparative column 3.98% consistent"
2024Q4,Q4 2025,https://www.orkla.com/files/mfn/ff70d0ac-55a8-424c-b15b-61c4759f69e3/q4-2025-external-report-final.pdf,comparative,Consolidated Portfolio Companies,17946,1731,EBIT (adj.),9.65,True,3.3,Organic growth,table,,,0.9,-1.2,False,report p.23 Note 3 segments; p.34 APM organic growth table,,"Context row: 'Consolidated Portfolio Companies' (Note 2/3 total excl. HQ & Business Services) = successor of Branded Consumer Goods from Q2 2023 report (FY2022 55,402 identical); margin computed",confirmed,"Independently re-extracted from Q4 2025 report p23,p34,p36 (pages: segment KPI table or front-page key figures, segment note, APM organic-growth/margin tables); all numeric fields match: rev 17946, EBIT (adj.) 1731, margin 9.6%, OG 3.3, FX 0.9, structure -1.2, total 3.0; margin computed 9.65%; printed APM margin 9.6% consistent; OG+FX+struct 3.0 vs printed total 3.0; identical to originally published Q4 2024 report"
2026Q1,Q1 2026,https://www.orkla.com/files/mfn/762c8bd4-542b-42de-87cf-9bbdf6ad5a84/q1-2026-external-report-final.pdf,current,Orkla Foods,5146,614,EBIT (adj.),11.9,False,3.5,Organic growth operating revenues,table,1.2,2.3,0.1,-0.6,False,report p.9 business-area table; p.22 Note 3 segments; p.30 APM organic growth table (FX/structure); presentation p.15,"Organic +3.5%, volume/mix +2.3% (SE, NO; Easter timing); underlying EBIT +5.1% from volumes, partly offset by weaker mix, temporary production costs, high mackerel/meat/dairy costs","Orkla Foods (renamed from Orkla Foods Europe, effective Feb 2025; same scope); Contribution ratio 40.2%; reported EBIT 588; underlying EBIT (adj.) growth 5.1%; structure = Quaker (PepsiCo) distribution ended, small DK distribution agreement moved to Orkla Food Ingredients; price_mix_pct = Orkla 'relating to price' (pure price); volume_pct = 'relating to volume/mix'",confirmed,"Independently re-extracted from Q1 2026 report p9,p22,p30 (pages: segment KPI table or front-page key figures, segment note, APM organic-growth/margin tables); all numeric fields match: rev 5146, EBIT (adj.) 614, margin 11.9%, OG 3.5, price 1.2, vol/mix 2.3, FX 0.1, structure -0.6, total 3.0; margin check: EBIT/rev 11.93% vs printed 11.9% OK; OG+FX+struct 3.0 vs printed total 3.0; revenue growth vs comparative column 3.02% consistent; reported EBIT 588 confirmed"
2025Q1,Q1 2026,https://www.orkla.com/files/mfn/762c8bd4-542b-42de-87cf-9bbdf6ad5a84/q1-2026-external-report-final.pdf,comparative,Orkla Foods,4995,589,EBIT (adj.),11.8,False,-2.9,Organic growth operating revenues,table,0.9,-3.8,1.5,-0.6,False,report p.9 business-area table; p.22 Note 3 segments; p.30 APM organic growth table (FX/structure); presentation p.15,,"Orkla Foods (renamed from Orkla Foods Europe, effective Feb 2025; same scope); Contribution ratio 40.2%; reported EBIT 589; underlying EBIT (adj.) growth 4.6%",confirmed,"Independently re-extracted from Q1 2026 report p9,p22,p30 (pages: segment KPI table or front-page key figures, segment note, APM organic-growth/margin tables); all numeric fields match: rev 4995, EBIT (adj.) 589, margin 11.8%, OG -2.9, price 0.9, vol/mix -3.8, FX 1.5, structure -0.6, total -2.1; margin check: EBIT/rev 11.79% vs printed 11.8% OK; OG+FX+struct -2.0 vs printed total -2.1; identical to originally published Q1 2025 report; reported EBIT 589 confirmed"
2026Q1,Q1 2026,https://www.orkla.com/files/mfn/762c8bd4-542b-42de-87cf-9bbdf6ad5a84/q1-2026-external-report-final.pdf,current,Orkla India,668,101,EBIT (adj.),15.1,False,2.8,Organic growth operating revenues,table,,,-17.2,0.0,False,report p.13 business-area table; p.22 Note 3 segments; p.30 APM organic growth table (FX/structure); presentation p.20,"Organic +2.8% (6.5% ex prior-year NOK 26m grant): price increases to offset raw material costs, tonnage +2.2%; higher freight from Middle East conflict; strong NOK",Tonnage growth 2.2%; reported EBIT 109; underlying EBIT (adj.) growth -7.8%,confirmed,"Independently re-extracted from Q1 2026 report p13,p22,p30 (pages: segment KPI table or front-page key figures, segment note, APM organic-growth/margin tables); all numeric fields match: rev 668, EBIT (adj.) 101, margin 15.1%, OG 2.8, FX -17.2, structure 0.0, total -14.4; margin check: EBIT/rev 15.12% vs printed 15.1% OK; OG+FX+struct -14.4 vs printed total -14.4; revenue growth vs comparative column -14.36% consistent; price/vol split discontinued after India IPO (tonnage growth in notes); reported EBIT 109 confirmed"
2025Q1,Q1 2026,https://www.orkla.com/files/mfn/762c8bd4-542b-42de-87cf-9bbdf6ad5a84/q1-2026-external-report-final.pdf,comparative,Orkla India,780,131,EBIT (adj.),16.8,False,-0.1,Organic growth operating revenues,table,,,2.3,0.0,False,report p.13 business-area table; p.22 Note 3 segments; p.30 APM organic growth table (FX/structure); presentation p.20,,Reported EBIT 141; underlying EBIT (adj.) growth 40.9%,confirmed,"Independently re-extracted from Q1 2026 report p13,p22,p30 (pages: segment KPI table or front-page key figures, segment note, APM organic-growth/margin tables); all numeric fields match: rev 780, EBIT (adj.) 131, margin 16.8%, OG -0.1, FX 2.3, structure 0.0, total 2.2; margin check: EBIT/rev 16.79% vs printed 16.8% OK; OG+FX+struct 2.2 vs printed total 2.2; identical to originally published Q1 2025 report; original report had price -3.8/vol 3.7, not shown in this report; reported EBIT 141 confirmed"
2026Q1,Q1 2026,https://www.orkla.com/files/mfn/762c8bd4-542b-42de-87cf-9bbdf6ad5a84/q1-2026-external-report-final.pdf,current,Consolidated Portfolio Companies,17376,1822,EBIT (adj.),10.49,True,4.9,Organic growth,table,,,-1.9,-1.1,False,report p.22 Note 3 segments; p.30 APM organic growth table,,"Context row: 'Consolidated Portfolio Companies' (Note 2/3 total excl. HQ & Business Services) = successor of Branded Consumer Goods from Q2 2023 report (FY2022 55,402 identical); margin computed",confirmed,"Independently re-extracted from Q1 2026 report p22,p30,p32 (pages: segment KPI table or front-page key figures, segment note, APM organic-growth/margin tables); all numeric fields match: rev 17376, EBIT (adj.) 1822, margin 10.5%, OG 4.9, FX -1.9, structure -1.1, total 1.9; margin computed 10.49%; printed APM margin 10.5% consistent; OG+FX+struct 1.9 vs printed total 1.9; revenue growth vs comparative column 1.88% consistent"
2025Q1,Q1 2026,https://www.orkla.com/files/mfn/762c8bd4-542b-42de-87cf-9bbdf6ad5a84/q1-2026-external-report-final.pdf,comparative,Consolidated Portfolio Companies,17055,1831,EBIT (adj.),10.74,True,1.2,Organic growth,table,,,2.0,-1.6,False,report p.22 Note 3 segments; p.30 APM organic growth table,,"Context row: 'Consolidated Portfolio Companies' (Note 2/3 total excl. HQ & Business Services) = successor of Branded Consumer Goods from Q2 2023 report (FY2022 55,402 identical); margin computed",confirmed,"Independently re-extracted from Q1 2026 report p22,p30,p32 (pages: segment KPI table or front-page key figures, segment note, APM organic-growth/margin tables); all numeric fields match: rev 17055, EBIT (adj.) 1831, margin 10.7%, OG 1.2, FX 2.0, structure -1.6, total 1.6; margin computed 10.74%; printed APM margin 10.7% consistent; OG+FX+struct 1.6 vs printed total 1.6; identical to originally published Q1 2025 report"
2026Q2,Q2 2026,https://www.orkla.com/files/mfn/7b07df2e-1d21-43eb-b6b3-ff8d9f45e18d/q2-2026-external-report-final.pdf,current,Orkla Foods,4799,606,EBIT (adj.),12.6,False,-1.3,Organic growth operating revenues,table,1.0,-2.3,-3.9,-0.8,False,report p.8 business-area table; p.22 Note 3 segments; p.33 APM organic growth table (FX/structure); presentation p.14,"Organic -1.3%: volume/mix -2.3% (DK, FI, NO; Easter phasing); underlying EBIT +4.0% from better mix, lower advertising and fixed costs; high mackerel/meat/dairy costs; strong NOK","Orkla Foods (renamed from Orkla Foods Europe, effective Feb 2025; same scope); Contribution ratio 40.3%; reported EBIT 571; underlying EBIT (adj.) growth 4.0%; structure incl. Poltsamaa factory/brands (EE) sale and Quaker distribution end; price_mix_pct = Orkla 'relating to price' (pure price); volume_pct = 'relating to volume/mix'",confirmed,"Independently re-extracted from Q2 2026 report p8,p22,p33 (pages: segment KPI table or front-page key figures, segment note, APM organic-growth/margin tables); all numeric fields match: rev 4799, EBIT (adj.) 606, margin 12.6%, OG -1.3, price 1.0, vol/mix -2.3, FX -3.9, structure -0.8, total -6.0; margin check: EBIT/rev 12.63% vs printed 12.6% OK; OG+FX+struct -6.0 vs printed total -6.0; revenue growth vs comparative column -6.03% consistent; reported EBIT 571 confirmed"
2025Q2,Q2 2026,https://www.orkla.com/files/mfn/7b07df2e-1d21-43eb-b6b3-ff8d9f45e18d/q2-2026-external-report-final.pdf,comparative,Orkla Foods,5107,614,EBIT (adj.),12.0,False,1.0,Organic growth operating revenues,table,1.0,0.0,2.2,-0.3,False,report p.8 business-area table; p.22 Note 3 segments; p.33 APM organic growth table (FX/structure); presentation p.14,,"Orkla Foods (renamed from Orkla Foods Europe, effective Feb 2025; same scope); Contribution ratio 39.7%; reported EBIT 622; underlying EBIT (adj.) growth -1.8%",confirmed,"Independently re-extracted from Q2 2026 report p8,p22,p33 (pages: segment KPI table or front-page key figures, segment note, APM organic-growth/margin tables); all numeric fields match: rev 5107, EBIT (adj.) 614, margin 12.0%, OG 1.0, price 1.0, vol/mix 0.0, FX 2.2, structure -0.3, total 2.9; margin check: EBIT/rev 12.02% vs printed 12.0% OK; OG+FX+struct 2.9 vs printed total 2.9; identical to originally published Q2 2025 report; reported EBIT 622 confirmed"
2026Q2,Q2 2026,https://www.orkla.com/files/mfn/7b07df2e-1d21-43eb-b6b3-ff8d9f45e18d/q2-2026-external-report-final.pdf,current,Orkla India,658,104,EBIT (adj.),15.8,False,9.7,Organic growth operating revenues,table,,,-18.7,0.0,False,report p.12 business-area table; p.22 Note 3 segments; p.33 APM organic growth table (FX/structure); presentation p.19,"Organic +9.7% (11% ex grant) from price increases on higher raw material costs, tonnage +1.7%; underlying EBIT -4.1% (grant base, digital capability costs); strong NOK",Tonnage growth 1.7%; reported EBIT 106; underlying EBIT (adj.) growth -4.1%,confirmed,"Independently re-extracted from Q2 2026 report p12,p22,p33 (pages: segment KPI table or front-page key figures, segment note, APM organic-growth/margin tables); all numeric fields match: rev 658, EBIT (adj.) 104, margin 15.8%, OG 9.7, FX -18.7, structure 0.0, total -9.0; margin check: EBIT/rev 15.81% vs printed 15.8% OK; OG+FX+struct -9.0 vs printed total -9.0; revenue growth vs comparative column -8.99% consistent; price/vol split discontinued after India IPO (tonnage growth in notes); reported EBIT 106 confirmed"
2025Q2,Q2 2026,https://www.orkla.com/files/mfn/7b07df2e-1d21-43eb-b6b3-ff8d9f45e18d/q2-2026-external-report-final.pdf,comparative,Orkla India,723,131,EBIT (adj.),18.1,False,-1.4,Organic growth operating revenues,table,,,-5.4,0.0,False,report p.12 business-area table; p.22 Note 3 segments; p.33 APM organic growth table (FX/structure); presentation p.19,,Reported EBIT 126; underlying EBIT (adj.) growth 5.7%,confirmed,"Independently re-extracted from Q2 2026 report p12,p22,p33 (pages: segment KPI table or front-page key figures, segment note, APM organic-growth/margin tables); all numeric fields match: rev 723, EBIT (adj.) 131, margin 18.1%, OG -1.4, FX -5.4, structure 0.0, total -6.8; margin check: EBIT/rev 18.12% vs printed 18.1% OK; OG+FX+struct -6.8 vs printed total -6.8; identical to originally published Q2 2025 report; original report had price -3.2/vol 1.9, not shown in this report; reported EBIT 126 confirmed"
2026Q2,Q2 2026,https://www.orkla.com/files/mfn/7b07df2e-1d21-43eb-b6b3-ff8d9f45e18d/q2-2026-external-report-final.pdf,current,Consolidated Portfolio Companies,16679,1832,EBIT (adj.),10.98,True,-0.3,Organic growth,table,,,-5.5,0.5,False,report p.22 Note 3 segments; p.33 APM organic growth table,,"Context row: 'Consolidated Portfolio Companies' (Note 2/3 total excl. HQ & Business Services) = successor of Branded Consumer Goods from Q2 2023 report (FY2022 55,402 identical); margin computed",confirmed,"Independently re-extracted from Q2 2026 report p22,p33,p35 (pages: segment KPI table or front-page key figures, segment note, APM organic-growth/margin tables); all numeric fields match: rev 16679, EBIT (adj.) 1832, margin 11.0%, OG -0.3, FX -5.5, structure 0.5, total -5.2; margin computed 10.98%; printed APM margin 11.0% consistent; OG+FX+struct -5.3 vs printed total -5.2; revenue growth vs comparative column -5.17% consistent"
2025Q2,Q2 2026,https://www.orkla.com/files/mfn/7b07df2e-1d21-43eb-b6b3-ff8d9f45e18d/q2-2026-external-report-final.pdf,comparative,Consolidated Portfolio Companies,17588,1923,EBIT (adj.),10.93,True,3.8,Organic growth,table,,,1.6,-0.9,False,report p.22 Note 3 segments; p.33 APM organic growth table,,"Context row: 'Consolidated Portfolio Companies' (Note 2/3 total excl. HQ & Business Services) = successor of Branded Consumer Goods from Q2 2023 report (FY2022 55,402 identical); margin computed",confirmed,"Independently re-extracted from Q2 2026 report p22,p33,p35 (pages: segment KPI table or front-page key figures, segment note, APM organic-growth/margin tables); all numeric fields match: rev 17588, EBIT (adj.) 1923, margin 10.9%, OG 3.8, FX 1.6, structure -0.9, total 4.5; margin computed 10.93%; printed APM margin 10.9% consistent; OG+FX+struct 4.5 vs printed total 4.5; identical to originally published Q2 2025 report"
