year,segment_label,country_or_region,share_of_revenue_pct,source,notes
2000,Orkla Foods (2000-2007 definition),Norway,36.8,Proxy from Orkla AR2006 segment note (2004) + AR2002 text ('approximately 86% of Orkla Foods' sales in 2002 derived from the Nordic market'),"APPROXIMATE: no segment-level geographic note before IFRS (2004). Proxy = exact 2004 Orkla Foods split (AR2006 note). Cross-check: AR2002 states ~86% of Orkla Foods sales 2002 from the Nordic market (2004 proxy: 85.6%). Portfolio then: Stabburet+Bakers (NO), Procordia+Abba Seafood (SE), Beauvais (DK), Felix Abba (FI+Baltics), Orkla Foods International (PL Kotlin/Superfish, CZ Guseppe, HU, AT Felix Austria, RO from 2002), Orkla Food Ingredients (NO/SE/DK/PL/PT)."
2000,Orkla Foods (2000-2007 definition),Sweden,32.5,Proxy from Orkla AR2006 segment note (2004) + AR2002 text ('approximately 86% of Orkla Foods' sales in 2002 derived from the Nordic market'),"APPROXIMATE: no segment-level geographic note before IFRS (2004). Proxy = exact 2004 Orkla Foods split (AR2006 note). Cross-check: AR2002 states ~86% of Orkla Foods sales 2002 from the Nordic market (2004 proxy: 85.6%). Portfolio then: Stabburet+Bakers (NO), Procordia+Abba Seafood (SE), Beauvais (DK), Felix Abba (FI+Baltics), Orkla Foods International (PL Kotlin/Superfish, CZ Guseppe, HU, AT Felix Austria, RO from 2002), Orkla Food Ingredients (NO/SE/DK/PL/PT)."
2000,Orkla Foods (2000-2007 definition),Denmark,11.1,Proxy from Orkla AR2006 segment note (2004) + AR2002 text ('approximately 86% of Orkla Foods' sales in 2002 derived from the Nordic market'),"APPROXIMATE: no segment-level geographic note before IFRS (2004). Proxy = exact 2004 Orkla Foods split (AR2006 note). Cross-check: AR2002 states ~86% of Orkla Foods sales 2002 from the Nordic market (2004 proxy: 85.6%). Portfolio then: Stabburet+Bakers (NO), Procordia+Abba Seafood (SE), Beauvais (DK), Felix Abba (FI+Baltics), Orkla Foods International (PL Kotlin/Superfish, CZ Guseppe, HU, AT Felix Austria, RO from 2002), Orkla Food Ingredients (NO/SE/DK/PL/PT)."
2000,Orkla Foods (2000-2007 definition),Finland and Iceland,5.2,Proxy from Orkla AR2006 segment note (2004) + AR2002 text ('approximately 86% of Orkla Foods' sales in 2002 derived from the Nordic market'),"APPROXIMATE: no segment-level geographic note before IFRS (2004). Proxy = exact 2004 Orkla Foods split (AR2006 note). Cross-check: AR2002 states ~86% of Orkla Foods sales 2002 from the Nordic market (2004 proxy: 85.6%). Portfolio then: Stabburet+Bakers (NO), Procordia+Abba Seafood (SE), Beauvais (DK), Felix Abba (FI+Baltics), Orkla Foods International (PL Kotlin/Superfish, CZ Guseppe, HU, AT Felix Austria, RO from 2002), Orkla Food Ingredients (NO/SE/DK/PL/PT)."
2000,Orkla Foods (2000-2007 definition),Rest of Western Europe,4.2,Proxy from Orkla AR2006 segment note (2004) + AR2002 text ('approximately 86% of Orkla Foods' sales in 2002 derived from the Nordic market'),"APPROXIMATE: no segment-level geographic note before IFRS (2004). Proxy = exact 2004 Orkla Foods split (AR2006 note). Cross-check: AR2002 states ~86% of Orkla Foods sales 2002 from the Nordic market (2004 proxy: 85.6%). Portfolio then: Stabburet+Bakers (NO), Procordia+Abba Seafood (SE), Beauvais (DK), Felix Abba (FI+Baltics), Orkla Foods International (PL Kotlin/Superfish, CZ Guseppe, HU, AT Felix Austria, RO from 2002), Orkla Food Ingredients (NO/SE/DK/PL/PT)."
2000,Orkla Foods (2000-2007 definition),Central and Eastern Europe,9.6,Proxy from Orkla AR2006 segment note (2004) + AR2002 text ('approximately 86% of Orkla Foods' sales in 2002 derived from the Nordic market'),"APPROXIMATE: no segment-level geographic note before IFRS (2004). Proxy = exact 2004 Orkla Foods split (AR2006 note). Cross-check: AR2002 states ~86% of Orkla Foods sales 2002 from the Nordic market (2004 proxy: 85.6%). Portfolio then: Stabburet+Bakers (NO), Procordia+Abba Seafood (SE), Beauvais (DK), Felix Abba (FI+Baltics), Orkla Foods International (PL Kotlin/Superfish, CZ Guseppe, HU, AT Felix Austria, RO from 2002), Orkla Food Ingredients (NO/SE/DK/PL/PT)."
2000,Orkla Foods (2000-2007 definition),Asia,0.1,Proxy from Orkla AR2006 segment note (2004) + AR2002 text ('approximately 86% of Orkla Foods' sales in 2002 derived from the Nordic market'),"APPROXIMATE: no segment-level geographic note before IFRS (2004). Proxy = exact 2004 Orkla Foods split (AR2006 note). Cross-check: AR2002 states ~86% of Orkla Foods sales 2002 from the Nordic market (2004 proxy: 85.6%). Portfolio then: Stabburet+Bakers (NO), Procordia+Abba Seafood (SE), Beauvais (DK), Felix Abba (FI+Baltics), Orkla Foods International (PL Kotlin/Superfish, CZ Guseppe, HU, AT Felix Austria, RO from 2002), Orkla Food Ingredients (NO/SE/DK/PL/PT)."
2000,Orkla Foods (2000-2007 definition),Rest of the world,0.4,Proxy from Orkla AR2006 segment note (2004) + AR2002 text ('approximately 86% of Orkla Foods' sales in 2002 derived from the Nordic market'),"APPROXIMATE: no segment-level geographic note before IFRS (2004). Proxy = exact 2004 Orkla Foods split (AR2006 note). Cross-check: AR2002 states ~86% of Orkla Foods sales 2002 from the Nordic market (2004 proxy: 85.6%). Portfolio then: Stabburet+Bakers (NO), Procordia+Abba Seafood (SE), Beauvais (DK), Felix Abba (FI+Baltics), Orkla Foods International (PL Kotlin/Superfish, CZ Guseppe, HU, AT Felix Austria, RO from 2002), Orkla Food Ingredients (NO/SE/DK/PL/PT)."
2001,Orkla Foods (2000-2007 definition),Norway,36.8,Proxy from Orkla AR2006 segment note (2004) + AR2002 text ('approximately 86% of Orkla Foods' sales in 2002 derived from the Nordic market'),"APPROXIMATE: no segment-level geographic note before IFRS (2004). Proxy = exact 2004 Orkla Foods split (AR2006 note). Cross-check: AR2002 states ~86% of Orkla Foods sales 2002 from the Nordic market (2004 proxy: 85.6%). Portfolio then: Stabburet+Bakers (NO), Procordia+Abba Seafood (SE), Beauvais (DK), Felix Abba (FI+Baltics), Orkla Foods International (PL Kotlin/Superfish, CZ Guseppe, HU, AT Felix Austria, RO from 2002), Orkla Food Ingredients (NO/SE/DK/PL/PT)."
2001,Orkla Foods (2000-2007 definition),Sweden,32.5,Proxy from Orkla AR2006 segment note (2004) + AR2002 text ('approximately 86% of Orkla Foods' sales in 2002 derived from the Nordic market'),"APPROXIMATE: no segment-level geographic note before IFRS (2004). Proxy = exact 2004 Orkla Foods split (AR2006 note). Cross-check: AR2002 states ~86% of Orkla Foods sales 2002 from the Nordic market (2004 proxy: 85.6%). Portfolio then: Stabburet+Bakers (NO), Procordia+Abba Seafood (SE), Beauvais (DK), Felix Abba (FI+Baltics), Orkla Foods International (PL Kotlin/Superfish, CZ Guseppe, HU, AT Felix Austria, RO from 2002), Orkla Food Ingredients (NO/SE/DK/PL/PT)."
2001,Orkla Foods (2000-2007 definition),Denmark,11.1,Proxy from Orkla AR2006 segment note (2004) + AR2002 text ('approximately 86% of Orkla Foods' sales in 2002 derived from the Nordic market'),"APPROXIMATE: no segment-level geographic note before IFRS (2004). Proxy = exact 2004 Orkla Foods split (AR2006 note). Cross-check: AR2002 states ~86% of Orkla Foods sales 2002 from the Nordic market (2004 proxy: 85.6%). Portfolio then: Stabburet+Bakers (NO), Procordia+Abba Seafood (SE), Beauvais (DK), Felix Abba (FI+Baltics), Orkla Foods International (PL Kotlin/Superfish, CZ Guseppe, HU, AT Felix Austria, RO from 2002), Orkla Food Ingredients (NO/SE/DK/PL/PT)."
2001,Orkla Foods (2000-2007 definition),Finland and Iceland,5.2,Proxy from Orkla AR2006 segment note (2004) + AR2002 text ('approximately 86% of Orkla Foods' sales in 2002 derived from the Nordic market'),"APPROXIMATE: no segment-level geographic note before IFRS (2004). Proxy = exact 2004 Orkla Foods split (AR2006 note). Cross-check: AR2002 states ~86% of Orkla Foods sales 2002 from the Nordic market (2004 proxy: 85.6%). Portfolio then: Stabburet+Bakers (NO), Procordia+Abba Seafood (SE), Beauvais (DK), Felix Abba (FI+Baltics), Orkla Foods International (PL Kotlin/Superfish, CZ Guseppe, HU, AT Felix Austria, RO from 2002), Orkla Food Ingredients (NO/SE/DK/PL/PT)."
2001,Orkla Foods (2000-2007 definition),Rest of Western Europe,4.2,Proxy from Orkla AR2006 segment note (2004) + AR2002 text ('approximately 86% of Orkla Foods' sales in 2002 derived from the Nordic market'),"APPROXIMATE: no segment-level geographic note before IFRS (2004). Proxy = exact 2004 Orkla Foods split (AR2006 note). Cross-check: AR2002 states ~86% of Orkla Foods sales 2002 from the Nordic market (2004 proxy: 85.6%). Portfolio then: Stabburet+Bakers (NO), Procordia+Abba Seafood (SE), Beauvais (DK), Felix Abba (FI+Baltics), Orkla Foods International (PL Kotlin/Superfish, CZ Guseppe, HU, AT Felix Austria, RO from 2002), Orkla Food Ingredients (NO/SE/DK/PL/PT)."
2001,Orkla Foods (2000-2007 definition),Central and Eastern Europe,9.6,Proxy from Orkla AR2006 segment note (2004) + AR2002 text ('approximately 86% of Orkla Foods' sales in 2002 derived from the Nordic market'),"APPROXIMATE: no segment-level geographic note before IFRS (2004). Proxy = exact 2004 Orkla Foods split (AR2006 note). Cross-check: AR2002 states ~86% of Orkla Foods sales 2002 from the Nordic market (2004 proxy: 85.6%). Portfolio then: Stabburet+Bakers (NO), Procordia+Abba Seafood (SE), Beauvais (DK), Felix Abba (FI+Baltics), Orkla Foods International (PL Kotlin/Superfish, CZ Guseppe, HU, AT Felix Austria, RO from 2002), Orkla Food Ingredients (NO/SE/DK/PL/PT)."
2001,Orkla Foods (2000-2007 definition),Asia,0.1,Proxy from Orkla AR2006 segment note (2004) + AR2002 text ('approximately 86% of Orkla Foods' sales in 2002 derived from the Nordic market'),"APPROXIMATE: no segment-level geographic note before IFRS (2004). Proxy = exact 2004 Orkla Foods split (AR2006 note). Cross-check: AR2002 states ~86% of Orkla Foods sales 2002 from the Nordic market (2004 proxy: 85.6%). Portfolio then: Stabburet+Bakers (NO), Procordia+Abba Seafood (SE), Beauvais (DK), Felix Abba (FI+Baltics), Orkla Foods International (PL Kotlin/Superfish, CZ Guseppe, HU, AT Felix Austria, RO from 2002), Orkla Food Ingredients (NO/SE/DK/PL/PT)."
2001,Orkla Foods (2000-2007 definition),Rest of the world,0.4,Proxy from Orkla AR2006 segment note (2004) + AR2002 text ('approximately 86% of Orkla Foods' sales in 2002 derived from the Nordic market'),"APPROXIMATE: no segment-level geographic note before IFRS (2004). Proxy = exact 2004 Orkla Foods split (AR2006 note). Cross-check: AR2002 states ~86% of Orkla Foods sales 2002 from the Nordic market (2004 proxy: 85.6%). Portfolio then: Stabburet+Bakers (NO), Procordia+Abba Seafood (SE), Beauvais (DK), Felix Abba (FI+Baltics), Orkla Foods International (PL Kotlin/Superfish, CZ Guseppe, HU, AT Felix Austria, RO from 2002), Orkla Food Ingredients (NO/SE/DK/PL/PT)."
2002,Orkla Foods (2000-2007 definition),Norway,36.8,Proxy from Orkla AR2006 segment note (2004) + AR2002 text ('approximately 86% of Orkla Foods' sales in 2002 derived from the Nordic market'),"APPROXIMATE: no segment-level geographic note before IFRS (2004). Proxy = exact 2004 Orkla Foods split (AR2006 note). Cross-check: AR2002 states ~86% of Orkla Foods sales 2002 from the Nordic market (2004 proxy: 85.6%). Portfolio then: Stabburet+Bakers (NO), Procordia+Abba Seafood (SE), Beauvais (DK), Felix Abba (FI+Baltics), Orkla Foods International (PL Kotlin/Superfish, CZ Guseppe, HU, AT Felix Austria, RO from 2002), Orkla Food Ingredients (NO/SE/DK/PL/PT)."
2002,Orkla Foods (2000-2007 definition),Sweden,32.5,Proxy from Orkla AR2006 segment note (2004) + AR2002 text ('approximately 86% of Orkla Foods' sales in 2002 derived from the Nordic market'),"APPROXIMATE: no segment-level geographic note before IFRS (2004). Proxy = exact 2004 Orkla Foods split (AR2006 note). Cross-check: AR2002 states ~86% of Orkla Foods sales 2002 from the Nordic market (2004 proxy: 85.6%). Portfolio then: Stabburet+Bakers (NO), Procordia+Abba Seafood (SE), Beauvais (DK), Felix Abba (FI+Baltics), Orkla Foods International (PL Kotlin/Superfish, CZ Guseppe, HU, AT Felix Austria, RO from 2002), Orkla Food Ingredients (NO/SE/DK/PL/PT)."
2002,Orkla Foods (2000-2007 definition),Denmark,11.1,Proxy from Orkla AR2006 segment note (2004) + AR2002 text ('approximately 86% of Orkla Foods' sales in 2002 derived from the Nordic market'),"APPROXIMATE: no segment-level geographic note before IFRS (2004). Proxy = exact 2004 Orkla Foods split (AR2006 note). Cross-check: AR2002 states ~86% of Orkla Foods sales 2002 from the Nordic market (2004 proxy: 85.6%). Portfolio then: Stabburet+Bakers (NO), Procordia+Abba Seafood (SE), Beauvais (DK), Felix Abba (FI+Baltics), Orkla Foods International (PL Kotlin/Superfish, CZ Guseppe, HU, AT Felix Austria, RO from 2002), Orkla Food Ingredients (NO/SE/DK/PL/PT)."
2002,Orkla Foods (2000-2007 definition),Finland and Iceland,5.2,Proxy from Orkla AR2006 segment note (2004) + AR2002 text ('approximately 86% of Orkla Foods' sales in 2002 derived from the Nordic market'),"APPROXIMATE: no segment-level geographic note before IFRS (2004). Proxy = exact 2004 Orkla Foods split (AR2006 note). Cross-check: AR2002 states ~86% of Orkla Foods sales 2002 from the Nordic market (2004 proxy: 85.6%). Portfolio then: Stabburet+Bakers (NO), Procordia+Abba Seafood (SE), Beauvais (DK), Felix Abba (FI+Baltics), Orkla Foods International (PL Kotlin/Superfish, CZ Guseppe, HU, AT Felix Austria, RO from 2002), Orkla Food Ingredients (NO/SE/DK/PL/PT)."
2002,Orkla Foods (2000-2007 definition),Rest of Western Europe,4.2,Proxy from Orkla AR2006 segment note (2004) + AR2002 text ('approximately 86% of Orkla Foods' sales in 2002 derived from the Nordic market'),"APPROXIMATE: no segment-level geographic note before IFRS (2004). Proxy = exact 2004 Orkla Foods split (AR2006 note). Cross-check: AR2002 states ~86% of Orkla Foods sales 2002 from the Nordic market (2004 proxy: 85.6%). Portfolio then: Stabburet+Bakers (NO), Procordia+Abba Seafood (SE), Beauvais (DK), Felix Abba (FI+Baltics), Orkla Foods International (PL Kotlin/Superfish, CZ Guseppe, HU, AT Felix Austria, RO from 2002), Orkla Food Ingredients (NO/SE/DK/PL/PT)."
2002,Orkla Foods (2000-2007 definition),Central and Eastern Europe,9.6,Proxy from Orkla AR2006 segment note (2004) + AR2002 text ('approximately 86% of Orkla Foods' sales in 2002 derived from the Nordic market'),"APPROXIMATE: no segment-level geographic note before IFRS (2004). Proxy = exact 2004 Orkla Foods split (AR2006 note). Cross-check: AR2002 states ~86% of Orkla Foods sales 2002 from the Nordic market (2004 proxy: 85.6%). Portfolio then: Stabburet+Bakers (NO), Procordia+Abba Seafood (SE), Beauvais (DK), Felix Abba (FI+Baltics), Orkla Foods International (PL Kotlin/Superfish, CZ Guseppe, HU, AT Felix Austria, RO from 2002), Orkla Food Ingredients (NO/SE/DK/PL/PT)."
2002,Orkla Foods (2000-2007 definition),Asia,0.1,Proxy from Orkla AR2006 segment note (2004) + AR2002 text ('approximately 86% of Orkla Foods' sales in 2002 derived from the Nordic market'),"APPROXIMATE: no segment-level geographic note before IFRS (2004). Proxy = exact 2004 Orkla Foods split (AR2006 note). Cross-check: AR2002 states ~86% of Orkla Foods sales 2002 from the Nordic market (2004 proxy: 85.6%). Portfolio then: Stabburet+Bakers (NO), Procordia+Abba Seafood (SE), Beauvais (DK), Felix Abba (FI+Baltics), Orkla Foods International (PL Kotlin/Superfish, CZ Guseppe, HU, AT Felix Austria, RO from 2002), Orkla Food Ingredients (NO/SE/DK/PL/PT)."
2002,Orkla Foods (2000-2007 definition),Rest of the world,0.4,Proxy from Orkla AR2006 segment note (2004) + AR2002 text ('approximately 86% of Orkla Foods' sales in 2002 derived from the Nordic market'),"APPROXIMATE: no segment-level geographic note before IFRS (2004). Proxy = exact 2004 Orkla Foods split (AR2006 note). Cross-check: AR2002 states ~86% of Orkla Foods sales 2002 from the Nordic market (2004 proxy: 85.6%). Portfolio then: Stabburet+Bakers (NO), Procordia+Abba Seafood (SE), Beauvais (DK), Felix Abba (FI+Baltics), Orkla Foods International (PL Kotlin/Superfish, CZ Guseppe, HU, AT Felix Austria, RO from 2002), Orkla Food Ingredients (NO/SE/DK/PL/PT)."
2002,Orkla Foods (2000-2007 definition),"Nordic region (stated, 2002)",86.0,"Orkla Annual Report 2002, Orkla Foods section",Stated share for 2002 only
2003,Orkla Foods (2000-2007 definition),Norway,36.8,Proxy from Orkla AR2006 segment note (2004) + AR2002 text ('approximately 86% of Orkla Foods' sales in 2002 derived from the Nordic market'),"APPROXIMATE: no segment-level geographic note before IFRS (2004). Proxy = exact 2004 Orkla Foods split (AR2006 note). Cross-check: AR2002 states ~86% of Orkla Foods sales 2002 from the Nordic market (2004 proxy: 85.6%). Portfolio then: Stabburet+Bakers (NO), Procordia+Abba Seafood (SE), Beauvais (DK), Felix Abba (FI+Baltics), Orkla Foods International (PL Kotlin/Superfish, CZ Guseppe, HU, AT Felix Austria, RO from 2002), Orkla Food Ingredients (NO/SE/DK/PL/PT)."
2003,Orkla Foods (2000-2007 definition),Sweden,32.5,Proxy from Orkla AR2006 segment note (2004) + AR2002 text ('approximately 86% of Orkla Foods' sales in 2002 derived from the Nordic market'),"APPROXIMATE: no segment-level geographic note before IFRS (2004). Proxy = exact 2004 Orkla Foods split (AR2006 note). Cross-check: AR2002 states ~86% of Orkla Foods sales 2002 from the Nordic market (2004 proxy: 85.6%). Portfolio then: Stabburet+Bakers (NO), Procordia+Abba Seafood (SE), Beauvais (DK), Felix Abba (FI+Baltics), Orkla Foods International (PL Kotlin/Superfish, CZ Guseppe, HU, AT Felix Austria, RO from 2002), Orkla Food Ingredients (NO/SE/DK/PL/PT)."
2003,Orkla Foods (2000-2007 definition),Denmark,11.1,Proxy from Orkla AR2006 segment note (2004) + AR2002 text ('approximately 86% of Orkla Foods' sales in 2002 derived from the Nordic market'),"APPROXIMATE: no segment-level geographic note before IFRS (2004). Proxy = exact 2004 Orkla Foods split (AR2006 note). Cross-check: AR2002 states ~86% of Orkla Foods sales 2002 from the Nordic market (2004 proxy: 85.6%). Portfolio then: Stabburet+Bakers (NO), Procordia+Abba Seafood (SE), Beauvais (DK), Felix Abba (FI+Baltics), Orkla Foods International (PL Kotlin/Superfish, CZ Guseppe, HU, AT Felix Austria, RO from 2002), Orkla Food Ingredients (NO/SE/DK/PL/PT)."
2003,Orkla Foods (2000-2007 definition),Finland and Iceland,5.2,Proxy from Orkla AR2006 segment note (2004) + AR2002 text ('approximately 86% of Orkla Foods' sales in 2002 derived from the Nordic market'),"APPROXIMATE: no segment-level geographic note before IFRS (2004). Proxy = exact 2004 Orkla Foods split (AR2006 note). Cross-check: AR2002 states ~86% of Orkla Foods sales 2002 from the Nordic market (2004 proxy: 85.6%). Portfolio then: Stabburet+Bakers (NO), Procordia+Abba Seafood (SE), Beauvais (DK), Felix Abba (FI+Baltics), Orkla Foods International (PL Kotlin/Superfish, CZ Guseppe, HU, AT Felix Austria, RO from 2002), Orkla Food Ingredients (NO/SE/DK/PL/PT)."
2003,Orkla Foods (2000-2007 definition),Rest of Western Europe,4.2,Proxy from Orkla AR2006 segment note (2004) + AR2002 text ('approximately 86% of Orkla Foods' sales in 2002 derived from the Nordic market'),"APPROXIMATE: no segment-level geographic note before IFRS (2004). Proxy = exact 2004 Orkla Foods split (AR2006 note). Cross-check: AR2002 states ~86% of Orkla Foods sales 2002 from the Nordic market (2004 proxy: 85.6%). Portfolio then: Stabburet+Bakers (NO), Procordia+Abba Seafood (SE), Beauvais (DK), Felix Abba (FI+Baltics), Orkla Foods International (PL Kotlin/Superfish, CZ Guseppe, HU, AT Felix Austria, RO from 2002), Orkla Food Ingredients (NO/SE/DK/PL/PT)."
2003,Orkla Foods (2000-2007 definition),Central and Eastern Europe,9.6,Proxy from Orkla AR2006 segment note (2004) + AR2002 text ('approximately 86% of Orkla Foods' sales in 2002 derived from the Nordic market'),"APPROXIMATE: no segment-level geographic note before IFRS (2004). Proxy = exact 2004 Orkla Foods split (AR2006 note). Cross-check: AR2002 states ~86% of Orkla Foods sales 2002 from the Nordic market (2004 proxy: 85.6%). Portfolio then: Stabburet+Bakers (NO), Procordia+Abba Seafood (SE), Beauvais (DK), Felix Abba (FI+Baltics), Orkla Foods International (PL Kotlin/Superfish, CZ Guseppe, HU, AT Felix Austria, RO from 2002), Orkla Food Ingredients (NO/SE/DK/PL/PT)."
2003,Orkla Foods (2000-2007 definition),Asia,0.1,Proxy from Orkla AR2006 segment note (2004) + AR2002 text ('approximately 86% of Orkla Foods' sales in 2002 derived from the Nordic market'),"APPROXIMATE: no segment-level geographic note before IFRS (2004). Proxy = exact 2004 Orkla Foods split (AR2006 note). Cross-check: AR2002 states ~86% of Orkla Foods sales 2002 from the Nordic market (2004 proxy: 85.6%). Portfolio then: Stabburet+Bakers (NO), Procordia+Abba Seafood (SE), Beauvais (DK), Felix Abba (FI+Baltics), Orkla Foods International (PL Kotlin/Superfish, CZ Guseppe, HU, AT Felix Austria, RO from 2002), Orkla Food Ingredients (NO/SE/DK/PL/PT)."
2003,Orkla Foods (2000-2007 definition),Rest of the world,0.4,Proxy from Orkla AR2006 segment note (2004) + AR2002 text ('approximately 86% of Orkla Foods' sales in 2002 derived from the Nordic market'),"APPROXIMATE: no segment-level geographic note before IFRS (2004). Proxy = exact 2004 Orkla Foods split (AR2006 note). Cross-check: AR2002 states ~86% of Orkla Foods sales 2002 from the Nordic market (2004 proxy: 85.6%). Portfolio then: Stabburet+Bakers (NO), Procordia+Abba Seafood (SE), Beauvais (DK), Felix Abba (FI+Baltics), Orkla Foods International (PL Kotlin/Superfish, CZ Guseppe, HU, AT Felix Austria, RO from 2002), Orkla Food Ingredients (NO/SE/DK/PL/PT)."
2004,Orkla Food Ingredients (sub-segment of Orkla Foods 2000-2007),Norway,11.77,"Orkla Annual Report 2006, segment note (sales revenues by geographical market): https://www.orkla.com/files/Main/19690/3174065/annual-report-2006.pdf","Exact: NOK 287m of NOK 2,438m external sales revenues (customer location); restated comparative in AR2006"
2004,Orkla Food Ingredients (sub-segment of Orkla Foods 2000-2007),Sweden,31.62,"Orkla Annual Report 2006, segment note (sales revenues by geographical market): https://www.orkla.com/files/Main/19690/3174065/annual-report-2006.pdf","Exact: NOK 771m of NOK 2,438m external sales revenues (customer location); restated comparative in AR2006"
2004,Orkla Food Ingredients (sub-segment of Orkla Foods 2000-2007),Denmark,34.62,"Orkla Annual Report 2006, segment note (sales revenues by geographical market): https://www.orkla.com/files/Main/19690/3174065/annual-report-2006.pdf","Exact: NOK 844m of NOK 2,438m external sales revenues (customer location); restated comparative in AR2006"
2004,Orkla Food Ingredients (sub-segment of Orkla Foods 2000-2007),Finland and Iceland,3.65,"Orkla Annual Report 2006, segment note (sales revenues by geographical market): https://www.orkla.com/files/Main/19690/3174065/annual-report-2006.pdf","Exact: NOK 89m of NOK 2,438m external sales revenues (customer location); restated comparative in AR2006"
2004,Orkla Food Ingredients (sub-segment of Orkla Foods 2000-2007),Rest of Western Europe,5.25,"Orkla Annual Report 2006, segment note (sales revenues by geographical market): https://www.orkla.com/files/Main/19690/3174065/annual-report-2006.pdf","Exact: NOK 128m of NOK 2,438m external sales revenues (customer location); restated comparative in AR2006"
2004,Orkla Food Ingredients (sub-segment of Orkla Foods 2000-2007),Central and Eastern Europe,12.14,"Orkla Annual Report 2006, segment note (sales revenues by geographical market): https://www.orkla.com/files/Main/19690/3174065/annual-report-2006.pdf","Exact: NOK 296m of NOK 2,438m external sales revenues (customer location); restated comparative in AR2006"
2004,Orkla Food Ingredients (sub-segment of Orkla Foods 2000-2007),Asia,0.62,"Orkla Annual Report 2006, segment note (sales revenues by geographical market): https://www.orkla.com/files/Main/19690/3174065/annual-report-2006.pdf","Exact: NOK 15m of NOK 2,438m external sales revenues (customer location); restated comparative in AR2006"
2004,Orkla Food Ingredients (sub-segment of Orkla Foods 2000-2007),Rest of the world,0.33,"Orkla Annual Report 2006, segment note (sales revenues by geographical market): https://www.orkla.com/files/Main/19690/3174065/annual-report-2006.pdf","Exact: NOK 8m of NOK 2,438m external sales revenues (customer location); restated comparative in AR2006"
2004,Orkla Foods (2000-2007 definition),Norway,36.84,"Orkla Annual Report 2006, segment note (sales revenues by geographical market): https://www.orkla.com/files/Main/19690/3174065/annual-report-2006.pdf","Exact: NOK 4,657m of NOK 12,641m external sales revenues (customer location); restated comparative in AR2006"
2004,Orkla Foods (2000-2007 definition),Sweden,32.46,"Orkla Annual Report 2006, segment note (sales revenues by geographical market): https://www.orkla.com/files/Main/19690/3174065/annual-report-2006.pdf","Exact: NOK 4,103m of NOK 12,641m external sales revenues (customer location); restated comparative in AR2006"
2004,Orkla Foods (2000-2007 definition),Denmark,11.07,"Orkla Annual Report 2006, segment note (sales revenues by geographical market): https://www.orkla.com/files/Main/19690/3174065/annual-report-2006.pdf","Exact: NOK 1,399m of NOK 12,641m external sales revenues (customer location); restated comparative in AR2006"
2004,Orkla Foods (2000-2007 definition),Finland and Iceland,5.22,"Orkla Annual Report 2006, segment note (sales revenues by geographical market): https://www.orkla.com/files/Main/19690/3174065/annual-report-2006.pdf","Exact: NOK 660m of NOK 12,641m external sales revenues (customer location); restated comparative in AR2006"
2004,Orkla Foods (2000-2007 definition),Rest of Western Europe,4.25,"Orkla Annual Report 2006, segment note (sales revenues by geographical market): https://www.orkla.com/files/Main/19690/3174065/annual-report-2006.pdf","Exact: NOK 537m of NOK 12,641m external sales revenues (customer location); restated comparative in AR2006"
2004,Orkla Foods (2000-2007 definition),Central and Eastern Europe,9.6,"Orkla Annual Report 2006, segment note (sales revenues by geographical market): https://www.orkla.com/files/Main/19690/3174065/annual-report-2006.pdf","Exact: NOK 1,214m of NOK 12,641m external sales revenues (customer location); restated comparative in AR2006"
2004,Orkla Foods (2000-2007 definition),Asia,0.14,"Orkla Annual Report 2006, segment note (sales revenues by geographical market): https://www.orkla.com/files/Main/19690/3174065/annual-report-2006.pdf","Exact: NOK 18m of NOK 12,641m external sales revenues (customer location); restated comparative in AR2006"
2004,Orkla Foods (2000-2007 definition),Rest of the world,0.42,"Orkla Annual Report 2006, segment note (sales revenues by geographical market): https://www.orkla.com/files/Main/19690/3174065/annual-report-2006.pdf","Exact: NOK 53m of NOK 12,641m external sales revenues (customer location); restated comparative in AR2006"
2004,Orkla Foods International (2005-2007 sub-segment),Rest of Western Europe,21.67,"Orkla Annual Report 2006, segment note (sales revenues by geographical market): https://www.orkla.com/files/Main/19690/3174065/annual-report-2006.pdf","Exact: NOK 246m of NOK 1,135m external sales revenues (customer location); restated comparative in AR2006"
2004,Orkla Foods International (2005-2007 sub-segment),Central and Eastern Europe,78.33,"Orkla Annual Report 2006, segment note (sales revenues by geographical market): https://www.orkla.com/files/Main/19690/3174065/annual-report-2006.pdf","Exact: NOK 889m of NOK 1,135m external sales revenues (customer location); restated comparative in AR2006"
2004,"Orkla Foods Nordic (2005-2007 sub-segment, incl. Bakers)",Norway,48.19,"Orkla Annual Report 2006, segment note (sales revenues by geographical market): https://www.orkla.com/files/Main/19690/3174065/annual-report-2006.pdf","Exact: NOK 4,370m of NOK 9,068m external sales revenues (customer location); restated comparative in AR2006"
2004,"Orkla Foods Nordic (2005-2007 sub-segment, incl. Bakers)",Sweden,36.74,"Orkla Annual Report 2006, segment note (sales revenues by geographical market): https://www.orkla.com/files/Main/19690/3174065/annual-report-2006.pdf","Exact: NOK 3,332m of NOK 9,068m external sales revenues (customer location); restated comparative in AR2006"
2004,"Orkla Foods Nordic (2005-2007 sub-segment, incl. Bakers)",Denmark,6.12,"Orkla Annual Report 2006, segment note (sales revenues by geographical market): https://www.orkla.com/files/Main/19690/3174065/annual-report-2006.pdf","Exact: NOK 555m of NOK 9,068m external sales revenues (customer location); restated comparative in AR2006"
2004,"Orkla Foods Nordic (2005-2007 sub-segment, incl. Bakers)",Finland and Iceland,6.3,"Orkla Annual Report 2006, segment note (sales revenues by geographical market): https://www.orkla.com/files/Main/19690/3174065/annual-report-2006.pdf","Exact: NOK 571m of NOK 9,068m external sales revenues (customer location); restated comparative in AR2006"
2004,"Orkla Foods Nordic (2005-2007 sub-segment, incl. Bakers)",Rest of Western Europe,1.8,"Orkla Annual Report 2006, segment note (sales revenues by geographical market): https://www.orkla.com/files/Main/19690/3174065/annual-report-2006.pdf","Exact: NOK 163m of NOK 9,068m external sales revenues (customer location); restated comparative in AR2006"
2004,"Orkla Foods Nordic (2005-2007 sub-segment, incl. Bakers)",Central and Eastern Europe,0.32,"Orkla Annual Report 2006, segment note (sales revenues by geographical market): https://www.orkla.com/files/Main/19690/3174065/annual-report-2006.pdf","Exact: NOK 29m of NOK 9,068m external sales revenues (customer location); restated comparative in AR2006"
2004,"Orkla Foods Nordic (2005-2007 sub-segment, incl. Bakers)",Asia,0.03,"Orkla Annual Report 2006, segment note (sales revenues by geographical market): https://www.orkla.com/files/Main/19690/3174065/annual-report-2006.pdf","Exact: NOK 3m of NOK 9,068m external sales revenues (customer location); restated comparative in AR2006"
2004,"Orkla Foods Nordic (2005-2007 sub-segment, incl. Bakers)",Rest of the world,0.5,"Orkla Annual Report 2006, segment note (sales revenues by geographical market): https://www.orkla.com/files/Main/19690/3174065/annual-report-2006.pdf","Exact: NOK 45m of NOK 9,068m external sales revenues (customer location); restated comparative in AR2006"
2005,Orkla Brands International (2008-2012 definition),Rest of Western Europe,11.8,"Orkla Annual Report 2007, segment note (sales revenues by geographical market): https://www.orkla.com/files/Main/19690/3173839/annual-report-2007.pdf","Exact: NOK 245m of NOK 2,077m external sales revenues (customer location); restated comparative in AR2007"
2005,Orkla Brands International (2008-2012 definition),Central and Eastern Europe,87.87,"Orkla Annual Report 2007, segment note (sales revenues by geographical market): https://www.orkla.com/files/Main/19690/3173839/annual-report-2007.pdf","Exact: NOK 1,825m of NOK 2,077m external sales revenues (customer location); restated comparative in AR2007"
2005,Orkla Brands International (2008-2012 definition),Asia,0.29,"Orkla Annual Report 2007, segment note (sales revenues by geographical market): https://www.orkla.com/files/Main/19690/3173839/annual-report-2007.pdf","Exact: NOK 6m of NOK 2,077m external sales revenues (customer location); restated comparative in AR2007"
2005,Orkla Brands International (2008-2012 definition),Rest of the world,0.05,"Orkla Annual Report 2007, segment note (sales revenues by geographical market): https://www.orkla.com/files/Main/19690/3173839/annual-report-2007.pdf","Exact: NOK 1m of NOK 2,077m external sales revenues (customer location); restated comparative in AR2007"
2005,Orkla Food Ingredients (sub-segment of Orkla Foods 2000-2007),Norway,11.34,"Orkla Annual Report 2006, segment note (sales revenues by geographical market): https://www.orkla.com/files/Main/19690/3174065/annual-report-2006.pdf","Exact: NOK 287m of NOK 2,531m external sales revenues (customer location); restated comparative in AR2006"
2005,Orkla Food Ingredients (sub-segment of Orkla Foods 2000-2007),Sweden,34.57,"Orkla Annual Report 2006, segment note (sales revenues by geographical market): https://www.orkla.com/files/Main/19690/3174065/annual-report-2006.pdf","Exact: NOK 875m of NOK 2,531m external sales revenues (customer location); restated comparative in AR2006"
2005,Orkla Food Ingredients (sub-segment of Orkla Foods 2000-2007),Denmark,32.36,"Orkla Annual Report 2006, segment note (sales revenues by geographical market): https://www.orkla.com/files/Main/19690/3174065/annual-report-2006.pdf","Exact: NOK 819m of NOK 2,531m external sales revenues (customer location); restated comparative in AR2006"
2005,Orkla Food Ingredients (sub-segment of Orkla Foods 2000-2007),Finland and Iceland,3.52,"Orkla Annual Report 2006, segment note (sales revenues by geographical market): https://www.orkla.com/files/Main/19690/3174065/annual-report-2006.pdf","Exact: NOK 89m of NOK 2,531m external sales revenues (customer location); restated comparative in AR2006"
2005,Orkla Food Ingredients (sub-segment of Orkla Foods 2000-2007),Rest of Western Europe,7.23,"Orkla Annual Report 2006, segment note (sales revenues by geographical market): https://www.orkla.com/files/Main/19690/3174065/annual-report-2006.pdf","Exact: NOK 183m of NOK 2,531m external sales revenues (customer location); restated comparative in AR2006"
2005,Orkla Food Ingredients (sub-segment of Orkla Foods 2000-2007),Central and Eastern Europe,10.31,"Orkla Annual Report 2006, segment note (sales revenues by geographical market): https://www.orkla.com/files/Main/19690/3174065/annual-report-2006.pdf","Exact: NOK 261m of NOK 2,531m external sales revenues (customer location); restated comparative in AR2006"
2005,Orkla Food Ingredients (sub-segment of Orkla Foods 2000-2007),Asia,0.51,"Orkla Annual Report 2006, segment note (sales revenues by geographical market): https://www.orkla.com/files/Main/19690/3174065/annual-report-2006.pdf","Exact: NOK 13m of NOK 2,531m external sales revenues (customer location); restated comparative in AR2006"
2005,Orkla Food Ingredients (sub-segment of Orkla Foods 2000-2007),Rest of the world,0.16,"Orkla Annual Report 2006, segment note (sales revenues by geographical market): https://www.orkla.com/files/Main/19690/3174065/annual-report-2006.pdf","Exact: NOK 4m of NOK 2,531m external sales revenues (customer location); restated comparative in AR2006"
2005,Orkla Foods (2000-2007 definition),Norway,33.21,"Orkla Annual Report 2006, segment note (sales revenues by geographical market): https://www.orkla.com/files/Main/19690/3174065/annual-report-2006.pdf","Exact: NOK 4,504m of NOK 13,561m external sales revenues (customer location); restated comparative in AR2006"
2005,Orkla Foods (2000-2007 definition),Sweden,28.49,"Orkla Annual Report 2006, segment note (sales revenues by geographical market): https://www.orkla.com/files/Main/19690/3174065/annual-report-2006.pdf","Exact: NOK 3,864m of NOK 13,561m external sales revenues (customer location); restated comparative in AR2006"
2005,Orkla Foods (2000-2007 definition),Denmark,10.26,"Orkla Annual Report 2006, segment note (sales revenues by geographical market): https://www.orkla.com/files/Main/19690/3174065/annual-report-2006.pdf","Exact: NOK 1,391m of NOK 13,561m external sales revenues (customer location); restated comparative in AR2006"
2005,Orkla Foods (2000-2007 definition),Finland and Iceland,6.14,"Orkla Annual Report 2006, segment note (sales revenues by geographical market): https://www.orkla.com/files/Main/19690/3174065/annual-report-2006.pdf","Exact: NOK 833m of NOK 13,561m external sales revenues (customer location); restated comparative in AR2006"
2005,Orkla Foods (2000-2007 definition),Rest of Western Europe,4.35,"Orkla Annual Report 2006, segment note (sales revenues by geographical market): https://www.orkla.com/files/Main/19690/3174065/annual-report-2006.pdf","Exact: NOK 590m of NOK 13,561m external sales revenues (customer location); restated comparative in AR2006"
2005,Orkla Foods (2000-2007 definition),Central and Eastern Europe,16.92,"Orkla Annual Report 2006, segment note (sales revenues by geographical market): https://www.orkla.com/files/Main/19690/3174065/annual-report-2006.pdf","Exact: NOK 2,294m of NOK 13,561m external sales revenues (customer location); restated comparative in AR2006"
2005,Orkla Foods (2000-2007 definition),Asia,0.17,"Orkla Annual Report 2006, segment note (sales revenues by geographical market): https://www.orkla.com/files/Main/19690/3174065/annual-report-2006.pdf","Exact: NOK 23m of NOK 13,561m external sales revenues (customer location); restated comparative in AR2006"
2005,Orkla Foods (2000-2007 definition),Rest of the world,0.46,"Orkla Annual Report 2006, segment note (sales revenues by geographical market): https://www.orkla.com/files/Main/19690/3174065/annual-report-2006.pdf","Exact: NOK 62m of NOK 13,561m external sales revenues (customer location); restated comparative in AR2006"
2005,Orkla Foods International (2005-2007 sub-segment),Rest of Western Europe,10.88,"Orkla Annual Report 2006, segment note (sales revenues by geographical market): https://www.orkla.com/files/Main/19690/3174065/annual-report-2006.pdf","Exact: NOK 245m of NOK 2,252m external sales revenues (customer location); restated comparative in AR2006"
2005,Orkla Foods International (2005-2007 sub-segment),Central and Eastern Europe,88.81,"Orkla Annual Report 2006, segment note (sales revenues by geographical market): https://www.orkla.com/files/Main/19690/3174065/annual-report-2006.pdf","Exact: NOK 2,000m of NOK 2,252m external sales revenues (customer location); restated comparative in AR2006"
2005,Orkla Foods International (2005-2007 sub-segment),Asia,0.27,"Orkla Annual Report 2006, segment note (sales revenues by geographical market): https://www.orkla.com/files/Main/19690/3174065/annual-report-2006.pdf","Exact: NOK 6m of NOK 2,252m external sales revenues (customer location); restated comparative in AR2006"
2005,Orkla Foods International (2005-2007 sub-segment),Rest of the world,0.04,"Orkla Annual Report 2006, segment note (sales revenues by geographical market): https://www.orkla.com/files/Main/19690/3174065/annual-report-2006.pdf","Exact: NOK 1m of NOK 2,252m external sales revenues (customer location); restated comparative in AR2006"
2005,"Orkla Foods Nordic (2005-2007 sub-segment, incl. Bakers)",Norway,48.04,"Orkla Annual Report 2006, segment note (sales revenues by geographical market): https://www.orkla.com/files/Main/19690/3174065/annual-report-2006.pdf","Exact: NOK 4,217m of NOK 8,778m external sales revenues (customer location); restated comparative in AR2006"
2005,"Orkla Foods Nordic (2005-2007 sub-segment, incl. Bakers)",Sweden,34.05,"Orkla Annual Report 2006, segment note (sales revenues by geographical market): https://www.orkla.com/files/Main/19690/3174065/annual-report-2006.pdf","Exact: NOK 2,989m of NOK 8,778m external sales revenues (customer location); restated comparative in AR2006"
2005,"Orkla Foods Nordic (2005-2007 sub-segment, incl. Bakers)",Denmark,6.52,"Orkla Annual Report 2006, segment note (sales revenues by geographical market): https://www.orkla.com/files/Main/19690/3174065/annual-report-2006.pdf","Exact: NOK 572m of NOK 8,778m external sales revenues (customer location); restated comparative in AR2006"
2005,"Orkla Foods Nordic (2005-2007 sub-segment, incl. Bakers)",Finland and Iceland,8.48,"Orkla Annual Report 2006, segment note (sales revenues by geographical market): https://www.orkla.com/files/Main/19690/3174065/annual-report-2006.pdf","Exact: NOK 744m of NOK 8,778m external sales revenues (customer location); restated comparative in AR2006"
2005,"Orkla Foods Nordic (2005-2007 sub-segment, incl. Bakers)",Rest of Western Europe,1.85,"Orkla Annual Report 2006, segment note (sales revenues by geographical market): https://www.orkla.com/files/Main/19690/3174065/annual-report-2006.pdf","Exact: NOK 162m of NOK 8,778m external sales revenues (customer location); restated comparative in AR2006"
2005,"Orkla Foods Nordic (2005-2007 sub-segment, incl. Bakers)",Central and Eastern Europe,0.38,"Orkla Annual Report 2006, segment note (sales revenues by geographical market): https://www.orkla.com/files/Main/19690/3174065/annual-report-2006.pdf","Exact: NOK 33m of NOK 8,778m external sales revenues (customer location); restated comparative in AR2006"
2005,"Orkla Foods Nordic (2005-2007 sub-segment, incl. Bakers)",Asia,0.05,"Orkla Annual Report 2006, segment note (sales revenues by geographical market): https://www.orkla.com/files/Main/19690/3174065/annual-report-2006.pdf","Exact: NOK 4m of NOK 8,778m external sales revenues (customer location); restated comparative in AR2006"
2005,"Orkla Foods Nordic (2005-2007 sub-segment, incl. Bakers)",Rest of the world,0.65,"Orkla Annual Report 2006, segment note (sales revenues by geographical market): https://www.orkla.com/files/Main/19690/3174065/annual-report-2006.pdf","Exact: NOK 57m of NOK 8,778m external sales revenues (customer location); restated comparative in AR2006"
2005,Orkla Foods Nordic (2008-2012 definition),Norway,47.1,"Orkla Annual Report 2007, segment note (sales revenues by geographical market): https://www.orkla.com/files/Main/19690/3173839/annual-report-2007.pdf","Exact: NOK 4,217m of NOK 8,953m external sales revenues (customer location); restated comparative in AR2007"
2005,Orkla Foods Nordic (2008-2012 definition),Sweden,33.39,"Orkla Annual Report 2007, segment note (sales revenues by geographical market): https://www.orkla.com/files/Main/19690/3173839/annual-report-2007.pdf","Exact: NOK 2,989m of NOK 8,953m external sales revenues (customer location); restated comparative in AR2007"
2005,Orkla Foods Nordic (2008-2012 definition),Denmark,6.39,"Orkla Annual Report 2007, segment note (sales revenues by geographical market): https://www.orkla.com/files/Main/19690/3173839/annual-report-2007.pdf","Exact: NOK 572m of NOK 8,953m external sales revenues (customer location); restated comparative in AR2007"
2005,Orkla Foods Nordic (2008-2012 definition),Finland and Iceland,8.31,"Orkla Annual Report 2007, segment note (sales revenues by geographical market): https://www.orkla.com/files/Main/19690/3173839/annual-report-2007.pdf","Exact: NOK 744m of NOK 8,953m external sales revenues (customer location); restated comparative in AR2007"
2005,Orkla Foods Nordic (2008-2012 definition),Rest of Western Europe,1.81,"Orkla Annual Report 2007, segment note (sales revenues by geographical market): https://www.orkla.com/files/Main/19690/3173839/annual-report-2007.pdf","Exact: NOK 162m of NOK 8,953m external sales revenues (customer location); restated comparative in AR2007"
2005,Orkla Foods Nordic (2008-2012 definition),Central and Eastern Europe,2.32,"Orkla Annual Report 2007, segment note (sales revenues by geographical market): https://www.orkla.com/files/Main/19690/3173839/annual-report-2007.pdf","Exact: NOK 208m of NOK 8,953m external sales revenues (customer location); restated comparative in AR2007"
2005,Orkla Foods Nordic (2008-2012 definition),Asia,0.04,"Orkla Annual Report 2007, segment note (sales revenues by geographical market): https://www.orkla.com/files/Main/19690/3173839/annual-report-2007.pdf","Exact: NOK 4m of NOK 8,953m external sales revenues (customer location); restated comparative in AR2007"
2005,Orkla Foods Nordic (2008-2012 definition),Rest of the world,0.64,"Orkla Annual Report 2007, segment note (sales revenues by geographical market): https://www.orkla.com/files/Main/19690/3173839/annual-report-2007.pdf","Exact: NOK 57m of NOK 8,953m external sales revenues (customer location); restated comparative in AR2007"
2006,Orkla Brands International (2008-2012 definition),Rest of Western Europe,11.22,"Orkla Annual Report 2007, segment note (sales revenues by geographical market): https://www.orkla.com/files/Main/19690/3173839/annual-report-2007.pdf","Exact: NOK 241m of NOK 2,148m external sales revenues (customer location); restated comparative in AR2007"
2006,Orkla Brands International (2008-2012 definition),Central and Eastern Europe,88.73,"Orkla Annual Report 2007, segment note (sales revenues by geographical market): https://www.orkla.com/files/Main/19690/3173839/annual-report-2007.pdf","Exact: NOK 1,906m of NOK 2,148m external sales revenues (customer location); restated comparative in AR2007"
2006,Orkla Brands International (2008-2012 definition),Rest of the world,0.05,"Orkla Annual Report 2007, segment note (sales revenues by geographical market): https://www.orkla.com/files/Main/19690/3173839/annual-report-2007.pdf","Exact: NOK 1m of NOK 2,148m external sales revenues (customer location); restated comparative in AR2007"
2006,Orkla Food Ingredients (sub-segment of Orkla Foods 2000-2007),Norway,11.11,"Orkla Annual Report 2006, segment note (sales revenues by geographical market): https://www.orkla.com/files/Main/19690/3174065/annual-report-2006.pdf","Exact: NOK 292m of NOK 2,628m external sales revenues (customer location); as reported"
2006,Orkla Food Ingredients (sub-segment of Orkla Foods 2000-2007),Sweden,36.76,"Orkla Annual Report 2006, segment note (sales revenues by geographical market): https://www.orkla.com/files/Main/19690/3174065/annual-report-2006.pdf","Exact: NOK 966m of NOK 2,628m external sales revenues (customer location); as reported"
2006,Orkla Food Ingredients (sub-segment of Orkla Foods 2000-2007),Denmark,31.51,"Orkla Annual Report 2006, segment note (sales revenues by geographical market): https://www.orkla.com/files/Main/19690/3174065/annual-report-2006.pdf","Exact: NOK 828m of NOK 2,628m external sales revenues (customer location); as reported"
2006,Orkla Food Ingredients (sub-segment of Orkla Foods 2000-2007),Finland and Iceland,2.93,"Orkla Annual Report 2006, segment note (sales revenues by geographical market): https://www.orkla.com/files/Main/19690/3174065/annual-report-2006.pdf","Exact: NOK 77m of NOK 2,628m external sales revenues (customer location); as reported"
2006,Orkla Food Ingredients (sub-segment of Orkla Foods 2000-2007),Rest of Western Europe,7.42,"Orkla Annual Report 2006, segment note (sales revenues by geographical market): https://www.orkla.com/files/Main/19690/3174065/annual-report-2006.pdf","Exact: NOK 195m of NOK 2,628m external sales revenues (customer location); as reported"
2006,Orkla Food Ingredients (sub-segment of Orkla Foods 2000-2007),Central and Eastern Europe,9.67,"Orkla Annual Report 2006, segment note (sales revenues by geographical market): https://www.orkla.com/files/Main/19690/3174065/annual-report-2006.pdf","Exact: NOK 254m of NOK 2,628m external sales revenues (customer location); as reported"
2006,Orkla Food Ingredients (sub-segment of Orkla Foods 2000-2007),Asia,0.3,"Orkla Annual Report 2006, segment note (sales revenues by geographical market): https://www.orkla.com/files/Main/19690/3174065/annual-report-2006.pdf","Exact: NOK 8m of NOK 2,628m external sales revenues (customer location); as reported"
2006,Orkla Food Ingredients (sub-segment of Orkla Foods 2000-2007),Rest of the world,0.3,"Orkla Annual Report 2006, segment note (sales revenues by geographical market): https://www.orkla.com/files/Main/19690/3174065/annual-report-2006.pdf","Exact: NOK 8m of NOK 2,628m external sales revenues (customer location); as reported"
2006,Orkla Foods (2000-2007 definition),Norway,32.37,"Orkla Annual Report 2006, segment note (sales revenues by geographical market): https://www.orkla.com/files/Main/19690/3174065/annual-report-2006.pdf","Exact: NOK 4,582m of NOK 14,155m external sales revenues (customer location); as reported"
2006,Orkla Foods (2000-2007 definition),Sweden,28.88,"Orkla Annual Report 2006, segment note (sales revenues by geographical market): https://www.orkla.com/files/Main/19690/3174065/annual-report-2006.pdf","Exact: NOK 4,088m of NOK 14,155m external sales revenues (customer location); as reported"
2006,Orkla Foods (2000-2007 definition),Denmark,10.08,"Orkla Annual Report 2006, segment note (sales revenues by geographical market): https://www.orkla.com/files/Main/19690/3174065/annual-report-2006.pdf","Exact: NOK 1,427m of NOK 14,155m external sales revenues (customer location); as reported"
2006,Orkla Foods (2000-2007 definition),Finland and Iceland,6.86,"Orkla Annual Report 2006, segment note (sales revenues by geographical market): https://www.orkla.com/files/Main/19690/3174065/annual-report-2006.pdf","Exact: NOK 971m of NOK 14,155m external sales revenues (customer location); as reported"
2006,Orkla Foods (2000-2007 definition),Rest of Western Europe,4.55,"Orkla Annual Report 2006, segment note (sales revenues by geographical market): https://www.orkla.com/files/Main/19690/3174065/annual-report-2006.pdf","Exact: NOK 644m of NOK 14,155m external sales revenues (customer location); as reported"
2006,Orkla Foods (2000-2007 definition),Central and Eastern Europe,16.77,"Orkla Annual Report 2006, segment note (sales revenues by geographical market): https://www.orkla.com/files/Main/19690/3174065/annual-report-2006.pdf","Exact: NOK 2,374m of NOK 14,155m external sales revenues (customer location); as reported"
2006,Orkla Foods (2000-2007 definition),Asia,0.08,"Orkla Annual Report 2006, segment note (sales revenues by geographical market): https://www.orkla.com/files/Main/19690/3174065/annual-report-2006.pdf","Exact: NOK 11m of NOK 14,155m external sales revenues (customer location); as reported"
2006,Orkla Foods (2000-2007 definition),Rest of the world,0.41,"Orkla Annual Report 2006, segment note (sales revenues by geographical market): https://www.orkla.com/files/Main/19690/3174065/annual-report-2006.pdf","Exact: NOK 58m of NOK 14,155m external sales revenues (customer location); as reported"
2006,Orkla Foods International (2005-2007 sub-segment),Rest of Western Europe,10.24,"Orkla Annual Report 2006, segment note (sales revenues by geographical market): https://www.orkla.com/files/Main/19690/3174065/annual-report-2006.pdf","Exact: NOK 241m of NOK 2,353m external sales revenues (customer location); as reported"
2006,Orkla Foods International (2005-2007 sub-segment),Central and Eastern Europe,89.72,"Orkla Annual Report 2006, segment note (sales revenues by geographical market): https://www.orkla.com/files/Main/19690/3174065/annual-report-2006.pdf","Exact: NOK 2,111m of NOK 2,353m external sales revenues (customer location); as reported"
2006,Orkla Foods International (2005-2007 sub-segment),Rest of the world,0.04,"Orkla Annual Report 2006, segment note (sales revenues by geographical market): https://www.orkla.com/files/Main/19690/3174065/annual-report-2006.pdf","Exact: NOK 1m of NOK 2,353m external sales revenues (customer location); as reported"
2006,"Orkla Foods Nordic (2005-2007 sub-segment, incl. Bakers)",Norway,46.76,"Orkla Annual Report 2006, segment note (sales revenues by geographical market): https://www.orkla.com/files/Main/19690/3174065/annual-report-2006.pdf","Exact: NOK 4,290m of NOK 9,174m external sales revenues (customer location); as reported"
2006,"Orkla Foods Nordic (2005-2007 sub-segment, incl. Bakers)",Sweden,34.03,"Orkla Annual Report 2006, segment note (sales revenues by geographical market): https://www.orkla.com/files/Main/19690/3174065/annual-report-2006.pdf","Exact: NOK 3,122m of NOK 9,174m external sales revenues (customer location); as reported"
2006,"Orkla Foods Nordic (2005-2007 sub-segment, incl. Bakers)",Denmark,6.53,"Orkla Annual Report 2006, segment note (sales revenues by geographical market): https://www.orkla.com/files/Main/19690/3174065/annual-report-2006.pdf","Exact: NOK 599m of NOK 9,174m external sales revenues (customer location); as reported"
2006,"Orkla Foods Nordic (2005-2007 sub-segment, incl. Bakers)",Finland and Iceland,9.74,"Orkla Annual Report 2006, segment note (sales revenues by geographical market): https://www.orkla.com/files/Main/19690/3174065/annual-report-2006.pdf","Exact: NOK 894m of NOK 9,174m external sales revenues (customer location); as reported"
2006,"Orkla Foods Nordic (2005-2007 sub-segment, incl. Bakers)",Rest of Western Europe,2.27,"Orkla Annual Report 2006, segment note (sales revenues by geographical market): https://www.orkla.com/files/Main/19690/3174065/annual-report-2006.pdf","Exact: NOK 208m of NOK 9,174m external sales revenues (customer location); as reported"
2006,"Orkla Foods Nordic (2005-2007 sub-segment, incl. Bakers)",Central and Eastern Europe,0.1,"Orkla Annual Report 2006, segment note (sales revenues by geographical market): https://www.orkla.com/files/Main/19690/3174065/annual-report-2006.pdf","Exact: NOK 9m of NOK 9,174m external sales revenues (customer location); as reported"
2006,"Orkla Foods Nordic (2005-2007 sub-segment, incl. Bakers)",Asia,0.03,"Orkla Annual Report 2006, segment note (sales revenues by geographical market): https://www.orkla.com/files/Main/19690/3174065/annual-report-2006.pdf","Exact: NOK 3m of NOK 9,174m external sales revenues (customer location); as reported"
2006,"Orkla Foods Nordic (2005-2007 sub-segment, incl. Bakers)",Rest of the world,0.53,"Orkla Annual Report 2006, segment note (sales revenues by geographical market): https://www.orkla.com/files/Main/19690/3174065/annual-report-2006.pdf","Exact: NOK 49m of NOK 9,174m external sales revenues (customer location); as reported"
2006,Orkla Foods Nordic (2008-2012 definition),Norway,45.74,"Orkla Annual Report 2007, segment note (sales revenues by geographical market): https://www.orkla.com/files/Main/19690/3173839/annual-report-2007.pdf","Exact: NOK 4,290m of NOK 9,379m external sales revenues (customer location); restated comparative in AR2007"
2006,Orkla Foods Nordic (2008-2012 definition),Sweden,33.29,"Orkla Annual Report 2007, segment note (sales revenues by geographical market): https://www.orkla.com/files/Main/19690/3173839/annual-report-2007.pdf","Exact: NOK 3,122m of NOK 9,379m external sales revenues (customer location); restated comparative in AR2007"
2006,Orkla Foods Nordic (2008-2012 definition),Denmark,6.39,"Orkla Annual Report 2007, segment note (sales revenues by geographical market): https://www.orkla.com/files/Main/19690/3173839/annual-report-2007.pdf","Exact: NOK 599m of NOK 9,379m external sales revenues (customer location); restated comparative in AR2007"
2006,Orkla Foods Nordic (2008-2012 definition),Finland and Iceland,9.53,"Orkla Annual Report 2007, segment note (sales revenues by geographical market): https://www.orkla.com/files/Main/19690/3173839/annual-report-2007.pdf","Exact: NOK 894m of NOK 9,379m external sales revenues (customer location); restated comparative in AR2007"
2006,Orkla Foods Nordic (2008-2012 definition),Rest of Western Europe,2.22,"Orkla Annual Report 2007, segment note (sales revenues by geographical market): https://www.orkla.com/files/Main/19690/3173839/annual-report-2007.pdf","Exact: NOK 208m of NOK 9,379m external sales revenues (customer location); restated comparative in AR2007"
2006,Orkla Foods Nordic (2008-2012 definition),Central and Eastern Europe,2.28,"Orkla Annual Report 2007, segment note (sales revenues by geographical market): https://www.orkla.com/files/Main/19690/3173839/annual-report-2007.pdf","Exact: NOK 214m of NOK 9,379m external sales revenues (customer location); restated comparative in AR2007"
2006,Orkla Foods Nordic (2008-2012 definition),Asia,0.03,"Orkla Annual Report 2007, segment note (sales revenues by geographical market): https://www.orkla.com/files/Main/19690/3173839/annual-report-2007.pdf","Exact: NOK 3m of NOK 9,379m external sales revenues (customer location); restated comparative in AR2007"
2006,Orkla Foods Nordic (2008-2012 definition),Rest of the world,0.52,"Orkla Annual Report 2007, segment note (sales revenues by geographical market): https://www.orkla.com/files/Main/19690/3173839/annual-report-2007.pdf","Exact: NOK 49m of NOK 9,379m external sales revenues (customer location); restated comparative in AR2007"
2007,Orkla Brands International (2008-2012 definition),Rest of Western Europe,11.3,"Orkla Annual Report 2007, segment note (sales revenues by geographical market): https://www.orkla.com/files/Main/19690/3173839/annual-report-2007.pdf","Exact: NOK 250m of NOK 2,213m external sales revenues (customer location); as reported"
2007,Orkla Brands International (2008-2012 definition),Central and Eastern Europe,78.85,"Orkla Annual Report 2007, segment note (sales revenues by geographical market): https://www.orkla.com/files/Main/19690/3173839/annual-report-2007.pdf","Exact: NOK 1,745m of NOK 2,213m external sales revenues (customer location); as reported"
2007,Orkla Brands International (2008-2012 definition),Asia,9.13,"Orkla Annual Report 2007, segment note (sales revenues by geographical market): https://www.orkla.com/files/Main/19690/3173839/annual-report-2007.pdf","Exact: NOK 202m of NOK 2,213m external sales revenues (customer location); as reported"
2007,Orkla Brands International (2008-2012 definition),Rest of the world,0.72,"Orkla Annual Report 2007, segment note (sales revenues by geographical market): https://www.orkla.com/files/Main/19690/3173839/annual-report-2007.pdf","Exact: NOK 16m of NOK 2,213m external sales revenues (customer location); as reported"
2007,Orkla Foods Nordic (2008-2012 definition),Norway,43.34,"Orkla Annual Report 2007, segment note (sales revenues by geographical market): https://www.orkla.com/files/Main/19690/3173839/annual-report-2007.pdf","Exact: NOK 4,098m of NOK 9,455m external sales revenues (customer location); as reported"
2007,Orkla Foods Nordic (2008-2012 definition),Sweden,34.28,"Orkla Annual Report 2007, segment note (sales revenues by geographical market): https://www.orkla.com/files/Main/19690/3173839/annual-report-2007.pdf","Exact: NOK 3,241m of NOK 9,455m external sales revenues (customer location); as reported"
2007,Orkla Foods Nordic (2008-2012 definition),Denmark,7.03,"Orkla Annual Report 2007, segment note (sales revenues by geographical market): https://www.orkla.com/files/Main/19690/3173839/annual-report-2007.pdf","Exact: NOK 665m of NOK 9,455m external sales revenues (customer location); as reported"
2007,Orkla Foods Nordic (2008-2012 definition),Finland and Iceland,9.75,"Orkla Annual Report 2007, segment note (sales revenues by geographical market): https://www.orkla.com/files/Main/19690/3173839/annual-report-2007.pdf","Exact: NOK 922m of NOK 9,455m external sales revenues (customer location); as reported"
2007,Orkla Foods Nordic (2008-2012 definition),Rest of Western Europe,2.1,"Orkla Annual Report 2007, segment note (sales revenues by geographical market): https://www.orkla.com/files/Main/19690/3173839/annual-report-2007.pdf","Exact: NOK 199m of NOK 9,455m external sales revenues (customer location); as reported"
2007,Orkla Foods Nordic (2008-2012 definition),Central and Eastern Europe,2.94,"Orkla Annual Report 2007, segment note (sales revenues by geographical market): https://www.orkla.com/files/Main/19690/3173839/annual-report-2007.pdf","Exact: NOK 278m of NOK 9,455m external sales revenues (customer location); as reported"
2007,Orkla Foods Nordic (2008-2012 definition),Asia,0.04,"Orkla Annual Report 2007, segment note (sales revenues by geographical market): https://www.orkla.com/files/Main/19690/3173839/annual-report-2007.pdf","Exact: NOK 4m of NOK 9,455m external sales revenues (customer location); as reported"
2007,Orkla Foods Nordic (2008-2012 definition),Rest of the world,0.51,"Orkla Annual Report 2007, segment note (sales revenues by geographical market): https://www.orkla.com/files/Main/19690/3173839/annual-report-2007.pdf","Exact: NOK 48m of NOK 9,455m external sales revenues (customer location); as reported"
2008,Orkla Brands International (2008-2012 definition),Rest of Western Europe,10.93,"Orkla Annual Report 2008, segment note (sales revenues by geographical market): https://www.orkla.com/files/Main/19690/3173621/annual-report-2008.pdf","Exact: NOK 262m of NOK 2,396m external sales revenues (customer location); as reported"
2008,Orkla Brands International (2008-2012 definition),Central and Eastern Europe,76.13,"Orkla Annual Report 2008, segment note (sales revenues by geographical market): https://www.orkla.com/files/Main/19690/3173621/annual-report-2008.pdf","Exact: NOK 1,824m of NOK 2,396m external sales revenues (customer location); as reported"
2008,Orkla Brands International (2008-2012 definition),Asia,12.15,"Orkla Annual Report 2008, segment note (sales revenues by geographical market): https://www.orkla.com/files/Main/19690/3173621/annual-report-2008.pdf","Exact: NOK 291m of NOK 2,396m external sales revenues (customer location); as reported"
2008,Orkla Brands International (2008-2012 definition),Rest of the world,0.79,"Orkla Annual Report 2008, segment note (sales revenues by geographical market): https://www.orkla.com/files/Main/19690/3173621/annual-report-2008.pdf","Exact: NOK 19m of NOK 2,396m external sales revenues (customer location); as reported"
2008,Orkla Foods Nordic (2008-2012 definition),Norway,43.83,"Orkla Annual Report 2008, segment note (sales revenues by geographical market): https://www.orkla.com/files/Main/19690/3173621/annual-report-2008.pdf","Exact: NOK 4,313m of NOK 9,840m external sales revenues (customer location); as reported"
2008,Orkla Foods Nordic (2008-2012 definition),Sweden,33.59,"Orkla Annual Report 2008, segment note (sales revenues by geographical market): https://www.orkla.com/files/Main/19690/3173621/annual-report-2008.pdf","Exact: NOK 3,305m of NOK 9,840m external sales revenues (customer location); as reported"
2008,Orkla Foods Nordic (2008-2012 definition),Denmark,6.34,"Orkla Annual Report 2008, segment note (sales revenues by geographical market): https://www.orkla.com/files/Main/19690/3173621/annual-report-2008.pdf","Exact: NOK 624m of NOK 9,840m external sales revenues (customer location); as reported"
2008,Orkla Foods Nordic (2008-2012 definition),Finland and Iceland,10.37,"Orkla Annual Report 2008, segment note (sales revenues by geographical market): https://www.orkla.com/files/Main/19690/3173621/annual-report-2008.pdf","Exact: NOK 1,020m of NOK 9,840m external sales revenues (customer location); as reported"
2008,Orkla Foods Nordic (2008-2012 definition),Rest of Western Europe,2.1,"Orkla Annual Report 2008, segment note (sales revenues by geographical market): https://www.orkla.com/files/Main/19690/3173621/annual-report-2008.pdf","Exact: NOK 207m of NOK 9,840m external sales revenues (customer location); as reported"
2008,Orkla Foods Nordic (2008-2012 definition),Central and Eastern Europe,3.24,"Orkla Annual Report 2008, segment note (sales revenues by geographical market): https://www.orkla.com/files/Main/19690/3173621/annual-report-2008.pdf","Exact: NOK 319m of NOK 9,840m external sales revenues (customer location); as reported"
2008,Orkla Foods Nordic (2008-2012 definition),Asia,0.02,"Orkla Annual Report 2008, segment note (sales revenues by geographical market): https://www.orkla.com/files/Main/19690/3173621/annual-report-2008.pdf","Exact: NOK 2m of NOK 9,840m external sales revenues (customer location); as reported"
2008,Orkla Foods Nordic (2008-2012 definition),Rest of the world,0.51,"Orkla Annual Report 2008, segment note (sales revenues by geographical market): https://www.orkla.com/files/Main/19690/3173621/annual-report-2008.pdf","Exact: NOK 50m of NOK 9,840m external sales revenues (customer location); as reported"
2009,Orkla Brands International (2008-2012 definition),Rest of Western Europe,15.05,"Orkla Annual Report 2009, segment note (sales revenues by geographical market): https://www.orkla.com/files/Main/19690/3173455/annual-report-2009.pdf","Exact: NOK 286m of NOK 1,900m external sales revenues (customer location); as reported"
2009,Orkla Brands International (2008-2012 definition),Central and Eastern Europe,66.89,"Orkla Annual Report 2009, segment note (sales revenues by geographical market): https://www.orkla.com/files/Main/19690/3173455/annual-report-2009.pdf","Exact: NOK 1,271m of NOK 1,900m external sales revenues (customer location); as reported"
2009,Orkla Brands International (2008-2012 definition),Asia,17.05,"Orkla Annual Report 2009, segment note (sales revenues by geographical market): https://www.orkla.com/files/Main/19690/3173455/annual-report-2009.pdf","Exact: NOK 324m of NOK 1,900m external sales revenues (customer location); as reported"
2009,Orkla Brands International (2008-2012 definition),North America,0.79,"Orkla Annual Report 2009, segment note (sales revenues by geographical market): https://www.orkla.com/files/Main/19690/3173455/annual-report-2009.pdf","Exact: NOK 15m of NOK 1,900m external sales revenues (customer location); as reported"
2009,Orkla Brands International (2008-2012 definition),Rest of the world,0.21,"Orkla Annual Report 2009, segment note (sales revenues by geographical market): https://www.orkla.com/files/Main/19690/3173455/annual-report-2009.pdf","Exact: NOK 4m of NOK 1,900m external sales revenues (customer location); as reported"
2009,Orkla Foods Nordic (2008-2012 definition),Norway,44.45,"Orkla Annual Report 2009, segment note (sales revenues by geographical market): https://www.orkla.com/files/Main/19690/3173455/annual-report-2009.pdf","Exact: NOK 4,297m of NOK 9,667m external sales revenues (customer location); as reported"
2009,Orkla Foods Nordic (2008-2012 definition),Sweden,32.79,"Orkla Annual Report 2009, segment note (sales revenues by geographical market): https://www.orkla.com/files/Main/19690/3173455/annual-report-2009.pdf","Exact: NOK 3,170m of NOK 9,667m external sales revenues (customer location); as reported"
2009,Orkla Foods Nordic (2008-2012 definition),Denmark,6.26,"Orkla Annual Report 2009, segment note (sales revenues by geographical market): https://www.orkla.com/files/Main/19690/3173455/annual-report-2009.pdf","Exact: NOK 605m of NOK 9,667m external sales revenues (customer location); as reported"
2009,Orkla Foods Nordic (2008-2012 definition),Finland and Iceland,10.87,"Orkla Annual Report 2009, segment note (sales revenues by geographical market): https://www.orkla.com/files/Main/19690/3173455/annual-report-2009.pdf","Exact: NOK 1,051m of NOK 9,667m external sales revenues (customer location); as reported"
2009,Orkla Foods Nordic (2008-2012 definition),Rest of Western Europe,2.13,"Orkla Annual Report 2009, segment note (sales revenues by geographical market): https://www.orkla.com/files/Main/19690/3173455/annual-report-2009.pdf","Exact: NOK 206m of NOK 9,667m external sales revenues (customer location); as reported"
2009,Orkla Foods Nordic (2008-2012 definition),Central and Eastern Europe,2.99,"Orkla Annual Report 2009, segment note (sales revenues by geographical market): https://www.orkla.com/files/Main/19690/3173455/annual-report-2009.pdf","Exact: NOK 289m of NOK 9,667m external sales revenues (customer location); as reported"
2009,Orkla Foods Nordic (2008-2012 definition),Asia,0.03,"Orkla Annual Report 2009, segment note (sales revenues by geographical market): https://www.orkla.com/files/Main/19690/3173455/annual-report-2009.pdf","Exact: NOK 3m of NOK 9,667m external sales revenues (customer location); as reported"
2009,Orkla Foods Nordic (2008-2012 definition),North America,0.48,"Orkla Annual Report 2009, segment note (sales revenues by geographical market): https://www.orkla.com/files/Main/19690/3173455/annual-report-2009.pdf","Exact: NOK 46m of NOK 9,667m external sales revenues (customer location); as reported"
2010,Orkla Brands International (2008-2012 definition),Rest of Western Europe,12.9,"Orkla Annual Report 2010, segment note (sales revenues by geographical market): https://www.orkla.com/files/Main/19690/3173255/annual-report-2010.pdf","Exact: NOK 253m of NOK 1,961m external sales revenues (customer location); as reported"
2010,Orkla Brands International (2008-2012 definition),Central and Eastern Europe,65.73,"Orkla Annual Report 2010, segment note (sales revenues by geographical market): https://www.orkla.com/files/Main/19690/3173255/annual-report-2010.pdf","Exact: NOK 1,289m of NOK 1,961m external sales revenues (customer location); as reported"
2010,Orkla Brands International (2008-2012 definition),Asia,20.19,"Orkla Annual Report 2010, segment note (sales revenues by geographical market): https://www.orkla.com/files/Main/19690/3173255/annual-report-2010.pdf","Exact: NOK 396m of NOK 1,961m external sales revenues (customer location); as reported"
2010,Orkla Brands International (2008-2012 definition),North America,0.92,"Orkla Annual Report 2010, segment note (sales revenues by geographical market): https://www.orkla.com/files/Main/19690/3173255/annual-report-2010.pdf","Exact: NOK 18m of NOK 1,961m external sales revenues (customer location); as reported"
2010,Orkla Brands International (2008-2012 definition),Rest of the world,0.25,"Orkla Annual Report 2010, segment note (sales revenues by geographical market): https://www.orkla.com/files/Main/19690/3173255/annual-report-2010.pdf","Exact: NOK 5m of NOK 1,961m external sales revenues (customer location); as reported"
2010,Orkla Foods (2013-2014 definition),Norway,45.38,"Orkla Annual Report 2012, segment note (sales revenues by geographical market): https://www.orkla.com/files/Main/19690/3172749/orkla-annual-report-2012.pdf","Exact: NOK 3,982m of NOK 8,775m external sales revenues (customer location); restated comparative in AR2012"
2010,Orkla Foods (2013-2014 definition),Sweden,36.1,"Orkla Annual Report 2012, segment note (sales revenues by geographical market): https://www.orkla.com/files/Main/19690/3172749/orkla-annual-report-2012.pdf","Exact: NOK 3,168m of NOK 8,775m external sales revenues (customer location); restated comparative in AR2012"
2010,Orkla Foods (2013-2014 definition),Denmark,6.18,"Orkla Annual Report 2012, segment note (sales revenues by geographical market): https://www.orkla.com/files/Main/19690/3172749/orkla-annual-report-2012.pdf","Exact: NOK 542m of NOK 8,775m external sales revenues (customer location); restated comparative in AR2012"
2010,Orkla Foods (2013-2014 definition),Finland and Iceland,7.52,"Orkla Annual Report 2012, segment note (sales revenues by geographical market): https://www.orkla.com/files/Main/19690/3172749/orkla-annual-report-2012.pdf","Exact: NOK 660m of NOK 8,775m external sales revenues (customer location); restated comparative in AR2012"
2010,Orkla Foods (2013-2014 definition),Rest of Western Europe,1.61,"Orkla Annual Report 2012, segment note (sales revenues by geographical market): https://www.orkla.com/files/Main/19690/3172749/orkla-annual-report-2012.pdf","Exact: NOK 141m of NOK 8,775m external sales revenues (customer location); restated comparative in AR2012"
2010,Orkla Foods (2013-2014 definition),Central and Eastern Europe,2.91,"Orkla Annual Report 2012, segment note (sales revenues by geographical market): https://www.orkla.com/files/Main/19690/3172749/orkla-annual-report-2012.pdf","Exact: NOK 255m of NOK 8,775m external sales revenues (customer location); restated comparative in AR2012"
2010,Orkla Foods (2013-2014 definition),Asia,0.03,"Orkla Annual Report 2012, segment note (sales revenues by geographical market): https://www.orkla.com/files/Main/19690/3172749/orkla-annual-report-2012.pdf","Exact: NOK 3m of NOK 8,775m external sales revenues (customer location); restated comparative in AR2012"
2010,Orkla Foods (2013-2014 definition),North America,0.27,"Orkla Annual Report 2012, segment note (sales revenues by geographical market): https://www.orkla.com/files/Main/19690/3172749/orkla-annual-report-2012.pdf","Exact: NOK 24m of NOK 8,775m external sales revenues (customer location); restated comparative in AR2012"
2010,Orkla Foods Nordic (2008-2012 definition),Norway,42.72,"Orkla Annual Report 2010, segment note (sales revenues by geographical market): https://www.orkla.com/files/Main/19690/3173255/annual-report-2010.pdf","Exact: NOK 3,983m of NOK 9,324m external sales revenues (customer location); as reported"
2010,Orkla Foods Nordic (2008-2012 definition),Sweden,34.35,"Orkla Annual Report 2010, segment note (sales revenues by geographical market): https://www.orkla.com/files/Main/19690/3173255/annual-report-2010.pdf","Exact: NOK 3,203m of NOK 9,324m external sales revenues (customer location); as reported"
2010,Orkla Foods Nordic (2008-2012 definition),Denmark,5.85,"Orkla Annual Report 2010, segment note (sales revenues by geographical market): https://www.orkla.com/files/Main/19690/3173255/annual-report-2010.pdf","Exact: NOK 545m of NOK 9,324m external sales revenues (customer location); as reported"
2010,Orkla Foods Nordic (2008-2012 definition),Finland and Iceland,10.53,"Orkla Annual Report 2010, segment note (sales revenues by geographical market): https://www.orkla.com/files/Main/19690/3173255/annual-report-2010.pdf","Exact: NOK 982m of NOK 9,324m external sales revenues (customer location); as reported"
2010,Orkla Foods Nordic (2008-2012 definition),Rest of Western Europe,1.88,"Orkla Annual Report 2010, segment note (sales revenues by geographical market): https://www.orkla.com/files/Main/19690/3173255/annual-report-2010.pdf","Exact: NOK 175m of NOK 9,324m external sales revenues (customer location); as reported"
2010,Orkla Foods Nordic (2008-2012 definition),Central and Eastern Europe,4.11,"Orkla Annual Report 2010, segment note (sales revenues by geographical market): https://www.orkla.com/files/Main/19690/3173255/annual-report-2010.pdf","Exact: NOK 383m of NOK 9,324m external sales revenues (customer location); as reported"
2010,Orkla Foods Nordic (2008-2012 definition),Asia,0.04,"Orkla Annual Report 2010, segment note (sales revenues by geographical market): https://www.orkla.com/files/Main/19690/3173255/annual-report-2010.pdf","Exact: NOK 4m of NOK 9,324m external sales revenues (customer location); as reported"
2010,Orkla Foods Nordic (2008-2012 definition),North America,0.53,"Orkla Annual Report 2010, segment note (sales revenues by geographical market): https://www.orkla.com/files/Main/19690/3173255/annual-report-2010.pdf","Exact: NOK 49m of NOK 9,324m external sales revenues (customer location); as reported"
2010,Orkla International (2013-2014),Rest of Western Europe,12.9,"Orkla Annual Report 2012, segment note (sales revenues by geographical market): https://www.orkla.com/files/Main/19690/3172749/orkla-annual-report-2012.pdf","Exact: NOK 253m of NOK 1,961m external sales revenues (customer location); restated comparative in AR2012"
2010,Orkla International (2013-2014),Central and Eastern Europe,65.73,"Orkla Annual Report 2012, segment note (sales revenues by geographical market): https://www.orkla.com/files/Main/19690/3172749/orkla-annual-report-2012.pdf","Exact: NOK 1,289m of NOK 1,961m external sales revenues (customer location); restated comparative in AR2012"
2010,Orkla International (2013-2014),Asia,20.19,"Orkla Annual Report 2012, segment note (sales revenues by geographical market): https://www.orkla.com/files/Main/19690/3172749/orkla-annual-report-2012.pdf","Exact: NOK 396m of NOK 1,961m external sales revenues (customer location); restated comparative in AR2012"
2010,Orkla International (2013-2014),North America,0.92,"Orkla Annual Report 2012, segment note (sales revenues by geographical market): https://www.orkla.com/files/Main/19690/3172749/orkla-annual-report-2012.pdf","Exact: NOK 18m of NOK 1,961m external sales revenues (customer location); restated comparative in AR2012"
2010,Orkla International (2013-2014),Rest of the world,0.25,"Orkla Annual Report 2012, segment note (sales revenues by geographical market): https://www.orkla.com/files/Main/19690/3172749/orkla-annual-report-2012.pdf","Exact: NOK 5m of NOK 1,961m external sales revenues (customer location); restated comparative in AR2012"
2011,Orkla Brands International (2008-2012 definition),Rest of Western Europe,11.84,"Orkla Annual Report 2011, segment note (sales revenues by geographical market): https://www.orkla.com/files/Main/19690/3172984/orkla-annual-report-2011.pdf","Exact: NOK 243m of NOK 2,052m external sales revenues (customer location); as reported"
2011,Orkla Brands International (2008-2012 definition),Central and Eastern Europe,65.35,"Orkla Annual Report 2011, segment note (sales revenues by geographical market): https://www.orkla.com/files/Main/19690/3172984/orkla-annual-report-2011.pdf","Exact: NOK 1,341m of NOK 2,052m external sales revenues (customer location); as reported"
2011,Orkla Brands International (2008-2012 definition),Asia,21.73,"Orkla Annual Report 2011, segment note (sales revenues by geographical market): https://www.orkla.com/files/Main/19690/3172984/orkla-annual-report-2011.pdf","Exact: NOK 446m of NOK 2,052m external sales revenues (customer location); as reported"
2011,Orkla Brands International (2008-2012 definition),North America,0.78,"Orkla Annual Report 2011, segment note (sales revenues by geographical market): https://www.orkla.com/files/Main/19690/3172984/orkla-annual-report-2011.pdf","Exact: NOK 16m of NOK 2,052m external sales revenues (customer location); as reported"
2011,Orkla Brands International (2008-2012 definition),Rest of the world,0.29,"Orkla Annual Report 2011, segment note (sales revenues by geographical market): https://www.orkla.com/files/Main/19690/3172984/orkla-annual-report-2011.pdf","Exact: NOK 6m of NOK 2,052m external sales revenues (customer location); as reported"
2011,Orkla Foods (2013-2014 definition),Norway,44.94,"Orkla Annual Report 2012, segment note (sales revenues by geographical market): https://www.orkla.com/files/Main/19690/3172749/orkla-annual-report-2012.pdf","Exact: NOK 3,942m of NOK 8,772m external sales revenues (customer location); restated comparative in AR2012"
2011,Orkla Foods (2013-2014 definition),Sweden,37.1,"Orkla Annual Report 2012, segment note (sales revenues by geographical market): https://www.orkla.com/files/Main/19690/3172749/orkla-annual-report-2012.pdf","Exact: NOK 3,254m of NOK 8,772m external sales revenues (customer location); restated comparative in AR2012"
2011,Orkla Foods (2013-2014 definition),Denmark,5.75,"Orkla Annual Report 2012, segment note (sales revenues by geographical market): https://www.orkla.com/files/Main/19690/3172749/orkla-annual-report-2012.pdf","Exact: NOK 504m of NOK 8,772m external sales revenues (customer location); restated comparative in AR2012"
2011,Orkla Foods (2013-2014 definition),Finland and Iceland,7.27,"Orkla Annual Report 2012, segment note (sales revenues by geographical market): https://www.orkla.com/files/Main/19690/3172749/orkla-annual-report-2012.pdf","Exact: NOK 638m of NOK 8,772m external sales revenues (customer location); restated comparative in AR2012"
2011,Orkla Foods (2013-2014 definition),Rest of Western Europe,1.56,"Orkla Annual Report 2012, segment note (sales revenues by geographical market): https://www.orkla.com/files/Main/19690/3172749/orkla-annual-report-2012.pdf","Exact: NOK 137m of NOK 8,772m external sales revenues (customer location); restated comparative in AR2012"
2011,Orkla Foods (2013-2014 definition),Central and Eastern Europe,3.07,"Orkla Annual Report 2012, segment note (sales revenues by geographical market): https://www.orkla.com/files/Main/19690/3172749/orkla-annual-report-2012.pdf","Exact: NOK 269m of NOK 8,772m external sales revenues (customer location); restated comparative in AR2012"
2011,Orkla Foods (2013-2014 definition),Asia,0.07,"Orkla Annual Report 2012, segment note (sales revenues by geographical market): https://www.orkla.com/files/Main/19690/3172749/orkla-annual-report-2012.pdf","Exact: NOK 6m of NOK 8,772m external sales revenues (customer location); restated comparative in AR2012"
2011,Orkla Foods (2013-2014 definition),North America,0.24,"Orkla Annual Report 2012, segment note (sales revenues by geographical market): https://www.orkla.com/files/Main/19690/3172749/orkla-annual-report-2012.pdf","Exact: NOK 21m of NOK 8,772m external sales revenues (customer location); restated comparative in AR2012"
2011,Orkla Foods (2013-2014 definition),Rest of the world,0.01,"Orkla Annual Report 2012, segment note (sales revenues by geographical market): https://www.orkla.com/files/Main/19690/3172749/orkla-annual-report-2012.pdf","Exact: NOK 1m of NOK 8,772m external sales revenues (customer location); restated comparative in AR2012"
2011,Orkla Foods Nordic (2008-2012 definition),Norway,42.17,"Orkla Annual Report 2011, segment note (sales revenues by geographical market): https://www.orkla.com/files/Main/19690/3172984/orkla-annual-report-2011.pdf","Exact: NOK 3,942m of NOK 9,348m external sales revenues (customer location); as reported"
2011,Orkla Foods Nordic (2008-2012 definition),Sweden,35.01,"Orkla Annual Report 2011, segment note (sales revenues by geographical market): https://www.orkla.com/files/Main/19690/3172984/orkla-annual-report-2011.pdf","Exact: NOK 3,273m of NOK 9,348m external sales revenues (customer location); as reported"
2011,Orkla Foods Nordic (2008-2012 definition),Denmark,5.43,"Orkla Annual Report 2011, segment note (sales revenues by geographical market): https://www.orkla.com/files/Main/19690/3172984/orkla-annual-report-2011.pdf","Exact: NOK 508m of NOK 9,348m external sales revenues (customer location); as reported"
2011,Orkla Foods Nordic (2008-2012 definition),Finland and Iceland,9.9,"Orkla Annual Report 2011, segment note (sales revenues by geographical market): https://www.orkla.com/files/Main/19690/3172984/orkla-annual-report-2011.pdf","Exact: NOK 925m of NOK 9,348m external sales revenues (customer location); as reported"
2011,Orkla Foods Nordic (2008-2012 definition),Rest of Western Europe,1.79,"Orkla Annual Report 2011, segment note (sales revenues by geographical market): https://www.orkla.com/files/Main/19690/3172984/orkla-annual-report-2011.pdf","Exact: NOK 167m of NOK 9,348m external sales revenues (customer location); as reported"
2011,Orkla Foods Nordic (2008-2012 definition),Central and Eastern Europe,5.19,"Orkla Annual Report 2011, segment note (sales revenues by geographical market): https://www.orkla.com/files/Main/19690/3172984/orkla-annual-report-2011.pdf","Exact: NOK 485m of NOK 9,348m external sales revenues (customer location); as reported"
2011,Orkla Foods Nordic (2008-2012 definition),Asia,0.07,"Orkla Annual Report 2011, segment note (sales revenues by geographical market): https://www.orkla.com/files/Main/19690/3172984/orkla-annual-report-2011.pdf","Exact: NOK 7m of NOK 9,348m external sales revenues (customer location); as reported"
2011,Orkla Foods Nordic (2008-2012 definition),North America,0.43,"Orkla Annual Report 2011, segment note (sales revenues by geographical market): https://www.orkla.com/files/Main/19690/3172984/orkla-annual-report-2011.pdf","Exact: NOK 40m of NOK 9,348m external sales revenues (customer location); as reported"
2011,Orkla Foods Nordic (2008-2012 definition),Rest of the world,0.01,"Orkla Annual Report 2011, segment note (sales revenues by geographical market): https://www.orkla.com/files/Main/19690/3172984/orkla-annual-report-2011.pdf","Exact: NOK 1m of NOK 9,348m external sales revenues (customer location); as reported"
2011,Orkla International (2013-2014),Rest of Western Europe,11.84,"Orkla Annual Report 2012, segment note (sales revenues by geographical market): https://www.orkla.com/files/Main/19690/3172749/orkla-annual-report-2012.pdf","Exact: NOK 243m of NOK 2,052m external sales revenues (customer location); restated comparative in AR2012"
2011,Orkla International (2013-2014),Central and Eastern Europe,65.35,"Orkla Annual Report 2012, segment note (sales revenues by geographical market): https://www.orkla.com/files/Main/19690/3172749/orkla-annual-report-2012.pdf","Exact: NOK 1,341m of NOK 2,052m external sales revenues (customer location); restated comparative in AR2012"
2011,Orkla International (2013-2014),Asia,21.73,"Orkla Annual Report 2012, segment note (sales revenues by geographical market): https://www.orkla.com/files/Main/19690/3172749/orkla-annual-report-2012.pdf","Exact: NOK 446m of NOK 2,052m external sales revenues (customer location); restated comparative in AR2012"
2011,Orkla International (2013-2014),North America,0.78,"Orkla Annual Report 2012, segment note (sales revenues by geographical market): https://www.orkla.com/files/Main/19690/3172749/orkla-annual-report-2012.pdf","Exact: NOK 16m of NOK 2,052m external sales revenues (customer location); restated comparative in AR2012"
2011,Orkla International (2013-2014),Rest of the world,0.29,"Orkla Annual Report 2012, segment note (sales revenues by geographical market): https://www.orkla.com/files/Main/19690/3172749/orkla-annual-report-2012.pdf","Exact: NOK 6m of NOK 2,052m external sales revenues (customer location); restated comparative in AR2012"
2012,Orkla Foods (2013-2014 definition),Norway,40.09,"Orkla Annual Report 2012, segment note (sales revenues by geographical market): https://www.orkla.com/files/Main/19690/3172749/orkla-annual-report-2012.pdf","Exact: NOK 3,143m of NOK 7,839m external sales revenues (customer location); as reported"
2012,Orkla Foods (2013-2014 definition),Sweden,40.13,"Orkla Annual Report 2012, segment note (sales revenues by geographical market): https://www.orkla.com/files/Main/19690/3172749/orkla-annual-report-2012.pdf","Exact: NOK 3,146m of NOK 7,839m external sales revenues (customer location); as reported"
2012,Orkla Foods (2013-2014 definition),Denmark,5.87,"Orkla Annual Report 2012, segment note (sales revenues by geographical market): https://www.orkla.com/files/Main/19690/3172749/orkla-annual-report-2012.pdf","Exact: NOK 460m of NOK 7,839m external sales revenues (customer location); as reported"
2012,Orkla Foods (2013-2014 definition),Finland and Iceland,8.2,"Orkla Annual Report 2012, segment note (sales revenues by geographical market): https://www.orkla.com/files/Main/19690/3172749/orkla-annual-report-2012.pdf","Exact: NOK 643m of NOK 7,839m external sales revenues (customer location); as reported"
2012,Orkla Foods (2013-2014 definition),Rest of Western Europe,1.72,"Orkla Annual Report 2012, segment note (sales revenues by geographical market): https://www.orkla.com/files/Main/19690/3172749/orkla-annual-report-2012.pdf","Exact: NOK 135m of NOK 7,839m external sales revenues (customer location); as reported"
2012,Orkla Foods (2013-2014 definition),Central and Eastern Europe,3.52,"Orkla Annual Report 2012, segment note (sales revenues by geographical market): https://www.orkla.com/files/Main/19690/3172749/orkla-annual-report-2012.pdf","Exact: NOK 276m of NOK 7,839m external sales revenues (customer location); as reported"
2012,Orkla Foods (2013-2014 definition),Asia,0.1,"Orkla Annual Report 2012, segment note (sales revenues by geographical market): https://www.orkla.com/files/Main/19690/3172749/orkla-annual-report-2012.pdf","Exact: NOK 8m of NOK 7,839m external sales revenues (customer location); as reported"
2012,Orkla Foods (2013-2014 definition),North America,0.33,"Orkla Annual Report 2012, segment note (sales revenues by geographical market): https://www.orkla.com/files/Main/19690/3172749/orkla-annual-report-2012.pdf","Exact: NOK 26m of NOK 7,839m external sales revenues (customer location); as reported"
2012,Orkla Foods (2013-2014 definition),South and Central America,0.01,"Orkla Annual Report 2012, segment note (sales revenues by geographical market): https://www.orkla.com/files/Main/19690/3172749/orkla-annual-report-2012.pdf","Exact: NOK 1m of NOK 7,839m external sales revenues (customer location); as reported"
2012,Orkla Foods (2013-2014 definition),Rest of the world,0.01,"Orkla Annual Report 2012, segment note (sales revenues by geographical market): https://www.orkla.com/files/Main/19690/3172749/orkla-annual-report-2012.pdf","Exact: NOK 1m of NOK 7,839m external sales revenues (customer location); as reported"
2012,Orkla Foods (2015-2022 definition),Norway,36.77,"Orkla Annual Report 2014, segment note (sales revenues by geographical market): https://www.orkla.com/files/Main/19690/3172097/orkla-annual-report-2014.pdf","Exact: NOK 3,143m of NOK 8,547m external sales revenues (customer location); restated comparative in AR2014"
2012,Orkla Foods (2015-2022 definition),Sweden,36.81,"Orkla Annual Report 2014, segment note (sales revenues by geographical market): https://www.orkla.com/files/Main/19690/3172097/orkla-annual-report-2014.pdf","Exact: NOK 3,146m of NOK 8,547m external sales revenues (customer location); restated comparative in AR2014"
2012,Orkla Foods (2015-2022 definition),Denmark,5.38,"Orkla Annual Report 2014, segment note (sales revenues by geographical market): https://www.orkla.com/files/Main/19690/3172097/orkla-annual-report-2014.pdf","Exact: NOK 460m of NOK 8,547m external sales revenues (customer location); restated comparative in AR2014"
2012,Orkla Foods (2015-2022 definition),Finland and Iceland,7.52,"Orkla Annual Report 2014, segment note (sales revenues by geographical market): https://www.orkla.com/files/Main/19690/3172097/orkla-annual-report-2014.pdf","Exact: NOK 643m of NOK 8,547m external sales revenues (customer location); restated comparative in AR2014"
2012,Orkla Foods (2015-2022 definition),The Baltics,3.04,"Orkla Annual Report 2014, segment note (sales revenues by geographical market): https://www.orkla.com/files/Main/19690/3172097/orkla-annual-report-2014.pdf","Exact: NOK 260m of NOK 8,547m external sales revenues (customer location); restated comparative in AR2014"
2012,Orkla Foods (2015-2022 definition),Rest of Europe,4.77,"Orkla Annual Report 2014, segment note (sales revenues by geographical market): https://www.orkla.com/files/Main/19690/3172097/orkla-annual-report-2014.pdf","Exact: NOK 408m of NOK 8,547m external sales revenues (customer location); restated comparative in AR2014"
2012,Orkla Foods (2015-2022 definition),Rest of the world,5.7,"Orkla Annual Report 2014, segment note (sales revenues by geographical market): https://www.orkla.com/files/Main/19690/3172097/orkla-annual-report-2014.pdf","Exact: NOK 487m of NOK 8,547m external sales revenues (customer location); restated comparative in AR2014"
2012,Orkla International (2013-2014),Rest of Western Europe,11.89,"Orkla Annual Report 2012, segment note (sales revenues by geographical market): https://www.orkla.com/files/Main/19690/3172749/orkla-annual-report-2012.pdf","Exact: NOK 247m of NOK 2,077m external sales revenues (customer location); as reported"
2012,Orkla International (2013-2014),Central and Eastern Europe,63.22,"Orkla Annual Report 2012, segment note (sales revenues by geographical market): https://www.orkla.com/files/Main/19690/3172749/orkla-annual-report-2012.pdf","Exact: NOK 1,313m of NOK 2,077m external sales revenues (customer location); as reported"
2012,Orkla International (2013-2014),Asia,24.07,"Orkla Annual Report 2012, segment note (sales revenues by geographical market): https://www.orkla.com/files/Main/19690/3172749/orkla-annual-report-2012.pdf","Exact: NOK 500m of NOK 2,077m external sales revenues (customer location); as reported"
2012,Orkla International (2013-2014),North America,0.77,"Orkla Annual Report 2012, segment note (sales revenues by geographical market): https://www.orkla.com/files/Main/19690/3172749/orkla-annual-report-2012.pdf","Exact: NOK 16m of NOK 2,077m external sales revenues (customer location); as reported"
2012,Orkla International (2013-2014),Rest of the world,0.05,"Orkla Annual Report 2012, segment note (sales revenues by geographical market): https://www.orkla.com/files/Main/19690/3172749/orkla-annual-report-2012.pdf","Exact: NOK 1m of NOK 2,077m external sales revenues (customer location); as reported"
2013,Orkla Foods (2013-2014 definition),Norway,42.9,"Orkla Annual Report 2013, segment note (sales revenues by geographical market): https://www.orkla.com/files/Main/19690/3172486/orkla-annual-report-2013.pdf","Exact: NOK 4,174m of NOK 9,730m external sales revenues (customer location); as reported"
2013,Orkla Foods (2013-2014 definition),Sweden,36.96,"Orkla Annual Report 2013, segment note (sales revenues by geographical market): https://www.orkla.com/files/Main/19690/3172486/orkla-annual-report-2013.pdf","Exact: NOK 3,596m of NOK 9,730m external sales revenues (customer location); as reported"
2013,Orkla Foods (2013-2014 definition),Denmark,7.58,"Orkla Annual Report 2013, segment note (sales revenues by geographical market): https://www.orkla.com/files/Main/19690/3172486/orkla-annual-report-2013.pdf","Exact: NOK 738m of NOK 9,730m external sales revenues (customer location); as reported"
2013,Orkla Foods (2013-2014 definition),Finland and Iceland,7.15,"Orkla Annual Report 2013, segment note (sales revenues by geographical market): https://www.orkla.com/files/Main/19690/3172486/orkla-annual-report-2013.pdf","Exact: NOK 696m of NOK 9,730m external sales revenues (customer location); as reported"
2013,Orkla Foods (2013-2014 definition),Rest of Western Europe,2.01,"Orkla Annual Report 2013, segment note (sales revenues by geographical market): https://www.orkla.com/files/Main/19690/3172486/orkla-annual-report-2013.pdf","Exact: NOK 196m of NOK 9,730m external sales revenues (customer location); as reported"
2013,Orkla Foods (2013-2014 definition),Central and Eastern Europe,3.11,"Orkla Annual Report 2013, segment note (sales revenues by geographical market): https://www.orkla.com/files/Main/19690/3172486/orkla-annual-report-2013.pdf","Exact: NOK 303m of NOK 9,730m external sales revenues (customer location); as reported"
2013,Orkla Foods (2013-2014 definition),Asia,0.08,"Orkla Annual Report 2013, segment note (sales revenues by geographical market): https://www.orkla.com/files/Main/19690/3172486/orkla-annual-report-2013.pdf","Exact: NOK 8m of NOK 9,730m external sales revenues (customer location); as reported"
2013,Orkla Foods (2013-2014 definition),North America,0.2,"Orkla Annual Report 2013, segment note (sales revenues by geographical market): https://www.orkla.com/files/Main/19690/3172486/orkla-annual-report-2013.pdf","Exact: NOK 19m of NOK 9,730m external sales revenues (customer location); as reported"
2013,Orkla Foods (2013-2014 definition) incl. Rieber & Søn pro forma,Norway,48,"Orkla Investor Day 26 Sep 2013, Orkla Foods presentation p.5 ('A broad portfolio with 80% of revenues from Norway and Sweden')","APPROXIMATE (rounded pie chart; basis year not stated, likely 2012 pro forma incl. Rieber & Søn Nordic food). https://www.orkla.com/files/Documents/Investors/CMD/archive/Orkla-Investor-Day-2013-Orkla-Foods.pdf"
2013,Orkla Foods (2013-2014 definition) incl. Rieber & Søn pro forma,Sweden,31,"Orkla Investor Day 26 Sep 2013, Orkla Foods presentation p.5 ('A broad portfolio with 80% of revenues from Norway and Sweden')","APPROXIMATE (rounded pie chart; basis year not stated, likely 2012 pro forma incl. Rieber & Søn Nordic food). https://www.orkla.com/files/Documents/Investors/CMD/archive/Orkla-Investor-Day-2013-Orkla-Foods.pdf"
2013,Orkla Foods (2013-2014 definition) incl. Rieber & Søn pro forma,Denmark,11,"Orkla Investor Day 26 Sep 2013, Orkla Foods presentation p.5 ('A broad portfolio with 80% of revenues from Norway and Sweden')","APPROXIMATE (rounded pie chart; basis year not stated, likely 2012 pro forma incl. Rieber & Søn Nordic food). https://www.orkla.com/files/Documents/Investors/CMD/archive/Orkla-Investor-Day-2013-Orkla-Foods.pdf"
2013,Orkla Foods (2013-2014 definition) incl. Rieber & Søn pro forma,Finland,6,"Orkla Investor Day 26 Sep 2013, Orkla Foods presentation p.5 ('A broad portfolio with 80% of revenues from Norway and Sweden')","APPROXIMATE (rounded pie chart; basis year not stated, likely 2012 pro forma incl. Rieber & Søn Nordic food). https://www.orkla.com/files/Documents/Investors/CMD/archive/Orkla-Investor-Day-2013-Orkla-Foods.pdf"
2013,Orkla Foods (2013-2014 definition) incl. Rieber & Søn pro forma,Baltics,2,"Orkla Investor Day 26 Sep 2013, Orkla Foods presentation p.5 ('A broad portfolio with 80% of revenues from Norway and Sweden')","APPROXIMATE (rounded pie chart; basis year not stated, likely 2012 pro forma incl. Rieber & Søn Nordic food). https://www.orkla.com/files/Documents/Investors/CMD/archive/Orkla-Investor-Day-2013-Orkla-Foods.pdf"
2013,Orkla Foods (2013-2014 definition) incl. Rieber & Søn pro forma,Other,2,"Orkla Investor Day 26 Sep 2013, Orkla Foods presentation p.5 ('A broad portfolio with 80% of revenues from Norway and Sweden')","APPROXIMATE (rounded pie chart; basis year not stated, likely 2012 pro forma incl. Rieber & Søn Nordic food). https://www.orkla.com/files/Documents/Investors/CMD/archive/Orkla-Investor-Day-2013-Orkla-Foods.pdf"
2013,Orkla Foods (2015-2022 definition),Norway,37.84,"Orkla Annual Report 2014, segment note (sales revenues by geographical market): https://www.orkla.com/files/Main/19690/3172097/orkla-annual-report-2014.pdf","Exact: NOK 4,175m of NOK 11,033m external sales revenues (customer location); restated comparative in AR2014"
2013,Orkla Foods (2015-2022 definition),Sweden,32.59,"Orkla Annual Report 2014, segment note (sales revenues by geographical market): https://www.orkla.com/files/Main/19690/3172097/orkla-annual-report-2014.pdf","Exact: NOK 3,596m of NOK 11,033m external sales revenues (customer location); restated comparative in AR2014"
2013,Orkla Foods (2015-2022 definition),Denmark,6.69,"Orkla Annual Report 2014, segment note (sales revenues by geographical market): https://www.orkla.com/files/Main/19690/3172097/orkla-annual-report-2014.pdf","Exact: NOK 738m of NOK 11,033m external sales revenues (customer location); restated comparative in AR2014"
2013,Orkla Foods (2015-2022 definition),Finland and Iceland,6.34,"Orkla Annual Report 2014, segment note (sales revenues by geographical market): https://www.orkla.com/files/Main/19690/3172097/orkla-annual-report-2014.pdf","Exact: NOK 699m of NOK 11,033m external sales revenues (customer location); restated comparative in AR2014"
2013,Orkla Foods (2015-2022 definition),The Baltics,2.56,"Orkla Annual Report 2014, segment note (sales revenues by geographical market): https://www.orkla.com/files/Main/19690/3172097/orkla-annual-report-2014.pdf","Exact: NOK 282m of NOK 11,033m external sales revenues (customer location); restated comparative in AR2014"
2013,Orkla Foods (2015-2022 definition),Rest of Europe,9.37,"Orkla Annual Report 2014, segment note (sales revenues by geographical market): https://www.orkla.com/files/Main/19690/3172097/orkla-annual-report-2014.pdf","Exact: NOK 1,034m of NOK 11,033m external sales revenues (customer location); restated comparative in AR2014"
2013,Orkla Foods (2015-2022 definition),Rest of the world,4.61,"Orkla Annual Report 2014, segment note (sales revenues by geographical market): https://www.orkla.com/files/Main/19690/3172097/orkla-annual-report-2014.pdf","Exact: NOK 509m of NOK 11,033m external sales revenues (customer location); restated comparative in AR2014"
2013,Orkla International (2013-2014),Norway,0.04,"Orkla Annual Report 2013, segment note (sales revenues by geographical market): https://www.orkla.com/files/Main/19690/3172486/orkla-annual-report-2013.pdf","Exact: NOK 1m of NOK 2,508m external sales revenues (customer location); as reported"
2013,Orkla International (2013-2014),Finland and Iceland,0.12,"Orkla Annual Report 2013, segment note (sales revenues by geographical market): https://www.orkla.com/files/Main/19690/3172486/orkla-annual-report-2013.pdf","Exact: NOK 3m of NOK 2,508m external sales revenues (customer location); as reported"
2013,Orkla International (2013-2014),Rest of Western Europe,12.8,"Orkla Annual Report 2013, segment note (sales revenues by geographical market): https://www.orkla.com/files/Main/19690/3172486/orkla-annual-report-2013.pdf","Exact: NOK 321m of NOK 2,508m external sales revenues (customer location); as reported"
2013,Orkla International (2013-2014),Central and Eastern Europe,65.11,"Orkla Annual Report 2013, segment note (sales revenues by geographical market): https://www.orkla.com/files/Main/19690/3172486/orkla-annual-report-2013.pdf","Exact: NOK 1,633m of NOK 2,508m external sales revenues (customer location); as reported"
2013,Orkla International (2013-2014),Asia,20.77,"Orkla Annual Report 2013, segment note (sales revenues by geographical market): https://www.orkla.com/files/Main/19690/3172486/orkla-annual-report-2013.pdf","Exact: NOK 521m of NOK 2,508m external sales revenues (customer location); as reported"
2013,Orkla International (2013-2014),North America,0.88,"Orkla Annual Report 2013, segment note (sales revenues by geographical market): https://www.orkla.com/files/Main/19690/3172486/orkla-annual-report-2013.pdf","Exact: NOK 22m of NOK 2,508m external sales revenues (customer location); as reported"
2013,Orkla International (2013-2014),Rest of the world,0.28,"Orkla Annual Report 2013, segment note (sales revenues by geographical market): https://www.orkla.com/files/Main/19690/3172486/orkla-annual-report-2013.pdf","Exact: NOK 7m of NOK 2,508m external sales revenues (customer location); as reported"
2014,Orkla Foods (2015-2022 definition),Norway,37.64,"Orkla Annual Report 2014, segment note (sales revenues by geographical market): https://www.orkla.com/files/Main/19690/3172097/orkla-annual-report-2014.pdf","Exact: NOK 4,581m of NOK 12,170m external sales revenues (customer location); as reported"
2014,Orkla Foods (2015-2022 definition),Sweden,30.66,"Orkla Annual Report 2014, segment note (sales revenues by geographical market): https://www.orkla.com/files/Main/19690/3172097/orkla-annual-report-2014.pdf","Exact: NOK 3,731m of NOK 12,170m external sales revenues (customer location); as reported"
2014,Orkla Foods (2015-2022 definition),Denmark,7.04,"Orkla Annual Report 2014, segment note (sales revenues by geographical market): https://www.orkla.com/files/Main/19690/3172097/orkla-annual-report-2014.pdf","Exact: NOK 857m of NOK 12,170m external sales revenues (customer location); as reported"
2014,Orkla Foods (2015-2022 definition),Finland and Iceland,6.29,"Orkla Annual Report 2014, segment note (sales revenues by geographical market): https://www.orkla.com/files/Main/19690/3172097/orkla-annual-report-2014.pdf","Exact: NOK 765m of NOK 12,170m external sales revenues (customer location); as reported"
2014,Orkla Foods (2015-2022 definition),The Baltics,2.79,"Orkla Annual Report 2014, segment note (sales revenues by geographical market): https://www.orkla.com/files/Main/19690/3172097/orkla-annual-report-2014.pdf","Exact: NOK 339m of NOK 12,170m external sales revenues (customer location); as reported"
2014,Orkla Foods (2015-2022 definition),Rest of Europe,10.53,"Orkla Annual Report 2014, segment note (sales revenues by geographical market): https://www.orkla.com/files/Main/19690/3172097/orkla-annual-report-2014.pdf","Exact: NOK 1,281m of NOK 12,170m external sales revenues (customer location); as reported"
2014,Orkla Foods (2015-2022 definition),Rest of the world,5.06,"Orkla Annual Report 2014, segment note (sales revenues by geographical market): https://www.orkla.com/files/Main/19690/3172097/orkla-annual-report-2014.pdf","Exact: NOK 616m of NOK 12,170m external sales revenues (customer location); as reported"
2014,Orkla Foods (2015-2022 definition),Norway,39,"Orkla Investor Day 11 Sep 2015, A.V. Nagel-Johansen 'Growing with local consumers and customers' p.2 ('85% of revenues from the Nordics')","APPROXIMATE (rounded pie chart, pre-Hamé; basis likely 2014/LTM mid-2015). Gives the only published country split of Rest of Europe/Rest of world: CZ = Vitana, AT = Felix Austria, India = MTR. https://www.orkla.com/files/Documents/Investors/CMD/archive/Atle-Vidar-Nagel-Johansen-Growing-with-local-consumers-and-customers.pdf"
2014,Orkla Foods (2015-2022 definition),Sweden,31,"Orkla Investor Day 11 Sep 2015, A.V. Nagel-Johansen 'Growing with local consumers and customers' p.2 ('85% of revenues from the Nordics')","APPROXIMATE (rounded pie chart, pre-Hamé; basis likely 2014/LTM mid-2015). Gives the only published country split of Rest of Europe/Rest of world: CZ = Vitana, AT = Felix Austria, India = MTR. https://www.orkla.com/files/Documents/Investors/CMD/archive/Atle-Vidar-Nagel-Johansen-Growing-with-local-consumers-and-customers.pdf"
2014,Orkla Foods (2015-2022 definition),Denmark,9,"Orkla Investor Day 11 Sep 2015, A.V. Nagel-Johansen 'Growing with local consumers and customers' p.2 ('85% of revenues from the Nordics')","APPROXIMATE (rounded pie chart, pre-Hamé; basis likely 2014/LTM mid-2015). Gives the only published country split of Rest of Europe/Rest of world: CZ = Vitana, AT = Felix Austria, India = MTR. https://www.orkla.com/files/Documents/Investors/CMD/archive/Atle-Vidar-Nagel-Johansen-Growing-with-local-consumers-and-customers.pdf"
2014,Orkla Foods (2015-2022 definition),Finland,6,"Orkla Investor Day 11 Sep 2015, A.V. Nagel-Johansen 'Growing with local consumers and customers' p.2 ('85% of revenues from the Nordics')","APPROXIMATE (rounded pie chart, pre-Hamé; basis likely 2014/LTM mid-2015). Gives the only published country split of Rest of Europe/Rest of world: CZ = Vitana, AT = Felix Austria, India = MTR. https://www.orkla.com/files/Documents/Investors/CMD/archive/Atle-Vidar-Nagel-Johansen-Growing-with-local-consumers-and-customers.pdf"
2014,Orkla Foods (2015-2022 definition),Baltics,3,"Orkla Investor Day 11 Sep 2015, A.V. Nagel-Johansen 'Growing with local consumers and customers' p.2 ('85% of revenues from the Nordics')","APPROXIMATE (rounded pie chart, pre-Hamé; basis likely 2014/LTM mid-2015). Gives the only published country split of Rest of Europe/Rest of world: CZ = Vitana, AT = Felix Austria, India = MTR. https://www.orkla.com/files/Documents/Investors/CMD/archive/Atle-Vidar-Nagel-Johansen-Growing-with-local-consumers-and-customers.pdf"
2014,Orkla Foods (2015-2022 definition),Czech Republic,4,"Orkla Investor Day 11 Sep 2015, A.V. Nagel-Johansen 'Growing with local consumers and customers' p.2 ('85% of revenues from the Nordics')","APPROXIMATE (rounded pie chart, pre-Hamé; basis likely 2014/LTM mid-2015). Gives the only published country split of Rest of Europe/Rest of world: CZ = Vitana, AT = Felix Austria, India = MTR. https://www.orkla.com/files/Documents/Investors/CMD/archive/Atle-Vidar-Nagel-Johansen-Growing-with-local-consumers-and-customers.pdf"
2014,Orkla Foods (2015-2022 definition),Austria,3,"Orkla Investor Day 11 Sep 2015, A.V. Nagel-Johansen 'Growing with local consumers and customers' p.2 ('85% of revenues from the Nordics')","APPROXIMATE (rounded pie chart, pre-Hamé; basis likely 2014/LTM mid-2015). Gives the only published country split of Rest of Europe/Rest of world: CZ = Vitana, AT = Felix Austria, India = MTR. https://www.orkla.com/files/Documents/Investors/CMD/archive/Atle-Vidar-Nagel-Johansen-Growing-with-local-consumers-and-customers.pdf"
2014,Orkla Foods (2015-2022 definition),India,5,"Orkla Investor Day 11 Sep 2015, A.V. Nagel-Johansen 'Growing with local consumers and customers' p.2 ('85% of revenues from the Nordics')","APPROXIMATE (rounded pie chart, pre-Hamé; basis likely 2014/LTM mid-2015). Gives the only published country split of Rest of Europe/Rest of world: CZ = Vitana, AT = Felix Austria, India = MTR. https://www.orkla.com/files/Documents/Investors/CMD/archive/Atle-Vidar-Nagel-Johansen-Growing-with-local-consumers-and-customers.pdf"
2015,Orkla Foods (2015-2022 definition),Norway,36.01,"Orkla Annual Report 2015, segment note (sales revenues by geographical market): https://www.orkla.com/files/Main/19690/3171800/orkla-annual-report-2015.pdf","Exact: NOK 4,749m of NOK 13,189m external sales revenues (customer location); as reported"
2015,Orkla Foods (2015-2022 definition),Sweden,31.2,"Orkla Annual Report 2015, segment note (sales revenues by geographical market): https://www.orkla.com/files/Main/19690/3171800/orkla-annual-report-2015.pdf","Exact: NOK 4,115m of NOK 13,189m external sales revenues (customer location); as reported"
2015,Orkla Foods (2015-2022 definition),Denmark,7.16,"Orkla Annual Report 2015, segment note (sales revenues by geographical market): https://www.orkla.com/files/Main/19690/3171800/orkla-annual-report-2015.pdf","Exact: NOK 944m of NOK 13,189m external sales revenues (customer location); as reported"
2015,Orkla Foods (2015-2022 definition),Finland and Iceland,6.51,"Orkla Annual Report 2015, segment note (sales revenues by geographical market): https://www.orkla.com/files/Main/19690/3171800/orkla-annual-report-2015.pdf","Exact: NOK 858m of NOK 13,189m external sales revenues (customer location); as reported"
2015,Orkla Foods (2015-2022 definition),The Baltics,3.02,"Orkla Annual Report 2015, segment note (sales revenues by geographical market): https://www.orkla.com/files/Main/19690/3171800/orkla-annual-report-2015.pdf","Exact: NOK 398m of NOK 13,189m external sales revenues (customer location); as reported"
2015,Orkla Foods (2015-2022 definition),Rest of Europe,9.64,"Orkla Annual Report 2015, segment note (sales revenues by geographical market): https://www.orkla.com/files/Main/19690/3171800/orkla-annual-report-2015.pdf","Exact: NOK 1,272m of NOK 13,189m external sales revenues (customer location); as reported"
2015,Orkla Foods (2015-2022 definition),Rest of the world,6.47,"Orkla Annual Report 2015, segment note (sales revenues by geographical market): https://www.orkla.com/files/Main/19690/3171800/orkla-annual-report-2015.pdf","Exact: NOK 853m of NOK 13,189m external sales revenues (customer location); as reported"
2015,Orkla Foods (2015-2022 definition),India (Rest of the world proxy),,AR segment notes 2015-2021,"For Orkla Foods 2015-Q2 2022 the 'Rest of the world' row is essentially India (MTR Foods; Eastern Condiments from Apr 2021) plus minor exports; Orkla India revenue 2021 NOK 1,869m vs Orkla Foods RoW sales NOK 1,976m"
2016,Orkla Foods (2015-2022 definition),Norway,31.16,"Orkla Annual Report 2016, segment note (sales revenues by geographical market): https://www.orkla.com/files/Main/19690/3171579/orkla-annual-report-2016.pdf","Exact: NOK 4,798m of NOK 15,399m external sales revenues (customer location); as reported"
2016,Orkla Foods (2015-2022 definition),Sweden,28.39,"Orkla Annual Report 2016, segment note (sales revenues by geographical market): https://www.orkla.com/files/Main/19690/3171579/orkla-annual-report-2016.pdf","Exact: NOK 4,372m of NOK 15,399m external sales revenues (customer location); as reported"
2016,Orkla Foods (2015-2022 definition),Denmark,7.98,"Orkla Annual Report 2016, segment note (sales revenues by geographical market): https://www.orkla.com/files/Main/19690/3171579/orkla-annual-report-2016.pdf","Exact: NOK 1,229m of NOK 15,399m external sales revenues (customer location); as reported"
2016,Orkla Foods (2015-2022 definition),Finland and Iceland,5.68,"Orkla Annual Report 2016, segment note (sales revenues by geographical market): https://www.orkla.com/files/Main/19690/3171579/orkla-annual-report-2016.pdf","Exact: NOK 874m of NOK 15,399m external sales revenues (customer location); as reported"
2016,Orkla Foods (2015-2022 definition),The Baltics,2.88,"Orkla Annual Report 2016, segment note (sales revenues by geographical market): https://www.orkla.com/files/Main/19690/3171579/orkla-annual-report-2016.pdf","Exact: NOK 444m of NOK 15,399m external sales revenues (customer location); as reported"
2016,Orkla Foods (2015-2022 definition),Rest of Europe,17.9,"Orkla Annual Report 2016, segment note (sales revenues by geographical market): https://www.orkla.com/files/Main/19690/3171579/orkla-annual-report-2016.pdf","Exact: NOK 2,756m of NOK 15,399m external sales revenues (customer location); as reported"
2016,Orkla Foods (2015-2022 definition),Rest of the world,6.01,"Orkla Annual Report 2016, segment note (sales revenues by geographical market): https://www.orkla.com/files/Main/19690/3171579/orkla-annual-report-2016.pdf","Exact: NOK 926m of NOK 15,399m external sales revenues (customer location); as reported"
2017,Orkla Foods (2015-2022 definition),Norway,29.88,"Orkla Annual Report 2017, segment note (sales revenues by geographical market): https://www.orkla.com/files/Main/19690/3171356/annual-report-2017.pdf","Exact: NOK 4,789m of NOK 16,029m external sales revenues (customer location); as reported"
2017,Orkla Foods (2015-2022 definition),Sweden,27.19,"Orkla Annual Report 2017, segment note (sales revenues by geographical market): https://www.orkla.com/files/Main/19690/3171356/annual-report-2017.pdf","Exact: NOK 4,358m of NOK 16,029m external sales revenues (customer location); as reported"
2017,Orkla Foods (2015-2022 definition),Denmark,8.22,"Orkla Annual Report 2017, segment note (sales revenues by geographical market): https://www.orkla.com/files/Main/19690/3171356/annual-report-2017.pdf","Exact: NOK 1,318m of NOK 16,029m external sales revenues (customer location); as reported"
2017,Orkla Foods (2015-2022 definition),Finland and Iceland,5.58,"Orkla Annual Report 2017, segment note (sales revenues by geographical market): https://www.orkla.com/files/Main/19690/3171356/annual-report-2017.pdf","Exact: NOK 895m of NOK 16,029m external sales revenues (customer location); as reported"
2017,Orkla Foods (2015-2022 definition),The Baltics,2.84,"Orkla Annual Report 2017, segment note (sales revenues by geographical market): https://www.orkla.com/files/Main/19690/3171356/annual-report-2017.pdf","Exact: NOK 456m of NOK 16,029m external sales revenues (customer location); as reported"
2017,Orkla Foods (2015-2022 definition),Rest of Europe,20.19,"Orkla Annual Report 2017, segment note (sales revenues by geographical market): https://www.orkla.com/files/Main/19690/3171356/annual-report-2017.pdf","Exact: NOK 3,237m of NOK 16,029m external sales revenues (customer location); as reported"
2017,Orkla Foods (2015-2022 definition),Rest of the world,6.09,"Orkla Annual Report 2017, segment note (sales revenues by geographical market): https://www.orkla.com/files/Main/19690/3171356/annual-report-2017.pdf","Exact: NOK 976m of NOK 16,029m external sales revenues (customer location); as reported"
2017,Orkla Foods (2015-2022 definition),Czech Republic + Slovakia,12.0,Project estimate decomposing AR 'Rest of Europe' (see notes),"ESTIMATE (derived by this project, not published by Orkla): splits the exact 'Rest of Europe' share from the AR segment note into countries using Hamé 2015 sales NOK 1.7bn (~70% CZ+SK; press release 31 Mar 2016), Investor Day 2015 shares (CZ Vitana ~4%, AT Felix Austria ~3%), Hamé Russia NOK 184m (2021), Khell-Food HU NOK 85m, CMD-2023 revenue buckets, and CZK/EUR vs NOK moves. Use only for rough macro weighting; uncertainty +/-2pp."
2017,Orkla Foods (2015-2022 definition),Austria,2.8,Project estimate decomposing AR 'Rest of Europe' (see notes),"ESTIMATE (derived by this project, not published by Orkla): splits the exact 'Rest of Europe' share from the AR segment note into countries using Hamé 2015 sales NOK 1.7bn (~70% CZ+SK; press release 31 Mar 2016), Investor Day 2015 shares (CZ Vitana ~4%, AT Felix Austria ~3%), Hamé Russia NOK 184m (2021), Khell-Food HU NOK 85m, CMD-2023 revenue buckets, and CZK/EUR vs NOK moves. Use only for rough macro weighting; uncertainty +/-2pp."
2017,Orkla Foods (2015-2022 definition),"Other Europe (HU, RO, RU, PL, DE/UK exports)",5.4,Project estimate decomposing AR 'Rest of Europe' (see notes),"ESTIMATE (derived by this project, not published by Orkla): splits the exact 'Rest of Europe' share from the AR segment note into countries using Hamé 2015 sales NOK 1.7bn (~70% CZ+SK; press release 31 Mar 2016), Investor Day 2015 shares (CZ Vitana ~4%, AT Felix Austria ~3%), Hamé Russia NOK 184m (2021), Khell-Food HU NOK 85m, CMD-2023 revenue buckets, and CZK/EUR vs NOK moves. Use only for rough macro weighting; uncertainty +/-2pp."
2018,Orkla Foods (2015-2022 definition),Norway,29.39,"Orkla Annual Report 2018, segment note (sales revenues by geographical market): https://www.orkla.com/files/Main/19690/3171091/annual-report-2018.pdf","Exact: NOK 4,668m of NOK 15,883m external sales revenues (customer location); as reported"
2018,Orkla Foods (2015-2022 definition),Sweden,26.83,"Orkla Annual Report 2018, segment note (sales revenues by geographical market): https://www.orkla.com/files/Main/19690/3171091/annual-report-2018.pdf","Exact: NOK 4,261m of NOK 15,883m external sales revenues (customer location); as reported"
2018,Orkla Foods (2015-2022 definition),Denmark,6.48,"Orkla Annual Report 2018, segment note (sales revenues by geographical market): https://www.orkla.com/files/Main/19690/3171091/annual-report-2018.pdf","Exact: NOK 1,029m of NOK 15,883m external sales revenues (customer location); as reported"
2018,Orkla Foods (2015-2022 definition),Finland and Iceland,5.97,"Orkla Annual Report 2018, segment note (sales revenues by geographical market): https://www.orkla.com/files/Main/19690/3171091/annual-report-2018.pdf","Exact: NOK 949m of NOK 15,883m external sales revenues (customer location); as reported"
2018,Orkla Foods (2015-2022 definition),The Baltics,3.07,"Orkla Annual Report 2018, segment note (sales revenues by geographical market): https://www.orkla.com/files/Main/19690/3171091/annual-report-2018.pdf","Exact: NOK 487m of NOK 15,883m external sales revenues (customer location); as reported"
2018,Orkla Foods (2015-2022 definition),Rest of Europe,21.95,"Orkla Annual Report 2018, segment note (sales revenues by geographical market): https://www.orkla.com/files/Main/19690/3171091/annual-report-2018.pdf","Exact: NOK 3,487m of NOK 15,883m external sales revenues (customer location); as reported"
2018,Orkla Foods (2015-2022 definition),Rest of the world,6.31,"Orkla Annual Report 2018, segment note (sales revenues by geographical market): https://www.orkla.com/files/Main/19690/3171091/annual-report-2018.pdf","Exact: NOK 1,002m of NOK 15,883m external sales revenues (customer location); as reported"
2019,Orkla Foods (2015-2022 definition),Norway,28.24,"Orkla Annual Report 2019, segment note (sales revenues by geographical market): https://www.orkla.com/files/Main/19690/3170896/orkla-annual-report-2019.pdf","Exact: NOK 4,706m of NOK 16,665m external sales revenues (customer location); as reported"
2019,Orkla Foods (2015-2022 definition),Sweden,26.8,"Orkla Annual Report 2019, segment note (sales revenues by geographical market): https://www.orkla.com/files/Main/19690/3170896/orkla-annual-report-2019.pdf","Exact: NOK 4,466m of NOK 16,665m external sales revenues (customer location); as reported"
2019,Orkla Foods (2015-2022 definition),Denmark,7.54,"Orkla Annual Report 2019, segment note (sales revenues by geographical market): https://www.orkla.com/files/Main/19690/3170896/orkla-annual-report-2019.pdf","Exact: NOK 1,256m of NOK 16,665m external sales revenues (customer location); as reported"
2019,Orkla Foods (2015-2022 definition),Finland and Iceland,5.87,"Orkla Annual Report 2019, segment note (sales revenues by geographical market): https://www.orkla.com/files/Main/19690/3170896/orkla-annual-report-2019.pdf","Exact: NOK 978m of NOK 16,665m external sales revenues (customer location); as reported"
2019,Orkla Foods (2015-2022 definition),The Baltics,3.13,"Orkla Annual Report 2019, segment note (sales revenues by geographical market): https://www.orkla.com/files/Main/19690/3170896/orkla-annual-report-2019.pdf","Exact: NOK 521m of NOK 16,665m external sales revenues (customer location); as reported"
2019,Orkla Foods (2015-2022 definition),Rest of Europe,21.65,"Orkla Annual Report 2019, segment note (sales revenues by geographical market): https://www.orkla.com/files/Main/19690/3170896/orkla-annual-report-2019.pdf","Exact: NOK 3,608m of NOK 16,665m external sales revenues (customer location); as reported"
2019,Orkla Foods (2015-2022 definition),Rest of the world,6.78,"Orkla Annual Report 2019, segment note (sales revenues by geographical market): https://www.orkla.com/files/Main/19690/3170896/orkla-annual-report-2019.pdf","Exact: NOK 1,130m of NOK 16,665m external sales revenues (customer location); as reported"
2020,Orkla Foods (2015-2022 definition),Norway,26.4,"Orkla Annual Report 2020, segment note (sales revenues by geographical market): https://www.orkla.com/files/Documents/Investors/Orkla_Annual_Report_2020.pdf","Exact: NOK 4,791m of NOK 18,151m external sales revenues (customer location); as reported"
2020,Orkla Foods (2015-2022 definition),Sweden,28.28,"Orkla Annual Report 2020, segment note (sales revenues by geographical market): https://www.orkla.com/files/Documents/Investors/Orkla_Annual_Report_2020.pdf","Exact: NOK 5,133m of NOK 18,151m external sales revenues (customer location); as reported"
2020,Orkla Foods (2015-2022 definition),Denmark,7.83,"Orkla Annual Report 2020, segment note (sales revenues by geographical market): https://www.orkla.com/files/Documents/Investors/Orkla_Annual_Report_2020.pdf","Exact: NOK 1,421m of NOK 18,151m external sales revenues (customer location); as reported"
2020,Orkla Foods (2015-2022 definition),Finland and Iceland,6.04,"Orkla Annual Report 2020, segment note (sales revenues by geographical market): https://www.orkla.com/files/Documents/Investors/Orkla_Annual_Report_2020.pdf","Exact: NOK 1,096m of NOK 18,151m external sales revenues (customer location); as reported"
2020,Orkla Foods (2015-2022 definition),The Baltics,3.15,"Orkla Annual Report 2020, segment note (sales revenues by geographical market): https://www.orkla.com/files/Documents/Investors/Orkla_Annual_Report_2020.pdf","Exact: NOK 571m of NOK 18,151m external sales revenues (customer location); as reported"
2020,Orkla Foods (2015-2022 definition),Rest of Europe,21.28,"Orkla Annual Report 2020, segment note (sales revenues by geographical market): https://www.orkla.com/files/Documents/Investors/Orkla_Annual_Report_2020.pdf","Exact: NOK 3,863m of NOK 18,151m external sales revenues (customer location); as reported"
2020,Orkla Foods (2015-2022 definition),Rest of the world,7.03,"Orkla Annual Report 2020, segment note (sales revenues by geographical market): https://www.orkla.com/files/Documents/Investors/Orkla_Annual_Report_2020.pdf","Exact: NOK 1,276m of NOK 18,151m external sales revenues (customer location); as reported"
2021,Orkla Foods (2015-2022 definition),Norway,26.12,"Orkla Annual Report 2021, segment note (sales revenues by geographical market): https://www.orkla.com/files/Main/19690/3531944/orkla-annual-report-2021.pdf","Exact: NOK 4,856m of NOK 18,594m external sales revenues (customer location); as reported"
2021,Orkla Foods (2015-2022 definition),Sweden,26.11,"Orkla Annual Report 2021, segment note (sales revenues by geographical market): https://www.orkla.com/files/Main/19690/3531944/orkla-annual-report-2021.pdf","Exact: NOK 4,855m of NOK 18,594m external sales revenues (customer location); as reported"
2021,Orkla Foods (2015-2022 definition),Denmark,7.73,"Orkla Annual Report 2021, segment note (sales revenues by geographical market): https://www.orkla.com/files/Main/19690/3531944/orkla-annual-report-2021.pdf","Exact: NOK 1,438m of NOK 18,594m external sales revenues (customer location); as reported"
2021,Orkla Foods (2015-2022 definition),Finland and Iceland,6.12,"Orkla Annual Report 2021, segment note (sales revenues by geographical market): https://www.orkla.com/files/Main/19690/3531944/orkla-annual-report-2021.pdf","Exact: NOK 1,138m of NOK 18,594m external sales revenues (customer location); as reported"
2021,Orkla Foods (2015-2022 definition),The Baltics,3.01,"Orkla Annual Report 2021, segment note (sales revenues by geographical market): https://www.orkla.com/files/Main/19690/3531944/orkla-annual-report-2021.pdf","Exact: NOK 559m of NOK 18,594m external sales revenues (customer location); as reported"
2021,Orkla Foods (2015-2022 definition),Rest of Europe,20.29,"Orkla Annual Report 2021, segment note (sales revenues by geographical market): https://www.orkla.com/files/Main/19690/3531944/orkla-annual-report-2021.pdf","Exact: NOK 3,772m of NOK 18,594m external sales revenues (customer location); as reported"
2021,Orkla Foods (2015-2022 definition),Rest of the world,10.63,"Orkla Annual Report 2021, segment note (sales revenues by geographical market): https://www.orkla.com/files/Main/19690/3531944/orkla-annual-report-2021.pdf","Exact: NOK 1,976m of NOK 18,594m external sales revenues (customer location); as reported"
2021,Orkla Foods (2015-2022 definition),Czech Republic + Slovakia,11.8,Project estimate decomposing AR 'Rest of Europe' (see notes),"ESTIMATE (derived by this project, not published by Orkla): splits the exact 'Rest of Europe' share from the AR segment note into countries using Hamé 2015 sales NOK 1.7bn (~70% CZ+SK; press release 31 Mar 2016), Investor Day 2015 shares (CZ Vitana ~4%, AT Felix Austria ~3%), Hamé Russia NOK 184m (2021), Khell-Food HU NOK 85m, CMD-2023 revenue buckets, and CZK/EUR vs NOK moves. Use only for rough macro weighting; uncertainty +/-2pp."
2021,Orkla Foods (2015-2022 definition),Austria,2.7,Project estimate decomposing AR 'Rest of Europe' (see notes),"ESTIMATE (derived by this project, not published by Orkla): splits the exact 'Rest of Europe' share from the AR segment note into countries using Hamé 2015 sales NOK 1.7bn (~70% CZ+SK; press release 31 Mar 2016), Investor Day 2015 shares (CZ Vitana ~4%, AT Felix Austria ~3%), Hamé Russia NOK 184m (2021), Khell-Food HU NOK 85m, CMD-2023 revenue buckets, and CZK/EUR vs NOK moves. Use only for rough macro weighting; uncertainty +/-2pp."
2021,Orkla Foods (2015-2022 definition),"Other Europe (HU, RO, RU 1.0, other)",5.8,Project estimate decomposing AR 'Rest of Europe' (see notes),"ESTIMATE (derived by this project, not published by Orkla): splits the exact 'Rest of Europe' share from the AR segment note into countries using Hamé 2015 sales NOK 1.7bn (~70% CZ+SK; press release 31 Mar 2016), Investor Day 2015 shares (CZ Vitana ~4%, AT Felix Austria ~3%), Hamé Russia NOK 184m (2021), Khell-Food HU NOK 85m, CMD-2023 revenue buckets, and CZK/EUR vs NOK moves. Use only for rough macro weighting; uncertainty +/-2pp."
2021,Orkla Foods Europe (2022Q3-2024; renamed Orkla Foods Feb 2025),Norway,29.01,"Orkla Annual Report 2022, segment note (sales revenues by geographical market): https://www.orkla.com/files/Main/19690/3738803/orkla-annual-report-2022.pdf","Exact: NOK 4,856m of NOK 16,741m external sales revenues (customer location); restated comparative in AR2022"
2021,Orkla Foods Europe (2022Q3-2024; renamed Orkla Foods Feb 2025),Sweden,29.0,"Orkla Annual Report 2022, segment note (sales revenues by geographical market): https://www.orkla.com/files/Main/19690/3738803/orkla-annual-report-2022.pdf","Exact: NOK 4,855m of NOK 16,741m external sales revenues (customer location); restated comparative in AR2022"
2021,Orkla Foods Europe (2022Q3-2024; renamed Orkla Foods Feb 2025),Denmark,8.59,"Orkla Annual Report 2022, segment note (sales revenues by geographical market): https://www.orkla.com/files/Main/19690/3738803/orkla-annual-report-2022.pdf","Exact: NOK 1,438m of NOK 16,741m external sales revenues (customer location); restated comparative in AR2022"
2021,Orkla Foods Europe (2022Q3-2024; renamed Orkla Foods Feb 2025),Finland and Iceland,6.8,"Orkla Annual Report 2022, segment note (sales revenues by geographical market): https://www.orkla.com/files/Main/19690/3738803/orkla-annual-report-2022.pdf","Exact: NOK 1,138m of NOK 16,741m external sales revenues (customer location); restated comparative in AR2022"
2021,Orkla Foods Europe (2022Q3-2024; renamed Orkla Foods Feb 2025),The Baltics,3.34,"Orkla Annual Report 2022, segment note (sales revenues by geographical market): https://www.orkla.com/files/Main/19690/3738803/orkla-annual-report-2022.pdf","Exact: NOK 559m of NOK 16,741m external sales revenues (customer location); restated comparative in AR2022"
2021,Orkla Foods Europe (2022Q3-2024; renamed Orkla Foods Feb 2025),Rest of Europe,22.53,"Orkla Annual Report 2022, segment note (sales revenues by geographical market): https://www.orkla.com/files/Main/19690/3738803/orkla-annual-report-2022.pdf","Exact: NOK 3,772m of NOK 16,741m external sales revenues (customer location); restated comparative in AR2022"
2021,Orkla Foods Europe (2022Q3-2024; renamed Orkla Foods Feb 2025),Rest of the world,0.73,"Orkla Annual Report 2022, segment note (sales revenues by geographical market): https://www.orkla.com/files/Main/19690/3738803/orkla-annual-report-2022.pdf","Exact: NOK 123m of NOK 16,741m external sales revenues (customer location); restated comparative in AR2022"
2021,Orkla India,Rest of the world,100.0,"Orkla Annual Report 2022, segment note (sales revenues by geographical market): https://www.orkla.com/files/Main/19690/3738803/orkla-annual-report-2022.pdf","Exact: NOK 1,853m of NOK 1,853m external sales revenues (customer location); restated comparative in AR2022"
2022,Orkla Foods Europe (2022Q3-2024; renamed Orkla Foods Feb 2025),Norway,28.07,"Orkla Annual Report 2022, segment note (sales revenues by geographical market): https://www.orkla.com/files/Main/19690/3738803/orkla-annual-report-2022.pdf","Exact: NOK 4,947m of NOK 17,625m external sales revenues (customer location); as reported"
2022,Orkla Foods Europe (2022Q3-2024; renamed Orkla Foods Feb 2025),Sweden,28.26,"Orkla Annual Report 2022, segment note (sales revenues by geographical market): https://www.orkla.com/files/Main/19690/3738803/orkla-annual-report-2022.pdf","Exact: NOK 4,980m of NOK 17,625m external sales revenues (customer location); as reported"
2022,Orkla Foods Europe (2022Q3-2024; renamed Orkla Foods Feb 2025),Denmark,9.12,"Orkla Annual Report 2022, segment note (sales revenues by geographical market): https://www.orkla.com/files/Main/19690/3738803/orkla-annual-report-2022.pdf","Exact: NOK 1,608m of NOK 17,625m external sales revenues (customer location); as reported"
2022,Orkla Foods Europe (2022Q3-2024; renamed Orkla Foods Feb 2025),Finland and Iceland,7.78,"Orkla Annual Report 2022, segment note (sales revenues by geographical market): https://www.orkla.com/files/Main/19690/3738803/orkla-annual-report-2022.pdf","Exact: NOK 1,371m of NOK 17,625m external sales revenues (customer location); as reported"
2022,Orkla Foods Europe (2022Q3-2024; renamed Orkla Foods Feb 2025),The Baltics,3.33,"Orkla Annual Report 2022, segment note (sales revenues by geographical market): https://www.orkla.com/files/Main/19690/3738803/orkla-annual-report-2022.pdf","Exact: NOK 587m of NOK 17,625m external sales revenues (customer location); as reported"
2022,Orkla Foods Europe (2022Q3-2024; renamed Orkla Foods Feb 2025),Rest of Europe,22.81,"Orkla Annual Report 2022, segment note (sales revenues by geographical market): https://www.orkla.com/files/Main/19690/3738803/orkla-annual-report-2022.pdf","Exact: NOK 4,020m of NOK 17,625m external sales revenues (customer location); as reported"
2022,Orkla Foods Europe (2022Q3-2024; renamed Orkla Foods Feb 2025),Rest of the world,0.64,"Orkla Annual Report 2022, segment note (sales revenues by geographical market): https://www.orkla.com/files/Main/19690/3738803/orkla-annual-report-2022.pdf","Exact: NOK 112m of NOK 17,625m external sales revenues (customer location); as reported"
2022,Orkla Foods Europe (2022Q3-2024; renamed Orkla Foods Feb 2025),Norway,,"Orkla CMD 29 Nov 2023, Orkla Foods Europe presentation p.3 'Geographical presence' map (based on sales per end of 2022)",Revenue bucket only: >NOK 1bn (map colour classes; total OFE 2022 NOK 17.8bn). https://www.orkla.com/files/Documents/Investors/CMD/2023/orkla-foods-europe.pdf
2022,Orkla Foods Europe (2022Q3-2024; renamed Orkla Foods Feb 2025),Sweden,,"Orkla CMD 29 Nov 2023, Orkla Foods Europe presentation p.3 'Geographical presence' map (based on sales per end of 2022)",Revenue bucket only: >NOK 1bn (map colour classes; total OFE 2022 NOK 17.8bn). https://www.orkla.com/files/Documents/Investors/CMD/2023/orkla-foods-europe.pdf
2022,Orkla Foods Europe (2022Q3-2024; renamed Orkla Foods Feb 2025),Denmark,,"Orkla CMD 29 Nov 2023, Orkla Foods Europe presentation p.3 'Geographical presence' map (based on sales per end of 2022)",Revenue bucket only: >NOK 1bn (map colour classes; total OFE 2022 NOK 17.8bn). https://www.orkla.com/files/Documents/Investors/CMD/2023/orkla-foods-europe.pdf
2022,Orkla Foods Europe (2022Q3-2024; renamed Orkla Foods Feb 2025),Finland,,"Orkla CMD 29 Nov 2023, Orkla Foods Europe presentation p.3 'Geographical presence' map (based on sales per end of 2022)",Revenue bucket only: >NOK 1bn (map colour classes; total OFE 2022 NOK 17.8bn). https://www.orkla.com/files/Documents/Investors/CMD/2023/orkla-foods-europe.pdf
2022,Orkla Foods Europe (2022Q3-2024; renamed Orkla Foods Feb 2025),Czech Republic,,"Orkla CMD 29 Nov 2023, Orkla Foods Europe presentation p.3 'Geographical presence' map (based on sales per end of 2022)",Revenue bucket only: >NOK 1bn (map colour classes; total OFE 2022 NOK 17.8bn). https://www.orkla.com/files/Documents/Investors/CMD/2023/orkla-foods-europe.pdf
2022,Orkla Foods Europe (2022Q3-2024; renamed Orkla Foods Feb 2025),Slovakia,,"Orkla CMD 29 Nov 2023, Orkla Foods Europe presentation p.3 'Geographical presence' map (based on sales per end of 2022)",Revenue bucket only: NOK 250m-1bn (map colour classes; total OFE 2022 NOK 17.8bn). https://www.orkla.com/files/Documents/Investors/CMD/2023/orkla-foods-europe.pdf
2022,Orkla Foods Europe (2022Q3-2024; renamed Orkla Foods Feb 2025),Austria,,"Orkla CMD 29 Nov 2023, Orkla Foods Europe presentation p.3 'Geographical presence' map (based on sales per end of 2022)",Revenue bucket only: NOK 250m-1bn (map colour classes; total OFE 2022 NOK 17.8bn). https://www.orkla.com/files/Documents/Investors/CMD/2023/orkla-foods-europe.pdf
2022,Orkla Foods Europe (2022Q3-2024; renamed Orkla Foods Feb 2025),Germany,,"Orkla CMD 29 Nov 2023, Orkla Foods Europe presentation p.3 'Geographical presence' map (based on sales per end of 2022)",Revenue bucket only: NOK 250m-1bn (map colour classes; total OFE 2022 NOK 17.8bn). https://www.orkla.com/files/Documents/Investors/CMD/2023/orkla-foods-europe.pdf
2022,Orkla Foods Europe (2022Q3-2024; renamed Orkla Foods Feb 2025),Hungary,,"Orkla CMD 29 Nov 2023, Orkla Foods Europe presentation p.3 'Geographical presence' map (based on sales per end of 2022)",Revenue bucket only: NOK 50-250m (map colour classes; total OFE 2022 NOK 17.8bn). https://www.orkla.com/files/Documents/Investors/CMD/2023/orkla-foods-europe.pdf
2022,Orkla Foods Europe (2022Q3-2024; renamed Orkla Foods Feb 2025),Estonia,,"Orkla CMD 29 Nov 2023, Orkla Foods Europe presentation p.3 'Geographical presence' map (based on sales per end of 2022)",Revenue bucket only: NOK 50-250m (map colour classes; total OFE 2022 NOK 17.8bn). https://www.orkla.com/files/Documents/Investors/CMD/2023/orkla-foods-europe.pdf
2022,Orkla Foods Europe (2022Q3-2024; renamed Orkla Foods Feb 2025),Latvia,,"Orkla CMD 29 Nov 2023, Orkla Foods Europe presentation p.3 'Geographical presence' map (based on sales per end of 2022)",Revenue bucket only: NOK 50-250m (map colour classes; total OFE 2022 NOK 17.8bn). https://www.orkla.com/files/Documents/Investors/CMD/2023/orkla-foods-europe.pdf
2022,Orkla Foods Europe (2022Q3-2024; renamed Orkla Foods Feb 2025),Lithuania,,"Orkla CMD 29 Nov 2023, Orkla Foods Europe presentation p.3 'Geographical presence' map (based on sales per end of 2022)",Revenue bucket only: NOK 50-250m (map colour classes; total OFE 2022 NOK 17.8bn). https://www.orkla.com/files/Documents/Investors/CMD/2023/orkla-foods-europe.pdf
2022,Orkla Foods Europe (2022Q3-2024; renamed Orkla Foods Feb 2025),United Kingdom,,"Orkla CMD 29 Nov 2023, Orkla Foods Europe presentation p.3 'Geographical presence' map (based on sales per end of 2022)",Revenue bucket only: NOK 50-250m (map colour classes; total OFE 2022 NOK 17.8bn). https://www.orkla.com/files/Documents/Investors/CMD/2023/orkla-foods-europe.pdf
2022,Orkla India,Rest of Europe,0.28,"Orkla Annual Report 2022, segment note (sales revenues by geographical market): https://www.orkla.com/files/Main/19690/3738803/orkla-annual-report-2022.pdf","Exact: NOK 7m of NOK 2,519m external sales revenues (customer location); as reported"
2022,Orkla India,Rest of the world,99.72,"Orkla Annual Report 2022, segment note (sales revenues by geographical market): https://www.orkla.com/files/Main/19690/3738803/orkla-annual-report-2022.pdf","Exact: NOK 2,512m of NOK 2,519m external sales revenues (customer location); as reported"
2023,Orkla Foods Europe (2022Q3-2024; renamed Orkla Foods Feb 2025),Norway,26.86,"Orkla Annual Report 2023, segment note (sales revenues by geographical market): https://www.orkla.com/files/Main/19690/3949756/orkla-annual-report-2023.pdf","Exact: NOK 5,395m of NOK 20,089m external sales revenues (customer location); as reported"
2023,Orkla Foods Europe (2022Q3-2024; renamed Orkla Foods Feb 2025),Sweden,27.22,"Orkla Annual Report 2023, segment note (sales revenues by geographical market): https://www.orkla.com/files/Main/19690/3949756/orkla-annual-report-2023.pdf","Exact: NOK 5,468m of NOK 20,089m external sales revenues (customer location); as reported"
2023,Orkla Foods Europe (2022Q3-2024; renamed Orkla Foods Feb 2025),Denmark,9.53,"Orkla Annual Report 2023, segment note (sales revenues by geographical market): https://www.orkla.com/files/Main/19690/3949756/orkla-annual-report-2023.pdf","Exact: NOK 1,914m of NOK 20,089m external sales revenues (customer location); as reported"
2023,Orkla Foods Europe (2022Q3-2024; renamed Orkla Foods Feb 2025),Finland,8.15,"Orkla Annual Report 2023, segment note (sales revenues by geographical market): https://www.orkla.com/files/Main/19690/3949756/orkla-annual-report-2023.pdf","Exact: NOK 1,638m of NOK 20,089m external sales revenues (customer location); as reported"
2023,Orkla Foods Europe (2022Q3-2024; renamed Orkla Foods Feb 2025),Iceland,0.24,"Orkla Annual Report 2023, segment note (sales revenues by geographical market): https://www.orkla.com/files/Main/19690/3949756/orkla-annual-report-2023.pdf","Exact: NOK 49m of NOK 20,089m external sales revenues (customer location); as reported"
2023,Orkla Foods Europe (2022Q3-2024; renamed Orkla Foods Feb 2025),The Baltics,3.6,"Orkla Annual Report 2023, segment note (sales revenues by geographical market): https://www.orkla.com/files/Main/19690/3949756/orkla-annual-report-2023.pdf","Exact: NOK 724m of NOK 20,089m external sales revenues (customer location); as reported"
2023,Orkla Foods Europe (2022Q3-2024; renamed Orkla Foods Feb 2025),Rest of Europe,23.79,"Orkla Annual Report 2023, segment note (sales revenues by geographical market): https://www.orkla.com/files/Main/19690/3949756/orkla-annual-report-2023.pdf","Exact: NOK 4,779m of NOK 20,089m external sales revenues (customer location); as reported"
2023,Orkla Foods Europe (2022Q3-2024; renamed Orkla Foods Feb 2025),Rest of the world,0.61,"Orkla Annual Report 2023, segment note (sales revenues by geographical market): https://www.orkla.com/files/Main/19690/3949756/orkla-annual-report-2023.pdf","Exact: NOK 122m of NOK 20,089m external sales revenues (customer location); as reported"
2023,Orkla Foods Europe (2022Q3-2024; renamed Orkla Foods Feb 2025),Czech Republic + Slovakia,14.7,Project estimate decomposing AR 'Rest of Europe' (see notes),"ESTIMATE (derived by this project, not published by Orkla): splits the exact 'Rest of Europe' share from the AR segment note into countries using Hamé 2015 sales NOK 1.7bn (~70% CZ+SK; press release 31 Mar 2016), Investor Day 2015 shares (CZ Vitana ~4%, AT Felix Austria ~3%), Hamé Russia NOK 184m (2021), Khell-Food HU NOK 85m, CMD-2023 revenue buckets, and CZK/EUR vs NOK moves. Use only for rough macro weighting; uncertainty +/-2pp."
2023,Orkla Foods Europe (2022Q3-2024; renamed Orkla Foods Feb 2025),Austria,3.1,Project estimate decomposing AR 'Rest of Europe' (see notes),"ESTIMATE (derived by this project, not published by Orkla): splits the exact 'Rest of Europe' share from the AR segment note into countries using Hamé 2015 sales NOK 1.7bn (~70% CZ+SK; press release 31 Mar 2016), Investor Day 2015 shares (CZ Vitana ~4%, AT Felix Austria ~3%), Hamé Russia NOK 184m (2021), Khell-Food HU NOK 85m, CMD-2023 revenue buckets, and CZK/EUR vs NOK moves. Use only for rough macro weighting; uncertainty +/-2pp."
2023,Orkla Foods Europe (2022Q3-2024; renamed Orkla Foods Feb 2025),Hungary,1.7,Project estimate decomposing AR 'Rest of Europe' (see notes),"ESTIMATE (derived by this project, not published by Orkla): splits the exact 'Rest of Europe' share from the AR segment note into countries using Hamé 2015 sales NOK 1.7bn (~70% CZ+SK; press release 31 Mar 2016), Investor Day 2015 shares (CZ Vitana ~4%, AT Felix Austria ~3%), Hamé Russia NOK 184m (2021), Khell-Food HU NOK 85m, CMD-2023 revenue buckets, and CZK/EUR vs NOK moves. Use only for rough macro weighting; uncertainty +/-2pp."
2023,Orkla Foods Europe (2022Q3-2024; renamed Orkla Foods Feb 2025),"Other Europe (RO, DE, UK, other exports)",4.3,Project estimate decomposing AR 'Rest of Europe' (see notes),"ESTIMATE (derived by this project, not published by Orkla): splits the exact 'Rest of Europe' share from the AR segment note into countries using Hamé 2015 sales NOK 1.7bn (~70% CZ+SK; press release 31 Mar 2016), Investor Day 2015 shares (CZ Vitana ~4%, AT Felix Austria ~3%), Hamé Russia NOK 184m (2021), Khell-Food HU NOK 85m, CMD-2023 revenue buckets, and CZK/EUR vs NOK moves. Use only for rough macro weighting; uncertainty +/-2pp."
2023,Orkla India,Rest of Europe,0.38,"Orkla Annual Report 2023, segment note (sales revenues by geographical market): https://www.orkla.com/files/Main/19690/3949756/orkla-annual-report-2023.pdf","Exact: NOK 11m of NOK 2,895m external sales revenues (customer location); as reported"
2023,Orkla India,Rest of the world,99.62,"Orkla Annual Report 2023, segment note (sales revenues by geographical market): https://www.orkla.com/files/Main/19690/3949756/orkla-annual-report-2023.pdf","Exact: NOK 2,884m of NOK 2,895m external sales revenues (customer location); as reported"
2024,Orkla Foods (label from Feb 2025; same scope as Orkla Foods Europe),Norway,27.33,"Orkla Annual Report 2024, segment note (sales revenues by geographical market): https://www.orkla.com/files/mfn/7f0f329a-2944-4496-aec4-b6068d0c6b5c/orkla-annual-report-2024.pdf","Exact: NOK 5,564m of NOK 20,355m external sales revenues (customer location); as reported"
2024,Orkla Foods (label from Feb 2025; same scope as Orkla Foods Europe),Sweden,27.92,"Orkla Annual Report 2024, segment note (sales revenues by geographical market): https://www.orkla.com/files/mfn/7f0f329a-2944-4496-aec4-b6068d0c6b5c/orkla-annual-report-2024.pdf","Exact: NOK 5,684m of NOK 20,355m external sales revenues (customer location); as reported"
2024,Orkla Foods (label from Feb 2025; same scope as Orkla Foods Europe),Denmark,9.68,"Orkla Annual Report 2024, segment note (sales revenues by geographical market): https://www.orkla.com/files/mfn/7f0f329a-2944-4496-aec4-b6068d0c6b5c/orkla-annual-report-2024.pdf","Exact: NOK 1,971m of NOK 20,355m external sales revenues (customer location); as reported"
2024,Orkla Foods (label from Feb 2025; same scope as Orkla Foods Europe),Finland,7.99,"Orkla Annual Report 2024, segment note (sales revenues by geographical market): https://www.orkla.com/files/mfn/7f0f329a-2944-4496-aec4-b6068d0c6b5c/orkla-annual-report-2024.pdf","Exact: NOK 1,626m of NOK 20,355m external sales revenues (customer location); as reported"
2024,Orkla Foods (label from Feb 2025; same scope as Orkla Foods Europe),The Baltics,3.54,"Orkla Annual Report 2024, segment note (sales revenues by geographical market): https://www.orkla.com/files/mfn/7f0f329a-2944-4496-aec4-b6068d0c6b5c/orkla-annual-report-2024.pdf","Exact: NOK 721m of NOK 20,355m external sales revenues (customer location); as reported"
2024,Orkla Foods (label from Feb 2025; same scope as Orkla Foods Europe),Rest of Europe,22.99,"Orkla Annual Report 2024, segment note (sales revenues by geographical market): https://www.orkla.com/files/mfn/7f0f329a-2944-4496-aec4-b6068d0c6b5c/orkla-annual-report-2024.pdf","Exact: NOK 4,680m of NOK 20,355m external sales revenues (customer location); as reported"
2024,Orkla Foods (label from Feb 2025; same scope as Orkla Foods Europe),Rest of the world,0.54,"Orkla Annual Report 2024, segment note (sales revenues by geographical market): https://www.orkla.com/files/mfn/7f0f329a-2944-4496-aec4-b6068d0c6b5c/orkla-annual-report-2024.pdf","Exact: NOK 109m of NOK 20,355m external sales revenues (customer location); as reported"
2024,Orkla India,Rest of Europe,0.56,"Orkla Annual Report 2024, segment note (sales revenues by geographical market): https://www.orkla.com/files/mfn/7f0f329a-2944-4496-aec4-b6068d0c6b5c/orkla-annual-report-2024.pdf","Exact: NOK 17m of NOK 3,053m external sales revenues (customer location); as reported"
2024,Orkla India,Rest of the world,99.44,"Orkla Annual Report 2024, segment note (sales revenues by geographical market): https://www.orkla.com/files/mfn/7f0f329a-2944-4496-aec4-b6068d0c6b5c/orkla-annual-report-2024.pdf","Exact: NOK 3,036m of NOK 3,053m external sales revenues (customer location); as reported"
2025,Orkla Foods (label from Feb 2025; same scope as Orkla Foods Europe),Norway,26.38,"Orkla Annual Report 2025, segment note (sales revenues by geographical market): https://www.orkla.com/files/Documents/annualreports/orkla-annual-report-2025.pdf","Exact: NOK 5,438m of NOK 20,611m external sales revenues (customer location); as reported"
2025,Orkla Foods (label from Feb 2025; same scope as Orkla Foods Europe),Sweden,29.14,"Orkla Annual Report 2025, segment note (sales revenues by geographical market): https://www.orkla.com/files/Documents/annualreports/orkla-annual-report-2025.pdf","Exact: NOK 6,007m of NOK 20,611m external sales revenues (customer location); as reported"
2025,Orkla Foods (label from Feb 2025; same scope as Orkla Foods Europe),Denmark,9.44,"Orkla Annual Report 2025, segment note (sales revenues by geographical market): https://www.orkla.com/files/Documents/annualreports/orkla-annual-report-2025.pdf","Exact: NOK 1,946m of NOK 20,611m external sales revenues (customer location); as reported"
2025,Orkla Foods (label from Feb 2025; same scope as Orkla Foods Europe),Finland,7.85,"Orkla Annual Report 2025, segment note (sales revenues by geographical market): https://www.orkla.com/files/Documents/annualreports/orkla-annual-report-2025.pdf","Exact: NOK 1,617m of NOK 20,611m external sales revenues (customer location); as reported"
2025,Orkla Foods (label from Feb 2025; same scope as Orkla Foods Europe),The Baltics,3.49,"Orkla Annual Report 2025, segment note (sales revenues by geographical market): https://www.orkla.com/files/Documents/annualreports/orkla-annual-report-2025.pdf","Exact: NOK 719m of NOK 20,611m external sales revenues (customer location); as reported"
2025,Orkla Foods (label from Feb 2025; same scope as Orkla Foods Europe),Rest of Europe,23.3,"Orkla Annual Report 2025, segment note (sales revenues by geographical market): https://www.orkla.com/files/Documents/annualreports/orkla-annual-report-2025.pdf","Exact: NOK 4,802m of NOK 20,611m external sales revenues (customer location); as reported"
2025,Orkla Foods (label from Feb 2025; same scope as Orkla Foods Europe),Rest of the world,0.4,"Orkla Annual Report 2025, segment note (sales revenues by geographical market): https://www.orkla.com/files/Documents/annualreports/orkla-annual-report-2025.pdf","Exact: NOK 82m of NOK 20,611m external sales revenues (customer location); as reported"
2025,Orkla Foods (label from Feb 2025; same scope as Orkla Foods Europe),Czech Republic + Slovakia,14.5,Project estimate decomposing AR 'Rest of Europe' (see notes),"ESTIMATE (derived by this project, not published by Orkla): splits the exact 'Rest of Europe' share from the AR segment note into countries using Hamé 2015 sales NOK 1.7bn (~70% CZ+SK; press release 31 Mar 2016), Investor Day 2015 shares (CZ Vitana ~4%, AT Felix Austria ~3%), Hamé Russia NOK 184m (2021), Khell-Food HU NOK 85m, CMD-2023 revenue buckets, and CZK/EUR vs NOK moves. Use only for rough macro weighting; uncertainty +/-2pp."
2025,Orkla Foods (label from Feb 2025; same scope as Orkla Foods Europe),Austria,3.0,Project estimate decomposing AR 'Rest of Europe' (see notes),"ESTIMATE (derived by this project, not published by Orkla): splits the exact 'Rest of Europe' share from the AR segment note into countries using Hamé 2015 sales NOK 1.7bn (~70% CZ+SK; press release 31 Mar 2016), Investor Day 2015 shares (CZ Vitana ~4%, AT Felix Austria ~3%), Hamé Russia NOK 184m (2021), Khell-Food HU NOK 85m, CMD-2023 revenue buckets, and CZK/EUR vs NOK moves. Use only for rough macro weighting; uncertainty +/-2pp."
2025,Orkla Foods (label from Feb 2025; same scope as Orkla Foods Europe),Hungary,1.7,Project estimate decomposing AR 'Rest of Europe' (see notes),"ESTIMATE (derived by this project, not published by Orkla): splits the exact 'Rest of Europe' share from the AR segment note into countries using Hamé 2015 sales NOK 1.7bn (~70% CZ+SK; press release 31 Mar 2016), Investor Day 2015 shares (CZ Vitana ~4%, AT Felix Austria ~3%), Hamé Russia NOK 184m (2021), Khell-Food HU NOK 85m, CMD-2023 revenue buckets, and CZK/EUR vs NOK moves. Use only for rough macro weighting; uncertainty +/-2pp."
2025,Orkla Foods (label from Feb 2025; same scope as Orkla Foods Europe),"Other Europe (RO, DE, UK, other exports)",4.1,Project estimate decomposing AR 'Rest of Europe' (see notes),"ESTIMATE (derived by this project, not published by Orkla): splits the exact 'Rest of Europe' share from the AR segment note into countries using Hamé 2015 sales NOK 1.7bn (~70% CZ+SK; press release 31 Mar 2016), Investor Day 2015 shares (CZ Vitana ~4%, AT Felix Austria ~3%), Hamé Russia NOK 184m (2021), Khell-Food HU NOK 85m, CMD-2023 revenue buckets, and CZK/EUR vs NOK moves. Use only for rough macro weighting; uncertainty +/-2pp."
2025,Orkla India,Rest of Europe,0.92,"Orkla Annual Report 2025, segment note (sales revenues by geographical market): https://www.orkla.com/files/Documents/annualreports/orkla-annual-report-2025.pdf","Exact: NOK 27m of NOK 2,928m external sales revenues (customer location); as reported"
2025,Orkla India,Rest of the world,99.08,"Orkla Annual Report 2025, segment note (sales revenues by geographical market): https://www.orkla.com/files/Documents/annualreports/orkla-annual-report-2025.pdf","Exact: NOK 2,901m of NOK 2,928m external sales revenues (customer location); as reported"
