feature,h,eval,n,rmse_b,rmse_m,ratio,r2_vs_b,cw_t,cw_p,by_fam,holm_fam
no_cpi_food_idx__yoy,0,full2010,66,1.0591730395608179,1.0766540510721532,1.0165043962208327,-0.03328118753627951,-0.971827364994263,0.834431780174704,1.0,1.0
no_cpi_food_idx__yoy,0,exepi,56,0.9386488848467222,0.943023039506373,1.0046600541802861,-0.009341824465535442,-0.11966973333549209,0.5476276113403287,1.0,1.0
no_cpi_food_idx__yoy,0,excovid+exepi,50,0.9074094633767769,0.9211225788005866,1.0151123786749794,-0.03045314133917465,-1.1339950332534119,0.8716016842989974,1.0,1.0
no_cpi_food_idx__yoy,0,2015+,46,0.9959451664890379,1.0173674773932309,1.0215095284610016,-0.04348171673661794,-0.8649184079470963,0.8064582133295604,1.0,1.0
no_cpi_food_idx__dyoy,0,full2010,66,1.0591730395608179,1.0662951735375872,1.006724240242862,-0.01349369589256777,-0.4719675134411304,0.6815250115216527,1.0,1.0
no_cpi_food_idx__dyoy,0,exepi,56,0.9386488848467222,0.9326373450359854,0.9935955393888116,0.012767904106656514,1.0276235336563093,0.15206347484733218,1.0,1.0
no_cpi_food_idx__dyoy,0,excovid+exepi,50,0.9074094633767769,0.9086918117715228,1.0014131970697924,-0.0028283912655429067,0.12320829061755335,0.4509710803143564,1.0,1.0
no_cpi_food_idx__dyoy,0,2015+,46,0.9959451664890379,1.0090334331131672,1.0131415534353851,-0.02645580729746544,-0.7179138280485492,0.7635947894514263,1.0,1.0
no_cpi_total_idx__yoy,0,full2010,66,1.0591730395608179,1.0734636635008765,1.0134922466927445,-0.027166534106306983,-0.11066595722296384,0.5440593788413053,1.0,1.0
no_cpi_total_idx__yoy,0,exepi,56,0.9386488848467222,0.9686152331389295,1.0319249815090343,-0.06486916746242088,-1.7047216107764893,0.9558768213081991,1.0,1.0
no_cpi_total_idx__yoy,0,excovid+exepi,50,0.9074094633767769,0.9398781600674485,1.0357817479331157,-0.07284382935138045,-1.5872773207848727,0.9437750752986461,1.0,1.0
no_cpi_total_idx__yoy,0,2015+,46,0.9959451664890379,1.0012075225635926,1.0052837809265203,-0.010595480193920093,0.3157512116145548,0.3760956761937929,1.0,1.0
no_cpi_total_idx__dyoy,0,full2010,66,1.0591730395608179,1.0615939620452834,1.0022856723066416,-0.004576568911176526,-0.03793250257640116,0.5151292508093535,1.0,1.0
no_cpi_total_idx__dyoy,0,exepi,56,0.9386488848467222,0.942535915958351,1.0041410917057272,-0.008299332051969532,-0.2320950754862919,0.591767915173828,1.0,1.0
no_cpi_total_idx__dyoy,0,excovid+exepi,50,0.9074094633767769,0.9121273888049066,1.005199334609728,-0.01042570229984019,-0.25184890837122387,0.5994210739929531,1.0,1.0
no_cpi_total_idx__dyoy,0,2015+,46,0.9959451664890379,0.9888141881107411,0.992839988969036,0.014268756303964403,0.736802062790135,0.23062136429368663,1.0,1.0
no_fx_eurnok__yoy,0,full2010,66,1.0591730395608179,1.0695945689442172,1.0098393076429897,-0.01977542726087278,-1.574746204466066,0.9423424809387885,1.0,1.0
no_fx_eurnok__yoy,0,exepi,56,0.9386488848467222,0.9500790616009569,1.0121772655768948,-0.024502816950719764,-1.3492891872010855,0.9113779513346426,1.0,1.0
no_fx_eurnok__yoy,0,excovid+exepi,50,0.9074094633767769,0.9193478675672643,1.0131565788900423,-0.02648625334817445,-1.2006076286696359,0.8850482797781769,1.0,1.0
no_fx_eurnok__yoy,0,2015+,46,0.9959451664890379,1.0016684908350935,1.0057466259575634,-0.011526275625022953,-1.8950008118856096,0.970953852945016,1.0,1.0
no_fx_eurnok__dyoy,0,full2010,66,1.0591730395608179,1.0663445481774427,1.006770856459487,-0.013587557416169016,-0.3127421413591295,0.6227617119020405,1.0,1.0
no_fx_eurnok__dyoy,0,exepi,56,0.9386488848467222,0.9464336462362931,1.0082935818869503,-0.016655947274416105,-0.22002320922058172,0.5870734603828744,1.0,1.0
no_fx_eurnok__dyoy,0,excovid+exepi,50,0.9074094633767769,0.9078541507041468,1.0004900624748998,-0.0009803651110289469,0.41187675294052806,0.34021488037993985,1.0,1.0
no_fx_eurnok__dyoy,0,2015+,46,0.9959451664890379,1.0024765651628977,1.0065579902324189,-0.013158987700726321,-0.48639039306554915,0.6866547996784336,1.0,1.0
no_govbond_10y__lvl,0,full2010,66,1.0591730395608179,1.0744304416979515,1.0144050136920593,-0.029017531803587016,0.48783657895660043,0.3128327998060938,1.0,1.0
no_govbond_10y__lvl,0,exepi,56,0.9386488848467222,0.9508018513616862,1.0129472976649287,-0.026062227846681774,0.7488086225788422,0.22698628096271167,1.0,1.0
no_govbond_10y__lvl,0,excovid+exepi,50,0.9074094633767769,0.9235787715646537,1.0178191972207402,-0.035955918231072026,0.63907717889377,0.2613863625690862,1.0,1.0
no_govbond_10y__lvl,0,2015+,46,0.9959451664890379,1.0121561410243958,1.0162769749588783,-0.03281888983156844,0.06798238260212326,0.47289982924134355,1.0,1.0
no_govbond_10y__d4,0,full2010,66,1.0591730395608179,0.9862293440703518,0.9311314650524791,0.1329941947892238,1.6681507450153599,0.047642902889641014,1.0,1.0
no_govbond_10y__d4,0,exepi,56,0.9386488848467222,0.9507923474159817,1.0129371725309646,-0.02604171549502521,0.9688464955935846,0.166310892088553,1.0,1.0
no_govbond_10y__d4,0,excovid+exepi,50,0.9074094633767769,0.9557070519503127,1.0532257933411937,-0.10928457175918682,0.19759858653049955,0.4216795703925652,1.0,1.0
no_govbond_10y__d4,0,2015+,46,0.9959451664890379,0.8739861730543544,0.8775444697777689,0.2299157035624545,1.5787412626054638,0.057197708093343125,1.0,1.0
no_imp_price_food_idx__yoy,0,full2010,66,1.0591730395608179,1.0625137071924722,1.0031540338612088,-0.006318015652015285,-0.02940122079440112,0.5117277004131349,1.0,1.0
no_imp_price_food_idx__yoy,0,exepi,56,0.9386488848467222,0.9219358502062964,0.9821945831820225,0.035293800767893124,1.9297188364720992,0.026820842366058195,1.0,1.0
no_imp_price_food_idx__yoy,0,excovid+exepi,50,0.9074094633767769,0.9020655989308485,0.994110856607069,0.011743604775959482,1.4193615300016595,0.07789682099304429,1.0,1.0
no_imp_price_food_idx__yoy,0,2015+,46,0.9959451664890379,1.0042539247694673,1.0083425860780266,-0.01675477089852251,-0.22908031211526128,0.5905967523647688,1.0,1.0
no_imp_price_food_idx__dyoy,0,full2010,66,1.0643909839141779,1.068970304805329,1.004302292071576,-0.008623093860221198,-0.26734996476147854,0.6054001400130922,1.0,1.0
no_imp_price_food_idx__dyoy,0,exepi,56,0.9364537852443362,0.9320436302873745,0.9952905791759803,0.009396663003541694,0.7909340437994141,0.2144912404871333,1.0,1.0
no_imp_price_food_idx__dyoy,0,excovid+exepi,50,0.9060001534153295,0.9093568845653457,1.0037050006419561,-0.007423728313669109,-0.2224777824423383,0.5880290165278921,1.0,1.0
no_imp_price_food_idx__dyoy,0,2015+,46,1.005553046315515,1.0058571527931661,1.0003024270860355,-0.0006049456342132054,0.25119687700199367,0.40083094948269715,1.0,1.0
no_jordbruk_malpris_mnok__lvl,0,full2010,66,1.0591730395608179,1.0864947846417998,1.025795355490082,-0.052256111345023726,-1.1050983412731668,0.8654415103643099,1.0,1.0
no_jordbruk_malpris_mnok__lvl,0,exepi,56,0.9386488848467222,0.9445537974542595,1.0062908641376607,-0.01262130324691979,0.0021278207146946332,0.49915112299236,1.0,1.0
no_jordbruk_malpris_mnok__lvl,0,excovid+exepi,50,0.9074094633767769,0.91241751215412,1.0055190616579053,-0.011068583357394246,0.18934846266664757,0.42490985726603836,1.0,1.0
no_jordbruk_malpris_mnok__lvl,0,2015+,46,0.9959451664890379,1.0405582626156205,1.0447947313041894,-0.0915960305609933,-1.5680656425932757,0.9415670931424849,1.0,1.0
no_jordbruk_malpris_mnok__d4,0,full2010,62,1.087942299809722,1.096792147833996,1.0081344828910705,-0.016335135594046202,-0.5379121472935476,0.7046811491190336,1.0,1.0
no_jordbruk_malpris_mnok__d4,0,exepi,52,0.9675689575241287,0.969686425520442,1.0021884414333957,-0.0043816721426988,-0.12480947567355488,0.5496628072238304,1.0,1.0
no_jordbruk_malpris_mnok__d4,0,excovid+exepi,46,0.9384539047224787,0.9414649357792162,1.0032085018151509,-0.006427298114199509,-0.19762983280060745,0.5783326540298903,1.0,1.0
no_jordbruk_malpris_mnok__d4,0,2015+,42,1.0347546127560154,1.0423972798006134,1.0073859705000416,-0.01482649356031085,-0.27426881224876154,0.6080609749609203,1.0,1.0
no_policy_rate__lvl,0,full2010,66,1.0591730395608179,1.0758636650847269,1.0157581668910585,-0.03176465360588332,0.17242134106328535,0.43155314784023024,1.0,1.0
no_policy_rate__lvl,0,exepi,56,0.9386488848467222,0.9393573598925973,1.0007547817478,-0.0015101331910867266,1.1034706971165436,0.13491140500705323,1.0,1.0
no_policy_rate__lvl,0,excovid+exepi,50,0.9074094633767769,0.9085133527472433,1.001216528386599,-0.0024345367145135466,1.0890947010471843,0.13805606320357644,1.0,1.0
no_policy_rate__lvl,0,2015+,46,0.9959451664890379,1.032046386905158,1.0362482008355802,-0.07381033373497692,-0.8752182369247272,0.8092724139247804,1.0,1.0
no_policy_rate__d4,0,full2010,66,1.0591730395608179,1.0611498073276187,1.001866331272575,-0.0037361457375690854,0.7835104308421306,0.21666371539509455,1.0,1.0
no_policy_rate__d4,0,exepi,56,0.9386488848467222,0.9552422475815164,1.0176779230260353,-0.035668355014585096,0.11421946704359515,0.45453191021418593,1.0,1.0
no_policy_rate__d4,0,excovid+exepi,50,0.9074094633767769,0.9344634206235884,1.0298144975765788,-0.06051789941890151,-0.20589161334591738,0.5815622116577328,1.0,1.0
no_policy_rate__d4,0,2015+,46,0.9959451664890379,1.004164453021731,1.008252750060195,-0.016573608003946028,0.20671215925441253,0.4181173303922343,1.0,1.0
no_ppi_food_dom_idx__yoy,0,full2010,66,1.0591730395608179,1.048161419574081,0.9896035684676199,0.02068477727615281,0.922196178705533,0.17821312798258115,1.0,1.0
no_ppi_food_dom_idx__yoy,0,exepi,56,0.9386488848467222,0.9441197655902054,1.0058284634774552,-0.011690897941418532,-0.5750630485009559,0.7173756712795182,1.0,1.0
no_ppi_food_dom_idx__yoy,0,excovid+exepi,50,0.9074094633767769,0.9101228710410327,1.0029902792220817,-0.005989500213989363,-0.0908421286121673,0.5361909826855484,1.0,1.0
no_ppi_food_dom_idx__yoy,0,2015+,46,0.9959451664890379,0.9798905895656334,0.983880059401261,0.03198002871257111,0.9230784265982807,0.1779831681299513,1.0,1.0
no_ppi_food_dom_idx__dyoy,0,full2010,66,1.0591730395608179,1.0550656544924053,0.9961220830638631,0.007740795632510289,0.8095939087407823,0.2090868050607031,1.0,1.0
no_ppi_food_dom_idx__dyoy,0,exepi,56,0.9386488848467222,0.9312085930878804,0.99207340265465,0.015790363745224578,0.7155216076649894,0.23714339701093345,1.0,1.0
no_ppi_food_dom_idx__dyoy,0,excovid+exepi,50,0.9074094633767769,0.8907293395903843,0.9816178644155635,0.03642636826022827,0.9667839112902828,0.16682603446071775,1.0,1.0
no_ppi_food_dom_idx__dyoy,0,2015+,46,0.9959451664890379,0.9921372928754645,0.9961766232301753,0.007632135329725398,0.783837240944138,0.2165678094091117,1.0,1.0
no_qna_hh_food_cons_sa_mnok__yoy,0,full2010,66,1.0591730395608179,1.0683598592972718,1.0086735777756044,-0.017422386502638165,0.45076678519043206,0.3260788212683847,1.0,1.0
no_qna_hh_food_cons_sa_mnok__yoy,0,exepi,56,0.9386488848467222,0.9709268813976565,1.0343877216198953,-0.06995795863799814,-0.8628506821352513,0.8058902153800439,1.0,1.0
no_qna_hh_food_cons_sa_mnok__yoy,0,excovid+exepi,50,0.9074094633767769,0.9455916997524719,1.0420782876052517,-0.0859271574982936,-0.8984049394852724,0.8155151479714089,1.0,1.0
no_qna_hh_food_cons_sa_mnok__yoy,0,2015+,46,0.9959451664890379,0.9982770765105952,1.002341404025061,-0.00468829022293038,0.6448773502571589,0.2595033353567291,1.0,1.0
no_qna_hh_food_cons_sa_mnok__dyoy,0,full2010,66,1.0591730395608179,1.0598375831995273,1.0006274174416154,-0.0012552285358768955,0.5631268263542089,0.2866742627172728,1.0,1.0
no_qna_hh_food_cons_sa_mnok__dyoy,0,exepi,56,0.9386488848467222,0.9402178603067477,1.0016715254078012,-0.003345844812791432,0.3910243195516316,0.34788962987080607,1.0,1.0
no_qna_hh_food_cons_sa_mnok__dyoy,0,excovid+exepi,50,0.9074094633767769,0.9082343591123251,1.0009090667100589,-0.0018189598224009895,0.3189688220568819,0.37487507761822725,1.0,1.0
no_qna_hh_food_cons_sa_mnok__dyoy,0,2015+,46,0.9959451664890379,0.9851091193084307,0.9891198355640332,0.02164195089377996,0.8885693190874325,0.1871172930459627,1.0,1.0
no_retail_foodstores_vol_sa_idx__yoy,0,full2010,66,1.0591730395608179,1.1074611451269325,1.0455903839717609,-0.09325925105421429,0.14590772582306888,0.4419971162698062,1.0,1.0
no_retail_foodstores_vol_sa_idx__yoy,0,exepi,56,0.9386488848467222,0.9847106632612906,1.0490724265038573,-0.10055295605069126,0.1264146414958373,0.44970185644580496,1.0,1.0
no_retail_foodstores_vol_sa_idx__yoy,0,excovid+exepi,50,0.9074094633767769,0.9243593421687029,1.018679415937376,-0.03770775245451352,-0.5455181649879838,0.7073014046511794,1.0,1.0
no_retail_foodstores_vol_sa_idx__yoy,0,2015+,46,0.9959451664890379,1.055054820057164,1.0593503091907186,-0.12222307758247108,0.41605527015367477,0.3386847799335049,1.0,1.0
no_retail_foodstores_vol_sa_idx__dyoy,0,full2010,66,1.0604359472590177,1.1712624697137337,1.104510340998131,-0.2199430933718074,-0.7578382508136285,0.7757260898576371,1.0,1.0
no_retail_foodstores_vol_sa_idx__dyoy,0,exepi,56,0.9400489216159432,0.9963386432351945,1.059879566185225,-0.12334469481698052,0.3769034381512273,0.35312268313312645,1.0,1.0
no_retail_foodstores_vol_sa_idx__dyoy,0,excovid+exepi,50,0.9091347319524421,0.9053691505945475,0.9958580601691371,0.008266723996163239,0.7554986501150441,0.22497492098163585,1.0,1.0
no_retail_foodstores_vol_sa_idx__dyoy,0,2015+,46,0.9968876567111543,1.1559491348448967,1.1595580776458847,-0.3445749354338197,-0.8354426007930323,0.7982657238521629,1.0,1.0
no_vat_food_rate__lvl,0,full2010,66,1.0591730395608179,1.0709283121492,1.0110985383401152,-0.022320254233517467,-1.533778730179719,0.9374579513213074,1.0,1.0
no_vat_food_rate__lvl,0,exepi,56,0.9386488848467222,0.9500531586066653,1.0121496695346368,-0.024446953539074556,-1.1489358404379129,0.8747087812044978,1.0,1.0
no_vat_food_rate__lvl,0,excovid+exepi,50,0.9074094633767769,0.920577516599253,1.0145116992426697,-0.029233987900249003,-1.2537882602105235,0.89504051129105,1.0,1.0
no_vat_food_rate__lvl,0,2015+,46,0.9959451664890379,1.0008648167718546,1.0049396798622556,-0.00990376016165273,-0.6819911852468593,0.7523777376705529,1.0,1.0
no_vat_food_rate__d4,0,full2010,66,1.0591730395608179,1.0565178293549276,0.9974931289725886,0.005007457652474789,1.455156964264938,0.07281290598229861,1.0,1.0
no_vat_food_rate__d4,0,exepi,56,0.9386488848467222,0.9347300408481984,0.9958250160823835,0.008332537344520663,1.7195641563185096,0.04275584815710254,1.0,1.0
no_vat_food_rate__d4,0,excovid+exepi,50,0.9074094633767769,0.9027929594007396,0.9949124357168838,0.010149245255897554,1.7949006827145402,0.036334762578551505,1.0,1.0
no_vat_food_rate__d4,0,2015+,46,0.9959451664890379,0.9954493473415365,0.9995021622031167,0.0009954277512945753,0.5330462284688381,0.2970007899656355,1.0,1.0
se_cpi_idx__yoy,0,full2010,66,1.0591730395608179,1.055048755422444,0.996106128097743,0.007772581566122816,1.0887396295597922,0.13813436028386028,1.0,1.0
se_cpi_idx__yoy,0,exepi,56,0.9386488848467222,0.9639570552018236,1.0269623399800174,-0.054651647737232745,0.0688118835757207,0.4725696793928633,1.0,1.0
se_cpi_idx__yoy,0,excovid+exepi,50,0.9074094633767769,0.947841213130699,1.0445573375479928,-0.09110003142535139,-0.36430610684452114,0.6421852799230452,1.0,1.0
se_cpi_idx__yoy,0,2015+,46,0.9959451664890379,0.973714775807949,0.977679101792866,0.044143573917494794,1.0468280863662651,0.1475894370430484,1.0,1.0
se_cpi_idx__dyoy,0,full2010,66,1.0591730395608179,1.0081867295912141,0.9518621527689706,0.09395844212602089,1.5984556257164861,0.054970806735463396,1.0,1.0
se_cpi_idx__dyoy,0,exepi,56,0.9386488848467222,0.8907504326387162,0.9489708526998063,0.09945432072620253,2.1693640118197814,0.015027529473511048,1.0,1.0
se_cpi_idx__dyoy,0,excovid+exepi,50,0.9074094633767769,0.8781711107172341,0.9677782149739358,0.06340532662186249,1.6671824072284311,0.0477390699231256,1.0,1.0
se_cpi_idx__dyoy,0,2015+,46,0.9959451664890379,0.9265940586695487,0.9303665400937989,0.13441810107389363,1.46219505638291,0.07184388298049604,1.0,1.0
se_cpi_food_idx__yoy,0,full2010,66,1.0591730395608179,1.0728749542741274,1.0129364270062906,-0.026040205156270257,0.6603936522534867,0.25450062232193016,1.0,1.0
se_cpi_food_idx__yoy,0,exepi,56,0.9386488848467222,0.9445724968065229,1.0063107856999884,-0.01266139741612804,-0.2725499789390142,0.6074004162322625,1.0,1.0
se_cpi_food_idx__yoy,0,excovid+exepi,50,0.9074094633767769,0.9143134603055991,1.0076084691723737,-0.01527482714789441,-0.2787527061478033,0.6097826943493616,1.0,1.0
se_cpi_food_idx__yoy,0,2015+,46,0.9959451664890379,1.0100565030144686,1.0141687886042732,-0.028538331779058845,0.7993480434161235,0.21204431414674718,1.0,1.0
se_cpi_food_idx__dyoy,0,full2010,66,1.0591730395608179,1.0675253312687223,1.0078856724972605,-0.015833528825254906,0.7326634640231738,0.23188185650683435,1.0,1.0
se_cpi_food_idx__dyoy,0,exepi,56,0.9386488848467222,0.9405171996383915,1.0019904298847322,-0.003984821580590436,0.5852557547516618,0.2791878802372846,1.0,1.0
se_cpi_food_idx__dyoy,0,excovid+exepi,50,0.9074094633767769,0.9057406342101931,0.9981608863099427,0.0036748450409496147,0.7210908326243691,0.2354268154870689,1.0,1.0
se_cpi_food_idx__dyoy,0,2015+,46,0.9959451664890379,1.0004937816271866,1.0045671341065732,-0.009155126927093749,0.7775906253249767,0.2184051947035872,1.0,1.0
se_ppi_food_hmpi_idx__yoy,0,full2010,66,1.0591730395608179,1.0680013337807617,1.0083350820783774,-0.016739637750008196,0.6069577031568767,0.2719394911831532,1.0,1.0
se_ppi_food_hmpi_idx__yoy,0,exepi,56,0.9386488848467222,0.9492794481897033,1.0113253885607258,-0.0227790415475031,-0.21019326466951876,0.5832415819190129,1.0,1.0
se_ppi_food_hmpi_idx__yoy,0,excovid+exepi,50,0.9074094633767769,0.9210380677453943,1.0150192442537471,-0.03026406620544786,-0.325961557192752,0.6277732795582669,1.0,1.0
se_ppi_food_hmpi_idx__yoy,0,2015+,46,0.9959451664890379,1.0015544399887522,1.0056321107712067,-0.011295942214152532,0.6456323314411347,0.25925874681550276,1.0,1.0
se_ppi_food_hmpi_idx__dyoy,0,full2010,66,1.0591730395608179,1.0513804475645274,0.9926427583546484,0.014660354286075039,1.4929530415236516,0.06772473966132564,1.0,1.0
se_ppi_food_hmpi_idx__dyoy,0,exepi,56,0.9386488848467222,0.9143153118957843,0.9740759581737409,0.05117602770790852,1.765953865648115,0.0387017945403505,1.0,1.0
se_ppi_food_hmpi_idx__dyoy,0,excovid+exepi,50,0.9074094633767769,0.8869689133637589,0.9774737306166593,0.04454510595435057,1.5936512506169371,0.055507084329899925,1.0,1.0
se_ppi_food_hmpi_idx__dyoy,0,2015+,46,0.9959451664890379,0.9991444296531417,1.0032122884589942,-0.006434895715132338,0.789688858631277,0.2148547497848099,1.0,1.0
se_retail_grocery_vol_sa_idx__yoy,0,full2010,66,1.0591730395608179,1.0799966105808143,1.0196602162651636,-0.0397069566339201,-1.3860050057130942,0.9171273125050984,1.0,1.0
se_retail_grocery_vol_sa_idx__yoy,0,exepi,56,0.9386488848467222,0.9499681885326101,1.0120591457238415,-0.0242637144432718,-0.7048800708390806,0.7595575632952738,1.0,1.0
se_retail_grocery_vol_sa_idx__yoy,0,excovid+exepi,50,0.9074094633767769,0.9026575634383858,0.994763224178082,0.010446127822826834,1.295890853704353,0.09750654538711923,1.0,1.0
se_retail_grocery_vol_sa_idx__yoy,0,2015+,46,0.9959451664890379,1.032901596879618,1.0371068926624354,-0.07559070680793223,-2.017870598897761,0.9781976300985731,1.0,1.0
se_retail_grocery_vol_sa_idx__dyoy,0,full2010,66,1.0591730395608179,1.0571327992465656,0.9980737422139273,0.0038488051030869386,1.0005271656961963,0.1585277288882816,1.0,1.0
se_retail_grocery_vol_sa_idx__dyoy,0,exepi,56,0.9386488848467222,0.8856704897619482,0.9435588792145371,0.1096966414554067,2.0708141642681457,0.019188083020410862,1.0,1.0
se_retail_grocery_vol_sa_idx__dyoy,0,excovid+exepi,50,0.9074094633767769,0.8816607635630404,0.9716239461313122,0.05594690730421692,1.9833615243009621,0.0236635308187243,1.0,1.0
se_retail_grocery_vol_sa_idx__dyoy,0,2015+,46,0.9959451664890379,0.9968945902312912,1.0009532891711301,-0.0019074871025039908,0.7561417206594171,0.22478211511455726,1.0,1.0
se_na_hhcons_food_sa__yoy,0,full2010,66,1.0591730395608179,1.0863611140885563,1.0256691527373203,-0.05199721087689246,-1.3380694699852447,0.9095631040587133,1.0,1.0
se_na_hhcons_food_sa__yoy,0,exepi,56,0.9386488848467222,0.9540894534827938,1.016449781047354,-0.033170157391213984,-0.5980279376143726,0.7250893540413831,1.0,1.0
se_na_hhcons_food_sa__yoy,0,excovid+exepi,50,0.9074094633767769,0.9118047324579203,1.0048437549513614,-0.00971097186475145,0.04900329629087905,0.4804583345186283,1.0,1.0
se_na_hhcons_food_sa__yoy,0,2015+,46,0.9959451664890379,1.0395340462487364,1.043766345002065,-0.08944818295896995,-2.048650287188323,0.9797518382098963,1.0,1.0
se_na_hhcons_food_sa__dyoy,0,full2010,66,1.0591730395608179,1.0576555025864247,0.9985672435780443,0.002863460052946798,0.6004314795464799,0.27410935676378345,1.0,1.0
se_na_hhcons_food_sa__dyoy,0,exepi,56,0.9386488848467222,0.9332419497802626,0.9942396617587816,0.011487494985783497,0.8352393508022724,0.20179147883618187,1.0,1.0
se_na_hhcons_food_sa__dyoy,0,excovid+exepi,50,0.9074094633767769,0.9053516703765362,0.9977322332604038,0.004530390713207155,0.5297517399742098,0.29814203479371937,1.0,1.0
se_na_hhcons_food_sa__dyoy,0,2015+,46,0.9959451664890379,0.9864687687656107,0.990485020619324,0.018939423928737376,1.3936886751561812,0.08170581876271887,1.0,1.0
se_policy_rate__lvl,0,full2010,66,1.0591730395608179,1.0960186785450123,1.0347871760401608,-0.07078449969717071,0.664273133045095,0.2532577567216916,1.0,1.0
se_policy_rate__lvl,0,exepi,56,0.9386488848467222,0.9699284274486242,1.033324007631469,-0.06775850474755996,1.1956143618052746,0.11592354216097367,1.0,1.0
se_policy_rate__lvl,0,excovid+exepi,50,0.9074094633767769,0.9453597408279806,1.0418226599819425,-0.08539445485185015,1.1446490843384562,0.12617727537151446,1.0,1.0
se_policy_rate__lvl,0,2015+,46,0.9959451664890379,1.0342316980668176,1.0384424091466296,-0.07836263711425606,-0.7152280806834457,0.7627659398883475,1.0,1.0
se_policy_rate__d4,0,full2010,66,1.0591730395608179,1.0909602543459076,1.0300113518734109,-0.06092338498809147,0.490445030488701,0.31190950929714567,1.0,1.0
se_policy_rate__d4,0,exepi,56,0.9386488848467222,0.9726955322985107,1.0362719734731782,-0.07385960300599548,0.4573716575541443,0.32370196621294667,1.0,1.0
se_policy_rate__d4,0,excovid+exepi,50,0.9074094633767769,0.9424668254550307,1.0386345563862576,-0.07876174171967798,0.5311700195800623,0.297650483200518,1.0,1.0
se_policy_rate__d4,0,2015+,46,0.9959451664890379,1.0259222222906024,1.0300991026516464,-0.06110416128372709,-0.334639850040492,0.6310516098209333,1.0,1.0
se_gov_bond_10y__lvl,0,full2010,66,1.0591730395608179,1.0758398375196376,1.0157356705054827,-0.03171895233722255,0.302251739768159,0.3812300824243592,1.0,1.0
se_gov_bond_10y__lvl,0,exepi,56,0.9386488848467222,0.9497245496831362,1.0117995823733628,-0.02373839489091134,0.7231702393619016,0.2347876502328481,1.0,1.0
se_gov_bond_10y__lvl,0,excovid+exepi,50,0.9074094633767769,0.9206113866144899,1.0145490252973386,-0.02930972473177973,0.6772390181469928,0.24912715768226157,1.0,1.0
se_gov_bond_10y__lvl,0,2015+,46,0.9959451664890379,1.013364448208926,1.0174902015753493,-0.035286310301845036,-0.08383901336379848,0.5334077854912549,1.0,1.0
se_gov_bond_10y__d4,0,full2010,66,1.0591730395608179,1.0115617803960355,0.9550486489114902,0.08788207821233707,1.508371964827941,0.0657296770468272,1.0,1.0
se_gov_bond_10y__d4,0,exepi,56,0.9386488848467222,0.9479250131650635,1.0098824261852248,-0.01986251471775602,0.618589894131591,0.2680932805192292,1.0,1.0
se_gov_bond_10y__d4,0,excovid+exepi,50,0.9074094633767769,0.9263743197771956,1.0208999984746072,-0.04223680688545306,0.29183676302053785,0.3852057176654631,1.0,1.0
se_gov_bond_10y__d4,0,2015+,46,0.9959451664890379,0.92411842285529,0.9278808251191624,0.13903717437618246,1.39887137351897,0.08092577915660559,1.0,1.0
se_eursek__yoy,0,full2010,66,1.0591730395608179,1.0738053535293595,1.0138148474536406,-0.027820544917448453,-1.4789891478002664,0.930428392371917,1.0,1.0
se_eursek__yoy,0,exepi,56,0.9386488848467222,0.9579150201593204,1.0205253909354448,-0.041472073543942445,-1.4836294784781272,0.9310463777562042,1.0,1.0
se_eursek__yoy,0,excovid+exepi,50,0.9074094633767769,0.9293290718871462,1.0241562485240114,-0.048896021390776756,-1.4631689578311962,0.9282894236945018,1.0,1.0
se_eursek__yoy,0,2015+,46,0.9959451664890379,0.9968594768375135,1.000918032818713,-0.0018369084216822706,-0.7619026594053435,0.7769409486699301,1.0,1.0
se_eursek__dyoy,0,full2010,66,1.0591730395608179,1.070896163195539,1.0110681854587065,-0.02225887564676121,-0.7711166570511184,0.7796811058689914,1.0,1.0
se_eursek__dyoy,0,exepi,56,0.9386488848467222,0.9563405301252216,1.0188479905149925,-0.03805122777643821,-0.9434058341187301,0.8272633199066336,1.0,1.0
se_eursek__dyoy,0,excovid+exepi,50,0.9074094633767769,0.9277317080668734,1.022395892384096,-0.04529336076387169,-0.9372999792319822,0.8256978631779774,1.0,1.0
se_eursek__dyoy,0,2015+,46,0.9959451664890379,0.9915215906416586,0.9955584142619281,0.008863443792275105,1.2592535640279439,0.10396937996618005,1.0,1.0
se_food_vat_rate__lvl,0,full2010,66,1.0591730395608179,1.0593343876815695,1.0001523340518736,-0.00030469130941068734,-1.0086038092787908,0.8434176601376008,1.0,1.0
se_food_vat_rate__lvl,0,exepi,56,0.9386488848467222,0.9388634538634986,1.0002285934818018,-0.00045723921858353833,-1.011681122941588,0.8441547279371415,1.0,1.0
se_food_vat_rate__lvl,0,excovid+exepi,50,0.9074094633767769,0.9076580484518455,1.000273950278349,-0.0005479756054531659,-1.0134672459769687,0.8445814832787291,1.0,1.0
se_food_vat_rate__lvl,0,2015+,46,0.9959451664890379,0.996191351104584,1.0002471869173422,-0.0004944349360564981,-1.0130094603850153,0.8444721789037637,1.0,1.0
se_food_vat_rate__d4,0,full2010,66,1.0591730395608179,1.0591730395608179,1.0,0.0,-1.825172600190179,0.9660125064071324,1.0,1.0
se_food_vat_rate__d4,0,exepi,56,0.9386488848467222,0.9386488848467222,1.0,0.0,-0.7706372878683527,0.7795390235150841,1.0,1.0
se_food_vat_rate__d4,0,excovid+exepi,50,0.9074094633767769,0.9074094633767769,1.0,0.0,-0.8504371990133874,0.8024589690118721,1.0,1.0
se_food_vat_rate__d4,0,2015+,46,0.9959451664890379,0.9959451664890379,1.0,0.0,-1.8515595480916993,0.9679554518221639,1.0,1.0
ea_negotiated_wages_yoy_q__lvl,0,full2010,66,1.0591730395608179,1.0823709431478994,1.021901901502988,-0.04428349629542261,-2.57607626939735,0.9950035699270583,1.0,1.0
ea_negotiated_wages_yoy_q__lvl,0,exepi,56,0.9386488848467222,0.9611842606265412,1.0240083125262531,-0.04859302412286448,-2.102738349775428,0.9822556761160494,1.0,1.0
ea_negotiated_wages_yoy_q__lvl,0,excovid+exepi,50,0.9074094633767769,0.9346156867914531,1.0299823007283093,-0.0608635398135815,-2.324739863658392,0.9899570628376922,1.0,1.0
ea_negotiated_wages_yoy_q__lvl,0,2015+,46,0.9959451664890379,1.013767069621857,1.0178944621977994,-0.03610913617294731,-1.5664159001944604,0.9413743585166701,1.0,1.0
ea_negotiated_wages_yoy_q__d4,0,full2010,66,1.0591730395608179,1.0676355153254655,1.007989700878486,-0.016043237077099537,0.06957252535507921,0.472266952763277,1.0,1.0
ea_negotiated_wages_yoy_q__d4,0,exepi,56,0.9386488848467222,0.9619537156679216,1.0248280599885922,-0.05027255253998142,-1.7141046942187526,0.9567452500787726,1.0,1.0
ea_negotiated_wages_yoy_q__d4,0,excovid+exepi,50,0.9074094633767769,0.934615262206169,1.0299818328190562,-0.060862575937302266,-1.7707192611195013,0.9616963010632056,1.0,1.0
ea_negotiated_wages_yoy_q__d4,0,2015+,46,0.9959451664890379,1.0020362418816786,1.006115874244476,-0.012269152406726214,0.3915992173424104,0.34767718314073925,1.0,1.0
no_earn_idx_food_manuf_q__yoy,0,full2010,66,1.0591730395608179,1.085205436045707,1.0245780391990373,-0.04976015840894399,-0.7710459215109431,0.7796601435513915,1.0,1.0
no_earn_idx_food_manuf_q__yoy,0,exepi,56,0.9386488848467222,0.9622904251856889,1.0251867772077812,-0.05100792816167665,-0.2876125043406194,0.6131783139610416,1.0,1.0
no_earn_idx_food_manuf_q__yoy,0,excovid+exepi,50,0.9074094633767769,0.9370813017415222,1.0326995028840964,-0.0664682632570599,-0.4407581022655253,0.6703059358053108,1.0,1.0
no_earn_idx_food_manuf_q__yoy,0,2015+,46,0.9959451664890379,1.0097533815187314,1.013864432997221,-0.027921088496776658,-0.6098777198354992,0.7290285937209764,1.0,1.0
no_earn_idx_food_manuf_q__dyoy,0,full2010,66,1.0591730395608179,1.0771983064662456,1.0170182455861054,-0.034326111855039754,-0.1446366124127324,0.5575011056775282,1.0,1.0
no_earn_idx_food_manuf_q__dyoy,0,exepi,56,0.9386488848467222,0.9605453492008472,1.0233276411527412,-0.0471994611472335,-0.07597697081426781,0.5302812900710604,1.0,1.0
no_earn_idx_food_manuf_q__dyoy,0,excovid+exepi,50,0.9074094633767769,0.9365809131481619,1.0321480554796378,-0.06532960843039759,-0.3041236684140078,0.6194831622205367,1.0,1.0
no_earn_idx_food_manuf_q__dyoy,0,2015+,46,0.9959451664890379,1.0043331097482173,1.0084220934459165,-0.01691511854984462,-0.19191360940823532,0.5760950615848085,1.0,1.0
no_real_wage_qna_yoy_q__lvl,0,full2010,62,1.088545735347999,1.1400630066481612,1.0473266943475668,-0.09689320469300156,-1.0576705293664883,0.854897162243714,1.0,1.0
no_real_wage_qna_yoy_q__lvl,0,exepi,52,0.9686520448868436,1.0280706490415232,1.0613415358676301,-0.12644585575786005,-0.8284455819970237,0.7962908993688099,1.0,1.0
no_real_wage_qna_yoy_q__lvl,0,excovid+exepi,46,0.9399964318399312,1.0073881540300313,1.071693593621615,-0.1485271586096113,-0.8011133208158009,0.7884669774013742,1.0,1.0
no_real_wage_qna_yoy_q__lvl,0,2015+,42,1.0356910220928275,1.0733103079451596,1.0363228849626547,-0.07396512189731963,-1.1219815373190616,0.8690648549899164,1.0,1.0
no_real_wage_qna_yoy_q__d4,0,full2010,60,1.0976631577841987,1.1433674589826923,1.0416378201949994,-0.08500934846058983,-0.8992931925218606,0.8157517437932609,1.0,1.0
no_real_wage_qna_yoy_q__d4,0,exepi,50,0.9796504906109875,1.0283075246472138,1.0496677483475558,-0.10180238192102786,-0.6409685907578869,0.7392284549946516,1.0,1.0
no_real_wage_qna_yoy_q__d4,0,excovid+exepi,44,0.951316190313877,1.001578689911872,1.0528346937745392,-0.10846089241532764,-0.5351281135548723,0.7037193645818202,1.0,1.0
no_real_wage_qna_yoy_q__d4,0,2015+,40,1.0473495032830966,1.0814410141678557,1.032550271688575,-0.06616006356415016,-0.9742596156336131,0.8350361745556141,1.0,1.0
se_real_wage_yoy_q__lvl,0,full2010,66,1.0591730395608179,1.0884402517608796,1.0276321347947048,-0.056027804462722486,0.8497394603926901,0.19773497721522626,1.0,1.0
se_real_wage_yoy_q__lvl,0,exepi,56,0.9386488848467222,0.9722657933495609,1.0358141463176918,-0.07291094571184864,-0.0017415282322890925,0.5006947688931764,1.0,1.0
se_real_wage_yoy_q__lvl,0,excovid+exepi,50,0.9074094633767769,0.9483411539061274,1.0451082914399303,-0.09225134083649045,-0.09977939695641305,0.5397402673717004,1.0,1.0
se_real_wage_yoy_q__lvl,0,2015+,46,0.9959451664890379,1.0174999256003119,1.0216425159100475,-0.043753430315011776,0.7107288033302022,0.23862615359664785,1.0,1.0
se_real_wage_yoy_q__d4,0,full2010,66,1.0591730395608179,1.0372522945982112,0.9793039058361077,0.04096386001414387,2.0337695452382114,0.0209874182452644,1.0,1.0
se_real_wage_yoy_q__d4,0,exepi,56,0.9386488848467222,0.9179141081439532,0.9779099756708763,0.04369207948338605,1.9839154512161008,0.02363263306657848,1.0,1.0
se_real_wage_yoy_q__d4,0,excovid+exepi,50,0.9074094633767769,0.894462531963289,0.9857319854640837,0.028332452833035537,1.7441346173149863,0.040567809492901175,1.0,1.0
se_real_wage_yoy_q__d4,0,2015+,46,0.9959451664890379,0.9619620758314862,0.9658785525539013,0.06707862171638046,1.546955081823966,0.060937038697766344,1.0,1.0
se_wage_idx_m__yoy,0,full2010,66,1.0591730395608179,1.0633336829584823,1.0039281998712786,-0.007871830496785748,-0.18232653322668543,0.5723367614210217,1.0,1.0
se_wage_idx_m__yoy,0,exepi,56,0.9386488848467222,0.9429933248605767,1.0046283973528227,-0.00927821676770102,-0.048561523102124145,0.519365633058366,1.0,1.0
se_wage_idx_m__yoy,0,excovid+exepi,50,0.9074094633767769,0.9123963258962342,1.005495713589871,-0.011021630047603814,-0.045391105972211965,0.5181022149558439,1.0,1.0
se_wage_idx_m__yoy,0,2015+,46,0.9959451664890379,0.9918385955865915,0.9958767098424474,0.008229578793381931,0.8675749623963904,0.19281352896545623,1.0,1.0
se_wage_idx_m__dyoy,0,full2010,66,1.0591730395608179,1.0748117008586096,1.0147649729682282,-0.029747950363208986,-1.3219549912192146,0.9069084305108035,1.0,1.0
se_wage_idx_m__dyoy,0,exepi,56,0.9386488848467222,0.9494624535926344,1.0115203553964462,-0.023173429381353028,-0.6671873941965267,0.7476737789461987,1.0,1.0
se_wage_idx_m__dyoy,0,excovid+exepi,50,0.9074094633767769,0.9187931846326319,1.012545297040977,-0.02524797855980032,-0.5803870439224659,0.7191731798992436,1.0,1.0
se_wage_idx_m__dyoy,0,2015+,46,0.9959451664890379,1.006912499969399,1.0110119852471635,-0.022145234313410755,-0.9488095520206301,0.8286412585872319,1.0,1.0
ea_hicp_food_idx__yoy,0,full2010,66,1.0591730395608179,1.0938330098025943,1.0327236145060377,-0.06651806395841509,0.6386700556008595,0.26151879834050007,1.0,1.0
ea_hicp_food_idx__yoy,0,exepi,56,0.9386488848467222,0.9632165304953992,1.0261734137708893,-0.0530318751302008,-0.26812671322061515,0.6056991078799507,1.0,1.0
ea_hicp_food_idx__yoy,0,excovid+exepi,50,0.9074094633767769,0.9345552354577523,1.029915681042114,-0.06072631005644147,-0.22856965603724588,0.5903982943934554,1.0,1.0
ea_hicp_food_idx__yoy,0,2015+,46,0.9959451664890379,1.0284901898826166,1.0326775253182947,-0.06642287129751723,0.719546460485406,0.2359021432849755,1.0,1.0
ea_hicp_food_idx__dyoy,0,full2010,66,1.0604359472590177,1.0711632850079673,1.010115969546937,-0.020334271933748704,1.2831011433890995,0.09972832162929013,1.0,1.0
ea_hicp_food_idx__dyoy,0,exepi,56,0.9400489216159432,0.9536980020905133,1.0145195427181675,-0.0292499025570796,0.9932398476004508,0.16029654185324338,1.0,1.0
ea_hicp_food_idx__dyoy,0,excovid+exepi,50,0.9091347319524421,0.9221863886090197,1.0143561302828548,-0.028918359042407804,1.0449274983759202,0.14802823974611523,1.0,1.0
ea_hicp_food_idx__dyoy,0,2015+,46,0.9968876567111543,0.9815107069071501,0.9845750424328309,0.030611985818389198,1.2993463222513641,0.09691255202271731,1.0,1.0
eu_ppi_dom_c103_idx__yoy,0,full2010,66,1.0591730395608179,1.0825950034898233,1.0221134442193858,-0.04471589285401545,0.4302484254512096,0.333507469706963,1.0,1.0
eu_ppi_dom_c103_idx__yoy,0,exepi,56,0.9386488848467222,0.9590057596630472,1.0216874223631014,-0.043845189014958263,-0.4303320158492941,0.6665229294624959,1.0,1.0
eu_ppi_dom_c103_idx__yoy,0,excovid+exepi,50,0.9074094633767769,0.9289870421116327,1.0237793186050301,-0.048124093203379736,-0.3420096621997607,0.6338281895615352,1.0,1.0
eu_ppi_dom_c103_idx__yoy,0,2015+,46,0.9959451664890379,1.0223898045671227,1.0265523032470842,-0.053809631301893646,0.4252422960595572,0.33533002697426706,1.0,1.0
eu_ppi_dom_c103_idx__dyoy,0,full2010,66,1.0604359472590177,1.0460639686966762,0.9864471035714228,0.0269221118555506,2.0473792372886845,0.020310431678660867,1.0,1.0
eu_ppi_dom_c103_idx__dyoy,0,exepi,56,0.9400489216159432,0.9363600001560303,0.9960758196992857,0.007832961410396022,1.7794507502903467,0.037582946205640844,1.0,1.0
eu_ppi_dom_c103_idx__dyoy,0,excovid+exepi,50,0.9091347319524421,0.89592491241037,0.9854698989293886,0.02884907830410055,2.002770283714081,0.022600975431422032,1.0,1.0
eu_ppi_dom_c103_idx__dyoy,0,2015+,46,0.9968876567111543,0.9631297457398036,0.9661366947979656,0.06657988696486272,1.6474044645183938,0.049737469161648784,1.0,1.0
eu_ppi_dom_c105_idx__yoy,0,full2010,66,1.0591730395608179,1.054780887397363,0.995853225111096,0.008276354035828826,1.0649738021621733,0.14344389259761248,1.0,1.0
eu_ppi_dom_c105_idx__yoy,0,exepi,56,0.9386488848467222,0.936485468043359,0.9976951799141417,0.0046043279760884515,1.4371108240735824,0.07534325305643841,1.0,1.0
eu_ppi_dom_c105_idx__yoy,0,excovid+exepi,50,0.9074094633767769,0.907651417375765,1.0002666425784097,-0.0005333562550839943,1.2287191772113548,0.10958855675374446,1.0,1.0
eu_ppi_dom_c105_idx__yoy,0,2015+,46,0.9959451664890379,0.9907868103211169,0.9948206423993146,0.010331889456215104,0.8793492182348414,0.18960597858239336,1.0,1.0
eu_ppi_dom_c105_idx__dyoy,0,full2010,66,1.0604359472590177,1.0557501842035204,0.9955812861044471,0.008817902758615048,1.2722904896164613,0.1016349632018343,1.0,1.0
eu_ppi_dom_c105_idx__dyoy,0,exepi,56,0.9400489216159432,0.9283360769360367,0.9875401753987738,0.02476440197335905,1.6257527541961796,0.05200113132399298,1.0,1.0
eu_ppi_dom_c105_idx__dyoy,0,excovid+exepi,50,0.9091347319524421,0.8976155250101463,0.9873294831476107,0.02518049170747194,1.5362925136082015,0.0622333273926573,1.0,1.0
eu_ppi_dom_c105_idx__dyoy,0,2015+,46,0.9968876567111543,0.9887499112015762,0.9918368479589511,0.016259667030852465,1.0857446759648013,0.13879598453726416,1.0,1.0
eu_ppi_dom_c106_idx__yoy,0,full2010,66,1.0591730395608179,1.0298213023906417,0.9722880624091916,0.0546559236965799,1.7795345453538465,0.037576083247784275,1.0,1.0
eu_ppi_dom_c106_idx__yoy,0,exepi,56,0.9386488848467222,0.9204563903138435,0.9806184241769494,0.03838750616471642,1.8135860882979473,0.034870736912006484,1.0,1.0
eu_ppi_dom_c106_idx__yoy,0,excovid+exepi,50,0.9074094633767769,0.8908022535627098,0.9816982184070838,0.03626860797635756,1.6717099910338402,0.047290761523701486,1.0,1.0
eu_ppi_dom_c106_idx__yoy,0,2015+,46,0.9959451664890379,0.9546859600319492,0.9585728131976,0.08113816179843902,1.3417395812660087,0.08984022420506022,1.0,1.0
eu_ppi_dom_c106_idx__dyoy,0,full2010,66,1.0604359472590177,1.0299815321927122,0.9712812309456095,0.05661277041278168,1.9931449501251364,0.023122788550164586,1.0,1.0
eu_ppi_dom_c106_idx__dyoy,0,exepi,56,0.9400489216159432,0.9005542982820827,0.9579866298171277,0.08226161709162161,1.94615111889533,0.025818294806158604,1.0,1.0
eu_ppi_dom_c106_idx__dyoy,0,excovid+exepi,50,0.9091347319524421,0.8720399358238407,0.959197691139863,0.079939789311956,1.7660820405163193,0.03869104301914161,1.0,1.0
eu_ppi_dom_c106_idx__dyoy,0,2015+,46,0.9968876567111543,0.9776766666137011,0.9807290320347305,0.03817056572422062,1.1751231859892162,0.1199727178799056,1.0,1.0
eu_ppi_dom_c107_idx__yoy,0,full2010,66,1.0591730395608179,1.0753245073400832,1.015249130383797,-0.030730796745055855,0.5601782725948484,0.2876789227664154,1.0,1.0
eu_ppi_dom_c107_idx__yoy,0,exepi,56,0.9386488848467222,0.949403008235676,1.0114570246261039,-0.023045312665490814,-0.05720748300864264,0.5228100413271811,1.0,1.0
eu_ppi_dom_c107_idx__yoy,0,excovid+exepi,50,0.9074094633767769,0.921753474990319,1.015807650451609,-0.031865182716018126,-0.17713400793195935,0.5702984350949437,1.0,1.0
eu_ppi_dom_c107_idx__yoy,0,2015+,46,0.9959451664890379,1.0104093264299145,1.014523048484553,-0.02925701590639096,0.6232559108164224,0.2665581828097361,1.0,1.0
eu_ppi_dom_c107_idx__dyoy,0,full2010,66,1.0604359472590177,1.0599659758589934,0.9995568130246443,0.0008861775360162749,1.549435482142013,0.06063853487061899,1.0,1.0
eu_ppi_dom_c107_idx__dyoy,0,exepi,56,0.9400489216159432,0.9340879698760192,0.9936588919971556,0.012642006354985025,1.512605354379033,0.0651899666508936,1.0,1.0
eu_ppi_dom_c107_idx__dyoy,0,excovid+exepi,50,0.9091347319524421,0.9080073579750606,0.9987599484017508,0.002478565468532201,1.388229556816383,0.08253357737087641,1.0,1.0
eu_ppi_dom_c107_idx__dyoy,0,2015+,46,0.9968876567111543,0.9847512410302921,0.9878256936986244,0.02420039886883152,1.1877840132497526,0.11745925718732253,1.0,1.0
eu_ppi_dom_c108_idx__yoy,0,full2010,66,1.0591730395608179,1.1002339139527757,1.0387669180184038,-0.07903670996945333,-0.37263472241365003,0.6452898367920931,1.0,1.0
eu_ppi_dom_c108_idx__yoy,0,exepi,56,0.9386488848467222,0.9726118594638311,1.036182831690739,-0.07367486069063856,-0.5750466900979945,0.7173701397789823,1.0,1.0
eu_ppi_dom_c108_idx__yoy,0,excovid+exepi,50,0.9074094633767769,0.9466287682278073,1.0432211768048816,-0.08831042373416209,-0.5775884034374472,0.7182289809502942,1.0,1.0
eu_ppi_dom_c108_idx__yoy,0,2015+,46,0.9959451664890379,1.0301392727185434,1.0343333221346398,-0.06984542127808058,-0.2962367882228603,0.616475371987071,1.0,1.0
eu_ppi_dom_c108_idx__dyoy,0,full2010,66,1.0604359472590177,1.0839096600216152,1.0221359081831125,-0.04476181479731611,0.3154558546900092,0.37620778200936367,1.0,1.0
eu_ppi_dom_c108_idx__dyoy,0,exepi,56,0.9400489216159432,0.9598785780004998,1.0210942812959878,-0.04263353129536984,0.5284992941671909,0.2985764184210059,1.0,1.0
eu_ppi_dom_c108_idx__dyoy,0,excovid+exepi,50,0.9091347319524421,0.9330473503133717,1.0263026122757133,-0.05329705196395307,0.49528557803143625,0.31019927484679166,1.0,1.0
eu_ppi_dom_c108_idx__dyoy,0,2015+,46,0.9968876567111543,0.9978515539798856,1.0009669066140423,-0.001934748136484865,0.6409791642121111,0.2607681101175787,1.0,1.0
eu_ppi_dom_food_mfg_idx__yoy,0,full2010,66,1.0591730395608179,1.0524455564196922,0.9936483625528126,0.012662931596114202,0.9877704764820405,0.1616325348669443,1.0,1.0
eu_ppi_dom_food_mfg_idx__yoy,0,exepi,56,0.9386488848467222,0.9445354722563227,1.0062713411847943,-0.012582012089844774,0.5439981209295339,0.29322138295830713,1.0,1.0
eu_ppi_dom_food_mfg_idx__yoy,0,excovid+exepi,50,0.9074094633767769,0.911572103265697,1.0045873886673273,-0.009195821469439869,0.7204678183865187,0.23561850355663672,1.0,1.0
eu_ppi_dom_food_mfg_idx__yoy,0,2015+,46,0.9959451664890379,0.9768507425638617,0.9808278361423362,0.03797675584834259,0.9667425866033251,0.16683636604817287,1.0,1.0
eu_ppi_dom_food_mfg_idx__dyoy,0,full2010,66,1.0604359472590177,1.0509456644468687,0.991050583642813,0.017818740661239785,1.122168148389235,0.13089547632438836,1.0,1.0
eu_ppi_dom_food_mfg_idx__dyoy,0,exepi,56,0.9400489216159432,0.9259555739092945,0.9850078571629843,0.029759521327185845,1.2705624585499673,0.1019421748235001,1.0,1.0
eu_ppi_dom_food_mfg_idx__dyoy,0,excovid+exepi,50,0.9091347319524421,0.8857607878227738,0.974289900816493,0.05075918916698818,1.5200639828210563,0.06424744783193892,1.0,1.0
eu_ppi_dom_food_mfg_idx__dyoy,0,2015+,46,0.9968876567111543,0.9891685530675766,0.9922567968500644,0.015426449104850026,0.8000101084594404,0.21185247025992582,1.0,1.0
ea_ec_food_ind_sell_price_exp__lvl,0,full2010,66,1.0591730395608179,1.0453703050437422,0.9869683857108005,0.025893405607416597,0.9937667039028281,0.1601682298366276,1.0,1.0
ea_ec_food_ind_sell_price_exp__lvl,0,exepi,56,0.9386488848467222,0.970835767289286,1.034290652193999,-0.06975715321588782,-0.08567784184371173,0.5341387415037562,1.0,1.0
ea_ec_food_ind_sell_price_exp__lvl,0,excovid+exepi,50,0.9074094633767769,0.954185853266916,1.0515493741007156,-0.1057560861716067,-0.5828777086030027,0.720012186084833,1.0,1.0
ea_ec_food_ind_sell_price_exp__lvl,0,2015+,46,0.9959451664890379,0.9315540221147929,0.9353466972471585,0.12512655594883249,1.2555919502044124,0.1046319757064107,1.0,1.0
ea_ec_food_ind_sell_price_exp__d4,0,full2010,66,1.0591730395608179,1.0526257297341162,0.993818470087365,0.012324848513209141,1.0725203634243368,0.14174318629258342,1.0,1.0
ea_ec_food_ind_sell_price_exp__d4,0,exepi,56,0.9386488848467222,0.9345578460277192,0.995641566420578,0.008697871215577746,0.9175200039648541,0.17943510772732596,1.0,1.0
ea_ec_food_ind_sell_price_exp__d4,0,excovid+exepi,50,0.9074094633767769,0.9158433457436319,1.0092944615493316,-0.01867531011415502,0.08626627914501125,0.46562737193049675,1.0,1.0
ea_ec_food_ind_sell_price_exp__d4,0,2015+,46,0.9959451664890379,0.9740926697962621,0.9780585343168927,0.043401503449891576,1.2892244651283613,0.09866003100197784,1.0,1.0
no_fn_cci_sa__lvl,0,full2010,66,1.0591730395608179,1.082545204307652,1.0220664271784385,-0.044619781565298444,-0.813712696950064,0.7920952206607812,1.0,1.0
no_fn_cci_sa__lvl,0,exepi,56,0.9386488848467222,0.955608895303417,1.0180685352430416,-0.03646354245191241,-0.3779135104297128,0.6472525772058009,1.0,1.0
no_fn_cci_sa__lvl,0,excovid+exepi,50,0.9074094633767769,0.928927620128466,1.0237138333025675,-0.04799001249503698,-0.620581254780232,0.7325624117978456,1.0,1.0
no_fn_cci_sa__lvl,0,2015+,46,0.9959451664890379,1.02769663908747,1.031880743706367,-0.06477786923200513,-0.7913219064256894,0.7856219159147135,1.0,1.0
no_fn_cci_sa__d4,0,full2010,66,1.0591730395608179,1.0653275865154466,1.005810709605279,-0.011655183556674942,-0.9454794281907887,0.82779291574846,1.0,1.0
no_fn_cci_sa__d4,0,exepi,56,0.9386488848467222,0.9430540834982158,1.004693127241304,-0.009408279925910978,-0.5830882548372561,0.7200830550177819,1.0,1.0
no_fn_cci_sa__d4,0,excovid+exepi,50,0.9074094633767769,0.9133457283365398,1.006541991459591,-0.013126780571439456,-0.7375034598330912,0.7695918800117806,1.0,1.0
no_fn_cci_sa__d4,0,2015+,46,0.9959451664890379,1.0014710590442832,1.0055483903543863,-0.011127565344297263,-0.6190297481307144,0.7320516191426911,1.0,1.0
no_nbes_bl_sell_price_di__lvl,0,full2010,66,1.0591730395608179,1.0606462670235368,1.001390922358947,-0.0027837793829026403,1.4213990988596015,0.07760038415700121,1.0,1.0
no_nbes_bl_sell_price_di__lvl,0,exepi,56,0.9386488848467222,0.9498048883618813,1.011885172075798,-0.023911601466867216,1.381461937343242,0.0835684866221883,1.0,1.0
no_nbes_bl_sell_price_di__lvl,0,excovid+exepi,50,0.9074094633767769,0.9375443445112149,1.033209793759805,-0.06752247792117894,0.9851627746567954,0.16227206122907023,1.0,1.0
no_nbes_bl_sell_price_di__lvl,0,2015+,46,0.9959451664890379,0.9941139962166242,0.9981613744069174,0.0036738706420935685,0.7444016898448537,0.22831674848543504,1.0,1.0
no_nbes_bl_sell_price_di__d4,0,full2010,66,1.0643909839141779,1.060385116646305,0.9962364701238432,0.007512895595184865,0.8495720948744782,0.19778151591169657,1.0,1.0
no_nbes_bl_sell_price_di__d4,0,exepi,56,0.9364537852443362,0.9298417464656691,0.9929392791370458,0.014071587946803743,0.8998149792900446,0.18410936072751405,1.0,1.0
no_nbes_bl_sell_price_di__d4,0,excovid+exepi,50,0.9060001534153295,0.9104170426708142,1.0048751528781033,-0.00977407287179144,0.19666018362231155,0.42204673520620195,1.0,1.0
no_nbes_bl_sell_price_di__d4,0,2015+,46,1.005553046315515,0.9885378484606168,0.9830787665382307,0.03355613878167096,1.5945774818584513,0.05540337571988552,1.0,1.0
no_ssb_bts_consgoods_home_price_exp__lvl,0,full2010,66,1.0591730395608179,1.0448768143881528,0.9865024649998712,0.026812886549178017,0.9390303578156047,0.17385757905407662,1.0,1.0
no_ssb_bts_consgoods_home_price_exp__lvl,0,exepi,56,0.9386488848467222,0.9914347858266359,1.0562360450559034,-0.11563458287533646,-0.9593252329726788,0.8313025362335577,1.0,1.0
no_ssb_bts_consgoods_home_price_exp__lvl,0,excovid+exepi,50,0.9074094633767769,0.9655838142690863,1.06411036388779,-0.13233086653340487,-0.9682301888316428,0.8335352894576746,1.0,1.0
no_ssb_bts_consgoods_home_price_exp__lvl,0,2015+,46,0.9959451664890379,0.9768701751297237,0.9808473478248222,0.03793848026501223,0.8585520121075196,0.19529386158871298,1.0,1.0
no_ssb_bts_consgoods_home_price_exp__d4,0,full2010,66,1.0591730395608179,1.0333335786588291,0.9756041176116954,0.04819660569910522,1.5343969730330276,0.06246601091809145,1.0,1.0
no_ssb_bts_consgoods_home_price_exp__d4,0,exepi,56,0.9386488848467222,0.9402365474839103,1.0016914339992502,-0.0033857289474741314,1.0520764500344506,0.14638223792575356,1.0,1.0
no_ssb_bts_consgoods_home_price_exp__d4,0,excovid+exepi,50,0.9074094633767769,0.8949853778535115,0.9863081816702339,0.027196170770356853,1.7247601566401254,0.042285352432850254,1.0,1.0
no_ssb_bts_consgoods_home_price_exp__d4,0,2015+,46,0.9959451664890379,0.9770652734715797,0.9810432404787759,0.03755416031090275,1.0310789226367971,0.15125190550275347,1.0,1.0
se_ec_cons_conf__lvl,0,full2010,66,1.0591730395608179,1.081184440872397,1.0207816857958414,-0.04199525005619975,-0.005694146977681613,0.5022716237046174,1.0,1.0
se_ec_cons_conf__lvl,0,exepi,56,0.9386488848467222,0.9272527759255449,0.9878590289668983,0.024134538888576862,1.0594421665436426,0.14469922735131013,1.0,1.0
se_ec_cons_conf__lvl,0,excovid+exepi,50,0.9074094633767769,0.9192591161975063,1.0130587714796724,-0.026288074471903178,-0.0806183458874682,0.5321272621067445,1.0,1.0
se_ec_cons_conf__lvl,0,2015+,46,0.9959451664890379,1.0196293094125175,1.023780569172269,-0.048126653814695164,0.12767922403687984,0.44920141616163345,1.0,1.0
se_ec_cons_conf__d4,0,full2010,66,1.0591730395608179,1.0523047497945737,0.9935154224005814,0.01292710545219422,0.8618682719040747,0.194380005174573,1.0,1.0
se_ec_cons_conf__d4,0,exepi,56,0.9386488848467222,0.9426463355180636,1.0042587284083273,-0.008535593584310552,0.5491633096565517,0.29144669059830086,1.0,1.0
se_ec_cons_conf__d4,0,excovid+exepi,50,0.9074094633767769,0.9064539924018008,0.9989470343725307,0.0021048225183258884,0.7930947650618642,0.213861306300278,1.0,1.0
se_ec_cons_conf__d4,0,2015+,46,0.9959451664890379,0.9818228038868205,0.9858201404280095,0.0281586507264997,0.8888248834423692,0.1870486002416054,1.0,1.0
se_nier_food_mfg_sell_price_exp__lvl,0,full2010,66,1.0591730395608179,1.0547699954996377,0.9958429417132767,0.008296835439847383,0.4217376691111682,0.3366082530582464,1.0,1.0
se_nier_food_mfg_sell_price_exp__lvl,0,exepi,56,0.9386488848467222,0.9614752943875943,1.0243183685714383,-0.04922812019285305,-1.7882631085150564,0.9631332155909493,1.0,1.0
se_nier_food_mfg_sell_price_exp__lvl,0,excovid+exepi,50,0.9074094633767769,0.935118562307484,1.0305364888168482,-0.06200545478295805,-1.9618902004051852,0.9751123655101582,1.0,1.0
se_nier_food_mfg_sell_price_exp__lvl,0,2015+,46,0.9959451664890379,0.981620811130161,0.9856173252897307,0.028558488088717193,0.6087948534008392,0.2713302126876662,1.0,1.0
se_nier_food_mfg_sell_price_exp__d4,0,full2010,66,1.0591730395608179,1.0610105316914482,1.0017348365772152,-0.0034726828123801123,0.4981838550820013,0.3091772304276663,1.0,1.0
se_nier_food_mfg_sell_price_exp__d4,0,exepi,56,0.9386488848467222,0.9491459975533164,1.0111832154451539,-0.022491495198000422,-0.5792135137492175,0.7187774432455218,1.0,1.0
se_nier_food_mfg_sell_price_exp__d4,0,excovid+exepi,50,0.9074094633767769,0.9246024994152345,1.0189473845406865,-0.038253772462305546,-1.151382274889608,0.8752124986747692,1.0,1.0
se_nier_food_mfg_sell_price_exp__d4,0,2015+,46,0.9959451664890379,0.9944051020217946,0.9984536654034153,0.003090278042484851,0.5530090424856082,0.29012860915336325,1.0,1.0
eu_ppi_paper_packaging_idx__yoy,0,full2010,66,1.0591730395608179,1.0359734850257445,0.9780965397828735,0.04332715886476979,1.3650965903341632,0.08611134678642562,1.0,1.0
eu_ppi_paper_packaging_idx__yoy,0,exepi,56,0.9386488848467222,0.9348667010575687,0.9959706085521307,0.008042546900298375,1.8823963614271282,0.029891109790524784,1.0,1.0
eu_ppi_paper_packaging_idx__yoy,0,excovid+exepi,50,0.9074094633767769,0.912061169843605,1.0051263587769048,-0.010278997108119192,1.6154829032398947,0.05310307990727925,1.0,1.0
eu_ppi_paper_packaging_idx__yoy,0,2015+,46,0.9959451664890379,0.9404685712119794,0.9442975405236136,0.10830215496105433,1.2366038037154623,0.10811710354670312,1.0,1.0
eu_ppi_paper_packaging_idx__dyoy,0,full2010,66,1.0604359472590177,1.0576994623020708,0.9974194717144208,0.00515439744492574,1.2654234649958649,0.10285978402425577,1.0,1.0
eu_ppi_paper_packaging_idx__dyoy,0,exepi,56,0.9400489216159432,0.8977218573735439,0.9549735516215059,0.088025515703407,2.296626634824316,0.010820038945294597,1.0,1.0
eu_ppi_paper_packaging_idx__dyoy,0,excovid+exepi,50,0.9091347319524421,0.8766855105079296,0.9643075769695597,0.07011089699909667,1.8986918308823886,0.02880250313675259,1.0,1.0
eu_ppi_paper_packaging_idx__dyoy,0,2015+,46,0.9968876567111543,1.0068234854746632,1.0099668490191647,-0.02003303611770013,1.0616905807379653,0.14418808842698416,1.0,1.0
eu_ppi_plastic_products_idx__yoy,0,full2010,66,1.0591730395608179,1.0025382751197836,0.9465292616733166,0.10408235679616606,1.4989923652148238,0.06693780635826019,1.0,1.0
eu_ppi_plastic_products_idx__yoy,0,exepi,56,0.9386488848467222,0.9024647691674265,0.9614508510440467,0.07561226102667828,2.353177703106542,0.0093068681217231,1.0,1.0
eu_ppi_plastic_products_idx__yoy,0,excovid+exepi,50,0.9074094633767769,0.8785552172880626,0.9682015151337106,0.06258582609278729,1.9263927864505064,0.02702767373376669,1.0,1.0
eu_ppi_plastic_products_idx__yoy,0,2015+,46,0.9959451664890379,0.9102940690159961,0.9140001876057254,0.16460365705669866,1.393338561110078,0.08175871754487951,1.0,1.0
eu_ppi_plastic_products_idx__dyoy,0,full2010,66,1.0604359472590177,1.047662443329758,0.9879544785686716,0.0239459482761043,1.4859718230149008,0.06864328707549194,1.0,1.0
eu_ppi_plastic_products_idx__dyoy,0,exepi,56,0.9400489216159432,0.89170632640804,0.9485743836344153,0.10020663871258917,2.635552588280852,0.004200020419009021,1.0,0.8316040429637861
eu_ppi_plastic_products_idx__dyoy,0,excovid+exepi,50,0.9091347319524421,0.8672384732111725,0.9539163368543914,0.09004362228229934,2.2113481167522355,0.013505869862362352,1.0,1.0
eu_ppi_plastic_products_idx__dyoy,0,2015+,46,0.9968876567111543,0.9949405821927442,0.9980468465977061,0.003902491996374824,1.1789780986570377,0.1192034484826856,1.0,1.0
glob_fao_cereals_idx__yoy,0,full2010,66,1.0591730395608179,1.0470670280273733,0.9885703175201058,0.022728727318197195,1.5689094408013298,0.05833452087872759,1.0,1.0
glob_fao_cereals_idx__yoy,0,exepi,56,0.9386488848467222,0.9121347002923078,0.971752819416875,0.055696457955354384,2.2353009446293313,0.012698799049958964,1.0,1.0
glob_fao_cereals_idx__yoy,0,excovid+exepi,50,0.9074094633767769,0.8862012117044215,0.9766276939702256,0.046198347370399295,2.104504189957905,0.01766724475302872,1.0,1.0
glob_fao_cereals_idx__yoy,0,2015+,46,0.9959451664890379,0.9862428405159201,0.9902581725384331,0.01938875172084298,0.9724811438513303,0.16540562056077612,1.0,1.0
glob_fao_cereals_idx__dyoy,0,full2010,66,1.0591730395608179,1.0564075091184744,0.9973889720196332,0.0052152384936193785,0.56146345019575,0.2872408199607659,1.0,1.0
glob_fao_cereals_idx__dyoy,0,exepi,56,0.9386488848467222,0.9243937102297488,0.9848130916180642,0.03014317457767035,1.4378427245534877,0.07523934189672443,1.0,1.0
glob_fao_cereals_idx__dyoy,0,excovid+exepi,50,0.9074094633767769,0.8939311896893659,0.9851464259175193,0.02948651950193759,1.327804936422948,0.09212127787663471,1.0,1.0
glob_fao_cereals_idx__dyoy,0,2015+,46,0.9959451664890379,1.0016582776391707,1.0057363711802256,-0.011505648314768635,-0.1633771061064233,0.5648892363171972,1.0,1.0
glob_fao_dairy_idx__yoy,0,full2010,66,1.0591730395608179,1.0406345681364009,0.9824972211980547,0.03469921033810075,2.3270575550231514,0.009981101088139654,1.0,1.0
glob_fao_dairy_idx__yoy,0,exepi,56,0.9386488848467222,0.920783060930243,0.9809664463412252,0.037704831152668095,2.3201484801042813,0.010166423255735135,1.0,1.0
glob_fao_dairy_idx__yoy,0,excovid+exepi,50,0.9074094633767769,0.8951706285580348,0.9865123350453088,0.026793412803452488,1.7944793772854681,0.03636834367781272,1.0,1.0
glob_fao_dairy_idx__yoy,0,2015+,46,0.9959451664890379,0.9754850047455856,0.9794565379381482,0.040664890290216804,2.0954495106923163,0.01806552610834644,1.0,1.0
glob_fao_dairy_idx__dyoy,0,full2010,66,1.0591730395608179,1.0566221832887797,0.997591652943606,0.004810893977243991,0.7670437643527872,0.22152774774356976,1.0,1.0
glob_fao_dairy_idx__dyoy,0,exepi,56,0.9386488848467222,0.9402452529493001,1.0017007084633553,-0.0034043093359881205,0.1626056037006247,0.4354144873024255,1.0,1.0
glob_fao_dairy_idx__dyoy,0,excovid+exepi,50,0.9074094633767769,0.9122873369986821,1.0053756036483827,-0.010780104411350022,-0.2301238249429977,0.5910022239867458,1.0,1.0
glob_fao_dairy_idx__dyoy,0,2015+,46,0.9959451664890379,0.9871794724973552,0.9911986178691102,0.01752529993436558,1.6057767853051812,0.054161481541920686,1.0,1.0
glob_fao_ffpi__yoy,0,full2010,66,1.0591730395608179,1.0445685594840894,0.986211431436374,0.027387012504218156,1.4189122549712805,0.07796229950031686,1.0,1.0
glob_fao_ffpi__yoy,0,exepi,56,0.9386488848467222,0.9117572698919139,0.9713507197537452,0.05647777923388109,2.1714591064503055,0.014948242568837755,1.0,1.0
glob_fao_ffpi__yoy,0,excovid+exepi,50,0.9074094633767769,0.8907536309339634,0.9816446344070168,0.036373811739914386,2.3189042128855624,0.01020011532814391,1.0,1.0
glob_fao_ffpi__yoy,0,2015+,46,0.9959451664890379,0.9814407471041617,0.9854365281614771,0.028914848965054363,1.0494581420557312,0.14698365527593826,1.0,1.0
glob_fao_ffpi__dyoy,0,full2010,66,1.0591730395608179,1.0598888324694433,1.0006758035579553,-0.0013520638263595508,0.15656757749845848,0.4377928283772923,1.0,1.0
glob_fao_ffpi__dyoy,0,exepi,56,0.9386488848467222,0.9295177451643674,0.9902720390661883,0.019361288643693575,1.1630279792045688,0.12240907535039303,1.0,1.0
glob_fao_ffpi__dyoy,0,excovid+exepi,50,0.9074094633767769,0.9043262511340089,0.9966021819617196,0.006784090909139562,0.6669255343745095,0.25240984991014015,1.0,1.0
glob_fao_ffpi__dyoy,0,2015+,46,0.9959451664890379,0.9986465658285362,1.0027123976604269,-0.005432152421922076,0.01570071654992816,0.4937365776720086,1.0,1.0
glob_fao_ffpi_eur__yoy,0,full2010,66,1.0591730395608179,1.0468462117553918,0.9883618376365232,0.023140877903754964,1.2194610625022186,0.11133462294822549,1.0,1.0
glob_fao_ffpi_eur__yoy,0,exepi,56,0.9386488848467222,0.9315032837160462,0.9923873545837719,0.015167338462222957,1.2298039103640874,0.10938527177843271,1.0,1.0
glob_fao_ffpi_eur__yoy,0,excovid+exepi,50,0.9074094633767769,0.9055871142228524,0.9979917014011042,0.004012563934529312,0.7236607370009845,0.23463702167215017,1.0,1.0
glob_fao_ffpi_eur__yoy,0,2015+,46,0.9959451664890379,0.9756027180133076,0.9795747304568557,0.04043334745037841,1.2894277867213098,0.09862470322754557,1.0,1.0
glob_fao_ffpi_eur__dyoy,0,full2010,66,1.0591730395608179,1.0653094779152439,1.0057936126819944,-0.011620791311897749,-0.8806391044010407,0.8107434068974327,1.0,1.0
glob_fao_ffpi_eur__dyoy,0,exepi,56,0.9386488848467222,0.9428794815186591,1.0045071130858774,-0.009034540240123512,-0.44650024633150326,0.6723820326470141,1.0,1.0
glob_fao_ffpi_eur__dyoy,0,excovid+exepi,50,0.9074094633767769,0.9141638274409702,1.0074435680217155,-0.01494254274832496,-0.8404922867866806,0.799683787756797,1.0,1.0
glob_fao_ffpi_eur__dyoy,0,2015+,46,0.9959451664890379,1.001371664296153,1.005448590936231,-0.010926869015652318,-0.8130236142147361,0.7918977403423333,1.0,1.0
glob_fao_ffpi_nok__yoy,0,full2010,66,1.0591730395608179,1.0416109986438542,0.9834191012601249,0.03288687127672829,1.473337400683005,0.07033004030036683,1.0,1.0
glob_fao_ffpi_nok__yoy,0,exepi,56,0.9386488848467222,0.9295589847568017,0.9903159741233754,0.019274271396070186,1.6136562311633516,0.05330100631816315,1.0,1.0
glob_fao_ffpi_nok__yoy,0,excovid+exepi,50,0.9074094633767769,0.8968728303858534,0.9883882266868663,0.023088713346791745,2.2946186820973304,0.01087749333596355,1.0,1.0
glob_fao_ffpi_nok__yoy,0,2015+,46,0.9959451664890379,0.9756756895330229,0.9796479990685932,0.04028979792090159,1.1917169850228229,0.11668611791390493,1.0,1.0
glob_fao_ffpi_nok__dyoy,0,full2010,66,1.0591730395608179,1.0607342882472235,1.0014740260827004,-0.0029502249182933316,0.05958149983362221,0.4762444765911199,1.0,1.0
glob_fao_ffpi_nok__dyoy,0,exepi,56,0.9386488848467222,0.9396595079205395,1.0010766785004837,-0.0021545162375606886,0.01646304190743514,0.4934324931875863,1.0,1.0
glob_fao_ffpi_nok__dyoy,0,excovid+exepi,50,0.9074094633767769,0.9074160900167905,1.0000073028112237,-1.4605675778600613e-05,0.28618910081452265,0.3873666455423298,1.0,1.0
glob_fao_ffpi_nok__dyoy,0,2015+,46,0.9959451664890379,1.0004534359221071,1.004526624140325,-0.009073738606757864,-0.3107717127496991,0.622012912223198,1.0,1.0
glob_fao_meat_idx__yoy,0,full2010,66,1.0591730395608179,1.0540300299773682,0.9951443159980902,0.009687790336693314,1.1364926186527438,0.1278752265169465,1.0,1.0
glob_fao_meat_idx__yoy,0,exepi,56,0.9386488848467222,0.9277976776476826,0.9884395460600675,0.022987263784567835,1.8004569181860104,0.035894260181480675,1.0,1.0
glob_fao_meat_idx__yoy,0,excovid+exepi,50,0.9074094633767769,0.9033279090086355,0.9955019706837169,0.00897582636483596,1.26711735342594,0.10255666571904709,1.0,1.0
glob_fao_meat_idx__yoy,0,2015+,46,0.9959451664890379,0.9896777992384718,0.993707116153131,0.012546167306627831,1.0270222155045121,0.15220500170253448,1.0,1.0
glob_fao_meat_idx__dyoy,0,full2010,66,1.0591730395608179,1.058359181415725,0.9992316098364528,0.0015361899036510085,0.6020250950650095,0.2735787165132688,1.0,1.0
glob_fao_meat_idx__dyoy,0,exepi,56,0.9386488848467222,0.919718004893221,0.9798317770796772,0.039929688624881776,1.9076409924122422,0.028218816566319638,1.0,1.0
glob_fao_meat_idx__dyoy,0,excovid+exepi,50,0.9074094633767769,0.8983349269890466,0.9899995131702056,0.019900963922755865,1.363087872998041,0.08642740912224445,1.0,1.0
glob_fao_meat_idx__dyoy,0,2015+,46,0.9959451664890379,1.003287019962929,1.0073717446712183,-0.014797831961934182,0.2690587834856403,0.39394222360537545,1.0,1.0
glob_fao_sugar_idx__yoy,0,full2010,66,1.0591730395608179,1.1073851083996553,1.045518595204074,-0.09310913291750023,-1.5601761348403134,0.9406408681624508,1.0,1.0
glob_fao_sugar_idx__yoy,0,exepi,56,0.9386488848467222,0.9961092236979076,1.0612160092861225,-0.12617941836516366,-1.3953219539589983,0.9185406126830844,1.0,1.0
glob_fao_sugar_idx__yoy,0,excovid+exepi,50,0.9074094633767769,0.9631973205935361,1.0614803564084,-0.1267405470409042,-1.0841557177093395,0.8608521190269249,1.0,1.0
glob_fao_sugar_idx__yoy,0,2015+,46,0.9959451664890379,1.035904275358655,1.0401217960728533,-0.08185335066581811,-2.5980700168351176,0.9953125312078988,1.0,1.0
glob_fao_sugar_idx__dyoy,0,full2010,66,1.0591730395608179,1.1022338911340672,1.0406551620603035,-0.08296316632275658,-0.9088538747328373,0.818286367988345,1.0,1.0
glob_fao_sugar_idx__dyoy,0,exepi,56,0.9386488848467222,1.0043368207820815,1.0699813710917965,-0.14486013448348078,-1.407618493978476,0.9203779659057714,1.0,1.0
glob_fao_sugar_idx__dyoy,0,excovid+exepi,50,0.9074094633767769,0.9733762683287556,1.0726979468634743,-0.15068088520511314,-1.1524887286272434,0.8754398505963568,1.0,1.0
glob_fao_sugar_idx__dyoy,0,2015+,46,0.9959451664890379,1.0170702092564312,1.0212110500439142,-0.042872008731793754,-0.5108355879596731,0.6952669063864468,1.0,1.0
glob_fao_vegoils_idx__yoy,0,full2010,66,1.0591730395608179,1.0599335460937347,1.0007180191569378,-0.001436553865385326,0.5167240125595906,0.3026744155636998,1.0,1.0
glob_fao_vegoils_idx__yoy,0,exepi,56,0.9386488848467222,0.9225825371187913,0.9828835382566353,0.03393995022411733,1.2730773042692802,0.10149530583520427,1.0,1.0
glob_fao_vegoils_idx__yoy,0,excovid+exepi,50,0.9074094633767769,0.9039907250029423,0.9962324193081343,0.007520966719461564,0.9357649368078795,0.1746971140962944,1.0,1.0
glob_fao_vegoils_idx__yoy,0,2015+,46,0.9959451664890379,1.000017443033202,1.0040888561752048,-0.008194431095231103,0.30333647078319137,0.38081672749790185,1.0,1.0
glob_fao_vegoils_idx__dyoy,0,full2010,66,1.0591730395608179,1.070229675078439,1.0104389321712774,-0.020986835647431423,-0.5733319447021901,0.7167900200045358,1.0,1.0
glob_fao_vegoils_idx__dyoy,0,exepi,56,0.9386488848467222,0.9403761144656162,1.0018401232311442,-0.0036836325157942884,0.16022351567216578,0.4363525029318902,1.0,1.0
glob_fao_vegoils_idx__dyoy,0,excovid+exepi,50,0.9074094633767769,0.9150565259324664,1.0084273559669878,-0.016925732262569992,-0.329187557315973,0.6289930364286536,1.0,1.0
glob_fao_vegoils_idx__dyoy,0,2015+,46,0.9959451664890379,1.0076010497015977,1.0117033383008924,-0.02354364472916992,-0.5301483497312205,0.701995460646496,1.0,1.0
glob_gscpi__lvl,0,full2010,66,1.0591730395608179,1.113521254329565,1.051311931798493,-0.10525677794187893,-0.23335077999181847,0.59225548498235,1.0,1.0
glob_gscpi__lvl,0,exepi,56,0.9386488848467222,0.9725425589656632,1.036109001636406,-0.07352186327199006,0.03580812847843186,0.4857176758183125,1.0,1.0
glob_gscpi__lvl,0,excovid+exepi,50,0.9074094633767769,0.9113410317797999,1.004332739035355,-0.008684250698258289,0.9968358903033957,0.15942208710104389,1.0,1.0
glob_gscpi__lvl,0,2015+,46,0.9959451664890379,1.0821253462085896,1.0865310487156226,-0.18054971982307055,-0.39881798724655826,0.6549863387869224,1.0,1.0
glob_gscpi__d4,0,full2010,66,1.0591730395608179,1.0886440769520553,1.027824572841712,-0.056423352537247506,-1.2412376782631227,0.8927410201662124,1.0,1.0
glob_gscpi__d4,0,exepi,56,0.9386488848467222,0.9397710710319266,1.0011955334985432,-0.0023924962974324337,0.33014305417658774,0.370645936370513,1.0,1.0
glob_gscpi__d4,0,excovid+exepi,50,0.9074094633767769,0.9163189187008608,1.0098185611718538,-0.019733526487192954,-0.7402817325083468,0.7704354685486535,1.0,1.0
glob_gscpi__d4,0,2015+,46,0.9959451664890379,1.0320048114250988,1.0362064560875177,-0.07372381963745278,-1.0711671760102364,0.857952866179542,1.0,1.0
glob_wb_food_idx__yoy,0,full2010,66,1.0591730395608179,1.0521137585225124,0.9933351012774716,0.013285376570075225,1.0023840861521267,0.15807906254194126,1.0,1.0
glob_wb_food_idx__yoy,0,exepi,56,0.9386488848467222,0.921656443114682,0.9818969137380748,0.03587845079164376,1.5274590102258596,0.06332345620430413,1.0,1.0
glob_wb_food_idx__yoy,0,excovid+exepi,50,0.9074094633767769,0.9001688723778887,0.9920205912643412,0.015895146507546976,1.306373441167009,0.09571279655293141,1.0,1.0
glob_wb_food_idx__yoy,0,2015+,46,0.9959451664890379,0.9837152139037811,0.9877202550935907,0.02440869767785203,1.004680758518226,0.15752529812066385,1.0,1.0
glob_wb_food_idx__dyoy,0,full2010,66,1.0591730395608179,1.0614811583292227,1.0021791706191483,-0.004363090022883931,0.07742165408555646,0.46914405750657473,1.0,1.0
glob_wb_food_idx__dyoy,0,exepi,56,0.9386488848467222,0.9263298239035742,0.9868757517938568,0.026076250521310018,1.267438170620155,0.1024993292729639,1.0,1.0
glob_wb_food_idx__dyoy,0,excovid+exepi,50,0.9074094633767769,0.9003365822556881,0.992205413976213,0.015528416476291773,1.1691428780601079,0.12117303544741997,1.0,1.0
glob_wb_food_idx__dyoy,0,2015+,46,0.9959451664890379,1.0037579418207783,1.0078445838130652,-0.015750705121330588,-0.2031335895166718,0.5804846908214639,1.0,1.0
glob_wb_food_idx_eur__yoy,0,full2010,66,1.0591730395608179,1.0592751568614396,1.000096412292239,-0.00019283387980784106,0.38565092172402854,0.3498776074743708,1.0,1.0
glob_wb_food_idx_eur__yoy,0,exepi,56,0.9386488848467222,0.9407928826737534,1.0022841318640476,-0.004573480986467704,0.011240616295400893,0.49551573733437926,1.0,1.0
glob_wb_food_idx_eur__yoy,0,excovid+exepi,50,0.9074094633767769,0.9127034045797116,1.0058341260661248,-0.011702289159204904,-0.3287083721354773,0.6288119371833975,1.0,1.0
glob_wb_food_idx_eur__yoy,0,2015+,46,0.9959451664890379,0.9865999976012562,0.9906167837324561,0.018678387787564255,1.126349665265987,0.13000877166318103,1.0,1.0
glob_wb_food_idx_eur__dyoy,0,full2010,66,1.0591730395608179,1.0648362061640106,1.005346781301704,-0.010722150673696307,-1.7172053619999177,0.9570291719043291,1.0,1.0
glob_wb_food_idx_eur__dyoy,0,exepi,56,0.9386488848467222,0.9418295814236762,1.0033885903752748,-0.006788663295281161,-0.92499318499579,0.8225152737983528,1.0,1.0
glob_wb_food_idx_eur__dyoy,0,excovid+exepi,50,0.9074094633767769,0.9126197565016738,1.0057419426787855,-0.011516855263297376,-1.8155618697986422,0.9652811964128899,1.0,1.0
glob_wb_food_idx_eur__dyoy,0,2015+,46,0.9959451664890379,1.0013101448148367,1.0053868209880588,-0.010802659816474991,-1.1983504230725412,0.8846096878382741,1.0,1.0
glob_wb_food_idx_nok__yoy,0,full2010,66,1.0591730395608179,1.0534758081358695,0.9946210569829924,0.010728953006034936,1.001193179225047,0.15836671173388717,1.0,1.0
glob_wb_food_idx_nok__yoy,0,exepi,56,0.9386488848467222,0.9355689643119528,0.9967187724989709,0.006551688548144696,0.7401014903318088,0.2296192072419877,1.0,1.0
glob_wb_food_idx_nok__yoy,0,excovid+exepi,50,0.9074094633767769,0.9045046607087847,0.9967987961496649,0.006392159994578761,0.7109303036799438,0.23856371314955593,1.0,1.0
glob_wb_food_idx_nok__yoy,0,2015+,46,0.9959451664890379,0.9842429975979768,0.9882501875757738,0.02336156675644796,1.3009086692269056,0.09664485917689025,1.0,1.0
glob_wb_food_idx_nok__dyoy,0,full2010,66,1.0591730395608179,1.0627536781004323,1.0033805982647548,-0.006772624974137331,-0.4408893136854089,0.6703534348030209,1.0,1.0
glob_wb_food_idx_nok__dyoy,0,exepi,56,0.9386488848467222,0.939341920872663,1.0007383336166793,-0.0014772123698880701,0.10360443919060852,0.4587416323303619,1.0,1.0
glob_wb_food_idx_nok__dyoy,0,excovid+exepi,50,0.9074094633767769,0.9065162303028075,0.9990156229243573,0.001967785153058288,0.4190046110578361,0.3376063812235054,1.0,1.0
glob_wb_food_idx_nok__dyoy,0,2015+,46,0.9959451664890379,1.0048759814834163,1.0089671753976797,-0.018014761029972126,-1.4900863932803556,0.9318992392911775,1.0,1.0
us_ppi_corrugated_boxes_idx__yoy,0,full2010,66,1.0591730395608179,1.0019917560861449,0.946013275131717,0.10505888327456236,1.809951007599761,0.03515169251991057,1.0,1.0
us_ppi_corrugated_boxes_idx__yoy,0,exepi,56,0.9386488848467222,0.9010908315671137,0.95998711138325,0.07842474597804361,2.2174050390305236,0.013297712843263865,1.0,1.0
us_ppi_corrugated_boxes_idx__yoy,0,excovid+exepi,50,0.9074094633767769,0.8745382943318497,0.9637747121100078,0.07113830429727164,1.8363674617726782,0.033151664248589285,1.0,1.0
us_ppi_corrugated_boxes_idx__yoy,0,2015+,46,0.9959451664890379,0.931330760815363,0.9351225269745952,0.12554585954464748,1.4383323684941813,0.07516988599406738,1.0,1.0
us_ppi_corrugated_boxes_idx__dyoy,0,full2010,66,1.0591730395608179,1.027554879786348,0.9701482585059188,0.05881235651793293,2.11761126739467,0.017104001574814953,1.0,1.0
us_ppi_corrugated_boxes_idx__dyoy,0,exepi,56,0.9386488848467222,0.9026276400080449,0.9616243673004955,0.07527857621392176,2.4296657541424618,0.007556376394019515,1.0,1.0
us_ppi_corrugated_boxes_idx__dyoy,0,excovid+exepi,50,0.9074094633767769,0.8792132429692326,0.9689266846494894,0.061181079774148994,1.9788166946439798,0.023918324081161346,1.0,1.0
us_ppi_corrugated_boxes_idx__dyoy,0,2015+,46,0.9959451664890379,0.9690073087684618,0.9729524690445168,0.053363492980178506,1.4928405920092662,0.06773945948853277,1.0,1.0
us_ppi_plastic_resins_idx__yoy,0,full2010,66,1.0591730395608179,1.0666445006373235,1.00705405141317,-0.014157862467679694,-1.5706909187880718,0.9418727702007494,1.0,1.0
us_ppi_plastic_resins_idx__yoy,0,exepi,56,0.9386488848467222,0.938579906686994,0.9999265133524987,0.00014696789471524419,0.0845748187022647,0.4662997095440018,1.0,1.0
us_ppi_plastic_resins_idx__yoy,0,excovid+exepi,50,0.9074094633767769,0.9086335036452646,1.0013489392803252,-0.0026996981978324452,-0.38813977776851266,0.6510437017289041,1.0,1.0
us_ppi_plastic_resins_idx__yoy,0,2015+,46,0.9959451664890379,1.0045645676038126,1.0086544936456294,-0.017383887551521093,-1.1854850174200204,0.8820871324801973,1.0,1.0
us_ppi_plastic_resins_idx__dyoy,0,full2010,66,1.0591730395608179,1.069105261424237,1.009377336367566,-0.01884260717248254,-1.5080254475009844,0.9342259929097824,1.0,1.0
us_ppi_plastic_resins_idx__dyoy,0,exepi,56,0.9386488848467222,0.9402783709640473,1.0017359911076773,-0.0034749958804805026,-0.5258371708213944,0.7004993271271294,1.0,1.0
us_ppi_plastic_resins_idx__dyoy,0,excovid+exepi,50,0.9074094633767769,0.9105391223982602,1.003449004168236,-0.006909903966224595,-1.0952663477112006,0.8633000169642677,1.0,1.0
us_ppi_plastic_resins_idx__dyoy,0,2015+,46,0.9959451664890379,1.0081648685572528,1.0122694526560057,-0.02468944478048929,-1.26747897525321,0.8975079616597345,1.0,1.0
w_food_cpi_yoy,0,full2010,66,1.0591730395608179,1.08883333359205,1.028003256241804,-0.05679069484375221,0.007488171186470315,0.49701267982871444,1.0,1.0
w_food_cpi_yoy,0,exepi,56,0.9386488848467222,0.9460472318864761,1.007881911073662,-0.015825946669497215,-1.1678544966577211,0.878567269288189,1.0,1.0
w_food_cpi_yoy,0,excovid+exepi,50,0.9074094633767769,0.9152914688570555,1.0086862720727499,-0.01744799546802156,-1.0593674089758216,0.8552837568429152,1.0,1.0
w_food_cpi_yoy,0,2015+,46,0.9959451664890379,1.0365191446352349,1.0407391686926206,-0.083138017251007,0.13106220518714448,0.44786304954865774,1.0,1.0
w_food_cpi_dyoy,0,full2010,66,1.0591730395608179,1.0929670338143407,1.0319060181776676,-0.06483003035128876,1.1257886951294283,0.13012748518874706,1.0,1.0
w_food_cpi_dyoy,0,exepi,56,0.9386488848467222,0.9518093307972492,1.014020627055532,-0.028237832094094584,0.9109981491276079,0.18114817444443398,1.0,1.0
w_food_cpi_dyoy,0,excovid+exepi,50,0.9074094633767769,0.9119768169817821,1.0050333986908275,-0.010092132484035954,1.1418226305924786,0.1267638767858711,1.0,1.0
w_food_cpi_dyoy,0,2015+,46,0.9959451664890379,1.022044974079796,1.0262060688368686,-0.05309889571761994,1.0537522682707965,0.14599817593264497,1.0,1.0
w_cpi_yoy,0,full2010,66,1.0591730395608179,1.087286325099051,1.0265426747926762,-0.05378986317050227,0.6136092797816712,0.26973677494406645,1.0,1.0
w_cpi_yoy,0,exepi,56,0.9386488848467222,0.9644792550655922,1.0275186713965874,-0.055794620068608136,-1.748174744977911,0.9597831133383543,1.0,1.0
w_cpi_yoy,0,excovid+exepi,50,0.9074094633767769,0.9380144325548506,1.0337278487973691,-0.06859326537923649,-1.8374248775860709,0.9669264014769492,1.0,1.0
w_cpi_yoy,0,2015+,46,0.9959451664890379,1.0231715949918874,1.0273372766081386,-0.055421879908627014,0.785967575338619,0.21594324170428836,1.0,1.0
w_cpi_dyoy,0,full2010,66,1.0591730395608179,1.0447179400769886,0.9863524665527523,0.02710881172530155,1.2627962670781538,0.10333120330407453,1.0,1.0
w_cpi_dyoy,0,exepi,56,0.9386488848467222,0.9160206647158563,0.9758927747146251,0.04763329225978996,1.4200836514787374,0.07779166459500575,1.0,1.0
w_cpi_dyoy,0,excovid+exepi,50,0.9074094633767769,0.8835930967701365,0.973753451371323,0.05180421594243656,1.3606704447829268,0.08680892931767892,1.0,1.0
w_cpi_dyoy,0,2015+,46,0.9959451664890379,0.977375419852453,0.9813546495716747,0.036943051764055435,1.1450833127861153,0.12608732366467512,1.0,1.0
w_food_cpi_rel_yoy,0,full2010,66,1.0591730395608179,1.0728300220447222,1.0128940050150512,-0.025954265395430554,-1.6150033039992213,0.946845010314356,1.0,1.0
w_food_cpi_rel_yoy,0,exepi,56,0.9386488848467222,0.9414295044748823,1.0029623639606349,-0.0059335035215051235,-1.1139465279730796,0.8673489364790726,1.0,1.0
w_food_cpi_rel_yoy,0,excovid+exepi,50,0.9074094633767769,0.9111420538602207,1.0041134577432702,-0.00824383602114609,-1.3776248689731183,0.9158404306842945,1.0,1.0
w_food_cpi_rel_yoy,0,2015+,46,0.9959451664890379,1.0137188868365465,1.0178460832438854,-0.03601064917491836,-1.4399721349663457,0.9250623585998974,1.0,1.0
w_food_cpi_rel_dyoy,0,full2010,66,1.0591730395608179,1.0935436071741567,1.0324503799941795,-0.06595378715012568,-0.04578991127222913,0.5182611499919618,1.0,1.0
w_food_cpi_rel_dyoy,0,exepi,56,0.9386488848467222,0.9667075129051579,1.0298925705995141,-0.06067870697607525,0.07640862828550475,0.46954700264820615,1.0,1.0
w_food_cpi_rel_dyoy,0,excovid+exepi,50,0.9074094633767769,0.9298156072635917,1.0246924291525834,-0.049994574362622224,0.3731893652069028,0.3545037553611069,1.0,1.0
w_food_cpi_rel_dyoy,0,2015+,46,0.9959451664890379,1.0145160589863804,1.0186465009542742,-0.03764069390638625,0.18880935201719937,0.42512112091506005,1.0,1.0
w_food_cpi_xvat_yoy,0,full2010,66,1.0591730395608179,1.0868727805691063,1.0261522338406328,-0.05298840701612084,0.2073343330418282,0.4178743813803133,1.0,1.0
w_food_cpi_xvat_yoy,0,exepi,56,0.9386488848467222,0.9467447588284993,1.0086250291375982,-0.017324449402820852,-0.9622503781861946,0.8320380757307821,1.0,1.0
w_food_cpi_xvat_yoy,0,excovid+exepi,50,0.9074094633767769,0.9143581006850302,1.007657664581098,-0.015373968989032427,-0.6674239615162764,0.7477493177022085,1.0,1.0
w_food_cpi_xvat_yoy,0,2015+,46,0.9959451664890379,1.0344321720524219,1.0386436993304164,-0.07878073415877251,0.2819496855452893,0.38899104538476004,1.0,1.0
w_food_cpi_xvat_dyoy,0,full2010,66,1.0591730395608179,1.0895480661847212,1.028678058720696,-0.05817854849337989,1.198291940509313,0.11540169154558533,1.0,1.0
w_food_cpi_xvat_dyoy,0,exepi,56,0.9386488848467222,0.9452425005609796,1.0070245816307917,-0.014098508008671073,1.0199627852113482,0.15387305535570284,1.0,1.0
w_food_cpi_xvat_dyoy,0,excovid+exepi,50,0.9074094633767769,0.9020638661395005,0.9941089470046041,0.011747401485397324,1.3033319194848705,0.0962307341165567,1.0,1.0
w_food_cpi_xvat_dyoy,0,2015+,46,0.9959451664890379,1.0247555213890822,1.028927651711598,-0.05869211245674344,1.0951973067415675,0.13671510268509734,1.0,1.0
w_wage_yoy,0,full2010,66,1.0591730395608179,1.0836379825181537,1.0230981549223346,-0.04672983460548541,0.5590927606646001,0.28804920757303387,1.0,1.0
w_wage_yoy,0,exepi,56,0.9386488848467222,0.9298252474542693,0.9905996400412347,0.018712353150176275,1.322418944315016,0.09301434197885539,1.0,1.0
w_wage_yoy,0,excovid+exepi,50,0.9074094633767769,0.8881879354760227,0.9788171396965331,0.04191700703629764,1.4695416966693098,0.07084296044881488,1.0,1.0
w_wage_yoy,0,2015+,46,0.9959451664890379,1.076575676566061,1.080958784469296,-0.16847189372133808,-1.013595387001241,0.8446120701236393,1.0,1.0
w_wage_dyoy,0,full2010,66,1.0591730395608179,1.0733567956447911,1.013391349245308,-0.02696202672522574,1.3823367778979558,0.0834341592058665,1.0,1.0
w_wage_dyoy,0,exepi,56,0.9386488848467222,0.9636948662146847,1.0266830140346381,-0.054078011307248985,1.1595268943664634,0.12312074025100905,1.0,1.0
w_wage_dyoy,0,excovid+exepi,50,0.9074094633767769,0.9232113582465675,1.0174142936651625,-0.03513184495418131,1.4780532658683703,0.06969676079943121,1.0,1.0
w_wage_dyoy,0,2015+,46,0.9959451664890379,1.006252281760761,1.0103490790643208,-0.02080526156612117,0.15473776412688436,0.43851402853614385,1.0,1.0
w_real_wage_yoy,0,full2010,66,1.0591730395608179,1.1458079167590507,1.0817948285713122,-0.17028005112363465,-0.2891331719379826,0.6137602651973306,1.0,1.0
w_real_wage_yoy,0,exepi,56,0.9386488848467222,0.9269451702250211,0.987531317822199,0.024781896320350882,1.641091286678335,0.05038923360018022,1.0,1.0
w_real_wage_yoy,0,excovid+exepi,50,0.9074094633767769,0.8768379851041896,0.9663090594638275,0.06624680159813312,2.0215602715178442,0.021610899926754912,1.0,1.0
w_real_wage_yoy,0,2015+,46,0.9959451664890379,1.1547100497971232,1.1594112694655392,-0.34423449176369303,-1.1625002171240528,0.8774838317290571,1.0,1.0
w_real_wage_dyoy,0,full2010,66,1.0591730395608179,1.1228016292271745,1.0600738380696888,-0.12375654215980081,-0.3769730838018725,0.6469031960910832,1.0,1.0
w_real_wage_dyoy,0,exepi,56,0.9386488848467222,0.985175383727591,1.049567521606832,-0.10159198241190803,0.2714372644169888,0.39302737229493545,1.0,1.0
w_real_wage_dyoy,0,excovid+exepi,50,0.9074094633767769,0.9419173436825693,1.03802900641721,-0.07750421816350017,0.7742313119132392,0.21939700737920487,1.0,1.0
w_real_wage_dyoy,0,2015+,46,0.9959451664890379,1.077715403911481,1.082103152034669,-0.17094723164336578,-1.2304074747717741,0.8907277221657048,1.0,1.0
w_cons_conf_z,0,full2010,66,1.0591730395608179,1.0858428823691717,1.0251798731767308,-0.05099377236665781,-0.19055213929424855,0.5755617548493271,1.0,1.0
w_cons_conf_z,0,exepi,56,0.9386488848467222,0.9375919327272089,0.99887396433685,0.002250803369985177,0.7459193869912631,0.2278580565868047,1.0,1.0
w_cons_conf_z,0,excovid+exepi,50,0.9074094633767769,0.9232543961889651,1.0174617231268714,-0.035228358028302376,-0.11455605556976617,0.5456014935534077,1.0,1.0
w_cons_conf_z,0,2015+,46,0.9959451664890379,1.0362293783356227,1.0404482226552663,-0.08253250402650258,-0.3081954561188476,0.6210331951019,1.0,1.0
w_cons_conf_z_d4,0,full2010,66,1.0591730395608179,1.0582458504690462,0.9991246103732435,0.0017500129465143344,0.5348200440206934,0.2963871506875564,1.0,1.0
w_cons_conf_z_d4,0,exepi,56,0.9386488848467222,0.9438300951434881,1.0055198598543182,-0.011070188561447702,0.03949631468272492,0.4842473458415659,1.0,1.0
w_cons_conf_z_d4,0,excovid+exepi,50,0.9074094633767769,0.9100275403986503,1.002885221201166,-0.005778766903711707,0.28055784890893154,0.38952477481560543,1.0,1.0
w_cons_conf_z_d4,0,2015+,46,0.9959451664890379,0.9891157672738808,0.9931427959641268,0.013667386824556815,0.6206159280022006,0.2674261785708635,1.0,1.0
w_retail_food_vol_yoy,0,full2010,66,1.0591730395608179,1.1086281011333046,1.0466921454052427,-0.0955644472530297,-0.4959303037110658,0.6900282075279283,1.0,1.0
w_retail_food_vol_yoy,0,exepi,56,0.9386488848467222,0.9462612430838383,1.0081099102763642,-0.016285591197419125,0.8856665085237986,0.18789863039535504,1.0,1.0
w_retail_food_vol_yoy,0,excovid+exepi,50,0.9074094633767769,0.8933347626053972,0.9844891404162759,0.030781132402422196,1.772349960456809,0.03816824135955532,1.0,1.0
w_retail_food_vol_yoy,0,2015+,46,0.9959451664890379,1.0844509774067697,1.088866148354068,-0.1856294890314234,-1.1722480284689243,0.8794512546297077,1.0,1.0
w_retail_food_vol_dyoy,0,full2010,66,1.0604359472590177,1.0540588635138048,0.993986356496405,0.011991123099001744,0.8519088985076826,0.19713232878014297,1.0,1.0
w_retail_food_vol_dyoy,0,exepi,56,0.9400489216159432,0.9244217312992536,0.9833761946241836,0.03297125984645988,0.9951707424520606,0.15982661445601032,1.0,1.0
w_retail_food_vol_dyoy,0,excovid+exepi,50,0.9091347319524421,0.8904274099653925,0.9794229377345709,0.040730709039382806,1.0215351130693069,0.15350049100561458,1.0,1.0
w_retail_food_vol_dyoy,0,2015+,46,0.9968876567111543,0.9853989949537755,0.9884754699488594,0.022916245309381633,0.9139487082945355,0.18037189892614758,1.0,1.0
w_retail_total_vol_yoy,0,full2010,66,1.0591730395608179,1.0946265793367898,1.0334728495267143,-0.06806613070886658,-0.5177945025189014,0.6976991728116406,1.0,1.0
w_retail_total_vol_yoy,0,exepi,56,0.9386488848467222,0.9247829819341754,0.9852278065457767,0.029326169208997666,1.4408671996829068,0.07481110207650599,1.0,1.0
w_retail_total_vol_yoy,0,excovid+exepi,50,0.9074094633767769,0.8968292616368803,0.9883402122559709,0.023183624837822325,1.160811140917721,0.12285935564739103,1.0,1.0
w_retail_total_vol_yoy,0,2015+,46,0.9959451664890379,1.0690741614927253,1.0734267281616374,-0.15224494073179784,-1.2665180700273542,0.8973361679069363,1.0,1.0
w_retail_total_vol_dyoy,0,full2010,66,1.0604359472590177,1.059108844255468,0.9987485307274051,0.002501372369849597,0.6573161997815206,0.2554888111005118,1.0,1.0
w_retail_total_vol_dyoy,0,exepi,56,0.9400489216159432,0.9363798833649706,0.9960969709484209,0.007790824467380775,0.5259978249249176,0.2994448591098986,1.0,1.0
w_retail_total_vol_dyoy,0,excovid+exepi,50,0.9091347319524421,0.9050058493866651,0.9954584481038251,0.00906247809872418,0.5202145893049247,0.3014570089536718,1.0,1.0
w_retail_total_vol_dyoy,0,2015+,46,0.9968876567111543,0.9847640974408928,0.987838590247713,0.024174919617410917,1.0365115489869772,0.14998177716641203,1.0,1.0
w_gdp_vol_yoy,0,full2010,66,1.0591730395608179,1.0771140422590295,1.0169386889848053,-0.034164297154134715,0.5003620866018593,0.30841007212980653,1.0,1.0
w_gdp_vol_yoy,0,exepi,56,0.9386488848467222,0.9396028657934848,1.0010163341822096,-0.002033701299589019,1.663829812503382,0.04807322221955124,1.0,1.0
w_gdp_vol_yoy,0,excovid+exepi,50,0.9074094633767769,0.8842201613564251,0.9744445005741328,0.05045791530082888,2.2953563665691212,0.010856354881180641,1.0,1.0
w_gdp_vol_yoy,0,2015+,46,0.9959451664890379,1.0440749587774263,1.0483257451392212,-0.09898686792170319,-1.0909992817072431,0.8623634006727383,1.0,1.0
w_gdp_vol_dyoy,0,full2010,66,1.0591730395608179,1.0716611058909247,1.011790392942106,-0.023719799249941165,-1.1519887864934588,0.8753371593629315,1.0,1.0
w_gdp_vol_dyoy,0,exepi,56,0.9386488848467222,0.9396931798102615,1.0011125512216528,-0.002226340213526301,0.315339357356813,0.37625200266593106,1.0,1.0
w_gdp_vol_dyoy,0,excovid+exepi,50,0.9074094633767769,0.9081452606200691,1.0008108767573947,-0.0016224110359051025,0.11355169874880633,0.4547965892045909,1.0,1.0
w_gdp_vol_dyoy,0,2015+,46,0.9959451664890379,1.0145881124241891,1.0187188477462794,-0.03778809075350731,-1.3413369023793427,0.9100944531681079,1.0,1.0
w_hh_real_inc_yoy,0,full2010,61,1.1187099982479296,1.1413760283490602,1.0202608630803596,-0.040932228733480125,-2.102912014291259,0.982263269292178,1.0,1.0
w_hh_real_inc_yoy,0,exepi,51,0.9802047018191945,0.9933432347513985,1.0134038664656677,-0.02698739656756488,-1.5610879196702294,0.9407484960061192,1.0,1.0
w_hh_real_inc_yoy,0,excovid+exepi,45,0.953128185951622,0.9704343014239638,1.0181571752125482,-0.036644033436795675,-2.3734310390697155,0.9911881581596563,1.0,1.0
w_hh_real_inc_yoy,0,2015+,46,1.0156190884869207,1.0363329265978602,1.0203952823905655,-0.041206532324921996,-1.331433791666968,0.9084768416308372,1.0,1.0
w_hh_real_inc_dyoy,0,full2010,57,1.15169772288455,1.1681823023815379,1.014313286524263,-0.028831443219651698,-1.8521451789541423,0.9679975107877787,1.0,1.0
w_hh_real_inc_dyoy,0,exepi,47,1.023395636178022,1.0299203355431046,1.006375539561073,-0.012791726626840694,-1.3939924921188247,0.9183400640734579,1.0,1.0
w_hh_real_inc_dyoy,0,excovid+exepi,41,1.0009380717682237,1.009135661963768,1.008189907474558,-0.016446889533557663,-1.71990318590784,0.9572749793356641,1.0,1.0
w_hh_real_inc_dyoy,0,2015+,46,1.008833727930132,1.025629190796676,1.0166483954704844,-0.03357396001271029,-1.3661226297848235,0.9140497617338849,1.0,1.0
w_food_ppi_yoy,0,full2010,66,1.0591730395608179,1.0699164213503716,1.0101431790541122,-0.020389242189548185,0.8673757501560875,0.19286808211841733,1.0,1.0
w_food_ppi_yoy,0,exepi,56,0.9386488848467222,0.9441336843745887,1.0058432920087708,-0.011720728079041232,-0.19264719342645817,0.5763823589238845,1.0,1.0
w_food_ppi_yoy,0,excovid+exepi,50,0.9074094633767769,0.9111776516273264,1.0041526878467046,-0.008322620509761514,0.07000781552486396,0.47209371950662904,1.0,1.0
w_food_ppi_yoy,0,2015+,46,0.9959451664890379,1.007742393215214,1.01184525727231,-0.023830824664467176,0.899516337981026,0.18418884868525942,1.0,1.0
w_food_ppi_dyoy,0,full2010,66,1.0604359472590177,1.057417014998882,0.9971531215365351,0.005685652209943992,1.2443520210454286,0.10668501645638839,1.0,1.0
w_food_ppi_dyoy,0,exepi,56,0.9400489216159432,0.9242062924240103,0.9831470162587927,0.03342194442143309,1.310334946479707,0.0950412751119244,1.0,1.0
w_food_ppi_dyoy,0,excovid+exepi,50,0.9091347319524421,0.8823443202573826,0.9705319676462862,0.05806769977662796,1.5021476056607659,0.06652949630160743,1.0,1.0
w_food_ppi_dyoy,0,2015+,46,0.9968876567111543,1.0105492318384643,1.0137042273874481,-0.02759626062318321,0.8945351549152265,0.1855178145522589,1.0,1.0
w_unemp_lvl,0,full2010,66,1.0591730395608179,1.0685476702795287,1.0088508962828189,-0.017780130930646898,0.7135100179531637,0.2377651081329215,1.0,1.0
w_unemp_lvl,0,exepi,56,0.9386488848467222,0.9584451124367985,1.0210901306224947,-0.04262505485466317,0.39686729947774607,0.3457326596906035,1.0,1.0
w_unemp_lvl,0,excovid+exepi,50,0.9074094633767769,0.9196207206872431,1.0134572734838185,-0.027095645177255268,0.8366442594051895,0.20139627976342367,1.0,1.0
w_unemp_lvl,0,2015+,46,0.9959451664890379,1.0257089383895617,1.0298849503988745,-0.06066301105809213,-0.7295791287259699,0.767176258143585,1.0,1.0
w_unemp_d4,0,full2010,66,1.0591730395608179,1.062873630470968,1.0034938492313632,-0.006999905445177923,1.4754221326023451,0.0700495443237289,1.0,1.0
w_unemp_d4,0,exepi,56,0.9386488848467222,0.9773800470886912,1.0412626732607195,-0.08422795472606004,0.7917328941937153,0.21425821896607944,1.0,1.0
w_unemp_d4,0,excovid+exepi,50,0.9074094633767769,0.9167714129528203,1.0103172271768077,-0.020740899530233392,1.3639156801887493,0.08629705259553933,1.0,1.0
w_unemp_d4,0,2015+,46,0.9959451664890379,0.989268228246078,0.9932958776571026,0.013363299429406283,1.1439049188008077,0.12633153545823805,1.0,1.0
w_policy_rate_lvl,0,full2010,66,1.0591730395608179,1.0875898338631782,1.0268292273698199,-0.05437826218090125,0.6117003770872184,0.2703680061787914,1.0,1.0
w_policy_rate_lvl,0,exepi,56,0.9386488848467222,0.9574911712251942,1.0200738387725767,-0.040550636548220886,1.1510594771535945,0.12485388377018425,1.0,1.0
w_policy_rate_lvl,0,excovid+exepi,50,0.9074094633767769,0.9314375052288297,1.0264798228603838,-0.05366082673948491,1.0822567508364784,0.13956922888477696,1.0,1.0
w_policy_rate_lvl,0,2015+,46,0.9959451664890379,1.0359413234904526,1.0401589950402705,-0.08193073496318548,-0.8577623509049146,0.8044881485438907,1.0,1.0
w_policy_rate_d4,0,full2010,66,1.0591730395608179,1.059073967661372,0.9999064629708788,0.0001870653090665364,1.2745034297284925,0.10124252896922226,1.0,1.0
w_policy_rate_d4,0,exepi,56,0.9386488848467222,0.9559758337309368,1.0184594571665038,-0.03725966589188956,0.4373604166395016,0.3309249930649677,1.0,1.0
w_policy_rate_d4,0,excovid+exepi,50,0.9074094633767769,0.933280732239908,1.0285111296578895,-0.05783514383014787,0.20212032931863388,0.4199113276730848,1.0,1.0
w_policy_rate_d4,0,2015+,46,0.9959451664890379,0.994107244233271,0.99815459493393,0.003687404612282119,0.7767104899736936,0.218664798254544,1.0,1.0
w_gov10y_lvl,0,full2010,66,1.0591730395608179,1.07883641409474,1.018564836716459,-0.03747432659522687,0.4102190153012131,0.34082264658328176,1.0,1.0
w_gov10y_lvl,0,exepi,56,0.9386488848467222,0.9572690572273994,1.019837207161566,-0.040067929111102796,0.633959382043751,0.26305366515185247,1.0,1.0
w_gov10y_lvl,0,excovid+exepi,50,0.9074094633767769,0.9295565989140131,1.024406992026311,-0.049409685312394425,0.5749699397142517,0.28265581361971126,1.0,1.0
w_gov10y_lvl,0,2015+,46,0.9959451664890379,1.0118668601155485,1.0159865162884807,-0.032228601280003266,0.018759372573982545,0.4925165320519401,1.0,1.0
w_gov10y_d4,0,full2010,66,1.0591730395608179,0.9896185330155113,0.9343313094769226,0.12702500413113915,1.5274451500911905,0.06332517826774775,1.0,1.0
w_gov10y_d4,0,exepi,56,0.9386488848467222,0.9453098113085958,1.0070962918823063,-0.014242941123091546,0.9691911119536891,0.16622492241989129,1.0,1.0
w_gov10y_d4,0,excovid+exepi,50,0.9074094633767769,0.9329416014486753,1.0281373945306729,-0.05706650203232044,0.47042525614835096,0.31902561170160537,1.0,1.0
w_gov10y_d4,0,2015+,46,0.9959451664890379,0.8879078778114583,0.8915228545579084,0.2051869998009186,1.414044815863203,0.07867437216753959,1.0,1.0
w_fx_vs_eur_yoy,0,full2010,66,1.0591730395608179,1.074150831733733,1.0141410247556202,-0.02848201809237949,-1.8404379060561216,0.9671480136805901,1.0,1.0
w_fx_vs_eur_yoy,0,exepi,56,0.9386488848467222,0.9569689848860594,1.0195175217646255,-0.03941597718508372,-1.6894761602224215,0.9544358916589647,1.0,1.0
w_fx_vs_eur_yoy,0,excovid+exepi,50,0.9074094633767769,0.9274815150854523,1.0221201701313325,-0.044729642189303975,-1.5921581838798333,0.9443254168366073,1.0,1.0
w_fx_vs_eur_yoy,0,2015+,46,0.9959451664890379,0.9994482605644707,1.0035173563699116,-0.007047084535656056,-2.5796852555810563,0.9950554799605031,1.0,1.0
w_fx_vs_eur_dyoy,0,full2010,66,1.0591730395608179,1.0649771637156056,1.005479863948571,-0.010989756806036644,-0.7891857167334598,0.7849982655768013,1.0,1.0
w_fx_vs_eur_dyoy,0,exepi,56,0.9386488848467222,0.946535112852643,1.0084016804720422,-0.016873949178838554,-0.89838986057875,0.815511129910719,1.0,1.0
w_fx_vs_eur_dyoy,0,excovid+exepi,50,0.9074094633767769,0.9122938551910713,1.0053827869461687,-0.010794548287645256,-0.3710953940711293,0.6447167592523364,1.0,1.0
w_fx_vs_eur_dyoy,0,2015+,46,0.9959451664890379,0.9961167990090694,1.0001723312947404,-0.0003446922875558478,0.03928137628584458,0.4843330273631785,1.0,1.0
w_fx_vs_usd_yoy,0,full2010,66,1.0591730395608179,1.0627001601249961,1.0033300701891361,-0.006671229745736751,0.024926815756282597,0.49005666899809963,1.0,1.0
w_fx_vs_usd_yoy,0,exepi,56,0.9386488848467222,0.9238782423542342,0.984263932199845,0.03122451177049901,1.894211567657457,0.029098466653901922,1.0,1.0
w_fx_vs_usd_yoy,0,excovid+exepi,50,0.9074094633767769,0.9007189395070079,0.9926267863188563,0.014692063082299645,1.3484539195945255,0.08875621581623871,1.0,1.0
w_fx_vs_usd_yoy,0,2015+,46,0.9959451664890379,1.0029195968274793,1.0070028256304793,-0.014054690827769445,-0.09627077775226162,0.538347240380578,1.0,1.0
w_fx_vs_usd_dyoy,0,full2010,66,1.0591730395608179,1.0663374312452285,1.0067641371303988,-0.013574027811916523,-0.15568622403525972,0.5618598218082651,1.0,1.0
w_fx_vs_usd_dyoy,0,exepi,56,0.9386488848467222,0.9296259858257314,0.9903873544552667,0.019132888135097947,1.140146451157751,0.1271126461923755,1.0,1.0
w_fx_vs_usd_dyoy,0,excovid+exepi,50,0.9074094633767769,0.9037547138462224,0.9959723259696301,0.008039125902644773,0.7114268564190563,0.2384098807531102,1.0,1.0
w_fx_vs_usd_dyoy,0,2015+,46,0.9959451664890379,1.005288443180686,1.0093813163676326,-0.01885064183205487,-0.1610807333362363,0.5639850926765659,1.0,1.0
w_fx_vs_nok_yoy,0,full2010,66,1.0591730395608179,1.066975781085007,1.007366824147473,-0.01478791839296556,-0.8342801306490876,0.7979384271340674,1.0,1.0
w_fx_vs_nok_yoy,0,exepi,56,0.9386488848467222,0.9468127151147236,1.0086974271208287,-0.017470499480179535,-0.7456068994673688,0.7720475430729978,1.0,1.0
w_fx_vs_nok_yoy,0,excovid+exepi,50,0.9074094633767769,0.9165733723359466,1.0100989788282213,-0.020299947029815524,-0.7164291375835918,0.7631367956991467,1.0,1.0
w_fx_vs_nok_yoy,0,2015+,46,0.9959451664890379,1.0020929626758295,1.0061728259683855,-0.012383755717207068,-1.1056852441898761,0.865568610516996,1.0,1.0
w_fx_vs_nok_dyoy,0,full2010,66,1.0591730395608179,1.0712812776510483,1.011431784645171,-0.02299425499051555,-0.43592124970890744,0.668553066489115,1.0,1.0
w_fx_vs_nok_dyoy,0,exepi,56,0.9386488848467222,0.9508967845733459,1.0130484358148721,-0.026267133306959067,-0.25517624262649413,0.6007065102773255,1.0,1.0
w_fx_vs_nok_dyoy,0,excovid+exepi,50,0.9074094633767769,0.9114341183060853,1.0044353239543384,-0.008890320007256758,0.27370405028698197,0.3921560324507307,1.0,1.0
w_fx_vs_nok_dyoy,0,2015+,46,0.9959451664890379,1.0118197321747595,1.0159391964737212,-0.032132450931670276,-1.0259267048019005,0.847536933039857,1.0,1.0
w_ec_food_ind_sell_price_exp_lvl,0,full2010,66,1.0591730395608179,1.0506851947932538,0.9919863474139377,0.015963086544354632,0.5771685519198138,0.28191279948462444,1.0,1.0
w_ec_food_ind_sell_price_exp_lvl,0,exepi,56,0.9386488848467222,0.9486972424894062,1.0107051292606872,-0.021524858313862527,-1.06300727888201,0.8561106747853219,1.0,1.0
w_ec_food_ind_sell_price_exp_lvl,0,excovid+exepi,50,0.9074094633767769,0.9175043585294382,1.0111249612882534,-0.022373687340171866,-0.8756669453588473,0.8093944400190405,1.0,1.0
w_ec_food_ind_sell_price_exp_lvl,0,2015+,46,0.9959451664890379,0.9806657716800812,0.9846583975473063,0.030447840139570803,0.5990688854139975,0.2745634746786888,1.0,1.0
w_ec_food_ind_sell_price_exp_d4,0,full2010,66,1.0591730395608179,1.0731252205297668,1.013172711585195,-0.026518943500896563,0.9112192897027218,0.18108992115843003,1.0,1.0
w_ec_food_ind_sell_price_exp_d4,0,exepi,56,0.9386488848467222,0.9470637092882142,1.008964826547326,-0.018010021209675875,1.0810003926916578,0.13984846947698193,1.0,1.0
w_ec_food_ind_sell_price_exp_d4,0,excovid+exepi,50,0.9074094633767769,0.9078721072071823,1.0005098512293267,-0.0010199624069293645,1.5557213314476512,0.05988718593009901,1.0,1.0
w_ec_food_ind_sell_price_exp_d4,0,2015+,46,0.9959451664890379,1.0212808546703882,1.0254388384359203,-0.05152481137280951,0.4829888762413482,0.31455181727063053,1.0,1.0
w_ec_food_retail_sell_price_exp_lvl,0,full2010,52,1.1681499825494783,1.2959355238630947,1.1093913822904191,-0.2307492391002468,-0.35107964323466134,0.6372357002650342,1.0,1.0
w_ec_food_retail_sell_price_exp_lvl,0,exepi,42,1.01716818027847,1.2426474130893794,1.2216735021628184,-0.492486145886766,-0.9333587400622344,0.8246826119833867,1.0,1.0
w_ec_food_retail_sell_price_exp_lvl,0,excovid+exepi,36,0.9939821878896635,1.2586089381807157,1.2662288655824756,-0.603335540034283,-0.9403721223157618,0.82648664166114,1.0,1.0
w_ec_food_retail_sell_price_exp_lvl,0,2015+,46,1.0249215133406309,0.9635550800674262,0.9401257242877196,0.11616362253249068,1.1900563058156124,0.11701213114684073,1.0,1.0
w_ec_food_retail_sell_price_exp_d4,0,full2010,48,1.0847003120260725,1.0836086953052044,0.9989936236684314,0.002011739869816509,1.230345949449443,0.10928379221644025,1.0,1.0
w_ec_food_retail_sell_price_exp_d4,0,exepi,38,0.8724087940112201,0.8721395484243438,0.9996913768078399,0.0006171511360454351,0.9049210234756555,0.18275361421751124,1.0,1.0
w_ec_food_retail_sell_price_exp_d4,0,excovid+exepi,32,0.8103008472320564,0.8045987361387977,0.99296297034276,0.014024539528083024,1.0046524964842312,0.15753210479260937,1.0,1.0
w_ec_food_retail_sell_price_exp_d4,0,2015+,46,1.0241693445112716,1.0294056450476146,1.0051127292223745,-0.010251598444850352,1.155019280975411,0.12404126544035887,1.0,1.0
w_ec_cons_price_exp_lvl,0,full2010,66,1.0591730395608179,1.0688770869393849,1.0091619093539153,-0.01840775929083982,-0.06483851272702093,0.5258487113860713,1.0,1.0
w_ec_cons_price_exp_lvl,0,exepi,56,0.9386488848467222,0.9479147827129655,1.0098715270596166,-0.01984050116572189,-0.06696898474853656,0.5266968028318189,1.0,1.0
w_ec_cons_price_exp_lvl,0,excovid+exepi,50,0.9074094633767769,0.919433604904683,1.0132510647212782,-0.026677720158803986,-0.16055969029551345,0.563779897309456,1.0,1.0
w_ec_cons_price_exp_lvl,0,2015+,46,0.9959451664890379,0.9932391883872326,0.9972830049355583,0.0054266080667031424,0.7428960515547741,0.22877230819934535,1.0,1.0
w_ec_cons_price_exp_d4,0,full2010,66,1.0591730395608179,1.0709538520511552,1.0111226513990785,-0.02236901617230247,-1.474234486313125,0.9297907662275104,1.0,1.0
w_ec_cons_price_exp_d4,0,exepi,56,0.9386488848467222,0.9479976006232838,1.0099597580389053,-0.02001871285800405,-1.1793034718491004,0.8808613218571263,1.0,1.0
w_ec_cons_price_exp_d4,0,excovid+exepi,50,0.9074094633767769,0.9193080878179243,1.0131127400819346,-0.02639742411632562,-1.3416637114694345,0.9101474708835684,1.0,1.0
w_ec_cons_price_exp_d4,0,2015+,46,0.9959451664890379,1.0039156143942773,1.0080028983255547,-0.01606984303271841,-0.9200275923034393,0.8212208297850305,1.0,1.0
w_hh_saving_lvl,0,full2010,66,1.0591730395608179,1.088471962161196,1.0276620736235194,-0.056089337564191766,-1.1764644951227778,0.8802953438525831,1.0,1.0
w_hh_saving_lvl,0,exepi,56,0.9386488848467222,0.9607034791903283,1.0234961066908501,-0.047544280411327966,-0.6913780378245972,0.7553359989703636,1.0,1.0
w_hh_saving_lvl,0,excovid+exepi,50,0.9074094633767769,0.9211850985000564,1.0151812777795106,-0.030593026754039965,-0.4071555026595365,0.6580531095592768,1.0,1.0
w_hh_saving_lvl,0,2015+,46,0.9959451664890379,1.0265458670646546,1.0307252864969385,-0.06239461622419595,-0.9598845918431833,0.8314433491147902,1.0,1.0
w_hh_saving_d4,0,full2010,66,1.0591730395608179,1.0652663067588701,1.0057528533775546,-0.011538802077092791,0.1878909512172093,0.4254810681459069,1.0,1.0
w_hh_saving_d4,0,exepi,56,0.9386488848467222,0.9335016318456487,0.9945163169272673,0.010937295365423316,0.7933879649254231,0.2137759102339023,1.0,1.0
w_hh_saving_d4,0,excovid+exepi,50,0.9074094633767769,0.9164710995063475,1.0099862702509728,-0.02007226609547108,-0.045487970435351466,0.5181408184117903,1.0,1.0
w_hh_saving_d4,0,2015+,46,0.9959451664890379,1.0072301814054276,1.0113309600730052,-0.022790310802186298,-0.01059051616064356,0.5042249256903447,1.0,1.0
nw_food_cpi_yoy,0,full2010,66,1.0591730395608179,1.0832705803193918,1.0227512784583017,-0.04602017758809063,-0.32912947820141847,0.6289710880136636,1.0,1.0
nw_food_cpi_yoy,0,exepi,56,0.9386488848467222,0.9448333182474862,1.006588654714882,-0.013220719800715708,-0.3814604390541217,0.6485691894706536,1.0,1.0
nw_food_cpi_yoy,0,excovid+exepi,50,0.9074094633767769,0.9229476657698803,1.0171236944513236,-0.03454060981430951,-1.6211863048169675,0.9475111555033341,1.0,1.0
nw_food_cpi_yoy,0,2015+,46,0.9959451664890379,1.0233934547464087,1.0275600396296245,-0.05587963504363547,0.03657724641884236,0.48541104305735794,1.0,1.0
nw_food_cpi_dyoy,0,full2010,66,1.0591730395608179,1.0690911259305156,1.0093639905843999,-0.01881566548846436,0.349442923700072,0.363378406697658,1.0,1.0
nw_food_cpi_dyoy,0,exepi,56,0.9386488848467222,0.929200923022141,0.9899345090831019,0.020029667726398137,0.9582403512318897,0.16897078711110092,1.0,1.0
nw_food_cpi_dyoy,0,excovid+exepi,50,0.9074094633767769,0.9021299061823806,0.9941817256624709,0.01160269635879152,0.6351164580791959,0.2626762319175525,1.0,1.0
nw_food_cpi_dyoy,0,2015+,46,0.9959451664890379,1.0038030955251018,1.0078899213535673,-0.01584209356609989,0.6110860762875098,0.2705712985770353,1.0,1.0
nw_food_cpi_xvat_yoy,0,full2010,66,1.0591730395608179,1.078638530619693,1.018378008438495,-0.037093768071155386,0.22158212068785865,0.4123196010725909,1.0,1.0
nw_food_cpi_xvat_yoy,0,exepi,56,0.9386488848467222,0.9530300448316728,1.0153211282910106,-0.03087699355413087,-2.217487020714424,0.9867050854897157,1.0,1.0
nw_food_cpi_xvat_yoy,0,excovid+exepi,50,0.9074094633767769,0.9244063235433544,1.0187311912125387,-0.03781323994931829,-2.350048950515091,0.9906145288390168,1.0,1.0
nw_food_cpi_xvat_yoy,0,2015+,46,0.9959451664890379,1.0183286851597495,1.0224746496331913,-0.045454409142517305,0.4154583579311405,0.3389031966238524,1.0,1.0
nw_food_cpi_xvat_dyoy,0,full2010,66,1.0591730395608179,1.0742660454081103,1.01424980176379,-0.028702660377887268,0.599974558656104,0.27426159549649487,1.0,1.0
nw_food_cpi_xvat_dyoy,0,exepi,56,0.9386488848467222,0.9537055744207954,1.0160408112310622,-0.03233893008707489,0.11376919969345498,0.45471037755542076,1.0,1.0
nw_food_cpi_xvat_dyoy,0,excovid+exepi,50,0.9074094633767769,0.9111640499189916,1.0041376982429109,-0.008292517032571167,0.5618022892164732,0.2871253661142511,1.0,1.0
nw_food_cpi_xvat_dyoy,0,2015+,46,0.9959451664890379,1.0024830236586695,1.0065644750229366,-0.0131720423781998,0.6983245794861132,0.24248711552115498,1.0,1.0
nw_real_wage_yoy,0,full2010,66,1.0591730395608179,1.122141100712346,1.0594502114381967,-0.12243475051643982,-0.15002875818068287,0.5596290368536463,1.0,1.0
nw_real_wage_yoy,0,exepi,56,0.9386488848467222,0.941144910222688,1.002659168317633,-0.0053254078114073344,1.6013016897407852,0.05465505747847044,1.0,1.0
nw_real_wage_yoy,0,excovid+exepi,50,0.9074094633767769,0.8952029852625956,0.9865479933736233,0.02672305677047726,2.0795788079448183,0.018782091219121333,1.0,1.0
nw_real_wage_yoy,0,2015+,46,0.9959451664890379,1.1086587413069344,1.1131724703431625,-0.2391529487298989,-1.0627801613427637,0.8560591708811245,1.0,1.0
nw_real_wage_dyoy,0,full2010,66,1.0591730395608179,1.1009452670851092,1.0394385298379687,-0.08043245731171766,-0.19814719470068692,0.5785350496209589,1.0,1.0
nw_real_wage_dyoy,0,exepi,56,0.9386488848467222,0.978345072496674,1.0422907737821838,-0.0863700571114634,0.16511721371403315,0.4344258621960131,1.0,1.0
nw_real_wage_dyoy,0,excovid+exepi,50,0.9074094633767769,0.932312125433617,1.0274436878409543,-0.05564053168422034,0.7926822928185603,0.2139814747215103,1.0,1.0
nw_real_wage_dyoy,0,2015+,46,0.9959451664890379,1.052535449167852,1.0568206810805754,-0.11686995195961125,-1.1701114180544463,0.8790219329392097,1.0,1.0
nw_cons_conf_z,0,full2010,66,1.0591730395608179,1.0861003651891497,1.025422971150679,-0.05149226976348631,-0.31507913319390213,0.6236492142422465,1.0,1.0
nw_cons_conf_z,0,exepi,56,0.9386488848467222,0.9423815094018855,1.0039765929682778,-0.007968999228190832,0.56892211438886,0.2847044985081829,1.0,1.0
nw_cons_conf_z,0,excovid+exepi,50,0.9074094633767769,0.9245973220523575,1.0189416788884025,-0.03824214497591627,-0.16543638698422267,0.5656997422151775,1.0,1.0
nw_cons_conf_z,0,2015+,46,0.9959451664890379,1.0340580987418264,1.0382681030393937,-0.07800065378902099,-0.3430550266599266,0.6342214680930462,1.0,1.0
nw_cons_conf_z_d4,0,full2010,66,1.0591730395608179,1.057950331462225,0.9988456011879797,0.002307464987423402,0.6072061198008747,0.27185706570465584,1.0,1.0
nw_cons_conf_z_d4,0,exepi,56,0.9386488848467222,0.9406486326331317,1.0021304534833981,-0.004265445798841139,0.32026070538144696,0.37438535410165275,1.0,1.0
nw_cons_conf_z_d4,0,excovid+exepi,50,0.9074094633767769,0.9085627676728169,1.0012709855281299,-0.002543586460472369,0.3935003675054181,0.3469749763034835,1.0,1.0
nw_cons_conf_z_d4,0,2015+,46,0.9959451664890379,0.9892261065046903,0.9932535844236948,0.013447317029482098,0.7226395171441411,0.23495069168622318,1.0,1.0
nw_retail_food_vol_yoy,0,full2010,66,1.0591730395608179,1.107515567020441,1.0456417654660737,-0.09336670168700745,-0.6537756045045456,0.7433718071111611,1.0,1.0
nw_retail_food_vol_yoy,0,exepi,56,0.9386488848467222,0.963449092734487,1.0264211765316427,-0.05354043163260158,0.16022036265344203,0.4363537447620798,1.0,1.0
nw_retail_food_vol_yoy,0,excovid+exepi,50,0.9074094633767769,0.907882795374029,1.0005216299987558,-0.0010435320953672278,0.832752413399871,0.20249218882882647,1.0,1.0
nw_retail_food_vol_yoy,0,2015+,46,0.9959451664890379,1.0715367041791823,1.0758992967018697,-0.1575592966435777,-1.0345015582173696,0.8495491256429453,1.0,1.0
nw_retail_food_vol_dyoy,0,full2010,66,1.0604359472590177,1.0637312855970107,1.0031075317151505,-0.006224720183661825,0.3990529027970497,0.34492711203282866,1.0,1.0
nw_retail_food_vol_dyoy,0,exepi,56,0.9400489216159432,0.9276971262303086,0.9868604759799077,0.026106400948710085,0.8762801700358532,0.19043887127855497,1.0,1.0
nw_retail_food_vol_dyoy,0,excovid+exepi,50,0.9091347319524421,0.8925705681697597,0.9817802981224691,0.03610744621855566,0.9823221955218626,0.1629705716157639,1.0,1.0
nw_retail_food_vol_dyoy,0,2015+,46,0.9968876567111543,0.9997660826395629,1.002887412547473,-0.005783162246165263,0.4676381040383303,0.320021705531889,1.0,1.0
nw_food_ppi_yoy,0,full2010,66,1.0591730395608179,1.0723564066251343,1.0124468491661975,-0.025048622386561137,0.749383239129391,0.22681312511311602,1.0,1.0
nw_food_ppi_yoy,0,exepi,56,0.9386488848467222,0.9466812600131814,1.008557379970436,-0.017187988692830336,-1.0725601465805028,0.858265742969681,1.0,1.0
nw_food_ppi_yoy,0,excovid+exepi,50,0.9074094633767769,0.9162208599945563,1.0097104967199584,-0.019515287186465002,-1.0008921958120827,0.8415605350296527,1.0,1.0
nw_food_ppi_yoy,0,2015+,46,0.9959451664890379,1.0126244401219213,1.0167471806622468,-0.033774829384627614,0.7885334406256599,0.21519237306210592,1.0,1.0
nw_food_ppi_dyoy,0,full2010,66,1.0604359472590177,1.0501386406565247,0.9902895534340296,0.019326600359430235,1.332678404698336,0.0913186815255651,1.0,1.0
nw_food_ppi_dyoy,0,exepi,56,0.9400489216159432,0.9183929301211802,0.976962910124362,0.04554347224133781,1.3728131256735587,0.08490522460225836,1.0,1.0
nw_food_ppi_dyoy,0,excovid+exepi,50,0.9091347319524421,0.8830170016152055,0.9712718814722361,0.056630932261382605,1.401649500362223,0.08050996878771954,1.0,1.0
nw_food_ppi_dyoy,0,2015+,46,0.9968876567111543,1.0037829867686767,1.0069168576931435,-0.01388155830663429,0.9246132721804958,0.17758355339004228,1.0,1.0
fao_ffpi_sek_yoy,0,full2010,66,1.0591730395608179,1.0338443359869254,0.9760863403543627,0.04725545617362725,1.6205359120038931,0.05255860323106776,1.0,1.0
fao_ffpi_sek_yoy,0,exepi,56,0.9386488848467222,0.9238053178022797,0.9841862412196161,0.03137744259400366,2.1574902950809007,0.015483741248950245,1.0,1.0
fao_ffpi_sek_yoy,0,excovid+exepi,50,0.9074094633767769,0.8976705825543173,0.9892673801458739,0.021350050579319046,2.0368334821703176,0.02083336588947915,1.0,1.0
fao_ffpi_sek_yoy,0,2015+,46,0.9959451664890379,0.963762446065168,0.967686252710757,0.06358331631461289,1.4433177367119867,0.07446549280336345,1.0,1.0
fao_ffpi_sek_dyoy,0,full2010,66,1.0591730395608179,1.0644480092993973,1.0049802719117233,-0.009985346931761452,-0.511090506184887,0.6953561582816631,1.0,1.0
fao_ffpi_sek_dyoy,0,exepi,56,0.9386488848467222,0.9424899063168589,1.004092074823872,-0.008200894724108121,-0.4126027982134949,0.6600511746068354,1.0,1.0
fao_ffpi_sek_dyoy,0,excovid+exepi,50,0.9074094633767769,0.914354557595719,1.007653759960908,-0.015366099963354918,-0.9415609094146654,0.8267912544087039,1.0,1.0
fao_ffpi_sek_dyoy,0,2015+,46,0.9959451664890379,0.9995493253059876,1.003618832580568,-0.007250761110382031,-0.17926080281656373,0.5711335384561699,1.0,1.0
wb_food_sek_yoy,0,full2010,66,1.0591730395608179,1.051037203484955,0.992318690363157,0.015303616755948934,1.0856491571225453,0.13881712134786484,1.0,1.0
wb_food_sek_yoy,0,exepi,56,0.9386488848467222,0.9351197641684131,0.9962402121439847,0.007505439707308326,0.8413630897113747,0.2000722783016997,1.0,1.0
wb_food_sek_yoy,0,excovid+exepi,50,0.9074094633767769,0.9066779377451099,0.9991938307223017,0.0016116886464923041,0.5164278265879665,0.30277781749742716,1.0,1.0
wb_food_sek_yoy,0,2015+,46,0.9959451664890379,0.9790074146313593,0.982993288759673,0.0337241942534422,1.427227702638431,0.07675713594570888,1.0,1.0
wb_food_sek_dyoy,0,full2010,66,1.0591730395608179,1.0643970256768067,1.004932136601735,-0.009888599174928014,-1.2739630418561936,0.8986617427788319,1.0,1.0
wb_food_sek_dyoy,0,exepi,56,0.9386488848467222,0.9413638227444983,1.002892389200696,-0.005793144316680321,-0.7597437870155426,0.7762961251162861,1.0,1.0
wb_food_sek_dyoy,0,excovid+exepi,50,0.9074094633767769,0.9124939697481125,1.0056033208562918,-0.011238038917202209,-2.041943670487298,0.979421440387084,1.0,1.0
wb_food_sek_dyoy,0,2015+,46,0.9959451664890379,1.0006487290430688,1.0047227123663969,-0.009467728744889436,-0.7311565340314423,0.7676582269515808,1.0,1.0
fao_ffpi_wloc_yoy,0,full2010,66,1.0591730395608179,1.0393626817112365,0.9812963915152186,0.037057391999210765,1.4940462370792718,0.06758176730054255,1.0,1.0
fao_ffpi_wloc_yoy,0,exepi,56,0.9386488848467222,0.9258581153169476,0.9863732118193874,0.027067887005105873,1.9151888651293474,0.027734211000442488,1.0,1.0
fao_ffpi_wloc_yoy,0,excovid+exepi,50,0.9074094633767769,0.8984400601236919,0.9901153739132202,0.01967154634068402,2.0884646665996227,0.018377969732742416,1.0,1.0
fao_ffpi_wloc_yoy,0,2015+,46,0.9959451664890379,0.9711542550775718,0.9751081563065762,0.04916408350438972,1.3086344038947164,0.09532911061365457,1.0,1.0
fao_ffpi_wloc_dyoy,0,full2010,66,1.0591730395608179,1.0635298081204991,1.0041133680682504,-0.008243655933365623,-0.39302533418752467,0.6528496150160206,1.0,1.0
fao_ffpi_wloc_dyoy,0,exepi,56,0.9386488848467222,0.9409815512458544,1.0024851320198533,-0.004976439920862719,-0.14624297701470823,0.558135210254184,1.0,1.0
fao_ffpi_wloc_dyoy,0,excovid+exepi,50,0.9074094633767769,0.9120828155462692,1.0051502131706906,-0.01032695103708492,-0.537533420913782,0.704550397098335,1.0,1.0
fao_ffpi_wloc_dyoy,0,2015+,46,0.9959451664890379,1.0010358512494795,1.005111410679754,-0.010248947878645165,-0.4000301857328185,0.655432858047271,1.0,1.0
wb_food_wloc_yoy,0,full2010,66,1.0591730395608179,1.053853234735287,0.9949773978124133,0.010019977842438577,0.9124932719304366,0.18075455484645242,1.0,1.0
wb_food_wloc_yoy,0,exepi,56,0.9386488848467222,0.9356662338111377,0.9968223996387408,0.00634510357846263,0.7145988793104573,0.23742846871949852,1.0,1.0
wb_food_wloc_yoy,0,excovid+exepi,50,0.9074094633767769,0.9068535501231637,0.9993873622922728,0.0012249000904935858,0.435782332269635,0.3314973318322809,1.0,1.0
wb_food_wloc_yoy,0,2015+,46,0.9959451664890379,0.9832050016392075,0.9872079655803314,0.025420432694743145,1.2617033051797553,0.10352778357728365,1.0,1.0
wb_food_wloc_dyoy,0,full2010,66,1.0591730395608179,1.0635589318266634,1.0041408647142909,-0.008298876189163806,-0.8508481871669339,0.8025731550874662,1.0,1.0
wb_food_wloc_dyoy,0,exepi,56,0.9386488848467222,0.9395410024650633,1.0009504273991514,-0.0019017581105438275,-0.07227007076150406,0.5288065087656579,1.0,1.0
wb_food_wloc_dyoy,0,excovid+exepi,50,0.9074094633767769,0.9099844270492018,1.0028377086379974,-0.0056834698663088545,-0.5584183651955841,0.7117206325344302,1.0,1.0
wb_food_wloc_dyoy,0,2015+,46,0.9959451664890379,1.0025168399148496,1.006598428956665,-0.013240397178026164,-0.9939559038199356,0.8398778320355293,1.0,1.0
eu_agri_basket_yoy,0,full2010,66,1.0591730395608179,1.0511303423565486,0.9924066258261217,0.015129089016412078,0.7713648537910905,0.22024535063215145,1.0,1.0
eu_agri_basket_yoy,0,exepi,56,0.9386488848467222,0.9547621256494573,1.017166419800697,-0.034627525570168016,-0.42688012893219746,0.6652666802161555,1.0,1.0
eu_agri_basket_yoy,0,excovid+exepi,50,0.9074094633767769,0.9199891705190717,1.013863319317259,-0.027918830257010363,0.13009319794674878,0.44824634581984546,1.0,1.0
eu_agri_basket_yoy,0,2015+,46,0.9959451664890379,0.9748057142533986,0.9787744818219649,0.04200051373414404,0.8657730880724127,0.193307305074224,1.0,1.0
eu_agri_basket_dyoy,0,full2010,66,1.0604359472590177,1.0640619487709677,1.0034193498639143,-0.006850391681320511,0.05117618583899599,0.47959256396032846,1.0,1.0
eu_agri_basket_dyoy,0,exepi,56,0.9400489216159432,0.9461484921372285,1.0064885671171242,-0.013019235737481871,-0.3681076327755645,0.6436035101234987,1.0,1.0
eu_agri_basket_dyoy,0,excovid+exepi,50,0.9091347319524421,0.9133571554793837,1.0046444419936236,-0.009310454828679315,-0.06442213258266584,0.5256829463116215,1.0,1.0
eu_agri_basket_dyoy,0,2015+,46,0.9968876567111543,0.9959356591569283,0.999045030252088,0.0019090275286045566,0.47675897866991085,0.3167668797719463,1.0,1.0
eu_agri_basket_wloc_yoy,0,full2010,66,1.0591730395608179,1.0480382150493046,0.9894872470355455,0.02091498795401736,0.8190295596342754,0.20638477441759906,1.0,1.0
eu_agri_basket_wloc_yoy,0,exepi,56,0.9386488848467222,0.9526299255937336,1.0148948568231608,-0.030011570406104138,-0.5447728431746995,0.7070451207729425,1.0,1.0
eu_agri_basket_wloc_yoy,0,excovid+exepi,50,0.9074094633767769,0.9163711965183415,1.0098761733299706,-0.01984988545958477,0.13102057540331877,0.4478795154459647,1.0,1.0
eu_agri_basket_wloc_yoy,0,2015+,46,0.9959451664890379,0.9769565108861576,0.9809340350836582,0.037768418814492444,0.8428242652983953,0.19966336745752944,1.0,1.0
eu_agri_basket_wloc_dyoy,0,full2010,66,1.0604359472590177,1.0587666833482374,0.9984258701196476,0.0031457818758247047,0.5315185482440948,0.29752974572488444,1.0,1.0
eu_agri_basket_wloc_dyoy,0,exepi,56,0.9400489216159432,0.9406507908768105,1.000640253126223,-0.001280916176511715,0.26817761444688226,0.3942813025812274,1.0,1.0
eu_agri_basket_wloc_dyoy,0,excovid+exepi,50,0.9091347319524421,0.9071889154089715,0.9978597049754201,0.004276009186367613,0.5711484595167902,0.2839495060371906,1.0,1.0
eu_agri_basket_wloc_dyoy,0,2015+,46,0.9968876567111543,0.9923413416715811,0.9954394910911305,0.009100219576231083,0.6720390105909728,0.2507794308739999,1.0,1.0
elec_nordic_loc_yoy,0,full2010,66,1.0591730395608179,1.0782143474144157,1.0179775231641972,-0.0362782376675137,-0.5866792745113025,0.7212904351088405,1.0,1.0
elec_nordic_loc_yoy,0,exepi,56,0.9386488848467222,0.9564175942700045,1.0189300916563533,-0.03821853168282452,-0.6752535668998458,0.7502426605175995,1.0,1.0
elec_nordic_loc_yoy,0,excovid+exepi,50,0.9074094633767769,0.9329097674639981,1.0281023122597004,-0.05699436447374251,-0.9537847599424392,0.8299036973703307,1.0,1.0
elec_nordic_loc_yoy,0,2015+,46,0.9959451664890379,0.9981832143939503,1.0022471597636264,-0.0044993692542560915,0.2581078424018456,0.3981618396196497,1.0,1.0
elec_nordic_loc_dyoy,0,full2010,66,1.0591730395608179,1.0860311219652445,1.0253575963523045,-0.051358200397375375,-1.8932900523567346,0.9708403463384148,1.0,1.0
elec_nordic_loc_dyoy,0,exepi,56,0.9386488848467222,0.9672000713172122,1.0304173231667477,-0.061759859882125845,-1.7899270153359808,0.9632671774028007,1.0,1.0
elec_nordic_loc_dyoy,0,excovid+exepi,50,0.9074094633767769,0.9286970587624817,1.0234597458422865,-0.047469851359557724,-1.2256052847769565,0.8898263759307676,1.0,1.0
elec_nordic_loc_dyoy,0,2015+,46,0.9959451664890379,1.0164218387658552,1.020560039815247,-0.04154279486769852,-1.293512007785883,0.9020829831248833,1.0,1.0
natgas_eu_eur_yoy,0,full2010,58,1.1198928403802582,1.1330168830458534,1.0117190164919163,-0.023575368331370417,0.10945704835193612,0.45641999373287123,1.0,1.0
natgas_eu_eur_yoy,0,exepi,48,0.9968298790045563,0.9899131858873936,0.9930613103972468,0.013829233792103102,0.8332307971039794,0.20235728837931344,1.0,1.0
natgas_eu_eur_yoy,0,excovid+exepi,42,0.9709008007143665,0.9751456191719836,1.00437204136045,-0.008763197466557404,-0.3947171025229721,0.653474160219816,1.0,1.0
natgas_eu_eur_yoy,0,2015+,42,1.027168713093249,1.0410190533570036,1.0134839974068577,-0.027149812999783585,0.2766743588000203,0.3910150811351857,1.0,1.0
natgas_eu_eur_dyoy,0,full2010,50,1.1762672550868993,1.194596574809628,1.015582614957155,-0.031408047803212824,-0.5945759858200075,0.7239365319363074,1.0,1.0
natgas_eu_eur_dyoy,0,exepi,40,1.0445995840474442,1.0295211441017211,0.9855653398910044,0.028660960805529045,1.0056369166097987,0.15729512940417556,1.0,1.0
natgas_eu_eur_dyoy,0,excovid+exepi,34,1.023292928243832,1.0255719617218015,1.0022271564818501,-0.004459273189694857,0.12305204266575714,0.45103294349154255,1.0,1.0
natgas_eu_eur_dyoy,0,2015+,38,1.0670254057254653,1.0881950214254885,1.0198398422253405,-0.04007330379020746,-0.47717617696255366,0.6833816631653881,1.0,1.0
brent_nok_yoy,0,full2010,66,1.0591730395608179,1.069437605113292,1.0096911129429145,-0.019476143555901215,-1.1356803482130269,0.8719548159560946,1.0,1.0
brent_nok_yoy,0,exepi,56,0.9386488848467222,0.9512258455034148,1.0133990045263266,-0.026977542374949648,-1.4095391872409293,0.9206621027355129,1.0,1.0
brent_nok_yoy,0,excovid+exepi,50,0.9074094633767769,0.9133769604453384,1.006576410440282,-0.013196070054842801,-0.5240101804769915,0.6998642704788338,1.0,1.0
brent_nok_yoy,0,2015+,46,0.9959451664890379,1.012761637780378,1.01688493689931,-0.034054974892713696,-1.4985846074775153,0.9330092858177748,1.0,1.0
brent_nok_dyoy,0,full2010,66,1.0591730395608179,1.0759207993719095,1.0158121092451864,-0.03187424128915439,-1.1669289446096478,0.8783804671199009,1.0,1.0
brent_nok_dyoy,0,exepi,56,0.9386488848467222,0.9536546725015421,1.015986582306834,-0.03222873542752103,-0.7802656153681273,0.7823827262549053,1.0,1.0
brent_nok_dyoy,0,excovid+exepi,50,0.9074094633767769,0.9136633274383034,1.006891997839932,-0.01383149531408967,-0.05240339900872553,0.520896367088452,1.0,1.0
brent_nok_dyoy,0,2015+,46,0.9959451664890379,1.0195598178021998,1.023710794637831,-0.04798379105801942,-1.9174069514192251,0.9724068740988601,1.0,1.0
packaging_eu_yoy,0,full2010,66,1.0591730395608179,1.0216606437166824,0.9645833169434809,0.06957902467431232,1.4523969000084254,0.07319563888955039,1.0,1.0
packaging_eu_yoy,0,exepi,56,0.9386488848467222,0.9222003085117986,0.9824763267708888,0.03474026733478175,2.120065181597472,0.01700027438331264,1.0,1.0
packaging_eu_yoy,0,excovid+exepi,50,0.9074094633767769,0.9005574227245327,0.9924487886353472,0.015045401936231828,1.7780725055003426,0.03769597371683153,1.0,1.0
packaging_eu_yoy,0,2015+,46,0.9959451664890379,0.922995960024,0.9267537923576631,0.1411274083506895,1.3118145395331684,0.09479135897567825,1.0,1.0
packaging_eu_dyoy,0,full2010,66,1.0604359472590177,1.0556180546655762,0.9954566868410161,0.009065984623507273,1.3581737713809232,0.0872042755579705,1.0,1.0
packaging_eu_dyoy,0,exepi,56,0.9400489216159432,0.8922522614863556,0.9491551354078198,0.09910452892896326,2.5024742446863195,0.006166429922166428,1.0,1.0
packaging_eu_dyoy,0,excovid+exepi,50,0.9091347319524421,0.8710526752601866,0.9581117568674654,0.0820218613523388,2.078295508869378,0.018841074927950507,1.0,1.0
packaging_eu_dyoy,0,2015+,46,0.9968876567111543,1.0051963984249912,1.0083346821057535,-0.016738831137310894,1.107329278656009,0.1340757950414051,1.0,1.0
packaging_us_yoy,0,full2010,66,1.0591730395608179,1.0482062558557474,0.9896458998714528,0.020600992867622403,1.5457690836664417,0.061080173051946796,1.0,1.0
packaging_us_yoy,0,exepi,56,0.9386488848467222,0.921869985934179,0.9821244139492233,0.03543163552489459,2.0287572405601524,0.021241511249227907,1.0,1.0
packaging_us_yoy,0,excovid+exepi,50,0.9074094633767769,0.8956116337584364,0.9869983396751928,0.025834277478412715,1.4716791210144664,0.07055377418067454,1.0,1.0
packaging_us_yoy,0,2015+,46,0.9959451664890379,0.97985987752108,0.9838492223174669,0.032040707745315644,1.5698925919361124,0.05822005066952951,1.0,1.0
packaging_us_dyoy,0,full2010,66,1.0591730395608179,1.0644379157577832,1.0049707422680891,-0.009966192814873986,-0.08685082301967029,0.5346049553578014,1.0,1.0
packaging_us_dyoy,0,exepi,56,0.9386488848467222,0.9284449278281782,0.9891291012184922,0.02162362112269789,1.549326514307796,0.06065162454191353,1.0,1.0
packaging_us_dyoy,0,excovid+exepi,50,0.9074094633767769,0.9028499852471419,0.9949752803848136,0.010024191423161466,0.9538874311648591,0.17007031315369914,1.0,1.0
packaging_us_dyoy,0,2015+,46,0.9959451664890379,1.0046867374798811,1.0087771609170608,-0.01763136038788571,-0.20004322735285177,0.5792766131065401,1.0,1.0
price_cost_gap_ppi,0,full2010,66,1.0591730395608179,1.0413692809446025,0.983190887653638,0.0333356784348513,0.9652551814606758,0.16720850708154655,1.0,1.0
price_cost_gap_ppi,0,exepi,56,0.9386488848467222,0.9345685399780166,0.9956529593391337,0.008675184559225446,0.7592360060420736,0.22385569543060269,1.0,1.0
price_cost_gap_ppi,0,excovid+exepi,50,0.9074094633767769,0.9029921131661508,0.9951319107978138,0.009712480111891963,0.7366184504572398,0.23067720578213025,1.0,1.0
price_cost_gap_ppi,0,2015+,46,0.9959451664890379,0.9632324104006875,0.9671540590897477,0.06461302598622476,1.0382690913647765,0.1495723971441878,1.0,1.0
price_cost_gap_ppi_d4,0,full2010,66,1.0604359472590177,1.061810086375314,1.0012958247217554,-0.002593328605220213,0.4618359125313323,0.3220994975825795,1.0,1.0
price_cost_gap_ppi_d4,0,exepi,56,0.9400489216159432,0.9387872822440895,0.9986579003040768,0.0026823981602527303,0.45237385913623046,0.3254998378245877,1.0,1.0
price_cost_gap_ppi_d4,0,excovid+exepi,50,0.9091347319524421,0.9073781034040933,0.9980678017387189,0.0038606631324412666,0.4663754742739069,0.3204733817917056,1.0,1.0
price_cost_gap_ppi_d4,0,2015+,46,0.9968876567111543,1.0049885219641828,1.0081261566421176,-0.016318347706007374,0.2228016655655035,0.41184493582854054,1.0,1.0
price_cost_gap_fao_nok,0,full2010,66,1.0591730395608179,1.0508058887891183,0.9921002985733389,0.015736997570691802,0.9704335277670012,0.16591522167416228,1.0,1.0
price_cost_gap_fao_nok,0,exepi,56,0.9386488848467222,0.93072610206419,0.991559375491267,0.016810004875368434,1.4654996108918887,0.07139232922351546,1.0,1.0
price_cost_gap_fao_nok,0,excovid+exepi,50,0.9074094633767769,0.8961253521028612,0.987564476976112,0.024716403814898258,2.049975296313458,0.020183420778958294,1.0,1.0
price_cost_gap_fao_nok,0,2015+,46,0.9959451664890379,0.9876460886498086,0.9916671337755616,0.016596295789362392,0.7348552830266697,0.23121381718385425,1.0,1.0
price_cost_gap_fao_nok_d4,0,full2010,66,1.0591730395608179,1.0633860101722377,1.0039776037097456,-0.007971028750763054,0.11201626278435431,0.4554052559441718,1.0,1.0
price_cost_gap_fao_nok_d4,0,exepi,56,0.9386488848467222,0.9372679887122765,0.9985288469876878,0.002940141733438706,0.4280758193580114,0.33429796043967064,1.0,1.0
price_cost_gap_fao_nok_d4,0,excovid+exepi,50,0.9074094633767769,0.9002927044421837,0.9921570589443609,0.015624370386875919,1.1286585183172186,0.12952095728830537,1.0,1.0
price_cost_gap_fao_nok_d4,0,2015+,46,0.9959451664890379,1.012183023631658,1.0163039670144318,-0.03287375336927134,-0.47630765737286973,0.6830723945650995,1.0,1.0
price_cost_gap_agri,0,full2010,66,1.0591730395608179,1.0541796189784747,0.9952855478794912,0.009406678182221073,0.6985665260998313,0.24241148458046924,1.0,1.0
price_cost_gap_agri,0,exepi,56,0.9386488848467222,0.9500961245609308,1.0121954437905478,-0.02453961643034397,-0.24914656186243053,0.5983762931989869,1.0,1.0
price_cost_gap_agri,0,excovid+exepi,50,0.9074094633767769,0.9158604235101501,1.0093132819024437,-0.018713301024681828,0.25195381452133664,0.40053838149390675,1.0,1.0
price_cost_gap_agri,0,2015+,46,0.9959451664890379,0.9810531765262608,0.9850473796511557,0.029681659842391794,0.8283778734910844,0.20372826667736388,1.0,1.0
price_cost_gap_agri_d4,0,full2010,66,1.0604359472590177,1.0676698172596704,1.0068216001346904,-0.013689734497778216,-1.1117936877889323,0.8668865667550099,1.0,1.0
price_cost_gap_agri_d4,0,exepi,56,0.9400489216159432,0.9480052280136813,1.0084637152543734,-0.016999064984653867,-2.0911911983353577,0.9817445359930689,1.0,1.0
price_cost_gap_agri_d4,0,excovid+exepi,50,0.9091347319524421,0.91744310173864,1.009138766229242,-0.018361049506676608,-1.839515498741127,0.9670802997913176,1.0,1.0
price_cost_gap_agri_d4,0,2015+,46,0.9968876567111543,1.0025455844837845,1.0056755921638114,-0.011383396674032653,-0.5000971422676074,0.6914966608675839,1.0,1.0
price_cost_gap_fao_wloc,0,full2010,66,1.0591730395608179,1.0557142505521684,0.9967344438732281,0.006520448396726719,0.7701016028335843,0.22061981265392538,1.0,1.0
price_cost_gap_fao_wloc,0,exepi,56,0.9386488848467222,0.9295572451103885,0.9903141207717747,0.019277942200026765,1.6445957715938506,0.050026599717665654,1.0,1.0
price_cost_gap_fao_wloc,0,excovid+exepi,50,0.9074094633767769,0.897363134802801,0.9889285609424988,0.022020301352198457,1.891622097461251,0.02927067476563061,1.0,1.0
price_cost_gap_fao_wloc,0,2015+,46,0.9959451664890379,0.9936582056145667,0.9977037281253814,0.004587270884715,0.6214127546285485,0.26716404107308134,1.0,1.0
price_cost_gap_fao_wloc_d4,0,full2010,66,1.0591730395608179,1.0671460948310625,1.007527622940205,-0.015111910987539945,-0.4148872461013945,0.6608877766192502,1.0,1.0
price_cost_gap_fao_wloc_d4,0,exepi,56,0.9386488848467222,0.9392191482697784,1.0006075364625286,-0.0012154420256105247,0.21214083519654764,0.41599858137812706,1.0,1.0
price_cost_gap_fao_wloc_d4,0,excovid+exepi,50,0.9074094633767769,0.906832591365356,0.9993642649380423,0.0012710659648463851,0.4704757766471212,0.319007568322793,1.0,1.0
price_cost_gap_fao_wloc_d4,0,2015+,46,0.9959451664890379,1.012224815792884,1.0163459293258443,-0.03295904805721417,-0.7813062187376701,0.7826887932793117,1.0,1.0
nw_price_cost_gap_ppi,0,full2010,66,1.0591730395608179,1.0365739185015448,0.9786634287173286,0.04221789329124226,1.1347356345315365,0.12824305098393374,1.0,1.0
nw_price_cost_gap_ppi,0,exepi,56,0.9386488848467222,0.931228622482007,0.9920947411918283,0.015748024499519286,0.9977512410739222,0.15919999957045294,1.0,1.0
nw_price_cost_gap_ppi,0,excovid+exepi,50,0.9074094633767769,0.9003454977237684,0.9922152391636725,0.015508919171376201,0.9098911702319284,0.1814399534212643,1.0,1.0
nw_price_cost_gap_ppi,0,2015+,46,0.9959451664890379,0.9599833336463847,0.9638917542323863,0.0709126861228131,1.1175041893904996,0.13188940466433086,1.0,1.0
nw_price_cost_gap_ppi_d4,0,full2010,66,1.0604359472590177,1.0549779445711913,0.9948530576486642,0.01026739368710372,0.7809558266378553,0.21741423787794412,1.0,1.0
nw_price_cost_gap_ppi_d4,0,exepi,56,0.9400489216159432,0.9324304907194391,0.991895708062291,0.016142904327606344,0.8062546921072055,0.21004800456242279,1.0,1.0
nw_price_cost_gap_ppi_d4,0,excovid+exepi,50,0.9091347319524421,0.9012023703541243,0.991274822840304,0.0173742256029239,0.7604726960412799,0.2234860420133573,1.0,1.0
nw_price_cost_gap_ppi_d4,0,2015+,46,0.9968876567111543,0.9994154469725136,1.0025356821747586,-0.00507779403360864,0.3791811005081226,0.3522766925599258,1.0,1.0
price_wage_gap,0,full2010,66,1.0591730395608179,1.0989948649777188,1.0375970912490493,-0.0766077237684879,-0.40119307196003373,0.6558610094602471,1.0,1.0
price_wage_gap,0,exepi,56,0.9386488848467222,0.9051431952474233,0.9643043419747201,0.07011713604870196,2.4759601886844673,0.006643919709197421,1.0,1.0
price_wage_gap,0,excovid+exepi,50,0.9074094633767769,0.8759080550643966,0.9652842409256425,0.0682263342206062,2.219022134488601,0.013242609354692125,1.0,1.0
price_wage_gap,0,2015+,46,0.9959451664890379,1.082548618867056,1.0869560446618938,-0.18147344302702884,-0.9527064190775966,0.8296305799570365,1.0,1.0
price_wage_gap_d4,0,full2010,66,1.0591730395608179,1.0813012713283194,1.0208919892604866,-0.04222045373623362,-0.7841035081283821,0.7835103114378915,1.0,1.0
price_wage_gap_d4,0,exepi,56,0.9386488848467222,0.938231988708022,0.9995558550748525,0.0008880925855805355,0.711371934326652,0.23842689298479458,1.0,1.0
price_wage_gap_d4,0,excovid+exepi,50,0.9074094633767769,0.9073031011533164,0.9998827847540132,0.0002344167525597518,0.6667196592940107,0.25247560945684144,1.0,1.0
price_wage_gap_d4,0,2015+,46,0.9959451664890379,1.0317321686918581,1.0359327033324321,-0.07315656583364083,-1.0649398201237705,0.856548418123051,1.0,1.0
no_cpi_food_idx__yoy,1,full2010,66,1.2360220467807403,1.2657781421161665,1.0240740813749454,-0.048727724143938334,-0.5109986567284972,0.6953240013163532,1.0,1.0
no_cpi_food_idx__yoy,1,exepi,56,1.075446530696677,1.0686102876413115,0.99364334454551,0.012672903840412975,1.0323014972692077,0.1509654499473495,1.0,1.0
no_cpi_food_idx__yoy,1,excovid+exepi,50,1.0623106168961156,1.0601775241530724,0.9979920253934055,0.00401191725116834,0.6157134806308219,0.2690418192626567,1.0,1.0
no_cpi_food_idx__yoy,1,2015+,46,1.153536917945576,1.1967335435087063,1.0374471114804567,-0.07629650911914299,-0.5514616721262217,0.7093413830699935,1.0,1.0
no_cpi_food_idx__dyoy,1,full2010,66,1.2360220467807403,1.2589331599302864,1.0185361686785595,-0.037415926906398944,-0.848818461382298,0.8020088420880656,1.0,1.0
no_cpi_food_idx__dyoy,1,exepi,56,1.075446530696677,1.0803168360332505,1.0045286354993572,-0.009077779538200437,-0.46835798576557125,0.6802356960126571,1.0,1.0
no_cpi_food_idx__dyoy,1,excovid+exepi,50,1.0623106168961156,1.070410152197185,1.007624451052494,-0.015307034358840177,-0.9495058891043531,0.8288183108810656,1.0,1.0
no_cpi_food_idx__dyoy,1,2015+,46,1.153536917945576,1.1875580090887647,1.0294928498723557,-0.05985552793830462,-0.8677278672783119,0.8072283367823991,1.0,1.0
no_cpi_total_idx__yoy,1,full2010,66,1.2360220467807403,1.3268992870519265,1.073523963838573,-0.15245370093568167,-1.7958654368867883,0.9637420397310328,1.0,1.0
no_cpi_total_idx__yoy,1,exepi,56,1.075446530696677,1.1733724333434126,1.091056040306624,-0.19040328308956966,-1.5275160812063604,0.9366836342408934,1.0,1.0
no_cpi_total_idx__yoy,1,excovid+exepi,50,1.0623106168961156,1.1665612314826912,1.0981357174902173,-0.2059020540277543,-1.4263640325104847,0.9231183549083395,1.0,1.0
no_cpi_total_idx__yoy,1,2015+,46,1.153536917945576,1.2148382619440565,1.053142073777454,-0.10910822756027616,-2.276422090936221,0.9885896206339562,1.0,1.0
no_cpi_total_idx__dyoy,1,full2010,66,1.2360220467807403,1.2569620467262836,1.0169414453407868,-0.03416990325180835,-1.2373529955449105,0.8920219694238549,1.0,1.0
no_cpi_total_idx__dyoy,1,exepi,56,1.075446530696677,1.0973317163374328,1.0203498593524483,-0.04111383548056091,-0.9368447261229786,0.8255807825627615,1.0,1.0
no_cpi_total_idx__dyoy,1,excovid+exepi,50,1.0623106168961156,1.0849621193361334,1.021322861769189,-0.043100387972405896,-0.8386814634516634,0.7991759585072699,1.0,1.0
no_cpi_total_idx__dyoy,1,2015+,46,1.153536917945576,1.154666422598312,1.0009791664533354,-0.001959291673614194,0.09288903343968909,0.4629958590627493,1.0,1.0
no_fx_eurnok__yoy,1,full2010,66,1.2360220467807403,1.2529162952661237,1.0136682420264145,-0.02752330489292154,-1.2753587635007118,0.8989088563856442,1.0,1.0
no_fx_eurnok__yoy,1,exepi,56,1.075446530696677,1.0964192864594289,1.0195014397872164,-0.039383185728207204,-1.4118794986961747,0.9210072774016604,1.0,1.0
no_fx_eurnok__yoy,1,excovid+exepi,50,1.0623106168961156,1.0886798370501483,1.024822513994145,-0.050261185189279356,-1.6709572960834875,0.952634943490141,1.0,1.0
no_fx_eurnok__yoy,1,2015+,46,1.153536917945576,1.1521719354435078,0.9988166980346853,0.002365203727088261,0.40756428797373473,0.34179679362367055,1.0,1.0
no_fx_eurnok__dyoy,1,full2010,66,1.2360220467807403,1.2470225839704763,1.0088999522446926,-0.017879113639343025,-1.2335932304702342,0.891322741594927,1.0,1.0
no_fx_eurnok__dyoy,1,exepi,56,1.075446530696677,1.0858392382365474,1.0096636208711725,-0.019420627310686722,-0.9651260928290717,0.832759170397873,1.0,1.0
no_fx_eurnok__dyoy,1,excovid+exepi,50,1.0623106168961156,1.0688948281242183,1.0061980094365814,-0.012434434194138921,-0.45727132744635685,0.6762619820221374,1.0,1.0
no_fx_eurnok__dyoy,1,2015+,46,1.153536917945576,1.160346889664245,1.0059035576692228,-0.011841967331599479,-0.6348939748920214,0.7372512165437006,1.0,1.0
no_govbond_10y__lvl,1,full2010,66,1.2360220467807403,1.2742484269999776,1.030926940436701,-0.06281035651817723,0.26919261784506926,0.39389073039012,1.0,1.0
no_govbond_10y__lvl,1,exepi,56,1.075446530696677,1.0968561055126387,1.019907614376786,-0.04021154186374676,0.8169229175423867,0.20698624003678412,1.0,1.0
no_govbond_10y__lvl,1,excovid+exepi,50,1.0623106168961156,1.0919913770348597,1.027939813145675,-0.05666025944996522,0.6610159111711712,0.2543010548616549,1.0,1.0
no_govbond_10y__lvl,1,2015+,46,1.153536917945576,1.1935395686375478,1.034678257860369,-0.07055909728896825,-0.056026541807558186,0.5223396684699823,1.0,1.0
no_govbond_10y__d4,1,full2010,66,1.2360220467807403,1.114094375818439,0.901354776575494,0.18755956674454133,1.9873029994929794,0.023444414741534914,1.0,1.0
no_govbond_10y__d4,1,exepi,56,1.075446530696677,1.072119148950187,0.9969060463244652,0.006178334801723251,1.237277559883282,0.1079920279124531,1.0,1.0
no_govbond_10y__d4,1,excovid+exepi,50,1.0623106168961156,1.0780304446648705,1.0147977696153367,-0.029814513216262162,1.0464210049134206,0.14768334952381978,1.0,1.0
no_govbond_10y__d4,1,2015+,46,1.153536917945576,1.0514424453533004,0.9114944038599966,0.16917795173190942,1.3933921663631739,0.08175061664608929,1.0,1.0
no_imp_price_food_idx__yoy,1,full2010,66,1.23722644786567,1.260497409240354,1.0188089750383436,-0.03797172761868017,-1.1289913002478997,0.8705492481686767,1.0,1.0
no_imp_price_food_idx__yoy,1,exepi,56,1.0769304898087406,1.076716317383676,0.9998011269742185,0.0003977065010826175,0.34829012696523975,0.36381115388918817,1.0,1.0
no_imp_price_food_idx__yoy,1,excovid+exepi,50,1.0639555043053612,1.0648100902461737,1.0008032158650944,-0.00160707688591466,0.13602377725291953,0.4459012420658761,1.0,1.0
no_imp_price_food_idx__yoy,1,2015+,46,1.1545962234594838,1.188559766000574,1.0294159480613285,-0.05969719412300378,-1.107290843293522,0.8659158990128333,1.0,1.0
no_imp_price_food_idx__dyoy,1,full2010,66,1.2407276098344169,1.2427722024922851,1.001647898089526,-0.0032985117471655556,0.5580557131942372,0.28840317037580476,1.0,1.0
no_imp_price_food_idx__dyoy,1,exepi,56,1.0637683420864583,1.0541945109020514,0.9910000788652641,0.017918843689040398,0.8342118918660735,0.2020807955555497,1.0,1.0
no_imp_price_food_idx__dyoy,1,excovid+exepi,50,1.0507561396970106,1.038805246778958,0.9886263877349326,0.022617865474178656,0.8791911827727282,0.1896488121838531,1.0,1.0
no_imp_price_food_idx__dyoy,1,2015+,46,1.1692465634095681,1.166716076631243,0.9978357971213991,0.004323721983101936,0.7111395884416774,0.2384988699565801,1.0,1.0
no_jordbruk_malpris_mnok__lvl,1,full2010,66,1.2360220467807403,1.299490018445941,1.051348575723633,-0.10533382767611155,-0.19175279656949737,0.5760320762024553,1.0,1.0
no_jordbruk_malpris_mnok__lvl,1,exepi,56,1.075446530696677,1.0556698323350655,0.9816107097869384,0.03644041443158297,1.1377428965696619,0.12761392780903624,1.0,1.0
no_jordbruk_malpris_mnok__lvl,1,excovid+exepi,50,1.0623106168961156,1.0334243440860027,0.9728080729396139,0.053644453223514854,1.2844872632446083,0.09948575864824827,1.0,1.0
no_jordbruk_malpris_mnok__lvl,1,2015+,46,1.153536917945576,1.2842822403903902,1.1133429892106694,-0.23953261162454886,-1.0840635276617854,0.8608316836653553,1.0,1.0
no_jordbruk_malpris_mnok__d4,1,full2010,63,1.2614225777354215,1.274801608850605,1.0106063038281765,-0.02132510133724863,-2.0435141390709557,0.9794992154162956,1.0,1.0
no_jordbruk_malpris_mnok__d4,1,exepi,53,1.1004460192615233,1.1145127739803828,1.012782775776952,-0.025728950910467896,-1.7879911834239892,0.9631112848629941,1.0,1.0
no_jordbruk_malpris_mnok__d4,1,excovid+exepi,47,1.0899778961858118,1.1059842979163323,1.014685070024385,-0.029585791330391187,-1.8123444539749394,0.9650335051172709,1.0,1.0
no_jordbruk_malpris_mnok__d4,1,2015+,43,1.1873658974127386,1.1960582500242338,1.0073207025992879,-0.014694997885122962,-1.4704479921536266,0.929279769263889,1.0,1.0
no_policy_rate__lvl,1,full2010,66,1.2360220467807403,1.2634515891723284,1.022191790561527,-0.04487605669138062,-0.0657247843898432,0.5262015300087731,1.0,1.0
no_policy_rate__lvl,1,exepi,56,1.075446530696677,1.0701217389967206,0.9950487620277068,0.009877961187128248,1.1509022481360047,0.12488622640901337,1.0,1.0
no_policy_rate__lvl,1,excovid+exepi,50,1.0623106168961156,1.056238949919734,0.9942844711520233,0.011398390425941263,1.1200202843817382,0.13135255911591526,1.0,1.0
no_policy_rate__lvl,1,2015+,46,1.153536917945576,1.2062987939069376,1.0457392174802083,-0.09357051097611824,-0.8820745837293231,0.8111317621823575,1.0,1.0
no_policy_rate__d4,1,full2010,66,1.2360220467807403,1.261011238647315,1.0202174321499036,-0.04084360886254301,0.47006523077793566,0.31915420705390896,1.0,1.0
no_policy_rate__d4,1,exepi,56,1.075446530696677,1.1212549438613828,1.0425947844520276,-0.08700388456656993,0.15011065956873829,0.4403386550795061,1.0,1.0
no_policy_rate__d4,1,excovid+exepi,50,1.0623106168961156,1.093962750691296,1.0297955544185957,-0.06047888390030298,0.37754565061282114,0.3528840728850472,1.0,1.0
no_policy_rate__d4,1,2015+,46,1.153536917945576,1.2351496016838976,1.0707499538754877,-0.14650546372435902,-1.3657888326835772,0.9139973737490465,1.0,1.0
no_ppi_food_dom_idx__yoy,1,full2010,66,1.2360220467807403,1.293012379249682,1.046107860792107,-0.09434165641103842,0.3229618079198462,0.3733620831300696,1.0,1.0
no_ppi_food_dom_idx__yoy,1,exepi,56,1.075446530696677,1.0817286551781327,1.0058414103371427,-0.011716942749012249,-1.2559568457791417,0.8954341917016727,1.0,1.0
no_ppi_food_dom_idx__yoy,1,excovid+exepi,50,1.0623106168961156,1.0688938180322023,1.0061970585922615,-0.012432520719718898,-1.1488880938590023,0.8746989361472084,1.0,1.0
no_ppi_food_dom_idx__yoy,1,2015+,46,1.153536917945576,1.2399005808911592,1.0748685729966885,-0.15534244921593743,0.3238826617715667,0.37301343548351307,1.0,1.0
no_ppi_food_dom_idx__dyoy,1,full2010,66,1.23722644786567,1.2566948689311233,1.0157355358019045,-0.03171867869078193,0.6812612047940896,0.2478531132361912,1.0,1.0
no_ppi_food_dom_idx__dyoy,1,exepi,56,1.0769304898087406,1.0727150529684755,0.9960856927349009,0.007813292728832577,0.6398279140677043,0.2611422414158687,1.0,1.0
no_ppi_food_dom_idx__dyoy,1,excovid+exepi,50,1.0639555043053612,1.0560351507142258,0.9925557473417965,0.014833088418767737,0.6838460076522099,0.24703620552680472,1.0,1.0
no_ppi_food_dom_idx__dyoy,1,2015+,46,1.1545962234594838,1.1651190251480221,1.0091138369195503,-0.018310735862496763,0.935286830059791,0.17482025030816684,1.0,1.0
no_qna_hh_food_cons_sa_mnok__yoy,1,full2010,66,1.2360220467807403,1.3060136667874942,1.056626514218779,-0.11645959055012756,-2.2872814059961177,0.9889102984585952,1.0,1.0
no_qna_hh_food_cons_sa_mnok__yoy,1,exepi,56,1.075446530696677,1.1291664645906332,1.0499512828956326,-0.10239769645418462,-1.8739135412051793,0.9695288286232715,1.0,1.0
no_qna_hh_food_cons_sa_mnok__yoy,1,excovid+exepi,50,1.0623106168961156,1.120044449493918,1.0543474118393832,-0.11164846485240587,-1.8103078574636686,0.9648759703849686,1.0,1.0
no_qna_hh_food_cons_sa_mnok__yoy,1,2015+,46,1.153536917945576,1.2335550840797358,1.0693676681598283,-0.14354720970558876,-2.029306702929347,0.9787864694909978,1.0,1.0
no_qna_hh_food_cons_sa_mnok__dyoy,1,full2010,66,1.2360220467807403,1.2542843730796105,1.014775081355899,-0.02976846574087122,0.2299709044463606,0.4090571893501117,1.0,1.0
no_qna_hh_food_cons_sa_mnok__dyoy,1,exepi,56,1.075446530696677,1.100301020083244,1.0231108555164208,-0.04675582267554246,-0.09727592853830189,0.5387463642144235,1.0,1.0
no_qna_hh_food_cons_sa_mnok__dyoy,1,excovid+exepi,50,1.0623106168961156,1.0916293796552123,1.0275990489907378,-0.05595980548666879,-0.15841153029659738,0.5629337356825497,1.0,1.0
no_qna_hh_food_cons_sa_mnok__dyoy,1,2015+,46,1.153536917945576,1.127440843365224,0.9773773390566222,0.04473353709859662,1.391502613930764,0.0820365337753699,1.0,1.0
no_retail_foodstores_vol_sa_idx__yoy,1,full2010,66,1.2360220467807403,1.3361931246867849,1.0810431158302907,-0.16865421828406335,-1.0347928820264085,0.8496171760986955,1.0,1.0
no_retail_foodstores_vol_sa_idx__yoy,1,exepi,56,1.075446530696677,1.127199965660201,1.0481227410999205,-0.09856128041081114,-0.04480779011773226,0.5178697421424405,1.0,1.0
no_retail_foodstores_vol_sa_idx__yoy,1,excovid+exepi,50,1.0623106168961156,1.1041657656598167,1.0394001039789986,-0.08035257615155311,-1.0727327053377624,0.8583044690812356,1.0,1.0
no_retail_foodstores_vol_sa_idx__yoy,1,2015+,46,1.153536917945576,1.2760016866635528,1.1061645854699511,-0.22360009014790871,-0.6888904925182466,0.7545539085489555,1.0,1.0
no_retail_foodstores_vol_sa_idx__dyoy,1,full2010,66,1.2400928021045827,1.4016452138458435,1.130274453224055,-0.2775203396109365,-0.8644864890856433,0.8063396503784532,1.0,1.0
no_retail_foodstores_vol_sa_idx__dyoy,1,exepi,56,1.06950285173218,1.1394232523971601,1.0653765443932535,-0.13502718134330993,0.35553059065936216,0.36109606592243526,1.0,1.0
no_retail_foodstores_vol_sa_idx__dyoy,1,excovid+exepi,50,1.0567459450262164,1.096199707884197,1.0373351447844938,-0.07606420260506686,0.07092679374736147,0.47172800937249026,1.0,1.0
no_retail_foodstores_vol_sa_idx__dyoy,1,2015+,46,1.1652594571332804,1.3490606736933246,1.1577341556293599,-0.34034837511082694,-0.3785802151036774,0.6475001917516668,1.0,1.0
no_vat_food_rate__lvl,1,full2010,66,1.2360220467807403,1.2676398350044045,1.0255802785282138,-0.051814907706008606,-1.560679210391528,0.9407002705595784,1.0,1.0
no_vat_food_rate__lvl,1,exepi,56,1.075446530696677,1.106848502820815,1.0291990082517593,-0.05925059858640491,-1.1361516357973447,0.8720534461448894,1.0,1.0
no_vat_food_rate__lvl,1,excovid+exepi,50,1.0623106168961156,1.0998120915700396,1.0353017978710377,-0.07184981267500312,-1.2911548754085633,0.9016750106026642,1.0,1.0
no_vat_food_rate__lvl,1,2015+,46,1.153536917945576,1.164410807319423,1.009426563818359,-0.018941987742139732,-0.6532865286183267,0.7432142122299011,1.0,1.0
no_vat_food_rate__d4,1,full2010,66,1.2360220467807403,1.2345533377328894,0.9988117452664569,0.002375097517774427,0.5052912311527493,0.30667715040914334,1.0,1.0
no_vat_food_rate__d4,1,exepi,56,1.075446530696677,1.071159981395423,0.9960141679024459,0.007955777337598335,1.1702935140355157,0.120941435562544,1.0,1.0
no_vat_food_rate__d4,1,excovid+exepi,50,1.0623106168961156,1.057801535878865,0.9957554024731248,0.008471178445585315,1.1034973493748677,0.1349056209991042,1.0,1.0
no_vat_food_rate__d4,1,2015+,46,1.153536917945576,1.1535961663546106,1.0000513623865115,-0.00010272741111783112,0.00923026190437886,0.4963177105543588,1.0,1.0
se_cpi_idx__yoy,1,full2010,66,1.2360220467807403,1.3086236176261965,1.0587380872651497,-0.12092633742586778,0.7548965696369754,0.22515552210591316,1.0,1.0
se_cpi_idx__yoy,1,exepi,56,1.075446530696677,1.1329010190855477,1.053423844653301,-0.10970179648414224,-0.4013183549463591,0.6559071242382009,1.0,1.0
se_cpi_idx__yoy,1,excovid+exepi,50,1.0623106168961156,1.1315484795934305,1.0651766645236171,-0.1346013266456585,-0.5204575956206964,0.698627662123898,1.0,1.0
se_cpi_idx__yoy,1,2015+,46,1.153536917945576,1.2377726263501176,1.0730238513341763,-0.15138018553202848,0.6775951995442586,0.24901419532538638,1.0,1.0
se_cpi_idx__dyoy,1,full2010,66,1.2360220467807403,1.178137494313491,0.9531686731494705,0.09146948052647785,2.1626575073187384,0.01528376581697155,1.0,1.0
se_cpi_idx__dyoy,1,exepi,56,1.075446530696677,1.0294915760585341,0.9572689544980232,0.08363614875426162,2.0689987641180845,0.019273101337064835,1.0,1.0
se_cpi_idx__dyoy,1,excovid+exepi,50,1.0623106168961156,1.0275933612946622,0.9673191107673468,0.06429373794426951,1.8883747184862134,0.029487831438239964,1.0,1.0
se_cpi_idx__dyoy,1,2015+,46,1.153536917945576,1.0791849903420816,0.935544388353072,0.12475669742107642,1.6685084352069222,0.047607419421894726,1.0,1.0
se_cpi_food_idx__yoy,1,full2010,66,1.2360220467807403,1.3022467176650816,1.0535788751153958,-0.11002844608942275,-0.8443379080147045,0.8007596956396991,1.0,1.0
se_cpi_food_idx__yoy,1,exepi,56,1.075446530696677,1.0805371066996734,1.0047334533681547,-0.00948931231709782,-0.2602155210314195,0.6026512337497754,1.0,1.0
se_cpi_food_idx__yoy,1,excovid+exepi,50,1.0623106168961156,1.0671917693474928,1.0045948448351567,-0.009210802269372653,-0.17379336930034386,0.5689860721870666,1.0,1.0
se_cpi_food_idx__yoy,1,2015+,46,1.153536917945576,1.2518622688480423,1.0852381483182885,-0.17774183856530756,-0.8787867212615145,0.8102415363049448,1.0,1.0
se_cpi_food_idx__dyoy,1,full2010,66,1.2360220467807403,1.2629022333726536,1.0217473358682587,-0.043967618353884186,1.1526836797568465,0.12452012125598877,1.0,1.0
se_cpi_food_idx__dyoy,1,exepi,56,1.075446530696677,1.0614968660320405,0.9870289556324109,0.025773840743192222,1.111054184015631,0.13327251357171055,1.0,1.0
se_cpi_food_idx__dyoy,1,excovid+exepi,50,1.0623106168961156,1.0442964173655975,0.983042436699774,0.03362756764737085,1.134946973158323,0.12819876842977296,1.0,1.0
se_cpi_food_idx__dyoy,1,2015+,46,1.153536917945576,1.189902024698746,1.0315248746593524,-0.06404356704099268,0.9137920084546158,0.18041307321804223,1.0,1.0
se_ppi_food_hmpi_idx__yoy,1,full2010,66,1.2360220467807403,1.266992545860456,1.025056591150926,-0.050741015061956496,-1.1902421332176876,0.8830243812624037,1.0,1.0
se_ppi_food_hmpi_idx__yoy,1,exepi,56,1.075446530696677,1.0889691668648298,1.0125739734911718,-0.025306051791700312,-1.5486225781590155,0.9392637624446815,1.0,1.0
se_ppi_food_hmpi_idx__yoy,1,excovid+exepi,50,1.0623106168961156,1.0775892808724334,1.0143824826122507,-0.028971821030593148,-1.5590187557039286,0.9405040294687632,1.0,1.0
se_ppi_food_hmpi_idx__yoy,1,2015+,46,1.153536917945576,1.1910048346124078,1.0324808994700936,-0.0660168077705734,-0.86859780577981,0.8074664224662071,1.0,1.0
se_ppi_food_hmpi_idx__dyoy,1,full2010,66,1.2360220467807403,1.2199612922429826,0.9870060937993876,0.02581897080287443,1.606798500526387,0.054049288651814686,1.0,1.0
se_ppi_food_hmpi_idx__dyoy,1,exepi,56,1.075446530696677,1.03738468027433,0.9646083284143468,0.06953077275367958,1.5478471312693425,0.0608295529796683,1.0,1.0
se_ppi_food_hmpi_idx__dyoy,1,excovid+exepi,50,1.0623106168961156,1.0290094524137452,0.9686521400118634,0.0617130316504374,1.4222247986356722,0.07748050093400938,1.0,1.0
se_ppi_food_hmpi_idx__dyoy,1,2015+,46,1.153536917945576,1.147159057214546,0.9944710389136148,0.01102735276207567,1.0240800129336551,0.1528987420109612,1.0,1.0
se_retail_grocery_vol_sa_idx__yoy,1,full2010,66,1.2360220467807403,1.2655428073208839,1.0238836844512857,-0.04833779928554005,0.7608193899732973,0.2233824756484828,1.0,1.0
se_retail_grocery_vol_sa_idx__yoy,1,exepi,56,1.075446530696677,1.060277509586159,0.9858951415272208,0.028010769913021316,1.7304387488260782,0.04177595790244282,1.0,1.0
se_retail_grocery_vol_sa_idx__yoy,1,excovid+exepi,50,1.0623106168961156,1.0464603604685696,0.9850794521155614,0.029618473019705438,1.4997937841197706,0.06683391398489091,1.0,1.0
se_retail_grocery_vol_sa_idx__yoy,1,2015+,46,1.153536917945576,1.2052422564228369,1.0448233061923557,-0.09165574116272523,0.1438853975841078,0.4427954833671305,1.0,1.0
se_retail_grocery_vol_sa_idx__dyoy,1,full2010,66,1.2360220467807403,1.2553554797100839,1.0156416570235929,-0.031527975481629555,-1.7721170002598967,0.9618124312491568,1.0,1.0
se_retail_grocery_vol_sa_idx__dyoy,1,exepi,56,1.075446530696677,1.0850033313149563,1.008886355895433,-0.0178516791119665,-1.217688788058107,0.8883288703371013,1.0,1.0
se_retail_grocery_vol_sa_idx__dyoy,1,excovid+exepi,50,1.0623106168961156,1.07073095868024,1.00792644039342,-0.015915709244150644,-0.9814988016553434,0.8368265874670776,1.0,1.0
se_retail_grocery_vol_sa_idx__dyoy,1,2015+,46,1.153536917945576,1.1824245339559654,1.0250426454160113,-0.05071242492145478,-1.9681432304711515,0.9754742200177012,1.0,1.0
se_na_hhcons_food_sa__yoy,1,full2010,66,1.2360220467807403,1.2679666782845649,1.0258447101223036,-0.05235736928591317,-0.666344712392301,0.7474046037658353,1.0,1.0
se_na_hhcons_food_sa__yoy,1,exepi,56,1.075446530696677,1.09048014094977,1.0139789471851792,-0.028153305334764456,0.056765681785411554,0.477365925902574,1.0,1.0
se_na_hhcons_food_sa__yoy,1,excovid+exepi,50,1.0623106168961156,1.0951283200190332,1.0308927564131902,-0.0627398752251851,-0.6132213711561835,0.7301350121650054,1.0,1.0
se_na_hhcons_food_sa__yoy,1,2015+,46,1.153536917945576,1.1817683506764431,1.0244738007875351,-0.04954656850005823,-0.6396095224509413,0.7387867549326719,1.0,1.0
se_na_hhcons_food_sa__dyoy,1,full2010,66,1.2360220467807403,1.2603825446710637,1.0197087891383256,-0.03980601464595024,-0.3718317866752408,0.6449909522566812,1.0,1.0
se_na_hhcons_food_sa__dyoy,1,exepi,56,1.075446530696677,1.108312276091176,1.030560092441982,-0.062054104134026566,-0.48365595764894315,0.6856849726322077,1.0,1.0
se_na_hhcons_food_sa__dyoy,1,excovid+exepi,50,1.0623106168961156,1.0888535067251923,1.02498599694563,-0.05059629393462717,-0.23276397490232964,0.5920276557648649,1.0,1.0
se_na_hhcons_food_sa__dyoy,1,2015+,46,1.153536917945576,1.1503534555062722,0.997240259596569,0.005511864639767605,0.5796861456046727,0.2810631439367892,1.0,1.0
se_policy_rate__lvl,1,full2010,66,1.2360220467807403,1.282378328748775,1.0375044135246383,-0.07641540808310365,0.385705404668055,0.34985742982867396,1.0,1.0
se_policy_rate__lvl,1,exepi,56,1.075446530696677,1.102098265436986,1.0247820174965314,-0.050178183384261166,1.1944830410222944,0.11614453534375502,1.0,1.0
se_policy_rate__lvl,1,excovid+exepi,50,1.0623106168961156,1.0974332612257043,1.0330624995843596,-0.06721812804748484,1.0870313484015215,0.1385114778720815,1.0,1.0
se_policy_rate__lvl,1,2015+,46,1.153536917945576,1.2062074725474976,1.0456600510850809,-0.09340494243525388,-0.5387114111436081,0.7049570006469601,1.0,1.0
se_policy_rate__d4,1,full2010,66,1.2360220467807403,1.2953766590546734,1.0480206744115317,-0.09834733399400175,0.6067293763714351,0.27201526174088975,1.0,1.0
se_policy_rate__d4,1,exepi,56,1.075446530696677,1.1310213478528282,1.0516760392728681,-0.10602249158066734,0.7091679161239951,0.23911014044824053,1.0,1.0
se_policy_rate__d4,1,excovid+exepi,50,1.0623106168961156,1.109406949901313,1.0443338626726755,-0.09063321672483049,0.8622929474572305,0.19426316634628593,1.0,1.0
se_policy_rate__d4,1,2015+,46,1.153536917945576,1.239053409636792,1.0741341610839115,-0.1537641960074383,-1.1782955155445742,0.8806605925119744,1.0,1.0
se_gov_bond_10y__lvl,1,full2010,66,1.2360220467807403,1.2808401649211807,1.0362599666059118,-0.07383471839008537,0.20139376456247593,0.42019534524414026,1.0,1.0
se_gov_bond_10y__lvl,1,exepi,56,1.075446530696677,1.102506098012575,1.0251612391165266,-0.05095556618693209,0.7947302731761826,0.21338520926460158,1.0,1.0
se_gov_bond_10y__lvl,1,excovid+exepi,50,1.0623106168961156,1.0986553605600107,1.034212915776073,-0.06959635515804696,0.6462814324493343,0.2590485551828262,1.0,1.0
se_gov_bond_10y__lvl,1,2015+,46,1.153536917945576,1.1948751033418072,1.0358360315592272,-0.07295628427636824,-0.018545372220925355,0.5073981090093157,1.0,1.0
se_gov_bond_10y__d4,1,full2010,66,1.2360220467807403,1.1518472472479973,0.9318986261191868,0.131564950637172,2.0995443483917646,0.01788447134981952,1.0,1.0
se_gov_bond_10y__d4,1,exepi,56,1.075446530696677,1.0393203971187452,0.966408247600623,0.06605509896949291,1.4506331259591134,0.0734410230126692,1.0,1.0
se_gov_bond_10y__d4,1,excovid+exepi,50,1.0623106168961156,1.029253634837505,0.9688819997345058,0.061267670590465007,1.3401769783307251,0.09009390715327337,1.0,1.0
se_gov_bond_10y__d4,1,2015+,46,1.153536917945576,1.0910833312019073,0.9458590481396147,0.10535066105242197,1.5895907684273793,0.05596353964646339,1.0,1.0
se_eursek__yoy,1,full2010,66,1.2360220467807403,1.2923422759798755,1.0455657157134235,-0.09320766587532359,-1.0899871301186561,0.8621405933468492,1.0,1.0
se_eursek__yoy,1,exepi,56,1.075446530696677,1.1421987252567103,1.062069282530291,-0.12799116089440732,-0.8340790249804294,0.7978817730449554,1.0,1.0
se_eursek__yoy,1,excovid+exepi,50,1.0623106168961156,1.1425949002705367,1.0755751492054155,-0.15686190158825197,-1.0502370889778316,0.8531954393618908,1.0,1.0
se_eursek__yoy,1,2015+,46,1.153536917945576,1.1566645497624868,1.0027113408927397,-0.005430033154916192,0.009979917222218242,0.49601865515475396,1.0,1.0
se_eursek__dyoy,1,full2010,66,1.2360220467807403,1.3247070138693215,1.071750311670867,-0.14864873056660066,-1.206910604952139,0.8862667134423875,1.0,1.0
se_eursek__dyoy,1,exepi,56,1.075446530696677,1.1820921150214903,1.0991640042352715,-0.20816150820651602,-0.9596441562981619,0.8313828311845161,1.0,1.0
se_eursek__dyoy,1,excovid+exepi,50,1.0623106168961156,1.183926651693649,1.1144825561029166,-0.24207136785769068,-1.000298765794011,0.8414170278449071,1.0,1.0
se_eursek__dyoy,1,2015+,46,1.153536917945576,1.173116543531023,1.0169735578297034,-0.03423521732480528,-1.4733907699295514,0.9296771511672905,1.0,1.0
se_food_vat_rate__lvl,1,full2010,66,1.2360220467807403,1.2360220467807403,1.0,0.0,-0.9784456274611305,0.83607301459218,1.0,1.0
se_food_vat_rate__lvl,1,exepi,56,1.075446530696677,1.075446530696677,1.0,0.0,-0.7441285076769656,0.771600632896859,1.0,1.0
se_food_vat_rate__lvl,1,excovid+exepi,50,1.0623106168961156,1.0623106168961156,1.0,0.0,-0.7714372103304309,0.7797760867777992,1.0,1.0
se_food_vat_rate__lvl,1,2015+,46,1.153536917945576,1.153536917945576,1.0,0.0,-0.6261483396874915,0.7343911759334933,1.0,1.0
se_food_vat_rate__d4,1,full2010,66,1.2360220467807403,1.2360220467807403,1.0,0.0,-0.7111820580729342,0.7615142873320081,1.0,1.0
se_food_vat_rate__d4,1,exepi,56,1.075446530696677,1.075446530696677,1.0,0.0,-0.7094497854823375,0.7609772989216407,1.0,1.0
se_food_vat_rate__d4,1,excovid+exepi,50,1.0623106168961156,1.0623106168961156,1.0,0.0,-1.058838974372725,0.855163439745027,1.0,1.0
se_food_vat_rate__d4,1,2015+,46,1.153536917945576,1.1535369179455757,0.9999999999999998,4.440892098500626e-16,0.4776529923546961,0.3164486035121328,1.0,1.0
ea_negotiated_wages_yoy_q__lvl,1,full2010,66,1.2360220467807403,1.2880458499506822,1.0420897048765752,-0.08595095300974753,-1.4580761607385826,0.9275902242380414,1.0,1.0
ea_negotiated_wages_yoy_q__lvl,1,exepi,56,1.075446530696677,1.1246298105050696,1.0457328917845237,-0.09355728096002225,-0.9826032772344322,0.8370986345785358,1.0,1.0
ea_negotiated_wages_yoy_q__lvl,1,excovid+exepi,50,1.0623106168961156,1.117305572397794,1.0517691856101035,-0.1062184197989402,-0.9704725085235589,0.8340944891391526,1.0,1.0
ea_negotiated_wages_yoy_q__lvl,1,2015+,46,1.153536917945576,1.1936213398907551,1.0347491452779585,-0.07070579365346563,-1.2239609113378114,0.8895165131963922,1.0,1.0
ea_negotiated_wages_yoy_q__d4,1,full2010,66,1.2360220467807403,1.2873283236474626,1.0415091923322495,-0.0847413977125746,-1.9117539116253788,0.9720461171001753,1.0,1.0
ea_negotiated_wages_yoy_q__d4,1,exepi,56,1.075446530696677,1.1178492274393632,1.0394279915666451,-0.08041054965226957,-1.5154432619914147,0.935169905704768,1.0,1.0
ea_negotiated_wages_yoy_q__d4,1,excovid+exepi,50,1.0623106168961156,1.1088410685080292,1.0438011734720938,-0.0895208897417199,-1.4760428913320833,0.9300338108558486,1.0,1.0
ea_negotiated_wages_yoy_q__d4,1,2015+,46,1.153536917945576,1.193503198014758,1.034646728203863,-0.07049385218295834,-1.3871136322294886,0.9172964421071448,1.0,1.0
no_earn_idx_food_manuf_q__yoy,1,full2010,66,1.2360220467807403,1.313284392400553,1.0625088733821901,-0.1289251060158909,-0.8839338239767938,0.8116340314859627,1.0,1.0
no_earn_idx_food_manuf_q__yoy,1,exepi,56,1.075446530696677,1.1356280043318971,1.055959521852039,-0.11505051178998693,-0.2402046155296088,0.594914182128838,1.0,1.0
no_earn_idx_food_manuf_q__yoy,1,excovid+exepi,50,1.0623106168961156,1.119424605868762,1.0537639256016507,-0.11041841089940108,-0.08780105241987439,0.5349825993563655,1.0,1.0
no_earn_idx_food_manuf_q__yoy,1,2015+,46,1.153536917945576,1.1962471658389737,1.037025471165209,-0.0754218278454235,-0.6414476231486345,0.7393840498829545,1.0,1.0
no_earn_idx_food_manuf_q__dyoy,1,full2010,66,1.2360220467807403,1.2969324848364812,1.049279410682345,-0.10098728168188931,0.029405650415285787,0.488270533187554,1.0,1.0
no_earn_idx_food_manuf_q__dyoy,1,exepi,56,1.075446530696677,1.1537586324320235,1.072818219688352,-0.150938932495285,0.04473266927692584,0.4821601967177209,1.0,1.0
no_earn_idx_food_manuf_q__dyoy,1,excovid+exepi,50,1.0623106168961156,1.1380760509765835,1.0713213563673505,-0.14772944860877968,0.24056904293521048,0.404944572878704,1.0,1.0
no_earn_idx_food_manuf_q__dyoy,1,2015+,46,1.153536917945576,1.164748744637414,1.0097195213412036,-0.019533511777509283,0.4609933631298739,0.3224016833664971,1.0,1.0
no_real_wage_qna_yoy_q__lvl,1,full2010,62,1.2687681308972583,1.3163956815969178,1.0375384197788589,-0.07648597251721156,-1.45715949754477,0.9274638210438781,1.0,1.0
no_real_wage_qna_yoy_q__lvl,1,exepi,52,1.1068607285902377,1.1618586488423328,1.0496882027083423,-0.10184532290506998,-1.2344970829066446,0.89149113347343,1.0,1.0
no_real_wage_qna_yoy_q__lvl,1,excovid+exepi,46,1.0968201377833382,1.1571734125738729,1.055025680794399,-0.1130791871356851,-1.1954796116572823,0.8840501513016842,1.0,1.0
no_real_wage_qna_yoy_q__lvl,1,2015+,42,1.1970613591630732,1.2182392031730669,1.0176915275460903,-0.03569604523909464,-1.7294538072789223,0.9581360465003674,1.0,1.0
no_real_wage_qna_yoy_q__d4,1,full2010,60,1.2787984333180817,1.3324347486354293,1.0419427440008493,-0.08564468177601947,-1.9523340436394536,0.9745507209356327,1.0,1.0
no_real_wage_qna_yoy_q__d4,1,exepi,50,1.1169971142448174,1.17577674960537,1.0526229070880746,-0.10801498452654923,-1.566084585741746,0.9413355918994931,1.0,1.0
no_real_wage_qna_yoy_q__d4,1,excovid+exepi,44,1.1081472145144173,1.1598049644305113,1.0466163242929145,-0.0954057302764113,-1.1482508842883974,0.8745674956660641,1.0,1.0
no_real_wage_qna_yoy_q__d4,1,2015+,40,1.2093156571370318,1.2547027006292353,1.037531179906869,-0.07647094927893971,-2.5494616198567095,0.9946055307124938,1.0,1.0
se_real_wage_yoy_q__lvl,1,full2010,66,1.2360220467807403,1.3222961722715805,1.0697998273700247,-0.14447167064093458,-0.21039910717098823,0.5833219052834193,1.0,1.0
se_real_wage_yoy_q__lvl,1,exepi,56,1.075446530696677,1.1389070166934177,1.0590084994329108,-0.12149900187114526,-0.4757460978906136,0.6828723623626872,1.0,1.0
se_real_wage_yoy_q__lvl,1,excovid+exepi,50,1.0623106168961156,1.133279594073271,1.0668062392000883,-0.138075551996236,-0.46200712848439757,0.6779618957576184,1.0,1.0
se_real_wage_yoy_q__lvl,1,2015+,46,1.153536917945576,1.2407951248045455,1.0756440522201705,-0.15701012707662887,-0.30172898884223825,0.618570666149351,1.0,1.0
se_real_wage_yoy_q__d4,1,full2010,66,1.2360220467807403,1.2308632034062932,0.9958262529476043,0.008330073940334026,2.0876313936192883,0.0184155489277108,1.0,1.0
se_real_wage_yoy_q__d4,1,exepi,56,1.075446530696677,1.0830045942305855,1.0070278375708854,-0.014105065642693537,1.7403880918088164,0.04089544754560448,1.0,1.0
se_real_wage_yoy_q__d4,1,excovid+exepi,50,1.0623106168961156,1.071777543730618,1.008911637221666,-0.017902691721302544,1.7416197484191636,0.04078750170233747,1.0,1.0
se_real_wage_yoy_q__d4,1,2015+,46,1.153536917945576,1.092870262457871,0.9474081370575024,0.1024178218372328,1.7876340339705952,0.036917535403797386,1.0,1.0
se_wage_idx_m__yoy,1,full2010,66,1.2360220467807403,1.24649238541863,1.0084709966664107,-0.017013751117343823,-0.0878044983549859,0.5349839687966582,1.0,1.0
se_wage_idx_m__yoy,1,exepi,56,1.075446530696677,1.0899289380280703,1.0134664131763125,-0.027114170636460155,-0.10485378628114109,0.541754085024265,1.0,1.0
se_wage_idx_m__yoy,1,excovid+exepi,50,1.0623106168961156,1.078687066917075,1.0154158772024782,-0.031069403674878204,-0.10375291175180248,0.5413172821554839,1.0,1.0
se_wage_idx_m__yoy,1,2015+,46,1.153536917945576,1.1390281139231526,0.9874223323096905,0.02499713765609124,1.2470964801817686,0.10618106170538621,1.0,1.0
se_wage_idx_m__dyoy,1,full2010,66,1.2360220467807403,1.255187985581011,1.0155061463913115,-0.03125273335853196,-1.823299270771679,0.9658709616463784,1.0,1.0
se_wage_idx_m__dyoy,1,exepi,56,1.075446530696677,1.0927650011096366,1.0161035159988294,-0.032466355225183374,-1.2387104587921376,0.8922736279733843,1.0,1.0
se_wage_idx_m__dyoy,1,excovid+exepi,50,1.0623106168961156,1.0819440917800476,1.0184818588571556,-0.03730529682112693,-1.2615097989798658,0.8964373841102777,1.0,1.0
se_wage_idx_m__dyoy,1,2015+,46,1.153536917945576,1.162747253638117,1.0079844307964971,-0.016032612728138274,-1.1752077856487224,0.88004420192374,1.0,1.0
ea_hicp_food_idx__yoy,1,full2010,66,1.2360220467807403,1.2903585658959078,1.0439608009069812,-0.08985415383034567,-0.4746688194208135,0.6824884771550908,1.0,1.0
ea_hicp_food_idx__yoy,1,exepi,56,1.075446530696677,1.0968015233377828,1.019856861342304,-0.04010801762697547,-0.6923480824267445,0.7556406193216578,1.0,1.0
ea_hicp_food_idx__yoy,1,excovid+exepi,50,1.0623106168961156,1.0850531299662924,1.0214085341033552,-0.043275393539164986,-0.6307643749741155,0.7359026999233718,1.0,1.0
ea_hicp_food_idx__yoy,1,2015+,46,1.153536917945576,1.2300623337825358,1.066339806421844,-0.13708058275977542,-0.5116848137428965,0.6955641919110415,1.0,1.0
ea_hicp_food_idx__dyoy,1,full2010,66,1.2400928021045827,1.2512388934227303,1.0089881106472285,-0.018057007427463745,1.3138238581410009,0.09445274342109067,1.0,1.0
ea_hicp_food_idx__dyoy,1,exepi,56,1.06950285173218,1.062503021771395,0.9934550619014733,0.013047039982339914,1.1846437297039467,0.11807916968522636,1.0,1.0
ea_hicp_food_idx__dyoy,1,excovid+exepi,50,1.0567459450262164,1.0451112139325924,0.9889900395185947,0.021898701733008563,1.2492264952460586,0.10579112191106521,1.0,1.0
ea_hicp_food_idx__dyoy,1,2015+,46,1.1652594571332804,1.1713776300058971,1.0052504811998424,-0.010528529952514631,1.1813040634566185,0.1187409768273866,1.0,1.0
eu_ppi_dom_c103_idx__yoy,1,full2010,66,1.2360220467807403,1.2926260684570157,1.0457953171820051,-0.09368784543981068,-2.4163364603533286,0.9921612164697705,1.0,1.0
eu_ppi_dom_c103_idx__yoy,1,exepi,56,1.075446530696677,1.1261598387580807,1.0471555829266115,-0.09653481485437143,-2.1360815192529445,0.9836636150859152,1.0,1.0
eu_ppi_dom_c103_idx__yoy,1,excovid+exepi,50,1.0623106168961156,1.1195919535206615,1.0539214573529463,-0.11075043826895814,-2.171801575586518,0.9850646836000996,1.0,1.0
eu_ppi_dom_c103_idx__yoy,1,2015+,46,1.153536917945576,1.2040273177441765,1.0437700770674274,-0.0894559737813434,-1.6016488320577253,0.9453833570141412,1.0,1.0
eu_ppi_dom_c103_idx__dyoy,1,full2010,66,1.2400928021045827,1.2356404727694794,0.9964096805274999,0.007167748551085595,1.8531502991666526,0.031930409532173853,1.0,1.0
eu_ppi_dom_c103_idx__dyoy,1,exepi,56,1.06950285173218,1.0620260901244563,0.9930091241967103,0.01393287926208242,1.7203004384216827,0.04268892190522544,1.0,1.0
eu_ppi_dom_c103_idx__dyoy,1,excovid+exepi,50,1.0567459450262164,1.0433692829325953,0.9873416480502424,0.02515647002543131,1.8141789536097028,0.03482508964013675,1.0,1.0
eu_ppi_dom_c103_idx__dyoy,1,2015+,46,1.1652594571332804,1.1504575653955447,0.9872973425385015,0.02524395741641272,1.4465302491827179,0.07401426700625136,1.0,1.0
eu_ppi_dom_c105_idx__yoy,1,full2010,66,1.2360220467807403,1.2411650886107592,1.0041609628593715,-0.008339239330660053,0.9128517144974363,0.18066026774770483,1.0,1.0
eu_ppi_dom_c105_idx__yoy,1,exepi,56,1.075446530696677,1.0738182108351553,0.9984859127673537,0.0030258820051446422,1.198225544123369,0.1154146117469863,1.0,1.0
eu_ppi_dom_c105_idx__yoy,1,excovid+exepi,50,1.0623106168961156,1.0636445462805695,1.0012556867673519,-0.002512950283961368,0.9912806737076029,0.16077427362690633,1.0,1.0
eu_ppi_dom_c105_idx__yoy,1,2015+,46,1.153536917945576,1.162982205878588,1.0081881106586807,-0.016443266473520346,0.6075557742255548,0.2717410702548122,1.0,1.0
eu_ppi_dom_c105_idx__dyoy,1,full2010,66,1.2400928021045827,1.2299333298079502,0.9918074903108939,0.016317902163206166,2.459737374752792,0.006951935877982263,1.0,1.0
eu_ppi_dom_c105_idx__dyoy,1,exepi,56,1.06950285173218,1.046422218585964,0.9784192878879805,0.042695697088777185,2.295953432949819,0.010839272046858972,1.0,1.0
eu_ppi_dom_c105_idx__dyoy,1,excovid+exepi,50,1.0567459450262164,1.0314022527032172,0.976017232484038,0.04739036189419921,2.34542429656283,0.009502718848770297,1.0,1.0
eu_ppi_dom_c105_idx__dyoy,1,2015+,46,1.1652594571332804,1.1476473466023964,0.9848856746683589,0.030000207833051573,1.511728562241473,0.06530146468975528,1.0,1.0
eu_ppi_dom_c106_idx__yoy,1,full2010,66,1.2360220467807403,1.2164913101721986,0.9841987150153104,0.03135288936221181,1.3890170101360597,0.08241378880096017,1.0,1.0
eu_ppi_dom_c106_idx__yoy,1,exepi,56,1.075446530696677,1.066605704095978,0.9917793899107454,0.016373641748269607,0.9807411231940792,0.16336020951646968,1.0,1.0
eu_ppi_dom_c106_idx__yoy,1,excovid+exepi,50,1.0623106168961156,1.053330099561549,0.9915462415683974,0.016836050831585236,0.9589315527106784,0.1687966140675028,1.0,1.0
eu_ppi_dom_c106_idx__yoy,1,2015+,46,1.153536917945576,1.1140098630550141,0.9657340356640179,0.06735777236008933,1.5657194383389785,0.05870715676839833,1.0,1.0
eu_ppi_dom_c106_idx__dyoy,1,full2010,66,1.2400928021045827,1.227285024781633,0.9896719202778909,0.020549490213472077,1.8974136915164777,0.028886680006784626,1.0,1.0
eu_ppi_dom_c106_idx__dyoy,1,exepi,56,1.06950285173218,1.0574937724463056,0.9887713443059788,0.02233122867934756,1.7061762516165597,0.043987634474988546,1.0,1.0
eu_ppi_dom_c106_idx__dyoy,1,excovid+exepi,50,1.0567459450262164,1.0469694951198683,0.9907485333136474,0.01841734373685644,1.6833637355994229,0.046152349512387,1.0,1.0
eu_ppi_dom_c106_idx__dyoy,1,2015+,46,1.1652594571332804,1.1407101620595155,0.9789323356927221,0.04169148213519169,1.1370899077424794,0.12775035123226464,1.0,1.0
eu_ppi_dom_c107_idx__yoy,1,full2010,66,1.2360220467807403,1.2738741128623607,1.0306241026850673,-0.062186041035400264,-1.4193345928661052,0.9220992542954549,1.0,1.0
eu_ppi_dom_c107_idx__yoy,1,exepi,56,1.075446530696677,1.0960630330641046,1.0191701788782304,-0.03870785351468409,-1.753478655755291,0.9602400599361993,1.0,1.0
eu_ppi_dom_c107_idx__yoy,1,excovid+exepi,50,1.0623106168961156,1.0861035232950622,1.0223973158326,-0.045296271421705336,-1.8250558761933344,0.9660037011176053,1.0,1.0
eu_ppi_dom_c107_idx__yoy,1,2015+,46,1.153536917945576,1.1960126689548687,1.0368221860510032,-0.07500024548758111,-0.9651444133845235,0.8327637579295416,1.0,1.0
eu_ppi_dom_c107_idx__dyoy,1,full2010,66,1.2400928021045827,1.2296860218049344,0.9916080632981766,0.016713448802039288,1.6473291576303564,0.04974520392096482,1.0,1.0
eu_ppi_dom_c107_idx__dyoy,1,exepi,56,1.06950285173218,1.051545344965514,0.9832094821088305,0.03329911429128529,1.4406269845483815,0.07484504635435363,1.0,1.0
eu_ppi_dom_c107_idx__dyoy,1,excovid+exepi,50,1.0567459450262164,1.0408639107041049,0.9849708111993583,0.02983250108527813,1.3934790729617381,0.0817374844882861,1.0,1.0
eu_ppi_dom_c107_idx__dyoy,1,2015+,46,1.1652594571332804,1.149366456907732,0.9863609772671164,0.027092022524659143,1.2591386478581408,0.10399012852842371,1.0,1.0
eu_ppi_dom_c108_idx__yoy,1,full2010,66,1.2360220467807403,1.332590869776765,1.0781287220948375,-0.16236154140584724,-2.347481982140937,0.9905496063579242,1.0,1.0
eu_ppi_dom_c108_idx__yoy,1,exepi,56,1.075446530696677,1.1474853573502415,1.066985037932939,-0.13845707117275552,-2.145684695177021,0.9840509284705535,1.0,1.0
eu_ppi_dom_c108_idx__yoy,1,excovid+exepi,50,1.0623106168961156,1.140893411963814,1.0739734629569113,-0.15341899913566026,-2.077847604924924,0.981138301192694,1.0,1.0
eu_ppi_dom_c108_idx__yoy,1,2015+,46,1.153536917945576,1.254799168702665,1.0877841438637568,-0.18327434364140638,-1.9073108155074916,0.9717598247603425,1.0,1.0
eu_ppi_dom_c108_idx__dyoy,1,full2010,66,1.2400928021045827,1.2906875464660812,1.0407991597690376,-0.08326289097593453,-0.7373853882574776,0.7695559906708705,1.0,1.0
eu_ppi_dom_c108_idx__dyoy,1,exepi,56,1.06950285173218,1.107362504826534,1.035399300743365,-0.07205171197984939,-0.10209503744795512,0.5406593800120238,1.0,1.0
eu_ppi_dom_c108_idx__dyoy,1,excovid+exepi,50,1.0567459450262164,1.1020664022132818,1.0428868049131157,-0.08761288786188692,-0.18284054448928228,0.5725384325424215,1.0,1.0
eu_ppi_dom_c108_idx__dyoy,1,2015+,46,1.1652594571332804,1.1919462689611922,1.0229020341045465,-0.04632857137521884,-0.6079365324794493,0.7283852156521194,1.0,1.0
eu_ppi_dom_food_mfg_idx__yoy,1,full2010,66,1.2360220467807403,1.2556063546624654,1.0158446266656271,-0.03194030552542748,0.7701086105583799,0.22061773436772514,1.0,1.0
eu_ppi_dom_food_mfg_idx__yoy,1,exepi,56,1.075446530696677,1.0884604055891087,1.0121009036906756,-0.024348239251482218,0.01330060474524417,0.49469398285713007,1.0,1.0
eu_ppi_dom_food_mfg_idx__yoy,1,excovid+exepi,50,1.0623106168961156,1.073919626350286,1.0109280743970062,-0.021975571604038846,0.14631843017686694,0.4418350086286825,1.0,1.0
eu_ppi_dom_food_mfg_idx__yoy,1,2015+,46,1.153536917945576,1.1672606057758061,1.0118970512488423,-0.023935642326102124,0.9131288018768232,0.1805874019934024,1.0,1.0
eu_ppi_dom_food_mfg_idx__dyoy,1,full2010,66,1.2400928021045827,1.2174885761668799,0.9817721497138433,0.036123446046258834,1.7469193432432717,0.0403256649951067,1.0,1.0
eu_ppi_dom_food_mfg_idx__dyoy,1,exepi,56,1.06950285173218,1.0509329059713173,0.9826368431549418,0.034424834474490296,1.4821965496071927,0.06914400220211547,1.0,1.0
eu_ppi_dom_food_mfg_idx__dyoy,1,excovid+exepi,50,1.0567459450262164,1.0253391327774874,0.9702796945693983,0.058557314306315056,1.6255228846679093,0.052025595850973216,1.0,1.0
eu_ppi_dom_food_mfg_idx__dyoy,1,2015+,46,1.1652594571332804,1.127826236463119,0.9678756345284226,0.06321675608620325,1.280653581828008,0.10015768533890024,1.0,1.0
ea_ec_food_ind_sell_price_exp__lvl,1,full2010,66,1.2360220467807403,1.1923858874846331,0.9646962937192269,0.06936106088438698,1.2781470402376112,0.10059879269564975,1.0,1.0
ea_ec_food_ind_sell_price_exp__lvl,1,exepi,56,1.075446530696677,1.1165345517301726,1.0382055451951466,-0.07787075407395161,0.7726773659957502,0.21985667255573293,1.0,1.0
ea_ec_food_ind_sell_price_exp__lvl,1,excovid+exepi,50,1.0623106168961156,1.1078691058466366,1.0428862220012776,-0.0876116720400979,0.7882873515182842,0.21526432221681624,1.0,1.0
ea_ec_food_ind_sell_price_exp__lvl,1,2015+,46,1.153536917945576,1.0424108110344974,0.9036648891055938,0.18338976819777475,1.1735823158799163,0.12028118395017473,1.0,1.0
ea_ec_food_ind_sell_price_exp__d4,1,full2010,66,1.2360220467807403,1.218759228219149,0.9860335674379329,0.027737803885623413,1.4847849352671514,0.06880040189855119,1.0,1.0
ea_ec_food_ind_sell_price_exp__d4,1,exepi,56,1.075446530696677,1.0604864403762455,0.9860894150537264,0.027627665518999756,1.7279240497717168,0.04200092097131658,1.0,1.0
ea_ec_food_ind_sell_price_exp__d4,1,excovid+exepi,50,1.0623106168961156,1.0421654488160852,0.9810364616905637,0.03756746083365914,1.8490254035611955,0.032227072308665394,1.0,1.0
ea_ec_food_ind_sell_price_exp__d4,1,2015+,46,1.153536917945576,1.1342472076398846,0.9832777694362432,0.03316482813248611,1.1975378112524608,0.1155484994902487,1.0,1.0
no_fn_cci_sa__lvl,1,full2010,66,1.2360220467807403,1.3234221715634167,1.0707108137838746,-0.14642164675372693,-0.7918310116157116,0.7857703913421712,1.0,1.0
no_fn_cci_sa__lvl,1,exepi,56,1.075446530696677,1.110322736724589,1.0324295118654752,-0.06591069697078322,0.5563063267420512,0.2890007314178784,1.0,1.0
no_fn_cci_sa__lvl,1,excovid+exepi,50,1.0623106168961156,1.100018141352789,1.0354957616510019,-0.07225147239718854,0.4741834001926884,0.31768456483767793,1.0,1.0
no_fn_cci_sa__lvl,1,2015+,46,1.153536917945576,1.2903476321312806,1.1186010712421424,-0.25126835658406854,-1.0582333158551238,0.8550254570321485,1.0,1.0
no_fn_cci_sa__d4,1,full2010,66,1.2360220467807403,1.2637645630593473,1.0224450011639057,-0.04539378040505904,-0.9349017221642649,0.8250805252516704,1.0,1.0
no_fn_cci_sa__d4,1,exepi,56,1.075446530696677,1.0869175093337466,1.0106662472839434,-0.021446263399008902,-0.41516366527601384,0.6609889521424446,1.0,1.0
no_fn_cci_sa__d4,1,excovid+exepi,50,1.0623106168961156,1.0783373086674986,1.0150866342823628,-0.030400875098695268,-0.7187948640744645,0.7638663386912452,1.0,1.0
no_fn_cci_sa__d4,1,2015+,46,1.153536917945576,1.1813704472475288,1.02412885870313,-0.04883991922857578,-0.6129411572857295,0.7300423759384047,1.0,1.0
no_nbes_bl_sell_price_di__lvl,1,full2010,66,1.23722644786567,1.2232935642427691,0.9887386147887992,0.022395951625526545,2.1285660734956515,0.0166450889618337,1.0,1.0
no_nbes_bl_sell_price_di__lvl,1,exepi,56,1.0769304898087406,1.1264123585347794,1.0459471332591082,-0.09400540557294645,1.5575309657221088,0.05967223726701176,1.0,1.0
no_nbes_bl_sell_price_di__lvl,1,excovid+exepi,50,1.0639555043053612,1.1357533589160187,1.067482008711946,-0.1395178389236913,1.3755859689331977,0.0844749265670337,1.0,1.0
no_nbes_bl_sell_price_di__lvl,1,2015+,46,1.1545962234594838,1.1310999879245627,0.9796498247114303,0.04028622094286394,1.2360928540614209,0.1082120253983041,1.0,1.0
no_nbes_bl_sell_price_di__d4,1,full2010,66,1.2407276098344169,1.208044873802726,0.9736584115863655,0.05198929754711579,1.8828110147164643,0.029862991904546998,1.0,1.0
no_nbes_bl_sell_price_di__d4,1,exepi,56,1.0637683420864583,1.0415116804838953,0.9790775296443687,0.0414071909454804,1.7347385594534575,0.04139356158643237,1.0,1.0
no_nbes_bl_sell_price_di__d4,1,excovid+exepi,50,1.0507561396970106,1.0437764434170371,0.9933574537266219,0.013240969125762225,1.2200243849613062,0.11122781551401006,1.0,1.0
no_nbes_bl_sell_price_di__d4,1,2015+,46,1.1692465634095681,1.1241849794857834,0.9614610080252164,0.07559273004713474,1.5915183992001956,0.05574647901752128,1.0,1.0
no_ssb_bts_consgoods_home_price_exp__lvl,1,full2010,66,1.2360220467807403,1.2112293376555592,0.9799415316338778,0.0397145945790498,0.9863844805261293,0.16197223890166024,1.0,1.0
no_ssb_bts_consgoods_home_price_exp__lvl,1,exepi,56,1.075446530696677,1.1670036391248835,1.0851340404333218,-0.17751588570714616,-0.6904965005237204,0.7550589950632806,1.0,1.0
no_ssb_bts_consgoods_home_price_exp__lvl,1,excovid+exepi,50,1.0623106168961156,1.1655755127420449,1.0972078168131756,-0.2038649932759351,-0.7512854537798155,0.7737595592281206,1.0,1.0
no_ssb_bts_consgoods_home_price_exp__lvl,1,2015+,46,1.153536917945576,1.1320225833361992,0.9813492448532178,0.03695365962601915,0.8340080311896583,0.2021382291013416,1.0,1.0
no_ssb_bts_consgoods_home_price_exp__d4,1,full2010,66,1.2360220467807403,1.1848637145592344,0.9586105018476414,0.08106590574741313,1.9695987136375097,0.02444218960026956,1.0,1.0
no_ssb_bts_consgoods_home_price_exp__d4,1,exepi,56,1.075446530696677,1.0470210048786868,0.973568629395665,0.05216412385664626,2.0644379366018666,0.01948810633866993,1.0,1.0
no_ssb_bts_consgoods_home_price_exp__d4,1,excovid+exepi,50,1.0623106168961156,1.0296566395774667,0.9692613659326327,0.06053240451040709,2.0698534513615807,0.019233035061827164,1.0,1.0
no_ssb_bts_consgoods_home_price_exp__d4,1,2015+,46,1.153536917945576,1.145461521934428,0.9929994472777429,0.013952097706097066,1.2527458086283987,0.10514911454970655,1.0,1.0
se_ec_cons_conf__lvl,1,full2010,66,1.2360220467807403,1.4129978516562256,1.1431817541899227,-0.3068645231127489,-0.8464415461053957,0.8013467650553694,1.0,1.0
se_ec_cons_conf__lvl,1,exepi,56,1.075446530696677,1.0842064281896096,1.0081453584561362,-0.01635706377665125,0.7087338217984025,0.2392448360790116,1.0,1.0
se_ec_cons_conf__lvl,1,excovid+exepi,50,1.0623106168961156,1.0972156535858508,1.0328576558819693,-0.06679493731399644,0.08163893647950139,0.4674669188938261,1.0,1.0
se_ec_cons_conf__lvl,1,2015+,46,1.153536917945576,1.3776228835001296,1.1942598993308735,-0.42625670714978803,-0.8022458410128254,0.788794617931837,1.0,1.0
se_ec_cons_conf__d4,1,full2010,66,1.2360220467807403,1.3141089314315304,1.0631759642590275,-0.1303431309781129,-1.258129705229436,0.8958275740285193,1.0,1.0
se_ec_cons_conf__d4,1,exepi,56,1.075446530696677,1.0996944058444003,1.0225467974981661,-0.045601953073755475,-0.3033691255123973,0.6191957140274615,1.0,1.0
se_ec_cons_conf__d4,1,excovid+exepi,50,1.0623106168961156,1.0944567425444653,1.0302605708133419,-0.06143684377263314,-0.4442871770989668,0.6715825145655177,1.0,1.0
se_ec_cons_conf__d4,1,2015+,46,1.153536917945576,1.2268523205437576,1.0635570491569137,-0.13115359681136174,-0.8217241250578884,0.7943830372692391,1.0,1.0
se_nier_food_mfg_sell_price_exp__lvl,1,full2010,66,1.2360220467807403,1.2475988692876492,1.0093661941848537,-0.018820113963215812,-0.2122835419607289,0.5840570827758316,1.0,1.0
se_nier_food_mfg_sell_price_exp__lvl,1,exepi,56,1.075446530696677,1.1087182966035936,1.0309376291217036,-0.06283239513907923,-2.1645224927540343,0.9847878638748824,1.0,1.0
se_nier_food_mfg_sell_price_exp__lvl,1,excovid+exepi,50,1.0623106168961156,1.099248074362217,1.0347708635107369,-0.0707507399707561,-2.1473196174374123,0.9841160774507377,1.0,1.0
se_nier_food_mfg_sell_price_exp__lvl,1,2015+,46,1.153536917945576,1.1565758214427013,1.0026344224010946,-0.005275784983576504,0.1744034569722875,0.4307741988427365,1.0,1.0
se_nier_food_mfg_sell_price_exp__d4,1,full2010,66,1.2360220467807403,1.2559692881140394,1.016138256906705,-0.03253695714939675,0.7678715425171637,0.2212817527876767,1.0,1.0
se_nier_food_mfg_sell_price_exp__d4,1,exepi,56,1.075446530696677,1.1088835085047277,1.0310912508001586,-0.06314916747663557,0.2325503228495125,0.40805530315641114,1.0,1.0
se_nier_food_mfg_sell_price_exp__d4,1,excovid+exepi,50,1.0623106168961156,1.0967649572687683,1.0324333954915392,-0.06591871612618916,0.32479271353536465,0.372668979797544,1.0,1.0
se_nier_food_mfg_sell_price_exp__d4,1,2015+,46,1.153536917945576,1.174550952582253,1.0182170456010222,-0.03676595195247412,0.5130426667953154,0.30396073759450026,1.0,1.0
eu_ppi_paper_packaging_idx__yoy,1,full2010,66,1.2360220467807403,1.2557774504908361,1.0159830512421275,-0.03222156041126345,1.4097037073360448,0.0793135947972623,1.0,1.0
eu_ppi_paper_packaging_idx__yoy,1,exepi,56,1.075446530696677,1.0761265964876112,1.0006323566737378,-0.0012651132224386075,1.2882869395301861,0.09882304888768445,1.0,1.0
eu_ppi_paper_packaging_idx__yoy,1,excovid+exepi,50,1.0623106168961156,1.067108578060292,1.0045165331945898,-0.009053465461277277,1.2183597074942527,0.11154365482361328,1.0,1.0
eu_ppi_paper_packaging_idx__yoy,1,2015+,46,1.153536917945576,1.153407843125872,0.9998881051679441,0.00022377714365828805,1.272980876481253,0.10151241397483735,1.0,1.0
eu_ppi_paper_packaging_idx__dyoy,1,full2010,66,1.2400928021045827,1.2840105194264226,1.0354148635064298,-0.07208393957003856,1.840187038011094,0.03287039115731283,1.0,1.0
eu_ppi_paper_packaging_idx__dyoy,1,exepi,56,1.06950285173218,1.1246580069539356,1.0515708351150495,-0.10580122126456248,1.78334130385823,0.03726538084205,1.0,1.0
eu_ppi_paper_packaging_idx__dyoy,1,excovid+exepi,50,1.0567459450262164,1.137621217260723,1.0765323705429501,-0.15892194482682376,1.6321829157088048,0.05132047933418471,1.0,1.0
eu_ppi_paper_packaging_idx__dyoy,1,2015+,46,1.1652594571332804,1.2144351501500381,1.0422014965986524,-0.08618395951247071,1.4880453812871532,0.06836946301778846,1.0,1.0
eu_ppi_plastic_products_idx__yoy,1,full2010,66,1.2360220467807403,1.1285234792877754,0.9130286002802713,0.16637877507024856,1.49615230496909,0.06730698512124,1.0,1.0
eu_ppi_plastic_products_idx__yoy,1,exepi,56,1.075446530696677,1.0479297715550187,0.9744136427462992,0.05051805282988764,1.3258086022715776,0.09245155145780137,1.0,1.0
eu_ppi_plastic_products_idx__yoy,1,excovid+exepi,50,1.0623106168961156,1.0349330773601948,0.9742283103449412,0.050879199322441004,1.2456255804690919,0.10645094325287052,1.0,1.0
eu_ppi_plastic_products_idx__yoy,1,2015+,46,1.153536917945576,0.9712788934960033,0.8420007009622456,0.29103481957908717,1.452672861630486,0.07315730269467391,1.0,1.0
eu_ppi_plastic_products_idx__dyoy,1,full2010,66,1.2400928021045827,1.2098870504271648,0.9756423457775457,0.04812201312568787,1.5819818082486865,0.056826861740435164,1.0,1.0
eu_ppi_plastic_products_idx__dyoy,1,exepi,56,1.06950285173218,1.04733353483141,0.9792713812171099,0.041027561929133816,1.5521829682334383,0.06030922508471048,1.0,1.0
eu_ppi_plastic_products_idx__dyoy,1,excovid+exepi,50,1.0567459450262164,1.0408650328262337,0.9849718730649222,0.029830409270978797,1.454320460082668,0.0729287402750598,1.0,1.0
eu_ppi_plastic_products_idx__dyoy,1,2015+,46,1.1652594571332804,1.1287300908027118,0.9686513024142824,0.06171465433111434,1.4173960112054618,0.0781835891199687,1.0,1.0
glob_fao_cereals_idx__yoy,1,full2010,66,1.2360220467807403,1.2024346652445046,0.9728262277977038,0.05360913050889016,2.082865482712696,0.018631743343321627,1.0,1.0
glob_fao_cereals_idx__yoy,1,exepi,56,1.075446530696677,1.0187108704169152,0.9472445550193851,0.10272775298612713,2.135136891063923,0.016374915010458957,1.0,1.0
glob_fao_cereals_idx__yoy,1,excovid+exepi,50,1.0623106168961156,1.0095656758752989,0.950348852603085,0.09683705835599987,1.9860254528672814,0.023515248883274498,1.0,1.0
glob_fao_cereals_idx__yoy,1,2015+,46,1.153536917945576,1.1295273197048776,0.9791861033078518,0.04119457508878488,1.645008339953907,0.04998404560560832,1.0,1.0
glob_fao_cereals_idx__dyoy,1,full2010,66,1.2360220467807403,1.2259013561859944,0.9918118850540687,0.016309184665494803,0.9273078556754331,0.176883358392095,1.0,1.0
glob_fao_cereals_idx__dyoy,1,exepi,56,1.075446530696677,1.0279714581309685,0.9558554784355908,0.08634030434466777,1.4145449812488902,0.07860097500610752,1.0,1.0
glob_fao_cereals_idx__dyoy,1,excovid+exepi,50,1.0623106168961156,1.0147228402005237,0.9552035196309767,0.08758623608459426,1.310292774314397,0.09504840546443782,1.0,1.0
glob_fao_cereals_idx__dyoy,1,2015+,46,1.153536917945576,1.1766399118400979,1.0200279622915476,-0.040457043856646724,-0.19721911932428887,0.5781719653092051,1.0,1.0
glob_fao_dairy_idx__yoy,1,full2010,66,1.2360220467807403,1.2137373551462949,0.9819706358050112,0.03573367041670206,1.8091825402007493,0.035211324601363,1.0,1.0
glob_fao_dairy_idx__yoy,1,exepi,56,1.075446530696677,1.0385249992541563,0.9656686498225042,0.06748405874998176,1.9292826904747329,0.02684788871262378,1.0,1.0
glob_fao_dairy_idx__yoy,1,excovid+exepi,50,1.0623106168961156,1.0232934965448555,0.9632714577726228,0.07210809864060619,1.8784424435116702,0.03016033191967249,1.0,1.0
glob_fao_dairy_idx__yoy,1,2015+,46,1.153536917945576,1.1434376761417917,0.9912449773850579,0.017433394808896052,1.5515125038674324,0.06038945659636763,1.0,1.0
glob_fao_dairy_idx__dyoy,1,full2010,66,1.2360220467807403,1.2426005390261157,1.0053223097941573,-0.01067294656985962,0.08818656607767666,0.4648641972166214,1.0,1.0
glob_fao_dairy_idx__dyoy,1,exepi,56,1.075446530696677,1.078908886007502,1.0032194583477638,-0.006449281607580737,0.30759229608254185,0.37919629151079004,1.0,1.0
glob_fao_dairy_idx__dyoy,1,excovid+exepi,50,1.0623106168961156,1.0643904438350797,1.0019578331477483,-0.003919499406131122,0.3823840118227626,0.3510882738529252,1.0,1.0
glob_fao_dairy_idx__dyoy,1,2015+,46,1.153536917945576,1.1528612218591703,0.9994142397387602,0.001171177407395918,0.7365699318498448,0.23069196286773663,1.0,1.0
glob_fao_ffpi__yoy,1,full2010,66,1.2360220467807403,1.205253606742325,0.975106884121887,0.04916656453810497,1.977048741722693,0.02401806046482735,1.0,1.0
glob_fao_ffpi__yoy,1,exepi,56,1.075446530696677,1.0280649797166295,0.9559424391379517,0.08617405305498349,2.0331456044223346,0.021018907368145823,1.0,1.0
glob_fao_ffpi__yoy,1,excovid+exepi,50,1.0623106168961156,1.0141520406647175,0.954666200765169,0.08861244511659816,2.010856642763848,0.02217030056733249,1.0,1.0
glob_fao_ffpi__yoy,1,2015+,46,1.153536917945576,1.1311831749833436,0.9806215625919942,0.03838135097963569,1.5647852371413773,0.05881663720905306,1.0,1.0
glob_fao_ffpi__dyoy,1,full2010,66,1.2360220467807403,1.2554926365136134,1.0157526233319096,-0.031753391805656284,0.09067945959537045,0.4638736461233418,1.0,1.0
glob_fao_ffpi__dyoy,1,exepi,56,1.075446530696677,1.0666417505924066,0.9918129076128345,0.016307156292575065,0.7222195864316633,0.23507974156179934,1.0,1.0
glob_fao_ffpi__dyoy,1,excovid+exepi,50,1.0623106168961156,1.048380250371504,0.9868867294527154,0.026054583230122996,0.8041092454524238,0.2106669427680079,1.0,1.0
glob_fao_ffpi__dyoy,1,2015+,46,1.153536917945576,1.1908991342287998,1.032389267913302,-0.06582760050256353,-0.4546065971161962,0.6753038561059859,1.0,1.0
glob_fao_ffpi_eur__yoy,1,full2010,66,1.2360220467807403,1.2121916872833576,0.9807201177685708,0.038188050604000545,1.3276140565303278,0.09215281923378904,1.0,1.0
glob_fao_ffpi_eur__yoy,1,exepi,56,1.075446530696677,1.0667998965562335,0.9919599590554798,0.016015439630650774,1.3805080459026067,0.08371513703329425,1.0,1.0
glob_fao_ffpi_eur__yoy,1,excovid+exepi,50,1.0623106168961156,1.052124187615724,0.9904110632818914,0.019085925728833275,1.476743010384489,0.06987226910117494,1.0,1.0
glob_fao_ffpi_eur__yoy,1,2015+,46,1.153536917945576,1.1125052641908304,0.9644297004140778,0.0698753529592121,1.2141718393883796,0.11234105581592235,1.0,1.0
glob_fao_ffpi_eur__dyoy,1,full2010,66,1.2360220467807403,1.241082094104113,1.0040938163979773,-0.00820439212865498,0.25859586438514887,0.3979735372405798,1.0,1.0
glob_fao_ffpi_eur__dyoy,1,exepi,56,1.075446530696677,1.077255569291255,1.0016821278817147,-0.0033670853176399618,0.22058082436184293,0.41270941662464844,1.0,1.0
glob_fao_ffpi_eur__dyoy,1,excovid+exepi,50,1.0623106168961156,1.0627201195550553,1.0003854829768493,-0.0007711145508240147,0.3365567811379361,0.36822552045659185,1.0,1.0
glob_fao_ffpi_eur__dyoy,1,2015+,46,1.153536917945576,1.1687367226737702,1.0131766955107642,-0.026527016326111763,-0.09500931025396113,0.5378462840686657,1.0,1.0
glob_fao_ffpi_nok__yoy,1,full2010,66,1.2360220467807403,1.1959671124978302,0.9675936732785353,0.06376248343135105,1.4633993837024155,0.07167906361310128,1.0,1.0
glob_fao_ffpi_nok__yoy,1,exepi,56,1.075446530696677,1.0596156359629079,0.9852797007736742,0.029223911243339007,1.3518303051959168,0.08821480353375433,1.0,1.0
glob_fao_ffpi_nok__yoy,1,excovid+exepi,50,1.0623106168961156,1.0348226934458613,0.9741244010809482,0.05108165121868391,2.0685095024846394,0.019296068995045768,1.0,1.0
glob_fao_ffpi_nok__yoy,1,2015+,46,1.153536917945576,1.107926945823572,0.9604607608023208,0.07751512695902718,1.1451014053100363,0.12608357671525372,1.0,1.0
glob_fao_ffpi_nok__dyoy,1,full2010,66,1.2360220467807403,1.227623527268936,0.9932052025012995,0.013543425724352631,0.9080110662138243,0.18193618750410634,1.0,1.0
glob_fao_ffpi_nok__dyoy,1,exepi,56,1.075446530696677,1.064056336986815,0.9894088702834131,0.021070087404500337,0.8679197545703643,0.19271913184512357,1.0,1.0
glob_fao_ffpi_nok__dyoy,1,excovid+exepi,50,1.0623106168961156,1.0379037961689024,0.9770247794392514,0.04542258036168223,1.5670093734813915,0.05855625032564049,1.0,1.0
glob_fao_ffpi_nok__dyoy,1,2015+,46,1.153536917945576,1.1656673477974242,1.0105158575015114,-0.021142298262014858,0.14719532287854414,0.4414889260951185,1.0,1.0
glob_fao_meat_idx__yoy,1,full2010,66,1.2360220467807403,1.2208488358035836,0.9877241583055287,0.024400987099634786,1.3586059865764644,0.08713573857179213,1.0,1.0
glob_fao_meat_idx__yoy,1,exepi,56,1.075446530696677,1.071814545472931,0.9966228119017753,0.006742970796998704,1.2541300777363495,0.10489736475072187,1.0,1.0
glob_fao_meat_idx__yoy,1,excovid+exepi,50,1.0623106168961156,1.0538651733256343,0.9920499301841138,0.015836936021694892,1.6956781703352657,0.04497342241060254,1.0,1.0
glob_fao_meat_idx__yoy,1,2015+,46,1.153536917945576,1.136017998705418,0.9848128664391957,0.030143618095814784,1.1486428324609572,0.1253516437897818,1.0,1.0
glob_fao_meat_idx__dyoy,1,full2010,66,1.2360220467807403,1.2336728885517598,0.9980994204471523,0.0037975469030587794,1.0289039721099318,0.1517624008303493,1.0,1.0
glob_fao_meat_idx__dyoy,1,exepi,56,1.075446530696677,1.066482773665641,0.9916650835023577,0.016600362162261906,1.3890776942794638,0.08240456287436682,1.0,1.0
glob_fao_meat_idx__dyoy,1,excovid+exepi,50,1.0623106168961156,1.0384874595834754,0.9775742076434788,0.04434866855022457,2.1962748370958236,0.01403613882831889,1.0,1.0
glob_fao_meat_idx__dyoy,1,2015+,46,1.153536917945576,1.1739534187451035,1.0176990441154574,-0.035711344393515754,0.2981547286892785,0.3827925362368968,1.0,1.0
glob_fao_sugar_idx__yoy,1,full2010,66,1.2360220467807403,1.291458281700679,1.0448505227429592,-0.09171261487623505,-0.6271124825928147,0.7347072473320451,1.0,1.0
glob_fao_sugar_idx__yoy,1,exepi,56,1.075446530696677,1.1329905784547283,1.0535071211032445,-0.10987725421524641,-0.33242589176867005,0.6302161548406927,1.0,1.0
glob_fao_sugar_idx__yoy,1,excovid+exepi,50,1.0623106168961156,1.1243728921294927,1.058421966462796,-0.12025705909097217,-0.2830742389112062,0.6114400356730748,1.0,1.0
glob_fao_sugar_idx__yoy,1,2015+,46,1.153536917945576,1.2113606341137926,1.0501273216909255,-0.10276739176175642,-2.549685024628505,0.9946089859274172,1.0,1.0
glob_fao_sugar_idx__dyoy,1,full2010,66,1.2360220467807403,1.3136784741169127,1.0628277040352403,-0.12960272846482024,-0.6616233182052121,0.7458936702294907,1.0,1.0
glob_fao_sugar_idx__dyoy,1,exepi,56,1.075446530696677,1.1816278514963978,1.09873231050449,-0.20721269014653498,-0.7483478449909265,0.7728748137592714,1.0,1.0
glob_fao_sugar_idx__dyoy,1,excovid+exepi,50,1.0623106168961156,1.1813918915951422,1.1120964742374138,-0.2367585680112867,-0.7497024400658799,0.7732830311905057,1.0,1.0
glob_fao_sugar_idx__dyoy,1,2015+,46,1.153536917945576,1.1753964580503808,1.0189500134453748,-0.03825912990032965,-0.26607055610292696,0.6049075646420302,1.0,1.0
glob_fao_vegoils_idx__yoy,1,full2010,66,1.2360220467807403,1.250725453765167,1.0118957481565334,-0.02393300513727037,1.0605981626276686,0.1444362789656377,1.0,1.0
glob_fao_vegoils_idx__yoy,1,exepi,56,1.075446530696677,1.066551911099876,0.9917293706912245,0.016472855308387935,1.2833541024280453,0.09968402305574531,1.0,1.0
glob_fao_vegoils_idx__yoy,1,excovid+exepi,50,1.0623106168961156,1.0494245976156737,0.9878698197349354,0.02411321925686627,1.370556030692875,0.08525669877157671,1.0,1.0
glob_fao_vegoils_idx__yoy,1,2015+,46,1.153536917945576,1.1738606265475986,1.0176186026522833,-0.03554762046398574,0.76734406689709,0.22143848727928683,1.0,1.0
glob_fao_vegoils_idx__dyoy,1,full2010,66,1.2360220467807403,1.313991272887309,1.0630807729600311,-0.1301407298372972,-0.7167535108011377,0.7632368992001304,1.0,1.0
glob_fao_vegoils_idx__dyoy,1,exepi,56,1.075446530696677,1.1197604353931077,1.0412051212510993,-0.08410810451951645,-0.058526512348191756,0.5233353775573877,1.0,1.0
glob_fao_vegoils_idx__dyoy,1,excovid+exepi,50,1.0623106168961156,1.0970413195453306,1.032693547533858,-0.06645596311806434,0.12169252668620022,0.45157126604427666,1.0,1.0
glob_fao_vegoils_idx__dyoy,1,2015+,46,1.153536917945576,1.242888027999981,1.0774583879062472,-0.16091657766952894,-1.086154818475307,0.8612947486078579,1.0,1.0
glob_gscpi__lvl,1,full2010,66,1.2360220467807403,1.2620274938555696,1.0210396304358496,-0.042521926920576325,0.0876076326352973,0.46509426777125373,1.0,1.0
glob_gscpi__lvl,1,exepi,56,1.075446530696677,1.1006983057082094,1.0234802700931809,-0.047511863270010446,-0.05946642231485876,0.5237096953797921,1.0,1.0
glob_gscpi__lvl,1,excovid+exepi,50,1.0623106168961156,1.087558987738529,1.023767408929965,-0.0480997075871743,-0.44405499191927966,0.671498587115916,1.0,1.0
glob_gscpi__lvl,1,2015+,46,1.153536917945576,1.1670024832595336,1.0116732850977492,-0.023482835780471722,0.3097283686096056,0.3783837639386818,1.0,1.0
glob_gscpi__d4,1,full2010,66,1.2360220467807403,1.2840978888570878,1.0388956185705283,-0.07930410628504059,-0.9978520182193993,0.8408244391558892,1.0,1.0
glob_gscpi__d4,1,exepi,56,1.075446530696677,1.1051853312171556,1.0276525142549056,-0.056069690054428856,-1.4008426347500107,0.9193694319280994,1.0,1.0
glob_gscpi__d4,1,excovid+exepi,50,1.0623106168961156,1.0790261185409424,1.0157350415019542,-0.03171767453497654,-0.926935584053212,0.823020009807928,1.0,1.0
glob_gscpi__d4,1,2015+,46,1.153536917945576,1.2100195210115394,1.0489647120844279,-0.10032696719836665,-0.7045407203126289,0.7594519497462633,1.0,1.0
glob_wb_food_idx__yoy,1,full2010,66,1.2360220467807403,1.218516031384416,0.9858368097543897,0.02812578453328729,1.5553932567464408,0.05992621955905875,1.0,1.0
glob_wb_food_idx__yoy,1,exepi,56,1.075446530696677,1.0505084516226095,0.9768114189201833,0.045839451867138115,1.7147538189220852,0.04319518585312421,1.0,1.0
glob_wb_food_idx__yoy,1,excovid+exepi,50,1.0623106168961156,1.041709786753111,0.9806075268237491,0.03840887833661022,1.5429775772929781,0.06141810822199123,1.0,1.0
glob_wb_food_idx__yoy,1,2015+,46,1.153536917945576,1.1263031093532618,0.9763910385800075,0.04666053978065421,1.5536380577991533,0.060135387960077114,1.0,1.0
glob_wb_food_idx__dyoy,1,full2010,66,1.2360220467807403,1.2602830563833491,1.0196282984318907,-0.03964186696311289,-0.02068027586496697,0.508249648382284,1.0,1.0
glob_wb_food_idx__dyoy,1,exepi,56,1.075446530696677,1.0581066373637522,0.9838765639778558,0.03198690685512817,0.9705730192771652,0.16588047350428714,1.0,1.0
glob_wb_food_idx__dyoy,1,excovid+exepi,50,1.0623106168961156,1.0408926945908321,0.9798383618080907,0.0399167847292371,1.0000813071598165,0.15863558077890427,1.0,1.0
glob_wb_food_idx__dyoy,1,2015+,46,1.153536917945576,1.2064872829811668,1.0459026184700655,-0.09391228732253931,-0.6509396466776868,0.7424572763948466,1.0,1.0
glob_wb_food_idx_eur__yoy,1,full2010,66,1.2360220467807403,1.2324397531810916,0.9971017559039671,0.005788088373225642,0.6807887359553974,0.24800258922225193,1.0,1.0
glob_wb_food_idx_eur__yoy,1,exepi,56,1.075446530696677,1.0753469155056417,0.9999073731811001,0.00018524505807215874,0.43523300002840354,0.33169665578948115,1.0,1.0
glob_wb_food_idx_eur__yoy,1,excovid+exepi,50,1.0623106168961156,1.062800506339819,1.000461154615149,-0.0009225218938768709,0.404819247863579,0.34280518968997864,1.0,1.0
glob_wb_food_idx_eur__yoy,1,2015+,46,1.153536917945576,1.1314933583711,0.9808904602604873,0.03785390496996932,1.2250810494211697,0.1102723422636156,1.0,1.0
glob_wb_food_idx_eur__dyoy,1,full2010,66,1.2360220467807403,1.2430270369673853,1.0056673666985874,-0.011366852442471043,-0.16890365134538804,0.5670637864467292,1.0,1.0
glob_wb_food_idx_eur__dyoy,1,exepi,56,1.075446530696677,1.0758868270775817,1.0004094079699337,-0.0008189835547531832,0.30288333224018066,0.3809893870184615,1.0,1.0
glob_wb_food_idx_eur__dyoy,1,excovid+exepi,50,1.0623106168961156,1.0630489178630003,1.0006949953762505,-0.0013904737710739301,0.2860874553205427,0.3874055697016332,1.0,1.0
glob_wb_food_idx_eur__dyoy,1,2015+,46,1.153536917945576,1.171400843070715,1.0154862188173002,-0.031212260607857534,-0.8016936513235948,0.7886349054272668,1.0,1.0
glob_wb_food_idx_nok__yoy,1,full2010,66,1.2360220467807403,1.2232752908781748,0.9896872746438747,0.020519098407979608,1.2251616656008784,0.11025715739165065,1.0,1.0
glob_wb_food_idx_nok__yoy,1,exepi,56,1.075446530696677,1.0655951417332272,0.990839722215601,0.01823664487971066,1.0864058481946808,0.13864973766522692,1.0,1.0
glob_wb_food_idx_nok__yoy,1,excovid+exepi,50,1.0623106168961156,1.0509502905693533,0.9893060220371748,0.021273594760981118,1.1044460633614135,0.13469984420040593,1.0,1.0
glob_wb_food_idx_nok__yoy,1,2015+,46,1.153536917945576,1.129269560513292,0.9789626521225663,0.041632125749151316,1.5162892862145987,0.06472310976820073,1.0,1.0
glob_wb_food_idx_nok__dyoy,1,full2010,66,1.2360220467807403,1.23453613336419,0.9987978261225837,0.0024029025328010656,0.5139306948186191,0.3036502231385838,1.0,1.0
glob_wb_food_idx_nok__dyoy,1,exepi,56,1.075446530696677,1.0656824139160972,0.9909208719337682,0.018075825566020498,0.8796199895382186,0.18953260312971665,1.0,1.0
glob_wb_food_idx_nok__dyoy,1,excovid+exepi,50,1.0623106168961156,1.0450027990304125,0.9837073850242846,0.032319780648684016,1.2980360298572806,0.09713747718243837,1.0,1.0
glob_wb_food_idx_nok__dyoy,1,2015+,46,1.153536917945576,1.171693278007191,1.0157397303711364,-0.031727199854428845,-0.6145492417569495,0.7305737779372979,1.0,1.0
us_ppi_corrugated_boxes_idx__yoy,1,full2010,66,1.2360220467807403,1.1144338731635897,0.90162944590363,0.18706434227951307,1.8908913292102463,0.02931942606864857,1.0,1.0
us_ppi_corrugated_boxes_idx__yoy,1,exepi,56,1.075446530696677,1.027940486309203,0.9558266794010676,0.08639535894512873,1.8018979165678048,0.035780734044797646,1.0,1.0
us_ppi_corrugated_boxes_idx__yoy,1,excovid+exepi,50,1.0623106168961156,1.0129215475371003,0.9535078831243149,0.09082271681978782,1.6817149768270032,0.04631206121898923,1.0,1.0
us_ppi_corrugated_boxes_idx__yoy,1,2015+,46,1.153536917945576,0.9935544531356679,0.8613113613261436,0.2581427388505053,1.5970838913762277,0.05512350420610734,1.0,1.0
us_ppi_corrugated_boxes_idx__dyoy,1,full2010,66,1.2360220467807403,1.1306534240301904,0.9147518258068407,0.16322909718305145,2.324314114060146,0.010054332451200687,1.0,1.0
us_ppi_corrugated_boxes_idx__dyoy,1,exepi,56,1.075446530696677,1.010274925381928,0.9394004225644481,0.11752684608573638,2.327873216890496,0.009959418405245168,1.0,1.0
us_ppi_corrugated_boxes_idx__dyoy,1,excovid+exepi,50,1.0623106168961156,1.0015962108643375,0.9428468424713904,0.11103983164172915,2.124733067067889,0.0168044463123892,1.0,1.0
us_ppi_corrugated_boxes_idx__dyoy,1,2015+,46,1.153536917945576,1.036296392593678,0.8983643058770058,0.19294157392612565,1.813569868716597,0.03487198641786804,1.0,1.0
us_ppi_plastic_resins_idx__yoy,1,full2010,66,1.2360220467807403,1.243336785018786,1.005917967448151,-0.01187095723501952,-0.4382180979906004,0.669385904775182,1.0,1.0
us_ppi_plastic_resins_idx__yoy,1,exepi,56,1.075446530696677,1.0794623302941204,1.003734076481554,-0.007482096290278406,-0.16896884315882238,0.567089425728998,1.0,1.0
us_ppi_plastic_resins_idx__yoy,1,excovid+exepi,50,1.0623106168961156,1.0638251599750386,1.0014257064316539,-0.002853445502136953,0.055053279694302605,0.47804800853021645,1.0,1.0
us_ppi_plastic_resins_idx__yoy,1,2015+,46,1.153536917945576,1.15348619384623,0.9999560273290288,8.794340834661352e-05,0.3556588259195659,0.36104804176255223,1.0,1.0
us_ppi_plastic_resins_idx__dyoy,1,full2010,66,1.2360220467807403,1.2559420096873941,1.0161161873758935,-0.032492106247321795,-1.7528571818998735,0.960186737538227,1.0,1.0
us_ppi_plastic_resins_idx__dyoy,1,exepi,56,1.075446530696677,1.0867647889207712,1.0105242407697965,-0.021159241183373645,-1.712931395563542,0.9566374192113691,1.0,1.0
us_ppi_plastic_resins_idx__dyoy,1,excovid+exepi,50,1.0623106168961156,1.0746400916545285,1.0116062802746313,-0.023347266291075863,-1.6501604113391415,0.9505449342490148,1.0,1.0
us_ppi_plastic_resins_idx__dyoy,1,2015+,46,1.153536917945576,1.1732825337793629,1.0171174546099084,-0.03452791647213904,-1.2120334902764986,0.8872502194587693,1.0,1.0
w_food_cpi_yoy,1,full2010,66,1.2360220467807403,1.2944664486819617,1.0472842713877488,-0.09680434509616798,-1.2755222144604574,0.8989377667526866,1.0,1.0
w_food_cpi_yoy,1,exepi,56,1.075446530696677,1.0847518483014196,1.008652515340502,-0.017379896702721442,-0.992828016034868,0.8396031127987802,1.0,1.0
w_food_cpi_yoy,1,excovid+exepi,50,1.0623106168961156,1.074532812824791,1.0115052939641953,-0.02314295971759317,-1.3016450625135658,0.9034811261030835,1.0,1.0
w_food_cpi_yoy,1,2015+,46,1.153536917945576,1.2334951974392527,1.069315752491113,-0.14343617852563528,-1.1788398556094608,0.8807690246745454,1.0,1.0
w_food_cpi_dyoy,1,full2010,66,1.2360220467807403,1.2815752524529143,1.0368546870104935,-0.07506764197562843,0.13712373373613806,0.44546649642811953,1.0,1.0
w_food_cpi_dyoy,1,exepi,56,1.075446530696677,1.0608864938773253,0.9864614033299083,0.026893899740388028,1.184686726096438,0.11807066632137553,1.0,1.0
w_food_cpi_dyoy,1,excovid+exepi,50,1.0623106168961156,1.0430056775190752,0.9818274061559829,0.036014944521014725,1.2645368942814943,0.10301869353881254,1.0,1.0
w_food_cpi_dyoy,1,2015+,46,1.153536917945576,1.2237820069579635,1.0608953973813795,-0.12549904418499502,-0.17799257712176816,0.5706355973712604,1.0,1.0
w_cpi_yoy,1,full2010,66,1.2360220467807403,1.3569646694103885,1.0978482729694403,-0.2052708304619828,-0.4058256101030942,0.657564630036325,1.0,1.0
w_cpi_yoy,1,exepi,56,1.075446530696677,1.1245077174706526,1.0456193640256515,-0.09331985442540791,-2.032097685513616,0.9789281161689377,1.0,1.0
w_cpi_yoy,1,excovid+exepi,50,1.0623106168961156,1.1176614784927779,1.0521042157691953,-0.10692328083931346,-2.061852623615274,0.9803891153959646,1.0,1.0
w_cpi_yoy,1,2015+,46,1.153536917945576,1.3114270183358756,1.1368747700520054,-0.2924842427808003,-0.027179155307356685,0.5108415793904404,1.0,1.0
w_cpi_dyoy,1,full2010,66,1.2360220467807403,1.2068455362711592,0.9763948300229981,0.04665313590436071,1.6954320935006486,0.04499674101914819,1.0,1.0
w_cpi_dyoy,1,exepi,56,1.075446530696677,1.0326936936661297,0.9602464317748537,0.07792679026366123,1.3814971846868347,0.08356307142797592,1.0,1.0
w_cpi_dyoy,1,excovid+exepi,50,1.0623106168961156,1.0150723627642684,0.9555325406895875,0.08695756368330188,1.3711987211236771,0.08515650838364264,1.0,1.0
w_cpi_dyoy,1,2015+,46,1.153536917945576,1.1159679687455222,0.967431515527944,0.06407626276330536,1.599160353506932,0.05489248856637874,1.0,1.0
w_food_cpi_rel_yoy,1,full2010,66,1.2360220467807403,1.2489339338829375,1.010446324267295,-0.021001774225287484,0.6197783376582541,0.2677018661702233,1.0,1.0
w_food_cpi_rel_yoy,1,exepi,56,1.075446530696677,1.0803480738058977,1.0045576818273294,-0.009136136118298,0.21882104118276915,0.41339472778293196,1.0,1.0
w_food_cpi_rel_yoy,1,excovid+exepi,50,1.0623106168961156,1.0693509465045128,1.0066273738550857,-0.01329866979438643,0.03999563882082469,0.48404830161475587,1.0,1.0
w_food_cpi_rel_yoy,1,2015+,46,1.153536917945576,1.1622078933618247,1.0075168599126343,-0.015090223008214831,0.81994821323705,0.20612281500955643,1.0,1.0
w_food_cpi_rel_dyoy,1,full2010,66,1.2360220467807403,1.2722068671266176,1.0292752224283714,-0.0594074835049736,-2.3318270564753605,0.9901451044704943,1.0,1.0
w_food_cpi_rel_dyoy,1,exepi,56,1.075446530696677,1.1024125764765897,1.0250742784603566,-0.050777276361020585,-1.6238951008363587,0.9478009008266413,1.0,1.0
w_food_cpi_rel_dyoy,1,excovid+exepi,50,1.0623106168961156,1.0912231223152307,1.0272166209762568,-0.055173986409878806,-1.535007874275906,0.9376090530784897,1.0,1.0
w_food_cpi_rel_dyoy,1,2015+,46,1.153536917945576,1.189917379009646,1.031538185296109,-0.06407102772398954,-2.174655992648786,0.9851720474976924,1.0,1.0
w_food_cpi_xvat_yoy,1,full2010,66,1.2360220467807403,1.2888223414491404,1.042717923038606,-0.0872606670259446,-1.4855874165476293,0.9313058572638894,1.0,1.0
w_food_cpi_xvat_yoy,1,exepi,56,1.075446530696677,1.0901987618645446,1.0137173078779762,-0.02762278029137155,-1.820223621629198,0.965637521372376,1.0,1.0
w_food_cpi_xvat_yoy,1,excovid+exepi,50,1.0623106168961156,1.0795992386978381,1.0162745448711008,-0.03281395055296299,-1.955327568770244,0.974727790390254,1.0,1.0
w_food_cpi_xvat_yoy,1,2015+,46,1.153536917945576,1.2211254252528598,1.058592409359258,-0.12061788915303895,-1.2593189714717128,0.8960424282619297,1.0,1.0
w_food_cpi_xvat_dyoy,1,full2010,66,1.2360220467807403,1.2742005935575085,1.0308882409308195,-0.06273056528943943,0.44017033921779,0.32990687019988085,1.0,1.0
w_food_cpi_xvat_dyoy,1,exepi,56,1.075446530696677,1.0526797289906547,0.9788303731927296,0.041891100515381696,1.339448192372082,0.09021240475026426,1.0,1.0
w_food_cpi_xvat_dyoy,1,excovid+exepi,50,1.0623106168961156,1.0328290292141582,0.9722476767029803,0.05473445514565711,1.4379580670883851,0.07522297617581664,1.0,1.0
w_food_cpi_xvat_dyoy,1,2015+,46,1.153536917945576,1.2191014238501316,1.05683780456834,-0.11690614516482878,0.04944176985250671,0.48028362065912344,1.0,1.0
w_wage_yoy,1,full2010,66,1.2360220467807403,1.2683538518876514,1.026157951786637,-0.05300014201494618,-0.19273705411582556,0.5764175487466343,1.0,1.0
w_wage_yoy,1,exepi,56,1.075446530696677,1.062263037098607,0.987741376979914,0.024366972201823378,0.9039554222932105,0.18300951968395307,1.0,1.0
w_wage_yoy,1,excovid+exepi,50,1.0623106168961156,1.043030965470312,0.9818512108236899,0.03596819980405408,0.9705605574917672,0.16588357761824524,1.0,1.0
w_wage_yoy,1,2015+,46,1.153536917945576,1.2349966973117865,1.0706174012282925,-0.14622161981282278,-1.3888831231871972,0.9175658533589048,1.0,1.0
w_wage_dyoy,1,full2010,66,1.2360220467807403,1.2381958910048327,1.0017587422730478,-0.003520577720478757,0.5286594253672646,0.2985208643457178,1.0,1.0
w_wage_dyoy,1,exepi,56,1.075446530696677,1.0665944151964308,0.9917688929690334,0.01639446293897806,1.325101769365808,0.09256869968745995,1.0,1.0
w_wage_dyoy,1,excovid+exepi,50,1.0623106168961156,1.0459661138822998,0.9846141959292739,0.030534885174549387,1.8170474709358095,0.03460492246384983,1.0,1.0
w_wage_dyoy,1,2015+,46,1.153536917945576,1.1723861223241179,1.0163403564162576,-0.03294772008032565,-0.9038777707307103,0.8169698912423553,1.0,1.0
w_real_wage_yoy,1,full2010,66,1.2360220467807403,1.3387409956815652,1.083104463361604,-0.17311527855382836,-0.6225087940157206,0.7331963184606081,1.0,1.0
w_real_wage_yoy,1,exepi,56,1.075446530696677,1.0376256382908369,0.964832382339511,0.06909847398906377,1.7246315159470755,0.04229695001681155,1.0,1.0
w_real_wage_yoy,1,excovid+exepi,50,1.0623106168961156,1.0144045985445256,0.954903944675275,0.08815845644359943,1.848841726749509,0.03224033508793778,1.0,1.0
w_real_wage_yoy,1,2015+,46,1.153536917945576,1.3529686061651143,1.1728871309768931,-0.37566422201120764,-1.248744789495035,0.8941207833902436,1.0,1.0
w_real_wage_dyoy,1,full2010,66,1.2360220467807403,1.252337176356551,1.0131997075766601,-0.026573647433429493,-0.5804532479482919,0.7191954971279508,1.0,1.0
w_real_wage_dyoy,1,exepi,56,1.075446530696677,1.061649715984231,0.9871710825981201,0.02549325368205546,1.4450338758824492,0.07422418529252628,1.0,1.0
w_real_wage_dyoy,1,excovid+exepi,50,1.0623106168961156,1.0404193311275607,0.9793927638297381,0.04078981415794691,2.1198533379469136,0.017009207776929713,1.0,1.0
w_real_wage_dyoy,1,2015+,46,1.153536917945576,1.1830241218134807,1.0255624275297759,-0.05177829276076684,-0.8232750518316534,0.7948242012292099,1.0,1.0
w_cons_conf_z,1,full2010,66,1.2360220467807403,1.417049383669041,1.146459634243412,-0.31436969294953787,-0.8861134711818743,0.8122218077109182,1.0,1.0
w_cons_conf_z,1,exepi,56,1.075446530696677,1.0814943761285696,1.005623566824819,-0.011278758153471236,1.25434445027239,0.10485841699174192,1.0,1.0
w_cons_conf_z,1,excovid+exepi,50,1.0623106168961156,1.070656978465579,1.0078567995431036,-0.01577532838526774,0.9973066940289826,0.15930783274291704,1.0,1.0
w_cons_conf_z,1,2015+,46,1.153536917945576,1.4289373849000764,1.2387443892519563,-0.5344876619032022,-1.0700594927958254,0.8577037346626724,1.0,1.0
w_cons_conf_z_d4,1,full2010,66,1.2360220467807403,1.3096975259243937,1.0596069296138717,-0.12276684528573645,-1.2421032718356633,0.8929007692218964,1.0,1.0
w_cons_conf_z_d4,1,exepi,56,1.075446530696677,1.0965559397604812,1.0196285063564523,-0.03964229097468985,-0.46404386365925365,0.6786918402010376,1.0,1.0
w_cons_conf_z_d4,1,excovid+exepi,50,1.0623106168961156,1.0899875950792752,1.0260535645064217,-0.052785917236333635,-0.6346471840873121,0.7371707263262846,1.0,1.0
w_cons_conf_z_d4,1,2015+,46,1.153536917945576,1.2287938706741486,1.065240177022339,-0.13473663474258402,-0.8972068341038908,0.815195720420864,1.0,1.0
w_retail_food_vol_yoy,1,full2010,66,1.2360220467807403,1.424650436651091,1.1526092437927296,-0.3285080688764479,-0.6302640273243797,0.7357390727449127,1.0,1.0
w_retail_food_vol_yoy,1,exepi,56,1.075446530696677,1.0935462515541297,1.0168299588504206,-0.03394316521574803,1.3715728615109015,0.0850982234826606,1.0,1.0
w_retail_food_vol_yoy,1,excovid+exepi,50,1.0623106168961156,1.0715793179540343,1.0087250385249844,-0.017526203347231206,1.1208941559827297,0.13116645938103533,1.0,1.0
w_retail_food_vol_yoy,1,2015+,46,1.153536917945576,1.4352036113624234,1.2441765747025155,-0.5479753490384842,-0.9679961605722555,0.8334768564002303,1.0,1.0
w_retail_food_vol_dyoy,1,full2010,66,1.2400928021045827,1.2629433827414471,1.0184265085629756,-0.03719255334377247,0.19024740381884755,0.4245576332509218,1.0,1.0
w_retail_food_vol_dyoy,1,exepi,56,1.06950285173218,1.0539905456137237,0.9854957786289841,0.02879807030445236,0.8244390992834156,0.20484505313706847,1.0,1.0
w_retail_food_vol_dyoy,1,excovid+exepi,50,1.0567459450262164,1.0411549243378384,0.9852461977623286,0.029289929794874547,0.7306358496782097,0.2325008043185115,1.0,1.0
w_retail_food_vol_dyoy,1,2015+,46,1.1652594571332804,1.1749273250053118,1.0082967512624321,-0.016662338606374894,0.5419660168603541,0.29392095837569254,1.0,1.0
w_retail_total_vol_yoy,1,full2010,66,1.2360220467807403,1.3075791391203002,1.0578930550032928,-0.11913771582419974,0.10678033637496721,0.45748162378605495,1.0,1.0
w_retail_total_vol_yoy,1,exepi,56,1.075446530696677,1.0309989079102815,0.9586705414748958,0.08095079290823004,2.0511473407404117,0.020126300130753894,1.0,1.0
w_retail_total_vol_yoy,1,excovid+exepi,50,1.0623106168961156,1.031973457023447,0.9714422887334887,0.05629987966024119,1.6843701301192866,0.04605507985825641,1.0,1.0
w_retail_total_vol_yoy,1,2015+,46,1.153536917945576,1.291134274207114,1.1192830104706106,-0.2527944575281531,-0.6110143183691746,0.7294049493810189,1.0,1.0
w_retail_total_vol_dyoy,1,full2010,66,1.2400928021045827,1.2828409585962166,1.0344717398722783,-0.07013178059437841,-0.8088758975355989,0.7907067330024562,1.0,1.0
w_retail_total_vol_dyoy,1,exepi,56,1.06950285173218,1.0783703337252766,1.0082912186524184,-0.01665118161157908,0.3970233711173562,0.3456751131629926,1.0,1.0
w_retail_total_vol_dyoy,1,excovid+exepi,50,1.0567459450262164,1.0707945813474764,1.013294241995801,-0.026765220861845185,0.09841889387230952,0.46079983618629017,1.0,1.0
w_retail_total_vol_dyoy,1,2015+,46,1.1652594571332804,1.214841381922628,1.042550115758191,-0.08691074386741726,-0.7356777126333354,0.7690365718732997,1.0,1.0
w_gdp_vol_yoy,1,full2010,66,1.2360220467807403,1.2039704894272067,0.9740687818336146,0.05119000825717823,2.5034347178532053,0.006149718421472383,1.0,1.0
w_gdp_vol_yoy,1,exepi,56,1.075446530696677,1.052553770295978,0.9787132509638866,0.04212037238770028,1.9001646134602395,0.028705760258686985,1.0,1.0
w_gdp_vol_yoy,1,excovid+exepi,50,1.0623106168961156,0.9831160802294678,0.9254506776012084,0.1435410433274643,2.0296012595361974,0.02119854339230587,1.0,1.0
w_gdp_vol_yoy,1,2015+,46,1.153536917945576,1.1716243793811845,1.0156800022211876,-0.0316058669120316,1.4962172054206844,0.06729853118941254,1.0,1.0
w_gdp_vol_dyoy,1,full2010,66,1.2360220467807403,1.2232853809804345,0.9896954380114182,0.020502939979387014,1.6210803239236322,0.052500206601517774,1.0,1.0
w_gdp_vol_dyoy,1,exepi,56,1.075446530696677,1.0804703687708734,1.004671397350589,-0.009364616654385038,1.9736032716114988,0.02421343572529333,1.0,1.0
w_gdp_vol_dyoy,1,excovid+exepi,50,1.0623106168961156,1.0542370955922031,0.9924000370743711,0.01514216641478694,2.446642807391668,0.007209683068987061,1.0,1.0
w_gdp_vol_dyoy,1,2015+,46,1.153536917945576,1.1417927934382115,0.9898190302151053,0.020258287424028465,1.0176167374864504,0.15443006500233158,1.0,1.0
w_hh_real_inc_yoy,1,full2010,59,1.352942917793143,1.4101540700149255,1.0422864493907125,-0.0863610425834982,-2.000037089158997,0.9772518704570933,1.0,1.0
w_hh_real_inc_yoy,1,exepi,49,1.150461871671287,1.2178252442258073,1.0585533290700548,-0.12053515048529584,-1.6696066166117485,0.9525013897755757,1.0,1.0
w_hh_real_inc_yoy,1,excovid+exepi,43,1.1496980255666718,1.2209511959760766,1.0619755525580599,-0.1277920742309966,-1.5859351733933402,0.9436229920544249,1.0,1.0
w_hh_real_inc_yoy,1,2015+,46,1.20264032458508,1.2198224143278313,1.0142869729140997,-0.028778063423247735,-1.5546408795820474,0.9399841889627742,1.0,1.0
w_hh_real_inc_dyoy,1,full2010,55,1.4279777389518769,1.4794735046064393,1.0360620227121746,-0.07342451490644275,-1.392638924222861,0.9181354968835784,1.0,1.0
w_hh_real_inc_dyoy,1,exepi,45,1.2389125799746956,1.2980036047487526,1.0476958792163238,-0.09766665532686569,-1.3742981836223065,0.9153254350029598,1.0,1.0
w_hh_real_inc_dyoy,1,excovid+exepi,39,1.251423738362413,1.317403594974777,1.0527238333345859,-0.10822746927066484,-1.3637917353012732,0.9136834389094897,1.0,1.0
w_hh_real_inc_dyoy,1,2015+,46,1.2065557807489085,1.2352369280622235,1.0237710910435593,-0.04810724685651979,-1.1069466549682248,0.8658415035861675,1.0,1.0
w_food_ppi_yoy,1,full2010,66,1.2360220467807403,1.3129537990152564,1.0622414077765743,-0.12835680839515828,-0.8494474386593396,0.8021838171060414,1.0,1.0
w_food_ppi_yoy,1,exepi,56,1.075446530696677,1.0835212135505625,1.0075082141449234,-0.015072801569492977,-1.6471118371782345,0.9502324697470415,1.0,1.0
w_food_ppi_yoy,1,excovid+exepi,50,1.0623106168961156,1.0711455839675863,1.0083167455271085,-0.01670265931037962,-1.5934085606442308,0.9444657167441118,1.0,1.0
w_food_ppi_yoy,1,2015+,46,1.153536917945576,1.261468538301806,1.0935658136962396,-0.19588618888511866,-0.6649161941529221,0.7469479513794065,1.0,1.0
w_food_ppi_dyoy,1,full2010,66,1.2400928021045827,1.251090648798461,1.0088685674775417,-0.017815786444187243,1.3234007404388464,0.09285107284861738,1.0,1.0
w_food_ppi_dyoy,1,exepi,56,1.06950285173218,1.0530066035761163,0.9845757791768893,0.03061053505822131,1.1165701102584378,0.1320890887682069,1.0,1.0
w_food_ppi_dyoy,1,excovid+exepi,50,1.0567459450262164,1.0269044781832746,0.9717609828706733,0.05568059217022314,1.2476188076637065,0.10608534377144596,1.0,1.0
w_food_ppi_dyoy,1,2015+,46,1.1652594571332804,1.1842447697254188,1.016292777094335,-0.03285100877411584,1.1050931701492024,0.13455960986479032,1.0,1.0
w_unemp_lvl,1,full2010,66,1.2360220467807403,1.2463527544065525,1.0083580286069482,-0.016785913856091073,0.07679599397647038,0.4693929188361817,1.0,1.0
w_unemp_lvl,1,exepi,56,1.075446530696677,1.0918747411120178,1.0152757110153106,-0.030784769377644405,-0.05188887029394683,0.5206913787256169,1.0,1.0
w_unemp_lvl,1,excovid+exepi,50,1.0623106168961156,1.0703117963119682,1.0075318643046518,-0.015120457589207215,0.37373093280705133,0.3543022546093534,1.0,1.0
w_unemp_lvl,1,2015+,46,1.153536917945576,1.182566556913962,1.025165764976198,-0.05096484567923332,-1.2392476172220308,0.892373094385813,1.0,1.0
w_unemp_d4,1,full2010,66,1.2360220467807403,1.2551443081732114,1.0154708093130504,-0.03118096456690167,1.2343189809003838,0.10854203289382292,1.0,1.0
w_unemp_d4,1,exepi,56,1.075446530696677,1.118993094426088,1.040491612075964,-0.08262279480043833,1.0221179283938753,0.15336254434172591,1.0,1.0
w_unemp_d4,1,excovid+exepi,50,1.0623106168961156,1.0848851767949002,1.0212504323497618,-0.04295244557457534,1.1591132524012127,0.12320501234131909,1.0,1.0
w_unemp_d4,1,2015+,46,1.153536917945576,1.161601018898675,1.0069907610477358,-0.014030392835498118,0.7766984360467577,0.21866835489728276,1.0,1.0
w_policy_rate_lvl,1,full2010,66,1.2360220467807403,1.2825079764193452,1.0376093045910297,-0.07663306897388034,0.2634513385355358,0.39610136262659823,1.0,1.0
w_policy_rate_lvl,1,exepi,56,1.075446530696677,1.0996509308227598,1.0225063724092385,-0.045519281617500296,0.9968920884690361,0.1594084461458799,1.0,1.0
w_policy_rate_lvl,1,excovid+exepi,50,1.0623106168961156,1.093182381790804,1.0290609586345754,-0.05896645658591115,0.9148862807110005,0.1801256665317268,1.0,1.0
w_policy_rate_lvl,1,2015+,46,1.153536917945576,1.2131951495677054,1.051717661302405,-0.1061100390954004,-0.8959458462363226,0.8148591566640656,1.0,1.0
w_policy_rate_d4,1,full2010,66,1.2360220467807403,1.2540449224821426,1.0145813545545919,-0.029375325009830533,1.1363886820536708,0.12789696521254834,1.0,1.0
w_policy_rate_d4,1,exepi,56,1.075446530696677,1.1168731467351172,1.0385203865148032,-0.07852459320685612,0.5110733355757522,0.30464985312186155,1.0,1.0
w_policy_rate_d4,1,excovid+exepi,50,1.0623106168961156,1.0964705012271587,1.0321562109873779,-0.06534644387982058,0.6618443890326954,0.25403547737648113,1.0,1.0
w_policy_rate_d4,1,2015+,46,1.153536917945576,1.2116622943112854,1.050388830614307,-0.10331669547929123,-0.15392462109500835,0.5611654146886389,1.0,1.0
w_gov10y_lvl,1,full2010,66,1.2360220467807403,1.2849906300150196,1.039617888177496,-0.0808053534186366,0.2555790897469806,0.39913793311208223,1.0,1.0
w_gov10y_lvl,1,exepi,56,1.075446530696677,1.1132044020874912,1.0351090178015216,-0.07145067873403077,0.6923303286666931,0.24436495400435998,1.0,1.0
w_gov10y_lvl,1,excovid+exepi,50,1.0623106168961156,1.1099471258292457,1.0448423541810357,-0.09169554509056876,0.5685742301830636,0.28482255861848293,1.0,1.0
w_gov10y_lvl,1,2015+,46,1.153536917945576,1.1918286062501744,1.0331950262786518,-0.06749196232694388,0.010455169945099633,0.4958290666481122,1.0,1.0
w_gov10y_d4,1,full2010,66,1.2360220467807403,1.1171728831209446,0.9038454338501953,0.1830634317081522,2.0196367254902143,0.021710541397113703,1.0,1.0
w_gov10y_d4,1,exepi,56,1.075446530696677,1.0360474886251823,0.9633649456789154,0.07192798143706036,1.56305903111899,0.05901935537191472,1.0,1.0
w_gov10y_d4,1,excovid+exepi,50,1.0623106168961156,1.031255630538208,0.9707665668929819,0.05761227260281365,1.423377212686818,0.07731341732018482,1.0,1.0
w_gov10y_d4,1,2015+,46,1.153536917945576,1.049276962585352,0.9096171490151277,0.17259664221759097,1.5003767902325749,0.06675841409321626,1.0,1.0
w_fx_vs_eur_yoy,1,full2010,66,1.2360220467807403,1.28504302129573,1.0396602751889956,-0.0808934878060581,-1.102544710329283,0.8648875339731179,1.0,1.0
w_fx_vs_eur_yoy,1,exepi,56,1.075446530696677,1.141679590408964,1.0615865669020115,-0.12696603902679882,-1.1924027063688234,0.8834483101857731,1.0,1.0
w_fx_vs_eur_yoy,1,excovid+exepi,50,1.0623106168961156,1.1405564035048092,1.073656221978948,-0.15273768299410828,-1.3266446149451443,0.9076868649726046,1.0,1.0
w_fx_vs_eur_yoy,1,2015+,46,1.153536917945576,1.1466048656971861,0.9939906108417097,0.011982665558524785,1.0493621471459773,0.14700573645915538,1.0,1.0
w_fx_vs_eur_dyoy,1,full2010,66,1.2360220467807403,1.276259880298192,1.0325543008089964,-0.06616838411915538,-1.1984253955111812,0.8846242746124169,1.0,1.0
w_fx_vs_eur_dyoy,1,exepi,56,1.075446530696677,1.1276450761976153,1.0485366254955735,-0.09942905500564447,-1.142770188508927,0.8734329903364537,1.0,1.0
w_fx_vs_eur_dyoy,1,excovid+exepi,50,1.0623106168961156,1.1216232379936024,1.0558335953290083,-0.11478458102538003,-1.1573633645131673,0.876438032373739,1.0,1.0
w_fx_vs_eur_dyoy,1,2015+,46,1.153536917945576,1.1569960448949757,1.0029987136914182,-0.0060064196666396175,-1.4910534124300665,0.9320262638564665,1.0,1.0
w_fx_vs_usd_yoy,1,full2010,66,1.2360220467807403,1.257996050823931,1.0177780033134705,-0.03587206402875465,-0.03562789762727663,0.514210468325653,1.0,1.0
w_fx_vs_usd_yoy,1,exepi,56,1.075446530696677,1.0377177354393625,0.9649180185342421,0.068933217507952,2.0203369825706945,0.02167422259361207,1.0,1.0
w_fx_vs_usd_yoy,1,excovid+exepi,50,1.0623106168961156,1.0335158074999122,0.972894171499164,0.05347693106295526,1.618594955716174,0.052767220575655305,1.0,1.0
w_fx_vs_usd_yoy,1,2015+,46,1.153536917945576,1.2010197414000185,1.041162812143896,-0.08402000139138588,-0.3364605064124488,0.6317381856950155,1.0,1.0
w_fx_vs_usd_dyoy,1,full2010,66,1.2360220467807403,1.2964196391514757,1.0488644943899204,-0.10011672759182333,-0.45863925513949544,0.6767533789074445,1.0,1.0
w_fx_vs_usd_dyoy,1,exepi,56,1.075446530696677,1.0916491271853876,1.0150659247356673,-0.030358831559475385,0.45129345237605833,0.32588903164824257,1.0,1.0
w_fx_vs_usd_dyoy,1,excovid+exepi,50,1.0623106168961156,1.0831259476487054,1.019594392093537,-0.0395727243885895,0.37521311619259734,0.35375098815269534,1.0,1.0
w_fx_vs_usd_dyoy,1,2015+,46,1.153536917945576,1.2142931954124754,1.0526695561465904,-0.10811319443785972,-0.5255780996652664,0.7004093117993988,1.0,1.0
w_fx_vs_nok_yoy,1,full2010,66,1.2360220467807403,1.2507500537004228,1.0119156506617677,-0.023973284054228605,-1.0144060193812514,0.8448054733787125,1.0,1.0
w_fx_vs_nok_yoy,1,exepi,56,1.075446530696677,1.0902075255227197,1.0137254567332887,-0.027639301629114765,-0.7020183695835563,0.7586661461777725,1.0,1.0
w_fx_vs_nok_yoy,1,excovid+exepi,50,1.0623106168961156,1.0749897350653506,1.0119354150919446,-0.024013284317306205,-0.45152845589887997,0.6741956395961881,1.0,1.0
w_fx_vs_nok_yoy,1,2015+,46,1.153536917945576,1.169368268025834,1.0137241815445779,-0.02763671624822428,-2.4719494929596593,0.9932810750023162,1.0,1.0
w_fx_vs_nok_dyoy,1,full2010,66,1.2360220467807403,1.251265493645886,1.0123326658329823,-0.024817426312512714,-0.03496168233108246,0.513944852374438,1.0,1.0
w_fx_vs_nok_dyoy,1,exepi,56,1.075446530696677,1.088236932062151,1.0118931076537931,-0.023927661317250992,0.13272769396429054,0.44720437000894386,1.0,1.0
w_fx_vs_nok_dyoy,1,excovid+exepi,50,1.0623106168961156,1.0605119869440158,0.9983068700213549,0.003383393268165613,0.7149139687623408,0.2373311024672291,1.0,1.0
w_fx_vs_nok_dyoy,1,2015+,46,1.153536917945576,1.1826850576911905,1.0252684931814118,-0.0511754831104827,-0.6950985985905691,0.756503243519188,1.0,1.0
w_ec_food_ind_sell_price_exp_lvl,1,full2010,66,1.2360220467807403,1.2284087966424682,0.9938405223773304,0.012281016080754936,0.5997313120900922,0.2743426583884292,1.0,1.0
w_ec_food_ind_sell_price_exp_lvl,1,exepi,56,1.075446530696677,1.0941124594843894,1.0173564452112933,-0.03501413661295927,-0.7935538619151088,0.786272399374511,1.0,1.0
w_ec_food_ind_sell_price_exp_lvl,1,excovid+exepi,50,1.0623106168961156,1.0822520848742783,1.0187717863880794,-0.03789595274035862,-0.7129758159603545,0.7620696388456114,1.0,1.0
w_ec_food_ind_sell_price_exp_lvl,1,2015+,46,1.153536917945576,1.1328692772418478,0.9820832429528682,0.03551250391117766,0.6862199799869859,0.24628720014969985,1.0,1.0
w_ec_food_ind_sell_price_exp_d4,1,full2010,66,1.2360220467807403,1.2675119647925872,1.0254768255095963,-0.05160271965723906,1.7625853974372043,0.03898522085671963,1.0,1.0
w_ec_food_ind_sell_price_exp_d4,1,exepi,56,1.075446530696677,1.0836442511269804,1.0076226201827003,-0.015303344703850419,2.203444826998687,0.013781705819205015,1.0,1.0
w_ec_food_ind_sell_price_exp_d4,1,excovid+exepi,50,1.0623106168961156,1.079120601581301,1.015823982569525,-0.03189836356341069,2.1129281247250966,0.01730346011026318,1.0,1.0
w_ec_food_ind_sell_price_exp_d4,1,2015+,46,1.153536917945576,1.198958523939677,1.0393759447898694,-0.08030235460783364,0.9122191978794385,0.1808266699025971,1.0,1.0
w_ec_food_retail_sell_price_exp_lvl,1,full2010,50,1.3023606315725835,1.2544239979540968,0.9631925040911258,0.07226020006266665,0.9404246106336563,0.1734999016330977,1.0,1.0
w_ec_food_retail_sell_price_exp_lvl,1,exepi,40,1.0174225993635513,1.0906474843743816,1.071970963743715,-0.1491217471096289,-0.260536121660276,0.6027748719895303,1.0,1.0
w_ec_food_retail_sell_price_exp_lvl,1,excovid+exepi,34,0.9890805775677304,1.0634259867791889,1.0751661804888364,-0.1559823156669531,-0.09124522578848526,0.5363511300869162,1.0,1.0
w_ec_food_retail_sell_price_exp_lvl,1,2015+,46,1.221972056338905,1.1157248712361747,0.9130526884378579,0.1663347881364,1.192978926313601,0.116438813210759,1.0,1.0
w_ec_food_retail_sell_price_exp_d4,1,full2010,46,1.2295521441968198,1.222358670407213,0.9941495171038022,0.011666737642276992,1.350407028278293,0.08844272882176929,1.0,1.0
w_ec_food_retail_sell_price_exp_d4,1,exepi,36,0.8280632152703166,0.844952094618705,1.0203956401358503,-0.041207262408251566,1.0631172626243832,0.14386438844696392,1.0,1.0
w_ec_food_retail_sell_price_exp_d4,1,excovid+exepi,30,0.745023994592493,0.7464195128631629,1.0018731185583267,-0.003749745689787032,1.1642160226651204,0.12216823928166498,1.0,1.0
w_ec_food_retail_sell_price_exp_d4,1,2015+,46,1.2295521441968198,1.222358670407213,0.9941495171038022,0.011666737642276992,1.350407028278293,0.08844272882176929,1.0,1.0
w_ec_cons_price_exp_lvl,1,full2010,66,1.2360220467807403,1.2628433120213485,1.0216996657223592,-0.043870206937180356,0.6552687401658075,0.2561473717083027,1.0,1.0
w_ec_cons_price_exp_lvl,1,exepi,56,1.075446530696677,1.1081866348052656,1.0304432653545124,-0.061813323114469965,0.4362405985660857,0.3313310874465101,1.0,1.0
w_ec_cons_price_exp_lvl,1,excovid+exepi,50,1.0623106168961156,1.0964719020595652,1.032157529652921,-0.0653491660192207,0.5127825818295552,0.3040517076283239,1.0,1.0
w_ec_cons_price_exp_lvl,1,2015+,46,1.153536917945576,1.1431623229291112,0.9910062739604888,0.01790656497094867,1.0443184075047838,0.14816904959370802,1.0,1.0
w_ec_cons_price_exp_d4,1,full2010,66,1.2360220467807403,1.2892075188383267,1.0430295496719575,-0.08791064148888639,-0.22658029241068256,0.589624940929276,1.0,1.0
w_ec_cons_price_exp_d4,1,exepi,56,1.075446530696677,1.1264100850053251,1.0473882734789557,-0.09702219542122759,-0.2890853753025325,0.6137419775718183,1.0,1.0
w_ec_cons_price_exp_d4,1,excovid+exepi,50,1.0623106168961156,1.118100652245736,1.0525176294600433,-0.10779336032418918,-0.2441046178595196,0.596425101909366,1.0,1.0
w_ec_cons_price_exp_d4,1,2015+,46,1.153536917945576,1.1829960359045735,1.0255380798834455,-0.05172835329102421,0.05914268487111386,0.4764192302565744,1.0,1.0
w_hh_saving_lvl,1,full2010,66,1.2360220467807403,1.2992900404817072,1.0511867841400973,-0.1049936551507995,-1.8374954977194817,0.9669316097418942,1.0,1.0
w_hh_saving_lvl,1,exepi,56,1.075446530696677,1.136780286464869,1.0570309671541365,-0.11731446552280911,-1.445211771647503,0.9258007945517197,1.0,1.0
w_hh_saving_lvl,1,excovid+exepi,50,1.0623106168961156,1.1284044447867265,1.0622170454096802,-0.12830505155887062,-1.685143261921687,0.9540195326744522,1.0,1.0
w_hh_saving_lvl,1,2015+,46,1.153536917945576,1.2005716486858649,1.0407743610183338,-0.08321127055312094,-1.0420540050125349,0.8513066792847855,1.0,1.0
w_hh_saving_d4,1,full2010,66,1.2360220467807403,1.273531710644224,1.0303470831779893,-0.0616151118133903,-1.0078885215674034,0.8432460086549669,1.0,1.0
w_hh_saving_d4,1,exepi,56,1.075446530696677,1.0930164957684052,1.0163373673820366,-0.032941644337048936,-0.026832452799353524,0.5107033155300096,1.0,1.0
w_hh_saving_d4,1,excovid+exepi,50,1.0623106168961156,1.0866763185031978,1.0229365133130972,-0.04639911026915633,-0.4483845538652959,0.6730621563338811,1.0,1.0
w_hh_saving_d4,1,2015+,46,1.153536917945576,1.1988803486857451,1.0393081747404538,-0.08016148208233354,-0.8715972838342781,0.8082859435108065,1.0,1.0
nw_food_cpi_yoy,1,full2010,66,1.2360220467807403,1.322786240768796,1.0701963158456889,-0.14532015444968538,-1.0945799499943456,0.8631496482547185,1.0,1.0
nw_food_cpi_yoy,1,exepi,56,1.075446530696677,1.0833516107628913,1.007350509616776,-0.014755049225178452,-0.31842789161819796,0.6249198079912724,1.0,1.0
nw_food_cpi_yoy,1,excovid+exepi,50,1.0623106168961156,1.0769882925688001,1.0138167457231766,-0.027824393908732148,-0.8085152731292355,0.7906029912998347,1.0,1.0
nw_food_cpi_yoy,1,2015+,46,1.153536917945576,1.27481103804251,1.105132413371668,-0.22131765108468726,-1.0405039264458127,0.8509470795986316,1.0,1.0
nw_food_cpi_dyoy,1,full2010,66,1.2360220467807403,1.2804116808305688,1.0359133028132004,-0.07311637094535328,-0.726270081000535,0.7661633914824733,1.0,1.0
nw_food_cpi_dyoy,1,exepi,56,1.075446530696677,1.068580012712417,0.9936151935142589,0.012728847217621908,0.6359234853939135,0.26241314718736364,1.0,1.0
nw_food_cpi_dyoy,1,excovid+exepi,50,1.0623106168961156,1.0524728767225013,0.9907392997705714,0.018435639890117872,0.6985024599642601,0.24243150999444785,1.0,1.0
nw_food_cpi_dyoy,1,2015+,46,1.153536917945576,1.2096781103809018,1.0486687435503252,-0.09970613369941783,-0.6138880357715181,0.7303553416008671,1.0,1.0
nw_food_cpi_xvat_yoy,1,full2010,66,1.2360220467807403,1.3100765857307597,1.0599136068348431,-0.12341685395364643,-1.4125993511266413,0.9211132200214652,1.0,1.0
nw_food_cpi_xvat_yoy,1,exepi,56,1.075446530696677,1.0952678144245063,1.0184307477518098,-0.037201187966310334,-1.8415135923320762,0.9672268347122536,1.0,1.0
nw_food_cpi_xvat_yoy,1,excovid+exepi,50,1.0623106168961156,1.0862956885682828,1.0225782095092368,-0.04566619456311671,-2.08002631657829,0.9812384404386347,1.0,1.0
nw_food_cpi_xvat_yoy,1,2015+,46,1.153536917945576,1.2511388666037586,1.0846110316365163,-0.17638108994762813,-1.2146006275112093,0.8877407752883518,1.0,1.0
nw_food_cpi_xvat_dyoy,1,full2010,66,1.2360220467807403,1.2817992880204852,1.0370359423272206,-0.07544354567850653,0.6513431680365528,0.2574124941001539,1.0,1.0
nw_food_cpi_xvat_dyoy,1,exepi,56,1.075446530696677,1.0727622894052435,0.9975040681104856,0.004985634103031655,0.9934247053295711,0.16025151345069177,1.0,1.0
nw_food_cpi_xvat_dyoy,1,excovid+exepi,50,1.0623106168961156,1.0508866875102303,0.9892461496626438,0.02139205537763411,1.135691197924976,0.12804291284257852,1.0,1.0
nw_food_cpi_xvat_dyoy,1,2015+,46,1.153536917945576,1.2080674802781701,1.047272489925777,-0.09677966815533678,0.4768837977868082,0.31672243498070685,1.0,1.0
nw_real_wage_yoy,1,full2010,66,1.2360220467807403,1.291775404004181,1.0451070896094872,-0.09224882875201268,-0.5139043044600976,0.6963405510549816,1.0,1.0
nw_real_wage_yoy,1,exepi,56,1.075446530696677,1.0541373656292947,0.9801857512585231,0.0392358930297646,1.6145422426068265,0.05320493092656031,1.0,1.0
nw_real_wage_yoy,1,excovid+exepi,50,1.0623106168961156,1.035151631982326,0.9744340454836614,0.05047829100234569,1.6966011309585296,0.04488604793069906,1.0,1.0
nw_real_wage_yoy,1,2015+,46,1.153536917945576,1.2687620597967328,1.0998885601826862,-0.20975484482074247,-1.145254938557841,0.8739482167917293,1.0,1.0
nw_real_wage_dyoy,1,full2010,66,1.2360220467807403,1.250333527029772,1.0115786609844917,-0.02329138735917713,-1.0169667079100337,0.8454153663828035,1.0,1.0
nw_real_wage_dyoy,1,exepi,56,1.075446530696677,1.0764214431147345,1.0009065187252275,-0.0018138592266541131,0.17442862529368222,0.4307643097035282,1.0,1.0
nw_real_wage_dyoy,1,excovid+exepi,50,1.0623106168961156,1.0547398628189617,0.9928733141166617,0.014202582114996809,1.5259389369329361,0.06351253626910891,1.0,1.0
nw_real_wage_dyoy,1,2015+,46,1.153536917945576,1.1759760814555495,1.0194524883953755,-0.039283376095523126,-1.134398301009252,0.8716862442850608,1.0,1.0
nw_cons_conf_z,1,full2010,66,1.2360220467807403,1.3839153228690326,1.1196526198488814,-0.25362198913446377,-0.8009879133788421,0.7884306784681414,1.0,1.0
nw_cons_conf_z,1,exepi,56,1.075446530696677,1.0868614284061127,1.0106141006397047,-0.021340860411799056,1.2418354350574459,0.10714864287592762,1.0,1.0
nw_cons_conf_z,1,excovid+exepi,50,1.0623106168961156,1.0865322403389936,1.0228008861604427,-0.04612165273058699,0.8387703044485121,0.20079910881922713,1.0,1.0
nw_cons_conf_z,1,2015+,46,1.153536917945576,1.3735193163550425,1.1907025210786062,-0.41777249370294856,-0.936831256448283,0.8255773177118814,1.0,1.0
nw_cons_conf_z_d4,1,full2010,66,1.2360220467807403,1.3031009219699563,1.054269966594791,-0.11148516246378182,-1.1413968057568065,0.8731475833252191,1.0,1.0
nw_cons_conf_z_d4,1,exepi,56,1.075446530696677,1.0933696541274776,1.0166657503829502,-0.033609248001727154,-0.36126467513309724,0.6410492009068457,1.0,1.0
nw_cons_conf_z_d4,1,excovid+exepi,50,1.0623106168961156,1.0881728658423604,1.0243452795584493,-0.04928325175367765,-0.5855464797236967,0.7209098383644547,1.0,1.0
nw_cons_conf_z_d4,1,2015+,46,1.153536917945576,1.2209668380004501,1.058454930228818,-0.12032683932569199,-0.8040585359285205,0.7893184151493371,1.0,1.0
nw_retail_food_vol_yoy,1,full2010,66,1.2360220467807403,1.4108859340424502,1.1414731134587353,-0.3029608687491787,-0.7944121889450498,0.7865222447213402,1.0,1.0
nw_retail_food_vol_yoy,1,exepi,56,1.075446530696677,1.1240318362410802,1.0451768676151008,-0.09239468459771394,0.8133798450551079,0.20800015565914665,1.0,1.0
nw_retail_food_vol_yoy,1,excovid+exepi,50,1.0623106168961156,1.1041228797879148,1.0393597336097113,-0.08026865584925003,0.3138783171569916,0.376806729583959,1.0,1.0
nw_retail_food_vol_yoy,1,2015+,46,1.153536917945576,1.3929970928617734,1.2075877860438753,-0.4582682610023483,-0.905237150902695,0.817330117912207,1.0,1.0
nw_retail_food_vol_dyoy,1,full2010,66,1.2400928021045827,1.258545411122268,1.0148800226776327,-0.029981460430152262,0.4146673654658201,0.3391927128365477,1.0,1.0
nw_retail_food_vol_dyoy,1,exepi,56,1.06950285173218,1.0691449600355274,0.9996653662997971,0.0006691554206925687,0.5939150105328176,0.2762844794122452,1.0,1.0
nw_retail_food_vol_dyoy,1,excovid+exepi,50,1.0567459450262164,1.0598953402844538,1.0029802766436535,-0.005969435336179663,0.48306163058531937,0.31452598838705614,1.0,1.0
nw_retail_food_vol_dyoy,1,2015+,46,1.1652594571332804,1.1511032186041448,0.9878514279009053,0.024149556394142513,1.1310511519197113,0.12901678123331806,1.0,1.0
nw_food_ppi_yoy,1,full2010,66,1.2360220467807403,1.3081038496140935,1.0583175704843555,-0.12003607999590882,-1.0876424170166226,0.8616235012309265,1.0,1.0
nw_food_ppi_yoy,1,exepi,56,1.075446530696677,1.0858510950197136,1.0096746458573784,-0.019442890487222586,-2.3989637043247116,0.9917792278411124,1.0,1.0
nw_food_ppi_yoy,1,excovid+exepi,50,1.0623106168961156,1.0743540463114827,1.0113370131332735,-0.022802554133330988,-2.559983418364715,0.9947661421180787,1.0,1.0
nw_food_ppi_yoy,1,2015+,46,1.153536917945576,1.2565029722862995,1.0892611694856753,-0.18648989534930105,-0.9556812238534155,0.8303833442866865,1.0,1.0
nw_food_ppi_dyoy,1,full2010,66,1.2400928021045827,1.2444357122913674,1.0035020848273728,-0.007016434252883785,1.3160088695876964,0.09408553285388921,1.0,1.0
nw_food_ppi_dyoy,1,exepi,56,1.06950285173218,1.0454095544493416,0.9774724328749412,0.0445476429695435,1.1402742995663917,0.12708602075978215,1.0,1.0
nw_food_ppi_dyoy,1,excovid+exepi,50,1.0567459450262164,1.024666716179441,0.9696433859076888,0.05979170416547286,1.2071063104197046,0.11369560248336019,1.0,1.0
nw_food_ppi_dyoy,1,2015+,46,1.1652594571332804,1.1822520084256256,1.014582633239596,-0.029377919671392583,1.038162066934832,0.1495973047397119,1.0,1.0
fao_ffpi_sek_yoy,1,full2010,66,1.2360220467807403,1.1983781811337004,0.9695443412639082,0.05998377032313429,1.4742496076322855,0.07020719882040427,1.0,1.0
fao_ffpi_sek_yoy,1,exepi,56,1.075446530696677,1.0570030002471458,0.9828503510652609,0.03400518741089342,1.5540973447035642,0.06008059925058307,1.0,1.0
fao_ffpi_sek_yoy,1,excovid+exepi,50,1.0623106168961156,1.0383547403798614,0.977449273183159,0.04459291835371426,1.8022026989766375,0.03575676011628359,1.0,1.0
fao_ffpi_sek_yoy,1,2015+,46,1.153536917945576,1.1058298291081732,0.9586427724200037,0.0810040348868889,1.3031773246680727,0.09625711481891464,1.0,1.0
fao_ffpi_sek_dyoy,1,full2010,66,1.2360220467807403,1.2401772878023336,1.003361785521881,-0.006734872645657308,0.39542149262130494,0.3462659249778335,1.0,1.0
fao_ffpi_sek_dyoy,1,exepi,56,1.075446530696677,1.0792798562252326,1.003564403639921,-0.007141512253150184,0.14908408673305765,0.4407436412526531,1.0,1.0
fao_ffpi_sek_dyoy,1,excovid+exepi,50,1.0623106168961156,1.0647449235987336,1.002291520638032,-0.004588292342898592,0.32652039451273807,0.37201533075660354,1.0,1.0
fao_ffpi_sek_dyoy,1,2015+,46,1.153536917945576,1.1608753798467042,1.0063617052796177,-0.012763881853300019,0.27987702471805076,0.38978592734820294,1.0,1.0
wb_food_sek_yoy,1,full2010,66,1.2360220467807403,1.2330167504394582,0.9975685738380561,0.00485694049070684,0.8081291316416845,0.2095081245027004,1.0,1.0
wb_food_sek_yoy,1,exepi,56,1.075446530696677,1.0675934962992562,0.9926978848568756,0.014550909400685375,0.9817173148980571,0.16311956638342773,1.0,1.0
wb_food_sek_yoy,1,excovid+exepi,50,1.0623106168961156,1.0530291205088562,0.9912629166652045,0.017397830044391882,1.0124724244272014,0.15565611251839584,1.0,1.0
wb_food_sek_yoy,1,2015+,46,1.153536917945576,1.1411613036539028,0.9892715923529228,0.02134171656351247,1.2845828694623371,0.09946904402206225,1.0,1.0
wb_food_sek_dyoy,1,full2010,66,1.2360220467807403,1.2441929567803356,1.00661065069258,-0.013265002087739397,-0.7333270412799232,0.7683205070211157,1.0,1.0
wb_food_sek_dyoy,1,exepi,56,1.075446530696677,1.0805006522138954,1.00469955629867,-0.009421198426744493,-0.5826057702753594,0.7199206399728625,1.0,1.0
wb_food_sek_dyoy,1,excovid+exepi,50,1.0623106168961156,1.0679713198571334,1.005328670231648,-0.010685735189733592,-0.5799917295122828,0.7190399024521634,1.0,1.0
wb_food_sek_dyoy,1,2015+,46,1.153536917945576,1.1635760261126977,1.008702892825486,-0.01748152599450381,-0.6467471813399445,0.7411022091208546,1.0,1.0
fao_ffpi_wloc_yoy,1,full2010,66,1.2360220467807403,1.199060897310054,0.9700966907775207,0.0589124105425034,1.4443998843705392,0.07431326162045226,1.0,1.0
fao_ffpi_wloc_yoy,1,exepi,56,1.075446530696677,1.0550955192307594,0.9810766868597975,0.03748853450020273,1.6663314618987581,0.0478237067997076,1.0,1.0
fao_ffpi_wloc_yoy,1,excovid+exepi,50,1.0623106168961156,1.0357120099953199,0.9749615541088047,0.04944996800974433,2.0453205310901432,0.020411633940920604,1.0,1.0
fao_ffpi_wloc_yoy,1,2015+,46,1.153536917945576,1.1094770779165997,0.9618045687627875,0.07493197150702835,1.2056696421280046,0.1139724474208117,1.0,1.0
fao_ffpi_wloc_dyoy,1,full2010,66,1.2360220467807403,1.2367335604992846,1.0005756480803862,-0.0011516275314849,0.5882368072948362,0.27818667744910486,1.0,1.0
fao_ffpi_wloc_dyoy,1,exepi,56,1.075446530696677,1.0708332616323306,0.9957103687327367,0.008560861598117642,0.7191863857889125,0.23601304328992734,1.0,1.0
fao_ffpi_wloc_dyoy,1,excovid+exepi,50,1.0623106168961156,1.0530544433552809,0.9912867541812962,0.01735057098471049,1.0521452124373518,0.14636646570847212,1.0,1.0
fao_ffpi_wloc_dyoy,1,2015+,46,1.153536917945576,1.1694373413309207,1.0137840611236466,-0.02775812258835364,0.04860362945912293,0.4806175887477492,1.0,1.0
wb_food_wloc_yoy,1,full2010,66,1.2360220467807403,1.2283657544919968,0.9938056992521415,0.012350232133962136,0.9283269667845463,0.1766189949182334,1.0,1.0
wb_food_wloc_yoy,1,exepi,56,1.075446530696677,1.067071497070525,0.9922125057944754,0.015514343345048087,0.9544444560317934,0.16992935613316384,1.0,1.0
wb_food_wloc_yoy,1,excovid+exepi,50,1.0623106168961156,1.0527745644844726,0.9910232918131745,0.01787283508377957,0.9589245994990062,0.1687983656043539,1.0,1.0
wb_food_wloc_yoy,1,2015+,46,1.153536917945576,1.1346385204838176,0.9836169981491222,0.03249760095210974,1.2769259419703742,0.10081419720835161,1.0,1.0
wb_food_wloc_dyoy,1,full2010,66,1.2360220467807403,1.2403707579789658,1.0035183119990068,-0.007049002517335978,0.04213698065309037,0.4831947500200853,1.0,1.0
wb_food_wloc_dyoy,1,exepi,56,1.075446530696677,1.0718184359592717,0.9966264294561861,0.006735760109413791,0.6394845457413634,0.2612538820541991,1.0,1.0
wb_food_wloc_dyoy,1,excovid+exepi,50,1.0623106168961156,1.0572980525057343,0.9952814512905583,0.009414832716959975,0.744400515084482,0.22831710373282965,1.0,1.0
wb_food_wloc_dyoy,1,2015+,46,1.153536917945576,1.1714480062627637,1.0155271045412981,-0.031295300058032716,-0.7295964591526182,0.7671815563906041,1.0,1.0
eu_agri_basket_yoy,1,full2010,66,1.2360220467807403,1.2090627268205996,0.9781886415130238,0.043146981614905044,1.3994291306762676,0.08084216821174428,1.0,1.0
eu_agri_basket_yoy,1,exepi,56,1.075446530696677,1.0787477217092005,1.0030696003179118,-0.006148623081935423,1.1277278314239239,0.1297174400037231,1.0,1.0
eu_agri_basket_yoy,1,excovid+exepi,50,1.0623106168961156,1.0538864002689246,0.9920699120453064,0.015797289614418064,1.7289082075864541,0.041912762442722906,1.0,1.0
eu_agri_basket_yoy,1,2015+,46,1.153536917945576,1.1075932895523959,0.9601715145146766,0.07807066271459207,1.3445834729215664,0.08937989173554628,1.0,1.0
eu_agri_basket_dyoy,1,full2010,66,1.2400928021045827,1.231445047774241,0.9930265264699016,0.01389831772712169,1.485119572422023,0.06875607610745815,1.0,1.0
eu_agri_basket_dyoy,1,exepi,56,1.06950285173218,1.0701228784085293,1.0005797335419395,-0.0011598031748587534,1.258565820288301,0.10409359956641406,1.0,1.0
eu_agri_basket_dyoy,1,excovid+exepi,50,1.0567459450262164,1.0389812999096923,0.9831892942668605,0.03333881163903274,1.8211012792657382,0.03429573143463194,1.0,1.0
eu_agri_basket_dyoy,1,2015+,46,1.1652594571332804,1.146460464549428,0.9838671186328745,0.03200549287304533,1.3853460107430355,0.0829733455397843,1.0,1.0
eu_agri_basket_wloc_yoy,1,full2010,66,1.2360220467807403,1.2285777007071323,0.9939771737138532,0.012009378135820481,0.8681272172689546,0.19266234636633106,1.0,1.0
eu_agri_basket_wloc_yoy,1,exepi,56,1.075446530696677,1.0890748286770806,1.0126722227385636,-0.025505030706262977,0.0016137983781210848,0.49935618787437575,1.0,1.0
eu_agri_basket_wloc_yoy,1,excovid+exepi,50,1.0623106168961156,1.0651916291711707,1.002712024363903,-0.005431403803956236,0.7656220056798815,0.22195062343959449,1.0,1.0
eu_agri_basket_wloc_yoy,1,2015+,46,1.153536917945576,1.1357308922143126,0.9845639741093198,0.03063378088606261,1.0070230618398281,0.15696184592987195,1.0,1.0
eu_agri_basket_wloc_dyoy,1,full2010,66,1.2400928021045827,1.2276525844138761,0.9899683171536887,0.01996273103189361,1.307320207615636,0.09555199200774456,1.0,1.0
eu_agri_basket_wloc_dyoy,1,exepi,56,1.06950285173218,1.056559871704535,0.9878981341595467,0.02405727652408618,1.17746947723357,0.11950408663944234,1.0,1.0
eu_agri_basket_wloc_dyoy,1,excovid+exepi,50,1.0567459450262164,1.025232431428657,0.9701787229505029,0.058753245534131304,1.8136467163495689,0.03486606664182934,1.0,1.0
eu_agri_basket_wloc_dyoy,1,2015+,46,1.1652594571332804,1.147914555380871,0.9851149873564806,0.02954846168564107,1.246386763435641,0.1063112191830482,1.0,1.0
elec_nordic_loc_yoy,1,full2010,66,1.2360220467807403,1.2780150973256827,1.0339743539804283,-0.06910296468924404,-0.42252924295866623,0.663680619695775,1.0,1.0
elec_nordic_loc_yoy,1,exepi,56,1.075446530696677,1.1402056738191264,1.0602160509834908,-0.12405807476302799,-1.0002710284338239,0.8414103181278901,1.0,1.0
elec_nordic_loc_yoy,1,excovid+exepi,50,1.0623106168961156,1.139453631481741,1.0726181338665555,-0.15050966109937192,-1.0964507905357026,0.8635592263643266,1.0,1.0
elec_nordic_loc_yoy,1,2015+,46,1.153536917945576,1.1295946694068186,0.9792444886970779,0.04108023135639849,0.9207700800556504,0.17858523952448857,1.0,1.0
elec_nordic_loc_dyoy,1,full2010,66,1.2360220467807403,1.2755443516999025,1.031975404501966,-0.0649732354969963,-2.2265961715273326,0.9870128624678046,1.0,1.0
elec_nordic_loc_dyoy,1,exepi,56,1.075446530696677,1.1155957698477532,1.0373326223155581,-0.07605896932007239,-1.6760710526543885,0.9531378619941301,1.0,1.0
elec_nordic_loc_dyoy,1,excovid+exepi,50,1.0623106168961156,1.10665333116313,1.0417417594832816,-0.08522589345132348,-1.645283258880212,0.9500442947097609,1.0,1.0
elec_nordic_loc_dyoy,1,2015+,46,1.153536917945576,1.1705352594971625,1.0147358452834438,-0.02968883570310532,-1.8770592724796602,0.969745014706983,1.0,1.0
natgas_eu_eur_yoy,1,full2010,58,1.3064789251462403,1.3013623447738154,0.9960836870201697,0.007817288452304672,0.8190703750015607,0.20637313149256942,1.0,1.0
natgas_eu_eur_yoy,1,exepi,48,1.1476326025988703,1.1457820388306381,0.9983874946005877,0.003222410625161376,0.5158850530267955,0.3029673470459324,1.0,1.0
natgas_eu_eur_yoy,1,excovid+exepi,42,1.1428714966856206,1.1464489798822932,1.0031302584822943,-0.006270315482754585,0.3323704338123513,0.36980478057775534,1.0,1.0
natgas_eu_eur_yoy,1,2015+,42,1.1859629197331416,1.1542624750595667,0.9732702902037544,0.05274494220669956,1.0745422937864524,0.14128984978371018,1.0,1.0
natgas_eu_eur_dyoy,1,full2010,50,1.3731420162144872,1.4735712118062336,1.0731382438275483,-0.1516256903652744,-1.8079804758178843,0.9646952303316538,1.0,1.0
natgas_eu_eur_dyoy,1,exepi,40,1.1968267237529098,1.2918275178692542,1.0793772333378795,-0.1650552118481352,-1.235651976230523,0.891706022170839,1.0,1.0
natgas_eu_eur_dyoy,1,excovid+exepi,34,1.2022283304234658,1.3018943985172629,1.0829011141824376,-0.17267482309756477,-1.0633181012102249,0.8561811404433934,1.0,1.0
natgas_eu_eur_dyoy,1,2015+,38,1.2348215552199564,1.2957595389993912,1.049349627500291,-0.10113464073499934,-1.8782581277736479,0.9698270691511162,1.0,1.0
brent_nok_yoy,1,full2010,66,1.2360220467807403,1.2278701570336392,0.993404737586734,0.013147027340232209,0.8027759570530967,0.21105212058275336,1.0,1.0
brent_nok_yoy,1,exepi,56,1.075446530696677,1.076978258583104,1.0014242715399666,-0.0028505716293527605,0.18190705400210228,0.4278278342843982,1.0,1.0
brent_nok_yoy,1,excovid+exepi,50,1.0623106168961156,1.0666795220776777,1.004112643808764,-0.008242201456625686,-0.13759143949981534,0.5547183392663888,1.0,1.0
brent_nok_yoy,1,2015+,46,1.153536917945576,1.1396548538502278,0.9879656525253897,0.023923869430080957,0.8304830204563481,0.20313287198335617,1.0,1.0
brent_nok_dyoy,1,full2010,66,1.2360220467807403,1.2512588156472046,1.0123272630177989,-0.024806487449107628,-0.5496701231134061,0.7087271736992653,1.0,1.0
brent_nok_dyoy,1,exepi,56,1.075446530696677,1.0892896557536014,1.0128719789053173,-0.0259096456515735,-0.2715808662970473,0.6070278434213774,1.0,1.0
brent_nok_dyoy,1,excovid+exepi,50,1.0623106168961156,1.0790906551474173,1.0157957926659247,-0.03184109239779431,-0.32380242592556313,0.6269561902776458,1.0,1.0
brent_nok_dyoy,1,2015+,46,1.153536917945576,1.1675387862852369,1.0121382056541355,-0.02442374734477304,-1.5012982782793567,0.9333607849424489,1.0,1.0
packaging_eu_yoy,1,full2010,66,1.2360220467807403,1.201474417228711,0.9720493419660193,0.055120076783428784,1.491865222374091,0.06786724068872674,1.0,1.0
packaging_eu_yoy,1,exepi,56,1.075446530696677,1.0715332994906444,0.99636129635985,0.007264167116119102,1.3316105547571653,0.09149409739495828,1.0,1.0
packaging_eu_yoy,1,excovid+exepi,50,1.0623106168961156,1.0622584078742043,0.9999508533369799,9.829091064583739e-05,1.2593768565892625,0.10394712235231818,1.0,1.0
packaging_eu_yoy,1,2015+,46,1.153536917945576,1.0656000695504697,0.923767634111165,0.14665335816866076,1.3667040937614963,0.08585903709278475,1.0,1.0
packaging_eu_dyoy,1,full2010,66,1.2400928021045827,1.2634231384567742,1.0188133793798313,-0.03798070200335202,1.7915216968409036,0.03660480801860333,1.0,1.0
packaging_eu_dyoy,1,exepi,56,1.06950285173218,1.1081509869733988,1.036136542486655,-0.07357893467620014,1.771030056642691,0.038277851843206534,1.0,1.0
packaging_eu_dyoy,1,excovid+exepi,50,1.0567459450262164,1.116259208480695,1.0563174751079856,-0.11580660821850963,1.6407571157130545,0.05042392174885091,1.0,1.0
packaging_eu_dyoy,1,2015+,46,1.1652594571332804,1.1892858214119,1.020618896617006,-0.04166293213171479,1.470298799869455,0.07074042297824334,1.0,1.0
packaging_us_yoy,1,full2010,66,1.2360220467807403,1.1956899091498692,0.9673694027255278,0.06419643867045555,1.5120885557178554,0.06525566791637138,1.0,1.0
packaging_us_yoy,1,exepi,56,1.075446530696677,1.0576128115703018,0.9834173818806013,0.03289025301510351,1.0322664247361009,0.15097366258931588,1.0,1.0
packaging_us_yoy,1,excovid+exepi,50,1.0623106168961156,1.0462803624965842,0.9849100120580843,0.02995226814774432,0.8843899331589036,0.18824287768055137,1.0,1.0
packaging_us_yoy,1,2015+,46,1.153536917945576,1.084527694197177,0.940175972979432,0.11606913983217837,1.711967429769118,0.04345133544180957,1.0,1.0
packaging_us_dyoy,1,full2010,66,1.2360220467807403,1.2207731457499382,0.9876629214903421,0.024521953513162442,1.2647541959627093,0.10297972775532171,1.0,1.0
packaging_us_dyoy,1,exepi,56,1.075446530696677,1.064561202115272,0.9898783172657096,0.020140917007207104,1.1520437113704731,0.12465155583210785,1.0,1.0
packaging_us_dyoy,1,excovid+exepi,50,1.0623106168961156,1.0582281809640601,0.996157022374507,0.007671186773955951,0.6985290714495657,0.2424231918248505,1.0,1.0
packaging_us_dyoy,1,2015+,46,1.153536917945576,1.128030719090684,0.9778887017328254,0.04373368702328928,1.345318439518751,0.08926121064315917,1.0,1.0
price_cost_gap_ppi,1,full2010,66,1.2360220467807403,1.2129587831070494,0.9813407343875783,0.03697036303164847,1.1530103751879395,0.12445306300446624,1.0,1.0
price_cost_gap_ppi,1,exepi,56,1.075446530696677,1.0768834237409637,1.0013360897108998,-0.0026739645575151183,0.6231715613708216,0.2665858938811273,1.0,1.0
price_cost_gap_ppi,1,excovid+exepi,50,1.0623106168961156,1.0622738938532494,0.9999654309744419,6.91368560986616e-05,0.6535525694309743,0.2567000552138571,1.0,1.0
price_cost_gap_ppi,1,2015+,46,1.153536917945576,1.075660076530451,0.9324886440966086,0.13046492863086845,1.7486967789283265,0.040171723564967565,1.0,1.0
price_cost_gap_ppi_d4,1,full2010,66,1.2400928021045827,1.2359467657889394,0.9966566725420815,0.00667547707734617,0.8551748167133069,0.19622718778815895,1.0,1.0
price_cost_gap_ppi_d4,1,exepi,56,1.06950285173218,1.0687267129735425,0.9992742994959007,0.0014508743669768842,0.5621958369460497,0.2869912987563692,1.0,1.0
price_cost_gap_ppi_d4,1,excovid+exepi,50,1.0567459450262164,1.0515411869840414,0.995074731001645,0.009826279722003783,0.6629660216792772,0.2536761579600224,1.0,1.0
price_cost_gap_ppi_d4,1,2015+,46,1.1652594571332804,1.1447201140973238,0.9823735882079974,0.03494213319134398,1.1221892939243794,0.13089098185460224,1.0,1.0
price_cost_gap_fao_nok,1,full2010,66,1.2360220467807403,1.2168225066367473,0.9844666685404205,0.030825378532925773,1.111752186683251,0.13312235740319678,1.0,1.0
price_cost_gap_fao_nok,1,exepi,56,1.075446530696677,1.0594875245200248,0.9851605768198314,0.029458637880017124,1.2816658462669404,0.0999799453925021,1.0,1.0
price_cost_gap_fao_nok,1,excovid+exepi,50,1.0623106168961156,1.0373327533968328,0.9764872316043836,0.04647268651360703,1.7847719501331676,0.03714915744328384,1.0,1.0
price_cost_gap_fao_nok,1,2015+,46,1.153536917945576,1.134882472414575,0.9838284798338105,0.032081522267893514,0.86288666708128,0.1940998909913273,1.0,1.0
price_cost_gap_fao_nok_d4,1,full2010,66,1.2360220467807403,1.246257476726122,1.008280944479947,-0.01663046300137383,0.09715708057628364,0.4613008257375486,1.0,1.0
price_cost_gap_fao_nok_d4,1,exepi,56,1.075446530696677,1.0798439680813574,1.0040889409739708,-0.008194601386230183,0.053345017392469246,0.4787285062741442,1.0,1.0
price_cost_gap_fao_nok_d4,1,excovid+exepi,50,1.0623106168961156,1.0554351750735196,0.9935278423153815,0.01290242654414242,0.8580709110756133,0.19542665431655248,1.0,1.0
price_cost_gap_fao_nok_d4,1,2015+,46,1.153536917945576,1.1811401533305668,1.0239292171369354,-0.04843104170665735,-0.3134882324102286,0.6230451201784779,1.0,1.0
price_cost_gap_agri,1,full2010,66,1.2360220467807403,1.208213737120257,0.9775017688940817,0.04449029180894126,1.4814587538797657,0.06924218410336347,1.0,1.0
price_cost_gap_agri,1,exepi,56,1.075446530696677,1.0735616117690832,0.9982473150697946,0.003502297955946254,1.3784857287241494,0.08402668553836778,1.0,1.0
price_cost_gap_agri,1,excovid+exepi,50,1.0623106168961156,1.0489977511739077,0.9874680102877011,0.02490692865844857,1.8957576598930561,0.02899604847043069,1.0,1.0
price_cost_gap_agri,1,2015+,46,1.153536917945576,1.103444066275179,0.956574557007147,0.08496511688658048,1.4347205664859828,0.07568337057270025,1.0,1.0
price_cost_gap_agri_d4,1,full2010,66,1.2400928021045827,1.2431201537824994,1.002441229940839,-0.0048884194853020535,0.9603360750066777,0.1684430497360634,1.0,1.0
price_cost_gap_agri_d4,1,exepi,56,1.06950285173218,1.0793758542908278,1.0092313943274274,-0.018548007296083302,0.7919275161533321,0.21420147082284013,1.0,1.0
price_cost_gap_agri_d4,1,excovid+exepi,50,1.0567459450262164,1.0531595578257207,0.9966061973387494,0.006776087425997557,1.4654615392630894,0.07139751912213255,1.0,1.0
price_cost_gap_agri_d4,1,2015+,46,1.1652594571332804,1.1607715560789125,0.9961485821660621,0.007688002248544268,1.0557899547079017,0.1455320943069358,1.0,1.0
price_cost_gap_fao_wloc,1,full2010,66,1.2360220467807403,1.2253525704544737,0.9913678915727631,0.0171897035585743,0.9673109515941265,0.16669430528416318,1.0,1.0
price_cost_gap_fao_wloc,1,exepi,56,1.075446530696677,1.0577923966897134,0.9835843684431924,0.03256179015420635,1.2397339896950972,0.10753690041098607,1.0,1.0
price_cost_gap_fao_wloc,1,excovid+exepi,50,1.0623106168961156,1.0376758356322133,0.9768101900968656,0.045841852522925164,1.4871812191315412,0.06848347747640926,1.0,1.0
price_cost_gap_fao_wloc,1,2015+,46,1.153536917945576,1.1432925590375131,0.9911191755125551,0.017682779931312953,0.8341578391663793,0.20209602283869676,1.0,1.0
price_cost_gap_fao_wloc_d4,1,full2010,66,1.2360220467807403,1.2550319471648006,1.0153799039698137,-0.030996349385748134,-0.2322521467952817,0.5918289112216693,1.0,1.0
price_cost_gap_fao_wloc_d4,1,exepi,56,1.075446530696677,1.0890948925500201,1.0126908790570013,-0.02554281652524204,-0.5286562030135823,0.7014780177743495,1.0,1.0
price_cost_gap_fao_wloc_d4,1,excovid+exepi,50,1.0623106168961156,1.0717456780083117,1.0088816406069288,-0.01784216475372813,-0.10814736202107977,0.5430606005108745,1.0,1.0
price_cost_gap_fao_wloc_d4,1,2015+,46,1.153536917945576,1.179518079363544,1.0225230428378833,-0.04555337313444374,-0.23762363262903435,0.593913490368349,1.0,1.0
nw_price_cost_gap_ppi,1,full2010,66,1.2360220467807403,1.189800237555046,0.9626043812518713,0.07339280519470204,1.4776587972272497,0.06974956400478982,1.0,1.0
nw_price_cost_gap_ppi,1,exepi,56,1.075446530696677,1.0615268732693017,0.9870568577515816,0.025718759565574012,0.9079006396242981,0.18196535982961404,1.0,1.0
nw_price_cost_gap_ppi,1,excovid+exepi,50,1.0623106168961156,1.0443208963130821,0.9830654798164437,0.03358226239326545,0.9536876045789068,0.17012089820340148,1.0,1.0
nw_price_cost_gap_ppi,1,2015+,46,1.153536917945576,1.056561915203179,0.9159324671505901,0.16106771561943323,1.8225383939969941,0.03418666680580951,1.0,1.0
nw_price_cost_gap_ppi_d4,1,full2010,66,1.2400928021045827,1.2198434095517594,0.9836710667794719,0.032391232380935664,1.1875420042372646,0.11750694923762972,1.0,1.0
nw_price_cost_gap_ppi_d4,1,exepi,56,1.06950285173218,1.0581802044999211,0.9894131677966818,0.02106158339053532,0.7707573339892434,0.22042539055602994,1.0,1.0
nw_price_cost_gap_ppi_d4,1,excovid+exepi,50,1.0567459450262164,1.0378068882969531,0.9820779470993916,0.03552290582104467,0.9109136775445228,0.18117042921318816,1.0,1.0
nw_price_cost_gap_ppi_d4,1,2015+,46,1.1652594571332804,1.1284383571189966,0.968400942992671,0.062199613610905646,1.2832744517577381,0.09969797005184944,1.0,1.0
price_wage_gap,1,full2010,66,1.2360220467807403,1.3086124776244352,1.058729074479504,-0.12090725314822692,-0.6009349476671708,0.7260583424018113,1.0,1.0
price_wage_gap,1,exepi,56,1.075446530696677,1.0460712210199237,0.9726854763688494,0.05388296406110449,2.042641488874147,0.020543970432833847,1.0,1.0
price_wage_gap,1,excovid+exepi,50,1.0623106168961156,1.0317719717224727,0.9712526217022367,0.056668344836531936,1.9144375112443675,0.02778213821591713,1.0,1.0
price_wage_gap,1,2015+,46,1.153536917945576,1.2879963537988446,1.1165627504083164,-0.2467123755993843,-1.073598877954489,0.8584987496370817,1.0,1.0
price_wage_gap_d4,1,full2010,66,1.2360220467807403,1.2604668937523167,1.0197770315143195,-0.039945194004157525,-1.0961965821301984,0.8635036224789638,1.0,1.0
price_wage_gap_d4,1,exepi,56,1.075446530696677,1.078294135458852,1.0026478348117691,-0.005302680652728542,-0.17353783253535673,0.5688856535430644,1.0,1.0
price_wage_gap_d4,1,excovid+exepi,50,1.0623106168961156,1.0645663757757722,1.0021234456700128,-0.004251400361539037,-0.0035356840279926268,0.5014105309100501,1.0,1.0
price_wage_gap_d4,1,2015+,46,1.153536917945576,1.1875087975974563,1.0294501884797789,-0.059767690561052245,-1.0162819505874456,0.8452524294100285,1.0,1.0
no_cpi_food_idx__yoy,2,full2010,66,1.30334876156064,1.3104382391013885,1.0054394324449731,-0.010908452315269601,1.193573943112913,0.11632233586611584,1.0,1.0
no_cpi_food_idx__yoy,2,exepi,56,1.0930672189758543,1.067799018690189,0.9768832146394982,0.04569918495559999,1.289582244411396,0.0985978719016094,1.0,1.0
no_cpi_food_idx__yoy,2,excovid+exepi,50,1.078048185320906,1.0414612187276748,0.9660618448308596,0.06672451196199625,1.4812220532830238,0.06927370569663127,1.0,1.0
no_cpi_food_idx__yoy,2,2015+,46,1.2509658478321497,1.259801248896519,1.0070628635303518,-0.01417561110195198,1.2279208401913293,0.10973834270713079,1.0,1.0
no_cpi_food_idx__dyoy,2,full2010,66,1.30334876156064,1.3269363652549873,1.018097691416151,-0.036522909266896386,-0.42015006687731665,0.6628120852528564,1.0,1.0
no_cpi_food_idx__dyoy,2,exepi,56,1.0930672189758543,1.1163235946462953,1.021276253890617,-0.04300518676085208,-1.242982542468841,0.8930628666859248,1.0,1.0
no_cpi_food_idx__dyoy,2,excovid+exepi,50,1.078048185320906,1.096201291154585,1.0168388631239849,-0.03396127355927803,-0.8363422296884856,0.7985187988127151,1.0,1.0
no_cpi_food_idx__dyoy,2,2015+,46,1.2509658478321497,1.28056844020776,1.0236637894047307,-0.04788755373845288,-0.31783743251345065,0.6246958725870311,1.0,1.0
no_cpi_total_idx__yoy,2,full2010,66,1.30334876156064,1.348210599766824,1.034420440276067,-0.07002564726093241,-1.0051928572712678,0.8425980030563978,1.0,1.0
no_cpi_total_idx__yoy,2,exepi,56,1.0930672189758543,1.1608523098702432,1.062013652699145,-0.12787299851938028,-1.7906122488996508,0.963322229974683,1.0,1.0
no_cpi_total_idx__yoy,2,excovid+exepi,50,1.078048185320906,1.1543658983909177,1.0707924878583177,-0.1465965520538055,-1.8061139764764715,0.9645497309404572,1.0,1.0
no_cpi_total_idx__yoy,2,2015+,46,1.2509658478321497,1.2874209933682468,1.0291415993484327,-0.059132431509450134,-0.36419733286216616,0.6421446707498556,1.0,1.0
no_cpi_total_idx__dyoy,2,full2010,66,1.30334876156064,1.274869286204669,0.9781489987976285,0.043224536151196924,1.6045268490342386,0.054298985573477676,1.0,1.0
no_cpi_total_idx__dyoy,2,exepi,56,1.0930672189758543,1.0775138915177684,0.9857709323012555,0.02825566902991361,0.9112870208891813,0.18107208162380428,1.0,1.0
no_cpi_total_idx__dyoy,2,excovid+exepi,50,1.078048185320906,1.0636011547749284,0.986598900918629,0.026622608706153295,0.7970892229319069,0.21269960746063932,1.0,1.0
no_cpi_total_idx__dyoy,2,2015+,46,1.2509658478321497,1.2002661985942553,0.959471596026579,0.0794142564182091,2.0461135258902257,0.020372601265202683,1.0,1.0
no_fx_eurnok__yoy,2,full2010,66,1.30334876156064,1.3010326014725018,0.9982229161092961,0.003551009754253154,0.9485239084039787,0.17143140367218979,1.0,1.0
no_fx_eurnok__yoy,2,exepi,56,1.0930672189758543,1.094550175526473,1.0013566929140993,-0.0027152264438619067,0.5865765935944203,0.2787440532411466,1.0,1.0
no_fx_eurnok__yoy,2,excovid+exepi,50,1.078048185320906,1.0828563600705303,1.0044600740626384,-0.008940040385921,0.429272049510326,0.3338626275081622,1.0,1.0
no_fx_eurnok__yoy,2,2015+,46,1.2509658478321497,1.2277967458231347,0.9814790291444281,0.036698915349710926,1.8642435616478792,0.031143754253286193,1.0,1.0
no_fx_eurnok__dyoy,2,full2010,66,1.30334876156064,1.31338591358724,1.0077010485010793,-0.015461403150174746,-2.4354994362882008,0.9925643761141966,1.0,1.0
no_fx_eurnok__dyoy,2,exepi,56,1.0930672189758543,1.0990529191270269,1.0054760586057834,-0.010982104429420714,-1.5918540698867778,0.9442912511328442,1.0,1.0
no_fx_eurnok__dyoy,2,excovid+exepi,50,1.078048185320906,1.0837867950656084,1.005323147724602,-0.010674631350902075,-1.308013045648132,0.9045655577519058,1.0,1.0
no_fx_eurnok__dyoy,2,2015+,46,1.2509658478321497,1.2618887121980433,1.008731544817808,-0.017539329510521506,-1.9774624225677129,0.9760053079762401,1.0,1.0
no_govbond_10y__lvl,2,full2010,66,1.30334876156064,1.3589746643129885,1.0426792155660174,-0.08717994657336536,-0.8378031780520785,0.798929373211676,1.0,1.0
no_govbond_10y__lvl,2,exepi,56,1.0930672189758543,1.1357032171969372,1.0390058337501242,-0.07953312256679079,-0.16394397056032448,0.5651123740651613,1.0,1.0
no_govbond_10y__lvl,2,excovid+exepi,50,1.078048185320906,1.1314662160208067,1.0495506893172863,-0.10155664944639087,-0.3822444234920438,0.6488599630759908,1.0,1.0
no_govbond_10y__lvl,2,2015+,46,1.2509658478321497,1.2869137145568452,1.0287360896278592,-0.05829794210281891,-0.3614901416119546,0.6411334633409953,1.0,1.0
no_govbond_10y__d4,2,full2010,66,1.30334876156064,1.198845150989855,0.9198191507500636,0.15393272991343177,1.7938636999497206,0.03641746330861384,1.0,1.0
no_govbond_10y__d4,2,exepi,56,1.0930672189758543,1.1004853972291522,1.0067865709670154,-0.013619199479521171,1.0486717856242667,0.14716460206138704,1.0,1.0
no_govbond_10y__d4,2,excovid+exepi,50,1.078048185320906,1.0935259426670259,1.0143572036545958,-0.028920536605971048,0.9730694943719385,0.16525938211948887,1.0,1.0
no_govbond_10y__d4,2,2015+,46,1.2509658478321497,1.1936975922545872,0.9542207681554176,0.08946272562088486,1.1361303084839893,0.12795101605494508,1.0,1.0
no_imp_price_food_idx__yoy,2,full2010,66,1.3113152114807478,1.323611580806399,1.00937712703856,-0.018842184588617528,-1.19888385725587,0.8847134452549978,1.0,1.0
no_imp_price_food_idx__yoy,2,exepi,56,1.0920350087280897,1.106552923981214,1.0132943679800464,-0.026765476180081516,-1.4410421734958594,0.925213615697648,1.0,1.0
no_imp_price_food_idx__yoy,2,excovid+exepi,50,1.0792732326514969,1.0966360693855484,1.0160875265028073,-0.032433861514593154,-1.5695453994049937,0.9417395451974483,1.0,1.0
no_imp_price_food_idx__yoy,2,2015+,46,1.2666793975565258,1.2850211238831508,1.0144801647220338,-0.029170004614444967,-1.2484405180483968,0.8940651106913635,1.0,1.0
no_imp_price_food_idx__dyoy,2,full2010,66,1.3110942186633627,1.3334735221999552,1.0170691802450382,-0.034429717404314,-0.8649714750014851,0.8064727773317681,1.0,1.0
no_imp_price_food_idx__dyoy,2,exepi,56,1.0885985216466483,1.1124339009759727,1.0218954728077991,-0.04427035734507534,-0.6738326109161202,0.7497911302612338,1.0,1.0
no_imp_price_food_idx__dyoy,2,excovid+exepi,50,1.0753397588603848,1.100405991818488,1.0233100587526567,-0.047163476344365574,-0.6022470247293588,0.7264951410230365,1.0,1.0
no_imp_price_food_idx__dyoy,2,2015+,46,1.2663226927980233,1.2884225821469903,1.0174520203062427,-0.03520861362525496,-0.79006990251755,0.7852565270720796,1.0,1.0
no_jordbruk_malpris_mnok__lvl,2,full2010,66,1.30334876156064,1.3909767858633415,1.0672329823659594,-0.13898623864974025,0.9147513143328929,0.18016109942038183,1.0,1.0
no_jordbruk_malpris_mnok__lvl,2,exepi,56,1.0930672189758543,1.0259947107721807,0.9386382584352708,0.1189582198016017,1.3186686568012629,0.09363995482583054,1.0,1.0
no_jordbruk_malpris_mnok__lvl,2,excovid+exepi,50,1.078048185320906,0.9847248792209227,0.9134330845590138,0.1656400000330055,1.4744120869718649,0.07018533601964583,1.0,1.0
no_jordbruk_malpris_mnok__lvl,2,2015+,46,1.2509658478321497,1.4538929426327967,1.1622163348042696,-0.35074680888587006,-0.2336442198692401,0.5923694023902257,1.0,1.0
no_jordbruk_malpris_mnok__d4,2,full2010,64,1.3218444640022355,1.343797339347735,1.0166077597957563,-0.03349133727694631,-0.8347527996245461,0.7980715467246742,1.0,1.0
no_jordbruk_malpris_mnok__d4,2,exepi,54,1.1107108474503047,1.1427399132008085,1.028836547175197,-0.05850464080338136,-1.2224375974148511,0.8892289056801348,1.0,1.0
no_jordbruk_malpris_mnok__d4,2,excovid+exepi,48,1.0975300417421254,1.1345416576160317,1.0337226449083408,-0.0685825065962955,-1.2690828253590476,0.8977942374491423,1.0,1.0
no_jordbruk_malpris_mnok__d4,2,2015+,44,1.2765025563476926,1.3044651531043614,1.0219056331831209,-0.04429112313139516,-0.8013914630876128,0.7885474721155395,1.0,1.0
no_policy_rate__lvl,2,full2010,66,1.30334876156064,1.3279707379732157,1.0188913183782775,-0.03813951866662446,-0.5035470575307364,0.6927101478940487,1.0,1.0
no_policy_rate__lvl,2,exepi,56,1.0930672189758543,1.088971536613079,0.9962530370578556,0.0074798861529989935,1.0304723111664646,0.15139417182159132,1.0,1.0
no_policy_rate__lvl,2,excovid+exepi,50,1.078048185320906,1.0741967657868445,0.9964274142969638,0.007132408037466842,0.9893340774413729,0.1612498582042886,1.0,1.0
no_policy_rate__lvl,2,2015+,46,1.2509658478321497,1.2798804227046852,1.0231138003668467,-0.046761848501091885,-0.5317788193419175,0.7025604029341771,1.0,1.0
no_policy_rate__d4,2,full2010,66,1.30334876156064,1.3413436662725622,1.0291517557176535,-0.0591533362967287,0.3120204904121734,0.37751247554149125,1.0,1.0
no_policy_rate__d4,2,exepi,56,1.0930672189758543,1.1556072662812835,1.0572151888005807,-0.1177039554306476,0.12449342729899324,0.45046230207632076,1.0,1.0
no_policy_rate__d4,2,excovid+exepi,50,1.078048185320906,1.1178326713512787,1.036904181623876,-0.07517028186908004,0.4161439408228501,0.33865233899413905,1.0,1.0
no_policy_rate__d4,2,2015+,46,1.2509658478321497,1.3594366883866056,1.0867096737632203,-0.18093791505056456,-1.8455942063164363,0.9675244258083879,1.0,1.0
no_ppi_food_dom_idx__yoy,2,full2010,66,1.30334876156064,1.3686792153343117,1.050125074500738,-0.10276267209518064,-0.22818139863671394,0.5902473891228148,1.0,1.0
no_ppi_food_dom_idx__yoy,2,exepi,56,1.0930672189758543,1.1059999377537646,1.011831585975131,-0.023803158376948907,-1.2451560531829657,0.8934628034103109,1.0,1.0
no_ppi_food_dom_idx__yoy,2,excovid+exepi,50,1.078048185320906,1.0929888138364847,1.0138589617041387,-0.027909994227794277,-1.2779590043925138,0.899368059240345,1.0,1.0
no_ppi_food_dom_idx__yoy,2,2015+,46,1.2509658478321497,1.3432501314372118,1.0737704260791654,-0.15298292792223234,-0.11757067888475738,0.5467960806813019,1.0,1.0
no_ppi_food_dom_idx__dyoy,2,full2010,66,1.3113152114807478,1.329840499473368,1.0141272577565092,-0.028454094924737383,0.38276699281844195,0.3509462684902219,1.0,1.0
no_ppi_food_dom_idx__dyoy,2,exepi,56,1.0920350087280897,1.0670950818538993,0.9771619712968376,0.04515448185127835,0.8882437802748681,0.18720481678514223,1.0,1.0
no_ppi_food_dom_idx__dyoy,2,excovid+exepi,50,1.0792732326514969,1.0524515385214972,0.9751483745556204,0.049085647601531446,0.8733631229857513,0.1912325922882675,1.0,1.0
no_ppi_food_dom_idx__dyoy,2,2015+,46,1.2666793975565258,1.2691180359829646,1.0019252215131493,-0.0038541495041732876,0.6023613275201123,0.27346682319707627,1.0,1.0
no_qna_hh_food_cons_sa_mnok__yoy,2,full2010,66,1.30334876156064,1.3872707482522015,1.064389508907096,-0.1329250266714892,-1.7761833579013304,0.9621486498233227,1.0,1.0
no_qna_hh_food_cons_sa_mnok__yoy,2,exepi,56,1.0930672189758543,1.152504062968747,1.054376202086256,-0.11170917552583726,-1.2619363796149914,0.8965141599731886,1.0,1.0
no_qna_hh_food_cons_sa_mnok__yoy,2,excovid+exepi,50,1.078048185320906,1.119125085711649,1.0381030281856236,-0.07765789712816162,-0.7906160603797187,0.7854159640157828,1.0,1.0
no_qna_hh_food_cons_sa_mnok__yoy,2,2015+,46,1.2509658478321497,1.3526652842014055,1.0812967328768368,-0.16920262453012147,-1.9047770157136352,0.9715954685943538,1.0,1.0
no_qna_hh_food_cons_sa_mnok__dyoy,2,full2010,66,1.30334876156064,1.3923293519753812,1.0682707445919504,-0.1412023837510401,-0.8431999097006972,0.8004416755364268,1.0,1.0
no_qna_hh_food_cons_sa_mnok__dyoy,2,exepi,56,1.0930672189758543,1.0930392966303863,0.9999744550518181,5.1089243819357755e-05,0.39395602648104305,0.3468067525124934,1.0,1.0
no_qna_hh_food_cons_sa_mnok__dyoy,2,excovid+exepi,50,1.078048185320906,1.08602951578611,1.0074035006726791,-0.014861813167568627,0.19947342865511988,0.42094621327176274,1.0,1.0
no_qna_hh_food_cons_sa_mnok__dyoy,2,2015+,46,1.2509658478321497,1.3429443370245595,1.0735259794276584,-0.15245802850611323,-0.5675220181415224,0.7148202141674653,1.0,1.0
no_retail_foodstores_vol_sa_idx__yoy,2,full2010,66,1.30334876156064,1.4049110273169756,1.0779240896617142,-0.16192034307303516,-0.7010958928211145,0.7583784133320961,1.0,1.0
no_retail_foodstores_vol_sa_idx__yoy,2,exepi,56,1.0930672189758543,1.085727495303692,0.9932852037415967,0.013384504028014721,0.9576830878362854,0.16911129366693567,1.0,1.0
no_retail_foodstores_vol_sa_idx__yoy,2,excovid+exepi,50,1.078048185320906,1.0853184984439739,1.0067439593350864,-0.013533399657686074,0.03844684673678989,0.4846657051385569,1.0,1.0
no_retail_foodstores_vol_sa_idx__yoy,2,2015+,46,1.2509658478321497,1.4019855297571688,1.120722465914419,-0.2560188456052961,-0.7515104049876424,0.7738272294051507,1.0,1.0
no_retail_foodstores_vol_sa_idx__dyoy,2,full2010,66,1.3116054914588717,1.632229414930844,1.2444514951788963,-0.5486595238529905,-0.7770050261143968,0.7814220975013109,1.0,1.0
no_retail_foodstores_vol_sa_idx__dyoy,2,exepi,56,1.091678491276866,1.1319392254491316,1.0368796623676035,-0.07511943423155554,0.9100234808892262,0.18140506332824036,1.0,1.0
no_retail_foodstores_vol_sa_idx__dyoy,2,excovid+exepi,50,1.0789765013368477,1.1177140601655324,1.0359021339025354,-0.07309323102382637,0.49663143454758757,0.30972449087980036,1.0,1.0
no_retail_foodstores_vol_sa_idx__dyoy,2,2015+,46,1.2668654114638411,1.670821147565447,1.318862392521114,-0.739398010406517,-0.7183442994619929,0.7637274890220265,1.0,1.0
no_vat_food_rate__lvl,2,full2010,66,1.30334876156064,1.3535558133608199,1.038521578629546,-0.07852706927920439,-1.6412815381757364,0.9496305066936044,1.0,1.0
no_vat_food_rate__lvl,2,exepi,56,1.0930672189758543,1.1418128219935733,1.04459524736584,-0.09117923081930046,-1.1240953208727111,0.8695137049345679,1.0,1.0
no_vat_food_rate__lvl,2,excovid+exepi,50,1.078048185320906,1.1367659139716186,1.0544667014426947,-0.11190002445143699,-1.3117490043315472,0.9051975818185135,1.0,1.0
no_vat_food_rate__lvl,2,2015+,46,1.2509658478321497,1.2705790687501424,1.0156784623273138,-0.03160273883557663,-0.7054211048438558,0.7597258930560339,1.0,1.0
no_vat_food_rate__d4,2,full2010,66,1.30334876156064,1.304602655610677,1.0009620556577161,-0.0019250368665206796,-0.4016622331259271,0.6560336886926892,1.0,1.0
no_vat_food_rate__d4,2,exepi,56,1.0930672189758543,1.09139547394874,0.998470592660641,0.0030564755919083586,0.6604287339718238,0.2544893689237391,1.0,1.0
no_vat_food_rate__d4,2,excovid+exepi,50,1.078048185320906,1.07646437329968,0.9985308522913986,0.00293613702221307,0.5806029143332158,0.28075405383011154,1.0,1.0
no_vat_food_rate__d4,2,2015+,46,1.2509658478321497,1.2522046603129064,1.0009902848130534,-0.0019815502901177062,-0.34150352004314527,0.6336377223150471,1.0,1.0
se_cpi_idx__yoy,2,full2010,66,1.30334876156064,1.3603318879738837,1.0437205513166035,-0.0893525892406346,0.12813810550055113,0.4490198403843023,1.0,1.0
se_cpi_idx__yoy,2,exepi,56,1.0930672189758543,1.1575250867115776,1.0589697199007733,-0.12141686766672222,-1.717427894727737,0.9570494907223326,1.0,1.0
se_cpi_idx__yoy,2,excovid+exepi,50,1.078048185320906,1.150430981784534,1.0671424500771098,-0.13879300875657696,-1.7183165752660154,0.9571305561716386,1.0,1.0
se_cpi_idx__yoy,2,2015+,46,1.2509658478321497,1.313942950118581,1.0503427830548429,-0.10321996191539262,0.531011736015912,0.29770532325455645,1.0,1.0
se_cpi_idx__dyoy,2,full2010,66,1.30334876156064,1.2047322231691233,0.9243360324573198,0.14560289910106072,2.456083509621992,0.007023025632478586,1.0,1.0
se_cpi_idx__dyoy,2,exepi,56,1.0930672189758543,1.031502348195365,0.9436769580939657,0.10947379876251973,1.9157280900557911,0.027699857507630155,1.0,1.0
se_cpi_idx__dyoy,2,excovid+exepi,50,1.078048185320906,1.0100223376194164,0.9368990657117611,0.12222014066842923,1.907112905565957,0.028252984200823894,1.0,1.0
se_cpi_idx__dyoy,2,2015+,46,1.2509658478321497,1.1159524628252657,0.8920726850850051,0.20420632452522924,2.0972267141169674,0.01798675537916017,1.0,1.0
se_cpi_food_idx__yoy,2,full2010,66,1.30334876156064,1.3207066333493482,1.0133179025450745,-0.026813171618349063,-0.579343203542161,0.7188211903378152,1.0,1.0
se_cpi_food_idx__yoy,2,exepi,56,1.0930672189758543,1.103156395370961,1.0092301518332603,-0.018545499369385654,-1.7076462941872832,0.9561490035439242,1.0,1.0
se_cpi_food_idx__yoy,2,excovid+exepi,50,1.078048185320906,1.0899821538171572,1.0110699768885552,-0.02226249816542336,-1.8325750164372392,0.966567101820327,1.0,1.0
se_cpi_food_idx__yoy,2,2015+,46,1.2509658478321497,1.2699715195686854,1.0151927982442297,-0.03061641760694922,-0.2741769399693656,0.6080256757108707,1.0,1.0
se_cpi_food_idx__dyoy,2,full2010,66,1.30334876156064,1.2700316893222148,0.9744373315715349,0.05047188683974657,1.6819309059620444,0.04629111941101138,1.0,1.0
se_cpi_food_idx__dyoy,2,exepi,56,1.0930672189758543,1.0454415164128006,0.9564293012028332,0.0852429918006602,1.4031066437913593,0.08029252015166755,1.0,1.0
se_cpi_food_idx__dyoy,2,excovid+exepi,50,1.078048185320906,1.0168244813573295,0.9432087500380589,0.11035725385164252,1.501632597851433,0.06659600991278614,1.0,1.0
se_cpi_food_idx__dyoy,2,2015+,46,1.2509658478321497,1.2362875471369295,0.9882664257216479,0.02332947179135858,1.223663870050918,0.11053952728026362,1.0,1.0
se_ppi_food_hmpi_idx__yoy,2,full2010,66,1.30334876156064,1.3228025781823354,1.014926025324489,-0.030074836880965128,-1.1227567561653633,0.8692295920445268,1.0,1.0
se_ppi_food_hmpi_idx__yoy,2,exepi,56,1.0930672189758543,1.1054255853534698,1.0113061357646371,-0.022740100235202565,-0.7117541017947812,0.7616914703983029,1.0,1.0
se_ppi_food_hmpi_idx__yoy,2,excovid+exepi,50,1.078048185320906,1.0930544723292634,1.0139198666745035,-0.028033496037243033,-0.8053309616632137,0.7896856402482739,1.0,1.0
se_ppi_food_hmpi_idx__yoy,2,2015+,46,1.2509658478321497,1.2665537753664848,1.0124607139046586,-0.02507669720033112,-0.7722653974789822,0.7800213724134455,1.0,1.0
se_ppi_food_hmpi_idx__dyoy,2,full2010,66,1.30334876156064,1.294926422066376,0.9935379234302728,0.012882394705861389,0.8992233738469368,0.1842668463267959,1.0,1.0
se_ppi_food_hmpi_idx__dyoy,2,exepi,56,1.0930672189758543,1.091800402886684,0.998841044661135,0.002316567500252553,0.5437180927800628,0.29331774002886246,1.0,1.0
se_ppi_food_hmpi_idx__dyoy,2,excovid+exepi,50,1.078048185320906,1.074593768392763,0.9967956748360791,0.006398382628085675,0.5896776840496096,0.2777033795864444,1.0,1.0
se_ppi_food_hmpi_idx__dyoy,2,2015+,46,1.2509658478321497,1.218327139431836,0.9739091930791919,0.05150088363583738,1.306712185684394,0.09565523927466535,1.0,1.0
se_retail_grocery_vol_sa_idx__yoy,2,full2010,66,1.30334876156064,1.4098843288691674,1.0817398768852635,-0.17016116124374503,0.2664032125063525,0.39496434568880945,1.0,1.0
se_retail_grocery_vol_sa_idx__yoy,2,exepi,56,1.0930672189758543,1.109251360823505,1.014806172545193,-0.029831567835823858,1.1179060780273333,0.13180355444750713,1.0,1.0
se_retail_grocery_vol_sa_idx__yoy,2,excovid+exepi,50,1.078048185320906,1.0622947217714853,0.9853870506310148,0.029012360448709806,1.4641525574827434,0.07157613481867586,1.0,1.0
se_retail_grocery_vol_sa_idx__yoy,2,2015+,46,1.2509658478321497,1.4215620012841352,1.1363715514277377,-0.2913403028942836,-0.8313600456016909,0.7971148685157616,1.0,1.0
se_retail_grocery_vol_sa_idx__dyoy,2,full2010,66,1.30334876156064,1.3681855112540915,1.0497462779001803,-0.10196724796528245,-2.4136655428122538,0.9921035240769274,1.0,1.0
se_retail_grocery_vol_sa_idx__dyoy,2,exepi,56,1.0930672189758543,1.1553353700122142,1.0569664426444896,-0.11717806087654714,-2.0557919335278476,0.9800987120558368,1.0,1.0
se_retail_grocery_vol_sa_idx__dyoy,2,excovid+exepi,50,1.078048185320906,1.1463791849169582,1.0633839938942171,-0.1307855184704163,-2.014229638028542,0.9780072853260031,1.0,1.0
se_retail_grocery_vol_sa_idx__dyoy,2,2015+,46,1.2509658478321497,1.3081201170721395,1.045688113179936,-0.0934636300458147,-2.1260773447613817,0.983251590016126,1.0,1.0
se_na_hhcons_food_sa__yoy,2,full2010,66,1.30334876156064,1.3471683886647892,1.0336207992799096,-0.06837195670403906,-0.46426408343516734,0.678770723382211,1.0,1.0
se_na_hhcons_food_sa__yoy,2,exepi,56,1.0930672189758543,1.1283382638497264,1.0322679559514365,-0.06557713288415679,-0.12392176260684841,0.5493113891533933,1.0,1.0
se_na_hhcons_food_sa__yoy,2,excovid+exepi,50,1.078048185320906,1.119015117945289,1.038001021830196,-0.07744612132053108,-0.20708232709343607,0.5820272180582006,1.0,1.0
se_na_hhcons_food_sa__yoy,2,2015+,46,1.2509658478321497,1.289056537239999,1.0304490242270468,-0.061825191530472834,-0.7079589211965784,0.7605146160954076,1.0,1.0
se_na_hhcons_food_sa__dyoy,2,full2010,66,1.30334876156064,1.3360791769136673,1.0251125533842804,-0.05085574710603913,-0.37476167746616956,0.6460811412651645,1.0,1.0
se_na_hhcons_food_sa__dyoy,2,exepi,56,1.0930672189758543,1.1505527537660702,1.0525910335542554,-0.10794788391881571,-0.7918010322447424,0.785761649817069,1.0,1.0
se_na_hhcons_food_sa__dyoy,2,excovid+exepi,50,1.078048185320906,1.1395535178509337,1.0570524892741406,-0.11735996508065716,-0.7223330900818022,0.7649551433674179,1.0,1.0
se_na_hhcons_food_sa__dyoy,2,2015+,46,1.2509658478321497,1.2330315158541187,0.9856636118331207,0.028467244308087225,1.3244425010310743,0.09267806365941111,1.0,1.0
se_policy_rate__lvl,2,full2010,66,1.30334876156064,1.3362784271572274,1.0252654289993395,-0.051169199901199613,-0.5034420816780982,0.6926732542818662,1.0,1.0
se_policy_rate__lvl,2,exepi,56,1.0930672189758543,1.1044130751846037,1.0103798339313295,-0.020867408815100852,0.5986995297933861,0.2746866354071169,1.0,1.0
se_policy_rate__lvl,2,excovid+exepi,50,1.078048185320906,1.0964882038589545,1.0171050040147875,-0.03450258919192106,0.39402817670122087,0.34678011829088806,1.0,1.0
se_policy_rate__lvl,2,2015+,46,1.2509658478321497,1.2756841837827626,1.019759401100716,-0.039909236133291115,-0.27647489317924606,0.6089083296247361,1.0,1.0
se_policy_rate__d4,2,full2010,66,1.30334876156064,1.3803770167390998,1.0591002634522977,-0.1216933680447263,0.5767766397775349,0.2820451760278949,1.0,1.0
se_policy_rate__d4,2,exepi,56,1.0930672189758543,1.1841103972012013,1.0832914725140597,-0.17352041442167976,0.6145147195903179,0.26943762462756315,1.0,1.0
se_policy_rate__d4,2,excovid+exepi,50,1.078048185320906,1.1670333960490726,1.082542888100756,-0.17189910457752577,0.6923320263510908,0.2443644210580327,1.0,1.0
se_policy_rate__d4,2,2015+,46,1.2509658478321497,1.3392050378823903,1.0705368497494587,-0.14604914667149527,-1.2093714995692828,0.8867399235112003,1.0,1.0
se_gov_bond_10y__lvl,2,full2010,66,1.30334876156064,1.3748236186887677,1.0548393946701902,-0.11268614854817316,-0.8488111319530263,0.802006802565308,1.0,1.0
se_gov_bond_10y__lvl,2,exepi,56,1.0930672189758543,1.1515860783685439,1.0535363776141038,-0.10993889895624753,-0.19280093415820376,0.5764425640684766,1.0,1.0
se_gov_bond_10y__lvl,2,excovid+exepi,50,1.078048185320906,1.1515531059777575,1.0681833350843877,-0.14101563735200529,-0.43137987795981686,0.66690391076089,1.0,1.0
se_gov_bond_10y__lvl,2,2015+,46,1.2509658478321497,1.2969918332160764,1.0367923596504949,-0.07493839702964111,-0.3483792807711717,0.6362223196739851,1.0,1.0
se_gov_bond_10y__d4,2,full2010,66,1.30334876156064,1.2108666419448135,0.9290426919153337,0.13687967659871025,2.1174145094668213,0.017112341925271002,1.0,1.0
se_gov_bond_10y__d4,2,exepi,56,1.0930672189758543,1.0578859448045623,0.9678141713880551,0.0633357296604522,1.3885798339661926,0.08248027651599066,1.0,1.0
se_gov_bond_10y__d4,2,excovid+exepi,50,1.078048185320906,1.0519096164654702,0.9757538028342814,0.04790451625443837,1.2494261315560862,0.10575462781082212,1.0,1.0
se_gov_bond_10y__d4,2,2015+,46,1.2509658478321497,1.2145194780214008,0.9708654158113842,0.0574203443813881,1.396332463477647,0.08130720113301093,1.0,1.0
se_eursek__yoy,2,full2010,66,1.30334876156064,1.3128556948007608,1.007294235833498,-0.01464167754339063,1.9181943904495715,0.02754318362930097,1.0,1.0
se_eursek__yoy,2,exepi,56,1.0930672189758543,1.1111010526367662,1.0164983757154555,-0.0332689478321595,1.936140707674997,0.026425234993678215,1.0,1.0
se_eursek__yoy,2,excovid+exepi,50,1.078048185320906,1.1087471778137523,1.0284764567213738,-0.057763822030151735,1.5909110573428167,0.05581479687294777,1.0,1.0
se_eursek__yoy,2,2015+,46,1.2509658478321497,1.2300685582212254,0.9832950758430871,0.03313079382273765,1.5118324492889614,0.06528824608159955,1.0,1.0
se_eursek__dyoy,2,full2010,66,1.30334876156064,1.360310232343632,1.0437039359402052,-0.08931790589707589,0.04274505407200853,0.4829523822070393,1.0,1.0
se_eursek__dyoy,2,exepi,56,1.0930672189758543,1.1589375429384488,1.0602619151128796,-0.12415532863883105,0.37297215178620363,0.35458458528277614,1.0,1.0
se_eursek__dyoy,2,excovid+exepi,50,1.078048185320906,1.1534156007683893,1.069910989577009,-0.1447095256176545,0.33444509944861806,0.36902185611599037,1.0,1.0
se_eursek__dyoy,2,2015+,46,1.2509658478321497,1.2828633079766545,1.0254982661595289,-0.05164669389619991,-0.7968512478730229,0.7872312861935695,1.0,1.0
se_food_vat_rate__lvl,2,full2010,66,1.30334876156064,1.3033487615606398,0.9999999999999998,4.440892098500626e-16,0.11263819486862799,0.4551587013009627,1.0,1.0
se_food_vat_rate__lvl,2,exepi,56,1.0930672189758543,1.0930672189758543,1.0,0.0,0.4112553519593803,0.3404426522872218,1.0,1.0
se_food_vat_rate__lvl,2,excovid+exepi,50,1.078048185320906,1.078048185320906,1.0,0.0,0.2930085366620738,0.38475781330690206,1.0,1.0
se_food_vat_rate__lvl,2,2015+,46,1.2509658478321497,1.2509658478321495,0.9999999999999998,4.440892098500626e-16,0.31444275973815045,0.3765923921226466,1.0,1.0
se_food_vat_rate__d4,2,full2010,66,1.30334876156064,1.30334876156064,1.0,0.0,-0.4947484961719653,0.6896111679115713,1.0,1.0
se_food_vat_rate__d4,2,exepi,56,1.0930672189758543,1.0930672189758543,1.0,0.0,-0.6063057649775911,0.7278441344330597,1.0,1.0
se_food_vat_rate__d4,2,excovid+exepi,50,1.078048185320906,1.078048185320906,1.0,0.0,-0.6063893725444967,0.7278718880676754,1.0,1.0
se_food_vat_rate__d4,2,2015+,46,1.2509658478321497,1.2509658478321497,1.0,0.0,-1.0768375191040913,0.8592235697981119,1.0,1.0
ea_negotiated_wages_yoy_q__lvl,2,full2010,66,1.30334876156064,1.3515488809161285,1.036981750991786,-0.07533115188999062,0.7404145794578829,0.2295242374954216,1.0,1.0
ea_negotiated_wages_yoy_q__lvl,2,exepi,56,1.0930672189758543,1.1466263100691216,1.0489988997597506,-0.10039869169716731,0.7686953888686326,0.22103708146757928,1.0,1.0
ea_negotiated_wages_yoy_q__lvl,2,excovid+exepi,50,1.078048185320906,1.145023351409266,1.0621263195841504,-0.1281123187533728,0.6808296313285541,0.24798964916355182,1.0,1.0
ea_negotiated_wages_yoy_q__lvl,2,2015+,46,1.2509658478321497,1.2577150776225117,1.0053952150668686,-0.010819538479355018,1.0169454161090312,0.15458969826054303,1.0,1.0
ea_negotiated_wages_yoy_q__d4,2,full2010,66,1.30334876156064,1.3574062648140666,1.0414758542362044,-0.08467195495703161,-0.29100741929717044,0.614477177408443,1.0,1.0
ea_negotiated_wages_yoy_q__d4,2,exepi,56,1.0930672189758543,1.1340783885819177,1.0375193482103402,-0.0764463979108092,0.07003411342254592,0.47208325385104866,1.0,1.0
ea_negotiated_wages_yoy_q__d4,2,excovid+exepi,50,1.078048185320906,1.1352551291951731,1.0530652939759257,-0.108946513376603,-0.26119819767262964,0.6030301660308115,1.0,1.0
ea_negotiated_wages_yoy_q__d4,2,2015+,46,1.2509658478321497,1.2853873380458896,1.0275159312089857,-0.055788988888269,0.08065479172416809,0.46785824530199815,1.0,1.0
no_earn_idx_food_manuf_q__yoy,2,full2010,66,1.30334876156064,1.3632914124845013,1.0459912593556964,-0.09409771464851557,-0.39853300572736367,0.6548813330777831,1.0,1.0
no_earn_idx_food_manuf_q__yoy,2,exepi,56,1.0930672189758543,1.1349718516074585,1.0383367389526754,-0.07814318345887639,0.1586348191114237,0.4369782972304147,1.0,1.0
no_earn_idx_food_manuf_q__yoy,2,excovid+exepi,50,1.078048185320906,1.1169036242835715,1.0360423954065645,-0.07338384507977214,0.2504741001309662,0.40111036578266646,1.0,1.0
no_earn_idx_food_manuf_q__yoy,2,2015+,46,1.2509658478321497,1.2979509954739021,1.037559097015458,-0.07652887979953271,-0.6030654039859991,0.7267674098903265,1.0,1.0
no_earn_idx_food_manuf_q__dyoy,2,full2010,66,1.30334876156064,1.341165584463914,1.0290151216762518,-0.05887212063839131,0.7007311517257541,0.24173540565514473,1.0,1.0
no_earn_idx_food_manuf_q__dyoy,2,exepi,56,1.0930672189758543,1.1653502722802747,1.066128644286072,-0.13663028616725792,0.42027638889961005,0.33714177816072377,1.0,1.0
no_earn_idx_food_manuf_q__dyoy,2,excovid+exepi,50,1.078048185320906,1.144494866433033,1.0616360956930209,-0.12707119967832092,0.5565117248784477,0.2889305406923034,1.0,1.0
no_earn_idx_food_manuf_q__dyoy,2,2015+,46,1.2509658478321497,1.2680251665945206,1.0136369180597005,-0.027459801653567872,0.6307589314906501,0.264099079964794,1.0,1.0
no_real_wage_qna_yoy_q__lvl,2,full2010,62,1.3337486421687517,1.3618612153819953,1.0210778645424006,-0.04260000545846898,-1.9408936753128052,0.9738644123363673,1.0,1.0
no_real_wage_qna_yoy_q__lvl,2,exepi,52,1.1080465544447382,1.1348600232438453,1.0241988648324833,-0.04898331472414741,-1.590950493772999,0.9441896412037819,1.0,1.0
no_real_wage_qna_yoy_q__lvl,2,excovid+exepi,46,1.0954846865991466,1.1190454513922803,1.0215071603294397,-0.043476878604315594,-1.2235199264015448,0.8894333086590938,1.0,1.0
no_real_wage_qna_yoy_q__lvl,2,2015+,42,1.2924839973336957,1.3155251987256695,1.0178270689923483,-0.0359719423735545,-1.4016761331476273,0.9194940095939931,1.0,1.0
no_real_wage_qna_yoy_q__d4,2,full2010,60,1.356850025232083,1.4104139527493686,1.0394766750349758,-0.08051175794176868,-2.360615153242491,0.9908776734804237,1.0,1.0
no_real_wage_qna_yoy_q__d4,2,exepi,50,1.1278125126278353,1.1925103654680749,1.0573657874122107,-0.11802240838984424,-1.9530671984257904,0.9745941834366162,1.0,1.0
no_real_wage_qna_yoy_q__d4,2,excovid+exepi,44,1.1179309783857303,1.1663452872634266,1.0433070644017806,-0.08848963063066106,-1.2936014729938186,0.9020984432905397,1.0,1.0
no_real_wage_qna_yoy_q__d4,2,2015+,40,1.326020807240783,1.3717862788347799,1.0345133887372602,-0.07021795147664966,-2.4654454420475362,0.9931578493393985,1.0,1.0
se_real_wage_yoy_q__lvl,2,full2010,66,1.30334876156064,1.3701345598435817,1.0512416938985478,-0.10510909899068821,-1.2359361304916403,0.8917588472076872,1.0,1.0
se_real_wage_yoy_q__lvl,2,exepi,56,1.0930672189758543,1.1567404546900533,1.05825189394469,-0.11989707103752356,-1.2333108288745827,0.8912700903612638,1.0,1.0
se_real_wage_yoy_q__lvl,2,excovid+exepi,50,1.078048185320906,1.1511128336817387,1.0677749374802603,-0.14014331711097383,-1.2951750118102234,0.9023700685681132,1.0,1.0
se_real_wage_yoy_q__lvl,2,2015+,46,1.2509658478321497,1.3084477948931097,1.0459500530414743,-0.09401151345746284,-0.8619414842533022,0.8056401404187201,1.0,1.0
se_real_wage_yoy_q__d4,2,full2010,66,1.30334876156064,1.2813742255407363,0.9831399417654019,0.033435854905522255,2.05557851773922,0.01991158010911709,1.0,1.0
se_real_wage_yoy_q__d4,2,exepi,56,1.0930672189758543,1.0953300438298839,1.0020701607501776,-0.004144607065886818,1.590089159474529,0.05590735458387963,1.0,1.0
se_real_wage_yoy_q__d4,2,excovid+exepi,50,1.078048185320906,1.0871003394075116,1.0083967991504117,-0.016864104536795654,1.5322844117279817,0.06272613304966379,1.0,1.0
se_real_wage_yoy_q__d4,2,2015+,46,1.2509658478321497,1.172711235434925,0.9374446452452436,0.12119753710101933,2.1678684975139504,0.01508434666947811,1.0,1.0
se_wage_idx_m__yoy,2,full2010,66,1.30334876156064,1.3205212154441108,1.0131756398516911,-0.026524877188883744,-0.09858481551528593,0.5392660366265487,1.0,1.0
se_wage_idx_m__yoy,2,exepi,56,1.0930672189758543,1.12104191098738,1.0255928377741823,-0.051840668893700315,-0.1967360634142491,0.5779829564714778,1.0,1.0
se_wage_idx_m__yoy,2,excovid+exepi,50,1.078048185320906,1.1094388512605484,1.0291180546167313,-0.059083970338125624,-0.1900313815069315,0.5753577301599382,1.0,1.0
se_wage_idx_m__yoy,2,2015+,46,1.2509658478321497,1.2252190443697526,0.9794184601386082,0.04073947993971749,1.5334663859446807,0.06258049135843546,1.0,1.0
se_wage_idx_m__dyoy,2,full2010,66,1.30334876156064,1.3189752549639708,1.0119894949565298,-0.024122737902372293,-1.7745715251116418,0.9620156688102677,1.0,1.0
se_wage_idx_m__dyoy,2,exepi,56,1.0930672189758543,1.1150330691556944,1.0200956078441552,-0.040595049142936546,-1.7551111253573664,0.9603798491477845,1.0,1.0
se_wage_idx_m__dyoy,2,excovid+exepi,50,1.078048185320906,1.102101077224876,1.0223115183824645,-0.04512084061745991,-1.6959054678543393,0.9550481079990879,1.0,1.0
se_wage_idx_m__dyoy,2,2015+,46,1.2509658478321497,1.2626407396086887,1.009332702245046,-0.018752503821286792,-1.6395303650394828,0.9494485739558995,1.0,1.0
ea_hicp_food_idx__yoy,2,full2010,66,1.30334876156064,1.3135226843986454,1.0078059865003617,-0.015672906425967303,-0.17470085846138023,0.5693426534026053,1.0,1.0
ea_hicp_food_idx__yoy,2,exepi,56,1.0930672189758543,1.1147129740283865,1.0198027666338885,-0.039997682834133075,-1.5503854616292778,0.9394754870454458,1.0,1.0
ea_hicp_food_idx__yoy,2,excovid+exepi,50,1.078048185320906,1.1025642360139791,1.0227411455507207,-0.04599945080240042,-1.5691945306675465,0.9416986908754714,1.0,1.0
ea_hicp_food_idx__yoy,2,2015+,46,1.2509658478321497,1.2594613862846165,1.006791183362191,-0.013628486895840952,0.20667017422562067,0.4181337260076261,1.0,1.0
ea_hicp_food_idx__dyoy,2,full2010,66,1.3116054914588717,1.292762272778126,0.9856334707322804,0.028526661372239026,1.6390113319804402,0.050605449839608574,1.0,1.0
ea_hicp_food_idx__dyoy,2,exepi,56,1.091678491276866,1.0798634766940678,0.9891772031076852,0.021528460852057285,1.1112125312681453,0.13323843927902024,1.0,1.0
ea_hicp_food_idx__dyoy,2,excovid+exepi,50,1.0789765013368477,1.0650321236565272,0.9870762915938915,0.025680394573250775,1.1221302402318551,0.13090353394564003,1.0,1.0
ea_hicp_food_idx__dyoy,2,2015+,46,1.2668654114638411,1.2323428086632988,0.9727495892711665,0.053758236572776896,1.8442462330964329,0.03257363166452332,1.0,1.0
eu_ppi_dom_c103_idx__yoy,2,full2010,66,1.30334876156064,1.375205468813382,1.0551323708373346,-0.11330431998881463,-1.192344032040319,0.8834368120301903,1.0,1.0
eu_ppi_dom_c103_idx__yoy,2,exepi,56,1.0930672189758543,1.166981293927228,1.0676207955633572,-0.1398141631193357,-0.9077388338188015,0.817991889280377,1.0,1.0
eu_ppi_dom_c103_idx__yoy,2,excovid+exepi,50,1.078048185320906,1.15772615235837,1.0739094672412495,-0.15328154383038428,-0.8310270307235698,0.7970208203282096,1.0,1.0
eu_ppi_dom_c103_idx__yoy,2,2015+,46,1.2509658478321497,1.279281690226738,1.0226351842007981,-0.0457827199654004,-0.489750841773207,0.6878448899391228,1.0,1.0
eu_ppi_dom_c103_idx__dyoy,2,full2010,66,1.3116054914588717,1.310756952692411,0.9993530533594237,0.0012934747411967873,1.1938821040477943,0.11626204441424315,1.0,1.0
eu_ppi_dom_c103_idx__dyoy,2,exepi,56,1.091678491276866,1.1005332680055029,1.0081111580006308,-0.016288106885372855,0.9217793430301834,0.17832184222715064,1.0,1.0
eu_ppi_dom_c103_idx__dyoy,2,excovid+exepi,50,1.0789765013368477,1.0926426011775954,1.0126657993235397,-0.025492021119583708,0.8481659113128827,0.19817278939892846,1.0,1.0
eu_ppi_dom_c103_idx__dyoy,2,2015+,46,1.2668654114638411,1.2440223598851108,0.9819688410686533,0.03573719517028584,1.813692108028576,0.034862570388544456,1.0,1.0
eu_ppi_dom_c105_idx__yoy,2,full2010,66,1.30334876156064,1.3292141160082906,1.019845305577825,-0.04008444730912708,-1.0973672752421122,0.8637595636031989,1.0,1.0
eu_ppi_dom_c105_idx__yoy,2,exepi,56,1.0930672189758543,1.130720009712691,1.0344469123976798,-0.0700804145690932,-1.1863687240420018,0.8822616413099436,1.0,1.0
eu_ppi_dom_c105_idx__yoy,2,excovid+exepi,50,1.078048185320906,1.1205454990116535,1.0394206068609977,-0.08039519796728478,-1.1851363638134902,0.8820182322409715,1.0,1.0
eu_ppi_dom_c105_idx__yoy,2,2015+,46,1.2509658478321497,1.2506038429648243,0.9997106197040049,0.0005786768510345208,0.2670737373381681,0.3947061939674914,1.0,1.0
eu_ppi_dom_c105_idx__dyoy,2,full2010,66,1.3116054914588717,1.2776157753847082,0.974085411889853,0.051157610343375515,2.1821132288981997,0.0145505885537488,1.0,1.0
eu_ppi_dom_c105_idx__dyoy,2,exepi,56,1.091678491276866,1.0540396411972421,0.9655220375042838,0.06776719509357643,1.887706894696643,0.029532655129456797,1.0,1.0
eu_ppi_dom_c105_idx__dyoy,2,excovid+exepi,50,1.0789765013368477,1.039121175659723,0.9630619150391652,0.07251174780109582,1.8590730478607727,0.03150839249108117,1.0,1.0
eu_ppi_dom_c105_idx__dyoy,2,2015+,46,1.2668654114638411,1.2204359109914582,0.9633508815914908,0.07195507893689734,1.646990935218173,0.04977995452898987,1.0,1.0
eu_ppi_dom_c106_idx__yoy,2,full2010,66,1.30334876156064,1.3215007537917256,1.013927194904724,-0.028048356567362154,-1.073058652955005,0.858377599586139,1.0,1.0
eu_ppi_dom_c106_idx__yoy,2,exepi,56,1.0930672189758543,1.1200553504426514,1.024690276131493,-0.049990161998435534,-1.245468034735208,0.8935201208241648,1.0,1.0
eu_ppi_dom_c106_idx__yoy,2,excovid+exepi,50,1.078048185320906,1.1087863190603366,1.0285127642325937,-0.05783850618937092,-1.2615198705336301,0.8964391972620088,1.0,1.0
eu_ppi_dom_c106_idx__yoy,2,2015+,46,1.2509658478321497,1.2416361455850193,0.9925420008361554,0.014860376576161238,1.3857955821297636,0.08290466589159817,1.0,1.0
eu_ppi_dom_c106_idx__dyoy,2,full2010,66,1.3116054914588717,1.3105122080536156,0.9991664540806091,0.0016663970399820593,1.4459823155255616,0.07409108101886075,1.0,1.0
eu_ppi_dom_c106_idx__dyoy,2,exepi,56,1.091678491276866,1.1065266960224631,1.0136012616024248,-0.027387517522027283,1.2117747202912448,0.11279931384601194,1.0,1.0
eu_ppi_dom_c106_idx__dyoy,2,excovid+exepi,50,1.0789765013368477,1.0922847633393054,1.0123341536965529,-0.024820438740515982,1.2581139256379479,0.10417527889322542,1.0,1.0
eu_ppi_dom_c106_idx__dyoy,2,2015+,46,1.2668654114638411,1.2278636673241254,0.9692139798065449,0.060624261347558384,1.2433203231224743,0.1068749090228277,1.0,1.0
eu_ppi_dom_c107_idx__yoy,2,full2010,66,1.30334876156064,1.340889865551369,1.0288035751426785,-0.058436796226357,-1.1792004442695943,0.8808408153841496,1.0,1.0
eu_ppi_dom_c107_idx__yoy,2,exepi,56,1.0930672189758543,1.1332554658955738,1.0367664917784047,-0.07488475847450093,-0.9864522556268925,0.8380443834080327,1.0,1.0
eu_ppi_dom_c107_idx__yoy,2,excovid+exepi,50,1.078048185320906,1.1223397892071458,1.041084994612792,-0.08385796600791728,-0.9514151068074613,0.8293031527191199,1.0,1.0
eu_ppi_dom_c107_idx__yoy,2,2015+,46,1.2509658478321497,1.2648925403961506,1.0111327520156805,-0.02238944219880379,-0.6598424277072082,0.7453225234545249,1.0,1.0
eu_ppi_dom_c107_idx__dyoy,2,full2010,66,1.3116054914588717,1.281477203104029,0.9770294585139837,0.045413437195871764,1.6576084037342964,0.04869826617390882,1.0,1.0
eu_ppi_dom_c107_idx__dyoy,2,exepi,56,1.091678491276866,1.0717877107173635,0.9817796350130178,0.03610874827370558,1.167925732832198,0.12141836163340725,1.0,1.0
eu_ppi_dom_c107_idx__dyoy,2,excovid+exepi,50,1.0789765013368477,1.0576079229363229,0.9801955108623318,0.0392167604853324,1.1527404091081952,0.12450847504750018,1.0,1.0
eu_ppi_dom_c107_idx__dyoy,2,2015+,46,1.2668654114638411,1.2257883477293237,0.9675758266325595,0.06379701971631924,1.6239745575586397,0.05219061933148983,1.0,1.0
eu_ppi_dom_c108_idx__yoy,2,full2010,66,1.30334876156064,1.42466296147703,1.0930788469627482,-0.19482136567741093,-1.9668813115347927,0.975401552230384,1.0,1.0
eu_ppi_dom_c108_idx__yoy,2,exepi,56,1.0930672189758543,1.2203937598810304,1.1164855543142846,-0.24653999299247542,-1.5808166950187958,0.9430400219426255,1.0,1.0
eu_ppi_dom_c108_idx__yoy,2,excovid+exepi,50,1.078048185320906,1.21203201089209,1.1242837077187793,-0.2640138554418856,-1.4217186966143178,0.9224460348871744,1.0,1.0
eu_ppi_dom_c108_idx__yoy,2,2015+,46,1.2509658478321497,1.3408593016109618,1.0718592389509212,-0.14888222812444796,-1.9723695802011094,0.9757162840800949,1.0,1.0
eu_ppi_dom_c108_idx__dyoy,2,full2010,66,1.3116054914588717,1.424627536074185,1.0861707619793517,-0.17976692417880558,-1.5922294484506514,0.944333420666742,1.0,1.0
eu_ppi_dom_c108_idx__dyoy,2,exepi,56,1.091678491276866,1.2215309744283334,1.1189475511233964,-0.2520436221650457,-1.3120655159758317,0.9052509850453547,1.0,1.0
eu_ppi_dom_c108_idx__dyoy,2,excovid+exepi,50,1.0789765013368477,1.2262021753831078,1.1364493794478823,-0.2915171920474766,-1.3841033494297863,0.916836594256216,1.0,1.0
eu_ppi_dom_c108_idx__dyoy,2,2015+,46,1.2668654114638411,1.3033567380957394,1.0288044225548263,-0.058438539868369554,-1.125692011702384,0.8698520469114068,1.0,1.0
eu_ppi_dom_food_mfg_idx__yoy,2,full2010,66,1.30334876156064,1.329287250360493,1.0199014182273007,-0.04019890290205952,-0.4785140527235444,0.6838578126339216,1.0,1.0
eu_ppi_dom_food_mfg_idx__yoy,2,exepi,56,1.0930672189758543,1.1366678231908807,1.0398883101222975,-0.08136769752900763,-2.044524460834385,0.979549118274982,1.0,1.0
eu_ppi_dom_food_mfg_idx__yoy,2,excovid+exepi,50,1.078048185320906,1.1266516053989428,1.0450846453246139,-0.09220191589327387,-2.0332841781673525,0.978988089640428,1.0,1.0
eu_ppi_dom_food_mfg_idx__yoy,2,2015+,46,1.2509658478321497,1.247822622548501,0.9974873612344447,0.005018964177544438,1.2987950834664486,0.09700713118800541,1.0,1.0
eu_ppi_dom_food_mfg_idx__dyoy,2,full2010,66,1.3116054914588717,1.2700242511671487,0.9682974487660363,0.06240005071318533,1.6717897328471143,0.047282896057986634,1.0,1.0
eu_ppi_dom_food_mfg_idx__dyoy,2,exepi,56,1.091678491276866,1.0708683013600213,0.9809374370905628,0.037761744514198115,1.2005948247051872,0.11495420477953255,1.0,1.0
eu_ppi_dom_food_mfg_idx__dyoy,2,excovid+exepi,50,1.0789765013368477,1.0467085721244362,0.9700939462792455,0.05891773539236034,1.318671453109259,0.09363948719864656,1.0,1.0
eu_ppi_dom_food_mfg_idx__dyoy,2,2015+,46,1.2668654114638411,1.1902242390929636,0.9395033034469542,0.11733354281226027,1.6064861239574206,0.05408357067547753,1.0,1.0
ea_ec_food_ind_sell_price_exp__lvl,2,full2010,66,1.30334876156064,1.2205360580514848,0.936461593434136,0.12303968402279886,1.2790057698524095,0.10044751203679247,1.0,1.0
ea_ec_food_ind_sell_price_exp__lvl,2,exepi,56,1.0930672189758543,1.1098409105226137,1.0153455261081523,-0.03092653738784068,0.6340355479427214,0.26302881164368563,1.0,1.0
ea_ec_food_ind_sell_price_exp__lvl,2,excovid+exepi,50,1.078048185320906,1.090223153423021,1.0112935286825706,-0.022714601155245262,0.800631384142282,0.21167253812894526,1.0,1.0
ea_ec_food_ind_sell_price_exp__lvl,2,2015+,46,1.2509658478321497,1.1213890358670788,0.8964185855356325,0.19643371950629596,1.2030625792029315,0.11447605244603709,1.0,1.0
ea_ec_food_ind_sell_price_exp__d4,2,full2010,66,1.30334876156064,1.2449137975977282,0.955165520015578,0.08765882937337055,1.8889013857190398,0.02945252188480496,1.0,1.0
ea_ec_food_ind_sell_price_exp__d4,2,exepi,56,1.0930672189758543,1.0617336698972084,0.9713342889305528,0.05650969914777726,1.7151473670020294,0.04315910591584049,1.0,1.0
ea_ec_food_ind_sell_price_exp__d4,2,excovid+exepi,50,1.078048185320906,1.0310472875970713,0.9564018581323025,0.08529548576107915,1.85890311553275,0.03152043621169409,1.0,1.0
ea_ec_food_ind_sell_price_exp__d4,2,2015+,46,1.2509658478321497,1.1950310619790732,0.9552867202969544,0.0874272820242884,1.4753494864075953,0.07005930421084527,1.0,1.0
no_fn_cci_sa__lvl,2,full2010,66,1.30334876156064,1.4023326290139186,1.075945802361261,-0.15765936961881755,-0.25214912780179405,0.5995371010429141,1.0,1.0
no_fn_cci_sa__lvl,2,exepi,56,1.0930672189758543,1.1392621471305575,1.042261745071804,-0.08630954524012191,1.2139546827492864,0.11238251484129469,1.0,1.0
no_fn_cci_sa__lvl,2,excovid+exepi,50,1.078048185320906,1.1178727079483362,1.036941319664274,-0.07524730042708616,1.3676514123992354,0.08571060768120786,1.0,1.0
no_fn_cci_sa__lvl,2,2015+,46,1.2509658478321497,1.4292258882232332,1.1424979272615616,-0.3053015137969646,-1.0337584679982967,0.849375453985713,1.0,1.0
no_fn_cci_sa__d4,2,full2010,66,1.30334876156064,1.3252326092499898,1.0167904772189647,-0.03386287456316994,-0.05795635541485221,0.5231083033053305,1.0,1.0
no_fn_cci_sa__d4,2,exepi,56,1.0930672189758543,1.1141150358303258,1.019255738795453,-0.03888226106746484,-0.23182841199577103,0.5916643557214301,1.0,1.0
no_fn_cci_sa__d4,2,excovid+exepi,50,1.078048185320906,1.0977143068897206,1.0182423400332152,-0.03681746303631783,-0.13419152020809844,0.5533744344203618,1.0,1.0
no_fn_cci_sa__d4,2,2015+,46,1.2509658478321497,1.2776996339941422,1.0213705163960476,-0.04319773176312891,-0.006154352425452501,0.5024552158920128,1.0,1.0
no_nbes_bl_sell_price_di__lvl,2,full2010,66,1.3113152114807478,1.3237705176240957,1.0094983311672892,-0.01908688062954189,1.728041266311983,0.04199041312306584,1.0,1.0
no_nbes_bl_sell_price_di__lvl,2,exepi,56,1.0920350087280897,1.204888750279766,1.1033426040829213,-0.21736490198448188,1.0485881338246348,0.1471838597812396,1.0,1.0
no_nbes_bl_sell_price_di__lvl,2,excovid+exepi,50,1.0792732326514969,1.214854866412004,1.1256230856642464,-0.2670273309802993,0.9623460826228087,0.16793789392962621,1.0,1.0
no_nbes_bl_sell_price_di__lvl,2,2015+,46,1.2666793975565258,1.2211383705426966,0.9640469189743832,0.07061353801599901,1.2408280222667551,0.10733464349263588,1.0,1.0
no_nbes_bl_sell_price_di__d4,2,full2010,66,1.3110942186633627,1.2345138554352095,0.941590495833148,0.11340733815668647,2.3384585782034337,0.009681736015511588,1.0,1.0
no_nbes_bl_sell_price_di__d4,2,exepi,56,1.0885985216466483,1.042407331018998,0.9575682037875819,0.08306313509502405,2.0208183515754894,0.021649286193698325,1.0,1.0
no_nbes_bl_sell_price_di__d4,2,excovid+exepi,50,1.0753397588603848,1.0383852480251086,0.9656345722077275,0.06754987295719905,1.783696048142587,0.03723653432531504,1.0,1.0
no_nbes_bl_sell_price_di__d4,2,2015+,46,1.2663226927980233,1.188123572100189,0.9382470825623063,0.11969241206332082,1.6294885277920748,0.051604820763675785,1.0,1.0
no_ssb_bts_consgoods_home_price_exp__lvl,2,full2010,66,1.30334876156064,1.33201417593965,1.0219936637256521,-0.04447104869538143,0.2021885737202294,0.4198846527568154,1.0,1.0
no_ssb_bts_consgoods_home_price_exp__lvl,2,exepi,56,1.0930672189758543,1.185553536210892,1.0846117380792852,-0.17638262237936808,-1.5860954497280952,0.9436411705366975,1.0,1.0
no_ssb_bts_consgoods_home_price_exp__lvl,2,excovid+exepi,50,1.078048185320906,1.182023862863922,1.0964480799270258,-0.20219839197566136,-1.592184364163993,0.9443283572888642,1.0,1.0
no_ssb_bts_consgoods_home_price_exp__lvl,2,2015+,46,1.2509658478321497,1.2918598647965742,1.0326899547539938,-0.06644854264980582,0.22141837772501902,0.4123833420844786,1.0,1.0
no_ssb_bts_consgoods_home_price_exp__d4,2,full2010,66,1.30334876156064,1.2221204825178569,0.9376772499898494,0.12076137485147354,1.8060275090420872,0.03545702136209472,1.0,1.0
no_ssb_bts_consgoods_home_price_exp__d4,2,exepi,56,1.0930672189758543,1.0343099046978126,0.9462454703077692,0.10461950992202873,1.7648917105923607,0.0387909835614858,1.0,1.0
no_ssb_bts_consgoods_home_price_exp__d4,2,excovid+exepi,50,1.078048185320906,1.0063580007275919,0.9335000183020817,0.1285777158300131,1.815103408426395,0.03475400975289589,1.0,1.0
no_ssb_bts_consgoods_home_price_exp__d4,2,2015+,46,1.2509658478321497,1.1853580510327182,0.9475542862236199,0.10214087465924615,1.2876738029311834,0.0989297682393191,1.0,1.0
se_ec_cons_conf__lvl,2,full2010,66,1.30334876156064,1.470131403457073,1.1279647066198353,-0.2723043793799711,-0.589082352079852,0.722096984308088,1.0,1.0
se_ec_cons_conf__lvl,2,exepi,56,1.0930672189758543,1.1169974285689472,1.0218927154503035,-0.044264721890394876,0.4589765375592938,0.32312550739658774,1.0,1.0
se_ec_cons_conf__lvl,2,excovid+exepi,50,1.078048185320906,1.1273771361692275,1.0457576493518586,-0.09360906117792478,-0.054048230834101284,0.5215516311389026,1.0,1.0
se_ec_cons_conf__lvl,2,2015+,46,1.2509658478321497,1.4398009025944125,1.150951406938489,-0.3246891411336872,-0.44837380685089123,0.6730582789234804,1.0,1.0
se_ec_cons_conf__d4,2,full2010,66,1.30334876156064,1.4015234021759884,1.0753249195539905,-0.15632368261379614,-1.032500842036852,0.8490812233031328,1.0,1.0
se_ec_cons_conf__d4,2,exepi,56,1.0930672189758543,1.133603997995394,1.0370853487469147,-0.07554602058550963,-0.7391549593759725,0.7700935464194621,1.0,1.0
se_ec_cons_conf__d4,2,excovid+exepi,50,1.078048185320906,1.1318284409098869,1.0498866899655064,-0.10226206176672736,-0.976454615484079,0.8355803860582857,1.0,1.0
se_ec_cons_conf__d4,2,2015+,46,1.2509658478321497,1.3434513944544548,1.0739313121797667,-0.15332846328015548,-0.6282893453553439,0.735092794952409,1.0,1.0
se_nier_food_mfg_sell_price_exp__lvl,2,full2010,66,1.30334876156064,1.3342654884049079,1.0237209929959559,-0.04800467150062593,-2.592232347407718,0.9952322326464326,1.0,1.0
se_nier_food_mfg_sell_price_exp__lvl,2,exepi,56,1.0930672189758543,1.1250082130843992,1.029221436297826,-0.059296764934960056,-2.4639425076866206,0.9931290924184679,1.0,1.0
se_nier_food_mfg_sell_price_exp__lvl,2,excovid+exepi,50,1.078048185320906,1.1144569189924254,1.0337728258970924,-0.06868625556326013,-2.5687794529262487,0.9948971306333486,1.0,1.0
se_nier_food_mfg_sell_price_exp__lvl,2,2015+,46,1.2509658478321497,1.2815946785536636,1.0244841462095802,-0.049567765834772404,-1.9034277934610029,0.9715076263718976,1.0,1.0
se_nier_food_mfg_sell_price_exp__d4,2,full2010,66,1.30334876156064,1.310443383956523,1.005443379857428,-0.01091639009912826,1.6220117471966964,0.05240041644260218,1.0,1.0
se_nier_food_mfg_sell_price_exp__d4,2,exepi,56,1.0930672189758543,1.1146735544544677,1.0197667033678472,-0.03992412929772704,1.545497761444005,0.061112954975747535,1.0,1.0
se_nier_food_mfg_sell_price_exp__d4,2,excovid+exepi,50,1.078048185320906,1.1169201369648074,1.0360577126080224,-0.07341558385456759,1.3076602199302152,0.09549429080737304,1.0,1.0
se_nier_food_mfg_sell_price_exp__d4,2,2015+,46,1.2509658478321497,1.2464573867115398,0.996396015823755,0.007194979650547273,1.064912725632842,0.14345771287716436,1.0,1.0
eu_ppi_paper_packaging_idx__yoy,2,full2010,66,1.30334876156064,1.336985728794799,1.0258081092537978,-0.05228227701085175,0.9957232769040748,0.15969230857667793,1.0,1.0
eu_ppi_paper_packaging_idx__yoy,2,exepi,56,1.0930672189758543,1.0996009451180404,1.0059774239212003,-0.011990577439134231,0.43004522910312626,0.33358137031549084,1.0,1.0
eu_ppi_paper_packaging_idx__yoy,2,excovid+exepi,50,1.078048185320906,1.0857803380411086,1.0071723628178093,-0.014396168424008815,0.4241461887495295,0.3357296010620654,1.0,1.0
eu_ppi_paper_packaging_idx__yoy,2,2015+,46,1.2509658478321497,1.2708687785141461,1.0159100511948325,-0.03207323211868718,1.6295536634833594,0.051597932186081774,1.0,1.0
eu_ppi_paper_packaging_idx__dyoy,2,full2010,66,1.3116054914588717,1.2982057683711388,0.9897837244697498,0.020328178774790318,2.015114318733607,0.021946336137765643,1.0,1.0
eu_ppi_paper_packaging_idx__dyoy,2,exepi,56,1.091678491276866,1.161089862608958,1.0635822468673044,-0.1312071958513037,1.4610293892762567,0.0720036881227325,1.0,1.0
eu_ppi_paper_packaging_idx__dyoy,2,excovid+exepi,50,1.0789765013368477,1.1700704655726761,1.0844262726046057,-0.1759803407151186,1.3911826622611048,0.08208502167402609,1.0,1.0
eu_ppi_paper_packaging_idx__dyoy,2,2015+,46,1.2668654114638411,1.215090938677283,0.95913182859201,0.08006613538174723,1.784695314891445,0.03715537564930105,1.0,1.0
eu_ppi_plastic_products_idx__yoy,2,full2010,66,1.30334876156064,1.2527157736944268,0.9611516200732144,0.07618756323063525,1.5108323587996817,0.06541558401770642,1.0,1.0
eu_ppi_plastic_products_idx__yoy,2,exepi,56,1.0930672189758543,1.0818292665431615,0.9897188825740998,0.020456533476275296,0.7808019278702276,0.21745950000290248,1.0,1.0
eu_ppi_plastic_products_idx__yoy,2,excovid+exepi,50,1.078048185320906,1.0648708162932465,0.9877766418912556,0.024297305734034214,0.779108240325261,0.21795797820601903,1.0,1.0
eu_ppi_plastic_products_idx__yoy,2,2015+,46,1.2509658478321497,1.1407873221670062,0.9119252329261615,0.1683923695525662,1.749391887136172,0.040111651135199766,1.0,1.0
eu_ppi_plastic_products_idx__dyoy,2,full2010,66,1.3116054914588717,1.2749276812390236,0.9720359433848876,0.05514612476785152,1.5709788109222202,0.05809378533561227,1.0,1.0
eu_ppi_plastic_products_idx__dyoy,2,exepi,56,1.091678491276866,1.1153361301763096,1.0216708848699334,-0.04381139699091263,1.0263590041426578,0.1523611971980683,1.0,1.0
eu_ppi_plastic_products_idx__dyoy,2,excovid+exepi,50,1.0789765013368477,1.1079054317846722,1.0268114554969283,-0.054341765139720444,1.0153770880134612,0.1549630552539032,1.0,1.0
eu_ppi_plastic_products_idx__dyoy,2,2015+,46,1.2668654114638411,1.1895076170169434,0.9389376379314737,0.11839611207566492,1.7139878452945259,0.04326547908923739,1.0,1.0
glob_fao_cereals_idx__yoy,2,full2010,66,1.30334876156064,1.2420589227167442,0.9529751048594952,0.0918384495180341,2.390653964104759,0.008409197910825505,1.0,1.0
glob_fao_cereals_idx__yoy,2,exepi,56,1.0930672189758543,1.0247554719072556,0.9375045323080833,0.12108525190180208,2.0990516102356804,0.017906175715151185,1.0,1.0
glob_fao_cereals_idx__yoy,2,excovid+exepi,50,1.078048185320906,1.0141714364062269,0.9407477793808773,0.11499361558994825,1.9553528396156283,0.02527071922368951,1.0,1.0
glob_fao_cereals_idx__yoy,2,2015+,46,1.2509658478321497,1.19173324143406,0.9526505008104448,0.09245702330560879,2.0746949968568886,0.01900740568663839,1.0,1.0
glob_fao_cereals_idx__dyoy,2,full2010,66,1.30334876156064,1.2691324506902952,0.9737473868242496,0.05181602665294527,1.7746837592661984,0.03797505920751365,1.0,1.0
glob_fao_cereals_idx__dyoy,2,exepi,56,1.0930672189758543,1.0191485287449034,0.9323749821166453,0.13067689272298544,2.004428879947995,0.022512069127387457,1.0,1.0
glob_fao_cereals_idx__dyoy,2,excovid+exepi,50,1.078048185320906,1.0078096326529387,0.9348465554468149,0.12606191776922515,1.8708318057946767,0.0306841988002583,1.0,1.0
glob_fao_cereals_idx__dyoy,2,2015+,46,1.2509658478321497,1.253662261751174,1.0021554656537561,-0.004315577339696786,0.6877522327216254,0.24580441063704506,1.0,1.0
glob_fao_dairy_idx__yoy,2,full2010,66,1.30334876156064,1.278685906556964,0.9810773173450945,0.03748729739095269,1.942184016897548,0.02605741364340952,1.0,1.0
glob_fao_dairy_idx__yoy,2,exepi,56,1.0930672189758543,1.0541420938750188,0.9643890838320938,0.06995369498549486,1.9217729562035133,0.02731716631257808,1.0,1.0
glob_fao_dairy_idx__yoy,2,excovid+exepi,50,1.078048185320906,1.035785289759842,0.9607968399404304,0.07686943236048294,1.8812815312022935,0.029966815993303864,1.0,1.0
glob_fao_dairy_idx__yoy,2,2015+,46,1.2509658478321497,1.2349181438348242,0.9871717489129418,0.02549193814816375,1.4863659024753724,0.06859118185757995,1.0,1.0
glob_fao_dairy_idx__dyoy,2,full2010,66,1.30334876156064,1.2966973136449824,0.9948966476879963,0.01018066041918686,1.188162523412635,0.1173846927151787,1.0,1.0
glob_fao_dairy_idx__dyoy,2,exepi,56,1.0930672189758543,1.076312123424869,0.9846714865654063,0.03042206354507293,1.480802540112377,0.0693295997327199,1.0,1.0
glob_fao_dairy_idx__dyoy,2,excovid+exepi,50,1.078048185320906,1.0535758678758402,0.9772994215116821,0.044885840712931446,1.7489424886037093,0.04015048057251913,1.0,1.0
glob_fao_dairy_idx__dyoy,2,2015+,46,1.2509658478321497,1.2483765939066136,0.9979301961520187,0.004135323607993402,0.85115798061917,0.1973408004530337,1.0,1.0
glob_fao_ffpi__yoy,2,full2010,66,1.30334876156064,1.2651172743421017,0.9706667253262591,0.0578061083443967,1.9059755333201407,0.028326690039010893,1.0,1.0
glob_fao_ffpi__yoy,2,exepi,56,1.0930672189758543,1.0564393506194183,0.9664907448320018,0.06589564015408234,1.7464321073961622,0.040367947429357676,1.0,1.0
glob_fao_ffpi__yoy,2,excovid+exepi,50,1.078048185320906,1.0377725239132805,0.9626402029556438,0.07332383965351696,1.7442206599858527,0.040560310063064264,1.0,1.0
glob_fao_ffpi__yoy,2,2015+,46,1.2509658478321497,1.2059131991391616,0.9639857085059024,0.07073155379637341,1.6558257889147934,0.048878551816118665,1.0,1.0
glob_fao_ffpi__dyoy,2,full2010,66,1.30334876156064,1.3121090405864955,1.0067213621435953,-0.013487900996256075,0.9278884922622083,0.17673270717511724,1.0,1.0
glob_fao_ffpi__dyoy,2,exepi,56,1.0930672189758543,1.0736458578193038,0.9822322352922198,0.03521983595284939,1.3407314309280418,0.09000383292801462,1.0,1.0
glob_fao_ffpi__dyoy,2,excovid+exepi,50,1.078048185320906,1.0431788600727456,0.9676551329310195,0.06364354371225112,1.6199781412291638,0.05261848626060328,1.0,1.0
glob_fao_ffpi__dyoy,2,2015+,46,1.2509658478321497,1.2874540952077358,1.0291680603741646,-0.059186896494320296,0.06560638644348861,0.4738456022119526,1.0,1.0
glob_fao_ffpi_eur__yoy,2,full2010,66,1.30334876156064,1.2547944728353724,0.962746511020482,0.07311915551788883,1.5843250694995115,0.05655988184944638,1.0,1.0
glob_fao_ffpi_eur__yoy,2,exepi,56,1.0930672189758543,1.067260196791854,0.9763902697510405,0.04666204113549044,1.3567419428060892,0.08743161022865409,1.0,1.0
glob_fao_ffpi_eur__yoy,2,excovid+exepi,50,1.078048185320906,1.0429719272746052,0.9674631815869532,0.06401499227365004,1.5427244885930076,0.06144881879016695,1.0,1.0
glob_fao_ffpi_eur__yoy,2,2015+,46,1.2509658478321497,1.1860890808755873,0.9481386585661071,0.10103308413246292,1.4131414582061417,0.07880706769991674,1.0,1.0
glob_fao_ffpi_eur__dyoy,2,full2010,66,1.30334876156064,1.3141689284958415,1.0083018200916884,-0.01667256040021159,0.46302893035661385,0.32167181516227683,1.0,1.0
glob_fao_ffpi_eur__dyoy,2,exepi,56,1.0930672189758543,1.1130548556015534,1.01828582568273,-0.03690602278635935,-0.0992336594304648,0.5395236248091237,1.0,1.0
glob_fao_ffpi_eur__dyoy,2,excovid+exepi,50,1.078048185320906,1.0930311721275878,1.0138982533533245,-0.027989668152922142,0.1540739905819162,0.43877569794426785,1.0,1.0
glob_fao_ffpi_eur__dyoy,2,2015+,46,1.2509658478321497,1.2596105844414824,1.0069104497331511,-0.013868653781816676,0.5677146107898268,0.2851143844421379,1.0,1.0
glob_fao_ffpi_nok__yoy,2,full2010,66,1.30334876156064,1.2625760162723998,0.9687169340312115,0.061587501721169446,1.3202973886472689,0.09336787355608855,1.0,1.0
glob_fao_ffpi_nok__yoy,2,exepi,56,1.0930672189758543,1.0815049320430625,0.9894221629447226,0.02104378347378677,0.9224952050091835,0.17813516514903027,1.0,1.0
glob_fao_ffpi_nok__yoy,2,excovid+exepi,50,1.078048185320906,1.054566633576421,0.9782184580761617,0.04308864827909664,1.436013059332396,0.07549931261997667,1.0,1.0
glob_fao_ffpi_nok__yoy,2,2015+,46,1.2509658478321497,1.198119780962626,0.9577557876890862,0.082703851148058,1.1955264176989013,0.11594071052941057,1.0,1.0
glob_fao_ffpi_nok__dyoy,2,full2010,66,1.30334876156064,1.3052629342006514,1.0014686572746034,-0.0029394715033970176,0.5458938099997415,0.29256946678458595,1.0,1.0
glob_fao_ffpi_nok__dyoy,2,exepi,56,1.0930672189758543,1.1011965360393978,1.0074371611575363,-0.014929633681155963,0.11683361536794731,0.45349595247482954,1.0,1.0
glob_fao_ffpi_nok__dyoy,2,excovid+exepi,50,1.078048185320906,1.070858442371744,0.9933307777453176,0.013293965983882328,0.708284439564397,0.2393843190740894,1.0,1.0
glob_fao_ffpi_nok__dyoy,2,2015+,46,1.2509658478321497,1.2592646993428747,1.0066339552955075,-0.013311919953877815,0.3985302118685075,0.3451196964204055,1.0,1.0
glob_fao_meat_idx__yoy,2,full2010,66,1.30334876156064,1.3196318272215493,1.0124932528737831,-0.025142587114934445,-0.7262447725003421,0.7661556354039841,1.0,1.0
glob_fao_meat_idx__yoy,2,exepi,56,1.0930672189758543,1.1196329879855063,1.0243038749570612,-0.049198428252050785,-0.9845285726110319,0.8375721550636023,1.0,1.0
glob_fao_meat_idx__yoy,2,excovid+exepi,50,1.078048185320906,1.1069266450964355,1.026787726345398,-0.05429303497355176,-0.9343222354357675,0.8249311510690847,1.0,1.0
glob_fao_meat_idx__yoy,2,2015+,46,1.2509658478321497,1.2447414335138738,0.9950243131504649,0.009926616239445574,0.9258582805765565,0.17725981738343222,1.0,1.0
glob_fao_meat_idx__dyoy,2,full2010,66,1.30334876156064,1.3219481918181641,1.0142704936745042,-0.02874463433872232,-0.20287462565444675,0.5803834861765516,1.0,1.0
glob_fao_meat_idx__dyoy,2,exepi,56,1.0930672189758543,1.131618369834106,1.0352687832815735,-0.07178145363730959,-1.0456547544036106,0.85213977021753,1.0,1.0
glob_fao_meat_idx__dyoy,2,excovid+exepi,50,1.078048185320906,1.1066980716395554,1.026575701076034,-0.053857670039750616,-0.5896081433197727,0.7222733045328077,1.0,1.0
glob_fao_meat_idx__dyoy,2,2015+,46,1.2509658478321497,1.2518871981017317,1.0007365111295232,-0.0014735647076904446,0.4626676905138323,0.32180129035560134,1.0,1.0
glob_fao_sugar_idx__yoy,2,full2010,66,1.30334876156064,1.334059692246077,1.0235630949989651,-0.047681409443860456,-0.460261653573905,0.6773357890248676,1.0,1.0
glob_fao_sugar_idx__yoy,2,exepi,56,1.0930672189758543,1.1159469487697637,1.0209316768417467,-0.04230148877890061,0.019864434782073177,0.4920757582379601,1.0,1.0
glob_fao_sugar_idx__yoy,2,excovid+exepi,50,1.078048185320906,1.101633782526803,1.021878054735444,-0.04423475874989502,0.07404180293546755,0.4704885612974813,1.0,1.0
glob_fao_sugar_idx__yoy,2,2015+,46,1.2509658478321497,1.3009898943391336,1.039988339085094,-0.08157574543297219,-2.611574459762284,0.9954936820371291,1.0,1.0
glob_fao_sugar_idx__dyoy,2,full2010,66,1.30334876156064,1.355181919336062,1.0397692155040348,-0.08112002150987596,-0.5447889932262407,0.7070506751794798,1.0,1.0
glob_fao_sugar_idx__dyoy,2,exepi,56,1.0930672189758543,1.155958823821129,1.0575368136135312,-0.11838411214786082,-0.4226720535660124,0.6637327259581371,1.0,1.0
glob_fao_sugar_idx__dyoy,2,excovid+exepi,50,1.078048185320906,1.1500918435366312,1.0668278646508547,-0.13812169279550224,-0.4473037196771253,0.6726721091715406,1.0,1.0
glob_fao_sugar_idx__dyoy,2,2015+,46,1.2509658478321497,1.2786542706402082,1.0221336360669167,-0.044757169979376066,-0.6409390490786682,0.7392188579741277,1.0,1.0
glob_fao_vegoils_idx__yoy,2,full2010,66,1.30334876156064,1.3024088352891454,0.9992788374844741,0.0014418049556780277,1.7244172026078788,0.04231627712121,1.0,1.0
glob_fao_vegoils_idx__yoy,2,exepi,56,1.0930672189758543,1.0649709247324368,0.9742959135946441,0.05074747275277791,2.0114483580586784,0.0221390599239506,1.0,1.0
glob_fao_vegoils_idx__yoy,2,excovid+exepi,50,1.078048185320906,1.0410547783885162,0.9656848298284757,0.06745280943914789,2.1364800583446697,0.016320152351244177,1.0,1.0
glob_fao_vegoils_idx__yoy,2,2015+,46,1.2509658478321497,1.2601434686171802,1.007336427929615,-0.014726679033996604,1.1920323350291677,0.11662428337939912,1.0,1.0
glob_fao_vegoils_idx__dyoy,2,full2010,66,1.30334876156064,1.4112231102259676,1.082767062697906,-0.17238451206345107,0.07744625721716672,0.46913427165922306,1.0,1.0
glob_fao_vegoils_idx__dyoy,2,exepi,56,1.0930672189758543,1.1435247873157843,1.0461614505164705,-0.0944537805467256,0.9185708107539334,0.1791600526680337,1.0,1.0
glob_fao_vegoils_idx__dyoy,2,excovid+exepi,50,1.078048185320906,1.098884391567531,1.019327713297363,-0.0390289870960312,1.4196330770579884,0.07785726526094394,1.0,1.0
glob_fao_vegoils_idx__dyoy,2,2015+,46,1.2509658478321497,1.395050611777727,1.1151788149894482,-0.24362378940126983,-0.8157822308613976,0.7926876510556712,1.0,1.0
glob_gscpi__lvl,2,full2010,66,1.30334876156064,1.3557544298220332,1.0402084766617972,-0.08203367491905666,-0.2802220101050336,0.6103464093813327,1.0,1.0
glob_gscpi__lvl,2,exepi,56,1.0930672189758543,1.1082532093089614,1.013893006824718,-0.027979029288067725,0.4742812304364687,0.31764968715735287,1.0,1.0
glob_gscpi__lvl,2,excovid+exepi,50,1.078048185320906,1.0988554938102961,1.0193009076706494,-0.03897434037820968,-0.12313270770148246,0.5489989943262741,1.0,1.0
glob_gscpi__lvl,2,2015+,46,1.2509658478321497,1.3078482755961982,1.045470807906245,-0.09300921018413644,-0.15215419126868798,0.5604673383634817,1.0,1.0
glob_gscpi__d4,2,full2010,66,1.30334876156064,1.3941596850121647,1.069675075566717,-0.14420476728866172,0.340333873419631,0.366802555351633,1.0,1.0
glob_gscpi__d4,2,exepi,56,1.0930672189758543,1.1357027957102632,1.039005448150166,-0.07953232128572729,-0.4422314281190359,0.6708391270616579,1.0,1.0
glob_gscpi__d4,2,excovid+exepi,50,1.078048185320906,1.1040823380650724,1.024149340538444,-0.04888187172532987,-0.18912031679698785,0.5750007408423281,1.0,1.0
glob_gscpi__d4,2,2015+,46,1.2509658478321497,1.360641370602354,1.0876726754453492,-0.18303184891044388,0.6118175884797019,0.27032922573793694,1.0,1.0
glob_wb_food_idx__yoy,2,full2010,66,1.30334876156064,1.2736975240428758,0.9772499591880077,0.04498251726703728,1.7051748116363223,0.044080913125966625,1.0,1.0
glob_wb_food_idx__yoy,2,exepi,56,1.0930672189758543,1.071623319885457,0.9803819026697287,0.03885132491768262,1.468272950944587,0.0710150476366821,1.0,1.0
glob_wb_food_idx__yoy,2,excovid+exepi,50,1.078048185320906,1.0594487710953988,0.9827471401753989,0.034208058477074865,1.3053202119152758,0.09589191722665535,1.0,1.0
glob_wb_food_idx__yoy,2,2015+,46,1.2509658478321497,1.196748509296023,0.9566596173428059,0.08480237654551614,2.0028957601063504,0.02259423914334091,1.0,1.0
glob_wb_food_idx__dyoy,2,full2010,66,1.30334876156064,1.311609130753807,1.006337804152494,-0.012715776066463347,0.5242400001711923,0.3000558113721774,1.0,1.0
glob_wb_food_idx__dyoy,2,exepi,56,1.0930672189758543,1.0598864099982064,0.9696443106136358,0.05978991089460706,1.4100403081451591,0.0792638905882499,1.0,1.0
glob_wb_food_idx__dyoy,2,excovid+exepi,50,1.078048185320906,1.0339365627968764,0.9590819565167221,0.08016180068405632,1.5490426294031485,0.06068573636162555,1.0,1.0
glob_wb_food_idx__dyoy,2,2015+,46,1.2509658478321497,1.2924111324701557,1.0331306283939152,-0.06735889532560613,-0.2812471152542188,0.6107395651730898,1.0,1.0
glob_wb_food_idx_eur__yoy,2,full2010,66,1.30334876156064,1.2732526625472635,0.976908637272698,0.04564951442200005,1.529625629629964,0.06305471085623648,1.0,1.0
glob_wb_food_idx_eur__yoy,2,exepi,56,1.0930672189758543,1.0730362721846576,0.9816745517169889,0.036315074511248824,1.1817745292798847,0.11864758841872902,1.0,1.0
glob_wb_food_idx_eur__yoy,2,excovid+exepi,50,1.078048185320906,1.0551770493852008,0.9787846811978101,0.04198054785250116,1.1949009969149882,0.1160628566756966,1.0,1.0
glob_wb_food_idx_eur__yoy,2,2015+,46,1.2509658478321497,1.1997398552108536,0.9590508464239309,0.08022147397354173,1.7647197712661005,0.03880543701636663,1.0,1.0
glob_wb_food_idx_eur__dyoy,2,full2010,66,1.30334876156064,1.3220089328288318,1.014317097478842,-0.02883917423790261,-0.22284510483195333,0.5881719690140583,1.0,1.0
glob_wb_food_idx_eur__dyoy,2,exepi,56,1.0930672189758543,1.1201499399151227,1.0247768119554839,-0.050167514321645124,-0.4288053596739885,0.6659675609526031,1.0,1.0
glob_wb_food_idx_eur__dyoy,2,excovid+exepi,50,1.078048185320906,1.106441709149432,1.0263378986349057,-0.05336948217431381,-0.35977196610210127,0.6404911654260588,1.0,1.0
glob_wb_food_idx_eur__dyoy,2,2015+,46,1.2509658478321497,1.2543600531495303,1.0027132677708688,-0.005433897363734008,0.3000017846080234,0.382087897183474,1.0,1.0
glob_wb_food_idx_nok__yoy,2,full2010,66,1.30334876156064,1.2882022084847586,0.9883787413449147,0.023107463657442318,1.2125711703938968,0.11264690840632219,1.0,1.0
glob_wb_food_idx_nok__yoy,2,exepi,56,1.0930672189758543,1.0866770599223021,0.9941539194089642,0.011657984523794629,0.764562700416281,0.22226599353448984,1.0,1.0
glob_wb_food_idx_nok__yoy,2,excovid+exepi,50,1.078048185320906,1.0703483139565715,0.9928575814428531,0.014233822971448373,0.7918279944324356,0.21423048841283876,1.0,1.0
glob_wb_food_idx_nok__yoy,2,2015+,46,1.2509658478321497,1.2181238044225666,0.9737466506647672,0.05181746031914791,1.7901452681007364,0.036715280550997376,1.0,1.0
glob_wb_food_idx_nok__dyoy,2,full2010,66,1.30334876156064,1.316236147132325,1.009887902572028,-0.019873575761329976,-0.26921610281989916,0.6061183053408108,1.0,1.0
glob_wb_food_idx_nok__dyoy,2,exepi,56,1.0930672189758543,1.1114669732164104,1.016833140653322,-0.03394963593089839,-0.38908698549690507,0.6513940997383216,1.0,1.0
glob_wb_food_idx_nok__dyoy,2,excovid+exepi,50,1.078048185320906,1.092234711850584,1.0131594549509444,-0.026492081156494818,-0.18450083193375663,0.5731897127139531,1.0,1.0
glob_wb_food_idx_nok__dyoy,2,2015+,46,1.2509658478321497,1.2552720553952748,1.0034423062552726,-0.006896461982900393,0.1037933193937177,0.4586666840931575,1.0,1.0
us_ppi_corrugated_boxes_idx__yoy,2,full2010,66,1.30334876156064,1.198885183474035,0.9198498658474809,0.1538762243003715,1.7873797449578948,0.036938066538463876,1.0,1.0
us_ppi_corrugated_boxes_idx__yoy,2,exepi,56,1.0930672189758543,1.0697490570965136,0.9786672205747889,0.0422104713724174,1.3714734065781367,0.08511371400257017,1.0,1.0
us_ppi_corrugated_boxes_idx__yoy,2,excovid+exepi,50,1.078048185320906,1.0542151531536124,0.9778924240198046,0.04372640704467068,1.3027530690458824,0.09632953887249673,1.0,1.0
us_ppi_corrugated_boxes_idx__yoy,2,2015+,46,1.2509658478321497,1.0867436392241197,0.8687236674825156,0.24531918955572762,1.6527775804496647,0.04918806924876529,1.0,1.0
us_ppi_corrugated_boxes_idx__dyoy,2,full2010,66,1.30334876156064,1.1800445681420881,0.9053943218767427,0.1802611219133532,2.158491545751984,0.015444817507602515,1.0,1.0
us_ppi_corrugated_boxes_idx__dyoy,2,exepi,56,1.0930672189758543,1.0416039771495518,0.952918502235827,0.09194632809662828,1.855140980504679,0.03178804853253814,1.0,1.0
us_ppi_corrugated_boxes_idx__dyoy,2,excovid+exepi,50,1.078048185320906,1.0311455800479072,0.9564930344379392,0.0851210750717033,1.7251913960460197,0.042246492870968155,1.0,1.0
us_ppi_corrugated_boxes_idx__dyoy,2,2015+,46,1.2509658478321497,1.0866164609920943,0.8686220034504833,0.24549581512166851,1.8578503002381719,0.03159513789857038,1.0,1.0
us_ppi_plastic_resins_idx__yoy,2,full2010,66,1.30334876156064,1.348681375311815,1.0347816448583518,-0.07077305253575616,-1.0744794396621002,0.8586960725270538,1.0,1.0
us_ppi_plastic_resins_idx__yoy,2,exepi,56,1.0930672189758543,1.1076475573728355,1.013338922020406,-0.026855770881478724,-0.11933096983398399,0.5474934257930542,1.0,1.0
us_ppi_plastic_resins_idx__yoy,2,excovid+exepi,50,1.078048185320906,1.0899848353976964,1.01107246432889,-0.022267528124094493,-0.01040185481276866,0.5041496648479658,1.0,1.0
us_ppi_plastic_resins_idx__yoy,2,2015+,46,1.2509658478321497,1.2853131203147694,1.0274566028658108,-0.055667070772552396,-0.6300422550436215,0.7356665307185448,1.0,1.0
us_ppi_plastic_resins_idx__dyoy,2,full2010,66,1.30334876156064,1.3647429233205766,1.0471049373510914,-0.09642874982503313,-1.7407722726402437,0.9591382479831557,1.0,1.0
us_ppi_plastic_resins_idx__dyoy,2,exepi,56,1.0930672189758543,1.1386635380625547,1.0417141034834267,-0.08516827339627953,-1.0955470044938487,0.8633614677168596,1.0,1.0
us_ppi_plastic_resins_idx__dyoy,2,excovid+exepi,50,1.078048185320906,1.1232922168708293,1.0419684687252224,-0.08569828981758487,-0.9157591879973659,0.8201033932343296,1.0,1.0
us_ppi_plastic_resins_idx__dyoy,2,2015+,46,1.2509658478321497,1.2997976436949663,1.0390352749816785,-0.07959430265625222,-1.4430741288562272,0.9255002048418944,1.0,1.0
w_food_cpi_yoy,2,full2010,66,1.30334876156064,1.407044457528125,1.0795609732603872,-0.1654518949869146,-0.2577267986396854,0.601691118856968,1.0,1.0
w_food_cpi_yoy,2,exepi,56,1.0930672189758543,1.110118820332575,1.0155997737931406,-0.031442900528678264,0.30553599248237956,0.37997898080368553,1.0,1.0
w_food_cpi_yoy,2,excovid+exepi,50,1.078048185320906,1.1003204780328746,1.0206598304372996,-0.041746489468297066,0.19278287208215525,0.42356450898021414,1.0,1.0
w_food_cpi_yoy,2,2015+,46,1.2509658478321497,1.3786794694402833,1.102092013006953,-0.21460680513371777,-0.020217129846523803,0.5080649184815691,1.0,1.0
w_food_cpi_dyoy,2,full2010,66,1.30334876156064,1.344807887181457,1.0318096942610921,-0.06463124517116836,-1.3722087674817973,0.9150007715809244,1.0,1.0
w_food_cpi_dyoy,2,exepi,56,1.0930672189758543,1.134971501919683,1.0383364190384292,-0.07814251910154857,-1.217344687475727,0.8882634507329585,1.0,1.0
w_food_cpi_dyoy,2,excovid+exepi,50,1.078048185320906,1.1255662109828053,1.04407783094385,-0.09009851706841476,-1.2256437787332233,0.8898336221871126,1.0,1.0
w_food_cpi_dyoy,2,2015+,46,1.2509658478321497,1.2707647212500885,1.0158268696561534,-0.03190422911541968,-0.8675061520448255,0.8071676287720856,1.0,1.0
w_cpi_yoy,2,full2010,66,1.30334876156064,1.3814273880316201,1.0599061653900588,-0.12340107943185852,-0.8651300739694592,0.806516300084271,1.0,1.0
w_cpi_yoy,2,exepi,56,1.0930672189758543,1.1319630830200844,1.0355841464907103,-0.072434524462893,-1.3297849982405912,0.9082054399567396,1.0,1.0
w_cpi_yoy,2,excovid+exepi,50,1.078048185320906,1.1230130912759877,1.0417095511753,-0.08515878900984508,-1.3846096901372298,0.9169140765751248,1.0,1.0
w_cpi_yoy,2,2015+,46,1.2509658478321497,1.3584160266216372,1.085893774778658,-0.1791652901030425,-0.7370257131014246,0.7694466436249175,1.0,1.0
w_cpi_dyoy,2,full2010,66,1.30334876156064,1.2639199230675682,0.9697480523587105,0.05958871494648765,1.719462437503684,0.04276510081423335,1.0,1.0
w_cpi_dyoy,2,exepi,56,1.0930672189758543,1.0592032071740989,0.9690192778505569,0.061001639153985265,1.1483608333689983,0.1254098177065437,1.0,1.0
w_cpi_dyoy,2,excovid+exepi,50,1.078048185320906,1.0419033897395762,0.9664720036882484,0.06593186608682244,1.1175580841901367,0.1318778895836764,1.0,1.0
w_cpi_dyoy,2,2015+,46,1.2509658478321497,1.1824189471758662,0.9452048185207683,0.10658785104512147,1.954490499081599,0.025321618689637004,1.0,1.0
w_food_cpi_rel_yoy,2,full2010,66,1.30334876156064,1.3687523359665794,1.0501811766235345,-0.1028805037343914,0.6151630466315225,0.2692235246069091,1.0,1.0
w_food_cpi_rel_yoy,2,exepi,56,1.0930672189758543,1.1328415583345632,1.036387825623364,-0.07409972510032459,0.2518983404313993,0.4005598211898893,1.0,1.0
w_food_cpi_rel_yoy,2,excovid+exepi,50,1.078048185320906,1.1239404582571906,1.0425697789404689,-0.08695174395997807,0.2002207821518881,0.42065395722024246,1.0,1.0
w_food_cpi_rel_yoy,2,2015+,46,1.2509658478321497,1.303228828286788,1.0417781033312836,-0.0853016165805267,1.008099630668597,0.1567033174693543,1.0,1.0
w_food_cpi_rel_dyoy,2,full2010,66,1.30334876156064,1.379216370999836,1.0582097529661603,-0.11980788127270192,-0.5717953667838679,0.716269691723233,1.0,1.0
w_food_cpi_rel_dyoy,2,exepi,56,1.0930672189758543,1.1627175985199723,1.0637201247416208,-0.1315005037803294,-1.4221807286467438,0.9225131041062213,1.0,1.0
w_food_cpi_rel_dyoy,2,excovid+exepi,50,1.078048185320906,1.1592915480296917,1.0753615319009155,-0.1564024242922839,-1.5475044621037668,0.9391291753326063,1.0,1.0
w_food_cpi_rel_dyoy,2,2015+,46,1.2509658478321497,1.324676350256828,1.058922873516023,-0.12131765205543132,-0.2168235262209849,0.5858270616007064,1.0,1.0
w_food_cpi_xvat_yoy,2,full2010,66,1.30334876156064,1.3644363880630386,1.0468697468429338,-0.09593626685498813,-0.4572768036496794,0.676263949836995,1.0,1.0
w_food_cpi_xvat_yoy,2,exepi,56,1.0930672189758543,1.1147600162730766,1.0198458035522713,-0.04008546302317795,-0.15173239605837646,0.560300997680905,1.0,1.0
w_food_cpi_xvat_yoy,2,excovid+exepi,50,1.078048185320906,1.1041061231198626,1.0241714036104979,-0.04892706397349733,-0.2095293259280082,0.5829824776779009,1.0,1.0
w_food_cpi_xvat_yoy,2,2015+,46,1.2509658478321497,1.312791392933545,1.0494222485837925,-0.10128705582266329,0.09791569080868445,0.46099962019796326,1.0,1.0
w_food_cpi_xvat_dyoy,2,full2010,66,1.30334876156064,1.3025391824303716,0.9993788468949024,0.00124192037901516,0.3614869696085922,0.3588677220679809,1.0,1.0
w_food_cpi_xvat_dyoy,2,exepi,56,1.0930672189758543,1.085782945234717,0.9933359324891635,0.013283725225883947,0.9030185311481311,0.18325802996152984,1.0,1.0
w_food_cpi_xvat_dyoy,2,excovid+exepi,50,1.078048185320906,1.0678388338523723,0.9905297818710258,0.01885075122653801,1.0582800743607954,0.1449638871712159,1.0,1.0
w_food_cpi_xvat_dyoy,2,2015+,46,1.2509658478321497,1.2494789575034582,0.9988114061376909,0.0023757749692486785,0.335851051447801,0.36849159518434704,1.0,1.0
w_wage_yoy,2,full2010,66,1.30334876156064,1.3707059853567245,1.0516801226061936,-0.10603108028497843,-1.0972868869088837,0.8637419993255226,1.0,1.0
w_wage_yoy,2,exepi,56,1.0930672189758543,1.1367767558105353,1.0399879678723092,-0.08157497331917529,-0.4009756752560472,0.6557809835115108,1.0,1.0
w_wage_yoy,2,excovid+exepi,50,1.078048185320906,1.1132086972750073,1.0326149725335652,-0.06629368150049553,-0.15380219178411636,0.5611171471961002,1.0,1.0
w_wage_yoy,2,2015+,46,1.2509658478321497,1.341797294399106,1.072609053815787,-0.15049018232759792,-2.0345703984244876,0.9790529407966102,1.0,1.0
w_wage_dyoy,2,full2010,66,1.30334876156064,1.3101527179385994,1.0052203650923122,-0.010467982396321407,0.8188505331284196,0.2064358478239896,1.0,1.0
w_wage_dyoy,2,exepi,56,1.0930672189758543,1.0783225485591537,0.9865107377106088,0.02679656438167033,1.301443993965889,0.09655326157385291,1.0,1.0
w_wage_dyoy,2,excovid+exepi,50,1.078048185320906,1.0419418130692653,0.9665076452580893,0.06586297165766342,1.6720677049848607,0.047255486013406234,1.0,1.0
w_wage_dyoy,2,2015+,46,1.2509658478321497,1.3181909424458524,1.053738553078967,-0.11036493824495475,-2.7015997756562093,0.996549661394834,1.0,1.0
w_real_wage_yoy,2,full2010,66,1.30334876156064,1.4294243363851598,1.0967320325478775,-0.20282115121659872,-0.7032477307598101,0.7590493108222167,1.0,1.0
w_real_wage_yoy,2,exepi,56,1.0930672189758543,1.084363296341951,0.9920371570176091,0.015862279096419574,0.7905760097647248,0.21459572540762217,1.0,1.0
w_real_wage_yoy,2,excovid+exepi,50,1.078048185320906,1.0473948708227467,0.9715659142925651,0.056059674184852026,1.1088663593023718,0.1337439190719425,1.0,1.0
w_real_wage_yoy,2,2015+,46,1.2509658478321497,1.4868594774170674,1.1885692003452433,-0.412696744009331,-1.384212234128458,0.9168532608206532,1.0,1.0
w_real_wage_dyoy,2,full2010,66,1.30334876156064,1.3603362759001414,1.0437239179720892,-0.08935961694700834,-0.45768325771152457,0.6764099909803378,1.0,1.0
w_real_wage_dyoy,2,exepi,56,1.0930672189758543,1.0848572431950891,0.9924890476649209,0.01496549026517846,1.0160010250346283,0.1548144492145409,1.0,1.0
w_real_wage_dyoy,2,excovid+exepi,50,1.078048185320906,1.0455353672586702,0.9698410344686423,0.05940836786079373,1.6308896362418115,0.0514568044740189,1.0,1.0
w_real_wage_dyoy,2,2015+,46,1.2509658478321497,1.3838164428239703,1.1061984187834089,-0.2236749417189139,-1.844553271452382,0.9674487250998293,1.0,1.0
w_cons_conf_z,2,full2010,66,1.30334876156064,1.492479185629796,1.145111139586836,-0.3112795220058624,-0.7195569521795332,0.764101087638643,1.0,1.0
w_cons_conf_z,2,exepi,56,1.0930672189758543,1.1067006902857122,1.0124726742081165,-0.0251009160181348,1.2491059719652287,0.10581315832499572,1.0,1.0
w_cons_conf_z,2,excovid+exepi,50,1.078048185320906,1.0877023574163607,1.0089552324533442,-0.01799066109498182,1.2422792936115798,0.10706676620000688,1.0,1.0
w_cons_conf_z,2,2015+,46,1.2509658478321497,1.5357617962526628,1.2276608501455477,-0.5071511629800889,-1.0044910766897386,0.842429014910316,1.0,1.0
w_cons_conf_z_d4,2,full2010,66,1.30334876156064,1.3875843048825207,1.064630086594026,-0.13343722128120317,-0.8526060471891888,0.8030610960119604,1.0,1.0
w_cons_conf_z_d4,2,exepi,56,1.0930672189758543,1.1299488201365235,1.033741384354409,-0.06862124972697003,-0.49083819370511705,0.688229552956489,1.0,1.0
w_cons_conf_z_d4,2,excovid+exepi,50,1.078048185320906,1.1225003419519837,1.0412339237117174,-0.08416808388809849,-0.6363237986257816,0.7377173017856867,1.0,1.0
w_cons_conf_z_d4,2,2015+,46,1.2509658478321497,1.3386664087917797,1.0701062791694993,-0.14512744871799033,-0.6032197421363942,0.7268187420249221,1.0,1.0
w_retail_food_vol_yoy,2,full2010,66,1.30334876156064,1.521603618266978,1.1674569870653793,-0.3629558166477731,-0.37575440808141786,0.6464502574563306,1.0,1.0
w_retail_food_vol_yoy,2,exepi,56,1.0930672189758543,1.0841232307322397,0.991817531357317,0.016297984492277595,1.8003822195170045,0.03590015320047757,1.0,1.0
w_retail_food_vol_yoy,2,excovid+exepi,50,1.078048185320906,1.07588793936797,0.9979961508378281,0.004003682912879003,1.4530265051311255,0.0731081975054183,1.0,1.0
w_retail_food_vol_yoy,2,2015+,46,1.2509658478321497,1.5808411223815042,1.2636964671106001,-0.596928760987812,-0.804383356154002,0.7894121947801704,1.0,1.0
w_retail_food_vol_dyoy,2,full2010,66,1.3116054914588717,1.4549868513265303,1.1093174440038205,-0.2305851915711694,-0.66418661955967,0.7467145618673054,1.0,1.0
w_retail_food_vol_dyoy,2,exepi,56,1.091678491276866,1.0830277981384517,0.9920757867746427,0.015785633295473667,0.9918994109219863,0.1606232982569611,1.0,1.0
w_retail_food_vol_dyoy,2,excovid+exepi,50,1.0789765013368477,1.0764160523235073,0.9976269649893506,0.004740438726137164,0.7704341983699378,0.2205211869129915,1.0,1.0
w_retail_food_vol_dyoy,2,2015+,46,1.2668654114638411,1.4501947504359238,1.1447109829608884,-0.3103632345112832,-0.6224192106849938,0.7331668741703783,1.0,1.0
w_retail_total_vol_yoy,2,full2010,66,1.30334876156064,1.3780314365274364,1.0573006068439967,-0.11788457323268386,1.2146725684335675,0.11224549948235174,1.0,1.0
w_retail_total_vol_yoy,2,exepi,56,1.0930672189758543,1.0221007201099872,0.9350758145209414,0.12563322109799813,2.048931362586736,0.020234413526808326,1.0,1.0
w_retail_total_vol_yoy,2,excovid+exepi,50,1.078048185320906,1.0267815732062686,0.9524449715581342,0.09284857615362485,1.7831889029409702,0.037277779136470235,1.0,1.0
w_retail_total_vol_yoy,2,2015+,46,1.2509658478321497,1.398541998306097,1.117969767703641,-0.2498564014993332,0.056827660009680515,0.47734124001720846,1.0,1.0
w_retail_total_vol_dyoy,2,full2010,66,1.3116054914588717,1.3737557199964332,1.0473848492875957,-0.09701502251719951,-0.24773830977971661,0.5978315556462777,1.0,1.0
w_retail_total_vol_dyoy,2,exepi,56,1.091678491276866,1.1024089694026837,1.009829339142944,-0.019755294193875006,1.0054902287079526,0.15733042610966086,1.0,1.0
w_retail_total_vol_dyoy,2,excovid+exepi,50,1.0789765013368477,1.099860994401403,1.0193558367941096,-0.03908632200621942,0.7778970997940491,0.21831483908870708,1.0,1.0
w_retail_total_vol_dyoy,2,2015+,46,1.2668654114638411,1.3733407079920126,1.084046257451406,-0.1751562882944,-1.1856707309214918,0.8821238211943341,1.0,1.0
w_gdp_vol_yoy,2,full2010,66,1.30334876156064,1.324804095938589,1.0164616985190196,-0.03319438455617019,1.4817551502501345,0.06920272836331409,1.0,1.0
w_gdp_vol_yoy,2,exepi,56,1.0930672189758543,1.114928666266151,1.0200000941486287,-0.040400192063211326,1.359735408242404,0.08695683445532598,1.0,1.0
w_gdp_vol_yoy,2,excovid+exepi,50,1.078048185320906,1.0184527904071934,0.9447191732937497,0.10750568361117419,1.6740085310544324,0.047064461369107025,1.0,1.0
w_gdp_vol_yoy,2,2015+,46,1.2509658478321497,1.3239048142351082,1.0583061212497187,-0.12001184627462425,0.3047681185217537,0.3802713823926096,1.0,1.0
w_gdp_vol_dyoy,2,full2010,66,1.30334876156064,1.2937255603099393,0.992616557030232,0.014712370709448197,1.6944965387332516,0.04508548443216687,1.0,1.0
w_gdp_vol_dyoy,2,exepi,56,1.0930672189758543,1.120024564932553,1.0246621117976225,-0.04993244335356328,1.54646272226951,0.06099642814284789,1.0,1.0
w_gdp_vol_dyoy,2,excovid+exepi,50,1.078048185320906,1.0714904750728507,0.9939170527464843,0.01212889225974223,2.0700909605285207,0.019221913616807473,1.0,1.0
w_gdp_vol_dyoy,2,2015+,46,1.2509658478321497,1.2420492949496245,0.9928722651397901,0.014204665116182347,0.9175049273741914,0.17943905604727117,1.0,1.0
w_hh_real_inc_yoy,2,full2010,57,1.489665161365865,1.5079518131017617,1.0122756792668293,-0.02470205083512056,0.0382378535222711,0.4847490201033231,1.0,1.0
w_hh_real_inc_yoy,2,exepi,47,1.2418509582475712,1.2534601921169288,1.0093483310475033,-0.018784053388380295,0.19497026261860215,0.42270811391903607,1.0,1.0
w_hh_real_inc_yoy,2,excovid+exepi,41,1.2518460934482227,1.2603943980658043,1.0068285587679833,-0.013703746750814316,0.259477086724697,0.3976335794533611,1.0,1.0
w_hh_real_inc_yoy,2,2015+,46,1.3123230039314608,1.3275596319894103,1.0116104251867135,-0.023355652346443323,-0.13603491871310952,0.5541031618000611,1.0,1.0
w_hh_real_inc_dyoy,2,full2010,53,1.50831419023842,1.5569602537838942,1.0322519431696022,-0.06554407417741981,-1.388853907030113,0.9175614104671004,1.0,1.0
w_hh_real_inc_dyoy,2,exepi,43,1.2315204768880537,1.2900113066731278,1.0474948089640177,-0.09724537480656403,-2.276753775619399,0.9885995333654969,1.0,1.0
w_hh_real_inc_dyoy,2,excovid+exepi,37,1.239911984198893,1.3039455325688458,1.0516436240523352,-0.10595431200992933,-2.2114681228294866,0.9864982815180908,1.0,1.0
w_hh_real_inc_dyoy,2,2015+,46,1.3339185477193454,1.3740359300600151,1.0300748365852324,-0.06105416896609306,-0.756099772585943,0.7752053108415269,1.0,1.0
w_food_ppi_yoy,2,full2010,66,1.30334876156064,1.338455054831652,1.0269354560393915,-0.0545964308708331,-0.6163113878730603,0.7311554878429453,1.0,1.0
w_food_ppi_yoy,2,exepi,56,1.0930672189758543,1.099560962027511,1.0059408451181446,-0.011916983877007015,-0.24431322187590515,0.5965058779393746,1.0,1.0
w_food_ppi_yoy,2,excovid+exepi,50,1.078048185320906,1.0889433953367957,1.0101064221101086,-0.020314983988084956,-0.5166996210228482,0.6973170696677419,1.0,1.0
w_food_ppi_yoy,2,2015+,46,1.2509658478321497,1.3017593531849698,1.040603430893691,-0.0828555003877205,-0.669282784279379,0.7483424467031499,1.0,1.0
w_food_ppi_dyoy,2,full2010,66,1.3116054914588717,1.2940780058316317,0.9866366176862034,0.02654818464072861,1.176278069684066,0.11974188812993558,1.0,1.0
w_food_ppi_dyoy,2,exepi,56,1.091678491276866,1.078685501844253,0.9880981538644991,0.023662038329568702,0.8264086075403997,0.2042861711585351,1.0,1.0
w_food_ppi_dyoy,2,excovid+exepi,50,1.0789765013368477,1.0575814797202514,0.9801710031774667,0.03926480453007852,0.933526829813311,0.17527401221063976,1.0,1.0
w_food_ppi_dyoy,2,2015+,46,1.2668654114638411,1.223579006380317,0.9658318834093769,0.06716877298989588,1.3821888403544462,0.08345686287193499,1.0,1.0
w_unemp_lvl,2,full2010,66,1.30334876156064,1.313599861789007,1.007865201188431,-0.015792263766596593,-1.8963820777295068,0.9710452299885353,1.0,1.0
w_unemp_lvl,2,exepi,56,1.0930672189758543,1.1046059187841852,1.0105562582136,-0.021223951014672338,-1.5064796784105896,0.9340279599841869,1.0,1.0
w_unemp_lvl,2,excovid+exepi,50,1.078048185320906,1.087525339331986,1.008791030067231,-0.01765934234410471,-1.1459301270213675,0.8740879677828718,1.0,1.0
w_unemp_lvl,2,2015+,46,1.2509658478321497,1.2644693294942955,1.0107944446969088,-0.021705409430132327,-2.451226336530999,0.9928814800216443,1.0,1.0
w_unemp_d4,2,full2010,66,1.30334876156064,1.3903064348809873,1.066718652662257,-0.1378886839375808,0.503302300834631,0.30737587452089055,1.0,1.0
w_unemp_d4,2,exepi,56,1.0930672189758543,1.2046734323617505,1.1021037054706162,-0.21463257761206278,0.5200754837635724,0.3015054825368111,1.0,1.0
w_unemp_d4,2,excovid+exepi,50,1.078048185320906,1.1706555356467752,1.085902793202423,-0.17918487628482427,0.7249565015352001,0.23423935819237984,1.0,1.0
w_unemp_d4,2,2015+,46,1.2509658478321497,1.300799750538601,1.0398363414899061,-0.08125961708311258,-0.2729816144337646,0.6075663257124604,1.0,1.0
w_policy_rate_lvl,2,full2010,66,1.30334876156064,1.3454987112894923,1.0323397320594232,-0.06572532238852169,-0.5449005011894248,0.7070890242225205,1.0,1.0
w_policy_rate_lvl,2,exepi,56,1.0930672189758543,1.112399772161425,1.0176865181298587,-0.03568584918327522,0.4908130085684214,0.3117793542492989,1.0,1.0
w_policy_rate_lvl,2,excovid+exepi,50,1.078048185320906,1.1032212636778083,1.0233506059373485,-0.04724646267233834,0.3743326606580325,0.3540784178955849,1.0,1.0
w_policy_rate_lvl,2,2015+,46,1.2509658478321497,1.2902809119334304,1.031427767727961,-0.06384324004028485,-0.7012867801537978,0.7584379689239725,1.0,1.0
w_policy_rate_d4,2,full2010,66,1.30334876156064,1.3402638376441258,1.028323252510927,-0.057448711654651596,0.8085321781058277,0.20939214492844616,1.0,1.0
w_policy_rate_d4,2,exepi,56,1.0930672189758543,1.1666809364135124,1.0673460114434958,-0.13922750814433904,0.3850179326663286,0.3501120647265452,1.0,1.0
w_policy_rate_d4,2,excovid+exepi,50,1.078048185320906,1.1441563579208185,1.0613220944110524,-0.12640458808506283,0.5227004141820236,0.3005913749919471,1.0,1.0
w_policy_rate_d4,2,2015+,46,1.2509658478321497,1.3335280871989603,1.0659987956584795,-0.13635343234532882,-0.6038443991111354,0.727026451144003,1.0,1.0
w_gov10y_lvl,2,full2010,66,1.30334876156064,1.374070852900535,1.0542618318486079,-0.11146801009278229,-0.7470414192548197,0.7724807203165418,1.0,1.0
w_gov10y_lvl,2,exepi,56,1.0930672189758543,1.1558497557486538,1.0574370319435829,-0.1181730765256539,-0.18455538643322872,0.573211109406313,1.0,1.0
w_gov10y_lvl,2,excovid+exepi,50,1.078048185320906,1.1549246862613318,1.0713108207844546,-0.14770687472986177,-0.36333508266704717,0.6418227053805347,1.0,1.0
w_gov10y_lvl,2,2015+,46,1.2509658478321497,1.2904030991783118,1.031525442053038,-0.06404473760271534,-0.30018924531008107,0.6179835959951172,1.0,1.0
w_gov10y_d4,2,full2010,66,1.30334876156064,1.1917855995625273,0.9144026792456332,0.16386774018840755,1.9842550116967335,0.023613709341019473,1.0,1.0
w_gov10y_d4,2,exepi,56,1.0930672189758543,1.0639627777557517,0.9733736034574598,0.052543828092239786,1.393236932174992,0.081774077508872,1.0,1.0
w_gov10y_d4,2,excovid+exepi,50,1.078048185320906,1.0591290748801603,0.9824505892237887,0.03479083973383046,1.2588347645439901,0.10404501031288294,1.0,1.0
w_gov10y_d4,2,2015+,46,1.2509658478321497,1.1797738047013338,0.9430903383540106,0.11058061370331784,1.38522092731742,0.08299246176079533,1.0,1.0
w_fx_vs_eur_yoy,2,full2010,66,1.30334876156064,1.3261154820763716,1.0174678652308462,-0.0352408567774154,1.3418753850831437,0.08981820204702984,1.0,1.0
w_fx_vs_eur_yoy,2,exepi,56,1.0930672189758543,1.1412714760689262,1.0440999933546966,-0.09014479612327753,0.8519090355219652,0.19713229075406458,1.0,1.0
w_fx_vs_eur_yoy,2,excovid+exepi,50,1.078048185320906,1.1369661469733092,1.0546524380400166,-0.11229176506375116,0.6987638441599746,0.24234981369847075,1.0,1.0
w_fx_vs_eur_yoy,2,2015+,46,1.2509658478321497,1.2160257678735622,0.9720695173100555,0.05508085351659564,2.0002472766607196,0.02273678454318062,1.0,1.0
w_fx_vs_eur_dyoy,2,full2010,66,1.30334876156064,1.3282992988891658,1.019143408168547,-0.03865328641340171,-0.13401975372442837,0.5533065229326537,1.0,1.0
w_fx_vs_eur_dyoy,2,exepi,56,1.0930672189758543,1.1377528516193327,1.0408809557799623,-0.0834331641054078,-0.7472661865280205,0.7725485505209745,1.0,1.0
w_fx_vs_eur_dyoy,2,excovid+exepi,50,1.078048185320906,1.1294976270634804,1.0477246216292821,-0.0977268827682225,-0.7978764979895328,0.7875289184708937,1.0,1.0
w_fx_vs_eur_dyoy,2,2015+,46,1.2509658478321497,1.2493758615750292,0.9987289930737311,0.0025403983939311647,0.2893258583756443,0.38616601298406905,1.0,1.0
w_fx_vs_usd_yoy,2,full2010,66,1.30334876156064,1.3308554057908026,1.0211045922944109,-0.04265458840473513,0.10990826510294209,0.4562410638271909,1.0,1.0
w_fx_vs_usd_yoy,2,exepi,56,1.0930672189758543,1.0614462792271275,0.9710713676160246,0.05702039899634348,1.7966047806277774,0.03619919246280212,1.0,1.0
w_fx_vs_usd_yoy,2,excovid+exepi,50,1.078048185320906,1.058289184658974,0.9816715051043378,0.03632105606618419,1.418289423092164,0.07805314170058686,1.0,1.0
w_fx_vs_usd_yoy,2,2015+,46,1.2509658478321497,1.3048630362621483,1.043084460317921,-0.08802519135672848,-0.22915969595732116,0.5906276014878735,1.0,1.0
w_fx_vs_usd_dyoy,2,full2010,66,1.30334876156064,1.4079883370037245,1.080285168888938,-0.16701604612140164,-0.16668571735306364,0.5661913278956516,1.0,1.0
w_fx_vs_usd_dyoy,2,exepi,56,1.0930672189758543,1.1460707088585498,1.048490604203058,-0.0993325471020936,0.9652618530010839,0.16720683670305347,1.0,1.0
w_fx_vs_usd_dyoy,2,excovid+exepi,50,1.078048185320906,1.142044722300027,1.0593633363058543,-0.12225067830907066,0.8798785796809266,0.18946254492363546,1.0,1.0
w_fx_vs_usd_dyoy,2,2015+,46,1.2509658478321497,1.3433599689917486,1.0738582282799427,-0.15317149444453748,-0.4480367645134976,0.6729366680936507,1.0,1.0
w_fx_vs_nok_yoy,2,full2010,66,1.30334876156064,1.3136257753157587,1.0078850834544186,-0.015832341449920406,-0.6377052768409045,0.7381672250453492,1.0,1.0
w_fx_vs_nok_yoy,2,exepi,56,1.0930672189758543,1.0949411105217846,1.001714342460737,-0.003431623891546831,0.19555235254289627,0.42248027863965754,1.0,1.0
w_fx_vs_nok_yoy,2,excovid+exepi,50,1.078048185320906,1.0770807286783934,0.9991025849719095,0.0017940247024483824,0.38911426892916634,0.34859580928669054,1.0,1.0
w_fx_vs_nok_yoy,2,2015+,46,1.2509658478321497,1.2649422136299322,1.0111724599212701,-0.022469743703232625,-1.223494440692884,0.8894284986719894,1.0,1.0
w_fx_vs_nok_dyoy,2,full2010,66,1.30334876156064,1.3301762691659544,1.020583521768334,-0.04159072490505533,-0.41891991994280525,0.6623626708044474,1.0,1.0
w_fx_vs_nok_dyoy,2,exepi,56,1.0930672189758543,1.1019816433875322,1.0081554219694102,-0.016377354846319525,0.40697987557572135,0.34201138444864954,1.0,1.0
w_fx_vs_nok_dyoy,2,excovid+exepi,50,1.078048185320906,1.0750933908379192,0.997259125776361,0.005474236055768245,0.9444842591176699,0.17246112095678512,1.0,1.0
w_fx_vs_nok_dyoy,2,2015+,46,1.2509658478321497,1.3041991954573715,1.0425537977055666,-0.08691842111029935,-1.1507818422082203,0.8750890016518464,1.0,1.0
w_ec_food_ind_sell_price_exp_lvl,2,full2010,66,1.30334876156064,1.3353827444748185,1.0245782125697658,-0.049760513672656215,-1.5863528403872655,0.9436703540214074,1.0,1.0
w_ec_food_ind_sell_price_exp_lvl,2,exepi,56,1.0930672189758543,1.115240029611141,1.020284947028291,-0.040981373132522814,-1.2784505166678035,0.899454689110988,1.0,1.0
w_ec_food_ind_sell_price_exp_lvl,2,excovid+exepi,50,1.078048185320906,1.104310634730185,1.024361109055122,-0.049315681744639406,-1.3841149697283426,0.9168383730506104,1.0,1.0
w_ec_food_ind_sell_price_exp_lvl,2,2015+,46,1.2509658478321497,1.2778351899080038,1.0214788773989452,-0.04341909697220925,-0.932140340084248,0.8243679986442554,1.0,1.0
w_ec_food_ind_sell_price_exp_d4,2,full2010,66,1.30334876156064,1.2558832795786532,0.9635819027248307,0.07150991674119489,2.1338158930708153,0.016428927201251553,1.0,1.0
w_ec_food_ind_sell_price_exp_d4,2,exepi,56,1.0930672189758543,1.0723436321211455,0.9810408852310787,0.037558781505021455,1.828995292187832,0.0337001567540135,1.0,1.0
w_ec_food_ind_sell_price_exp_d4,2,excovid+exepi,50,1.078048185320906,1.061251721257044,0.9844195609319056,0.03091812805463412,1.7608478146606448,0.03913208225143883,1.0,1.0
w_ec_food_ind_sell_price_exp_d4,2,2015+,46,1.2509658478321497,1.2005784541007092,0.9597212075623336,0.07893520375509622,1.440863367658195,0.07481164347937252,1.0,1.0
w_ec_food_retail_sell_price_exp_lvl,2,full2010,48,1.4349914447183918,1.4557406499862153,1.0144594626986752,-0.02912800145888461,0.784825225381112,0.21627802400736873,1.0,1.0
w_ec_food_retail_sell_price_exp_lvl,2,exepi,38,1.0827508940148025,1.2627501695466778,1.1662425554454583,-0.3601216981319528,-0.8674679303750044,0.8071571620886013,1.0,1.0
w_ec_food_retail_sell_price_exp_lvl,2,excovid+exepi,32,1.0592881241289995,1.2611453486307058,1.190559319890123,-0.41743149417723213,-0.7722526392176304,0.7800175949660777,1.0,1.0
w_ec_food_retail_sell_price_exp_lvl,2,2015+,46,1.3390617747039453,1.2635787439124289,0.9436299114667768,0.10956259018520298,1.2743483250366858,0.1012699986019171,1.0,1.0
w_ec_food_retail_sell_price_exp_d4,2,full2010,44,1.3502005263032069,1.3387411554472448,0.9915128378098493,0.01690229245825936,1.6874691811404565,0.045756585544629136,1.0,1.0
w_ec_food_retail_sell_price_exp_d4,2,exepi,34,0.8530081360730337,1.0525639242901377,1.23394359300697,-0.5226167907229509,1.1589820275328555,0.12323175548568588,1.0,1.0
w_ec_food_retail_sell_price_exp_d4,2,excovid+exepi,28,0.7629084947391266,1.0224031873058896,1.340138685512338,-0.7959716964067374,1.155390910139716,0.1239651912883275,1.0,1.0
w_ec_food_retail_sell_price_exp_d4,2,2015+,44,1.3502005263032069,1.3387411554472448,0.9915128378098493,0.01690229245825936,1.6874691811404565,0.045756585544629136,1.0,1.0
w_ec_cons_price_exp_lvl,2,full2010,66,1.30334876156064,1.3106872195527326,1.0056304637780185,-0.011292629678392396,0.948647064652688,0.17140007266920465,1.0,1.0
w_ec_cons_price_exp_lvl,2,exepi,56,1.0930672189758543,1.0972072718336463,1.0037875555921172,-0.007589456761597724,0.7320567651672578,0.23206696060139853,1.0,1.0
w_ec_cons_price_exp_lvl,2,excovid+exepi,50,1.078048185320906,1.0782359236467765,1.0001741465070177,-0.00034832334104129004,0.8380223911954222,0.20100906403322472,1.0,1.0
w_ec_cons_price_exp_lvl,2,2015+,46,1.2509658478321497,1.2387967278185807,0.99027222043299,0.01936092943871559,1.1541150202503043,0.12422650808475832,1.0,1.0
w_ec_cons_price_exp_d4,2,full2010,66,1.30334876156064,1.3784992158052387,1.0576595125272632,-0.11864364443940811,1.382453163861328,0.08341630095780106,1.0,1.0
w_ec_cons_price_exp_d4,2,exepi,56,1.0930672189758543,1.1417034711890888,1.0444952070365847,-0.09097023752239797,1.6460886696450863,0.049872752406511234,1.0,1.0
w_ec_cons_price_exp_d4,2,excovid+exepi,50,1.078048185320906,1.1289681184327156,1.047233448193832,-0.09669789501594317,1.7766800392776443,0.037810449139333735,1.0,1.0
w_ec_cons_price_exp_d4,2,2015+,46,1.2509658478321497,1.3256434515373363,1.059695957195473,-0.12295552169642954,0.4699094849788496,0.3192098437281726,1.0,1.0
w_hh_saving_lvl,2,full2010,66,1.30334876156064,1.4036614442556838,1.0769653416288427,-0.15985434706973,-1.4192073874622486,0.9220807185782799,1.0,1.0
w_hh_saving_lvl,2,exepi,56,1.0930672189758543,1.1984830077485693,1.096440353294543,-0.20218144833266227,-1.0680335926664604,0.8572473205108218,1.0,1.0
w_hh_saving_lvl,2,excovid+exepi,50,1.078048185320906,1.1942369501518673,1.107776968054888,-0.22716981095288014,-1.1301819316310118,0.8708002141860678,1.0,1.0
w_hh_saving_lvl,2,2015+,46,1.2509658478321497,1.3375468830410804,1.069211350061211,-0.14321291109971757,-1.4129388581850912,0.9211631488188176,1.0,1.0
w_hh_saving_d4,2,full2010,66,1.30334876156064,1.3288222731192676,1.0195446624187723,-0.039471318666608246,0.21609597096701844,0.4144564701127693,1.0,1.0
w_hh_saving_d4,2,exepi,56,1.0930672189758543,1.0477299745188988,0.9585229127084846,0.08123382581284289,2.5736870056779484,0.005031062679090148,1.0,0.9961504104598493
w_hh_saving_d4,2,excovid+exepi,50,1.078048185320906,1.038483734529553,0.9632999235747743,0.07205325724083389,2.367199420760417,0.008961636157434949,1.0,1.0
w_hh_saving_d4,2,2015+,46,1.2509658478321497,1.3167392206310993,1.0525780723054359,-0.10792059829822742,-0.1617436856580307,0.564246149362974,1.0,1.0
nw_food_cpi_yoy,2,full2010,66,1.30334876156064,1.3923752274362409,1.0683059427386112,-0.1412775872906329,-0.43144177536841466,0.6669264100143806,1.0,1.0
nw_food_cpi_yoy,2,exepi,56,1.0930672189758543,1.0972950625447984,1.0038678715229474,-0.007750703476012921,0.31095365912493206,0.37791792549434167,1.0,1.0
nw_food_cpi_yoy,2,excovid+exepi,50,1.078048185320906,1.0831529319036355,1.0047351747836855,-0.009492771447602966,0.2675379761489657,0.3945274893348064,1.0,1.0
nw_food_cpi_yoy,2,2015+,46,1.2509658478321497,1.3632505249293938,1.089758387322745,-0.18757334274026993,-0.25800227741644677,0.6017974252042015,1.0,1.0
nw_food_cpi_dyoy,2,full2010,66,1.30334876156064,1.330105022699824,1.0205288576076488,-0.04147914920997264,-0.9337858311647281,0.8247928101439574,1.0,1.0
nw_food_cpi_dyoy,2,exepi,56,1.0930672189758543,1.0977467620469774,1.0042811118931072,-0.008580551705255735,-0.36213363464060355,0.6413739149174795,1.0,1.0
nw_food_cpi_dyoy,2,excovid+exepi,50,1.078048185320906,1.0838534811715683,1.0053850059113398,-0.010799010111344876,-0.4132072962510812,0.6602726285394876,1.0,1.0
nw_food_cpi_dyoy,2,2015+,46,1.2509658478321497,1.2825207758424622,1.0252244520224076,-0.0510851770246461,-0.644086963039705,0.7402404781162059,1.0,1.0
nw_food_cpi_xvat_yoy,2,full2010,66,1.30334876156064,1.3783548159194396,1.0575487210875059,-0.11840929747381934,-0.7161793502804916,0.7630596939976728,1.0,1.0
nw_food_cpi_xvat_yoy,2,exepi,56,1.0930672189758543,1.1197588479100098,1.0244190187673583,-0.04943432601227715,-0.4295538967416058,0.6662399100245595,1.0,1.0
nw_food_cpi_xvat_yoy,2,excovid+exepi,50,1.078048185320906,1.1084198613033578,1.028172837166282,-0.057139383086561635,-0.44435357324115066,0.6716065130366118,1.0,1.0
nw_food_cpi_xvat_yoy,2,2015+,46,1.2509658478321497,1.325124172733182,1.0592808548926769,-0.12207592954216029,-0.2537861016601896,0.6001695943654336,1.0,1.0
nw_food_cpi_xvat_dyoy,2,full2010,66,1.30334876156064,1.3071404361584584,1.0029091788089615,-0.0058268209392653425,0.30313803175875437,0.38089233586260496,1.0,1.0
nw_food_cpi_xvat_dyoy,2,exepi,56,1.0930672189758543,1.076485189807785,0.98482981752613,0.030110230511449565,1.2432025984156316,0.1068965927231944,1.0,1.0
nw_food_cpi_xvat_dyoy,2,excovid+exepi,50,1.078048185320906,1.0622834541927786,0.9853765987988424,0.029032958539625175,1.0986418319202358,0.13596216185840648,1.0,1.0
nw_food_cpi_xvat_dyoy,2,2015+,46,1.2509658478321497,1.2635135028858206,1.0100303737911114,-0.020161355980612194,-0.02125374982361571,0.5084783811051987,1.0,1.0
nw_real_wage_yoy,2,full2010,66,1.30334876156064,1.3761010565149747,1.0558195143924642,-0.11475484697193905,-0.7288677356110236,0.7669587136862455,1.0,1.0
nw_real_wage_yoy,2,exepi,56,1.0930672189758543,1.1030155215965158,1.0091012724999497,-0.018285378161017718,0.5274728638217558,0.29893262796453623,1.0,1.0
nw_real_wage_yoy,2,excovid+exepi,50,1.078048185320906,1.0781728109515756,1.0001156030243976,-0.00023121941285442205,0.7703775274219554,0.22053798996552132,1.0,1.0
nw_real_wage_yoy,2,2015+,46,1.2509658478321497,1.3905900044438722,1.111613084284981,-0.2356836491535681,-1.5125661819553131,0.934805055108003,1.0,1.0
nw_real_wage_dyoy,2,full2010,66,1.30334876156064,1.336173339963432,1.0251848003933248,-0.05100387495750125,-0.3907805938991893,0.6520202897551411,1.0,1.0
nw_real_wage_dyoy,2,exepi,56,1.0930672189758543,1.0964978895556967,1.0031385723771469,-0.006286995390860417,0.5940242369912736,0.27624795120230994,1.0,1.0
nw_real_wage_dyoy,2,excovid+exepi,50,1.078048185320906,1.0579728812069504,0.981378101287764,0.0368970223128231,1.291457750522527,0.09827249817154671,1.0,1.0
nw_real_wage_dyoy,2,2015+,46,1.2509658478321497,1.3405005238122152,1.0715724383165406,-0.14826749055965616,-2.505647468470925,0.9938886291477907,1.0,1.0
nw_cons_conf_z,2,full2010,66,1.30334876156064,1.450049597982835,1.1125568541197939,-0.2377827536489323,-0.4951057051769772,0.6897372465849475,1.0,1.0
nw_cons_conf_z,2,exepi,56,1.0930672189758543,1.1095206060553486,1.015052493381798,-0.03033156432060502,1.5922891970733892,0.05565986957628499,1.0,1.0
nw_cons_conf_z,2,excovid+exepi,50,1.078048185320906,1.1011333879135115,1.0214138875302068,-0.04328632963957002,1.4128229089702191,0.07885390028370187,1.0,1.0
nw_cons_conf_z,2,2015+,46,1.2509658478321497,1.4699862550300309,1.1750810444405262,-0.380815461003438,-0.7525878741843908,0.774151196750732,1.0,1.0
nw_cons_conf_z_d4,2,full2010,66,1.30334876156064,1.3747873557421384,1.0548115717668365,-0.11262745193322399,-0.7943853831432617,0.7865144445546823,1.0,1.0
nw_cons_conf_z_d4,2,exepi,56,1.0930672189758543,1.1253602689780853,1.0295435170331866,-0.059959853465063384,-0.5107737913287106,0.6952452684173731,1.0,1.0
nw_cons_conf_z_d4,2,excovid+exepi,50,1.078048185320906,1.1181036952202708,1.0371555839940876,-0.07569170541011694,-0.6501135074997537,0.7421905476267481,1.0,1.0
nw_cons_conf_z_d4,2,2015+,46,1.2509658478321497,1.3253981686389953,1.059499882379549,-0.12254000076227811,-0.5168570638207847,0.6973720290134535,1.0,1.0
nw_retail_food_vol_yoy,2,full2010,66,1.30334876156064,1.5071792206832113,1.1563898053491861,-0.33723738191552854,-0.4217257002094037,0.6633873783337391,1.0,1.0
nw_retail_food_vol_yoy,2,exepi,56,1.0930672189758543,1.1122168825191125,1.0175192002932816,-0.03534532296547921,1.482370123337455,0.06912091953508437,1.0,1.0
nw_retail_food_vol_yoy,2,excovid+exepi,50,1.078048185320906,1.1056073124241197,1.0255639102949836,-0.051781334099537224,0.9994565904993686,0.1587867788482713,1.0,1.0
nw_retail_food_vol_yoy,2,2015+,46,1.2509658478321497,1.5526538098829448,1.2411640274381612,-0.5404881430065167,-0.7254838009636257,0.7659223604241461,1.0,1.0
nw_retail_food_vol_dyoy,2,full2010,66,1.3116054914588717,1.470987944982335,1.121517067869383,-0.25780053352233856,-0.7293780284901756,0.7671147730086647,1.0,1.0
nw_retail_food_vol_dyoy,2,exepi,56,1.091678491276866,1.109791667688233,1.016592042946803,-0.03345938178275443,0.635718097415105,0.2624800892960466,1.0,1.0
nw_retail_food_vol_dyoy,2,excovid+exepi,50,1.0789765013368477,1.1101551067135853,1.0288964637673828,-0.05862793315302506,0.35603869159579665,0.36090579476035256,1.0,1.0
nw_retail_food_vol_dyoy,2,2015+,46,1.2668654114638411,1.4439337858098624,1.1397688915836939,-0.29907312622192217,-0.5396827427297203,0.7052920783969181,1.0,1.0
nw_food_ppi_yoy,2,full2010,66,1.30334876156064,1.3324357256242785,1.0223170995527011,-0.04513225203784743,-0.6019906465614319,0.7264098182417078,1.0,1.0
nw_food_ppi_yoy,2,exepi,56,1.0930672189758543,1.0987570204176984,1.0052053536535248,-0.01043780301370778,-0.3536693446660216,0.6382066504854219,1.0,1.0
nw_food_ppi_yoy,2,excovid+exepi,50,1.078048185320906,1.0856938866999202,1.0070921703529774,-0.01423463958627047,-0.4799892315450442,0.6843824749378643,1.0,1.0
nw_food_ppi_yoy,2,2015+,46,1.2509658478321497,1.295276379352213,1.0354210561358257,-0.07209676348942873,-0.7024388638653603,0.7587972421711522,1.0,1.0
nw_food_ppi_dyoy,2,full2010,66,1.3116054914588717,1.2882077467559927,0.982160989066267,0.035359791556372144,1.3476938900702558,0.08887842902598253,1.0,1.0
nw_food_ppi_dyoy,2,exepi,56,1.091678491276866,1.0741010259883168,0.9838986794839294,0.03194338850977996,0.9210150384643147,0.17852128780925502,1.0,1.0
nw_food_ppi_dyoy,2,excovid+exepi,50,1.0789765013368477,1.0550623525775786,0.9778362654518985,0.043836237967084246,1.0024321809275654,0.15806745303894942,1.0,1.0
nw_food_ppi_dyoy,2,2015+,46,1.2668654114638411,1.2217208892597913,0.9643651789720219,0.06999980158626018,1.4820121795108427,0.06916852712657828,1.0,1.0
fao_ffpi_sek_yoy,2,full2010,66,1.30334876156064,1.2826772424096606,0.9841396871193346,0.03146907623665818,1.169980902657005,0.12100432710798903,1.0,1.0
fao_ffpi_sek_yoy,2,exepi,56,1.0930672189758543,1.0830822498756563,0.9908651829211808,0.01818618927457505,0.7859585215415512,0.21594589387050211,1.0,1.0
fao_ffpi_sek_yoy,2,excovid+exepi,50,1.078048185320906,1.0618361167353405,0.9849616475345769,0.029850552885971826,0.9555583675460788,0.16964770178576227,1.0,1.0
fao_ffpi_sek_yoy,2,2015+,46,1.2509658478321497,1.2125118380653042,0.969260543896155,0.0605339980461298,1.3344191390456246,0.09103326553176028,1.0,1.0
fao_ffpi_sek_dyoy,2,full2010,66,1.30334876156064,1.3326735406583312,1.022499564170819,-0.04550535872951489,-0.4995044876923151,0.6912879869659825,1.0,1.0
fao_ffpi_sek_dyoy,2,exepi,56,1.0930672189758543,1.1272915061599103,1.0313103225400193,-0.06360098137759862,-0.8466844143960941,0.8014144758969861,1.0,1.0
fao_ffpi_sek_dyoy,2,excovid+exepi,50,1.078048185320906,1.1131167688550712,1.0325296995177689,-0.06611758038625393,-0.7083599362222927,0.7606391173101014,1.0,1.0
fao_ffpi_sek_dyoy,2,2015+,46,1.2509658478321497,1.2587992587504977,1.006261890308135,-0.01256299188650134,0.5267047523429462,0.2991993174539269,1.0,1.0
wb_food_sek_yoy,2,full2010,66,1.30334876156064,1.3075729073917575,1.003240994241679,-0.006492492527032434,0.23775979155017943,0.4060337030660003,1.0,1.0
wb_food_sek_yoy,2,exepi,56,1.0930672189758543,1.0844074648167688,0.9920775648480252,0.015782105325212292,0.8751539292594025,0.19074507844831423,1.0,1.0
wb_food_sek_yoy,2,excovid+exepi,50,1.078048185320906,1.0696017397447994,0.9921650574704206,0.015608498734716925,0.8097930037636129,0.2090295771383619,1.0,1.0
wb_food_sek_yoy,2,2015+,46,1.2509658478321497,1.2442095908314748,0.9945991675053455,0.010772495997673714,0.9138329924829659,0.18040230372668686,1.0,1.0
wb_food_sek_dyoy,2,full2010,66,1.30334876156064,1.3359795675431023,1.025036127661939,-0.05069906301218308,-1.558724596936249,0.9404692112538102,1.0,1.0
wb_food_sek_dyoy,2,exepi,56,1.0930672189758543,1.131076864650798,1.034773383571558,-0.07075595534813073,-1.261735235879918,0.8964779633288285,1.0,1.0
wb_food_sek_dyoy,2,excovid+exepi,50,1.078048185320906,1.1216449560439867,1.040440465757199,-0.08251636278505736,-1.2931599008481154,0.9020221193934196,1.0,1.0
wb_food_sek_dyoy,2,2015+,46,1.2509658478321497,1.2541849420242728,1.0025732870307384,-0.00515319586761942,-0.12801540611444512,0.550931609480134,1.0,1.0
fao_ffpi_wloc_yoy,2,full2010,66,1.30334876156064,1.2655195932600773,0.9709754062640411,0.05720676043038031,1.3520106455637642,0.08818595489005032,1.0,1.0
fao_ffpi_wloc_yoy,2,exepi,56,1.0930672189758543,1.0763225376506411,0.9846810140908789,0.03040330048895823,1.0087300296319195,0.1565520629273398,1.0,1.0
fao_ffpi_wloc_yoy,2,excovid+exepi,50,1.078048185320906,1.0519045564016483,0.9757491091073304,0.04791367607625108,1.2509450050486355,0.10547727128953621,1.0,1.0
fao_ffpi_wloc_yoy,2,2015+,46,1.2509658478321497,1.1961535942943182,0.9561840527998283,0.08571205717129515,1.3358768033059145,0.09079477202240438,1.0,1.0
fao_ffpi_wloc_dyoy,2,full2010,66,1.30334876156064,1.3207731669771898,1.0133689507601062,-0.02691663036463865,0.23653157952169904,0.40651010272649024,1.0,1.0
fao_ffpi_wloc_dyoy,2,exepi,56,1.0930672189758543,1.1174702022213232,1.0223252356504966,-0.0451488874478434,-0.31268793025371194,0.6227411168283834,1.0,1.0
fao_ffpi_wloc_dyoy,2,excovid+exepi,50,1.078048185320906,1.096632031449009,1.0172384188212988,-0.03477400072605619,-0.008278033311912372,0.5033024197698046,1.0,1.0
fao_ffpi_wloc_dyoy,2,2015+,46,1.2509658478321497,1.2617292515358076,1.008604074781346,-0.017282179665535136,0.5424803964160856,0.29374380429180413,1.0,1.0
wb_food_wloc_yoy,2,full2010,66,1.30334876156064,1.2917175255486177,0.9910758836352482,0.01776859287661192,1.0886212965644664,0.13816046070724886,1.0,1.0
wb_food_wloc_yoy,2,exepi,56,1.0930672189758543,1.0833539939058245,0.9911137898004748,0.017693455667340263,0.8295091241380647,0.20340818799276794,1.0,1.0
wb_food_wloc_yoy,2,excovid+exepi,50,1.078048185320906,1.067046848927577,0.9897951348157464,0.020305591095078346,0.830457678257824,0.20314003328600305,1.0,1.0
wb_food_wloc_yoy,2,2015+,46,1.2509658478321497,1.2204108481669638,0.9755748730325964,0.04825366710743351,1.7234643952666264,0.042402289250555114,1.0,1.0
wb_food_wloc_dyoy,2,full2010,66,1.30334876156064,1.327602005145882,1.0186084065144627,-0.03756308582193291,-0.7044868189004243,0.7594351720849313,1.0,1.0
wb_food_wloc_dyoy,2,exepi,56,1.0930672189758543,1.125578615309401,1.029743272663513,-0.06037120759576209,-0.789753528906247,0.7851641383389514,1.0,1.0
wb_food_wloc_dyoy,2,excovid+exepi,50,1.078048185320906,1.1126090017935513,1.0320586936124356,-0.06514514706100738,-0.7175726039695178,0.7634895726299895,1.0,1.0
wb_food_wloc_dyoy,2,2015+,46,1.2509658478321497,1.2536679894066272,1.0021600442403444,-0.004324754271809228,0.23740083849378732,0.40617291964968716,1.0,1.0
eu_agri_basket_yoy,2,full2010,66,1.30334876156064,1.3035637404578913,1.0001649434929403,-0.0003299141922363802,0.6275670211715522,0.2651438092228029,1.0,1.0
eu_agri_basket_yoy,2,exepi,56,1.0930672189758543,1.1214630297524315,1.0259781011484201,-0.052631064036117836,-0.2516131130542945,0.5993299390460276,1.0,1.0
eu_agri_basket_yoy,2,excovid+exepi,50,1.078048185320906,1.1043631292356495,1.0244098030802864,-0.04941544464699121,-0.08857016063083384,0.5352882383871918,1.0,1.0
eu_agri_basket_yoy,2,2015+,46,1.2509658478321497,1.2194762905512804,0.974827804183912,0.04971075218997245,1.4409742562488463,0.07479597793044446,1.0,1.0
eu_agri_basket_dyoy,2,full2010,66,1.3116054914588717,1.2820318927259282,0.9774523674035175,0.04458686945725909,2.007873329098638,0.022328377005167543,1.0,1.0
eu_agri_basket_dyoy,2,exepi,56,1.091678491276866,1.0703698318758048,0.9804808287684245,0.038657344417583506,1.6944965152507752,0.04508548666139789,1.0,1.0
eu_agri_basket_dyoy,2,excovid+exepi,50,1.0789765013368477,1.034545180052839,0.958820862892789,0.08066255288152746,2.1440762563875926,0.01601338859612622,1.0,1.0
eu_agri_basket_dyoy,2,2015+,46,1.2668654114638411,1.2189861869616656,0.9622065421717908,0.07415857020180572,1.7352760445918787,0.04134596136409752,1.0,1.0
eu_agri_basket_wloc_yoy,2,full2010,66,1.30334876156064,1.3139640084081372,1.0081445942640759,-0.016355522943878098,-0.4188293366878806,0.662329568501311,1.0,1.0
eu_agri_basket_wloc_yoy,2,exepi,56,1.0930672189758543,1.1214905859877597,1.0260033111582438,-0.05268279450768021,-2.5214983064604644,0.9941571881013386,1.0,1.0
eu_agri_basket_wloc_yoy,2,excovid+exepi,50,1.078048185320906,1.106550318719259,1.0264386451240752,-0.05357629220414717,-2.2294746784798263,0.9871088308636456,1.0,1.0
eu_agri_basket_wloc_yoy,2,2015+,46,1.2509658478321497,1.2484088406030482,0.9979559735914992,0.004083874773042839,0.5766721894652198,0.282080461362219,1.0,1.0
eu_agri_basket_wloc_dyoy,2,full2010,66,1.3116054914588717,1.2889687678869557,0.9827412101281021,0.034219713915953465,1.4436291001811024,0.0744216673551964,1.0,1.0
eu_agri_basket_wloc_dyoy,2,exepi,56,1.091678491276866,1.065299907023158,0.9758366731006537,0.0477427874318479,1.2865443370159841,0.09912657784273149,1.0,1.0
eu_agri_basket_wloc_dyoy,2,excovid+exepi,50,1.0789765013368477,1.0346168321703284,0.9588872703793291,0.08053520270447945,1.6919388780541698,0.04532881410303624,1.0,1.0
eu_agri_basket_wloc_dyoy,2,2015+,46,1.2668654114638411,1.231870585687027,0.97237684014407,0.054483280751433716,1.4915652643532662,0.06790657498519692,1.0,1.0
elec_nordic_loc_yoy,2,full2010,66,1.30334876156064,1.2748646746467476,0.9781454605597772,0.043231457986301236,1.0073213680819328,0.15689018224383233,1.0,1.0
elec_nordic_loc_yoy,2,exepi,56,1.0930672189758543,1.121854873598591,1.0263365821634547,-0.0533667798869617,0.0930968414082206,0.46291331336543295,1.0,1.0
elec_nordic_loc_yoy,2,excovid+exepi,50,1.078048185320906,1.1139806992177428,1.0333310833282843,-0.06777312777240563,0.0030742809315774475,0.49877354128648055,1.0,1.0
elec_nordic_loc_yoy,2,2015+,46,1.2509658478321497,1.1486203220520268,0.9181867946615155,0.1569330101092119,1.8752571326246552,0.030378678832835293,1.0,1.0
elec_nordic_loc_dyoy,2,full2010,66,1.30334876156064,1.3047813946360232,1.001099193951485,-0.002199596130313175,0.5581565831861686,0.2883687326477471,1.0,1.0
elec_nordic_loc_dyoy,2,exepi,56,1.0930672189758543,1.114244775992252,1.0193744324674194,-0.03912423356827355,-0.2265608211793293,0.5896173698743099,1.0,1.0
elec_nordic_loc_dyoy,2,excovid+exepi,50,1.078048185320906,1.1076205130082915,1.027431359831641,-0.05561519916549473,-0.4586934324567725,0.6767728345353301,1.0,1.0
elec_nordic_loc_dyoy,2,2015+,46,1.2509658478321497,1.222809509018404,0.9774923201440399,0.044508764059421835,1.4200329034130645,0.07779905108173835,1.0,1.0
natgas_eu_eur_yoy,2,full2010,58,1.3727592796956287,1.42301302292448,1.0366078335598603,-0.07455580059766698,0.3161708719922439,0.37593640768223224,1.0,1.0
natgas_eu_eur_yoy,2,exepi,48,1.1529838089279831,1.1968866292659577,1.038077568824487,-0.07760503889655745,0.21707204392529567,0.4140761001182601,1.0,1.0
natgas_eu_eur_yoy,2,excovid+exepi,42,1.1455325573068926,1.1811429112150293,1.031086287055739,-0.06313893135438953,0.3881682717937799,0.34894575567186725,1.0,1.0
natgas_eu_eur_yoy,2,2015+,42,1.290850194389025,1.3126726348165059,1.0169054786700558,-0.034096752549175324,0.9523533164094476,0.17045891334197538,1.0,1.0
natgas_eu_eur_dyoy,2,full2010,50,1.3987804419137568,1.7162302481818839,1.226947558570239,-0.50540031148147,-1.4556606794405758,0.9272567776207614,1.0,1.0
natgas_eu_eur_dyoy,2,exepi,40,1.152462791723719,1.5016482028451852,1.3029906159479523,-0.6977845452484241,-1.0210798486427124,0.8463916952241084,1.0,1.0
natgas_eu_eur_dyoy,2,excovid+exepi,34,1.1430392933722904,1.5221755862532143,1.3316913907328278,-0.7734019601519331,-0.8637849689163225,0.8061469867456146,1.0,1.0
natgas_eu_eur_dyoy,2,2015+,38,1.339105541104173,1.4867840170606639,1.1102814314656044,-0.23272485705731172,-1.273127702725886,0.8985136349822815,1.0,1.0
brent_nok_yoy,2,full2010,66,1.30334876156064,1.3158866447612139,1.0096197453593012,-0.019332030219380236,-0.301163186528581,0.6183549698642293,1.0,1.0
brent_nok_yoy,2,exepi,56,1.0930672189758543,1.1111362569464351,1.0165305826182498,-0.03333442539819842,-0.6831426098124178,0.7527416335786178,1.0,1.0
brent_nok_yoy,2,excovid+exepi,50,1.078048185320906,1.098220187196601,1.0187115957805637,-0.03777331537778261,-0.6670126430089708,0.7476179711584234,1.0,1.0
brent_nok_yoy,2,2015+,46,1.2509658478321497,1.2490501698130905,0.9984686408326982,0.003060373273704453,0.48302124934199303,0.31454032422215306,1.0,1.0
brent_nok_dyoy,2,full2010,66,1.30334876156064,1.353900525414755,1.0387860604506072,-0.07907647938649243,-1.7442393509409324,0.9594413188810661,1.0,1.0
brent_nok_dyoy,2,exepi,56,1.0930672189758543,1.1474741355324722,1.0497745386670678,-0.102026582033655,-1.2157929391634819,0.8879680953870515,1.0,1.0
brent_nok_dyoy,2,excovid+exepi,50,1.078048185320906,1.1384189849092319,1.0560000938829603,-0.115136198280821,-1.171931200646849,0.8793876603888069,1.0,1.0
brent_nok_dyoy,2,2015+,46,1.2509658478321497,1.272838494477886,1.0174846073405124,-0.0352749261748766,-2.0800196459500286,0.9812381345310665,1.0,1.0
packaging_eu_yoy,2,full2010,66,1.30334876156064,1.3274123015456198,1.0184628556029516,-0.03726658824291862,1.3874768873415508,0.08264819703658821,1.0,1.0
packaging_eu_yoy,2,exepi,56,1.0930672189758543,1.0985663473035718,1.005030915054675,-0.01008714021563728,0.6327486108507514,0.26344891005192494,1.0,1.0
packaging_eu_yoy,2,excovid+exepi,50,1.078048185320906,1.0846222495199898,1.0060981172164645,-0.012233421466514738,0.6262170399527113,0.2655862959951839,1.0,1.0
packaging_eu_yoy,2,2015+,46,1.2509658478321497,1.2483500984470293,0.9979090161496788,0.004177595487180219,1.8363300276575998,0.03315443067274393,1.0,1.0
packaging_eu_dyoy,2,full2010,66,1.3116054914588717,1.2762597759536636,0.9730515648681115,0.05317065210771943,1.9495230500166043,0.02561649643649233,1.0,1.0
packaging_eu_dyoy,2,exepi,56,1.091678491276866,1.1568049720219653,1.0596571987682244,-0.12287337890132033,1.3947798300831777,0.08154112151628556,1.0,1.0
packaging_eu_dyoy,2,excovid+exepi,50,1.0789765013368477,1.1607053817779605,1.0757466732035879,-0.15723090490858693,1.354784885898621,0.08774305170030428,1.0,1.0
packaging_eu_dyoy,2,2015+,46,1.2668654114638411,1.1953953339328827,0.9435851062913021,0.10964714718523216,1.7795530621519882,0.037574566828654454,1.0,1.0
packaging_us_yoy,2,full2010,66,1.30334876156064,1.2783279477609968,0.980802671903656,0.0380261187866493,1.2168886592731565,0.11182329052387852,1.0,1.0
packaging_us_yoy,2,exepi,56,1.0930672189758543,1.068733645911257,0.9777382647268513,0.04402788568892557,0.8558394057606435,0.19604330764878952,1.0,1.0
packaging_us_yoy,2,excovid+exepi,50,1.078048185320906,1.0509237206080215,0.9748392835475992,0.04968837125240355,0.8456540157092812,0.19887289145371112,1.0,1.0
packaging_us_yoy,2,2015+,46,1.2509658478321497,1.200670807855431,0.9597950335223961,0.0787934936257425,1.6134861088737125,0.05331946939770593,1.0,1.0
packaging_us_dyoy,2,full2010,66,1.30334876156064,1.3041809444286503,1.000638495921087,-0.0012773995192152388,0.6440324560521165,0.25977719392712517,1.0,1.0
packaging_us_dyoy,2,exepi,56,1.0930672189758543,1.098549207566791,1.0050152346495882,-0.010055621877766763,0.11576163514038727,0.45392072837993713,1.0,1.0
packaging_us_dyoy,2,excovid+exepi,50,1.078048185320906,1.0867635246298257,1.008084368980525,-0.016234094982863212,0.026098729353039713,0.4895892952740105,1.0,1.0
packaging_us_dyoy,2,2015+,46,1.2509658478321497,1.2315974215502379,0.9845172221803847,0.030725839230218988,1.377510520818821,0.0841772321534473,1.0,1.0
price_cost_gap_ppi,2,full2010,66,1.30334876156064,1.3294135464012664,1.019998319413306,-0.040396571605968656,0.22516532769502648,0.4109253306838111,1.0,1.0
price_cost_gap_ppi,2,exepi,56,1.0930672189758543,1.1518692334269813,1.053795423950433,-0.1104847955388728,-0.1298977819109236,0.551676350400182,1.0,1.0
price_cost_gap_ppi,2,excovid+exepi,50,1.078048185320906,1.1432369906775965,1.0604692872214108,-0.12459510913988692,-0.11461239850867481,0.5456238240570255,1.0,1.0
price_cost_gap_ppi,2,2015+,46,1.2509658478321497,1.184446655300714,0.9468257325755859,0.10352103213270514,1.9358276243156534,0.026444408196377278,1.0,1.0
price_cost_gap_ppi_d4,2,full2010,66,1.3116054914588717,1.3003519767329859,0.9914200460434419,0.017086292303219563,0.9928134116924493,0.16040044639442808,1.0,1.0
price_cost_gap_ppi_d4,2,exepi,56,1.091678491276866,1.0939840031781622,1.0021118964234603,-0.004228252953424105,0.6613533071078158,0.25419288140192253,1.0,1.0
price_cost_gap_ppi_d4,2,excovid+exepi,50,1.0789765013368477,1.0756028601761047,0.9968732950564141,0.006243633603367549,0.7441655072432026,0.22838817632261854,1.0,1.0
price_cost_gap_ppi_d4,2,2015+,46,1.2668654114638411,1.2187828377828305,0.9620460285315927,0.07446743898658992,1.344048200261012,0.08946640045442489,1.0,1.0
price_cost_gap_fao_nok,2,full2010,66,1.30334876156064,1.259073466425358,0.9660295874434511,0.06678683618383563,1.662278452083416,0.04822847810594333,1.0,1.0
price_cost_gap_fao_nok,2,exepi,56,1.0930672189758543,1.0699271561321497,0.9788301556921764,0.04189152630762982,1.2305877946299535,0.10923853623364277,1.0,1.0
price_cost_gap_fao_nok,2,excovid+exepi,50,1.078048185320906,1.0433263914887956,0.9677919834151246,0.06337867683741916,1.4779165572437385,0.06971505700334157,1.0,1.0
price_cost_gap_fao_nok,2,2015+,46,1.2509658478321497,1.1928037282664183,0.953506229073701,0.09082587111765084,1.4761367445006925,0.06995359323089145,1.0,1.0
price_cost_gap_fao_nok_d4,2,full2010,66,1.30334876156064,1.2944722234308068,0.9931894375537639,0.013574741131638146,1.0873080134449673,0.13845035414914886,1.0,1.0
price_cost_gap_fao_nok_d4,2,exepi,56,1.0930672189758543,1.0924185396055721,0.999406551254103,0.0011865453103798718,0.7180500510593091,0.2363632132304765,1.0,1.0
price_cost_gap_fao_nok_d4,2,excovid+exepi,50,1.078048185320906,1.0624408711272297,0.9855226191127714,0.028745167217103296,1.1526833381978814,0.12452019137837977,1.0,1.0
price_cost_gap_fao_nok_d4,2,2015+,46,1.2509658478321497,1.2601591780106893,1.0073489857412743,-0.014751979073974075,0.5826325878690879,0.280070331429388,1.0,1.0
price_cost_gap_agri,2,full2010,66,1.30334876156064,1.300893288728225,0.9981160278009741,0.003764395046805147,0.9894153204407248,0.16122999090804502,1.0,1.0
price_cost_gap_agri,2,exepi,56,1.0930672189758543,1.1180599068231034,1.0228647309272214,-0.04625225777481701,0.48490349123414844,0.3138724028855555,1.0,1.0
price_cost_gap_agri,2,excovid+exepi,50,1.078048185320906,1.1000275248245486,1.0203880863610004,-0.04119184678746435,0.6002998079163469,0.27415322336270953,1.0,1.0
price_cost_gap_agri,2,2015+,46,1.2509658478321497,1.2076053512724731,0.9653383850288018,0.06812180238998489,1.633868158392068,0.05114326847474815,1.0,1.0
price_cost_gap_agri_d4,2,full2010,66,1.3116054914588717,1.3039066010395528,0.994130178266671,0.011705188659476895,1.8106929637030054,0.03509419632589761,1.0,1.0
price_cost_gap_agri_d4,2,exepi,56,1.091678491276866,1.091693221177314,1.0000134928924274,-2.698596691286248e-05,1.5783589364366133,0.057241586633109964,1.0,1.0
price_cost_gap_agri_d4,2,excovid+exepi,50,1.0789765013368477,1.0614095087203408,0.9837188366987218,0.03229725032411346,2.109014632463286,0.01747165931301664,1.0,1.0
price_cost_gap_agri_d4,2,2015+,46,1.2668654114638411,1.2422410168602953,0.9805627382508669,0.03849671635396179,1.5998200133809395,0.05481925884038408,1.0,1.0
price_cost_gap_fao_wloc,2,full2010,66,1.30334876156064,1.2667274222241018,0.9719021182843742,0.05540627247434626,1.6051666764227968,0.05422856444332469,1.0,1.0
price_cost_gap_fao_wloc,2,exepi,56,1.0930672189758543,1.0715916486911141,0.9803529280615865,0.038908136441073826,1.1270166991643193,0.129867710321669,1.0,1.0
price_cost_gap_fao_wloc,2,excovid+exepi,50,1.078048185320906,1.0470638751203338,0.9712588819104139,0.05665618431013275,1.2758381694970289,0.10100636582599165,1.0,1.0
price_cost_gap_fao_wloc,2,2015+,46,1.2509658478321497,1.2011212605015427,0.9601551174102916,0.07810215051082914,1.4615816532328398,0.07192794249809198,1.0,1.0
price_cost_gap_fao_wloc_d4,2,full2010,66,1.30334876156064,1.3076381503208365,1.0032910521624774,-0.0065929353492908405,0.8399649838760517,0.20046400995844738,1.0,1.0
price_cost_gap_fao_wloc_d4,2,exepi,56,1.0930672189758543,1.10789158789446,1.0135621750074029,-0.027308282605737144,0.400588478639472,0.3443615647959706,1.0,1.0
price_cost_gap_fao_wloc_d4,2,excovid+exepi,50,1.078048185320906,1.0856486093701574,1.0070501709967528,-0.014150046904588987,0.6217140825474013,0.26706494497906774,1.0,1.0
price_cost_gap_fao_wloc_d4,2,2015+,46,1.2509658478321497,1.2665641664159775,1.0124690203260613,-0.025093517120014397,0.6304507804797213,0.2641998478978175,1.0,1.0
nw_price_cost_gap_ppi,2,full2010,66,1.30334876156064,1.2919011232504725,0.9912167497696779,0.017489354976035765,0.8105572507431145,0.20880998748371304,1.0,1.0
nw_price_cost_gap_ppi,2,exepi,56,1.0930672189758543,1.1209868908829337,1.0255425022563924,-0.051737423934302695,0.15201607365255837,0.439587129024408,1.0,1.0
nw_price_cost_gap_ppi,2,excovid+exepi,50,1.078048185320906,1.108775594634219,1.0285028162300243,-0.05781804299309101,0.16373043797793024,0.43497167742439535,1.0,1.0
nw_price_cost_gap_ppi,2,2015+,46,1.2509658478321497,1.161281428786942,0.9283078597224492,0.13824451757752554,2.0893520304749584,0.01833802296894782,1.0,1.0
nw_price_cost_gap_ppi_d4,2,full2010,66,1.3116054914588717,1.2868243893404503,0.9811062836502324,0.03743046018202967,1.2097370606211928,0.11318990205926327,1.0,1.0
nw_price_cost_gap_ppi_d4,2,exepi,56,1.091678491276866,1.0915247825973802,0.9998591996813035,0.0002815808126631625,0.7118251857622945,0.23828651730941308,1.0,1.0
nw_price_cost_gap_ppi_d4,2,excovid+exepi,50,1.0789765013368477,1.0714757156917214,0.9930482400350398,0.013855192963310059,0.8161219658584307,0.20721519095155028,1.0,1.0
nw_price_cost_gap_ppi_d4,2,2015+,46,1.2668654114638411,1.2015866953082057,0.9484722563542034,0.10040037892636622,1.5012894545665736,0.06664035566681537,1.0,1.0
price_wage_gap,2,full2010,66,1.30334876156064,1.4133159723088649,1.08437282022392,-0.17586441324037794,-0.021518225136206156,0.5085838673638259,1.0,1.0
price_wage_gap,2,exepi,56,1.0930672189758543,1.0721693330892021,0.9808814265729857,0.03787162700414448,1.4145038302558992,0.07860701178079676,1.0,1.0
price_wage_gap,2,excovid+exepi,50,1.078048185320906,1.0431963714483703,0.9676713765237114,0.06361210705670561,1.6431177060241726,0.05017929107279573,1.0,1.0
price_wage_gap,2,2015+,46,1.2509658478321497,1.4500783576453085,1.1591670229512732,-0.3436681870977174,-1.286260491927254,0.9008239171159039,1.0,1.0
price_wage_gap_d4,2,full2010,66,1.30334876156064,1.3896835611973435,1.0662407501222662,-0.1368693372212928,-0.4727639468686329,0.6818092007460316,1.0,1.0
price_wage_gap_d4,2,exepi,56,1.0930672189758543,1.1534246475472199,1.0552184051662599,-0.11348588260162495,-0.13736553754042466,0.5546290650787009,1.0,1.0
price_wage_gap_d4,2,excovid+exepi,50,1.078048185320906,1.1378074761777865,1.0554328569637097,-0.11393851555857859,0.019549496013911313,0.49220137623264604,1.0,1.0
price_wage_gap_d4,2,2015+,46,1.2509658478321497,1.3752828388635192,1.0993768065265759,-0.20862936272857224,-1.6570540060809236,0.9512457215802301,1.0,1.0
