claim,test,b,t,n,q95,p_cal,p_emp,size5,p_circ,ci_lo,ci_hi,sd_x,W,df,p_chi2,p_F,a,se_ols,t_ols,p_ols,t_slope_eq1,r2,resid_rho1,dw,t_hac2,t_hac4,se_hac4,t_slope_eq1_hac4,neff,t_eff,p_eff,b_diff,t_diff,n_diff,boot_ci_lo,boot_ci_hi,loyo_min,loyo_max,q2_n,q2_b,q2_r,r,mean,share_pos,rmse_b,rmse_m,ratio,r2_vs_b,cw_t,cw_p,t_ctrl,p_og_to_conf,p_conf_to_og,sum_og_lags,sum_conf_lags,r_ex2025,b_food,t_food,b_cpi,t_cpi,n_tests,n_by10,best,best_t,best_pcal,acf4_og,iid_benchmark,r2_vs_zero
O1,og~w_food_cpi_xvat|coin|full|HAC4|wls,0.5544588558201933,8.540385096511743,102.0,,,,,,,,,,,,,,,,,,,,,,,,,,,,,,,,,,,,,,,,,,,,,,,,,,,,,,,,,,,,,,,,
O1,og~w_food_cpi_xvat|coin|full|HAC4|ols,0.583854061336519,8.549928579997689,102.0,,,,,,,,,,,,,,,,,,,,,,,,,,,,,,,,,,,,,,,,,,,,,,,,,,,,,,,,,,,,,,,,
O1,og~w_food_cpi_xvat|coin|full|HAC8|wls,0.5544588558201933,8.34538422330115,102.0,,,,,,,,,,,,,,,,,,,,,,,,,,,,,,,,,,,,,,,,,,,,,,,,,,,,,,,,,,,,,,,,
O1,og~w_food_cpi_xvat|coin|exepi|HAC4|wls,0.5988903720413707,2.5827364304614626,92.0,,,,,,,,,,,,,,,,,,,,,,,,,,,,,,,,,,,,,,,,,,,,,,,,,,,,,,,,,,,,,,,,
O1,og~w_food_cpi_xvat|coin|exepi|HAC4|ols,0.6716093131530875,3.508633400400047,92.0,,,,,,,,,,,,,,,,,,,,,,,,,,,,,,,,,,,,,,,,,,,,,,,,,,,,,,,,,,,,,,,,
O1,og~w_food_cpi_xvat|coin|exepi|HAC8|wls,0.5988903720413707,2.673489257419301,92.0,,,,,,,,,,,,,,,,,,,,,,,,,,,,,,,,,,,,,,,,,,,,,,,,,,,,,,,,,,,,,,,,
O1,og~w_food_cpi_xvat|coin|excovid|HAC4|wls,0.5827097262970937,8.187729256447655,94.0,,,,,,,,,,,,,,,,,,,,,,,,,,,,,,,,,,,,,,,,,,,,,,,,,,,,,,,,,,,,,,,,
O1,og~w_food_cpi_xvat|coin|excovid|HAC4|ols,0.612581175841884,8.219666987709358,94.0,,,,,,,,,,,,,,,,,,,,,,,,,,,,,,,,,,,,,,,,,,,,,,,,,,,,,,,,,,,,,,,,
O1,og~w_food_cpi_xvat|coin|excovid|HAC8|wls,0.5827097262970937,8.568558153827068,94.0,,,,,,,,,,,,,,,,,,,,,,,,,,,,,,,,,,,,,,,,,,,,,,,,,,,,,,,,,,,,,,,,
O1,og~w_food_cpi_xvat|coin|exbreak|HAC4|wls,0.8374910301190981,3.2511845527767296,83.0,,,,,,,,,,,,,,,,,,,,,,,,,,,,,,,,,,,,,,,,,,,,,,,,,,,,,,,,,,,,,,,,
O1,og~w_food_cpi_xvat|coin|exbreak|HAC4|ols,0.8444471733505344,3.4750521053456964,83.0,,,,,,,,,,,,,,,,,,,,,,,,,,,,,,,,,,,,,,,,,,,,,,,,,,,,,,,,,,,,,,,,
O1,og~w_food_cpi_xvat|coin|exbreak|HAC8|wls,0.8374910301190981,3.809346236293431,83.0,,,,,,,,,,,,,,,,,,,,,,,,,,,,,,,,,,,,,,,,,,,,,,,,,,,,,,,,,,,,,,,,
O1,og~w_food_cpi_xvat|coin|exepi+excovid|HAC4|wls,0.5808075249075504,2.40061191439248,86.0,,,,,,,,,,,,,,,,,,,,,,,,,,,,,,,,,,,,,,,,,,,,,,,,,,,,,,,,,,,,,,,,
O1,og~w_food_cpi_xvat|coin|exepi+excovid|HAC4|ols,0.6694361396062508,3.370823365361674,86.0,,,,,,,,,,,,,,,,,,,,,,,,,,,,,,,,,,,,,,,,,,,,,,,,,,,,,,,,,,,,,,,,
O1,og~w_food_cpi_xvat|coin|exepi+excovid|HAC8|wls,0.5808075249075504,2.4258640527383815,86.0,,,,,,,,,,,,,,,,,,,,,,,,,,,,,,,,,,,,,,,,,,,,,,,,,,,,,,,,,,,,,,,,
O1,og~w_food_cpi_xvat|coin|pre2020|HAC4|wls,0.7282163652994955,3.3243612953287314,76.0,,,,,,,,,,,,,,,,,,,,,,,,,,,,,,,,,,,,,,,,,,,,,,,,,,,,,,,,,,,,,,,,
O1,og~w_food_cpi_xvat|coin|pre2020|HAC4|ols,0.7757947636248633,4.353477966538726,76.0,,,,,,,,,,,,,,,,,,,,,,,,,,,,,,,,,,,,,,,,,,,,,,,,,,,,,,,,,,,,,,,,
O1,og~w_food_cpi_xvat|coin|pre2020|HAC8|wls,0.7282163652994955,3.677893997221396,76.0,,,,,,,,,,,,,,,,,,,,,,,,,,,,,,,,,,,,,,,,,,,,,,,,,,,,,,,,,,,,,,,,
O1,og~w_food_cpi_xvat|coin|full|placebo,,8.540385096511743,,2.590819915679578,1.0413025997024761e-10,0.0004997501249375312,0.138,,,,,,,,,,,,,,,,,,,,,,,,,,,,,,,,,,,,,,,,,,,,,,,,,,,,,,,,,,,,
O1,og~w_food_cpi_xvat|coin|exepi|placebo,,2.5827364304614626,,2.6831027674248884,0.05920768834302703,0.059470264867566215,0.1535,,,,,,,,,,,,,,,,,,,,,,,,,,,,,,,,,,,,,,,,,,,,,,,,,,,,,,,,,,,,
O1,og~w_food_cpi_xvat|coin|full|circshift,,8.540385096511743,,3.686446210710576,,,,0.011363636363636364,,,,,,,,,,,,,,,,,,,,,,,,,,,,,,,,,,,,,,,,,,,,,,,,,,,,,,,,,,,
O1,og~w_food_cpi_xvat|coin|full|mbb8,0.5544588558201938,4.366210480566934,,,,,,,0.37718489465191846,0.9011629874603302,,,,,,,,,,,,,,,,,,,,,,,,,,,,,,,,,,,,,,,,,,,,,,,,,,,,,,,,,
O1,og~w_food_cpi_xvat|coin|exepi|mbb8,0.598890372041372,2.1599878829457673,,,,,,,0.07166427293111911,1.2013417786539047,,,,,,,,,,,,,,,,,,,,,,,,,,,,,,,,,,,,,,,,,,,,,,,,,,,,,,,,,
O1,era|2001-07 (A),0.5145758109011289,2.190393977690507,28.0,,,,,,,,1.2996499530320078,,,,,,,,,,,,,,,,,,,,,,,,,,,,,,,,,,,,,,,,,,,,,,,,,,,,,,,,
O1,era|2008-14Q3 (B/C),1.029566927601865,4.970034324161051,27.0,,,,,,,,2.069376931155596,,,,,,,,,,,,,,,,,,,,,,,,,,,,,,,,,,,,,,,,,,,,,,,,,,,,,,,,
O1,era|2014Q4-19 (D pre-COVID),-0.8095531624825464,-2.086446829824623,21.0,,,,,,,,0.5435605158664751,,,,,,,,,,,,,,,,,,,,,,,,,,,,,,,,,,,,,,,,,,,,,,,,,,,,,,,,
O1,era|2020-21 (COVID),0.44008615360491854,1.0302340034090687,8.0,,,,,,,,1.556973936549632,,,,,,,,,,,,,,,,,,,,,,,,,,,,,,,,,,,,,,,,,,,,,,,,,,,,,,,,
O1,era|2022-26,0.47452212937808474,7.21197845780466,18.0,,,,,,,,5.437887013889802,,,,,,,,,,,,,,,,,,,,,,,,,,,,,,,,,,,,,,,,,,,,,,,,,,,,,,,,
O1,era|2001-12,0.8701621291416098,4.728294759932793,48.0,,,,,,,,1.8080145123090594,,,,,,,,,,,,,,,,,,,,,,,,,,,,,,,,,,,,,,,,,,,,,,,,,,,,,,,,
O1,era|2013-26,0.4578814141019118,8.553813457015261,54.0,,,,,,,,3.8293909535217976,,,,,,,,,,,,,,,,,,,,,,,,,,,,,,,,,,,,,,,,,,,,,,,,,,,,,,,,
O1,era|2001-20,0.7768246700017792,3.405984960482851,80.0,,,,,,,,1.4653969785772796,,,,,,,,,,,,,,,,,,,,,,,,,,,,,,,,,,,,,,,,,,,,,,,,,,,,,,,,
O1,era|2013-20,0.0477534942075698,0.06944380604717178,32.0,,,,,,,,0.6873721106590917,,,,,,,,,,,,,,,,,,,,,,,,,,,,,,,,,,,,,,,,,,,,,,,,,,,,,,,,
O1,era_slope_equality_wald,,,,,,,,,,,,14.106349860762954,3.0,0.0027639088811336476,0.004370862471331671,,,,,,,,,,,,,,,,,,,,,,,,,,,,,,,,,,,,,,,,,,,,,,,,,,,,
O1,price17~w_food_cpi_xvat_yoy,0.9708816916608511,,17.0,,,,,,,,,,,,,-0.2325890375520336,0.10421217892733432,9.316393742595414,1.2580172570331172e-07,-0.27941367927305927,0.8526453003211549,0.6792188638077536,0.6395573224683508,11.60206965225962,15.07865048812273,0.06438783712279841,-0.45223305581169554,1.8313640975361005,,,0.7653982411719179,4.183187813004291,16.0,0.012764188629187255,1.2348027638387278,0.8759669164501921,1.0524720093112045,5.0,1.1574900383139286,0.9501143688331865,,,,,,,,,,,,,,,,,,,,,,,,,,,
O1,price17~nw_food_cpi_xvat_yoy,1.2683153604742226,,17.0,,,,,,,,,,,,,-2.0806693898741293,0.1031425742987829,12.296720041136194,3.0936155859251357e-09,2.6014025953721878,0.9097523552845345,0.5055851253724739,0.9234962884834985,16.47228247012575,20.695386935438194,0.06128493100568205,4.378162071347451,2.1708654727087184,1.3124138723217997,0.41450845367188105,0.918723937993931,5.303995177589065,16.0,0.19894092025813792,1.5148563122336007,1.1786602010587555,1.3211590041788734,5.0,1.407832497310175,0.9683584425874309,,,,,,,,,,,,,,,,,,,,,,,,,,,
O1,price17~w_food_ppi_yoy|lag0,0.6577727247691529,,,,,,,,,,,,,,,,,,,,0.6855687077893942,,,,,,,,,,,,,,,,,,,,0.8279907655218107,,,,,,,,,,,,,,,,,,,,,,,,,,
O1,price17~w_food_ppi_yoy|lag1,0.7667704513197254,,,,,,,,,,,,,,,,,,,,0.8986267908157386,,,,,,,,,,,,,,,,,,,,0.9479592769817375,,,,,,,,,,,,,,,,,,,,,,,,,,
O1,price17~w_food_ppi_yoy|lag2,0.7384979647049673,,,,,,,,,,,,,,,,,,,,0.815313859635085,,,,,,,,,,,,,,,,,,,,0.902947318305495,,,,,,,,,,,,,,,,,,,,,,,,,,
O1,price17~w_food_ppi_yoy|lag3,0.5923226303976604,,,,,,,,,,,,,,,,,,,,0.5245122063140112,,,,,,,,,,,,,,,,,,,,0.724232149461767,,,,,,,,,,,,,,,,,,,,,,,,,,
O1,price17~nw_food_ppi_yoy|lag0,0.8085664247797334,,,,,,,,,,,,,,,,,,,,0.751434046413854,,,,,,,,,,,,,,,,,,,,0.8668529554739108,,,,,,,,,,,,,,,,,,,,,,,,,,
O1,price17~nw_food_ppi_yoy|lag1,0.9116831517509529,,,,,,,,,,,,,,,,,,,,0.9217053039455507,,,,,,,,,,,,,,,,,,,,0.9600548442383647,,,,,,,,,,,,,,,,,,,,,,,,,,
O1,price17~nw_food_ppi_yoy|lag2,0.8435281007014365,,,,,,,,,,,,,,,,,,,,0.7830555294257937,,,,,,,,,,,,,,,,,,,,0.8849042487330444,,,,,,,,,,,,,,,,,,,,,,,,,,
O1,price17~nw_food_ppi_yoy|lag3,0.643342832491387,,,,,,,,,,,,,,,,,,,,0.45831781146126566,,,,,,,,,,,,,,,,,,,,0.676991736627018,,,,,,,,,,,,,,,,,,,,,,,,,,
O1,price17~w_food_cpi_xvat_yoy|lag0,0.9708816916608515,,,,,,,,,,,,,,,,,,,,0.8526453003211544,,,,,,,,,,,,,,,,,,,,0.9233879468138808,,,,,,,,,,,,,,,,,,,,,,,,,,
O1,price17~w_food_cpi_xvat_yoy|lag1,0.9924879253294839,,,,,,,,,,,,,,,,,,,,0.8418465332077232,,,,,,,,,,,,,,,,,,,,0.9175219524391355,,,,,,,,,,,,,,,,,,,,,,,,,,
O1,price17~w_food_cpi_xvat_yoy|lag2,0.7746791625803426,,,,,,,,,,,,,,,,,,,,0.5201522139418662,,,,,,,,,,,,,,,,,,,,0.7212157887497099,,,,,,,,,,,,,,,,,,,,,,,,,,
O1,price17~w_food_cpi_xvat_yoy|lag3,0.423847243630844,,,,,,,,,,,,,,,,,,,,0.1655004098334709,,,,,,,,,,,,,,,,,,,,0.40681741584336195,,,,,,,,,,,,,,,,,,,,,,,,,,
O1,price17~nw_food_cpi_xvat_yoy|lag0,1.268315360474222,,,,,,,,,,,,,,,,,,,,0.9097523552845347,,,,,,,,,,,,,,,,,,,,0.9538093914847634,,,,,,,,,,,,,,,,,,,,,,,,,,
O1,price17~nw_food_cpi_xvat_yoy|lag1,1.1250050354126446,,,,,,,,,,,,,,,,,,,,0.703297660035137,,,,,,,,,,,,,,,,,,,,0.8386284397962765,,,,,,,,,,,,,,,,,,,,,,,,,,
O1,price17~nw_food_cpi_xvat_yoy|lag2,0.7078076366940879,,,,,,,,,,,,,,,,,,,,0.30122510002806796,,,,,,,,,,,,,,,,,,,,0.5488397762808996,,,,,,,,,,,,,,,,,,,,,,,,,,
O1,price17~nw_food_cpi_xvat_yoy|lag3,0.22076397359155517,,,,,,,,,,,,,,,,,,,,0.03326006222531628,,,,,,,,,,,,,,,,,,,,0.18237341425031303,,,,,,,,,,,,,,,,,,,,,,,,,,
O1,price17~w_food_ppi_yoy|R2(lag1)-R2(lag0),,,,,,,,,0.002153576345724469,0.45938438439832174,,,,,,,,,,,,,,,,,,,,,,,,,,,,,,,,0.21414292737585938,0.9528,,,,,,,,,,,,,,,,,,,,,,,,
O1,price17~nw_food_ppi_yoy|R2(lag1)-R2(lag0),,,,,,,,,-0.008063243210130787,0.4437546699114823,,,,,,,,,,,,,,,,,,,,,,,,,,,,,,,,0.18116627990400389,0.9452,,,,,,,,,,,,,,,,,,,,,,,,
O2,og~ea_ec_food_ind_sell_price_exp__d4|rt1|full|HAC4,0.021537381691637433,0.6034590920580545,102.0,,,,,,,,,,,,,,,,,,,,,,,,,,,,,,,,,,,,,,,,,,,,,,,,,,,,,,,,,,,,,,,,
O2,og~ea_ec_food_ind_sell_price_exp__d4|rt1|exepi|HAC4,-0.007294467174705422,-0.3622242941984342,92.0,,,,,,,,,,,,,,,,,,,,,,,,,,,,,,,,,,,,,,,,,,,,,,,,,,,,,,,,,,,,,,,,
O2,og~ea_ec_food_ind_sell_price_exp__d4|rt1|exepi+excovid|HAC4,-0.010720063615268638,-0.5475889992414327,86.0,,,,,,,,,,,,,,,,,,,,,,,,,,,,,,,,,,,,,,,,,,,,,,,,,,,,,,,,,,,,,,,,
O2,og~ea_ec_food_ind_sell_price_exp__d4|rt1|full|HAC8,0.021537381691637433,0.6561454008189183,102.0,,,,,,,,,,,,,,,,,,,,,,,,,,,,,,,,,,,,,,,,,,,,,,,,,,,,,,,,,,,,,,,,
O2,og~ea_ec_food_ind_sell_price_exp__d4|rt1|full|placebo,,0.6034590920580545,,2.442707989207098,0.6282442600840294,,,,,,,,,,,,,,,,,,,,,,,,,,,,,,,,,,,,,,,,,,,,,,,,,,,,,,,,,,,,,,
O2,og~ea_ec_food_ind_sell_price_exp__d4|rt1|exepi|placebo,,-0.3622242941984342,,2.538099568582461,0.779695547744883,,,,,,,,,,,,,,,,,,,,,,,,,,,,,,,,,,,,,,,,,,,,,,,,,,,,,,,,,,,,,,
O2,og~ea_ec_food_ind_sell_price_exp__d4|rt1|full|ctrl_foodcpi_t,0.014350568565140286,0.6217571941394548,102.0,,,,,,,,,,,,,,,,,,,,,,,,,,,,,,,,,,,,,,,,,,,,,,,,,,,,,,,,,,,,,,,,
O2,og~ea_ec_food_ind_sell_price_exp__d4|rt2|full|HAC4,0.04194352824852821,1.2336144859572398,102.0,,,,,,,,,,,,,,,,,,,,,,,,,,,,,,,,,,,,,,,,,,,,,,,,,,,,,,,,,,,,,,,,
O2,og~ea_ec_food_ind_sell_price_exp__d4|rt2|exepi|HAC4,0.008497143265743697,0.39386865073358035,92.0,,,,,,,,,,,,,,,,,,,,,,,,,,,,,,,,,,,,,,,,,,,,,,,,,,,,,,,,,,,,,,,,
O2,og~ea_ec_food_ind_sell_price_exp__d4|rt2|exepi+excovid|HAC4,0.009187589143163487,0.41571777879095695,86.0,,,,,,,,,,,,,,,,,,,,,,,,,,,,,,,,,,,,,,,,,,,,,,,,,,,,,,,,,,,,,,,,
O2,og~ea_ec_food_ind_sell_price_exp__d4|rt2|full|HAC8,0.04194352824852821,1.3430719089345728,102.0,,,,,,,,,,,,,,,,,,,,,,,,,,,,,,,,,,,,,,,,,,,,,,,,,,,,,,,,,,,,,,,,
O2,og~ea_ec_food_ind_sell_price_exp__d4|rt2|full|placebo,,1.2336144859572398,,2.442707989207098,0.32226235545708937,,,,,,,,,,,,,,,,,,,,,,,,,,,,,,,,,,,,,,,,,,,,,,,,,,,,,,,,,,,,,,
O2,og~ea_ec_food_ind_sell_price_exp__d4|rt2|exepi|placebo,,0.39386865073358035,,2.538099568582461,0.7610119970066451,,,,,,,,,,,,,,,,,,,,,,,,,,,,,,,,,,,,,,,,,,,,,,,,,,,,,,,,,,,,,,
O2,og~ea_ec_food_ind_sell_price_exp__d4|rt2|full|ctrl_foodcpi_t,0.010859063994906819,0.5042705405011478,102.0,,,,,,,,,,,,,,,,,,,,,,,,,,,,,,,,,,,,,,,,,,,,,,,,,,,,,,,,,,,,,,,,
O2,og~ea_ec_food_ind_sell_price_exp__d4|rt4|full|HAC4,0.061448422599266694,2.174190419045107,102.0,,,,,,,,,,,,,,,,,,,,,,,,,,,,,,,,,,,,,,,,,,,,,,,,,,,,,,,,,,,,,,,,
O2,og~ea_ec_food_ind_sell_price_exp__d4|rt4|exepi|HAC4,0.024016144205664263,1.121518242253323,92.0,,,,,,,,,,,,,,,,,,,,,,,,,,,,,,,,,,,,,,,,,,,,,,,,,,,,,,,,,,,,,,,,
O2,og~ea_ec_food_ind_sell_price_exp__d4|rt4|exepi+excovid|HAC4,0.0229845220408813,1.0731156344362065,86.0,,,,,,,,,,,,,,,,,,,,,,,,,,,,,,,,,,,,,,,,,,,,,,,,,,,,,,,,,,,,,,,,
O2,og~ea_ec_food_ind_sell_price_exp__d4|rt4|full|HAC8,0.061448422599266694,2.568338897572215,102.0,,,,,,,,,,,,,,,,,,,,,,,,,,,,,,,,,,,,,,,,,,,,,,,,,,,,,,,,,,,,,,,,
O2,og~ea_ec_food_ind_sell_price_exp__d4|rt4|full|placebo,,2.174190419045107,,2.442707989207098,0.08106974017569879,,,,,,,,,,,,,,,,,,,,,,,,,,,,,,,,,,,,,,,,,,,,,,,,,,,,,,,,,,,,,,
O2,og~ea_ec_food_ind_sell_price_exp__d4|rt4|exepi|placebo,,1.121518242253323,,2.538099568582461,0.38645966440737545,,,,,,,,,,,,,,,,,,,,,,,,,,,,,,,,,,,,,,,,,,,,,,,,,,,,,,,,,,,,,,
O2,og~ea_ec_food_ind_sell_price_exp__d4|rt4|full|ctrl_foodcpi_t,0.011064166134980211,0.7269102315956751,102.0,,,,,,,,,,,,,,,,,,,,,,,,,,,,,,,,,,,,,,,,,,,,,,,,,,,,,,,,,,,,,,,,
O2,d_og~ea_ec_food_ind_sell_price_exp__d4|rt1|full|HAC4,0.08608964764788163,3.583197549030688,98.0,,,,,,,,,,,,,,,,,,,,,,,,,,,,,,,,,,,,,,,,,,,,,,,,,,,,,,,,,,,,,,,,
O2,d_og~ea_ec_food_ind_sell_price_exp__d4|rt1|exepi|HAC4,0.07696230345897172,2.72732923062235,88.0,,,,,,,,,,,,,,,,,,,,,,,,,,,,,,,,,,,,,,,,,,,,,,,,,,,,,,,,,,,,,,,,
O2,d_og~ea_ec_food_ind_sell_price_exp__d4|rt1|exepi+excovid|HAC4,0.06909298759942506,2.3981630169823407,82.0,,,,,,,,,,,,,,,,,,,,,,,,,,,,,,,,,,,,,,,,,,,,,,,,,,,,,,,,,,,,,,,,
O2,d_og~ea_ec_food_ind_sell_price_exp__d4|rt1|full|HAC8,0.08608964764788163,3.9516773460323793,98.0,,,,,,,,,,,,,,,,,,,,,,,,,,,,,,,,,,,,,,,,,,,,,,,,,,,,,,,,,,,,,,,,
O2,d_og~ea_ec_food_ind_sell_price_exp__d4|rt1|full|placebo,,3.583197549030688,,2.61714151374811,0.0072869384258302805,,,,,,,,,,,,,,,,,,,,,,,,,,,,,,,,,,,,,,,,,,,,,,,,,,,,,,,,,,,,,,
O2,d_og~ea_ec_food_ind_sell_price_exp__d4|rt1|exepi|placebo,,2.72732923062235,,2.770216786118775,0.05365387649940323,,,,,,,,,,,,,,,,,,,,,,,,,,,,,,,,,,,,,,,,,,,,,,,,,,,,,,,,,,,,,,
O2,d_og~ea_ec_food_ind_sell_price_exp__d4|rt1|full|ctrl_og(t-4),0.040169963057903414,1.166285095138608,98.0,,,,,,,,,,,,,,,,,,,,,,,,,,,,,,,,,,,,,,,,,,,,,,,,,,,,,,,,,,,,,,,,
O2,d_og~ea_ec_food_ind_sell_price_exp__d4|rt1|exepi|ctrl_og(t-4),-0.01167679329227146,-0.5087005758333483,88.0,,,,,,,,,,,,,,,,,,,,,,,,,,,,,,,,,,,,,,,,,,,,,,,,,,,,,,,,,,,,,,,,
O2,d_og~ea_ec_food_ind_sell_price_exp__d4|rt2|full|HAC4,0.09054010261064395,5.859084402075487,98.0,,,,,,,,,,,,,,,,,,,,,,,,,,,,,,,,,,,,,,,,,,,,,,,,,,,,,,,,,,,,,,,,
O2,d_og~ea_ec_food_ind_sell_price_exp__d4|rt2|exepi|HAC4,0.08793348512383584,5.003569240091442,88.0,,,,,,,,,,,,,,,,,,,,,,,,,,,,,,,,,,,,,,,,,,,,,,,,,,,,,,,,,,,,,,,,
O2,d_og~ea_ec_food_ind_sell_price_exp__d4|rt2|exepi+excovid|HAC4,0.08913287790183812,5.116156147300441,82.0,,,,,,,,,,,,,,,,,,,,,,,,,,,,,,,,,,,,,,,,,,,,,,,,,,,,,,,,,,,,,,,,
O2,d_og~ea_ec_food_ind_sell_price_exp__d4|rt2|full|HAC8,0.09054010261064395,6.70457928762288,98.0,,,,,,,,,,,,,,,,,,,,,,,,,,,,,,,,,,,,,,,,,,,,,,,,,,,,,,,,,,,,,,,,
O2,d_og~ea_ec_food_ind_sell_price_exp__d4|rt2|full|placebo,,5.859084402075487,,2.61714151374811,1.1448269044089798e-05,,,,,,,,,,,,,,,,,,,,,,,,,,,,,,,,,,,,,,,,,,,,,,,,,,,,,,,,,,,,,,
O2,d_og~ea_ec_food_ind_sell_price_exp__d4|rt2|exepi|placebo,,5.003569240091442,,2.770216786118775,0.0003999912364747171,,,,,,,,,,,,,,,,,,,,,,,,,,,,,,,,,,,,,,,,,,,,,,,,,,,,,,,,,,,,,,
O2,d_og~ea_ec_food_ind_sell_price_exp__d4|rt2|full|ctrl_og(t-4),0.05613339559441875,1.9661996172632177,98.0,,,,,,,,,,,,,,,,,,,,,,,,,,,,,,,,,,,,,,,,,,,,,,,,,,,,,,,,,,,,,,,,
O2,d_og~ea_ec_food_ind_sell_price_exp__d4|rt2|exepi|ctrl_og(t-4),0.003438967841644925,0.1318634573671197,88.0,,,,,,,,,,,,,,,,,,,,,,,,,,,,,,,,,,,,,,,,,,,,,,,,,,,,,,,,,,,,,,,,
O2,d_og~ea_ec_food_ind_sell_price_exp__d4|rt4|full|HAC4,0.06733537016349646,5.158499666505816,98.0,,,,,,,,,,,,,,,,,,,,,,,,,,,,,,,,,,,,,,,,,,,,,,,,,,,,,,,,,,,,,,,,
O2,d_og~ea_ec_food_ind_sell_price_exp__d4|rt4|exepi|HAC4,0.07701746085109311,4.687477518666837,88.0,,,,,,,,,,,,,,,,,,,,,,,,,,,,,,,,,,,,,,,,,,,,,,,,,,,,,,,,,,,,,,,,
O2,d_og~ea_ec_food_ind_sell_price_exp__d4|rt4|exepi+excovid|HAC4,0.08182147190358037,5.6535936882738556,82.0,,,,,,,,,,,,,,,,,,,,,,,,,,,,,,,,,,,,,,,,,,,,,,,,,,,,,,,,,,,,,,,,
O2,d_og~ea_ec_food_ind_sell_price_exp__d4|rt4|full|HAC8,0.06733537016349646,5.281285618327446,98.0,,,,,,,,,,,,,,,,,,,,,,,,,,,,,,,,,,,,,,,,,,,,,,,,,,,,,,,,,,,,,,,,
O2,d_og~ea_ec_food_ind_sell_price_exp__d4|rt4|full|placebo,,5.158499666505816,,2.61714151374811,0.00011192312242402913,,,,,,,,,,,,,,,,,,,,,,,,,,,,,,,,,,,,,,,,,,,,,,,,,,,,,,,,,,,,,,
O2,d_og~ea_ec_food_ind_sell_price_exp__d4|rt4|exepi|placebo,,4.687477518666837,,2.770216786118775,0.0009116869597722843,,,,,,,,,,,,,,,,,,,,,,,,,,,,,,,,,,,,,,,,,,,,,,,,,,,,,,,,,,,,,,
O2,d_og~ea_ec_food_ind_sell_price_exp__d4|rt4|full|ctrl_og(t-4),0.06349515630704795,2.7314317259780134,98.0,,,,,,,,,,,,,,,,,,,,,,,,,,,,,,,,,,,,,,,,,,,,,,,,,,,,,,,,,,,,,,,,
O2,d_og~ea_ec_food_ind_sell_price_exp__d4|rt4|exepi|ctrl_og(t-4),0.021694748193393756,0.9498347581655627,88.0,,,,,,,,,,,,,,,,,,,,,,,,,,,,,,,,,,,,,,,,,,,,,,,,,,,,,,,,,,,,,,,,
O2,og~w_ec_food_ind_sell_price_exp_lvl|rt1|full|HAC4,0.12024574580500483,5.261659425272445,102.0,,,,,,,,,,,,,,,,,,,,,,,,,,,,,,,,,,,,,,,,,,,,,,,,,,,,,,,,,,,,,,,,
O2,og~w_ec_food_ind_sell_price_exp_lvl|rt1|exepi|HAC4,0.06900493102063826,1.9997235743716568,92.0,,,,,,,,,,,,,,,,,,,,,,,,,,,,,,,,,,,,,,,,,,,,,,,,,,,,,,,,,,,,,,,,
O2,og~w_ec_food_ind_sell_price_exp_lvl|rt1|exepi+excovid|HAC4,0.07294071634306534,2.0708575855888696,86.0,,,,,,,,,,,,,,,,,,,,,,,,,,,,,,,,,,,,,,,,,,,,,,,,,,,,,,,,,,,,,,,,
O2,og~w_ec_food_ind_sell_price_exp_lvl|rt1|full|HAC8,0.12024574580500483,5.181830087820333,102.0,,,,,,,,,,,,,,,,,,,,,,,,,,,,,,,,,,,,,,,,,,,,,,,,,,,,,,,,,,,,,,,,
O2,og~w_ec_food_ind_sell_price_exp_lvl|rt1|full|placebo,,5.261659425272445,,2.6173718636112038,8.145333585107828e-05,,,,,,,,,,,,,,,,,,,,,,,,,,,,,,,,,,,,,,,,,,,,,,,,,,,,,,,,,,,,,,
O2,og~w_ec_food_ind_sell_price_exp_lvl|rt1|exepi|placebo,,1.9997235743716568,,2.6902004693466517,0.14514058390990137,,,,,,,,,,,,,,,,,,,,,,,,,,,,,,,,,,,,,,,,,,,,,,,,,,,,,,,,,,,,,,
O2,og~w_ec_food_ind_sell_price_exp_lvl|rt1|full|ctrl_foodcpi_t,0.04817083812857029,1.2041246376489458,102.0,,,,,,,,,,,,,,,,,,,,,,,,,,,,,,,,,,,,,,,,,,,,,,,,,,,,,,,,,,,,,,,,
O2,og~w_ec_food_ind_sell_price_exp_lvl|rt2|full|HAC4,0.12241218839268699,5.6812844213019575,102.0,,,,,,,,,,,,,,,,,,,,,,,,,,,,,,,,,,,,,,,,,,,,,,,,,,,,,,,,,,,,,,,,
O2,og~w_ec_food_ind_sell_price_exp_lvl|rt2|exepi|HAC4,0.08474640986601985,2.4200777854788442,92.0,,,,,,,,,,,,,,,,,,,,,,,,,,,,,,,,,,,,,,,,,,,,,,,,,,,,,,,,,,,,,,,,
O2,og~w_ec_food_ind_sell_price_exp_lvl|rt2|exepi+excovid|HAC4,0.06753615314603763,1.9779400936794311,86.0,,,,,,,,,,,,,,,,,,,,,,,,,,,,,,,,,,,,,,,,,,,,,,,,,,,,,,,,,,,,,,,,
O2,og~w_ec_food_ind_sell_price_exp_lvl|rt2|full|HAC8,0.12241218839268699,6.1531659684244655,102.0,,,,,,,,,,,,,,,,,,,,,,,,,,,,,,,,,,,,,,,,,,,,,,,,,,,,,,,,,,,,,,,,
O2,og~w_ec_food_ind_sell_price_exp_lvl|rt2|full|placebo,,5.6812844213019575,,2.6173718636112038,2.0969403629056416e-05,,,,,,,,,,,,,,,,,,,,,,,,,,,,,,,,,,,,,,,,,,,,,,,,,,,,,,,,,,,,,,
O2,og~w_ec_food_ind_sell_price_exp_lvl|rt2|exepi|placebo,,2.4200777854788442,,2.6902004693466517,0.07787278867182845,,,,,,,,,,,,,,,,,,,,,,,,,,,,,,,,,,,,,,,,,,,,,,,,,,,,,,,,,,,,,,
O2,og~w_ec_food_ind_sell_price_exp_lvl|rt2|full|ctrl_foodcpi_t,0.05851478800318349,1.7127690023691489,102.0,,,,,,,,,,,,,,,,,,,,,,,,,,,,,,,,,,,,,,,,,,,,,,,,,,,,,,,,,,,,,,,,
O2,og~w_ec_food_ind_sell_price_exp_lvl|rt4|full|HAC4,0.07230840642636206,2.5822534299523743,102.0,,,,,,,,,,,,,,,,,,,,,,,,,,,,,,,,,,,,,,,,,,,,,,,,,,,,,,,,,,,,,,,,
O2,og~w_ec_food_ind_sell_price_exp_lvl|rt4|exepi|HAC4,0.039187735608085,1.2248226281888719,92.0,,,,,,,,,,,,,,,,,,,,,,,,,,,,,,,,,,,,,,,,,,,,,,,,,,,,,,,,,,,,,,,,
O2,og~w_ec_food_ind_sell_price_exp_lvl|rt4|exepi+excovid|HAC4,0.028361301595128865,0.9166210993451731,86.0,,,,,,,,,,,,,,,,,,,,,,,,,,,,,,,,,,,,,,,,,,,,,,,,,,,,,,,,,,,,,,,,
O2,og~w_ec_food_ind_sell_price_exp_lvl|rt4|full|HAC8,0.07230840642636206,3.1114377284305066,102.0,,,,,,,,,,,,,,,,,,,,,,,,,,,,,,,,,,,,,,,,,,,,,,,,,,,,,,,,,,,,,,,,
O2,og~w_ec_food_ind_sell_price_exp_lvl|rt4|full|placebo,,2.5822534299523743,,2.6173718636112038,0.053154170105289555,,,,,,,,,,,,,,,,,,,,,,,,,,,,,,,,,,,,,,,,,,,,,,,,,,,,,,,,,,,,,,
O2,og~w_ec_food_ind_sell_price_exp_lvl|rt4|exepi|placebo,,1.2248226281888719,,2.6902004693466517,0.3722037947986334,,,,,,,,,,,,,,,,,,,,,,,,,,,,,,,,,,,,,,,,,,,,,,,,,,,,,,,,,,,,,,
O2,og~w_ec_food_ind_sell_price_exp_lvl|rt4|full|ctrl_foodcpi_t,0.009047404788087864,0.34057857120290963,102.0,,,,,,,,,,,,,,,,,,,,,,,,,,,,,,,,,,,,,,,,,,,,,,,,,,,,,,,,,,,,,,,,
O2,d_og~w_ec_food_ind_sell_price_exp_lvl|rt1|full|HAC4,0.07883902945996685,2.7409617562189115,98.0,,,,,,,,,,,,,,,,,,,,,,,,,,,,,,,,,,,,,,,,,,,,,,,,,,,,,,,,,,,,,,,,
O2,d_og~w_ec_food_ind_sell_price_exp_lvl|rt1|exepi|HAC4,0.07367090282609565,1.4247089003770002,88.0,,,,,,,,,,,,,,,,,,,,,,,,,,,,,,,,,,,,,,,,,,,,,,,,,,,,,,,,,,,,,,,,
O2,d_og~w_ec_food_ind_sell_price_exp_lvl|rt1|exepi+excovid|HAC4,0.07562126827260951,1.3983652726552025,82.0,,,,,,,,,,,,,,,,,,,,,,,,,,,,,,,,,,,,,,,,,,,,,,,,,,,,,,,,,,,,,,,,
O2,d_og~w_ec_food_ind_sell_price_exp_lvl|rt1|full|HAC8,0.07883902945996685,3.145953451819368,98.0,,,,,,,,,,,,,,,,,,,,,,,,,,,,,,,,,,,,,,,,,,,,,,,,,,,,,,,,,,,,,,,,
O2,d_og~w_ec_food_ind_sell_price_exp_lvl|rt1|full|placebo,,2.7409617562189115,,2.3791670463396977,0.02394494728579666,,,,,,,,,,,,,,,,,,,,,,,,,,,,,,,,,,,,,,,,,,,,,,,,,,,,,,,,,,,,,,
O2,d_og~w_ec_food_ind_sell_price_exp_lvl|rt1|exepi|placebo,,1.4247089003770002,,2.520493364350909,0.267918105406441,,,,,,,,,,,,,,,,,,,,,,,,,,,,,,,,,,,,,,,,,,,,,,,,,,,,,,,,,,,,,,
O2,d_og~w_ec_food_ind_sell_price_exp_lvl|rt1|full|ctrl_og(t-4),0.1252299487864508,5.846304545629375,98.0,,,,,,,,,,,,,,,,,,,,,,,,,,,,,,,,,,,,,,,,,,,,,,,,,,,,,,,,,,,,,,,,
O2,d_og~w_ec_food_ind_sell_price_exp_lvl|rt1|exepi|ctrl_og(t-4),0.06492348629187399,1.8751239411924805,88.0,,,,,,,,,,,,,,,,,,,,,,,,,,,,,,,,,,,,,,,,,,,,,,,,,,,,,,,,,,,,,,,,
O2,d_og~w_ec_food_ind_sell_price_exp_lvl|rt2|full|HAC4,0.06693443272393562,2.299257548866447,98.0,,,,,,,,,,,,,,,,,,,,,,,,,,,,,,,,,,,,,,,,,,,,,,,,,,,,,,,,,,,,,,,,
O2,d_og~w_ec_food_ind_sell_price_exp_lvl|rt2|exepi|HAC4,0.094900345124243,1.554588340195958,88.0,,,,,,,,,,,,,,,,,,,,,,,,,,,,,,,,,,,,,,,,,,,,,,,,,,,,,,,,,,,,,,,,
O2,d_og~w_ec_food_ind_sell_price_exp_lvl|rt2|exepi+excovid|HAC4,0.054896002417839915,1.0140131295078683,82.0,,,,,,,,,,,,,,,,,,,,,,,,,,,,,,,,,,,,,,,,,,,,,,,,,,,,,,,,,,,,,,,,
O2,d_og~w_ec_food_ind_sell_price_exp_lvl|rt2|full|HAC8,0.06693443272393562,2.4365032092110703,98.0,,,,,,,,,,,,,,,,,,,,,,,,,,,,,,,,,,,,,,,,,,,,,,,,,,,,,,,,,,,,,,,,
O2,d_og~w_ec_food_ind_sell_price_exp_lvl|rt2|full|placebo,,2.299257548866447,,2.3791670463396977,0.05820717958974719,,,,,,,,,,,,,,,,,,,,,,,,,,,,,,,,,,,,,,,,,,,,,,,,,,,,,,,,,,,,,,
O2,d_og~w_ec_food_ind_sell_price_exp_lvl|rt2|exepi|placebo,,1.554588340195958,,2.520493364350909,0.2267145665612813,,,,,,,,,,,,,,,,,,,,,,,,,,,,,,,,,,,,,,,,,,,,,,,,,,,,,,,,,,,,,,
O2,d_og~w_ec_food_ind_sell_price_exp_lvl|rt2|full|ctrl_og(t-4),0.13168913415933559,6.184492580064123,98.0,,,,,,,,,,,,,,,,,,,,,,,,,,,,,,,,,,,,,,,,,,,,,,,,,,,,,,,,,,,,,,,,
O2,d_og~w_ec_food_ind_sell_price_exp_lvl|rt2|exepi|ctrl_og(t-4),0.09217689962940975,2.3663494746953626,88.0,,,,,,,,,,,,,,,,,,,,,,,,,,,,,,,,,,,,,,,,,,,,,,,,,,,,,,,,,,,,,,,,
O2,d_og~w_ec_food_ind_sell_price_exp_lvl|rt4|full|HAC4,-0.038867316580413064,-1.5062396943441827,98.0,,,,,,,,,,,,,,,,,,,,,,,,,,,,,,,,,,,,,,,,,,,,,,,,,,,,,,,,,,,,,,,,
O2,d_og~w_ec_food_ind_sell_price_exp_lvl|rt4|exepi|HAC4,-0.060422053022637985,-1.378146769445282,88.0,,,,,,,,,,,,,,,,,,,,,,,,,,,,,,,,,,,,,,,,,,,,,,,,,,,,,,,,,,,,,,,,
O2,d_og~w_ec_food_ind_sell_price_exp_lvl|rt4|exepi+excovid|HAC4,-0.07796467908386871,-1.8808507494906617,82.0,,,,,,,,,,,,,,,,,,,,,,,,,,,,,,,,,,,,,,,,,,,,,,,,,,,,,,,,,,,,,,,,
O2,d_og~w_ec_food_ind_sell_price_exp_lvl|rt4|full|HAC8,-0.038867316580413064,-2.2758036597097027,98.0,,,,,,,,,,,,,,,,,,,,,,,,,,,,,,,,,,,,,,,,,,,,,,,,,,,,,,,,,,,,,,,,
O2,d_og~w_ec_food_ind_sell_price_exp_lvl|rt4|full|placebo,,-1.5062396943441827,,2.3791670463396977,0.2146633178416142,,,,,,,,,,,,,,,,,,,,,,,,,,,,,,,,,,,,,,,,,,,,,,,,,,,,,,,,,,,,,,
O2,d_og~w_ec_food_ind_sell_price_exp_lvl|rt4|exepi|placebo,,-1.378146769445282,,2.520493364350909,0.28387167942207125,,,,,,,,,,,,,,,,,,,,,,,,,,,,,,,,,,,,,,,,,,,,,,,,,,,,,,,,,,,,,,
O2,d_og~w_ec_food_ind_sell_price_exp_lvl|rt4|full|ctrl_og(t-4),0.0759464198025326,2.6177475055694597,98.0,,,,,,,,,,,,,,,,,,,,,,,,,,,,,,,,,,,,,,,,,,,,,,,,,,,,,,,,,,,,,,,,
O2,d_og~w_ec_food_ind_sell_price_exp_lvl|rt4|exepi|ctrl_og(t-4),0.04647704607781915,1.2708427091047751,88.0,,,,,,,,,,,,,,,,,,,,,,,,,,,,,,,,,,,,,,,,,,,,,,,,,,,,,,,,,,,,,,,,
O2,og~w_ec_food_ind_sell_price_exp_d4|rt1|full|HAC4,0.03970340859840301,1.1972252152297607,102.0,,,,,,,,,,,,,,,,,,,,,,,,,,,,,,,,,,,,,,,,,,,,,,,,,,,,,,,,,,,,,,,,
O2,og~w_ec_food_ind_sell_price_exp_d4|rt1|exepi|HAC4,0.016883168141540363,0.6913467100326838,92.0,,,,,,,,,,,,,,,,,,,,,,,,,,,,,,,,,,,,,,,,,,,,,,,,,,,,,,,,,,,,,,,,
O2,og~w_ec_food_ind_sell_price_exp_d4|rt1|exepi+excovid|HAC4,0.02641377803181316,1.0759860349474546,86.0,,,,,,,,,,,,,,,,,,,,,,,,,,,,,,,,,,,,,,,,,,,,,,,,,,,,,,,,,,,,,,,,
O2,og~w_ec_food_ind_sell_price_exp_d4|rt1|full|HAC8,0.03970340859840301,1.3719298869465861,102.0,,,,,,,,,,,,,,,,,,,,,,,,,,,,,,,,,,,,,,,,,,,,,,,,,,,,,,,,,,,,,,,,
O2,og~w_ec_food_ind_sell_price_exp_d4|rt1|full|placebo,,1.1972252152297607,,2.427129650522208,0.3336503332995504,,,,,,,,,,,,,,,,,,,,,,,,,,,,,,,,,,,,,,,,,,,,,,,,,,,,,,,,,,,,,,
O2,og~w_ec_food_ind_sell_price_exp_d4|rt1|exepi|placebo,,0.6913467100326838,,2.5424677750339244,0.5940664327411047,,,,,,,,,,,,,,,,,,,,,,,,,,,,,,,,,,,,,,,,,,,,,,,,,,,,,,,,,,,,,,
O2,og~w_ec_food_ind_sell_price_exp_d4|rt1|full|ctrl_foodcpi_t,0.004629093613198481,0.22767682936688097,102.0,,,,,,,,,,,,,,,,,,,,,,,,,,,,,,,,,,,,,,,,,,,,,,,,,,,,,,,,,,,,,,,,
O2,og~w_ec_food_ind_sell_price_exp_d4|rt2|full|HAC4,0.061922755816424306,2.0159764262431588,102.0,,,,,,,,,,,,,,,,,,,,,,,,,,,,,,,,,,,,,,,,,,,,,,,,,,,,,,,,,,,,,,,,
O2,og~w_ec_food_ind_sell_price_exp_d4|rt2|exepi|HAC4,0.03515637553858436,1.3087567781221812,92.0,,,,,,,,,,,,,,,,,,,,,,,,,,,,,,,,,,,,,,,,,,,,,,,,,,,,,,,,,,,,,,,,
O2,og~w_ec_food_ind_sell_price_exp_d4|rt2|exepi+excovid|HAC4,0.02631582296963893,1.0206565821598699,86.0,,,,,,,,,,,,,,,,,,,,,,,,,,,,,,,,,,,,,,,,,,,,,,,,,,,,,,,,,,,,,,,,
O2,og~w_ec_food_ind_sell_price_exp_d4|rt2|full|HAC8,0.061922755816424306,2.2811349480594267,102.0,,,,,,,,,,,,,,,,,,,,,,,,,,,,,,,,,,,,,,,,,,,,,,,,,,,,,,,,,,,,,,,,
O2,og~w_ec_food_ind_sell_price_exp_d4|rt2|full|placebo,,2.0159764262431588,,2.427129650522208,0.10353588083280751,,,,,,,,,,,,,,,,,,,,,,,,,,,,,,,,,,,,,,,,,,,,,,,,,,,,,,,,,,,,,,
O2,og~w_ec_food_ind_sell_price_exp_d4|rt2|exepi|placebo,,1.3087567781221812,,2.5424677750339244,0.3130187408175913,,,,,,,,,,,,,,,,,,,,,,,,,,,,,,,,,,,,,,,,,,,,,,,,,,,,,,,,,,,,,,
O2,og~w_ec_food_ind_sell_price_exp_d4|rt2|full|ctrl_foodcpi_t,0.015671485898690392,0.6794399338770383,102.0,,,,,,,,,,,,,,,,,,,,,,,,,,,,,,,,,,,,,,,,,,,,,,,,,,,,,,,,,,,,,,,,
O2,og~w_ec_food_ind_sell_price_exp_d4|rt4|full|HAC4,0.06242826619551346,2.5020184601669984,102.0,,,,,,,,,,,,,,,,,,,,,,,,,,,,,,,,,,,,,,,,,,,,,,,,,,,,,,,,,,,,,,,,
O2,og~w_ec_food_ind_sell_price_exp_d4|rt4|exepi|HAC4,0.044567624981401835,1.7467638862302417,92.0,,,,,,,,,,,,,,,,,,,,,,,,,,,,,,,,,,,,,,,,,,,,,,,,,,,,,,,,,,,,,,,,
O2,og~w_ec_food_ind_sell_price_exp_d4|rt4|exepi+excovid|HAC4,0.038727256462373336,1.5104686171942865,86.0,,,,,,,,,,,,,,,,,,,,,,,,,,,,,,,,,,,,,,,,,,,,,,,,,,,,,,,,,,,,,,,,
O2,og~w_ec_food_ind_sell_price_exp_d4|rt4|full|HAC8,0.06242826619551346,3.312844421098201,102.0,,,,,,,,,,,,,,,,,,,,,,,,,,,,,,,,,,,,,,,,,,,,,,,,,,,,,,,,,,,,,,,,
O2,og~w_ec_food_ind_sell_price_exp_d4|rt4|full|placebo,,2.5020184601669984,,2.427129650522208,0.04333792678313064,,,,,,,,,,,,,,,,,,,,,,,,,,,,,,,,,,,,,,,,,,,,,,,,,,,,,,,,,,,,,,
O2,og~w_ec_food_ind_sell_price_exp_d4|rt4|exepi|placebo,,1.7467638862302417,,2.5424677750339244,0.17812085272142442,,,,,,,,,,,,,,,,,,,,,,,,,,,,,,,,,,,,,,,,,,,,,,,,,,,,,,,,,,,,,,
O2,og~w_ec_food_ind_sell_price_exp_d4|rt4|full|ctrl_foodcpi_t,0.020855331503394817,1.0470329573450692,102.0,,,,,,,,,,,,,,,,,,,,,,,,,,,,,,,,,,,,,,,,,,,,,,,,,,,,,,,,,,,,,,,,
O2,d_og~w_ec_food_ind_sell_price_exp_d4|rt1|full|HAC4,0.07850411815930407,4.232846960374852,98.0,,,,,,,,,,,,,,,,,,,,,,,,,,,,,,,,,,,,,,,,,,,,,,,,,,,,,,,,,,,,,,,,
O2,d_og~w_ec_food_ind_sell_price_exp_d4|rt1|exepi|HAC4,0.0771434195802842,2.910095994894285,88.0,,,,,,,,,,,,,,,,,,,,,,,,,,,,,,,,,,,,,,,,,,,,,,,,,,,,,,,,,,,,,,,,
O2,d_og~w_ec_food_ind_sell_price_exp_d4|rt1|exepi+excovid|HAC4,0.09085165178817814,3.947288291879187,82.0,,,,,,,,,,,,,,,,,,,,,,,,,,,,,,,,,,,,,,,,,,,,,,,,,,,,,,,,,,,,,,,,
O2,d_og~w_ec_food_ind_sell_price_exp_d4|rt1|full|HAC8,0.07850411815930407,4.708352634776365,98.0,,,,,,,,,,,,,,,,,,,,,,,,,,,,,,,,,,,,,,,,,,,,,,,,,,,,,,,,,,,,,,,,
O2,d_og~w_ec_food_ind_sell_price_exp_d4|rt1|full|placebo,,4.232846960374852,,2.5088440048708716,0.0009437061797126223,,,,,,,,,,,,,,,,,,,,,,,,,,,,,,,,,,,,,,,,,,,,,,,,,,,,,,,,,,,,,,
O2,d_og~w_ec_food_ind_sell_price_exp_d4|rt1|exepi|placebo,,2.910095994894285,,2.6408298617723265,0.030787596951551865,,,,,,,,,,,,,,,,,,,,,,,,,,,,,,,,,,,,,,,,,,,,,,,,,,,,,,,,,,,,,,
O2,d_og~w_ec_food_ind_sell_price_exp_d4|rt1|full|ctrl_og(t-4),0.04742390745465092,1.6070724191705894,98.0,,,,,,,,,,,,,,,,,,,,,,,,,,,,,,,,,,,,,,,,,,,,,,,,,,,,,,,,,,,,,,,,
O2,d_og~w_ec_food_ind_sell_price_exp_d4|rt1|exepi|ctrl_og(t-4),0.008692568525221683,0.3016460190817395,88.0,,,,,,,,,,,,,,,,,,,,,,,,,,,,,,,,,,,,,,,,,,,,,,,,,,,,,,,,,,,,,,,,
O2,d_og~w_ec_food_ind_sell_price_exp_d4|rt2|full|HAC4,0.09374861211132401,5.358108998698163,98.0,,,,,,,,,,,,,,,,,,,,,,,,,,,,,,,,,,,,,,,,,,,,,,,,,,,,,,,,,,,,,,,,
O2,d_og~w_ec_food_ind_sell_price_exp_d4|rt2|exepi|HAC4,0.09929383917302717,4.736382174453919,88.0,,,,,,,,,,,,,,,,,,,,,,,,,,,,,,,,,,,,,,,,,,,,,,,,,,,,,,,,,,,,,,,,
O2,d_og~w_ec_food_ind_sell_price_exp_d4|rt2|exepi+excovid|HAC4,0.08168737516876204,4.628126036870723,82.0,,,,,,,,,,,,,,,,,,,,,,,,,,,,,,,,,,,,,,,,,,,,,,,,,,,,,,,,,,,,,,,,
O2,d_og~w_ec_food_ind_sell_price_exp_d4|rt2|full|HAC8,0.09374861211132401,5.207238329552275,98.0,,,,,,,,,,,,,,,,,,,,,,,,,,,,,,,,,,,,,,,,,,,,,,,,,,,,,,,,,,,,,,,,
O2,d_og~w_ec_food_ind_sell_price_exp_d4|rt2|full|placebo,,5.358108998698163,,2.5088440048708716,2.840729716724333e-05,,,,,,,,,,,,,,,,,,,,,,,,,,,,,,,,,,,,,,,,,,,,,,,,,,,,,,,,,,,,,,
O2,d_og~w_ec_food_ind_sell_price_exp_d4|rt2|exepi|placebo,,4.736382174453919,,2.6408298617723265,0.00043936438766500885,,,,,,,,,,,,,,,,,,,,,,,,,,,,,,,,,,,,,,,,,,,,,,,,,,,,,,,,,,,,,,
O2,d_og~w_ec_food_ind_sell_price_exp_d4|rt2|full|ctrl_og(t-4),0.06902593848774563,2.9185996860496592,98.0,,,,,,,,,,,,,,,,,,,,,,,,,,,,,,,,,,,,,,,,,,,,,,,,,,,,,,,,,,,,,,,,
O2,d_og~w_ec_food_ind_sell_price_exp_d4|rt2|exepi|ctrl_og(t-4),0.03231676045542676,1.207626562071947,88.0,,,,,,,,,,,,,,,,,,,,,,,,,,,,,,,,,,,,,,,,,,,,,,,,,,,,,,,,,,,,,,,,
O2,d_og~w_ec_food_ind_sell_price_exp_d4|rt4|full|HAC4,0.03126959373730884,1.6144495768790552,98.0,,,,,,,,,,,,,,,,,,,,,,,,,,,,,,,,,,,,,,,,,,,,,,,,,,,,,,,,,,,,,,,,
O2,d_og~w_ec_food_ind_sell_price_exp_d4|rt4|exepi|HAC4,0.05001756930876095,2.334852644298351,88.0,,,,,,,,,,,,,,,,,,,,,,,,,,,,,,,,,,,,,,,,,,,,,,,,,,,,,,,,,,,,,,,,
O2,d_og~w_ec_food_ind_sell_price_exp_d4|rt4|exepi+excovid|HAC4,0.04231470195975178,1.8407818793558985,82.0,,,,,,,,,,,,,,,,,,,,,,,,,,,,,,,,,,,,,,,,,,,,,,,,,,,,,,,,,,,,,,,,
O2,d_og~w_ec_food_ind_sell_price_exp_d4|rt4|full|HAC8,0.03126959373730884,1.676306343263116,98.0,,,,,,,,,,,,,,,,,,,,,,,,,,,,,,,,,,,,,,,,,,,,,,,,,,,,,,,,,,,,,,,,
O2,d_og~w_ec_food_ind_sell_price_exp_d4|rt4|full|placebo,,1.6144495768790552,,2.5088440048708716,0.20722115106625782,,,,,,,,,,,,,,,,,,,,,,,,,,,,,,,,,,,,,,,,,,,,,,,,,,,,,,,,,,,,,,
O2,d_og~w_ec_food_ind_sell_price_exp_d4|rt4|exepi|placebo,,2.334852644298351,,2.6408298617723265,0.08311795048509052,,,,,,,,,,,,,,,,,,,,,,,,,,,,,,,,,,,,,,,,,,,,,,,,,,,,,,,,,,,,,,
O2,d_og~w_ec_food_ind_sell_price_exp_d4|rt4|full|ctrl_og(t-4),0.05670185999501655,2.7171649690697084,98.0,,,,,,,,,,,,,,,,,,,,,,,,,,,,,,,,,,,,,,,,,,,,,,,,,,,,,,,,,,,,,,,,
O2,d_og~w_ec_food_ind_sell_price_exp_d4|rt4|exepi|ctrl_og(t-4),0.037542000411811605,1.6264153131082615,88.0,,,,,,,,,,,,,,,,,,,,,,,,,,,,,,,,,,,,,,,,,,,,,,,,,,,,,,,,,,,,,,,,
O2,og~no_ssb_bts_consgoods_home_price_exp__lvl|rt1|full|HAC4,0.17011995140550676,4.132442162721785,102.0,,,,,,,,,,,,,,,,,,,,,,,,,,,,,,,,,,,,,,,,,,,,,,,,,,,,,,,,,,,,,,,,
O2,og~no_ssb_bts_consgoods_home_price_exp__lvl|rt1|exepi|HAC4,0.08118927638611288,1.4802270568959428,92.0,,,,,,,,,,,,,,,,,,,,,,,,,,,,,,,,,,,,,,,,,,,,,,,,,,,,,,,,,,,,,,,,
O2,og~no_ssb_bts_consgoods_home_price_exp__lvl|rt1|exepi+excovid|HAC4,0.08675575512391973,1.6112717964727563,86.0,,,,,,,,,,,,,,,,,,,,,,,,,,,,,,,,,,,,,,,,,,,,,,,,,,,,,,,,,,,,,,,,
O2,og~no_ssb_bts_consgoods_home_price_exp__lvl|rt1|full|HAC8,0.17011995140550676,3.7084186268664756,102.0,,,,,,,,,,,,,,,,,,,,,,,,,,,,,,,,,,,,,,,,,,,,,,,,,,,,,,,,,,,,,,,,
O2,og~no_ssb_bts_consgoods_home_price_exp__lvl|rt1|full|placebo,,4.132442162721785,,2.9440560265410998,0.005939271648004674,,,,,,,,,,,,,,,,,,,,,,,,,,,,,,,,,,,,,,,,,,,,,,,,,,,,,,,,,,,,,,
O2,og~no_ssb_bts_consgoods_home_price_exp__lvl|rt1|exepi|placebo,,1.4802270568959428,,2.791474373281416,0.29866316505125345,,,,,,,,,,,,,,,,,,,,,,,,,,,,,,,,,,,,,,,,,,,,,,,,,,,,,,,,,,,,,,
O2,og~no_ssb_bts_consgoods_home_price_exp__lvl|rt1|full|ctrl_foodcpi_t,0.08430041337252256,1.6474831673351829,102.0,,,,,,,,,,,,,,,,,,,,,,,,,,,,,,,,,,,,,,,,,,,,,,,,,,,,,,,,,,,,,,,,
O2,og~no_ssb_bts_consgoods_home_price_exp__lvl|rt2|full|HAC4,0.19211491166072678,5.955986126540771,102.0,,,,,,,,,,,,,,,,,,,,,,,,,,,,,,,,,,,,,,,,,,,,,,,,,,,,,,,,,,,,,,,,
O2,og~no_ssb_bts_consgoods_home_price_exp__lvl|rt2|exepi|HAC4,0.12817274345473012,2.74070652758831,92.0,,,,,,,,,,,,,,,,,,,,,,,,,,,,,,,,,,,,,,,,,,,,,,,,,,,,,,,,,,,,,,,,
O2,og~no_ssb_bts_consgoods_home_price_exp__lvl|rt2|exepi+excovid|HAC4,0.11230476739084312,2.598308176373264,86.0,,,,,,,,,,,,,,,,,,,,,,,,,,,,,,,,,,,,,,,,,,,,,,,,,,,,,,,,,,,,,,,,
O2,og~no_ssb_bts_consgoods_home_price_exp__lvl|rt2|full|HAC8,0.19211491166072678,5.593891686205075,102.0,,,,,,,,,,,,,,,,,,,,,,,,,,,,,,,,,,,,,,,,,,,,,,,,,,,,,,,,,,,,,,,,
O2,og~no_ssb_bts_consgoods_home_price_exp__lvl|rt2|full|placebo,,5.955986126540771,,2.9440560265410998,7.336081258912941e-05,,,,,,,,,,,,,,,,,,,,,,,,,,,,,,,,,,,,,,,,,,,,,,,,,,,,,,,,,,,,,,
O2,og~no_ssb_bts_consgoods_home_price_exp__lvl|rt2|exepi|placebo,,2.74070652758831,,2.791474373281416,0.054314657376711706,,,,,,,,,,,,,,,,,,,,,,,,,,,,,,,,,,,,,,,,,,,,,,,,,,,,,,,,,,,,,,
O2,og~no_ssb_bts_consgoods_home_price_exp__lvl|rt2|full|ctrl_foodcpi_t,0.12526173482845093,2.672508818855763,102.0,,,,,,,,,,,,,,,,,,,,,,,,,,,,,,,,,,,,,,,,,,,,,,,,,,,,,,,,,,,,,,,,
O2,og~no_ssb_bts_consgoods_home_price_exp__lvl|rt4|full|HAC4,0.15050062999033345,4.268597838206182,102.0,,,,,,,,,,,,,,,,,,,,,,,,,,,,,,,,,,,,,,,,,,,,,,,,,,,,,,,,,,,,,,,,
O2,og~no_ssb_bts_consgoods_home_price_exp__lvl|rt4|exepi|HAC4,0.09757825484166424,2.642819722240746,92.0,,,,,,,,,,,,,,,,,,,,,,,,,,,,,,,,,,,,,,,,,,,,,,,,,,,,,,,,,,,,,,,,
O2,og~no_ssb_bts_consgoods_home_price_exp__lvl|rt4|exepi+excovid|HAC4,0.0970818152274751,2.780380869165931,86.0,,,,,,,,,,,,,,,,,,,,,,,,,,,,,,,,,,,,,,,,,,,,,,,,,,,,,,,,,,,,,,,,
O2,og~no_ssb_bts_consgoods_home_price_exp__lvl|rt4|full|HAC8,0.15050062999033345,4.415247079118659,102.0,,,,,,,,,,,,,,,,,,,,,,,,,,,,,,,,,,,,,,,,,,,,,,,,,,,,,,,,,,,,,,,,
O2,og~no_ssb_bts_consgoods_home_price_exp__lvl|rt4|full|placebo,,4.268597838206182,,2.9440560265410998,0.004486537447977446,,,,,,,,,,,,,,,,,,,,,,,,,,,,,,,,,,,,,,,,,,,,,,,,,,,,,,,,,,,,,,
O2,og~no_ssb_bts_consgoods_home_price_exp__lvl|rt4|exepi|placebo,,2.642819722240746,,2.791474373281416,0.06351204150502832,,,,,,,,,,,,,,,,,,,,,,,,,,,,,,,,,,,,,,,,,,,,,,,,,,,,,,,,,,,,,,
O2,og~no_ssb_bts_consgoods_home_price_exp__lvl|rt4|full|ctrl_foodcpi_t,0.06728882146576737,2.377359304915659,102.0,,,,,,,,,,,,,,,,,,,,,,,,,,,,,,,,,,,,,,,,,,,,,,,,,,,,,,,,,,,,,,,,
O2,d_og~no_ssb_bts_consgoods_home_price_exp__lvl|rt1|full|HAC4,0.05085167208993188,0.9467450011350315,98.0,,,,,,,,,,,,,,,,,,,,,,,,,,,,,,,,,,,,,,,,,,,,,,,,,,,,,,,,,,,,,,,,
O2,d_og~no_ssb_bts_consgoods_home_price_exp__lvl|rt1|exepi|HAC4,-0.05159051811273977,-0.8058895665137772,88.0,,,,,,,,,,,,,,,,,,,,,,,,,,,,,,,,,,,,,,,,,,,,,,,,,,,,,,,,,,,,,,,,
O2,d_og~no_ssb_bts_consgoods_home_price_exp__lvl|rt1|exepi+excovid|HAC4,-0.03906861234935501,-0.6121397754501828,82.0,,,,,,,,,,,,,,,,,,,,,,,,,,,,,,,,,,,,,,,,,,,,,,,,,,,,,,,,,,,,,,,,
O2,d_og~no_ssb_bts_consgoods_home_price_exp__lvl|rt1|full|HAC8,0.05085167208993188,0.9571667533053396,98.0,,,,,,,,,,,,,,,,,,,,,,,,,,,,,,,,,,,,,,,,,,,,,,,,,,,,,,,,,,,,,,,,
O2,d_og~no_ssb_bts_consgoods_home_price_exp__lvl|rt1|full|placebo,,0.9467450011350315,,2.0510922871083133,0.3656339192716045,,,,,,,,,,,,,,,,,,,,,,,,,,,,,,,,,,,,,,,,,,,,,,,,,,,,,,,,,,,,,,
O2,d_og~no_ssb_bts_consgoods_home_price_exp__lvl|rt1|exepi|placebo,,-0.8058895665137772,,2.1422465746598727,0.460929675739119,,,,,,,,,,,,,,,,,,,,,,,,,,,,,,,,,,,,,,,,,,,,,,,,,,,,,,,,,,,,,,
O2,d_og~no_ssb_bts_consgoods_home_price_exp__lvl|rt1|full|ctrl_og(t-4),0.1635368755680114,3.5318583207672005,98.0,,,,,,,,,,,,,,,,,,,,,,,,,,,,,,,,,,,,,,,,,,,,,,,,,,,,,,,,,,,,,,,,
O2,d_og~no_ssb_bts_consgoods_home_price_exp__lvl|rt1|exepi|ctrl_og(t-4),0.0492917330552309,0.9734569679882348,88.0,,,,,,,,,,,,,,,,,,,,,,,,,,,,,,,,,,,,,,,,,,,,,,,,,,,,,,,,,,,,,,,,
O2,d_og~no_ssb_bts_consgoods_home_price_exp__lvl|rt2|full|HAC4,0.04047756370743225,0.7659305574402318,98.0,,,,,,,,,,,,,,,,,,,,,,,,,,,,,,,,,,,,,,,,,,,,,,,,,,,,,,,,,,,,,,,,
O2,d_og~no_ssb_bts_consgoods_home_price_exp__lvl|rt2|exepi|HAC4,-0.03987366566756785,-0.58240023405832,88.0,,,,,,,,,,,,,,,,,,,,,,,,,,,,,,,,,,,,,,,,,,,,,,,,,,,,,,,,,,,,,,,,
O2,d_og~no_ssb_bts_consgoods_home_price_exp__lvl|rt2|exepi+excovid|HAC4,-0.06446101607278472,-1.0021335267013953,82.0,,,,,,,,,,,,,,,,,,,,,,,,,,,,,,,,,,,,,,,,,,,,,,,,,,,,,,,,,,,,,,,,
O2,d_og~no_ssb_bts_consgoods_home_price_exp__lvl|rt2|full|HAC8,0.04047756370743225,0.8011704581586065,98.0,,,,,,,,,,,,,,,,,,,,,,,,,,,,,,,,,,,,,,,,,,,,,,,,,,,,,,,,,,,,,,,,
O2,d_og~no_ssb_bts_consgoods_home_price_exp__lvl|rt2|full|placebo,,0.7659305574402318,,2.0510922871083133,0.4642290484417608,,,,,,,,,,,,,,,,,,,,,,,,,,,,,,,,,,,,,,,,,,,,,,,,,,,,,,,,,,,,,,
O2,d_og~no_ssb_bts_consgoods_home_price_exp__lvl|rt2|exepi|placebo,,-0.58240023405832,,2.1422465746598727,0.5941414892583987,,,,,,,,,,,,,,,,,,,,,,,,,,,,,,,,,,,,,,,,,,,,,,,,,,,,,,,,,,,,,,
O2,d_og~no_ssb_bts_consgoods_home_price_exp__lvl|rt2|full|ctrl_og(t-4),0.20524185337653064,4.986893225769508,98.0,,,,,,,,,,,,,,,,,,,,,,,,,,,,,,,,,,,,,,,,,,,,,,,,,,,,,,,,,,,,,,,,
O2,d_og~no_ssb_bts_consgoods_home_price_exp__lvl|rt2|exepi|ctrl_og(t-4),0.11868526088944627,2.286695212341374,88.0,,,,,,,,,,,,,,,,,,,,,,,,,,,,,,,,,,,,,,,,,,,,,,,,,,,,,,,,,,,,,,,,
O2,d_og~no_ssb_bts_consgoods_home_price_exp__lvl|rt4|full|HAC4,-0.0496671993770039,-1.1769982901373037,98.0,,,,,,,,,,,,,,,,,,,,,,,,,,,,,,,,,,,,,,,,,,,,,,,,,,,,,,,,,,,,,,,,
O2,d_og~no_ssb_bts_consgoods_home_price_exp__lvl|rt4|exepi|HAC4,-0.11244258611905242,-1.781780096161379,88.0,,,,,,,,,,,,,,,,,,,,,,,,,,,,,,,,,,,,,,,,,,,,,,,,,,,,,,,,,,,,,,,,
O2,d_og~no_ssb_bts_consgoods_home_price_exp__lvl|rt4|exepi+excovid|HAC4,-0.12296035782491696,-1.9816933322796333,82.0,,,,,,,,,,,,,,,,,,,,,,,,,,,,,,,,,,,,,,,,,,,,,,,,,,,,,,,,,,,,,,,,
O2,d_og~no_ssb_bts_consgoods_home_price_exp__lvl|rt4|full|HAC8,-0.0496671993770039,-1.4410228300710015,98.0,,,,,,,,,,,,,,,,,,,,,,,,,,,,,,,,,,,,,,,,,,,,,,,,,,,,,,,,,,,,,,,,
O2,d_og~no_ssb_bts_consgoods_home_price_exp__lvl|rt4|full|placebo,,-1.1769982901373037,,2.0510922871083133,0.26071395354002425,,,,,,,,,,,,,,,,,,,,,,,,,,,,,,,,,,,,,,,,,,,,,,,,,,,,,,,,,,,,,,
O2,d_og~no_ssb_bts_consgoods_home_price_exp__lvl|rt4|exepi|placebo,,-1.781780096161379,,2.1422465746598727,0.10306569622002315,,,,,,,,,,,,,,,,,,,,,,,,,,,,,,,,,,,,,,,,,,,,,,,,,,,,,,,,,,,,,,
O2,d_og~no_ssb_bts_consgoods_home_price_exp__lvl|rt4|full|ctrl_og(t-4),0.1648186295219717,3.5030954139345485,98.0,,,,,,,,,,,,,,,,,,,,,,,,,,,,,,,,,,,,,,,,,,,,,,,,,,,,,,,,,,,,,,,,
O2,d_og~no_ssb_bts_consgoods_home_price_exp__lvl|rt4|exepi|ctrl_og(t-4),0.09120405500679002,2.143151267100345,88.0,,,,,,,,,,,,,,,,,,,,,,,,,,,,,,,,,,,,,,,,,,,,,,,,,,,,,,,,,,,,,,,,
O2,og~no_ssb_bts_consgoods_home_price_exp__d4|rt1|full|HAC4,0.06875042498651243,1.2622398553281586,102.0,,,,,,,,,,,,,,,,,,,,,,,,,,,,,,,,,,,,,,,,,,,,,,,,,,,,,,,,,,,,,,,,
O2,og~no_ssb_bts_consgoods_home_price_exp__d4|rt1|exepi|HAC4,0.0077595032021450325,0.18991256132924125,92.0,,,,,,,,,,,,,,,,,,,,,,,,,,,,,,,,,,,,,,,,,,,,,,,,,,,,,,,,,,,,,,,,
O2,og~no_ssb_bts_consgoods_home_price_exp__d4|rt1|exepi+excovid|HAC4,0.01830825456842602,0.45899227157595074,86.0,,,,,,,,,,,,,,,,,,,,,,,,,,,,,,,,,,,,,,,,,,,,,,,,,,,,,,,,,,,,,,,,
O2,og~no_ssb_bts_consgoods_home_price_exp__d4|rt1|full|HAC8,0.06875042498651243,1.3799104559581188,102.0,,,,,,,,,,,,,,,,,,,,,,,,,,,,,,,,,,,,,,,,,,,,,,,,,,,,,,,,,,,,,,,,
O2,og~no_ssb_bts_consgoods_home_price_exp__d4|rt1|full|placebo,,1.2622398553281586,,2.397045636542236,0.3020342874762927,,,,,,,,,,,,,,,,,,,,,,,,,,,,,,,,,,,,,,,,,,,,,,,,,,,,,,,,,,,,,,
O2,og~no_ssb_bts_consgoods_home_price_exp__d4|rt1|exepi|placebo,,0.18991256132924125,,2.4261923640569143,0.8780685849154874,,,,,,,,,,,,,,,,,,,,,,,,,,,,,,,,,,,,,,,,,,,,,,,,,,,,,,,,,,,,,,
O2,og~no_ssb_bts_consgoods_home_price_exp__d4|rt1|full|ctrl_foodcpi_t,0.009135563378833806,0.27121777872143565,102.0,,,,,,,,,,,,,,,,,,,,,,,,,,,,,,,,,,,,,,,,,,,,,,,,,,,,,,,,,,,,,,,,
O2,og~no_ssb_bts_consgoods_home_price_exp__d4|rt2|full|HAC4,0.14762227938676217,3.0127172558650175,102.0,,,,,,,,,,,,,,,,,,,,,,,,,,,,,,,,,,,,,,,,,,,,,,,,,,,,,,,,,,,,,,,,
O2,og~no_ssb_bts_consgoods_home_price_exp__d4|rt2|exepi|HAC4,0.10449162801213747,2.2038815505416918,92.0,,,,,,,,,,,,,,,,,,,,,,,,,,,,,,,,,,,,,,,,,,,,,,,,,,,,,,,,,,,,,,,,
O2,og~no_ssb_bts_consgoods_home_price_exp__d4|rt2|exepi+excovid|HAC4,0.07151212214668504,1.6983973054217782,86.0,,,,,,,,,,,,,,,,,,,,,,,,,,,,,,,,,,,,,,,,,,,,,,,,,,,,,,,,,,,,,,,,
O2,og~no_ssb_bts_consgoods_home_price_exp__d4|rt2|full|HAC8,0.14762227938676217,3.2158748101972745,102.0,,,,,,,,,,,,,,,,,,,,,,,,,,,,,,,,,,,,,,,,,,,,,,,,,,,,,,,,,,,,,,,,
O2,og~no_ssb_bts_consgoods_home_price_exp__d4|rt2|full|placebo,,3.0127172558650175,,2.397045636542236,0.013763666820299392,,,,,,,,,,,,,,,,,,,,,,,,,,,,,,,,,,,,,,,,,,,,,,,,,,,,,,,,,,,,,,
O2,og~no_ssb_bts_consgoods_home_price_exp__d4|rt2|exepi|placebo,,2.2038815505416918,,2.4261923640569143,0.07501486183510075,,,,,,,,,,,,,,,,,,,,,,,,,,,,,,,,,,,,,,,,,,,,,,,,,,,,,,,,,,,,,,
O2,og~no_ssb_bts_consgoods_home_price_exp__d4|rt2|full|ctrl_foodcpi_t,0.06873916115876112,1.4903108701961207,102.0,,,,,,,,,,,,,,,,,,,,,,,,,,,,,,,,,,,,,,,,,,,,,,,,,,,,,,,,,,,,,,,,
O2,og~no_ssb_bts_consgoods_home_price_exp__d4|rt4|full|HAC4,0.16616929179302511,4.529329755421484,102.0,,,,,,,,,,,,,,,,,,,,,,,,,,,,,,,,,,,,,,,,,,,,,,,,,,,,,,,,,,,,,,,,
O2,og~no_ssb_bts_consgoods_home_price_exp__d4|rt4|exepi|HAC4,0.12330861536296735,2.7381606513597223,92.0,,,,,,,,,,,,,,,,,,,,,,,,,,,,,,,,,,,,,,,,,,,,,,,,,,,,,,,,,,,,,,,,
O2,og~no_ssb_bts_consgoods_home_price_exp__d4|rt4|exepi+excovid|HAC4,0.11357719162335463,2.436753619763545,86.0,,,,,,,,,,,,,,,,,,,,,,,,,,,,,,,,,,,,,,,,,,,,,,,,,,,,,,,,,,,,,,,,
O2,og~no_ssb_bts_consgoods_home_price_exp__d4|rt4|full|HAC8,0.16616929179302511,5.003529176211272,102.0,,,,,,,,,,,,,,,,,,,,,,,,,,,,,,,,,,,,,,,,,,,,,,,,,,,,,,,,,,,,,,,,
O2,og~no_ssb_bts_consgoods_home_price_exp__d4|rt4|full|placebo,,4.529329755421484,,2.397045636542236,0.00021269250463906708,,,,,,,,,,,,,,,,,,,,,,,,,,,,,,,,,,,,,,,,,,,,,,,,,,,,,,,,,,,,,,
O2,og~no_ssb_bts_consgoods_home_price_exp__d4|rt4|exepi|placebo,,2.7381606513597223,,2.4261923640569143,0.026967838475732586,,,,,,,,,,,,,,,,,,,,,,,,,,,,,,,,,,,,,,,,,,,,,,,,,,,,,,,,,,,,,,
O2,og~no_ssb_bts_consgoods_home_price_exp__d4|rt4|full|ctrl_foodcpi_t,0.09117423725794332,2.6639631874618344,102.0,,,,,,,,,,,,,,,,,,,,,,,,,,,,,,,,,,,,,,,,,,,,,,,,,,,,,,,,,,,,,,,,
O2,d_og~no_ssb_bts_consgoods_home_price_exp__d4|rt1|full|HAC4,0.13413023688697498,2.89081308405762,98.0,,,,,,,,,,,,,,,,,,,,,,,,,,,,,,,,,,,,,,,,,,,,,,,,,,,,,,,,,,,,,,,,
O2,d_og~no_ssb_bts_consgoods_home_price_exp__d4|rt1|exepi|HAC4,0.10775831861167384,1.6597014182130927,88.0,,,,,,,,,,,,,,,,,,,,,,,,,,,,,,,,,,,,,,,,,,,,,,,,,,,,,,,,,,,,,,,,
O2,d_og~no_ssb_bts_consgoods_home_price_exp__d4|rt1|exepi+excovid|HAC4,0.13683979518035067,2.221865450695461,82.0,,,,,,,,,,,,,,,,,,,,,,,,,,,,,,,,,,,,,,,,,,,,,,,,,,,,,,,,,,,,,,,,
O2,d_og~no_ssb_bts_consgoods_home_price_exp__d4|rt1|full|HAC8,0.13413023688697498,3.2381798878739874,98.0,,,,,,,,,,,,,,,,,,,,,,,,,,,,,,,,,,,,,,,,,,,,,,,,,,,,,,,,,,,,,,,,
O2,d_og~no_ssb_bts_consgoods_home_price_exp__d4|rt1|full|placebo,,2.89081308405762,,2.3011705394419533,0.013809642985906478,,,,,,,,,,,,,,,,,,,,,,,,,,,,,,,,,,,,,,,,,,,,,,,,,,,,,,,,,,,,,,
O2,d_og~no_ssb_bts_consgoods_home_price_exp__d4|rt1|exepi|placebo,,1.6597014182130927,,2.40469290713177,0.17613462062004115,,,,,,,,,,,,,,,,,,,,,,,,,,,,,,,,,,,,,,,,,,,,,,,,,,,,,,,,,,,,,,
O2,d_og~no_ssb_bts_consgoods_home_price_exp__d4|rt1|full|ctrl_og(t-4),0.07742529980689566,1.3792789699574906,98.0,,,,,,,,,,,,,,,,,,,,,,,,,,,,,,,,,,,,,,,,,,,,,,,,,,,,,,,,,,,,,,,,
O2,d_og~no_ssb_bts_consgoods_home_price_exp__d4|rt1|exepi|ctrl_og(t-4),-0.022677320380466735,-0.4504328569894877,88.0,,,,,,,,,,,,,,,,,,,,,,,,,,,,,,,,,,,,,,,,,,,,,,,,,,,,,,,,,,,,,,,,
O2,d_og~no_ssb_bts_consgoods_home_price_exp__d4|rt2|full|HAC4,0.19395969935234025,4.506288072046891,98.0,,,,,,,,,,,,,,,,,,,,,,,,,,,,,,,,,,,,,,,,,,,,,,,,,,,,,,,,,,,,,,,,
O2,d_og~no_ssb_bts_consgoods_home_price_exp__d4|rt2|exepi|HAC4,0.21554484992982437,3.8380626535658107,88.0,,,,,,,,,,,,,,,,,,,,,,,,,,,,,,,,,,,,,,,,,,,,,,,,,,,,,,,,,,,,,,,,
O2,d_og~no_ssb_bts_consgoods_home_price_exp__d4|rt2|exepi+excovid|HAC4,0.16937360540953147,3.5506894784356566,82.0,,,,,,,,,,,,,,,,,,,,,,,,,,,,,,,,,,,,,,,,,,,,,,,,,,,,,,,,,,,,,,,,
O2,d_og~no_ssb_bts_consgoods_home_price_exp__d4|rt2|full|HAC8,0.19395969935234025,4.80603682005808,98.0,,,,,,,,,,,,,,,,,,,,,,,,,,,,,,,,,,,,,,,,,,,,,,,,,,,,,,,,,,,,,,,,
O2,d_og~no_ssb_bts_consgoods_home_price_exp__d4|rt2|full|placebo,,4.506288072046891,,2.3011705394419533,0.00012398127055179842,,,,,,,,,,,,,,,,,,,,,,,,,,,,,,,,,,,,,,,,,,,,,,,,,,,,,,,,,,,,,,
O2,d_og~no_ssb_bts_consgoods_home_price_exp__d4|rt2|exepi|placebo,,3.8380626535658107,,2.40469290713177,0.0017585450790258417,,,,,,,,,,,,,,,,,,,,,,,,,,,,,,,,,,,,,,,,,,,,,,,,,,,,,,,,,,,,,,
O2,d_og~no_ssb_bts_consgoods_home_price_exp__d4|rt2|full|ctrl_og(t-4),0.15846830927834776,3.9031577614178454,98.0,,,,,,,,,,,,,,,,,,,,,,,,,,,,,,,,,,,,,,,,,,,,,,,,,,,,,,,,,,,,,,,,
O2,d_og~no_ssb_bts_consgoods_home_price_exp__d4|rt2|exepi|ctrl_og(t-4),0.10021775247974538,1.9071384747472373,88.0,,,,,,,,,,,,,,,,,,,,,,,,,,,,,,,,,,,,,,,,,,,,,,,,,,,,,,,,,,,,,,,,
O2,d_og~no_ssb_bts_consgoods_home_price_exp__d4|rt4|full|HAC4,0.08373825184127459,1.960880155169178,98.0,,,,,,,,,,,,,,,,,,,,,,,,,,,,,,,,,,,,,,,,,,,,,,,,,,,,,,,,,,,,,,,,
O2,d_og~no_ssb_bts_consgoods_home_price_exp__d4|rt4|exepi|HAC4,0.11721783419592445,2.30385566939638,88.0,,,,,,,,,,,,,,,,,,,,,,,,,,,,,,,,,,,,,,,,,,,,,,,,,,,,,,,,,,,,,,,,
O2,d_og~no_ssb_bts_consgoods_home_price_exp__d4|rt4|exepi+excovid|HAC4,0.10719267020033112,1.9223153392862697,82.0,,,,,,,,,,,,,,,,,,,,,,,,,,,,,,,,,,,,,,,,,,,,,,,,,,,,,,,,,,,,,,,,
O2,d_og~no_ssb_bts_consgoods_home_price_exp__d4|rt4|full|HAC8,0.08373825184127459,2.3949037834194598,98.0,,,,,,,,,,,,,,,,,,,,,,,,,,,,,,,,,,,,,,,,,,,,,,,,,,,,,,,,,,,,,,,,
O2,d_og~no_ssb_bts_consgoods_home_price_exp__d4|rt4|full|placebo,,1.960880155169178,,2.3011705394419533,0.09489359768881411,,,,,,,,,,,,,,,,,,,,,,,,,,,,,,,,,,,,,,,,,,,,,,,,,,,,,,,,,,,,,,
O2,d_og~no_ssb_bts_consgoods_home_price_exp__d4|rt4|exepi|placebo,,2.30385566939638,,2.40469290713177,0.06041184069692718,,,,,,,,,,,,,,,,,,,,,,,,,,,,,,,,,,,,,,,,,,,,,,,,,,,,,,,,,,,,,,
O2,d_og~no_ssb_bts_consgoods_home_price_exp__d4|rt4|full|ctrl_og(t-4),0.15120057129394912,4.285877609695138,98.0,,,,,,,,,,,,,,,,,,,,,,,,,,,,,,,,,,,,,,,,,,,,,,,,,,,,,,,,,,,,,,,,
O2,d_og~no_ssb_bts_consgoods_home_price_exp__d4|rt4|exepi|ctrl_og(t-4),0.09000733670432691,2.0109358092928664,88.0,,,,,,,,,,,,,,,,,,,,,,,,,,,,,,,,,,,,,,,,,,,,,,,,,,,,,,,,,,,,,,,,
O2,og~se_ec_retail_sell_price_exp__lvl|rt1|full|HAC4,0.12801364755765315,8.957821215656736,91.0,,,,,,,,,,,,,,,,,,,,,,,,,,,,,,,,,,,,,,,,,,,,,,,,,,,,,,,,,,,,,,,,
O2,og~se_ec_retail_sell_price_exp__lvl|rt1|exepi|HAC4,0.10670731373088217,3.044075352984789,81.0,,,,,,,,,,,,,,,,,,,,,,,,,,,,,,,,,,,,,,,,,,,,,,,,,,,,,,,,,,,,,,,,
O2,og~se_ec_retail_sell_price_exp__lvl|rt1|exepi+excovid|HAC4,0.09823837578648899,2.922429817831378,75.0,,,,,,,,,,,,,,,,,,,,,,,,,,,,,,,,,,,,,,,,,,,,,,,,,,,,,,,,,,,,,,,,
O2,og~se_ec_retail_sell_price_exp__lvl|rt1|full|HAC8,0.12801364755765315,11.115896034980892,91.0,,,,,,,,,,,,,,,,,,,,,,,,,,,,,,,,,,,,,,,,,,,,,,,,,,,,,,,,,,,,,,,,
O2,og~se_ec_retail_sell_price_exp__lvl|rt1|full|placebo,,8.957821215656736,,2.93529319988984,2.2129991172903374e-09,,,,,,,,,,,,,,,,,,,,,,,,,,,,,,,,,,,,,,,,,,,,,,,,,,,,,,,,,,,,,,
O2,og~se_ec_retail_sell_price_exp__lvl|rt1|exepi|placebo,,3.044075352984789,,2.8066815364222943,0.0335248284084213,,,,,,,,,,,,,,,,,,,,,,,,,,,,,,,,,,,,,,,,,,,,,,,,,,,,,,,,,,,,,,
O2,og~se_ec_retail_sell_price_exp__lvl|rt1|full|ctrl_foodcpi_t,0.11063303307516158,3.5970231689357117,91.0,,,,,,,,,,,,,,,,,,,,,,,,,,,,,,,,,,,,,,,,,,,,,,,,,,,,,,,,,,,,,,,,
O2,og~se_ec_retail_sell_price_exp__lvl|rt2|full|HAC4,0.1197304686699218,8.037876510660595,90.0,,,,,,,,,,,,,,,,,,,,,,,,,,,,,,,,,,,,,,,,,,,,,,,,,,,,,,,,,,,,,,,,
O2,og~se_ec_retail_sell_price_exp__lvl|rt2|exepi|HAC4,0.10104539630945258,3.2217546778881267,80.0,,,,,,,,,,,,,,,,,,,,,,,,,,,,,,,,,,,,,,,,,,,,,,,,,,,,,,,,,,,,,,,,
O2,og~se_ec_retail_sell_price_exp__lvl|rt2|exepi+excovid|HAC4,0.08874184808413177,2.9635181833817175,74.0,,,,,,,,,,,,,,,,,,,,,,,,,,,,,,,,,,,,,,,,,,,,,,,,,,,,,,,,,,,,,,,,
O2,og~se_ec_retail_sell_price_exp__lvl|rt2|full|HAC8,0.1197304686699218,9.926005762475656,90.0,,,,,,,,,,,,,,,,,,,,,,,,,,,,,,,,,,,,,,,,,,,,,,,,,,,,,,,,,,,,,,,,
O2,og~se_ec_retail_sell_price_exp__lvl|rt2|full|placebo,,8.037876510660595,,2.9335438162192338,7.861494411010028e-08,,,,,,,,,,,,,,,,,,,,,,,,,,,,,,,,,,,,,,,,,,,,,,,,,,,,,,,,,,,,,,
O2,og~se_ec_retail_sell_price_exp__lvl|rt2|exepi|placebo,,3.2217546778881267,,2.8450278651407963,0.026453113252189908,,,,,,,,,,,,,,,,,,,,,,,,,,,,,,,,,,,,,,,,,,,,,,,,,,,,,,,,,,,,,,
O2,og~se_ec_retail_sell_price_exp__lvl|rt2|full|ctrl_foodcpi_t,0.09273855402616224,2.7916559272379753,90.0,,,,,,,,,,,,,,,,,,,,,,,,,,,,,,,,,,,,,,,,,,,,,,,,,,,,,,,,,,,,,,,,
O2,og~se_ec_retail_sell_price_exp__lvl|rt4|full|HAC4,0.09140985385248411,4.315678766895382,88.0,,,,,,,,,,,,,,,,,,,,,,,,,,,,,,,,,,,,,,,,,,,,,,,,,,,,,,,,,,,,,,,,
O2,og~se_ec_retail_sell_price_exp__lvl|rt4|exepi|HAC4,0.058914012734718066,1.9917922574569924,78.0,,,,,,,,,,,,,,,,,,,,,,,,,,,,,,,,,,,,,,,,,,,,,,,,,,,,,,,,,,,,,,,,
O2,og~se_ec_retail_sell_price_exp__lvl|rt4|exepi+excovid|HAC4,0.046806507691087115,1.8786503754994215,72.0,,,,,,,,,,,,,,,,,,,,,,,,,,,,,,,,,,,,,,,,,,,,,,,,,,,,,,,,,,,,,,,,
O2,og~se_ec_retail_sell_price_exp__lvl|rt4|full|HAC8,0.09140985385248411,5.37975530880111,88.0,,,,,,,,,,,,,,,,,,,,,,,,,,,,,,,,,,,,,,,,,,,,,,,,,,,,,,,,,,,,,,,,
O2,og~se_ec_retail_sell_price_exp__lvl|rt4|full|placebo,,4.315678766895382,,3.0287073848563186,0.005225393351506735,,,,,,,,,,,,,,,,,,,,,,,,,,,,,,,,,,,,,,,,,,,,,,,,,,,,,,,,,,,,,,
O2,og~se_ec_retail_sell_price_exp__lvl|rt4|exepi|placebo,,1.9917922574569924,,2.988912622852424,0.19151601117250427,,,,,,,,,,,,,,,,,,,,,,,,,,,,,,,,,,,,,,,,,,,,,,,,,,,,,,,,,,,,,,
O2,og~se_ec_retail_sell_price_exp__lvl|rt4|full|ctrl_foodcpi_t,0.04276709661339116,2.0245474239918186,88.0,,,,,,,,,,,,,,,,,,,,,,,,,,,,,,,,,,,,,,,,,,,,,,,,,,,,,,,,,,,,,,,,
O2,d_og~se_ec_retail_sell_price_exp__lvl|rt1|full|HAC4,0.06158419604452113,1.979266156497525,91.0,,,,,,,,,,,,,,,,,,,,,,,,,,,,,,,,,,,,,,,,,,,,,,,,,,,,,,,,,,,,,,,,
O2,d_og~se_ec_retail_sell_price_exp__lvl|rt1|exepi|HAC4,0.02205549145824424,0.42867718415108846,81.0,,,,,,,,,,,,,,,,,,,,,,,,,,,,,,,,,,,,,,,,,,,,,,,,,,,,,,,,,,,,,,,,
O2,d_og~se_ec_retail_sell_price_exp__lvl|rt1|exepi+excovid|HAC4,0.016390247358628554,0.32429557455463787,75.0,,,,,,,,,,,,,,,,,,,,,,,,,,,,,,,,,,,,,,,,,,,,,,,,,,,,,,,,,,,,,,,,
O2,d_og~se_ec_retail_sell_price_exp__lvl|rt1|full|HAC8,0.06158419604452113,2.2910446791201613,91.0,,,,,,,,,,,,,,,,,,,,,,,,,,,,,,,,,,,,,,,,,,,,,,,,,,,,,,,,,,,,,,,,
O2,d_og~se_ec_retail_sell_price_exp__lvl|rt1|full|placebo,,1.979266156497525,,2.2133717215988904,0.07966020466190327,,,,,,,,,,,,,,,,,,,,,,,,,,,,,,,,,,,,,,,,,,,,,,,,,,,,,,,,,,,,,,
O2,d_og~se_ec_retail_sell_price_exp__lvl|rt1|exepi|placebo,,0.42867718415108846,,2.2433873357319345,0.7080180023579266,,,,,,,,,,,,,,,,,,,,,,,,,,,,,,,,,,,,,,,,,,,,,,,,,,,,,,,,,,,,,,
O2,d_og~se_ec_retail_sell_price_exp__lvl|rt1|full|ctrl_og(t-4),0.134234428515581,8.768731030502837,91.0,,,,,,,,,,,,,,,,,,,,,,,,,,,,,,,,,,,,,,,,,,,,,,,,,,,,,,,,,,,,,,,,
O2,d_og~se_ec_retail_sell_price_exp__lvl|rt1|exepi|ctrl_og(t-4),0.10577429687787188,2.942804308688103,81.0,,,,,,,,,,,,,,,,,,,,,,,,,,,,,,,,,,,,,,,,,,,,,,,,,,,,,,,,,,,,,,,,
O2,d_og~se_ec_retail_sell_price_exp__lvl|rt2|full|HAC4,0.039767976954842556,1.5605953227578715,90.0,,,,,,,,,,,,,,,,,,,,,,,,,,,,,,,,,,,,,,,,,,,,,,,,,,,,,,,,,,,,,,,,
O2,d_og~se_ec_retail_sell_price_exp__lvl|rt2|exepi|HAC4,0.006453169964988866,0.1456114193336158,80.0,,,,,,,,,,,,,,,,,,,,,,,,,,,,,,,,,,,,,,,,,,,,,,,,,,,,,,,,,,,,,,,,
O2,d_og~se_ec_retail_sell_price_exp__lvl|rt2|exepi+excovid|HAC4,-0.009515333113439325,-0.22478298190180138,74.0,,,,,,,,,,,,,,,,,,,,,,,,,,,,,,,,,,,,,,,,,,,,,,,,,,,,,,,,,,,,,,,,
O2,d_og~se_ec_retail_sell_price_exp__lvl|rt2|full|HAC8,0.039767976954842556,1.7448111631486432,90.0,,,,,,,,,,,,,,,,,,,,,,,,,,,,,,,,,,,,,,,,,,,,,,,,,,,,,,,,,,,,,,,,
O2,d_og~se_ec_retail_sell_price_exp__lvl|rt2|full|placebo,,1.5605953227578715,,2.2094755303143074,0.16624809727749756,,,,,,,,,,,,,,,,,,,,,,,,,,,,,,,,,,,,,,,,,,,,,,,,,,,,,,,,,,,,,,
O2,d_og~se_ec_retail_sell_price_exp__lvl|rt2|exepi|placebo,,0.1456114193336158,,2.244514594884113,0.8988205819503419,,,,,,,,,,,,,,,,,,,,,,,,,,,,,,,,,,,,,,,,,,,,,,,,,,,,,,,,,,,,,,
O2,d_og~se_ec_retail_sell_price_exp__lvl|rt2|full|ctrl_og(t-4),0.132971573289226,7.6469146546184925,90.0,,,,,,,,,,,,,,,,,,,,,,,,,,,,,,,,,,,,,,,,,,,,,,,,,,,,,,,,,,,,,,,,
O2,d_og~se_ec_retail_sell_price_exp__lvl|rt2|exepi|ctrl_og(t-4),0.11234549884215406,3.1445863442308615,80.0,,,,,,,,,,,,,,,,,,,,,,,,,,,,,,,,,,,,,,,,,,,,,,,,,,,,,,,,,,,,,,,,
O2,d_og~se_ec_retail_sell_price_exp__lvl|rt4|full|HAC4,-0.020404008790915387,-0.793823689575074,88.0,,,,,,,,,,,,,,,,,,,,,,,,,,,,,,,,,,,,,,,,,,,,,,,,,,,,,,,,,,,,,,,,
O2,d_og~se_ec_retail_sell_price_exp__lvl|rt4|exepi|HAC4,-0.06581632162784203,-1.3305988210241686,78.0,,,,,,,,,,,,,,,,,,,,,,,,,,,,,,,,,,,,,,,,,,,,,,,,,,,,,,,,,,,,,,,,
O2,d_og~se_ec_retail_sell_price_exp__lvl|rt4|exepi+excovid|HAC4,-0.07602647497290138,-1.7360804879045277,72.0,,,,,,,,,,,,,,,,,,,,,,,,,,,,,,,,,,,,,,,,,,,,,,,,,,,,,,,,,,,,,,,,
O2,d_og~se_ec_retail_sell_price_exp__lvl|rt4|full|HAC8,-0.020404008790915387,-1.1016124319365799,88.0,,,,,,,,,,,,,,,,,,,,,,,,,,,,,,,,,,,,,,,,,,,,,,,,,,,,,,,,,,,,,,,,
O2,d_og~se_ec_retail_sell_price_exp__lvl|rt4|full|placebo,,-0.793823689575074,,2.2736382244709423,0.49378152164476496,,,,,,,,,,,,,,,,,,,,,,,,,,,,,,,,,,,,,,,,,,,,,,,,,,,,,,,,,,,,,,
O2,d_og~se_ec_retail_sell_price_exp__lvl|rt4|exepi|placebo,,-1.3305988210241686,,2.334800791025367,0.26400287667917266,,,,,,,,,,,,,,,,,,,,,,,,,,,,,,,,,,,,,,,,,,,,,,,,,,,,,,,,,,,,,,
O2,d_og~se_ec_retail_sell_price_exp__lvl|rt4|full|ctrl_og(t-4),0.12134262085490524,4.741450742097935,88.0,,,,,,,,,,,,,,,,,,,,,,,,,,,,,,,,,,,,,,,,,,,,,,,,,,,,,,,,,,,,,,,,
O2,d_og~se_ec_retail_sell_price_exp__lvl|rt4|exepi|ctrl_og(t-4),0.09629004639754311,2.6117526221708265,78.0,,,,,,,,,,,,,,,,,,,,,,,,,,,,,,,,,,,,,,,,,,,,,,,,,,,,,,,,,,,,,,,,
O2,OOS|ea_ec_food_ind_sell_price_exp__d4|og|h1|full2010,,,66.0,,,,,,,,,,,,,,,,,,,,,,,,,,,,,,,,,,,,,,,,,3.3514523769283886,3.289809974507412,0.9816072569476664,0.03644719310767808,1.3294433573520332,0.09185087075008469,,,,,,,,,,,,,,,,,,
O2,OOS|ea_ec_food_ind_sell_price_exp__d4|og|h1|exepi,,,56.0,,,,,,,,,,,,,,,,,,,,,,,,,,,,,,,,,,,,,,,,,2.913645250592197,2.9519868779897567,1.0131593327601454,-0.02649183355898299,0.03990676431936135,0.4840837291268434,,,,,,,,,,,,,,,,,,
O2,OOS|ea_ec_food_ind_sell_price_exp__d4|og|h1|excovid+exepi,,,50.0,,,,,,,,,,,,,,,,,,,,,,,,,,,,,,,,,,,,,,,,,2.558119904898054,2.6130686817414244,1.0214801412311283,-0.04342167892956583,-0.0836546434890184,0.5333344900342653,,,,,,,,,,,,,,,,,,
O2,OOS|ea_ec_food_ind_sell_price_exp__d4|og|h1|2015+,,,46.0,,,,,,,,,,,,,,,,,,,,,,,,,,,,,,,,,,,,,,,,,3.491795855332915,3.4146755986972037,0.9779138701599843,0.04368446254872127,1.305962047072815,0.0957827322359468,,,,,,,,,,,,,,,,,,
O2,OOS|ea_ec_food_ind_sell_price_exp__d4|d_og|h1|full2010,,,66.0,,,,,,,,,,,,,,,,,,,,,,,,,,,,,,,,,,,,,,,,,3.352970609442759,3.290263070825789,0.9812979158122143,0.03705440042260444,1.34453625284201,0.08938752076068979,,,,,,,,,,,,,,,,,,
O2,OOS|ea_ec_food_ind_sell_price_exp__d4|d_og|h1|exepi,,,56.0,,,,,,,,,,,,,,,,,,,,,,,,,,,,,,,,,,,,,,,,,2.904001046580148,2.9485817083442,1.0153514620170512,-0.03093859142016342,-0.1271304637501294,0.5505814297540956,,,,,,,,,,,,,,,,,,
O2,OOS|ea_ec_food_ind_sell_price_exp__d4|d_og|h1|excovid+exepi,,,50.0,,,,,,,,,,,,,,,,,,,,,,,,,,,,,,,,,,,,,,,,,2.52315370320402,2.584780334389458,1.0244244459254233,-0.04944544540961049,-0.22724592788007644,0.5898837417792596,,,,,,,,,,,,,,,,,,
O2,OOS|ea_ec_food_ind_sell_price_exp__d4|d_og|h1|2015+,,,46.0,,,,,,,,,,,,,,,,,,,,,,,,,,,,,,,,,,,,,,,,,3.5432978478792756,3.4508579591939106,0.9739113411702909,0.05149669953988534,1.4343160651412596,0.07574104391927661,,,,,,,,,,,,,,,,,,
O2,OOS|ea_ec_food_ind_sell_price_exp__d4|og|h2|full2010,,,66.0,,,,,,,,,,,,,,,,,,,,,,,,,,,,,,,,,,,,,,,,,3.6104284326465317,3.4454918779589927,0.9543166253633127,0.08927977855517855,1.744285986259088,0.040554617014152194,,,,,,,,,,,,,,,,,,
O2,OOS|ea_ec_food_ind_sell_price_exp__d4|og|h2|exepi,,,56.0,,,,,,,,,,,,,,,,,,,,,,,,,,,,,,,,,,,,,,,,,3.2255537855756793,3.2693537095471807,1.0135790400294578,-0.027342470387037077,1.1910986004611361,0.11680743961948026,,,,,,,,,,,,,,,,,,
O2,OOS|ea_ec_food_ind_sell_price_exp__d4|og|h2|excovid+exepi,,,50.0,,,,,,,,,,,,,,,,,,,,,,,,,,,,,,,,,,,,,,,,,3.032346644728353,3.0792002157932967,1.0154512582347395,-0.03114125785051547,1.2178506842578483,0.11164035981365994,,,,,,,,,,,,,,,,,,
O2,OOS|ea_ec_food_ind_sell_price_exp__d4|og|h2|2015+,,,46.0,,,,,,,,,,,,,,,,,,,,,,,,,,,,,,,,,,,,,,,,,3.5413105899715434,3.3569616144320187,0.9479432908083315,0.10140351741147102,1.5272920801435637,0.06334419898973609,,,,,,,,,,,,,,,,,,
O2,OOS|ea_ec_food_ind_sell_price_exp__d4|d_og|h2|full2010,,,66.0,,,,,,,,,,,,,,,,,,,,,,,,,,,,,,,,,,,,,,,,,3.5579971856734045,3.3781443213831093,0.9494510942800941,0.09854261957033184,1.757269702653901,0.03943592469632695,,,,,,,,,,,,,,,,,,
O2,OOS|ea_ec_food_ind_sell_price_exp__d4|d_og|h2|exepi,,,56.0,,,,,,,,,,,,,,,,,,,,,,,,,,,,,,,,,,,,,,,,,3.179181049568996,3.2080389311882507,1.0090771431916932,-0.018236680911908776,1.1228156429234468,0.13075790014500088,,,,,,,,,,,,,,,,,,
O2,OOS|ea_ec_food_ind_sell_price_exp__d4|d_og|h2|excovid+exepi,,,50.0,,,,,,,,,,,,,,,,,,,,,,,,,,,,,,,,,,,,,,,,,2.971342487646024,2.996918277251101,1.0086074862495367,-0.01728906131860919,1.1687750661688554,0.12124713433887158,,,,,,,,,,,,,,,,,,
O2,OOS|ea_ec_food_ind_sell_price_exp__d4|d_og|h2|2015+,,,46.0,,,,,,,,,,,,,,,,,,,,,,,,,,,,,,,,,,,,,,,,,3.5493623875254023,3.3090930108003147,0.9323063270266403,0.13080491258609528,1.736790799860178,0.041212051783089065,,,,,,,,,,,,,,,,,,
O2,OOS|w_ec_food_ind_sell_price_exp_lvl|og|h1|full2010,,,66.0,,,,,,,,,,,,,,,,,,,,,,,,,,,,,,,,,,,,,,,,,3.3514523769283886,3.2359346154299002,0.9655320295482281,0.06774789991647945,1.4039160882170634,0.08017191915672939,,,,,,,,,,,,,,,,,,
O2,OOS|w_ec_food_ind_sell_price_exp_lvl|og|h1|exepi,,,56.0,,,,,,,,,,,,,,,,,,,,,,,,,,,,,,,,,,,,,,,,,2.913645250592197,2.974472752703909,1.020876770121328,-0.042189379773354574,0.2884564262441329,0.3864986901899037,,,,,,,,,,,,,,,,,,
O2,OOS|w_ec_food_ind_sell_price_exp_lvl|og|h1|excovid+exepi,,,50.0,,,,,,,,,,,,,,,,,,,,,,,,,,,,,,,,,,,,,,,,,2.558119904898054,2.6212464764223147,1.0246769400462394,-0.04996283146252467,0.4129341029060339,0.3398274472236914,,,,,,,,,,,,,,,,,,
O2,OOS|w_ec_food_ind_sell_price_exp_lvl|og|h1|2015+,,,46.0,,,,,,,,,,,,,,,,,,,,,,,,,,,,,,,,,,,,,,,,,3.491795855332915,3.2825204299540878,0.9400665348006507,0.11627491014789693,1.5334382986751423,0.06258394918370325,,,,,,,,,,,,,,,,,,
O2,OOS|w_ec_food_ind_sell_price_exp_lvl|d_og|h1|full2010,,,66.0,,,,,,,,,,,,,,,,,,,,,,,,,,,,,,,,,,,,,,,,,3.352970609442759,3.208627895649265,0.9569507965900474,0.08424517290567368,1.5538790472821138,0.06010663525237381,,,,,,,,,,,,,,,,,,
O2,OOS|w_ec_food_ind_sell_price_exp_lvl|d_og|h1|exepi,,,56.0,,,,,,,,,,,,,,,,,,,,,,,,,,,,,,,,,,,,,,,,,2.904001046580148,2.9302746348465463,1.0090473756190064,-0.018176606243604176,0.6601243945907431,0.2545870025883067,,,,,,,,,,,,,,,,,,
O2,OOS|w_ec_food_ind_sell_price_exp_lvl|d_og|h1|excovid+exepi,,,50.0,,,,,,,,,,,,,,,,,,,,,,,,,,,,,,,,,,,,,,,,,2.52315370320402,2.5390708534299957,1.006308434641046,-0.01265666562971246,0.8542862157580311,0.19647321142001506,,,,,,,,,,,,,,,,,,
O2,OOS|w_ec_food_ind_sell_price_exp_lvl|d_og|h1|2015+,,,46.0,,,,,,,,,,,,,,,,,,,,,,,,,,,,,,,,,,,,,,,,,3.5432978478792756,3.3245113491534717,0.9382534271408339,0.11968050645847983,1.6024124808072235,0.05453221336278846,,,,,,,,,,,,,,,,,,
O2,OOS|w_ec_food_ind_sell_price_exp_lvl|og|h2|full2010,,,66.0,,,,,,,,,,,,,,,,,,,,,,,,,,,,,,,,,,,,,,,,,3.6104284326465317,3.4309609157691745,0.9502919057321396,0.0969452938999783,1.5353702219960856,0.06234645698262109,,,,,,,,,,,,,,,,,,
O2,OOS|w_ec_food_ind_sell_price_exp_lvl|og|h2|exepi,,,56.0,,,,,,,,,,,,,,,,,,,,,,,,,,,,,,,,,,,,,,,,,3.2255537855756793,3.274171582549661,1.015072697653158,-0.030372581520859754,0.8384442894759733,0.2008906119945415,,,,,,,,,,,,,,,,,,
O2,OOS|w_ec_food_ind_sell_price_exp_lvl|og|h2|excovid+exepi,,,50.0,,,,,,,,,,,,,,,,,,,,,,,,,,,,,,,,,,,,,,,,,3.032346644728353,3.126452049132838,1.0310338544467152,-0.06303080901525049,0.6096910240715743,0.2710332507893368,,,,,,,,,,,,,,,,,,
O2,OOS|w_ec_food_ind_sell_price_exp_lvl|og|h2|2015+,,,46.0,,,,,,,,,,,,,,,,,,,,,,,,,,,,,,,,,,,,,,,,,3.5413105899715434,3.2536788607905804,0.9187781693039033,0.15584667561056798,1.3575728407531087,0.08729963287061593,,,,,,,,,,,,,,,,,,
O2,OOS|w_ec_food_ind_sell_price_exp_lvl|d_og|h2|full2010,,,66.0,,,,,,,,,,,,,,,,,,,,,,,,,,,,,,,,,,,,,,,,,3.5579971856734045,3.325952317972721,0.9347821665978172,0.12618230101069072,1.6642283919241283,0.04803339813655849,,,,,,,,,,,,,,,,,,
O2,OOS|w_ec_food_ind_sell_price_exp_lvl|d_og|h2|exepi,,,56.0,,,,,,,,,,,,,,,,,,,,,,,,,,,,,,,,,,,,,,,,,3.179181049568996,3.1715361858877436,0.9975953355401735,0.0048035465084885764,1.2283560597365586,0.10965666753621539,,,,,,,,,,,,,,,,,,
O2,OOS|w_ec_food_ind_sell_price_exp_lvl|d_og|h2|excovid+exepi,,,50.0,,,,,,,,,,,,,,,,,,,,,,,,,,,,,,,,,,,,,,,,,2.971342487646024,3.001339585495147,1.0100954696316033,-0.02029285777028922,0.9867381341061995,0.16188551515795946,,,,,,,,,,,,,,,,,,
O2,OOS|w_ec_food_ind_sell_price_exp_lvl|d_og|h2|2015+,,,46.0,,,,,,,,,,,,,,,,,,,,,,,,,,,,,,,,,,,,,,,,,3.5493623875254023,3.2192969260324844,0.9070071112904766,0.17733810006850492,1.4654345229497752,0.07140120214328705,,,,,,,,,,,,,,,,,,
O2,OOS|w_ec_food_ind_sell_price_exp_d4|og|h1|full2010,,,66.0,,,,,,,,,,,,,,,,,,,,,,,,,,,,,,,,,,,,,,,,,3.3514523769283886,3.3135594183215957,0.9886935709223708,0.022485022816771005,1.4569191599206655,0.07256934824349448,,,,,,,,,,,,,,,,,,
O2,OOS|w_ec_food_ind_sell_price_exp_d4|og|h1|exepi,,,56.0,,,,,,,,,,,,,,,,,,,,,,,,,,,,,,,,,,,,,,,,,2.913645250592197,2.9498921834911846,1.0124404070439326,-0.02503557781528376,0.32532145174768395,0.37246889848642617,,,,,,,,,,,,,,,,,,
O2,OOS|w_ec_food_ind_sell_price_exp_d4|og|h1|excovid+exepi,,,50.0,,,,,,,,,,,,,,,,,,,,,,,,,,,,,,,,,,,,,,,,,2.558119904898054,2.557217044058282,0.9996470607816142,0.0007057538706796151,1.3410703431382627,0.08994880752326462,,,,,,,,,,,,,,,,,,
O2,OOS|w_ec_food_ind_sell_price_exp_d4|og|h1|2015+,,,46.0,,,,,,,,,,,,,,,,,,,,,,,,,,,,,,,,,,,,,,,,,3.491795855332915,3.4467714823523306,0.9871056685883225,0.02562239904080088,1.4031962312754402,0.08027916556211578,,,,,,,,,,,,,,,,,,
O2,OOS|w_ec_food_ind_sell_price_exp_d4|d_og|h1|full2010,,,66.0,,,,,,,,,,,,,,,,,,,,,,,,,,,,,,,,,,,,,,,,,3.352970609442759,3.311885782494449,0.9877467381215316,0.024356381330274512,1.4222926667920408,0.07747065342567905,,,,,,,,,,,,,,,,,,
O2,OOS|w_ec_food_ind_sell_price_exp_d4|d_og|h1|exepi,,,56.0,,,,,,,,,,,,,,,,,,,,,,,,,,,,,,,,,,,,,,,,,2.904001046580148,2.93605336361548,1.0110372952768314,-0.022196412440690816,0.2656548170634588,0.39525253201359434,,,,,,,,,,,,,,,,,,
O2,OOS|w_ec_food_ind_sell_price_exp_d4|d_og|h1|excovid+exepi,,,50.0,,,,,,,,,,,,,,,,,,,,,,,,,,,,,,,,,,,,,,,,,2.52315370320402,2.521098137344861,0.9991853188109195,0.001628698672721085,1.1224953535852191,0.1308259410149475,,,,,,,,,,,,,,,,,,
O2,OOS|w_ec_food_ind_sell_price_exp_d4|d_og|h1|2015+,,,46.0,,,,,,,,,,,,,,,,,,,,,,,,,,,,,,,,,,,,,,,,,3.5432978478792756,3.4836896032723796,0.9831771848808667,0.03336262312973404,1.482835954230218,0.06905900046138569,,,,,,,,,,,,,,,,,,
O2,OOS|w_ec_food_ind_sell_price_exp_d4|og|h2|full2010,,,66.0,,,,,,,,,,,,,,,,,,,,,,,,,,,,,,,,,,,,,,,,,3.6104284326465317,3.4167092710401215,0.9463445501772737,0.10443199234977352,2.3132758066447954,0.010353739988723465,,,,,,,,,,,,,,,,,,
O2,OOS|w_ec_food_ind_sell_price_exp_d4|og|h2|exepi,,,56.0,,,,,,,,,,,,,,,,,,,,,,,,,,,,,,,,,,,,,,,,,3.2255537855756793,3.171872699111415,0.9833575596524479,0.0330079098743824,2.2265327475622994,0.012989259000846132,,,,,,,,,,,,,,,,,,
O2,OOS|w_ec_food_ind_sell_price_exp_d4|og|h2|excovid+exepi,,,50.0,,,,,,,,,,,,,,,,,,,,,,,,,,,,,,,,,,,,,,,,,3.032346644728353,2.997798697506822,0.9886068608674435,0.022656474645819102,2.0195051041958223,0.021717373666913287,,,,,,,,,,,,,,,,,,
O2,OOS|w_ec_food_ind_sell_price_exp_d4|og|h2|2015+,,,46.0,,,,,,,,,,,,,,,,,,,,,,,,,,,,,,,,,,,,,,,,,3.5413105899715434,3.3793404769513367,0.9542626638061961,0.08938276846550286,1.7679963800277465,0.03853075441840359,,,,,,,,,,,,,,,,,,
O2,OOS|w_ec_food_ind_sell_price_exp_d4|d_og|h2|full2010,,,66.0,,,,,,,,,,,,,,,,,,,,,,,,,,,,,,,,,,,,,,,,,3.5579971856734045,3.3661552998870796,0.946081495916075,0.10492980308520172,2.1569455782326896,0.015504952526792737,,,,,,,,,,,,,,,,,,
O2,OOS|w_ec_food_ind_sell_price_exp_d4|d_og|h2|exepi,,,56.0,,,,,,,,,,,,,,,,,,,,,,,,,,,,,,,,,,,,,,,,,3.179181049568996,3.1194885482472228,0.9812239377402349,0.03719958400554768,1.9287058961460677,0.02688369193021478,,,,,,,,,,,,,,,,,,
O2,OOS|w_ec_food_ind_sell_price_exp_d4|d_og|h2|excovid+exepi,,,50.0,,,,,,,,,,,,,,,,,,,,,,,,,,,,,,,,,,,,,,,,,2.971342487646024,2.9246317404348905,0.9842795815678121,0.031193705308692588,1.755635038201982,0.03957537273764988,,,,,,,,,,,,,,,,,,
O2,OOS|w_ec_food_ind_sell_price_exp_d4|d_og|h2|2015+,,,46.0,,,,,,,,,,,,,,,,,,,,,,,,,,,,,,,,,,,,,,,,,3.5493623875254023,3.349353772023173,0.9436494238499906,0.1095257648675807,1.8068287079361507,0.035394495548111804,,,,,,,,,,,,,,,,,,
O2,OOS|no_ssb_bts_consgoods_home_price_exp__lvl|og|h1|full2010,,,66.0,,,,,,,,,,,,,,,,,,,,,,,,,,,,,,,,,,,,,,,,,3.3514523769283886,3.222833587464944,0.961622969686556,0.07528126417120895,1.314377188745294,0.09435965153350856,,,,,,,,,,,,,,,,,,
O2,OOS|no_ssb_bts_consgoods_home_price_exp__lvl|og|h1|exepi,,,56.0,,,,,,,,,,,,,,,,,,,,,,,,,,,,,,,,,,,,,,,,,2.913645250592197,3.0472607591982435,1.0458585370263895,-0.09382007947097981,-0.4968596636290474,0.6903559910965167,,,,,,,,,,,,,,,,,,
O2,OOS|no_ssb_bts_consgoods_home_price_exp__lvl|og|h1|excovid+exepi,,,50.0,,,,,,,,,,,,,,,,,,,,,,,,,,,,,,,,,,,,,,,,,2.558119904898054,2.7089424811348124,1.0589583685846693,-0.12139282639550442,-0.327291159366759,0.6282761608145462,,,,,,,,,,,,,,,,,,
O2,OOS|no_ssb_bts_consgoods_home_price_exp__lvl|og|h1|2015+,,,46.0,,,,,,,,,,,,,,,,,,,,,,,,,,,,,,,,,,,,,,,,,3.491795855332915,3.3016199475039207,0.9455363613143236,0.1059609894324689,1.355326983361573,0.08765670082076704,,,,,,,,,,,,,,,,,,
O2,OOS|no_ssb_bts_consgoods_home_price_exp__lvl|d_og|h1|full2010,,,66.0,,,,,,,,,,,,,,,,,,,,,,,,,,,,,,,,,,,,,,,,,3.352970609442759,3.2482551645272055,0.968769351982791,0.06148594265884322,1.2622036863016648,0.10343775130273425,,,,,,,,,,,,,,,,,,
O2,OOS|no_ssb_bts_consgoods_home_price_exp__lvl|d_og|h1|exepi,,,56.0,,,,,,,,,,,,,,,,,,,,,,,,,,,,,,,,,,,,,,,,,2.904001046580148,3.019917765157469,1.039916211019906,-0.0814257259419977,-0.7556605564808677,0.7750736307265054,,,,,,,,,,,,,,,,,,
O2,OOS|no_ssb_bts_consgoods_home_price_exp__lvl|d_og|h1|excovid+exepi,,,50.0,,,,,,,,,,,,,,,,,,,,,,,,,,,,,,,,,,,,,,,,,2.52315370320402,2.6597590047066633,1.0541406975441787,-0.1112126102189277,-0.6026940551461716,0.7266438814557707,,,,,,,,,,,,,,,,,,
O2,OOS|no_ssb_bts_consgoods_home_price_exp__lvl|d_og|h1|2015+,,,46.0,,,,,,,,,,,,,,,,,,,,,,,,,,,,,,,,,,,,,,,,,3.5432978478792756,3.3909598923347644,0.957006731557809,0.08413811575303964,1.3063310580742002,0.09571999980712331,,,,,,,,,,,,,,,,,,
O2,OOS|no_ssb_bts_consgoods_home_price_exp__lvl|og|h2|full2010,,,66.0,,,,,,,,,,,,,,,,,,,,,,,,,,,,,,,,,,,,,,,,,3.6104284326465317,3.251904141171413,0.9006975769874735,0.1887438748088942,1.5666089215346317,0.05860306561289608,,,,,,,,,,,,,,,,,,
O2,OOS|no_ssb_bts_consgoods_home_price_exp__lvl|og|h2|exepi,,,56.0,,,,,,,,,,,,,,,,,,,,,,,,,,,,,,,,,,,,,,,,,3.2255537855756793,3.2615475628705304,1.011158945002192,-0.02244241205794606,0.9016798677268001,0.18361347525898686,,,,,,,,,,,,,,,,,,
O2,OOS|no_ssb_bts_consgoods_home_price_exp__lvl|og|h2|excovid+exepi,,,50.0,,,,,,,,,,,,,,,,,,,,,,,,,,,,,,,,,,,,,,,,,3.032346644728353,3.1163678103666133,1.0277082983847934,-0.056184346568967536,0.6105906278679719,0.27073531440985477,,,,,,,,,,,,,,,,,,
O2,OOS|no_ssb_bts_consgoods_home_price_exp__lvl|og|h2|2015+,,,46.0,,,,,,,,,,,,,,,,,,,,,,,,,,,,,,,,,,,,,,,,,3.5413105899715434,2.9924618644993237,0.8450153660550204,0.2859490311309,1.570003005337579,0.05820720605091334,,,,,,,,,,,,,,,,,,
O2,OOS|no_ssb_bts_consgoods_home_price_exp__lvl|d_og|h2|full2010,,,66.0,,,,,,,,,,,,,,,,,,,,,,,,,,,,,,,,,,,,,,,,,3.5579971856734045,3.2542680666209147,0.9146348062681212,0.16344317116287632,1.5226240454482853,0.06392639521608368,,,,,,,,,,,,,,,,,,
O2,OOS|no_ssb_bts_consgoods_home_price_exp__lvl|d_og|h2|exepi,,,56.0,,,,,,,,,,,,,,,,,,,,,,,,,,,,,,,,,,,,,,,,,3.179181049568996,3.2196176950548225,1.0127192018495796,-0.025600181794849686,0.7537274334235116,0.2255064527541104,,,,,,,,,,,,,,,,,,
O2,OOS|no_ssb_bts_consgoods_home_price_exp__lvl|d_og|h2|excovid+exepi,,,50.0,,,,,,,,,,,,,,,,,,,,,,,,,,,,,,,,,,,,,,,,,2.971342487646024,3.05219705606672,1.0272114603943725,-0.05516338436553947,0.46421795410581473,0.32124579957176524,,,,,,,,,,,,,,,,,,
O2,OOS|no_ssb_bts_consgoods_home_price_exp__lvl|d_og|h2|2015+,,,46.0,,,,,,,,,,,,,,,,,,,,,,,,,,,,,,,,,,,,,,,,,3.5493623875254023,3.0857594294341375,0.869384157638948,0.24417118644641678,1.545886531405531,0.06106598694469356,,,,,,,,,,,,,,,,,,
O2,OOS|no_ssb_bts_consgoods_home_price_exp__d4|og|h1|full2010,,,66.0,,,,,,,,,,,,,,,,,,,,,,,,,,,,,,,,,,,,,,,,,3.3514523769283886,3.3113534278424557,0.9880353516696294,0.023786143851071695,1.1099060841390083,0.13351974923623633,,,,,,,,,,,,,,,,,,
O2,OOS|no_ssb_bts_consgoods_home_price_exp__d4|og|h1|exepi,,,56.0,,,,,,,,,,,,,,,,,,,,,,,,,,,,,,,,,,,,,,,,,2.913645250592197,2.979730796058667,1.0226813972816484,-0.04587724034594487,-1.0442752284773718,0.8518209648623072,,,,,,,,,,,,,,,,,,
O2,OOS|no_ssb_bts_consgoods_home_price_exp__d4|og|h1|excovid+exepi,,,50.0,,,,,,,,,,,,,,,,,,,,,,,,,,,,,,,,,,,,,,,,,2.558119904898054,2.600322597317258,1.0164975427220586,-0.033267254359983456,-0.15120641609867205,0.560093555412245,,,,,,,,,,,,,,,,,,
O2,OOS|no_ssb_bts_consgoods_home_price_exp__d4|og|h1|2015+,,,46.0,,,,,,,,,,,,,,,,,,,,,,,,,,,,,,,,,,,,,,,,,3.491795855332915,3.4418141794149606,0.9856859684847787,0.028423171532223734,1.0534724152489434,0.14606226517521326,,,,,,,,,,,,,,,,,,
O2,OOS|no_ssb_bts_consgoods_home_price_exp__d4|d_og|h1|full2010,,,66.0,,,,,,,,,,,,,,,,,,,,,,,,,,,,,,,,,,,,,,,,,3.352970609442759,3.322754136354996,0.9909881485382943,0.017942489456643562,1.0561184920771176,0.1454570414672256,,,,,,,,,,,,,,,,,,
O2,OOS|no_ssb_bts_consgoods_home_price_exp__d4|d_og|h1|exepi,,,56.0,,,,,,,,,,,,,,,,,,,,,,,,,,,,,,,,,,,,,,,,,2.904001046580148,2.956847698269203,1.0181978762546555,-0.036726915209490896,-1.0973284814009137,0.8637510876189185,,,,,,,,,,,,,,,,,,
O2,OOS|no_ssb_bts_consgoods_home_price_exp__d4|d_og|h1|excovid+exepi,,,50.0,,,,,,,,,,,,,,,,,,,,,,,,,,,,,,,,,,,,,,,,,2.52315370320402,2.568833270220187,1.0181041555091,-0.03653607146489746,-0.5365461934251767,0.7042094402044355,,,,,,,,,,,,,,,,,,
O2,OOS|no_ssb_bts_consgoods_home_price_exp__d4|d_og|h1|2015+,,,46.0,,,,,,,,,,,,,,,,,,,,,,,,,,,,,,,,,,,,,,,,,3.5432978478792756,3.4935531305612813,0.9859608987294796,0.027881106176556925,1.163098972919686,0.1223946743957961,,,,,,,,,,,,,,,,,,
O2,OOS|no_ssb_bts_consgoods_home_price_exp__d4|og|h2|full2010,,,66.0,,,,,,,,,,,,,,,,,,,,,,,,,,,,,,,,,,,,,,,,,3.6104284326465317,3.2370423102340826,0.896581214839717,0.1961421251965373,2.3120150425433823,0.010388427182752125,,,,,,,,,,,,,,,,,,
O2,OOS|no_ssb_bts_consgoods_home_price_exp__d4|og|h2|exepi,,,56.0,,,,,,,,,,,,,,,,,,,,,,,,,,,,,,,,,,,,,,,,,3.2255537855756793,3.04061530013416,0.942664578631879,0.11138349219278199,2.5415242077677234,0.005518515146974767,,,,,,,,,,,,,,,,,,
O2,OOS|no_ssb_bts_consgoods_home_price_exp__d4|og|h2|excovid+exepi,,,50.0,,,,,,,,,,,,,,,,,,,,,,,,,,,,,,,,,,,,,,,,,3.032346644728353,2.8755761239063373,0.9483005938339679,0.10072598373414376,2.2371877271833625,0.012637036573665328,,,,,,,,,,,,,,,,,,
O2,OOS|no_ssb_bts_consgoods_home_price_exp__d4|og|h2|2015+,,,46.0,,,,,,,,,,,,,,,,,,,,,,,,,,,,,,,,,,,,,,,,,3.5413105899715434,3.104886757562545,0.8767620570630307,0.23128829529460293,2.008380712640814,0.02230142543266911,,,,,,,,,,,,,,,,,,
O2,OOS|no_ssb_bts_consgoods_home_price_exp__d4|d_og|h2|full2010,,,66.0,,,,,,,,,,,,,,,,,,,,,,,,,,,,,,,,,,,,,,,,,3.5579971856734045,3.268221691790866,0.9185565702386316,0.15625382727144188,2.2533519858561353,0.012118482180666357,,,,,,,,,,,,,,,,,,
O2,OOS|no_ssb_bts_consgoods_home_price_exp__d4|d_og|h2|exepi,,,56.0,,,,,,,,,,,,,,,,,,,,,,,,,,,,,,,,,,,,,,,,,3.179181049568996,3.047981781320841,0.958731740595289,0.0808334495751275,2.2832346144628346,0.011208276093390923,,,,,,,,,,,,,,,,,,
O2,OOS|no_ssb_bts_consgoods_home_price_exp__d4|d_og|h2|excovid+exepi,,,50.0,,,,,,,,,,,,,,,,,,,,,,,,,,,,,,,,,,,,,,,,,2.971342487646024,2.855738886532102,0.9610938148010308,0.07629867915120181,2.013467199724878,0.02203275112866121,,,,,,,,,,,,,,,,,,
O2,OOS|no_ssb_bts_consgoods_home_price_exp__d4|d_og|h2|2015+,,,46.0,,,,,,,,,,,,,,,,,,,,,,,,,,,,,,,,,,,,,,,,,3.5493623875254023,3.1782904612047043,0.8954539193786274,0.19816227826945465,2.106179056365509,0.017594400847065095,,,,,,,,,,,,,,,,,,
O2,OOS|se_ec_retail_sell_price_exp__lvl|og|h1|full2010,,,66.0,,,,,,,,,,,,,,,,,,,,,,,,,,,,,,,,,,,,,,,,,3.394259062479923,3.0298681751347,0.8926449393998257,0.20318501216388152,1.7848934236991638,0.0371393027848258,,,,,,,,,,,,,,,,,,
O2,OOS|se_ec_retail_sell_price_exp__lvl|og|h1|exepi,,,56.0,,,,,,,,,,,,,,,,,,,,,,,,,,,,,,,,,,,,,,,,,2.9433058611193723,2.890873486342645,0.9821858898630444,0.035310877753939485,1.8032741698494652,0.03567258357511682,,,,,,,,,,,,,,,,,,
O2,OOS|se_ec_retail_sell_price_exp__lvl|og|h1|excovid+exepi,,,50.0,,,,,,,,,,,,,,,,,,,,,,,,,,,,,,,,,,,,,,,,,2.591182751408751,2.611954466930239,1.0080163066500016,-0.01609687447231023,1.3155759563379894,0.09415820396950625,,,,,,,,,,,,,,,,,,
O2,OOS|se_ec_retail_sell_price_exp__lvl|og|h1|2015+,,,46.0,,,,,,,,,,,,,,,,,,,,,,,,,,,,,,,,,,,,,,,,,3.577100884086556,2.9934027906276084,0.8368236981921184,0.29972609814406626,2.0008779564100543,0.022702771831417445,,,,,,,,,,,,,,,,,,
O2,OOS|se_ec_retail_sell_price_exp__lvl|d_og|h1|full2010,,,66.0,,,,,,,,,,,,,,,,,,,,,,,,,,,,,,,,,,,,,,,,,3.3896627623722786,3.0329264947748196,0.8947575931277025,0.19940884954032068,1.8102285146982846,0.035130178699992576,,,,,,,,,,,,,,,,,,
O2,OOS|se_ec_retail_sell_price_exp__lvl|d_og|h1|exepi,,,56.0,,,,,,,,,,,,,,,,,,,,,,,,,,,,,,,,,,,,,,,,,2.936982264606776,2.8776013354785306,0.9797816521250953,0.04002791415901874,1.9596737142076235,0.02501696969633993,,,,,,,,,,,,,,,,,,
O2,OOS|se_ec_retail_sell_price_exp__lvl|d_og|h1|excovid+exepi,,,50.0,,,,,,,,,,,,,,,,,,,,,,,,,,,,,,,,,,,,,,,,,2.5656610568239353,2.5681253308496395,1.0009604830767298,-0.0019218886812002456,1.4650270861466832,0.07145676398445155,,,,,,,,,,,,,,,,,,
O2,OOS|se_ec_retail_sell_price_exp__lvl|d_og|h1|2015+,,,46.0,,,,,,,,,,,,,,,,,,,,,,,,,,,,,,,,,,,,,,,,,3.6005667018373346,3.044275425893675,0.845498966687719,0.28513149732999954,2.021887479523274,0.02159398876543539,,,,,,,,,,,,,,,,,,
O2,OOS|se_ec_retail_sell_price_exp__lvl|og|h2|full2010,,,66.0,,,,,,,,,,,,,,,,,,,,,,,,,,,,,,,,,,,,,,,,,3.6831540317943836,3.266769832754416,0.8869490128716907,0.2133214485659335,1.6809874980668043,0.04638267146900121,,,,,,,,,,,,,,,,,,
O2,OOS|se_ec_retail_sell_price_exp__lvl|og|h2|exepi,,,56.0,,,,,,,,,,,,,,,,,,,,,,,,,,,,,,,,,,,,,,,,,3.3172787508020725,3.2470847016325806,0.9788398701337595,0.04187250863652481,1.7811548130246866,0.037443581642692236,,,,,,,,,,,,,,,,,,
O2,OOS|se_ec_retail_sell_price_exp__lvl|og|h2|excovid+exepi,,,50.0,,,,,,,,,,,,,,,,,,,,,,,,,,,,,,,,,,,,,,,,,3.1512076142169256,3.133545485740656,0.9943951238259944,0.01117833771108534,1.3695001251482029,0.08542149785477182,,,,,,,,,,,,,,,,,,
O2,OOS|se_ec_retail_sell_price_exp__lvl|og|h2|2015+,,,46.0,,,,,,,,,,,,,,,,,,,,,,,,,,,,,,,,,,,,,,,,,3.624990311614965,2.90178040740682,0.800493286315585,0.3592104985636748,1.919830054133615,0.027439684651626495,,,,,,,,,,,,,,,,,,
O2,OOS|se_ec_retail_sell_price_exp__lvl|d_og|h2|full2010,,,66.0,,,,,,,,,,,,,,,,,,,,,,,,,,,,,,,,,,,,,,,,,3.6226869807648394,3.291259593314276,0.9085133799275722,0.17460343849257887,1.6081805469428092,0.05389782117936748,,,,,,,,,,,,,,,,,,
O2,OOS|se_ec_retail_sell_price_exp__lvl|d_og|h2|exepi,,,56.0,,,,,,,,,,,,,,,,,,,,,,,,,,,,,,,,,,,,,,,,,3.2558398161042126,3.2163267054330644,0.987863926696975,0.024124862330833663,1.3143740051525874,0.09436018694493986,,,,,,,,,,,,,,,,,,
O2,OOS|se_ec_retail_sell_price_exp__lvl|d_og|h2|excovid+exepi,,,50.0,,,,,,,,,,,,,,,,,,,,,,,,,,,,,,,,,,,,,,,,,3.0795018227816575,3.0861193808711973,1.0021489053978094,-0.004302428590027496,0.8215212070753783,0.2056747247488908,,,,,,,,,,,,,,,,,,
O2,OOS|se_ec_retail_sell_price_exp__lvl|d_og|h2|2015+,,,46.0,,,,,,,,,,,,,,,,,,,,,,,,,,,,,,,,,,,,,,,,,3.618786225233132,3.0407218606328006,0.8402601511607415,0.29396287837132784,1.8742793007879237,0.03044596948593936,,,,,,,,,,,,,,,,,,
O3,og~w_real_wage_yoy|coin|full,-0.8078500692169005,-5.193734332033529,102.0,,,,,,,,,,,,,,,,,,,,,,,,,,,,,,,,,,,,,,,,,,,,,,,,,,,,,,,,,,,,,,,,
O3,og~w_real_wage_yoy|coin|full|ctrl_foodcpi,-0.46329237639364523,-1.8343820679837253,102.0,,,,,,,,,,,,,,,,,,,,,,,,,,,,,,,,,,,,,,,,,,,,,,,2.2212924782138215,,,,,,,,,,,,,,,,,
O3,vol_proxy~w_real_wage_yoy|coin|full,0.18771431575709188,0.6270722324539836,102.0,,,,,,,,,,,,,,,,,,,,,,,,,,,,,,,,,,,,,,,,,,,,,,,,,,,,,,,,,,,,,,,,
O3,og~w_real_wage_yoy|coin|exepi,-0.28187761500590935,-0.9677512527452782,92.0,,,,,,,,,,,,,,,,,,,,,,,,,,,,,,,,,,,,,,,,,,,,,,,,,,,,,,,,,,,,,,,,
O3,og~w_real_wage_yoy|coin|exepi|ctrl_foodcpi,-0.34398047616648186,-1.1689022823503783,92.0,,,,,,,,,,,,,,,,,,,,,,,,,,,,,,,,,,,,,,,,,,,,,,,2.816026569592172,,,,,,,,,,,,,,,,,
O3,vol_proxy~w_real_wage_yoy|coin|exepi,-0.3809038557065104,-1.2460333831855737,92.0,,,,,,,,,,,,,,,,,,,,,,,,,,,,,,,,,,,,,,,,,,,,,,,,,,,,,,,,,,,,,,,,
O3,og~w_real_wage_yoy|coin|exepi+excovid,-0.3936257694629461,-1.345368059047112,86.0,,,,,,,,,,,,,,,,,,,,,,,,,,,,,,,,,,,,,,,,,,,,,,,,,,,,,,,,,,,,,,,,
O3,og~w_real_wage_yoy|coin|exepi+excovid|ctrl_foodcpi,-0.41222181343371855,-1.3915839543215156,86.0,,,,,,,,,,,,,,,,,,,,,,,,,,,,,,,,,,,,,,,,,,,,,,,2.6129830405391745,,,,,,,,,,,,,,,,,
O3,vol_proxy~w_real_wage_yoy|coin|exepi+excovid,-0.42504306249786183,-1.3646622780530866,86.0,,,,,,,,,,,,,,,,,,,,,,,,,,,,,,,,,,,,,,,,,,,,,,,,,,,,,,,,,,,,,,,,
O3,og~w_real_wage_yoy|coin|full|placebo,,-5.193734332033529,,2.632569261179561,0.00011028764247011935,,,,,,,,,,,,,,,,,,,,,,,,,,,,,,,,,,,,,,,,,,,,,,,,,,,,,,,,,,,,,,
O3,og~w_real_wage_yoy|rt0|full,-0.8569207279187802,-7.6156153167374026,102.0,,,,,,,,,,,,,,,,,,,,,,,,,,,,,,,,,,,,,,,,,,,,,,,,,,,,,,,,,,,,,,,,
O3,og~w_real_wage_yoy|rt0|full|ctrl_foodcpi,-0.5473298506525289,-2.540243474691383,102.0,,,,,,,,,,,,,,,,,,,,,,,,,,,,,,,,,,,,,,,,,,,,,,,1.9339871249497225,,,,,,,,,,,,,,,,,
O3,vol_proxy~w_real_wage_yoy|rt0|full,0.21246390806539583,0.7052662738430554,102.0,,,,,,,,,,,,,,,,,,,,,,,,,,,,,,,,,,,,,,,,,,,,,,,,,,,,,,,,,,,,,,,,
O3,og~w_real_wage_yoy|rt0|exepi,-0.5296549101528849,-2.3303347890960584,92.0,,,,,,,,,,,,,,,,,,,,,,,,,,,,,,,,,,,,,,,,,,,,,,,,,,,,,,,,,,,,,,,,
O3,og~w_real_wage_yoy|rt0|exepi|ctrl_foodcpi,-0.6069311836194704,-2.633808987357946,92.0,,,,,,,,,,,,,,,,,,,,,,,,,,,,,,,,,,,,,,,,,,,,,,,2.9744140807851056,,,,,,,,,,,,,,,,,
O3,vol_proxy~w_real_wage_yoy|rt0|exepi,-0.6474355434690076,-2.7296890322939786,92.0,,,,,,,,,,,,,,,,,,,,,,,,,,,,,,,,,,,,,,,,,,,,,,,,,,,,,,,,,,,,,,,,
O3,og~w_real_wage_yoy|rt0|exepi+excovid,-0.5154164761901019,-2.2593926942870133,86.0,,,,,,,,,,,,,,,,,,,,,,,,,,,,,,,,,,,,,,,,,,,,,,,,,,,,,,,,,,,,,,,,
O3,og~w_real_wage_yoy|rt0|exepi+excovid|ctrl_foodcpi,-0.5695976581828575,-2.4997413786619056,86.0,,,,,,,,,,,,,,,,,,,,,,,,,,,,,,,,,,,,,,,,,,,,,,,2.766740085405428,,,,,,,,,,,,,,,,,
O3,vol_proxy~w_real_wage_yoy|rt0|exepi+excovid,-0.6024245454523655,-2.556404121911613,86.0,,,,,,,,,,,,,,,,,,,,,,,,,,,,,,,,,,,,,,,,,,,,,,,,,,,,,,,,,,,,,,,,
O3,og~w_real_wage_yoy|rt0|full|placebo,,-7.6156153167374026,,2.632569261179561,1.4290389094284706e-08,,,,,,,,,,,,,,,,,,,,,,,,,,,,,,,,,,,,,,,,,,,,,,,,,,,,,,,,,,,,,,
O3,og~nw_real_wage_yoy|coin|full,-0.7903102939031883,-4.032190999298903,102.0,,,,,,,,,,,,,,,,,,,,,,,,,,,,,,,,,,,,,,,,,,,,,,,,,,,,,,,,,,,,,,,,
O3,og~nw_real_wage_yoy|coin|full|ctrl_foodcpi,-0.5039989137541819,-2.3152364582874303,102.0,,,,,,,,,,,,,,,,,,,,,,,,,,,,,,,,,,,,,,,,,,,,,,,2.934376017437073,,,,,,,,,,,,,,,,,
O3,vol_proxy~nw_real_wage_yoy|coin|full,0.021605221377514475,0.07255628922123192,102.0,,,,,,,,,,,,,,,,,,,,,,,,,,,,,,,,,,,,,,,,,,,,,,,,,,,,,,,,,,,,,,,,
O3,og~nw_real_wage_yoy|coin|exepi,-0.37423166801792984,-1.6152358003925513,92.0,,,,,,,,,,,,,,,,,,,,,,,,,,,,,,,,,,,,,,,,,,,,,,,,,,,,,,,,,,,,,,,,
O3,og~nw_real_wage_yoy|coin|exepi|ctrl_foodcpi,-0.3868687581007688,-1.7490728558823376,92.0,,,,,,,,,,,,,,,,,,,,,,,,,,,,,,,,,,,,,,,,,,,,,,,3.056121343699909,,,,,,,,,,,,,,,,,
O3,vol_proxy~nw_real_wage_yoy|coin|exepi,-0.3949103677763035,-1.7682930671308028,92.0,,,,,,,,,,,,,,,,,,,,,,,,,,,,,,,,,,,,,,,,,,,,,,,,,,,,,,,,,,,,,,,,
O3,og~nw_real_wage_yoy|coin|exepi+excovid,-0.46266063626639675,-2.0725469524349336,86.0,,,,,,,,,,,,,,,,,,,,,,,,,,,,,,,,,,,,,,,,,,,,,,,,,,,,,,,,,,,,,,,,
O3,og~nw_real_wage_yoy|coin|exepi+excovid|ctrl_foodcpi,-0.45729631465603127,-2.109720636261413,86.0,,,,,,,,,,,,,,,,,,,,,,,,,,,,,,,,,,,,,,,,,,,,,,,2.86697795600166,,,,,,,,,,,,,,,,,
O3,vol_proxy~nw_real_wage_yoy|coin|exepi+excovid,-0.4533131616599637,-2.039953806953309,86.0,,,,,,,,,,,,,,,,,,,,,,,,,,,,,,,,,,,,,,,,,,,,,,,,,,,,,,,,,,,,,,,,
O3,og~nw_real_wage_yoy|coin|full|placebo,,-4.032190999298903,,2.4901134129679487,0.0015049328933758321,,,,,,,,,,,,,,,,,,,,,,,,,,,,,,,,,,,,,,,,,,,,,,,,,,,,,,,,,,,,,,
O3,og~nw_real_wage_yoy|rt0|full,-0.8361934936738183,-6.003551075543456,102.0,,,,,,,,,,,,,,,,,,,,,,,,,,,,,,,,,,,,,,,,,,,,,,,,,,,,,,,,,,,,,,,,
O3,og~nw_real_wage_yoy|rt0|full|ctrl_foodcpi,-0.5717018989128143,-3.795007085136187,102.0,,,,,,,,,,,,,,,,,,,,,,,,,,,,,,,,,,,,,,,,,,,,,,,3.2663472392615853,,,,,,,,,,,,,,,,,
O3,vol_proxy~nw_real_wage_yoy|rt0|full,-0.0022449494787560344,-0.007107341685689389,102.0,,,,,,,,,,,,,,,,,,,,,,,,,,,,,,,,,,,,,,,,,,,,,,,,,,,,,,,,,,,,,,,,
O3,og~nw_real_wage_yoy|rt0|exepi,-0.5492573617366711,-3.498756730564234,92.0,,,,,,,,,,,,,,,,,,,,,,,,,,,,,,,,,,,,,,,,,,,,,,,,,,,,,,,,,,,,,,,,
O3,og~nw_real_wage_yoy|rt0|exepi|ctrl_foodcpi,-0.5764241517611419,-3.709895477849816,92.0,,,,,,,,,,,,,,,,,,,,,,,,,,,,,,,,,,,,,,,,,,,,,,,3.3365298942756074,,,,,,,,,,,,,,,,,
O3,vol_proxy~nw_real_wage_yoy|rt0|exepi,-0.5919067773719954,-3.6902755538780307,92.0,,,,,,,,,,,,,,,,,,,,,,,,,,,,,,,,,,,,,,,,,,,,,,,,,,,,,,,,,,,,,,,,
O3,og~nw_real_wage_yoy|rt0|exepi+excovid,-0.5335838058534708,-3.351069791435658,86.0,,,,,,,,,,,,,,,,,,,,,,,,,,,,,,,,,,,,,,,,,,,,,,,,,,,,,,,,,,,,,,,,
O3,og~nw_real_wage_yoy|rt0|exepi+excovid|ctrl_foodcpi,-0.5407757854462761,-3.499322892906898,86.0,,,,,,,,,,,,,,,,,,,,,,,,,,,,,,,,,,,,,,,,,,,,,,,3.007383951059241,,,,,,,,,,,,,,,,,
O3,vol_proxy~nw_real_wage_yoy|rt0|exepi+excovid,-0.5457390748671513,-3.403668431691313,86.0,,,,,,,,,,,,,,,,,,,,,,,,,,,,,,,,,,,,,,,,,,,,,,,,,,,,,,,,,,,,,,,,
O3,og~nw_real_wage_yoy|rt0|full|placebo,,-6.003551075543456,,2.4901134129679487,2.2968005399803815e-06,,,,,,,,,,,,,,,,,,,,,,,,,,,,,,,,,,,,,,,,,,,,,,,,,,,,,,,,,,,,,,
O3,og~w_cons_conf_z|coin|full,-2.077499324494584,-5.617616828011438,102.0,,,,,,,,,,,,,,,,,,,,,,,,,,,,,,,,,,,,,,,,,,,,,,,,,,,,,,,,,,,,,,,,
O3,og~w_cons_conf_z|coin|full|ctrl_foodcpi,-1.1594227148301297,-2.085887995561774,102.0,,,,,,,,,,,,,,,,,,,,,,,,,,,,,,,,,,,,,,,,,,,,,,,2.5843328634163703,,,,,,,,,,,,,,,,,
O3,vol_proxy~w_cons_conf_z|coin|full,0.8451833547073314,1.3739210226232517,102.0,,,,,,,,,,,,,,,,,,,,,,,,,,,,,,,,,,,,,,,,,,,,,,,,,,,,,,,,,,,,,,,,
O3,og~w_cons_conf_z|coin|exepi,-1.4508755971492342,-2.399409345367203,92.0,,,,,,,,,,,,,,,,,,,,,,,,,,,,,,,,,,,,,,,,,,,,,,,,,,,,,,,,,,,,,,,,
O3,og~w_cons_conf_z|coin|exepi|ctrl_foodcpi,-1.0494465514604403,-1.7356030761027286,92.0,,,,,,,,,,,,,,,,,,,,,,,,,,,,,,,,,,,,,,,,,,,,,,,1.7544269633527014,,,,,,,,,,,,,,,,,
O3,vol_proxy~w_cons_conf_z|coin|exepi,-0.4899157706227507,-0.7321626133766321,92.0,,,,,,,,,,,,,,,,,,,,,,,,,,,,,,,,,,,,,,,,,,,,,,,,,,,,,,,,,,,,,,,,
O3,og~w_cons_conf_z|coin|exepi+excovid,-1.5335469800701444,-2.4568133982175127,86.0,,,,,,,,,,,,,,,,,,,,,,,,,,,,,,,,,,,,,,,,,,,,,,,,,,,,,,,,,,,,,,,,
O3,og~w_cons_conf_z|coin|exepi+excovid|ctrl_foodcpi,-1.1907856638724712,-1.9155416401848597,86.0,,,,,,,,,,,,,,,,,,,,,,,,,,,,,,,,,,,,,,,,,,,,,,,1.5084004226840357,,,,,,,,,,,,,,,,,
O3,vol_proxy~w_cons_conf_z|coin|exepi+excovid,-0.6350452191688976,-0.9080145150941616,86.0,,,,,,,,,,,,,,,,,,,,,,,,,,,,,,,,,,,,,,,,,,,,,,,,,,,,,,,,,,,,,,,,
O3,og~w_cons_conf_z|coin|full|placebo,,-5.617616828011438,,2.5763356742648806,1.9230892954968937e-05,,,,,,,,,,,,,,,,,,,,,,,,,,,,,,,,,,,,,,,,,,,,,,,,,,,,,,,,,,,,,,
O3,og~w_cons_conf_z|rt0|full,-2.077499324494584,-5.617616828011438,102.0,,,,,,,,,,,,,,,,,,,,,,,,,,,,,,,,,,,,,,,,,,,,,,,,,,,,,,,,,,,,,,,,
O3,og~w_cons_conf_z|rt0|full|ctrl_foodcpi,-1.1594227148301297,-2.085887995561774,102.0,,,,,,,,,,,,,,,,,,,,,,,,,,,,,,,,,,,,,,,,,,,,,,,2.5843328634163703,,,,,,,,,,,,,,,,,
O3,vol_proxy~w_cons_conf_z|rt0|full,0.8451833547073314,1.3739210226232517,102.0,,,,,,,,,,,,,,,,,,,,,,,,,,,,,,,,,,,,,,,,,,,,,,,,,,,,,,,,,,,,,,,,
O3,og~w_cons_conf_z|rt0|exepi,-1.4508755971492342,-2.399409345367203,92.0,,,,,,,,,,,,,,,,,,,,,,,,,,,,,,,,,,,,,,,,,,,,,,,,,,,,,,,,,,,,,,,,
O3,og~w_cons_conf_z|rt0|exepi|ctrl_foodcpi,-1.0494465514604403,-1.7356030761027286,92.0,,,,,,,,,,,,,,,,,,,,,,,,,,,,,,,,,,,,,,,,,,,,,,,1.7544269633527014,,,,,,,,,,,,,,,,,
O3,vol_proxy~w_cons_conf_z|rt0|exepi,-0.4899157706227507,-0.7321626133766321,92.0,,,,,,,,,,,,,,,,,,,,,,,,,,,,,,,,,,,,,,,,,,,,,,,,,,,,,,,,,,,,,,,,
O3,og~w_cons_conf_z|rt0|exepi+excovid,-1.5335469800701444,-2.4568133982175127,86.0,,,,,,,,,,,,,,,,,,,,,,,,,,,,,,,,,,,,,,,,,,,,,,,,,,,,,,,,,,,,,,,,
O3,og~w_cons_conf_z|rt0|exepi+excovid|ctrl_foodcpi,-1.1907856638724712,-1.9155416401848597,86.0,,,,,,,,,,,,,,,,,,,,,,,,,,,,,,,,,,,,,,,,,,,,,,,1.5084004226840357,,,,,,,,,,,,,,,,,
O3,vol_proxy~w_cons_conf_z|rt0|exepi+excovid,-0.6350452191688976,-0.9080145150941616,86.0,,,,,,,,,,,,,,,,,,,,,,,,,,,,,,,,,,,,,,,,,,,,,,,,,,,,,,,,,,,,,,,,
O3,og~w_cons_conf_z|rt0|full|placebo,,-5.617616828011438,,2.5763356742648806,1.9230892954968937e-05,,,,,,,,,,,,,,,,,,,,,,,,,,,,,,,,,,,,,,,,,,,,,,,,,,,,,,,,,,,,,,
O3,og~nw_cons_conf_z|coin|full,-1.9856133476713138,-7.163673586594573,102.0,,,,,,,,,,,,,,,,,,,,,,,,,,,,,,,,,,,,,,,,,,,,,,,,,,,,,,,,,,,,,,,,
O3,og~nw_cons_conf_z|coin|full|ctrl_foodcpi,-1.3987101663901582,-2.977396448251317,102.0,,,,,,,,,,,,,,,,,,,,,,,,,,,,,,,,,,,,,,,,,,,,,,,1.9855557913105133,,,,,,,,,,,,,,,,,
O3,vol_proxy~nw_cons_conf_z|coin|full,0.577865327446717,0.9227775208768528,102.0,,,,,,,,,,,,,,,,,,,,,,,,,,,,,,,,,,,,,,,,,,,,,,,,,,,,,,,,,,,,,,,,
O3,og~nw_cons_conf_z|coin|exepi,-1.7571558752853969,-3.2045215880407225,92.0,,,,,,,,,,,,,,,,,,,,,,,,,,,,,,,,,,,,,,,,,,,,,,,,,,,,,,,,,,,,,,,,
O3,og~nw_cons_conf_z|coin|exepi|ctrl_foodcpi,-1.4921305283770625,-2.7433941539009647,92.0,,,,,,,,,,,,,,,,,,,,,,,,,,,,,,,,,,,,,,,,,,,,,,,1.4935395516966976,,,,,,,,,,,,,,,,,
O3,vol_proxy~nw_cons_conf_z|coin|exepi,-0.9967072932477613,-1.582878906080995,92.0,,,,,,,,,,,,,,,,,,,,,,,,,,,,,,,,,,,,,,,,,,,,,,,,,,,,,,,,,,,,,,,,
O3,og~nw_cons_conf_z|coin|exepi+excovid,-1.7212684704628873,-3.108161374880673,86.0,,,,,,,,,,,,,,,,,,,,,,,,,,,,,,,,,,,,,,,,,,,,,,,,,,,,,,,,,,,,,,,,
O3,og~nw_cons_conf_z|coin|exepi+excovid|ctrl_foodcpi,-1.4832112744038193,-2.6548460640111555,86.0,,,,,,,,,,,,,,,,,,,,,,,,,,,,,,,,,,,,,,,,,,,,,,,1.3785979968298823,,,,,,,,,,,,,,,,,
O3,vol_proxy~nw_cons_conf_z|coin|exepi+excovid,-1.0324304320082909,-1.5776475872204563,86.0,,,,,,,,,,,,,,,,,,,,,,,,,,,,,,,,,,,,,,,,,,,,,,,,,,,,,,,,,,,,,,,,
O3,og~nw_cons_conf_z|coin|full|placebo,,-7.163673586594573,,2.5521369327202037,3.766062572907458e-08,,,,,,,,,,,,,,,,,,,,,,,,,,,,,,,,,,,,,,,,,,,,,,,,,,,,,,,,,,,,,,
O3,og~nw_cons_conf_z|rt0|full,-1.9856133476713138,-7.163673586594573,102.0,,,,,,,,,,,,,,,,,,,,,,,,,,,,,,,,,,,,,,,,,,,,,,,,,,,,,,,,,,,,,,,,
O3,og~nw_cons_conf_z|rt0|full|ctrl_foodcpi,-1.3987101663901582,-2.977396448251317,102.0,,,,,,,,,,,,,,,,,,,,,,,,,,,,,,,,,,,,,,,,,,,,,,,1.9855557913105133,,,,,,,,,,,,,,,,,
O3,vol_proxy~nw_cons_conf_z|rt0|full,0.577865327446717,0.9227775208768528,102.0,,,,,,,,,,,,,,,,,,,,,,,,,,,,,,,,,,,,,,,,,,,,,,,,,,,,,,,,,,,,,,,,
O3,og~nw_cons_conf_z|rt0|exepi,-1.7571558752853969,-3.2045215880407225,92.0,,,,,,,,,,,,,,,,,,,,,,,,,,,,,,,,,,,,,,,,,,,,,,,,,,,,,,,,,,,,,,,,
O3,og~nw_cons_conf_z|rt0|exepi|ctrl_foodcpi,-1.4921305283770625,-2.7433941539009647,92.0,,,,,,,,,,,,,,,,,,,,,,,,,,,,,,,,,,,,,,,,,,,,,,,1.4935395516966976,,,,,,,,,,,,,,,,,
O3,vol_proxy~nw_cons_conf_z|rt0|exepi,-0.9967072932477613,-1.582878906080995,92.0,,,,,,,,,,,,,,,,,,,,,,,,,,,,,,,,,,,,,,,,,,,,,,,,,,,,,,,,,,,,,,,,
O3,og~nw_cons_conf_z|rt0|exepi+excovid,-1.7212684704628873,-3.108161374880673,86.0,,,,,,,,,,,,,,,,,,,,,,,,,,,,,,,,,,,,,,,,,,,,,,,,,,,,,,,,,,,,,,,,
O3,og~nw_cons_conf_z|rt0|exepi+excovid|ctrl_foodcpi,-1.4832112744038193,-2.6548460640111555,86.0,,,,,,,,,,,,,,,,,,,,,,,,,,,,,,,,,,,,,,,,,,,,,,,1.3785979968298823,,,,,,,,,,,,,,,,,
O3,vol_proxy~nw_cons_conf_z|rt0|exepi+excovid,-1.0324304320082909,-1.5776475872204563,86.0,,,,,,,,,,,,,,,,,,,,,,,,,,,,,,,,,,,,,,,,,,,,,,,,,,,,,,,,,,,,,,,,
O3,og~nw_cons_conf_z|rt0|full|placebo,,-7.163673586594573,,2.5521369327202037,3.766062572907458e-08,,,,,,,,,,,,,,,,,,,,,,,,,,,,,,,,,,,,,,,,,,,,,,,,,,,,,,,,,,,,,,
O3,granger|nw_cons_conf_z|exCOVID=False,,,,,,,,,,,,,,,,,,,,,,,,,,,,,,,,,,,,,,,,,,,,,,,,,,,4.603526802648972e-06,0.011736980074889769,-0.017494795044897482,0.1453119412703311,,,,,,,,,,,,,
O3,granger|nw_cons_conf_z|exCOVID=True,,,,,,,,,,,,,,,,,,,,,,,,,,,,,,,,,,,,,,,,,,,,,,,,,,,6.502288817378243e-06,0.0023427022799809016,-0.012232850478702387,0.022211168786808066,,,,,,,,,,,,,
O3,granger|w_cons_conf_z|exCOVID=False,,,,,,,,,,,,,,,,,,,,,,,,,,,,,,,,,,,,,,,,,,,,,,,,,,,1.610054397582772e-06,0.07873711129855654,-0.016489136839179956,0.28992978320263446,,,,,,,,,,,,,
O3,granger|w_cons_conf_z|exCOVID=True,,,,,,,,,,,,,,,,,,,,,,,,,,,,,,,,,,,,,,,,,,,,,,,,,,,2.312218229105767e-07,0.01757087122957879,-0.005459066424498567,0.15663502447379707,,,,,,,,,,,,,
O3,OOS|nordic_nowcast|og|h0|full2010,,,66.0,,,,,,,,,,,,,,,,,,,,,,,,,,,,,,,,,,,,,,,,,3.2974507379490916,3.110804710984038,0.9433968717661143,0.11000234234190964,2.6516791252596796,0.0040046308386534335,,,,,,,,,,,,,,,,,,
O3,OOS|nordic_nowcast|og|h0|exepi,,,56.0,,,,,,,,,,,,,,,,,,,,,,,,,,,,,,,,,,,,,,,,,3.189247387123219,2.940364598634961,0.9219619056542501,0.14998624452238374,2.2803436205212533,0.01129365830548057,,,,,,,,,,,,,,,,,,
O3,OOS|nordic_nowcast|og|h0|excovid+exepi,,,50.0,,,,,,,,,,,,,,,,,,,,,,,,,,,,,,,,,,,,,,,,,2.6742928459619146,2.5809515916577825,0.9650968462765497,0.06858807730705785,1.715933535810391,0.04308710394186932,,,,,,,,,,,,,,,,,,
O3,OOS|nordic_nowcast|og|h0|2015+,,,46.0,,,,,,,,,,,,,,,,,,,,,,,,,,,,,,,,,,,,,,,,,3.2289764665846823,2.9964674054899034,0.9279929527201832,0.1388290797016758,2.7671403924202527,0.002827519813217383,,,,,,,,,,,,,,,,,,
O3,OOS|nordic_nowcast_minus_nw_food_cpi_xvat_yoy|og|h0|full2010,,,66.0,,,,,,,,,,,,,,,,,,,,,,,,,,,,,,,,,,,,,,,,,3.2974507379490916,3.0396090938457014,0.9218057631199793,0.15027413507879261,2.963021667430187,0.0015231756224580728,,,,,,,,,,,,,,,,,,
O3,OOS|nordic_nowcast_minus_nw_food_cpi_xvat_yoy|og|h0|exepi,,,56.0,,,,,,,,,,,,,,,,,,,,,,,,,,,,,,,,,,,,,,,,,3.189247387123219,2.931967005452226,0.9193288100792123,0.15483453895833965,2.9721851171451417,0.0014784417125037752,,,,,,,,,,,,,,,,,,
O3,OOS|nordic_nowcast_minus_nw_food_cpi_xvat_yoy|og|h0|excovid+exepi,,,50.0,,,,,,,,,,,,,,,,,,,,,,,,,,,,,,,,,,,,,,,,,2.6742928459619146,2.562781550123845,0.9583025112577152,0.0816562969171567,3.299526002326768,0.00048424127493185143,,,,,,,,,,,,,,,,,,
O3,OOS|nordic_nowcast_minus_nw_food_cpi_xvat_yoy|og|h0|2015+,,,46.0,,,,,,,,,,,,,,,,,,,,,,,,,,,,,,,,,,,,,,,,,3.2289764665846823,2.8441342219076877,0.8808160267937643,0.2241631269432468,3.0427296839481004,0.001172214136080596,,,,,,,,,,,,,,,,,,
O3,OOS|nordic_nowcast_minus_nw_real_wage_yoy|og|h0|full2010,,,66.0,,,,,,,,,,,,,,,,,,,,,,,,,,,,,,,,,,,,,,,,,3.2974507379490916,3.242475127011765,0.9833278446575006,0.03306634992123447,1.8935420839327506,0.029142908595523598,,,,,,,,,,,,,,,,,,
O3,OOS|nordic_nowcast_minus_nw_real_wage_yoy|og|h0|exepi,,,56.0,,,,,,,,,,,,,,,,,,,,,,,,,,,,,,,,,,,,,,,,,3.189247387123219,3.1113241740362874,0.9755668960013727,0.04826923142624684,1.514866321526118,0.06490313037370576,,,,,,,,,,,,,,,,,,
O3,OOS|nordic_nowcast_minus_nw_real_wage_yoy|og|h0|excovid+exepi,,,50.0,,,,,,,,,,,,,,,,,,,,,,,,,,,,,,,,,,,,,,,,,2.6742928459619146,2.706844141972053,1.0121719265185523,-0.024492008832277534,0.8574325517371778,0.1956029378698907,,,,,,,,,,,,,,,,,,
O3,OOS|nordic_nowcast_minus_nw_real_wage_yoy|og|h0|2015+,,,46.0,,,,,,,,,,,,,,,,,,,,,,,,,,,,,,,,,,,,,,,,,3.2289764665846823,3.104253156921353,0.9613737322169925,0.07576054700317036,2.3680364904144704,0.00894138602172656,,,,,,,,,,,,,,,,,,
O3,OOS|nordic_nowcast_minus_nw_cons_conf_z|og|h0|full2010,,,66.0,,,,,,,,,,,,,,,,,,,,,,,,,,,,,,,,,,,,,,,,,3.2974507379490916,3.1674108327199884,0.9605635032746588,0.07731775617671455,2.5169420838057106,0.005918914320558466,,,,,,,,,,,,,,,,,,
O3,OOS|nordic_nowcast_minus_nw_cons_conf_z|og|h0|exepi,,,56.0,,,,,,,,,,,,,,,,,,,,,,,,,,,,,,,,,,,,,,,,,3.189247387123219,3.01623279537525,0.9457506518790213,0.1055557044704063,2.1763369625558666,0.014765036806045018,,,,,,,,,,,,,,,,,,
O3,OOS|nordic_nowcast_minus_nw_cons_conf_z|og|h0|excovid+exepi,,,50.0,,,,,,,,,,,,,,,,,,,,,,,,,,,,,,,,,,,,,,,,,2.6742928459619146,2.610345688115726,0.976088199187779,0.04725182740635869,1.5490072189677802,0.06068999235808481,,,,,,,,,,,,,,,,,,
O3,OOS|nordic_nowcast_minus_nw_cons_conf_z|og|h0|2015+,,,46.0,,,,,,,,,,,,,,,,,,,,,,,,,,,,,,,,,,,,,,,,,3.2289764665846823,3.0868144563118305,0.955973042311077,0.0861155423745037,2.574105243595025,0.005024984887967321,,,,,,,,,,,,,,,,,,
O3,OOS|single_nw_food_cpi_xvat_yoy|og|h0|full2010,,,66.0,,,,,,,,,,,,,,,,,,,,,,,,,,,,,,,,,,,,,,,,,3.2974507379490916,3.3434772655000664,1.0139582153635454,-0.02811126250322582,0.6701488376249487,0.25138145738212403,,,,,,,,,,,,,,,,,,
O3,OOS|single_nw_food_cpi_xvat_yoy|og|h0|exepi,,,56.0,,,,,,,,,,,,,,,,,,,,,,,,,,,,,,,,,,,,,,,,,3.189247387123219,3.2179420913380907,1.0089973278117992,-0.01807560753135129,0.6228640028646306,0.2666869474962862,,,,,,,,,,,,,,,,,,
O3,OOS|single_nw_food_cpi_xvat_yoy|og|h0|excovid+exepi,,,50.0,,,,,,,,,,,,,,,,,,,,,,,,,,,,,,,,,,,,,,,,,2.6742928459619146,2.7386796171651806,1.02407618571036,-0.04873203413907978,0.4248366716866354,0.33547787127844897,,,,,,,,,,,,,,,,,,
O3,OOS|single_nw_food_cpi_xvat_yoy|og|h0|2015+,,,46.0,,,,,,,,,,,,,,,,,,,,,,,,,,,,,,,,,,,,,,,,,3.2289764665846823,3.251634618895893,1.0070171314488323,-0.014083503031434796,0.693328862449116,0.24405159703859414,,,,,,,,,,,,,,,,,,
O3,OOS|single_nw_real_wage_yoy|og|h0|full2010,,,66.0,,,,,,,,,,,,,,,,,,,,,,,,,,,,,,,,,,,,,,,,,3.2974507379490916,3.116474029512264,0.9451161752459145,0.10675541528853383,3.00928245759068,0.001309327683899686,,,,,,,,,,,,,,,,,,
O3,OOS|single_nw_real_wage_yoy|og|h0|exepi,,,56.0,,,,,,,,,,,,,,,,,,,,,,,,,,,,,,,,,,,,,,,,,3.189247387123219,3.0765134275154082,0.964651861105858,0.0694467868650045,2.9062205158233985,0.001829117696226179,,,,,,,,,,,,,,,,,,
O3,OOS|single_nw_real_wage_yoy|og|h0|excovid+exepi,,,50.0,,,,,,,,,,,,,,,,,,,,,,,,,,,,,,,,,,,,,,,,,2.6742928459619146,2.6509820607717893,0.991283383483853,0.01735725362880436,2.6203284905919455,0.004392255227929742,,,,,,,,,,,,,,,,,,
O3,OOS|single_nw_real_wage_yoy|og|h0|2015+,,,46.0,,,,,,,,,,,,,,,,,,,,,,,,,,,,,,,,,,,,,,,,,3.2289764665846823,2.94550988729723,0.9122116304590855,0.16786994125517685,2.927222621186069,0.0017100198912204378,,,,,,,,,,,,,,,,,,
O3,OOS|single_nw_cons_conf_z|og|h0|full2010,,,66.0,,,,,,,,,,,,,,,,,,,,,,,,,,,,,,,,,,,,,,,,,3.2974507379490916,3.1410496110969937,0.9525690785757198,0.09261215054140415,2.3782271335506944,0.00869805336896845,,,,,,,,,,,,,,,,,,
O3,OOS|single_nw_cons_conf_z|og|h0|exepi,,,56.0,,,,,,,,,,,,,,,,,,,,,,,,,,,,,,,,,,,,,,,,,3.189247387123219,3.0390033355414006,0.9528904367254676,0.09199981559714765,2.264522526285972,0.011770997942017858,,,,,,,,,,,,,,,,,,
O3,OOS|single_nw_cons_conf_z|og|h0|excovid+exepi,,,50.0,,,,,,,,,,,,,,,,,,,,,,,,,,,,,,,,,,,,,,,,,2.6742928459619146,2.612445450265891,0.9768733645646134,0.04571842960421202,1.6314695938480026,0.05139563532081126,,,,,,,,,,,,,,,,,,
O3,OOS|single_nw_cons_conf_z|og|h0|2015+,,,46.0,,,,,,,,,,,,,,,,,,,,,,,,,,,,,,,,,,,,,,,,,3.2289764665846823,2.9987771831577494,0.9287082808409513,0.13750092909744482,2.5983165062449207,0.004684104974904901,,,,,,,,,,,,,,,,,,
O4,vol_proxy_vs_reported_volume,,,17.0,,,,,,0.4029301310704338,0.9332908838170842,,,,,,,,,,,,,,,,,,,,,,,,,,,,,,,0.8256344079114489,,,,,,,,,,,,,,0.8945642152757235,,,,,,,,,,,,
O4,vol~food_rel|coin|full|HAC4|wls,-0.8977962490291171,-4.363401360200907,102.0,,,,,,,,,,,,,,,,,,,,,,,,,,,,,,,,,,,,,,,,,,,,,,,,,,,,,,,,,,,,,,,,
O4,vol~food_rel|coin|full|HAC4|ols,-0.8681649542248534,-4.3143720069666704,102.0,,,,,,,,,,,,,,,,,,,,,,,,,,,,,,,,,,,,,,,,,,,,,,,,,,,,,,,,,,,,,,,,
O4,vol~food_rel|coin|full|HAC8|wls,-0.8977962490291171,-3.9962864719474003,102.0,,,,,,,,,,,,,,,,,,,,,,,,,,,,,,,,,,,,,,,,,,,,,,,,,,,,,,,,,,,,,,,,
O4,vol~food_rel|coin|exepi|HAC4|wls,-0.4824891468740433,-1.7570715691455812,92.0,,,,,,,,,,,,,,,,,,,,,,,,,,,,,,,,,,,,,,,,,,,,,,,,,,,,,,,,,,,,,,,,
O4,vol~food_rel|coin|exepi|HAC4|ols,-0.505402610846135,-2.0679966665181464,92.0,,,,,,,,,,,,,,,,,,,,,,,,,,,,,,,,,,,,,,,,,,,,,,,,,,,,,,,,,,,,,,,,
O4,vol~food_rel|coin|exepi|HAC8|wls,-0.4824891468740433,-1.791537094370596,92.0,,,,,,,,,,,,,,,,,,,,,,,,,,,,,,,,,,,,,,,,,,,,,,,,,,,,,,,,,,,,,,,,
O4,vol~food_rel|coin|exepi+excovid|HAC4|wls,-0.5248694687112938,-1.6948652399540423,86.0,,,,,,,,,,,,,,,,,,,,,,,,,,,,,,,,,,,,,,,,,,,,,,,,,,,,,,,,,,,,,,,,
O4,vol~food_rel|coin|exepi+excovid|HAC4|ols,-0.536640719663728,-1.9872185787872114,86.0,,,,,,,,,,,,,,,,,,,,,,,,,,,,,,,,,,,,,,,,,,,,,,,,,,,,,,,,,,,,,,,,
O4,vol~food_rel|coin|exepi+excovid|HAC8|wls,-0.5248694687112938,-1.6845753471820077,86.0,,,,,,,,,,,,,,,,,,,,,,,,,,,,,,,,,,,,,,,,,,,,,,,,,,,,,,,,,,,,,,,,
O4,vol~food_rel|coin|pre2020|HAC4|wls,-0.3323793517663911,-1.004000480494888,76.0,,,,,,,,,,,,,,,,,,,,,,,,,,,,,,,,,,,,,,,,,,,,,,,,,,,,,,,,,,,,,,,,
O4,vol~food_rel|coin|pre2020|HAC4|ols,-0.39265397410193903,-1.3898554039782443,76.0,,,,,,,,,,,,,,,,,,,,,,,,,,,,,,,,,,,,,,,,,,,,,,,,,,,,,,,,,,,,,,,,
O4,vol~food_rel|coin|pre2020|HAC8|wls,-0.3323793517663911,-1.0613771291455463,76.0,,,,,,,,,,,,,,,,,,,,,,,,,,,,,,,,,,,,,,,,,,,,,,,,,,,,,,,,,,,,,,,,
O4,vol~food_rel|coin|full|placebo,,-4.363401360200907,,2.5505969646307243,0.0007994546714737982,0.0004997501249375312,0.128,,,,,,,,,,,,,,,,,,,,,,,,,,,,,,,,,,,,,,,,,,,,,,,,,,,,,,,,,,,,
O4,vol~food_rel|coin|exepi|placebo,,-1.7570715691455812,,2.6444995401614895,0.19283126161489195,0.17491254372813594,0.1275,,,,,,,,,,,,,,,,,,,,,,,,,,,,,,,,,,,,,,,,,,,,,,,,,,,,,,,,,,,,
O4,og~foodcpi+cpi|full,,,102.0,,,,,,,,,,,,,,,,,,,,,,,,,,,,,,,,,,,,,,,,,,,,,,,,,,,,,0.14115837240883158,0.5250661001588468,0.7850346576088313,1.736218626989579,,,,,,,,
O4,vol~food_rel+foodcpi|full,-0.7850346576088291,-1.736218626989587,,,,,,,,,,,,,,,,,,,,,,,,,,,,,,,,,,,,,,,,,,,,,,,,,,,,,,-0.07380696998233792,-0.34811372537960483,,,,,,,,,,
O4,og~foodcpi+cpi|exepi,,,92.0,,,,,,,,,,,,,,,,,,,,,,,,,,,,,,,,,,,,,,,,,,,,,,,,,,,,,0.513242774745069,1.9041641870052455,0.4307020362813366,0.77792869946496,,,,,,,,
O4,vol~food_rel+foodcpi|exepi,-0.43070203628133363,-0.7779286994649518,,,,,,,,,,,,,,,,,,,,,,,,,,,,,,,,,,,,,,,,,,,,,,,,,,,,,,-0.05605518897359715,-0.11950042564741424,,,,,,,,,,
O4,vol~w_hh_real_inc_yoy|coin|full|HAC4|wls,1.0323520397499506,2.5788120029217536,73.0,,,,,,,,,,,,,,,,,,,,,,,,,,,,,,,,,,,,,,,,,,,,,,,,,,,,,,,,,,,,,,,,
O4,vol~w_hh_real_inc_yoy|coin|full|HAC4|ols,0.9381736093205322,2.458079736285958,73.0,,,,,,,,,,,,,,,,,,,,,,,,,,,,,,,,,,,,,,,,,,,,,,,,,,,,,,,,,,,,,,,,
O4,vol~w_hh_real_inc_yoy|coin|full|HAC8|wls,1.0323520397499506,2.2720423658956013,73.0,,,,,,,,,,,,,,,,,,,,,,,,,,,,,,,,,,,,,,,,,,,,,,,,,,,,,,,,,,,,,,,,
O4,vol~w_hh_real_inc_yoy|coin|exepi|HAC4|wls,0.23856519130536313,0.7045219620177237,63.0,,,,,,,,,,,,,,,,,,,,,,,,,,,,,,,,,,,,,,,,,,,,,,,,,,,,,,,,,,,,,,,,
O4,vol~w_hh_real_inc_yoy|coin|exepi|HAC4|ols,0.22102297021564643,0.7197795136938595,63.0,,,,,,,,,,,,,,,,,,,,,,,,,,,,,,,,,,,,,,,,,,,,,,,,,,,,,,,,,,,,,,,,
O4,vol~w_hh_real_inc_yoy|coin|exepi|HAC8|wls,0.23856519130536313,0.7379448902965219,63.0,,,,,,,,,,,,,,,,,,,,,,,,,,,,,,,,,,,,,,,,,,,,,,,,,,,,,,,,,,,,,,,,
O4,vol~w_hh_real_inc_yoy|coin|exepi+excovid|HAC4|wls,-0.03075286255834741,-0.07966918681458647,57.0,,,,,,,,,,,,,,,,,,,,,,,,,,,,,,,,,,,,,,,,,,,,,,,,,,,,,,,,,,,,,,,,
O4,vol~w_hh_real_inc_yoy|coin|exepi+excovid|HAC4|ols,0.021450891320953333,0.05935657129544251,57.0,,,,,,,,,,,,,,,,,,,,,,,,,,,,,,,,,,,,,,,,,,,,,,,,,,,,,,,,,,,,,,,,
O4,vol~w_hh_real_inc_yoy|coin|exepi+excovid|HAC8|wls,-0.03075286255834741,-0.0911235253898322,57.0,,,,,,,,,,,,,,,,,,,,,,,,,,,,,,,,,,,,,,,,,,,,,,,,,,,,,,,,,,,,,,,,
O4,vol~w_hh_real_inc_yoy|coin|full|placebo,,2.5788120029217536,,2.6600918501382718,0.057423047787204196,0.05997001499250375,0.1335,,,,,,,,,,,,,,,,,,,,,,,,,,,,,,,,,,,,,,,,,,,,,,,,,,,,,,,,,,,,
O4,vol~w_hh_real_inc_yoy|coin|exepi|placebo,,0.7045219620177237,,2.7878804008008715,0.6203882392215287,0.5757121439280359,0.1495,,,,,,,,,,,,,,,,,,,,,,,,,,,,,,,,,,,,,,,,,,,,,,,,,,,,,,,,,,,,
O4,vol~w_gdp_vol_yoy|coin|full|HAC4|wls,0.31466345414811675,1.9836377114785833,102.0,,,,,,,,,,,,,,,,,,,,,,,,,,,,,,,,,,,,,,,,,,,,,,,,,,,,,,,,,,,,,,,,
O4,vol~w_gdp_vol_yoy|coin|full|HAC4|ols,0.307935358216289,2.1267793206350674,102.0,,,,,,,,,,,,,,,,,,,,,,,,,,,,,,,,,,,,,,,,,,,,,,,,,,,,,,,,,,,,,,,,
O4,vol~w_gdp_vol_yoy|coin|full|HAC8|wls,0.31466345414811675,2.0389022569658724,102.0,,,,,,,,,,,,,,,,,,,,,,,,,,,,,,,,,,,,,,,,,,,,,,,,,,,,,,,,,,,,,,,,
O4,vol~w_gdp_vol_yoy|coin|exepi|HAC4|wls,0.16820448729547471,1.3316237144219774,92.0,,,,,,,,,,,,,,,,,,,,,,,,,,,,,,,,,,,,,,,,,,,,,,,,,,,,,,,,,,,,,,,,
O4,vol~w_gdp_vol_yoy|coin|exepi|HAC4|ols,0.18065649622903568,1.5093136513958507,92.0,,,,,,,,,,,,,,,,,,,,,,,,,,,,,,,,,,,,,,,,,,,,,,,,,,,,,,,,,,,,,,,,
O4,vol~w_gdp_vol_yoy|coin|exepi|HAC8|wls,0.16820448729547471,1.6292526340972884,92.0,,,,,,,,,,,,,,,,,,,,,,,,,,,,,,,,,,,,,,,,,,,,,,,,,,,,,,,,,,,,,,,,
O4,vol~w_gdp_vol_yoy|coin|exepi+excovid|HAC4|wls,0.12177515908645326,0.6271171373403926,86.0,,,,,,,,,,,,,,,,,,,,,,,,,,,,,,,,,,,,,,,,,,,,,,,,,,,,,,,,,,,,,,,,
O4,vol~w_gdp_vol_yoy|coin|exepi+excovid|HAC4|ols,0.1629992606066461,1.006037610272261,86.0,,,,,,,,,,,,,,,,,,,,,,,,,,,,,,,,,,,,,,,,,,,,,,,,,,,,,,,,,,,,,,,,
O4,vol~w_gdp_vol_yoy|coin|exepi+excovid|HAC8|wls,0.12177515908645326,0.7733912351038671,86.0,,,,,,,,,,,,,,,,,,,,,,,,,,,,,,,,,,,,,,,,,,,,,,,,,,,,,,,,,,,,,,,,
O4,vol~w_gdp_vol_yoy|coin|full|placebo,,1.9836377114785833,,2.6209377265528007,0.1379722726023922,0.12593703148425786,0.1255,,,,,,,,,,,,,,,,,,,,,,,,,,,,,,,,,,,,,,,,,,,,,,,,,,,,,,,,,,,,
O4,vol~w_gdp_vol_yoy|coin|exepi|placebo,,1.3316237144219774,,2.6946379141021435,0.3327617971329113,0.3078460769615192,0.1475,,,,,,,,,,,,,,,,,,,,,,,,,,,,,,,,,,,,,,,,,,,,,,,,,,,,,,,,,,,,
O4,vol_proxy_rt1_scan,,,,,,,,,,,,,,,,,,,,,,,,,,,,,,,,,,,,,,,,,,,,,,,,,,,,,,,,,,,,195.0,0.0,se_cpi_food_idx__yoy,3.935650389521765,0.0037881387210871864,,,
O4,vol_proxy_rt2_scan,,,,,,,,,,,,,,,,,,,,,,,,,,,,,,,,,,,,,,,,,,,,,,,,,,,,,,,,,,,,195.0,0.0,w_ec_food_retail_sell_price_exp_lvl,4.107214796191706,0.002755523810714866,,,
O4,OOS|w_unemp_d4|og|h1|full2010,,,66.0,,,,,,,,,,,,,,,,,,,,,,,,,,,,,,,,,,,,,,,,,3.3514523769283886,3.3336728877117947,0.9946949897486269,0.010581877368978976,0.8877839621462223,0.18732848572878746,,,,,,,,,,,,,,,,,,
O4,OOS|w_unemp_d4|og|h1|exepi,,,56.0,,,,,,,,,,,,,,,,,,,,,,,,,,,,,,,,,,,,,,,,,2.913645250592197,2.914964337486615,1.0004527273504384,-0.0009056596629306579,0.771873062037529,0.22009480671471238,,,,,,,,,,,,,,,,,,
O4,OOS|w_unemp_d4|og|h1|excovid+exepi,,,50.0,,,,,,,,,,,,,,,,,,,,,,,,,,,,,,,,,,,,,,,,,2.558119904898054,2.565518225570469,1.0028920930008987,-0.005792550203723046,0.441133992800173,0.32955799783258366,,,,,,,,,,,,,,,,,,
O4,OOS|w_unemp_d4|og|h1|2015+,,,46.0,,,,,,,,,,,,,,,,,,,,,,,,,,,,,,,,,,,,,,,,,3.491795855332915,3.4132433282621837,0.977503688553052,0.04448653886517784,1.6345027976138726,0.05107665964887631,,,,,,,,,,,,,,,,,,
O4,OOS|w_unemp_d4|d_og|h1|full2010,,,66.0,,,,,,,,,,,,,,,,,,,,,,,,,,,,,,,,,,,,,,,,,3.352970609442759,3.3623183949426725,1.0027879115532918,-0.005583595557412613,0.3416550570983966,0.3663052490536707,,,,,,,,,,,,,,,,,,
O4,OOS|w_unemp_d4|d_og|h1|exepi,,,56.0,,,,,,,,,,,,,,,,,,,,,,,,,,,,,,,,,,,,,,,,,2.904001046580148,2.925822874605734,1.0075144008819434,-0.015085267984501494,0.19389985790854544,0.42312714747987057,,,,,,,,,,,,,,,,,,
O4,OOS|w_unemp_d4|d_og|h1|excovid+exepi,,,50.0,,,,,,,,,,,,,,,,,,,,,,,,,,,,,,,,,,,,,,,,,2.52315370320402,2.5611498856025534,1.0150590042732173,-0.03034478215613534,-0.07695162302046214,0.5306689849860915,,,,,,,,,,,,,,,,,,
O4,OOS|w_unemp_d4|d_og|h1|2015+,,,46.0,,,,,,,,,,,,,,,,,,,,,,,,,,,,,,,,,,,,,,,,,3.5432978478792756,3.4842427875003836,0.9833333061700592,0.0330556089766606,1.4786613314730912,0.06961542598778481,,,,,,,,,,,,,,,,,,
O4,OOS|w_unemp_d4|og|h2|full2010,,,66.0,,,,,,,,,,,,,,,,,,,,,,,,,,,,,,,,,,,,,,,,,3.6104284326465317,3.4944316113650102,0.9678717295064916,0.0632243152221128,1.9385979558796669,0.026275156329801597,,,,,,,,,,,,,,,,,,
O4,OOS|w_unemp_d4|og|h2|exepi,,,56.0,,,,,,,,,,,,,,,,,,,,,,,,,,,,,,,,,,,,,,,,,3.2255537855756793,3.062203982460458,0.94935759439334,0.09872015796769051,5.3824651905052905,3.673629422884517e-08,,,,,,,,,,,,,,,,,,
O4,OOS|w_unemp_d4|og|h2|excovid+exepi,,,50.0,,,,,,,,,,,,,,,,,,,,,,,,,,,,,,,,,,,,,,,,,3.032346644728353,2.8245838213791905,0.9314844746690316,0.13233667345055822,5.290887054386016,6.086226178592113e-08,,,,,,,,,,,,,,,,,,
O4,OOS|w_unemp_d4|og|h2|2015+,,,46.0,,,,,,,,,,,,,,,,,,,,,,,,,,,,,,,,,,,,,,,,,3.5413105899715434,3.459717966545802,0.976959766348425,0.04554961493643095,1.3086530101365506,0.09532595783430264,,,,,,,,,,,,,,,,,,
O4,OOS|w_unemp_d4|d_og|h2|full2010,,,66.0,,,,,,,,,,,,,,,,,,,,,,,,,,,,,,,,,,,,,,,,,3.5579971856734045,3.522882168522735,0.9901306787728604,0.019641238952794682,1.1508783473191657,0.1248911434152844,,,,,,,,,,,,,,,,,,
O4,OOS|w_unemp_d4|d_og|h2|exepi,,,56.0,,,,,,,,,,,,,,,,,,,,,,,,,,,,,,,,,,,,,,,,,3.179181049568996,3.0999480184596737,0.975077534159288,0.04922380237784252,2.172199684714072,0.014920302232027227,,,,,,,,,,,,,,,,,,
O4,OOS|w_unemp_d4|d_og|h2|excovid+exepi,,,50.0,,,,,,,,,,,,,,,,,,,,,,,,,,,,,,,,,,,,,,,,,2.971342487646024,2.878141712580097,0.9686334458402461,0.06174924759965095,1.8562624175813889,0.0317080815810481,,,,,,,,,,,,,,,,,,
O4,OOS|w_unemp_d4|d_og|h2|2015+,,,46.0,,,,,,,,,,,,,,,,,,,,,,,,,,,,,,,,,,,,,,,,,3.5493623875254023,3.483249506319259,0.9813733076570305,0.03690643101829949,1.210630349333586,0.1130185536410222,,,,,,,,,,,,,,,,,,
O4,og~w_unemp_d4|rt2|full,-1.906766146184677,-2.4024240378471995,102.0,,,,,,,,,,,,,,,,,,,,,,,,,,,,,,,,,,,,,,,,,,,,,,,,,,,,,,,,,,,,,,,,
O4,vol_proxy~w_unemp_d4|rt2|full,0.5879511628308007,0.6620215185179887,102.0,,,,,,,,,,,,,,,,,,,,,,,,,,,,,,,,,,,,,,,,,,,,,,,,,,,,,,,,,,,,,,,,
O4,og~w_unemp_d4|rt2|exepi,-1.5742184805996895,-2.4650808183369954,92.0,,,,,,,,,,,,,,,,,,,,,,,,,,,,,,,,,,,,,,,,,,,,,,,,,,,,,,,,,,,,,,,,
O4,vol_proxy~w_unemp_d4|rt2|exepi,-0.6820790869632993,-1.1059021183439433,92.0,,,,,,,,,,,,,,,,,,,,,,,,,,,,,,,,,,,,,,,,,,,,,,,,,,,,,,,,,,,,,,,,
O4,og~w_unemp_d4|rt2|exepi+excovid,-1.6235896305726,-2.476579660656541,86.0,,,,,,,,,,,,,,,,,,,,,,,,,,,,,,,,,,,,,,,,,,,,,,,,,,,,,,,,,,,,,,,,
O4,vol_proxy~w_unemp_d4|rt2|exepi+excovid,-0.8285105326331333,-1.3680725971505974,86.0,,,,,,,,,,,,,,,,,,,,,,,,,,,,,,,,,,,,,,,,,,,,,,,,,,,,,,,,,,,,,,,,
O5,"corr(d_og, og_t-4)",,,98.0,,,,,,,,,,,,,,,,,,,,,,,,,,,,,,,,,,,,,,-0.6432968089568419,,,,,,,,,,,,,,,,,,,,,,,,0.16262706812548156,-0.6470598627153898,
O5,acf_og_lag1,,,,,,,,,,,,,,,,,,,,,,,,,,,,,,,,,,,,,,,,,0.5090604505966386,,,,,,,,,,,,,,,,,,,,,,,,,,
O5,acf_og_lag2,,,,,,,,,,,,,,,,,,,,,,,,,,,,,,,,,,,,,,,,,0.4915385853485499,,,,,,,,,,,,,,,,,,,,,,,,,,
O5,acf_og_lag4,,,,,,,,,,,,,,,,,,,,,,,,,,,,,,,,,,,,,,,,,0.16262706812548156,,,,,,,,,,,,,,,,,,,,,,,,,,
O5,OOS|oglevelAR_for_d_og|h0|full2010,,,66.0,,,,,,,,,,,,,,,,,,,,,,,,,,,,,,,,,,,,,,,,,,,,,,,,,,,,,,,,,,,,,,,,0.48548562848731636
O5,OOS|oglevelAR_for_d_og|h0|exepi,,,56.0,,,,,,,,,,,,,,,,,,,,,,,,,,,,,,,,,,,,,,,,,,,,,,,,,,,,,,,,,,,,,,,,0.5038538030368349
O5,OOS|oglevelAR_for_d_og|h0|excovid+exepi,,,50.0,,,,,,,,,,,,,,,,,,,,,,,,,,,,,,,,,,,,,,,,,,,,,,,,,,,,,,,,,,,,,,,,0.541641924769883
O5,OOS|oglevelAR_for_d_og|h0|2015+,,,46.0,,,,,,,,,,,,,,,,,,,,,,,,,,,,,,,,,,,,,,,,,,,,,,,,,,,,,,,,,,,,,,,,0.5289052377658539
O5,OOS|og_AR_vs_mean|h0,,,66.0,,,,,,,,,,,,,,,,,,,,,,,,,,,,,,,,,,,,,,,,,3.8087995587156662,3.2974507379490916,0.8657454106251256,0.2504848839815328,2.1157380880394734,0.017183544640846704,,,,,,,,,,,,,,,,,,
O5,OOS|oglevelAR_for_d_og|h1|full2010,,,66.0,,,,,,,,,,,,,,,,,,,,,,,,,,,,,,,,,,,,,,,,,,,,,,,,,,,,,,,,,,,,,,,,0.47039400308775015
O5,OOS|oglevelAR_for_d_og|h1|exepi,,,56.0,,,,,,,,,,,,,,,,,,,,,,,,,,,,,,,,,,,,,,,,,,,,,,,,,,,,,,,,,,,,,,,,0.5866646509608588
O5,OOS|oglevelAR_for_d_og|h1|excovid+exepi,,,50.0,,,,,,,,,,,,,,,,,,,,,,,,,,,,,,,,,,,,,,,,,,,,,,,,,,,,,,,,,,,,,,,,0.593425598401359
O5,OOS|oglevelAR_for_d_og|h1|2015+,,,46.0,,,,,,,,,,,,,,,,,,,,,,,,,,,,,,,,,,,,,,,,,,,,,,,,,,,,,,,,,,,,,,,,0.4469392635944307
O5,OOS|og_AR_vs_mean|h1,,,66.0,,,,,,,,,,,,,,,,,,,,,,,,,,,,,,,,,,,,,,,,,3.849689260738697,3.3514523769283886,0.8705773764933161,0.24209503153801493,2.7906470243304615,0.0026301401744611708,,,,,,,,,,,,,,,,,,
O5,OOS|oglevelAR_for_d_og|h2|full2010,,,66.0,,,,,,,,,,,,,,,,,,,,,,,,,,,,,,,,,,,,,,,,,,,,,,,,,,,,,,,,,,,,,,,,0.40364536184894706
O5,OOS|oglevelAR_for_d_og|h2|exepi,,,56.0,,,,,,,,,,,,,,,,,,,,,,,,,,,,,,,,,,,,,,,,,,,,,,,,,,,,,,,,,,,,,,,,0.5046187857332982
O5,OOS|oglevelAR_for_d_og|h2|excovid+exepi,,,50.0,,,,,,,,,,,,,,,,,,,,,,,,,,,,,,,,,,,,,,,,,,,,,,,,,,,,,,,,,,,,,,,,0.4361571949311256
O5,OOS|oglevelAR_for_d_og|h2|2015+,,,46.0,,,,,,,,,,,,,,,,,,,,,,,,,,,,,,,,,,,,,,,,,,,,,,,,,,,,,,,,,,,,,,,,0.44504445868087683
O5,OOS|og_AR_vs_mean|h2,,,66.0,,,,,,,,,,,,,,,,,,,,,,,,,,,,,,,,,,,,,,,,,3.8893031403139,3.6104284326465317,0.9282969988179268,0.13826468198563002,1.8351536283685703,0.03324146487547297,,,,,,,,,,,,,,,,,,
O5,d_og~w_food_cpi_xvat_dyoy|coin|full|HAC4|wls,0.3298875147925144,4.679687804569794,98.0,,,,,,,,,,,,,,,,,,,,,,,,,,,,,,,,,,,,,,,,,,,,,,,,,,,,,,,,,,,,,,,,
O5,d_og~w_food_cpi_xvat_dyoy|coin|full|HAC4|ols,0.3482220544264734,4.471884637214569,98.0,,,,,,,,,,,,,,,,,,,,,,,,,,,,,,,,,,,,,,,,,,,,,,,,,,,,,,,,,,,,,,,,
O5,d_og~w_food_cpi_xvat_dyoy|coin|full|HAC8|wls,0.3298875147925144,5.690263486664929,98.0,,,,,,,,,,,,,,,,,,,,,,,,,,,,,,,,,,,,,,,,,,,,,,,,,,,,,,,,,,,,,,,,
O5,d_og~w_food_cpi_xvat_dyoy|coin|exepi|HAC4|wls,0.4396220616016623,4.658379289899121,88.0,,,,,,,,,,,,,,,,,,,,,,,,,,,,,,,,,,,,,,,,,,,,,,,,,,,,,,,,,,,,,,,,
O5,d_og~w_food_cpi_xvat_dyoy|coin|exepi|HAC4|ols,0.46387847085826434,4.279840074782771,88.0,,,,,,,,,,,,,,,,,,,,,,,,,,,,,,,,,,,,,,,,,,,,,,,,,,,,,,,,,,,,,,,,
O5,d_og~w_food_cpi_xvat_dyoy|coin|exepi|HAC8|wls,0.4396220616016623,4.374323103385028,88.0,,,,,,,,,,,,,,,,,,,,,,,,,,,,,,,,,,,,,,,,,,,,,,,,,,,,,,,,,,,,,,,,
O5,d_og~w_food_cpi_xvat_dyoy|coin|exepi+excovid|HAC4|wls,0.4252160158583506,4.6326951976815955,82.0,,,,,,,,,,,,,,,,,,,,,,,,,,,,,,,,,,,,,,,,,,,,,,,,,,,,,,,,,,,,,,,,
O5,d_og~w_food_cpi_xvat_dyoy|coin|exepi+excovid|HAC4|ols,0.4523190697386404,4.202921971342882,82.0,,,,,,,,,,,,,,,,,,,,,,,,,,,,,,,,,,,,,,,,,,,,,,,,,,,,,,,,,,,,,,,,
O5,d_og~w_food_cpi_xvat_dyoy|coin|exepi+excovid|HAC8|wls,0.4252160158583506,4.294586894575697,82.0,,,,,,,,,,,,,,,,,,,,,,,,,,,,,,,,,,,,,,,,,,,,,,,,,,,,,,,,,,,,,,,,
O5,d_og~w_food_cpi_xvat_dyoy|coin|exbreak|HAC4|wls,0.5091930900907456,4.000031536912045,79.0,,,,,,,,,,,,,,,,,,,,,,,,,,,,,,,,,,,,,,,,,,,,,,,,,,,,,,,,,,,,,,,,
O5,d_og~w_food_cpi_xvat_dyoy|coin|exbreak|HAC4|ols,0.5203624003667463,4.007450355112112,79.0,,,,,,,,,,,,,,,,,,,,,,,,,,,,,,,,,,,,,,,,,,,,,,,,,,,,,,,,,,,,,,,,
O5,d_og~w_food_cpi_xvat_dyoy|coin|exbreak|HAC8|wls,0.5091930900907456,3.969298359054493,79.0,,,,,,,,,,,,,,,,,,,,,,,,,,,,,,,,,,,,,,,,,,,,,,,,,,,,,,,,,,,,,,,,
O5,d_og~w_food_cpi_xvat_dyoy|coin|full|placebo,,4.679687804569794,,2.839109327742008,0.0012353174388632926,0.00399800099950025,0.1505,,,,,,,,,,,,,,,,,,,,,,,,,,,,,,,,,,,,,,,,,,,,,,,,,,,,,,,,,,,,
O5,d_og~w_food_cpi_xvat_dyoy|coin|exepi|placebo,,4.658379289899121,,2.730761688813035,0.0008273371675544539,0.004997501249375313,0.1395,,,,,,,,,,,,,,,,,,,,,,,,,,,,,,,,,,,,,,,,,,,,,,,,,,,,,,,,,,,,
O5,d_og~w_food_cpi_xvat_dyoy|coin|full|ctrl_og(t-4),0.2702580705257123,2.558550388129156,,,,,,,,,,,,,,,,,,,,,,,,,,,,,,,,,,,,,,,,,,,,,,,,,,,,,,,,,,,,,,,,,
O5,d_og~w_food_cpi_xvat_dyoy|coin|exepi|ctrl_og(t-4),0.061616220964573795,0.4343063146073058,,,,,,,,,,,,,,,,,,,,,,,,,,,,,,,,,,,,,,,,,,,,,,,,,,,,,,,,,,,,,,,,,
O5,d_og~w_food_cpi_xvat_dyoy|rt0|full|HAC4|wls,0.24174561618150617,3.45928868890141,98.0,,,,,,,,,,,,,,,,,,,,,,,,,,,,,,,,,,,,,,,,,,,,,,,,,,,,,,,,,,,,,,,,
O5,d_og~w_food_cpi_xvat_dyoy|rt0|full|HAC4|ols,0.24756440878616487,3.4901568850225333,98.0,,,,,,,,,,,,,,,,,,,,,,,,,,,,,,,,,,,,,,,,,,,,,,,,,,,,,,,,,,,,,,,,
O5,d_og~w_food_cpi_xvat_dyoy|rt0|full|HAC8|wls,0.24174561618150617,3.7733007339169435,98.0,,,,,,,,,,,,,,,,,,,,,,,,,,,,,,,,,,,,,,,,,,,,,,,,,,,,,,,,,,,,,,,,
O5,d_og~w_food_cpi_xvat_dyoy|rt0|exepi|HAC4|wls,0.37825731424163567,5.032379375085623,88.0,,,,,,,,,,,,,,,,,,,,,,,,,,,,,,,,,,,,,,,,,,,,,,,,,,,,,,,,,,,,,,,,
O5,d_og~w_food_cpi_xvat_dyoy|rt0|exepi|HAC4|ols,0.36834269330630987,4.345035099270214,88.0,,,,,,,,,,,,,,,,,,,,,,,,,,,,,,,,,,,,,,,,,,,,,,,,,,,,,,,,,,,,,,,,
O5,d_og~w_food_cpi_xvat_dyoy|rt0|exepi|HAC8|wls,0.37825731424163567,5.227588148708448,88.0,,,,,,,,,,,,,,,,,,,,,,,,,,,,,,,,,,,,,,,,,,,,,,,,,,,,,,,,,,,,,,,,
O5,d_og~w_food_cpi_xvat_dyoy|rt0|exepi+excovid|HAC4|wls,0.39426746067235696,5.272535143153165,82.0,,,,,,,,,,,,,,,,,,,,,,,,,,,,,,,,,,,,,,,,,,,,,,,,,,,,,,,,,,,,,,,,
O5,d_og~w_food_cpi_xvat_dyoy|rt0|exepi+excovid|HAC4|ols,0.38178819064719954,4.530110426100134,82.0,,,,,,,,,,,,,,,,,,,,,,,,,,,,,,,,,,,,,,,,,,,,,,,,,,,,,,,,,,,,,,,,
O5,d_og~w_food_cpi_xvat_dyoy|rt0|exepi+excovid|HAC8|wls,0.39426746067235696,5.37774409500884,82.0,,,,,,,,,,,,,,,,,,,,,,,,,,,,,,,,,,,,,,,,,,,,,,,,,,,,,,,,,,,,,,,,
O5,d_og~w_food_cpi_xvat_dyoy|rt0|exbreak|HAC4|wls,0.41869693070832087,5.30602501022728,79.0,,,,,,,,,,,,,,,,,,,,,,,,,,,,,,,,,,,,,,,,,,,,,,,,,,,,,,,,,,,,,,,,
O5,d_og~w_food_cpi_xvat_dyoy|rt0|exbreak|HAC4|ols,0.4190406236440678,5.203034893700502,79.0,,,,,,,,,,,,,,,,,,,,,,,,,,,,,,,,,,,,,,,,,,,,,,,,,,,,,,,,,,,,,,,,
O5,d_og~w_food_cpi_xvat_dyoy|rt0|exbreak|HAC8|wls,0.41869693070832087,5.987581670880684,79.0,,,,,,,,,,,,,,,,,,,,,,,,,,,,,,,,,,,,,,,,,,,,,,,,,,,,,,,,,,,,,,,,
O5,d_og~w_food_cpi_xvat_dyoy|rt0|full|placebo,,3.45928868890141,,2.839109327742008,0.016935662928363238,0.02048975512243878,0.1505,,,,,,,,,,,,,,,,,,,,,,,,,,,,,,,,,,,,,,,,,,,,,,,,,,,,,,,,,,,,
O5,d_og~w_food_cpi_xvat_dyoy|rt0|exepi|placebo,,5.032379375085623,,2.730761688813035,0.0003039427810458406,0.001999000499750125,0.1395,,,,,,,,,,,,,,,,,,,,,,,,,,,,,,,,,,,,,,,,,,,,,,,,,,,,,,,,,,,,
O5,d_og~w_food_cpi_xvat_dyoy|rt0|full|ctrl_og(t-4),0.25876792725832515,2.484592165139446,,,,,,,,,,,,,,,,,,,,,,,,,,,,,,,,,,,,,,,,,,,,,,,,,,,,,,,,,,,,,,,,,
O5,d_og~w_food_cpi_xvat_dyoy|rt0|exepi|ctrl_og(t-4),0.058533577895449815,0.42841874731791674,,,,,,,,,,,,,,,,,,,,,,,,,,,,,,,,,,,,,,,,,,,,,,,,,,,,,,,,,,,,,,,,,
O5,d_og~nw_food_cpi_xvat_dyoy|coin|full|HAC4|wls,0.2988552734442439,3.616723451132972,98.0,,,,,,,,,,,,,,,,,,,,,,,,,,,,,,,,,,,,,,,,,,,,,,,,,,,,,,,,,,,,,,,,
O5,d_og~nw_food_cpi_xvat_dyoy|coin|full|HAC4|ols,0.3066946475202558,3.6099845717235164,98.0,,,,,,,,,,,,,,,,,,,,,,,,,,,,,,,,,,,,,,,,,,,,,,,,,,,,,,,,,,,,,,,,
O5,d_og~nw_food_cpi_xvat_dyoy|coin|full|HAC8|wls,0.2988552734442439,4.812616729163824,98.0,,,,,,,,,,,,,,,,,,,,,,,,,,,,,,,,,,,,,,,,,,,,,,,,,,,,,,,,,,,,,,,,
O5,d_og~nw_food_cpi_xvat_dyoy|coin|exepi|HAC4|wls,0.42849541853779727,3.242453866903454,88.0,,,,,,,,,,,,,,,,,,,,,,,,,,,,,,,,,,,,,,,,,,,,,,,,,,,,,,,,,,,,,,,,
O5,d_og~nw_food_cpi_xvat_dyoy|coin|exepi|HAC4|ols,0.4229986170906612,3.0771474040498714,88.0,,,,,,,,,,,,,,,,,,,,,,,,,,,,,,,,,,,,,,,,,,,,,,,,,,,,,,,,,,,,,,,,
O5,d_og~nw_food_cpi_xvat_dyoy|coin|exepi|HAC8|wls,0.42849541853779727,3.540780957890316,88.0,,,,,,,,,,,,,,,,,,,,,,,,,,,,,,,,,,,,,,,,,,,,,,,,,,,,,,,,,,,,,,,,
O5,d_og~nw_food_cpi_xvat_dyoy|coin|exepi+excovid|HAC4|wls,0.4551613090939288,3.558005901680307,82.0,,,,,,,,,,,,,,,,,,,,,,,,,,,,,,,,,,,,,,,,,,,,,,,,,,,,,,,,,,,,,,,,
O5,d_og~nw_food_cpi_xvat_dyoy|coin|exepi+excovid|HAC4|ols,0.44526933320971973,3.262121290650547,82.0,,,,,,,,,,,,,,,,,,,,,,,,,,,,,,,,,,,,,,,,,,,,,,,,,,,,,,,,,,,,,,,,
O5,d_og~nw_food_cpi_xvat_dyoy|coin|exepi+excovid|HAC8|wls,0.4551613090939288,3.8054812672758285,82.0,,,,,,,,,,,,,,,,,,,,,,,,,,,,,,,,,,,,,,,,,,,,,,,,,,,,,,,,,,,,,,,,
O5,d_og~nw_food_cpi_xvat_dyoy|coin|exbreak|HAC4|wls,0.5515903835033551,4.150251985121387,79.0,,,,,,,,,,,,,,,,,,,,,,,,,,,,,,,,,,,,,,,,,,,,,,,,,,,,,,,,,,,,,,,,
O5,d_og~nw_food_cpi_xvat_dyoy|coin|exbreak|HAC4|ols,0.535350713704349,4.167645876138926,79.0,,,,,,,,,,,,,,,,,,,,,,,,,,,,,,,,,,,,,,,,,,,,,,,,,,,,,,,,,,,,,,,,
O5,d_og~nw_food_cpi_xvat_dyoy|coin|exbreak|HAC8|wls,0.5515903835033551,4.649166471129706,79.0,,,,,,,,,,,,,,,,,,,,,,,,,,,,,,,,,,,,,,,,,,,,,,,,,,,,,,,,,,,,,,,,
O5,d_og~nw_food_cpi_xvat_dyoy|coin|full|placebo,,3.616723451132972,,2.747286784073801,0.009873286767470457,0.01199400299850075,0.133,,,,,,,,,,,,,,,,,,,,,,,,,,,,,,,,,,,,,,,,,,,,,,,,,,,,,,,,,,,,
O5,d_og~nw_food_cpi_xvat_dyoy|coin|exepi|placebo,,3.242453866903454,,2.658669569497101,0.016833322548615248,0.019490254872563718,0.131,,,,,,,,,,,,,,,,,,,,,,,,,,,,,,,,,,,,,,,,,,,,,,,,,,,,,,,,,,,,
O5,d_og~nw_food_cpi_xvat_dyoy|coin|full|ctrl_og(t-4),0.3119140166680797,3.1082195122308445,,,,,,,,,,,,,,,,,,,,,,,,,,,,,,,,,,,,,,,,,,,,,,,,,,,,,,,,,,,,,,,,,
O5,d_og~nw_food_cpi_xvat_dyoy|coin|exepi|ctrl_og(t-4),0.06698142642997554,0.4259262080772548,,,,,,,,,,,,,,,,,,,,,,,,,,,,,,,,,,,,,,,,,,,,,,,,,,,,,,,,,,,,,,,,,
O5,d_og~nw_food_ppi_dyoy|rt0|full|HAC4|wls,0.3175476978798719,4.526732167616722,97.0,,,,,,,,,,,,,,,,,,,,,,,,,,,,,,,,,,,,,,,,,,,,,,,,,,,,,,,,,,,,,,,,
O5,d_og~nw_food_ppi_dyoy|rt0|full|HAC4|ols,0.35218488950952587,4.278919021164576,97.0,,,,,,,,,,,,,,,,,,,,,,,,,,,,,,,,,,,,,,,,,,,,,,,,,,,,,,,,,,,,,,,,
O5,d_og~nw_food_ppi_dyoy|rt0|full|HAC8|wls,0.3175476978798719,5.180662233583231,97.0,,,,,,,,,,,,,,,,,,,,,,,,,,,,,,,,,,,,,,,,,,,,,,,,,,,,,,,,,,,,,,,,
O5,d_og~nw_food_ppi_dyoy|rt0|exepi|HAC4|wls,0.42499631460853166,5.656000683904063,87.0,,,,,,,,,,,,,,,,,,,,,,,,,,,,,,,,,,,,,,,,,,,,,,,,,,,,,,,,,,,,,,,,
O5,d_og~nw_food_ppi_dyoy|rt0|exepi|HAC4|ols,0.4745774266094664,4.65644847598742,87.0,,,,,,,,,,,,,,,,,,,,,,,,,,,,,,,,,,,,,,,,,,,,,,,,,,,,,,,,,,,,,,,,
O5,d_og~nw_food_ppi_dyoy|rt0|exepi|HAC8|wls,0.42499631460853166,5.681553398982154,87.0,,,,,,,,,,,,,,,,,,,,,,,,,,,,,,,,,,,,,,,,,,,,,,,,,,,,,,,,,,,,,,,,
O5,d_og~nw_food_ppi_dyoy|rt0|exepi+excovid|HAC4|wls,0.418950081972997,5.774787477279552,81.0,,,,,,,,,,,,,,,,,,,,,,,,,,,,,,,,,,,,,,,,,,,,,,,,,,,,,,,,,,,,,,,,
O5,d_og~nw_food_ppi_dyoy|rt0|exepi+excovid|HAC4|ols,0.46929932613291936,4.675990134242649,81.0,,,,,,,,,,,,,,,,,,,,,,,,,,,,,,,,,,,,,,,,,,,,,,,,,,,,,,,,,,,,,,,,
O5,d_og~nw_food_ppi_dyoy|rt0|exepi+excovid|HAC8|wls,0.418950081972997,5.796960591551179,81.0,,,,,,,,,,,,,,,,,,,,,,,,,,,,,,,,,,,,,,,,,,,,,,,,,,,,,,,,,,,,,,,,
O5,d_og~nw_food_ppi_dyoy|rt0|exbreak|HAC4|wls,0.47897199616540626,4.370268187109121,78.0,,,,,,,,,,,,,,,,,,,,,,,,,,,,,,,,,,,,,,,,,,,,,,,,,,,,,,,,,,,,,,,,
O5,d_og~nw_food_ppi_dyoy|rt0|exbreak|HAC4|ols,0.49756725339609426,4.261545633016704,78.0,,,,,,,,,,,,,,,,,,,,,,,,,,,,,,,,,,,,,,,,,,,,,,,,,,,,,,,,,,,,,,,,
O5,d_og~nw_food_ppi_dyoy|rt0|exbreak|HAC8|wls,0.47897199616540626,4.42208217839986,78.0,,,,,,,,,,,,,,,,,,,,,,,,,,,,,,,,,,,,,,,,,,,,,,,,,,,,,,,,,,,,,,,,
O5,d_og~nw_food_ppi_dyoy|rt0|full|placebo,,4.526732167616722,,2.901834867485828,0.002232244977756759,0.005997001499250375,0.1565,,,,,,,,,,,,,,,,,,,,,,,,,,,,,,,,,,,,,,,,,,,,,,,,,,,,,,,,,,,,
O5,d_og~nw_food_ppi_dyoy|rt0|exepi|placebo,,5.656000683904063,,2.825739631086332,8.742987496068721e-05,0.0014992503748125937,0.1465,,,,,,,,,,,,,,,,,,,,,,,,,,,,,,,,,,,,,,,,,,,,,,,,,,,,,,,,,,,,
O5,d_og~nw_food_ppi_dyoy|rt0|full|ctrl_og(t-4),0.25610418985702993,2.4376036189430934,,,,,,,,,,,,,,,,,,,,,,,,,,,,,,,,,,,,,,,,,,,,,,,,,,,,,,,,,,,,,,,,,
O5,d_og~nw_food_ppi_dyoy|rt0|exepi|ctrl_og(t-4),0.022335962757942807,0.17009551872050846,,,,,,,,,,,,,,,,,,,,,,,,,,,,,,,,,,,,,,,,,,,,,,,,,,,,,,,,,,,,,,,,,
O5,d_og~w_food_ppi_dyoy|rt0|full|HAC4|wls,0.28249781605091623,4.923243947729079,97.0,,,,,,,,,,,,,,,,,,,,,,,,,,,,,,,,,,,,,,,,,,,,,,,,,,,,,,,,,,,,,,,,
O5,d_og~w_food_ppi_dyoy|rt0|full|HAC4|ols,0.30323366271875574,4.59601340211605,97.0,,,,,,,,,,,,,,,,,,,,,,,,,,,,,,,,,,,,,,,,,,,,,,,,,,,,,,,,,,,,,,,,
O5,d_og~w_food_ppi_dyoy|rt0|full|HAC8|wls,0.28249781605091623,5.449910401703993,97.0,,,,,,,,,,,,,,,,,,,,,,,,,,,,,,,,,,,,,,,,,,,,,,,,,,,,,,,,,,,,,,,,
O5,d_og~w_food_ppi_dyoy|rt0|exepi|HAC4|wls,0.3475370857236974,5.584433302569344,87.0,,,,,,,,,,,,,,,,,,,,,,,,,,,,,,,,,,,,,,,,,,,,,,,,,,,,,,,,,,,,,,,,
O5,d_og~w_food_ppi_dyoy|rt0|exepi|HAC4|ols,0.3758813203365214,4.692564010771451,87.0,,,,,,,,,,,,,,,,,,,,,,,,,,,,,,,,,,,,,,,,,,,,,,,,,,,,,,,,,,,,,,,,
O5,d_og~w_food_ppi_dyoy|rt0|exepi|HAC8|wls,0.3475370857236974,5.466752994136034,87.0,,,,,,,,,,,,,,,,,,,,,,,,,,,,,,,,,,,,,,,,,,,,,,,,,,,,,,,,,,,,,,,,
O5,d_og~w_food_ppi_dyoy|rt0|exepi+excovid|HAC4|wls,0.33201620588652353,5.73938996859807,81.0,,,,,,,,,,,,,,,,,,,,,,,,,,,,,,,,,,,,,,,,,,,,,,,,,,,,,,,,,,,,,,,,
O5,d_og~w_food_ppi_dyoy|rt0|exepi+excovid|HAC4|ols,0.3621990263181262,4.7090706508901174,81.0,,,,,,,,,,,,,,,,,,,,,,,,,,,,,,,,,,,,,,,,,,,,,,,,,,,,,,,,,,,,,,,,
O5,d_og~w_food_ppi_dyoy|rt0|exepi+excovid|HAC8|wls,0.33201620588652353,5.676632826630171,81.0,,,,,,,,,,,,,,,,,,,,,,,,,,,,,,,,,,,,,,,,,,,,,,,,,,,,,,,,,,,,,,,,
O5,d_og~w_food_ppi_dyoy|rt0|exbreak|HAC4|wls,0.4010062758669617,4.127807802685526,78.0,,,,,,,,,,,,,,,,,,,,,,,,,,,,,,,,,,,,,,,,,,,,,,,,,,,,,,,,,,,,,,,,
O5,d_og~w_food_ppi_dyoy|rt0|exbreak|HAC4|ols,0.4120378327425237,4.024739156805141,78.0,,,,,,,,,,,,,,,,,,,,,,,,,,,,,,,,,,,,,,,,,,,,,,,,,,,,,,,,,,,,,,,,
O5,d_og~w_food_ppi_dyoy|rt0|exbreak|HAC8|wls,0.4010062758669617,4.024303422830548,78.0,,,,,,,,,,,,,,,,,,,,,,,,,,,,,,,,,,,,,,,,,,,,,,,,,,,,,,,,,,,,,,,,
O5,d_og~w_food_ppi_dyoy|rt0|full|placebo,,4.923243947729079,,2.906241618965628,0.000899443904394337,0.0024987506246876563,0.1565,,,,,,,,,,,,,,,,,,,,,,,,,,,,,,,,,,,,,,,,,,,,,,,,,,,,,,,,,,,,
O5,d_og~w_food_ppi_dyoy|rt0|exepi|placebo,,5.584433302569344,,2.905454208692671,0.00016512033856153074,0.0014992503748125937,0.147,,,,,,,,,,,,,,,,,,,,,,,,,,,,,,,,,,,,,,,,,,,,,,,,,,,,,,,,,,,,
O5,d_og~w_food_ppi_dyoy|rt0|full|ctrl_og(t-4),0.21614963658541056,2.241077336151281,,,,,,,,,,,,,,,,,,,,,,,,,,,,,,,,,,,,,,,,,,,,,,,,,,,,,,,,,,,,,,,,,
O5,d_og~w_food_ppi_dyoy|rt0|exepi|ctrl_og(t-4),0.01993933522286237,0.18699639075075222,,,,,,,,,,,,,,,,,,,,,,,,,,,,,,,,,,,,,,,,,,,,,,,,,,,,,,,,,,,,,,,,,
O5,d_og~nw_food_ppi_dyoy|coin|full|HAC4|wls,0.3803331863053264,4.543787069478958,98.0,,,,,,,,,,,,,,,,,,,,,,,,,,,,,,,,,,,,,,,,,,,,,,,,,,,,,,,,,,,,,,,,
O5,d_og~nw_food_ppi_dyoy|coin|full|HAC4|ols,0.42649708094191185,4.267049619541234,98.0,,,,,,,,,,,,,,,,,,,,,,,,,,,,,,,,,,,,,,,,,,,,,,,,,,,,,,,,,,,,,,,,
O5,d_og~nw_food_ppi_dyoy|coin|full|HAC8|wls,0.3803331863053264,5.026454436718342,98.0,,,,,,,,,,,,,,,,,,,,,,,,,,,,,,,,,,,,,,,,,,,,,,,,,,,,,,,,,,,,,,,,
O5,d_og~nw_food_ppi_dyoy|coin|exepi|HAC4|wls,0.5285051990738829,6.140384351446963,88.0,,,,,,,,,,,,,,,,,,,,,,,,,,,,,,,,,,,,,,,,,,,,,,,,,,,,,,,,,,,,,,,,
O5,d_og~nw_food_ppi_dyoy|coin|exepi|HAC4|ols,0.6114954606846899,5.004875838022424,88.0,,,,,,,,,,,,,,,,,,,,,,,,,,,,,,,,,,,,,,,,,,,,,,,,,,,,,,,,,,,,,,,,
O5,d_og~nw_food_ppi_dyoy|coin|exepi|HAC8|wls,0.5285051990738829,6.335009489867939,88.0,,,,,,,,,,,,,,,,,,,,,,,,,,,,,,,,,,,,,,,,,,,,,,,,,,,,,,,,,,,,,,,,
O5,d_og~nw_food_ppi_dyoy|coin|exepi+excovid|HAC4|wls,0.5320645937420078,6.099286957755221,82.0,,,,,,,,,,,,,,,,,,,,,,,,,,,,,,,,,,,,,,,,,,,,,,,,,,,,,,,,,,,,,,,,
O5,d_og~nw_food_ppi_dyoy|coin|exepi+excovid|HAC4|ols,0.6149517355597978,4.972829665034459,82.0,,,,,,,,,,,,,,,,,,,,,,,,,,,,,,,,,,,,,,,,,,,,,,,,,,,,,,,,,,,,,,,,
O5,d_og~nw_food_ppi_dyoy|coin|exepi+excovid|HAC8|wls,0.5320645937420078,6.268267482507449,82.0,,,,,,,,,,,,,,,,,,,,,,,,,,,,,,,,,,,,,,,,,,,,,,,,,,,,,,,,,,,,,,,,
O5,d_og~nw_food_ppi_dyoy|coin|exbreak|HAC4|wls,0.48521700935742257,3.449103234279854,79.0,,,,,,,,,,,,,,,,,,,,,,,,,,,,,,,,,,,,,,,,,,,,,,,,,,,,,,,,,,,,,,,,
O5,d_og~nw_food_ppi_dyoy|coin|exbreak|HAC4|ols,0.5048006516491095,3.4962938164132393,79.0,,,,,,,,,,,,,,,,,,,,,,,,,,,,,,,,,,,,,,,,,,,,,,,,,,,,,,,,,,,,,,,,
O5,d_og~nw_food_ppi_dyoy|coin|exbreak|HAC8|wls,0.48521700935742257,3.91832092598834,79.0,,,,,,,,,,,,,,,,,,,,,,,,,,,,,,,,,,,,,,,,,,,,,,,,,,,,,,,,,,,,,,,,
O5,d_og~nw_food_ppi_dyoy|coin|full|placebo,,4.543787069478958,,2.9017641012412563,0.0021474065661106767,0.005497251374312844,0.1575,,,,,,,,,,,,,,,,,,,,,,,,,,,,,,,,,,,,,,,,,,,,,,,,,,,,,,,,,,,,
O5,d_og~nw_food_ppi_dyoy|coin|exepi|placebo,,6.140384351446963,,2.8321975522467358,2.1441415120282414e-05,0.0009995002498750624,0.145,,,,,,,,,,,,,,,,,,,,,,,,,,,,,,,,,,,,,,,,,,,,,,,,,,,,,,,,,,,,
O5,d_og~nw_food_ppi_dyoy|coin|full|ctrl_og(t-4),0.2491878184002927,2.1230610128409664,,,,,,,,,,,,,,,,,,,,,,,,,,,,,,,,,,,,,,,,,,,,,,,,,,,,,,,,,,,,,,,,,
O5,d_og~nw_food_ppi_dyoy|coin|exepi|ctrl_og(t-4),0.015138211061146704,0.10103227125911629,,,,,,,,,,,,,,,,,,,,,,,,,,,,,,,,,,,,,,,,,,,,,,,,,,,,,,,,,,,,,,,,,
O6,og~w_policy_rate_d4|rt2|full,1.1295483556650918,3.829155354877435,102.0,,,,,,,,,,,,,,,,,,,,,,,,,,,,,,,,,,,,,,,,,,,,,,,,,,,,,,,,,,,,,,,,
O6,og~w_policy_rate_d4|rt2|exepi,0.752226421733799,2.6763201364400757,92.0,,,,,,,,,,,,,,,,,,,,,,,,,,,,,,,,,,,,,,,,,,,,,,,,,,,,,,,,,,,,,,,,
O6,og~w_policy_rate_d4|rt2|exepi+excovid,0.6842929705770894,2.4619062204516564,86.0,,,,,,,,,,,,,,,,,,,,,,,,,,,,,,,,,,,,,,,,,,,,,,,,,,,,,,,,,,,,,,,,
O6,og~w_policy_rate_d4|rt2|pre2020,0.7361161712687038,2.2001985794727603,76.0,,,,,,,,,,,,,,,,,,,,,,,,,,,,,,,,,,,,,,,,,,,,,,,,,,,,,,,,,,,,,,,,
O6,og~w_policy_rate_d4|rt2|era 2001-12,0.7325977968275301,2.288784250833273,48.0,,,,,,,,,,,,,,,,,,,,,,,,,,,,,,,,,,,,,,,,,,,,,,,,,,,,,,,,,,,,,,,,
O6,og~w_policy_rate_d4|rt2|era 2013-26,1.3505928299996588,2.824877090361772,54.0,,,,,,,,,,,,,,,,,,,,,,,,,,,,,,,,,,,,,,,,,,,,,,,,,,,,,,,,,,,,,,,,
O6,og~w_policy_rate_d4|rt2|era 2013-20,1.5984967272573383,0.6435284265334639,32.0,,,,,,,,,,,,,,,,,,,,,,,,,,,,,,,,,,,,,,,,,,,,,,,,,,,,,,,,,,,,,,,,
O6,og~w_policy_rate_d4|rt2|full|HAC8,1.1295483556650918,4.2594360064898815,,,,,,,,,,,,,,,,,,,,,,,,,,,,,,,,,,,,,,,,,,,,,,,,,,,,,,,,,,,,,,,,,
O6,og~w_policy_rate_d4|rt2|full|placebo,,3.829155354877435,,2.5534389427439623,0.0032908606413197816,,,,,,,,,,,,,,,,,,,,,,,,,,,,,,,,,,,,,,,,,,,,,,,,,,,,,,,,,,,,,,
O6,og~w_policy_rate_d4|rt2|ctrl_rt_foodcpi,1.0627898251374055,3.1339071757591337,,,,,,,,,,,,,,,,,,,,,,,,,,,,,,,,,,,,,,,,,,,,,,,,0.46367220708134305,,,,,,,,,,,,,,,,,
O6,og~w_policy_rate_d4|rt2|ctrl_own_og(t-h-1),0.787356604881682,3.0789577981553684,,,,,,,,,,,,,,,,,,,,,,,,,,,,,,,,,,,,,,,,,,,,,,,,,,,,,,,,,,,,,,,,,
O6,og~w_policy_rate_d4|rt3|full,1.1675865148585063,4.251500412246134,102.0,,,,,,,,,,,,,,,,,,,,,,,,,,,,,,,,,,,,,,,,,,,,,,,,,,,,,,,,,,,,,,,,
O6,og~w_policy_rate_d4|rt3|exepi,0.9579153587360841,3.7119025836812347,92.0,,,,,,,,,,,,,,,,,,,,,,,,,,,,,,,,,,,,,,,,,,,,,,,,,,,,,,,,,,,,,,,,
O6,og~w_policy_rate_d4|rt3|exepi+excovid,0.9012295399627037,3.6045594926085083,86.0,,,,,,,,,,,,,,,,,,,,,,,,,,,,,,,,,,,,,,,,,,,,,,,,,,,,,,,,,,,,,,,,
O6,og~w_policy_rate_d4|rt3|pre2020,1.1178456218592303,4.387286033376201,76.0,,,,,,,,,,,,,,,,,,,,,,,,,,,,,,,,,,,,,,,,,,,,,,,,,,,,,,,,,,,,,,,,
O6,og~w_policy_rate_d4|rt3|era 2001-12,1.0850287764937756,4.601419856395265,48.0,,,,,,,,,,,,,,,,,,,,,,,,,,,,,,,,,,,,,,,,,,,,,,,,,,,,,,,,,,,,,,,,
O6,og~w_policy_rate_d4|rt3|era 2013-26,0.9422777493161454,1.9153937840061077,54.0,,,,,,,,,,,,,,,,,,,,,,,,,,,,,,,,,,,,,,,,,,,,,,,,,,,,,,,,,,,,,,,,
O6,og~w_policy_rate_d4|rt3|era 2013-20,2.9844638071762652,1.1205623891240408,32.0,,,,,,,,,,,,,,,,,,,,,,,,,,,,,,,,,,,,,,,,,,,,,,,,,,,,,,,,,,,,,,,,
O6,og~w_policy_rate_d4|rt3|full|HAC8,1.1675865148585063,4.990728001598271,,,,,,,,,,,,,,,,,,,,,,,,,,,,,,,,,,,,,,,,,,,,,,,,,,,,,,,,,,,,,,,,,
O6,og~w_policy_rate_d4|rt3|full|placebo,,4.251500412246134,,2.5534389427439623,0.0011009998533360044,,,,,,,,,,,,,,,,,,,,,,,,,,,,,,,,,,,,,,,,,,,,,,,,,,,,,,,,,,,,,,
O6,og~w_policy_rate_d4|rt3|ctrl_rt_foodcpi,1.2914235116856574,4.175737279595273,,,,,,,,,,,,,,,,,,,,,,,,,,,,,,,,,,,,,,,,,,,,,,,,-0.8937424303193033,,,,,,,,,,,,,,,,,
O6,og~w_policy_rate_d4|rt3|ctrl_own_og(t-h-1),1.1409827455979702,4.396858068690434,,,,,,,,,,,,,,,,,,,,,,,,,,,,,,,,,,,,,,,,,,,,,,,,,,,,,,,,,,,,,,,,,
O6,og~w_policy_rate_d4|rt4|full,1.041582707086065,3.4751194613651535,102.0,,,,,,,,,,,,,,,,,,,,,,,,,,,,,,,,,,,,,,,,,,,,,,,,,,,,,,,,,,,,,,,,
O6,og~w_policy_rate_d4|rt4|exepi,0.9323054344468547,3.6898511333953956,92.0,,,,,,,,,,,,,,,,,,,,,,,,,,,,,,,,,,,,,,,,,,,,,,,,,,,,,,,,,,,,,,,,
O6,og~w_policy_rate_d4|rt4|exepi+excovid,0.9116188112170264,3.807586722446227,86.0,,,,,,,,,,,,,,,,,,,,,,,,,,,,,,,,,,,,,,,,,,,,,,,,,,,,,,,,,,,,,,,,
O6,og~w_policy_rate_d4|rt4|pre2020,1.230207065333384,7.044102334720484,76.0,,,,,,,,,,,,,,,,,,,,,,,,,,,,,,,,,,,,,,,,,,,,,,,,,,,,,,,,,,,,,,,,
O6,og~w_policy_rate_d4|rt4|era 2001-12,1.164422750802657,6.978659924396975,48.0,,,,,,,,,,,,,,,,,,,,,,,,,,,,,,,,,,,,,,,,,,,,,,,,,,,,,,,,,,,,,,,,
O6,og~w_policy_rate_d4|rt4|era 2013-26,0.45768930859931956,0.9118426672882275,54.0,,,,,,,,,,,,,,,,,,,,,,,,,,,,,,,,,,,,,,,,,,,,,,,,,,,,,,,,,,,,,,,,
O6,og~w_policy_rate_d4|rt4|era 2013-20,3.9087158615965203,1.5205490453541561,32.0,,,,,,,,,,,,,,,,,,,,,,,,,,,,,,,,,,,,,,,,,,,,,,,,,,,,,,,,,,,,,,,,
O6,og~w_policy_rate_d4|rt4|full|HAC8,1.041582707086065,3.8686963978043014,,,,,,,,,,,,,,,,,,,,,,,,,,,,,,,,,,,,,,,,,,,,,,,,,,,,,,,,,,,,,,,,,
O6,og~w_policy_rate_d4|rt4|full|placebo,,3.4751194613651535,,2.5534389427439623,0.007643475375327391,,,,,,,,,,,,,,,,,,,,,,,,,,,,,,,,,,,,,,,,,,,,,,,,,,,,,,,,,,,,,,
O6,og~w_policy_rate_d4|rt4|ctrl_rt_foodcpi,1.271980489622885,4.592417135566563,,,,,,,,,,,,,,,,,,,,,,,,,,,,,,,,,,,,,,,,,,,,,,,,-1.753120639944563,,,,,,,,,,,,,,,,,
O6,og~w_policy_rate_d4|rt4|ctrl_own_og(t-h-1),1.0320950036158008,3.5379114140912695,,,,,,,,,,,,,,,,,,,,,,,,,,,,,,,,,,,,,,,,,,,,,,,,,,,,,,,,,,,,,,,,,
O6,OOS|w_policy_rate_d4|og|h1|full2010,,,66.0,,,,,,,,,,,,,,,,,,,,,,,,,,,,,,,,,,,,,,,,,3.3514523769283886,3.299200110102843,0.9844090677864757,0.030938787259761846,1.2313581228374784,0.1090944760816479,,,,,,,,,,,,,,,,,,
O6,OOS|w_policy_rate_d4|og|h1|exepi,,,56.0,,,,,,,,,,,,,,,,,,,,,,,,,,,,,,,,,,,,,,,,,2.913645250592197,2.920765824878627,1.002443871396143,-0.004893715299686852,0.1614400280829577,0.4358734211384768,,,,,,,,,,,,,,,,,,
O6,OOS|w_policy_rate_d4|og|h1|excovid+exepi,,,50.0,,,,,,,,,,,,,,,,,,,,,,,,,,,,,,,,,,,,,,,,,2.558119904898054,2.570901781723315,1.0049965901914089,-0.010018146296358665,0.00427684613926977,0.4982937904497725,,,,,,,,,,,,,,,,,,
O6,OOS|w_policy_rate_d4|og|h1|2015+,,,46.0,,,,,,,,,,,,,,,,,,,,,,,,,,,,,,,,,,,,,,,,,3.491795855332915,3.407271341449909,0.9757933976140346,0.047827245172858524,1.422256902766744,0.07747584258235263,,,,,,,,,,,,,,,,,,
O6,OOS|w_policy_rate_d4|og|h2|full2010,,,66.0,,,,,,,,,,,,,,,,,,,,,,,,,,,,,,,,,,,,,,,,,3.6104284326465317,3.4618143662961662,0.9588375537355749,0.0806305455463785,1.776203166949599,0.037849718237428776,,,,,,,,,,,,,,,,,,
O6,OOS|w_policy_rate_d4|og|h2|exepi,,,56.0,,,,,,,,,,,,,,,,,,,,,,,,,,,,,,,,,,,,,,,,,3.2255537855756793,3.185843634577893,0.9876888889047934,0.02447065873401455,1.2273957363810755,0.10983694406303568,,,,,,,,,,,,,,,,,,
O6,OOS|w_policy_rate_d4|og|h2|excovid+exepi,,,50.0,,,,,,,,,,,,,,,,,,,,,,,,,,,,,,,,,,,,,,,,,3.032346644728353,3.012695698837614,0.9935195582190771,0.012918887436169868,0.9651868750451533,0.16722560983282042,,,,,,,,,,,,,,,,,,
O6,OOS|w_policy_rate_d4|og|h2|2015+,,,46.0,,,,,,,,,,,,,,,,,,,,,,,,,,,,,,,,,,,,,,,,,3.5413105899715434,3.4014565301908086,0.9605078243696612,0.07742471932466011,1.4161961403518686,0.07835904281726547,,,,,,,,,,,,,,,,,,
