target,feature,alignment,lag_q,category,n,beta_sd,t,p,corr,same_as_coincident,q_by_target,q_by_all,ar1,trend_r2
d_margin,no_cpi_food_idx__yoy,coincident,0,consumer_prices,102,0.010322540605597565,0.05559958598862026,0.9556607943296089,0.006296735199158559,True,1.0,1.0,0.8086304714796214,0.17662156788440392
d_margin,no_cpi_food_idx__dyoy,coincident,0,consumer_prices,102,-0.13425518684795912,-0.733320430066051,0.46336301727861406,-0.13126820834856695,True,1.0,1.0,0.6699342292282324,0.0006540771685229985
d_margin,no_cpi_total_idx__yoy,coincident,0,consumer_prices,102,-0.44195357347610814,-2.011134641577746,0.04431123700741213,-0.23180152906630214,True,0.6207560198659359,0.8015590302038389,0.8090396366955549,0.20592457859617563
d_margin,no_cpi_total_idx__dyoy,coincident,0,consumer_prices,102,-0.2822438071885303,-1.5340505875983599,0.12501720803867666,-0.23562086805461654,True,1.0,1.0,0.6259308367722662,0.003104031584741151
d_margin,no_fx_eurnok__yoy,coincident,0,fx,102,0.27699290188564285,1.9882553596635593,0.04678345515716553,0.14198878549397134,True,0.652647103660455,0.8340692400726039,0.7839904584261776,0.03237143604177326
d_margin,no_fx_eurnok__dyoy,coincident,0,fx,102,0.03659958115541214,0.2651561538193137,0.7908891704313485,-0.00541604277618842,True,1.0,1.0,0.7200174971863504,0.0027538245151602207
d_margin,no_govbond_10y__lvl,coincident,0,rates,102,-0.35982780795463704,-1.4541853038288477,0.1458949383315673,-0.10456453178762726,True,1.0,1.0,0.9788487165261812,0.38762469291115537
d_margin,no_govbond_10y__d4,coincident,0,rates,102,-0.7519103838015985,-5.214441895767672,1.843714807492347e-07,-0.5717311488062248,True,7.684007489543339e-05,2.4083176859219232e-05,0.8219992864791176,0.13308790814684354
d_margin,no_imp_price_food_idx__yoy,coincident,0,producer_prices_input_costs,98,0.10116183865475051,0.6740766571423286,0.5002625791613022,0.12026911670317009,True,1.0,1.0,0.7881353506062018,0.25852885083551846
d_margin,no_imp_price_food_idx__dyoy,coincident,0,producer_prices_input_costs,94,0.14761784355304358,0.6630338102712942,0.5073089003503974,0.11904227624647024,True,1.0,1.0,0.5622787312608253,0.023930043762385392
d_margin,no_jordbruk_malpris_mnok__lvl,coincident,0,tax_policy,102,-0.3547045942674763,-1.9261480362799155,0.054085892063657326,-0.07847907871026591,True,0.7330488433723464,0.937214212310357,0.81194811973535,0.13549493051148842
d_margin,no_jordbruk_malpris_mnok__d4,coincident,0,tax_policy,96,-0.3367577672426707,-2.3244109713028744,0.020103478106200834,-0.28023302995884336,True,0.3786883614130968,0.44297404016533753,0.7290037795166293,0.03153823065733642
d_margin,no_policy_rate__lvl,coincident,0,rates,102,0.09727834342624965,0.5382487755572868,0.5904053104595497,0.0034882958414772726,True,1.0,1.0,0.9751161949215335,0.15277240043405427
d_margin,no_policy_rate__d4,coincident,0,rates,102,-0.33373909007927016,-2.2388087335895754,0.025168363778988345,-0.2775149653936134,True,0.43479215188430814,0.5264151327092857,0.8957202641297115,0.0668626401533941
d_margin,no_ppi_food_dom_idx__yoy,coincident,0,producer_prices_input_costs,102,-0.48433822877227095,-3.6303938807973397,0.0002829890374858035,-0.28260556053903235,True,0.018948732351881013,0.01377495773376003,0.9085326334719793,0.09655659875218935
d_margin,no_ppi_food_dom_idx__dyoy,coincident,0,producer_prices_input_costs,98,-0.37431921985117594,-2.3268827677377693,0.019971505607768947,-0.3023103102920897,True,0.3786883614130968,0.4412767018766353,0.8324503055713375,0.00048132184664365053
d_margin,no_qna_hh_food_cons_sa_mnok__yoy,coincident,1,activity_retail,102,0.6571243676035848,4.0356448881099585,5.4452523590597934e-05,0.30533730116254754,False,0.004655190175549013,0.0032395810546161563,0.8406391125928379,0.05541885594341623
d_margin,no_qna_hh_food_cons_sa_mnok__dyoy,coincident,1,activity_retail,102,0.49010041902959467,4.114587218366088,3.8787288240804685e-05,0.40540390516714325,False,0.003495197461832447,0.002433795339182423,0.7400574185732854,5.913374405594929e-05
d_margin,no_retail_foodstores_vol_sa_idx__yoy,coincident,1,activity_retail,102,0.5499731274258177,4.548451287518074,5.404214890702974e-06,0.36201135021089986,False,0.0007507673733217487,0.0004497901117279403,0.8568518438985309,0.04790690063553137
d_margin,no_retail_foodstores_vol_sa_idx__dyoy,coincident,1,activity_retail,98,0.41574266972633145,4.820997956711742,1.4284182061619077e-06,0.32147572829775917,False,0.00031750322482254715,0.0001407674927547408,0.8070661256503784,1.4102196993940877e-05
d_margin,no_vat_food_rate__lvl,coincident,0,tax_policy,102,-0.021403737199302497,-0.23996763052680226,0.8103553505931458,0.0069334385933272685,True,1.0,1.0,0.7552630152846657,0.12730151810399776
d_margin,no_vat_food_rate__d4,coincident,0,tax_policy,102,-0.004656455282506228,-0.05645963258997312,0.9549756527287563,0.04787129064038818,True,1.0,1.0,0.7240734491610796,0.0696187785139645
d_margin,se_cpi_idx__yoy,coincident,0,consumer_prices,102,-0.5337591135440851,-3.341588215858265,0.0008330054134597642,-0.30213527292919895,True,0.04208118016125568,0.032957661812387726,0.9395911545166841,0.06851278561262832
d_margin,se_cpi_idx__dyoy,coincident,0,consumer_prices,102,-0.5909330705780208,-4.168953511450432,3.0600138955394485e-05,-0.4734506561050556,True,0.0030007409460228998,0.002006281724288842,0.8753415147178213,0.004221836181208122
d_margin,se_cpi_food_idx__yoy,coincident,0,consumer_prices,102,-0.32841429543781997,-2.1345352785275393,0.032798989011804114,-0.17615177596077986,True,0.5128100388919176,0.641840527493989,0.874019048207315,0.05233524666667634
d_margin,se_cpi_food_idx__dyoy,coincident,0,consumer_prices,102,-0.3150034952094,-2.1152292265205954,0.03441041511404408,-0.24858874725098556,True,0.5287059534712854,0.6675659515186319,0.8102101307333693,0.00464279359956733
d_margin,se_ppi_food_hmpi_idx__yoy,coincident,1,producer_prices_input_costs,102,-0.5082246914262873,-3.0429107965923103,0.002343017763583477,-0.2730713026971226,False,0.0890195588835294,0.08128851559807478,0.8872702297888111,0.1021002446045647
d_margin,se_ppi_food_hmpi_idx__dyoy,coincident,1,producer_prices_input_costs,102,-0.39071254376665243,-2.2038074970347044,0.0275378851170065,-0.30496485181960475,False,0.45579879356316183,0.5640203778797487,0.814502114563115,8.659467014354766e-05
d_margin,se_retail_grocery_vol_sa_idx__yoy,coincident,1,activity_retail,102,0.20737995946987683,1.2973748387434694,0.19450224553631168,0.01551524475813528,False,1.0,1.0,0.7172047969097449,0.16663102168789148
d_margin,se_retail_grocery_vol_sa_idx__dyoy,coincident,1,activity_retail,102,0.2730333925725306,1.784266250593341,0.07438041153223596,0.2150037683677336,False,0.961220210727875,1.0,0.5368579295538688,0.0011207357652802277
d_margin,se_na_hhcons_food_sa__yoy,coincident,1,activity_retail,102,0.24100372639507517,1.346081330603684,0.17827628882492563,0.09545247310801686,False,1.0,1.0,0.5512070035688645,0.032319619008240666
d_margin,se_na_hhcons_food_sa__dyoy,coincident,1,activity_retail,102,0.30042013943784585,1.9332948626815825,0.053199884324802715,0.231226792851875,False,0.729942141267682,0.9268604904455704,0.4452282684171213,0.001636286051063472
d_margin,se_policy_rate__lvl,coincident,0,rates,102,0.1388896734898593,0.6820679037418357,0.49519601469049945,-0.004524002422221185,True,1.0,1.0,0.9727778999989105,0.17137031674507533
d_margin,se_policy_rate__d4,coincident,0,rates,102,-0.2737579596707752,-1.8195102439439292,0.06883362139763682,-0.24765908968207212,True,0.9000040446091457,1.0,0.897829766877159,0.019342387276120896
d_margin,se_gov_bond_10y__lvl,coincident,0,rates,102,-0.34157657379371437,-0.9973097834924519,0.3186141663419113,-0.07314209600236309,True,1.0,1.0,0.9823166834171976,0.5516050467879952
d_margin,se_gov_bond_10y__d4,coincident,0,rates,102,-0.5939603806985985,-3.986626218707536,6.701948176912609e-05,-0.4726849618949501,True,0.005586310830357809,0.0038175660502734188,0.7986583383382068,0.09415625178944227
d_margin,se_eursek__yoy,coincident,0,fx,102,-0.025460608214826735,-0.22648843720390233,0.8208215513763397,-0.0679547759547031,True,1.0,1.0,0.831644577743686,0.000907296091121031
d_margin,se_eursek__dyoy,coincident,0,fx,102,-0.22218770345869968,-1.7310438155798706,0.08344394997645632,-0.21187512125817176,True,1.0,1.0,0.7684654551716504,0.007492274315341706
d_margin,se_food_vat_rate__lvl,coincident,0,tax_policy,102,-0.06506664084530518,-1.304952832818236,0.19190890929068916,-0.04363554175103794,True,1.0,1.0,,0.029126213592233014
d_margin,se_food_vat_rate__d4,coincident,0,tax_policy,102,-0.0650666408453051,-1.3049528328182352,0.1919089092906896,-0.04363554175103793,True,1.0,1.0,,0.029126213592233014
d_margin,ea_negotiated_wages_yoy_q__lvl,coincident,1,wages_income,102,0.21947427216759852,1.692583237342425,0.09053482398269463,0.1038052958876815,False,1.0,1.0,0.8180014906887084,0.03689896900554964
d_margin,ea_negotiated_wages_yoy_q__d4,coincident,1,wages_income,102,-0.20856828626740265,-1.548056077137692,0.12160879581262152,-0.1313326432429643,False,1.0,1.0,0.5100493568395038,1.5163243369684762e-05
d_margin,no_earn_idx_food_manuf_q__yoy,coincident,1,wages_income,102,0.048422579836256315,0.4109695201736644,0.6810948845482225,0.04264139097027953,False,1.0,1.0,0.2742757027484257,0.02125687124688528
d_margin,no_earn_idx_food_manuf_q__dyoy,coincident,1,wages_income,102,0.025433995610191048,0.2656147016986839,0.7905359618943308,0.01230049347714705,False,1.0,1.0,0.14145297895820255,0.0011894000169557573
d_margin,no_real_wage_qna_yoy_q__lvl,coincident,1,wages_income,98,0.17224406401226106,0.8037446824914554,0.42154444300605043,0.09792944212405859,False,1.0,1.0,0.7472114391859161,0.20769227507440124
d_margin,no_real_wage_qna_yoy_q__d4,coincident,1,wages_income,96,0.06510291737448577,0.377414763424278,0.7058653971128279,0.05658641574892794,False,1.0,1.0,0.5637626347341079,0.00030695658598628477
d_margin,se_real_wage_yoy_q__lvl,coincident,1,wages_income,102,0.5557695911709445,3.7975441180377683,0.00014613677281660742,0.3430680091077933,False,0.011073651681695558,0.007596886463314416,0.9327680101118453,0.12768977333870057
d_margin,se_real_wage_yoy_q__d4,coincident,1,wages_income,102,0.600774127104921,4.432239769504555,9.32592264057952e-06,0.47513040135399975,False,0.0012437578154869773,0.0007236958229901397,0.8629711587782746,0.009389269304105255
d_margin,se_wage_idx_m__yoy,coincident,1,wages_income,102,0.29085678152671907,1.6455853446866684,0.09984915845135989,0.11213387394482681,False,1.0,1.0,0.8925233369699556,0.08502407436310853
d_margin,se_wage_idx_m__dyoy,coincident,1,wages_income,102,-0.024171326023475652,-0.18871716561539978,0.8503144971168362,-0.002138131000550406,False,1.0,1.0,0.6657173770090662,0.01401534997355716
d_margin,ea_hicp_food_idx__yoy,coincident,1,consumer_prices,102,-0.3627272940221776,-2.3271882100093353,0.019955250253007817,-0.23343119528642162,False,0.3786883614130968,0.4412767018766353,0.9140298756494311,0.03190237186938041
d_margin,ea_hicp_food_idx__dyoy,coincident,1,consumer_prices,98,-0.3762136284677328,-2.4681242933706096,0.013582314893072933,-0.276181607345398,False,0.28909640753580845,0.32233134288443344,0.8394696756513607,0.0012222816581908475
d_margin,eu_ppi_dom_c103_idx__yoy,coincident,1,producer_prices_input_costs,102,-0.36210148356889377,-2.2094166554713377,0.027145673604105802,-0.20759705588516422,False,0.45253757996628496,0.556895185927202,0.9281268089320225,0.06092994510231965
d_margin,eu_ppi_dom_c103_idx__dyoy,coincident,1,producer_prices_input_costs,98,-0.4786982627724103,-3.3555906938748596,0.0007919568431726809,-0.38200828994351343,False,0.040909605110621486,0.03148870161167839,0.8615860411244594,0.001150088472502795
d_margin,eu_ppi_dom_c105_idx__yoy,coincident,1,producer_prices_input_costs,102,-0.4948779902067617,-3.1862886993360693,0.0014411071335531656,-0.41161196053665644,False,0.06581993220980654,0.05370980809223313,0.8736903037398932,0.018178527468026055
d_margin,eu_ppi_dom_c105_idx__dyoy,coincident,1,producer_prices_input_costs,98,-0.4114837848563195,-2.364737639633209,0.01804284765903752,-0.36674180175022936,False,0.3532959885477908,0.40478709914594757,0.8319145853855229,0.00042915946979024845
d_margin,eu_ppi_dom_c106_idx__yoy,coincident,1,producer_prices_input_costs,102,-0.5419650284207423,-3.469488129429196,0.0005214511099320696,-0.42048082096196543,False,0.029975720142354903,0.022456360275332588,0.8921253543389699,4.946342824284714e-05
d_margin,eu_ppi_dom_c106_idx__dyoy,coincident,1,producer_prices_input_costs,98,-0.47839582273917614,-2.8266547031031006,0.004703701755196077,-0.3988972995205185,False,0.1469654166969617,0.14175786727024103,0.8480071854372957,0.0009619821400298912
d_margin,eu_ppi_dom_c107_idx__yoy,coincident,1,producer_prices_input_costs,102,-0.4148246089284952,-2.394118895222953,0.01666034721417975,-0.2686437651649255,False,0.34078499686649294,0.3817689759772846,0.9068849034947083,0.01928269012343007
d_margin,eu_ppi_dom_c107_idx__dyoy,coincident,1,producer_prices_input_costs,98,-0.42484030737832496,-2.310418363814427,0.020865003381011826,-0.3492879090528623,False,0.3886417484160753,0.45600092450091373,0.8453673233791384,2.5592558783966646e-05
d_margin,eu_ppi_dom_c108_idx__yoy,coincident,1,producer_prices_input_costs,102,-0.4286873665821145,-2.6926044446422264,0.00708963258047568,-0.20077427570016126,False,0.18557648439107638,0.1933494925211459,0.93635037995366,0.09843515327506033
d_margin,eu_ppi_dom_c108_idx__dyoy,coincident,1,producer_prices_input_costs,98,-0.45527586566878264,-3.307447279273834,0.0009415043190754702,-0.307854590740935,False,0.04685236702837347,0.0367079138204614,0.8680085136483179,0.0001463947544077171
d_margin,eu_ppi_dom_food_mfg_idx__yoy,coincident,1,producer_prices_input_costs,102,-0.4934607102588945,-3.6109681882904283,0.00030505608166864207,-0.36663682580108764,False,0.019559617912096282,0.014583944839916147,0.9077037724577236,0.018873554955382427
d_margin,eu_ppi_dom_food_mfg_idx__dyoy,coincident,1,producer_prices_input_costs,98,-0.4385024034599372,-2.3868394761184057,0.016993909640226512,-0.3239464096523381,False,0.3421043963726251,0.38720306866848425,0.8544556448210283,3.176417776490685e-05
d_margin,ea_ec_food_ind_sell_price_exp__lvl,coincident,0,price_expectations,102,-0.5812312026406454,-5.307326323737588,1.1124491638980771e-07,-0.43917435103066965,True,5.298661266384315e-05,1.5538780661313645e-05,0.8570579654709235,0.05648642597684678
d_margin,ea_ec_food_ind_sell_price_exp__d4,coincident,0,price_expectations,102,-0.441284360427006,-2.67696890980768,0.007429152836152753,-0.3349366874435302,True,0.1896032821665705,0.20111791635499235,0.816622100728545,4.48067468246736e-05
d_margin,no_fn_cci_sa__lvl,coincident,0,consumer_survey,102,0.04725613896943729,0.19773998669559215,0.8432485025214143,-0.004999766345503819,True,1.0,1.0,0.953861827159213,0.43016972733811054
d_margin,no_fn_cci_sa__d4,coincident,0,consumer_survey,102,0.11050308851888732,0.6050043913149412,0.5451760789173563,0.09190688252414042,True,1.0,1.0,0.843137764949903,0.0013309050489748683
d_margin,no_nbes_bl_sell_price_di__lvl,coincident,0,price_expectations,98,-0.47491007371488553,-2.6441869677386953,0.00818874101421585,-0.3197716679514256,True,0.20528136069199948,0.21741843435932834,0.8611891621541462,2.5067060869598952e-05
d_margin,no_nbes_bl_sell_price_di__d4,coincident,0,price_expectations,94,-0.18666755510449443,-1.4257866926830112,0.15392992325853272,-0.20883368383631384,True,1.0,1.0,0.7174042885660665,0.011001769614296145
d_margin,no_ssb_bts_consgoods_home_price_exp__lvl,coincident,1,price_expectations,102,-0.5296716314845838,-3.708615579281963,0.0002083955328424647,-0.2856882326926466,False,0.015104786683376422,0.010493788938135325,0.8350925273446356,0.37201003022119006
d_margin,no_ssb_bts_consgoods_home_price_exp__d4,coincident,1,price_expectations,102,-0.3194321688124795,-2.2297519737547593,0.025763913358515023,-0.3108046184580356,False,0.4399059868554435,0.536079416827559,0.5694470013069067,0.006054092595223085
d_margin,se_ec_cons_conf__lvl,coincident,0,consumer_survey,102,0.18369877818602462,0.6596594019668167,0.5094724250680744,0.06058048575152772,True,1.0,1.0,0.877551214731443,0.18660151137343067
d_margin,se_ec_cons_conf__d4,coincident,0,consumer_survey,102,0.3382165553110167,1.904980785837935,0.0567825687831256,0.2362087746355748,True,0.7633916013753994,0.9682750374182824,0.8192944337002316,0.00048405452140924595
d_margin,se_nier_food_mfg_sell_price_exp__lvl,coincident,0,price_expectations,102,-0.5047659736306854,-3.218061735721917,0.001290600360869254,-0.3006628312178337,True,0.059764502493834776,0.04855103695269575,0.8103195639129432,0.1299782820646935
d_margin,se_nier_food_mfg_sell_price_exp__d4,coincident,0,price_expectations,102,-0.3601627610854138,-2.2418015693229845,0.024974199774825845,-0.28220485191767775,True,0.43454939136118176,0.5244024947397611,0.7309738360907708,7.183384820895125e-06
d_margin,eu_ppi_paper_packaging_idx__yoy,coincident,1,packaging_freight,102,-0.6053982855357466,-7.0853751269277705,1.3866685577568205e-12,-0.4853666956875242,False,1.5411163794628826e-09,6.749837712279727e-10,0.9069108962107351,0.014082917704436955
d_margin,eu_ppi_paper_packaging_idx__dyoy,coincident,1,packaging_freight,98,-0.4376200102880384,-2.24976906104864,0.024463608963161798,-0.36015087300403426,False,0.43367972063948995,0.5170607082303748,0.8675227836576729,1.4646865375468992e-05
d_margin,eu_ppi_plastic_products_idx__yoy,coincident,1,packaging_freight,102,-0.5715813866158855,-6.7467521088465805,1.5119017149345382e-11,-0.47073596483939745,False,1.0081788401373357e-08,5.647935220496836e-09,0.9056815498415068,0.01981176046729837
d_margin,eu_ppi_plastic_products_idx__dyoy,coincident,1,packaging_freight,98,-0.326625496659671,-2.0118945987004144,0.0442310489012796,-0.2456064898554112,False,0.6207560198659359,0.8010105227877138,0.8661503842308345,0.00032109787186052123
d_margin,glob_fao_cereals_idx__yoy,coincident,0,commodities,102,-0.37359834331683045,-2.0418300672268033,0.04116839064070943,-0.2568895538908389,True,0.5942044949556533,0.7627450452770643,0.817713822498277,0.030779088452408516
d_margin,glob_fao_cereals_idx__dyoy,coincident,0,commodities,102,-0.09128859092458792,-0.8592565396746729,0.39019899597246077,-0.12069816244910844,True,1.0,1.0,0.7432849982136328,0.0008394949071345538
d_margin,glob_fao_dairy_idx__yoy,coincident,0,commodities,102,-0.4069592793389223,-2.50646180721106,0.01219462313218922,-0.3872877697791125,True,0.2823513795177571,0.29988651613494527,0.8484982671185941,0.007314375059597211
d_margin,glob_fao_dairy_idx__dyoy,coincident,0,commodities,102,-0.2482773960634764,-1.6778291683724016,0.09338045337143108,-0.26727190138127593,True,1.0,1.0,0.8246427781731062,7.949944618729302e-05
d_margin,glob_fao_ffpi__yoy,coincident,0,commodities,102,-0.40728554378511106,-2.2147639423362047,0.026776271367001447,-0.30289643335466887,True,0.4486224958632903,0.5514296332242755,0.839991514765434,0.014834311195618496
d_margin,glob_fao_ffpi__dyoy,coincident,0,commodities,102,-0.11032968498822819,-0.9000655599961264,0.3680853626269165,-0.15050072334244333,True,1.0,1.0,0.7935196367385194,0.0006314676790982632
d_margin,glob_fao_ffpi_eur__yoy,coincident,0,commodities,102,-0.4801676532825992,-2.8292300324614312,0.004666014790360329,-0.3073150728711459,True,0.1469654166969617,0.14088640313222073,0.8347516090824487,1.5062080420659687e-05
d_margin,glob_fao_ffpi_eur__dyoy,coincident,0,commodities,102,-0.08405752560892513,-0.7011001760338287,0.4832405004925868,-0.0858676753121588,True,1.0,1.0,0.7870102518555387,6.542857828203963e-07
d_margin,glob_fao_ffpi_nok__yoy,coincident,0,commodities,102,-0.41121686593837004,-2.369919541257074,0.017791956592287717,-0.28566970901955435,True,0.35310059666909027,0.40027650710191537,0.8228269516137533,0.008468118447810601
d_margin,glob_fao_ffpi_nok__dyoy,coincident,0,commodities,102,-0.07972760110164927,-0.6084687800130815,0.5428766061056496,-0.10488947977267615,True,1.0,1.0,0.765250160632876,0.0008131276047214736
d_margin,glob_fao_meat_idx__yoy,coincident,0,commodities,102,-0.2201266686298195,-1.4517820812997413,0.1465622077869866,-0.14073400415334747,True,1.0,1.0,0.8034717244531673,0.0005214656695097058
d_margin,glob_fao_meat_idx__dyoy,coincident,0,commodities,102,-0.1282511469211646,-0.9349562190442916,0.3498108625198515,-0.1345271593956785,True,1.0,1.0,0.7623302934109546,3.8784398610316866e-05
d_margin,glob_fao_sugar_idx__yoy,coincident,0,commodities,102,-0.08781400558485095,-0.4954957390584787,0.620250229007723,0.0011387932393714874,True,1.0,1.0,0.7744108440493735,0.015946312130743892
d_margin,glob_fao_sugar_idx__dyoy,coincident,0,commodities,102,0.10754535378547522,0.7269578404822895,0.4672517827320979,0.09867414304565446,True,1.0,1.0,0.7035295894141299,0.00010898391950783184
d_margin,glob_fao_vegoils_idx__yoy,coincident,0,commodities,102,-0.3312874451496733,-2.12337725170261,0.033722251883271825,-0.24913349899088688,True,0.5229523643720438,0.6564250119139995,0.8209083955038609,0.004847725951699453
d_margin,glob_fao_vegoils_idx__dyoy,coincident,0,commodities,102,0.012743699632866257,0.09074288018351893,0.927696897701842,-0.06370602871699638,True,1.0,1.0,0.7840597843503714,0.0020068951089161884
d_margin,glob_gscpi__lvl,coincident,0,packaging_freight,102,-0.6177546065961561,-4.223480559996624,2.4055812884560268e-05,-0.22550988339518083,True,0.002430469189188606,0.0016373541950543585,0.8488242964972464,0.2162242354162769
d_margin,glob_gscpi__d4,coincident,0,packaging_freight,102,0.2023771936684615,1.751930187293237,0.07978581304644461,0.12070569157938509,True,1.0,1.0,0.702165969333573,0.00046917027423038215
d_margin,glob_wb_food_idx__yoy,coincident,0,commodities,102,-0.3751183238685207,-1.8505444925812635,0.0642351115286175,-0.21626929118566268,True,0.8532627447728561,1.0,0.801698214252439,0.03914402496698348
d_margin,glob_wb_food_idx__dyoy,coincident,0,commodities,102,-0.036683208986323726,-0.31036150442810406,0.7562860647434406,-0.07075751734562648,True,1.0,1.0,0.7215557173222272,0.0010729570136151039
d_margin,glob_wb_food_idx_eur__yoy,coincident,0,commodities,102,-0.4684647470224832,-2.2794414191134216,0.022640838548867892,-0.2073289746414322,True,0.41250141331631374,0.4868627062316016,0.7982880168629466,0.006893045139044713
d_margin,glob_wb_food_idx_eur__dyoy,coincident,0,commodities,102,0.0020114707659226526,0.017195747995758022,0.9862804542967105,0.011330758928351654,True,1.0,1.0,0.7102615096822911,1.8289751803244727e-05
d_margin,glob_wb_food_idx_nok__yoy,coincident,0,commodities,102,-0.3437428251853681,-1.7652764211309517,0.07751732029856018,-0.1614630294239363,True,0.9978907797741177,1.0,0.7834343195349945,5.394509186492416e-06
d_margin,glob_wb_food_idx_nok__dyoy,coincident,0,commodities,102,0.026016851936787336,0.1910922969469736,0.8484532825812301,0.010819625831780524,True,1.0,1.0,0.6780888483823206,0.001419016038110297
d_margin,us_ppi_corrugated_boxes_idx__yoy,coincident,1,packaging_freight,102,-0.427158835944834,-3.0696508144198456,0.0021430917312696973,-0.3554051695315072,False,0.08506394056243848,0.07521183577315296,0.8344126236616143,0.023510931316145733
d_margin,us_ppi_corrugated_boxes_idx__dyoy,coincident,1,packaging_freight,102,-0.0872166417019017,-0.6480145283862911,0.5169755536012302,-0.09534871748189082,False,1.0,1.0,0.7997913269872224,0.005483384912244974
d_margin,us_ppi_plastic_resins_idx__yoy,coincident,1,packaging_freight,102,-0.13318694207586793,-0.8336392624626582,0.404484293806322,-0.12234127639154141,False,1.0,1.0,0.819783321280979,0.017919533311986053
d_margin,us_ppi_plastic_resins_idx__dyoy,coincident,1,packaging_freight,102,0.0978345578376309,0.5300844818842666,0.5960533578165208,0.06278130851189533,False,1.0,1.0,0.7637291520537985,0.0012925906697761735
d_margin,w_food_cpi_yoy,coincident,1,consumer_prices,102,-0.3636173311904169,-2.136261025881489,0.03265814373796361,-0.20176084072235542,False,0.5128100388919176,0.6405340145555489,0.8908349436122175,0.09030722277739589
d_margin,w_food_cpi_dyoy,coincident,1,consumer_prices,102,-0.34383179497303235,-2.3189463559735124,0.020397945185369304,-0.28191462760781827,False,0.3820766003889039,0.4488468308061681,0.8151585263488269,0.0008005311249592261
d_margin,w_cpi_yoy,coincident,1,consumer_prices,102,-0.5736833702317062,-4.308709651249784,1.6420977260844793e-05,-0.3326934275875389,False,0.0018879262483463921,0.0011671459392569256,0.930137836130678,0.10496355561166787
d_margin,w_cpi_dyoy,coincident,1,consumer_prices,102,-0.5224478757755477,-3.4987615421267284,0.00046742441055691586,-0.41467616138673347,False,0.02833562017425867,0.020798824480425963,0.8412433062602631,4.718251085151302e-06
d_margin,w_food_cpi_rel_yoy,coincident,1,consumer_prices,102,-0.024342405143552976,-0.12132593994981644,0.9034328746724714,0.0014421820893810201,False,1.0,1.0,0.785567485121036,0.04073879536360684
d_margin,w_food_cpi_rel_dyoy,coincident,1,consumer_prices,102,-0.12452411557154763,-0.6500621900390479,0.5156520510963596,-0.10017156777806464,False,1.0,1.0,0.7269727162382932,0.0019947412057104976
d_margin,w_food_cpi_xvat_yoy,coincident,1,consumer_prices,102,-0.35955869851046895,-2.120457460412277,0.03396748534831162,-0.21313891433592422,False,0.5243166731698864,0.6597698874200808,0.9021766716432724,0.06120976908576375
d_margin,w_food_cpi_xvat_dyoy,coincident,1,consumer_prices,102,-0.36150537792013976,-2.48425366712781,0.012982329275922577,-0.29864538050008765,False,0.28476922610271954,0.3123863393409862,0.8366397634201136,0.0007233493085957974
d_margin,w_wage_yoy,coincident,1,wages_income,102,0.11894442450638137,0.8934753301735894,0.3716026775753041,-0.067939125790694,False,1.0,1.0,0.591004231601322,0.01745596331654198
d_margin,w_wage_dyoy,coincident,1,wages_income,102,-0.004567909443558126,-0.05597829924327147,0.9553590947438824,-0.0764997038768541,False,1.0,1.0,0.18963920967705197,0.0018524942964857358
d_margin,w_real_wage_yoy,coincident,1,wages_income,102,0.562711267827612,4.655315934299876,3.2348428791184602e-06,0.2535802257123055,False,0.0005392711890067165,0.0002824034324650689,0.7800508811001822,0.12857335248705867
d_margin,w_real_wage_dyoy,coincident,1,wages_income,102,0.4300579829253147,2.6350997652339307,0.008411255680173646,0.26043305651573745,False,0.20928594288551378,0.22233638233182748,0.4339413845000605,0.0009211343581796293
d_margin,w_cons_conf_z,coincident,0,consumer_survey,102,0.17876164539846257,0.5554214210430998,0.5786064440375509,0.031612283957459165,True,1.0,1.0,0.9196193549253993,0.27930363673706804
d_margin,w_cons_conf_z_d4,coincident,0,consumer_survey,102,0.24994238266722976,1.216736984615437,0.22370430254902995,0.17926706166037332,True,1.0,1.0,0.8190544204437535,0.0007175507571341457
d_margin,w_retail_food_vol_yoy,coincident,1,activity_retail,102,0.6328706739363167,4.898317609469739,9.66607037744538e-07,0.24874805477807013,False,0.00024790804662551153,0.00010491143810313141,0.9006239242280772,0.2187413540116332
d_margin,w_retail_food_vol_dyoy,coincident,1,activity_retail,98,0.5060902534691378,3.7892689349763002,0.0001510912747100246,0.3763110268218425,False,0.011194659648936796,0.007803934201688913,0.8063637188667122,7.567809332114117e-05
d_margin,w_retail_total_vol_yoy,coincident,1,activity_retail,102,0.3658488390266171,1.9180395797777843,0.05510599266876959,0.056466314596261585,False,0.7438509117282116,0.9471123532249504,0.8785943023947932,0.16448863960396187
d_margin,w_retail_total_vol_dyoy,coincident,1,activity_retail,98,0.43084149894153256,2.8922996703831325,0.0038243298367266476,0.3057122316261677,False,0.13026189704632446,0.12083041636623688,0.7449291285850582,0.0007496185894658731
d_margin,w_gdp_vol_yoy,coincident,1,activity_retail,102,-0.3678749256702733,-2.5115078633242667,0.012021660761093456,-0.3417369872589391,False,0.28226702561255207,0.2975461768944735,0.7249143393476877,0.019534835301906663
d_margin,w_gdp_vol_dyoy,coincident,1,activity_retail,102,-0.14648435438698348,-0.9677551709131011,0.33316665728225026,-0.15888471999400186,False,1.0,1.0,0.6460063708208502,0.0014347308647274504
d_margin,w_hh_real_inc_yoy,coincident,1,wages_income,73,0.08003649258267183,0.31459313885275225,0.7530705892568201,0.16433610131994203,False,1.0,1.0,0.5532200958048807,0.1564746407341296
d_margin,w_hh_real_inc_dyoy,coincident,1,wages_income,69,0.19368752039726037,0.8487138069630448,0.39604056152846323,0.21750216710400394,False,1.0,1.0,0.40543491881116855,0.001145659117305314
d_margin,w_food_ppi_yoy,coincident,1,producer_prices_input_costs,102,-0.548909555667504,-5.153038042001854,2.562999461552806e-07,-0.3402349623736731,False,9.49489198087634e-05,3.1427643792103655e-05,0.911399902182867,0.059200617826933935
d_margin,w_food_ppi_dyoy,coincident,1,producer_prices_input_costs,98,-0.45613760179859003,-2.693570062811758,0.0070691286233381945,-0.3478027402722653,False,0.18557648439107638,0.19329195780736244,0.8536413914518619,7.050327396571876e-05
d_margin,w_unemp_lvl,coincident,1,labour_market,102,0.2883477711152159,1.725283634858952,0.08447636971990913,0.230348010353835,False,1.0,1.0,0.9346233269964845,0.003547076966876368
d_margin,w_unemp_d4,coincident,1,labour_market,102,0.5570930620786934,3.1314249211370693,0.001739602593770595,0.42153610939761543,False,0.07394779827896208,0.06280853649877953,0.8863829983399929,5.939425517906081e-08
d_margin,w_policy_rate_lvl,coincident,0,rates,102,0.08792104207890188,0.4800107332450763,0.6312197610165833,-0.029558674465871754,True,1.0,1.0,0.9776512925040991,0.16259515925490403
d_margin,w_policy_rate_d4,coincident,0,rates,102,-0.3572306655599644,-2.0791007004740796,0.03760809574167756,-0.3084807811515671,True,0.554264154286718,0.7140778856584141,0.9049871240436747,0.054587467460304594
d_margin,w_gov10y_lvl,coincident,0,rates,102,-0.47925466493658614,-1.5218700695981429,0.1280416400385731,-0.09227400414207129,True,1.0,1.0,0.9833076134644816,0.4379741842407668
d_margin,w_gov10y_d4,coincident,0,rates,102,-0.6996850261398896,-5.056027540547722,4.2807954137025206e-07,-0.5363352669324618,True,0.0001427277749744036,5.20936927579608e-05,0.8375133486644528,0.12983879426860775
d_margin,w_fx_vs_eur_yoy,coincident,0,fx,102,0.18541852590411878,1.3251196939003906,0.18513145515180263,0.06038251059614195,True,1.0,1.0,0.8255204657320352,0.005625234730305131
d_margin,w_fx_vs_eur_dyoy,coincident,0,fx,102,-0.045585680262708685,-0.40172541400822454,0.687886118934895,-0.08324778755182481,True,1.0,1.0,0.7637340340970555,0.004705027460282979
d_margin,w_fx_vs_usd_yoy,coincident,0,fx,102,0.02374435365917698,0.15019052392783933,0.8806143019051544,0.06855320852766009,True,1.0,1.0,0.7866814195934706,0.04407161891098799
d_margin,w_fx_vs_usd_dyoy,coincident,0,fx,102,0.03694180545975818,0.24889050941865923,0.8034454767306332,0.08411344060408883,True,1.0,1.0,0.7029248394697424,0.00020781387221498613
d_margin,w_fx_vs_nok_yoy,coincident,0,fx,102,-0.302875441027623,-2.195582797999971,0.02812181860110785,-0.19519901515545873,True,0.4565142442198894,0.5710860106979726,0.7331451900180997,0.061604764358906584
d_margin,w_fx_vs_nok_dyoy,coincident,0,fx,102,-0.10792317043684918,-0.7937523111703478,0.42733964014314596,-0.07415986060188261,True,1.0,1.0,0.6716789508328556,0.000621891597040753
d_margin,w_ec_food_ind_sell_price_exp_lvl,coincident,1,price_expectations,102,-0.5374812627330872,-4.124875632799745,3.7093514012154216e-05,-0.3622434316328142,False,0.003495197461832447,0.0023487904949848633,0.8401062271169176,0.09385592693929774
d_margin,w_ec_food_ind_sell_price_exp_d4,coincident,1,price_expectations,102,-0.3824882599168271,-2.326114783050492,0.020012428117603065,-0.2981392655051388,False,0.3786883614130968,0.44157350626776415,0.784419280067056,4.5544141575859685e-06
d_margin,w_ec_food_retail_sell_price_exp_lvl,coincident,0,price_expectations,64,-0.6682930991184878,-7.019595254694524,2.2251089859537387e-12,-0.4904099981067789,True,1.854707034259113e-09,1.0212165538542469e-09,0.8631622264562294,0.07216875821157197
d_margin,w_ec_food_retail_sell_price_exp_d4,coincident,0,price_expectations,60,-0.48178175582760013,-2.0897389284219337,0.03664125804335083,-0.3670341514416201,True,0.5439920562207877,0.6981960774128761,0.808353484044957,0.00018611426295658514
d_margin,w_ec_cons_price_exp_lvl,coincident,0,price_expectations,102,-0.4719794185955513,-2.748531168347713,0.005986294310462936,-0.2945181502829597,True,0.16730879588881367,0.16910426879786442,0.8608525901254508,0.0032465212316351295
d_margin,w_ec_cons_price_exp_d4,coincident,0,price_expectations,102,-0.21015019388088224,-1.6903431026235307,0.09096233347578275,-0.17393492497835367,True,1.0,1.0,0.8269008676275778,0.0004758015262790783
d_margin,w_hh_saving_lvl,coincident,1,wages_income,101,0.4109719225121931,1.0738603391538382,0.2828852813827534,0.08371479612927159,False,1.0,1.0,0.937254654568618,0.8474339680158866
d_margin,w_hh_saving_d4,coincident,1,wages_income,101,0.3020951238836131,2.2656199249225333,0.02347466407244858,0.2830809445825233,False,0.4207948972617708,0.4994442727425947,0.4116788689409261,0.014319155419692711
d_margin,nw_food_cpi_yoy,coincident,0,consumer_prices,102,-0.24598137970297126,-1.1992982943864232,0.23041197808147462,-0.10538872720483697,True,1.0,1.0,0.8712535268997397,0.13737052290782398
d_margin,nw_food_cpi_dyoy,coincident,0,consumer_prices,102,-0.27791532742462316,-1.7447576649601486,0.08102706088688194,-0.2367748804720327,True,1.0,1.0,0.7706215154871803,0.0008502456109153745
d_margin,nw_food_cpi_xvat_yoy,coincident,0,consumer_prices,102,-0.24141378413481795,-1.157033928579813,0.24725849875085393,-0.12079193095578625,True,1.0,1.0,0.898214540320495,0.088890490355048
d_margin,nw_food_cpi_xvat_dyoy,coincident,0,consumer_prices,102,-0.31387441843281905,-2.09110315304687,0.03651881813680813,-0.2680002825217235,True,0.5439920562207877,0.697517841934669,0.8174534723630721,0.00047168361430462933
d_margin,nw_real_wage_yoy,coincident,1,wages_income,102,0.47033434618549413,3.049937499805096,0.0022888899291853004,0.188644520074609,False,0.0887381723793321,0.07975512237538993,0.6660451678611793,0.1536326860082853
d_margin,nw_real_wage_dyoy,coincident,1,wages_income,102,0.3468876378859178,2.3887516769899015,0.016905724748531803,0.1958809101820325,False,0.3421043963726251,0.3857409425951852,0.24027514566710415,0.0014173803613945686
d_margin,nw_cons_conf_z,coincident,0,consumer_survey,102,0.1650574389779318,0.5338493555093163,0.5934457633980961,0.029489621377654502,True,1.0,1.0,0.9292296405833603,0.34503672422778825
d_margin,nw_cons_conf_z_d4,coincident,0,consumer_survey,102,0.26555236601550924,1.3996309810972745,0.16162385154488534,0.19640584381216852,True,1.0,1.0,0.8347704608974341,9.570605228021588e-06
d_margin,nw_retail_food_vol_yoy,coincident,1,activity_retail,102,0.6008480971747904,4.772898917760864,1.815929445925235e-06,0.31550413068440286,False,0.0003664355088107163,0.00017362981080521403,0.8754933561399922,0.14031795743333142
d_margin,nw_retail_food_vol_dyoy,coincident,1,activity_retail,98,0.5360134914739286,4.5823353845548,4.5981164575881195e-06,0.4126448543947237,False,0.0006665552499121368,0.00038670625967692575,0.7850295410432014,0.0002857141587373619
d_margin,nw_food_ppi_yoy,coincident,1,producer_prices_input_costs,102,-0.5619416676242119,-4.679298921569308,2.8785750965099055e-06,-0.30141624023636593,False,0.0005051356101601782,0.00025688554171675337,0.9141532488086936,0.11736504240776163
d_margin,nw_food_ppi_dyoy,coincident,1,producer_prices_input_costs,98,-0.43304109187509354,-2.690972358272225,0.007124409759564854,-0.33662637936655493,False,0.18557648439107638,0.19364041817309846,0.8448805687160931,2.6822279228724996e-05
d_margin,fao_ffpi_sek_yoy,coincident,0,commodities,102,-0.5112055294146104,-3.3617847832251226,0.0007744045570390323,-0.35815963826122604,True,0.040909605110621486,0.03086721568744492,0.8202007901338265,0.000303221123586656
d_margin,fao_ffpi_sek_dyoy,coincident,0,commodities,102,-0.1831661135445165,-1.3514685974749303,0.17654537261659753,-0.1777020222758265,True,1.0,1.0,0.7631842399585946,0.001180210088537242
d_margin,wb_food_sek_yoy,coincident,0,commodities,102,-0.45914747451796833,-2.5142912499150576,0.011927188908354758,-0.2409698513033713,True,0.28226702561255207,0.2961204631806262,0.7905817554024996,0.00974919701012821
d_margin,wb_food_sek_dyoy,coincident,0,commodities,102,-0.09950011615165509,-0.7306037713994008,0.46502120776593614,-0.08018044469731739,True,1.0,1.0,0.6848977309115938,0.001839002840775327
d_margin,fao_ffpi_wloc_yoy,coincident,0,commodities,102,-0.48145260096286685,-2.979130239838985,0.0028906788185210086,-0.3287458826382964,True,0.10363367865050321,0.09633573268005989,0.8297098934910314,0.0002836112052225468
d_margin,fao_ffpi_wloc_dyoy,coincident,0,commodities,102,-0.10854344907772141,-0.8351077760906647,0.4036570288170478,-0.12182936188911261,True,1.0,1.0,0.7776511237308878,0.00046317325270297534
d_margin,wb_food_wloc_yoy,coincident,0,commodities,102,-0.44063177417971466,-2.2631755829395295,0.02362486776435646,-0.2106598551390737,True,0.42122273394794735,0.5019751216323531,0.7922666182409742,0.004941511167170695
d_margin,wb_food_wloc_dyoy,coincident,0,commodities,102,-0.011909731159188369,-0.09354733905616909,0.9254687434189983,-0.014222873202612197,True,1.0,1.0,0.6899206606602513,0.00088830961376155
d_margin,eu_agri_basket_yoy,coincident,1,commodities,102,-0.5655449998212417,-4.084523370388197,4.416738130341713e-05,-0.4819844880830774,False,0.003875270985795886,0.0027141287637843696,0.8520075597572352,0.012727536257067311
d_margin,eu_agri_basket_dyoy,coincident,1,commodities,98,-0.4267373322788333,-2.6764426239496886,0.0074408304814832515,-0.35074061900882003,False,0.1896032821665705,0.20111791635499235,0.8007678650626083,0.0025138770027193897
d_margin,eu_agri_basket_wloc_yoy,coincident,1,commodities,102,-0.5558300969215364,-3.9355390931567347,8.301014987388555e-05,-0.49462602468151823,False,0.006589704352755675,0.0045664946097564475,0.8543614714703142,0.02162078948605185
d_margin,eu_agri_basket_wloc_dyoy,coincident,1,commodities,98,-0.4805404279504661,-2.8122172026139722,0.004920126687722792,-0.4089517018202423,False,0.1491308946257639,0.14581815596400896,0.8060929036757796,0.003465061441262764
d_margin,elec_nordic_loc_yoy,coincident,0,energy,102,-0.32590665694686877,-1.75382052657386,0.0794612646868813,-0.2847353754061716,True,1.0,1.0,0.7240900987674318,0.0008895507454325807
d_margin,elec_nordic_loc_dyoy,coincident,0,energy,100,-0.0025140016715780467,-0.014262724313377887,0.9886203782938452,-0.011274709034222261,True,1.0,1.0,0.6741014457471726,0.002315610875117909
d_margin,natgas_eu_eur_yoy,coincident,0,energy,92,-0.3867809209681316,-2.520464156229127,0.01172001741579165,-0.28899484882853593,True,0.2811237125999101,0.29142737325887597,0.848374982064032,0.0012084228215865007
d_margin,natgas_eu_eur_dyoy,coincident,0,energy,80,0.07574999745386365,0.4042246909829529,0.6860474986175629,-0.00022172415833676194,True,1.0,1.0,0.8198488945961931,0.0005118304398019869
d_margin,brent_nok_yoy,coincident,0,energy,102,-0.34583956876476074,-2.1094540891244375,0.03490540490862304,-0.2711820855626537,True,0.5314135064052725,0.6722970915553924,0.7581643138081795,0.000961845434639735
d_margin,brent_nok_dyoy,coincident,0,energy,102,-0.1867537658086283,-1.412907577487275,0.15768290080197245,-0.14449370405553127,True,1.0,1.0,0.7101581616707573,0.006024234182274048
d_margin,packaging_eu_yoy,coincident,1,packaging_freight,102,-0.6034907457278434,-7.580614223803827,3.441691376337985e-14,-0.49211100658678614,False,1.1475085931949407e-10,2.5291625695331566e-11,0.9125490886352845,0.01716375249062556
d_margin,packaging_eu_dyoy,coincident,1,packaging_freight,98,-0.4088800029215858,-2.170003573624348,0.030006575226035892,-0.3259003798159167,False,0.47641031772309883,0.601753350655831,0.8739439511245172,9.134842719830694e-05
d_margin,packaging_us_yoy,coincident,1,packaging_freight,102,-0.272319759329685,-1.715927734477199,0.08617526981312218,-0.2292899237331498,False,1.0,1.0,0.8417701791287963,0.0017183456676223932
d_margin,packaging_us_dyoy,coincident,1,packaging_freight,102,0.035888733156926596,0.21953098816911792,0.826236443475344,0.008282944933790172,False,1.0,1.0,0.7970521691922231,0.003211258274410453
d_margin,price_cost_gap_ppi,coincident,1,other,102,0.5503859827124675,4.227382856005631,2.3642519200395284e-05,0.3652776543000937,False,0.002430469189188606,0.0016160712006689111,0.8363264015679872,9.288191180426028e-05
d_margin,price_cost_gap_ppi_d4,coincident,1,other,98,0.34829753191482943,2.2473333410183822,0.024618731612530143,0.2372565841462557,False,0.43367972063948995,0.5189736469125674,0.7678522686335879,0.003757067189342778
d_margin,price_cost_gap_fao_nok,coincident,1,other,102,0.3559901627525204,2.1331255942715273,0.03291442472765538,0.2321512714880548,False,0.5128100388919176,0.6432044705042789,0.8168805626536505,0.00010045364394960964
d_margin,price_cost_gap_fao_nok_d4,coincident,1,other,102,-0.005822706414681684,-0.0462833748213665,0.9630843900789285,0.03782356284026503,False,1.0,1.0,0.7654992604890926,0.0004670394610574856
d_margin,price_cost_gap_agri,coincident,1,other,102,0.5142370032578696,3.3987073658847446,0.0006770511581231098,0.4431517554118344,False,0.037623072351396815,0.02795802486514316,0.8347223258072484,0.0006751476525595488
d_margin,price_cost_gap_agri_d4,coincident,1,other,98,0.32942288481515364,2.2308202623366413,0.025693037211685255,0.27712053976872714,False,0.4399059868554435,0.5352980615054863,0.7903738527245757,0.0018406820079126798
d_margin,price_cost_gap_fao_wloc,coincident,1,other,102,0.42612317210531175,2.6524286274397095,0.007991502132034034,0.271830308123944,False,0.20185453512267396,0.21323894796270274,0.8256738129726776,0.0036985893037951726
d_margin,price_cost_gap_fao_wloc_d4,coincident,1,other,102,0.025707496918397525,0.19754999817749977,0.843397159354148,0.056577451446935406,False,1.0,1.0,0.7793081706086243,0.00021602018814617516
d_margin,nw_price_cost_gap_ppi,coincident,1,other,102,0.5030734940834629,3.431793435286628,0.0005996040726534702,0.3398847504666453,False,0.033884149186064284,0.025017185414186467,0.8203405786102836,0.0024372336623516835
d_margin,nw_price_cost_gap_ppi_d4,coincident,1,other,98,0.3026678133219853,2.193705871150201,0.028256561484348852,0.20333907511853277,False,0.4565142442198894,0.573097789120517,0.7489032059261054,0.0034865763964011818
d_margin,price_wage_gap,coincident,1,other,102,-0.38223019125705393,-2.4343657964036205,0.014917910668973633,-0.16558605476037427,False,0.31282028019826347,0.3503374005869603,0.8277904424769448,0.12158190626891034
d_margin,price_wage_gap_d4,coincident,1,other,102,-0.3191427612095862,-2.0628308881982482,0.039128698250562755,-0.2205254099437896,False,0.5696970102984029,0.734270766500821,0.6479439255374921,0.002171887308691225
d_margin,no_qna_hh_food_cons_sa_mnok__yoy,rt_h0,1,activity_retail,102,0.3995486016863955,1.694605334789255,0.09015031438333398,0.1620045714267888,False,1.0,1.0,0.8406391125928379,0.05541885594341623
d_margin,no_qna_hh_food_cons_sa_mnok__dyoy,rt_h0,1,activity_retail,102,0.4052342378154192,2.6932702200761245,0.007075489783424649,0.32019828518781723,False,0.18557648439107638,0.19329195780736244,0.7400574185732854,5.913374405594929e-05
d_margin,no_retail_foodstores_vol_sa_idx__yoy,rt_h0,1,activity_retail,101,0.4668906296799193,2.6272372850618897,0.008608128390415803,0.269459656267424,False,0.212597909729289,0.22593937161524577,0.8568518438985309,0.04790690063553137
d_margin,no_retail_foodstores_vol_sa_idx__dyoy,rt_h0,1,activity_retail,97,0.3788918774309483,3.1164002417625243,0.0018307361007394718,0.2774179909217234,False,0.07629916434089203,0.06549588387927728,0.8070661256503784,1.4102196993940877e-05
d_margin,se_ppi_food_hmpi_idx__yoy,rt_h0,1,producer_prices_input_costs,102,-0.3942889266912918,-2.1131650532282165,0.03458664328350447,-0.17297966491813255,False,0.5289759704155573,0.6690424908388728,0.8872702297888111,0.1021002446045647
d_margin,se_ppi_food_hmpi_idx__dyoy,rt_h0,1,producer_prices_input_costs,102,-0.3867450507126855,-2.455750222330269,0.014059083810084028,-0.30571022066690995,False,0.29667705258831883,0.33259969637893333,0.814502114563115,8.659467014354766e-05
d_margin,se_retail_grocery_vol_sa_idx__yoy,rt_h0,1,activity_retail,102,0.1119735268918204,0.9400504310709629,0.3471916930462968,-0.031460134428684595,False,1.0,1.0,0.7172047969097449,0.16663102168789148
d_margin,se_retail_grocery_vol_sa_idx__dyoy,rt_h0,1,activity_retail,102,0.30529131762453515,2.561133917609739,0.010433113127952476,0.2354961120255557,False,0.2539085773881996,0.2651743060972026,0.5368579295538688,0.0011207357652802277
d_margin,se_na_hhcons_food_sa__yoy,rt_h0,1,activity_retail,102,0.1476220288924309,1.1480716920805292,0.25093896911800373,0.018824652106147133,False,1.0,1.0,0.5512070035688645,0.032319619008240666
d_margin,se_na_hhcons_food_sa__dyoy,rt_h0,1,activity_retail,102,0.2973533133816615,2.7528451601370367,0.005907983161993924,0.22505668761453504,False,0.16730879588881367,0.1679675563076629,0.4452282684171213,0.001636286051063472
d_margin,ea_negotiated_wages_yoy_q__lvl,rt_h0,1,wages_income,102,0.4469466632124612,2.7408595211147606,0.006127870078285413,0.16679011400166657,False,0.1674687354747652,0.17118917818024076,0.8180014906887084,0.03689896900554964
d_margin,ea_negotiated_wages_yoy_q__d4,rt_h0,1,wages_income,102,-0.0809944157650911,-0.6435315757201924,0.5198792328762991,-0.052928161340206996,False,1.0,1.0,0.5100493568395038,1.5163243369684762e-05
d_margin,no_earn_idx_food_manuf_q__yoy,rt_h0,1,wages_income,102,0.05005815649514857,0.3428061916464972,0.7317442676440344,0.03692002426871886,False,1.0,1.0,0.2742757027484257,0.02125687124688528
d_margin,no_earn_idx_food_manuf_q__dyoy,rt_h0,1,wages_income,102,-0.06605910912552662,-0.7798854933731216,0.43545827793378744,-0.07985040495347805,False,1.0,1.0,0.14145297895820255,0.0011894000169557573
d_margin,no_real_wage_qna_yoy_q__lvl,rt_h0,1,wages_income,98,0.06261329395483811,0.2932966266296595,0.7692954318939946,0.04241242888570802,False,1.0,1.0,0.7472114391859161,0.20769227507440124
d_margin,no_real_wage_qna_yoy_q__d4,rt_h0,1,wages_income,96,-0.08315908252229702,-0.4149143946533248,0.6782045717942837,-0.03679425520954591,False,1.0,1.0,0.5637626347341079,0.00030695658598628477
d_margin,se_real_wage_yoy_q__lvl,rt_h0,1,wages_income,102,0.41157854287442824,2.5498469008880256,0.0107770233943012,0.21376978004793118,False,0.2603776853760311,0.2721925992195488,0.9327680101118453,0.12768977333870057
d_margin,se_real_wage_yoy_q__d4,rt_h0,1,wages_income,102,0.5379267045105711,4.119692508722064,3.7937834464818465e-05,0.41488775433752184,False,0.003495197461832447,0.0023898297304118877,0.8629711587782746,0.009389269304105255
d_margin,se_wage_idx_m__yoy,rt_h0,1,wages_income,102,0.4846923360444974,2.7730093676653436,0.005554052189027603,0.18772390069450864,False,0.16111212014252266,0.16112646102651945,0.8925233369699556,0.08502407436310853
d_margin,se_wage_idx_m__dyoy,rt_h0,1,wages_income,102,0.19021088353722104,1.5668488661637168,0.11715002217560033,0.14676026269249823,False,1.0,1.0,0.6657173770090662,0.01401534997355716
d_margin,ea_hicp_food_idx__yoy,rt_h0,1,consumer_prices,101,-0.22652650111920122,-1.6523170951001052,0.09846992616325023,-0.13383149084345525,False,1.0,1.0,0.9140298756494311,0.03190237186938041
d_margin,ea_hicp_food_idx__dyoy,rt_h0,1,consumer_prices,97,-0.36784588876185553,-2.9346250234820075,0.003339509876968183,-0.2767150373957404,False,0.11720419324015784,0.10793466461066935,0.8394696756513607,0.0012222816581908475
d_margin,eu_ppi_dom_c103_idx__yoy,rt_h0,1,producer_prices_input_costs,101,-0.18136026859659327,-1.407250282413866,0.15935318626327755,-0.08544844137451531,False,1.0,1.0,0.9281268089320225,0.06092994510231965
d_margin,eu_ppi_dom_c103_idx__dyoy,rt_h0,1,producer_prices_input_costs,97,-0.41380308656924614,-3.257317967176544,0.001124703695756013,-0.3216296847833698,False,0.052984346420519274,0.04316624342952828,0.8615860411244594,0.001150088472502795
d_margin,eu_ppi_dom_c105_idx__yoy,rt_h0,1,producer_prices_input_costs,101,-0.34984355007411316,-2.0956888976736647,0.036109797370574404,-0.25207367853463675,False,0.5439920562207877,0.6913495641567909,0.8736903037398932,0.018178527468026055
d_margin,eu_ppi_dom_c105_idx__dyoy,rt_h0,1,producer_prices_input_costs,97,-0.3530761562779244,-2.199928145108353,0.027811993476015928,-0.3056035657769454,False,0.45579879356316183,0.5675663032496214,0.8319145853855229,0.00042915946979024845
d_margin,eu_ppi_dom_c106_idx__yoy,rt_h0,1,producer_prices_input_costs,101,-0.47417937314719777,-2.7423236656600762,0.006100619536042906,-0.34740171596921327,False,0.1674687354747652,0.17084370001731936,0.8921253543389699,4.946342824284714e-05
d_margin,eu_ppi_dom_c106_idx__dyoy,rt_h0,1,producer_prices_input_costs,97,-0.5331798393658281,-2.8596974067282845,0.004240454067208077,-0.43317653033586445,False,0.14138273741288102,0.13124404535522638,0.8480071854372957,0.0009619821400298912
d_margin,eu_ppi_dom_c107_idx__yoy,rt_h0,1,producer_prices_input_costs,101,-0.2566683552581905,-1.5340504481424986,0.1250172423440259,-0.13326470325595655,False,1.0,1.0,0.9068849034947083,0.01928269012343007
d_margin,eu_ppi_dom_c107_idx__dyoy,rt_h0,1,producer_prices_input_costs,97,-0.3713036380760028,-2.3661388684270332,0.017974700818476297,-0.29305180413968807,False,0.3532959885477908,0.4038222381354162,0.8453673233791384,2.5592558783966646e-05
d_margin,eu_ppi_dom_c108_idx__yoy,rt_h0,1,producer_prices_input_costs,101,-0.2379236037634251,-1.4318496233119862,0.15218686208329935,-0.08019938717668137,False,1.0,1.0,0.93635037995366,0.09843515327506033
d_margin,eu_ppi_dom_c108_idx__dyoy,rt_h0,1,producer_prices_input_costs,97,-0.33416203794143684,-2.816182297295088,0.004859808234710661,-0.19488695927085556,False,0.1491308946257639,0.14537155959035605,0.8680085136483179,0.0001463947544077171
d_margin,eu_ppi_dom_food_mfg_idx__yoy,rt_h0,1,producer_prices_input_costs,101,-0.3998097123382094,-2.507549184461864,0.012157166098289318,-0.271636465377031,False,0.2823513795177571,0.2998724351575507,0.9077037724577236,0.018873554955382427
d_margin,eu_ppi_dom_food_mfg_idx__dyoy,rt_h0,1,producer_prices_input_costs,97,-0.42314854088094717,-2.4695572652831266,0.013528036430334067,-0.31560277749748866,False,0.28909640753580845,0.3219330722327404,0.8544556448210283,3.176417776490685e-05
d_margin,no_ssb_bts_consgoods_home_price_exp__lvl,rt_h0,1,price_expectations,102,-0.6341503649559643,-3.966761299435197,7.285589354411037e-05,-0.2976854310631396,False,0.005924679407988025,0.004091977703753549,0.8350925273446356,0.37201003022119006
d_margin,no_ssb_bts_consgoods_home_price_exp__d4,rt_h0,1,price_expectations,102,-0.4809030917900398,-3.1111638932040058,0.0018635148000902824,-0.40912834977183526,False,0.07670644404922554,0.06652041275543388,0.5694470013069067,0.006054092595223085
d_margin,eu_ppi_paper_packaging_idx__yoy,rt_h0,1,packaging_freight,101,-0.5749450887449487,-4.93342592937963,8.079969187058111e-07,-0.4301472419966195,False,0.0002449069119340678,9.013258261824871e-05,0.9069108962107351,0.014082917704436955
d_margin,eu_ppi_paper_packaging_idx__dyoy,rt_h0,1,packaging_freight,97,-0.5124794587436167,-2.77283546964468,0.005557020901432397,-0.4129257487815028,False,0.16111212014252266,0.16112646102651945,0.8675227836576729,1.4646865375468992e-05
d_margin,eu_ppi_plastic_products_idx__yoy,rt_h0,1,packaging_freight,101,-0.5728634752035522,-7.336175784932893,2.19824158875781e-13,-0.47178717471183745,False,3.664624216977391e-10,1.261107160357879e-10,0.9056815498415068,0.01981176046729837
d_margin,eu_ppi_plastic_products_idx__dyoy,rt_h0,1,packaging_freight,97,-0.4948499470626852,-3.0808817639050603,0.002063885869120652,-0.37060088350098236,False,0.08391813973026953,0.07286330789315562,0.8661503842308345,0.00032109787186052123
d_margin,us_ppi_corrugated_boxes_idx__yoy,rt_h0,1,packaging_freight,102,-0.5552817468613507,-4.624171153418083,3.760992316026446e-06,-0.4523017740556072,False,0.0005971276397706384,0.0003265617543938814,0.8344126236616143,0.023510931316145733
d_margin,us_ppi_corrugated_boxes_idx__dyoy,rt_h0,1,packaging_freight,102,-0.3406053646739153,-2.7106441462602406,0.0067152652846347305,-0.306257515246908,False,0.1805616487298253,0.18501263877201768,0.7997913269872224,0.005483384912244974
d_margin,us_ppi_plastic_resins_idx__yoy,rt_h0,1,packaging_freight,102,-0.1645417532913486,-0.9995910809427647,0.3175084412050959,-0.14199218323251817,False,1.0,1.0,0.819783321280979,0.017919533311986053
d_margin,us_ppi_plastic_resins_idx__dyoy,rt_h0,1,packaging_freight,102,0.040039771814270014,0.27313670657430134,0.7847481313333875,0.038815735227395766,False,1.0,1.0,0.7637291520537985,0.0012925906697761735
d_margin,w_food_cpi_yoy,rt_h0,1,consumer_prices,102,-0.19096330450642704,-1.291377907851326,0.1965726673928394,-0.07567061911593011,False,1.0,1.0,0.8908349436122175,0.09030722277739589
d_margin,w_food_cpi_dyoy,rt_h0,1,consumer_prices,102,-0.2894161816290684,-2.481074848269066,0.013098686490098155,-0.24206839398326135,False,0.285443619479057,0.31404186495943726,0.8151585263488269,0.0008005311249592261
d_margin,w_cpi_yoy,rt_h0,1,consumer_prices,102,-0.4119880245687076,-2.3362593864189543,0.01947772685385396,-0.1978502833981121,False,0.37538437440519407,0.43207786446580715,0.930137836130678,0.10496355561166787
d_margin,w_cpi_dyoy,rt_h0,1,consumer_prices,102,-0.42340173719426694,-3.0740946772090756,0.002111424140630147,-0.33721103527419993,False,0.08481670819465868,0.07437812788053935,0.8412433062602631,4.718251085151302e-06
d_margin,w_food_cpi_rel_yoy,rt_h0,1,consumer_prices,102,0.08890790433040562,0.5109048316191025,0.609417697787126,0.07865465586509922,False,1.0,1.0,0.785567485121036,0.04073879536360684
d_margin,w_food_cpi_rel_dyoy,rt_h0,1,consumer_prices,102,-0.10637526337219985,-0.7043607870776882,0.48120811957242315,-0.09519446331013916,False,1.0,1.0,0.7269727162382932,0.0019947412057104976
d_margin,w_food_cpi_xvat_yoy,rt_h0,1,consumer_prices,102,-0.1908322748918605,-1.3471628623244445,0.17792778586379354,-0.09230876571023512,False,1.0,1.0,0.9021766716432724,0.06120976908576375
d_margin,w_food_cpi_xvat_dyoy,rt_h0,1,consumer_prices,102,-0.32144152456265734,-2.8150739220860914,0.0048766015116175065,-0.27016215188127224,False,0.1491308946257639,0.14541172712491277,0.8366397634201136,0.0007233493085957974
d_margin,w_wage_yoy,rt_h0,1,wages_income,102,0.04211940492325009,0.2554469352948798,0.7983779237391859,-0.1052875365422365,False,1.0,1.0,0.591004231601322,0.01745596331654198
d_margin,w_wage_dyoy,rt_h0,1,wages_income,102,-0.13211324399361413,-1.5513423503202888,0.12081966280669132,-0.19490079656615392,False,1.0,1.0,0.18963920967705197,0.0018524942964857358
d_margin,w_real_wage_yoy,rt_h0,1,wages_income,102,0.3545254582113429,2.0146131675301726,0.04394519671560526,0.10550444624558422,False,0.6207560198659359,0.7994389649716961,0.7800508811001822,0.12857335248705867
d_margin,w_real_wage_dyoy,rt_h0,1,wages_income,102,0.2574484694349682,1.5287390709684372,0.1263291422942614,0.10825102868490385,False,1.0,1.0,0.4339413845000605,0.0009211343581796293
d_margin,w_retail_food_vol_yoy,rt_h0,1,activity_retail,101,0.5255860993701154,2.835273744786669,0.004578643418229333,0.1520775031751231,False,0.14678696999979543,0.13903231464241353,0.9006239242280772,0.2187413540116332
d_margin,w_retail_food_vol_dyoy,rt_h0,1,activity_retail,97,0.5150519965760582,4.603617939303595,4.152138812552053e-06,0.36531657868072265,False,0.000629264463119788,0.00035666858639862484,0.8063637188667122,7.567809332114117e-05
d_margin,w_retail_total_vol_yoy,rt_h0,1,activity_retail,101,0.1945983601505337,1.3550802165147822,0.17539200105220276,-0.03375380916714727,False,1.0,1.0,0.8785943023947932,0.16448863960396187
d_margin,w_retail_total_vol_dyoy,rt_h0,1,activity_retail,97,0.3731458553082705,2.467312738570978,0.013613140426794956,0.24943471281041765,False,0.28909640753580845,0.3225248882832654,0.7449291285850582,0.0007496185894658731
d_margin,w_gdp_vol_yoy,rt_h0,1,activity_retail,102,-0.27587059710830075,-2.026946486674757,0.04266788568715607,-0.26532303173540817,False,0.6079519955024738,0.7797346800253865,0.7249143393476877,0.019534835301906663
d_margin,w_gdp_vol_dyoy,rt_h0,1,activity_retail,102,-0.10927703733232347,-1.254932468479348,0.20950327613791808,-0.11621988036813802,False,1.0,1.0,0.6460063708208502,0.0014347308647274504
d_margin,w_hh_real_inc_yoy,rt_h0,1,wages_income,73,-0.005906266438316247,-0.039532101635819654,0.9684661601086877,0.08866985011886207,False,1.0,1.0,0.5532200958048807,0.1564746407341296
d_margin,w_hh_real_inc_dyoy,rt_h0,1,wages_income,69,0.14486159752623243,1.0792263716520984,0.2804868262189968,0.15167694260409037,False,1.0,1.0,0.40543491881116855,0.001145659117305314
d_margin,w_food_ppi_yoy,rt_h0,1,producer_prices_input_costs,101,-0.4432336275826418,-2.8673353959215593,0.004139440714732601,-0.23198474153177556,False,0.13940889832477532,0.12886250461343163,0.911399902182867,0.059200617826933935
d_margin,w_food_ppi_dyoy,rt_h0,1,producer_prices_input_costs,97,-0.4379028433724643,-2.987913654107949,0.00280888898737941,-0.3386105207786221,False,0.10320030904579336,0.09459121397079646,0.8536413914518619,7.050327396571876e-05
d_margin,w_unemp_lvl,rt_h0,1,labour_market,102,0.15171299913110559,0.8986894255248329,0.3688181110554556,0.11116491600086828,False,1.0,1.0,0.9346233269964845,0.003547076966876368
d_margin,w_unemp_d4,rt_h0,1,labour_market,102,0.4940045489456853,2.4889214984682084,0.01281312540729096,0.36169016906170637,False,0.2841100692388635,0.30997138245634065,0.8863829983399929,5.939425517906081e-08
d_margin,w_ec_food_ind_sell_price_exp_lvl,rt_h0,1,price_expectations,102,-0.47694603521771645,-3.151283217388259,0.00162554781978419,-0.28345118888370385,False,0.07108903707921217,0.0600267867124003,0.8401062271169176,0.09385592693929774
d_margin,w_ec_food_ind_sell_price_exp_d4,rt_h0,1,price_expectations,102,-0.4419811329312747,-2.500194609893962,0.012412509949549122,-0.33231361099960116,False,0.2841100692388635,0.30347913873867677,0.784419280067056,4.5544141575859685e-06
d_margin,w_hh_saving_lvl,rt_h0,1,wages_income,102,0.033685449600041995,0.07297679131114888,0.9418245861071874,0.04033384942858093,False,1.0,1.0,0.937254654568618,0.8474339680158866
d_margin,w_hh_saving_d4,rt_h0,1,wages_income,102,0.1119716259734357,0.835472464597694,0.4034517441907921,0.09283374867317631,False,1.0,1.0,0.4116788689409261,0.014319155419692711
d_margin,nw_real_wage_yoy,rt_h0,1,wages_income,102,0.23305284791171185,1.3194713731988998,0.1870115743596843,0.039038889720874236,False,1.0,1.0,0.6660451678611793,0.1536326860082853
d_margin,nw_real_wage_dyoy,rt_h0,1,wages_income,102,0.15894652587633462,1.046708932799668,0.2952338425494858,0.03440331385153452,False,1.0,1.0,0.24027514566710415,0.0014173803613945686
d_margin,nw_retail_food_vol_yoy,rt_h0,1,activity_retail,101,0.5066544296287825,2.784378176920173,0.005363046319674769,0.21788735345751956,False,0.1582403107960158,0.15720472392631374,0.8754933561399922,0.14031795743333142
d_margin,nw_retail_food_vol_dyoy,rt_h0,1,activity_retail,97,0.5186321070832965,4.876854431314277,1.077909208113681e-06,0.38398478637370864,False,0.00025670727054608305,0.00011391297567635505,0.7850295410432014,0.0002857141587373619
d_margin,nw_food_ppi_yoy,rt_h0,1,producer_prices_input_costs,101,-0.45193903854469336,-2.7465997712335692,0.006021656762249972,-0.1978738846038694,False,0.16730879588881367,0.16910426879786442,0.9141532488086936,0.11736504240776163
d_margin,nw_food_ppi_dyoy,rt_h0,1,producer_prices_input_costs,97,-0.42177237932703787,-3.020065000747406,0.0025272044223614287,-0.3332555050546909,False,0.09467479840824725,0.08674193832572127,0.8448805687160931,2.6822279228724996e-05
d_margin,eu_agri_basket_yoy,rt_h0,1,commodities,101,-0.4657134052223265,-3.1483839930625326,0.0016417587287393953,-0.3773529947719436,False,0.07108903707921217,0.06021016624030599,0.8520075597572352,0.012727536257067311
d_margin,eu_agri_basket_dyoy,rt_h0,1,commodities,97,-0.34946881968513677,-2.2744513603622996,0.0229388623999367,-0.29026815261176997,False,0.41565984954712576,0.49129824831333757,0.8007678650626083,0.0025138770027193897
d_margin,eu_agri_basket_wloc_yoy,rt_h0,1,commodities,101,-0.43923427607771626,-2.987066380519033,0.0028166855600388896,-0.36856027499322513,False,0.10320030904579336,0.09465532991915267,0.8543614714703142,0.02162078948605185
d_margin,eu_agri_basket_wloc_dyoy,rt_h0,1,commodities,97,-0.37151338556383146,-2.245847892295231,0.024713752477247608,-0.31937088062420693,False,0.43367972063948995,0.52029392793544,0.8060929036757796,0.003465061441262764
d_margin,packaging_eu_yoy,rt_h0,1,packaging_freight,101,-0.5856993256565491,-5.828999972950679,5.5760511763480736e-09,-0.4580639065318925,False,3.098557240850161e-06,1.1785493198133247e-06,0.9125490886352845,0.01716375249062556
d_margin,packaging_eu_dyoy,rt_h0,1,packaging_freight,97,-0.5185286847930555,-2.848359510383507,0.00439452510040228,-0.4084934031178286,False,0.14364674864521398,0.1349723667535007,0.8739439511245172,9.134842719830694e-05
d_margin,packaging_us_yoy,rt_h0,1,packaging_freight,102,-0.334672785256003,-2.2283047098998474,0.02586020248269416,-0.2819369144455335,False,0.4399059868554435,0.537386843832589,0.8417701791287963,0.0017183456676223932
d_margin,packaging_us_dyoy,rt_h0,1,packaging_freight,102,-0.11417151355818775,-0.8486117521766752,0.3960973653827664,-0.09411508382033049,False,1.0,1.0,0.7970521691922231,0.003211258274410453
d_margin,price_cost_gap_ppi,rt_h0,1,other,101,0.526250616595854,4.273852704015745,1.9212398166157385e-05,0.36307141367384255,False,0.0021352284464086213,0.001341801723485749,0.8363264015679872,9.288191180426028e-05
d_margin,price_cost_gap_ppi_d4,rt_h0,1,other,97,0.41619415388019687,2.4251067779714903,0.015303884770128784,0.27992749082540086,False,0.3178058000777746,0.3557173435515049,0.7678522686335879,0.003757067189342778
d_margin,price_cost_gap_fao_nok,rt_h0,1,other,102,0.3767204709067413,2.1422684544205266,0.03217188576903873,0.24694355210266009,False,0.5083678596712147,0.6337807397029973,0.8168805626536505,0.00010045364394960964
d_margin,price_cost_gap_fao_nok_d4,rt_h0,1,other,102,0.08495030065638923,0.6239249446305921,0.5326768774808641,0.10635064093742584,False,1.0,1.0,0.7654992604890926,0.0004670394610574856
d_margin,price_cost_gap_agri,rt_h0,1,other,101,0.43285001698496217,2.7555913460206845,0.005858614300044529,0.3716190283317401,False,0.16730879588881367,0.16745310103135316,0.8347223258072484,0.0006751476525595488
d_margin,price_cost_gap_agri_d4,rt_h0,1,other,97,0.2698494500985387,1.8650498436356897,0.06217441798275458,0.225261418074066,False,0.8291932205498085,1.0,0.7903738527245757,0.0018406820079126798
d_margin,price_cost_gap_fao_wloc,rt_h0,1,other,102,0.4118906873820814,2.3631631380964264,0.018119691276709426,0.26011082662772084,False,0.3532959885477908,0.4048621054199655,0.8256738129726776,0.0036985893037951726
d_margin,price_cost_gap_fao_wloc_d4,rt_h0,1,other,102,0.08153592024689095,0.6128697892706845,0.5399624404771959,0.08954924727362634,False,1.0,1.0,0.7793081706086243,0.00021602018814617516
d_margin,nw_price_cost_gap_ppi,rt_h0,1,other,101,0.500716434096687,3.688341292697036,0.0002257207503943981,0.3513141283145989,False,0.016012444972071285,0.011225444987620526,0.8203405786102836,0.0024372336623516835
d_margin,nw_price_cost_gap_ppi_d4,rt_h0,1,other,97,0.40282929929312583,2.491493620562036,0.012720725147431722,0.2713714017820932,False,0.2841100692388635,0.3091327464892963,0.7489032059261054,0.0034865763964011818
d_margin,price_wage_gap,rt_h0,1,other,102,-0.19034918962682543,-1.2011512375539481,0.2296925406789061,-0.026253478214553025,False,1.0,1.0,0.8277904424769448,0.12158190626891034
d_margin,price_wage_gap_d4,rt_h0,1,other,102,-0.21025295826842888,-1.5104986393812385,0.13091623630481974,-0.12426685497929542,False,1.0,1.0,0.6479439255374921,0.002171887308691225
d_margin,no_cpi_food_idx__yoy,rt_h1,0,consumer_prices,102,0.20525227285833353,1.3842088314672238,0.1662945199473369,0.11693492574200143,False,1.0,1.0,0.8086304714796214,0.17662156788440392
d_margin,no_cpi_food_idx__dyoy,rt_h1,0,consumer_prices,102,0.0017274129464185137,0.012064040342684044,0.9903745219539639,-0.021296933222768318,False,1.0,1.0,0.6699342292282324,0.0006540771685229985
d_margin,no_cpi_total_idx__yoy,rt_h1,0,consumer_prices,102,-0.26985901428310194,-1.191526050175168,0.23344713628432423,-0.12164007950442167,False,1.0,1.0,0.8090396366955549,0.20592457859617563
d_margin,no_cpi_total_idx__dyoy,rt_h1,0,consumer_prices,102,-0.18054642696452317,-0.9774963371838515,0.3283234902321124,-0.17031015419415546,False,1.0,1.0,0.6259308367722662,0.003104031584741151
d_margin,no_fx_eurnok__yoy,rt_h1,0,fx,102,0.23432137437151312,1.7222094999504776,0.08503157455580546,0.11665462925345625,False,1.0,1.0,0.7839904584261776,0.03237143604177326
d_margin,no_fx_eurnok__dyoy,rt_h1,0,fx,101,0.012200355578152638,0.10932888669848259,0.9129416356442566,-0.03812362246493354,False,1.0,1.0,0.7200174971863504,0.0027538245151602207
d_margin,no_govbond_10y__lvl,rt_h1,0,rates,102,-0.1040282370561722,-0.39438734569714307,0.6932950849701385,-0.048479979300635016,False,1.0,1.0,0.9788487165261812,0.38762469291115537
d_margin,no_govbond_10y__d4,rt_h1,0,rates,102,-0.6554051152465904,-4.749193164137536,2.0422980300249804e-06,-0.4934183411993947,False,0.0003782950304658932,0.0001929766664083636,0.8219992864791176,0.13308790814684354
d_margin,no_imp_price_food_idx__yoy,rt_h1,0,producer_prices_input_costs,97,-0.02223966196897239,-0.20056680384938425,0.8410373172619321,0.0503897764055416,False,1.0,1.0,0.7881353506062018,0.25852885083551846
d_margin,no_imp_price_food_idx__dyoy,rt_h1,0,producer_prices_input_costs,93,-0.04599929107507581,-0.28207879383223283,0.7778830933170748,-0.05305120558937798,False,1.0,1.0,0.5622787312608253,0.023930043762385392
d_margin,no_jordbruk_malpris_mnok__lvl,rt_h1,0,tax_policy,102,-0.040801677415293,-0.4087124588818171,0.682750689566092,0.08361714425389229,False,1.0,1.0,0.81194811973535,0.13549493051148842
d_margin,no_jordbruk_malpris_mnok__d4,rt_h1,0,tax_policy,96,-0.13856327861172094,-1.2385561997889194,0.21550989725510483,-0.10258240796840377,False,1.0,1.0,0.7290037795166293,0.03153823065733642
d_margin,no_policy_rate__lvl,rt_h1,0,rates,102,0.2466933839843858,1.2499699978684324,0.21131050726300193,0.07279963999095473,False,1.0,1.0,0.9751161949215335,0.15277240043405427
d_margin,no_policy_rate__d4,rt_h1,0,rates,102,-0.21487251489781883,-1.6936945081751582,0.09032334858770907,-0.17959693804094057,False,1.0,1.0,0.8957202641297115,0.0668626401533941
d_margin,no_ppi_food_dom_idx__yoy,rt_h1,0,producer_prices_input_costs,101,-0.37560293218615987,-2.5121861946342094,0.011998576366581748,-0.19206381029044778,False,0.28226702561255207,0.29743311326112526,0.9085326334719793,0.09655659875218935
d_margin,no_ppi_food_dom_idx__dyoy,rt_h1,0,producer_prices_input_costs,97,-0.34789166906722985,-2.470162252958416,0.01350517815532326,-0.28863561973486906,False,0.28909640753580845,0.3218659414981798,0.8324503055713375,0.00048132184664365053
d_margin,no_qna_hh_food_cons_sa_mnok__yoy,rt_h1,1,activity_retail,102,0.11419842138128239,0.6362125543930571,0.5246378914674756,0.029701342388850093,False,1.0,1.0,0.8406391125928379,0.05541885594341623
d_margin,no_qna_hh_food_cons_sa_mnok__dyoy,rt_h1,1,activity_retail,102,0.37111955648004624,2.199498448564568,0.027842499330948067,0.2735560888335855,False,0.45579879356316183,0.5675663032496214,0.7400574185732854,5.913374405594929e-05
d_margin,no_retail_foodstores_vol_sa_idx__yoy,rt_h1,1,activity_retail,100,0.36001759129543026,1.5088549577442507,0.1313358525865227,0.1776617974895695,False,1.0,1.0,0.8568518438985309,0.04790690063553137
d_margin,no_retail_foodstores_vol_sa_idx__dyoy,rt_h1,1,activity_retail,96,0.42308212540081847,2.8541560532497963,0.004315132900856389,0.288705607142076,False,0.14244815383373818,0.13317803634140843,0.8070661256503784,1.4102196993940877e-05
d_margin,no_vat_food_rate__lvl,rt_h1,0,tax_policy,102,0.006372255938327277,0.09401962535827045,0.9250935670092617,0.01192192452471099,False,1.0,1.0,0.7552630152846657,0.12730151810399776
d_margin,no_vat_food_rate__d4,rt_h1,0,tax_policy,102,0.012914653532143168,0.15540349989563423,0.8765032251690177,0.06489735418962497,False,1.0,1.0,0.7240734491610796,0.0696187785139645
d_margin,se_cpi_idx__yoy,rt_h1,0,consumer_prices,102,-0.3418640751386479,-2.1750455703070273,0.029626701639834607,-0.15128190935437902,False,0.4726297341921373,0.5956225442455564,0.9395911545166841,0.06851278561262832
d_margin,se_cpi_idx__dyoy,rt_h1,0,consumer_prices,102,-0.4807948538930504,-3.4774818506841916,0.0005061473156642293,-0.3753244272249886,False,0.029885936062101957,0.02203358547174865,0.8753415147178213,0.004221836181208122
d_margin,se_cpi_food_idx__yoy,rt_h1,0,consumer_prices,102,-0.2078322158637813,-1.5941859230615174,0.110894398479632,-0.07838998379474522,False,1.0,1.0,0.874019048207315,0.05233524666667634
d_margin,se_cpi_food_idx__dyoy,rt_h1,0,consumer_prices,102,-0.3180522983342651,-2.7873433680402595,0.0053142137368700215,-0.2642769399120811,False,0.1581994676849594,0.15605809248056982,0.8102101307333693,0.00464279359956733
d_margin,se_ppi_food_hmpi_idx__yoy,rt_h1,1,producer_prices_input_costs,102,-0.2165390838062226,-1.613056051282237,0.10673233082489753,-0.0692842559602305,False,1.0,1.0,0.8872702297888111,0.1021002446045647
d_margin,se_ppi_food_hmpi_idx__dyoy,rt_h1,1,producer_prices_input_costs,102,-0.32469225804709473,-2.7472764852063536,0.006009245268935093,-0.25270315362660173,False,0.16730879588881367,0.16910426879786442,0.814502114563115,8.659467014354766e-05
d_margin,se_retail_grocery_vol_sa_idx__yoy,rt_h1,1,activity_retail,102,-0.17282899705249435,-1.084332049987584,0.2782175997263985,-0.18637833613448143,False,1.0,1.0,0.7172047969097449,0.16663102168789148
d_margin,se_retail_grocery_vol_sa_idx__dyoy,rt_h1,1,activity_retail,102,0.08289805147619894,0.5898908824082791,0.5552638071757641,0.026836966113831212,False,1.0,1.0,0.5368579295538688,0.0011207357652802277
d_margin,se_na_hhcons_food_sa__yoy,rt_h1,1,activity_retail,102,-0.04829196384852361,-0.34686160830563423,0.7286952902049799,-0.08235167022318886,False,1.0,1.0,0.5512070035688645,0.032319619008240666
d_margin,se_na_hhcons_food_sa__dyoy,rt_h1,1,activity_retail,102,0.15001296246537152,1.2991948439464382,0.19387707053278813,0.11234899965406295,False,1.0,1.0,0.4452282684171213,0.001636286051063472
d_margin,se_policy_rate__lvl,rt_h1,0,rates,102,0.36897695726148566,1.614973536569314,0.10631642582191048,0.067586581850083,False,1.0,1.0,0.9727778999989105,0.17137031674507533
d_margin,se_policy_rate__d4,rt_h1,0,rates,102,-0.165258133313777,-1.31334734268737,0.18906593249018955,-0.15280650086478675,False,1.0,1.0,0.897829766877159,0.019342387276120896
d_margin,se_gov_bond_10y__lvl,rt_h1,0,rates,102,-0.017037395036677436,-0.0383693842351491,0.9693931708403176,-0.03019784011456183,False,1.0,1.0,0.9823166834171976,0.5516050467879952
d_margin,se_gov_bond_10y__d4,rt_h1,0,rates,102,-0.5238584701331594,-3.6205501416837764,0.00029397727006608143,-0.415550634837982,False,0.019218858946429912,0.014138452875606774,0.7986583383382068,0.09415625178944227
d_margin,se_eursek__yoy,rt_h1,0,fx,102,0.10317654078822674,0.8492044753294429,0.3957675234389093,0.05741833375148528,False,1.0,1.0,0.831644577743686,0.000907296091121031
d_margin,se_eursek__dyoy,rt_h1,0,fx,102,-0.045875264190993435,-0.375298260777593,0.7074386594834945,-0.048470971184964094,False,1.0,1.0,0.7684654551716504,0.007492274315341706
d_margin,ea_negotiated_wages_yoy_q__lvl,rt_h1,1,wages_income,102,0.5080448629943818,2.2878771349969784,0.022144677206720642,0.16405358491581087,False,0.4079198150943232,0.47947931405551625,0.8180014906887084,0.03689896900554964
d_margin,ea_negotiated_wages_yoy_q__d4,rt_h1,1,wages_income,102,0.01649582474790474,0.18989446478517638,0.8493918300140608,0.02327144848455381,False,1.0,1.0,0.5100493568395038,1.5163243369684762e-05
d_margin,no_earn_idx_food_manuf_q__yoy,rt_h1,1,wages_income,102,-0.0028801685143139866,-0.01608370721939935,0.9871676115906498,0.0266697930729943,False,1.0,1.0,0.2742757027484257,0.02125687124688528
d_margin,no_earn_idx_food_manuf_q__dyoy,rt_h1,1,wages_income,102,-0.1623426155249877,-1.378450572073491,0.16806421858320242,-0.13428377903702252,False,1.0,1.0,0.14145297895820255,0.0011894000169557573
d_margin,no_real_wage_qna_yoy_q__lvl,rt_h1,1,wages_income,98,0.013526766076457988,0.08937625054096138,0.9287828972455721,0.0028158579966177685,False,1.0,1.0,0.7472114391859161,0.20769227507440124
d_margin,no_real_wage_qna_yoy_q__d4,rt_h1,1,wages_income,96,-0.03942798206932615,-0.2380423265089785,0.8118482657631465,-0.01514830646450787,False,1.0,1.0,0.5637626347341079,0.00030695658598628477
d_margin,se_real_wage_yoy_q__lvl,rt_h1,1,wages_income,102,0.2131582283783493,1.8294828820171405,0.06732730139272536,0.07671135223754869,False,0.8837745960058506,1.0,0.9327680101118453,0.12768977333870057
d_margin,se_real_wage_yoy_q__d4,rt_h1,1,wages_income,102,0.4445305944777773,3.4749620441017077,0.0005109256379112193,0.32059006785647537,False,0.029885936062101957,0.02218148279246944,0.8629711587782746,0.009389269304105255
d_margin,se_wage_idx_m__yoy,rt_h1,1,wages_income,102,0.4559508419298075,2.4874275283500875,0.012867066646417236,0.20103057943187203,False,0.2841100692388635,0.31080822845592376,0.8925233369699556,0.08502407436310853
d_margin,se_wage_idx_m__dyoy,rt_h1,1,wages_income,102,0.21108133053423395,1.5654612780736414,0.1174747899026749,0.17255233937088618,False,1.0,1.0,0.6657173770090662,0.01401534997355716
d_margin,ea_hicp_food_idx__yoy,rt_h1,1,consumer_prices,100,-0.030804703344915998,-0.3814471774431969,0.7028714598080816,-0.0296110839901954,False,1.0,1.0,0.9140298756494311,0.03190237186938041
d_margin,ea_hicp_food_idx__dyoy,rt_h1,1,consumer_prices,96,-0.26793668716964747,-2.6760477569656,0.0074496029083055415,-0.2081132668954597,False,0.1896032821665705,0.20111791635499235,0.8394696756513607,0.0012222816581908475
d_margin,eu_ppi_dom_c103_idx__yoy,rt_h1,1,producer_prices_input_costs,100,0.07050118113809896,0.8421817227251347,0.3996862427861103,0.04354199265164412,False,1.0,1.0,0.9281268089320225,0.06092994510231965
d_margin,eu_ppi_dom_c103_idx__dyoy,rt_h1,1,producer_prices_input_costs,96,-0.29065065446781563,-2.8919349986901692,0.003828771526249719,-0.2026309864077507,False,0.13026189704632446,0.12083041636623688,0.8615860411244594,0.001150088472502795
d_margin,eu_ppi_dom_c105_idx__yoy,rt_h1,1,producer_prices_input_costs,100,-0.1773832255238121,-1.3167721997624684,0.1879149940508278,-0.09847066488156359,False,1.0,1.0,0.8736903037398932,0.018178527468026055
d_margin,eu_ppi_dom_c105_idx__dyoy,rt_h1,1,producer_prices_input_costs,96,-0.3092264394616794,-2.198856536079321,0.02788812497237303,-0.2529540497395074,False,0.45579879356316183,0.5677758492317588,0.8319145853855229,0.00042915946979024845
d_margin,eu_ppi_dom_c106_idx__yoy,rt_h1,1,producer_prices_input_costs,100,-0.3362481574928244,-2.0673813934506224,0.03869823010464368,-0.22010617977423874,False,0.56590076168034,0.7287468227714013,0.8921253543389699,4.946342824284714e-05
d_margin,eu_ppi_dom_c106_idx__dyoy,rt_h1,1,producer_prices_input_costs,96,-0.46711547426785666,-2.8257880250531136,0.004716446421264564,-0.36517191260739057,False,0.1469654166969617,0.14187577634928225,0.8480071854372957,0.0009619821400298912
d_margin,eu_ppi_dom_c107_idx__yoy,rt_h1,1,producer_prices_input_costs,100,-0.07005488830115189,-0.6789762148084033,0.4971529327536439,-0.012047602511627025,False,1.0,1.0,0.9068849034947083,0.01928269012343007
d_margin,eu_ppi_dom_c107_idx__dyoy,rt_h1,1,producer_prices_input_costs,96,-0.2982029034522764,-2.48960104807294,0.012788655890340728,-0.22321315247027534,False,0.2841100692388635,0.3098460586893258,0.8453673233791384,2.5592558783966646e-05
d_margin,eu_ppi_dom_c108_idx__yoy,rt_h1,1,producer_prices_input_costs,100,0.005271189079527637,0.0397019533043864,0.9683307443946643,0.020940049906518418,False,1.0,1.0,0.93635037995366,0.09843515327506033
d_margin,eu_ppi_dom_c108_idx__dyoy,rt_h1,1,producer_prices_input_costs,96,-0.18052386467957976,-1.7377391001722968,0.08225679577002953,-0.07523982671747075,False,1.0,1.0,0.8680085136483179,0.0001463947544077171
d_margin,eu_ppi_dom_food_mfg_idx__yoy,rt_h1,1,producer_prices_input_costs,100,-0.26635062859395603,-1.8769998944769903,0.06051810832563742,-0.16715547952548654,False,0.8103451181874529,1.0,0.9077037724577236,0.018873554955382427
d_margin,eu_ppi_dom_food_mfg_idx__dyoy,rt_h1,1,producer_prices_input_costs,96,-0.4018737605656958,-2.7939500655529304,0.005206851808890134,-0.29971647520867467,False,0.1563998245471992,0.15346640439354592,0.8544556448210283,3.176417776490685e-05
d_margin,ea_ec_food_ind_sell_price_exp__lvl,rt_h1,0,price_expectations,102,-0.5048880149020881,-4.349314585963296,1.365636912686874e-05,-0.35874557742579893,False,0.001686380243872994,0.0010016724637719524,0.8570579654709235,0.05648642597684678
d_margin,ea_ec_food_ind_sell_price_exp__d4,rt_h1,0,price_expectations,102,-0.4487895769114199,-2.8428048908657977,0.0044718436539867845,-0.3443006942005801,False,0.14475494521776577,0.13656376132077147,0.816622100728545,4.48067468246736e-05
d_margin,no_fn_cci_sa__lvl,rt_h1,0,consumer_survey,102,-0.13783620127740245,-0.7235372792071199,0.46934985941103324,-0.060857212157831644,False,1.0,1.0,0.953861827159213,0.43016972733811054
d_margin,no_fn_cci_sa__d4,rt_h1,0,consumer_survey,102,-0.008952856664715958,-0.06833767304925184,0.9455168354535461,-0.015514002416753797,False,1.0,1.0,0.843137764949903,0.0013309050489748683
d_margin,no_nbes_bl_sell_price_di__lvl,rt_h1,0,price_expectations,97,-0.5891468486998174,-2.5957072710386817,0.009439644906209521,-0.3676958132419018,False,0.23141993756359922,0.24417357411225066,0.8611891621541462,2.5067060869598952e-05
d_margin,no_nbes_bl_sell_price_di__d4,rt_h1,0,price_expectations,93,-0.3830622734347046,-2.0900455978184915,0.036613703867215186,-0.35284672997183514,False,0.5439920562207877,0.6981960774128761,0.7174042885660665,0.011001769614296145
d_margin,no_ssb_bts_consgoods_home_price_exp__lvl,rt_h1,1,price_expectations,102,-0.5392756153687148,-2.2410323727412815,0.025023978132129976,-0.21323644426090915,False,0.43454939136118176,0.5247617661283556,0.8350925273446356,0.37201003022119006
d_margin,no_ssb_bts_consgoods_home_price_exp__d4,rt_h1,1,price_expectations,102,-0.47551170773582274,-2.9807805900698208,0.002875147085705132,-0.41754546411994997,False,0.10363367865050321,0.09614808334771725,0.5694470013069067,0.006054092595223085
d_margin,se_ec_cons_conf__lvl,rt_h1,0,consumer_survey,102,-0.06498897357492944,-0.299853313730784,0.7642890467951589,-0.047934569340600836,False,1.0,1.0,0.877551214731443,0.18660151137343067
d_margin,se_ec_cons_conf__d4,rt_h1,0,consumer_survey,102,0.2179226948579635,1.4148510889066503,0.15711216121195148,0.13357227881529984,False,1.0,1.0,0.8192944337002316,0.00048405452140924595
d_margin,se_nier_food_mfg_sell_price_exp__lvl,rt_h1,0,price_expectations,102,-0.41176376760812305,-2.3837921797455914,0.01713527598400244,-0.18963934922383946,False,0.3421043963726251,0.38876973520508357,0.8103195639129432,0.1299782820646935
d_margin,se_nier_food_mfg_sell_price_exp__d4,rt_h1,0,price_expectations,101,-0.39584890316652416,-2.290420123747383,0.02199697407274126,-0.2840365971875076,False,0.4074501299354108,0.4774916990617828,0.7309738360907708,7.183384820895125e-06
d_margin,eu_ppi_paper_packaging_idx__yoy,rt_h1,1,packaging_freight,100,-0.44895342656849924,-3.149792962520019,0.0016338620354618971,-0.30045869145082144,False,0.07108903707921217,0.060068525095769126,0.9069108962107351,0.014082917704436955
d_margin,eu_ppi_paper_packaging_idx__dyoy,rt_h1,1,packaging_freight,96,-0.5241917546351301,-3.256413499556166,0.001128293035528083,-0.4078122456039762,False,0.052984346420519274,0.04316624342952828,0.8675227836576729,1.4646865375468992e-05
d_margin,eu_ppi_plastic_products_idx__yoy,rt_h1,1,packaging_freight,100,-0.5199861310712611,-4.911937200289493,9.018093929391569e-07,-0.405481180240324,False,0.00024790804662551153,9.921937830833682e-05,0.9056815498415068,0.01981176046729837
d_margin,eu_ppi_plastic_products_idx__dyoy,rt_h1,1,packaging_freight,96,-0.5560959487426602,-3.8465539518989056,0.0001197907622552119,-0.4217839693572197,False,0.009288356923513742,0.006308964619611639,0.8661503842308345,0.00032109787186052123
d_margin,glob_fao_cereals_idx__yoy,rt_h1,0,commodities,102,-0.4100460754515253,-1.8411078116677482,0.06560576115444516,-0.2882908237178177,False,0.8680114630602588,1.0,0.817713822498277,0.030779088452408516
d_margin,glob_fao_cereals_idx__dyoy,rt_h1,0,commodities,102,-0.26233020419167596,-1.6520974295743167,0.09851469088123288,-0.2562763512817035,False,1.0,1.0,0.7432849982136328,0.0008394949071345538
d_margin,glob_fao_dairy_idx__yoy,rt_h1,0,commodities,102,-0.29132407324985043,-1.9302407477803858,0.05357701486599842,-0.2773031965516439,False,0.7321038807526385,0.931410531251188,0.8484982671185941,0.007314375059597211
d_margin,glob_fao_dairy_idx__dyoy,rt_h1,0,commodities,102,-0.18686345812239022,-1.5327154347332654,0.1253459845056728,-0.21100104007512635,False,1.0,1.0,0.8246427781731062,7.949944618729302e-05
d_margin,glob_fao_ffpi__yoy,rt_h1,0,commodities,102,-0.37963351726012284,-1.7599692499916024,0.07841302046369525,-0.2702005782985149,False,1.0,1.0,0.839991514765434,0.014834311195618496
d_margin,glob_fao_ffpi__dyoy,rt_h1,0,commodities,102,-0.1618587585258009,-1.1554608489179374,0.2479017563180852,-0.18414320619466976,False,1.0,1.0,0.7935196367385194,0.0006314676790982632
d_margin,glob_fao_ffpi_eur__yoy,rt_h1,0,commodities,102,-0.43994234222283424,-2.424101879272211,0.015346299588714363,-0.27793219271815556,False,0.3178058000777746,0.3557173435515049,0.8347516090824487,1.5062080420659687e-05
d_margin,glob_fao_ffpi_eur__dyoy,rt_h1,0,commodities,101,-0.15937065685341045,-1.2506582275550815,0.21105919692109243,-0.1348800520504765,False,1.0,1.0,0.7870102518555387,6.542857828203963e-07
d_margin,glob_fao_ffpi_nok__yoy,rt_h1,0,commodities,102,-0.39570863690512464,-2.2221634714392158,0.02627226009799344,-0.26667336198045055,False,0.44464686195598085,0.5445406875108069,0.8228269516137533,0.008468118447810601
d_margin,glob_fao_ffpi_nok__dyoy,rt_h1,0,commodities,102,-0.15487079018896716,-1.0822577689563029,0.27913800549873624,-0.16348465351484148,False,1.0,1.0,0.765250160632876,0.0008131276047214736
d_margin,glob_fao_meat_idx__yoy,rt_h1,0,commodities,102,-0.24438558646570915,-1.578650138533854,0.11441632750571218,-0.148891902545488,False,1.0,1.0,0.8034717244531673,0.0005214656695097058
d_margin,glob_fao_meat_idx__dyoy,rt_h1,0,commodities,102,-0.17408290133458953,-1.3732660430665855,0.16966965496106612,-0.15781655882569154,False,1.0,1.0,0.7623302934109546,3.8784398610316866e-05
d_margin,glob_fao_sugar_idx__yoy,rt_h1,0,commodities,102,-0.01745890292510774,-0.09346338728007485,0.925535435055846,0.05494719028511671,False,1.0,1.0,0.7744108440493735,0.015946312130743892
d_margin,glob_fao_sugar_idx__dyoy,rt_h1,0,commodities,102,0.182940984399788,1.0349382274801782,0.30069776052564956,0.15925642142875912,False,1.0,1.0,0.7035295894141299,0.00010898391950783184
d_margin,glob_fao_vegoils_idx__yoy,rt_h1,0,commodities,102,-0.3248745596964461,-1.8116219138465859,0.0700446365442644,-0.2263726568208471,False,0.909818956850391,1.0,0.8209083955038609,0.004847725951699453
d_margin,glob_fao_vegoils_idx__dyoy,rt_h1,0,commodities,102,-0.027098914658674575,-0.20919027058346235,0.8342997073567575,-0.08659662685746858,False,1.0,1.0,0.7840597843503714,0.0020068951089161884
d_margin,glob_gscpi__lvl,rt_h1,0,packaging_freight,102,-0.5289437802894278,-4.23435820020613,2.292053559704854e-05,-0.2578584183601113,False,0.002430469189188606,0.0015734158009219764,0.8488242964972464,0.2162242354162769
d_margin,glob_gscpi__d4,rt_h1,0,packaging_freight,102,-0.03082354607563917,-0.25213895771675565,0.800933658576825,-0.01742618802143645,False,1.0,1.0,0.702165969333573,0.00046917027423038215
d_margin,glob_wb_food_idx__yoy,rt_h1,0,commodities,102,-0.3430607143148253,-1.4858419951692623,0.13732091921410383,-0.19326831238136802,False,1.0,1.0,0.801698214252439,0.03914402496698348
d_margin,glob_wb_food_idx__dyoy,rt_h1,0,commodities,102,-0.09404875833580087,-0.704640614172201,0.48103391681036745,-0.10830239785797267,False,1.0,1.0,0.7215557173222272,0.0010729570136151039
d_margin,glob_wb_food_idx_eur__yoy,rt_h1,0,commodities,102,-0.40395742711145266,-1.9271904559454456,0.05395589895100561,-0.18995026969132447,False,0.7330488433723464,0.9369831970279134,0.7982880168629466,0.006893045139044713
d_margin,glob_wb_food_idx_eur__dyoy,rt_h1,0,commodities,101,-0.08527787501535711,-0.6557614562109684,0.5119776198003798,-0.043240395433725924,False,1.0,1.0,0.7102615096822911,1.8289751803244727e-05
d_margin,glob_wb_food_idx_nok__yoy,rt_h1,0,commodities,102,-0.31995427768731344,-1.6032565493922526,0.1088780251778052,-0.15612265605479375,False,1.0,1.0,0.7834343195349945,5.394509186492416e-06
d_margin,glob_wb_food_idx_nok__dyoy,rt_h1,0,commodities,102,-0.05799896418136396,-0.4079573806752433,0.6833049647320848,-0.05495417823735956,False,1.0,1.0,0.6780888483823206,0.001419016038110297
d_margin,us_ppi_corrugated_boxes_idx__yoy,rt_h1,1,packaging_freight,102,-0.5689234912291555,-4.312882776251306,1.6113956576413457e-05,-0.4472458802519307,False,0.0018879262483463921,0.0011504143058420897,0.8344126236616143,0.023510931316145733
d_margin,us_ppi_corrugated_boxes_idx__dyoy,rt_h1,1,packaging_freight,102,-0.49543619879899314,-3.546710893115779,0.0003900723967968922,-0.44104770060944964,False,0.024084380611250195,0.01775027624407587,0.7997913269872224,0.005483384912244974
d_margin,us_ppi_plastic_resins_idx__yoy,rt_h1,1,packaging_freight,102,-0.18986297209533617,-1.0028302779498608,0.31594275734811283,-0.15963872870071164,False,1.0,1.0,0.819783321280979,0.017919533311986053
d_margin,us_ppi_plastic_resins_idx__dyoy,rt_h1,1,packaging_freight,102,-0.053659339053880525,-0.36816625598367125,0.7127492697532474,-0.02453931181253645,False,1.0,1.0,0.7637291520537985,0.0012925906697761735
d_margin,w_food_cpi_yoy,rt_h1,1,consumer_prices,102,0.04261963814974283,0.3283628058953279,0.7426373618840887,0.04642034667721987,False,1.0,1.0,0.8908349436122175,0.09030722277739589
d_margin,w_food_cpi_dyoy,rt_h1,1,consumer_prices,102,-0.16936359178670854,-1.7072516537681786,0.08777528793308398,-0.15022748313602377,False,1.0,1.0,0.8151585263488269,0.0008005311249592261
d_margin,w_cpi_yoy,rt_h1,1,consumer_prices,102,-0.22906994831987768,-1.6586810881877134,0.09718007222234926,-0.08592526499910888,False,1.0,1.0,0.930137836130678,0.10496355561166787
d_margin,w_cpi_dyoy,rt_h1,1,consumer_prices,102,-0.3714955023255527,-3.0420732986587535,0.002349546730695984,-0.2870431292123093,False,0.0890195588835294,0.0813393522389363,0.8412433062602631,4.718251085151302e-06
d_margin,w_food_cpi_rel_yoy,rt_h1,1,consumer_prices,102,0.2350016260324893,1.2229926166125291,0.22133248501128078,0.1683432767048736,False,1.0,1.0,0.785567485121036,0.04073879536360684
d_margin,w_food_cpi_rel_dyoy,rt_h1,1,consumer_prices,102,0.04214255229810784,0.24365548136806348,0.8074976550095372,0.0023165112516287515,False,1.0,1.0,0.7269727162382932,0.0019947412057104976
d_margin,w_food_cpi_xvat_yoy,rt_h1,1,consumer_prices,102,0.037643501408856625,0.30836420686210875,0.7578052145774667,0.03274893322208239,False,1.0,1.0,0.9021766716432724,0.06120976908576375
d_margin,w_food_cpi_xvat_dyoy,rt_h1,1,consumer_prices,102,-0.19690953247450366,-2.088968445822042,0.03671056369022008,-0.1708955138130725,False,0.5439920562207877,0.6986878794157783,0.8366397634201136,0.0007233493085957974
d_margin,w_wage_yoy,rt_h1,1,wages_income,102,0.001458471950918464,0.008726035280039459,0.9930377195287705,-0.06106628815561536,False,1.0,1.0,0.591004231601322,0.01745596331654198
d_margin,w_wage_dyoy,rt_h1,1,wages_income,102,-0.13036612272610149,-1.3580150793544554,0.17445889936270587,-0.14096690185844982,False,1.0,1.0,0.18963920967705197,0.0018524942964857358
d_margin,w_real_wage_yoy,rt_h1,1,wages_income,102,0.14963503360100397,0.848242627384501,0.3963028618976576,0.0279295409728314,False,1.0,1.0,0.7800508811001822,0.12857335248705867
d_margin,w_real_wage_dyoy,rt_h1,1,wages_income,102,0.191734638334125,1.0763660433866062,0.2817635825770122,0.10414957078922156,False,1.0,1.0,0.4339413845000605,0.0009211343581796293
d_margin,w_cons_conf_z,rt_h1,0,consumer_survey,102,-0.023955807750135005,-0.09388305769161717,0.9252020523914457,-0.03986827306103499,False,1.0,1.0,0.9196193549253993,0.27930363673706804
d_margin,w_cons_conf_z_d4,rt_h1,0,consumer_survey,102,0.14924386524335143,0.9143654395191775,0.36052485548392754,0.08601734832479511,False,1.0,1.0,0.8190544204437535,0.0007175507571341457
d_margin,w_retail_food_vol_yoy,rt_h1,1,activity_retail,100,0.2674006174345366,1.2084592089130242,0.22687067696361218,0.0315594362429015,False,1.0,1.0,0.9006239242280772,0.2187413540116332
d_margin,w_retail_food_vol_dyoy,rt_h1,1,activity_retail,96,0.4332382046479875,3.155179918586593,0.0016039915811112415,0.27491942409942816,False,0.07108903707921217,0.05936725351337472,0.8063637188667122,7.567809332114117e-05
d_margin,w_retail_total_vol_yoy,rt_h1,1,activity_retail,100,-0.1382413711215881,-0.885566622929615,0.3758511039718906,-0.17014528183174102,False,1.0,1.0,0.8785943023947932,0.16448863960396187
d_margin,w_retail_total_vol_dyoy,rt_h1,1,activity_retail,96,0.20398520381254073,1.51659470616036,0.1293690427907559,0.09454543267851838,False,1.0,1.0,0.7449291285850582,0.0007496185894658731
d_margin,w_gdp_vol_yoy,rt_h1,1,activity_retail,102,-0.35931509038618,-2.099891048843006,0.03573842634945135,-0.31383110885251,False,0.5416225874132347,0.6850558979777525,0.7249143393476877,0.019534835301906663
d_margin,w_gdp_vol_dyoy,rt_h1,1,activity_retail,102,-0.3089974200935354,-3.1293159429017487,0.0017521380310761003,-0.2751215533579604,False,0.07394779827896208,0.06307366150233976,0.6460063708208502,0.0014347308647274504
d_margin,w_hh_real_inc_yoy,rt_h1,1,wages_income,72,-0.1902580670743202,-1.0316095490914776,0.30225506520831447,-0.05048165965157678,False,1.0,1.0,0.5532200958048807,0.1564746407341296
d_margin,w_hh_real_inc_dyoy,rt_h1,1,wages_income,68,-0.06280331773845005,-0.3603221434049229,0.7186062418656518,-0.009158841978643069,False,1.0,1.0,0.40543491881116855,0.001145659117305314
d_margin,w_food_ppi_yoy,rt_h1,1,producer_prices_input_costs,100,-0.2692995534813449,-2.036702679266136,0.041679845881542166,-0.11390010712349183,False,0.5986459090120008,0.7695581724778803,0.911399902182867,0.059200617826933935
d_margin,w_food_ppi_dyoy,rt_h1,1,producer_prices_input_costs,96,-0.3629614910764973,-3.3536457627596117,0.000797543943198642,-0.2739759524397516,False,0.040909605110621486,0.03163254982800345,0.8536413914518619,7.050327396571876e-05
d_margin,w_unemp_lvl,rt_h1,1,labour_market,102,0.03350248808319765,0.2226283460341611,0.8238247731125135,0.0042770424738653,False,1.0,1.0,0.9346233269964845,0.003547076966876368
d_margin,w_unemp_d4,rt_h1,1,labour_market,102,0.40353555367006383,2.0191139272344776,0.043475379631152444,0.2851860105132168,False,0.6168215574043335,0.7926876233925192,0.8863829983399929,5.939425517906081e-08
d_margin,w_policy_rate_lvl,rt_h1,0,rates,102,0.28143841938675956,1.377630835702988,0.16831729547707974,0.03899144234939276,False,1.0,1.0,0.9776512925040991,0.16259515925490403
d_margin,w_policy_rate_d4,rt_h1,0,rates,102,-0.2368989371643994,-1.7106239394756622,0.08715055677763295,-0.20706809796943648,False,1.0,1.0,0.9049871240436747,0.054587467460304594
d_margin,w_gov10y_lvl,rt_h1,0,rates,102,-0.14814105689838236,-0.4001737252075802,0.6890285656125759,-0.04033615122694398,False,1.0,1.0,0.9833076134644816,0.4379741842407668
d_margin,w_gov10y_d4,rt_h1,0,rates,102,-0.6201066650728433,-4.364097070483664,1.2764889057992335e-05,-0.4639482279475257,False,0.0016369209969452903,0.0009492877930566943,0.8375133486644528,0.12983879426860775
d_margin,w_fx_vs_eur_yoy,rt_h1,0,fx,102,0.20799646240034364,1.4684874168828792,0.14197187175333958,0.1019550825641136,False,1.0,1.0,0.8255204657320352,0.005625234730305131
d_margin,w_fx_vs_eur_dyoy,rt_h1,0,fx,102,0.027724597184815843,0.34576091838366757,0.7295223982399957,-0.023233387861404966,False,1.0,1.0,0.7637340340970555,0.004705027460282979
d_margin,w_fx_vs_usd_yoy,rt_h1,0,fx,102,0.03621155349941915,0.24929429532511227,0.8031331437290206,0.06881582274174662,False,1.0,1.0,0.7866814195934706,0.04407161891098799
d_margin,w_fx_vs_usd_dyoy,rt_h1,0,fx,102,0.06178826349856123,0.3698080465691099,0.7115255193332659,0.10560231012529203,False,1.0,1.0,0.7029248394697424,0.00020781387221498613
d_margin,w_fx_vs_nok_yoy,rt_h1,0,fx,102,-0.20364056823476548,-1.372173099557971,0.17000955751918712,-0.10633307753290809,False,1.0,1.0,0.7331451900180997,0.061604764358906584
d_margin,w_fx_vs_nok_dyoy,rt_h1,0,fx,102,-0.008685887315420204,-0.06745550454772006,0.9462190835281827,0.03416297181635326,False,1.0,1.0,0.6716789508328556,0.000621891597040753
d_margin,w_ec_food_ind_sell_price_exp_lvl,rt_h1,1,price_expectations,102,-0.4109285242170627,-2.2180002022545104,0.026554818626559396,-0.21134779377447818,False,0.44715920157610095,0.5475710571010934,0.8401062271169176,0.09385592693929774
d_margin,w_ec_food_ind_sell_price_exp_d4,rt_h1,1,price_expectations,102,-0.4989054856331357,-2.7364358595964795,0.0062108701433223334,-0.38467649279340144,False,0.16835707062165844,0.172906467736548,0.784419280067056,4.5544141575859685e-06
d_margin,w_ec_food_retail_sell_price_exp_lvl,rt_h1,0,price_expectations,63,-0.6458838740610475,-4.767164440344751,1.8683681279885178e-06,-0.4391129016335392,False,0.0003664355088107163,0.00017758666373903268,0.8631622264562294,0.07216875821157197
d_margin,w_ec_food_retail_sell_price_exp_d4,rt_h1,0,price_expectations,59,-0.5865237047330453,-2.8923569625082157,0.0038236324461908833,-0.4570527508395848,False,0.13026189704632446,0.12083041636623688,0.808353484044957,0.00018611426295658514
d_margin,w_ec_cons_price_exp_lvl,rt_h1,0,price_expectations,102,-0.3718211579613119,-1.9457387426237376,0.0516861302870264,-0.22037932712684968,False,0.712102769508117,0.903427090681887,0.8608525901254508,0.0032465212316351295
d_margin,w_ec_cons_price_exp_d4,rt_h1,0,price_expectations,102,-0.2235999582354983,-1.5708555305510623,0.11621620995893478,-0.16967690077058836,False,1.0,1.0,0.8269008676275778,0.0004758015262790783
d_margin,w_hh_saving_lvl,rt_h1,1,wages_income,102,-0.2041371878086808,-0.5309663293525602,0.5954421120445903,0.006823621513382905,False,1.0,1.0,0.937254654568618,0.8474339680158866
d_margin,w_hh_saving_d4,rt_h1,1,wages_income,102,0.056633279040698765,0.3290957021461484,0.742083352670549,0.04650391061408214,False,1.0,1.0,0.4116788689409261,0.014319155419692711
d_margin,nw_food_cpi_yoy,rt_h1,0,consumer_prices,102,-0.026272696802554577,-0.1692094479835495,0.8656318985345557,0.01942702189189693,False,1.0,1.0,0.8712535268997397,0.13737052290782398
d_margin,nw_food_cpi_dyoy,rt_h1,0,consumer_prices,102,-0.19877479240859047,-1.5547948338915392,0.11999493990802579,-0.17650092960074093,False,1.0,1.0,0.7706215154871803,0.0008502456109153745
d_margin,nw_food_cpi_xvat_yoy,rt_h1,0,consumer_prices,102,-0.0317303900347935,-0.21346045101692926,0.8309678337185191,-0.0039467900096805016,False,1.0,1.0,0.898214540320495,0.088890490355048
d_margin,nw_food_cpi_xvat_dyoy,rt_h1,0,consumer_prices,102,-0.25722626696182815,-2.1925105359113872,0.02834266317417522,-0.22543512228674303,False,0.4565142442198894,0.5733961281159426,0.8174534723630721,0.00047168361430462933
d_margin,nw_real_wage_yoy,rt_h1,1,wages_income,102,0.049466342639882775,0.30630648716051445,0.7593713004138145,-0.023860865080874205,False,1.0,1.0,0.6660451678611793,0.1536326860082853
d_margin,nw_real_wage_dyoy,rt_h1,1,wages_income,102,0.09745563893795185,0.5999579620718051,0.5485342519973224,0.03258431006301448,False,1.0,1.0,0.24027514566710415,0.0014173803613945686
d_margin,nw_cons_conf_z,rt_h1,0,consumer_survey,102,-0.11128393342851033,-0.49717818355690085,0.6190634046141261,-0.05855864057236861,False,1.0,1.0,0.9292296405833603,0.34503672422778825
d_margin,nw_cons_conf_z_d4,rt_h1,0,consumer_survey,102,0.1329630714298493,0.8676110960986533,0.38560726992829464,0.07893677480550428,False,1.0,1.0,0.8347704608974341,9.570605228021588e-06
d_margin,nw_retail_food_vol_yoy,rt_h1,1,activity_retail,100,0.2503706236006792,1.1149421373909252,0.26487521815875104,0.07085193456319208,False,1.0,1.0,0.8754933561399922,0.14031795743333142
d_margin,nw_retail_food_vol_dyoy,rt_h1,1,activity_retail,96,0.4468101022331751,3.2926462276049295,0.0009924927188553756,0.29198903902887896,False,0.04866339895449873,0.03850894236771885,0.7850295410432014,0.0002857141587373619
d_margin,nw_food_ppi_yoy,rt_h1,1,producer_prices_input_costs,100,-0.27180256321393265,-2.077708234732582,0.03773624013736687,-0.09266317077792953,False,0.554264154286718,0.7141405241267205,0.9141532488086936,0.11736504240776163
d_margin,nw_food_ppi_dyoy,rt_h1,1,producer_prices_input_costs,96,-0.3471171884099442,-3.2694284031636722,0.0010776500580074178,-0.2687186218127013,False,0.05207301079028815,0.04161204206372597,0.8448805687160931,2.6822279228724996e-05
d_margin,fao_ffpi_sek_yoy,rt_h1,0,commodities,102,-0.4224168012056211,-2.4915127012220997,0.01272004190811682,-0.27556969153726096,False,0.2841100692388635,0.3091327464892963,0.8202007901338265,0.000303221123586656
d_margin,fao_ffpi_sek_dyoy,rt_h1,0,commodities,102,-0.17061490155592082,-1.1411339955582416,0.25381416625259545,-0.15187648533224418,False,1.0,1.0,0.7631842399585946,0.001180210088537242
d_margin,wb_food_sek_yoy,rt_h1,0,commodities,102,-0.3507552542690075,-1.8110698541871244,0.07013003925481165,-0.17222665457742817,False,0.909818956850391,1.0,0.7905817554024996,0.00974919701012821
d_margin,wb_food_sek_dyoy,rt_h1,0,commodities,102,-0.08639177526688782,-0.5733876294754594,0.5663822643424159,-0.05342828736990926,False,1.0,1.0,0.6848977309115938,0.001839002840775327
d_margin,fao_ffpi_wloc_yoy,rt_h1,0,commodities,102,-0.4320647631823224,-2.4920055729435915,0.01270240443413817,-0.2841611298807151,False,0.2841100692388635,0.3091327464892963,0.8297098934910314,0.0002836112052225468
d_margin,fao_ffpi_wloc_dyoy,rt_h1,0,commodities,102,-0.15020453053476335,-1.078851801905913,0.28065379786217637,-0.1456033728215629,False,1.0,1.0,0.7776511237308878,0.00046317325270297534
d_margin,wb_food_wloc_yoy,rt_h1,0,commodities,102,-0.3719983193726368,-1.8311926530987144,0.06707179292981058,-0.1794928279634057,False,0.8837745960058506,1.0,0.7922666182409742,0.004941511167170695
d_margin,wb_food_wloc_dyoy,rt_h1,0,commodities,102,-0.05943911211040514,-0.42785752737030464,0.6687548509770866,-0.041724550315321844,False,1.0,1.0,0.6899206606602513,0.00088830961376155
d_margin,eu_agri_basket_yoy,rt_h1,1,commodities,100,-0.36816456458722463,-2.4138363904634748,0.015785548855797638,-0.2779189214216376,False,0.32488427782674306,0.3653716269611961,0.8520075597572352,0.012727536257067311
d_margin,eu_agri_basket_dyoy,rt_h1,1,commodities,96,-0.3506500312099027,-2.3401223489401595,0.019277423533656135,-0.29651539214182826,False,0.3736840532929978,0.4282972586230951,0.8007678650626083,0.0025138770027193897
d_margin,eu_agri_basket_wloc_yoy,rt_h1,1,commodities,100,-0.2843158182900212,-1.975843180716059,0.04817254112685987,-0.22367489591237041,False,0.6692252787775804,0.8531529011622208,0.8543614714703142,0.02162078948605185
d_margin,eu_agri_basket_wloc_dyoy,rt_h1,1,commodities,96,-0.30127471890026447,-1.967111706056149,0.04917033400279802,-0.2639238389764241,False,0.6802524875893471,0.8689081644387153,0.8060929036757796,0.003465061441262764
d_margin,elec_nordic_loc_yoy,rt_h1,0,energy,102,-0.3785072654471952,-2.0351557239070566,0.041835206517459866,-0.32635639229601915,False,0.5986459090120008,0.7706550614632004,0.7240900987674318,0.0008895507454325807
d_margin,elec_nordic_loc_dyoy,rt_h1,0,energy,99,-0.11415747629857255,-0.6925965403155806,0.4885627820943341,-0.11215331896816762,False,1.0,1.0,0.6741014457471726,0.002315610875117909
d_margin,natgas_eu_eur_yoy,rt_h1,0,energy,91,-0.47039830875514843,-3.38150313867441,0.0007209040925781895,-0.36385725525859525,False,0.038767681101097955,0.029242662229325637,0.848374982064032,0.0012084228215865007
d_margin,natgas_eu_eur_dyoy,rt_h1,0,energy,79,-0.09320371371532518,-0.5075581495643117,0.6117632465060896,-0.09677121342048128,False,1.0,1.0,0.8198488945961931,0.0005118304398019869
d_margin,brent_nok_yoy,rt_h1,0,energy,102,-0.23886779093505892,-1.328214487238033,0.18410725978429499,-0.1714140650316617,False,1.0,1.0,0.7581643138081795,0.000961845434639735
d_margin,brent_nok_dyoy,rt_h1,0,energy,102,-0.10749572753756778,-0.7947813674892918,0.42674069129976466,-0.061092446005344685,False,1.0,1.0,0.7101581616707573,0.006024234182274048
d_margin,packaging_eu_yoy,rt_h1,1,packaging_freight,100,-0.4907047970053731,-3.6293260928191344,0.0002841620930542632,-0.3515250484237117,False,0.018948732351881013,0.01379026945131158,0.9125490886352845,0.01716375249062556
d_margin,packaging_eu_dyoy,rt_h1,1,packaging_freight,96,-0.5505355386224565,-3.3901983137788707,0.0006984207971925116,-0.4255608804139793,False,0.0381743236200706,0.028619740977997216,0.8739439511245172,9.134842719830694e-05
d_margin,packaging_us_yoy,rt_h1,1,packaging_freight,102,-0.3529222143282938,-2.1877327269754887,0.02868907669801013,-0.29302170385081305,False,0.45987230888370917,0.5782196586382993,0.8417701791287963,0.0017183456676223932
d_margin,packaging_us_dyoy,rt_h1,1,packaging_freight,102,-0.24244367314258203,-1.7243927731515976,0.08463696132090615,-0.19540785984631406,False,1.0,1.0,0.7970521691922231,0.003211258274410453
d_margin,price_cost_gap_ppi,rt_h1,1,other,100,0.4715451834840101,3.6599192569165817,0.00025229473452248463,0.31802604895361763,False,0.01752471533526629,0.01243154737903403,0.8363264015679872,9.288191180426028e-05
d_margin,price_cost_gap_ppi_d4,rt_h1,1,other,96,0.4625475520158262,2.943494751553404,0.00324529325771028,0.29373605388956014,False,0.11510922149718647,0.10552651634664949,0.7678522686335879,0.003757067189342778
d_margin,price_cost_gap_fao_nok,rt_h1,1,other,102,0.38239906155609243,2.2803162997631277,0.022588935763791174,0.23709057411329013,False,0.41250141331631374,0.4863977370899854,0.8168805626536505,0.00010045364394960964
d_margin,price_cost_gap_fao_nok_d4,rt_h1,1,other,102,0.1495970404312901,0.9410993644425647,0.346653941220608,0.1405204229720895,False,1.0,1.0,0.7654992604890926,0.0004670394610574856
d_margin,price_cost_gap_agri,rt_h1,1,other,100,0.36582380051966185,2.2687766283748902,0.023281912936787164,0.30393127270434467,False,0.4195956288465414,0.4962051293947267,0.8347223258072484,0.0006751476525595488
d_margin,price_cost_gap_agri_d4,rt_h1,1,other,96,0.3037214527844181,2.046842589708014,0.04067354245478372,0.25452956980046226,False,0.5896145412110999,0.7561933593250542,0.7903738527245757,0.0018406820079126798
d_margin,price_cost_gap_fao_wloc,rt_h1,1,other,102,0.4083376418957245,2.384221499710898,0.017115297280962505,0.24528911286765126,False,0.3421043963726251,0.38876973520508357,0.8256738129726776,0.0036985893037951726
d_margin,price_cost_gap_fao_wloc_d4,rt_h1,1,other,102,0.15392282464484658,0.9759879148484251,0.32907045321181005,0.12727627467532673,False,1.0,1.0,0.7793081706086243,0.00021602018814617516
d_margin,nw_price_cost_gap_ppi,rt_h1,1,other,100,0.4693888720591821,3.6042738330103905,0.0003130268935820357,0.33170243022775076,False,0.01969199898017518,0.014832575102727154,0.8203405786102836,0.0024372336623516835
d_margin,nw_price_cost_gap_ppi_d4,rt_h1,1,other,96,0.46561826193567046,3.0518624459428345,0.002274262947647099,0.3046672912030323,False,0.0887381723793321,0.07941772589816673,0.7489032059261054,0.0034865763964011818
d_margin,price_wage_gap,rt_h1,1,other,102,0.035022988586290785,0.27591194175515615,0.7826157016163822,0.07271580218693159,False,1.0,1.0,0.8277904424769448,0.12158190626891034
d_margin,price_wage_gap_d4,rt_h1,1,other,102,-0.08859586630740673,-0.6554859965724887,0.5121548994674048,-0.06328058387288399,False,1.0,1.0,0.6479439255374921,0.002171887308691225
og,no_cpi_food_idx__yoy,coincident,0,consumer_prices,102,0.8551139237618006,1.3926552224376172,0.16372407528470534,0.2306332218098613,True,1.0,1.0,0.8086304714796214,0.17662156788440392
og,no_cpi_food_idx__dyoy,coincident,0,consumer_prices,102,0.7814604276885448,1.9541134901396073,0.05068779705983961,0.16350948652382336,True,0.657588661521582,0.887909461717702,0.6699342292282324,0.0006540771685229985
og,no_cpi_total_idx__yoy,coincident,0,consumer_prices,102,1.188916190889856,2.0950744237221,0.03616437712888865,0.4318707848994113,True,0.4881665967094056,0.6915702559774308,0.8090396366955549,0.20592457859617563
og,no_cpi_total_idx__dyoy,coincident,0,consumer_prices,102,0.5077602724944342,1.0906142552106641,0.27544265428063097,0.1284495021854641,True,1.0,1.0,0.6259308367722662,0.003104031584741151
og,no_fx_eurnok__yoy,coincident,0,fx,102,0.7269986066555403,2.141975458685554,0.032195456918278076,0.22017856430851626,True,0.4435711071764991,0.6337807397029973,0.7839904584261776,0.03237143604177326
og,no_fx_eurnok__dyoy,coincident,0,fx,102,1.0334914733262515,3.5933734791834566,0.0003264241841516302,0.20275587972402542,True,0.008121973193828553,0.015331718053821723,0.7200174971863504,0.0027538245151602207
og,no_govbond_10y__lvl,coincident,0,rates,102,0.8843958582264917,0.9940190726919612,0.3202135820929999,-0.11628453098750585,True,1.0,1.0,0.9788487165261812,0.38762469291115537
og,no_govbond_10y__d4,coincident,0,rates,102,0.3766056468444643,0.7744513453125242,0.4386639300619284,0.16253002610208733,True,1.0,1.0,0.8219992864791176,0.13308790814684354
og,no_imp_price_food_idx__yoy,coincident,0,producer_prices_input_costs,98,1.1692333900283787,2.375256702368753,0.017536749304728927,0.3730336420905771,True,0.2564473817564181,0.3956431972332356,0.7881353506062018,0.25852885083551846
og,no_imp_price_food_idx__dyoy,coincident,0,producer_prices_input_costs,94,1.187912417894065,3.386967241387736,0.0007066982555337109,0.30017189857441734,True,0.015604185151755063,0.028811933270687935,0.5622787312608253,0.023930043762385392
og,no_jordbruk_malpris_mnok__lvl,coincident,0,tax_policy,102,1.3711220924271352,2.4263058577951484,0.015253409016357411,0.23792819895205727,True,0.22652358694653607,0.3557173435515049,0.81194811973535,0.13549493051148842
og,no_jordbruk_malpris_mnok__d4,coincident,0,tax_policy,96,1.0215094009070667,3.8153307172594704,0.0001360006643942313,0.27969564075132125,True,0.0035704366503697673,0.007116021594649011,0.7290037795166293,0.03153823065733642
og,no_policy_rate__lvl,coincident,0,rates,102,0.9076733631537055,1.4766834586936066,0.13976050820852226,0.0652943347664353,True,1.0,1.0,0.9751161949215335,0.15277240043405427
og,no_policy_rate__d4,coincident,0,rates,102,0.565457319754309,1.1854241855899017,0.23584977387141715,0.25168914417419047,True,1.0,1.0,0.8957202641297115,0.0668626401533941
og,no_ppi_food_dom_idx__yoy,coincident,0,producer_prices_input_costs,102,1.6413148520340184,11.128161310664854,0.0,0.5133212073899286,True,0.0,0.0,0.9085326334719793,0.09655659875218935
og,no_ppi_food_dom_idx__dyoy,coincident,0,producer_prices_input_costs,98,1.0063546459916861,2.962209624925965,0.003054397572699985,0.29762864746793066,True,0.05626405304757375,0.10033473538080627,0.8324503055713375,0.00048132184664365053
og,no_qna_hh_food_cons_sa_mnok__yoy,coincident,1,activity_retail,102,-1.5118044022277404,-4.499409209808944,6.81425745030495e-06,-0.31975052773052753,False,0.00025817839007835457,0.0005392089629212038,0.8406391125928379,0.05541885594341623
og,no_qna_hh_food_cons_sa_mnok__dyoy,coincident,1,activity_retail,102,-0.80851251919229,-3.3659341502783002,0.0007628491684135152,-0.16866472871230243,False,0.0164032782191092,0.030711454434941526,0.7400574185732854,5.913374405594929e-05
og,no_retail_foodstores_vol_sa_idx__yoy,coincident,1,activity_retail,102,-1.0391791383537747,-3.8746360596122904,0.00010678416804932311,-0.3207659848063382,False,0.0028256628780500086,0.005679819420122398,0.8568518438985309,0.04790690063553137
og,no_retail_foodstores_vol_sa_idx__dyoy,coincident,1,activity_retail,98,-0.37078044370364727,-1.0284878532730097,0.30372040168709,-0.07854723453671272,False,1.0,1.0,0.8070661256503784,1.4102196993940877e-05
og,no_vat_food_rate__lvl,coincident,0,tax_policy,102,0.33298238570178185,1.495526936670872,0.13477697531747213,0.1602265464254849,True,1.0,1.0,0.7552630152846657,0.12730151810399776
og,no_vat_food_rate__d4,coincident,0,tax_policy,102,-0.4059327087375958,-3.4868098478619363,0.0004888187778029351,-0.09872137615191262,True,0.011477401102561763,0.02151243738146359,0.7240734491610796,0.0696187785139645
og,se_cpi_idx__yoy,coincident,0,consumer_prices,102,1.6472538117086846,7.34203032029043,2.1027624086400465e-13,0.552082594345715,True,2.8043629361435068e-11,1.2510107543602514e-10,0.9395911545166841,0.06851278561262832
og,se_cpi_idx__dyoy,coincident,0,consumer_prices,102,0.8015783743121128,2.1568607908784627,0.031016512778337946,0.2664443409143323,True,0.4291014165698066,0.6166180167086056,0.8753415147178213,0.004221836181208122
og,se_cpi_food_idx__yoy,coincident,0,consumer_prices,102,1.66409522063886,9.081971931659096,0.0,0.5304923387519003,True,0.0,0.0,0.874019048207315,0.05233524666667634
og,se_cpi_food_idx__dyoy,coincident,0,consumer_prices,102,1.0702200227247844,3.146957768690123,0.0016497878841861269,0.34693630524032604,True,0.03255666251495487,0.06024548233260813,0.8102101307333693,0.00464279359956733
og,se_ppi_food_hmpi_idx__yoy,coincident,1,producer_prices_input_costs,102,1.6762937890605851,7.782462066837343,7.105427357601002e-15,0.5594048797550346,False,1.4806562492837944e-12,7.133535452529416e-12,0.8872702297888111,0.1021002446045647
og,se_ppi_food_hmpi_idx__dyoy,coincident,1,producer_prices_input_costs,102,0.5632615372844074,1.388460896148075,0.16499674419832977,0.23373622074441525,False,1.0,1.0,0.814502114563115,8.659467014354766e-05
og,se_retail_grocery_vol_sa_idx__yoy,coincident,1,activity_retail,102,-0.5341941545442903,-0.7693405313809117,0.44169118186207146,-0.22729782130137874,False,1.0,1.0,0.7172047969097449,0.16663102168789148
og,se_retail_grocery_vol_sa_idx__dyoy,coincident,1,activity_retail,102,-0.14022628954278699,-0.25398225864385343,0.7995092643410813,-0.056098178974975384,False,1.0,1.0,0.5368579295538688,0.0011207357652802277
og,se_na_hhcons_food_sa__yoy,coincident,1,activity_retail,102,-0.8421576605893816,-1.6075751061456207,0.10792826792971599,-0.15977461456083739,False,1.0,1.0,0.5512070035688645,0.032319619008240666
og,se_na_hhcons_food_sa__dyoy,coincident,1,activity_retail,102,-0.13796587551391074,-0.26514276977947077,0.7908994804846654,-0.01604643301029418,False,1.0,1.0,0.4452282684171213,0.001636286051063472
og,se_policy_rate__lvl,coincident,0,rates,102,2.2400978328601755,5.309631665099217,1.0984700482552512e-07,0.07131107952268739,True,5.813419900543656e-06,1.5538780661313645e-05,0.9727778999989105,0.17137031674507533
og,se_policy_rate__d4,coincident,0,rates,102,0.8418478923499527,2.3161904233535235,0.020547873847269083,0.3273263171698397,True,0.2977426336165009,0.4511748697967526,0.897829766877159,0.019342387276120896
og,se_gov_bond_10y__lvl,coincident,0,rates,102,1.7895383412256436,1.592124092874094,0.11135682459237195,-0.181745238890659,True,1.0,1.0,0.9823166834171976,0.5516050467879952
og,se_gov_bond_10y__d4,coincident,0,rates,102,0.7304362605368819,1.4157709407505594,0.15684258027545384,0.2312803362799024,True,1.0,1.0,0.7986583383382068,0.09415625178944227
og,se_eursek__yoy,coincident,0,fx,102,1.0060278406779977,2.4840515753308425,0.012989699319124082,0.27536078373941414,True,0.19898075668991538,0.3123863393409862,0.831644577743686,0.000907296091121031
og,se_eursek__dyoy,coincident,0,fx,102,0.9768298062579837,2.812888448052141,0.004909868082069835,0.16971157662556263,True,0.08438244724917732,0.14581815596400896,0.7684654551716504,0.007492274315341706
og,se_food_vat_rate__lvl,coincident,0,tax_policy,102,0.4040709865363138,2.8719755953573984,0.004079144674581814,0.07174224219612269,True,0.07234279471507547,0.1272320376163802,,0.029126213592233014
og,se_food_vat_rate__d4,coincident,0,tax_policy,102,0.4040709865363136,2.8719755953573953,0.004079144674581814,0.07174224219612269,True,0.07234279471507547,0.1272320376163802,,0.029126213592233014
og,ea_negotiated_wages_yoy_q__lvl,coincident,1,wages_income,102,1.6863692120559424,3.8822666933537064,0.00010348728874576274,0.32974667317606393,False,0.0027603300851121275,0.005522746591332553,0.8180014906887084,0.03689896900554964
og,ea_negotiated_wages_yoy_q__d4,coincident,1,wages_income,102,1.4132445786938226,5.025196324114366,5.029177867488244e-07,0.4784506507970269,False,2.2969849957856975e-05,5.984086049823753e-05,0.5100493568395038,1.5163243369684762e-05
og,no_earn_idx_food_manuf_q__yoy,coincident,1,wages_income,102,-0.3070858279908754,-1.0084982372276385,0.31321533354914655,-0.1551920884904997,False,1.0,1.0,0.2742757027484257,0.02125687124688528
og,no_earn_idx_food_manuf_q__dyoy,coincident,1,wages_income,102,0.007663660702631538,0.029380029243484505,0.9765615002837849,0.004592388244699963,False,1.0,1.0,0.14145297895820255,0.0011894000169557573
og,no_real_wage_qna_yoy_q__lvl,coincident,1,wages_income,98,-0.6059156785088662,-1.15329709634994,0.24878846154336776,-0.31713036491132757,False,1.0,1.0,0.7472114391859161,0.20769227507440124
og,no_real_wage_qna_yoy_q__d4,coincident,1,wages_income,96,-0.480595369125397,-1.2749207234807778,0.20233730321447485,-0.08547694139376777,False,1.0,1.0,0.5637626347341079,0.00030695658598628477
og,se_real_wage_yoy_q__lvl,coincident,1,wages_income,102,-1.3497303029933845,-5.209933863501314,1.8890795860926346e-07,-0.5215672173432252,False,9.400684449364191e-06,2.4471645490733774e-05,0.9327680101118453,0.12768977333870057
og,se_real_wage_yoy_q__d4,coincident,1,wages_income,102,-0.5067588451049282,-1.0616444804851297,0.28839711260156253,-0.1520845007580142,False,1.0,1.0,0.8629711587782746,0.009389269304105255
og,se_wage_idx_m__yoy,coincident,1,wages_income,102,1.2155873911004407,2.198233074998449,0.02793250082320209,0.13792163733220333,False,0.3946224968272676,0.567959452371493,0.8925233369699556,0.08502407436310853
og,se_wage_idx_m__dyoy,coincident,1,wages_income,102,1.3062298338731997,5.174038573029632,2.2908749830463648e-07,0.4424674702366679,False,1.1204882707500643e-05,2.8749217123780986e-05,0.6657173770090662,0.01401534997355716
og,ea_hicp_food_idx__yoy,coincident,1,consumer_prices,102,1.9691882869053963,10.604401018077157,0.0,0.5593066698536772,False,0.0,0.0,0.9140298756494311,0.03190237186938041
og,ea_hicp_food_idx__dyoy,coincident,1,consumer_prices,98,1.0400656540320465,3.009028139029564,0.0026208484073915184,0.36541941718641147,False,0.04993302486794007,0.08919376690858559,0.8394696756513607,0.0012222816581908475
og,eu_ppi_dom_c103_idx__yoy,coincident,1,producer_prices_input_costs,102,1.8747885195781657,7.272536810025745,3.5282887722587475e-13,0.4953261902376914,False,4.524543807907595e-11,1.9543427300119382e-10,0.9281268089320225,0.06092994510231965
og,eu_ppi_dom_c103_idx__dyoy,coincident,1,producer_prices_input_costs,98,0.9313071955759845,2.4444427590901707,0.014507610031111007,0.3055278972907204,False,0.21887069765244085,0.34170088314951147,0.8615860411244594,0.001150088472502795
og,eu_ppi_dom_c105_idx__yoy,coincident,1,producer_prices_input_costs,102,0.8792854737726006,2.314714470399718,0.020628563323191518,0.2771609111744658,False,0.2977426336165009,0.4520636744783409,0.8736903037398932,0.018178527468026055
og,eu_ppi_dom_c105_idx__dyoy,coincident,1,producer_prices_input_costs,98,0.009505246460479313,0.02021777817274894,0.9838696458530856,-0.022781664571552472,False,1.0,1.0,0.8319145853855229,0.00042915946979024845
og,eu_ppi_dom_c106_idx__yoy,coincident,1,producer_prices_input_costs,102,1.1998922129908747,3.681827319420785,0.00023156824092596118,0.3862265465822207,False,0.005893750185818711,0.0114807058315424,0.8921253543389699,4.946342824284714e-05
og,eu_ppi_dom_c106_idx__dyoy,coincident,1,producer_prices_input_costs,98,-0.07052642616159907,-0.17173624729917464,0.863644887926349,0.04141601552228967,False,1.0,1.0,0.8480071854372957,0.0009619821400298912
og,eu_ppi_dom_c107_idx__yoy,coincident,1,producer_prices_input_costs,102,1.8218472001417811,10.113650762670652,0.0,0.5327843621766518,False,0.0,0.0,0.9068849034947083,0.01928269012343007
og,eu_ppi_dom_c107_idx__dyoy,coincident,1,producer_prices_input_costs,98,0.6811222211371641,1.639833977523293,0.10103969140499625,0.2381153639998284,False,1.0,1.0,0.8453673233791384,2.5592558783966646e-05
og,eu_ppi_dom_c108_idx__yoy,coincident,1,producer_prices_input_costs,102,2.029888298429992,9.482090536687103,0.0,0.5343614709862534,False,0.0,0.0,0.93635037995366,0.09843515327506033
og,eu_ppi_dom_c108_idx__dyoy,coincident,1,producer_prices_input_costs,98,0.9984320694755463,2.782252616941461,0.005398300290981428,0.3589207189376189,False,0.09230100947453322,0.1576626974735247,0.8680085136483179,0.0001463947544077171
og,eu_ppi_dom_food_mfg_idx__yoy,coincident,1,producer_prices_input_costs,102,1.4936540419061082,7.938630745371706,1.9984014443252818e-15,0.4802308503227785,False,4.441968747851383e-13,2.140060635758825e-12,0.9077037724577236,0.018873554955382427
og,eu_ppi_dom_food_mfg_idx__dyoy,coincident,1,producer_prices_input_costs,98,0.46606267116164823,1.0047577201229507,0.3150135270971597,0.18218346780932895,False,1.0,1.0,0.8544556448210283,3.176417776490685e-05
og,ea_ec_food_ind_sell_price_exp__lvl,coincident,0,price_expectations,102,1.0180535929255452,3.4399131399832923,0.0005819009067642433,0.3791998418702038,True,0.013127279189774424,0.024632212393444788,0.8570579654709235,0.05648642597684678
og,ea_ec_food_ind_sell_price_exp__d4,coincident,0,price_expectations,102,-0.19072599422765707,-0.365027947755465,0.7150905442749416,-0.016873168679969405,True,1.0,1.0,0.816622100728545,4.48067468246736e-05
og,no_fn_cci_sa__lvl,coincident,0,consumer_survey,102,-1.9260550893271269,-3.2197978498221747,0.001282810212259955,-0.5013071417464844,True,0.02592164073969358,0.048371261344886105,0.953861827159213,0.43016972733811054
og,no_fn_cci_sa__d4,coincident,0,consumer_survey,102,-1.068071266114591,-3.3680767766675683,0.0007569451372284597,-0.3448885659230447,True,0.01638806603717011,0.030550331989935935,0.843137764949903,0.0013309050489748683
og,no_nbes_bl_sell_price_di__lvl,coincident,0,price_expectations,98,0.41152800336400736,0.6867090537263041,0.49226609049067926,0.16784634219411587,True,1.0,1.0,0.8611891621541462,2.5067060869598952e-05
og,no_nbes_bl_sell_price_di__d4,coincident,0,price_expectations,94,-0.8850021568765606,-2.543854484057189,0.010963674796665934,-0.114763712878572,True,0.17490164001078393,0.27603876084411494,0.7174042885660665,0.011001769614296145
og,no_ssb_bts_consgoods_home_price_exp__lvl,coincident,1,price_expectations,102,1.4826777080018525,4.180652267819544,2.9067408785277138e-05,0.48036633417036356,False,0.0009742510271093456,0.0019214745983850512,0.8350925273446356,0.37201003022119006
og,no_ssb_bts_consgoods_home_price_exp__d4,coincident,1,price_expectations,102,0.11996024379833752,0.24925900331821724,0.8031604412455404,0.028413060190931823,False,1.0,1.0,0.5694470013069067,0.006054092595223085
og,se_ec_cons_conf__lvl,coincident,0,consumer_survey,102,-2.080816748784205,-7.955563961005681,1.7763568394002505e-15,-0.5540511920655347,True,4.2304464265251266e-13,2.038152986436976e-12,0.877551214731443,0.18660151137343067
og,se_ec_cons_conf__d4,coincident,0,consumer_survey,102,-1.169092463266145,-4.415056365108008,1.0098367468014402e-05,-0.37359867597811636,True,0.0003741042857414465,0.0007724430646123498,0.8192944337002316,0.00048405452140924595
og,se_nier_food_mfg_sell_price_exp__lvl,coincident,0,price_expectations,102,1.02055980220202,2.628615268466356,0.00857332943864253,0.42239452322453647,True,0.1408112964796258,0.22539428746671455,0.8103195639129432,0.1299782820646935
og,se_nier_food_mfg_sell_price_exp__d4,coincident,0,price_expectations,102,0.052591145143478714,0.11340288064480925,0.9097111560215121,0.09688899043661704,True,1.0,1.0,0.7309738360907708,7.183384820895125e-06
og,eu_ppi_paper_packaging_idx__yoy,coincident,1,packaging_freight,102,1.0233252576087186,4.236891180667598,2.266359057689904e-05,0.37032431045639214,False,0.0007882489570114992,0.001564693566119239,0.9069108962107351,0.014082917704436955
og,eu_ppi_paper_packaging_idx__dyoy,coincident,1,packaging_freight,98,-0.16290298295215808,-0.3022795256520696,0.7624389849086675,-0.05832419185124368,False,1.0,1.0,0.8675227836576729,1.4646865375468992e-05
og,eu_ppi_plastic_products_idx__yoy,coincident,1,packaging_freight,102,0.8966855245302281,3.104130238005313,0.0019083930445307207,0.29189850656381766,False,0.03742854343358528,0.06767125422903178,0.9056815498415068,0.01981176046729837
og,eu_ppi_plastic_products_idx__dyoy,coincident,1,packaging_freight,98,-0.4095608725072588,-0.7300768978974493,0.4653431817106495,-0.11251446389857958,False,1.0,1.0,0.8661503842308345,0.00032109787186052123
og,glob_fao_cereals_idx__yoy,coincident,0,commodities,102,0.24514976091736687,0.6154322853542503,0.538269275500556,0.07147327366985157,True,1.0,1.0,0.817713822498277,0.030779088452408516
og,glob_fao_cereals_idx__dyoy,coincident,0,commodities,102,-0.8277619976018186,-2.166929778559846,0.030240208924268597,-0.12156199841446118,True,0.4201047271793593,0.6056824945290474,0.7432849982136328,0.0008394949071345538
og,glob_fao_dairy_idx__yoy,coincident,0,commodities,102,-0.4104828344086915,-1.2388543208839649,0.21539945276403105,-0.17463000947790544,True,1.0,1.0,0.8484982671185941,0.007314375059597211
og,glob_fao_dairy_idx__dyoy,coincident,0,commodities,102,-0.7152326728099542,-2.754642770706997,0.00587562487285842,-0.21290116679162385,True,0.0989402248931295,0.1676410099617869,0.8246427781731062,7.949944618729302e-05
og,glob_fao_ffpi__yoy,coincident,0,commodities,102,-0.09297379987848693,-0.21119897919791375,0.8327320072711255,-0.02265459088042119,True,1.0,1.0,0.839991514765434,0.014834311195618496
og,glob_fao_ffpi__dyoy,coincident,0,commodities,102,-0.8297628286545019,-2.122993298652675,0.03375441341565355,-0.17044890357182776,True,0.4593550589335595,0.6564250119139995,0.7935196367385194,0.0006314676790982632
og,glob_fao_ffpi_eur__yoy,coincident,0,commodities,102,0.19233103918297634,0.39706639627579676,0.6913184992213273,0.08444395787221244,True,1.0,1.0,0.8347516090824487,1.5062080420659687e-05
og,glob_fao_ffpi_eur__dyoy,coincident,0,commodities,102,-0.653175489449943,-1.7970775357920397,0.07232331145624205,-0.1461937298123275,True,0.88652996950057,1.0,0.7870102518555387,6.542857828203963e-07
og,glob_fao_ffpi_nok__yoy,coincident,0,commodities,102,0.6247462844641528,1.3455034337023646,0.17846271318336848,0.21883774396882957,True,1.0,1.0,0.8228269516137533,0.008468118447810601
og,glob_fao_ffpi_nok__dyoy,coincident,0,commodities,102,-0.2010887328609178,-0.47375592725764243,0.6356739663063213,-0.06081505928211819,True,1.0,1.0,0.765250160632876,0.0008131276047214736
og,glob_fao_meat_idx__yoy,coincident,0,commodities,102,0.11119602452621674,0.27652617715495187,0.7821439567083557,-0.023541803267449476,True,1.0,1.0,0.8034717244531673,0.0005214656695097058
og,glob_fao_meat_idx__dyoy,coincident,0,commodities,102,-0.2335476392254042,-0.5851090752305406,0.558474377063853,-0.046101460953143054,True,1.0,1.0,0.7623302934109546,3.8784398610316866e-05
og,glob_fao_sugar_idx__yoy,coincident,0,commodities,102,0.38468745825124523,1.146525028262329,0.25157797740956056,0.04595716264102679,True,1.0,1.0,0.7744108440493735,0.015946312130743892
og,glob_fao_sugar_idx__dyoy,coincident,0,commodities,102,0.34139834542748204,1.0595484354872273,0.2893500829226383,0.055959871903073465,True,1.0,1.0,0.7035295894141299,0.00010898391950783184
og,glob_fao_vegoils_idx__yoy,coincident,0,commodities,102,-0.43978611524050937,-0.9296185611382207,0.3525686137213948,-0.03164993390431333,True,1.0,1.0,0.8209083955038609,0.004847725951699453
og,glob_fao_vegoils_idx__dyoy,coincident,0,commodities,102,-0.9406866045524254,-2.3513190719574286,0.01870698480343691,-0.1967635346466164,True,0.2723656495284095,0.4173552681450279,0.7840597843503714,0.0020068951089161884
og,glob_gscpi__lvl,coincident,0,packaging_freight,102,0.4693716993889087,0.6097736145656774,0.5420117822783379,0.2669136201961202,True,1.0,1.0,0.8488242964972464,0.2162242354162769
og,glob_gscpi__d4,coincident,0,packaging_freight,102,-0.9555224217738391,-2.521547406701364,0.011683993057434838,-0.14084643176584954,True,0.1828924213351846,0.29142737325887597,0.702165969333573,0.00046917027423038215
og,glob_wb_food_idx__yoy,coincident,0,commodities,102,0.44452220986310065,1.0386230246768668,0.29898009323193175,0.09262589264695378,True,1.0,1.0,0.801698214252439,0.03914402496698348
og,glob_wb_food_idx__dyoy,coincident,0,commodities,102,-0.6962498059685968,-1.5671961579100933,0.1170688482508031,-0.08325741829050703,True,1.0,1.0,0.7215557173222272,0.0010729570136151039
og,glob_wb_food_idx_eur__yoy,coincident,0,commodities,102,0.8200917812032874,1.960290890301163,0.04996180017969354,0.21794663647545964,True,0.6507019910490996,0.8799902140453301,0.7982880168629466,0.006893045139044713
og,glob_wb_food_idx_eur__dyoy,coincident,0,commodities,102,-0.4960939088671639,-1.38967001525172,0.16462910403461195,-0.04547546735071242,True,1.0,1.0,0.7102615096822911,1.8289751803244727e-05
og,glob_wb_food_idx_nok__yoy,coincident,0,commodities,102,1.4043638852265545,3.995699633855169,6.450347479414198e-05,0.3738529478815856,True,0.001886523772189434,0.0037395849597246966,0.7834343195349945,5.394509186492416e-06
og,glob_wb_food_idx_nok__dyoy,coincident,0,commodities,102,0.1520371360683308,0.43098027667068983,0.6664827116578067,0.07194825456582077,True,1.0,1.0,0.6780888483823206,0.001419016038110297
og,us_ppi_corrugated_boxes_idx__yoy,coincident,1,packaging_freight,102,0.11250092306866345,0.22681335922484447,0.8205688752472922,0.012025858905365595,False,1.0,1.0,0.8344126236616143,0.023510931316145733
og,us_ppi_corrugated_boxes_idx__dyoy,coincident,1,packaging_freight,102,-0.5652702115735849,-1.5338161906052732,0.12507487872790746,-0.175965783845963,False,1.0,1.0,0.7997913269872224,0.005483384912244974
og,us_ppi_plastic_resins_idx__yoy,coincident,1,packaging_freight,102,-0.33972955319424764,-0.8006833649192986,0.4233149753146219,-0.183439593067974,False,1.0,1.0,0.819783321280979,0.017919533311986053
og,us_ppi_plastic_resins_idx__dyoy,coincident,1,packaging_freight,102,-0.9665292311854616,-2.5403336643681644,0.01107467582163757,-0.2398512651675646,False,0.17499780039056942,0.2779621429610786,0.7637291520537985,0.0012925906697761735
og,w_food_cpi_yoy,coincident,1,consumer_prices,102,1.7156361826843871,9.368038748786516,0.0,0.5000616331597745,False,0.0,0.0,0.8908349436122175,0.09030722277739589
og,w_food_cpi_dyoy,coincident,1,consumer_prices,102,0.9830394424527314,2.816751460337083,0.004851205046682239,0.3045084886988785,False,0.08380623786278446,0.14537155959035605,0.8151585263488269,0.0008005311249592261
og,w_cpi_yoy,coincident,1,consumer_prices,102,1.7321133991941746,8.793370736262922,0.0,0.5687102968968861,False,0.0,0.0,0.930137836130678,0.10496355561166787
og,w_cpi_dyoy,coincident,1,consumer_prices,102,0.7633820914098862,2.0604312500160984,0.03935733199231306,0.24046511187465103,False,0.524891650389169,0.7351260315019763,0.8412433062602631,4.718251085151302e-06
og,w_food_cpi_rel_yoy,coincident,1,consumer_prices,102,1.0634094574118524,3.1468807127784433,0.0016502227097112687,0.29344598219385215,False,0.03255666251495487,0.06024548233260813,0.785567485121036,0.04073879536360684
og,w_food_cpi_rel_dyoy,coincident,1,consumer_prices,102,0.955203981779403,2.7656036443100276,0.005681754649694115,0.26899470604101877,False,0.09616128821681563,0.16297802545385637,0.7269727162382932,0.0019947412057104976
og,w_food_cpi_xvat_yoy,coincident,1,consumer_prices,102,1.7844784443490738,9.435893869324682,0.0,0.5232884319753492,False,0.0,0.0,0.9021766716432724,0.06120976908576375
og,w_food_cpi_xvat_dyoy,coincident,1,consumer_prices,102,0.9994822824216099,2.8429373696133826,0.004469985334164983,0.31941980212289817,False,0.07802912804321685,0.13656376132077147,0.8366397634201136,0.0007233493085957974
og,w_wage_yoy,coincident,1,wages_income,102,0.03764683397267289,0.0706031141800817,0.9437136318432351,0.02418314391285341,False,1.0,1.0,0.591004231601322,0.01745596331654198
og,w_wage_dyoy,coincident,1,wages_income,102,0.12115169301464876,0.2586904591768771,0.7958740815266259,-0.025439567261403912,False,1.0,1.0,0.18963920967705197,0.0018524942964857358
og,w_real_wage_yoy,coincident,1,wages_income,102,-1.4488062959901495,-5.214403247461279,1.8440992177737314e-07,-0.47551198764657615,False,9.315890408930144e-06,2.4083176859219232e-05,0.7800508811001822,0.12857335248705867
og,w_real_wage_dyoy,coincident,1,wages_income,102,-0.5820988273583844,-1.4047774803140276,0.16008745759271537,-0.2065579642156486,False,1.0,1.0,0.4339413845000605,0.0009211343581796293
og,w_cons_conf_z,coincident,0,consumer_survey,102,-2.2645078777952654,-6.624284364247632,3.489342148554897e-11,-0.5223049417206169,True,3.144313607431772e-09,1.1677151689824872e-08,0.9196193549253993,0.27930363673706804
og,w_cons_conf_z_d4,coincident,0,consumer_survey,102,-1.1113085365636302,-4.7274521424328455,2.2735462634759784e-06,-0.3806031811456696,True,9.024196276829212e-05,0.00020750364548154595,0.8190544204437535,0.0007175507571341457
og,w_retail_food_vol_yoy,coincident,1,activity_retail,102,-1.4239062719800393,-4.186257796381324,2.8359124064847308e-05,-0.38132233652153685,False,0.0009648299131803942,0.0018824005861453803,0.9006239242280772,0.2187413540116332
og,w_retail_food_vol_dyoy,coincident,1,activity_retail,98,-0.5854306898440105,-1.4457638516788627,0.14824344823814095,-0.16925362459214713,False,1.0,1.0,0.8063637188667122,7.567809332114117e-05
og,w_retail_total_vol_yoy,coincident,1,activity_retail,102,-1.561922336505139,-4.530584243970418,5.882079328722867e-06,-0.33369122588865713,False,0.00022542166204344248,0.0004796221747683991,0.8785943023947932,0.16448863960396187
og,w_retail_total_vol_dyoy,coincident,1,activity_retail,98,-1.1930639056930046,-4.08399104497639,4.426873746044002e-05,-0.3328452568699955,False,0.001386467811244701,0.0027141287637843696,0.7449291285850582,0.0007496185894658731
og,w_gdp_vol_yoy,coincident,1,activity_retail,102,-0.01322993465153802,-0.03891453723519334,0.9689585263107046,-0.033990347089363465,False,1.0,1.0,0.7249143393476877,0.019534835301906663
og,w_gdp_vol_dyoy,coincident,1,activity_retail,102,-0.6366636858493883,-1.323874299777172,0.18554479489288145,-0.21648540832923352,False,1.0,1.0,0.6460063708208502,0.0014347308647274504
og,w_hh_real_inc_yoy,coincident,1,wages_income,73,-0.9432481368394074,-1.654077274888271,0.09811181278330183,-0.32262637030528724,False,1.0,1.0,0.5532200958048807,0.1564746407341296
og,w_hh_real_inc_dyoy,coincident,1,wages_income,69,-0.700054603209177,-1.59386070380846,0.11096723759223215,-0.14409255829610912,False,1.0,1.0,0.40543491881116855,0.001145659117305314
og,w_food_ppi_yoy,coincident,1,producer_prices_input_costs,102,1.6575440222413076,7.476735493282708,7.616129948928574e-14,0.5383159850228681,False,1.1040545510963946e-11,4.8936053204351795e-11,0.911399902182867,0.059200617826933935
og,w_food_ppi_dyoy,coincident,1,producer_prices_input_costs,98,0.7270619700877922,1.7000750806470477,0.08911680388717302,0.2590513162909909,False,1.0,1.0,0.8536413914518619,7.050327396571876e-05
og,w_unemp_lvl,coincident,1,labour_market,102,-1.2837021374406143,-2.85289245053936,0.004332328113465733,-0.47421304641823053,False,0.0760241832031036,0.13331697191046465,0.9346233269964845,0.003547076966876368
og,w_unemp_d4,coincident,1,labour_market,102,-0.7646485226433565,-1.9248728248933353,0.054245270401482415,-0.192724179323613,False,0.6956207899790958,0.937952331407973,0.8863829983399929,5.939425517906081e-08
og,w_policy_rate_lvl,coincident,0,rates,102,2.123601784919471,5.170633173440314,2.333021404954394e-07,0.1413415999986225,True,1.1204882707500643e-05,2.9051169206426574e-05,0.9776512925040991,0.16259515925490403
og,w_policy_rate_d4,coincident,0,rates,102,0.8888793615911073,2.0128040684683577,0.04413524574898697,0.33805945379642116,True,0.5793431219514824,0.8009086364070964,0.9049871240436747,0.054587467460304594
og,w_gov10y_lvl,coincident,0,rates,102,1.8397853783017817,1.5610095584865746,0.11852149559748715,-0.1279360058068449,True,1.0,1.0,0.9833076134644816,0.4379741842407668
og,w_gov10y_d4,coincident,0,rates,102,0.7645429023880586,1.488908172239393,0.13651155128143988,0.25909898771742934,True,1.0,1.0,0.8375133486644528,0.12983879426860775
og,w_fx_vs_eur_yoy,coincident,0,fx,102,0.7980523120347202,2.0756823820071806,0.03792333644564261,0.21254613505699166,True,0.5077982674003736,0.7166749356628814,0.8255204657320352,0.005625234730305131
og,w_fx_vs_eur_dyoy,coincident,0,fx,102,1.0239409791088627,3.3960612473502776,0.0006836306057915742,0.16665932259763117,True,0.015195474335869227,0.0281573314705133,0.7637340340970555,0.004705027460282979
og,w_fx_vs_usd_yoy,coincident,0,fx,102,0.7396251967297677,2.2325256626053793,0.025580241068384524,0.22891297583569425,True,0.36447924129599063,0.5336401660143555,0.7866814195934706,0.04407161891098799
og,w_fx_vs_usd_dyoy,coincident,0,fx,102,0.6470158263919067,2.131650082355224,0.033035623299862094,0.12314244244087579,True,0.4514157438857269,0.6447884848461342,0.7029248394697424,0.00020781387221498613
og,w_fx_vs_nok_yoy,coincident,0,fx,102,-0.5100661746633524,-1.6472806625595622,0.09950037070088147,-0.17895752307759547,True,1.0,1.0,0.7331451900180997,0.061604764358906584
og,w_fx_vs_nok_dyoy,coincident,0,fx,102,-0.8332941491083438,-2.9988713747035516,0.002709816808516674,-0.1940121390165659,True,0.05075793588353125,0.09163912325747804,0.6716789508328556,0.000621891597040753
og,w_ec_food_ind_sell_price_exp_lvl,coincident,1,price_expectations,102,1.0475915412516068,3.270123408430142,0.001075005745715396,0.42979275423001834,False,0.022124822427575852,0.04160995935724477,0.8401062271169176,0.09385592693929774
og,w_ec_food_ind_sell_price_exp_d4,coincident,1,price_expectations,102,-0.025948968491683766,-0.050997826229327595,0.9593272527137484,0.05941217323871341,False,1.0,1.0,0.784419280067056,4.5544141575859685e-06
og,w_ec_food_retail_sell_price_exp_lvl,coincident,0,price_expectations,64,1.3802653286849322,4.157079861247395,3.2234133350739214e-05,0.46195885713513396,True,0.0010536584375877337,0.00208784820361096,0.8631622264562294,0.07216875821157197
og,w_ec_food_retail_sell_price_exp_d4,coincident,0,price_expectations,60,0.4314754836218404,0.6094427431068629,0.5422310136221378,0.10668080032013708,True,1.0,1.0,0.808353484044957,0.00018611426295658514
og,w_ec_cons_price_exp_lvl,coincident,0,price_expectations,102,0.224973438064298,0.4772171097809877,0.6332075286952921,0.09977884353960763,True,1.0,1.0,0.8608525901254508,0.0032465212316351295
og,w_ec_cons_price_exp_d4,coincident,0,price_expectations,102,-0.8288504728623933,-2.1372712597843164,0.03257593503315359,-0.13258733062696423,True,0.44696615554126407,0.6397027082426326,0.8269008676275778,0.0004758015262790783
og,w_hh_saving_lvl,coincident,1,wages_income,101,-1.8367134052852654,-1.4305396400850645,0.15256219720983566,0.2168223210870138,False,1.0,1.0,0.937254654568618,0.8474339680158866
og,w_hh_saving_d4,coincident,1,wages_income,101,-0.5263054024950607,-1.2657257377065396,0.2056112904009244,-0.08372368270201089,False,1.0,1.0,0.4116788689409261,0.014319155419692711
og,nw_food_cpi_yoy,coincident,0,consumer_prices,102,1.6443204778053067,6.646262698572522,3.0062841105404914e-11,0.4443312445678315,True,2.7842712534275307e-09,1.0274643600568194e-08,0.8712535268997397,0.13737052290782398
og,nw_food_cpi_dyoy,coincident,0,consumer_prices,102,1.07252422126867,3.893560086121196,9.878372003835345e-05,0.3074285299665258,True,0.00267771461115607,0.005306996381009193,0.7706215154871803,0.0008502456109153745
og,nw_food_cpi_xvat_yoy,coincident,0,consumer_prices,102,1.7922810007418641,8.611721834818487,0.0,0.4846114030121235,True,0.0,0.0,0.898214540320495,0.088890490355048
og,nw_food_cpi_xvat_dyoy,coincident,0,consumer_prices,102,1.1064321658173801,3.9357747412190887,8.292873111437338e-05,0.3367635343791125,True,0.0023041343429459718,0.0045664946097564475,0.8174534723630721,0.00047168361430462933
og,nw_real_wage_yoy,coincident,1,wages_income,102,-1.2959952245173512,-2.890562997247354,0.003845524481915108,-0.49202905232125727,False,0.06930552775516939,0.12088412833529365,0.6660451678611793,0.1536326860082853
og,nw_real_wage_dyoy,coincident,1,wages_income,102,-0.5325619550627683,-1.2784674832387464,0.20108464294780637,-0.20380526393780024,False,1.0,1.0,0.24027514566710415,0.0014173803613945686
og,nw_cons_conf_z,coincident,0,consumer_survey,102,-2.422572804280122,-7.053203724293456,1.7483792191796965e-12,-0.5645895672806962,True,2.0101185011828616e-10,8.260214434296563e-10,0.9292296405833603,0.34503672422778825
og,nw_cons_conf_z_d4,coincident,0,consumer_survey,102,-1.22289923336966,-5.547215703332346,2.902545737093476e-08,-0.3984449447402212,True,1.6129163499643504e-06,5.013381177564922e-06,0.8347704608974341,9.570605228021588e-06
og,nw_retail_food_vol_yoy,coincident,1,activity_retail,102,-1.2015434859790712,-3.4719145660032145,0.0005167607634140037,-0.37514322243864673,False,0.011964954787774512,0.02237433953784864,0.8754933561399922,0.14031795743333142
og,nw_retail_food_vol_dyoy,coincident,1,activity_retail,98,-0.43794829753098485,-1.0876827345388782,0.27673519235010513,-0.10691839917749331,False,1.0,1.0,0.7850295410432014,0.0002857141587373619
og,nw_food_ppi_yoy,coincident,1,producer_prices_input_costs,102,1.8001335729667105,8.031294647310242,8.881784197001252e-16,0.5733737889754438,False,2.2779326912058373e-13,1.0974669926968331e-12,0.9141532488086936,0.11736504240776163
og,nw_food_ppi_dyoy,coincident,1,producer_prices_input_costs,98,0.8085939754767932,2.0367313383766548,0.04167697226330147,0.283797990499573,False,0.5514163548080259,0.7695581724778803,0.8448805687160931,2.6822279228724996e-05
og,fao_ffpi_sek_yoy,coincident,0,commodities,102,0.5617057927422501,1.3102715808468677,0.1901039778915834,0.20502539458142413,True,1.0,1.0,0.8202007901338265,0.000303221123586656
og,fao_ffpi_sek_dyoy,coincident,0,commodities,102,-0.3391783882578101,-0.8096317242801038,0.4181518692861257,-0.0896023462637371,True,1.0,1.0,0.7631842399585946,0.001180210088537242
og,wb_food_sek_yoy,coincident,0,commodities,102,1.2019264007123296,3.564564494741003,0.0003644608293811302,0.33798132617457255,True,0.008935029147576991,0.016823107419557563,0.7905817554024996,0.00974919701012821
og,wb_food_sek_dyoy,coincident,0,commodities,102,-0.06389118244942586,-0.1800018575064371,0.8571511099389291,0.027002393537581958,True,1.0,1.0,0.6848977309115938,0.001839002840775327
og,fao_ffpi_wloc_yoy,coincident,0,commodities,102,0.43453508363260207,0.9443942402672685,0.3449682236827818,0.1582911119019027,True,1.0,1.0,0.8297098934910314,0.0002836112052225468
og,fao_ffpi_wloc_dyoy,coincident,0,commodities,102,-0.45043631687179664,-1.1538667397218383,0.24855480704239508,-0.11357173511196832,True,1.0,1.0,0.7776511237308878,0.00046317325270297534
og,wb_food_wloc_yoy,coincident,0,commodities,102,1.1669574524321022,3.3638985641688706,0.0007684978290123379,0.30499410405231026,True,0.0164032782191092,0.03086151603583388,0.7922666182409742,0.004941511167170695
og,wb_food_wloc_dyoy,coincident,0,commodities,102,-0.18640008457863305,-0.5274503079215579,0.5978809157376426,0.0071019318922317205,True,1.0,1.0,0.6899206606602513,0.00088830961376155
og,eu_agri_basket_yoy,coincident,1,commodities,102,0.5303043916088198,1.1361944510017177,0.2558751923700797,0.1280150874114579,False,1.0,1.0,0.8520075597572352,0.012727536257067311
og,eu_agri_basket_dyoy,coincident,1,commodities,98,-0.13999344792070806,-0.3143971598748678,0.7532194129657948,-0.05203538207081654,False,1.0,1.0,0.8007678650626083,0.0025138770027193897
og,eu_agri_basket_wloc_yoy,coincident,1,commodities,102,0.7944945348781435,1.8496035455561486,0.0643707114289298,0.21154940419278984,False,0.8129585537440913,1.0,0.8543614714703142,0.02162078948605185
og,eu_agri_basket_wloc_dyoy,coincident,1,commodities,98,0.20165171790651493,0.4724867217025137,0.6365794172844859,0.004953819603657886,False,1.0,1.0,0.8060929036757796,0.003465061441262764
og,elec_nordic_loc_yoy,coincident,0,energy,102,0.06545150857751961,0.17974771321775174,0.8573506337029164,0.048462641367654095,True,1.0,1.0,0.7240900987674318,0.0008895507454325807
og,elec_nordic_loc_dyoy,coincident,0,energy,100,-0.477869123043187,-1.2877400231263811,0.1978364764771272,-0.08853189144025797,True,1.0,1.0,0.6741014457471726,0.002315610875117909
og,natgas_eu_eur_yoy,coincident,0,energy,92,0.2057774240196076,0.40864577719345535,0.6827996312622031,0.06422472860385728,True,1.0,1.0,0.848374982064032,0.0012084228215865007
og,natgas_eu_eur_dyoy,coincident,0,energy,80,-0.6897037619022852,-1.624225783909395,0.10432762991314326,-0.14455127912860954,True,1.0,1.0,0.8198488945961931,0.0005118304398019869
og,brent_nok_yoy,coincident,0,energy,102,0.18894464187694887,0.43861032326156335,0.660943915620718,-0.027850928825334246,True,1.0,1.0,0.7581643138081795,0.000961845434639735
og,brent_nok_dyoy,coincident,0,energy,102,-0.5376252134259695,-1.4125302734714922,0.15779388330321753,-0.15958405693407465,True,1.0,1.0,0.7101581616707573,0.006024234182274048
og,packaging_eu_yoy,coincident,1,packaging_freight,102,0.9850995390142768,3.9923274120525156,6.542794987396405e-05,0.3474478125653638,False,0.0018969220932848932,0.0037535299348156912,0.9125490886352845,0.01716375249062556
og,packaging_eu_dyoy,coincident,1,packaging_freight,98,-0.25905804132173177,-0.47181856562767727,0.637056297989191,-0.08173508439351339,False,1.0,1.0,0.8739439511245172,9.134842719830694e-05
og,packaging_us_yoy,coincident,1,packaging_freight,102,-0.17950125555115592,-0.3677768272903038,0.7130396490216164,-0.1333193274268668,False,1.0,1.0,0.8417701791287963,0.0017183456676223932
og,packaging_us_dyoy,coincident,1,packaging_freight,102,-0.9688456228809468,-2.542123503617636,0.011018123338738528,-0.24968650067000858,False,0.17493324716264752,0.2769755122801224,0.7970521691922231,0.003211258274410453
og,price_cost_gap_ppi,coincident,1,other,102,-0.9143984341550955,-2.48349031282798,0.013010187299263176,-0.26441062140760424,False,0.19898075668991538,0.3123863393409862,0.8363264015679872,9.288191180426028e-05
og,price_cost_gap_ppi_d4,coincident,1,other,98,0.26389215897263707,0.6607929058738786,0.5087451329231061,-0.005152922944546715,False,1.0,1.0,0.7678522686335879,0.003757067189342778
og,price_cost_gap_fao_nok,coincident,1,other,102,-0.20857316248720575,-0.44437312493744624,0.656772840519519,-0.08283804089277304,False,1.0,1.0,0.8168805626536505,0.00010045364394960964
og,price_cost_gap_fao_nok_d4,coincident,1,other,102,0.47414047523826564,1.192081892215364,0.23322913641716925,0.13157503062465326,False,1.0,1.0,0.7654992604890926,0.0004670394610574856
og,price_cost_gap_agri,coincident,1,other,102,-0.149061136069873,-0.3093108031342024,0.7570851139298536,0.019339202791173772,False,1.0,1.0,0.8347223258072484,0.0006751476525595488
og,price_cost_gap_agri_d4,coincident,1,other,98,0.44602117434300215,1.0486068018442922,0.2943591240333132,0.1373898772012786,False,1.0,1.0,0.7903738527245757,0.0018406820079126798
og,price_cost_gap_fao_wloc,coincident,1,other,102,-0.030199466338630652,-0.06194321913668847,0.9506080496649647,-0.02710684694485205,False,1.0,1.0,0.8256738129726776,0.0036985893037951726
og,price_cost_gap_fao_wloc_d4,coincident,1,other,102,0.6793151157842365,1.8563595595518367,0.06340232490615394,0.17680140671830932,False,0.8037730818535245,1.0,0.7793081706086243,0.00021602018814617516
og,nw_price_cost_gap_ppi,coincident,1,other,102,-0.9628629492043967,-2.490154473034145,0.012768758486678689,-0.3190109325192634,False,0.19709651455190505,0.3098312976889491,0.8203405786102836,0.0024372336623516835
og,nw_price_cost_gap_ppi_d4,coincident,1,other,98,0.21419463201920716,0.5969923923674771,0.5505124598311486,-0.0176825358773751,False,1.0,1.0,0.7489032059261054,0.0034865763964011818
og,price_wage_gap,coincident,1,other,102,1.5702991599748541,8.09147960055399,6.661338147750939e-16,0.47347906193309297,False,1.850820311604743e-13,8.916919315661771e-13,0.8277904424769448,0.12158190626891034
og,price_wage_gap_d4,coincident,1,other,102,0.9143901689280026,2.4374329391134646,0.014791957594840754,0.29034175674471363,False,0.22215531164078103,0.3478880831131817,0.6479439255374921,0.002171887308691225
og,no_qna_hh_food_cons_sa_mnok__yoy,rt_h0,1,activity_retail,102,-1.5282423199493385,-3.5962241133823976,0.00032286966332462086,-0.30837939183303714,False,0.008093933328503587,0.015253971358924028,0.8406391125928379,0.05541885594341623
og,no_qna_hh_food_cons_sa_mnok__dyoy,rt_h0,1,activity_retail,102,-1.1833610073637195,-5.2716556803748595,1.3519853792054448e-07,-0.26389385236979396,False,7.04329767906014e-06,1.856182766105395e-05,0.7400574185732854,5.913374405594929e-05
og,no_retail_foodstores_vol_sa_idx__yoy,rt_h0,1,activity_retail,101,-1.382901579249758,-5.515593933439736,3.476040211225495e-08,-0.35938383652219746,False,1.8999360338796534e-06,5.940069700392461e-06,0.8568518438985309,0.04790690063553137
og,no_retail_foodstores_vol_sa_idx__dyoy,rt_h0,1,activity_retail,97,-0.8257677604705229,-2.8805998417498064,0.003969192166251023,-0.1969845458972366,False,0.07114972144671074,0.12452792954443356,0.8070661256503784,1.4102196993940877e-05
og,se_ppi_food_hmpi_idx__yoy,rt_h0,1,producer_prices_input_costs,102,1.7416455443669974,6.799009250407773,1.053401810224841e-11,0.5171095150362944,False,1.0975595800355076e-09,4.127098236627415e-09,0.8872702297888111,0.1021002446045647
og,se_ppi_food_hmpi_idx__dyoy,rt_h0,1,producer_prices_input_costs,102,0.7200546101417983,2.031680406492618,0.04218602074149125,0.2826776753651118,False,0.5559453005972184,0.7738787243756762,0.814502114563115,8.659467014354766e-05
og,se_retail_grocery_vol_sa_idx__yoy,rt_h0,1,activity_retail,102,-1.0155409708019314,-2.7734753755713917,0.005546103756985721,-0.28018572036105965,False,0.09434435975712853,0.16112646102651945,0.7172047969097449,0.16663102168789148
og,se_retail_grocery_vol_sa_idx__dyoy,rt_h0,1,activity_retail,102,-0.534997363247575,-1.6248960985524623,0.10418469966002775,-0.14557004148954084,False,1.0,1.0,0.5368579295538688,0.0011207357652802277
og,se_na_hhcons_food_sa__yoy,rt_h0,1,activity_retail,102,-1.4165418180626872,-4.179458164261821,2.9220446611688544e-05,-0.32328867175641,False,0.0009742510271093456,0.0019236746679351419,0.5512070035688645,0.032319619008240666
og,se_na_hhcons_food_sa__dyoy,rt_h0,1,activity_retail,102,-1.0768469309997206,-2.832704633128986,0.004615601290592908,-0.3150005554327031,False,0.08015139403505835,0.13989011246781843,0.4452282684171213,0.001636286051063472
og,ea_negotiated_wages_yoy_q__lvl,rt_h0,1,wages_income,102,0.6909578748351782,1.6538878510737618,0.09815030154905391,0.1748918142183587,False,1.0,1.0,0.8180014906887084,0.03689896900554964
og,ea_negotiated_wages_yoy_q__d4,rt_h0,1,wages_income,102,1.2083100741498425,3.512396803349639,0.0004440844279161027,0.40158738040838277,False,0.010652088529780501,0.01987035832568042,0.5100493568395038,1.5163243369684762e-05
og,no_earn_idx_food_manuf_q__yoy,rt_h0,1,wages_income,102,-0.057948646111149714,-0.19364402625321026,0.8464546226533531,-0.1354162079394214,False,1.0,1.0,0.2742757027484257,0.02125687124688528
og,no_earn_idx_food_manuf_q__dyoy,rt_h0,1,wages_income,102,0.08111104174848689,0.32900149006008633,0.7421545617715448,0.008983809580573852,False,1.0,1.0,0.14145297895820255,0.0011894000169557573
og,no_real_wage_qna_yoy_q__lvl,rt_h0,1,wages_income,98,-0.7401071711504228,-1.7179631283439654,0.08580334087783559,-0.3614537731571023,False,1.0,1.0,0.7472114391859161,0.20769227507440124
og,no_real_wage_qna_yoy_q__d4,rt_h0,1,wages_income,96,-0.5574567158475232,-1.6830064596397718,0.0923738409375987,-0.06841393087627491,False,1.0,1.0,0.5637626347341079,0.00030695658598628477
og,se_real_wage_yoy_q__lvl,rt_h0,1,wages_income,102,-1.5612583080512217,-6.101347029403966,1.0517826609657277e-09,-0.551379011236866,False,7.792871518730525e-08,2.7696875245758165e-07,0.9327680101118453,0.12768977333870057
og,se_real_wage_yoy_q__d4,rt_h0,1,wages_income,102,-0.9215112761320722,-2.589970391966385,0.00959841870146394,-0.2897229482472051,False,0.1561096868447033,0.247483498627744,0.8629711587782746,0.009389269304105255
og,se_wage_idx_m__yoy,rt_h0,1,wages_income,102,0.5447312115468492,0.8401979488100879,0.40079740830090005,0.03699618680918035,False,1.0,1.0,0.8925233369699556,0.08502407436310853
og,se_wage_idx_m__dyoy,rt_h0,1,wages_income,102,1.074524475555201,4.158538832679777,3.2028978911968764e-05,0.3570387115026728,False,0.0010536584375877337,0.0020829591031197347,0.6657173770090662,0.01401534997355716
og,ea_hicp_food_idx__yoy,rt_h0,1,consumer_prices,101,1.886242729352977,7.380101345529705,1.580957587066223e-13,0.4896969593529315,False,2.196306769770962e-11,9.767456235001816e-11,0.9140298756494311,0.03190237186938041
og,ea_hicp_food_idx__dyoy,rt_h0,1,consumer_prices,97,1.0813604277169342,3.5393576049657427,0.00040110209741373026,0.3689591438680358,False,0.009690805327497425,0.018098373134059917,0.8394696756513607,0.0012222816581908475
og,eu_ppi_dom_c103_idx__yoy,rt_h0,1,producer_prices_input_costs,101,1.903627191462911,5.831941307246616,5.4786191139299945e-09,0.44777044995312515,False,3.5127867626247547e-07,1.1733955794848849e-06,0.9281268089320225,0.06092994510231965
og,eu_ppi_dom_c103_idx__dyoy,rt_h0,1,producer_prices_input_costs,97,1.0851322211836254,3.504984892669281,0.0004566331940059065,0.35893770127223973,False,0.010874854764357261,0.020375092098566517,0.8615860411244594,0.001150088472502795
og,eu_ppi_dom_c105_idx__yoy,rt_h0,1,producer_prices_input_costs,101,1.1593709044404694,3.005314519616511,0.0026530635248995793,0.3539981537883965,False,0.04997564469499364,0.08990915375164571,0.8736903037398932,0.018178527468026055
og,eu_ppi_dom_c105_idx__dyoy,rt_h0,1,producer_prices_input_costs,97,0.30741091644748897,0.6664831968658718,0.5051023003860173,0.07975244345892502,False,1.0,1.0,0.8319145853855229,0.00042915946979024845
og,eu_ppi_dom_c106_idx__yoy,rt_h0,1,producer_prices_input_costs,101,1.4611282851122558,5.000198470490202,5.727132965649417e-07,0.4556182986943851,False,2.5804150680552314e-05,6.571187105402247e-05,0.8921253543389699,4.946342824284714e-05
og,eu_ppi_dom_c106_idx__dyoy,rt_h0,1,producer_prices_input_costs,97,0.38745330814241546,1.034464821123808,0.3009189144943445,0.1712620636690864,False,1.0,1.0,0.8480071854372957,0.0009619821400298912
og,eu_ppi_dom_c107_idx__yoy,rt_h0,1,producer_prices_input_costs,101,1.9154111585263724,7.600913510380586,2.930988785010413e-14,0.5106176033500066,False,4.8861656226365215e-12,2.354066699334707e-11,0.9068849034947083,0.01928269012343007
og,eu_ppi_dom_c107_idx__dyoy,rt_h0,1,producer_prices_input_costs,97,0.9399062010557986,2.5014522830565094,0.012368510873504102,0.3248946422841804,False,0.19270264009042454,0.30332675429884326,0.8453673233791384,2.5592558783966646e-05
og,eu_ppi_dom_c108_idx__yoy,rt_h0,1,producer_prices_input_costs,101,2.0625298513664325,5.9863295685798485,2.1462926991233644e-09,0.47564572170906433,False,1.490842393103737e-07,5.145750778072671e-07,0.93635037995366,0.09843515327506033
og,eu_ppi_dom_c108_idx__dyoy,rt_h0,1,producer_prices_input_costs,97,1.1431852786757948,3.455917251740216,0.0005484236536452691,0.4176729278237401,False,0.012610496860010484,0.023491974071936955,0.8680085136483179,0.0001463947544077171
og,eu_ppi_dom_food_mfg_idx__yoy,rt_h0,1,producer_prices_input_costs,101,1.6375125271419406,7.699267847555345,1.3766765505351941e-14,0.47875941635121355,False,2.5500190959887572e-12,1.2285533279356217e-11,0.9077037724577236,0.018873554955382427
og,eu_ppi_dom_food_mfg_idx__dyoy,rt_h0,1,producer_prices_input_costs,97,0.7230328425997871,1.7977506167946047,0.07221653625606739,0.2634748822967703,False,0.88652996950057,1.0,0.8544556448210283,3.176417776490685e-05
og,no_ssb_bts_consgoods_home_price_exp__lvl,rt_h0,1,price_expectations,102,1.6496862275612723,4.046636996050867,5.1958721212441716e-05,0.5087442047808525,False,0.0015748884266247292,0.0031027070797755058,0.8350925273446356,0.37201003022119006
og,no_ssb_bts_consgoods_home_price_exp__d4,rt_h0,1,price_expectations,102,0.26829037365696107,0.532826933796131,0.594153387588874,0.11466056280414101,False,1.0,1.0,0.5694470013069067,0.006054092595223085
og,eu_ppi_paper_packaging_idx__yoy,rt_h0,1,packaging_freight,101,1.2782249755832202,5.72693570609348,1.0226090196852056e-08,0.43956203250099696,False,6.433062521345823e-07,2.053308641090297e-06,0.9069108962107351,0.014082917704436955
og,eu_ppi_paper_packaging_idx__dyoy,rt_h0,1,packaging_freight,97,0.25377313768911924,0.5377334807189873,0.5907610613183119,0.08247554196405704,False,1.0,1.0,0.8675227836576729,1.4646865375468992e-05
og,eu_ppi_plastic_products_idx__yoy,rt_h0,1,packaging_freight,101,1.229463147090144,6.6888044234162205,2.2500223906263273e-11,0.3927019979486338,False,2.2733008947337193e-09,8.214266073587622e-09,0.9056815498415068,0.01981176046729837
og,eu_ppi_plastic_products_idx__dyoy,rt_h0,1,packaging_freight,97,0.17631842871669184,0.3254967349468947,0.7448051533433839,0.0403619868311426,False,1.0,1.0,0.8661503842308345,0.00032109787186052123
og,us_ppi_corrugated_boxes_idx__yoy,rt_h0,1,packaging_freight,102,0.4149781296239596,0.8927400451134375,0.3719964000306033,0.07761148809599937,False,1.0,1.0,0.8344126236616143,0.023510931316145733
og,us_ppi_corrugated_boxes_idx__dyoy,rt_h0,1,packaging_freight,102,-0.37345842692897474,-0.8482017147107802,0.3963256424705721,-0.15748705561364423,False,1.0,1.0,0.7997913269872224,0.005483384912244974
og,us_ppi_plastic_resins_idx__yoy,rt_h0,1,packaging_freight,102,0.1399970208231282,0.2974420374971167,0.7661290537924734,-0.08313156054612372,False,1.0,1.0,0.819783321280979,0.017919533311986053
og,us_ppi_plastic_resins_idx__dyoy,rt_h0,1,packaging_freight,102,-0.6553783165988396,-1.457235095486407,0.14505149598733258,-0.17886128462385487,False,1.0,1.0,0.7637291520537985,0.0012925906697761735
og,w_food_cpi_yoy,rt_h0,1,consumer_prices,102,1.5719548135234391,6.652439750159316,2.882738492360204e-11,0.42648966780627706,False,2.746130841082388e-09,1.0066581599951483e-08,0.8908349436122175,0.09030722277739589
og,w_food_cpi_dyoy,rt_h0,1,consumer_prices,102,0.9986019034112956,2.952282283074998,0.0031543442351382733,0.3086305029183166,False,0.05778587864429424,0.10298609391175213,0.8151585263488269,0.0008005311249592261
og,w_cpi_yoy,rt_h0,1,consumer_prices,102,1.9517193066055072,8.474441289172207,0.0,0.5619275160208875,False,0.0,0.0,0.930137836130678,0.10496355561166787
og,w_cpi_dyoy,rt_h0,1,consumer_prices,102,1.0637668736497121,3.443959570714417,0.0005732614165256944,0.33233150143050283,False,0.013091333286647305,0.02436102264426445,0.8412433062602631,4.718251085151302e-06
og,w_food_cpi_rel_yoy,rt_h0,1,consumer_prices,102,0.5799563065498123,1.1775175841456593,0.23898898328465634,0.171842935236179,False,1.0,1.0,0.785567485121036,0.04073879536360684
og,w_food_cpi_rel_dyoy,rt_h0,1,consumer_prices,102,0.7526744794256915,1.934864526718278,0.05300692224689696,0.2055419806825957,False,0.6823651639485855,0.9245013742025985,0.7269727162382932,0.0019947412057104976
og,w_food_cpi_xvat_yoy,rt_h0,1,consumer_prices,102,1.6207547584207804,7.10922200507295,1.1670664434859646e-12,0.44741662943511396,False,1.3897016511135042e-10,6.047397151370098e-10,0.9021766716432724,0.06120976908576375
og,w_food_cpi_xvat_dyoy,rt_h0,1,consumer_prices,102,1.0223341343814254,3.0337816587711863,0.002415091511209999,0.3221232036384226,False,0.04681544623465044,0.08307135868417807,0.8366397634201136,0.0007233493085957974
og,w_wage_yoy,rt_h0,1,wages_income,102,-0.4356239366567592,-0.9920425176541723,0.3211767851934433,-0.042733395885596485,False,1.0,1.0,0.591004231601322,0.01745596331654198
og,w_wage_dyoy,rt_h0,1,wages_income,102,-0.2779650317020114,-0.8440538240497144,0.39863932927907175,-0.10974081836152923,False,1.0,1.0,0.18963920967705197,0.0018524942964857358
og,w_real_wage_yoy,rt_h0,1,wages_income,102,-1.7482067756512274,-8.771014644363378,0.0,-0.5091693940628838,False,0.0,0.0,0.7800508811001822,0.12857335248705867
og,w_real_wage_dyoy,rt_h0,1,wages_income,102,-1.1385628497877038,-3.3401968640423476,0.0008371902141088849,-0.3442051800861419,False,0.017666522835539104,0.03304184859499485,0.4339413845000605,0.0009211343581796293
og,w_retail_food_vol_yoy,rt_h0,1,activity_retail,101,-1.9100407371097123,-5.675218555423384,1.3851169766709859e-08,-0.41540603619079275,False,8.396683541003796e-07,2.6487548747240814e-06,0.9006239242280772,0.2187413540116332
og,w_retail_food_vol_dyoy,rt_h0,1,activity_retail,97,-1.1794064066568841,-3.9528052727706995,7.724029296185542e-05,-0.3124216215450811,False,0.002182458166363551,0.004293195568408711,0.8063637188667122,7.567809332114117e-05
og,w_retail_total_vol_yoy,rt_h0,1,activity_retail,101,-1.3524352699894213,-3.4843100553515574,0.0004934075407336813,-0.2929134145130955,False,0.011504129659650699,0.021537364922235725,0.8785943023947932,0.16448863960396187
og,w_retail_total_vol_dyoy,rt_h0,1,activity_retail,97,-1.2600295440052967,-5.4268219892637735,5.736628994057469e-08,-0.340474698275703,False,3.084956871885301e-06,8.860495862491431e-06,0.7449291285850582,0.0007496185894658731
og,w_gdp_vol_yoy,rt_h0,1,activity_retail,102,0.30831660451055004,1.030958505241306,0.30256027893494375,0.05687757123598556,False,1.0,1.0,0.7249143393476877,0.019534835301906663
og,w_gdp_vol_dyoy,rt_h0,1,activity_retail,102,-0.25320429227861463,-0.500840492767405,0.6164833851370326,-0.09025938646087088,False,1.0,1.0,0.6460063708208502,0.0014347308647274504
og,w_hh_real_inc_yoy,rt_h0,1,wages_income,73,-0.5375398540670087,-1.026932169563877,0.3044524050671704,-0.2714292743868526,False,1.0,1.0,0.5532200958048807,0.1564746407341296
og,w_hh_real_inc_dyoy,rt_h0,1,wages_income,69,-0.4506551512118478,-1.0905841663170321,0.27545589982801477,-0.10725426110331189,False,1.0,1.0,0.40543491881116855,0.001145659117305314
og,w_food_ppi_yoy,rt_h0,1,producer_prices_input_costs,101,1.7235046517073678,7.132653448566179,9.845457782375888e-13,0.504630960085777,False,1.2157832980230268e-10,5.271682699419239e-10,0.911399902182867,0.059200617826933935
og,w_food_ppi_dyoy,rt_h0,1,producer_prices_input_costs,97,0.8884262475197071,2.2736122710431976,0.022989309011490988,0.306840938624125,False,0.3289682766355668,0.49172306921140035,0.8536413914518619,7.050327396571876e-05
og,w_unemp_lvl,rt_h0,1,labour_market,102,-1.1621285188840484,-2.9743167167858826,0.002936418189740664,-0.45669671705678255,False,0.05439129804845183,0.09765744950321147,0.9346233269964845,0.003547076966876368
og,w_unemp_d4,rt_h0,1,labour_market,102,-0.9327399244173918,-2.4448214151688705,0.014492388301214465,-0.25407199403493064,False,0.21887069765244085,0.34170088314951147,0.8863829983399929,5.939425517906081e-08
og,w_ec_food_ind_sell_price_exp_lvl,rt_h0,1,price_expectations,102,1.3973829708372754,5.039868163227612,4.6585264557030825e-07,0.48403506382893824,False,2.1876318630523217e-05,5.626411965913344e-05,0.8401062271169176,0.09385592693929774
og,w_ec_food_ind_sell_price_exp_d4,rt_h0,1,price_expectations,102,0.29471825769965626,0.6559781930457107,0.5118381553256688,0.15712353768117648,False,1.0,1.0,0.784419280067056,4.5544141575859685e-06
og,w_hh_saving_lvl,rt_h0,1,wages_income,102,-0.18253540149548794,-0.15322981928732596,0.8782170429511746,0.23183308758687377,False,1.0,1.0,0.937254654568618,0.8474339680158866
og,w_hh_saving_d4,rt_h0,1,wages_income,102,-0.14750880688385953,-0.39597963200790354,0.692120054031534,-0.049728413078152706,False,1.0,1.0,0.4116788689409261,0.014319155419692711
og,nw_real_wage_yoy,rt_h0,1,wages_income,102,-1.592096039401901,-5.169082926155692,2.3524550396558652e-07,-0.525757053891194,False,1.1204882707500643e-05,2.9067828046275913e-05,0.6660451678611793,0.1536326860082853
og,nw_real_wage_dyoy,rt_h0,1,wages_income,102,-1.072816458861636,-3.4295763766189027,0.0006045242671572915,-0.31731237450092664,False,0.013527311587215388,0.025092121225695603,0.24027514566710415,0.0014173803613945686
og,nw_retail_food_vol_yoy,rt_h0,1,activity_retail,101,-1.760096515876726,-6.2817401435041145,3.348041843764804e-10,-0.4303729523938304,False,2.6578202719286763e-08,1.0147279207711994e-07,0.8754933561399922,0.14031795743333142
og,nw_retail_food_vol_dyoy,rt_h0,1,activity_retail,97,-1.0528640058432979,-3.8884575036912232,0.00010088332941293743,-0.2613325020652694,False,0.002712574934281972,0.005401728533923541,0.7850295410432014,0.0002857141587373619
og,nw_food_ppi_yoy,rt_h0,1,producer_prices_input_costs,101,1.8451872747526161,7.481829821358783,7.327471962526033e-14,0.5332945258643371,False,1.1040545510963946e-11,4.8936053204351795e-11,0.9141532488086936,0.11736504240776163
og,nw_food_ppi_dyoy,rt_h0,1,producer_prices_input_costs,97,0.9476230262860619,2.5782698321718875,0.009929642614988854,0.3213608100869665,False,0.1607127824653764,0.25479675188912,0.8448805687160931,2.6822279228724996e-05
og,eu_agri_basket_yoy,rt_h0,1,commodities,101,0.6633850296739792,1.3885561894391252,0.16496774726517893,0.16317342135008117,False,1.0,1.0,0.8520075597572352,0.012727536257067311
og,eu_agri_basket_dyoy,rt_h0,1,commodities,97,0.08885306713876531,0.1940603130342694,0.8461286564488371,0.015769852553388374,False,1.0,1.0,0.8007678650626083,0.0025138770027193897
og,eu_agri_basket_wloc_yoy,rt_h0,1,commodities,101,0.8469617568766413,1.8276913927590615,0.06759588064628574,0.2273175184300301,False,0.8472715361344412,1.0,0.8543614714703142,0.02162078948605185
og,eu_agri_basket_wloc_dyoy,rt_h0,1,commodities,97,0.38779467646469207,0.8988066158474084,0.3687556755602701,0.06243840688685238,False,1.0,1.0,0.8060929036757796,0.003465061441262764
og,packaging_eu_yoy,rt_h0,1,packaging_freight,101,1.2751238824493063,6.3902534668625535,1.656110804049149e-10,0.43094345741514556,False,1.4158224883375909e-08,5.320518883127255e-08,0.9125490886352845,0.01716375249062556
og,packaging_eu_dyoy,rt_h0,1,packaging_freight,97,0.23034556069762768,0.46105552714277814,0.6447587676570818,0.06823941208618065,False,1.0,1.0,0.8739439511245172,9.134842719830694e-05
og,packaging_us_yoy,rt_h0,1,packaging_freight,102,0.2675907910338442,0.5626280125123676,0.5736882129454179,-0.0323890869568622,False,1.0,1.0,0.8417701791287963,0.0017183456676223932
og,packaging_us_dyoy,rt_h0,1,packaging_freight,102,-0.6430104915825229,-1.3679097458750558,0.17134032876953897,-0.19646291028311863,False,1.0,1.0,0.7970521691922231,0.003211258274410453
og,price_cost_gap_ppi,rt_h0,1,other,101,-1.1529743084130109,-3.936580632711035,8.265085759751045e-05,-0.3128598066462904,False,0.0023041343429459718,0.0045664946097564475,0.8363264015679872,9.288191180426028e-05
og,price_cost_gap_ppi_d4,rt_h0,1,other,97,-0.10122273448903873,-0.24621673633830543,0.8055144605603226,-0.09558631230411367,False,1.0,1.0,0.7678522686335879,0.003757067189342778
og,price_cost_gap_fao_nok,rt_h0,1,other,102,-0.5134629391690653,-1.2876293697000276,0.19787501066102142,-0.1755627780785741,False,1.0,1.0,0.8168805626536505,0.00010045364394960964
og,price_cost_gap_fao_nok_d4,rt_h0,1,other,102,0.23740466438056593,0.6382677289514365,0.5232994152291677,0.05189153695633613,False,1.0,1.0,0.7654992604890926,0.0004670394610574856
og,price_cost_gap_agri,rt_h0,1,other,101,-0.34664122085032845,-0.7406943735638963,0.45887877159607715,-0.03711055782610034,False,1.0,1.0,0.8347223258072484,0.0006751476525595488
og,price_cost_gap_agri_d4,rt_h0,1,other,97,0.20876559738719344,0.484466389707927,0.6280549118376444,0.07017070112014709,False,1.0,1.0,0.7903738527245757,0.0018406820079126798
og,price_cost_gap_fao_wloc,rt_h0,1,other,102,-0.5442406451636888,-1.286305422472936,0.19833649080728444,-0.1712405384619498,False,1.0,1.0,0.8256738129726776,0.0036985893037951726
og,price_cost_gap_fao_wloc_d4,rt_h0,1,other,102,0.2787064714108576,0.7030318031852855,0.48203593011166834,0.04834502876928302,False,1.0,1.0,0.7793081706086243,0.00021602018814617516
og,nw_price_cost_gap_ppi,rt_h0,1,other,101,-1.2242011643152375,-3.985020492144928,6.747430245113151e-05,-0.373275165620728,False,0.0019393868078439952,0.0038298923831088442,0.8203405786102836,0.0024372336623516835
og,nw_price_cost_gap_ppi_d4,rt_h0,1,other,97,-0.1461538694358017,-0.3782129084030232,0.7052724369392245,-0.10350920137152779,False,1.0,1.0,0.7489032059261054,0.0034865763964011818
og,price_wage_gap,rt_h0,1,other,102,1.5605924771093873,6.996387616479415,2.6265656316581953e-12,0.42958943080128315,False,2.919113795463001e-10,1.171980428721812e-09,0.8277904424769448,0.12158190626891034
og,price_wage_gap_d4,rt_h0,1,other,102,1.0593624083117383,3.006846378777577,0.002639731260206002,0.3331641586259821,False,0.04997564469499364,0.08964646679376066,0.6479439255374921,0.002171887308691225
og,no_cpi_food_idx__yoy,rt_h1,0,consumer_prices,102,0.21521941139009257,0.3627710085103784,0.7167759505156639,0.1529590677228947,False,1.0,1.0,0.8086304714796214,0.17662156788440392
og,no_cpi_food_idx__dyoy,rt_h1,0,consumer_prices,102,0.6030936582901135,1.2976732600797076,0.1943996360191389,0.1250852852988976,False,1.0,1.0,0.6699342292282324,0.0006540771685229985
og,no_cpi_total_idx__yoy,rt_h1,0,consumer_prices,102,1.4314794272975067,3.015561957704914,0.002565035278826455,0.4440818579919163,False,0.04943462708426894,0.08785269786492854,0.8090396366955549,0.20592457859617563
og,no_cpi_total_idx__dyoy,rt_h1,0,consumer_prices,102,0.830528685315823,2.4796794342125756,0.013150054733500172,0.16534621962255958,False,0.2002015651628849,0.3143351081975143,0.6259308367722662,0.003104031584741151
og,no_fx_eurnok__yoy,rt_h1,0,fx,102,0.06167652538414026,0.1510367010643898,0.879946764713192,0.06654840477066251,False,1.0,1.0,0.7839904584261776,0.03237143604177326
og,no_fx_eurnok__dyoy,rt_h1,0,fx,101,0.6148449403746756,1.6989858234089144,0.08932185477303722,0.07250971059734566,False,1.0,1.0,0.7200174971863504,0.0027538245151602207
og,no_govbond_10y__lvl,rt_h1,0,rates,102,0.9959729603808988,1.1946892436989858,0.23220846653445726,-0.12276281589082157,False,1.0,1.0,0.9788487165261812,0.38762469291115537
og,no_govbond_10y__d4,rt_h1,0,rates,102,0.6037673101815307,1.0729833404564326,0.2832785909230675,0.20547234948692863,False,1.0,1.0,0.8219992864791176,0.13308790814684354
og,no_imp_price_food_idx__yoy,rt_h1,0,producer_prices_input_costs,97,0.7161874757732122,1.6979116642572856,0.08952443543141442,0.30781588850820035,False,1.0,1.0,0.7881353506062018,0.25852885083551846
og,no_imp_price_food_idx__dyoy,rt_h1,0,producer_prices_input_costs,93,0.9115106687280053,3.2109656814199456,0.0013228973242873643,0.225801830128946,False,0.02657064352122291,0.04953400557372597,0.5622787312608253,0.023930043762385392
og,no_jordbruk_malpris_mnok__lvl,rt_h1,0,tax_policy,102,1.4191741161714897,2.282730879448171,0.02244622567354959,0.21774228513111704,False,0.3225814300836931,0.484624083012012,0.81194811973535,0.13549493051148842
og,no_jordbruk_malpris_mnok__d4,rt_h1,0,tax_policy,96,1.3575689569063114,4.8304810376438905,1.3620358616517336e-06,0.3459478748952748,False,5.748380056808445e-05,0.0001367423888489311,0.7290037795166293,0.03153823065733642
og,no_policy_rate__lvl,rt_h1,0,rates,102,0.6829513960799947,1.0922295687786532,0.27473220884339433,0.03568513960687299,False,1.0,1.0,0.9751161949215335,0.15277240043405427
og,no_policy_rate__d4,rt_h1,0,rates,102,0.7535366460082821,1.664803031083116,0.09595205902800963,0.3046950762330236,False,1.0,1.0,0.8957202641297115,0.0668626401533941
og,no_ppi_food_dom_idx__yoy,rt_h1,0,producer_prices_input_costs,101,1.5994244875516017,7.64637414326037,2.0650148258027912e-14,0.4731431138940536,False,3.6237113469313914e-12,1.7458389396979887e-11,0.9085326334719793,0.09655659875218935
og,no_ppi_food_dom_idx__dyoy,rt_h1,0,producer_prices_input_costs,97,1.117421027410757,3.3233398909699763,0.0008894646605253076,0.3167282656976559,False,0.01865157866313483,0.03493333048737176,0.8324503055713375,0.00048132184664365053
og,no_qna_hh_food_cons_sa_mnok__yoy,rt_h1,1,activity_retail,102,-1.4856757257047362,-3.4887146189349965,0.00048534902016883485,-0.316933475451495,False,0.011476753856439805,0.021418417329485503,0.8406391125928379,0.05541885594341623
og,no_qna_hh_food_cons_sa_mnok__dyoy,rt_h1,1,activity_retail,102,-1.4425256701234923,-6.958239901275947,3.445466134621711e-12,-0.33112476518808015,False,3.7057004871188127e-10,1.495825265093229e-09,0.7400574185732854,5.913374405594929e-05
og,no_retail_foodstores_vol_sa_idx__yoy,rt_h1,1,activity_retail,100,-1.6319169698429485,-5.839486281880742,5.236202804681511e-09,-0.39153414591461533,False,3.423184489584986e-07,1.1366305954498346e-06,0.8568518438985309,0.04790690063553137
og,no_retail_foodstores_vol_sa_idx__dyoy,rt_h1,1,activity_retail,96,-1.0781193851303186,-4.146544707003922,3.37530298490929e-05,-0.26798563452111096,False,0.0010820901580007774,0.0021600989450390596,0.8070661256503784,1.4102196993940877e-05
og,no_vat_food_rate__lvl,rt_h1,0,tax_policy,102,0.33331586606899966,1.8078479267442402,0.07063017219179968,0.1598864046244057,False,0.8754311742543096,1.0,0.7552630152846657,0.12730151810399776
og,no_vat_food_rate__d4,rt_h1,0,tax_policy,102,-0.40963097626114486,-4.020620787456097,5.8044978058058305e-05,-0.08192392092206106,False,0.0017279479308219194,0.003427917412980885,0.7240734491610796,0.0696187785139645
og,se_cpi_idx__yoy,rt_h1,0,consumer_prices,102,1.849081360625545,6.323725188771392,2.553317557385526e-10,0.5489689870349714,False,2.1140900211191656e-08,8.030721578227781e-08,0.9395911545166841,0.06851278561262832
og,se_cpi_idx__dyoy,rt_h1,0,consumer_prices,102,1.1550363560723829,4.150981783944626,3.310521166044467e-05,0.37992340137497954,False,0.0010716258150165574,0.0021351769886256084,0.8753415147178213,0.004221836181208122
og,se_cpi_food_idx__yoy,rt_h1,0,consumer_prices,102,1.604614459556775,7.579810705047507,3.4638958368304884e-14,0.4621599660005701,False,5.499580354482665e-12,2.5291625695331566e-11,0.874019048207315,0.05233524666667634
og,se_cpi_food_idx__dyoy,rt_h1,0,consumer_prices,102,1.075985898100178,3.1768542993013376,0.0014888181222649788,0.3441293275225565,False,0.029724133156746307,0.05535954378948674,0.8102101307333693,0.00464279359956733
og,se_ppi_food_hmpi_idx__yoy,rt_h1,1,producer_prices_input_costs,102,1.6752357615753883,6.390891657218111,1.6492118781741283e-10,0.4671031343118844,False,1.4158224883375909e-08,5.320518883127255e-08,0.8872702297888111,0.1021002446045647
og,se_ppi_food_hmpi_idx__dyoy,rt_h1,1,producer_prices_input_costs,102,0.9407132640434404,3.060775572261886,0.002207645024931315,0.33422893173866175,False,0.043044449242258954,0.07725936960355699,0.814502114563115,8.659467014354766e-05
og,se_retail_grocery_vol_sa_idx__yoy,rt_h1,1,activity_retail,102,-0.44981801574096547,-1.3930823428144725,0.16359489192112475,-0.19219270605755548,False,1.0,1.0,0.7172047969097449,0.16663102168789148
og,se_retail_grocery_vol_sa_idx__dyoy,rt_h1,1,activity_retail,102,-0.5323762942174822,-2.07761570579825,0.03774476844053387,-0.1726074261139109,False,0.5074451515818992,0.7141405241267205,0.5368579295538688,0.0011207357652802277
og,se_na_hhcons_food_sa__yoy,rt_h1,1,activity_retail,102,-0.5032057999768482,-1.7491969311407747,0.0802569843877523,-0.10099757980696632,False,0.9765990496529944,1.0,0.5512070035688645,0.032319619008240666
og,se_na_hhcons_food_sa__dyoy,rt_h1,1,activity_retail,102,-0.7383192996018024,-2.6302456612320904,0.008532318729016941,-0.20693108760413256,False,0.1408112964796258,0.22468384026947608,0.4452282684171213,0.001636286051063472
og,se_policy_rate__lvl,rt_h1,0,rates,102,1.4364733430030128,2.1930980802731543,0.02830031331533589,0.010522761005802288,False,0.39813184866274365,0.5732613461525977,0.9727778999989105,0.17137031674507533
og,se_policy_rate__d4,rt_h1,0,rates,102,0.8302704711681163,2.9372933856400825,0.0033109071282635405,0.3321174742607494,False,0.06032258331863153,0.10722595555542101,0.897829766877159,0.019342387276120896
og,se_gov_bond_10y__lvl,rt_h1,0,rates,102,1.2041557746012272,0.9920201821119471,0.3211876804201794,-0.20899495945626828,False,1.0,1.0,0.9823166834171976,0.5516050467879952
og,se_gov_bond_10y__d4,rt_h1,0,rates,102,0.6823488808894462,1.2560557186043046,0.2090957693347688,0.20362368414286944,False,1.0,1.0,0.7986583383382068,0.09415625178944227
og,se_eursek__yoy,rt_h1,0,fx,102,0.8938362362541893,2.402217993798486,0.016295994010703696,0.2969394746175934,False,0.24030062659405615,0.37610249943190316,0.831644577743686,0.000907296091121031
og,se_eursek__dyoy,rt_h1,0,fx,102,1.2683559826326325,4.3351097907400815,1.4568739086895377e-05,0.2674458027478706,False,0.000527980838052978,0.001062098960930425,0.7684654551716504,0.007492274315341706
og,ea_negotiated_wages_yoy_q__lvl,rt_h1,1,wages_income,102,-0.19152621340109946,-0.32267833254028633,0.7469388632147294,0.058955064459860256,False,1.0,1.0,0.8180014906887084,0.03689896900554964
og,ea_negotiated_wages_yoy_q__d4,rt_h1,1,wages_income,102,0.9819754104625888,2.6564707127147495,0.007896330945565522,0.33669371427926015,False,0.1309825096367874,0.2114018065728843,0.5100493568395038,1.5163243369684762e-05
og,no_earn_idx_food_manuf_q__yoy,rt_h1,1,wages_income,102,-0.41567017489489694,-1.320965993735978,0.18651270330112668,-0.1985839419125856,False,1.0,1.0,0.2742757027484257,0.02125687124688528
og,no_earn_idx_food_manuf_q__dyoy,rt_h1,1,wages_income,102,-0.006953498791377419,-0.022448112279752765,0.9820905019577582,0.008585955369032615,False,1.0,1.0,0.14145297895820255,0.0011894000169557573
og,no_real_wage_qna_yoy_q__lvl,rt_h1,1,wages_income,98,-0.37667066445033376,-0.6629996787227215,0.5073307598410106,-0.3177776647702025,False,1.0,1.0,0.7472114391859161,0.20769227507440124
og,no_real_wage_qna_yoy_q__d4,rt_h1,1,wages_income,96,-0.26377500465145004,-0.6041542933781923,0.5457410655660326,-0.026712265058561935,False,1.0,1.0,0.5637626347341079,0.00030695658598628477
og,se_real_wage_yoy_q__lvl,rt_h1,1,wages_income,102,-1.411494680582361,-4.840207980059487,1.2970331637607302e-06,-0.4910930834370514,False,5.544220582590911e-05,0.0001318647138077415,0.9327680101118453,0.12768977333870057
og,se_real_wage_yoy_q__d4,rt_h1,1,wages_income,102,-1.0583342701151064,-3.764470550764411,0.00016690233558191991,-0.3428232652829074,False,0.004313767425432927,0.008538220550466255,0.8629711587782746,0.009389269304105255
og,se_wage_idx_m__yoy,rt_h1,1,wages_income,102,0.3150123149570569,0.5637561552612842,0.5729200945177297,0.0008041069332549329,False,1.0,1.0,0.8925233369699556,0.08502407436310853
og,se_wage_idx_m__dyoy,rt_h1,1,wages_income,102,1.083835946660845,4.536875766917365,5.7093715994938066e-06,0.3795524809152561,False,0.00022134712321176395,0.0004714621409580168,0.6657173770090662,0.01401534997355716
og,ea_hicp_food_idx__yoy,rt_h1,1,consumer_prices,100,1.6321199778736133,5.245274621356234,1.5604971337346285e-07,0.3904891022286488,False,8.004489540890423e-06,2.1064473897309517e-05,0.9140298756494311,0.03190237186938041
og,ea_hicp_food_idx__dyoy,rt_h1,1,consumer_prices,96,1.093523187409278,4.082807756946192,4.449482941981664e-05,0.3437623549623166,False,0.001386467811244701,0.0027176179379522812,0.8394696756513607,0.0012222816581908475
og,eu_ppi_dom_c103_idx__yoy,rt_h1,1,producer_prices_input_costs,100,1.59014934971701,4.733331993822168,2.208637871037311e-06,0.36321904641442837,False,8.908526848582551e-05,0.0002051287191470395,0.9281268089320225,0.06092994510231965
og,eu_ppi_dom_c103_idx__dyoy,rt_h1,1,producer_prices_input_costs,96,1.1018157749379023,4.194909601798994,2.729804356738086e-05,0.3761690593195484,False,0.0009383045258353223,0.0018270687252826122,0.8615860411244594,0.001150088472502795
og,eu_ppi_dom_c105_idx__yoy,rt_h1,1,producer_prices_input_costs,100,1.3623460311370779,3.7455149472233376,0.0001800241275522474,0.3982833866556676,False,0.004617122373852877,0.009122335812260594,0.8736903037398932,0.018178527468026055
og,eu_ppi_dom_c105_idx__dyoy,rt_h1,1,producer_prices_input_costs,96,0.5305775426962459,1.3371985141154923,0.18115784681211533,0.1611716989308504,False,1.0,1.0,0.8319145853855229,0.00042915946979024845
og,eu_ppi_dom_c106_idx__yoy,rt_h1,1,producer_prices_input_costs,100,1.5596086981462496,5.696234264273811,1.2248255520930229e-08,0.45001706849148093,False,7.562484559591386e-07,2.3704497229635435e-06,0.8921253543389699,4.946342824284714e-05
og,eu_ppi_dom_c106_idx__dyoy,rt_h1,1,producer_prices_input_costs,96,0.7436786897168159,2.0446260237812646,0.04089174184305078,0.255998804780104,False,0.543182677716688,0.7591237801814986,0.8480071854372957,0.0009619821400298912
og,eu_ppi_dom_c107_idx__yoy,rt_h1,1,producer_prices_input_costs,100,1.7327792064677916,5.934873951667374,2.94071345052771e-09,0.43689578560211517,False,2.0009703379224202e-07,6.846020890729512e-07,0.9068849034947083,0.01928269012343007
og,eu_ppi_dom_c107_idx__dyoy,rt_h1,1,producer_prices_input_costs,96,1.117027090231825,3.638353559261768,0.000274386574191432,0.3703544519117967,False,0.006930633748478704,0.01339681506630535,0.8453673233791384,2.5592558783966646e-05
og,eu_ppi_dom_c108_idx__yoy,rt_h1,1,producer_prices_input_costs,100,1.695952533167396,4.291601078228063,1.7738942209799546e-05,0.3682760977775416,False,0.000629193008398348,0.0012528549724835746,0.93635037995366,0.09843515327506033
og,eu_ppi_dom_c108_idx__dyoy,rt_h1,1,producer_prices_input_costs,96,1.151156840183311,3.9206898732667277,8.829583439218247e-05,0.41202977997504975,False,0.0024329818408744546,0.004824224249713765,0.8680085136483179,0.0001463947544077171
og,eu_ppi_dom_food_mfg_idx__yoy,rt_h1,1,producer_prices_input_costs,100,1.6854882989311928,6.673325739053604,2.5007107495866876e-11,0.44713674050638247,False,2.452271589806463e-09,8.926589219275198e-09,0.9077037724577236,0.018873554955382427
og,eu_ppi_dom_food_mfg_idx__dyoy,rt_h1,1,producer_prices_input_costs,96,0.8928955365063028,2.5679324859319124,0.010230707965328545,0.30158945545770394,False,0.16399340219467284,0.26044194589378045,0.8544556448210283,3.176417776490685e-05
og,ea_ec_food_ind_sell_price_exp__lvl,rt_h1,0,price_expectations,102,1.4259904080114307,6.077798380401084,1.21843823919221e-09,0.4609677040057864,False,8.831403168214591e-08,3.106687526485787e-07,0.8570579654709235,0.05648642597684678
og,ea_ec_food_ind_sell_price_exp__d4,rt_h1,0,price_expectations,102,0.35239127517722724,0.738199236365002,0.4603933868642809,0.14435994478709321,False,1.0,1.0,0.816622100728545,4.48067468246736e-05
og,no_fn_cci_sa__lvl,rt_h1,0,consumer_survey,102,-1.019178590572898,-1.8223867261120201,0.068396327234725,-0.4109469377952486,False,0.8540937482165182,1.0,0.953861827159213,0.43016972733811054
og,no_fn_cci_sa__d4,rt_h1,0,consumer_survey,102,-0.9788727481120822,-2.602125879462259,0.009264783891018258,-0.31363273494524013,False,0.15142205954444304,0.24088328311621166,0.843137764949903,0.0013309050489748683
og,no_nbes_bl_sell_price_di__lvl,rt_h1,0,price_expectations,97,0.7237805254876079,1.291149052713589,0.19665199745716233,0.1830288552412523,False,1.0,1.0,0.8611891621541462,2.5067060869598952e-05
og,no_nbes_bl_sell_price_di__d4,rt_h1,0,price_expectations,93,-0.6804588185670484,-1.9078476205764918,0.05641091385396546,-0.06980254479913268,False,0.7178701031703928,0.962959705555386,0.7174042885660665,0.011001769614296145
og,no_ssb_bts_consgoods_home_price_exp__lvl,rt_h1,1,price_expectations,102,1.9584698737116863,4.973064520406957,6.590271495188205e-07,0.5036684489660825,False,2.8911707192208634e-05,7.455032906213789e-05,0.8350925273446356,0.37201003022119006
og,no_ssb_bts_consgoods_home_price_exp__d4,rt_h1,1,price_expectations,102,0.5664894477638268,1.798150440346104,0.07215317079472827,0.20015243506234523,False,0.88652996950057,1.0,0.5694470013069067,0.006054092595223085
og,se_ec_cons_conf__lvl,rt_h1,0,consumer_survey,102,-1.852049195878982,-5.997402291263784,2.0049892857088025e-09,-0.4913835903803029,False,1.4223229610440585e-07,4.879807873947412e-07,0.877551214731443,0.18660151137343067
og,se_ec_cons_conf__d4,rt_h1,0,consumer_survey,102,-1.3351287765197326,-6.209560506993359,5.313298689912926e-10,-0.430916633830152,False,4.1198347638865625e-08,1.551801416704662e-07,0.8192944337002316,0.00048405452140924595
og,se_nier_food_mfg_sell_price_exp__lvl,rt_h1,0,price_expectations,102,1.3569402876880736,3.7917430381655675,0.0001495936542308396,0.4731772257219654,False,0.0038966125442325876,0.0077515058676220295,0.8103195639129432,0.1299782820646935
og,se_nier_food_mfg_sell_price_exp__d4,rt_h1,0,price_expectations,101,0.38738115256773586,0.9687632953761305,0.33266330384109355,0.1984875024712278,False,1.0,1.0,0.7309738360907708,7.183384820895125e-06
og,eu_ppi_paper_packaging_idx__yoy,rt_h1,1,packaging_freight,100,1.482433760832759,5.593740028112968,2.2222963469431534e-08,0.49301314808240543,False,1.2774914483933815e-06,3.966377682012227e-06,0.9069108962107351,0.014082917704436955
og,eu_ppi_paper_packaging_idx__dyoy,rt_h1,1,packaging_freight,96,0.5862370876581815,1.3685813521890604,0.17113017635539207,0.19630551866115387,False,1.0,1.0,0.8675227836576729,1.4646865375468992e-05
og,eu_ppi_plastic_products_idx__yoy,rt_h1,1,packaging_freight,100,1.434865941230747,7.775250208404759,7.549516567451064e-15,0.4458563667237972,False,1.4806562492837944e-12,7.133535452529417e-12,0.9056815498415068,0.01981176046729837
og,eu_ppi_plastic_products_idx__dyoy,rt_h1,1,packaging_freight,96,0.5367072523588792,1.198384858096414,0.23076722451611964,0.1503767057731527,False,1.0,1.0,0.8661503842308345,0.00032109787186052123
og,glob_fao_cereals_idx__yoy,rt_h1,0,commodities,102,0.5027477278207679,1.2317137977351074,0.21805601383228845,0.12178256933834179,False,1.0,1.0,0.817713822498277,0.030779088452408516
og,glob_fao_cereals_idx__dyoy,rt_h1,0,commodities,102,-0.6528201127065242,-1.7430775514728587,0.08132006926339463,-0.07743385541937504,False,0.9859367817125934,1.0,0.7432849982136328,0.0008394949071345538
og,glob_fao_dairy_idx__yoy,rt_h1,0,commodities,102,-0.0014603315612659515,-0.0038932983628514654,0.9968936051933546,-0.061669101660857706,False,1.0,1.0,0.8484982671185941,0.007314375059597211
og,glob_fao_dairy_idx__dyoy,rt_h1,0,commodities,102,-0.39237221768993064,-1.222612852616301,0.22147595636414552,-0.128797113501678,False,1.0,1.0,0.8246427781731062,7.949944618729302e-05
og,glob_fao_ffpi__yoy,rt_h1,0,commodities,102,0.283734462400347,0.6185206442612755,0.5362321937404793,0.06445899408193884,False,1.0,1.0,0.839991514765434,0.014834311195618496
og,glob_fao_ffpi__dyoy,rt_h1,0,commodities,102,-0.5640909547454718,-1.3545014420565875,0.1755764536353146,-0.09697134461698552,False,1.0,1.0,0.7935196367385194,0.0006314676790982632
og,glob_fao_ffpi_eur__yoy,rt_h1,0,commodities,102,0.6530435439248037,1.576591542831837,0.11488953997514395,0.21507228275646662,False,1.0,1.0,0.8347516090824487,1.5062080420659687e-05
og,glob_fao_ffpi_eur__dyoy,rt_h1,0,commodities,101,-0.30325410152847065,-0.7468583519022893,0.4551490682284589,-0.03389888150097233,False,1.0,1.0,0.7870102518555387,6.542857828203963e-07
og,glob_fao_ffpi_nok__yoy,rt_h1,0,commodities,102,0.8290322817163073,2.1123886639592158,0.03465312651360808,0.2904039400155789,False,0.4696683985564694,0.6690424908388728,0.8228269516137533,0.008468118447810601
og,glob_fao_ffpi_nok__dyoy,rt_h1,0,commodities,102,0.04281878022715226,0.11242009596736803,0.9104903220514748,0.01898873820990214,False,1.0,1.0,0.765250160632876,0.0008131276047214736
og,glob_fao_meat_idx__yoy,rt_h1,0,commodities,102,0.34952473706104237,0.8497380382455177,0.3954707452768633,0.039227352231673236,False,1.0,1.0,0.8034717244531673,0.0005214656695097058
og,glob_fao_meat_idx__dyoy,rt_h1,0,commodities,102,-0.02496669805990753,-0.059687983304121686,0.952404142605374,0.01789289188324727,False,1.0,1.0,0.7623302934109546,3.8784398610316866e-05
og,glob_fao_sugar_idx__yoy,rt_h1,0,commodities,102,0.07044347231028858,0.21003357224082234,0.833641470538901,-0.009217560546376432,False,1.0,1.0,0.7744108440493735,0.015946312130743892
og,glob_fao_sugar_idx__dyoy,rt_h1,0,commodities,102,0.0868659899757645,0.27619672618083735,0.7823969716060952,-0.0016448555387634316,False,1.0,1.0,0.7035295894141299,0.00010898391950783184
og,glob_fao_vegoils_idx__yoy,rt_h1,0,commodities,102,-0.0246644681285053,-0.048897390637246844,0.9610010683464392,0.05356802089962431,False,1.0,1.0,0.8209083955038609,0.004847725951699453
og,glob_fao_vegoils_idx__dyoy,rt_h1,0,commodities,102,-0.7284853048349098,-1.750049587313507,0.08010975757797056,-0.12697107464481042,False,0.9765990496529944,1.0,0.7840597843503714,0.0020068951089161884
og,glob_gscpi__lvl,rt_h1,0,packaging_freight,102,0.8222233617641657,1.5783063112577544,0.1144952567120483,0.33632079979665647,False,1.0,1.0,0.8488242964972464,0.2162242354162769
og,glob_gscpi__d4,rt_h1,0,packaging_freight,102,-0.7007766461485098,-1.5995044462431696,0.10970856146155983,-0.130151266479184,False,1.0,1.0,0.702165969333573,0.00046917027423038215
og,glob_wb_food_idx__yoy,rt_h1,0,commodities,102,0.7463779291979175,1.6808421870137762,0.09279357188478432,0.1497182530154306,False,1.0,1.0,0.801698214252439,0.03914402496698348
og,glob_wb_food_idx__dyoy,rt_h1,0,commodities,102,-0.4031965262819777,-0.9618409864124148,0.33612948611434534,-0.004210612173521751,False,1.0,1.0,0.7215557173222272,0.0010729570136151039
og,glob_wb_food_idx_eur__yoy,rt_h1,0,commodities,102,1.1977308615741602,3.384539256216481,0.0007129782288493036,0.3151014615320297,False,0.015639278140484186,0.028994376620490956,0.7982880168629466,0.006893045139044713
og,glob_wb_food_idx_eur__dyoy,rt_h1,0,commodities,101,-0.07428118322223747,-0.20671331875989182,0.8362337551892287,0.07805985226200918,False,1.0,1.0,0.7102615096822911,1.8289751803244727e-05
og,glob_wb_food_idx_nok__yoy,rt_h1,0,commodities,102,1.4434408979398508,4.40486046264016,1.05851991420991e-05,0.4010452666026925,False,0.000387830235037244,0.0008058443781136718,0.7834343195349945,5.394509186492416e-06
og,glob_wb_food_idx_nok__dyoy,rt_h1,0,commodities,102,0.4290531194589884,1.3842781379341915,0.1662733055121428,0.15485123522925762,False,1.0,1.0,0.6780888483823206,0.001419016038110297
og,us_ppi_corrugated_boxes_idx__yoy,rt_h1,1,packaging_freight,102,0.7146297802179998,1.501186459189887,0.1333073412443455,0.1620175204739592,False,1.0,1.0,0.8344126236616143,0.023510931316145733
og,us_ppi_corrugated_boxes_idx__dyoy,rt_h1,1,packaging_freight,102,-0.11159688678260773,-0.22278780997946185,0.8237006558169144,-0.10533486617721798,False,1.0,1.0,0.7997913269872224,0.005483384912244974
og,us_ppi_plastic_resins_idx__yoy,rt_h1,1,packaging_freight,102,0.5816384464111841,1.358949975855624,0.17416244089943778,0.03463747953527169,False,1.0,1.0,0.819783321280979,0.017919533311986053
og,us_ppi_plastic_resins_idx__dyoy,rt_h1,1,packaging_freight,102,-0.31141389599045777,-0.637152562721298,0.5240254734892613,-0.09999183359717964,False,1.0,1.0,0.7637291520537985,0.0012925906697761735
og,w_food_cpi_yoy,rt_h1,1,consumer_prices,102,1.1911188264867167,4.42671771159184,9.567781059205416e-06,0.3391142455220523,False,0.00035843073673799225,0.0007388946067118124,0.8908349436122175,0.09030722277739589
og,w_food_cpi_dyoy,rt_h1,1,consumer_prices,102,0.9524815327259957,3.226438178546774,0.001253413060888331,0.2943703273787937,False,0.02563838319430134,0.04759797223042574,0.8151585263488269,0.0008005311249592261
og,w_cpi_yoy,rt_h1,1,consumer_prices,102,1.8706912633060568,5.550670068819137,2.8457671330528456e-08,0.5026419071838932,False,1.608167830789383e-06,4.968738429666229e-06,0.930137836130678,0.10496355561166787
og,w_cpi_dyoy,rt_h1,1,consumer_prices,102,1.196229506862394,4.097441552543126,4.177415977157928e-05,0.37985630085174027,False,0.001326485317266428,0.002590851744328643,0.8412433062602631,4.718251085151302e-06
og,w_food_cpi_rel_yoy,rt_h1,1,consumer_prices,102,0.18992139894156332,0.3862852922890749,0.6992853918611721,0.07940604859683674,False,1.0,1.0,0.785567485121036,0.04073879536360684
og,w_food_cpi_rel_dyoy,rt_h1,1,consumer_prices,102,0.5653840396460111,1.5203825668248299,0.1284148533483771,0.14146553612824378,False,1.0,1.0,0.7269727162382932,0.0019947412057104976
og,w_food_cpi_xvat_yoy,rt_h1,1,consumer_prices,102,1.2556562127240198,4.856237389284564,1.1963726462838054e-06,0.3529154946854054,False,5.180357985824657e-05,0.0001239850665486262,0.9021766716432724,0.06120976908576375
og,w_food_cpi_xvat_dyoy,rt_h1,1,consumer_prices,102,1.0015152495864916,3.3801858056532597,0.0007243684226145852,0.307726865396784,False,0.015785273167942888,0.029309175803571452,0.8366397634201136,0.0007233493085957974
og,w_wage_yoy,rt_h1,1,wages_income,102,0.027263203476641334,0.0668402752877913,0.946708860041019,0.06781741713067486,False,1.0,1.0,0.591004231601322,0.01745596331654198
og,w_wage_dyoy,rt_h1,1,wages_income,102,0.1827244501354789,0.6410898694916414,0.5214642956924169,0.029480876228411387,False,1.0,1.0,0.18963920967705197,0.0018524942964857358
og,w_real_wage_yoy,rt_h1,1,wages_income,102,-1.2439439587346102,-3.5666959834825795,0.0003615104690233295,-0.37262722255279024,False,0.008928348483415487,0.016735011172202253,0.7800508811001822,0.12857335248705867
og,w_real_wage_dyoy,rt_h1,1,wages_income,102,-0.8845227909825603,-2.42551613935161,0.015286636028675415,-0.26365416783476275,False,0.22652358694653607,0.3557173435515049,0.4339413845000605,0.0009211343581796293
og,w_cons_conf_z,rt_h1,0,consumer_survey,102,-2.0071946884226928,-3.9721184152692994,7.123629076555282e-05,-0.45021805484415456,False,0.002030015990979791,0.004015050764903561,0.9196193549253993,0.27930363673706804
og,w_cons_conf_z_d4,rt_h1,0,consumer_survey,102,-1.2227544762194564,-4.8090474359407525,1.516512193822095e-06,-0.41138042819625514,False,6.3203327369063e-05,0.00014853768856755727,0.8190544204437535,0.0007175507571341457
og,w_retail_food_vol_yoy,rt_h1,1,activity_retail,100,-1.7857560765700164,-3.9048146087233384,9.429764591639689e-05,-0.3758853180748612,False,0.0025770630444379044,0.0051001036743403075,0.9006239242280772,0.2187413540116332
og,w_retail_food_vol_dyoy,rt_h1,1,activity_retail,96,-1.321251580285041,-4.021656552214174,5.779027921670732e-05,-0.3574065329609819,False,0.0017279479308219194,0.0034254694981952615,0.8063637188667122,7.567809332114117e-05
og,w_retail_total_vol_yoy,rt_h1,1,activity_retail,100,-0.807047569775382,-1.7100383631726792,0.08725877922934844,-0.20909413347129024,False,1.0,1.0,0.8785943023947932,0.16448863960396187
og,w_retail_total_vol_dyoy,rt_h1,1,activity_retail,96,-1.1536838040959576,-4.053034889028674,5.055745911786147e-05,-0.3081354699845743,False,0.0015607937117969358,0.0030416453922826573,0.7449291285850582,0.0007496185894658731
og,w_gdp_vol_yoy,rt_h1,1,activity_retail,102,0.7614226089465225,2.993241082292028,0.002760316103655791,0.17079059140270675,False,0.05141499654306847,0.09315077428983659,0.7249143393476877,0.019534835301906663
og,w_gdp_vol_dyoy,rt_h1,1,activity_retail,102,0.0342535775435704,0.08385704593400989,0.9331700915963772,-0.004491366230487465,False,1.0,1.0,0.6460063708208502,0.0014347308647274504
og,w_hh_real_inc_yoy,rt_h1,1,wages_income,72,-0.4331024173986622,-0.9385902854279886,0.34794114239442764,-0.27447481155938563,False,1.0,1.0,0.5532200958048807,0.1564746407341296
og,w_hh_real_inc_dyoy,rt_h1,1,wages_income,68,-0.5558934514832831,-1.2149596023313785,0.2243814994729243,-0.1326654038786489,False,1.0,1.0,0.40543491881116855,0.001145659117305314
og,w_food_ppi_yoy,rt_h1,1,producer_prices_input_costs,100,1.6340104564442155,5.652317377510401,1.5829894950414314e-08,0.4437561971385378,False,9.42484092158231e-07,2.956747133231511e-06,0.911399902182867,0.059200617826933935
og,w_food_ppi_dyoy,rt_h1,1,producer_prices_input_costs,96,0.9869286462572089,2.6750403890306766,0.007472024783819142,0.32982320058936393,False,0.12456393834361078,0.20138478088122144,0.8536413914518619,7.050327396571876e-05
og,w_unemp_lvl,rt_h1,1,labour_market,102,-1.1068059410675803,-3.3624978979294777,0.0007724071418246936,-0.44806603468180584,False,0.0164032782191092,0.03086418620548744,0.9346233269964845,0.003547076966876368
og,w_unemp_d4,rt_h1,1,labour_market,102,-1.2641919482542994,-3.2220013547624515,0.0012729853322384077,-0.34586346423108194,False,0.025879958427856592,0.04811373505542801,0.8863829983399929,5.939425517906081e-08
og,w_policy_rate_lvl,rt_h1,0,rates,102,1.4839039903383566,2.574762914801932,0.01003088180284406,0.09069808372352867,False,0.16156704812612074,0.2569840534313821,0.9776512925040991,0.16259515925490403
og,w_policy_rate_d4,rt_h1,0,rates,102,0.9579951516384881,2.5263454014095053,0.011525610332492331,0.3649301026181375,False,0.18126422327180566,0.2883789174903857,0.9049871240436747,0.054587467460304594
og,w_gov10y_lvl,rt_h1,0,rates,102,1.543607332246275,1.3876121321675947,0.16525518512477344,-0.150958430393518,False,1.0,1.0,0.9833076134644816,0.4379741842407668
og,w_gov10y_d4,rt_h1,0,rates,102,0.8278500692600661,1.4641451149175668,0.14315430273041785,0.2612336132073177,False,1.0,1.0,0.8375133486644528,0.12983879426860775
og,w_fx_vs_eur_yoy,rt_h1,0,fx,102,0.3617839809591095,0.971883594291455,0.3311084623067506,0.13763720864457413,False,1.0,1.0,0.8255204657320352,0.005625234730305131
og,w_fx_vs_eur_dyoy,rt_h1,0,fx,102,0.8691539859178639,2.892384296601635,0.0038232997616343134,0.12975861336174452,False,0.06927946887631471,0.12083041636623688,0.7637340340970555,0.004705027460282979
og,w_fx_vs_usd_yoy,rt_h1,0,fx,102,0.6775822921119884,1.7023093092550354,0.08869740062155063,0.24685692612543592,False,1.0,1.0,0.7866814195934706,0.04407161891098799
og,w_fx_vs_usd_dyoy,rt_h1,0,fx,102,0.7931145280218641,2.4007724580687406,0.01636050623187546,0.17424394855907147,False,0.24030062659405615,0.37651637677307875,0.7029248394697424,0.00020781387221498613
og,w_fx_vs_nok_yoy,rt_h1,0,fx,102,0.24908816013085172,0.615793660281141,0.5380307121309111,0.021140359594240325,False,1.0,1.0,0.7331451900180997,0.061604764358906584
og,w_fx_vs_nok_dyoy,rt_h1,0,fx,102,-0.2651254074630954,-0.7578431087877092,0.44854491169336774,-0.010297876859970578,False,1.0,1.0,0.6716789508328556,0.000621891597040753
og,w_ec_food_ind_sell_price_exp_lvl,rt_h1,1,price_expectations,102,1.6558742489827452,6.1607880851490915,7.238381005691963e-10,0.48240795361969196,False,5.484951422666486e-08,2.0046938060676927e-07,0.8401062271169176,0.09385592693929774
og,w_ec_food_ind_sell_price_exp_d4,rt_h1,1,price_expectations,102,0.6147042437556804,1.6211216416847511,0.1049915534675605,0.23430609646749465,False,1.0,1.0,0.784419280067056,4.5544141575859685e-06
og,w_ec_food_retail_sell_price_exp_lvl,rt_h1,0,price_expectations,63,1.5663177539818514,4.976519624039016,6.473771585469024e-07,0.49764101682932305,False,2.8779293715022972e-05,7.375184041872526e-05,0.8631622264562294,0.07216875821157197
og,w_ec_food_retail_sell_price_exp_d4,rt_h1,0,price_expectations,59,0.7895434593785571,1.3506322931218813,0.17681325087672217,0.2189373501821786,False,1.0,1.0,0.808353484044957,0.00018611426295658514
og,w_ec_cons_price_exp_lvl,rt_h1,0,price_expectations,102,0.8228462490401823,2.1801977964676635,0.029242802887225583,0.23451753894266894,False,0.40794829161604157,0.5886412711760215,0.8608525901254508,0.0032465212316351295
og,w_ec_cons_price_exp_d4,rt_h1,0,price_expectations,102,-0.34274479345869463,-0.8817539336120704,0.37790988807778825,-0.001227233664950403,False,1.0,1.0,0.8269008676275778,0.0004758015262790783
og,w_hh_saving_lvl,rt_h1,1,wages_income,102,-1.5114754772925814,-1.457811463088218,0.1448925177592082,0.18371685334996882,False,1.0,1.0,0.937254654568618,0.8474339680158866
og,w_hh_saving_d4,rt_h1,1,wages_income,102,-0.6647929376032191,-1.9187888880873782,0.05501105670006656,-0.15975659772092035,False,0.7027381043945405,0.9471123532249504,0.4116788689409261,0.014319155419692711
og,nw_food_cpi_yoy,rt_h1,0,consumer_prices,102,1.3002070816319005,3.439537094331364,0.0005827099239015254,0.35435942220036976,False,0.013127279189774424,0.024632212393444788,0.8712535268997397,0.13737052290782398
og,nw_food_cpi_dyoy,rt_h1,0,consumer_prices,102,0.9958914457501156,3.307600002712358,0.0009409910828013235,0.2829233928796056,False,0.019486940301598737,0.0367079138204614,0.7706215154871803,0.0008502456109153745
og,nw_food_cpi_xvat_yoy,rt_h1,0,consumer_prices,102,1.4050603115667812,4.236569516279874,2.2696067530025843e-05,0.3902945105584548,False,0.0007882489570114992,0.001564693566119239,0.898214540320495,0.088890490355048
og,nw_food_cpi_xvat_dyoy,rt_h1,0,consumer_prices,102,1.052031852874833,3.5498696815706063,0.00038542189411638894,0.3101668308798724,False,0.009379935176506924,0.01758848046383687,0.8174534723630721,0.00047168361430462933
og,nw_real_wage_yoy,rt_h1,1,wages_income,102,-0.9751571849536308,-2.4258527142193493,0.015272467023920822,-0.37242855624110993,False,0.22652358694653607,0.3557173435515049,0.6660451678611793,0.1536326860082853
og,nw_real_wage_dyoy,rt_h1,1,wages_income,102,-0.734373821841181,-1.9937073402755217,0.04618404674625909,-0.2137048887109657,False,0.6038593934777062,0.8242976798812033,0.24027514566710415,0.0014173803613945686
og,nw_cons_conf_z,rt_h1,0,consumer_survey,102,-1.8808368753716878,-4.011984451117302,6.021046671045305e-05,-0.48226431609601045,False,0.0017765505642720314,0.003517012424658593,0.9292296405833603,0.34503672422778825
og,nw_cons_conf_z_d4,rt_h1,0,consumer_survey,102,-1.286227020945306,-5.6332184757065855,1.768771507038025e-08,-0.41989309888567705,False,1.0346200747317278e-06,3.2657811939988988e-06,0.8347704608974341,9.570605228021588e-06
og,nw_retail_food_vol_yoy,rt_h1,1,activity_retail,100,-1.7469198851448262,-4.732502517667691,2.2176855298816633e-06,-0.42115908335813884,False,8.908526848582551e-05,0.0002051287191470395,0.8754933561399922,0.14031795743333142
og,nw_retail_food_vol_dyoy,rt_h1,1,activity_retail,96,-1.290137890995266,-4.04876043510584,5.1489616214484e-05,-0.34079022684338517,False,0.0015748884266247292,0.003086167287511182,0.7850295410432014,0.0002857141587373619
og,nw_food_ppi_yoy,rt_h1,1,producer_prices_input_costs,100,1.6839438471999053,5.858556310883225,4.669082898089982e-09,0.46436988996524337,False,3.1134765799939857e-07,1.0416784775308596e-06,0.9141532488086936,0.11736504240776163
og,nw_food_ppi_dyoy,rt_h1,1,producer_prices_input_costs,96,1.05185694072059,3.0096101089682037,0.002615832437701915,0.34408797412612785,False,0.04993302486794007,0.08919376690858559,0.8448805687160931,2.6822279228724996e-05
og,fao_ffpi_sek_yoy,rt_h1,0,commodities,102,1.0205367747661382,2.8610897863720584,0.004221874675380377,0.3542889024916652,False,0.07447792286019739,0.13092126121574235,0.8202007901338265,0.000303221123586656
og,fao_ffpi_sek_dyoy,rt_h1,0,commodities,102,0.21528191552263692,0.49978653915974275,0.6172253897930924,0.0854192164432578,False,1.0,1.0,0.7631842399585946,0.001180210088537242
og,wb_food_sek_yoy,rt_h1,0,commodities,102,1.533959616128282,5.03500481311334,4.778368269953148e-07,0.44656844457438943,False,2.212743859716049e-05,5.728084583494149e-05,0.7905817554024996,0.00974919701012821
og,wb_food_sek_dyoy,rt_h1,0,commodities,102,0.5666511804301548,1.576872046451981,0.11482496972975231,0.21395760848199644,False,1.0,1.0,0.6848977309115938,0.001839002840775327
og,fao_ffpi_wloc_yoy,rt_h1,0,commodities,102,0.8418954129918609,2.1881477883327545,0.028658838869290104,0.2842731669278697,False,0.4014816094505299,0.5782196586382993,0.8297098934910314,0.0002836112052225468
og,fao_ffpi_wloc_dyoy,rt_h1,0,commodities,102,-0.030182678471605766,-0.07396444284622403,0.9410386782312394,0.018296924554573508,False,1.0,1.0,0.7776511237308878,0.00046317325270297534
og,wb_food_wloc_yoy,rt_h1,0,commodities,102,1.4449869045331691,4.77605505158231,1.7876747175904484e-06,0.3899331047999329,False,7.358469634715185e-05,0.0001719517617527695,0.7922666182409742,0.004941511167170695
og,wb_food_wloc_dyoy,rt_h1,0,commodities,102,0.3113018352988479,0.9255903549949868,0.3546589076437714,0.14901667813945488,False,1.0,1.0,0.6899206606602513,0.00088830961376155
og,eu_agri_basket_yoy,rt_h1,1,commodities,100,0.8848911161860725,1.8329867593270397,0.06680454017132775,0.21752352558173063,False,0.8405124057368558,1.0,0.8520075597572352,0.012727536257067311
og,eu_agri_basket_dyoy,rt_h1,1,commodities,96,0.23358424720817966,0.5820409144190273,0.5605391222025666,0.05168185227913492,False,1.0,1.0,0.8007678650626083,0.0025138770027193897
og,eu_agri_basket_wloc_yoy,rt_h1,1,commodities,100,0.9474655602694224,1.9349556892706181,0.0529957334355986,0.2610109201462126,False,0.6823651639485855,0.9245013742025985,0.8543614714703142,0.02162078948605185
og,eu_agri_basket_wloc_dyoy,rt_h1,1,commodities,96,0.40790970950521904,1.0616634879532758,0.28838848051705,0.07257970140593324,False,1.0,1.0,0.8060929036757796,0.003465061441262764
og,elec_nordic_loc_yoy,rt_h1,0,energy,102,0.4887931631967074,1.3928321794792593,0.16367054496906874,0.15252473546501952,False,1.0,1.0,0.7240900987674318,0.0008895507454325807
og,elec_nordic_loc_dyoy,rt_h1,0,energy,99,-0.13294569556113942,-0.315364547399211,0.7524848815249539,-0.040996359071245256,False,1.0,1.0,0.6741014457471726,0.002315610875117909
og,natgas_eu_eur_yoy,rt_h1,0,energy,91,0.7376164389231691,1.8192476613485709,0.06887365441104243,0.21268096840968947,False,0.856845175766222,1.0,0.848374982064032,0.0012084228215865007
og,natgas_eu_eur_dyoy,rt_h1,0,energy,79,-0.1199750133093169,-0.22720870053391468,0.820261462560131,-0.013208976063698506,False,1.0,1.0,0.8198488945961931,0.0005118304398019869
og,brent_nok_yoy,rt_h1,0,energy,102,0.5596296522509162,1.3096220255553592,0.19032373355496546,0.09665497656299123,False,1.0,1.0,0.7581643138081795,0.000961845434639735
og,brent_nok_dyoy,rt_h1,0,energy,102,-0.10297509590291695,-0.21962532504729776,0.8261629663932228,-0.04112746079914899,False,1.0,1.0,0.7101581616707573,0.006024234182274048
og,packaging_eu_yoy,rt_h1,1,packaging_freight,100,1.492121510161474,6.320944125618932,2.599700454908316e-10,0.48563628083634314,False,2.1140900211191656e-08,8.030721578227781e-08,0.9125490886352845,0.01716375249062556
og,packaging_eu_dyoy,rt_h1,1,packaging_freight,96,0.5816746845245788,1.3184851053919826,0.18734130787755698,0.18395937497084264,False,1.0,1.0,0.8739439511245172,9.134842719830694e-05
og,packaging_us_yoy,rt_h1,1,packaging_freight,102,0.6930580941115617,1.6143858640960356,0.10644375595382916,0.0887960868726752,False,1.0,1.0,0.8417701791287963,0.0017183456676223932
og,packaging_us_dyoy,rt_h1,1,packaging_freight,102,-0.278074825079979,-0.536534852978332,0.5915889549484667,-0.11673830836625258,False,1.0,1.0,0.7970521691922231,0.003211258274410453
og,price_cost_gap_ppi,rt_h1,1,other,100,-1.3140827119721894,-4.575538101075953,4.749975059947786e-06,-0.3420840620947446,False,0.0001863186918954846,0.0003973971090859238,0.8363264015679872,9.288191180426028e-05
og,price_cost_gap_ppi_d4,rt_h1,1,other,96,-0.4421115482004972,-1.0703518345870193,0.2844609707824308,-0.18264442391449184,False,1.0,1.0,0.7678522686335879,0.003757067189342778
og,price_cost_gap_fao_nok,rt_h1,1,other,102,-0.823991245063265,-2.203447640921051,0.027563213502017847,-0.2779514897181917,False,0.3910623535349248,0.5640203778797487,0.8168805626536505,0.00010045364394960964
og,price_cost_gap_fao_nok_d4,rt_h1,1,other,102,0.01533546612367106,0.04525751842032012,0.9639020481086746,-0.026190557094267947,False,1.0,1.0,0.7654992604890926,0.0004670394610574856
og,price_cost_gap_agri,rt_h1,1,other,100,-0.6162195430987762,-1.3698836421095424,0.17072322674731044,-0.12087231021892997,False,1.0,1.0,0.8347223258072484,0.0006751476525595488
og,price_cost_gap_agri_d4,rt_h1,1,other,96,0.04256452624536535,0.11188027237117777,0.910918338752509,0.027660161296032514,False,1.0,1.0,0.7903738527245757,0.0018406820079126798
og,price_cost_gap_fao_wloc,rt_h1,1,other,102,-0.9375755860631927,-2.498947644043529,0.012456271239603467,-0.29293070145443634,False,0.19316730444212882,0.3040862380101041,0.8256738129726776,0.0036985893037951726
og,price_cost_gap_fao_wloc_d4,rt_h1,1,other,102,-0.03015740173689705,-0.07879969504246472,0.937191946615606,-0.05805070015627319,False,1.0,1.0,0.7793081706086243,0.00021602018814617516
og,nw_price_cost_gap_ppi,rt_h1,1,other,100,-1.321249083501766,-4.328739577715974,1.499651368597199e-05,-0.38074020105305467,False,0.000537639764837333,0.0010851054295374846,0.8203405786102836,0.0024372336623516835
og,nw_price_cost_gap_ppi_d4,rt_h1,1,other,96,-0.4778179267952428,-1.2045286660052992,0.22838530924491085,-0.1848518155533879,False,1.0,1.0,0.7489032059261054,0.0034865763964011818
og,price_wage_gap,rt_h1,1,other,102,1.0027137954257583,3.31224779496343,0.0009254953125255039,0.29275420830297394,False,0.019285826864556283,0.03625976370323189,0.8277904424769448,0.12158190626891034
og,price_wage_gap_d4,rt_h1,1,other,102,0.8163549735975253,2.751755293713003,0.0059276796653262576,0.24789746872975954,False,0.09931518879861655,0.16822978804548952,0.6479439255374921,0.002171887308691225
d_og,no_cpi_food_idx__yoy,coincident,0,consumer_prices,98,-0.22746901503467262,-0.4128184132087632,0.679739659795447,-0.10656103343287171,True,1.0,1.0,0.8086304714796214,0.17662156788440392
d_og,no_cpi_food_idx__dyoy,coincident,0,consumer_prices,98,0.6153373239514303,1.6563361461010462,0.09765376436556461,0.057965867448476684,True,1.0,1.0,0.6699342292282324,0.0006540771685229985
d_og,no_cpi_total_idx__yoy,coincident,0,consumer_prices,98,0.13348210241195652,0.17128588891996416,0.8639989755050383,0.0233417076506463,True,1.0,1.0,0.8090396366955549,0.20592457859617563
d_og,no_cpi_total_idx__dyoy,coincident,0,consumer_prices,98,0.26263461231849516,0.42162701559091653,0.6732972841065625,0.11567587044087353,True,1.0,1.0,0.6259308367722662,0.003104031584741151
d_og,no_fx_eurnok__yoy,coincident,0,fx,98,0.05778147197651439,0.1128314673246536,0.9101641703192689,0.0275497987921393,True,1.0,1.0,0.7839904584261776,0.03237143604177326
d_og,no_fx_eurnok__dyoy,coincident,0,fx,98,1.0307755961087577,2.768810949449494,0.005626127035729622,0.169231807703228,True,0.11232517032529371,0.16254340206383516,0.7200174971863504,0.0027538245151602207
d_og,no_govbond_10y__lvl,coincident,0,rates,98,-0.5563144050001384,-0.4519674633800507,0.651292422118541,-0.13575254897294708,True,1.0,1.0,0.9788487165261812,0.38762469291115537
d_og,no_govbond_10y__d4,coincident,0,rates,98,0.431068819683024,0.6338505309363983,0.5261783723470059,-0.06973718046815022,True,1.0,1.0,0.8219992864791176,0.13308790814684354
d_og,no_imp_price_food_idx__yoy,coincident,0,producer_prices_input_costs,98,0.5187851630141955,0.9343378246561042,0.35012965888338443,0.1351761727302768,True,1.0,1.0,0.7881353506062018,0.25852885083551846
d_og,no_imp_price_food_idx__dyoy,coincident,0,producer_prices_input_costs,94,1.0786956453282963,2.9181138312302983,0.0035215576781824076,0.31814039935687155,True,0.07553245287314951,0.1129098116338979,0.5622787312608253,0.023930043762385392
d_og,no_jordbruk_malpris_mnok__lvl,coincident,0,tax_policy,98,0.6314386142525937,1.1208774543343902,0.262340028913707,-0.0063790252967144525,True,1.0,1.0,0.81194811973535,0.13549493051148842
d_og,no_jordbruk_malpris_mnok__d4,coincident,0,tax_policy,94,0.9428566479921219,3.237994970487209,0.0012037293158684292,0.1891328953925074,True,0.029950774822393444,0.045819567914658535,0.7290037795166293,0.03153823065733642
d_og,no_policy_rate__lvl,coincident,0,rates,98,-0.3487468445098081,-0.5767069669790591,0.5641374252196474,-0.05143052216248218,True,1.0,1.0,0.9751161949215335,0.15277240043405427
d_og,no_policy_rate__d4,coincident,0,rates,98,0.76981721924968,1.1808891248405171,0.23764677212109397,0.18119277168763095,True,1.0,1.0,0.8957202641297115,0.0668626401533941
d_og,no_ppi_food_dom_idx__yoy,coincident,0,producer_prices_input_costs,98,1.2690658133742996,3.3941573404142797,0.0006884012913359605,0.24905570808388156,True,0.01807265583367286,0.028281309966856835,0.9085326334719793,0.09655659875218935
d_og,no_ppi_food_dom_idx__dyoy,coincident,0,producer_prices_input_costs,98,1.596371972911498,4.794473960955631,1.631022471304533e-06,0.4264625057266267,True,0.00010876119307986443,0.00015878541306505465,0.8324503055713375,0.00048132184664365053
d_og,no_qna_hh_food_cons_sa_mnok__yoy,coincident,1,activity_retail,98,-1.538526016697746,-2.9082852730447737,0.0036341665489072472,-0.159299226414202,False,0.07668876826607526,0.11559739604723031,0.8406391125928379,0.05541885594341623
d_og,no_qna_hh_food_cons_sa_mnok__dyoy,coincident,1,activity_retail,98,-1.2584222198658976,-3.609173595558822,0.0003071740085505148,-0.26298487445925167,False,0.009063376984675972,0.014641621210588887,0.7400574185732854,5.913374405594929e-05
d_og,no_retail_foodstores_vol_sa_idx__yoy,coincident,1,activity_retail,98,-1.31196413652249,-3.818612203191377,0.00013420454077439636,-0.2219224630954901,False,0.004474569243575233,0.007044990091978654,0.8568518438985309,0.04790690063553137
d_og,no_retail_foodstores_vol_sa_idx__dyoy,coincident,1,activity_retail,98,-0.8516344563035301,-1.9214145534277507,0.05467946522447509,-0.20627564348441496,False,0.7121448138997819,0.9434289096535404,0.8070661256503784,1.4102196993940877e-05
d_og,no_vat_food_rate__lvl,coincident,0,tax_policy,98,0.51559933857297,0.6682105718951286,0.5039991880528081,0.08214072720805321,True,1.0,1.0,0.7552630152846657,0.12730151810399776
d_og,no_vat_food_rate__d4,coincident,0,tax_policy,98,0.09487679243518216,0.4079423005770387,0.6833160362182125,0.013621996652041767,True,1.0,1.0,0.7240734491610796,0.0696187785139645
d_og,se_cpi_idx__yoy,coincident,0,consumer_prices,98,1.0534781610540578,1.955527838634058,0.050520800828780965,0.17064285795272893,True,0.671089629292284,0.8869185430291332,0.9395911545166841,0.06851278561262832
d_og,se_cpi_idx__dyoy,coincident,0,consumer_prices,98,1.2490014698658036,4.267441504907372,1.9772759438430043e-05,0.3597471184796918,True,0.0008240647143279281,0.0013749594985022408,0.8753415147178213,0.004221836181208122
d_og,se_cpi_food_idx__yoy,coincident,0,consumer_prices,98,0.73252982654538,1.6737120864540767,0.09418719725208913,0.1572377470466508,True,1.0,1.0,0.874019048207315,0.05233524666667634
d_og,se_cpi_food_idx__dyoy,coincident,0,consumer_prices,98,1.248385242039081,5.506869651498109,3.652705116152788e-08,0.3760800591426207,True,7.7338836081448e-06,6.146055252635104e-06,0.8102101307333693,0.00464279359956733
d_og,se_ppi_food_hmpi_idx__yoy,coincident,1,producer_prices_input_costs,98,1.6381815068059498,4.393734074893524,1.114200977614388e-05,0.319871995638861,False,0.0005307005258888217,0.0008442329084398009,0.8872702297888111,0.1021002446045647
d_og,se_ppi_food_hmpi_idx__dyoy,coincident,1,producer_prices_input_costs,98,1.3100130638199337,4.5241957275402385,6.0625601268071705e-06,0.40937533993392394,False,0.00032602311468609227,0.0004918418409837818,0.814502114563115,8.659467014354766e-05
d_og,se_retail_grocery_vol_sa_idx__yoy,coincident,1,activity_retail,98,0.5859459278157679,0.6269253310521797,0.5307081818541621,0.07589489909554929,False,1.0,1.0,0.7172047969097449,0.16663102168789148
d_og,se_retail_grocery_vol_sa_idx__dyoy,coincident,1,activity_retail,98,0.2910173168212564,0.3528805758349742,0.7241779734921621,0.01963754892889337,False,1.0,1.0,0.5368579295538688,0.0011207357652802277
d_og,se_na_hhcons_food_sa__yoy,coincident,1,activity_retail,98,-0.5510933117455225,-0.9007086051110915,0.3677432722097167,-0.02519294798721428,False,1.0,1.0,0.5512070035688645,0.032319619008240666
d_og,se_na_hhcons_food_sa__dyoy,coincident,1,activity_retail,98,-0.06345173293579605,-0.08994005072891306,0.9283348542257133,-0.020220371024218354,False,1.0,1.0,0.4452282684171213,0.001636286051063472
d_og,se_policy_rate__lvl,coincident,0,rates,98,0.3194761583881443,0.3121811471674097,0.7549028590266962,-0.0595284559055207,True,1.0,1.0,0.9727778999989105,0.17137031674507533
d_og,se_policy_rate__d4,coincident,0,rates,98,0.8795826662928001,2.150116325159612,0.03154601460292694,0.21189983050464456,True,0.4674616683695588,0.6248247852997658,0.897829766877159,0.019342387276120896
d_og,se_gov_bond_10y__lvl,coincident,0,rates,98,-0.7556373548412219,-0.5665464818820661,0.5710223443211917,-0.1224203790315815,True,1.0,1.0,0.9823166834171976,0.5516050467879952
d_og,se_gov_bond_10y__d4,coincident,0,rates,98,0.8135790448947764,1.3598827433911356,0.1738670326575691,-0.017735998068202967,True,1.0,1.0,0.7986583383382068,0.09415625178944227
d_og,se_eursek__yoy,coincident,0,fx,98,-0.0927385706019567,-0.15902564315467002,0.8736486705956581,0.014656016054674953,True,1.0,1.0,0.831644577743686,0.000907296091121031
d_og,se_eursek__dyoy,coincident,0,fx,98,0.9831615968182176,1.8669936355725798,0.0619024766314864,0.14695541575642987,True,0.7788362800067761,1.0,0.7684654551716504,0.007492274315341706
d_og,se_food_vat_rate__lvl,coincident,0,tax_policy,98,-0.054104946336176046,-0.4335713863503773,0.6645997169214137,0.05102439617217792,True,1.0,1.0,,0.029126213592233014
d_og,se_food_vat_rate__d4,coincident,0,tax_policy,98,-0.05410494633617628,-0.4335713863503793,0.6645997169214124,0.051024396172177924,True,1.0,1.0,,0.029126213592233014
d_og,ea_negotiated_wages_yoy_q__lvl,coincident,1,wages_income,98,0.2872832094329035,0.3611657618350379,0.7179755352410191,-0.06329864152114108,False,1.0,1.0,0.8180014906887084,0.03689896900554964
d_og,ea_negotiated_wages_yoy_q__d4,coincident,1,wages_income,98,1.0319827287149146,2.1471524786994873,0.03178114453364311,0.3061812938246087,False,0.46886208776598454,0.6279334096396861,0.5100493568395038,1.5163243369684762e-05
d_og,no_earn_idx_food_manuf_q__yoy,coincident,1,wages_income,98,-1.0272093415032697,-2.1511422186711697,0.03146497605805032,-0.24378464422056212,False,0.4674616683695588,0.6247603892736657,0.2742757027484257,0.02125687124688528
d_og,no_earn_idx_food_manuf_q__dyoy,coincident,1,wages_income,98,-0.5137939105507522,-1.3805348054687832,0.16742204081548495,-0.14010343294953942,False,1.0,1.0,0.14145297895820255,0.0011894000169557573
d_og,no_real_wage_qna_yoy_q__lvl,coincident,1,wages_income,94,0.001672544513102981,0.0029217597594716027,0.9976687763143615,-0.07399753567615663,False,1.0,1.0,0.7472114391859161,0.20769227507440124
d_og,no_real_wage_qna_yoy_q__d4,coincident,1,wages_income,92,-0.428048648531802,-0.9237903619770508,0.3555954741763281,-0.1341512310863033,False,1.0,1.0,0.5637626347341079,0.00030695658598628477
d_og,se_real_wage_yoy_q__lvl,coincident,1,wages_income,98,-1.0761877682455618,-2.2203671536177727,0.0263938548214393,-0.2115198294776728,False,0.4040467497386011,0.5463559852944218,0.9327680101118453,0.12768977333870057
d_og,se_real_wage_yoy_q__d4,coincident,1,wages_income,98,-1.0865570573403727,-3.134400117561646,0.0017220586849746589,-0.2996633845452037,False,0.04130638322966135,0.062442290299374516,0.8629711587782746,0.009389269304105255
d_og,se_wage_idx_m__yoy,coincident,1,wages_income,98,-1.0520593056046394,-1.5841958905325462,0.11314914818341926,-0.12332132487505208,False,1.0,1.0,0.8925233369699556,0.08502407436310853
d_og,se_wage_idx_m__dyoy,coincident,1,wages_income,98,0.8562786501546509,1.8318330607630815,0.0669762960128164,0.23598741162530332,False,0.8240164051418748,1.0,0.6657173770090662,0.01401534997355716
d_og,ea_hicp_food_idx__yoy,coincident,1,consumer_prices,98,1.3593318786727475,3.1313613398636,0.0017399793021821708,0.2033275680809094,False,0.04143812244182592,0.06280853649877953,0.9140298756494311,0.03190237186938041
d_og,ea_hicp_food_idx__dyoy,coincident,1,consumer_prices,98,1.5958978224332503,5.730456007163712,1.0016100393528404e-08,0.4453297145073135,False,3.0359177865797974e-06,2.0366020681116195e-06,0.8394696756513607,0.0012222816581908475
d_og,eu_ppi_dom_c103_idx__yoy,coincident,1,producer_prices_input_costs,98,1.504938954054975,2.3632956019158695,0.018113215350311407,0.18567909342387323,False,0.29749764722628613,0.4048621054199655,0.9281268089320225,0.06092994510231965
d_og,eu_ppi_dom_c103_idx__dyoy,coincident,1,producer_prices_input_costs,98,1.4908166564314802,5.343369182634683,9.123467914484706e-08,0.38971672503711385,False,1.289677751386589e-05,1.3445224368064922e-05,0.8615860411244594,0.001150088472502795
d_og,eu_ppi_dom_c105_idx__yoy,coincident,1,producer_prices_input_costs,98,1.0463737659102978,1.9645643547811822,0.04946468096749679,0.19163933807315128,False,0.6650090481028438,0.8731491244491726,0.8736903037398932,0.018178527468026055
d_og,eu_ppi_dom_c105_idx__dyoy,coincident,1,producer_prices_input_costs,98,0.535337697394443,1.019865054530748,0.3077924649151613,0.10356162363961938,False,1.0,1.0,0.8319145853855229,0.00042915946979024845
d_og,eu_ppi_dom_c106_idx__yoy,coincident,1,producer_prices_input_costs,98,1.7592262320054075,4.831263393057825,1.3566938066311707e-06,0.4359429059088285,False,9.624274633445789e-05,0.0001367423888489311,0.8921253543389699,4.946342824284714e-05
d_og,eu_ppi_dom_c106_idx__dyoy,coincident,1,producer_prices_input_costs,98,1.201139557690017,2.7420950279011973,0.006104867719726181,0.33383058737695165,False,0.11973230947310018,0.17084370001731936,0.8480071854372957,0.0009619821400298912
d_og,eu_ppi_dom_c107_idx__yoy,coincident,1,producer_prices_input_costs,98,1.682193214489216,3.626518901019152,0.00028726780109566974,0.31074528578094207,False,0.008702599648874852,0.013898997256383572,0.9068849034947083,0.01928269012343007
d_og,eu_ppi_dom_c107_idx__dyoy,coincident,1,producer_prices_input_costs,98,1.5012947433033694,5.432658475498628,5.552060744484777e-08,0.4158981133736665,False,9.742818921806233e-06,8.658677956343062e-06,0.8453673233791384,2.5592558783966646e-05
d_og,eu_ppi_dom_c108_idx__yoy,coincident,1,producer_prices_input_costs,98,1.655099397217225,2.8756732792771635,0.0040316678698903985,0.20213625087038947,False,0.08401344389516611,0.12624145323558209,0.93635037995366,0.09843515327506033
d_og,eu_ppi_dom_c108_idx__dyoy,coincident,1,producer_prices_input_costs,98,1.6400673892054167,5.5040631854487065,3.7113643491792914e-08,0.4529503169152503,False,7.7338836081448e-06,6.146055252635104e-06,0.8680085136483179,0.0001463947544077171
d_og,eu_ppi_dom_food_mfg_idx__yoy,coincident,1,producer_prices_input_costs,98,1.6680185458830104,3.9958995439747915,6.444906062208489e-05,0.3424398679111961,False,0.002296211968887502,0.0037395849597246966,0.9077037724577236,0.018873554955382427
d_og,eu_ppi_dom_food_mfg_idx__dyoy,coincident,1,producer_prices_input_costs,98,1.4835220142685315,3.807816689921786,0.00014019913487484104,0.39322800305743394,False,0.0046281559318937454,0.007311882774059022,0.8544556448210283,3.176417776490685e-05
d_og,ea_ec_food_ind_sell_price_exp__lvl,coincident,0,price_expectations,98,1.611096036189383,4.221167861990106,2.430398608588291e-05,0.30155034948713305,True,0.0010004065161058097,0.0016472661142602793,0.8570579654709235,0.05648642597684678
d_og,ea_ec_food_ind_sell_price_exp__d4,coincident,0,price_expectations,98,0.9854191563657321,1.7906884194972297,0.0733433090976574,0.21934876987258817,True,0.8957398100215922,1.0,0.816622100728545,4.48067468246736e-05
d_og,no_fn_cci_sa__lvl,coincident,0,consumer_survey,98,0.006498653668162732,0.008317830925976735,0.9933634076517734,0.014301834395297796,True,1.0,1.0,0.953861827159213,0.43016972733811054
d_og,no_fn_cci_sa__d4,coincident,0,consumer_survey,98,-0.8280653934301705,-2.0666855887782343,0.038763789987332764,-0.23992068529353336,True,0.5523246136175852,0.7291266363949944,0.843137764949903,0.0013309050489748683
d_og,no_nbes_bl_sell_price_di__lvl,coincident,0,price_expectations,98,1.4167616271220966,1.8678047926428045,0.061789285195029464,0.12651681159369946,True,0.7788362800067761,1.0,0.8611891621541462,2.5067060869598952e-05
d_og,no_nbes_bl_sell_price_di__d4,coincident,0,price_expectations,94,0.29637758686026405,0.5874349371892391,0.5569116353741861,0.0541119815461015,True,1.0,1.0,0.7174042885660665,0.011001769614296145
d_og,no_ssb_bts_consgoods_home_price_exp__lvl,coincident,1,price_expectations,98,2.393341987459157,4.941322096179388,7.759459856870876e-07,0.27634616868592016,False,6.633624837088217e-05,8.716257582720461e-05,0.8350925273446356,0.37201003022119006
d_og,no_ssb_bts_consgoods_home_price_exp__d4,coincident,1,price_expectations,98,1.7739899925733447,3.255306055368201,0.0011327022996012737,0.3154561571433152,False,0.02839541132360169,0.04321836064071639,0.5694470013069067,0.006054092595223085
d_og,se_ec_cons_conf__lvl,coincident,0,consumer_survey,98,-1.5164079670426192,-3.772270592027295,0.0001617686798072171,-0.17665952182017755,True,0.005287839836165283,0.00832864689696885,0.877551214731443,0.18660151137343067
d_og,se_ec_cons_conf__d4,coincident,0,consumer_survey,98,-1.5826571138402257,-5.787104403291999,7.161007564704391e-09,-0.42886356376055507,True,2.5635669197006066e-06,1.4938879017766196e-06,0.8192944337002316,0.00048405452140924595
d_og,se_nier_food_mfg_sell_price_exp__lvl,coincident,0,price_expectations,98,1.4175511357780954,2.2502846768004683,0.02443088001150384,0.26242566854774324,True,0.38242258264695306,0.5170492799588161,0.8103195639129432,0.1299782820646935
d_og,se_nier_food_mfg_sell_price_exp__d4,coincident,0,price_expectations,98,1.0100448234301944,1.6488204164733202,0.09918443098816132,0.2644235471216643,True,1.0,1.0,0.7309738360907708,7.183384820895125e-06
d_og,eu_ppi_paper_packaging_idx__yoy,coincident,1,packaging_freight,98,1.5150608525967997,4.707624344325947,2.5062040651668838e-06,0.3680166442545341,False,0.00015474146104824463,0.00022616793386997337,0.9069108962107351,0.014082917704436955
d_og,eu_ppi_paper_packaging_idx__dyoy,coincident,1,packaging_freight,98,0.883077265171424,1.92556180924305,0.05415911123160155,0.21444991523827509,False,0.7107328332878303,0.9374716765284424,0.8675227836576729,1.4646865375468992e-05
d_og,eu_ppi_plastic_products_idx__yoy,coincident,1,packaging_freight,98,1.6124635454995901,5.311343348288428,1.0882008782964192e-07,0.35524024610825783,False,1.3716323352702687e-05,1.5538780661313645e-05,0.9056815498415068,0.01981176046729837
d_og,eu_ppi_plastic_products_idx__dyoy,coincident,1,packaging_freight,98,0.8423909647712542,1.478792968404358,0.13919565573522608,0.1866650316691698,False,1.0,1.0,0.8661503842308345,0.00032109787186052123
d_og,glob_fao_cereals_idx__yoy,coincident,0,commodities,98,1.3575916677900635,2.500422768455812,0.012404517656391167,0.27881014105103,True,0.21653621302220716,0.30347913873867677,0.817713822498277,0.030779088452408516
d_og,glob_fao_cereals_idx__dyoy,coincident,0,commodities,98,0.054959650402609125,0.10544979793685687,0.9160189032522859,0.09713272717549486,True,1.0,1.0,0.7432849982136328,0.0008394949071345538
d_og,glob_fao_dairy_idx__yoy,coincident,0,commodities,98,-0.0619054634459746,-0.10542876957289132,0.9160355884525953,-0.10778695929451368,True,1.0,1.0,0.8484982671185941,0.007314375059597211
d_og,glob_fao_dairy_idx__dyoy,coincident,0,commodities,98,-0.8754791355011264,-1.854210363418479,0.06370907001333315,-0.23634131457458604,True,0.7896470338620755,1.0,0.8246427781731062,7.949944618729302e-05
d_og,glob_fao_ffpi__yoy,coincident,0,commodities,98,0.9513858283056863,1.5896695389642446,0.11190931330810017,0.16788935441177708,True,1.0,1.0,0.839991514765434,0.014834311195618496
d_og,glob_fao_ffpi__dyoy,coincident,0,commodities,98,-0.3223379112021914,-0.5529751074736428,0.5802804555385566,-0.02884415031236863,True,1.0,1.0,0.7935196367385194,0.0006314676790982632
d_og,glob_fao_ffpi_eur__yoy,coincident,0,commodities,98,1.0955991357735735,2.0047765032951,0.044986945564475356,0.2903182848204088,True,0.61221567611147,0.809225670658751,0.8347516090824487,1.5062080420659687e-05
d_og,glob_fao_ffpi_eur__dyoy,coincident,0,commodities,98,0.0400194471734265,0.08018898713775315,0.9360869489462835,0.07614949052479447,True,1.0,1.0,0.7870102518555387,6.542857828203963e-07
d_og,glob_fao_ffpi_nok__yoy,coincident,0,commodities,98,1.3773281123860341,2.3923257810769716,0.016741974356601075,0.3581341492790125,True,0.2813234084260439,0.38309295289328105,0.8228269516137533,0.008468118447810601
d_og,glob_fao_ffpi_nok__dyoy,coincident,0,commodities,98,0.6483778663332992,1.1480354125395775,0.25095394512130453,0.1877823579819923,True,1.0,1.0,0.765250160632876,0.0008131276047214736
d_og,glob_fao_meat_idx__yoy,coincident,0,commodities,98,1.1738291769809632,2.1052191178755835,0.03527223884513453,0.19914343439127247,True,0.506907905783243,0.6769275216920718,0.8034717244531673,0.0005214656695097058
d_og,glob_fao_meat_idx__dyoy,coincident,0,commodities,98,0.3101740917657689,0.5410354042135502,0.5884831801183001,0.08189975382266468,True,1.0,1.0,0.7623302934109546,3.8784398610316866e-05
d_og,glob_fao_sugar_idx__yoy,coincident,0,commodities,98,-0.0625988478571595,-0.13301097137426757,0.8941847036984472,0.00781400895879622,True,1.0,1.0,0.7744108440493735,0.015946312130743892
d_og,glob_fao_sugar_idx__dyoy,coincident,0,commodities,98,-0.013507352814993783,-0.03932299620549277,0.9686328724726301,0.043273533426410535,True,1.0,1.0,0.7035295894141299,0.00010898391950783184
d_og,glob_fao_vegoils_idx__yoy,coincident,0,commodities,98,0.5326036911505838,0.9358565184735763,0.34934706711694385,0.11787455615067827,True,1.0,1.0,0.8209083955038609,0.004847725951699453
d_og,glob_fao_vegoils_idx__dyoy,coincident,0,commodities,98,-0.5882876548620257,-1.0694629963269808,0.2848610941816341,-0.08997079843251457,True,1.0,1.0,0.7840597843503714,0.0020068951089161884
d_og,glob_gscpi__lvl,coincident,0,packaging_freight,98,1.9674751507445263,3.0108004066741554,0.0026056006429562295,0.20771241746180902,True,0.05909823910352323,0.08905218864019275,0.8488242964972464,0.2162242354162769
d_og,glob_gscpi__d4,coincident,0,packaging_freight,98,-0.0410030136729063,-0.09688462280413083,0.9228180205779812,0.07309812794819244,True,1.0,1.0,0.702165969333573,0.00046917027423038215
d_og,glob_wb_food_idx__yoy,coincident,0,commodities,98,1.3638554139310202,2.1267702929175063,0.03343917374208272,0.23230246042155947,True,0.48899533233007203,0.6518729033325945,0.801698214252439,0.03914402496698348
d_og,glob_wb_food_idx__dyoy,coincident,0,commodities,98,0.06703653808369704,0.11311997034283654,0.9099354425685195,0.09450574004507413,True,1.0,1.0,0.7215557173222272,0.0010729570136151039
d_og,glob_wb_food_idx_eur__yoy,coincident,0,commodities,98,1.560732806519886,3.1288067226517766,0.0017551771783204106,0.3659118407135967,True,0.041503610006293316,0.06307366150233976,0.7982880168629466,0.006893045139044713
d_og,glob_wb_food_idx_eur__dyoy,coincident,0,commodities,98,0.5284569155209379,1.1675402121725416,0.24299227887638164,0.2252017572856224,True,1.0,1.0,0.7102615096822911,1.8289751803244727e-05
d_og,glob_wb_food_idx_nok__yoy,coincident,0,commodities,98,1.8393133942203705,4.018493288933665,5.8571477124846894e-05,0.439300250345441,True,0.002122669463288987,0.0034337622099547102,0.7834343195349945,5.394509186492416e-06
d_og,glob_wb_food_idx_nok__dyoy,coincident,0,commodities,98,1.3911125241888957,3.1201797257769215,0.0018074072598082136,0.37343535808993045,True,0.04243768655889054,0.06480561124070323,0.6780888483823206,0.001419016038110297
d_og,us_ppi_corrugated_boxes_idx__yoy,coincident,1,packaging_freight,98,0.692670639149959,1.2541130207657527,0.20980092831040187,0.12325455360858725,False,1.0,1.0,0.8344126236616143,0.023510931316145733
d_og,us_ppi_corrugated_boxes_idx__dyoy,coincident,1,packaging_freight,98,-0.23417507743840416,-0.5124814476571201,0.6083141012357705,-0.058444080939276874,False,1.0,1.0,0.7997913269872224,0.005483384912244974
d_og,us_ppi_plastic_resins_idx__yoy,coincident,1,packaging_freight,98,0.4569686197265861,0.7965678113064427,0.4257020779334568,0.045575143576403465,False,1.0,1.0,0.819783321280979,0.017919533311986053
d_og,us_ppi_plastic_resins_idx__dyoy,coincident,1,packaging_freight,98,-0.9122171423626864,-1.845179282770723,0.0650114631415537,-0.1591919431645039,False,0.8028052409003053,1.0,0.7637291520537985,0.0012925906697761735
d_og,w_food_cpi_yoy,coincident,1,consumer_prices,98,0.9767743346473864,2.3718063534236267,0.017701365329161334,0.1379465577109183,False,0.29217255521552377,0.398796959320043,0.8908349436122175,0.09030722277739589
d_og,w_food_cpi_dyoy,coincident,1,consumer_prices,98,1.2579597737987485,5.408898111256598,6.34136918531425e-08,0.3383484982431351,False,1.0068105692227445e-05,9.609743050613613e-06,0.8151585263488269,0.0008005311249592261
d_og,w_cpi_yoy,coincident,1,consumer_prices,98,1.2205431976148937,2.5448620356441465,0.010932092147363237,0.18572806619362903,False,0.19387841351914406,0.2756756798174591,0.930137836130678,0.10496355561166787
d_og,w_cpi_dyoy,coincident,1,consumer_prices,98,1.2634637615552076,3.910818004857591,9.198406490718014e-05,0.3501902938540771,False,0.0031294682147247135,0.004991780607402568,0.8412433062602631,4.718251085151302e-06
d_og,w_food_cpi_rel_yoy,coincident,1,consumer_prices,98,0.37533965531435115,0.7848604236400806,0.43253540832026083,0.0556690857485481,False,1.0,1.0,0.785567485121036,0.04073879536360684
d_og,w_food_cpi_rel_dyoy,coincident,1,consumer_prices,98,1.0415444431334626,3.8500553229385988,0.0001180911480169744,0.2399467598156911,False,0.003977096903057796,0.006239910546451019,0.7269727162382932,0.0019947412057104976
d_og,w_food_cpi_xvat_yoy,coincident,1,consumer_prices,98,0.9845108405679471,2.4282009336789985,0.015173933896355907,0.13287019095696329,False,0.260783722733336,0.35479382579810015,0.9021766716432724,0.06120976908576375
d_og,w_food_cpi_xvat_dyoy,coincident,1,consumer_prices,98,1.272528663443891,5.505530869362198,3.680574578446283e-08,0.3477375203978061,False,7.7338836081448e-06,6.146055252635104e-06,0.8366397634201136,0.0007233493085957974
d_og,w_wage_yoy,coincident,1,wages_income,98,-0.1963013377366262,-0.319584706803402,0.7492831690615218,-0.03852216180811733,False,1.0,1.0,0.591004231601322,0.01745596331654198
d_og,w_wage_dyoy,coincident,1,wages_income,98,-0.006841005825241138,-0.012913909386817418,0.9896964774662342,-0.03715511384960713,False,1.0,1.0,0.18963920967705197,0.0018524942964857358
d_og,w_real_wage_yoy,coincident,1,wages_income,98,-1.1147269342308037,-2.3859993667547013,0.01703278039008671,-0.18260185874921211,False,0.28394849692222035,0.38753903071760015,0.7800508811001822,0.12857335248705867
d_og,w_real_wage_dyoy,coincident,1,wages_income,98,-1.1106659444816567,-2.7106423017823333,0.006715302635901921,-0.3096108112045462,False,0.12942062992431846,0.18501263877201768,0.4339413845000605,0.0009211343581796293
d_og,w_cons_conf_z,coincident,0,consumer_survey,98,-1.3058181887176654,-1.9477820839701026,0.05144104341163658,-0.08256681988383766,True,0.6806020472495586,0.9001226512527529,0.9196193549253993,0.27930363673706804
d_og,w_cons_conf_z_d4,coincident,0,consumer_survey,98,-1.2439700564999885,-4.535282091782842,5.752654515411848e-06,-0.35941928555104463,True,0.00031442891739270635,0.0004714621409580168,0.8190544204437535,0.0007175507571341457
d_og,w_retail_food_vol_yoy,coincident,1,activity_retail,98,-1.2063788917751959,-2.315969792523368,0.020559918080507833,-0.13326305254478854,False,0.3327654146374656,0.4511748697967526,0.9006239242280772,0.2187413540116332
d_og,w_retail_food_vol_dyoy,coincident,1,activity_retail,98,-0.8232408040262147,-1.5881966270736603,0.11224188359016618,-0.22120757490256734,False,1.0,1.0,0.8063637188667122,7.567809332114117e-05
d_og,w_retail_total_vol_yoy,coincident,1,activity_retail,98,-0.12413637568090788,-0.18596712473042948,0.8524705422411065,0.0606756926854964,False,1.0,1.0,0.8785943023947932,0.16448863960396187
d_og,w_retail_total_vol_dyoy,coincident,1,activity_retail,98,-0.8447670457786703,-2.344339407597229,0.01906081702329332,-0.18477972539983634,False,0.311526766756525,0.42407133513699996,0.7449291285850582,0.0007496185894658731
d_og,w_gdp_vol_yoy,coincident,1,activity_retail,98,1.2965345419766658,3.617980223881054,0.0002969110771897654,0.25346272171335604,False,0.008838781555830679,0.014236924973855243,0.7249143393476877,0.019534835301906663
d_og,w_gdp_vol_dyoy,coincident,1,activity_retail,98,0.24366703460804068,0.5511312217111166,0.5815437239918877,0.004521977062409303,False,1.0,1.0,0.6460063708208502,0.0014347308647274504
d_og,w_hh_real_inc_yoy,coincident,1,wages_income,73,-0.05959876913167337,-0.08057494966309929,0.9357799886869071,0.0625147039304395,False,1.0,1.0,0.5532200958048807,0.1564746407341296
d_og,w_hh_real_inc_dyoy,coincident,1,wages_income,69,-0.6519406211931515,-1.0809812928375981,0.27970543515171853,-0.05813799270326005,False,1.0,1.0,0.40543491881116855,0.001145659117305314
d_og,w_food_ppi_yoy,coincident,1,producer_prices_input_costs,98,1.5059915698267385,3.95855718594169,7.540388834259559e-05,0.31013211202923513,False,0.0026188253212601734,0.0042075551569498125,0.911399902182867,0.059200617826933935
d_og,w_food_ppi_dyoy,coincident,1,producer_prices_input_costs,98,1.4636347378479426,4.124586571995806,3.714012786204535e-05,0.4275428989317489,False,0.001407164095083903,0.0023487904949848633,0.8536413914518619,7.050327396571876e-05
d_og,w_unemp_lvl,coincident,1,labour_market,98,-0.8205150899271018,-1.6234457222537364,0.10449415739877055,-0.24409851587469475,False,1.0,1.0,0.9346233269964845,0.003547076966876368
d_og,w_unemp_d4,coincident,1,labour_market,98,-2.053390241533414,-4.892978400267258,9.932131066481276e-07,-0.4120505683954664,False,7.701193031901215e-05,0.00010636182627335081,0.8863829983399929,5.939425517906081e-08
d_og,w_policy_rate_lvl,coincident,0,rates,98,0.1232393082510557,0.14243399942187793,0.8867372084913898,-0.03363816736857875,True,1.0,1.0,0.9776512925040991,0.16259515925490403
d_og,w_policy_rate_d4,coincident,0,rates,98,1.042930036645023,2.1644942874340267,0.030426434547002668,0.23601338420472334,True,0.45696413105353917,0.6078964645570966,0.9049871240436747,0.054587467460304594
d_og,w_gov10y_lvl,coincident,0,rates,98,-0.18469215671507375,-0.10930985038389035,0.9129567339379119,-0.12369414807219094,True,1.0,1.0,0.9833076134644816,0.4379741842407668
d_og,w_gov10y_d4,coincident,0,rates,98,0.9189690456472159,1.4973362383149922,0.13430579008753973,0.007655268415440937,True,1.0,1.0,0.8375133486644528,0.12983879426860775
d_og,w_fx_vs_eur_yoy,coincident,0,fx,98,-0.2622386421862695,-0.468171866617615,0.6396616892021636,-0.03165535264839037,True,1.0,1.0,0.8255204657320352,0.005625234730305131
d_og,w_fx_vs_eur_dyoy,coincident,0,fx,98,0.8875755630357381,1.9590176074649455,0.05011072478993461,0.10600827813716072,True,0.6683049817076889,0.8806819419892002,0.7637340340970555,0.004705027460282979
d_og,w_fx_vs_usd_yoy,coincident,0,fx,98,0.3563825815840062,0.5532165960113022,0.5801151040992627,0.1294506026771768,True,1.0,1.0,0.7866814195934706,0.04407161891098799
d_og,w_fx_vs_usd_dyoy,coincident,0,fx,98,0.861505468697855,1.4964125044881318,0.13454619297497672,0.1954742501153928,True,1.0,1.0,0.7029248394697424,0.00020781387221498613
d_og,w_fx_vs_nok_yoy,coincident,0,fx,98,-0.31105899771606077,-0.7480563267276661,0.4544261832295695,-0.0834085045467252,True,1.0,1.0,0.7331451900180997,0.061604764358906584
d_og,w_fx_vs_nok_dyoy,coincident,0,fx,98,-0.9620400594348214,-3.069460776647213,0.002144455627016928,-0.1978302938839511,True,0.04999942957070868,0.07521183577315296,0.6716789508328556,0.000621891597040753
d_og,w_ec_food_ind_sell_price_exp_lvl,coincident,1,price_expectations,98,1.6052612050027573,3.436739082047179,0.0005887624756877319,0.3247998155988878,False,0.015952292511095072,0.02475776080394832,0.8401062271169176,0.09385592693929774
d_og,w_ec_food_ind_sell_price_exp_d4,coincident,1,price_expectations,98,1.1165565512031128,1.8678302585512627,0.061785734376575085,0.2887149448956042,False,0.7788362800067761,1.0,0.784419280067056,4.5544141575859685e-06
d_og,w_ec_food_retail_sell_price_exp_lvl,coincident,0,price_expectations,64,1.6123309181613281,2.9413773209874012,0.0032675624408249337,0.26516475036194015,True,0.07167444360248708,0.10603599092195277,0.8631622264562294,0.07216875821157197
d_og,w_ec_food_retail_sell_price_exp_d4,coincident,0,price_expectations,60,1.3784927075585114,2.073473654639084,0.03812822047712494,0.27167232627374316,True,0.5456003473297624,0.7197001265648381,0.808353484044957,0.00018611426295658514
d_og,w_ec_cons_price_exp_lvl,coincident,0,price_expectations,98,1.6765543878355709,3.14974020463854,0.001634157090625754,0.3312539127659228,True,0.03977015268797864,0.060068525095769126,0.8608525901254508,0.0032465212316351295
d_og,w_ec_cons_price_exp_d4,coincident,0,price_expectations,98,0.34669691588295715,0.6762010070031973,0.49891303330720627,0.12505873170957146,True,1.0,1.0,0.8269008676275778,0.0004758015262790783
d_og,w_hh_saving_lvl,coincident,1,wages_income,97,-1.1789561577195937,-0.6056285705372803,0.5447614258623903,-0.05503507098007355,False,1.0,1.0,0.937254654568618,0.8474339680158866
d_og,w_hh_saving_d4,coincident,1,wages_income,97,-1.662357834624606,-4.28823262197449,1.8010042464711162e-05,-0.24683481004894792,False,0.0007601016378590085,0.001263321412723896,0.4116788689409261,0.014319155419692711
d_og,nw_food_cpi_yoy,coincident,0,consumer_prices,98,0.47114960810069034,0.9038219038956689,0.3660898451430521,0.037917272129115644,True,1.0,1.0,0.8712535268997397,0.13737052290782398
d_og,nw_food_cpi_dyoy,coincident,0,consumer_prices,98,1.049446888630308,4.738341375052659,2.1547460102855354e-06,0.26173996108455727,True,0.00013815823119559632,0.00020241121774206065,0.7706215154871803,0.0008502456109153745
d_og,nw_food_cpi_xvat_yoy,coincident,0,consumer_prices,98,0.4808141807821385,0.8910651715696543,0.37289420821038943,0.028825948732806972,True,1.0,1.0,0.898214540320495,0.088890490355048
d_og,nw_food_cpi_xvat_dyoy,coincident,0,consumer_prices,98,1.0843718051918185,5.221706821459256,1.7728148371531915e-07,0.2809423333624228,True,1.9067146646998837e-05,2.353491370857235e-05,0.8174534723630721,0.00047168361430462933
d_og,nw_real_wage_yoy,coincident,1,wages_income,98,-0.6105182285853302,-0.9839284896519161,0.32515067462188174,-0.11816274197178843,False,1.0,1.0,0.6660451678611793,0.1536326860082853
d_og,nw_real_wage_dyoy,coincident,1,wages_income,98,-0.777271207512804,-1.426224879494247,0.15380344028104975,-0.26137122055638684,False,1.0,1.0,0.24027514566710415,0.0014173803613945686
d_og,nw_cons_conf_z,coincident,0,consumer_survey,98,-1.137845142894515,-1.7719109618279318,0.07640933849168419,-0.0807525176352182,True,0.9197095446762436,1.0,0.9292296405833603,0.34503672422778825
d_og,nw_cons_conf_z_d4,coincident,0,consumer_survey,98,-1.3571071252603089,-5.418323157976758,6.016060405400481e-08,-0.38003318128833335,True,1.0029198230612858e-05,9.203594840769435e-06,0.8347704608974341,9.570605228021588e-06
d_og,nw_retail_food_vol_yoy,coincident,1,activity_retail,98,-1.0551347075572592,-2.2442880268473546,0.024813875417217135,-0.15076487306433364,False,0.38660266807187044,0.5217180251516802,0.8754933561399922,0.14031795743333142
d_og,nw_retail_food_vol_dyoy,coincident,1,activity_retail,98,-0.69473443648024,-1.3754727182651842,0.16898493806861614,-0.18273018785964953,False,1.0,1.0,0.7850295410432014,0.0002857141587373619
d_og,nw_food_ppi_yoy,coincident,1,producer_prices_input_costs,98,1.522751727891298,4.055031518494151,5.0127543198996705e-05,0.301569454952004,False,0.0018366189052964048,0.003027118248211245,0.9141532488086936,0.11736504240776163
d_og,nw_food_ppi_dyoy,coincident,1,producer_prices_input_costs,98,1.5052798375136178,4.507348443138787,6.564278647314126e-06,0.44889072169762745,False,0.0003419724005336745,0.0005253617607716597,0.8448805687160931,2.6822279228724996e-05
d_og,fao_ffpi_sek_yoy,coincident,0,commodities,98,1.11924382174227,2.0078571306949424,0.04465847579260318,0.32380293057504483,True,0.6103684305876422,0.804391763368546,0.8202007901338265,0.000303221123586656
d_og,fao_ffpi_sek_dyoy,coincident,0,commodities,98,0.3954303828600963,0.7071913327049163,0.4794475840257162,0.13960090805830647,True,1.0,1.0,0.7631842399585946,0.001180210088537242
d_og,wb_food_sek_yoy,coincident,0,commodities,98,1.482030114652039,3.0406183556834803,0.0023609287987740313,0.39037260913639266,True,0.054287383495872435,0.08155761923115912,0.7905817554024996,0.00974919701012821
d_og,wb_food_sek_dyoy,coincident,0,commodities,98,0.9988695631659432,2.1126864322977563,0.034627615327911254,0.3012329983592845,True,0.5019711658382869,0.6690424908388728,0.6848977309115938,0.001839002840775327
d_og,fao_ffpi_wloc_yoy,coincident,0,commodities,98,1.17888145968088,2.1408495565729035,0.032286172119686096,0.3202883096855347,True,0.47421438436717284,0.6347885783724041,0.8297098934910314,0.0002836112052225468
d_og,fao_ffpi_wloc_dyoy,coincident,0,commodities,98,0.28734335255922416,0.5495178614862983,0.5826501102947763,0.12038599879607403,True,1.0,1.0,0.7776511237308878,0.00046317325270297534
d_og,wb_food_wloc_yoy,coincident,0,commodities,98,1.6447835007882647,3.4846686443101356,0.0004927468355386821,0.397499655294864,True,0.013690730472853529,0.021537364922235725,0.7922666182409742,0.004941511167170695
d_og,wb_food_wloc_dyoy,coincident,0,commodities,98,0.9210971025296066,2.113741910507943,0.03453731681751471,0.2925181523068148,True,0.5019711658382869,0.6690424908388728,0.6899206606602513,0.00088830961376155
d_og,eu_agri_basket_yoy,coincident,1,commodities,98,0.8695997336515476,1.2457501745173458,0.21285612696356915,0.0402281781616545,False,1.0,1.0,0.8520075597572352,0.012727536257067311
d_og,eu_agri_basket_dyoy,coincident,1,commodities,98,0.20182200551095203,0.31893912596367086,0.7497726742122846,-0.022610022988042357,False,1.0,1.0,0.8007678650626083,0.0025138770027193897
d_og,eu_agri_basket_wloc_yoy,coincident,1,commodities,98,0.8490421000865496,1.1970247307890776,0.23129691554713805,0.03195212903108408,False,1.0,1.0,0.8543614714703142,0.02162078948605185
d_og,eu_agri_basket_wloc_dyoy,coincident,1,commodities,98,0.5348829261353779,0.8049289542084314,0.4208606788563025,0.01690393396109207,False,1.0,1.0,0.8060929036757796,0.003465061441262764
d_og,elec_nordic_loc_yoy,coincident,0,energy,98,0.05928480718823033,0.11682210995817979,0.9070010225040745,0.046597191502123526,True,1.0,1.0,0.7240900987674318,0.0008895507454325807
d_og,elec_nordic_loc_dyoy,coincident,0,energy,98,-0.6684225317754339,-1.9086967678420557,0.05630122036942753,-0.04707296810096407,True,0.7229772536960363,0.962959705555386,0.6741014457471726,0.002315610875117909
d_og,natgas_eu_eur_yoy,coincident,0,energy,90,0.895443841803511,1.5716620071314087,0.11602895773739696,0.23075007048794993,True,1.0,1.0,0.848374982064032,0.0012084228215865007
d_og,natgas_eu_eur_dyoy,coincident,0,energy,80,-0.3900113192790545,-0.9661789269514771,0.3339546556828745,0.0033021336395369794,True,1.0,1.0,0.8198488945961931,0.0005118304398019869
d_og,brent_nok_yoy,coincident,0,energy,98,0.9066710126267225,1.7838251756914072,0.07445207734456782,0.11293274459473654,True,0.9026682120887318,1.0,0.7581643138081795,0.000961845434639735
d_og,brent_nok_dyoy,coincident,0,energy,98,-0.05646952517341656,-0.10642986743093732,0.9152412968665784,-0.04295629427962057,True,1.0,1.0,0.7101581616707573,0.006024234182274048
d_og,packaging_eu_yoy,coincident,1,packaging_freight,98,1.5734185168568,5.021719764093151,5.121086454895618e-07,0.37183421318261467,False,4.868215345190473e-05,6.048640905526245e-05,0.9125490886352845,0.01716375249062556
d_og,packaging_eu_dyoy,coincident,1,packaging_freight,98,0.8899037689242107,1.736543284871925,0.08246781779201973,0.21014705642512424,False,0.9855174585415823,1.0,0.8739439511245172,9.134842719830694e-05
d_og,packaging_us_yoy,coincident,1,packaging_freight,98,0.6126955004018529,1.0143048719583692,0.31043730003017833,0.08208802574433223,False,1.0,1.0,0.8417701791287963,0.0017183456676223932
d_og,packaging_us_dyoy,coincident,1,packaging_freight,98,-0.769584206346525,-1.6878518840287795,0.09143966497708078,-0.14371676262570734,False,1.0,1.0,0.7970521691922231,0.003211258274410453
d_og,price_cost_gap_ppi,coincident,1,other,98,-1.730914590656428,-5.2901932039530335,1.2218721900936202e-07,-0.42429554970795325,False,1.4549624055257988e-05,1.692007929232295e-05,0.8363264015679872,9.288191180426028e-05
d_og,price_cost_gap_ppi_d4,coincident,1,other,98,-0.9472979784026017,-1.8590744738755793,0.06301658288067014,-0.30207769374093735,False,0.7869146144008566,1.0,0.7678522686335879,0.003757067189342778
d_og,price_cost_gap_fao_nok,coincident,1,other,98,-1.2016715777458795,-2.0124211268959575,0.04417556327878214,-0.32267716828669607,False,0.6103684305876422,0.8009086364070964,0.8168805626536505,0.00010045364394960964
d_og,price_cost_gap_fao_nok_d4,coincident,1,other,98,-0.24409468118438923,-0.4605831583800604,0.6450976969005264,-0.10581753270452143,False,1.0,1.0,0.7654992604890926,0.0004670394610574856
d_og,price_cost_gap_agri,coincident,1,other,98,-0.693775191672124,-0.9184345453322679,0.35839141199214053,0.00022980855487059624,False,1.0,1.0,0.8347223258072484,0.0006751476525595488
d_og,price_cost_gap_agri_d4,coincident,1,other,98,0.23486359521896563,0.38780776150743157,0.6981583013304007,0.11383306146280606,False,1.0,1.0,0.7903738527245757,0.0018406820079126798
d_og,price_cost_gap_fao_wloc,coincident,1,other,98,-0.9806841086243869,-1.6789936597700337,0.09315327942344909,-0.2801113194402425,False,1.0,1.0,0.8256738129726776,0.0036985893037951726
d_og,price_cost_gap_fao_wloc_d4,coincident,1,other,98,0.0716647347559142,0.14734185809691816,0.8828621950154407,-0.042338057492512536,False,1.0,1.0,0.7793081706086243,0.00021602018814617516
d_og,nw_price_cost_gap_ppi,coincident,1,other,98,-1.7647624754304463,-5.183488888537443,2.1777320835525416e-07,-0.4471847753847195,False,2.2002626794537074e-05,2.77631351445681e-05,0.8203405786102836,0.0024372336623516835
d_og,nw_price_cost_gap_ppi_d4,coincident,1,other,98,-1.0671172856021052,-2.2718628510193626,0.02309479527754843,-0.33306869346936024,False,0.36321374806542966,0.4933224492840634,0.7489032059261054,0.0034865763964011818
d_og,price_wage_gap,coincident,1,other,98,0.9305340157792267,2.2989367815974937,0.021508529397890497,0.15183891789480772,False,0.3431219126506012,0.46815423710991644,0.8277904424769448,0.12158190626891034
d_og,price_wage_gap_d4,coincident,1,other,98,1.2362103199822363,6.016093820014589,1.7867605173194079e-09,0.33481252874922574,False,9.928853885145249e-07,4.484571741431886e-07,0.6479439255374921,0.002171887308691225
d_og,no_qna_hh_food_cons_sa_mnok__yoy,rt_h0,1,activity_retail,98,-1.1058836244574148,-1.9870411558859837,0.0469178362640128,-0.09287329666588635,False,0.633322685811625,0.8355376812708046,0.8406391125928379,0.05541885594341623
d_og,no_qna_hh_food_cons_sa_mnok__dyoy,rt_h0,1,activity_retail,98,-1.388880637711125,-5.003736899601729,5.622948884287382e-07,-0.27058155457261535,False,4.933607115214314e-05,6.498063306987443e-05,0.7400574185732854,5.913374405594929e-05
d_og,no_retail_foodstores_vol_sa_idx__yoy,rt_h0,1,activity_retail,98,-1.590276596047495,-4.821910705558804,1.4218959880629711e-06,-0.21294581117022798,False,9.675106886780596e-05,0.0001407674927547408,0.8568518438985309,0.04790690063553137
d_og,no_retail_foodstores_vol_sa_idx__dyoy,rt_h0,1,activity_retail,97,-1.3511992458863264,-4.366672262110345,1.2615380071467897e-05,-0.2920142955327207,False,0.0005841869695698131,0.000942532821039659,0.8070661256503784,1.4102196993940877e-05
d_og,se_ppi_food_hmpi_idx__yoy,rt_h0,1,producer_prices_input_costs,98,1.18525900635695,3.1559647671418034,0.0015996818252939082,0.19469688214380954,False,0.03921739343051129,0.05934447840852645,0.8872702297888111,0.1021002446045647
d_og,se_ppi_food_hmpi_idx__dyoy,rt_h0,1,producer_prices_input_costs,98,1.1508551675981509,4.850090024936039,1.2340545194611252e-06,0.36157033329177857,False,8.944592054287353e-05,0.00012707038663415917,0.814502114563115,8.659467014354766e-05
d_og,se_retail_grocery_vol_sa_idx__yoy,rt_h0,1,activity_retail,98,-0.3974531808237851,-1.0419410562197204,0.2974390077577067,-0.006844994252069145,False,1.0,1.0,0.7172047969097449,0.16663102168789148
d_og,se_retail_grocery_vol_sa_idx__dyoy,rt_h0,1,activity_retail,98,-0.5710271801413205,-1.855103720312526,0.06358141664693484,-0.11239116842493237,False,0.7896470338620755,1.0,0.5368579295538688,0.0011207357652802277
d_og,se_na_hhcons_food_sa__yoy,rt_h0,1,activity_retail,98,-1.2308145591756945,-2.160660817170455,0.030721549753258026,-0.13129318475094148,False,0.4593273226026379,0.612269577875553,0.5512070035688645,0.032319619008240666
d_og,se_na_hhcons_food_sa__dyoy,rt_h0,1,activity_retail,98,-1.5241082606084573,-3.047495334808712,0.002307571079866566,-0.32359303559828273,False,0.0534289473871291,0.08023201780741256,0.4452282684171213,0.001636286051063472
d_og,ea_negotiated_wages_yoy_q__lvl,rt_h0,1,wages_income,98,-1.3924382838820615,-2.9150148450466755,0.003556716240464164,-0.24228133033950833,False,0.07553245287314951,0.11335828957183147,0.8180014906887084,0.03689896900554964
d_og,ea_negotiated_wages_yoy_q__d4,rt_h0,1,wages_income,98,0.06107183880552831,0.15337121294589426,0.8781055450209845,0.04656903181585119,False,1.0,1.0,0.5100493568395038,1.5163243369684762e-05
d_og,no_earn_idx_food_manuf_q__yoy,rt_h0,1,wages_income,98,-0.01552338022991824,-0.03056440265817178,0.9756169314414866,-0.1589007159043048,False,1.0,1.0,0.2742757027484257,0.02125687124688528
d_og,no_earn_idx_food_manuf_q__dyoy,rt_h0,1,wages_income,98,0.20539464996920234,0.5003868391130459,0.6168027185219083,-0.07903758155294383,False,1.0,1.0,0.14145297895820255,0.0011894000169557573
d_og,no_real_wage_qna_yoy_q__lvl,rt_h0,1,wages_income,94,-0.5320909159564201,-1.3209531976441076,0.186516970174476,-0.1880822572118212,False,1.0,1.0,0.7472114391859161,0.20769227507440124
d_og,no_real_wage_qna_yoy_q__d4,rt_h0,1,wages_income,92,-0.8966987566838959,-2.6020269833095235,0.009267456026903487,-0.21371157541970698,False,0.170650351956282,0.24088328311621166,0.5637626347341079,0.00030695658598628477
d_og,se_real_wage_yoy_q__lvl,rt_h0,1,wages_income,98,-1.0563879265520406,-1.9265336648142828,0.05403777250651731,-0.18187216794150138,False,0.7107328332878303,0.937214212310357,0.9327680101118453,0.12768977333870057
d_og,se_real_wage_yoy_q__d4,rt_h0,1,wages_income,98,-1.3943485495075494,-4.732109491200359,2.2219849533655633e-06,-0.38265547070681977,False,0.00013978136170645738,0.0002051287191470395,0.8629711587782746,0.009389269304105255
d_og,se_wage_idx_m__yoy,rt_h0,1,wages_income,98,-1.2540849438311745,-2.0639069924302205,0.039026535644757665,-0.1793457917544518,False,0.5537020884170955,0.733210184996472,0.8925233369699556,0.08502407436310853
d_og,se_wage_idx_m__dyoy,rt_h0,1,wages_income,98,0.30981788953542183,0.7476809439326118,0.4546526280255916,0.10942646582930556,False,1.0,1.0,0.6657173770090662,0.01401534997355716
d_og,ea_hicp_food_idx__yoy,rt_h0,1,consumer_prices,98,0.7228447382774362,1.7174139376623707,0.08590356685720368,0.05592221691008436,False,1.0,1.0,0.9140298756494311,0.03190237186938041
d_og,ea_hicp_food_idx__dyoy,rt_h0,1,consumer_prices,97,1.2388414599032291,5.340219148900143,9.283429136530685e-08,0.3435738241111308,False,1.289677751386589e-05,1.3556586338064254e-05,0.8394696756513607,0.0012222816581908475
d_og,eu_ppi_dom_c103_idx__yoy,rt_h0,1,producer_prices_input_costs,98,1.0022753468312753,1.7878529810239112,0.07379973046495558,0.06387943442268373,False,0.8980246041704188,1.0,0.9281268089320225,0.06092994510231965
d_og,eu_ppi_dom_c103_idx__dyoy,rt_h0,1,producer_prices_input_costs,97,1.250209360807016,5.623934666244362,1.8665626821956494e-08,0.3251312855000805,False,4.787218490845441e-06,3.4071755415545943e-06,0.8615860411244594,0.001150088472502795
d_og,eu_ppi_dom_c105_idx__yoy,rt_h0,1,producer_prices_input_costs,98,1.2746760604159784,2.8452811327534144,0.0044372241419838865,0.24476247164319,False,0.09189026712372056,0.13602373103455997,0.8736903037398932,0.018178527468026055
d_og,eu_ppi_dom_c105_idx__dyoy,rt_h0,1,producer_prices_input_costs,97,0.9432721763251057,2.2397302721659806,0.025108439036984453,0.22308447253795513,False,0.3893725011465154,0.5258464578668299,0.8319145853855229,0.00042915946979024845
d_og,eu_ppi_dom_c106_idx__yoy,rt_h0,1,producer_prices_input_costs,98,1.6197657494543751,4.655558723729718,3.23103295163385e-06,0.3986254047373216,False,0.00018573656798145536,0.0002824034324650689,0.8921253543389699,4.946342824284714e-05
d_og,eu_ppi_dom_c106_idx__dyoy,rt_h0,1,producer_prices_input_costs,97,1.456571645862339,4.164518057238518,3.1201093377397626e-05,0.4089572294893134,False,0.0012238689320296127,0.0020373671946893024,0.8480071854372957,0.0009619821400298912
d_og,eu_ppi_dom_c107_idx__yoy,rt_h0,1,producer_prices_input_costs,98,1.1957555707796157,2.890920218440158,0.003841156197531781,0.18177207229715997,False,0.08054690664532975,0.12088412833529365,0.9068849034947083,0.01928269012343007
d_og,eu_ppi_dom_c107_idx__dyoy,rt_h0,1,producer_prices_input_costs,97,1.4049310790901988,6.170587487792397,6.803670959953934e-10,0.3904204976571487,False,5.671100367608405e-07,1.9173572906693716e-07,0.8453673233791384,2.5592558783966646e-05
d_og,eu_ppi_dom_c108_idx__yoy,rt_h0,1,producer_prices_input_costs,98,1.0678832937486331,1.9173950905655561,0.05518775747333016,0.06324046383649568,False,0.7131929869078878,0.9471123532249504,0.93635037995366,0.09843515327506033
d_og,eu_ppi_dom_c108_idx__dyoy,rt_h0,1,producer_prices_input_costs,97,1.3211029013470743,4.873931905616109,1.0939871175619231e-06,0.37578671283364273,False,8.289790482335153e-05,0.00011485644762097955,0.8680085136483179,0.0001463947544077171
d_og,eu_ppi_dom_food_mfg_idx__yoy,rt_h0,1,producer_prices_input_costs,98,1.4369861469107361,3.362579947304682,0.000772177630785631,0.24961238508183886,False,0.020113667641623742,0.03086418620548744,0.9077037724577236,0.018873554955382427
d_og,eu_ppi_dom_food_mfg_idx__dyoy,rt_h0,1,producer_prices_input_costs,97,1.431943564584933,5.007107926711323,5.525394852767818e-07,0.38902746746227207,False,4.933607115214314e-05,6.431597166461384e-05,0.8544556448210283,3.176417776490685e-05
d_og,no_ssb_bts_consgoods_home_price_exp__lvl,rt_h0,1,price_expectations,98,2.1315506541485405,4.197676088704038,2.6966796034200158e-05,0.26243902066277935,False,0.0010832664201210736,0.0018124500737274139,0.8350925273446356,0.37201003022119006
d_og,no_ssb_bts_consgoods_home_price_exp__d4,rt_h0,1,price_expectations,98,1.4954649509636815,3.2588599685943285,0.0011186086625425418,0.3648975086407717,False,0.02839541132360169,0.043090023014185685,0.5694470013069067,0.006054092595223085
d_og,eu_ppi_paper_packaging_idx__yoy,rt_h0,1,packaging_freight,98,1.463691239158014,4.1933938603673795,2.748116896200692e-05,0.339198363173886,False,0.0010907869640211416,0.0018316933240019979,0.9069108962107351,0.014082917704436955
d_og,eu_ppi_paper_packaging_idx__dyoy,rt_h0,1,packaging_freight,97,1.1802571106042752,3.4848923755991907,0.0004923350255388037,0.296484133530279,False,0.013690730472853529,0.021537364922235725,0.8675227836576729,1.4646865375468992e-05
d_og,eu_ppi_plastic_products_idx__yoy,rt_h0,1,packaging_freight,98,1.6214260346342475,5.307604560432555,1.1107529007681194e-07,0.35451241766825,False,1.3716323352702687e-05,1.5538780661313645e-05,0.9056815498415068,0.01981176046729837
d_og,eu_ppi_plastic_products_idx__dyoy,rt_h0,1,packaging_freight,97,1.3114948830086912,2.9835462410614655,0.0028492897802463446,0.29666667247440204,False,0.06418875139010974,0.09555110411223908,0.8661503842308345,0.00032109787186052123
d_og,us_ppi_corrugated_boxes_idx__yoy,rt_h0,1,packaging_freight,98,1.1670996307531072,2.4242928860137014,0.015338229609529463,0.19217868588276396,False,0.26225552492456106,0.3557173435515049,0.8344126236616143,0.023510931316145733
d_og,us_ppi_corrugated_boxes_idx__dyoy,rt_h0,1,packaging_freight,98,0.38350519074945155,0.6921299828184114,0.48885570412438994,0.009033672019077059,False,1.0,1.0,0.7997913269872224,0.005483384912244974
d_og,us_ppi_plastic_resins_idx__yoy,rt_h0,1,packaging_freight,98,1.167051667126814,2.107082101597866,0.03511046350523994,0.19390637561521315,False,0.5067673258560608,0.6746288167960163,0.819783321280979,0.017919533311986053
d_og,us_ppi_plastic_resins_idx__dyoy,rt_h0,1,packaging_freight,98,-0.20753951686005098,-0.35687119064877454,0.7211882379716033,-0.009204380378126781,False,1.0,1.0,0.7637291520537985,0.0012925906697761735
d_og,w_food_cpi_yoy,rt_h0,1,consumer_prices,98,0.3636613255098518,0.8798674455538332,0.3789311221890661,0.003340008540267488,False,1.0,1.0,0.8908349436122175,0.09030722277739589
d_og,w_food_cpi_dyoy,rt_h0,1,consumer_prices,98,0.9549385848174685,5.980711049950328,2.2216566364363644e-09,0.24272729753935293,False,1.058188216479217e-06,5.24810636474863e-07,0.8151585263488269,0.0008005311249592261
d_og,w_cpi_yoy,rt_h0,1,consumer_prices,98,1.1241313497719174,2.0077662223674904,0.044668139780533966,0.1271081231680044,False,0.6103684305876422,0.804391763368546,0.930137836130678,0.10496355561166787
d_og,w_cpi_dyoy,rt_h0,1,consumer_prices,98,1.3651792091645545,4.922224530556526,8.556596056141785e-07,0.36977136887418227,False,7.132225430224343e-05,9.47911147605079e-05,0.8412433062602631,4.718251085151302e-06
d_og,w_food_cpi_rel_yoy,rt_h0,1,consumer_prices,98,-0.5183951242042906,-0.8078089873187022,0.4192005506058867,-0.12557095483536232,False,1.0,1.0,0.785567485121036,0.04073879536360684
d_og,w_food_cpi_rel_dyoy,rt_h0,1,consumer_prices,98,0.4662026910588054,1.092843397776616,0.2744625636352003,0.07675355304205846,False,1.0,1.0,0.7269727162382932,0.0019947412057104976
d_og,w_food_cpi_xvat_yoy,rt_h0,1,consumer_prices,98,0.36719067665309146,0.8968069371384609,0.3698219456202345,0.0019547200920634737,False,1.0,1.0,0.9021766716432724,0.06120976908576375
d_og,w_food_cpi_xvat_dyoy,rt_h0,1,consumer_prices,98,0.9742238876052964,6.078485638970075,1.213228406626854e-09,0.2511865195204498,False,8.090150277180477e-07,3.106687526485787e-07,0.8366397634201136,0.0007233493085957974
d_og,w_wage_yoy,rt_h0,1,wages_income,98,-0.8543867413180203,-1.6941728174999109,0.09023244852561918,-0.14130544112991514,False,1.0,1.0,0.591004231601322,0.01745596331654198
d_og,w_wage_dyoy,rt_h0,1,wages_income,98,-0.6895267525740209,-1.5236637114163638,0.12759273889646705,-0.19174986297385307,False,1.0,1.0,0.18963920967705197,0.0018524942964857358
d_og,w_real_wage_yoy,rt_h0,1,wages_income,98,-1.301420664190051,-2.656880046590608,0.007886749985537511,-0.20105174779240806,False,0.149406478186808,0.2114018065728843,0.7800508811001822,0.12857335248705867
d_og,w_real_wage_dyoy,rt_h0,1,wages_income,98,-1.6763337619443874,-5.23156117699162,1.6808438796367398e-07,-0.4499543867806878,False,1.8680570924738537e-05,2.2499907562874705e-05,0.4339413845000605,0.0009211343581796293
d_og,w_retail_food_vol_yoy,rt_h0,1,activity_retail,98,-1.6719103249508318,-2.625986741257294,0.008639818273276312,-0.13261192236020994,False,0.1607587616415631,0.22640120608074876,0.9006239242280772,0.2187413540116332
d_og,w_retail_food_vol_dyoy,rt_h0,1,activity_retail,97,-1.5355347224745057,-4.106075145446186,4.024386092371657e-05,-0.3326985947357673,False,0.0015076261288599097,0.0025056161309365325,0.8063637188667122,7.567809332114117e-05
d_og,w_retail_total_vol_yoy,rt_h0,1,activity_retail,98,0.03882266683705188,0.0645010327124992,0.9485712848401244,0.09831673569914184,False,1.0,1.0,0.8785943023947932,0.16448863960396187
d_og,w_retail_total_vol_dyoy,rt_h0,1,activity_retail,97,-0.7926816962986982,-2.2016490374918334,0.0276901091835009,-0.16452785705158066,False,0.4177499603358843,0.5658961313607979,0.7449291285850582,0.0007496185894658731
d_og,w_gdp_vol_yoy,rt_h0,1,activity_retail,98,1.352452485162473,2.916254745371413,0.003542611199193635,0.28874264154433343,False,0.07553245287314951,0.11314932739340264,0.7249143393476877,0.019534835301906663
d_og,w_gdp_vol_dyoy,rt_h0,1,activity_retail,98,0.643904275733893,1.4637218788514033,0.14326995501163386,0.1286869638966867,False,1.0,1.0,0.6460063708208502,0.0014347308647274504
d_og,w_hh_real_inc_yoy,rt_h0,1,wages_income,73,0.43317031551566865,0.7620328619348683,0.44604039122860994,0.14988893997023228,False,1.0,1.0,0.5532200958048807,0.1564746407341296
d_og,w_hh_real_inc_dyoy,rt_h0,1,wages_income,69,-0.30608216830088736,-0.7959177355814817,0.42607985196617415,0.007040575386634003,False,1.0,1.0,0.40543491881116855,0.001145659117305314
d_og,w_food_ppi_yoy,rt_h0,1,producer_prices_input_costs,98,1.1351026356755987,3.1443965233757996,0.0016642975871461463,0.17826869946659904,False,0.04021017099649025,0.06062154448486201,0.911399902182867,0.059200617826933935
d_og,w_food_ppi_dyoy,rt_h0,1,producer_prices_input_costs,97,1.3082918436230984,5.3568925559553096,8.466543310881036e-08,0.36818355905325867,False,1.2831205967623695e-05,1.2592645620171598e-05,0.8536413914518619,7.050327396571876e-05
d_og,w_unemp_lvl,rt_h0,1,labour_market,98,-0.3714816532054468,-0.8809151293062981,0.37836375806938327,-0.16100155706850736,False,1.0,1.0,0.9346233269964845,0.003547076966876368
d_og,w_unemp_d4,rt_h0,1,labour_market,98,-1.6867436961010067,-4.079053994383564,4.5219334429802416e-05,-0.3749584293048127,False,0.0016751961999944035,0.0027514070246914433,0.8863829983399929,5.939425517906081e-08
d_og,w_ec_food_ind_sell_price_exp_lvl,rt_h0,1,price_expectations,98,1.5725738628517112,3.4305357595666948,0.0006023905682279729,0.30714405699535535,False,0.01606764297934654,0.025068333371905623,0.8401062271169176,0.09385592693929774
d_og,w_ec_food_ind_sell_price_exp_d4,rt_h0,1,price_expectations,98,1.1682560817133125,2.573333312843371,0.010072415231556775,0.3516904636677763,False,0.1815289583189967,0.25763720568396764,0.784419280067056,4.5544141575859685e-06
d_og,w_hh_saving_lvl,rt_h0,1,wages_income,98,1.0845880053812766,0.7466861346562038,0.45525304120179566,-0.012838434898699265,False,1.0,1.0,0.937254654568618,0.8474339680158866
d_og,w_hh_saving_d4,rt_h0,1,wages_income,98,-0.7586501137606387,-1.734179031024056,0.0828863223139642,-0.14552205668172286,False,0.9869811579054917,1.0,0.4116788689409261,0.014319155419692711
d_og,nw_real_wage_yoy,rt_h0,1,wages_income,98,-1.0129585588183168,-2.0608270217474316,0.03931954556169792,-0.1714657487738709,False,0.5554954546276103,0.7351260315019763,0.6660451678611793,0.1536326860082853
d_og,nw_real_wage_dyoy,rt_h0,1,wages_income,98,-1.4863382103788154,-4.484719959844878,7.300975712665192e-06,-0.41039839194601413,False,0.0003688255434518326,0.0005748907741203187,0.24027514566710415,0.0014173803613945686
d_og,nw_retail_food_vol_yoy,rt_h0,1,activity_retail,98,-1.7370893252696393,-3.3027751921556456,0.0009573310240911237,-0.17941191782451776,False,0.024552900495139404,0.03723459928965795,0.8754933561399922,0.14031795743333142
d_og,nw_retail_food_vol_dyoy,rt_h0,1,activity_retail,97,-1.5837206321835353,-4.8964239416198305,9.75963974747529e-07,-0.32876637396447805,False,7.701193031901215e-05,0.00010521608098951637,0.7850295410432014,0.0002857141587373619
d_og,nw_food_ppi_yoy,rt_h0,1,producer_prices_input_costs,98,1.065711712506669,2.750538172592207,0.005949745897658509,0.16243357480345788,False,0.11738044089436675,0.16855822999439785,0.9141532488086936,0.11736504240776163
d_og,nw_food_ppi_dyoy,rt_h0,1,producer_prices_input_costs,97,1.3106632833469245,5.46071258660424,4.742272508018175e-08,0.37674189846763734,False,8.784115229628656e-06,7.694597635335328e-06,0.8448805687160931,2.6822279228724996e-05
d_og,eu_agri_basket_yoy,rt_h0,1,commodities,98,1.0323945213514898,1.709452720848635,0.08736712232467703,0.0789216179815763,False,1.0,1.0,0.8520075597572352,0.012727536257067311
d_og,eu_agri_basket_dyoy,rt_h0,1,commodities,97,0.536020795775587,0.9125082462101235,0.3615012305914287,0.0521145901693935,False,1.0,1.0,0.8007678650626083,0.0025138770027193897
d_og,eu_agri_basket_wloc_yoy,rt_h0,1,commodities,98,0.9016377850291877,1.5071613366053564,0.1317693079031299,0.033236653666552374,False,1.0,1.0,0.8543614714703142,0.02162078948605185
d_og,eu_agri_basket_wloc_dyoy,rt_h0,1,commodities,97,0.7858422201912538,1.4111980484303224,0.1581862254580262,0.05669845469210842,False,1.0,1.0,0.8060929036757796,0.003465061441262764
d_og,packaging_eu_yoy,rt_h0,1,packaging_freight,98,1.5478965419888282,4.449202101000277,8.618988510900039e-06,0.3534263682474099,False,0.0004289093580819281,0.0006753626572419698,0.9125490886352845,0.01716375249062556
d_og,packaging_eu_dyoy,rt_h0,1,packaging_freight,97,1.2533380764989186,3.2234862141623037,0.0012664039412066952,0.3054284492770348,False,0.031276814025362344,0.047977874011279675,0.8739439511245172,9.134842719830694e-05
d_og,packaging_us_yoy,rt_h0,1,packaging_freight,98,1.2614600439099026,2.525768467717293,0.011544553707098393,0.22025818141285314,False,0.20258513276004184,0.2884036672173307,0.8417701791287963,0.0017183456676223932
d_og,packaging_us_dyoy,rt_h0,1,packaging_freight,98,0.02126794340399604,0.03622053111393512,0.9711065152680545,-0.003262853809562981,False,1.0,1.0,0.7970521691922231,0.003211258274410453
d_og,price_cost_gap_ppi,rt_h0,1,other,98,-1.6084241489976556,-4.677639618091676,2.9019598013491077e-06,-0.3747187195846246,False,0.000172720016692219,0.0002575416181952616,0.8363264015679872,9.288191180426028e-05
d_og,price_cost_gap_ppi_d4,rt_h0,1,other,97,-1.2559512901248342,-2.5887114426754465,0.009633578332784998,-0.34302918474319966,False,0.1755175573108768,0.24799198579005946,0.7678522686335879,0.003757067189342778
d_og,price_cost_gap_fao_nok,rt_h0,1,other,98,-1.3264595094345792,-2.7666877669368404,0.005662896328848088,-0.3626801238594722,False,0.1123862944594984,0.16297802545385637,0.8168805626536505,0.00010045364394960964
d_og,price_cost_gap_fao_nok_d4,rt_h0,1,other,98,-0.5538697885654036,-1.146026250652841,0.2517842905376242,-0.18824309993499866,False,1.0,1.0,0.7654992604890926,0.0004670394610574856
d_og,price_cost_gap_agri,rt_h0,1,other,98,-0.9926880506892716,-1.5968745597378462,0.1102936716711107,-0.08137013605896366,False,1.0,1.0,0.8347223258072484,0.0006751476525595488
d_og,price_cost_gap_agri_d4,rt_h0,1,other,97,-0.2261579202738578,-0.3806587357631532,0.7034564917152124,0.012685033569477209,False,1.0,1.0,0.7903738527245757,0.0018406820079126798
d_og,price_cost_gap_fao_wloc,rt_h0,1,other,98,-1.3690397831754146,-2.688295844678603,0.00718177365103756,-0.386901079435365,False,0.13682885332161993,0.19486983138970648,0.8256738129726776,0.0036985893037951726
d_og,price_cost_gap_fao_wloc_d4,rt_h0,1,other,98,-0.49331326538652853,-0.9342129230711489,0.35019407085542076,-0.2040021757217236,False,1.0,1.0,0.7793081706086243,0.00021602018814617516
d_og,nw_price_cost_gap_ppi,rt_h0,1,other,98,-1.6093800486543428,-4.291052367351247,1.7782836897017873e-05,-0.3898123819241789,False,0.0007601016378590085,0.0012528549724835746,0.8203405786102836,0.0024372336623516835
d_og,nw_price_cost_gap_ppi_d4,rt_h0,1,other,97,-1.3873455980134564,-2.8197104466260345,0.00480670009996409,-0.3737112832535871,False,0.09832035655957254,0.14432044098740524,0.7489032059261054,0.0034865763964011818
d_og,price_wage_gap,rt_h0,1,other,98,0.6014426476714109,1.7044538363447874,0.08829633343670418,0.06501883088674312,False,1.0,1.0,0.8277904424769448,0.12158190626891034
d_og,price_wage_gap_d4,rt_h0,1,other,98,1.1727707842454949,6.925539179563637,4.343192472333612e-12,0.31547734437307906,False,1.0439366885575392e-08,1.8359467559404657e-09,0.6479439255374921,0.002171887308691225
d_og,no_cpi_food_idx__yoy,rt_h1,0,consumer_prices,98,-1.1419751950251862,-1.5788566775317354,0.11436893487555877,-0.18920956235367412,False,1.0,1.0,0.8086304714796214,0.17662156788440392
d_og,no_cpi_food_idx__dyoy,rt_h1,0,consumer_prices,98,0.03217330115226971,0.05819126182356608,0.953596280983789,-0.04295036831905044,False,1.0,1.0,0.6699342292282324,0.0006540771685229985
d_og,no_cpi_total_idx__yoy,rt_h1,0,consumer_prices,98,0.6328637594235947,0.8250939453545145,0.4093182568734157,0.05955426350539484,False,1.0,1.0,0.8090396366955549,0.20592457859617563
d_og,no_cpi_total_idx__dyoy,rt_h1,0,consumer_prices,98,0.9171052276405893,1.9080979519717602,0.0563785573775637,0.18518299871538746,False,0.7229772536960363,0.962959705555386,0.6259308367722662,0.003104031584741151
d_og,no_fx_eurnok__yoy,rt_h1,0,fx,98,-0.7648618676920005,-1.2438604708714867,0.21355091990699182,-0.172172642167005,False,1.0,1.0,0.7839904584261776,0.03237143604177326
d_og,no_fx_eurnok__dyoy,rt_h1,0,fx,98,0.2591509249993392,0.5116446786483619,0.6088997102716851,-0.051710186791431766,False,1.0,1.0,0.7200174971863504,0.0027538245151602207
d_og,no_govbond_10y__lvl,rt_h1,0,rates,98,-0.11455690675835258,-0.11142787201135163,0.9112770590117723,-0.10929869630285306,False,1.0,1.0,0.9788487165261812,0.38762469291115537
d_og,no_govbond_10y__d4,rt_h1,0,rates,98,0.9627178645231722,1.4538817336765686,0.14597909790183516,0.007540134260203648,False,1.0,1.0,0.8219992864791176,0.13308790814684354
d_og,no_imp_price_food_idx__yoy,rt_h1,0,producer_prices_input_costs,97,-0.011011407518761163,-0.026403801253547396,0.9789352622463467,0.045241255395620426,False,1.0,1.0,0.7881353506062018,0.25852885083551846
d_og,no_imp_price_food_idx__dyoy,rt_h1,0,producer_prices_input_costs,93,0.6320382464506472,2.9575522013500217,0.003100922388590721,0.1858046540197696,False,0.06846962860584563,0.10165515793468174,0.5622787312608253,0.023930043762385392
d_og,no_jordbruk_malpris_mnok__lvl,rt_h1,0,tax_policy,98,0.6976158171230865,1.187831001347321,0.2348999979226003,-0.014865855326836989,False,1.0,1.0,0.81194811973535,0.13549493051148842
d_og,no_jordbruk_malpris_mnok__d4,rt_h1,0,tax_policy,95,1.2565591964741547,4.354590729666492,1.3331575652308914e-05,0.23258402572627568,False,0.000600667016122531,0.0009823349383437199,0.7290037795166293,0.03153823065733642
d_og,no_policy_rate__lvl,rt_h1,0,rates,98,-0.7079624680781118,-1.329519408154889,0.18367666703888164,-0.08458847145501243,False,1.0,1.0,0.9751161949215335,0.15277240043405427
d_og,no_policy_rate__d4,rt_h1,0,rates,98,0.6481540400115837,1.096856728213582,0.27270402722142695,0.17473868510618457,False,1.0,1.0,0.8957202641297115,0.0668626401533941
d_og,no_ppi_food_dom_idx__yoy,rt_h1,0,producer_prices_input_costs,98,0.8448563336710702,1.8729785202509033,0.06107135117219742,0.11456207423547074,False,0.7788362800067761,1.0,0.9085326334719793,0.09655659875218935
d_og,no_ppi_food_dom_idx__dyoy,rt_h1,0,producer_prices_input_costs,97,1.402051298577145,4.825406662611942,1.397178867046378e-06,0.3384617837895302,False,9.675106886780596e-05,0.00013939934556894942,0.8324503055713375,0.00048132184664365053
d_og,no_qna_hh_food_cons_sa_mnok__yoy,rt_h1,1,activity_retail,98,-1.1032686709771722,-1.825111550732052,0.06798419747423612,-0.08140945588860307,False,0.8333416612127972,1.0,0.8406391125928379,0.05541885594341623
d_og,no_qna_hh_food_cons_sa_mnok__dyoy,rt_h1,1,activity_retail,98,-1.816699157399281,-5.250278993338269,1.5186901580754864e-07,-0.3212512804263129,False,1.746044079467008e-05,2.0673869665062613e-05,0.7400574185732854,5.913374405594929e-05
d_og,no_retail_foodstores_vol_sa_idx__yoy,rt_h1,1,activity_retail,98,-1.7845502448038324,-4.519780541242053,6.190376760528693e-06,-0.21768695208889022,False,0.00032761256903345373,0.000499687641483207,0.8568518438985309,0.04790690063553137
d_og,no_retail_foodstores_vol_sa_idx__dyoy,rt_h1,1,activity_retail,96,-1.660199764193477,-6.873553593831688,6.262101948095733e-12,-0.3561027957954479,False,1.0439366885575392e-08,2.5792303440030073e-09,0.8070661256503784,1.4102196993940877e-05
d_og,no_vat_food_rate__lvl,rt_h1,0,tax_policy,98,-0.19683291287883056,-0.38480013782390904,0.7003854970047838,0.05192636012575263,False,1.0,1.0,0.7552630152846657,0.12730151810399776
d_og,no_vat_food_rate__d4,rt_h1,0,tax_policy,98,-0.04802115665122429,-0.3505185042432564,0.7259496055485632,0.006747326713040134,False,1.0,1.0,0.7240734491610796,0.0696187785139645
d_og,se_cpi_idx__yoy,rt_h1,0,consumer_prices,98,1.0051016298859974,1.676402656081485,0.09365934902108508,0.12273657460517326,False,1.0,1.0,0.9395911545166841,0.06851278561262832
d_og,se_cpi_idx__dyoy,rt_h1,0,consumer_prices,98,1.443500080474402,4.535564195882837,5.744969990173487e-06,0.40792151032163,False,0.00031442891739270635,0.0004714621409580168,0.8753415147178213,0.004221836181208122
d_og,se_cpi_food_idx__yoy,rt_h1,0,consumer_prices,98,0.32110455921678405,0.8794393170636721,0.3791631220961551,0.024499748745675676,False,1.0,1.0,0.874019048207315,0.05233524666667634
d_og,se_cpi_food_idx__dyoy,rt_h1,0,consumer_prices,98,1.0679714742177278,5.849733008629127,4.923627061614866e-09,0.2855178260697939,False,2.0520086438218796e-06,1.0834201105033057e-06,0.8102101307333693,0.00464279359956733
d_og,se_ppi_food_hmpi_idx__yoy,rt_h1,1,producer_prices_input_costs,98,0.8046603229131153,2.335805450270863,0.019501383438601527,0.08229748265686387,False,0.3171725423036865,0.43207786446580715,0.8872702297888111,0.1021002446045647
d_og,se_ppi_food_hmpi_idx__dyoy,rt_h1,1,producer_prices_input_costs,98,1.157387152476691,5.476709284028367,4.333082248564324e-08,0.3162782816248825,False,8.498299530407686e-06,7.1024054317263586e-06,0.814502114563115,8.659467014354766e-05
d_og,se_retail_grocery_vol_sa_idx__yoy,rt_h1,1,activity_retail,98,0.5752185333261051,1.4740296219957825,0.14047361573281014,0.12217432005856872,False,1.0,1.0,0.7172047969097449,0.16663102168789148
d_og,se_retail_grocery_vol_sa_idx__dyoy,rt_h1,1,activity_retail,98,-0.02814371692858896,-0.09109138521962479,0.9274199777835557,-0.030255001017813983,False,1.0,1.0,0.5368579295538688,0.0011207357652802277
d_og,se_na_hhcons_food_sa__yoy,rt_h1,1,activity_retail,98,0.19196791550596862,0.5628626698240308,0.573528401654418,0.16203195055754027,False,1.0,1.0,0.5512070035688645,0.032319619008240666
d_og,se_na_hhcons_food_sa__dyoy,rt_h1,1,activity_retail,98,-0.4945029695442549,-1.9940624500824589,0.04614523017567618,-0.056351232551022284,False,0.6254257130051066,0.8242976798812033,0.4452282684171213,0.001636286051063472
d_og,se_policy_rate__lvl,rt_h1,0,rates,98,-0.7342544818752021,-0.9070388564322754,0.3643862497118562,-0.11951059656388037,False,1.0,1.0,0.9727778999989105,0.17137031674507533
d_og,se_policy_rate__d4,rt_h1,0,rates,98,0.4847471434369501,1.0286295249244022,0.30365379838049567,0.13184132504652735,False,1.0,1.0,0.897829766877159,0.019342387276120896
d_og,se_gov_bond_10y__lvl,rt_h1,0,rates,98,-1.0808614502074807,-0.8575290621623225,0.3911525604573318,-0.11552425778104382,False,1.0,1.0,0.9823166834171976,0.5516050467879952
d_og,se_gov_bond_10y__d4,rt_h1,0,rates,98,0.7632595486996806,1.532546134224328,0.1253877222301456,-0.031594566345526334,False,1.0,1.0,0.7986583383382068,0.09415625178944227
d_og,se_eursek__yoy,rt_h1,0,fx,98,-0.3879177492640378,-0.7261601988005401,0.4677405684098408,-0.010492105372285003,False,1.0,1.0,0.831644577743686,0.000907296091121031
d_og,se_eursek__dyoy,rt_h1,0,fx,98,1.0535484424667325,2.2115533202516735,0.026997543817762537,0.19659561280717727,False,0.40915286513736504,0.5550958655883631,0.7684654551716504,0.007492274315341706
d_og,ea_negotiated_wages_yoy_q__lvl,rt_h1,1,wages_income,98,-1.7630259150143415,-2.8388229603008877,0.004528027174560911,-0.29233328987262386,False,0.09319187137714233,0.13801713634267657,0.8180014906887084,0.03689896900554964
d_og,ea_negotiated_wages_yoy_q__d4,rt_h1,1,wages_income,98,-0.24127312127753492,-0.5406801557298664,0.588728058717243,-0.04305561387393435,False,1.0,1.0,0.5100493568395038,1.5163243369684762e-05
d_og,no_earn_idx_food_manuf_q__yoy,rt_h1,1,wages_income,98,-0.44554078218709264,-0.8714191153481036,0.3835253522861133,-0.16666832723437233,False,1.0,1.0,0.2742757027484257,0.02125687124688528
d_og,no_earn_idx_food_manuf_q__dyoy,rt_h1,1,wages_income,98,-0.16326350110266236,-0.3310049083562602,0.7406407780199669,-0.09623630288905327,False,1.0,1.0,0.14145297895820255,0.0011894000169557573
d_og,no_real_wage_qna_yoy_q__lvl,rt_h1,1,wages_income,94,0.35490564460433033,0.4986221169527492,0.6180456211209959,-0.06965341504160216,False,1.0,1.0,0.7472114391859161,0.20769227507440124
d_og,no_real_wage_qna_yoy_q__d4,rt_h1,1,wages_income,92,-0.08872880624709283,-0.12490664075213807,0.9005974609883882,-0.06516454498026411,False,1.0,1.0,0.5637626347341079,0.00030695658598628477
d_og,se_real_wage_yoy_q__lvl,rt_h1,1,wages_income,98,-0.4456245753210608,-0.9957647417120536,0.3193644652116103,-0.040986610212720015,False,1.0,1.0,0.9327680101118453,0.12768977333870057
d_og,se_real_wage_yoy_q__d4,rt_h1,1,wages_income,98,-0.9950046257250611,-4.866543426609483,1.1356697817710426e-06,-0.29169583009834366,False,8.414408247537034e-05,0.00011845842446551646,0.8629711587782746,0.009389269304105255
d_og,se_wage_idx_m__yoy,rt_h1,1,wages_income,98,-0.7996324834673891,-1.048362524830367,0.2944716125887785,-0.15990758893771928,False,1.0,1.0,0.8925233369699556,0.08502407436310853
d_og,se_wage_idx_m__dyoy,rt_h1,1,wages_income,98,0.4539367742351951,0.7329153025655981,0.463610089224902,0.14247124439284983,False,1.0,1.0,0.6657173770090662,0.01401534997355716
d_og,ea_hicp_food_idx__yoy,rt_h1,1,consumer_prices,98,0.18329839116394817,0.5401110569377796,0.5891204458653911,-0.08198723511726949,False,1.0,1.0,0.9140298756494311,0.03190237186938041
d_og,ea_hicp_food_idx__dyoy,rt_h1,1,consumer_prices,96,0.9449165012794921,4.322288977660969,1.5441875129473814e-05,0.20938332452562106,False,0.0006686415089107647,0.0011073543619320768,0.8394696756513607,0.0012222816581908475
d_og,eu_ppi_dom_c103_idx__yoy,rt_h1,1,producer_prices_input_costs,98,0.18399565618863228,0.3830669696226018,0.7016701095064033,-0.0607316942845289,False,1.0,1.0,0.9281268089320225,0.06092994510231965
d_og,eu_ppi_dom_c103_idx__dyoy,rt_h1,1,producer_prices_input_costs,96,0.819750214641796,3.0381344197385833,0.0023804774444213805,0.23556572077657292,False,0.05436197641755981,0.08205645618234246,0.8615860411244594,0.001150088472502795
d_og,eu_ppi_dom_c105_idx__yoy,rt_h1,1,producer_prices_input_costs,98,1.3413889023024856,3.667852980330522,0.00024459575164970104,0.24509073002884862,False,0.007551081833782762,0.012089272066756614,0.8736903037398932,0.018178527468026055
d_og,eu_ppi_dom_c105_idx__dyoy,rt_h1,1,producer_prices_input_costs,96,1.1966994855677244,4.213286724204191,2.5168123591656766e-05,0.2906483364108606,False,0.0010233424938430437,0.0016986679147943551,0.8319145853855229,0.00042915946979024845
d_og,eu_ppi_dom_c106_idx__yoy,rt_h1,1,producer_prices_input_costs,98,1.2280110173458432,3.9948417369749345,6.473748257507239e-05,0.27180793174521556,False,0.002296211968887502,0.0037395849597246966,0.8921253543389699,4.946342824284714e-05
d_og,eu_ppi_dom_c106_idx__dyoy,rt_h1,1,producer_prices_input_costs,96,1.517642906379389,5.775141662525599,7.688836678454436e-09,0.3862513124760939,False,2.5635669197006066e-06,1.5834364431885007e-06,0.8480071854372957,0.0009619821400298912
d_og,eu_ppi_dom_c107_idx__yoy,rt_h1,1,producer_prices_input_costs,98,0.5224686856639439,1.4050051865340618,0.16001973599773356,0.03350797172891472,False,1.0,1.0,0.9068849034947083,0.01928269012343007
d_og,eu_ppi_dom_c107_idx__dyoy,rt_h1,1,producer_prices_input_costs,96,1.1793595896000895,4.908822621247156,9.16248021010091e-07,0.31572238268939756,False,7.450976878626313e-05,0.00010012218474715456,0.8453673233791384,2.5592558783966646e-05
d_og,eu_ppi_dom_c108_idx__yoy,rt_h1,1,producer_prices_input_costs,98,0.231078370268926,0.47503836052127546,0.6347596315041528,-0.07861928373927232,False,1.0,1.0,0.93635037995366,0.09843515327506033
d_og,eu_ppi_dom_c108_idx__dyoy,rt_h1,1,producer_prices_input_costs,96,0.8318777446215415,3.3237525625464874,0.0008881496021975188,0.24446154286018473,False,0.02295516602276895,0.03493333048737176,0.8680085136483179,0.0001463947544077171
d_og,eu_ppi_dom_food_mfg_idx__yoy,rt_h1,1,producer_prices_input_costs,98,1.1282510490533058,2.6913979360515294,0.0071153266402299575,0.14286795858949222,False,0.1363419861910358,0.19364041817309846,0.9077037724577236,0.018873554955382427
d_og,eu_ppi_dom_food_mfg_idx__dyoy,rt_h1,1,producer_prices_input_costs,96,1.3539516763362889,5.656822991868542,1.542006478061353e-08,0.3457163833807644,False,4.284389783133335e-06,2.91408271801292e-06,0.8544556448210283,3.176417776490685e-05
d_og,ea_ec_food_ind_sell_price_exp__lvl,rt_h1,0,price_expectations,98,1.8096966189581742,4.326682222713798,1.5137209848914424e-05,0.33765581818091606,False,0.0006640736715905698,0.0010903742114780708,0.8570579654709235,0.05648642597684678
d_og,ea_ec_food_ind_sell_price_exp__d4,rt_h1,0,price_expectations,98,1.4605269600749637,3.256323918656964,0.0011286491091324624,0.37300901030575695,False,0.02839541132360169,0.04316624342952828,0.816622100728545,4.48067468246736e-05
d_og,no_fn_cci_sa__lvl,rt_h1,0,consumer_survey,98,1.7118800266188394,2.472507771899307,0.013416879630640643,0.159771860192521,False,0.23178121618891626,0.32023667076587176,0.953861827159213,0.43016972733811054
d_og,no_fn_cci_sa__d4,rt_h1,0,consumer_survey,98,-0.04201207517798816,-0.08425255286417704,0.9328556355384887,-0.05870322266933287,False,1.0,1.0,0.843137764949903,0.0013309050489748683
d_og,no_nbes_bl_sell_price_di__lvl,rt_h1,0,price_expectations,97,1.596233307545241,2.0584730877217976,0.03954474209062098,0.15216773348488277,False,0.5563196809167015,0.7360967675729652,0.8611891621541462,2.5067060869598952e-05
d_og,no_nbes_bl_sell_price_di__d4,rt_h1,0,price_expectations,93,0.6300932485868784,1.1926352300903014,0.23301226210396275,0.11831541774736914,False,1.0,1.0,0.7174042885660665,0.011001769614296145
d_og,no_ssb_bts_consgoods_home_price_exp__lvl,rt_h1,1,price_expectations,98,1.7591816912623366,2.7161031315635706,0.006605533781119499,0.17197768569545865,False,0.12804525631669852,0.18262759010542925,0.8350925273446356,0.37201003022119006
d_og,no_ssb_bts_consgoods_home_price_exp__d4,rt_h1,1,price_expectations,98,1.2551700658364706,3.562030357034893,0.00036799781982099766,0.33707971037186524,False,0.010669189483146352,0.016937699422979232,0.5694470013069067,0.006054092595223085
d_og,se_ec_cons_conf__lvl,rt_h1,0,consumer_survey,98,-0.22949650756714193,-0.4477580407473242,0.6543278284792193,0.012359909334551692,False,1.0,1.0,0.877551214731443,0.18660151137343067
d_og,se_ec_cons_conf__d4,rt_h1,0,consumer_survey,98,-1.2035747825586696,-6.172777814408334,6.710048072733343e-10,-0.32464213731785874,False,5.671100367608405e-07,1.9173572906693716e-07,0.8192944337002316,0.00048405452140924595
d_og,se_nier_food_mfg_sell_price_exp__lvl,rt_h1,0,price_expectations,98,1.4019281242643091,2.3912538985538268,0.016790936690346037,0.26711448062319976,False,0.2813234084260439,0.3836667841867787,0.8103195639129432,0.1299782820646935
d_og,se_nier_food_mfg_sell_price_exp__d4,rt_h1,0,price_expectations,98,1.0697404821702274,2.284758206798036,0.022327009500149764,0.341964890201889,False,0.3544828961534976,0.4826989412403167,0.7309738360907708,7.183384820895125e-06
d_og,eu_ppi_paper_packaging_idx__yoy,rt_h1,1,packaging_freight,98,1.282362222969662,3.695461996285864,0.0002194873108609663,0.27828631554680583,False,0.006839268639826673,0.01094934521855019,0.9069108962107351,0.014082917704436955
d_og,eu_ppi_paper_packaging_idx__dyoy,rt_h1,1,packaging_freight,96,1.3540893166792505,4.500670564378088,6.773942306192993e-06,0.35507760310166175,False,0.0003474658758952755,0.0005386724033090437,0.8675227836576729,1.4646865375468992e-05
d_og,eu_ppi_plastic_products_idx__yoy,rt_h1,1,packaging_freight,98,1.5879806782182324,4.3607515679265845,1.2961646471465471e-05,0.32310311546031123,False,0.0005919994927621122,0.0009594780435058438,0.9056815498415068,0.01981176046729837
d_og,eu_ppi_plastic_products_idx__dyoy,rt_h1,1,packaging_freight,96,1.5444647128535502,4.700629724983472,2.5936042926666403e-06,0.3640940117072531,False,0.00015722624762315465,0.00023274764112640302,0.8661503842308345,0.00032109787186052123
d_og,glob_fao_cereals_idx__yoy,rt_h1,0,commodities,98,1.225938791625305,2.21822584707316,0.026539437239826658,0.285575523469228,False,0.4040467497386011,0.5475710571010934,0.817713822498277,0.030779088452408516
d_og,glob_fao_cereals_idx__dyoy,rt_h1,0,commodities,98,0.10007314859098045,0.16849761507261454,0.866191819744615,0.13510931724536487,False,1.0,1.0,0.7432849982136328,0.0008394949071345538
d_og,glob_fao_dairy_idx__yoy,rt_h1,0,commodities,98,0.7606637854488708,1.4075797472533218,0.15925554796866814,0.07318874948628233,False,1.0,1.0,0.8484982671185941,0.007314375059597211
d_og,glob_fao_dairy_idx__dyoy,rt_h1,0,commodities,98,-0.01099923247834179,-0.0202150869629302,0.9838717926890945,-0.06200951278470249,False,1.0,1.0,0.8246427781731062,7.949944618729302e-05
d_og,glob_fao_ffpi__yoy,rt_h1,0,commodities,98,1.3184129959620998,2.278770095903844,0.022680735420020248,0.26762271773599877,False,0.35839232440459184,0.48706860523816053,0.839991514765434,0.014834311195618496
d_og,glob_fao_ffpi__dyoy,rt_h1,0,commodities,98,0.14418964203537923,0.23911728987132566,0.811014635230358,0.09452093772979166,False,1.0,1.0,0.7935196367385194,0.0006314676790982632
d_og,glob_fao_ffpi_eur__yoy,rt_h1,0,commodities,98,1.4256796687807072,2.931836801501419,0.0033696376881937606,0.3838653671255483,False,0.07295356326305275,0.10847190419811245,0.8347516090824487,1.5062080420659687e-05
d_og,glob_fao_ffpi_eur__dyoy,rt_h1,0,commodities,98,0.5704338732249502,1.0596062341382886,0.289323776265757,0.2307033635426083,False,1.0,1.0,0.7870102518555387,6.542857828203963e-07
d_og,glob_fao_ffpi_nok__yoy,rt_h1,0,commodities,98,1.3680279701694218,2.9338169770023796,0.003348215786019626,0.3617015437624867,False,0.07295356326305275,0.10799874274381029,0.8228269516137533,0.008468118447810601
d_og,glob_fao_ffpi_nok__dyoy,rt_h1,0,commodities,98,0.8743361880707089,1.9175943260012935,0.055162470158163,0.24751724504539518,False,0.7131929869078878,0.9471123532249504,0.765250160632876,0.0008131276047214736
d_og,glob_fao_meat_idx__yoy,rt_h1,0,commodities,98,1.449351312856919,2.6002623745028957,0.009315250828513033,0.2633015661830838,False,0.170650351956282,0.24173442795852237,0.8034717244531673,0.0005214656695097058
d_og,glob_fao_meat_idx__dyoy,rt_h1,0,commodities,98,0.6780079352030974,1.1357612336235943,0.2560565054844872,0.17165915106116905,False,1.0,1.0,0.7623302934109546,3.8784398610316866e-05
d_og,glob_fao_sugar_idx__yoy,rt_h1,0,commodities,98,-0.27149669772755225,-0.4688874701660353,0.6391500729093871,-0.0003053392187426991,False,1.0,1.0,0.7744108440493735,0.015946312130743892
d_og,glob_fao_sugar_idx__dyoy,rt_h1,0,commodities,98,-0.3679552706413119,-0.9735520935235767,0.33027898273913747,0.003489643282875894,False,1.0,1.0,0.7035295894141299,0.00010898391950783184
d_og,glob_fao_vegoils_idx__yoy,rt_h1,0,commodities,98,1.0282859296862588,1.6837576523790914,0.09222851437301527,0.22873989937756106,False,1.0,1.0,0.8209083955038609,0.004847725951699453
d_og,glob_fao_vegoils_idx__dyoy,rt_h1,0,commodities,98,-0.12457217747877913,-0.22000321389608563,0.8258686516980231,0.039255384988147436,False,1.0,1.0,0.7840597843503714,0.0020068951089161884
d_og,glob_gscpi__lvl,rt_h1,0,packaging_freight,98,1.84704465150016,3.43466742911692,0.000593281446329641,0.27197744495831133,False,0.015952292511095072,0.024882647990120174,0.8488242964972464,0.2162242354162769
d_og,glob_gscpi__d4,rt_h1,0,packaging_freight,98,0.3811492060644408,0.6507250671745263,0.5152239786888413,0.1538406308326655,False,1.0,1.0,0.702165969333573,0.00046917027423038215
d_og,glob_wb_food_idx__yoy,rt_h1,0,commodities,98,1.2999156649340813,2.0088207241934315,0.044556149601307826,0.2586375817360244,False,0.6103684305876422,0.8041781143514511,0.801698214252439,0.03914402496698348
d_og,glob_wb_food_idx__dyoy,rt_h1,0,commodities,98,0.22827915773762883,0.3654598732081196,0.7147681548872178,0.17378102325431358,False,1.0,1.0,0.7215557173222272,0.0010729570136151039
d_og,glob_wb_food_idx_eur__yoy,rt_h1,0,commodities,98,1.458152922429042,2.7379680362659995,0.006182008407619621,0.37586440501848034,False,0.12053620220274314,0.17240176622175907,0.7982880168629466,0.006893045139044713
d_og,glob_wb_food_idx_eur__dyoy,rt_h1,0,commodities,98,0.8410826118205789,1.649516484998187,0.09904186877281052,0.33420320227937167,False,1.0,1.0,0.7102615096822911,1.8289751803244727e-05
d_og,glob_wb_food_idx_nok__yoy,rt_h1,0,commodities,98,1.2347245987676778,2.483970684217655,0.012992650357118718,0.3400291407990207,False,0.22562153287711537,0.3123863393409862,0.7834343195349945,5.394509186492416e-06
d_og,glob_wb_food_idx_nok__dyoy,rt_h1,0,commodities,98,1.2406596166075512,3.604525233178936,0.0003127240665086184,0.3622519962152572,False,0.009146195417953466,0.014832575102727154,0.6780888483823206,0.001419016038110297
d_og,us_ppi_corrugated_boxes_idx__yoy,rt_h1,1,packaging_freight,98,1.472747604119002,3.7035657932820603,0.00021259001225937268,0.23279498441015495,False,0.006686841275364534,0.010638304755418299,0.8344126236616143,0.023510931316145733
d_og,us_ppi_corrugated_boxes_idx__dyoy,rt_h1,1,packaging_freight,98,0.9153317865627164,1.7815946958329767,0.07481535003507989,0.07391638743285539,False,0.9037860900920315,1.0,0.7997913269872224,0.005483384912244974
d_og,us_ppi_plastic_resins_idx__yoy,rt_h1,1,packaging_freight,98,1.67172728568389,4.334450938778977,1.4612437103211917e-05,0.3055131892611041,False,0.0006495990995875822,0.001062098960930425,0.819783321280979,0.017919533311986053
d_og,us_ppi_plastic_resins_idx__dyoy,rt_h1,1,packaging_freight,98,0.5384501773322767,1.007837505076971,0.3135324775584727,0.12510909067543377,False,1.0,1.0,0.7637291520537985,0.0012925906697761735
d_og,w_food_cpi_yoy,rt_h1,1,consumer_prices,98,-0.2567743603448349,-0.5801761865673023,0.5617958107144578,-0.11892051226150245,False,1.0,1.0,0.8908349436122175,0.09030722277739589
d_og,w_food_cpi_dyoy,rt_h1,1,consumer_prices,98,0.654903836769339,3.624316775908908,0.00028972632709134416,0.13791799925264353,False,0.008702599648874852,0.01397585319672669,0.8151585263488269,0.0008005311249592261
d_og,w_cpi_yoy,rt_h1,1,consumer_prices,98,0.5899607085026998,1.1615287008490611,0.24542695835882133,0.004899802159694737,False,1.0,1.0,0.930137836130678,0.10496355561166787
d_og,w_cpi_dyoy,rt_h1,1,consumer_prices,98,1.1153752326310231,4.674076235835114,2.952796409827485e-06,0.2955092495111292,False,0.000172720016692219,0.0002606133861059048,0.8412433062602631,4.718251085151302e-06
d_og,w_food_cpi_rel_yoy,rt_h1,1,consumer_prices,98,-0.8860847039058989,-1.5790732940609806,0.11431924644695846,-0.2120275544837841,False,1.0,1.0,0.785567485121036,0.04073879536360684
d_og,w_food_cpi_rel_dyoy,rt_h1,1,consumer_prices,98,0.14698116383022733,0.34084971820995036,0.7332167194648,-0.02916505801948255,False,1.0,1.0,0.7269727162382932,0.0019947412057104976
d_og,w_food_cpi_xvat_yoy,rt_h1,1,consumer_prices,98,-0.2573962645191433,-0.5893200508331002,0.5556465967933237,-0.12506160886281978,False,1.0,1.0,0.9021766716432724,0.06120976908576375
d_og,w_food_cpi_xvat_dyoy,rt_h1,1,consumer_prices,98,0.6731719272224175,3.7294703813179324,0.00019188265872038812,0.14301612255239093,False,0.006092989800929686,0.009692665165759657,0.8366397634201136,0.0007233493085957974
d_og,w_wage_yoy,rt_h1,1,wages_income,98,0.5072913787812477,0.9186929296352062,0.35825620903983735,0.0929327922300595,False,1.0,1.0,0.591004231601322,0.01745596331654198
d_og,w_wage_dyoy,rt_h1,1,wages_income,98,0.6279178405549777,1.7407889261727691,0.08172058377426117,0.12623394478792346,False,0.9801006726959919,1.0,0.18963920967705197,0.0018524942964857358
d_og,w_real_wage_yoy,rt_h1,1,wages_income,98,-0.19304101840608884,-0.39580036094025617,0.6922523105298781,0.06060917741904515,False,1.0,1.0,0.7800508811001822,0.12857335248705867
d_og,w_real_wage_dyoy,rt_h1,1,wages_income,98,-0.6119404446142641,-1.6699314370412188,0.09493292962847,-0.13981315182911352,False,1.0,1.0,0.4339413845000605,0.0009211343581796293
d_og,w_cons_conf_z,rt_h1,0,consumer_survey,98,0.1759593665734568,0.219915421604779,0.8259370256063587,0.0876774828454136,False,1.0,1.0,0.9196193549253993,0.27930363673706804
d_og,w_cons_conf_z_d4,rt_h1,0,consumer_survey,98,-0.7836792939680292,-2.302089290640178,0.02133013724263777,-0.22725055039481398,False,0.3431219126506012,0.4655329638385288,0.8190544204437535,0.0007175507571341457
d_og,w_retail_food_vol_yoy,rt_h1,1,activity_retail,98,-1.2271681964934684,-1.9239736754045689,0.05435788322779178,-0.0544198399063564,False,0.7107328332878303,0.9388888696698835,0.9006239242280772,0.2187413540116332
d_og,w_retail_food_vol_dyoy,rt_h1,1,activity_retail,96,-1.4302328955581358,-3.6476421626544573,0.000264657881387631,-0.30492408459985415,False,0.008095475382655431,0.012961211298745806,0.8063637188667122,7.567809332114117e-05
d_og,w_retail_total_vol_yoy,rt_h1,1,activity_retail,98,0.6732863503959579,1.1531350271765348,0.24885496661737339,0.17243029857770145,False,1.0,1.0,0.8785943023947932,0.16448863960396187
d_og,w_retail_total_vol_dyoy,rt_h1,1,activity_retail,96,-0.40652254458953413,-0.9133239659770398,0.3610721813872362,-0.0748770591051372,False,1.0,1.0,0.7449291285850582,0.0007496185894658731
d_og,w_gdp_vol_yoy,rt_h1,1,activity_retail,98,1.7235113152344006,4.438199810026845,9.071438930030595e-06,0.36685635189864957,False,0.00044478618669622393,0.0007073649939240463,0.7249143393476877,0.019534835301906663
d_og,w_gdp_vol_dyoy,rt_h1,1,activity_retail,98,1.1203277266296476,3.5403133439080934,0.0003996522239357869,0.24944242724420193,False,0.011406520055171381,0.018098373134059917,0.6460063708208502,0.0014347308647274504
d_og,w_hh_real_inc_yoy,rt_h1,1,wages_income,72,0.7404823537265778,1.5498997276295894,0.12116558504840191,0.14331650473371177,False,1.0,1.0,0.5532200958048807,0.1564746407341296
d_og,w_hh_real_inc_dyoy,rt_h1,1,wages_income,68,-0.19619031975022289,-0.3673607247303538,0.7133499637411482,-0.01404698062099203,False,1.0,1.0,0.40543491881116855,0.001145659117305314
d_og,w_food_ppi_yoy,rt_h1,1,producer_prices_input_costs,98,0.6382855574546659,2.0169824035368347,0.043697349663662566,0.04537760543214054,False,0.6070547728319979,0.7958314807896415,0.911399902182867,0.059200617826933935
d_og,w_food_ppi_dyoy,rt_h1,1,producer_prices_input_costs,96,1.1141034646545571,5.176423994074815,2.2617913186806504e-07,0.2883905644062573,False,2.2179800657825676e-05,2.8607731080998107e-05,0.8536413914518619,7.050327396571876e-05
d_og,w_unemp_lvl,rt_h1,1,labour_market,98,-0.1175121422595453,-0.24070171518898237,0.8097863095211775,-0.0997663854352121,False,1.0,1.0,0.9346233269964845,0.003547076966876368
d_og,w_unemp_d4,rt_h1,1,labour_market,98,-1.7234063133612187,-3.918771918074459,8.900128437594468e-05,-0.389630416716285,False,0.003059204874113912,0.00484628399921453,0.8863829983399929,5.939425517906081e-08
d_og,w_policy_rate_lvl,rt_h1,0,rates,98,-0.8987557982738663,-1.310754485986788,0.189940723987009,-0.09400282752845604,False,1.0,1.0,0.9776512925040991,0.16259515925490403
d_og,w_policy_rate_d4,rt_h1,0,rates,98,0.6872512720976187,1.4234473226173003,0.15460652243710693,0.1769593591503836,False,1.0,1.0,0.9049871240436747,0.054587467460304594
d_og,w_gov10y_lvl,rt_h1,0,rates,98,-0.4406323561039401,-0.33559929606058564,0.737173054910361,-0.11794395486351367,False,1.0,1.0,0.9833076134644816,0.4379741842407668
d_og,w_gov10y_d4,rt_h1,0,rates,98,1.0136911362834944,1.870768328763884,0.06137719926036267,0.01090261559030327,False,0.7788362800067761,1.0,0.8375133486644528,0.12983879426860775
d_og,w_fx_vs_eur_yoy,rt_h1,0,fx,98,-0.7907208748211233,-1.3481986739243998,0.17759449102153724,-0.14594976399153267,False,1.0,1.0,0.8255204657320352,0.005625234730305131
d_og,w_fx_vs_eur_dyoy,rt_h1,0,fx,98,0.4375243716461723,0.8601524339475803,0.38970502085651804,-0.006265616178747933,False,1.0,1.0,0.7637340340970555,0.004705027460282979
d_og,w_fx_vs_usd_yoy,rt_h1,0,fx,98,0.009021375094838763,0.01503776536295239,0.9880020513810879,0.06254649249458678,False,1.0,1.0,0.7866814195934706,0.04407161891098799
d_og,w_fx_vs_usd_dyoy,rt_h1,0,fx,98,0.8004073664396241,1.3336068629795208,0.18233273257678073,0.18065398828098786,False,1.0,1.0,0.7029248394697424,0.00020781387221498613
d_og,w_fx_vs_nok_yoy,rt_h1,0,fx,98,0.5887453096180948,1.0279455338059815,0.3039754490115303,0.16364528287739127,False,1.0,1.0,0.7331451900180997,0.061604764358906584
d_og,w_fx_vs_nok_dyoy,rt_h1,0,fx,98,-0.06260862152483247,-0.13292075233608408,0.8942560545413827,0.08627813899347753,False,1.0,1.0,0.6716789508328556,0.000621891597040753
d_og,w_ec_food_ind_sell_price_exp_lvl,rt_h1,1,price_expectations,98,1.5451754960851314,3.7645008130040067,0.00016688212536175584,0.2439655848864501,False,0.005402025380075302,0.008538220550466255,0.8401062271169176,0.09385592693929774
d_og,w_ec_food_ind_sell_price_exp_d4,rt_h1,1,price_expectations,98,1.3271691598427147,4.150115985367111,3.3230684422846934e-05,0.3628647633914903,False,0.0012883232893804437,0.0021351769886256084,0.784419280067056,4.5544141575859685e-06
d_og,w_ec_food_retail_sell_price_exp_lvl,rt_h1,0,price_expectations,63,1.5287634726228005,2.9695659820076696,0.0029822076022285593,0.22307112579722768,False,0.06665960288896705,0.09856805945659965,0.8631622264562294,0.07216875821157197
d_og,w_ec_food_retail_sell_price_exp_d4,rt_h1,0,price_expectations,59,1.471640420305738,3.4381899741166673,0.0005856166944306906,0.2940122070294457,False,0.015952292511095072,0.02469011290954509,0.808353484044957,0.00018611426295658514
d_og,w_ec_cons_price_exp_lvl,rt_h1,0,price_expectations,98,1.9288402604369312,4.621098914930285,3.817127137928367e-06,0.39392318317844083,False,0.00021570918428115654,0.00032965394999813643,0.8608525901254508,0.0032465212316351295
d_og,w_ec_cons_price_exp_d4,rt_h1,0,price_expectations,98,0.9925534990447199,2.0240873921265736,0.04296116062703348,0.2748335149821868,False,0.5993246321574967,0.7842019832575,0.8269008676275778,0.0004758015262790783
d_og,w_hh_saving_lvl,rt_h1,1,wages_income,98,0.006931921913892522,0.004589158362110698,0.9963383942482618,-0.049142845298169924,False,1.0,1.0,0.937254654568618,0.8474339680158866
d_og,w_hh_saving_d4,rt_h1,1,wages_income,98,-1.6979717395806841,-4.780896036103424,1.7451560008208133e-06,-0.31292659936955974,False,0.00011409013700872758,0.00016887321429589515,0.4116788689409261,0.014319155419692711
d_og,nw_food_cpi_yoy,rt_h1,0,consumer_prices,98,-0.3174153052587085,-0.5000436271541162,0.6170443585704897,-0.09049136024505203,False,1.0,1.0,0.8712535268997397,0.13737052290782398
d_og,nw_food_cpi_dyoy,rt_h1,0,consumer_prices,98,0.670350992748747,2.5541537498392013,0.010644624155859095,0.14824644006525328,False,0.19081012253172053,0.2696967275035556,0.7706215154871803,0.0008502456109153745
d_og,nw_food_cpi_xvat_yoy,rt_h1,0,consumer_prices,98,-0.2952572379316452,-0.4765804799637411,0.6336608860858495,-0.09355166577095957,False,1.0,1.0,0.898214540320495,0.088890490355048
d_og,nw_food_cpi_xvat_dyoy,rt_h1,0,consumer_prices,98,0.7065817342982905,2.8053565039847146,0.0050260955100180915,0.16506712511095836,False,0.10218117959378349,0.1484111192260514,0.8174534723630721,0.00047168361430462933
d_og,nw_real_wage_yoy,rt_h1,1,wages_income,98,0.2662868770989182,0.5183019851704308,0.6042475880801006,0.10511678434085724,False,1.0,1.0,0.6660451678611793,0.1536326860082853
d_og,nw_real_wage_dyoy,rt_h1,1,wages_income,98,-0.23827900671753213,-0.5666642980549598,0.570942281357929,-0.07187134792895032,False,1.0,1.0,0.24027514566710415,0.0014173803613945686
d_og,nw_cons_conf_z,rt_h1,0,consumer_survey,98,0.6268163175573838,0.8565890444963428,0.3916720424752951,0.09711232695944691,False,1.0,1.0,0.9292296405833603,0.34503672422778825
d_og,nw_cons_conf_z_d4,rt_h1,0,consumer_survey,98,-0.7734457910375053,-2.528033837708762,0.011470329639607035,-0.22935875688337912,False,0.20234762795338543,0.28744348676658654,0.8347704608974341,9.570605228021588e-06
d_og,nw_retail_food_vol_yoy,rt_h1,1,activity_retail,98,-1.4417604478448354,-2.5810392040820584,0.00985033948769276,-0.12898266753398527,False,0.17849144208013484,0.2531662355989462,0.8754933561399922,0.14031795743333142
d_og,nw_retail_food_vol_dyoy,rt_h1,1,activity_retail,96,-1.6222684326592487,-5.016709396292029,5.256398212249991e-07,-0.3553385266758073,False,4.868215345190473e-05,6.163143710111681e-05,0.7850295410432014,0.0002857141587373619
d_og,nw_food_ppi_yoy,rt_h1,1,producer_prices_input_costs,98,0.4504014068532245,1.310917362586858,0.18988568421247254,0.02314689796377005,False,1.0,1.0,0.9141532488086936,0.11736504240776163
d_og,nw_food_ppi_dyoy,rt_h1,1,producer_prices_input_costs,96,1.0685221035608217,5.317802188072301,1.0502816061297437e-07,0.28364431254330186,False,1.3716323352702687e-05,1.519908289645745e-05,0.8448805687160931,2.6822279228724996e-05
d_og,fao_ffpi_sek_yoy,rt_h1,0,commodities,98,1.389356169108578,2.7822904695477373,0.005397670652199871,0.41632157240484974,False,0.10841323820941938,0.1576626974735247,0.8202007901338265,0.000303221123586656
d_og,fao_ffpi_sek_dyoy,rt_h1,0,commodities,98,1.0268821870749871,1.861342867105726,0.06269577319823427,0.3288172889703772,False,0.7858517939099199,1.0,0.7631842399585946,0.001180210088537242
d_og,wb_food_sek_yoy,rt_h1,0,commodities,98,1.2713968245403322,2.3985614668382005,0.01645961372654292,0.3903630028268856,False,0.2799932685940795,0.37824837077550905,0.7905817554024996,0.00974919701012821
d_og,wb_food_sek_dyoy,rt_h1,0,commodities,98,1.4124880192932976,2.6538190746704022,0.007958648681700708,0.4421800680229819,False,0.14991672646964185,0.2127156606462614,0.6848977309115938,0.001839002840775327
d_og,fao_ffpi_wloc_yoy,rt_h1,0,commodities,98,1.4283027153090764,2.9678450122124995,0.0029989550636955187,0.3936854130958828,False,0.06665960288896705,0.09871536124980396,0.8297098934910314,0.0002836112052225468
d_og,fao_ffpi_wloc_dyoy,rt_h1,0,commodities,98,0.7996772237390555,1.5355456670144711,0.124649848611873,0.26470952283275095,False,1.0,1.0,0.7776511237308878,0.00046317325270297534
d_og,wb_food_wloc_yoy,rt_h1,0,commodities,98,1.3739968821251496,2.624451350164858,0.008678869024673075,0.3743695328631866,False,0.1607587616415631,0.22705410915376237,0.7922666182409742,0.004941511167170695
d_og,wb_food_wloc_dyoy,rt_h1,0,commodities,98,1.1654333946944906,2.5512660881731843,0.01073323452997954,0.3807663463547497,False,0.19136963804062365,0.27151354285155577,0.6899206606602513,0.00088830961376155
d_og,eu_agri_basket_yoy,rt_h1,1,commodities,98,1.2771143722600935,2.636874741869622,0.008367372216535829,0.13310883083957717,False,0.15673035208348587,0.22179465061489903,0.8520075597572352,0.012727536257067311
d_og,eu_agri_basket_dyoy,rt_h1,1,commodities,96,0.8527348692651237,1.961599930699289,0.049809080355800006,0.13146310569674366,False,0.6669498803654811,0.878263328000668,0.8007678650626083,0.0025138770027193897
d_og,eu_agri_basket_wloc_yoy,rt_h1,1,commodities,98,1.0563483142460768,2.2196448736717547,0.02644288363627023,0.08163620215007879,False,0.4040467497386011,0.5466664206511064,0.8543614714703142,0.02162078948605185
d_og,eu_agri_basket_wloc_dyoy,rt_h1,1,commodities,96,0.9363699925781817,2.2993197072989036,0.021486791562458363,0.11263002994284328,False,0.3431219126506012,0.46815423710991644,0.8060929036757796,0.003465061441262764
d_og,elec_nordic_loc_yoy,rt_h1,0,energy,98,0.9677109822357381,2.0290989453006336,0.04244821332031723,0.2186883882248125,False,0.5946569252113781,0.7774893066971482,0.7240900987674318,0.0008895507454325807
d_og,elec_nordic_loc_dyoy,rt_h1,0,energy,98,0.3481818293148212,0.6077549869373573,0.5433499876509418,0.1039120400540025,False,1.0,1.0,0.6741014457471726,0.002315610875117909
d_og,natgas_eu_eur_yoy,rt_h1,0,energy,90,1.3702351006396887,3.452925858117702,0.0005545413966379087,0.3282105335045534,False,0.015280326159448406,0.02362801427076366,0.848374982064032,0.0012084228215865007
d_og,natgas_eu_eur_dyoy,rt_h1,0,energy,79,0.505263560282871,0.9567100473094037,0.33871362544409855,0.17285784491094838,False,1.0,1.0,0.8198488945961931,0.0005118304398019869
d_og,brent_nok_yoy,rt_h1,0,energy,98,1.1987682773763402,2.396025322285298,0.016573945260917933,0.23796743116584937,False,0.28050699570609894,0.3803316459995509,0.7581643138081795,0.000961845434639735
d_og,brent_nok_dyoy,rt_h1,0,energy,98,0.5617582354429086,0.9024621786329974,0.3668114038951491,0.13934115304735345,False,1.0,1.0,0.7101581616707573,0.006024234182274048
d_og,packaging_eu_yoy,rt_h1,1,packaging_freight,98,1.4359011081726658,3.7584579934379607,0.00017096373324587688,0.3034470907050423,False,0.005480935310031299,0.00869063505307927,0.9125490886352845,0.01716375249062556
d_og,packaging_eu_dyoy,rt_h1,1,packaging_freight,96,1.4586459791481148,4.38745352628982,1.146854885036852e-05,0.3692817162686526,False,0.0005385600602809441,0.0008608535966198254,0.8739439511245172,9.134842719830694e-05
d_og,packaging_us_yoy,rt_h1,1,packaging_freight,98,1.738802659910952,5.201848024110057,1.97316553096627e-07,0.31950144773593075,False,2.0558790676898807e-05,2.5356430116569168e-05,0.8417701791287963,0.0017183456676223932
d_og,packaging_us_dyoy,rt_h1,1,packaging_freight,98,0.7737424708077977,1.4780567658457642,0.13939258486695705,0.12350995049141161,False,1.0,1.0,0.7970521691922231,0.003211258274410453
d_og,price_cost_gap_ppi,rt_h1,1,other,98,-1.3914696443065104,-3.976861389544237,6.983084120082417e-05,-0.30120028882153677,False,0.00245079898181183,0.0039496947842045365,0.8363264015679872,9.288191180426028e-05
d_og,price_cost_gap_ppi_d4,rt_h1,1,other,96,-1.3748875288334117,-3.5399045232350073,0.00040027181208612816,-0.35207723756746073,False,0.011406520055171381,0.018098373134059917,0.7678522686335879,0.003757067189342778
d_og,price_cost_gap_fao_nok,rt_h1,1,other,98,-1.6775615339380834,-4.132123644695835,3.5942697590440886e-05,-0.44234678450994697,False,0.0013774487177685183,0.0022911036169240445,0.8168805626536505,0.00010045364394960964
d_og,price_cost_gap_fao_nok_d4,rt_h1,1,other,98,-1.0233187386165896,-2.3791622231371723,0.01735203772108651,-0.30057755216493387,False,0.28783158452806423,0.39313241183809944,0.7654992604890926,0.0004670394610574856
d_og,price_cost_gap_agri,rt_h1,1,other,98,-1.319992296783643,-2.792706605728764,0.0052269076501165745,-0.1757482166943879,False,0.10561969416129148,0.15377537227942786,0.8347223258072484,0.0006751476525595488
d_og,price_cost_gap_agri_d4,rt_h1,1,other,96,-0.6484530547262987,-1.3978529372223159,0.16215723379351843,-0.09430024742877674,False,1.0,1.0,0.7903738527245757,0.0018406820079126798
d_og,price_cost_gap_fao_wloc,rt_h1,1,other,98,-1.7456380681652268,-4.417172941872438,1.0000021810174786e-05,-0.47587830532351516,False,0.00048320996204202326,0.0007685803271410238,0.8256738129726776,0.0036985893037951726
d_og,price_cost_gap_fao_wloc_d4,rt_h1,1,other,98,-1.0567514972211274,-2.224882108398217,0.0260891534097214,-0.34549835713582594,False,0.40270800094078335,0.5414441037336968,0.7793081706086243,0.00021602018814617516
d_og,nw_price_cost_gap_ppi,rt_h1,1,other,98,-1.2999903645014164,-3.4152588932250367,0.0006372141487065441,-0.2899044846726328,False,0.016861604095999072,0.02638081980941389,0.8203405786102836,0.0024372336623516835
d_og,nw_price_cost_gap_ppi_d4,rt_h1,1,other,96,-1.3907622356917844,-3.491105734439087,0.00048102584526366066,-0.35354781772381516,False,0.013591595059667264,0.021286114267960017,0.7489032059261054,0.0034865763964011818
d_og,price_wage_gap,rt_h1,1,other,98,-0.4013874589563564,-0.7527337806496666,0.4516099062043337,-0.15590379323023124,False,1.0,1.0,0.8277904424769448,0.12158190626891034
d_og,price_wage_gap_d4,rt_h1,1,other,98,0.40678418462090454,1.4115995152816743,0.15806791521395192,0.06587832814373772,False,1.0,1.0,0.6479439255374921,0.002171887308691225
vol_proxy,no_cpi_food_idx__yoy,coincident,0,consumer_prices,102,-1.0450619176213338,-2.2111794980098884,0.027023409533299736,-0.3273613402626463,True,0.698448606860059,0.5550958655883631,0.8086304714796214,0.17662156788440392
vol_proxy,no_cpi_food_idx__dyoy,coincident,0,consumer_prices,102,-0.8923282185730449,-2.1606950431023213,0.03071890407440625,-0.30866842828598906,True,0.7700839990437753,0.612269577875553,0.6699342292282324,0.0006540771685229985
vol_proxy,no_cpi_total_idx__yoy,coincident,0,consumer_prices,102,-0.5864372677325329,-1.3972507242060508,0.16233818806078926,-0.14695608118508133,True,1.0,1.0,0.8090396366955549,0.20592457859617563
vol_proxy,no_cpi_total_idx__dyoy,coincident,0,consumer_prices,102,-0.37784033310220144,-1.094932503352559,0.2735462079809259,-0.07497657285559944,True,1.0,1.0,0.6259308367722662,0.003104031584741151
vol_proxy,no_fx_eurnok__yoy,coincident,0,fx,102,-0.23878832745855194,-0.8011738269815629,0.4230310210267967,-0.07312226531149117,True,1.0,1.0,0.7839904584261776,0.03237143604177326
vol_proxy,no_fx_eurnok__dyoy,coincident,0,fx,102,-0.3402443479179897,-1.0282654367186492,0.3038249847253305,-0.1673332585510157,True,1.0,1.0,0.7200174971863504,0.0027538245151602207
vol_proxy,no_govbond_10y__lvl,coincident,0,rates,102,0.30709221985400853,0.3920209553871125,0.6950427304051114,-0.2654371149573376,True,1.0,1.0,0.9788487165261812,0.38762469291115537
vol_proxy,no_govbond_10y__d4,coincident,0,rates,102,-0.6776744161808279,-1.8485322840500595,0.06452537850288897,-0.24479962414570547,True,1.0,1.0,0.8219992864791176,0.13308790814684354
vol_proxy,no_imp_price_food_idx__yoy,coincident,0,producer_prices_input_costs,98,-0.7223039171185869,-2.157668446159723,0.03095361890442505,-0.18650175402714508,True,0.7701771964204187,0.6161302041208012,0.7881353506062018,0.25852885083551846
vol_proxy,no_imp_price_food_idx__dyoy,coincident,0,producer_prices_input_costs,94,-0.5554099679115947,-1.4210245908802535,0.1553096106317533,-0.1346763081030652,True,1.0,1.0,0.5622787312608253,0.023930043762385392
vol_proxy,no_jordbruk_malpris_mnok__lvl,coincident,0,tax_policy,102,-0.9500090384282068,-2.150150662915029,0.03154329926308841,-0.3437322219944722,True,0.7783136817199606,0.6248247852997658,0.81194811973535,0.13549493051148842
vol_proxy,no_jordbruk_malpris_mnok__d4,coincident,0,tax_policy,96,-0.8706415244793855,-2.4296993493639185,0.015111352169665082,-0.21707638500260945,True,0.44985165964532664,0.3538456117503876,0.7290037795166293,0.03153823065733642
vol_proxy,no_policy_rate__lvl,coincident,0,rates,102,0.8880683375247799,1.6850213708904334,0.09198444839038977,-0.14782367146789496,True,1.0,1.0,0.9751161949215335,0.15277240043405427
vol_proxy,no_policy_rate__d4,coincident,0,rates,102,-0.2121768467960244,-0.6607929924244763,0.5087450774102757,-0.08431118232505261,True,1.0,1.0,0.8957202641297115,0.0668626401533941
vol_proxy,no_ppi_food_dom_idx__yoy,coincident,0,producer_prices_input_costs,102,-0.7010946369397844,-1.9596537600182669,0.05003627321354376,-0.24077011064071133,True,0.9989701397535832,0.8803366455996409,0.9085326334719793,0.09655659875218935
vol_proxy,no_ppi_food_dom_idx__dyoy,coincident,0,producer_prices_input_costs,98,-0.6121181995627675,-1.8040575663566532,0.07122228295794075,-0.1111918954902608,True,1.0,1.0,0.8324503055713375,0.00048132184664365053
vol_proxy,no_qna_hh_food_cons_sa_mnok__yoy,coincident,1,activity_retail,102,0.1538012397374572,0.21562683630579813,0.8292786355051276,0.1518439061963638,False,1.0,1.0,0.8406391125928379,0.05541885594341623
vol_proxy,no_qna_hh_food_cons_sa_mnok__dyoy,coincident,1,activity_retail,102,-0.12624846133221318,-0.26926174882965226,0.7877282654805162,-0.024406427187615792,False,1.0,1.0,0.7400574185732854,5.913374405594929e-05
vol_proxy,no_retail_foodstores_vol_sa_idx__yoy,coincident,1,activity_retail,102,-0.30572959093732166,-0.6547444833493934,0.5126322798590213,-0.0478325486545793,False,1.0,1.0,0.8568518438985309,0.04790690063553137
vol_proxy,no_retail_foodstores_vol_sa_idx__dyoy,coincident,1,activity_retail,98,-0.6482973011383657,-3.705765115733775,0.000210753546829201,-0.26094953214213695,False,0.018017490760167575,0.010579362946017235,0.8070661256503784,1.4102196993940877e-05
vol_proxy,no_vat_food_rate__lvl,coincident,0,tax_policy,102,0.24818930781079623,1.073707964374223,0.2829535906598968,0.08124908920069591,True,1.0,1.0,0.7552630152846657,0.12730151810399776
vol_proxy,no_vat_food_rate__d4,coincident,0,tax_policy,102,0.061755464976719,0.41226575452976755,0.6801446463003291,0.0030218038726025002,True,1.0,1.0,0.7240734491610796,0.0696187785139645
vol_proxy,se_cpi_idx__yoy,coincident,0,consumer_prices,102,-0.7723714907445598,-2.377947407000924,0.01740930878169844,-0.20046399446785393,True,0.5037392171445724,0.3938744251636998,0.9395911545166841,0.06851278561262832
vol_proxy,se_cpi_idx__dyoy,coincident,0,consumer_prices,102,-0.8642561629030325,-2.590945984319438,0.009571251324159702,-0.11081899191331596,True,0.31911905923964334,0.24717977826622453,0.8753415147178213,0.004221836181208122
vol_proxy,se_cpi_food_idx__yoy,coincident,0,consumer_prices,102,-1.1711196255819118,-6.265737031075436,3.7106606676218234e-10,-0.3480445056282041,True,2.474373519834375e-07,1.1038043056844297e-07,0.874019048207315,0.05233524666667634
vol_proxy,se_cpi_food_idx__dyoy,coincident,0,consumer_prices,102,-0.9970901510758381,-4.841163807042312,1.2908091080454653e-06,-0.23437940672697585,True,0.00021518700860861383,0.0001318647138077415,0.8102101307333693,0.00464279359956733
vol_proxy,se_ppi_food_hmpi_idx__yoy,coincident,1,producer_prices_input_costs,102,-0.8626930795184206,-2.2766025843128914,0.022809968421926285,-0.2048341449356849,False,0.6183061915433677,0.48918988571000593,0.8872702297888111,0.1021002446045647
vol_proxy,se_ppi_food_hmpi_idx__dyoy,coincident,1,producer_prices_input_costs,102,-0.6995207686179762,-2.0409053212817243,0.04126023880031027,-0.08164364097435341,False,0.9196763160494431,0.7635660578665218,0.814502114563115,8.659467014354766e-05
vol_proxy,se_retail_grocery_vol_sa_idx__yoy,coincident,1,activity_retail,102,1.8080260711396183,5.621188580950921,1.896481149898932e-08,0.4153591877693503,False,4.863951109135248e-06,3.4228914497226424e-06,0.7172047969097449,0.16663102168789148
vol_proxy,se_retail_grocery_vol_sa_idx__dyoy,coincident,1,activity_retail,102,1.5716556741310348,7.088915485171669,1.3515855101786656e-12,0.4689356117757822,False,2.253188647347614e-09,6.749837712279727e-10,0.5368579295538688,0.0011207357652802277
vol_proxy,se_na_hhcons_food_sa__yoy,coincident,1,activity_retail,102,1.395581768018352,5.433779155216782,5.5172859614316394e-08,0.4937459438205356,False,1.0820830532514037e-05,8.658677956343062e-06,0.5512070035688645,0.032319619008240666
vol_proxy,se_na_hhcons_food_sa__dyoy,coincident,1,activity_retail,102,1.3554754507914601,5.552667309075444,2.8134321983230848e-08,0.40234359142533505,False,6.700272110689828e-06,4.966262417172179e-06,0.4452282684171213,0.001636286051063472
vol_proxy,se_policy_rate__lvl,coincident,0,rates,102,1.166538106903936,1.8876881218100585,0.05906783192879139,-0.20606784152991178,True,1.0,1.0,0.9727778999989105,0.17137031674507533
vol_proxy,se_policy_rate__d4,coincident,0,rates,102,-0.31383325572898074,-0.9557057218294157,0.33922093090820393,-0.04841370722757326,True,1.0,1.0,0.897829766877159,0.019342387276120896
vol_proxy,se_gov_bond_10y__lvl,coincident,0,rates,102,0.5041796613777919,0.5144635456900561,0.6069279411158885,-0.27259564302573797,True,1.0,1.0,0.9823166834171976,0.5516050467879952
vol_proxy,se_gov_bond_10y__d4,coincident,0,rates,102,-0.8593086070517355,-2.7171424750639637,0.006584825498434199,-0.26685435790592293,True,0.2523533303732858,0.18236894245228696,0.7986583383382068,0.09415625178944227
vol_proxy,se_eursek__yoy,coincident,0,fx,102,-0.5327413997059607,-1.5160815206536158,0.129498740368579,-0.11323548879162626,True,1.0,1.0,0.831644577743686,0.000907296091121031
vol_proxy,se_eursek__dyoy,coincident,0,fx,102,-0.2064666663007472,-0.5076422839980195,0.6117042312742154,-0.10656449453639263,True,1.0,1.0,0.7684654551716504,0.007492274315341706
vol_proxy,se_food_vat_rate__lvl,coincident,0,tax_policy,102,-0.18293484388719963,-1.3559653453735532,0.17511019448394904,0.011784830877070327,True,1.0,1.0,,0.029126213592233014
vol_proxy,se_food_vat_rate__d4,coincident,0,tax_policy,102,-0.18293484388719983,-1.3559653453735534,0.17511019448394904,0.011784830877070327,True,1.0,1.0,,0.029126213592233014
vol_proxy,ea_negotiated_wages_yoy_q__lvl,coincident,1,wages_income,102,0.49037960231481564,0.9182640214217456,0.358480658426489,-0.17009942726212343,False,1.0,1.0,0.8180014906887084,0.03689896900554964
vol_proxy,ea_negotiated_wages_yoy_q__d4,coincident,1,wages_income,102,-0.17235769536450918,-0.4747690317065331,0.634951608370595,0.0004378170145146682,False,1.0,1.0,0.5100493568395038,1.5163243369684762e-05
vol_proxy,no_earn_idx_food_manuf_q__yoy,coincident,1,wages_income,102,-0.04315540922438392,-0.171467608990504,0.8638560975106422,-0.2099636837216955,False,1.0,1.0,0.2742757027484257,0.02125687124688528
vol_proxy,no_earn_idx_food_manuf_q__dyoy,coincident,1,wages_income,102,-0.1671686977765322,-0.6884263824309474,0.49118431474058744,-0.09394094958808606,False,1.0,1.0,0.14145297895820255,0.0011894000169557573
vol_proxy,no_real_wage_qna_yoy_q__lvl,coincident,1,wages_income,98,0.7647510105662908,1.688192501543916,0.09137428216668741,0.005769786866068576,False,1.0,1.0,0.7472114391859161,0.20769227507440124
vol_proxy,no_real_wage_qna_yoy_q__d4,coincident,1,wages_income,96,0.19633214710491098,0.5803992884213623,0.5616453848859779,0.06605997313236571,False,1.0,1.0,0.5637626347341079,0.00030695658598628477
vol_proxy,se_real_wage_yoy_q__lvl,coincident,1,wages_income,102,0.8600636900609411,2.9465190546809756,0.00321372618057314,0.16075946248522946,False,0.15992563761020406,0.1047120240176297,0.9327680101118453,0.12768977333870057
vol_proxy,se_real_wage_yoy_q__d4,coincident,1,wages_income,102,0.9843834265629244,3.580984036857183,0.00034230256981504503,0.14330928977318075,False,0.02536189315624069,0.01589163800125601,0.8629711587782746,0.009389269304105255
vol_proxy,se_wage_idx_m__yoy,coincident,1,wages_income,102,1.0944368724422249,2.1076185469392335,0.03506399797879478,-0.1183413363820419,False,0.8350594973876945,0.6745428759742198,0.8925233369699556,0.08502407436310853
vol_proxy,se_wage_idx_m__dyoy,coincident,1,wages_income,102,0.5292937458073164,1.6171161072473357,0.10585322061799118,0.15450667476207647,False,1.0,1.0,0.6657173770090662,0.01401534997355716
vol_proxy,ea_hicp_food_idx__yoy,coincident,1,consumer_prices,102,-0.8426559630446542,-2.866449700087766,0.004151041189567994,-0.290951404571936,False,0.19771655083328363,0.1289736832032206,0.9140298756494311,0.03190237186938041
vol_proxy,ea_hicp_food_idx__dyoy,coincident,1,consumer_prices,98,-0.8468813993919557,-2.7700586915449947,0.005604619242594477,-0.13639523330457534,False,0.23662271939911136,0.16221377576091897,0.8394696756513607,0.0012222816581908475
vol_proxy,eu_ppi_dom_c103_idx__yoy,coincident,1,producer_prices_input_costs,102,-0.6561257092128031,-1.9086874889385084,0.056302418064832604,-0.2693714093739246,False,1.0,0.962959705555386,0.9281268089320225,0.06092994510231965
vol_proxy,eu_ppi_dom_c103_idx__dyoy,coincident,1,producer_prices_input_costs,98,-0.9248169124565541,-2.9307184562806707,0.0033817912242934955,-0.1709210325622983,False,0.16581426987032422,0.10864541203194517,0.8615860411244594,0.001150088472502795
vol_proxy,eu_ppi_dom_c105_idx__yoy,coincident,1,producer_prices_input_costs,102,-0.872206846904085,-2.52072487470346,0.011711338023709716,-0.2912583891745485,False,0.37545440125331847,0.29142737325887597,0.8736903037398932,0.018178527468026055
vol_proxy,eu_ppi_dom_c105_idx__dyoy,coincident,1,producer_prices_input_costs,98,-0.7197706832197709,-2.058451861038556,0.03954677777853255,-0.1518787847672618,False,0.8969697391070518,0.7360967675729652,0.8319145853855229,0.00042915946979024845
vol_proxy,eu_ppi_dom_c106_idx__yoy,coincident,1,producer_prices_input_costs,102,-0.5061022954519664,-1.2501425988183725,0.2112474608886843,-0.04466157048426406,False,1.0,1.0,0.8921253543389699,4.946342824284714e-05
vol_proxy,eu_ppi_dom_c106_idx__dyoy,coincident,1,producer_prices_input_costs,98,-0.3717199534140821,-1.0732619977455653,0.2831535807412171,0.05922126364964532,False,1.0,1.0,0.8480071854372957,0.0009619821400298912
vol_proxy,eu_ppi_dom_c107_idx__yoy,coincident,1,producer_prices_input_costs,102,-0.7958961694930609,-2.1475754006419105,0.03174750135373228,-0.27443216876098964,False,0.7783136817199606,0.6279334096396861,0.9068849034947083,0.01928269012343007
vol_proxy,eu_ppi_dom_c107_idx__dyoy,coincident,1,producer_prices_input_costs,98,-0.8675224801927968,-2.2686186145286107,0.02329152863378159,-0.15619206860108867,False,0.6262681566990835,0.4962051293947267,0.8453673233791384,2.5592558783966646e-05
vol_proxy,eu_ppi_dom_c108_idx__yoy,coincident,1,producer_prices_input_costs,102,-0.54813836313247,-1.2769619529796095,0.20161567995034257,-0.21487549686092894,False,1.0,1.0,0.93635037995366,0.09843515327506033
vol_proxy,eu_ppi_dom_c108_idx__dyoy,coincident,1,producer_prices_input_costs,98,-0.8719052486563775,-2.731904867504772,0.006296932025487756,-0.10042558200674166,False,0.2441263043774057,0.17469683796622437,0.8680085136483179,0.0001463947544077171
vol_proxy,eu_ppi_dom_food_mfg_idx__yoy,coincident,1,producer_prices_input_costs,102,-0.5552344813307638,-1.3677669165700193,0.17138504640906782,-0.16428855847961088,False,1.0,1.0,0.9077037724577236,0.018873554955382427
vol_proxy,eu_ppi_dom_food_mfg_idx__dyoy,coincident,1,producer_prices_input_costs,98,-0.43634491533340775,-1.0947640139347838,0.27362003577234084,0.04289738521663743,False,1.0,1.0,0.8544556448210283,3.176417776490685e-05
vol_proxy,ea_ec_food_ind_sell_price_exp__lvl,coincident,0,price_expectations,102,-0.14848937574593907,-0.3780509385259313,0.705392753604543,0.0008666918303590104,True,1.0,1.0,0.8570579654709235,0.05648642597684678
vol_proxy,ea_ec_food_ind_sell_price_exp__d4,coincident,0,price_expectations,102,0.19042542262443338,0.6573926632160436,0.5109284679236674,0.2265485477210483,True,1.0,1.0,0.816622100728545,4.48067468246736e-05
vol_proxy,no_fn_cci_sa__lvl,coincident,0,consumer_survey,102,0.1756339443668474,0.31818241927967134,0.7503465677184298,0.02264911692045912,True,1.0,1.0,0.953861827159213,0.43016972733811054
vol_proxy,no_fn_cci_sa__d4,coincident,0,consumer_survey,102,0.5344535817013766,1.2417698826358892,0.2143214777488882,0.15031413186016426,True,1.0,1.0,0.843137764949903,0.0013309050489748683
vol_proxy,no_nbes_bl_sell_price_di__lvl,coincident,0,price_expectations,98,-0.09845967923978607,-0.24481604487578298,0.8065988698855069,-0.03448732661095112,True,1.0,1.0,0.8611891621541462,2.5067060869598952e-05
vol_proxy,no_nbes_bl_sell_price_di__d4,coincident,0,price_expectations,94,0.14247877420941862,0.49602285912653304,0.619878283130253,0.18866061049152527,True,1.0,1.0,0.7174042885660665,0.011001769614296145
vol_proxy,no_ssb_bts_consgoods_home_price_exp__lvl,coincident,1,price_expectations,102,0.2947290352610568,0.7244448435828587,0.4687926775967943,0.04189678171760045,False,1.0,1.0,0.8350925273446356,0.37201003022119006
vol_proxy,no_ssb_bts_consgoods_home_price_exp__d4,coincident,1,price_expectations,102,0.46810181735136397,1.5507144305983995,0.12097013472287621,0.22777017460388582,False,1.0,1.0,0.5694470013069067,0.006054092595223085
vol_proxy,se_ec_cons_conf__lvl,coincident,0,consumer_survey,102,0.83493165745265,1.9765202667459263,0.048095882669223045,0.2251197396219907,True,0.971869556147104,0.8527354238704581,0.877551214731443,0.18660151137343067
vol_proxy,se_ec_cons_conf__d4,coincident,0,consumer_survey,102,0.7588669783418448,2.287816014941771,0.02214823780191688,0.17899428930029734,True,0.6102922153732305,0.47947931405551625,0.8192944337002316,0.00048405452140924595
vol_proxy,se_nier_food_mfg_sell_price_exp__lvl,coincident,0,price_expectations,102,-0.021997892426424668,-0.06162139290284139,0.9508643402426433,0.047424783596380034,True,1.0,1.0,0.8103195639129432,0.1299782820646935
vol_proxy,se_nier_food_mfg_sell_price_exp__d4,coincident,0,price_expectations,102,0.28516941196229995,0.975872962034509,0.3291274223831242,0.23671519062414523,True,1.0,1.0,0.7309738360907708,7.183384820895125e-06
vol_proxy,eu_ppi_paper_packaging_idx__yoy,coincident,1,packaging_freight,102,-0.6333996850409963,-1.7005939549379572,0.08901926008090566,-0.13044637561458067,False,1.0,1.0,0.9069108962107351,0.014082917704436955
vol_proxy,eu_ppi_paper_packaging_idx__dyoy,coincident,1,packaging_freight,98,-0.4408577268379474,-2.010153098319972,0.044414987662115823,-0.018918552991887754,False,0.9492682826159802,0.802532054071721,0.8675227836576729,1.4646865375468992e-05
vol_proxy,eu_ppi_plastic_products_idx__yoy,coincident,1,packaging_freight,102,-0.26180404271539504,-0.5826638625397926,0.5601196049185384,-0.009061991383142995,False,1.0,1.0,0.9056815498415068,0.01981176046729837
vol_proxy,eu_ppi_plastic_products_idx__dyoy,coincident,1,packaging_freight,98,0.1137170233904515,0.4078199595959622,0.6834058588719008,0.1834600042013991,False,1.0,1.0,0.8661503842308345,0.00032109787186052123
vol_proxy,glob_fao_cereals_idx__yoy,coincident,0,commodities,102,-0.08009572775510174,-0.24262440945772448,0.8082963701154595,0.11548627431030958,True,1.0,1.0,0.817713822498277,0.030779088452408516
vol_proxy,glob_fao_cereals_idx__dyoy,coincident,0,commodities,102,0.20586701795953538,0.6986473108841984,0.4847724692552138,0.17230999717574585,True,1.0,1.0,0.7432849982136328,0.0008394949071345538
vol_proxy,glob_fao_dairy_idx__yoy,coincident,0,commodities,102,-0.4984062685243857,-1.7897125886214476,0.07350012760004199,-0.1573193430168402,True,1.0,1.0,0.8484982671185941,0.007314375059597211
vol_proxy,glob_fao_dairy_idx__dyoy,coincident,0,commodities,102,-0.16003244995534882,-0.5942265130399933,0.5523606220253825,-0.015598793221523476,True,1.0,1.0,0.8246427781731062,7.949944618729302e-05
vol_proxy,glob_fao_ffpi__yoy,coincident,0,commodities,102,0.09861576743058091,0.31449535602432616,0.7531448430296086,0.10162892832401128,True,1.0,1.0,0.839991514765434,0.014834311195618496
vol_proxy,glob_fao_ffpi__dyoy,coincident,0,commodities,102,0.443006101422423,1.2455478271995566,0.21293044647700166,0.19903153800860204,True,1.0,1.0,0.7935196367385194,0.0006314676790982632
vol_proxy,glob_fao_ffpi_eur__yoy,coincident,0,commodities,102,0.004790922046127367,0.01501327964453175,0.9880215859525268,0.139863051377695,True,1.0,1.0,0.8347516090824487,1.5062080420659687e-05
vol_proxy,glob_fao_ffpi_eur__dyoy,coincident,0,commodities,102,0.45798996633756306,1.3580173118983474,0.17445819096786241,0.24213189753540804,True,1.0,1.0,0.7870102518555387,6.542857828203963e-07
vol_proxy,glob_fao_ffpi_nok__yoy,coincident,0,commodities,102,-0.12444027676293061,-0.38887480537944286,0.6973687605400047,0.1255232024529209,True,1.0,1.0,0.8228269516137533,0.008468118447810601
vol_proxy,glob_fao_ffpi_nok__dyoy,coincident,0,commodities,102,0.36918763775225005,1.1597247491940175,0.2461608903714687,0.19557904357800796,True,1.0,1.0,0.765250160632876,0.0008131276047214736
vol_proxy,glob_fao_meat_idx__yoy,coincident,0,commodities,102,0.2269263437646126,0.662112000499451,0.507899445493154,0.012966134549154951,True,1.0,1.0,0.8034717244531673,0.0005214656695097058
vol_proxy,glob_fao_meat_idx__dyoy,coincident,0,commodities,102,0.47811967614051265,1.2354716775948553,0.21665501089428973,0.1911000217965555,True,1.0,1.0,0.7623302934109546,3.8784398610316866e-05
vol_proxy,glob_fao_sugar_idx__yoy,coincident,0,commodities,102,0.3097521386966531,1.0470237831301383,0.2950886092448908,0.11292101984172341,True,1.0,1.0,0.7744108440493735,0.015946312130743892
vol_proxy,glob_fao_sugar_idx__dyoy,coincident,0,commodities,102,0.5159573318094552,2.058572967565744,0.03953516457695927,0.15956093232813265,True,0.8969697391070518,0.7360967675729652,0.7035295894141299,0.00010898391950783184
vol_proxy,glob_fao_vegoils_idx__yoy,coincident,0,commodities,102,0.44435483660528685,1.3998141820905743,0.16156896979491364,0.21807183201904026,True,1.0,1.0,0.8209083955038609,0.004847725951699453
vol_proxy,glob_fao_vegoils_idx__dyoy,coincident,0,commodities,102,0.5997828220359387,1.5777107923688811,0.11463206577904672,0.2201511550648903,True,1.0,1.0,0.7840597843503714,0.0020068951089161884
vol_proxy,glob_gscpi__lvl,coincident,0,packaging_freight,102,0.03575194840016991,0.07929827094813144,0.9367953815560859,0.2569151343239754,True,1.0,1.0,0.8488242964972464,0.2162242354162769
vol_proxy,glob_gscpi__d4,coincident,0,packaging_freight,102,0.8946189478178542,2.6621512959610123,0.007764297073918902,0.4099420368305277,True,0.2813833133759262,0.20856218239386876,0.702165969333573,0.00046917027423038215
vol_proxy,glob_wb_food_idx__yoy,coincident,0,commodities,102,0.17467332764344348,0.5629762120463322,0.5734510823027776,0.14946682649444387,True,1.0,1.0,0.801698214252439,0.03914402496698348
vol_proxy,glob_wb_food_idx__dyoy,coincident,0,commodities,102,0.48266903931886046,1.8040035369025647,0.07123075248674482,0.23916060820737373,True,1.0,1.0,0.7215557173222272,0.0010729570136151039
vol_proxy,glob_wb_food_idx_eur__yoy,coincident,0,commodities,102,0.06013655427264101,0.15489560671673275,0.8769036171791926,0.19388602521486126,True,1.0,1.0,0.7982880168629466,0.006893045139044713
vol_proxy,glob_wb_food_idx_eur__dyoy,coincident,0,commodities,102,0.5200693801172519,2.044282184035262,0.04092567823901461,0.2894595700057511,True,0.9196763160494431,0.7591237801814986,0.7102615096822911,1.8289751803244727e-05
vol_proxy,glob_wb_food_idx_nok__yoy,coincident,0,commodities,102,-0.08769252277237519,-0.21821046663362426,0.8272651303827299,0.1842127449627362,True,1.0,1.0,0.7834343195349945,5.394509186492416e-06
vol_proxy,glob_wb_food_idx_nok__dyoy,coincident,0,commodities,102,0.3822201173184297,1.5938965234992588,0.11095921323239777,0.23829497250442938,True,1.0,1.0,0.6780888483823206,0.001419016038110297
vol_proxy,us_ppi_corrugated_boxes_idx__yoy,coincident,1,packaging_freight,102,-0.33767930397313733,-1.0120889711684224,0.3114955151608254,-0.08445836121192607,False,1.0,1.0,0.8344126236616143,0.023510931316145733
vol_proxy,us_ppi_corrugated_boxes_idx__dyoy,coincident,1,packaging_freight,102,0.12251185623154572,0.4824486651239906,0.6294872574085146,0.07549604588085079,False,1.0,1.0,0.7997913269872224,0.005483384912244974
vol_proxy,us_ppi_plastic_resins_idx__yoy,coincident,1,packaging_freight,102,0.44263061770761414,1.3562896715091906,0.175007020436579,0.1428152604709308,False,1.0,1.0,0.819783321280979,0.017919533311986053
vol_proxy,us_ppi_plastic_resins_idx__dyoy,coincident,1,packaging_freight,102,0.545687913550213,1.306880986718439,0.19125313440711778,0.19974901903361447,False,1.0,1.0,0.7637291520537985,0.0012925906697761735
vol_proxy,w_food_cpi_yoy,coincident,1,consumer_prices,102,-1.2682136599332443,-6.821276222103219,9.023448654943422e-12,-0.39788365173946477,False,9.768259440587513e-09,3.62365767149863e-09,0.8908349436122175,0.09030722277739589
vol_proxy,w_food_cpi_dyoy,coincident,1,consumer_prices,102,-1.021264171120585,-5.712804397434509,1.111293901345789e-08,-0.2711732592620886,False,3.3580212725736145e-06,2.203832152927626e-06,0.8151585263488269,0.0008005311249592261
vol_proxy,w_cpi_yoy,coincident,1,consumer_prices,102,-0.8395738391801728,-2.3631199420243076,0.018121803496116584,-0.22405671552219478,False,0.5164158673502862,0.4048621054199655,0.930137836130678,0.10496355561166787
vol_proxy,w_cpi_dyoy,coincident,1,consumer_prices,102,-0.8155152073270907,-2.7070787957249878,0.006787814446345797,-0.1270006218240477,False,0.2535870145353349,0.18638403031004555,0.8412433062602631,4.718251085151302e-06
vol_proxy,w_food_cpi_rel_yoy,coincident,1,consumer_prices,102,-1.209337108976045,-3.991241507609327,6.572830381412764e-05,-0.4367366999800753,False,0.006640832219824832,0.0037573418339292065,0.785567485121036,0.04073879536360684
vol_proxy,w_food_cpi_rel_dyoy,coincident,1,consumer_prices,102,-1.0041749744189432,-3.3876488885917935,0.0007049444410611727,-0.3213238910507747,False,0.042734263497417865,0.028811933270687935,0.7269727162382932,0.0019947412057104976
vol_proxy,w_food_cpi_xvat_yoy,coincident,1,consumer_prices,102,-1.2828933072308217,-6.783632008013755,1.1719070158733302e-11,-0.40189363422756214,False,9.768259440587513e-09,4.482068263257114e-09,0.9021766716432724,0.06120976908576375
vol_proxy,w_food_cpi_xvat_dyoy,coincident,1,consumer_prices,102,-1.0529463387732652,-6.156337051485213,7.444669325451514e-10,-0.28646562145894533,False,3.8004501027822266e-07,2.0268798413616125e-07,0.8366397634201136,0.0007233493085957974
vol_proxy,w_wage_yoy,coincident,1,wages_income,102,-0.22385133798091672,-0.662513782277387,0.507642005009795,-0.17626300197326944,False,1.0,1.0,0.591004231601322,0.01745596331654198
vol_proxy,w_wage_dyoy,coincident,1,wages_income,102,-0.3669402444386567,-1.3397318398822733,0.18033254215890349,-0.16879896229879435,False,1.0,1.0,0.18963920967705197,0.0018524942964857358
vol_proxy,w_real_wage_yoy,coincident,1,wages_income,102,0.5963086915246699,1.4314673119304824,0.15229632885858702,0.10091428363675123,False,1.0,1.0,0.7800508811001822,0.12857335248705867
vol_proxy,w_real_wage_dyoy,coincident,1,wages_income,102,0.418080822036265,1.0293850138319576,0.3032987884480205,-0.05038184929980837,False,1.0,1.0,0.4339413845000605,0.0009211343581796293
vol_proxy,w_cons_conf_z,coincident,0,consumer_survey,102,0.6307947859336964,1.206260884132468,0.2277169148286664,0.18601097434154792,True,1.0,1.0,0.9196193549253993,0.27930363673706804
vol_proxy,w_cons_conf_z_d4,coincident,0,consumer_survey,102,0.7416416332263549,2.1879113482889965,0.028676060507374146,0.17812450113563966,True,0.7354618648221477,0.5782196586382993,0.8190544204437535,0.0007175507571341457
vol_proxy,w_retail_food_vol_yoy,coincident,1,activity_retail,102,0.6205041056400905,1.0456497094304713,0.2957227896544472,0.20341967978112774,False,1.0,1.0,0.9006239242280772,0.2187413540116332
vol_proxy,w_retail_food_vol_dyoy,coincident,1,activity_retail,98,0.3764613179174945,0.8196724610568781,0.41240285326069914,0.028015234994810248,False,1.0,1.0,0.8063637188667122,7.567809332114117e-05
vol_proxy,w_retail_total_vol_yoy,coincident,1,activity_retail,102,1.1849471656506594,4.019062031085526,5.843028742713585e-05,0.339576682594759,False,0.0062843498128012385,0.0034337622099547102,0.8785943023947932,0.16448863960396187
vol_proxy,w_retail_total_vol_dyoy,coincident,1,activity_retail,98,0.8396967169887635,2.6070454744666907,0.00913272305496693,0.21654751420740342,False,0.31071214936242325,0.2381519702153586,0.7449291285850582,0.0007496185894658731
vol_proxy,w_gdp_vol_yoy,coincident,1,activity_retail,102,0.7159701069488642,2.7809703871603526,0.005419668060566485,0.22159650688521326,False,0.23467454563830129,0.15799949250670875,0.7249143393476877,0.019534835301906663
vol_proxy,w_gdp_vol_dyoy,coincident,1,activity_retail,102,0.6352222310269816,1.9825849271843763,0.047413812383469534,0.20350108607359202,False,0.971869556147104,0.8434352144322623,0.6460063708208502,0.0014347308647274504
vol_proxy,w_hh_real_inc_yoy,coincident,1,wages_income,73,1.480785417457228,3.588454886903512,0.0003326435375681225,0.36431731177157534,False,0.02536189315624069,0.015578282436152644,0.5532200958048807,0.1564746407341296
vol_proxy,w_hh_real_inc_dyoy,coincident,1,wages_income,69,1.1794863372580395,3.595452124195877,0.0003238286803970425,0.38389859316602754,False,0.02536189315624069,0.015254414178975063,0.40543491881116855,0.001145659117305314
vol_proxy,w_food_ppi_yoy,coincident,1,producer_prices_input_costs,102,-0.857064071553453,-2.7664684364816785,0.005666707021551254,-0.2718387148695519,False,0.23662271939911136,0.16297802545385637,0.911399902182867,0.059200617826933935
vol_proxy,w_food_ppi_dyoy,coincident,1,producer_prices_input_costs,98,-0.7026043554307995,-2.597415379335445,0.009392826062482484,-0.09035682004772026,False,0.3163334430341051,0.24335439464743086,0.8536413914518619,7.050327396571876e-05
vol_proxy,w_unemp_lvl,coincident,1,labour_market,102,0.4209640255829421,1.189684069481186,0.23417058903539845,-0.023249920579139577,False,1.0,1.0,0.9346233269964845,0.003547076966876368
vol_proxy,w_unemp_d4,coincident,1,labour_market,102,-0.25779209105800854,-0.5904251765999714,0.5549056356486262,-0.16876421552744927,False,1.0,1.0,0.8863829983399929,5.939425517906081e-08
vol_proxy,w_policy_rate_lvl,coincident,0,rates,102,1.0372000063045705,1.8051355332150123,0.07105347589721656,-0.14797616946977474,True,1.0,1.0,0.9776512925040991,0.16259515925490403
vol_proxy,w_policy_rate_d4,coincident,0,rates,102,-0.35482606890529145,-0.9970559972154923,0.31873733003053495,-0.08379364673977881,True,1.0,1.0,0.9049871240436747,0.054587467460304594
vol_proxy,w_gov10y_lvl,coincident,0,rates,102,0.16391207150282894,0.18209832252416772,0.8555055651564754,-0.2877934429740336,True,1.0,1.0,0.9833076134644816,0.4379741842407668
vol_proxy,w_gov10y_d4,coincident,0,rates,102,-0.8916979888603145,-2.5060289575695753,0.01220956199634271,-0.27434053993851654,True,0.38045240128028157,0.29988651613494527,0.8375133486644528,0.12983879426860775
vol_proxy,w_fx_vs_eur_yoy,coincident,0,fx,102,-0.3790819097521473,-1.207357991492808,0.2272943062167634,-0.10579912098997817,True,1.0,1.0,0.8255204657320352,0.005625234730305131
vol_proxy,w_fx_vs_eur_dyoy,coincident,0,fx,102,-0.28426448763234097,-0.7427430649871045,0.4576372515175757,-0.16070819063027264,True,1.0,1.0,0.7637340340970555,0.004705027460282979
vol_proxy,w_fx_vs_usd_yoy,coincident,0,fx,102,-0.2899952478936772,-0.7459060847795764,0.45572414929101024,-0.003116116862030796,True,1.0,1.0,0.7866814195934706,0.04407161891098799
vol_proxy,w_fx_vs_usd_dyoy,coincident,0,fx,102,-0.09546986354923534,-0.34948580241906957,0.7267246277157724,-0.02780839825129736,True,1.0,1.0,0.7029248394697424,0.00020781387221498613
vol_proxy,w_fx_vs_nok_yoy,coincident,0,fx,102,0.061644357904968736,0.2251554569501063,0.8218583399532717,0.023674568672926954,True,1.0,1.0,0.7331451900180997,0.061604764358906584
vol_proxy,w_fx_vs_nok_dyoy,coincident,0,fx,102,0.32390383659186767,1.1303680288873383,0.25832117998678483,0.13763682931954882,True,1.0,1.0,0.6716789508328556,0.000621891597040753
vol_proxy,w_ec_food_ind_sell_price_exp_lvl,coincident,1,price_expectations,102,-0.04911257322918335,-0.13631675603807622,0.8915708781267091,0.05320228179084698,False,1.0,1.0,0.8401062271169176,0.09385592693929774
vol_proxy,w_ec_food_ind_sell_price_exp_d4,coincident,1,price_expectations,102,0.37855282497166354,1.2992246040659547,0.19386686015207366,0.278312275485391,False,1.0,1.0,0.784419280067056,4.5544141575859685e-06
vol_proxy,w_ec_food_retail_sell_price_exp_lvl,coincident,0,price_expectations,64,-0.9224877972120943,-1.7409355652441314,0.08169487371720097,-0.19172414876238025,True,1.0,1.0,0.8631622264562294,0.07216875821157197
vol_proxy,w_ec_food_retail_sell_price_exp_d4,coincident,0,price_expectations,60,-0.6085503827087333,-1.6609613055825823,0.09672121830764824,0.0023651715948410598,True,1.0,1.0,0.808353484044957,0.00018611426295658514
vol_proxy,w_ec_cons_price_exp_lvl,coincident,0,price_expectations,102,-0.1933838800155819,-0.5729710017839952,0.566664328449541,0.14766965396766754,True,1.0,1.0,0.8608525901254508,0.0032465212316351295
vol_proxy,w_ec_cons_price_exp_d4,coincident,0,price_expectations,102,0.3801533733352434,1.2727044963970873,0.20312292148170874,0.2477304023602119,True,1.0,1.0,0.8269008676275778,0.0004758015262790783
vol_proxy,w_hh_saving_lvl,coincident,1,wages_income,101,-0.7548275081877872,-0.5131097766923833,0.6078745330117545,0.0051751563567524065,False,1.0,1.0,0.937254654568618,0.8474339680158866
vol_proxy,w_hh_saving_d4,coincident,1,wages_income,101,-0.8498823663544732,-2.6349288554266272,0.008415491997858737,-0.1781616949381881,False,0.2948650470873531,0.22233638233182748,0.4116788689409261,0.014319155419692711
vol_proxy,nw_food_cpi_yoy,coincident,0,consumer_prices,102,-1.3548358245125516,-5.896440491168325,3.714266227916596e-09,-0.3919749149398177,True,1.2383889047259812e-06,8.403288687506801e-07,0.8712535268997397,0.13737052290782398
vol_proxy,nw_food_cpi_dyoy,coincident,0,consumer_prices,102,-1.095779766308978,-6.004857622982329,1.914998826180181e-09,-0.33095474517103807,True,7.981096242780103e-07,4.732490581105328e-07,0.7706215154871803,0.0008502456109153745
vol_proxy,nw_food_cpi_xvat_yoy,coincident,0,consumer_prices,102,-1.4020783013200921,-6.1453445567976095,7.979010785419405e-10,-0.4038934439272231,True,3.8004501027822266e-07,2.1361532417147018e-07,0.898214540320495,0.088890490355048
vol_proxy,nw_food_cpi_xvat_dyoy,coincident,0,consumer_prices,102,-1.1626057486523054,-7.5718167727748735,3.68594044175552e-14,-0.3628257284358119,True,1.2289446869055493e-10,2.574275837217137e-11,0.8174534723630721,0.00047168361430462933
vol_proxy,nw_real_wage_yoy,coincident,1,wages_income,102,0.5635926082150496,1.4036870207618943,0.1604120690926969,-0.008926091016411699,False,1.0,1.0,0.6660451678611793,0.1536326860082853
vol_proxy,nw_real_wage_dyoy,coincident,1,wages_income,102,0.26110014341933196,0.6608454225152924,0.5087114497714298,-0.09234560238035758,False,1.0,1.0,0.24027514566710415,0.0014173803613945686
vol_proxy,nw_cons_conf_z,coincident,0,consumer_survey,102,0.7208203673528768,1.3313401262035194,0.18307712067713622,0.13105762154853476,True,1.0,1.0,0.9292296405833603,0.34503672422778825
vol_proxy,nw_cons_conf_z_d4,coincident,0,consumer_survey,102,0.7297661929012321,2.0131103464571205,0.04410302200894445,0.19127993120082806,True,0.948682028824532,0.8009086364070964,0.8347704608974341,9.570605228021588e-06
vol_proxy,nw_retail_food_vol_yoy,coincident,1,activity_retail,102,0.45594589276596936,0.8511162205947791,0.39470479577280715,0.14464974918083753,False,1.0,1.0,0.8754933561399922,0.14031795743333142
vol_proxy,nw_retail_food_vol_dyoy,coincident,1,activity_retail,98,0.19395705752776674,0.46938383012742985,0.6387953042538999,-0.014623136873898058,False,1.0,1.0,0.7850295410432014,0.0002857141587373619
vol_proxy,nw_food_ppi_yoy,coincident,1,producer_prices_input_costs,102,-0.879509342434648,-2.7658439990761066,0.00567756879647674,-0.24633858302513054,False,0.23662271939911136,0.16297802545385637,0.9141532488086936,0.11736504240776163
vol_proxy,nw_food_ppi_dyoy,coincident,1,producer_prices_input_costs,98,-0.7453778286395805,-2.83705528261671,0.0045531727576502146,-0.1149446536756428,False,0.21084614019956416,0.13852074193484817,0.8448805687160931,2.6822279228724996e-05
vol_proxy,fao_ffpi_sek_yoy,coincident,0,commodities,102,-0.19005944936421282,-0.544245606917294,0.5862724715837999,0.10309449872133496,True,1.0,1.0,0.8202007901338265,0.000303221123586656
vol_proxy,fao_ffpi_sek_dyoy,coincident,0,commodities,102,0.4210809743427753,1.460112422147265,0.14425917914256914,0.2193745257981807,True,1.0,1.0,0.7631842399585946,0.001180210088537242
vol_proxy,wb_food_sek_yoy,coincident,0,commodities,102,-0.16963291583521595,-0.4209227447353264,0.6738114959813342,0.15249176803472705,True,1.0,1.0,0.7905817554024996,0.00974919701012821
vol_proxy,wb_food_sek_dyoy,coincident,0,commodities,102,0.44557655722664136,2.062103587673367,0.03919787486986204,0.25867649481774485,True,0.8969697391070518,0.7347105956648777,0.6848977309115938,0.001839002840775327
vol_proxy,fao_ffpi_wloc_yoy,coincident,0,commodities,102,-0.10012526887926394,-0.30992802127161617,0.7566156933856227,0.12655205386428822,True,1.0,1.0,0.8297098934910314,0.0002836112052225468
vol_proxy,fao_ffpi_wloc_dyoy,coincident,0,commodities,102,0.44806158012618036,1.4387199757346756,0.15022987730948723,0.22656236079469666,True,1.0,1.0,0.7776511237308878,0.00046317325270297534
vol_proxy,wb_food_wloc_yoy,coincident,0,commodities,102,-0.06436470998483802,-0.16083842530508058,0.8722206601897082,0.18239602548403722,True,1.0,1.0,0.7922666182409742,0.004941511167170695
vol_proxy,wb_food_wloc_dyoy,coincident,0,commodities,102,0.49556637905224865,2.281120179294664,0.022541336355134334,0.27307720420083126,True,0.6160328216948656,0.4860243068228576,0.6899206606602513,0.00088830961376155
vol_proxy,eu_agri_basket_yoy,coincident,1,commodities,102,-0.3246702199855511,-0.8929756585075315,0.3718702081795584,-0.10413646439095543,False,1.0,1.0,0.8520075597572352,0.012727536257067311
vol_proxy,eu_agri_basket_dyoy,coincident,1,commodities,98,0.08492035394015586,0.26303092700927266,0.7925267418533457,0.13473246640914535,False,1.0,1.0,0.8007678650626083,0.0025138770027193897
vol_proxy,eu_agri_basket_wloc_yoy,coincident,1,commodities,102,-0.45551377426084305,-1.2898975185282997,0.19708624247905782,-0.14855295442184197,False,1.0,1.0,0.8543614714703142,0.02162078948605185
vol_proxy,eu_agri_basket_wloc_dyoy,coincident,1,commodities,98,-0.024494560219976744,-0.07163332910158601,0.942893715410519,0.07559891072109541,False,1.0,1.0,0.8060929036757796,0.003465061441262764
vol_proxy,elec_nordic_loc_yoy,coincident,0,energy,102,0.05140023773979136,0.17758444243696775,0.8590493434687745,0.08584747843314346,True,1.0,1.0,0.7240900987674318,0.0008895507454325807
vol_proxy,elec_nordic_loc_dyoy,coincident,0,energy,100,0.5808143917273049,2.4007657564945584,0.01636080583546251,0.22911782249244306,True,0.4785021154174893,0.37651637677307875,0.6741014457471726,0.002315610875117909
vol_proxy,natgas_eu_eur_yoy,coincident,0,energy,92,0.17167831317599966,0.5815176500700909,0.5608916261627845,0.17036381447917956,True,1.0,1.0,0.848374982064032,0.0012084228215865007
vol_proxy,natgas_eu_eur_dyoy,coincident,0,energy,80,0.8682002234448315,3.212277878501276,0.0013168693545553278,0.36069280708736684,True,0.0780269946000732,0.04942350313618601,0.8198488945961931,0.0005118304398019869
vol_proxy,brent_nok_yoy,coincident,0,energy,102,0.1652587032975168,0.4734664920944697,0.6358804014246768,0.03276197579545758,True,1.0,1.0,0.7581643138081795,0.000961845434639735
vol_proxy,brent_nok_dyoy,coincident,0,energy,102,0.5123166481654227,1.6124315406349239,0.10686806600419807,0.17739550207051846,True,1.0,1.0,0.7101581616707573,0.006024234182274048
vol_proxy,packaging_eu_yoy,coincident,1,packaging_freight,102,-0.48964662192585084,-1.1750856221963395,0.23996046224161582,-0.08332727548833202,False,1.0,1.0,0.9125490886352845,0.01716375249062556
vol_proxy,packaging_eu_dyoy,coincident,1,packaging_freight,98,-0.2462145983828248,-0.9982495312283821,0.318158373688767,0.06105197921126651,False,1.0,1.0,0.8739439511245172,9.134842719830694e-05
vol_proxy,packaging_us_yoy,coincident,1,packaging_freight,102,0.14891121771930207,0.4598988378146677,0.6455888344423601,0.07478853062785479,False,1.0,1.0,0.8417701791287963,0.0017183456676223932
vol_proxy,packaging_us_dyoy,coincident,1,packaging_freight,102,0.4615628167353939,1.1135765382088896,0.2654608962478868,0.1792646245544537,False,1.0,1.0,0.7970521691922231,0.003211258274410453
vol_proxy,price_cost_gap_ppi,coincident,1,other,102,-0.0787035687711819,-0.19284772036656547,0.8470782294460741,-0.11849949672248344,False,1.0,1.0,0.8363264015679872,9.288191180426028e-05
vol_proxy,price_cost_gap_ppi_d4,coincident,1,other,98,-0.36333212316463054,-1.2982006564228235,0.1942183926295944,-0.2580081102319099,False,1.0,1.0,0.7678522686335879,0.003757067189342778
vol_proxy,price_cost_gap_fao_nok,coincident,1,other,102,-0.21245656871708307,-0.7246441691524372,0.4686703545106199,-0.2357888929811176,False,1.0,1.0,0.8168805626536505,0.00010045364394960964
vol_proxy,price_cost_gap_fao_nok_d4,coincident,1,other,102,-0.6484894809938728,-1.6363047235523063,0.10177582801306073,-0.2572282745128052,False,1.0,1.0,0.7654992604890926,0.0004670394610574856
vol_proxy,price_cost_gap_agri,coincident,1,other,102,0.03727133194683337,0.10912683661930003,0.9131018894535106,-0.012999491307975033,False,1.0,1.0,0.8347223258072484,0.0006751476525595488
vol_proxy,price_cost_gap_agri_d4,coincident,1,other,98,-0.39774751119401347,-1.2775967600780642,0.20139164354747985,-0.20877128452721722,False,1.0,1.0,0.7903738527245757,0.0018406820079126798
vol_proxy,price_cost_gap_fao_wloc,coincident,1,other,102,-0.2117948372384387,-0.7245547714378867,0.4687252143505962,-0.2271314653758415,False,1.0,1.0,0.8256738129726776,0.0036985893037951726
vol_proxy,price_cost_gap_fao_wloc_d4,coincident,1,other,102,-0.6868612342368561,-1.8917804028875176,0.05852024541542544,-0.2791605974658765,False,1.0,0.9968482455218747,0.7793081706086243,0.00021602018814617516
vol_proxy,nw_price_cost_gap_ppi,coincident,1,other,102,-0.062023950049884,-0.15841733872496924,0.8741279519674101,-0.133027759849243,False,1.0,1.0,0.8203405786102836,0.0024372336623516835
vol_proxy,nw_price_cost_gap_ppi_d4,coincident,1,other,98,-0.3039162315403845,-1.1156584200897313,0.2645683751586487,-0.23432698268136018,False,1.0,1.0,0.7489032059261054,0.0034865763964011818
vol_proxy,price_wage_gap,coincident,1,other,102,-1.097132222216004,-4.065998113413631,4.7827322494420343e-05,-0.30804878633124266,False,0.005315435304975799,0.0028991106906981695,0.8277904424769448,0.12158190626891034
vol_proxy,price_wage_gap_d4,coincident,1,other,102,-0.8562241051480126,-2.6710958952865416,0.007560404446371516,-0.16618354321926904,False,0.27700503259794396,0.20342545710383575,0.6479439255374921,0.002171887308691225
vol_proxy,no_qna_hh_food_cons_sa_mnok__yoy,rt_h0,1,activity_retail,102,0.5571275842307591,0.8838541264145494,0.3767749634059374,0.22613555508956465,False,1.0,1.0,0.8406391125928379,0.05541885594341623
vol_proxy,no_qna_hh_food_cons_sa_mnok__dyoy,rt_h0,1,activity_retail,102,0.14877958236115618,0.3001412590536337,0.7640694089417395,0.07146393237083436,False,1.0,1.0,0.7400574185732854,5.913374405594929e-05
vol_proxy,no_retail_foodstores_vol_sa_idx__yoy,rt_h0,1,activity_retail,101,0.09887281125807738,0.16343283255362542,0.8701776537598078,0.09559357650165135,False,1.0,1.0,0.8568518438985309,0.04790690063553137
vol_proxy,no_retail_foodstores_vol_sa_idx__dyoy,rt_h0,1,activity_retail,97,-0.2916406024446202,-0.8171673060289809,0.4138328234939268,-0.12304291875904837,False,1.0,1.0,0.8070661256503784,1.4102196993940877e-05
vol_proxy,se_ppi_food_hmpi_idx__yoy,rt_h0,1,producer_prices_input_costs,102,-1.0512672646781194,-2.7471054639165,0.006012379762381004,-0.29149944850450793,False,0.23864434138942786,0.16910426879786442,0.8872702297888111,0.1021002446045647
vol_proxy,se_ppi_food_hmpi_idx__dyoy,rt_h0,1,producer_prices_input_costs,102,-0.9329014266316997,-2.710097028418171,0.006726352787197243,-0.20158771755802649,False,0.2535870145353349,0.18501263877201768,0.814502114563115,8.659467014354766e-05
vol_proxy,se_retail_grocery_vol_sa_idx__yoy,rt_h0,1,activity_retail,102,0.6124161613390613,1.973033614123623,0.04849173274967278,0.2089988506980607,False,0.9739656441682264,0.8578600772806274,0.7172047969097449,0.16663102168789148
vol_proxy,se_retail_grocery_vol_sa_idx__dyoy,rt_h0,1,activity_retail,102,0.9123096093183374,3.9269058204252505,8.604565387337892e-05,0.3177348399795226,False,0.008196810930613575,0.004717326343456288,0.5368579295538688,0.0011207357652802277
vol_proxy,se_na_hhcons_food_sa__yoy,rt_h0,1,activity_retail,102,0.34954057687298756,0.6962105809969011,0.4862969622361628,0.24016234376998832,False,1.0,1.0,0.5512070035688645,0.032319619008240666
vol_proxy,se_na_hhcons_food_sa__dyoy,rt_h0,1,activity_retail,102,0.34460885322575535,0.6642369883039542,0.5065386432639647,0.11466259916594666,False,1.0,1.0,0.4452282684171213,0.001636286051063472
vol_proxy,ea_negotiated_wages_yoy_q__lvl,rt_h0,1,wages_income,102,0.28534230428614016,0.5210935675958589,0.602301591680553,-0.23284936041785714,False,1.0,1.0,0.8180014906887084,0.03689896900554964
vol_proxy,ea_negotiated_wages_yoy_q__d4,rt_h0,1,wages_income,102,-0.2523692447510898,-0.8588239838170749,0.3904376333207087,-0.08755777615850427,False,1.0,1.0,0.5100493568395038,1.5163243369684762e-05
vol_proxy,no_earn_idx_food_manuf_q__yoy,rt_h0,1,wages_income,102,0.41000754870130174,1.1221871060998498,0.2617828937406821,-0.10834557941944617,False,1.0,1.0,0.2742757027484257,0.02125687124688528
vol_proxy,no_earn_idx_food_manuf_q__dyoy,rt_h0,1,wages_income,102,0.11517102945392196,0.5028978555245905,0.6150360889326592,-0.01740760532125425,False,1.0,1.0,0.14145297895820255,0.0011894000169557573
vol_proxy,no_real_wage_qna_yoy_q__lvl,rt_h0,1,wages_income,98,0.46947657256865166,0.982309821451063,0.3259472374436956,-0.04507313035286143,False,1.0,1.0,0.7472114391859161,0.20769227507440124
vol_proxy,no_real_wage_qna_yoy_q__d4,rt_h0,1,wages_income,96,0.2595493069262292,0.5622396009487713,0.5739527835781053,0.13379461384398733,False,1.0,1.0,0.5637626347341079,0.00030695658598628477
vol_proxy,se_real_wage_yoy_q__lvl,rt_h0,1,wages_income,102,0.6678157330959513,2.165993349408709,0.030311695150741613,0.14465417755669868,False,0.7656324220833107,0.6063582376973778,0.9327680101118453,0.12768977333870057
vol_proxy,se_real_wage_yoy_q__d4,rt_h0,1,wages_income,102,0.9026342808490391,3.1090223804092063,0.0018770749917487173,0.13877310387419997,False,0.10525498340970242,0.06685589153565107,0.8629711587782746,0.009389269304105255
vol_proxy,se_wage_idx_m__yoy,rt_h0,1,wages_income,102,0.984872466289097,1.8003207154088232,0.07181001177654744,-0.14363694113272701,False,1.0,1.0,0.8925233369699556,0.08502407436310853
vol_proxy,se_wage_idx_m__dyoy,rt_h0,1,wages_income,102,0.48970022437291805,2.0272175995480235,0.042640164053887375,0.09925852886945705,False,0.9231710331206818,0.7797346800253865,0.6657173770090662,0.01401534997355716
vol_proxy,ea_hicp_food_idx__yoy,rt_h0,1,consumer_prices,101,-0.798002519053693,-3.0899823432665596,0.0020016839454839452,-0.32084544705340795,False,0.10940815483611888,0.07082298968480709,0.9140298756494311,0.03190237186938041
vol_proxy,ea_hicp_food_idx__dyoy,rt_h0,1,consumer_prices,97,-0.924019488842889,-3.4916010180570742,0.00048013486666653726,-0.2193332569829978,False,0.032016751367090195,0.021286114267960017,0.8394696756513607,0.0012222816581908475
vol_proxy,eu_ppi_dom_c103_idx__yoy,rt_h0,1,producer_prices_input_costs,101,-0.42459787280463257,-1.3206693483358567,0.18661163863826657,-0.2586662680040859,False,1.0,1.0,0.9281268089320225,0.06092994510231965
vol_proxy,eu_ppi_dom_c103_idx__dyoy,rt_h0,1,producer_prices_input_costs,97,-0.8355827279301503,-2.7471140951061277,0.0060122215338795915,-0.18050546818545177,False,0.23864434138942786,0.16910426879786442,0.8615860411244594,0.001150088472502795
vol_proxy,eu_ppi_dom_c105_idx__yoy,rt_h0,1,producer_prices_input_costs,101,-0.9951699125296067,-2.7581543180935064,0.00581287493174476,-0.34490888125520336,False,0.23864434138942786,0.16644192133379893,0.8736903037398932,0.018178527468026055
vol_proxy,eu_ppi_dom_c105_idx__dyoy,rt_h0,1,producer_prices_input_costs,97,-0.9411264263250443,-2.5071282972241113,0.012171652347362727,-0.24903102287942608,False,0.38045240128028157,0.2998724351575507,0.8319145853855229,0.00042915946979024845
vol_proxy,eu_ppi_dom_c106_idx__yoy,rt_h0,1,producer_prices_input_costs,101,-0.5690256171866859,-1.3042959817850224,0.19213268482999935,-0.12674803315204536,False,1.0,1.0,0.8921253543389699,4.946342824284714e-05
vol_proxy,eu_ppi_dom_c106_idx__dyoy,rt_h0,1,producer_prices_input_costs,97,-0.5767629550659746,-1.311027390387737,0.1898485099210756,-0.023976949106635333,False,1.0,1.0,0.8480071854372957,0.0009619821400298912
vol_proxy,eu_ppi_dom_c107_idx__yoy,rt_h0,1,producer_prices_input_costs,101,-0.7659593257342218,-2.4320772850292895,0.01501250362553308,-0.3041270158562651,False,0.44985165964532664,0.3520441700063976,0.9068849034947083,0.01928269012343007
vol_proxy,eu_ppi_dom_c107_idx__dyoy,rt_h0,1,producer_prices_input_costs,97,-0.9102413052054603,-2.6494095997893754,0.008063254076249748,-0.20323064195289936,False,0.2876692377733793,0.21479671514828358,0.8453673233791384,2.5592558783966646e-05
vol_proxy,eu_ppi_dom_c108_idx__yoy,rt_h0,1,producer_prices_input_costs,101,-0.39834709656063383,-1.0033658951498925,0.31568435302846076,-0.22289743136671225,False,1.0,1.0,0.93635037995366,0.09843515327506033
vol_proxy,eu_ppi_dom_c108_idx__dyoy,rt_h0,1,producer_prices_input_costs,97,-0.7899027761039996,-2.479833829764013,0.013144362344606364,-0.09210811419965581,False,0.405788551303878,0.3143351081975143,0.8680085136483179,0.0001463947544077171
vol_proxy,eu_ppi_dom_food_mfg_idx__yoy,rt_h0,1,producer_prices_input_costs,101,-0.7982746800670573,-2.257857699559037,0.02395453256739577,-0.29512553039478856,False,0.6338714312543567,0.5076368001870212,0.9077037724577236,0.018873554955382427
vol_proxy,eu_ppi_dom_food_mfg_idx__dyoy,rt_h0,1,producer_prices_input_costs,97,-0.8183231937835692,-2.237088053702218,0.025280585594752658,-0.11607695092264593,False,0.6585081931486819,0.5280747385155411,0.8544556448210283,3.176417776490685e-05
vol_proxy,no_ssb_bts_consgoods_home_price_exp__lvl,rt_h0,1,price_expectations,102,-0.18309811478420923,-0.4071517479518418,0.6838965384023368,-0.06143828714315048,False,1.0,1.0,0.8350925273446356,0.37201003022119006
vol_proxy,no_ssb_bts_consgoods_home_price_exp__d4,rt_h0,1,price_expectations,102,-0.29431403152162067,-0.9466419856212307,0.34382124182261586,0.04421387525107082,False,1.0,1.0,0.5694470013069067,0.006054092595223085
vol_proxy,eu_ppi_paper_packaging_idx__yoy,rt_h0,1,packaging_freight,101,-0.9138998617232833,-3.2085764920195783,0.0013339382078412232,-0.26845023139769125,False,0.0780269946000732,0.04983125894766961,0.9069108962107351,0.014082917704436955
vol_proxy,eu_ppi_paper_packaging_idx__dyoy,rt_h0,1,packaging_freight,97,-0.8404150168879977,-3.583292486112055,0.00033929032594715025,-0.162544595029324,False,0.02536189315624069,0.015797449826604443,0.8675227836576729,1.4646865375468992e-05
vol_proxy,eu_ppi_plastic_products_idx__yoy,rt_h0,1,packaging_freight,101,-0.5386857560047434,-1.233175655308195,0.21751023604608344,-0.15080708473243187,False,1.0,1.0,0.9056815498415068,0.01981176046729837
vol_proxy,eu_ppi_plastic_products_idx__dyoy,rt_h0,1,packaging_freight,97,-0.3450051147099277,-1.044839336885669,0.29609723081168315,0.04290462073078307,False,1.0,1.0,0.8661503842308345,0.00032109787186052123
vol_proxy,us_ppi_corrugated_boxes_idx__yoy,rt_h0,1,packaging_freight,102,-0.6683589577784359,-1.6006018761083083,0.10946512647650142,-0.22698568452037282,False,1.0,1.0,0.8344126236616143,0.023510931316145733
vol_proxy,us_ppi_corrugated_boxes_idx__dyoy,rt_h0,1,packaging_freight,102,-0.29975906474581093,-1.1814328090446968,0.23743083082172234,-0.07835073913576901,False,1.0,1.0,0.7997913269872224,0.005483384912244974
vol_proxy,us_ppi_plastic_resins_idx__yoy,rt_h0,1,packaging_freight,102,0.24062947896625572,0.7628728325898592,0.44553923974414134,0.08736871678837185,False,1.0,1.0,0.819783321280979,0.017919533311986053
vol_proxy,us_ppi_plastic_resins_idx__dyoy,rt_h0,1,packaging_freight,102,0.4869832749698121,1.1580918261687623,0.24682656528309366,0.2004723021284849,False,1.0,1.0,0.7637291520537985,0.0012925906697761735
vol_proxy,w_food_cpi_yoy,rt_h0,1,consumer_prices,102,-1.2247396721915045,-5.434806448431909,5.48559444535357e-08,-0.39196216822010604,False,1.0820830532514037e-05,8.658677956343062e-06,0.8908349436122175,0.09030722277739589
vol_proxy,w_food_cpi_dyoy,rt_h0,1,consumer_prices,102,-1.0782128449612156,-5.698509407824056,1.2085946465845154e-08,-0.3354505384256345,False,3.3580212725736145e-06,2.367562304478875e-06,0.8151585263488269,0.0008005311249592261
vol_proxy,w_cpi_yoy,rt_h0,1,consumer_prices,102,-0.821720671485027,-2.5573676799823075,0.01054676743046401,-0.24381673461945555,False,0.3414020837379316,0.2676395322379796,0.930137836130678,0.10496355561166787
vol_proxy,w_cpi_dyoy,rt_h0,1,consumer_prices,102,-0.9275275429217901,-3.6482506868511035,0.00026403194782642636,-0.19988288485629843,False,0.0220079966416975,0.012961211298745806,0.8412433062602631,4.718251085151302e-06
vol_proxy,w_food_cpi_rel_yoy,rt_h0,1,consumer_prices,102,-1.0742193515797083,-4.50703911483352,6.573851864422053e-06,-0.4051204301855765,False,0.0008430058497800117,0.0005253617607716597,0.785567485121036,0.04073879536360684
vol_proxy,w_food_cpi_rel_dyoy,rt_h0,1,consumer_prices,102,-1.0252056635988673,-3.5586562817282807,0.00037275696702065986,-0.36205550296419137,False,0.026463398482674018,0.01707209968150347,0.7269727162382932,0.0019947412057104976
vol_proxy,w_food_cpi_xvat_yoy,rt_h0,1,consumer_prices,102,-1.189161231047231,-5.40495911790094,6.482317638223378e-08,-0.38918681601521954,False,1.2007202241738024e-05,9.731530163238418e-06,0.9021766716432724,0.06120976908576375
vol_proxy,w_food_cpi_xvat_dyoy,rt_h0,1,consumer_prices,102,-1.0968847447592378,-5.921518752505531,3.1898192975887696e-09,-0.34703338399182354,False,1.1817009766662488e-06,7.319857793628772e-07,0.8366397634201136,0.0007233493085957974
vol_proxy,w_wage_yoy,rt_h0,1,wages_income,102,-0.4641766782407174,-1.3224893883875202,0.18600524064613344,-0.2030712646299604,False,1.0,1.0,0.591004231601322,0.01745596331654198
vol_proxy,w_wage_dyoy,rt_h0,1,wages_income,102,-0.6845004535728026,-2.7539746761487294,0.0058876323579826195,-0.25569475081497445,False,0.23864434138942786,0.16768575952104656,0.18963920967705197,0.0018524942964857358
vol_proxy,w_real_wage_yoy,rt_h0,1,wages_income,102,0.39623869556750685,0.7975854372878921,0.42511110466611157,0.10218996412531915,False,1.0,1.0,0.7800508811001822,0.12857335248705867
vol_proxy,w_real_wage_dyoy,rt_h0,1,wages_income,102,0.2965248455536475,0.5491698539002489,0.5828888905238743,-0.06324879257389718,False,1.0,1.0,0.4339413845000605,0.0009211343581796293
vol_proxy,w_retail_food_vol_yoy,rt_h0,1,activity_retail,101,0.5366628192754295,0.843377122064166,0.39901756277519196,0.2096737933287201,False,1.0,1.0,0.9006239242280772,0.2187413540116332
vol_proxy,w_retail_food_vol_dyoy,rt_h0,1,activity_retail,97,0.3362289368675574,0.6262388692894651,0.5311582759199811,0.07092492427796195,False,1.0,1.0,0.8063637188667122,7.567809332114117e-05
vol_proxy,w_retail_total_vol_yoy,rt_h0,1,activity_retail,101,0.9784971375250965,2.8068884119192044,0.005002256651775783,0.3028110922076628,False,0.21945041220534603,0.14797922334272473,0.8785943023947932,0.16448863960396187
vol_proxy,w_retail_total_vol_dyoy,rt_h0,1,activity_retail,97,0.8928245515437865,2.812502369420295,0.0049157661334233715,0.28358640030062715,False,0.2185314627190455,0.14581815596400896,0.7449291285850582,0.0007496185894658731
vol_proxy,w_gdp_vol_yoy,rt_h0,1,activity_retail,102,0.35114677389925114,1.2617508753230755,0.20703844391901272,0.1328174786151857,False,1.0,1.0,0.7249143393476877,0.019534835301906663
vol_proxy,w_gdp_vol_dyoy,rt_h0,1,activity_retail,102,0.5956853213609056,1.7452185936566078,0.08094682585393165,0.23078548268041216,False,1.0,1.0,0.6460063708208502,0.0014347308647274504
vol_proxy,w_hh_real_inc_yoy,rt_h0,1,wages_income,73,1.0624296794810693,4.106587777401268,4.015469105245195e-05,0.2627987892422055,False,0.004781479303685955,0.0025056161309365325,0.5532200958048807,0.1564746407341296
vol_proxy,w_hh_real_inc_dyoy,rt_h0,1,wages_income,69,1.1398792343479716,3.5272092383560167,0.00041996474031824604,0.3673293590061323,False,0.028575956225837106,0.01884362293463739,0.40543491881116855,0.001145659117305314
vol_proxy,w_food_ppi_yoy,rt_h0,1,producer_prices_input_costs,101,-1.0421676149381713,-4.590339316642048,4.425260182960855e-06,-0.3577715077442309,False,0.0005956651006634131,0.0003761071665252717,0.911399902182867,0.059200617826933935
vol_proxy,w_food_ppi_dyoy,rt_h0,1,producer_prices_input_costs,97,-0.9863434244989955,-4.390811318558968,1.129285029555227e-05,-0.23265453260797317,False,0.0013945170534359484,0.000851644939764696,0.8536413914518619,7.050327396571876e-05
vol_proxy,w_unemp_lvl,rt_h0,1,labour_market,102,0.6159932186144245,1.9544501751471117,0.05064800180351381,0.05950911837246675,False,1.0,0.887909461717702,0.9346233269964845,0.003547076966876368
vol_proxy,w_unemp_d4,rt_h0,1,labour_market,102,0.2574993802199062,0.6159023498756413,0.5379589705630132,-0.030596082906038873,False,1.0,1.0,0.8863829983399929,5.939425517906081e-08
vol_proxy,w_ec_food_ind_sell_price_exp_lvl,rt_h0,1,price_expectations,102,-0.5175117552444416,-1.3435288638363667,0.17910078625279624,-0.13017333410213192,False,1.0,1.0,0.8401062271169176,0.09385592693929774
vol_proxy,w_ec_food_ind_sell_price_exp_d4,rt_h0,1,price_expectations,102,-0.32227316469348216,-1.1130333562065529,0.2656941038704135,0.05886748617738866,False,1.0,1.0,0.784419280067056,4.5544141575859685e-06
vol_proxy,w_hh_saving_lvl,rt_h0,1,wages_income,102,1.2074041003817189,1.0849976204387606,0.27792270918467077,0.0636079736484562,False,1.0,1.0,0.937254654568618,0.8474339680158866
vol_proxy,w_hh_saving_d4,rt_h0,1,wages_income,102,-0.1648891734980309,-0.6057871264773396,0.5446561193658264,-0.029040704612774613,False,1.0,1.0,0.4116788689409261,0.014319155419692711
vol_proxy,nw_real_wage_yoy,rt_h0,1,wages_income,102,0.16497497525740737,0.3451666150064833,0.7299691155383274,-0.036289683747027505,False,1.0,1.0,0.6660451678611793,0.1536326860082853
vol_proxy,nw_real_wage_dyoy,rt_h0,1,wages_income,102,-0.035777644500836495,-0.07353162916828714,0.9413830757553672,-0.14109913455210757,False,1.0,1.0,0.24027514566710415,0.0014173803613945686
vol_proxy,nw_retail_food_vol_yoy,rt_h0,1,activity_retail,101,0.40193262314891093,0.6051826291537037,0.5450576564574421,0.17227802908095807,False,1.0,1.0,0.8754933561399922,0.14031795743333142
vol_proxy,nw_retail_food_vol_dyoy,rt_h0,1,activity_retail,97,0.2011229693066362,0.37116652823400564,0.7105135018778359,0.043338029497702886,False,1.0,1.0,0.7850295410432014,0.0002857141587373619
vol_proxy,nw_food_ppi_yoy,rt_h0,1,producer_prices_input_costs,101,-1.0235699715718192,-3.899906861805033,9.622969958078542e-05,-0.3113005347903858,False,0.008912317546081093,0.005187134016554222,0.9141532488086936,0.11736504240776163
vol_proxy,nw_food_ppi_dyoy,rt_h0,1,producer_prices_input_costs,97,-0.9738401960628069,-4.089379012172246,4.325296047080762e-05,-0.24233518984285052,False,0.00497280996705586,0.0026722500457261192,0.8448805687160931,2.6822279228724996e-05
vol_proxy,eu_agri_basket_yoy,rt_h0,1,commodities,101,-0.7238954977088609,-2.134465788015924,0.032804671292053555,-0.2813236410439806,False,0.7925754698707596,0.641840527493989,0.8520075597572352,0.012727536257067311
vol_proxy,eu_agri_basket_dyoy,rt_h0,1,commodities,97,-0.4248860997552506,-1.3598749558806478,0.17386949741805147,-0.040017583951844474,False,1.0,1.0,0.8007678650626083,0.0025138770027193897
vol_proxy,eu_agri_basket_wloc_yoy,rt_h0,1,commodities,101,-0.8549679272142457,-2.972574118300404,0.0029531389900956384,-0.3174441366728886,False,0.15364045153189138,0.09801061826192792,0.8543614714703142,0.02162078948605185
vol_proxy,eu_agri_basket_wloc_dyoy,rt_h0,1,commodities,97,-0.5075224901738725,-1.590866409766488,0.11163964347008726,-0.0970099464336404,False,1.0,1.0,0.8060929036757796,0.003465061441262764
vol_proxy,packaging_eu_yoy,rt_h0,1,packaging_freight,101,-0.7677641488404129,-2.1423352216610345,0.032166516495520714,-0.22620190861607234,False,0.7828300472492417,0.6337807397029973,0.9125490886352845,0.01716375249062556
vol_proxy,packaging_eu_dyoy,rt_h0,1,packaging_freight,97,-0.6730088521147061,-2.4095479427028077,0.015972297376718902,-0.08591598201376403,False,0.47127344243628677,0.3691621661437261,0.8739439511245172,9.134842719830694e-05
vol_proxy,packaging_us_yoy,rt_h0,1,packaging_freight,102,-0.1097845655797977,-0.2831914019542336,0.7770301189486937,-0.02230458302246308,False,1.0,1.0,0.8417701791287963,0.0017183456676223932
vol_proxy,packaging_us_dyoy,rt_h0,1,packaging_freight,102,0.2379042851603094,0.6648603302293468,0.5061398307633431,0.11782293705817493,False,1.0,1.0,0.7970521691922231,0.003211258274410453
vol_proxy,price_cost_gap_ppi,rt_h0,1,other,101,0.3732983705038877,0.8445707607286256,0.3983505399637002,0.07789077313840902,False,1.0,1.0,0.8363264015679872,9.288191180426028e-05
vol_proxy,price_cost_gap_ppi_d4,rt_h0,1,other,97,0.21316652019034002,0.6896856478486031,0.49039189332180344,-0.07988642084471974,False,1.0,1.0,0.7678522686335879,0.003757067189342778
vol_proxy,price_cost_gap_fao_nok,rt_h0,1,other,102,0.2576999895829552,0.8529290764530691,0.39369863614271683,-0.0974035491301849,False,1.0,1.0,0.8168805626536505,0.00010045364394960964
vol_proxy,price_cost_gap_fao_nok_d4,rt_h0,1,other,102,-0.21950701264698427,-0.8289786150052746,0.4071165082080963,-0.14610079744073887,False,1.0,1.0,0.7654992604890926,0.0004670394610574856
vol_proxy,price_cost_gap_agri,rt_h0,1,other,101,0.48393238122223736,1.454260931927331,0.145873977530103,0.17363498074534212,False,1.0,1.0,0.8347223258072484,0.0006751476525595488
vol_proxy,price_cost_gap_agri_d4,rt_h0,1,other,97,0.11332437449593709,0.4199695722148571,0.6745076821067777,-0.05060358657698809,False,1.0,1.0,0.7903738527245757,0.0018406820079126798
vol_proxy,price_cost_gap_fao_wloc,rt_h0,1,other,102,0.19554177135741602,0.586420803331008,0.5575927677299983,-0.11005721145226091,False,1.0,1.0,0.8256738129726776,0.0036985893037951726
vol_proxy,price_cost_gap_fao_wloc_d4,rt_h0,1,other,102,-0.3245592688736581,-1.1897802507339246,0.23413277381030317,-0.19663875327398572,False,1.0,1.0,0.7793081706086243,0.00021602018814617516
vol_proxy,nw_price_cost_gap_ppi,rt_h0,1,other,101,0.32912456895453257,0.7457576204719855,0.4558138447951898,0.03108641153718858,False,1.0,1.0,0.8203405786102836,0.0024372336623516835
vol_proxy,nw_price_cost_gap_ppi_d4,rt_h0,1,other,97,0.19381926496440877,0.6254215072540287,0.5316944500848146,-0.0821891065597904,False,1.0,1.0,0.7489032059261054,0.0034865763964011818
vol_proxy,price_wage_gap,rt_h0,1,other,102,-0.9146652627243457,-2.853833056484805,0.00431952237101263,-0.28752518892621637,False,0.20284364298127364,0.13317803634140843,0.8277904424769448,0.12158190626891034
vol_proxy,price_wage_gap_d4,rt_h0,1,other,102,-0.7710398211495878,-2.0021266730035436,0.04527110948939783,-0.17922479882415834,False,0.9552214909502096,0.8134263227209017,0.6479439255374921,0.002171887308691225
vol_proxy,no_cpi_food_idx__yoy,rt_h1,0,consumer_prices,102,-0.7566280692834458,-2.0326408384429313,0.04208882241429546,-0.2738983619923065,False,0.9196763160494431,0.7735527691760556,0.8086304714796214,0.17662156788440392
vol_proxy,no_cpi_food_idx__dyoy,rt_h1,0,consumer_prices,102,-0.8126542392959925,-1.9942383293494146,0.04612601522726423,-0.30269305216919645,False,0.9552214909502096,0.8242976798812033,0.6699342292282324,0.0006540771685229985
vol_proxy,no_cpi_total_idx__yoy,rt_h1,0,consumer_prices,102,-0.4025531013609422,-0.8207445372515186,0.41179179637537855,-0.1296936109861631,False,1.0,1.0,0.8090396366955549,0.20592457859617563
vol_proxy,no_cpi_total_idx__dyoy,rt_h1,0,consumer_prices,102,-0.35375842695365967,-0.8288507319859352,0.40718887697527895,-0.11882545542303165,False,1.0,1.0,0.6259308367722662,0.003104031584741151
vol_proxy,no_fx_eurnok__yoy,rt_h1,0,fx,102,-0.18726561416103288,-0.5513202535075787,0.581414156881275,-0.062258876506348426,False,1.0,1.0,0.7839904584261776,0.03237143604177326
vol_proxy,no_fx_eurnok__dyoy,rt_h1,0,fx,101,-0.3206056714876303,-0.8867408656493778,0.3752184313326694,-0.2000879332561848,False,1.0,1.0,0.7200174971863504,0.0027538245151602207
vol_proxy,no_govbond_10y__lvl,rt_h1,0,rates,102,0.7963356337753327,0.9838583124848732,0.32518518322081214,-0.23665832773719958,False,1.0,1.0,0.9788487165261812,0.38762469291115537
vol_proxy,no_govbond_10y__d4,rt_h1,0,rates,102,-0.6654755873980193,-1.7967077645280976,0.07238202566007468,-0.2586669002560962,False,1.0,1.0,0.8219992864791176,0.13308790814684354
vol_proxy,no_imp_price_food_idx__yoy,rt_h1,0,producer_prices_input_costs,97,-0.5397713530248971,-1.9775827322587662,0.04797579885989256,-0.1627106300448934,False,0.971869556147104,0.8524882218101607,0.7881353506062018,0.25852885083551846
vol_proxy,no_imp_price_food_idx__dyoy,rt_h1,0,producer_prices_input_costs,93,-0.5871136695731665,-1.6155344987683704,0.10619499564529278,-0.17776878161132945,False,1.0,1.0,0.5622787312608253,0.023930043762385392
vol_proxy,no_jordbruk_malpris_mnok__lvl,rt_h1,0,tax_policy,102,-0.2932031277055737,-0.707823879075527,0.47905463548487326,-0.2382144380775428,False,1.0,1.0,0.81194811973535,0.13549493051148842
vol_proxy,no_jordbruk_malpris_mnok__d4,rt_h1,0,tax_policy,96,-0.5190968211367664,-1.3305833393673479,0.1833261475271959,-0.1330309675804612,False,1.0,1.0,0.7290037795166293,0.03153823065733642
vol_proxy,no_policy_rate__lvl,rt_h1,0,rates,102,0.8638348550634201,1.645176002426658,0.09993352082619911,-0.13198377853306478,False,1.0,1.0,0.9751161949215335,0.15277240043405427
vol_proxy,no_policy_rate__d4,rt_h1,0,rates,102,-0.15216696900582646,-0.5981259577117957,0.5497558912040845,-0.07612029038831666,False,1.0,1.0,0.8957202641297115,0.0668626401533941
vol_proxy,no_ppi_food_dom_idx__yoy,rt_h1,0,producer_prices_input_costs,101,-0.7313659816242707,-2.346079024009118,0.018972084543613876,-0.276252504054788,False,0.5360645235459914,0.42268261869342744,0.9085326334719793,0.09655659875218935
vol_proxy,no_ppi_food_dom_idx__dyoy,rt_h1,0,producer_prices_input_costs,97,-0.8134919913108823,-2.6319332145975953,0.008490055028187227,-0.22317239981376977,False,0.2948650470873531,0.22393801037890618,0.8324503055713375,0.00048132184664365053
vol_proxy,no_qna_hh_food_cons_sa_mnok__yoy,rt_h1,1,activity_retail,102,0.4016278499931198,0.7526223237424085,0.4516768989644917,0.20579448009376464,False,1.0,1.0,0.8406391125928379,0.05541885594341623
vol_proxy,no_qna_hh_food_cons_sa_mnok__dyoy,rt_h1,1,activity_retail,102,0.32190910890070934,0.6647784217899396,0.5061922261358589,0.15413001527771195,False,1.0,1.0,0.7400574185732854,5.913374405594929e-05
vol_proxy,no_retail_foodstores_vol_sa_idx__yoy,rt_h1,1,activity_retail,100,0.4247716733431392,0.750558100264401,0.4529186453481433,0.17946887171911016,False,1.0,1.0,0.8568518438985309,0.04790690063553137
vol_proxy,no_retail_foodstores_vol_sa_idx__dyoy,rt_h1,1,activity_retail,96,0.22978672938313827,0.5149231724104073,0.6066067074798476,0.06000992043577452,False,1.0,1.0,0.8070661256503784,1.4102196993940877e-05
vol_proxy,no_vat_food_rate__lvl,rt_h1,0,tax_policy,102,0.13865754638666264,0.6315398561469199,0.5276875977008768,0.05941012298221333,False,1.0,1.0,0.7552630152846657,0.12730151810399776
vol_proxy,no_vat_food_rate__d4,rt_h1,0,tax_policy,102,-0.037615145380254976,-0.27459293055830225,0.7836289982316356,-0.01434828658391009,False,1.0,1.0,0.7240734491610796,0.0696187785139645
vol_proxy,se_cpi_idx__yoy,rt_h1,0,consumer_prices,102,-0.5837908794796292,-1.7092248888892525,0.0874093002679679,-0.19209733768847717,False,1.0,1.0,0.9395911545166841,0.06851278561262832
vol_proxy,se_cpi_idx__dyoy,rt_h1,0,consumer_prices,102,-0.8008040976535961,-2.5094858361855383,0.012090706430119225,-0.12162018445442659,False,0.38045240128028157,0.298794722572144,0.8753415147178213,0.004221836181208122
vol_proxy,se_cpi_food_idx__yoy,rt_h1,0,consumer_prices,102,-1.0408869015548197,-4.877308532451359,1.0754315293848293e-06,-0.3406493550904907,False,0.00018871793980290556,0.00011391297567635505,0.874019048207315,0.05233524666667634
vol_proxy,se_cpi_food_idx__dyoy,rt_h1,0,consumer_prices,102,-0.9729829139450848,-4.591718345111353,4.396113906013355e-06,-0.29350004094433907,False,0.0005956651006634131,0.00037561738969897493,0.8102101307333693,0.00464279359956733
vol_proxy,se_ppi_food_hmpi_idx__yoy,rt_h1,1,producer_prices_input_costs,102,-0.6788646642620162,-2.247986514111965,0.024577049865455614,-0.2545576890500954,False,0.6452233155510244,0.5187757855425743,0.8872702297888111,0.1021002446045647
vol_proxy,se_ppi_food_hmpi_idx__dyoy,rt_h1,1,producer_prices_input_costs,102,-0.7092240924746485,-2.111324594398759,0.03474442147910084,-0.17037850179331884,False,0.8334015566546943,0.6699998202057384,0.814502114563115,8.659467014354766e-05
vol_proxy,se_retail_grocery_vol_sa_idx__yoy,rt_h1,1,activity_retail,102,0.2009338673228187,0.874973735889116,0.38158819643451514,0.1158600098452864,False,1.0,1.0,0.7172047969097449,0.16663102168789148
vol_proxy,se_retail_grocery_vol_sa_idx__dyoy,rt_h1,1,activity_retail,102,0.49942651756949835,2.814899046155726,0.004879255891221179,0.1545438795208465,False,0.2185314627190455,0.14541172712491277,0.5368579295538688,0.0011207357652802277
vol_proxy,se_na_hhcons_food_sa__yoy,rt_h1,1,activity_retail,102,0.5467053217577805,2.916210302354327,0.0035431158999610357,0.3269400206542556,False,0.17120651654866106,0.11314932739340264,0.5512070035688645,0.032319619008240666
vol_proxy,se_na_hhcons_food_sa__dyoy,rt_h1,1,activity_retail,102,0.5193015236871383,2.0700804587723782,0.038444810498940996,0.19808780150437647,False,0.8963666912404099,0.7248242796269744,0.4452282684171213,0.001636286051063472
vol_proxy,se_policy_rate__lvl,rt_h1,0,rates,102,1.2942058007670512,1.7838174224323036,0.07445333759785,-0.19508765722351631,False,1.0,1.0,0.9727778999989105,0.17137031674507533
vol_proxy,se_policy_rate__d4,rt_h1,0,rates,102,-0.11367039445724188,-0.44948837607347414,0.653079391470345,-0.013617284620460036,False,1.0,1.0,0.897829766877159,0.019342387276120896
vol_proxy,se_gov_bond_10y__lvl,rt_h1,0,rates,102,1.197527440557235,1.0365666973722507,0.29993784049106176,-0.25402549380465383,False,1.0,1.0,0.9823166834171976,0.5516050467879952
vol_proxy,se_gov_bond_10y__d4,rt_h1,0,rates,102,-0.7744335007876452,-2.375485609371837,0.017525875785395773,-0.2861555893722081,False,0.5037392171445724,0.3956431972332356,0.7986583383382068,0.09415625178944227
vol_proxy,se_eursek__yoy,rt_h1,0,fx,102,-0.29085663996221195,-1.004833049718958,0.31497724679827743,-0.02825756975386837,False,1.0,1.0,0.831644577743686,0.000907296091121031
vol_proxy,se_eursek__dyoy,rt_h1,0,fx,102,0.03949441168011924,0.1138220342152553,0.909378871327271,-0.0332449585353519,False,1.0,1.0,0.7684654551716504,0.007492274315341706
vol_proxy,ea_negotiated_wages_yoy_q__lvl,rt_h1,1,wages_income,102,0.3647039211301419,0.4922801191693046,0.6225213324902108,-0.24366856046598057,False,1.0,1.0,0.8180014906887084,0.03689896900554964
vol_proxy,ea_negotiated_wages_yoy_q__d4,rt_h1,1,wages_income,102,-0.29969027546694005,-0.788329148931375,0.43050420181806626,-0.12476305654312055,False,1.0,1.0,0.5100493568395038,1.5163243369684762e-05
vol_proxy,no_earn_idx_food_manuf_q__yoy,rt_h1,1,wages_income,102,0.1314773653622094,0.3094651960361948,0.7569676831744334,-0.1183122969857722,False,1.0,1.0,0.2742757027484257,0.02125687124688528
vol_proxy,no_earn_idx_food_manuf_q__dyoy,rt_h1,1,wages_income,102,0.09180520620966443,0.30085776088822164,0.7635229607746512,0.017836963265705053,False,1.0,1.0,0.14145297895820255,0.0011894000169557573
vol_proxy,no_real_wage_qna_yoy_q__lvl,rt_h1,1,wages_income,98,0.569619794742031,1.5341104099869798,0.1250024927479052,-0.04881166751029017,False,1.0,1.0,0.7472114391859161,0.20769227507440124
vol_proxy,no_real_wage_qna_yoy_q__d4,rt_h1,1,wages_income,96,0.42418405408073456,1.0292757456382182,0.3033501173243516,0.1413994677243724,False,1.0,1.0,0.5637626347341079,0.00030695658598628477
vol_proxy,se_real_wage_yoy_q__lvl,rt_h1,1,wages_income,102,0.5152739484480926,1.6784847404710976,0.09325250695104148,0.14115945901248178,False,1.0,1.0,0.9327680101118453,0.12768977333870057
vol_proxy,se_real_wage_yoy_q__d4,rt_h1,1,wages_income,102,0.7804673847162213,2.830818016435968,0.004642912957835144,0.10855747715678334,False,0.21205655639721213,0.14045287183258656,0.8629711587782746,0.009389269304105255
vol_proxy,se_wage_idx_m__yoy,rt_h1,1,wages_income,102,0.9819617978070455,1.6657005340710929,0.09577307556668169,-0.10424278966448865,False,1.0,1.0,0.8925233369699556,0.08502407436310853
vol_proxy,se_wage_idx_m__dyoy,rt_h1,1,wages_income,102,0.6307950600925256,1.9316393883188518,0.05340403069443922,0.15428098900598552,False,1.0,0.9294091390087619,0.6657173770090662,0.01401534997355716
vol_proxy,ea_hicp_food_idx__yoy,rt_h1,1,consumer_prices,100,-0.3449595225539262,-1.4190494252348014,0.15588460704641016,-0.273030027289393,False,1.0,1.0,0.9140298756494311,0.03190237186938041
vol_proxy,ea_hicp_food_idx__dyoy,rt_h1,1,consumer_prices,96,-0.6685192971740886,-2.468056042035308,0.013584904927347763,-0.1940998916814623,False,0.41554123700545154,0.32233134288443344,0.8394696756513607,0.0012222816581908475
vol_proxy,eu_ppi_dom_c103_idx__yoy,rt_h1,1,producer_prices_input_costs,100,0.022367424895333825,0.06727785261188507,0.946360507989275,-0.20843156574227825,False,1.0,1.0,0.9281268089320225,0.06092994510231965
vol_proxy,eu_ppi_dom_c103_idx__dyoy,rt_h1,1,producer_prices_input_costs,96,-0.5426550899833011,-1.6102825089419344,0.10733619592606436,-0.11421849497512661,False,1.0,1.0,0.8615860411244594,0.001150088472502795
vol_proxy,eu_ppi_dom_c105_idx__yoy,rt_h1,1,producer_prices_input_costs,100,-0.7413861677855158,-2.291254043758906,0.02194872488532118,-0.2956289640648246,False,0.6098346147656905,0.4770890614782656,0.8736903037398932,0.018178527468026055
vol_proxy,eu_ppi_dom_c105_idx__dyoy,rt_h1,1,producer_prices_input_costs,96,-0.9064799316898411,-2.6081547036108055,0.009103180244288689,-0.25611162273060567,False,0.31071214936242325,0.23776757529263776,0.8319145853855229,0.00042915946979024845
vol_proxy,eu_ppi_dom_c106_idx__yoy,rt_h1,1,producer_prices_input_costs,100,-0.5458402411599331,-1.3329210049495912,0.1825577286515636,-0.18616675963605442,False,1.0,1.0,0.8921253543389699,4.946342824284714e-05
vol_proxy,eu_ppi_dom_c106_idx__dyoy,rt_h1,1,producer_prices_input_costs,96,-0.6049148525075668,-1.3266618278525781,0.1846205734873103,-0.07604288840443613,False,1.0,1.0,0.8480071854372957,0.0009619821400298912
vol_proxy,eu_ppi_dom_c107_idx__yoy,rt_h1,1,producer_prices_input_costs,100,-0.42316916177680264,-1.6622144057004562,0.09646979260831778,-0.2667755162879062,False,1.0,1.0,0.9068849034947083,0.01928269012343007
vol_proxy,eu_ppi_dom_c107_idx__dyoy,rt_h1,1,producer_prices_input_costs,96,-0.6506584994900175,-2.0357193815825996,0.04177854174150242,-0.15809861513786053,False,0.9196763160494431,0.7704948227915378,0.8453673233791384,2.5592558783966646e-05
vol_proxy,eu_ppi_dom_c108_idx__yoy,rt_h1,1,producer_prices_input_costs,100,0.02194078162969786,0.06465969910596467,0.9484449510947202,-0.20159107539992666,False,1.0,1.0,0.93635037995366,0.09843515327506033
vol_proxy,eu_ppi_dom_c108_idx__dyoy,rt_h1,1,producer_prices_input_costs,96,-0.4687385542659181,-1.4333535372271362,0.15175682933344592,-0.02864095814113506,False,1.0,1.0,0.8680085136483179,0.0001463947544077171
vol_proxy,eu_ppi_dom_food_mfg_idx__yoy,rt_h1,1,producer_prices_input_costs,100,-0.7085359105254999,-2.26109793872811,0.0237531930026873,-0.32039700272543514,False,0.633572045972431,0.5040350303298511,0.9077037724577236,0.018873554955382427
vol_proxy,eu_ppi_dom_food_mfg_idx__dyoy,rt_h1,1,producer_prices_input_costs,96,-0.8814119702765318,-2.5714583881606377,0.0101271184766345,-0.18798410656990797,False,0.33103182006634824,0.25821409439236265,0.8544556448210283,3.176417776490685e-05
vol_proxy,ea_ec_food_ind_sell_price_exp__lvl,rt_h1,0,price_expectations,102,-0.4301488128470877,-1.0217513202221282,0.30689861462118184,-0.1425550676135934,False,1.0,1.0,0.8570579654709235,0.05648642597684678
vol_proxy,ea_ec_food_ind_sell_price_exp__d4,rt_h1,0,price_expectations,102,-0.2558692598061839,-0.7330678063409088,0.46351707432546396,0.09087323181240936,False,1.0,1.0,0.816622100728545,4.48067468246736e-05
vol_proxy,no_fn_cci_sa__lvl,rt_h1,0,consumer_survey,102,0.24274221511613364,0.468168442044436,0.6396641379917238,0.03641757935776521,False,1.0,1.0,0.953861827159213,0.43016972733811054
vol_proxy,no_fn_cci_sa__d4,rt_h1,0,consumer_survey,102,0.5466826741287953,1.2497995234336048,0.2113727902330027,0.151117480833256,False,1.0,1.0,0.843137764949903,0.0013309050489748683
vol_proxy,no_nbes_bl_sell_price_di__lvl,rt_h1,0,price_expectations,97,-0.41775550850662896,-1.0171697075677888,0.3090727039035821,-0.14014437591602252,False,1.0,1.0,0.8611891621541462,2.5067060869598952e-05
vol_proxy,no_nbes_bl_sell_price_di__d4,rt_h1,0,price_expectations,93,-0.21289468287233035,-0.6420589071374967,0.5208349358133859,0.09631908503184011,False,1.0,1.0,0.7174042885660665,0.011001769614296145
vol_proxy,no_ssb_bts_consgoods_home_price_exp__lvl,rt_h1,1,price_expectations,102,-0.42915248980478343,-0.9134598104111458,0.3610007614801891,-0.1410198817681916,False,1.0,1.0,0.8350925273446356,0.37201003022119006
vol_proxy,no_ssb_bts_consgoods_home_price_exp__d4,rt_h1,1,price_expectations,102,-0.5386208616391338,-1.7216851759841487,0.08512656412637831,-0.08246242111225169,False,1.0,1.0,0.5694470013069067,0.006054092595223085
vol_proxy,se_ec_cons_conf__lvl,rt_h1,0,consumer_survey,102,0.7450082543395771,1.8331645776821492,0.06677809990733397,0.22756548084074146,False,1.0,1.0,0.877551214731443,0.18660151137343067
vol_proxy,se_ec_cons_conf__d4,rt_h1,0,consumer_survey,102,0.7568952172082252,1.9967502390405134,0.04585232161203456,0.20983605134602468,False,0.9552214909502096,0.8220304839288172,0.8192944337002316,0.00048405452140924595
vol_proxy,se_nier_food_mfg_sell_price_exp__lvl,rt_h1,0,price_expectations,102,-0.45145689939851597,-1.2816647664504857,0.19996026974173242,-0.10335323015667146,False,1.0,1.0,0.8103195639129432,0.1299782820646935
vol_proxy,se_nier_food_mfg_sell_price_exp__d4,rt_h1,0,price_expectations,101,-0.30337507599112734,-1.0998027239285977,0.2714180852623169,0.051765997730147784,False,1.0,1.0,0.7309738360907708,7.183384820895125e-06
vol_proxy,eu_ppi_paper_packaging_idx__yoy,rt_h1,1,packaging_freight,100,-0.9047751054961716,-3.7595604861463707,0.00017021212265944108,-0.28571407308239005,False,0.014934507795277175,0.0086798963018976,0.9069108962107351,0.014082917704436955
vol_proxy,eu_ppi_paper_packaging_idx__dyoy,rt_h1,1,packaging_freight,96,-0.972753261688514,-3.958450495712831,7.543757214856228e-05,-0.22117384426149586,False,0.007397633453387999,0.0042075551569498125,0.8675227836576729,1.4646865375468992e-05
vol_proxy,eu_ppi_plastic_products_idx__yoy,rt_h1,1,packaging_freight,100,-0.6976283811745465,-1.9198471274877844,0.054877212046155366,-0.24967077285744987,False,1.0,0.9458248714406553,0.9056815498415068,0.01981176046729837
vol_proxy,eu_ppi_plastic_products_idx__dyoy,rt_h1,1,packaging_freight,96,-0.698414178358693,-2.0009880775254674,0.04539367474556277,-0.09678864032593185,False,0.9552214909502096,0.8147172449522837,0.8661503842308345,0.00032109787186052123
vol_proxy,glob_fao_cereals_idx__yoy,rt_h1,0,commodities,102,-0.3726226819304465,-0.9983214564591367,0.3181235064105865,0.005133886059914381,False,1.0,1.0,0.817713822498277,0.030779088452408516
vol_proxy,glob_fao_cereals_idx__dyoy,rt_h1,0,commodities,102,-0.1598201733145282,-0.5557831560188167,0.5783591016590723,0.08871257572828814,False,1.0,1.0,0.7432849982136328,0.0008394949071345538
vol_proxy,glob_fao_dairy_idx__yoy,rt_h1,0,commodities,102,-0.5479153025810597,-1.8328589894562022,0.06682354392039302,-0.20187010696837482,False,1.0,1.0,0.8484982671185941,0.007314375059597211
vol_proxy,glob_fao_dairy_idx__dyoy,rt_h1,0,commodities,102,-0.24808167110349152,-0.9192569033632323,0.3579612139045607,-0.06458899387726336,False,1.0,1.0,0.8246427781731062,7.949944618729302e-05
vol_proxy,glob_fao_ffpi__yoy,rt_h1,0,commodities,102,-0.22021537515342732,-0.6487859068007935,0.5164767680356757,-0.0038579794407991325,False,1.0,1.0,0.839991514765434,0.014834311195618496
vol_proxy,glob_fao_ffpi__dyoy,rt_h1,0,commodities,102,0.12113885952159158,0.36212848960825617,0.7172560147699789,0.12366983385305563,False,1.0,1.0,0.7935196367385194,0.0006314676790982632
vol_proxy,glob_fao_ffpi_eur__yoy,rt_h1,0,commodities,102,-0.333309747624746,-0.8869754825541629,0.37509210052452535,0.021324887811828615,False,1.0,1.0,0.8347516090824487,1.5062080420659687e-05
vol_proxy,glob_fao_ffpi_eur__dyoy,rt_h1,0,commodities,101,0.02684753643447289,0.09852058660254492,0.9215189257351011,0.1318733836910499,False,1.0,1.0,0.7870102518555387,6.542857828203963e-07
vol_proxy,glob_fao_ffpi_nok__yoy,rt_h1,0,commodities,102,-0.5088770879640687,-1.4477192816688982,0.14769557516973641,-0.008915051832125535,False,1.0,1.0,0.8228269516137533,0.008468118447810601
vol_proxy,glob_fao_ffpi_nok__dyoy,rt_h1,0,commodities,102,-0.08415896149117243,-0.33766823247097644,0.7356132168515532,0.07000084778984154,False,1.0,1.0,0.765250160632876,0.0008131276047214736
vol_proxy,glob_fao_meat_idx__yoy,rt_h1,0,commodities,102,-0.06665609484106956,-0.22598095009933225,0.8212162367281413,-0.0780572506608822,False,1.0,1.0,0.8034717244531673,0.0005214656695097058
vol_proxy,glob_fao_meat_idx__dyoy,rt_h1,0,commodities,102,0.15801188762044113,0.4873431618444821,0.6260151653322727,0.10152637699992068,False,1.0,1.0,0.7623302934109546,3.8784398610316866e-05
vol_proxy,glob_fao_sugar_idx__yoy,rt_h1,0,commodities,102,0.14181010338422992,0.4998901285141556,0.6171524434580098,0.06524738594594037,False,1.0,1.0,0.7744108440493735,0.015946312130743892
vol_proxy,glob_fao_sugar_idx__dyoy,rt_h1,0,commodities,102,0.4102308415016145,1.5657325053290956,0.11741125312662626,0.12914972068210231,False,1.0,1.0,0.7035295894141299,0.00010898391950783184
vol_proxy,glob_fao_vegoils_idx__yoy,rt_h1,0,commodities,102,0.08226799898428651,0.29882545366005864,0.7650732286041915,0.122988580782053,False,1.0,1.0,0.8209083955038609,0.004847725951699453
vol_proxy,glob_fao_vegoils_idx__dyoy,rt_h1,0,commodities,102,0.3790192305331404,0.9600783943553038,0.33701576142656964,0.18694339663408246,False,1.0,1.0,0.7840597843503714,0.0020068951089161884
vol_proxy,glob_gscpi__lvl,rt_h1,0,packaging_freight,102,-0.3271884748120237,-0.6719897784123097,0.5015902036029043,0.1445389934374627,False,1.0,1.0,0.8488242964972464,0.2162242354162769
vol_proxy,glob_gscpi__d4,rt_h1,0,packaging_freight,102,0.24624794418599297,0.8720972028124427,0.38315535199890927,0.2591341005371295,False,1.0,1.0,0.702165969333573,0.00046917027423038215
vol_proxy,glob_wb_food_idx__yoy,rt_h1,0,commodities,102,-0.11708512454205894,-0.33184140642970106,0.7400090163717725,0.0634928916703589,False,1.0,1.0,0.801698214252439,0.03914402496698348
vol_proxy,glob_wb_food_idx__dyoy,rt_h1,0,commodities,102,0.2604631698385509,0.8864451175215984,0.3753777160462928,0.21614111821116702,False,1.0,1.0,0.7215557173222272,0.0010729570136151039
vol_proxy,glob_wb_food_idx_eur__yoy,rt_h1,0,commodities,102,-0.2509190669105026,-0.5449956622970619,0.5857565009479773,0.09721130217646198,False,1.0,1.0,0.7982880168629466,0.006893045139044713
vol_proxy,glob_wb_food_idx_eur__dyoy,rt_h1,0,commodities,101,0.1569246022876595,0.5996874510785838,0.5487145530094153,0.2353672297556016,False,1.0,1.0,0.7102615096822911,1.8289751803244727e-05
vol_proxy,glob_wb_food_idx_nok__yoy,rt_h1,0,commodities,102,-0.4129793019579173,-0.9265788776171778,0.35414522594476416,0.0780086720983826,False,1.0,1.0,0.7834343195349945,5.394509186492416e-06
vol_proxy,glob_wb_food_idx_nok__dyoy,rt_h1,0,commodities,102,0.05056910764430991,0.18378676342366004,0.8541807405158512,0.17755024565262018,False,1.0,1.0,0.6780888483823206,0.001419016038110297
vol_proxy,us_ppi_corrugated_boxes_idx__yoy,rt_h1,1,packaging_freight,102,-0.8078311265782115,-2.077624159558317,0.03774398919751887,-0.2830438628196861,False,0.8862239400412844,0.7141405241267205,0.8344126236616143,0.023510931316145733
vol_proxy,us_ppi_corrugated_boxes_idx__dyoy,rt_h1,1,packaging_freight,102,-0.5873794762193479,-1.8227133245903153,0.06834682113535817,-0.18084223943139502,False,1.0,1.0,0.7997913269872224,0.005483384912244974
vol_proxy,us_ppi_plastic_resins_idx__yoy,rt_h1,1,packaging_freight,102,0.031075081075373705,0.10141639187775829,0.9192199247251895,0.01889154741705826,False,1.0,1.0,0.819783321280979,0.017919533311986053
vol_proxy,us_ppi_plastic_resins_idx__dyoy,rt_h1,1,packaging_freight,102,0.2878634897326092,0.994622538170848,0.31991988158950657,0.15115285624921493,False,1.0,1.0,0.7637291520537985,0.0012925906697761735
vol_proxy,w_food_cpi_yoy,rt_h1,1,consumer_prices,102,-0.6125581671783561,-2.98036377693785,0.0028790625794217206,-0.28583144775660363,False,0.15364045153189138,0.09614808334771725,0.8908349436122175,0.09030722277739589
vol_proxy,w_food_cpi_dyoy,rt_h1,1,consumer_prices,102,-0.7604242820569858,-3.469911114272407,0.0005206306273988215,-0.26465381565921414,False,0.03403639536117906,0.022456360275332588,0.8151585263488269,0.0008005311249592261
vol_proxy,w_cpi_yoy,rt_h1,1,consumer_prices,102,-0.6022216520605245,-2.171558843903495,0.029888954164301706,-0.22461511288473196,False,0.7607175684169175,0.6001438152540909,0.930137836130678,0.10496355561166787
vol_proxy,w_cpi_dyoy,rt_h1,1,consumer_prices,102,-0.8141566845930825,-3.4320202534553674,0.0005991028149572308,-0.1836385706752204,False,0.03699062107236065,0.025017185414186467,0.8412433062602631,4.718251085151302e-06
vol_proxy,w_food_cpi_rel_yoy,rt_h1,1,consumer_prices,102,-0.3806679249079135,-1.651058065541406,0.09872671891385498,-0.23996298944567432,False,1.0,1.0,0.785567485121036,0.04073879536360684
vol_proxy,w_food_cpi_rel_dyoy,rt_h1,1,consumer_prices,102,-0.603840700299628,-2.7042833134958353,0.006845189845444244,-0.26613406099068326,False,0.2535870145353349,0.18763872973405282,0.7269727162382932,0.0019947412057104976
vol_proxy,w_food_cpi_xvat_yoy,rt_h1,1,consumer_prices,102,-0.5702515699674585,-2.9682236916457345,0.002995262633756157,-0.2797374361772683,False,0.15364045153189138,0.09871536124980396,0.9021766716432724,0.06120976908576375
vol_proxy,w_food_cpi_xvat_dyoy,rt_h1,1,consumer_prices,102,-0.7586070222182844,-3.463579878318551,0.0005330383073445244,-0.26697035319014184,False,0.03417740622360185,0.022893986468149156,0.8366397634201136,0.0007233493085957974
vol_proxy,w_wage_yoy,rt_h1,1,wages_income,102,0.1283698286795404,0.32328326229154347,0.7464807287768116,-0.043651908545841084,False,1.0,1.0,0.591004231601322,0.01745596331654198
vol_proxy,w_wage_dyoy,rt_h1,1,wages_income,102,-0.17775814882255445,-0.7184764351643009,0.47246357260540073,-0.11110162670850969,False,1.0,1.0,0.18963920967705197,0.0018524942964857358
vol_proxy,w_real_wage_yoy,rt_h1,1,wages_income,102,0.4961190234580779,1.3891348912512982,0.16479173564213534,0.1835266719158418,False,1.0,1.0,0.7800508811001822,0.12857335248705867
vol_proxy,w_real_wage_dyoy,rt_h1,1,wages_income,102,0.5267971413788944,1.2266147970725303,0.21996740500149636,0.03761485353607372,False,1.0,1.0,0.4339413845000605,0.0009211343581796293
vol_proxy,w_cons_conf_z,rt_h1,0,consumer_survey,102,0.6777232691694094,1.2485535399562877,0.21182841432897792,0.20470592540779592,False,1.0,1.0,0.9196193549253993,0.27930363673706804
vol_proxy,w_cons_conf_z_d4,rt_h1,0,consumer_survey,102,0.7945539109312516,1.9770448008792134,0.048036566342565035,0.21755767000605605,False,0.971869556147104,0.8526248380599086,0.8190544204437535,0.0007175507571341457
vol_proxy,w_retail_food_vol_yoy,rt_h1,1,activity_retail,100,0.5967782636374989,1.388729508887379,0.16491501747466542,0.2300855784666968,False,1.0,1.0,0.9006239242280772,0.2187413540116332
vol_proxy,w_retail_food_vol_dyoy,rt_h1,1,activity_retail,96,0.5950088491437117,1.3635456796184091,0.17271059834605373,0.16600310375265653,False,1.0,1.0,0.8063637188667122,7.567809332114117e-05
vol_proxy,w_retail_total_vol_yoy,rt_h1,1,activity_retail,100,0.5532000359798362,2.0339093816455507,0.041960732886230145,0.2469516263902741,False,0.9196763160494431,0.7720819937428198,0.8785943023947932,0.16448863960396187
vol_proxy,w_retail_total_vol_dyoy,rt_h1,1,activity_retail,96,0.8486292635578107,3.587610468466459,0.0003337223576231896,0.2823956708106661,False,0.02536189315624069,0.015583372904376117,0.7449291285850582,0.0007496185894658731
vol_proxy,w_gdp_vol_yoy,rt_h1,1,activity_retail,102,0.17549526523429165,0.6973744314549153,0.48556849848406713,0.07872550452879087,False,1.0,1.0,0.7249143393476877,0.019534835301906663
vol_proxy,w_gdp_vol_dyoy,rt_h1,1,activity_retail,102,0.36427303051807997,1.8581197629134327,0.06315200893319806,0.15061242661972754,False,1.0,1.0,0.6460063708208502,0.0014347308647274504
vol_proxy,w_hh_real_inc_yoy,rt_h1,1,wages_income,72,0.12372038988312534,0.37753821542279886,0.7057736701103479,0.0453662462517583,False,1.0,1.0,0.5532200958048807,0.1564746407341296
vol_proxy,w_hh_real_inc_dyoy,rt_h1,1,wages_income,68,0.42790041141217966,1.3856884203358542,0.1658420655767352,0.16313981461870994,False,1.0,1.0,0.40543491881116855,0.001145659117305314
vol_proxy,w_food_ppi_yoy,rt_h1,1,producer_prices_input_costs,100,-0.8054404870691725,-3.528439488257823,0.00041801750691061734,-0.32983761725903515,False,0.028575956225837106,0.018808789995155683,0.911399902182867,0.059200617826933935
vol_proxy,w_food_ppi_dyoy,rt_h1,1,producer_prices_input_costs,96,-0.9208722224034936,-3.8559423525315215,0.00011528465559562662,-0.24561799926606404,False,0.010388522990430705,0.006111720441588528,0.8536413914518619,7.050327396571876e-05
vol_proxy,w_unemp_lvl,rt_h1,1,labour_market,102,0.5854972421742816,1.911058549010914,0.0559970572077253,0.08164924486068101,False,1.0,0.9599756478407365,0.9346233269964845,0.003547076966876368
vol_proxy,w_unemp_d4,rt_h1,1,labour_market,102,0.442524877517308,0.9312327092603343,0.3517332014682282,0.042398182541600805,False,1.0,1.0,0.8863829983399929,5.939425517906081e-08
vol_proxy,w_policy_rate_lvl,rt_h1,0,rates,102,1.0754722402564867,1.6077276580077948,0.10789483832808622,-0.14273077483521918,False,1.0,1.0,0.9776512925040991,0.16259515925490403
vol_proxy,w_policy_rate_d4,rt_h1,0,rates,102,-0.2460671729483883,-0.897579653062542,0.36940969056611506,-0.07333105969615261,False,1.0,1.0,0.9049871240436747,0.054587467460304594
vol_proxy,w_gov10y_lvl,rt_h1,0,rates,102,0.8187787422200276,0.7817865403471153,0.4343400324559925,-0.2679020625585527,False,1.0,1.0,0.9833076134644816,0.4379741842407668
vol_proxy,w_gov10y_d4,rt_h1,0,rates,102,-0.9073705930441388,-2.735620921113452,0.006226270578693294,-0.3091778753534296,False,0.2441263043774057,0.17303531765059663,0.8375133486644528,0.12983879426860775
vol_proxy,w_fx_vs_eur_yoy,rt_h1,0,fx,102,-0.20999450471437411,-0.6900343329702759,0.4901725968588917,-0.04741668232229176,False,1.0,1.0,0.8255204657320352,0.005625234730305131
vol_proxy,w_fx_vs_eur_dyoy,rt_h1,0,fx,102,-0.10966008519211982,-0.29774509090564405,0.7658977257651616,-0.12875930835165386,False,1.0,1.0,0.7637340340970555,0.004705027460282979
vol_proxy,w_fx_vs_usd_yoy,rt_h1,0,fx,102,-0.23630270818060925,-0.5811829127249556,0.5611171826780028,0.019083111157512194,False,1.0,1.0,0.7866814195934706,0.04407161891098799
vol_proxy,w_fx_vs_usd_dyoy,rt_h1,0,fx,102,-0.11169998934539728,-0.2921976061699221,0.7701355418095908,-0.03116275902608766,False,1.0,1.0,0.7029248394697424,0.00020781387221498613
vol_proxy,w_fx_vs_nok_yoy,rt_h1,0,fx,102,0.12139669577514801,0.33581690899969235,0.7370089383914735,0.06231710019930776,False,1.0,1.0,0.7331451900180997,0.061604764358906584
vol_proxy,w_fx_vs_nok_dyoy,rt_h1,0,fx,102,0.41324997908558064,1.3205263123281805,0.18665935697461,0.20566902522504382,False,1.0,1.0,0.6716789508328556,0.000621891597040753
vol_proxy,w_ec_food_ind_sell_price_exp_lvl,rt_h1,1,price_expectations,102,-0.7621818626203659,-1.820018386392618,0.06875620493837742,-0.2563144315786882,False,1.0,1.0,0.8401062271169176,0.09385592693929774
vol_proxy,w_ec_food_ind_sell_price_exp_d4,rt_h1,1,price_expectations,102,-0.6806135044957049,-1.995412539541779,0.04599790441817708,-0.10685729693248848,False,0.9552214909502096,0.8237211293065122,0.784419280067056,4.5544141575859685e-06
vol_proxy,w_ec_food_retail_sell_price_exp_lvl,rt_h1,0,price_expectations,63,-1.1967893330877644,-2.9714208770614947,0.002964252441844284,-0.31516518107839403,False,0.15364045153189138,0.09817661418428085,0.8631622264562294,0.07216875821157197
vol_proxy,w_ec_food_retail_sell_price_exp_d4,rt_h1,0,price_expectations,59,-1.1850592896747376,-3.994057608491779,6.495207126033797e-05,-0.174629572568609,False,0.006640832219824832,0.0037395849597246966,0.808353484044957,0.00018611426295658514
vol_proxy,w_ec_cons_price_exp_lvl,rt_h1,0,price_expectations,102,-0.40286117811269534,-1.0747156316112156,0.28250206309062964,0.050633009549449444,False,1.0,1.0,0.8608525901254508,0.0032465212316351295
vol_proxy,w_ec_cons_price_exp_d4,rt_h1,0,price_expectations,102,0.029385222952615704,0.12944961404469532,0.8970018915670055,0.15170025399191492,False,1.0,1.0,0.8269008676275778,0.0004758015262790783
vol_proxy,w_hh_saving_lvl,rt_h1,1,wages_income,102,0.4604770988594598,0.4707781977945899,0.6377991353646761,0.03316323065145826,False,1.0,1.0,0.937254654568618,0.8474339680158866
vol_proxy,w_hh_saving_d4,rt_h1,1,wages_income,102,-0.31029289266437166,-1.0133032173406422,0.31091535123861824,-0.04107116718030088,False,1.0,1.0,0.4116788689409261,0.014319155419692711
vol_proxy,nw_food_cpi_yoy,rt_h1,0,consumer_prices,102,-1.1655033390167697,-4.7256258437504055,2.294077102282799e-06,-0.3531790744722322,False,0.0003476717087972566,0.00020819454520071463,0.8712535268997397,0.13737052290782398
vol_proxy,nw_food_cpi_dyoy,rt_h1,0,consumer_prices,102,-1.0470504015566884,-4.729586386632329,2.2497771110518983e-06,-0.3610655612349792,False,0.0003476717087972566,0.00020650760414810072,0.7706215154871803,0.0008502456109153745
vol_proxy,nw_food_cpi_xvat_yoy,rt_h1,0,consumer_prices,102,-1.1036309772337454,-4.58840730925644,4.466405420178177e-06,-0.35327925062826726,False,0.0005956651006634131,0.0003776062237225744,0.898214540320495,0.088890490355048
vol_proxy,nw_food_cpi_xvat_dyoy,rt_h1,0,consumer_prices,102,-1.0988190455744429,-5.441873189713437,5.272320313665091e-08,-0.38615837857783203,False,1.0820830532514037e-05,8.469083022152072e-06,0.8174534723630721,0.00047168361430462933
vol_proxy,nw_real_wage_yoy,rt_h1,1,wages_income,102,0.36086548533242435,1.0352306435308993,0.3005612111367406,0.06866330059453325,False,1.0,1.0,0.6660451678611793,0.1536326860082853
vol_proxy,nw_real_wage_dyoy,rt_h1,1,wages_income,102,0.24870283228624984,0.6070950138117693,0.5437878590184468,-0.039095666971778006,False,1.0,1.0,0.24027514566710415,0.0014173803613945686
vol_proxy,nw_cons_conf_z,rt_h1,0,consumer_survey,102,0.6900427559715852,1.3786636145240674,0.167998492867254,0.1393786044959514,False,1.0,1.0,0.9292296405833603,0.34503672422778825
vol_proxy,nw_cons_conf_z_d4,rt_h1,0,consumer_survey,102,0.7270447613432901,1.8161813283634194,0.06934256129959837,0.20867120896138677,False,1.0,1.0,0.8347704608974341,9.570605228021588e-06
vol_proxy,nw_retail_food_vol_yoy,rt_h1,1,activity_retail,100,0.5194278926662429,1.081631429574048,0.27941633313308345,0.1971328497869648,False,1.0,1.0,0.8754933561399922,0.14031795743333142
vol_proxy,nw_retail_food_vol_dyoy,rt_h1,1,activity_retail,96,0.4959582862425558,1.0358644976254545,0.3002653624718614,0.13624236094186154,False,1.0,1.0,0.7850295410432014,0.0002857141587373619
vol_proxy,nw_food_ppi_yoy,rt_h1,1,producer_prices_input_costs,100,-0.7365038436507468,-3.1063489534742117,0.0018941304886048727,-0.2794505716848334,False,0.10525498340970242,0.06731410296357054,0.9141532488086936,0.11736504240776163
vol_proxy,nw_food_ppi_dyoy,rt_h1,1,producer_prices_input_costs,96,-0.8560274280621819,-3.453673948635353,0.0005530055331213202,-0.23409323707778196,False,0.03478865432181263,0.023625240300983376,0.8448805687160931,2.6822279228724996e-05
vol_proxy,fao_ffpi_sek_yoy,rt_h1,0,commodities,102,-0.4574688258042856,-1.186705942718149,0.23534363014210147,0.011770826702131029,False,1.0,1.0,0.8202007901338265,0.000303221123586656
vol_proxy,fao_ffpi_sek_dyoy,rt_h1,0,commodities,102,0.09548801850626198,0.3396925974839924,0.7340880369642211,0.14508871530120263,False,1.0,1.0,0.7631842399585946,0.001180210088537242
vol_proxy,wb_food_sek_yoy,rt_h1,0,commodities,102,-0.3615823590740521,-0.789912450670389,0.4295788995656915,0.08888938957381999,False,1.0,1.0,0.7905817554024996,0.00974919701012821
vol_proxy,wb_food_sek_dyoy,rt_h1,0,commodities,102,0.23944420215310436,0.8023245130418825,0.42236526626346094,0.24893691602137274,False,1.0,1.0,0.6848977309115938,0.001839002840775327
vol_proxy,fao_ffpi_wloc_yoy,rt_h1,0,commodities,102,-0.4329936757540212,-1.1673609318902147,0.2430646414070372,0.01082641662726893,False,1.0,1.0,0.8297098934910314,0.0002836112052225468
vol_proxy,fao_ffpi_wloc_dyoy,rt_h1,0,commodities,102,0.05744186100670849,0.22136765300014977,0.8248061768227766,0.12848500869021487,False,1.0,1.0,0.7776511237308878,0.00046317325270297534
vol_proxy,wb_food_wloc_yoy,rt_h1,0,commodities,102,-0.3432750736189449,-0.7373685440290783,0.46089825919794714,0.09381302444781071,False,1.0,1.0,0.7922666182409742,0.004941511167170695
vol_proxy,wb_food_wloc_dyoy,rt_h1,0,commodities,102,0.21263270770682857,0.8161376096917604,0.4144214355002531,0.23933638460210002,False,1.0,1.0,0.6899206606602513,0.00088830961376155
vol_proxy,eu_agri_basket_yoy,rt_h1,1,commodities,100,-0.852442702498971,-2.647442868753349,0.008110306243530818,-0.351179413735825,False,0.2876692377733793,0.21569243712171374,0.8520075597572352,0.012727536257067311
vol_proxy,eu_agri_basket_dyoy,rt_h1,1,commodities,96,-0.785430166862045,-2.452795155546261,0.014175103485135176,-0.19700944633255824,False,0.42965273016768624,0.33485125289494405,0.8007678650626083,0.0025138770027193897
vol_proxy,eu_agri_basket_wloc_yoy,rt_h1,1,commodities,100,-0.9577067981028876,-3.5584544425956013,0.00037304347798938764,-0.36501989323797795,False,0.026463398482674018,0.01707209968150347,0.8543614714703142,0.02162078948605185
vol_proxy,eu_agri_basket_wloc_dyoy,rt_h1,1,commodities,96,-0.8529350844514196,-2.5724027264172364,0.010099533263177252,-0.2444328348430634,False,0.33103182006634824,0.25792014320955226,0.8060929036757796,0.003465061441262764
vol_proxy,elec_nordic_loc_yoy,rt_h1,0,energy,102,-0.07268297453850148,-0.1548920609350502,0.8769064125680863,0.0164736274344997,False,1.0,1.0,0.7240900987674318,0.0008895507454325807
vol_proxy,elec_nordic_loc_dyoy,rt_h1,0,energy,99,0.42646089854867764,1.3514861056395204,0.17653976777692604,0.15217915578134292,False,1.0,1.0,0.6741014457471726,0.002315610875117909
vol_proxy,natgas_eu_eur_yoy,rt_h1,0,energy,91,-0.11891349606695675,-0.27387117361999047,0.784183625028658,0.045951451202562256,False,1.0,1.0,0.848374982064032,0.0012084228215865007
vol_proxy,natgas_eu_eur_dyoy,rt_h1,0,energy,79,0.5038725817074007,1.7996858421175528,0.07191025788238026,0.2761101233215507,False,1.0,1.0,0.8198488945961931,0.0005118304398019869
vol_proxy,brent_nok_yoy,rt_h1,0,energy,102,-0.013527494411756161,-0.03389473235920961,0.9729610937447055,-0.017353610370542623,False,1.0,1.0,0.7581643138081795,0.000961845434639735
vol_proxy,brent_nok_dyoy,rt_h1,0,energy,102,0.3264349218270611,0.9814808897964032,0.3263556537898098,0.16051672319145996,False,1.0,1.0,0.7101581616707573,0.006024234182274048
vol_proxy,packaging_eu_yoy,rt_h1,1,packaging_freight,100,-0.8340816649687799,-2.953984653659204,0.003136996048946461,-0.27781941395368964,False,0.15847255464113444,0.1026282875617824,0.9125490886352845,0.01716375249062556
vol_proxy,packaging_eu_dyoy,rt_h1,1,packaging_freight,96,-0.8908816455202291,-3.1369565903536842,0.0017071140039142119,-0.17844566266861125,False,0.09813378600170902,0.06204043846144338,0.8739439511245172,9.134842719830694e-05
vol_proxy,packaging_us_yoy,rt_h1,1,packaging_freight,102,-0.29429706220066504,-0.7564043100308483,0.44940682466335913,-0.09571638978166484,False,1.0,1.0,0.8417701791287963,0.0017183456676223932
vol_proxy,packaging_us_dyoy,rt_h1,1,packaging_freight,102,-0.027242457682407066,-0.0993783139912685,0.9208379004462168,0.03988271180031518,False,1.0,1.0,0.7970521691922231,0.003211258274410453
vol_proxy,price_cost_gap_ppi,rt_h1,1,other,100,0.6090003703141278,1.4887090948356156,0.13656398903336542,0.1926848705401789,False,1.0,1.0,0.8363264015679872,9.288191180426028e-05
vol_proxy,price_cost_gap_ppi_d4,rt_h1,1,other,96,0.6240609214921911,1.7667167063454308,0.07727568408690977,0.044423117110240516,False,1.0,1.0,0.7678522686335879,0.003757067189342778
vol_proxy,price_cost_gap_fao_nok,rt_h1,1,other,102,0.45338991519711097,1.2798417359190264,0.2006008022107415,-0.0037034880066921703,False,1.0,1.0,0.8168805626536505,0.00010045364394960964
vol_proxy,price_cost_gap_fao_nok_d4,rt_h1,1,other,102,0.17677479925413378,0.8173688721927559,0.4137176588528848,-0.03267873689229554,False,1.0,1.0,0.7654992604890926,0.0004670394610574856
vol_proxy,price_cost_gap_agri,rt_h1,1,other,100,0.7058295587920437,2.0604832273985116,0.039352367677414346,0.2764953614706398,False,0.8969697391070518,0.7351260315019763,0.8347223258072484,0.0006751476525595488
vol_proxy,price_cost_gap_agri_d4,rt_h1,1,other,96,0.5674515127022789,2.087416105024696,0.036850537419606866,0.12273690630320637,False,0.8713823040071921,0.7005219045760327,0.7903738527245757,0.0018406820079126798
vol_proxy,price_cost_gap_fao_wloc,rt_h1,1,other,102,0.44483434489215085,1.203062467557505,0.22895214809278475,-0.0032655935833449342,False,1.0,1.0,0.8256738129726776,0.0036985893037951726
vol_proxy,price_cost_gap_fao_wloc_d4,rt_h1,1,other,102,0.09015645943708349,0.42996130360658935,0.6672237902342377,-0.0769984052571548,False,1.0,1.0,0.7793081706086243,0.00021602018814617516
vol_proxy,nw_price_cost_gap_ppi,rt_h1,1,other,100,0.557839512161793,1.382321096400028,0.16687313118530245,0.15087631776058058,False,1.0,1.0,0.8203405786102836,0.0024372336623516835
vol_proxy,nw_price_cost_gap_ppi_d4,rt_h1,1,other,96,0.5485462343716465,1.485004823232397,0.13754254643827135,0.023813706362142147,False,1.0,1.0,0.7489032059261054,0.0034865763964011818
vol_proxy,price_wage_gap,rt_h1,1,other,102,-0.5814536716964117,-2.313482658884893,0.020696117100424516,-0.2530242907729178,False,0.5798637160948517,0.45292617106786753,0.8277904424769448,0.12158190626891034
vol_proxy,price_wage_gap_d4,rt_h1,1,other,102,-0.6390352017882078,-2.0315136998288743,0.042202911237901874,-0.18039313038737867,False,0.9196763160494431,0.7738787243756762,0.6479439255374921,0.002171887308691225
