block,lag,beta,se,cum,cum_se,cost,sample,model,spec,n,r2
raw_mat_wloc_yoy,0,-0.1163,0.03,-0.1163,0.03,raw_mat_wloc_yoy,full,cost_only,K6_unres,96,0.3018
raw_mat_wloc_yoy,1,0.06845,0.03951,-0.04785,0.02442,raw_mat_wloc_yoy,full,cost_only,K6_unres,96,0.3018
raw_mat_wloc_yoy,2,-0.03971,0.04117,-0.08756,0.0296,raw_mat_wloc_yoy,full,cost_only,K6_unres,96,0.3018
raw_mat_wloc_yoy,3,0.05454,0.03338,-0.03302,0.02281,raw_mat_wloc_yoy,full,cost_only,K6_unres,96,0.3018
raw_mat_wloc_yoy,4,-0.04344,0.03013,-0.07647,0.02179,raw_mat_wloc_yoy,full,cost_only,K6_unres,96,0.3018
raw_mat_wloc_yoy,5,-0.0305,0.03668,-0.107,0.03034,raw_mat_wloc_yoy,full,cost_only,K6_unres,96,0.3018
raw_mat_wloc_yoy,6,0.02507,0.02793,-0.08189,0.02509,raw_mat_wloc_yoy,full,cost_only,K6_unres,96,0.3018
raw_mat_wloc_yoy,0,-0.04781,0.01392,-0.04781,0.01392,raw_mat_wloc_yoy,full,cost_only,K6_pdl,96,0.2347
raw_mat_wloc_yoy,1,-0.02066,0.004788,-0.06847,0.01766,raw_mat_wloc_yoy,full,cost_only,K6_pdl,96,0.2347
raw_mat_wloc_yoy,2,-0.002472,0.005825,-0.07094,0.01659,raw_mat_wloc_yoy,full,cost_only,K6_pdl,96,0.2347
raw_mat_wloc_yoy,3,0.006754,0.00732,-0.06419,0.01606,raw_mat_wloc_yoy,full,cost_only,K6_pdl,96,0.2347
raw_mat_wloc_yoy,4,0.007018,0.005259,-0.05717,0.01758,raw_mat_wloc_yoy,full,cost_only,K6_pdl,96,0.2347
raw_mat_wloc_yoy,5,-0.001679,0.00457,-0.05885,0.01921,raw_mat_wloc_yoy,full,cost_only,K6_pdl,96,0.2347
raw_mat_wloc_yoy,6,-0.01934,0.01473,-0.07819,0.02617,raw_mat_wloc_yoy,full,cost_only,K6_pdl,96,0.2347
raw_mat_wloc_yoy,0,-0.07568,0.01871,-0.07568,0.01871,raw_mat_wloc_yoy,full,cost_only,K6_ridge,96,0.2781
raw_mat_wloc_yoy,1,-0.002947,0.01002,-0.07862,0.01752,raw_mat_wloc_yoy,full,cost_only,K6_ridge,96,0.2781
raw_mat_wloc_yoy,2,0.01831,0.01317,-0.06031,0.01767,raw_mat_wloc_yoy,full,cost_only,K6_ridge,96,0.2781
raw_mat_wloc_yoy,3,0.01075,0.008264,-0.04956,0.01627,raw_mat_wloc_yoy,full,cost_only,K6_ridge,96,0.2781
raw_mat_wloc_yoy,4,-0.01661,0.01158,-0.06618,0.0169,raw_mat_wloc_yoy,full,cost_only,K6_ridge,96,0.2781
raw_mat_wloc_yoy,5,-0.02289,0.0101,-0.08907,0.02259,raw_mat_wloc_yoy,full,cost_only,K6_ridge,96,0.2781
raw_mat_wloc_yoy,6,0.01092,0.01799,-0.07815,0.02567,raw_mat_wloc_yoy,full,cost_only,K6_ridge,96,0.2781
raw_mat_wloc_yoy,0,-0.03542,0.00835,-0.03542,0.00835,raw_mat_wloc_yoy,full,cost_only,K12_pdl,90,0.2385
raw_mat_wloc_yoy,1,-0.02011,0.004983,-0.05553,0.01302,raw_mat_wloc_yoy,full,cost_only,K12_pdl,90,0.2385
raw_mat_wloc_yoy,2,-0.00924,0.003818,-0.06477,0.01578,raw_mat_wloc_yoy,full,cost_only,K12_pdl,90,0.2385
raw_mat_wloc_yoy,3,-0.002139,0.003594,-0.06691,0.01781,raw_mat_wloc_yoy,full,cost_only,K12_pdl,90,0.2385
raw_mat_wloc_yoy,4,0.001887,0.00333,-0.06502,0.01967,raw_mat_wloc_yoy,full,cost_only,K12_pdl,90,0.2385
raw_mat_wloc_yoy,5,0.003527,0.002963,-0.0615,0.02148,raw_mat_wloc_yoy,full,cost_only,K12_pdl,90,0.2385
raw_mat_wloc_yoy,6,0.003472,0.002818,-0.05802,0.02326,raw_mat_wloc_yoy,full,cost_only,K12_pdl,90,0.2385
raw_mat_wloc_yoy,7,0.002411,0.003033,-0.05561,0.02506,raw_mat_wloc_yoy,full,cost_only,K12_pdl,90,0.2385
raw_mat_wloc_yoy,8,0.001033,0.003301,-0.05458,0.02688,raw_mat_wloc_yoy,full,cost_only,K12_pdl,90,0.2385
raw_mat_wloc_yoy,9,2.819e-05,0.003278,-0.05455,0.02856,raw_mat_wloc_yoy,full,cost_only,K12_pdl,90,0.2385
raw_mat_wloc_yoy,10,8.588e-05,0.003178,-0.05446,0.02969,raw_mat_wloc_yoy,full,cost_only,K12_pdl,90,0.2385
raw_mat_wloc_yoy,11,0.001896,0.00457,-0.05257,0.02994,raw_mat_wloc_yoy,full,cost_only,K12_pdl,90,0.2385
raw_mat_wloc_yoy,12,0.006147,0.008666,-0.04642,0.03015,raw_mat_wloc_yoy,full,cost_only,K12_pdl,90,0.2385
raw_mat_wloc_yoy,0,-0.1121,0.02916,-0.1121,0.02916,raw_mat_wloc_yoy,full,cost_plus_cpi,K6_unres,96,0.4208
raw_mat_wloc_yoy,1,0.0754,0.03417,-0.03668,0.0233,raw_mat_wloc_yoy,full,cost_plus_cpi,K6_unres,96,0.4208
raw_mat_wloc_yoy,2,-0.04373,0.03656,-0.08041,0.02747,raw_mat_wloc_yoy,full,cost_plus_cpi,K6_unres,96,0.4208
raw_mat_wloc_yoy,3,0.06343,0.03133,-0.01698,0.01909,raw_mat_wloc_yoy,full,cost_plus_cpi,K6_unres,96,0.4208
raw_mat_wloc_yoy,4,-0.02122,0.02627,-0.0382,0.02564,raw_mat_wloc_yoy,full,cost_plus_cpi,K6_unres,96,0.4208
raw_mat_wloc_yoy,5,-0.005163,0.03022,-0.04337,0.02537,raw_mat_wloc_yoy,full,cost_plus_cpi,K6_unres,96,0.4208
raw_mat_wloc_yoy,6,0.0007622,0.03404,-0.0426,0.03929,raw_mat_wloc_yoy,full,cost_plus_cpi,K6_unres,96,0.4208
w_food_cpi_xvat_yoy,0,-0.2544,0.1225,-0.2544,0.1225,raw_mat_wloc_yoy,full,cost_plus_cpi,K6_unres,96,0.4208
w_food_cpi_xvat_yoy,1,0.2851,0.1974,0.03071,0.148,raw_mat_wloc_yoy,full,cost_plus_cpi,K6_unres,96,0.4208
w_food_cpi_xvat_yoy,2,-0.05317,0.1581,-0.02246,0.08032,raw_mat_wloc_yoy,full,cost_plus_cpi,K6_unres,96,0.4208
w_food_cpi_xvat_yoy,3,-0.006131,0.1746,-0.02859,0.1266,raw_mat_wloc_yoy,full,cost_plus_cpi,K6_unres,96,0.4208
w_food_cpi_xvat_yoy,4,-0.4353,0.1349,-0.4639,0.1293,raw_mat_wloc_yoy,full,cost_plus_cpi,K6_unres,96,0.4208
w_food_cpi_xvat_yoy,5,0.5037,0.1691,0.0398,0.178,raw_mat_wloc_yoy,full,cost_plus_cpi,K6_unres,96,0.4208
w_food_cpi_xvat_yoy,6,-0.04242,0.1281,-0.002629,0.08999,raw_mat_wloc_yoy,full,cost_plus_cpi,K6_unres,96,0.4208
raw_mat_wloc_yoy,0,-0.06163,0.01285,-0.06163,0.01285,raw_mat_wloc_yoy,full,cost_plus_cpi,K6_pdl,96,0.3286
raw_mat_wloc_yoy,1,-0.01935,0.004833,-0.08098,0.01589,raw_mat_wloc_yoy,full,cost_plus_cpi,K6_pdl,96,0.3286
raw_mat_wloc_yoy,2,0.00822,0.006881,-0.07276,0.0152,raw_mat_wloc_yoy,full,cost_plus_cpi,K6_pdl,96,0.3286
raw_mat_wloc_yoy,3,0.02108,0.007931,-0.05168,0.01588,raw_mat_wloc_yoy,full,cost_plus_cpi,K6_pdl,96,0.3286
raw_mat_wloc_yoy,4,0.01924,0.006411,-0.03244,0.01759,raw_mat_wloc_yoy,full,cost_plus_cpi,K6_pdl,96,0.3286
raw_mat_wloc_yoy,5,0.002689,0.009913,-0.02975,0.01964,raw_mat_wloc_yoy,full,cost_plus_cpi,K6_pdl,96,0.3286
raw_mat_wloc_yoy,6,-0.02857,0.02227,-0.05832,0.0329,raw_mat_wloc_yoy,full,cost_plus_cpi,K6_pdl,96,0.3286
w_food_cpi_xvat_yoy,0,0.01051,0.04166,0.01051,0.04166,raw_mat_wloc_yoy,full,cost_plus_cpi,K6_pdl,96,0.3286
w_food_cpi_xvat_yoy,1,-0.02801,0.0154,-0.0175,0.04965,raw_mat_wloc_yoy,full,cost_plus_cpi,K6_pdl,96,0.3286
w_food_cpi_xvat_yoy,2,-0.04392,0.02738,-0.06143,0.04753,raw_mat_wloc_yoy,full,cost_plus_cpi,K6_pdl,96,0.3286
w_food_cpi_xvat_yoy,3,-0.03722,0.03455,-0.09865,0.05917,raw_mat_wloc_yoy,full,cost_plus_cpi,K6_pdl,96,0.3286
w_food_cpi_xvat_yoy,4,-0.007907,0.0287,-0.1066,0.07858,raw_mat_wloc_yoy,full,cost_plus_cpi,K6_pdl,96,0.3286
w_food_cpi_xvat_yoy,5,0.04402,0.01525,-0.06253,0.08727,raw_mat_wloc_yoy,full,cost_plus_cpi,K6_pdl,96,0.3286
w_food_cpi_xvat_yoy,6,0.1186,0.03672,0.05602,0.08193,raw_mat_wloc_yoy,full,cost_plus_cpi,K6_pdl,96,0.3286
raw_mat_wloc_yoy,0,-0.06769,0.0146,-0.06769,0.0146,raw_mat_wloc_yoy,full,cost_plus_cpi,K6_ridge,96,0.3437
raw_mat_wloc_yoy,1,-0.01077,0.00471,-0.07846,0.0155,raw_mat_wloc_yoy,full,cost_plus_cpi,K6_ridge,96,0.3437
raw_mat_wloc_yoy,2,0.01887,0.008983,-0.05959,0.01312,raw_mat_wloc_yoy,full,cost_plus_cpi,K6_ridge,96,0.3437
raw_mat_wloc_yoy,3,0.02235,0.008329,-0.03725,0.01442,raw_mat_wloc_yoy,full,cost_plus_cpi,K6_ridge,96,0.3437
raw_mat_wloc_yoy,4,0.006374,0.005741,-0.03087,0.01695,raw_mat_wloc_yoy,full,cost_plus_cpi,K6_ridge,96,0.3437
raw_mat_wloc_yoy,5,-0.008592,0.009667,-0.03946,0.01999,raw_mat_wloc_yoy,full,cost_plus_cpi,K6_ridge,96,0.3437
raw_mat_wloc_yoy,6,-0.01257,0.02141,-0.05204,0.03335,raw_mat_wloc_yoy,full,cost_plus_cpi,K6_ridge,96,0.3437
w_food_cpi_xvat_yoy,0,-0.02439,0.0239,-0.02439,0.0239,raw_mat_wloc_yoy,full,cost_plus_cpi,K6_ridge,96,0.3437
w_food_cpi_xvat_yoy,1,-0.02816,0.0146,-0.05255,0.03545,raw_mat_wloc_yoy,full,cost_plus_cpi,K6_ridge,96,0.3437
w_food_cpi_xvat_yoy,2,-0.02873,0.01936,-0.08128,0.04455,raw_mat_wloc_yoy,full,cost_plus_cpi,K6_ridge,96,0.3437
w_food_cpi_xvat_yoy,3,-0.02013,0.02369,-0.1014,0.05926,raw_mat_wloc_yoy,full,cost_plus_cpi,K6_ridge,96,0.3437
w_food_cpi_xvat_yoy,4,0.003314,0.02067,-0.0981,0.07476,raw_mat_wloc_yoy,full,cost_plus_cpi,K6_ridge,96,0.3437
w_food_cpi_xvat_yoy,5,0.04261,0.01493,-0.05549,0.08333,raw_mat_wloc_yoy,full,cost_plus_cpi,K6_ridge,96,0.3437
w_food_cpi_xvat_yoy,6,0.08733,0.02032,0.03184,0.08361,raw_mat_wloc_yoy,full,cost_plus_cpi,K6_ridge,96,0.3437
raw_mat_wloc_yoy,0,-0.04431,0.009941,-0.04431,0.009941,raw_mat_wloc_yoy,full,cost_plus_cpi,K12_pdl,90,0.2985
raw_mat_wloc_yoy,1,-0.01933,0.004899,-0.06364,0.01419,raw_mat_wloc_yoy,full,cost_plus_cpi,K12_pdl,90,0.2985
raw_mat_wloc_yoy,2,-0.002935,0.004638,-0.06658,0.01582,raw_mat_wloc_yoy,full,cost_plus_cpi,K12_pdl,90,0.2985
raw_mat_wloc_yoy,3,0.006321,0.006023,-0.06026,0.01753,raw_mat_wloc_yoy,full,cost_plus_cpi,K12_pdl,90,0.2985
raw_mat_wloc_yoy,4,0.009879,0.00688,-0.05038,0.02083,raw_mat_wloc_yoy,full,cost_plus_cpi,K12_pdl,90,0.2985
raw_mat_wloc_yoy,5,0.009186,0.007172,-0.04119,0.02562,raw_mat_wloc_yoy,full,cost_plus_cpi,K12_pdl,90,0.2985
raw_mat_wloc_yoy,6,0.005684,0.007176,-0.03551,0.0312,raw_mat_wloc_yoy,full,cost_plus_cpi,K12_pdl,90,0.2985
raw_mat_wloc_yoy,7,0.000819,0.007059,-0.03469,0.03697,raw_mat_wloc_yoy,full,cost_plus_cpi,K12_pdl,90,0.2985
raw_mat_wloc_yoy,8,-0.003966,0.006794,-0.03865,0.04251,raw_mat_wloc_yoy,full,cost_plus_cpi,K12_pdl,90,0.2985
raw_mat_wloc_yoy,9,-0.007225,0.006354,-0.04588,0.04745,raw_mat_wloc_yoy,full,cost_plus_cpi,K12_pdl,90,0.2985
raw_mat_wloc_yoy,10,-0.007515,0.006338,-0.05339,0.05144,raw_mat_wloc_yoy,full,cost_plus_cpi,K12_pdl,90,0.2985
raw_mat_wloc_yoy,11,-0.003392,0.008566,-0.05679,0.05466,raw_mat_wloc_yoy,full,cost_plus_cpi,K12_pdl,90,0.2985
raw_mat_wloc_yoy,12,0.006589,0.01432,-0.0502,0.0589,raw_mat_wloc_yoy,full,cost_plus_cpi,K12_pdl,90,0.2985
w_food_cpi_xvat_yoy,0,-0.01503,0.03413,-0.01503,0.03413,raw_mat_wloc_yoy,full,cost_plus_cpi,K12_pdl,90,0.2985
w_food_cpi_xvat_yoy,1,-0.02272,0.02086,-0.03775,0.05265,raw_mat_wloc_yoy,full,cost_plus_cpi,K12_pdl,90,0.2985
w_food_cpi_xvat_yoy,2,-0.02139,0.01908,-0.05914,0.06517,raw_mat_wloc_yoy,full,cost_plus_cpi,K12_pdl,90,0.2985
w_food_cpi_xvat_yoy,3,-0.01355,0.01946,-0.07269,0.07711,raw_mat_wloc_yoy,full,cost_plus_cpi,K12_pdl,90,0.2985
w_food_cpi_xvat_yoy,4,-0.001734,0.01795,-0.07442,0.08949,raw_mat_wloc_yoy,full,cost_plus_cpi,K12_pdl,90,0.2985
w_food_cpi_xvat_yoy,5,0.01153,0.01535,-0.06289,0.1013,raw_mat_wloc_yoy,full,cost_plus_cpi,K12_pdl,90,0.2985
w_food_cpi_xvat_yoy,6,0.02372,0.01425,-0.03917,0.1119,raw_mat_wloc_yoy,full,cost_plus_cpi,K12_pdl,90,0.2985
w_food_cpi_xvat_yoy,7,0.0323,0.01603,-0.006873,0.1216,raw_mat_wloc_yoy,full,cost_plus_cpi,K12_pdl,90,0.2985
w_food_cpi_xvat_yoy,8,0.03475,0.0186,0.02788,0.1311,raw_mat_wloc_yoy,full,cost_plus_cpi,K12_pdl,90,0.2985
w_food_cpi_xvat_yoy,9,0.02854,0.01912,0.05642,0.1403,raw_mat_wloc_yoy,full,cost_plus_cpi,K12_pdl,90,0.2985
w_food_cpi_xvat_yoy,10,0.01115,0.01577,0.06757,0.1472,raw_mat_wloc_yoy,full,cost_plus_cpi,K12_pdl,90,0.2985
w_food_cpi_xvat_yoy,11,-0.01996,0.01095,0.04761,0.1481,raw_mat_wloc_yoy,full,cost_plus_cpi,K12_pdl,90,0.2985
w_food_cpi_xvat_yoy,12,-0.06731,0.0226,-0.0197,0.14,raw_mat_wloc_yoy,full,cost_plus_cpi,K12_pdl,90,0.2985
raw_mat_wloc_yoy,0,-0.1179,0.03782,-0.1179,0.03782,raw_mat_wloc_yoy,full,cost_plus_ppi,K6_unres,96,0.4143
raw_mat_wloc_yoy,1,0.06488,0.03585,-0.05297,0.03032,raw_mat_wloc_yoy,full,cost_plus_ppi,K6_unres,96,0.4143
raw_mat_wloc_yoy,2,-0.04819,0.03915,-0.1012,0.03628,raw_mat_wloc_yoy,full,cost_plus_ppi,K6_unres,96,0.4143
raw_mat_wloc_yoy,3,0.09036,0.03636,-0.0108,0.02567,raw_mat_wloc_yoy,full,cost_plus_ppi,K6_unres,96,0.4143
raw_mat_wloc_yoy,4,-0.025,0.02989,-0.0358,0.03645,raw_mat_wloc_yoy,full,cost_plus_ppi,K6_unres,96,0.4143
raw_mat_wloc_yoy,5,-0.01927,0.03926,-0.05507,0.03342,raw_mat_wloc_yoy,full,cost_plus_ppi,K6_unres,96,0.4143
raw_mat_wloc_yoy,6,-0.01893,0.03114,-0.074,0.0411,raw_mat_wloc_yoy,full,cost_plus_ppi,K6_unres,96,0.4143
w_food_ppi_yoy,0,-0.1248,0.1437,-0.1248,0.1437,raw_mat_wloc_yoy,full,cost_plus_ppi,K6_unres,96,0.4143
w_food_ppi_yoy,1,0.3621,0.1896,0.2373,0.1422,raw_mat_wloc_yoy,full,cost_plus_ppi,K6_unres,96,0.4143
w_food_ppi_yoy,2,-0.4067,0.1577,-0.1694,0.107,raw_mat_wloc_yoy,full,cost_plus_ppi,K6_unres,96,0.4143
w_food_ppi_yoy,3,0.09906,0.1969,-0.07035,0.1324,raw_mat_wloc_yoy,full,cost_plus_ppi,K6_unres,96,0.4143
w_food_ppi_yoy,4,-0.2559,0.181,-0.3262,0.1207,raw_mat_wloc_yoy,full,cost_plus_ppi,K6_unres,96,0.4143
w_food_ppi_yoy,5,0.4776,0.195,0.1513,0.1295,raw_mat_wloc_yoy,full,cost_plus_ppi,K6_unres,96,0.4143
w_food_ppi_yoy,6,-0.1226,0.105,0.0287,0.07219,raw_mat_wloc_yoy,full,cost_plus_ppi,K6_unres,96,0.4143
raw_mat_wloc_yoy,0,-0.06694,0.01623,-0.06694,0.01623,raw_mat_wloc_yoy,full,cost_plus_ppi,K6_pdl,96,0.3479
raw_mat_wloc_yoy,1,-0.01772,0.005831,-0.08466,0.02085,raw_mat_wloc_yoy,full,cost_plus_ppi,K6_pdl,96,0.3479
raw_mat_wloc_yoy,2,0.01338,0.006873,-0.07127,0.01988,raw_mat_wloc_yoy,full,cost_plus_ppi,K6_pdl,96,0.3479
raw_mat_wloc_yoy,3,0.02636,0.009079,-0.04491,0.01957,raw_mat_wloc_yoy,full,cost_plus_ppi,K6_pdl,96,0.3479
raw_mat_wloc_yoy,4,0.02122,0.008504,-0.02368,0.02261,raw_mat_wloc_yoy,full,cost_plus_ppi,K6_pdl,96,0.3479
raw_mat_wloc_yoy,5,-0.002036,0.01016,-0.02572,0.0283,raw_mat_wloc_yoy,full,cost_plus_ppi,K6_pdl,96,0.3479
raw_mat_wloc_yoy,6,-0.04342,0.02036,-0.06914,0.04152,raw_mat_wloc_yoy,full,cost_plus_ppi,K6_pdl,96,0.3479
w_food_ppi_yoy,0,0.0228,0.04692,0.0228,0.04692,raw_mat_wloc_yoy,full,cost_plus_ppi,K6_pdl,96,0.3479
w_food_ppi_yoy,1,-0.02458,0.016,-0.001782,0.05796,raw_mat_wloc_yoy,full,cost_plus_ppi,K6_pdl,96,0.3479
w_food_ppi_yoy,2,-0.04652,0.02378,-0.0483,0.05339,raw_mat_wloc_yoy,full,cost_plus_ppi,K6_pdl,96,0.3479
w_food_ppi_yoy,3,-0.04301,0.03075,-0.09131,0.05518,raw_mat_wloc_yoy,full,cost_plus_ppi,K6_pdl,96,0.3479
w_food_ppi_yoy,4,-0.01404,0.02454,-0.1054,0.06594,raw_mat_wloc_yoy,full,cost_plus_ppi,K6_pdl,96,0.3479
w_food_ppi_yoy,5,0.04037,0.01149,-0.06498,0.0698,raw_mat_wloc_yoy,full,cost_plus_ppi,K6_pdl,96,0.3479
w_food_ppi_yoy,6,0.1202,0.03899,0.05527,0.06879,raw_mat_wloc_yoy,full,cost_plus_ppi,K6_pdl,96,0.3479
raw_mat_wloc_yoy,0,-0.06683,0.01637,-0.06683,0.01637,raw_mat_wloc_yoy,full,cost_plus_ppi,K6_ridge,96,0.3566
raw_mat_wloc_yoy,1,-0.009427,0.005074,-0.07626,0.01843,raw_mat_wloc_yoy,full,cost_plus_ppi,K6_ridge,96,0.3566
raw_mat_wloc_yoy,2,0.02152,0.008981,-0.05474,0.01624,raw_mat_wloc_yoy,full,cost_plus_ppi,K6_ridge,96,0.3566
raw_mat_wloc_yoy,3,0.02598,0.008827,-0.02877,0.01793,raw_mat_wloc_yoy,full,cost_plus_ppi,K6_ridge,96,0.3566
raw_mat_wloc_yoy,4,0.008111,0.00733,-0.02065,0.02233,raw_mat_wloc_yoy,full,cost_plus_ppi,K6_ridge,96,0.3566
raw_mat_wloc_yoy,5,-0.01238,0.01052,-0.03303,0.02875,raw_mat_wloc_yoy,full,cost_plus_ppi,K6_ridge,96,0.3566
raw_mat_wloc_yoy,6,-0.02459,0.01834,-0.05762,0.04116,raw_mat_wloc_yoy,full,cost_plus_ppi,K6_ridge,96,0.3566
w_food_ppi_yoy,0,-0.01452,0.02939,-0.01452,0.02939,raw_mat_wloc_yoy,full,cost_plus_ppi,K6_ridge,96,0.3566
w_food_ppi_yoy,1,-0.02663,0.01484,-0.04115,0.04089,raw_mat_wloc_yoy,full,cost_plus_ppi,K6_ridge,96,0.3566
w_food_ppi_yoy,2,-0.03328,0.01888,-0.07443,0.04501,raw_mat_wloc_yoy,full,cost_plus_ppi,K6_ridge,96,0.3566
w_food_ppi_yoy,3,-0.02556,0.0222,-0.09999,0.05289,raw_mat_wloc_yoy,full,cost_plus_ppi,K6_ridge,96,0.3566
w_food_ppi_yoy,4,-1.386e-06,0.01622,-0.09999,0.06186,raw_mat_wloc_yoy,full,cost_plus_ppi,K6_ridge,96,0.3566
w_food_ppi_yoy,5,0.03942,0.0103,-0.06057,0.0652,raw_mat_wloc_yoy,full,cost_plus_ppi,K6_ridge,96,0.3566
w_food_ppi_yoy,6,0.08388,0.02137,0.02331,0.06541,raw_mat_wloc_yoy,full,cost_plus_ppi,K6_ridge,96,0.3566
raw_mat_wloc_yoy,0,-0.0508,0.01158,-0.0508,0.01158,raw_mat_wloc_yoy,full,cost_plus_ppi,K12_pdl,90,0.3049
raw_mat_wloc_yoy,1,-0.02187,0.007362,-0.07268,0.01801,raw_mat_wloc_yoy,full,cost_plus_ppi,K12_pdl,90,0.3049
raw_mat_wloc_yoy,2,-0.003366,0.007265,-0.07604,0.02275,raw_mat_wloc_yoy,full,cost_plus_ppi,K12_pdl,90,0.3049
raw_mat_wloc_yoy,3,0.006564,0.007901,-0.06948,0.02778,raw_mat_wloc_yoy,full,cost_plus_ppi,K12_pdl,90,0.3049
raw_mat_wloc_yoy,4,0.009757,0.007853,-0.05972,0.03346,raw_mat_wloc_yoy,full,cost_plus_ppi,K12_pdl,90,0.3049
raw_mat_wloc_yoy,5,0.008054,0.007215,-0.05167,0.03934,raw_mat_wloc_yoy,full,cost_plus_ppi,K12_pdl,90,0.3049
raw_mat_wloc_yoy,6,0.003295,0.006481,-0.04837,0.04495,raw_mat_wloc_yoy,full,cost_plus_ppi,K12_pdl,90,0.3049
raw_mat_wloc_yoy,7,-0.002678,0.006104,-0.05105,0.05017,raw_mat_wloc_yoy,full,cost_plus_ppi,K12_pdl,90,0.3049
raw_mat_wloc_yoy,8,-0.008025,0.00617,-0.05908,0.05508,raw_mat_wloc_yoy,full,cost_plus_ppi,K12_pdl,90,0.3049
raw_mat_wloc_yoy,9,-0.0109,0.006556,-0.06998,0.05993,raw_mat_wloc_yoy,full,cost_plus_ppi,K12_pdl,90,0.3049
raw_mat_wloc_yoy,10,-0.009473,0.007698,-0.07945,0.06503,raw_mat_wloc_yoy,full,cost_plus_ppi,K12_pdl,90,0.3049
raw_mat_wloc_yoy,11,-0.001892,0.01096,-0.08134,0.07119,raw_mat_wloc_yoy,full,cost_plus_ppi,K12_pdl,90,0.3049
raw_mat_wloc_yoy,12,0.01368,0.01755,-0.06766,0.08066,raw_mat_wloc_yoy,full,cost_plus_ppi,K12_pdl,90,0.3049
w_food_ppi_yoy,0,0.01336,0.04337,0.01336,0.04337,raw_mat_wloc_yoy,full,cost_plus_ppi,K12_pdl,90,0.3049
w_food_ppi_yoy,1,-0.01234,0.02175,0.00102,0.06388,raw_mat_wloc_yoy,full,cost_plus_ppi,K12_pdl,90,0.3049
w_food_ppi_yoy,2,-0.02273,0.01418,-0.02171,0.07227,raw_mat_wloc_yoy,full,cost_plus_ppi,K12_pdl,90,0.3049
w_food_ppi_yoy,3,-0.02139,0.01384,-0.0431,0.07649,raw_mat_wloc_yoy,full,cost_plus_ppi,K12_pdl,90,0.3049
w_food_ppi_yoy,4,-0.01192,0.01258,-0.05503,0.08093,raw_mat_wloc_yoy,full,cost_plus_ppi,K12_pdl,90,0.3049
w_food_ppi_yoy,5,0.002088,0.01037,-0.05294,0.08706,raw_mat_wloc_yoy,full,cost_plus_ppi,K12_pdl,90,0.3049
w_food_ppi_yoy,6,0.01705,0.01117,-0.03589,0.09533,raw_mat_wloc_yoy,full,cost_plus_ppi,K12_pdl,90,0.3049
w_food_ppi_yoy,7,0.02936,0.01561,-0.006527,0.1065,raw_mat_wloc_yoy,full,cost_plus_ppi,K12_pdl,90,0.3049
w_food_ppi_yoy,8,0.03544,0.01993,0.02892,0.1211,raw_mat_wloc_yoy,full,cost_plus_ppi,K12_pdl,90,0.3049
w_food_ppi_yoy,9,0.03169,0.02125,0.06061,0.1376,raw_mat_wloc_yoy,full,cost_plus_ppi,K12_pdl,90,0.3049
w_food_ppi_yoy,10,0.01452,0.01783,0.07513,0.1523,raw_mat_wloc_yoy,full,cost_plus_ppi,K12_pdl,90,0.3049
w_food_ppi_yoy,11,-0.01966,0.01239,0.05547,0.1594,raw_mat_wloc_yoy,full,cost_plus_ppi,K12_pdl,90,0.3049
w_food_ppi_yoy,12,-0.07445,0.02524,-0.01898,0.1547,raw_mat_wloc_yoy,full,cost_plus_ppi,K12_pdl,90,0.3049
raw_mat_wloc_yoy,0,-0.1183,0.04343,-0.1183,0.04343,raw_mat_wloc_yoy,ex_infl,cost_only,K6_unres,86,0.1912
raw_mat_wloc_yoy,1,0.09051,0.04132,-0.02775,0.03271,raw_mat_wloc_yoy,ex_infl,cost_only,K6_unres,86,0.1912
raw_mat_wloc_yoy,2,-0.02129,0.04477,-0.04904,0.02992,raw_mat_wloc_yoy,ex_infl,cost_only,K6_unres,86,0.1912
raw_mat_wloc_yoy,3,0.0384,0.03142,-0.01064,0.02457,raw_mat_wloc_yoy,ex_infl,cost_only,K6_unres,86,0.1912
raw_mat_wloc_yoy,4,-0.04891,0.03532,-0.05955,0.03516,raw_mat_wloc_yoy,ex_infl,cost_only,K6_unres,86,0.1912
raw_mat_wloc_yoy,5,-0.01833,0.03939,-0.07789,0.03928,raw_mat_wloc_yoy,ex_infl,cost_only,K6_unres,86,0.1912
raw_mat_wloc_yoy,6,0.03696,0.03175,-0.04093,0.03886,raw_mat_wloc_yoy,ex_infl,cost_only,K6_unres,86,0.1912
raw_mat_wloc_yoy,0,-0.03274,0.01949,-0.03274,0.01949,raw_mat_wloc_yoy,ex_infl,cost_only,K6_pdl,86,0.09924
raw_mat_wloc_yoy,1,-0.01318,0.007139,-0.04592,0.02595,raw_mat_wloc_yoy,ex_infl,cost_only,K6_pdl,86,0.09924
raw_mat_wloc_yoy,2,0.0001795,0.005731,-0.04574,0.02526,raw_mat_wloc_yoy,ex_infl,cost_only,K6_pdl,86,0.09924
raw_mat_wloc_yoy,3,0.007333,0.007768,-0.03841,0.02334,raw_mat_wloc_yoy,ex_infl,cost_only,K6_pdl,86,0.09924
raw_mat_wloc_yoy,4,0.008282,0.006224,-0.03013,0.02403,raw_mat_wloc_yoy,ex_infl,cost_only,K6_pdl,86,0.09924
raw_mat_wloc_yoy,5,0.003025,0.006618,-0.0271,0.02826,raw_mat_wloc_yoy,ex_infl,cost_only,K6_pdl,86,0.09924
raw_mat_wloc_yoy,6,-0.008436,0.01794,-0.03554,0.04113,raw_mat_wloc_yoy,ex_infl,cost_only,K6_pdl,86,0.09924
raw_mat_wloc_yoy,0,-0.06604,0.0295,-0.06604,0.0295,raw_mat_wloc_yoy,ex_infl,cost_only,K6_ridge,86,0.1606
raw_mat_wloc_yoy,1,0.008507,0.009129,-0.05753,0.02809,raw_mat_wloc_yoy,ex_infl,cost_only,K6_ridge,86,0.1606
raw_mat_wloc_yoy,2,0.02596,0.01582,-0.03157,0.02129,raw_mat_wloc_yoy,ex_infl,cost_only,K6_ridge,86,0.1606
raw_mat_wloc_yoy,3,0.008325,0.008058,-0.02325,0.02039,raw_mat_wloc_yoy,ex_infl,cost_only,K6_ridge,86,0.1606
raw_mat_wloc_yoy,4,-0.01823,0.01291,-0.04148,0.02484,raw_mat_wloc_yoy,ex_infl,cost_only,K6_ridge,86,0.1606
raw_mat_wloc_yoy,5,-0.01693,0.01272,-0.05841,0.03397,raw_mat_wloc_yoy,ex_infl,cost_only,K6_ridge,86,0.1606
raw_mat_wloc_yoy,6,0.02236,0.01824,-0.03605,0.03915,raw_mat_wloc_yoy,ex_infl,cost_only,K6_ridge,86,0.1606
raw_mat_wloc_yoy,0,-0.02339,0.01125,-0.02339,0.01125,raw_mat_wloc_yoy,ex_infl,cost_only,K12_pdl,80,0.1421
raw_mat_wloc_yoy,1,-0.01036,0.006565,-0.03375,0.01751,raw_mat_wloc_yoy,ex_infl,cost_only,K12_pdl,80,0.1421
raw_mat_wloc_yoy,2,-0.001174,0.004674,-0.03492,0.02097,raw_mat_wloc_yoy,ex_infl,cost_only,K12_pdl,80,0.1421
raw_mat_wloc_yoy,3,0.004741,0.004417,-0.03018,0.02327,raw_mat_wloc_yoy,ex_infl,cost_only,K12_pdl,80,0.1421
raw_mat_wloc_yoy,4,0.007961,0.004328,-0.02222,0.02536,raw_mat_wloc_yoy,ex_infl,cost_only,K12_pdl,80,0.1421
raw_mat_wloc_yoy,5,0.00906,0.004017,-0.01316,0.02759,raw_mat_wloc_yoy,ex_infl,cost_only,K12_pdl,80,0.1421
raw_mat_wloc_yoy,6,0.008613,0.003681,-0.004548,0.02997,raw_mat_wloc_yoy,ex_infl,cost_only,K12_pdl,80,0.1421
raw_mat_wloc_yoy,7,0.007196,0.003542,0.002649,0.03241,raw_mat_wloc_yoy,ex_infl,cost_only,K12_pdl,80,0.1421
raw_mat_wloc_yoy,8,0.005385,0.003501,0.008033,0.03476,raw_mat_wloc_yoy,ex_infl,cost_only,K12_pdl,80,0.1421
raw_mat_wloc_yoy,9,0.003753,0.003243,0.01179,0.03676,raw_mat_wloc_yoy,ex_infl,cost_only,K12_pdl,80,0.1421
raw_mat_wloc_yoy,10,0.002876,0.002865,0.01466,0.03794,raw_mat_wloc_yoy,ex_infl,cost_only,K12_pdl,80,0.1421
raw_mat_wloc_yoy,11,0.003329,0.00412,0.01799,0.03782,raw_mat_wloc_yoy,ex_infl,cost_only,K12_pdl,80,0.1421
raw_mat_wloc_yoy,12,0.005687,0.008375,0.02368,0.03675,raw_mat_wloc_yoy,ex_infl,cost_only,K12_pdl,80,0.1421
raw_mat_wloc_yoy,0,-0.1151,0.03786,-0.1151,0.03786,raw_mat_wloc_yoy,ex_infl,cost_plus_cpi,K6_unres,86,0.3358
raw_mat_wloc_yoy,1,0.08428,0.03878,-0.03085,0.02576,raw_mat_wloc_yoy,ex_infl,cost_plus_cpi,K6_unres,86,0.3358
raw_mat_wloc_yoy,2,-0.03449,0.03569,-0.06533,0.02759,raw_mat_wloc_yoy,ex_infl,cost_plus_cpi,K6_unres,86,0.3358
raw_mat_wloc_yoy,3,0.04436,0.02965,-0.02097,0.0195,raw_mat_wloc_yoy,ex_infl,cost_plus_cpi,K6_unres,86,0.3358
raw_mat_wloc_yoy,4,-0.03286,0.03179,-0.05383,0.02675,raw_mat_wloc_yoy,ex_infl,cost_plus_cpi,K6_unres,86,0.3358
raw_mat_wloc_yoy,5,0.006728,0.03036,-0.04711,0.02827,raw_mat_wloc_yoy,ex_infl,cost_plus_cpi,K6_unres,86,0.3358
raw_mat_wloc_yoy,6,0.01261,0.037,-0.0345,0.03936,raw_mat_wloc_yoy,ex_infl,cost_plus_cpi,K6_unres,86,0.3358
w_food_cpi_xvat_yoy,0,-0.1123,0.1673,-0.1123,0.1673,raw_mat_wloc_yoy,ex_infl,cost_plus_cpi,K6_unres,86,0.3358
w_food_cpi_xvat_yoy,1,0.3784,0.2547,0.2661,0.1828,raw_mat_wloc_yoy,ex_infl,cost_plus_cpi,K6_unres,86,0.3358
w_food_cpi_xvat_yoy,2,-0.2191,0.1439,0.04702,0.1089,raw_mat_wloc_yoy,ex_infl,cost_plus_cpi,K6_unres,86,0.3358
w_food_cpi_xvat_yoy,3,-0.1105,0.2004,-0.06348,0.1788,raw_mat_wloc_yoy,ex_infl,cost_plus_cpi,K6_unres,86,0.3358
w_food_cpi_xvat_yoy,4,-0.3675,0.1504,-0.4309,0.1899,raw_mat_wloc_yoy,ex_infl,cost_plus_cpi,K6_unres,86,0.3358
w_food_cpi_xvat_yoy,5,0.5659,0.1729,0.135,0.2007,raw_mat_wloc_yoy,ex_infl,cost_plus_cpi,K6_unres,86,0.3358
w_food_cpi_xvat_yoy,6,-0.09822,0.1365,0.03678,0.1344,raw_mat_wloc_yoy,ex_infl,cost_plus_cpi,K6_unres,86,0.3358
raw_mat_wloc_yoy,0,-0.04601,0.01816,-0.04601,0.01816,raw_mat_wloc_yoy,ex_infl,cost_plus_cpi,K6_pdl,86,0.2415
raw_mat_wloc_yoy,1,-0.01583,0.005764,-0.06184,0.02277,raw_mat_wloc_yoy,ex_infl,cost_plus_cpi,K6_pdl,86,0.2415
raw_mat_wloc_yoy,2,0.004544,0.006587,-0.05729,0.02041,raw_mat_wloc_yoy,ex_infl,cost_plus_cpi,K6_pdl,86,0.2415
raw_mat_wloc_yoy,3,0.01511,0.008212,-0.04218,0.01721,raw_mat_wloc_yoy,ex_infl,cost_plus_cpi,K6_pdl,86,0.2415
raw_mat_wloc_yoy,4,0.01587,0.006253,-0.02631,0.01587,raw_mat_wloc_yoy,ex_infl,cost_plus_cpi,K6_pdl,86,0.2415
raw_mat_wloc_yoy,5,0.006823,0.0109,-0.01949,0.01889,raw_mat_wloc_yoy,ex_infl,cost_plus_cpi,K6_pdl,86,0.2415
raw_mat_wloc_yoy,6,-0.01203,0.02633,-0.03152,0.0397,raw_mat_wloc_yoy,ex_infl,cost_plus_cpi,K6_pdl,86,0.2415
w_food_cpi_xvat_yoy,0,0.1154,0.08136,0.1154,0.08136,raw_mat_wloc_yoy,ex_infl,cost_plus_cpi,K6_pdl,86,0.2415
w_food_cpi_xvat_yoy,1,0.0006857,0.03338,0.1161,0.1044,raw_mat_wloc_yoy,ex_infl,cost_plus_cpi,K6_pdl,86,0.2415
w_food_cpi_xvat_yoy,2,-0.06491,0.04604,0.05115,0.1055,raw_mat_wloc_yoy,ex_infl,cost_plus_cpi,K6_pdl,86,0.2415
w_food_cpi_xvat_yoy,3,-0.0814,0.05714,-0.03025,0.1184,raw_mat_wloc_yoy,ex_infl,cost_plus_cpi,K6_pdl,86,0.2415
w_food_cpi_xvat_yoy,4,-0.04881,0.04632,-0.07906,0.1416,raw_mat_wloc_yoy,ex_infl,cost_plus_cpi,K6_pdl,86,0.2415
w_food_cpi_xvat_yoy,5,0.03289,0.01823,-0.04617,0.1486,raw_mat_wloc_yoy,ex_infl,cost_plus_cpi,K6_pdl,86,0.2415
w_food_cpi_xvat_yoy,6,0.1637,0.058,0.1175,0.1311,raw_mat_wloc_yoy,ex_infl,cost_plus_cpi,K6_pdl,86,0.2415
raw_mat_wloc_yoy,0,-0.05188,0.02085,-0.05188,0.02085,raw_mat_wloc_yoy,ex_infl,cost_plus_cpi,K6_ridge,86,0.2354
raw_mat_wloc_yoy,1,-0.006082,0.005104,-0.05796,0.02373,raw_mat_wloc_yoy,ex_infl,cost_plus_cpi,K6_ridge,86,0.2354
raw_mat_wloc_yoy,2,0.01594,0.008732,-0.04202,0.01875,raw_mat_wloc_yoy,ex_infl,cost_plus_cpi,K6_ridge,86,0.2354
raw_mat_wloc_yoy,3,0.0169,0.008688,-0.02513,0.0159,raw_mat_wloc_yoy,ex_infl,cost_plus_cpi,K6_ridge,86,0.2354
raw_mat_wloc_yoy,4,0.005378,0.00579,-0.01975,0.01759,raw_mat_wloc_yoy,ex_infl,cost_plus_cpi,K6_ridge,86,0.2354
raw_mat_wloc_yoy,5,-0.004055,0.01095,-0.0238,0.02321,raw_mat_wloc_yoy,ex_infl,cost_plus_cpi,K6_ridge,86,0.2354
raw_mat_wloc_yoy,6,-0.005278,0.02404,-0.02908,0.04076,raw_mat_wloc_yoy,ex_infl,cost_plus_cpi,K6_ridge,86,0.2354
w_food_cpi_xvat_yoy,0,0.0203,0.04674,0.0203,0.04674,raw_mat_wloc_yoy,ex_infl,cost_plus_cpi,K6_ridge,86,0.2354
w_food_cpi_xvat_yoy,1,-0.00851,0.03477,0.01179,0.07952,raw_mat_wloc_yoy,ex_infl,cost_plus_cpi,K6_ridge,86,0.2354
w_food_cpi_xvat_yoy,2,-0.02828,0.03203,-0.01649,0.1043,raw_mat_wloc_yoy,ex_infl,cost_plus_cpi,K6_ridge,86,0.2354
w_food_cpi_xvat_yoy,3,-0.02846,0.03186,-0.04494,0.1258,raw_mat_wloc_yoy,ex_infl,cost_plus_cpi,K6_ridge,86,0.2354
w_food_cpi_xvat_yoy,4,-0.004391,0.02546,-0.04934,0.1417,raw_mat_wloc_yoy,ex_infl,cost_plus_cpi,K6_ridge,86,0.2354
w_food_cpi_xvat_yoy,5,0.04037,0.01571,-0.00897,0.1464,raw_mat_wloc_yoy,ex_infl,cost_plus_cpi,K6_ridge,86,0.2354
w_food_cpi_xvat_yoy,6,0.0923,0.02297,0.08333,0.1378,raw_mat_wloc_yoy,ex_infl,cost_plus_cpi,K6_ridge,86,0.2354
raw_mat_wloc_yoy,0,-0.02831,0.01303,-0.02831,0.01303,raw_mat_wloc_yoy,ex_infl,cost_plus_cpi,K12_pdl,80,0.19
raw_mat_wloc_yoy,1,-0.01329,0.006483,-0.0416,0.01916,raw_mat_wloc_yoy,ex_infl,cost_plus_cpi,K12_pdl,80,0.19
raw_mat_wloc_yoy,2,-0.002894,0.004622,-0.0445,0.0215,raw_mat_wloc_yoy,ex_infl,cost_plus_cpi,K12_pdl,80,0.19
raw_mat_wloc_yoy,3,0.003549,0.005878,-0.04095,0.02295,raw_mat_wloc_yoy,ex_infl,cost_plus_cpi,K12_pdl,80,0.19
raw_mat_wloc_yoy,4,0.006713,0.007075,-0.03424,0.0257,raw_mat_wloc_yoy,ex_infl,cost_plus_cpi,K12_pdl,80,0.19
raw_mat_wloc_yoy,5,0.007275,0.007711,-0.02696,0.03048,raw_mat_wloc_yoy,ex_infl,cost_plus_cpi,K12_pdl,80,0.19
raw_mat_wloc_yoy,6,0.005909,0.007988,-0.02105,0.03684,raw_mat_wloc_yoy,ex_infl,cost_plus_cpi,K12_pdl,80,0.19
raw_mat_wloc_yoy,7,0.00329,0.008069,-0.01776,0.04401,raw_mat_wloc_yoy,ex_infl,cost_plus_cpi,K12_pdl,80,0.19
raw_mat_wloc_yoy,8,9.269e-05,0.007934,-0.01767,0.05125,raw_mat_wloc_yoy,ex_infl,cost_plus_cpi,K12_pdl,80,0.19
raw_mat_wloc_yoy,9,-0.003007,0.007493,-0.02068,0.05786,raw_mat_wloc_yoy,ex_infl,cost_plus_cpi,K12_pdl,80,0.19
raw_mat_wloc_yoy,10,-0.005333,0.007036,-0.02601,0.06312,raw_mat_wloc_yoy,ex_infl,cost_plus_cpi,K12_pdl,80,0.19
raw_mat_wloc_yoy,11,-0.006213,0.008109,-0.03222,0.06644,raw_mat_wloc_yoy,ex_infl,cost_plus_cpi,K12_pdl,80,0.19
raw_mat_wloc_yoy,12,-0.004969,0.01275,-0.03719,0.06818,raw_mat_wloc_yoy,ex_infl,cost_plus_cpi,K12_pdl,80,0.19
w_food_cpi_xvat_yoy,0,0.04916,0.06423,0.04916,0.06423,raw_mat_wloc_yoy,ex_infl,cost_plus_cpi,K12_pdl,80,0.19
w_food_cpi_xvat_yoy,1,0.01493,0.04163,0.06409,0.1045,raw_mat_wloc_yoy,ex_infl,cost_plus_cpi,K12_pdl,80,0.19
w_food_cpi_xvat_yoy,2,-0.002972,0.02986,0.06111,0.13,raw_mat_wloc_yoy,ex_infl,cost_plus_cpi,K12_pdl,80,0.19
w_food_cpi_xvat_yoy,3,-0.008071,0.0242,0.05304,0.147,raw_mat_wloc_yoy,ex_infl,cost_plus_cpi,K12_pdl,80,0.19
w_food_cpi_xvat_yoy,4,-0.003883,0.02022,0.04916,0.1592,raw_mat_wloc_yoy,ex_infl,cost_plus_cpi,K12_pdl,80,0.19
w_food_cpi_xvat_yoy,5,0.006074,0.01673,0.05523,0.1682,raw_mat_wloc_yoy,ex_infl,cost_plus_cpi,K12_pdl,80,0.19
w_food_cpi_xvat_yoy,6,0.01828,0.01517,0.07352,0.1751,raw_mat_wloc_yoy,ex_infl,cost_plus_cpi,K12_pdl,80,0.19
w_food_cpi_xvat_yoy,7,0.02923,0.01657,0.1027,0.1809,raw_mat_wloc_yoy,ex_infl,cost_plus_cpi,K12_pdl,80,0.19
w_food_cpi_xvat_yoy,8,0.03539,0.01879,0.1381,0.1865,raw_mat_wloc_yoy,ex_infl,cost_plus_cpi,K12_pdl,80,0.19
w_food_cpi_xvat_yoy,9,0.03325,0.01885,0.1714,0.1917,raw_mat_wloc_yoy,ex_infl,cost_plus_cpi,K12_pdl,80,0.19
w_food_cpi_xvat_yoy,10,0.0193,0.01483,0.1907,0.1946,raw_mat_wloc_yoy,ex_infl,cost_plus_cpi,K12_pdl,80,0.19
w_food_cpi_xvat_yoy,11,-0.009995,0.0105,0.1807,0.1912,raw_mat_wloc_yoy,ex_infl,cost_plus_cpi,K12_pdl,80,0.19
w_food_cpi_xvat_yoy,12,-0.05814,0.02587,0.1225,0.1784,raw_mat_wloc_yoy,ex_infl,cost_plus_cpi,K12_pdl,80,0.19
raw_mat_wloc_yoy,0,-0.1385,0.04479,-0.1385,0.04479,raw_mat_wloc_yoy,ex_infl,cost_plus_ppi,K6_unres,86,0.3767
raw_mat_wloc_yoy,1,0.07787,0.03792,-0.06058,0.03457,raw_mat_wloc_yoy,ex_infl,cost_plus_ppi,K6_unres,86,0.3767
raw_mat_wloc_yoy,2,-0.07322,0.04251,-0.1338,0.04647,raw_mat_wloc_yoy,ex_infl,cost_plus_ppi,K6_unres,86,0.3767
raw_mat_wloc_yoy,3,0.07981,0.0376,-0.05399,0.0273,raw_mat_wloc_yoy,ex_infl,cost_plus_ppi,K6_unres,86,0.3767
raw_mat_wloc_yoy,4,-0.03223,0.03423,-0.08622,0.03708,raw_mat_wloc_yoy,ex_infl,cost_plus_ppi,K6_unres,86,0.3767
raw_mat_wloc_yoy,5,0.01523,0.03941,-0.071,0.03979,raw_mat_wloc_yoy,ex_infl,cost_plus_ppi,K6_unres,86,0.3767
raw_mat_wloc_yoy,6,-0.04659,0.02807,-0.1176,0.04585,raw_mat_wloc_yoy,ex_infl,cost_plus_ppi,K6_unres,86,0.3767
w_food_ppi_yoy,0,0.2482,0.2678,0.2482,0.2678,raw_mat_wloc_yoy,ex_infl,cost_plus_ppi,K6_unres,86,0.3767
w_food_ppi_yoy,1,0.3855,0.28,0.6337,0.2209,raw_mat_wloc_yoy,ex_infl,cost_plus_ppi,K6_unres,86,0.3767
w_food_ppi_yoy,2,-0.6518,0.2664,-0.01814,0.1377,raw_mat_wloc_yoy,ex_infl,cost_plus_ppi,K6_unres,86,0.3767
w_food_ppi_yoy,3,0.04912,0.2558,0.03098,0.2043,raw_mat_wloc_yoy,ex_infl,cost_plus_ppi,K6_unres,86,0.3767
w_food_ppi_yoy,4,-0.1729,0.2267,-0.1419,0.1151,raw_mat_wloc_yoy,ex_infl,cost_plus_ppi,K6_unres,86,0.3767
w_food_ppi_yoy,5,0.6215,0.1651,0.4796,0.1636,raw_mat_wloc_yoy,ex_infl,cost_plus_ppi,K6_unres,86,0.3767
w_food_ppi_yoy,6,-0.227,0.1133,0.2527,0.1001,raw_mat_wloc_yoy,ex_infl,cost_plus_ppi,K6_unres,86,0.3767
raw_mat_wloc_yoy,0,-0.06262,0.02211,-0.06262,0.02211,raw_mat_wloc_yoy,ex_infl,cost_plus_ppi,K6_pdl,86,0.2612
raw_mat_wloc_yoy,1,-0.02037,0.007499,-0.08299,0.02904,raw_mat_wloc_yoy,ex_infl,cost_plus_ppi,K6_pdl,86,0.2612
raw_mat_wloc_yoy,2,0.006836,0.005651,-0.07615,0.02736,raw_mat_wloc_yoy,ex_infl,cost_plus_ppi,K6_pdl,86,0.2612
raw_mat_wloc_yoy,3,0.019,0.008484,-0.05716,0.0239,raw_mat_wloc_yoy,ex_infl,cost_plus_ppi,K6_pdl,86,0.2612
raw_mat_wloc_yoy,4,0.01611,0.00808,-0.04104,0.02448,raw_mat_wloc_yoy,ex_infl,cost_plus_ppi,K6_pdl,86,0.2612
raw_mat_wloc_yoy,5,-0.001815,0.01155,-0.04286,0.03258,raw_mat_wloc_yoy,ex_infl,cost_plus_ppi,K6_pdl,86,0.2612
raw_mat_wloc_yoy,6,-0.03479,0.02512,-0.07765,0.05403,raw_mat_wloc_yoy,ex_infl,cost_plus_ppi,K6_pdl,86,0.2612
w_food_ppi_yoy,0,0.1442,0.0677,0.1442,0.0677,raw_mat_wloc_yoy,ex_infl,cost_plus_ppi,K6_pdl,86,0.2612
w_food_ppi_yoy,1,0.03019,0.03029,0.1743,0.09112,raw_mat_wloc_yoy,ex_infl,cost_plus_ppi,K6_pdl,86,0.2612
w_food_ppi_yoy,2,-0.03783,0.03506,0.1365,0.09648,raw_mat_wloc_yoy,ex_infl,cost_plus_ppi,K6_pdl,86,0.2612
w_food_ppi_yoy,3,-0.05989,0.04205,0.07663,0.1061,raw_mat_wloc_yoy,ex_infl,cost_plus_ppi,K6_pdl,86,0.2612
w_food_ppi_yoy,4,-0.03601,0.0334,0.04062,0.1213,raw_mat_wloc_yoy,ex_infl,cost_plus_ppi,K6_pdl,86,0.2612
w_food_ppi_yoy,5,0.03382,0.01357,0.07444,0.1277,raw_mat_wloc_yoy,ex_infl,cost_plus_ppi,K6_pdl,86,0.2612
w_food_ppi_yoy,6,0.1496,0.04711,0.224,0.125,raw_mat_wloc_yoy,ex_infl,cost_plus_ppi,K6_pdl,86,0.2612
raw_mat_wloc_yoy,0,-0.0582,0.02267,-0.0582,0.02267,raw_mat_wloc_yoy,ex_infl,cost_plus_ppi,K6_ridge,86,0.2496
raw_mat_wloc_yoy,1,-0.01079,0.005753,-0.069,0.02718,raw_mat_wloc_yoy,ex_infl,cost_plus_ppi,K6_ridge,86,0.2496
raw_mat_wloc_yoy,2,0.01413,0.007535,-0.05487,0.02278,raw_mat_wloc_yoy,ex_infl,cost_plus_ppi,K6_ridge,86,0.2496
raw_mat_wloc_yoy,3,0.0181,0.008158,-0.03676,0.01999,raw_mat_wloc_yoy,ex_infl,cost_plus_ppi,K6_ridge,86,0.2496
raw_mat_wloc_yoy,4,0.005344,0.007537,-0.03142,0.02402,raw_mat_wloc_yoy,ex_infl,cost_plus_ppi,K6_ridge,86,0.2496
raw_mat_wloc_yoy,5,-0.01135,0.01271,-0.04277,0.03439,raw_mat_wloc_yoy,ex_infl,cost_plus_ppi,K6_ridge,86,0.2496
raw_mat_wloc_yoy,6,-0.02433,0.02169,-0.0671,0.05227,raw_mat_wloc_yoy,ex_infl,cost_plus_ppi,K6_ridge,86,0.2496
w_food_ppi_yoy,0,0.05153,0.04252,0.05153,0.04252,raw_mat_wloc_yoy,ex_infl,cost_plus_ppi,K6_ridge,86,0.2496
w_food_ppi_yoy,1,0.01485,0.03039,0.06638,0.07029,raw_mat_wloc_yoy,ex_infl,cost_plus_ppi,K6_ridge,86,0.2496
w_food_ppi_yoy,2,-0.01169,0.02865,0.05469,0.0905,raw_mat_wloc_yoy,ex_infl,cost_plus_ppi,K6_ridge,86,0.2496
w_food_ppi_yoy,3,-0.01644,0.0272,0.03825,0.1076,raw_mat_wloc_yoy,ex_infl,cost_plus_ppi,K6_ridge,86,0.2496
w_food_ppi_yoy,4,0.00395,0.01918,0.0422,0.1199,raw_mat_wloc_yoy,ex_infl,cost_plus_ppi,K6_ridge,86,0.2496
w_food_ppi_yoy,5,0.04225,0.01176,0.08446,0.125,raw_mat_wloc_yoy,ex_infl,cost_plus_ppi,K6_ridge,86,0.2496
w_food_ppi_yoy,6,0.08647,0.02101,0.1709,0.1245,raw_mat_wloc_yoy,ex_infl,cost_plus_ppi,K6_ridge,86,0.2496
raw_mat_wloc_yoy,0,-0.04803,0.0189,-0.04803,0.0189,raw_mat_wloc_yoy,ex_infl,cost_plus_ppi,K12_pdl,80,0.208
raw_mat_wloc_yoy,1,-0.0268,0.01164,-0.07484,0.03014,raw_mat_wloc_yoy,ex_infl,cost_plus_ppi,K12_pdl,80,0.208
raw_mat_wloc_yoy,2,-0.01267,0.00838,-0.08751,0.03719,raw_mat_wloc_yoy,ex_infl,cost_plus_ppi,K12_pdl,80,0.208
raw_mat_wloc_yoy,3,-0.004442,0.007357,-0.09195,0.04252,raw_mat_wloc_yoy,ex_infl,cost_plus_ppi,K12_pdl,80,0.208
raw_mat_wloc_yoy,4,-0.0009285,0.006858,-0.09288,0.04756,raw_mat_wloc_yoy,ex_infl,cost_plus_ppi,K12_pdl,80,0.208
raw_mat_wloc_yoy,5,-0.0009405,0.00656,-0.09382,0.05298,raw_mat_wloc_yoy,ex_infl,cost_plus_ppi,K12_pdl,80,0.208
raw_mat_wloc_yoy,6,-0.003287,0.006848,-0.09711,0.05904,raw_mat_wloc_yoy,ex_infl,cost_plus_ppi,K12_pdl,80,0.208
raw_mat_wloc_yoy,7,-0.006779,0.007735,-0.1039,0.06585,raw_mat_wloc_yoy,ex_infl,cost_plus_ppi,K12_pdl,80,0.208
raw_mat_wloc_yoy,8,-0.01023,0.008641,-0.1141,0.07329,raw_mat_wloc_yoy,ex_infl,cost_plus_ppi,K12_pdl,80,0.208
raw_mat_wloc_yoy,9,-0.01244,0.008971,-0.1265,0.08084,raw_mat_wloc_yoy,ex_infl,cost_plus_ppi,K12_pdl,80,0.208
raw_mat_wloc_yoy,10,-0.01222,0.00875,-0.1388,0.08758,raw_mat_wloc_yoy,ex_infl,cost_plus_ppi,K12_pdl,80,0.208
raw_mat_wloc_yoy,11,-0.008388,0.009793,-0.1472,0.09245,raw_mat_wloc_yoy,ex_infl,cost_plus_ppi,K12_pdl,80,0.208
raw_mat_wloc_yoy,12,0.0002506,0.01542,-0.1469,0.09523,raw_mat_wloc_yoy,ex_infl,cost_plus_ppi,K12_pdl,80,0.208
w_food_ppi_yoy,0,0.1319,0.08255,0.1319,0.08255,raw_mat_wloc_yoy,ex_infl,cost_plus_ppi,K12_pdl,80,0.208
w_food_ppi_yoy,1,0.06515,0.04441,0.1971,0.1266,raw_mat_wloc_yoy,ex_infl,cost_plus_ppi,K12_pdl,80,0.208
w_food_ppi_yoy,2,0.02491,0.02134,0.222,0.1462,raw_mat_wloc_yoy,ex_infl,cost_plus_ppi,K12_pdl,80,0.208
w_food_ppi_yoy,3,0.00594,0.01159,0.228,0.1525,raw_mat_wloc_yoy,ex_infl,cost_plus_ppi,K12_pdl,80,0.208
w_food_ppi_yoy,4,0.002957,0.009719,0.2309,0.154,raw_mat_wloc_yoy,ex_infl,cost_plus_ppi,K12_pdl,80,0.208
w_food_ppi_yoy,5,0.01068,0.009651,0.2416,0.1563,raw_mat_wloc_yoy,ex_infl,cost_plus_ppi,K12_pdl,80,0.208
w_food_ppi_yoy,6,0.02383,0.01245,0.2654,0.1629,raw_mat_wloc_yoy,ex_infl,cost_plus_ppi,K12_pdl,80,0.208
w_food_ppi_yoy,7,0.03712,0.01764,0.3025,0.1752,raw_mat_wloc_yoy,ex_infl,cost_plus_ppi,K12_pdl,80,0.208
w_food_ppi_yoy,8,0.04528,0.02196,0.3478,0.1924,raw_mat_wloc_yoy,ex_infl,cost_plus_ppi,K12_pdl,80,0.208
w_food_ppi_yoy,9,0.04301,0.02242,0.3908,0.2106,raw_mat_wloc_yoy,ex_infl,cost_plus_ppi,K12_pdl,80,0.208
w_food_ppi_yoy,10,0.02505,0.01694,0.4159,0.2235,raw_mat_wloc_yoy,ex_infl,cost_plus_ppi,K12_pdl,80,0.208
w_food_ppi_yoy,11,-0.0139,0.01188,0.402,0.222,raw_mat_wloc_yoy,ex_infl,cost_plus_ppi,K12_pdl,80,0.208
w_food_ppi_yoy,12,-0.07911,0.03486,0.3229,0.196,raw_mat_wloc_yoy,ex_infl,cost_plus_ppi,K12_pdl,80,0.208
eu_agri_basket_wloc_yoy,0,-0.09744,0.02935,-0.09744,0.02935,eu_agri_basket_wloc_yoy,full,cost_only,K6_unres,96,0.3415
eu_agri_basket_wloc_yoy,1,0.04884,0.03943,-0.04861,0.02589,eu_agri_basket_wloc_yoy,full,cost_only,K6_unres,96,0.3415
eu_agri_basket_wloc_yoy,2,-0.04654,0.03475,-0.09515,0.03027,eu_agri_basket_wloc_yoy,full,cost_only,K6_unres,96,0.3415
eu_agri_basket_wloc_yoy,3,0.05061,0.03152,-0.04454,0.01751,eu_agri_basket_wloc_yoy,full,cost_only,K6_unres,96,0.3415
eu_agri_basket_wloc_yoy,4,0.00804,0.02561,-0.0365,0.01977,eu_agri_basket_wloc_yoy,full,cost_only,K6_unres,96,0.3415
eu_agri_basket_wloc_yoy,5,-0.05378,0.02784,-0.09028,0.02481,eu_agri_basket_wloc_yoy,full,cost_only,K6_unres,96,0.3415
eu_agri_basket_wloc_yoy,6,0.02649,0.0319,-0.06379,0.02217,eu_agri_basket_wloc_yoy,full,cost_only,K6_unres,96,0.3415
eu_agri_basket_wloc_yoy,0,-0.05267,0.01575,-0.05267,0.01575,eu_agri_basket_wloc_yoy,full,cost_only,K6_pdl,96,0.285
eu_agri_basket_wloc_yoy,1,-0.02074,0.004932,-0.07342,0.02019,eu_agri_basket_wloc_yoy,full,cost_only,K6_pdl,96,0.285
eu_agri_basket_wloc_yoy,2,0.0007321,0.004446,-0.07269,0.01811,eu_agri_basket_wloc_yoy,full,cost_only,K6_pdl,96,0.285
eu_agri_basket_wloc_yoy,3,0.01175,0.006524,-0.06094,0.01428,eu_agri_basket_wloc_yoy,full,cost_only,K6_pdl,96,0.285
eu_agri_basket_wloc_yoy,4,0.01231,0.004898,-0.04863,0.01201,eu_agri_basket_wloc_yoy,full,cost_only,K6_pdl,96,0.285
eu_agri_basket_wloc_yoy,5,0.002413,0.004304,-0.04621,0.01209,eu_agri_basket_wloc_yoy,full,cost_only,K6_pdl,96,0.285
eu_agri_basket_wloc_yoy,6,-0.01794,0.01428,-0.06415,0.02195,eu_agri_basket_wloc_yoy,full,cost_only,K6_pdl,96,0.285
eu_agri_basket_wloc_yoy,0,-0.05284,0.01375,-0.05284,0.01375,eu_agri_basket_wloc_yoy,full,cost_only,K6_ridge,96,0.2917
eu_agri_basket_wloc_yoy,1,-0.01931,0.00623,-0.07215,0.01884,eu_agri_basket_wloc_yoy,full,cost_only,K6_ridge,96,0.2917
eu_agri_basket_wloc_yoy,2,0.002942,0.004294,-0.06921,0.01799,eu_agri_basket_wloc_yoy,full,cost_only,K6_ridge,96,0.2917
eu_agri_basket_wloc_yoy,3,0.01235,0.006362,-0.05686,0.01402,eu_agri_basket_wloc_yoy,full,cost_only,K6_ridge,96,0.2917
eu_agri_basket_wloc_yoy,4,0.007784,0.006166,-0.04908,0.01227,eu_agri_basket_wloc_yoy,full,cost_only,K6_ridge,96,0.2917
eu_agri_basket_wloc_yoy,5,-0.002601,0.004112,-0.05168,0.01296,eu_agri_basket_wloc_yoy,full,cost_only,K6_ridge,96,0.2917
eu_agri_basket_wloc_yoy,6,-0.008902,0.01387,-0.06058,0.02029,eu_agri_basket_wloc_yoy,full,cost_only,K6_ridge,96,0.2917
eu_agri_basket_wloc_yoy,0,-0.0411,0.01201,-0.0411,0.01201,eu_agri_basket_wloc_yoy,full,cost_only,K12_pdl,90,0.288
eu_agri_basket_wloc_yoy,1,-0.01962,0.005029,-0.06072,0.01687,eu_agri_basket_wloc_yoy,full,cost_only,K12_pdl,90,0.288
eu_agri_basket_wloc_yoy,2,-0.005196,0.002161,-0.06592,0.01748,eu_agri_basket_wloc_yoy,full,cost_only,K12_pdl,90,0.288
eu_agri_basket_wloc_yoy,3,0.003352,0.002955,-0.06256,0.01615,eu_agri_basket_wloc_yoy,full,cost_only,K12_pdl,90,0.288
eu_agri_basket_wloc_yoy,4,0.00721,0.003231,-0.05535,0.01456,eu_agri_basket_wloc_yoy,full,cost_only,K12_pdl,90,0.288
eu_agri_basket_wloc_yoy,5,0.007562,0.00271,-0.04779,0.01368,eu_agri_basket_wloc_yoy,full,cost_only,K12_pdl,90,0.288
eu_agri_basket_wloc_yoy,6,0.005593,0.002318,-0.0422,0.01386,eu_agri_basket_wloc_yoy,full,cost_only,K12_pdl,90,0.288
eu_agri_basket_wloc_yoy,7,0.002488,0.00294,-0.03971,0.01527,eu_agri_basket_wloc_yoy,full,cost_only,K12_pdl,90,0.288
eu_agri_basket_wloc_yoy,8,-0.0005699,0.003894,-0.04028,0.01791,eu_agri_basket_wloc_yoy,full,cost_only,K12_pdl,90,0.288
eu_agri_basket_wloc_yoy,9,-0.002395,0.004303,-0.04267,0.02124,eu_agri_basket_wloc_yoy,full,cost_only,K12_pdl,90,0.288
eu_agri_basket_wloc_yoy,10,-0.001804,0.003924,-0.04448,0.02415,eu_agri_basket_wloc_yoy,full,cost_only,K12_pdl,90,0.288
eu_agri_basket_wloc_yoy,11,0.002389,0.004381,-0.04209,0.02542,eu_agri_basket_wloc_yoy,full,cost_only,K12_pdl,90,0.288
eu_agri_basket_wloc_yoy,12,0.01137,0.008911,-0.03072,0.02525,eu_agri_basket_wloc_yoy,full,cost_only,K12_pdl,90,0.288
eu_agri_basket_wloc_yoy,0,-0.08839,0.03156,-0.08839,0.03156,eu_agri_basket_wloc_yoy,full,cost_plus_cpi,K6_unres,96,0.4562
eu_agri_basket_wloc_yoy,1,0.03914,0.03913,-0.04925,0.0269,eu_agri_basket_wloc_yoy,full,cost_plus_cpi,K6_unres,96,0.4562
eu_agri_basket_wloc_yoy,2,-0.05788,0.03024,-0.1071,0.03023,eu_agri_basket_wloc_yoy,full,cost_plus_cpi,K6_unres,96,0.4562
eu_agri_basket_wloc_yoy,3,0.06059,0.03113,-0.04655,0.02021,eu_agri_basket_wloc_yoy,full,cost_plus_cpi,K6_unres,96,0.4562
eu_agri_basket_wloc_yoy,4,0.01362,0.02603,-0.03292,0.02373,eu_agri_basket_wloc_yoy,full,cost_plus_cpi,K6_unres,96,0.4562
eu_agri_basket_wloc_yoy,5,-0.02082,0.02464,-0.05375,0.02701,eu_agri_basket_wloc_yoy,full,cost_plus_cpi,K6_unres,96,0.4562
eu_agri_basket_wloc_yoy,6,-0.02042,0.02158,-0.07416,0.02858,eu_agri_basket_wloc_yoy,full,cost_plus_cpi,K6_unres,96,0.4562
w_food_cpi_xvat_yoy,0,-0.1793,0.1208,-0.1793,0.1208,eu_agri_basket_wloc_yoy,full,cost_plus_cpi,K6_unres,96,0.4562
w_food_cpi_xvat_yoy,1,0.3692,0.1898,0.19,0.1494,eu_agri_basket_wloc_yoy,full,cost_plus_cpi,K6_unres,96,0.4562
w_food_cpi_xvat_yoy,2,-0.1692,0.1588,0.02083,0.07395,eu_agri_basket_wloc_yoy,full,cost_plus_cpi,K6_unres,96,0.4562
w_food_cpi_xvat_yoy,3,-0.008781,0.1647,0.01205,0.1309,eu_agri_basket_wloc_yoy,full,cost_plus_cpi,K6_unres,96,0.4562
w_food_cpi_xvat_yoy,4,-0.3317,0.1283,-0.3197,0.1227,eu_agri_basket_wloc_yoy,full,cost_plus_cpi,K6_unres,96,0.4562
w_food_cpi_xvat_yoy,5,0.4858,0.1685,0.1661,0.1267,eu_agri_basket_wloc_yoy,full,cost_plus_cpi,K6_unres,96,0.4562
w_food_cpi_xvat_yoy,6,-0.0639,0.117,0.1022,0.08325,eu_agri_basket_wloc_yoy,full,cost_plus_cpi,K6_unres,96,0.4562
eu_agri_basket_wloc_yoy,0,-0.06646,0.01455,-0.06646,0.01455,eu_agri_basket_wloc_yoy,full,cost_plus_cpi,K6_pdl,96,0.3863
eu_agri_basket_wloc_yoy,1,-0.02178,0.005412,-0.08824,0.01946,eu_agri_basket_wloc_yoy,full,cost_plus_cpi,K6_pdl,96,0.3863
eu_agri_basket_wloc_yoy,2,0.007092,0.004229,-0.08115,0.01876,eu_agri_basket_wloc_yoy,full,cost_plus_cpi,K6_pdl,96,0.3863
eu_agri_basket_wloc_yoy,3,0.02015,0.006236,-0.06099,0.01656,eu_agri_basket_wloc_yoy,full,cost_plus_cpi,K6_pdl,96,0.3863
eu_agri_basket_wloc_yoy,4,0.0174,0.006097,-0.04359,0.0161,eu_agri_basket_wloc_yoy,full,cost_plus_cpi,K6_pdl,96,0.3863
eu_agri_basket_wloc_yoy,5,-0.001156,0.006415,-0.04475,0.0186,eu_agri_basket_wloc_yoy,full,cost_plus_cpi,K6_pdl,96,0.3863
eu_agri_basket_wloc_yoy,6,-0.03553,0.01276,-0.08027,0.02707,eu_agri_basket_wloc_yoy,full,cost_plus_cpi,K6_pdl,96,0.3863
w_food_cpi_xvat_yoy,0,0.04391,0.04722,0.04391,0.04722,eu_agri_basket_wloc_yoy,full,cost_plus_cpi,K6_pdl,96,0.3863
w_food_cpi_xvat_yoy,1,-0.005578,0.01648,0.03833,0.06085,eu_agri_basket_wloc_yoy,full,cost_plus_cpi,K6_pdl,96,0.3863
w_food_cpi_xvat_yoy,2,-0.03029,0.01854,0.008041,0.05747,eu_agri_basket_wloc_yoy,full,cost_plus_cpi,K6_pdl,96,0.3863
w_food_cpi_xvat_yoy,3,-0.03023,0.02502,-0.02219,0.05487,eu_agri_basket_wloc_yoy,full,cost_plus_cpi,K6_pdl,96,0.3863
w_food_cpi_xvat_yoy,4,-0.005395,0.02048,-0.02759,0.06084,eu_agri_basket_wloc_yoy,full,cost_plus_cpi,K6_pdl,96,0.3863
w_food_cpi_xvat_yoy,5,0.04422,0.0121,0.01663,0.06846,eu_agri_basket_wloc_yoy,full,cost_plus_cpi,K6_pdl,96,0.3863
w_food_cpi_xvat_yoy,6,0.1186,0.03677,0.1352,0.0836,eu_agri_basket_wloc_yoy,full,cost_plus_cpi,K6_pdl,96,0.3863
eu_agri_basket_wloc_yoy,0,-0.06441,0.01518,-0.06441,0.01518,eu_agri_basket_wloc_yoy,full,cost_plus_cpi,K6_ridge,96,0.3887
eu_agri_basket_wloc_yoy,1,-0.01821,0.007112,-0.08261,0.01796,eu_agri_basket_wloc_yoy,full,cost_plus_cpi,K6_ridge,96,0.3887
eu_agri_basket_wloc_yoy,2,0.009324,0.007776,-0.07329,0.01688,eu_agri_basket_wloc_yoy,full,cost_plus_cpi,K6_ridge,96,0.3887
eu_agri_basket_wloc_yoy,3,0.02274,0.00693,-0.05055,0.01431,eu_agri_basket_wloc_yoy,full,cost_plus_cpi,K6_ridge,96,0.3887
eu_agri_basket_wloc_yoy,4,0.01256,0.00834,-0.03799,0.01517,eu_agri_basket_wloc_yoy,full,cost_plus_cpi,K6_ridge,96,0.3887
eu_agri_basket_wloc_yoy,5,-0.009983,0.007634,-0.04798,0.01977,eu_agri_basket_wloc_yoy,full,cost_plus_cpi,K6_ridge,96,0.3887
eu_agri_basket_wloc_yoy,6,-0.02445,0.0114,-0.07242,0.02558,eu_agri_basket_wloc_yoy,full,cost_plus_cpi,K6_ridge,96,0.3887
w_food_cpi_xvat_yoy,0,0.009467,0.03052,0.009467,0.03052,eu_agri_basket_wloc_yoy,full,cost_plus_cpi,K6_ridge,96,0.3887
w_food_cpi_xvat_yoy,1,-0.006685,0.01527,0.002782,0.04403,eu_agri_basket_wloc_yoy,full,cost_plus_cpi,K6_ridge,96,0.3887
w_food_cpi_xvat_yoy,2,-0.01761,0.01473,-0.01482,0.04796,eu_agri_basket_wloc_yoy,full,cost_plus_cpi,K6_ridge,96,0.3887
w_food_cpi_xvat_yoy,3,-0.01543,0.01804,-0.03025,0.05246,eu_agri_basket_wloc_yoy,full,cost_plus_cpi,K6_ridge,96,0.3887
w_food_cpi_xvat_yoy,4,0.005435,0.01467,-0.02482,0.05968,eu_agri_basket_wloc_yoy,full,cost_plus_cpi,K6_ridge,96,0.3887
w_food_cpi_xvat_yoy,5,0.04368,0.01208,0.01886,0.06666,eu_agri_basket_wloc_yoy,full,cost_plus_cpi,K6_ridge,96,0.3887
w_food_cpi_xvat_yoy,6,0.08752,0.02202,0.1064,0.076,eu_agri_basket_wloc_yoy,full,cost_plus_cpi,K6_ridge,96,0.3887
eu_agri_basket_wloc_yoy,0,-0.05014,0.01464,-0.05014,0.01464,eu_agri_basket_wloc_yoy,full,cost_plus_cpi,K12_pdl,90,0.3571
eu_agri_basket_wloc_yoy,1,-0.02218,0.005735,-0.07232,0.01985,eu_agri_basket_wloc_yoy,full,cost_plus_cpi,K12_pdl,90,0.3571
eu_agri_basket_wloc_yoy,2,-0.004372,0.004489,-0.07669,0.01997,eu_agri_basket_wloc_yoy,full,cost_plus_cpi,K12_pdl,90,0.3571
eu_agri_basket_wloc_yoy,3,0.005112,0.006493,-0.07158,0.01898,eu_agri_basket_wloc_yoy,full,cost_plus_cpi,K12_pdl,90,0.3571
eu_agri_basket_wloc_yoy,4,0.008087,0.007042,-0.06349,0.01973,eu_agri_basket_wloc_yoy,full,cost_plus_cpi,K12_pdl,90,0.3571
eu_agri_basket_wloc_yoy,5,0.00637,0.006242,-0.05712,0.02251,eu_agri_basket_wloc_yoy,full,cost_plus_cpi,K12_pdl,90,0.3571
eu_agri_basket_wloc_yoy,6,0.001777,0.004886,-0.05535,0.02601,eu_agri_basket_wloc_yoy,full,cost_plus_cpi,K12_pdl,90,0.3571
eu_agri_basket_wloc_yoy,7,-0.003875,0.004035,-0.05922,0.02936,eu_agri_basket_wloc_yoy,full,cost_plus_cpi,K12_pdl,90,0.3571
eu_agri_basket_wloc_yoy,8,-0.008769,0.004223,-0.06799,0.03252,eu_agri_basket_wloc_yoy,full,cost_plus_cpi,K12_pdl,90,0.3571
eu_agri_basket_wloc_yoy,9,-0.01109,0.004606,-0.07908,0.0357,eu_agri_basket_wloc_yoy,full,cost_plus_cpi,K12_pdl,90,0.3571
eu_agri_basket_wloc_yoy,10,-0.009016,0.004651,-0.0881,0.03896,eu_agri_basket_wloc_yoy,full,cost_plus_cpi,K12_pdl,90,0.3571
eu_agri_basket_wloc_yoy,11,-0.0007355,0.006182,-0.08883,0.04241,eu_agri_basket_wloc_yoy,full,cost_plus_cpi,K12_pdl,90,0.3571
eu_agri_basket_wloc_yoy,12,0.01557,0.01206,-0.07326,0.04775,eu_agri_basket_wloc_yoy,full,cost_plus_cpi,K12_pdl,90,0.3571
w_food_cpi_xvat_yoy,0,0.00991,0.03504,0.00991,0.03504,eu_agri_basket_wloc_yoy,full,cost_plus_cpi,K12_pdl,90,0.3571
w_food_cpi_xvat_yoy,1,-0.001688,0.01965,0.008222,0.05294,eu_agri_basket_wloc_yoy,full,cost_plus_cpi,K12_pdl,90,0.3571
w_food_cpi_xvat_yoy,2,-0.004488,0.01601,0.003734,0.06304,eu_agri_basket_wloc_yoy,full,cost_plus_cpi,K12_pdl,90,0.3571
w_food_cpi_xvat_yoy,3,-0.0008718,0.01604,0.002862,0.07141,eu_agri_basket_wloc_yoy,full,cost_plus_cpi,K12_pdl,90,0.3571
w_food_cpi_xvat_yoy,4,0.006777,0.01465,0.00964,0.08028,eu_agri_basket_wloc_yoy,full,cost_plus_cpi,K12_pdl,90,0.3571
w_food_cpi_xvat_yoy,5,0.01608,0.01227,0.02572,0.08956,eu_agri_basket_wloc_yoy,full,cost_plus_cpi,K12_pdl,90,0.3571
w_food_cpi_xvat_yoy,6,0.02465,0.01149,0.05036,0.09893,eu_agri_basket_wloc_yoy,full,cost_plus_cpi,K12_pdl,90,0.3571
w_food_cpi_xvat_yoy,7,0.0301,0.01349,0.08046,0.1088,eu_agri_basket_wloc_yoy,full,cost_plus_cpi,K12_pdl,90,0.3571
w_food_cpi_xvat_yoy,8,0.03006,0.01588,0.1105,0.1197,eu_agri_basket_wloc_yoy,full,cost_plus_cpi,K12_pdl,90,0.3571
w_food_cpi_xvat_yoy,9,0.02214,0.016,0.1327,0.1312,eu_agri_basket_wloc_yoy,full,cost_plus_cpi,K12_pdl,90,0.3571
w_food_cpi_xvat_yoy,10,0.003952,0.01286,0.1366,0.1413,eu_agri_basket_wloc_yoy,full,cost_plus_cpi,K12_pdl,90,0.3571
w_food_cpi_xvat_yoy,11,-0.02688,0.01288,0.1097,0.1472,eu_agri_basket_wloc_yoy,full,cost_plus_cpi,K12_pdl,90,0.3571
w_food_cpi_xvat_yoy,12,-0.07273,0.0296,0.037,0.1497,eu_agri_basket_wloc_yoy,full,cost_plus_cpi,K12_pdl,90,0.3571
eu_agri_basket_wloc_yoy,0,-0.09151,0.03104,-0.09151,0.03104,eu_agri_basket_wloc_yoy,full,cost_plus_ppi,K6_unres,96,0.4509
eu_agri_basket_wloc_yoy,1,0.0407,0.03766,-0.0508,0.03079,eu_agri_basket_wloc_yoy,full,cost_plus_ppi,K6_unres,96,0.4509
eu_agri_basket_wloc_yoy,2,-0.05949,0.03028,-0.1103,0.03485,eu_agri_basket_wloc_yoy,full,cost_plus_ppi,K6_unres,96,0.4509
eu_agri_basket_wloc_yoy,3,0.06632,0.02943,-0.04397,0.02191,eu_agri_basket_wloc_yoy,full,cost_plus_ppi,K6_unres,96,0.4509
eu_agri_basket_wloc_yoy,4,0.01194,0.0248,-0.03203,0.02636,eu_agri_basket_wloc_yoy,full,cost_plus_ppi,K6_unres,96,0.4509
eu_agri_basket_wloc_yoy,5,-0.04279,0.02622,-0.07482,0.02919,eu_agri_basket_wloc_yoy,full,cost_plus_ppi,K6_unres,96,0.4509
eu_agri_basket_wloc_yoy,6,-0.01541,0.02248,-0.09023,0.03262,eu_agri_basket_wloc_yoy,full,cost_plus_ppi,K6_unres,96,0.4509
w_food_ppi_yoy,0,-0.2167,0.1183,-0.2167,0.1183,eu_agri_basket_wloc_yoy,full,cost_plus_ppi,K6_unres,96,0.4509
w_food_ppi_yoy,1,0.4427,0.1966,0.226,0.1264,eu_agri_basket_wloc_yoy,full,cost_plus_ppi,K6_unres,96,0.4509
w_food_ppi_yoy,2,-0.2318,0.161,-0.00579,0.1136,eu_agri_basket_wloc_yoy,full,cost_plus_ppi,K6_unres,96,0.4509
w_food_ppi_yoy,3,-0.01083,0.181,-0.01662,0.1055,eu_agri_basket_wloc_yoy,full,cost_plus_ppi,K6_unres,96,0.4509
w_food_ppi_yoy,4,-0.2005,0.1469,-0.2171,0.1076,eu_agri_basket_wloc_yoy,full,cost_plus_ppi,K6_unres,96,0.4509
w_food_ppi_yoy,5,0.3196,0.2048,0.1025,0.1362,eu_agri_basket_wloc_yoy,full,cost_plus_ppi,K6_unres,96,0.4509
w_food_ppi_yoy,6,-0.007166,0.1109,0.09533,0.06763,eu_agri_basket_wloc_yoy,full,cost_plus_ppi,K6_unres,96,0.4509
eu_agri_basket_wloc_yoy,0,-0.06789,0.01803,-0.06789,0.01803,eu_agri_basket_wloc_yoy,full,cost_plus_ppi,K6_pdl,96,0.3855
eu_agri_basket_wloc_yoy,1,-0.02198,0.006703,-0.08987,0.02426,eu_agri_basket_wloc_yoy,full,cost_plus_ppi,K6_pdl,96,0.3855
eu_agri_basket_wloc_yoy,2,0.007135,0.004542,-0.08274,0.02355,eu_agri_basket_wloc_yoy,full,cost_plus_ppi,K6_pdl,96,0.3855
eu_agri_basket_wloc_yoy,3,0.01946,0.00663,-0.06328,0.02075,eu_agri_basket_wloc_yoy,full,cost_plus_ppi,K6_pdl,96,0.3855
eu_agri_basket_wloc_yoy,4,0.01498,0.0057,-0.0483,0.01952,eu_agri_basket_wloc_yoy,full,cost_plus_ppi,K6_pdl,96,0.3855
eu_agri_basket_wloc_yoy,5,-0.006291,0.005453,-0.05459,0.02158,eu_agri_basket_wloc_yoy,full,cost_plus_ppi,K6_pdl,96,0.3855
eu_agri_basket_wloc_yoy,6,-0.04436,0.01432,-0.09895,0.03147,eu_agri_basket_wloc_yoy,full,cost_plus_ppi,K6_pdl,96,0.3855
w_food_ppi_yoy,0,0.03407,0.04615,0.03407,0.04615,eu_agri_basket_wloc_yoy,full,cost_plus_ppi,K6_pdl,96,0.3855
w_food_ppi_yoy,1,-0.004608,0.01389,0.02946,0.05848,eu_agri_basket_wloc_yoy,full,cost_plus_ppi,K6_pdl,96,0.3855
w_food_ppi_yoy,2,-0.02324,0.01439,0.006226,0.05168,eu_agri_basket_wloc_yoy,full,cost_plus_ppi,K6_pdl,96,0.3855
w_food_ppi_yoy,3,-0.02182,0.02131,-0.01559,0.04177,eu_agri_basket_wloc_yoy,full,cost_plus_ppi,K6_pdl,96,0.3855
w_food_ppi_yoy,4,-0.0003467,0.01674,-0.01594,0.0402,eu_agri_basket_wloc_yoy,full,cost_plus_ppi,K6_pdl,96,0.3855
w_food_ppi_yoy,5,0.04117,0.009843,0.02524,0.04435,eu_agri_basket_wloc_yoy,full,cost_plus_ppi,K6_pdl,96,0.3855
w_food_ppi_yoy,6,0.1027,0.03714,0.128,0.06582,eu_agri_basket_wloc_yoy,full,cost_plus_ppi,K6_pdl,96,0.3855
eu_agri_basket_wloc_yoy,0,-0.0568,0.01407,-0.0568,0.01407,eu_agri_basket_wloc_yoy,full,cost_plus_ppi,K6_ridge,96,0.3776
eu_agri_basket_wloc_yoy,1,-0.01889,0.006507,-0.07568,0.01929,eu_agri_basket_wloc_yoy,full,cost_plus_ppi,K6_ridge,96,0.3776
eu_agri_basket_wloc_yoy,2,0.007023,0.005183,-0.06866,0.01934,eu_agri_basket_wloc_yoy,full,cost_plus_ppi,K6_ridge,96,0.3776
eu_agri_basket_wloc_yoy,3,0.01769,0.005663,-0.05097,0.01749,eu_agri_basket_wloc_yoy,full,cost_plus_ppi,K6_ridge,96,0.3776
eu_agri_basket_wloc_yoy,4,0.009612,0.005668,-0.04136,0.01739,eu_agri_basket_wloc_yoy,full,cost_plus_ppi,K6_ridge,96,0.3776
eu_agri_basket_wloc_yoy,5,-0.009784,0.005696,-0.05115,0.01997,eu_agri_basket_wloc_yoy,full,cost_plus_ppi,K6_ridge,96,0.3776
eu_agri_basket_wloc_yoy,6,-0.02897,0.01094,-0.08011,0.02623,eu_agri_basket_wloc_yoy,full,cost_plus_ppi,K6_ridge,96,0.3776
w_food_ppi_yoy,0,-0.007012,0.0238,-0.007012,0.0238,eu_agri_basket_wloc_yoy,full,cost_plus_ppi,K6_ridge,96,0.3776
w_food_ppi_yoy,1,-0.009399,0.01185,-0.01641,0.03478,eu_agri_basket_wloc_yoy,full,cost_plus_ppi,K6_ridge,96,0.3776
w_food_ppi_yoy,2,-0.009847,0.009274,-0.02626,0.03714,eu_agri_basket_wloc_yoy,full,cost_plus_ppi,K6_ridge,96,0.3776
w_food_ppi_yoy,3,-0.004027,0.01173,-0.03028,0.03754,eu_agri_basket_wloc_yoy,full,cost_plus_ppi,K6_ridge,96,0.3776
w_food_ppi_yoy,4,0.01121,0.009788,-0.01907,0.03945,eu_agri_basket_wloc_yoy,full,cost_plus_ppi,K6_ridge,96,0.3776
w_food_ppi_yoy,5,0.0351,0.009229,0.01603,0.04218,eu_agri_basket_wloc_yoy,full,cost_plus_ppi,K6_ridge,96,0.3776
w_food_ppi_yoy,6,0.06309,0.01817,0.07912,0.04911,eu_agri_basket_wloc_yoy,full,cost_plus_ppi,K6_ridge,96,0.3776
eu_agri_basket_wloc_yoy,0,-0.05224,0.01792,-0.05224,0.01792,eu_agri_basket_wloc_yoy,full,cost_plus_ppi,K12_pdl,90,0.3646
eu_agri_basket_wloc_yoy,1,-0.02363,0.008028,-0.07587,0.02565,eu_agri_basket_wloc_yoy,full,cost_plus_ppi,K12_pdl,90,0.3646
eu_agri_basket_wloc_yoy,2,-0.005572,0.004044,-0.08144,0.02739,eu_agri_basket_wloc_yoy,full,cost_plus_ppi,K12_pdl,90,0.3646
eu_agri_basket_wloc_yoy,3,0.003865,0.004834,-0.07758,0.02657,eu_agri_basket_wloc_yoy,full,cost_plus_ppi,K12_pdl,90,0.3646
eu_agri_basket_wloc_yoy,4,0.006617,0.005171,-0.07096,0.02568,eu_agri_basket_wloc_yoy,full,cost_plus_ppi,K12_pdl,90,0.3646
eu_agri_basket_wloc_yoy,5,0.004618,0.004362,-0.06634,0.02593,eu_agri_basket_wloc_yoy,full,cost_plus_ppi,K12_pdl,90,0.3646
eu_agri_basket_wloc_yoy,6,-0.0001962,0.003453,-0.06654,0.02757,eu_agri_basket_wloc_yoy,full,cost_plus_ppi,K12_pdl,90,0.3646
eu_agri_basket_wloc_yoy,7,-0.005891,0.00394,-0.07243,0.03058,eu_agri_basket_wloc_yoy,full,cost_plus_ppi,K12_pdl,90,0.3646
eu_agri_basket_wloc_yoy,8,-0.01053,0.005363,-0.08296,0.03501,eu_agri_basket_wloc_yoy,full,cost_plus_ppi,K12_pdl,90,0.3646
eu_agri_basket_wloc_yoy,9,-0.01218,0.006425,-0.09515,0.04068,eu_agri_basket_wloc_yoy,full,cost_plus_ppi,K12_pdl,90,0.3646
eu_agri_basket_wloc_yoy,10,-0.008913,0.006821,-0.1041,0.04684,eu_agri_basket_wloc_yoy,full,cost_plus_ppi,K12_pdl,90,0.3646
eu_agri_basket_wloc_yoy,11,0.001218,0.008139,-0.1028,0.05272,eu_agri_basket_wloc_yoy,full,cost_plus_ppi,K12_pdl,90,0.3646
eu_agri_basket_wloc_yoy,12,0.02014,0.01365,-0.0827,0.05895,eu_agri_basket_wloc_yoy,full,cost_plus_ppi,K12_pdl,90,0.3646
w_food_ppi_yoy,0,0.01338,0.03755,0.01338,0.03755,eu_agri_basket_wloc_yoy,full,cost_plus_ppi,K12_pdl,90,0.3646
w_food_ppi_yoy,1,5.09e-05,0.01449,0.01343,0.05108,eu_agri_basket_wloc_yoy,full,cost_plus_ppi,K12_pdl,90,0.3646
w_food_ppi_yoy,2,-0.004222,0.009311,0.009212,0.05182,eu_agri_basket_wloc_yoy,full,cost_plus_ppi,K12_pdl,90,0.3646
w_food_ppi_yoy,3,-0.001763,0.01273,0.007449,0.04914,eu_agri_basket_wloc_yoy,full,cost_plus_ppi,K12_pdl,90,0.3646
w_food_ppi_yoy,4,0.005101,0.01262,0.01255,0.04919,eu_agri_basket_wloc_yoy,full,cost_plus_ppi,K12_pdl,90,0.3646
w_food_ppi_yoy,5,0.01404,0.01002,0.02659,0.05345,eu_agri_basket_wloc_yoy,full,cost_plus_ppi,K12_pdl,90,0.3646
w_food_ppi_yoy,6,0.02273,0.009394,0.04932,0.06095,eu_agri_basket_wloc_yoy,full,cost_plus_ppi,K12_pdl,90,0.3646
w_food_ppi_yoy,7,0.02884,0.0131,0.07816,0.07156,eu_agri_basket_wloc_yoy,full,cost_plus_ppi,K12_pdl,90,0.3646
w_food_ppi_yoy,8,0.03005,0.01722,0.1082,0.08553,eu_agri_basket_wloc_yoy,full,cost_plus_ppi,K12_pdl,90,0.3646
w_food_ppi_yoy,9,0.02402,0.01851,0.1322,0.1014,eu_agri_basket_wloc_yoy,full,cost_plus_ppi,K12_pdl,90,0.3646
w_food_ppi_yoy,10,0.008438,0.01552,0.1407,0.1155,eu_agri_basket_wloc_yoy,full,cost_plus_ppi,K12_pdl,90,0.3646
w_food_ppi_yoy,11,-0.01904,0.01344,0.1216,0.123,eu_agri_basket_wloc_yoy,full,cost_plus_ppi,K12_pdl,90,0.3646
w_food_ppi_yoy,12,-0.06072,0.02995,0.06092,0.1229,eu_agri_basket_wloc_yoy,full,cost_plus_ppi,K12_pdl,90,0.3646
eu_agri_basket_wloc_yoy,0,-0.07874,0.03725,-0.07874,0.03725,eu_agri_basket_wloc_yoy,ex_infl,cost_only,K6_unres,86,0.2114
eu_agri_basket_wloc_yoy,1,0.04245,0.04676,-0.03628,0.03246,eu_agri_basket_wloc_yoy,ex_infl,cost_only,K6_unres,86,0.2114
eu_agri_basket_wloc_yoy,2,-0.0268,0.03835,-0.06309,0.0377,eu_agri_basket_wloc_yoy,ex_infl,cost_only,K6_unres,86,0.2114
eu_agri_basket_wloc_yoy,3,0.0238,0.03653,-0.03929,0.02278,eu_agri_basket_wloc_yoy,ex_infl,cost_only,K6_unres,86,0.2114
eu_agri_basket_wloc_yoy,4,0.03689,0.03515,-0.002402,0.03321,eu_agri_basket_wloc_yoy,ex_infl,cost_only,K6_unres,86,0.2114
eu_agri_basket_wloc_yoy,5,-0.07173,0.03881,-0.07414,0.0329,eu_agri_basket_wloc_yoy,ex_infl,cost_only,K6_unres,86,0.2114
eu_agri_basket_wloc_yoy,6,0.0418,0.03709,-0.03233,0.03131,eu_agri_basket_wloc_yoy,ex_infl,cost_only,K6_unres,86,0.2114
eu_agri_basket_wloc_yoy,0,-0.0394,0.01959,-0.0394,0.01959,eu_agri_basket_wloc_yoy,ex_infl,cost_only,K6_pdl,86,0.1532
eu_agri_basket_wloc_yoy,1,-0.01467,0.007243,-0.05407,0.02652,eu_agri_basket_wloc_yoy,ex_infl,cost_only,K6_pdl,86,0.1532
eu_agri_basket_wloc_yoy,2,0.002135,0.003917,-0.05194,0.02565,eu_agri_basket_wloc_yoy,ex_infl,cost_only,K6_pdl,86,0.1532
eu_agri_basket_wloc_yoy,3,0.011,0.006482,-0.04094,0.02188,eu_agri_basket_wloc_yoy,ex_infl,cost_only,K6_pdl,86,0.1532
eu_agri_basket_wloc_yoy,4,0.01193,0.005822,-0.029,0.01946,eu_agri_basket_wloc_yoy,ex_infl,cost_only,K6_pdl,86,0.1532
eu_agri_basket_wloc_yoy,5,0.004928,0.004906,-0.02408,0.02111,eu_agri_basket_wloc_yoy,ex_infl,cost_only,K6_pdl,86,0.1532
eu_agri_basket_wloc_yoy,6,-0.01001,0.01332,-0.03409,0.03115,eu_agri_basket_wloc_yoy,ex_infl,cost_only,K6_pdl,86,0.1532
eu_agri_basket_wloc_yoy,0,-0.03909,0.01723,-0.03909,0.01723,eu_agri_basket_wloc_yoy,ex_infl,cost_only,K6_ridge,86,0.1583
eu_agri_basket_wloc_yoy,1,-0.01316,0.008263,-0.05226,0.02453,eu_agri_basket_wloc_yoy,ex_infl,cost_only,K6_ridge,86,0.1583
eu_agri_basket_wloc_yoy,2,0.003874,0.004598,-0.04838,0.02465,eu_agri_basket_wloc_yoy,ex_infl,cost_only,K6_ridge,86,0.1583
eu_agri_basket_wloc_yoy,3,0.01107,0.006395,-0.03731,0.0211,eu_agri_basket_wloc_yoy,ex_infl,cost_only,K6_ridge,86,0.1583
eu_agri_basket_wloc_yoy,4,0.008377,0.006567,-0.02894,0.01918,eu_agri_basket_wloc_yoy,ex_infl,cost_only,K6_ridge,86,0.1583
eu_agri_basket_wloc_yoy,5,0.001058,0.004386,-0.02788,0.02088,eu_agri_basket_wloc_yoy,ex_infl,cost_only,K6_ridge,86,0.1583
eu_agri_basket_wloc_yoy,6,-0.002797,0.01266,-0.03068,0.02867,eu_agri_basket_wloc_yoy,ex_infl,cost_only,K6_ridge,86,0.1583
eu_agri_basket_wloc_yoy,0,-0.02985,0.01557,-0.02985,0.01557,eu_agri_basket_wloc_yoy,ex_infl,cost_only,K12_pdl,80,0.1741
eu_agri_basket_wloc_yoy,1,-0.01243,0.006991,-0.04228,0.02231,eu_agri_basket_wloc_yoy,ex_infl,cost_only,K12_pdl,80,0.1741
eu_agri_basket_wloc_yoy,2,-0.0007399,0.003407,-0.04302,0.02378,eu_agri_basket_wloc_yoy,ex_infl,cost_only,K12_pdl,80,0.1741
eu_agri_basket_wloc_yoy,3,0.006173,0.004098,-0.03684,0.02286,eu_agri_basket_wloc_yoy,ex_infl,cost_only,K12_pdl,80,0.1741
eu_agri_basket_wloc_yoy,4,0.009253,0.004449,-0.02759,0.02164,eu_agri_basket_wloc_yoy,ex_infl,cost_only,K12_pdl,80,0.1741
eu_agri_basket_wloc_yoy,5,0.009443,0.003724,-0.01815,0.02114,eu_agri_basket_wloc_yoy,ex_infl,cost_only,K12_pdl,80,0.1741
eu_agri_basket_wloc_yoy,6,0.00769,0.002622,-0.01046,0.02154,eu_agri_basket_wloc_yoy,ex_infl,cost_only,K12_pdl,80,0.1741
eu_agri_basket_wloc_yoy,7,0.004937,0.002473,-0.005522,0.02271,eu_agri_basket_wloc_yoy,ex_infl,cost_only,K12_pdl,80,0.1741
eu_agri_basket_wloc_yoy,8,0.002131,0.003342,-0.003391,0.02465,eu_agri_basket_wloc_yoy,ex_infl,cost_only,K12_pdl,80,0.1741
eu_agri_basket_wloc_yoy,9,0.0002147,0.003847,-0.003176,0.02709,eu_agri_basket_wloc_yoy,ex_infl,cost_only,K12_pdl,80,0.1741
eu_agri_basket_wloc_yoy,10,0.0001341,0.003446,-0.003042,0.02921,eu_agri_basket_wloc_yoy,ex_infl,cost_only,K12_pdl,80,0.1741
eu_agri_basket_wloc_yoy,11,0.002834,0.00405,-0.0002082,0.02987,eu_agri_basket_wloc_yoy,ex_infl,cost_only,K12_pdl,80,0.1741
eu_agri_basket_wloc_yoy,12,0.009259,0.009301,0.009051,0.02923,eu_agri_basket_wloc_yoy,ex_infl,cost_only,K12_pdl,80,0.1741
eu_agri_basket_wloc_yoy,0,-0.0702,0.03357,-0.0702,0.03357,eu_agri_basket_wloc_yoy,ex_infl,cost_plus_cpi,K6_unres,86,0.3739
eu_agri_basket_wloc_yoy,1,0.02165,0.04322,-0.04855,0.02936,eu_agri_basket_wloc_yoy,ex_infl,cost_plus_cpi,K6_unres,86,0.3739
eu_agri_basket_wloc_yoy,2,-0.04592,0.02745,-0.09447,0.03169,eu_agri_basket_wloc_yoy,ex_infl,cost_plus_cpi,K6_unres,86,0.3739
eu_agri_basket_wloc_yoy,3,0.03419,0.03313,-0.06028,0.02533,eu_agri_basket_wloc_yoy,ex_infl,cost_plus_cpi,K6_unres,86,0.3739
eu_agri_basket_wloc_yoy,4,0.04311,0.02907,-0.01717,0.02698,eu_agri_basket_wloc_yoy,ex_infl,cost_plus_cpi,K6_unres,86,0.3739
eu_agri_basket_wloc_yoy,5,-0.03732,0.03136,-0.05449,0.02854,eu_agri_basket_wloc_yoy,ex_infl,cost_plus_cpi,K6_unres,86,0.3739
eu_agri_basket_wloc_yoy,6,-0.01269,0.02683,-0.06717,0.02858,eu_agri_basket_wloc_yoy,ex_infl,cost_plus_cpi,K6_unres,86,0.3739
w_food_cpi_xvat_yoy,0,-0.008322,0.1502,-0.008322,0.1502,eu_agri_basket_wloc_yoy,ex_infl,cost_plus_cpi,K6_unres,86,0.3739
w_food_cpi_xvat_yoy,1,0.4106,0.2271,0.4023,0.1328,eu_agri_basket_wloc_yoy,ex_infl,cost_plus_cpi,K6_unres,86,0.3739
w_food_cpi_xvat_yoy,2,-0.3473,0.1315,0.05491,0.1017,eu_agri_basket_wloc_yoy,ex_infl,cost_plus_cpi,K6_unres,86,0.3739
w_food_cpi_xvat_yoy,3,-0.08091,0.1828,-0.026,0.1722,eu_agri_basket_wloc_yoy,ex_infl,cost_plus_cpi,K6_unres,86,0.3739
w_food_cpi_xvat_yoy,4,-0.2258,0.1233,-0.2518,0.1555,eu_agri_basket_wloc_yoy,ex_infl,cost_plus_cpi,K6_unres,86,0.3739
w_food_cpi_xvat_yoy,5,0.5678,0.1667,0.316,0.1046,eu_agri_basket_wloc_yoy,ex_infl,cost_plus_cpi,K6_unres,86,0.3739
w_food_cpi_xvat_yoy,6,-0.1526,0.1144,0.1634,0.1065,eu_agri_basket_wloc_yoy,ex_infl,cost_plus_cpi,K6_unres,86,0.3739
eu_agri_basket_wloc_yoy,0,-0.05465,0.01707,-0.05465,0.01707,eu_agri_basket_wloc_yoy,ex_infl,cost_plus_cpi,K6_pdl,86,0.2976
eu_agri_basket_wloc_yoy,1,-0.01852,0.00646,-0.07317,0.02315,eu_agri_basket_wloc_yoy,ex_infl,cost_plus_cpi,K6_pdl,86,0.2976
eu_agri_basket_wloc_yoy,2,0.005079,0.004014,-0.06809,0.02251,eu_agri_basket_wloc_yoy,ex_infl,cost_plus_cpi,K6_pdl,86,0.2976
eu_agri_basket_wloc_yoy,3,0.01614,0.006309,-0.05196,0.0195,eu_agri_basket_wloc_yoy,ex_infl,cost_plus_cpi,K6_pdl,86,0.2976
eu_agri_basket_wloc_yoy,4,0.01465,0.006166,-0.0373,0.01783,eu_agri_basket_wloc_yoy,ex_infl,cost_plus_cpi,K6_pdl,86,0.2976
eu_agri_basket_wloc_yoy,5,0.000627,0.005985,-0.03668,0.01967,eu_agri_basket_wloc_yoy,ex_infl,cost_plus_cpi,K6_pdl,86,0.2976
eu_agri_basket_wloc_yoy,6,-0.02594,0.01258,-0.06262,0.02839,eu_agri_basket_wloc_yoy,ex_infl,cost_plus_cpi,K6_pdl,86,0.2976
w_food_cpi_xvat_yoy,0,0.1136,0.06923,0.1136,0.06923,eu_agri_basket_wloc_yoy,ex_infl,cost_plus_cpi,K6_pdl,86,0.2976
w_food_cpi_xvat_yoy,1,0.01658,0.03028,0.1301,0.09553,eu_agri_basket_wloc_yoy,ex_infl,cost_plus_cpi,K6_pdl,86,0.2976
w_food_cpi_xvat_yoy,2,-0.03953,0.02692,0.09061,0.09966,eu_agri_basket_wloc_yoy,ex_infl,cost_plus_cpi,K6_pdl,86,0.2976
w_food_cpi_xvat_yoy,3,-0.05478,0.03274,0.03583,0.1005,eu_agri_basket_wloc_yoy,ex_infl,cost_plus_cpi,K6_pdl,86,0.2976
w_food_cpi_xvat_yoy,4,-0.02915,0.02621,0.006685,0.1054,eu_agri_basket_wloc_yoy,ex_infl,cost_plus_cpi,K6_pdl,86,0.2976
w_food_cpi_xvat_yoy,5,0.03736,0.01323,0.04404,0.1093,eu_agri_basket_wloc_yoy,ex_infl,cost_plus_cpi,K6_pdl,86,0.2976
w_food_cpi_xvat_yoy,6,0.1447,0.04488,0.1888,0.1191,eu_agri_basket_wloc_yoy,ex_infl,cost_plus_cpi,K6_pdl,86,0.2976
eu_agri_basket_wloc_yoy,0,-0.05463,0.02211,-0.05463,0.02211,eu_agri_basket_wloc_yoy,ex_infl,cost_plus_cpi,K6_ridge,86,0.3026
eu_agri_basket_wloc_yoy,1,-0.01497,0.01309,-0.06959,0.02389,eu_agri_basket_wloc_yoy,ex_infl,cost_plus_cpi,K6_ridge,86,0.3026
eu_agri_basket_wloc_yoy,2,0.002119,0.01185,-0.06748,0.02306,eu_agri_basket_wloc_yoy,ex_infl,cost_plus_cpi,K6_ridge,86,0.3026
eu_agri_basket_wloc_yoy,3,0.02059,0.009395,-0.04688,0.01853,eu_agri_basket_wloc_yoy,ex_infl,cost_plus_cpi,K6_ridge,86,0.3026
eu_agri_basket_wloc_yoy,4,0.01707,0.01213,-0.02981,0.01869,eu_agri_basket_wloc_yoy,ex_infl,cost_plus_cpi,K6_ridge,86,0.3026
eu_agri_basket_wloc_yoy,5,-0.0094,0.009048,-0.03921,0.02373,eu_agri_basket_wloc_yoy,ex_infl,cost_plus_cpi,K6_ridge,86,0.3026
eu_agri_basket_wloc_yoy,6,-0.02039,0.0148,-0.0596,0.02797,eu_agri_basket_wloc_yoy,ex_infl,cost_plus_cpi,K6_ridge,86,0.3026
w_food_cpi_xvat_yoy,0,0.07863,0.05169,0.07863,0.05169,eu_agri_basket_wloc_yoy,ex_infl,cost_plus_cpi,K6_ridge,86,0.3026
w_food_cpi_xvat_yoy,1,0.01451,0.03067,0.09313,0.0804,eu_agri_basket_wloc_yoy,ex_infl,cost_plus_cpi,K6_ridge,86,0.3026
w_food_cpi_xvat_yoy,2,-0.03139,0.0238,0.06175,0.09326,eu_agri_basket_wloc_yoy,ex_infl,cost_plus_cpi,K6_ridge,86,0.3026
w_food_cpi_xvat_yoy,3,-0.04078,0.02559,0.02097,0.1001,eu_agri_basket_wloc_yoy,ex_infl,cost_plus_cpi,K6_ridge,86,0.3026
w_food_cpi_xvat_yoy,4,-0.01026,0.02008,0.01071,0.1046,eu_agri_basket_wloc_yoy,ex_infl,cost_plus_cpi,K6_ridge,86,0.3026
w_food_cpi_xvat_yoy,5,0.04876,0.01305,0.05946,0.1063,eu_agri_basket_wloc_yoy,ex_infl,cost_plus_cpi,K6_ridge,86,0.3026
w_food_cpi_xvat_yoy,6,0.1103,0.03038,0.1697,0.1112,eu_agri_basket_wloc_yoy,ex_infl,cost_plus_cpi,K6_ridge,86,0.3026
eu_agri_basket_wloc_yoy,0,-0.04174,0.0188,-0.04174,0.0188,eu_agri_basket_wloc_yoy,ex_infl,cost_plus_cpi,K12_pdl,80,0.2412
eu_agri_basket_wloc_yoy,1,-0.01862,0.007967,-0.06036,0.02636,eu_agri_basket_wloc_yoy,ex_infl,cost_plus_cpi,K12_pdl,80,0.2412
eu_agri_basket_wloc_yoy,2,-0.003779,0.004687,-0.06414,0.02753,eu_agri_basket_wloc_yoy,ex_infl,cost_plus_cpi,K12_pdl,80,0.2412
eu_agri_basket_wloc_yoy,3,0.00425,0.00641,-0.05989,0.02647,eu_agri_basket_wloc_yoy,ex_infl,cost_plus_cpi,K12_pdl,80,0.2412
eu_agri_basket_wloc_yoy,4,0.006926,0.007019,-0.05296,0.02628,eu_agri_basket_wloc_yoy,ex_infl,cost_plus_cpi,K12_pdl,80,0.2412
eu_agri_basket_wloc_yoy,5,0.005709,0.006192,-0.04725,0.02804,eu_agri_basket_wloc_yoy,ex_infl,cost_plus_cpi,K12_pdl,80,0.2412
eu_agri_basket_wloc_yoy,6,0.002058,0.004921,-0.04519,0.03124,eu_agri_basket_wloc_yoy,ex_infl,cost_plus_cpi,K12_pdl,80,0.2412
eu_agri_basket_wloc_yoy,7,-0.002566,0.004583,-0.04776,0.03519,eu_agri_basket_wloc_yoy,ex_infl,cost_plus_cpi,K12_pdl,80,0.2412
eu_agri_basket_wloc_yoy,8,-0.006704,0.005363,-0.05446,0.03967,eu_agri_basket_wloc_yoy,ex_infl,cost_plus_cpi,K12_pdl,80,0.2412
eu_agri_basket_wloc_yoy,9,-0.008895,0.005904,-0.06336,0.04448,eu_agri_basket_wloc_yoy,ex_infl,cost_plus_cpi,K12_pdl,80,0.2412
eu_agri_basket_wloc_yoy,10,-0.00768,0.005372,-0.07104,0.04894,eu_agri_basket_wloc_yoy,ex_infl,cost_plus_cpi,K12_pdl,80,0.2412
eu_agri_basket_wloc_yoy,11,-0.001598,0.005563,-0.07264,0.05204,eu_agri_basket_wloc_yoy,ex_infl,cost_plus_cpi,K12_pdl,80,0.2412
eu_agri_basket_wloc_yoy,12,0.01081,0.01158,-0.06183,0.05405,eu_agri_basket_wloc_yoy,ex_infl,cost_plus_cpi,K12_pdl,80,0.2412
w_food_cpi_xvat_yoy,0,0.04114,0.05092,0.04114,0.05092,eu_agri_basket_wloc_yoy,ex_infl,cost_plus_cpi,K12_pdl,80,0.2412
w_food_cpi_xvat_yoy,1,0.01893,0.03242,0.06007,0.0826,eu_agri_basket_wloc_yoy,ex_infl,cost_plus_cpi,K12_pdl,80,0.2412
w_food_cpi_xvat_yoy,2,0.007806,0.02164,0.06788,0.1019,eu_agri_basket_wloc_yoy,ex_infl,cost_plus_cpi,K12_pdl,80,0.2412
w_food_cpi_xvat_yoy,3,0.00516,0.01606,0.07304,0.1138,eu_agri_basket_wloc_yoy,ex_infl,cost_plus_cpi,K12_pdl,80,0.2412
w_food_cpi_xvat_yoy,4,0.008394,0.01315,0.08143,0.1216,eu_agri_basket_wloc_yoy,ex_infl,cost_plus_cpi,K12_pdl,80,0.2412
w_food_cpi_xvat_yoy,5,0.01491,0.01199,0.09634,0.1276,eu_agri_basket_wloc_yoy,ex_infl,cost_plus_cpi,K12_pdl,80,0.2412
w_food_cpi_xvat_yoy,6,0.02211,0.01273,0.1184,0.1334,eu_agri_basket_wloc_yoy,ex_infl,cost_plus_cpi,K12_pdl,80,0.2412
w_food_cpi_xvat_yoy,7,0.02739,0.01457,0.1458,0.1405,eu_agri_basket_wloc_yoy,ex_infl,cost_plus_cpi,K12_pdl,80,0.2412
w_food_cpi_xvat_yoy,8,0.02815,0.01576,0.174,0.1492,eu_agri_basket_wloc_yoy,ex_infl,cost_plus_cpi,K12_pdl,80,0.2412
w_food_cpi_xvat_yoy,9,0.0218,0.0147,0.1958,0.1588,eu_agri_basket_wloc_yoy,ex_infl,cost_plus_cpi,K12_pdl,80,0.2412
w_food_cpi_xvat_yoy,10,0.00574,0.01109,0.2015,0.1672,eu_agri_basket_wloc_yoy,ex_infl,cost_plus_cpi,K12_pdl,80,0.2412
w_food_cpi_xvat_yoy,11,-0.02264,0.0124,0.1789,0.1715,eu_agri_basket_wloc_yoy,ex_infl,cost_plus_cpi,K12_pdl,80,0.2412
w_food_cpi_xvat_yoy,12,-0.06593,0.02885,0.113,0.1719,eu_agri_basket_wloc_yoy,ex_infl,cost_plus_cpi,K12_pdl,80,0.2412
eu_agri_basket_wloc_yoy,0,-0.08312,0.03396,-0.08312,0.03396,eu_agri_basket_wloc_yoy,ex_infl,cost_plus_ppi,K6_unres,86,0.3553
eu_agri_basket_wloc_yoy,1,0.03161,0.04147,-0.05151,0.03126,eu_agri_basket_wloc_yoy,ex_infl,cost_plus_ppi,K6_unres,86,0.3553
eu_agri_basket_wloc_yoy,2,-0.0441,0.03251,-0.09562,0.03434,eu_agri_basket_wloc_yoy,ex_infl,cost_plus_ppi,K6_unres,86,0.3553
eu_agri_basket_wloc_yoy,3,0.04461,0.02974,-0.05101,0.02336,eu_agri_basket_wloc_yoy,ex_infl,cost_plus_ppi,K6_unres,86,0.3553
eu_agri_basket_wloc_yoy,4,0.02152,0.02982,-0.02949,0.02934,eu_agri_basket_wloc_yoy,ex_infl,cost_plus_ppi,K6_unres,86,0.3553
eu_agri_basket_wloc_yoy,5,-0.04264,0.03003,-0.07213,0.0303,eu_agri_basket_wloc_yoy,ex_infl,cost_plus_ppi,K6_unres,86,0.3553
eu_agri_basket_wloc_yoy,6,-0.01417,0.02582,-0.0863,0.03286,eu_agri_basket_wloc_yoy,ex_infl,cost_plus_ppi,K6_unres,86,0.3553
w_food_ppi_yoy,0,-0.145,0.2302,-0.145,0.2302,eu_agri_basket_wloc_yoy,ex_infl,cost_plus_ppi,K6_unres,86,0.3553
w_food_ppi_yoy,1,0.4838,0.275,0.3388,0.1701,eu_agri_basket_wloc_yoy,ex_infl,cost_plus_ppi,K6_unres,86,0.3553
w_food_ppi_yoy,2,-0.1754,0.2408,0.1635,0.1186,eu_agri_basket_wloc_yoy,ex_infl,cost_plus_ppi,K6_unres,86,0.3553
w_food_ppi_yoy,3,-0.1542,0.216,0.009302,0.1467,eu_agri_basket_wloc_yoy,ex_infl,cost_plus_ppi,K6_unres,86,0.3553
w_food_ppi_yoy,4,-0.1548,0.1889,-0.1455,0.1197,eu_agri_basket_wloc_yoy,ex_infl,cost_plus_ppi,K6_unres,86,0.3553
w_food_ppi_yoy,5,0.411,0.1847,0.2655,0.172,eu_agri_basket_wloc_yoy,ex_infl,cost_plus_ppi,K6_unres,86,0.3553
w_food_ppi_yoy,6,-0.05998,0.1175,0.2055,0.08861,eu_agri_basket_wloc_yoy,ex_infl,cost_plus_ppi,K6_unres,86,0.3553
eu_agri_basket_wloc_yoy,0,-0.06154,0.01967,-0.06154,0.01967,eu_agri_basket_wloc_yoy,ex_infl,cost_plus_ppi,K6_pdl,86,0.2996
eu_agri_basket_wloc_yoy,1,-0.02015,0.007061,-0.08169,0.0262,eu_agri_basket_wloc_yoy,ex_infl,cost_plus_ppi,K6_pdl,86,0.2996
eu_agri_basket_wloc_yoy,2,0.006082,0.005006,-0.07561,0.02509,eu_agri_basket_wloc_yoy,ex_infl,cost_plus_ppi,K6_pdl,86,0.2996
eu_agri_basket_wloc_yoy,3,0.01717,0.007272,-0.05843,0.02183,eu_agri_basket_wloc_yoy,ex_infl,cost_plus_ppi,K6_pdl,86,0.2996
eu_agri_basket_wloc_yoy,4,0.01312,0.005797,-0.04531,0.0204,eu_agri_basket_wloc_yoy,ex_infl,cost_plus_ppi,K6_pdl,86,0.2996
eu_agri_basket_wloc_yoy,5,-0.006073,0.005224,-0.05138,0.0224,eu_agri_basket_wloc_yoy,ex_infl,cost_plus_ppi,K6_pdl,86,0.2996
eu_agri_basket_wloc_yoy,6,-0.04041,0.01593,-0.0918,0.03344,eu_agri_basket_wloc_yoy,ex_infl,cost_plus_ppi,K6_pdl,86,0.2996
w_food_ppi_yoy,0,0.09544,0.04423,0.09544,0.04423,eu_agri_basket_wloc_yoy,ex_infl,cost_plus_ppi,K6_pdl,86,0.2996
w_food_ppi_yoy,1,0.02655,0.01832,0.122,0.05994,eu_agri_basket_wloc_yoy,ex_infl,cost_plus_ppi,K6_pdl,86,0.2996
w_food_ppi_yoy,2,-0.01301,0.0172,0.109,0.06105,eu_agri_basket_wloc_yoy,ex_infl,cost_plus_ppi,K6_pdl,86,0.2996
w_food_ppi_yoy,3,-0.02327,0.02173,0.08571,0.0608,eu_agri_basket_wloc_yoy,ex_infl,cost_plus_ppi,K6_pdl,86,0.2996
w_food_ppi_yoy,4,-0.004205,0.01797,0.08151,0.06468,eu_agri_basket_wloc_yoy,ex_infl,cost_plus_ppi,K6_pdl,86,0.2996
w_food_ppi_yoy,5,0.04417,0.01134,0.1257,0.06912,eu_agri_basket_wloc_yoy,ex_infl,cost_plus_ppi,K6_pdl,86,0.2996
w_food_ppi_yoy,6,0.1219,0.0315,0.2475,0.07925,eu_agri_basket_wloc_yoy,ex_infl,cost_plus_ppi,K6_pdl,86,0.2996
eu_agri_basket_wloc_yoy,0,-0.05017,0.01711,-0.05017,0.01711,eu_agri_basket_wloc_yoy,ex_infl,cost_plus_ppi,K6_ridge,86,0.2772
eu_agri_basket_wloc_yoy,1,-0.01776,0.007388,-0.06792,0.02345,eu_agri_basket_wloc_yoy,ex_infl,cost_plus_ppi,K6_ridge,86,0.2772
eu_agri_basket_wloc_yoy,2,0.005384,0.00535,-0.06254,0.02283,eu_agri_basket_wloc_yoy,ex_infl,cost_plus_ppi,K6_ridge,86,0.2772
eu_agri_basket_wloc_yoy,3,0.01585,0.006759,-0.04669,0.01989,eu_agri_basket_wloc_yoy,ex_infl,cost_plus_ppi,K6_ridge,86,0.2772
eu_agri_basket_wloc_yoy,4,0.009957,0.006059,-0.03673,0.01933,eu_agri_basket_wloc_yoy,ex_infl,cost_plus_ppi,K6_ridge,86,0.2772
eu_agri_basket_wloc_yoy,5,-0.008275,0.005713,-0.045,0.02191,eu_agri_basket_wloc_yoy,ex_infl,cost_plus_ppi,K6_ridge,86,0.2772
eu_agri_basket_wloc_yoy,6,-0.02829,0.01249,-0.07329,0.02926,eu_agri_basket_wloc_yoy,ex_infl,cost_plus_ppi,K6_ridge,86,0.2772
w_food_ppi_yoy,0,0.02039,0.02596,0.02039,0.02596,eu_agri_basket_wloc_yoy,ex_infl,cost_plus_ppi,K6_ridge,86,0.2772
w_food_ppi_yoy,1,0.01178,0.01827,0.03216,0.04368,eu_agri_basket_wloc_yoy,ex_infl,cost_plus_ppi,K6_ridge,86,0.2772
w_food_ppi_yoy,2,0.00629,0.01405,0.03845,0.05543,eu_agri_basket_wloc_yoy,ex_infl,cost_plus_ppi,K6_ridge,86,0.2772
w_food_ppi_yoy,3,0.008423,0.01208,0.04687,0.06364,eu_agri_basket_wloc_yoy,ex_infl,cost_plus_ppi,K6_ridge,86,0.2772
w_food_ppi_yoy,4,0.02084,0.0098,0.06772,0.06931,eu_agri_basket_wloc_yoy,ex_infl,cost_plus_ppi,K6_ridge,86,0.2772
w_food_ppi_yoy,5,0.04206,0.01041,0.1098,0.07271,eu_agri_basket_wloc_yoy,ex_infl,cost_plus_ppi,K6_ridge,86,0.2772
w_food_ppi_yoy,6,0.06715,0.01723,0.1769,0.07596,eu_agri_basket_wloc_yoy,ex_infl,cost_plus_ppi,K6_ridge,86,0.2772
eu_agri_basket_wloc_yoy,0,-0.04704,0.01996,-0.04704,0.01996,eu_agri_basket_wloc_yoy,ex_infl,cost_plus_ppi,K12_pdl,80,0.2632
eu_agri_basket_wloc_yoy,1,-0.02115,0.009147,-0.06819,0.02879,eu_agri_basket_wloc_yoy,ex_infl,cost_plus_ppi,K12_pdl,80,0.2632
eu_agri_basket_wloc_yoy,2,-0.004758,0.0046,-0.07295,0.03115,eu_agri_basket_wloc_yoy,ex_infl,cost_plus_ppi,K12_pdl,80,0.2632
eu_agri_basket_wloc_yoy,3,0.003877,0.004947,-0.06907,0.03077,eu_agri_basket_wloc_yoy,ex_infl,cost_plus_ppi,K12_pdl,80,0.2632
eu_agri_basket_wloc_yoy,4,0.006488,0.00496,-0.06259,0.03023,eu_agri_basket_wloc_yoy,ex_infl,cost_plus_ppi,K12_pdl,80,0.2632
eu_agri_basket_wloc_yoy,5,0.004809,0.003849,-0.05778,0.03077,eu_agri_basket_wloc_yoy,ex_infl,cost_plus_ppi,K12_pdl,80,0.2632
eu_agri_basket_wloc_yoy,6,0.0005764,0.003174,-0.0572,0.03276,eu_agri_basket_wloc_yoy,ex_infl,cost_plus_ppi,K12_pdl,80,0.2632
eu_agri_basket_wloc_yoy,7,-0.004476,0.00459,-0.06168,0.03639,eu_agri_basket_wloc_yoy,ex_infl,cost_plus_ppi,K12_pdl,80,0.2632
eu_agri_basket_wloc_yoy,8,-0.008613,0.006543,-0.07029,0.04179,eu_agri_basket_wloc_yoy,ex_infl,cost_plus_ppi,K12_pdl,80,0.2632
eu_agri_basket_wloc_yoy,9,-0.0101,0.007613,-0.08039,0.0485,eu_agri_basket_wloc_yoy,ex_infl,cost_plus_ppi,K12_pdl,80,0.2632
eu_agri_basket_wloc_yoy,10,-0.007201,0.007388,-0.08759,0.05523,eu_agri_basket_wloc_yoy,ex_infl,cost_plus_ppi,K12_pdl,80,0.2632
eu_agri_basket_wloc_yoy,11,0.001818,0.007664,-0.08577,0.06043,eu_agri_basket_wloc_yoy,ex_infl,cost_plus_ppi,K12_pdl,80,0.2632
eu_agri_basket_wloc_yoy,12,0.01869,0.01347,-0.06708,0.06381,eu_agri_basket_wloc_yoy,ex_infl,cost_plus_ppi,K12_pdl,80,0.2632
w_food_ppi_yoy,0,0.04882,0.02373,0.04882,0.02373,eu_agri_basket_wloc_yoy,ex_infl,cost_plus_ppi,K12_pdl,80,0.2632
w_food_ppi_yoy,1,0.02697,0.01302,0.07579,0.03474,eu_agri_basket_wloc_yoy,ex_infl,cost_plus_ppi,K12_pdl,80,0.2632
w_food_ppi_yoy,2,0.01531,0.01229,0.0911,0.04073,eu_agri_basket_wloc_yoy,ex_infl,cost_plus_ppi,K12_pdl,80,0.2632
w_food_ppi_yoy,3,0.0115,0.01312,0.1026,0.04633,eu_agri_basket_wloc_yoy,ex_infl,cost_plus_ppi,K12_pdl,80,0.2632
w_food_ppi_yoy,4,0.01318,0.0123,0.1158,0.05253,eu_agri_basket_wloc_yoy,ex_infl,cost_plus_ppi,K12_pdl,80,0.2632
w_food_ppi_yoy,5,0.01802,0.01097,0.1338,0.05857,eu_agri_basket_wloc_yoy,ex_infl,cost_plus_ppi,K12_pdl,80,0.2632
w_food_ppi_yoy,6,0.02365,0.01135,0.1575,0.0642,eu_agri_basket_wloc_yoy,ex_infl,cost_plus_ppi,K12_pdl,80,0.2632
w_food_ppi_yoy,7,0.02774,0.0137,0.1852,0.07035,eu_agri_basket_wloc_yoy,ex_infl,cost_plus_ppi,K12_pdl,80,0.2632
w_food_ppi_yoy,8,0.02793,0.01596,0.2131,0.0782,eu_agri_basket_wloc_yoy,ex_infl,cost_plus_ppi,K12_pdl,80,0.2632
w_food_ppi_yoy,9,0.02188,0.01619,0.235,0.08765,eu_agri_basket_wloc_yoy,ex_infl,cost_plus_ppi,K12_pdl,80,0.2632
w_food_ppi_yoy,10,0.007236,0.01365,0.2422,0.09673,eu_agri_basket_wloc_yoy,ex_infl,cost_plus_ppi,K12_pdl,80,0.2632
w_food_ppi_yoy,11,-0.01835,0.01262,0.2239,0.1029,eu_agri_basket_wloc_yoy,ex_infl,cost_plus_ppi,K12_pdl,80,0.2632
w_food_ppi_yoy,12,-0.05722,0.02488,0.1667,0.107,eu_agri_basket_wloc_yoy,ex_infl,cost_plus_ppi,K12_pdl,80,0.2632
cost_idx_calib_yoy,0,-0.1794,0.04769,-0.1794,0.04769,cost_idx_calib_yoy,full,cost_only,K6_unres,96,0.3132
cost_idx_calib_yoy,1,0.08713,0.06442,-0.09229,0.03813,cost_idx_calib_yoy,full,cost_only,K6_unres,96,0.3132
cost_idx_calib_yoy,2,-0.04327,0.06777,-0.1356,0.04655,cost_idx_calib_yoy,full,cost_only,K6_unres,96,0.3132
cost_idx_calib_yoy,3,0.08315,0.05085,-0.05241,0.03552,cost_idx_calib_yoy,full,cost_only,K6_unres,96,0.3132
cost_idx_calib_yoy,4,-0.08733,0.04778,-0.1397,0.03666,cost_idx_calib_yoy,full,cost_only,K6_unres,96,0.3132
cost_idx_calib_yoy,5,-0.02831,0.05823,-0.168,0.04529,cost_idx_calib_yoy,full,cost_only,K6_unres,96,0.3132
cost_idx_calib_yoy,6,0.03414,0.04347,-0.1339,0.03663,cost_idx_calib_yoy,full,cost_only,K6_unres,96,0.3132
cost_idx_calib_yoy,0,-0.07816,0.02082,-0.07816,0.02082,cost_idx_calib_yoy,full,cost_only,K6_pdl,96,0.2547
cost_idx_calib_yoy,1,-0.03486,0.007093,-0.113,0.02622,cost_idx_calib_yoy,full,cost_only,K6_pdl,96,0.2547
cost_idx_calib_yoy,2,-0.005575,0.009029,-0.1186,0.02448,cost_idx_calib_yoy,full,cost_only,K6_pdl,96,0.2547
cost_idx_calib_yoy,3,0.009694,0.01132,-0.1089,0.02387,cost_idx_calib_yoy,full,cost_only,K6_pdl,96,0.2547
cost_idx_calib_yoy,4,0.01095,0.008147,-0.09795,0.02639,cost_idx_calib_yoy,full,cost_only,K6_pdl,96,0.2547
cost_idx_calib_yoy,5,-0.001811,0.006877,-0.09976,0.02856,cost_idx_calib_yoy,full,cost_only,K6_pdl,96,0.2547
cost_idx_calib_yoy,6,-0.02859,0.0223,-0.1283,0.03829,cost_idx_calib_yoy,full,cost_only,K6_pdl,96,0.2547
cost_idx_calib_yoy,0,-0.1244,0.0287,-0.1244,0.0287,cost_idx_calib_yoy,full,cost_only,K6_ridge,96,0.2973
cost_idx_calib_yoy,1,-0.006496,0.01654,-0.1309,0.02512,cost_idx_calib_yoy,full,cost_only,K6_ridge,96,0.2973
cost_idx_calib_yoy,2,0.03122,0.02212,-0.09963,0.02696,cost_idx_calib_yoy,full,cost_only,K6_ridge,96,0.2973
cost_idx_calib_yoy,3,0.01687,0.01319,-0.08277,0.02572,cost_idx_calib_yoy,full,cost_only,K6_ridge,96,0.2973
cost_idx_calib_yoy,4,-0.03102,0.02008,-0.1138,0.02527,cost_idx_calib_yoy,full,cost_only,K6_ridge,96,0.2973
cost_idx_calib_yoy,5,-0.03591,0.01693,-0.1497,0.03377,cost_idx_calib_yoy,full,cost_only,K6_ridge,96,0.2973
cost_idx_calib_yoy,6,0.0216,0.02834,-0.1281,0.03727,cost_idx_calib_yoy,full,cost_only,K6_ridge,96,0.2973
cost_idx_calib_yoy,0,-0.05724,0.01281,-0.05724,0.01281,cost_idx_calib_yoy,full,cost_only,K12_pdl,90,0.2616
cost_idx_calib_yoy,1,-0.03284,0.007492,-0.09007,0.01983,cost_idx_calib_yoy,full,cost_only,K12_pdl,90,0.2616
cost_idx_calib_yoy,2,-0.01533,0.005609,-0.1054,0.02379,cost_idx_calib_yoy,full,cost_only,K12_pdl,90,0.2616
cost_idx_calib_yoy,3,-0.003675,0.005292,-0.1091,0.02655,cost_idx_calib_yoy,full,cost_only,K12_pdl,90,0.2616
cost_idx_calib_yoy,4,0.003157,0.004955,-0.1059,0.02903,cost_idx_calib_yoy,full,cost_only,K12_pdl,90,0.2616
cost_idx_calib_yoy,5,0.006203,0.004464,-0.09972,0.03149,cost_idx_calib_yoy,full,cost_only,K12_pdl,90,0.2616
cost_idx_calib_yoy,6,0.006498,0.004282,-0.09322,0.03398,cost_idx_calib_yoy,full,cost_only,K12_pdl,90,0.2616
cost_idx_calib_yoy,7,0.005076,0.004583,-0.08814,0.03658,cost_idx_calib_yoy,full,cost_only,K12_pdl,90,0.2616
cost_idx_calib_yoy,8,0.002973,0.004909,-0.08517,0.03926,cost_idx_calib_yoy,full,cost_only,K12_pdl,90,0.2616
cost_idx_calib_yoy,9,0.001224,0.004775,-0.08394,0.04174,cost_idx_calib_yoy,full,cost_only,K12_pdl,90,0.2616
cost_idx_calib_yoy,10,0.0008643,0.004657,-0.08308,0.04337,cost_idx_calib_yoy,full,cost_only,K12_pdl,90,0.2616
cost_idx_calib_yoy,11,0.002928,0.007168,-0.08015,0.04375,cost_idx_calib_yoy,full,cost_only,K12_pdl,90,0.2616
cost_idx_calib_yoy,12,0.00845,0.01383,-0.0717,0.0446,cost_idx_calib_yoy,full,cost_only,K12_pdl,90,0.2616
cost_idx_calib_yoy,0,-0.1744,0.04582,-0.1744,0.04582,cost_idx_calib_yoy,full,cost_plus_cpi,K6_unres,96,0.4207
cost_idx_calib_yoy,1,0.09186,0.05457,-0.08256,0.03849,cost_idx_calib_yoy,full,cost_plus_cpi,K6_unres,96,0.4207
cost_idx_calib_yoy,2,-0.04917,0.05778,-0.1317,0.04506,cost_idx_calib_yoy,full,cost_plus_cpi,K6_unres,96,0.4207
cost_idx_calib_yoy,3,0.09177,0.04892,-0.03996,0.03464,cost_idx_calib_yoy,full,cost_plus_cpi,K6_unres,96,0.4207
cost_idx_calib_yoy,4,-0.04424,0.04264,-0.0842,0.04327,cost_idx_calib_yoy,full,cost_plus_cpi,K6_unres,96,0.4207
cost_idx_calib_yoy,5,0.009951,0.05292,-0.07425,0.04482,cost_idx_calib_yoy,full,cost_plus_cpi,K6_unres,96,0.4207
cost_idx_calib_yoy,6,-0.004613,0.05248,-0.07886,0.06511,cost_idx_calib_yoy,full,cost_plus_cpi,K6_unres,96,0.4207
w_food_cpi_xvat_yoy,0,-0.1857,0.1271,-0.1857,0.1271,cost_idx_calib_yoy,full,cost_plus_cpi,K6_unres,96,0.4207
w_food_cpi_xvat_yoy,1,0.2079,0.198,0.0222,0.1503,cost_idx_calib_yoy,full,cost_plus_cpi,K6_unres,96,0.4207
w_food_cpi_xvat_yoy,2,-0.03427,0.1549,-0.01207,0.08312,cost_idx_calib_yoy,full,cost_plus_cpi,K6_unres,96,0.4207
w_food_cpi_xvat_yoy,3,0.00688,0.1778,-0.005189,0.1234,cost_idx_calib_yoy,full,cost_plus_cpi,K6_unres,96,0.4207
w_food_cpi_xvat_yoy,4,-0.4383,0.1467,-0.4434,0.1348,cost_idx_calib_yoy,full,cost_plus_cpi,K6_unres,96,0.4207
w_food_cpi_xvat_yoy,5,0.47,0.1706,0.02657,0.1898,cost_idx_calib_yoy,full,cost_plus_cpi,K6_unres,96,0.4207
w_food_cpi_xvat_yoy,6,-0.02004,0.1349,0.006539,0.09214,cost_idx_calib_yoy,full,cost_plus_cpi,K6_unres,96,0.4207
cost_idx_calib_yoy,0,-0.1048,0.01974,-0.1048,0.01974,cost_idx_calib_yoy,full,cost_plus_cpi,K6_pdl,96,0.3448
cost_idx_calib_yoy,1,-0.03567,0.008481,-0.1405,0.02516,cost_idx_calib_yoy,full,cost_plus_cpi,K6_pdl,96,0.3448
cost_idx_calib_yoy,2,0.009927,0.01127,-0.1305,0.02573,cost_idx_calib_yoy,full,cost_plus_cpi,K6_pdl,96,0.3448
cost_idx_calib_yoy,3,0.03199,0.01231,-0.09854,0.02796,cost_idx_calib_yoy,full,cost_plus_cpi,K6_pdl,96,0.3448
cost_idx_calib_yoy,4,0.03053,0.009631,-0.06801,0.03017,cost_idx_calib_yoy,full,cost_plus_cpi,K6_pdl,96,0.3448
cost_idx_calib_yoy,5,0.005543,0.01579,-0.06246,0.03144,cost_idx_calib_yoy,full,cost_plus_cpi,K6_pdl,96,0.3448
cost_idx_calib_yoy,6,-0.04297,0.03564,-0.1054,0.05058,cost_idx_calib_yoy,full,cost_plus_cpi,K6_pdl,96,0.3448
w_food_cpi_xvat_yoy,0,0.03343,0.04291,0.03343,0.04291,cost_idx_calib_yoy,full,cost_plus_cpi,K6_pdl,96,0.3448
w_food_cpi_xvat_yoy,1,-0.02276,0.01417,0.01067,0.04964,cost_idx_calib_yoy,full,cost_plus_cpi,K6_pdl,96,0.3448
w_food_cpi_xvat_yoy,2,-0.05011,0.0279,-0.03944,0.04443,cost_idx_calib_yoy,full,cost_plus_cpi,K6_pdl,96,0.3448
w_food_cpi_xvat_yoy,3,-0.04865,0.03605,-0.08809,0.05547,cost_idx_calib_yoy,full,cost_plus_cpi,K6_pdl,96,0.3448
w_food_cpi_xvat_yoy,4,-0.01836,0.03044,-0.1065,0.07676,cost_idx_calib_yoy,full,cost_plus_cpi,K6_pdl,96,0.3448
w_food_cpi_xvat_yoy,5,0.04074,0.01618,-0.06571,0.08693,cost_idx_calib_yoy,full,cost_plus_cpi,K6_pdl,96,0.3448
w_food_cpi_xvat_yoy,6,0.1287,0.03664,0.06296,0.08143,cost_idx_calib_yoy,full,cost_plus_cpi,K6_pdl,96,0.3448
cost_idx_calib_yoy,0,-0.09653,0.01915,-0.09653,0.01915,cost_idx_calib_yoy,full,cost_plus_cpi,K6_ridge,96,0.3459
cost_idx_calib_yoy,1,-0.02803,0.007207,-0.1246,0.02319,cost_idx_calib_yoy,full,cost_plus_cpi,K6_ridge,96,0.3459
cost_idx_calib_yoy,2,0.01662,0.01159,-0.1079,0.02246,cost_idx_calib_yoy,full,cost_plus_cpi,K6_ridge,96,0.3459
cost_idx_calib_yoy,3,0.02988,0.01177,-0.07807,0.02542,cost_idx_calib_yoy,full,cost_plus_cpi,K6_ridge,96,0.3459
cost_idx_calib_yoy,4,0.01626,0.008144,-0.06181,0.02887,cost_idx_calib_yoy,full,cost_plus_cpi,K6_ridge,96,0.3459
cost_idx_calib_yoy,5,-0.005633,0.01566,-0.06744,0.03293,cost_idx_calib_yoy,full,cost_plus_cpi,K6_ridge,96,0.3459
cost_idx_calib_yoy,6,-0.02477,0.03159,-0.09221,0.05211,cost_idx_calib_yoy,full,cost_plus_cpi,K6_ridge,96,0.3459
w_food_cpi_xvat_yoy,0,-0.006708,0.02436,-0.006708,0.02436,cost_idx_calib_yoy,full,cost_plus_cpi,K6_ridge,96,0.3459
w_food_cpi_xvat_yoy,1,-0.02083,0.01373,-0.02753,0.03467,cost_idx_calib_yoy,full,cost_plus_cpi,K6_ridge,96,0.3459
w_food_cpi_xvat_yoy,2,-0.02997,0.01972,-0.0575,0.04209,cost_idx_calib_yoy,full,cost_plus_cpi,K6_ridge,96,0.3459
w_food_cpi_xvat_yoy,3,-0.02634,0.02501,-0.08384,0.05697,cost_idx_calib_yoy,full,cost_plus_cpi,K6_ridge,96,0.3459
w_food_cpi_xvat_yoy,4,-0.003526,0.022,-0.08736,0.07379,cost_idx_calib_yoy,full,cost_plus_cpi,K6_ridge,96,0.3459
w_food_cpi_xvat_yoy,5,0.03871,0.01532,-0.04866,0.08325,cost_idx_calib_yoy,full,cost_plus_cpi,K6_ridge,96,0.3459
w_food_cpi_xvat_yoy,6,0.0881,0.0206,0.03945,0.08345,cost_idx_calib_yoy,full,cost_plus_cpi,K6_ridge,96,0.3459
cost_idx_calib_yoy,0,-0.07191,0.01612,-0.07191,0.01612,cost_idx_calib_yoy,full,cost_plus_cpi,K12_pdl,90,0.3124
cost_idx_calib_yoy,1,-0.03334,0.008257,-0.1053,0.02354,cost_idx_calib_yoy,full,cost_plus_cpi,K12_pdl,90,0.3124
cost_idx_calib_yoy,2,-0.007369,0.006964,-0.1126,0.02657,cost_idx_calib_yoy,full,cost_plus_cpi,K12_pdl,90,0.3124
cost_idx_calib_yoy,3,0.008036,0.008736,-0.1046,0.02893,cost_idx_calib_yoy,full,cost_plus_cpi,K12_pdl,90,0.3124
cost_idx_calib_yoy,4,0.01489,0.01019,-0.08969,0.03308,cost_idx_calib_yoy,full,cost_plus_cpi,K12_pdl,90,0.3124
cost_idx_calib_yoy,5,0.01521,0.01105,-0.07448,0.03962,cost_idx_calib_yoy,full,cost_plus_cpi,K12_pdl,90,0.3124
cost_idx_calib_yoy,6,0.01103,0.01158,-0.06345,0.04797,cost_idx_calib_yoy,full,cost_plus_cpi,K12_pdl,90,0.3124
cost_idx_calib_yoy,7,0.004352,0.01186,-0.0591,0.05734,cost_idx_calib_yoy,full,cost_plus_cpi,K12_pdl,90,0.3124
cost_idx_calib_yoy,8,-0.002796,0.01171,-0.06189,0.0669,cost_idx_calib_yoy,full,cost_plus_cpi,K12_pdl,90,0.3124
cost_idx_calib_yoy,9,-0.008396,0.01105,-0.07029,0.07578,cost_idx_calib_yoy,full,cost_plus_cpi,K12_pdl,90,0.3124
cost_idx_calib_yoy,10,-0.01043,0.01088,-0.08072,0.08319,cost_idx_calib_yoy,full,cost_plus_cpi,K12_pdl,90,0.3124
cost_idx_calib_yoy,11,-0.00687,0.01431,-0.08759,0.08913,cost_idx_calib_yoy,full,cost_plus_cpi,K12_pdl,90,0.3124
cost_idx_calib_yoy,12,0.004294,0.02367,-0.08329,0.09631,cost_idx_calib_yoy,full,cost_plus_cpi,K12_pdl,90,0.3124
w_food_cpi_xvat_yoy,0,-0.001093,0.03253,-0.001093,0.03253,cost_idx_calib_yoy,full,cost_plus_cpi,K12_pdl,90,0.3124
w_food_cpi_xvat_yoy,1,-0.01874,0.01949,-0.01983,0.04926,cost_idx_calib_yoy,full,cost_plus_cpi,K12_pdl,90,0.3124
w_food_cpi_xvat_yoy,2,-0.02382,0.01927,-0.04365,0.06084,cost_idx_calib_yoy,full,cost_plus_cpi,K12_pdl,90,0.3124
w_food_cpi_xvat_yoy,3,-0.01942,0.02075,-0.06307,0.0733,cost_idx_calib_yoy,full,cost_plus_cpi,K12_pdl,90,0.3124
w_food_cpi_xvat_yoy,4,-0.00863,0.01983,-0.0717,0.08735,cost_idx_calib_yoy,full,cost_plus_cpi,K12_pdl,90,0.3124
w_food_cpi_xvat_yoy,5,0.005449,0.01749,-0.06625,0.1013,cost_idx_calib_yoy,full,cost_plus_cpi,K12_pdl,90,0.3124
w_food_cpi_xvat_yoy,6,0.01973,0.01618,-0.04653,0.1141,cost_idx_calib_yoy,full,cost_plus_cpi,K12_pdl,90,0.3124
w_food_cpi_xvat_yoy,7,0.03111,0.0174,-0.01542,0.1256,cost_idx_calib_yoy,full,cost_plus_cpi,K12_pdl,90,0.3124
w_food_cpi_xvat_yoy,8,0.0365,0.01956,0.02109,0.1363,cost_idx_calib_yoy,full,cost_plus_cpi,K12_pdl,90,0.3124
w_food_cpi_xvat_yoy,9,0.03281,0.01992,0.0539,0.1463,cost_idx_calib_yoy,full,cost_plus_cpi,K12_pdl,90,0.3124
w_food_cpi_xvat_yoy,10,0.01695,0.01655,0.07085,0.1534,cost_idx_calib_yoy,full,cost_plus_cpi,K12_pdl,90,0.3124
w_food_cpi_xvat_yoy,11,-0.01418,0.01149,0.05667,0.154,cost_idx_calib_yoy,full,cost_plus_cpi,K12_pdl,90,0.3124
w_food_cpi_xvat_yoy,12,-0.06367,0.02235,-0.007004,0.1452,cost_idx_calib_yoy,full,cost_plus_cpi,K12_pdl,90,0.3124
cost_idx_calib_yoy,0,-0.2,0.06195,-0.2,0.06195,cost_idx_calib_yoy,full,cost_plus_ppi,K6_unres,96,0.4203
cost_idx_calib_yoy,1,0.08918,0.06198,-0.1108,0.05045,cost_idx_calib_yoy,full,cost_plus_ppi,K6_unres,96,0.4203
cost_idx_calib_yoy,2,-0.07172,0.06812,-0.1825,0.0633,cost_idx_calib_yoy,full,cost_plus_ppi,K6_unres,96,0.4203
cost_idx_calib_yoy,3,0.1506,0.05758,-0.03195,0.04198,cost_idx_calib_yoy,full,cost_plus_ppi,K6_unres,96,0.4203
cost_idx_calib_yoy,4,-0.06414,0.04604,-0.09609,0.06197,cost_idx_calib_yoy,full,cost_plus_ppi,K6_unres,96,0.4203
cost_idx_calib_yoy,5,-0.005882,0.06303,-0.102,0.05486,cost_idx_calib_yoy,full,cost_plus_ppi,K6_unres,96,0.4203
cost_idx_calib_yoy,6,-0.04334,0.04574,-0.1453,0.06564,cost_idx_calib_yoy,full,cost_plus_ppi,K6_unres,96,0.4203
w_food_ppi_yoy,0,-0.07615,0.152,-0.07615,0.152,cost_idx_calib_yoy,full,cost_plus_ppi,K6_unres,96,0.4203
w_food_ppi_yoy,1,0.3486,0.1914,0.2725,0.1432,cost_idx_calib_yoy,full,cost_plus_ppi,K6_unres,96,0.4203
w_food_ppi_yoy,2,-0.4303,0.1566,-0.1578,0.1068,cost_idx_calib_yoy,full,cost_plus_ppi,K6_unres,96,0.4203
w_food_ppi_yoy,3,0.1364,0.2002,-0.02143,0.1289,cost_idx_calib_yoy,full,cost_plus_ppi,K6_unres,96,0.4203
w_food_ppi_yoy,4,-0.2994,0.201,-0.3208,0.1314,cost_idx_calib_yoy,full,cost_plus_ppi,K6_unres,96,0.4203
w_food_ppi_yoy,5,0.4903,0.1997,0.1695,0.1321,cost_idx_calib_yoy,full,cost_plus_ppi,K6_unres,96,0.4203
w_food_ppi_yoy,6,-0.1138,0.104,0.0557,0.07042,cost_idx_calib_yoy,full,cost_plus_ppi,K6_unres,96,0.4203
cost_idx_calib_yoy,0,-0.1187,0.02554,-0.1187,0.02554,cost_idx_calib_yoy,full,cost_plus_ppi,K6_pdl,96,0.3603
cost_idx_calib_yoy,1,-0.03529,0.009819,-0.154,0.03341,cost_idx_calib_yoy,full,cost_plus_ppi,K6_pdl,96,0.3603
cost_idx_calib_yoy,2,0.01806,0.0109,-0.1359,0.03272,cost_idx_calib_yoy,full,cost_plus_ppi,K6_pdl,96,0.3603
cost_idx_calib_yoy,3,0.04134,0.01423,-0.09461,0.0325,cost_idx_calib_yoy,full,cost_plus_ppi,K6_pdl,96,0.3603
cost_idx_calib_yoy,4,0.03455,0.01373,-0.06006,0.0367,cost_idx_calib_yoy,full,cost_plus_ppi,K6_pdl,96,0.3603
cost_idx_calib_yoy,5,-0.002316,0.01662,-0.06238,0.04495,cost_idx_calib_yoy,full,cost_plus_ppi,K6_pdl,96,0.3603
cost_idx_calib_yoy,6,-0.06925,0.03199,-0.1316,0.06494,cost_idx_calib_yoy,full,cost_plus_ppi,K6_pdl,96,0.3603
w_food_ppi_yoy,0,0.05087,0.04834,0.05087,0.04834,cost_idx_calib_yoy,full,cost_plus_ppi,K6_pdl,96,0.3603
w_food_ppi_yoy,1,-0.01622,0.01539,0.03464,0.05852,cost_idx_calib_yoy,full,cost_plus_ppi,K6_pdl,96,0.3603
w_food_ppi_yoy,2,-0.05113,0.02499,-0.01648,0.05196,cost_idx_calib_yoy,full,cost_plus_ppi,K6_pdl,96,0.3603
w_food_ppi_yoy,3,-0.05384,0.03286,-0.07032,0.05361,cost_idx_calib_yoy,full,cost_plus_ppi,K6_pdl,96,0.3603
w_food_ppi_yoy,4,-0.02436,0.02663,-0.09468,0.06649,cost_idx_calib_yoy,full,cost_plus_ppi,K6_pdl,96,0.3603
w_food_ppi_yoy,5,0.0373,0.01197,-0.05738,0.07162,cost_idx_calib_yoy,full,cost_plus_ppi,K6_pdl,96,0.3603
w_food_ppi_yoy,6,0.1312,0.03922,0.07377,0.06898,cost_idx_calib_yoy,full,cost_plus_ppi,K6_pdl,96,0.3603
cost_idx_calib_yoy,0,-0.0986,0.02215,-0.0986,0.02215,cost_idx_calib_yoy,full,cost_plus_ppi,K6_ridge,96,0.3552
cost_idx_calib_yoy,1,-0.02664,0.008577,-0.1252,0.0281,cost_idx_calib_yoy,full,cost_plus_ppi,K6_ridge,96,0.3552
cost_idx_calib_yoy,2,0.02082,0.01174,-0.1044,0.02803,cost_idx_calib_yoy,full,cost_plus_ppi,K6_ridge,96,0.3552
cost_idx_calib_yoy,3,0.03462,0.01254,-0.0698,0.03118,cost_idx_calib_yoy,full,cost_plus_ppi,K6_ridge,96,0.3552
cost_idx_calib_yoy,4,0.01741,0.01117,-0.05239,0.03742,cost_idx_calib_yoy,full,cost_plus_ppi,K6_ridge,96,0.3552
cost_idx_calib_yoy,5,-0.01211,0.01691,-0.0645,0.0473,cost_idx_calib_yoy,full,cost_plus_ppi,K6_ridge,96,0.3552
cost_idx_calib_yoy,6,-0.04123,0.02804,-0.1057,0.06676,cost_idx_calib_yoy,full,cost_plus_ppi,K6_ridge,96,0.3552
w_food_ppi_yoy,0,0.003838,0.03093,0.003838,0.03093,cost_idx_calib_yoy,full,cost_plus_ppi,K6_ridge,96,0.3552
w_food_ppi_yoy,1,-0.017,0.01476,-0.01316,0.04227,cost_idx_calib_yoy,full,cost_plus_ppi,K6_ridge,96,0.3552
w_food_ppi_yoy,2,-0.03179,0.01947,-0.04495,0.04514,cost_idx_calib_yoy,full,cost_plus_ppi,K6_ridge,96,0.3552
w_food_ppi_yoy,3,-0.03002,0.02377,-0.07497,0.05289,cost_idx_calib_yoy,full,cost_plus_ppi,K6_ridge,96,0.3552
w_food_ppi_yoy,4,-0.006599,0.01788,-0.08157,0.06325,cost_idx_calib_yoy,full,cost_plus_ppi,K6_ridge,96,0.3552
w_food_ppi_yoy,5,0.03467,0.01011,-0.0469,0.06786,cost_idx_calib_yoy,full,cost_plus_ppi,K6_ridge,96,0.3552
w_food_ppi_yoy,6,0.0833,0.02057,0.03641,0.06803,cost_idx_calib_yoy,full,cost_plus_ppi,K6_ridge,96,0.3552
cost_idx_calib_yoy,0,-0.08566,0.01987,-0.08566,0.01987,cost_idx_calib_yoy,full,cost_plus_ppi,K12_pdl,90,0.3173
cost_idx_calib_yoy,1,-0.03843,0.01276,-0.1241,0.03125,cost_idx_calib_yoy,full,cost_plus_ppi,K12_pdl,90,0.3173
cost_idx_calib_yoy,2,-0.007536,0.01212,-0.1316,0.03952,cost_idx_calib_yoy,full,cost_plus_ppi,K12_pdl,90,0.3173
cost_idx_calib_yoy,3,0.009807,0.01295,-0.1218,0.04789,cost_idx_calib_yoy,full,cost_plus_ppi,K12_pdl,90,0.3173
cost_idx_calib_yoy,4,0.0164,0.01289,-0.1054,0.05714,cost_idx_calib_yoy,full,cost_plus_ppi,K12_pdl,90,0.3173
cost_idx_calib_yoy,5,0.01503,0.01197,-0.09038,0.06677,cost_idx_calib_yoy,full,cost_plus_ppi,K12_pdl,90,0.3173
cost_idx_calib_yoy,6,0.008496,0.01092,-0.08189,0.07615,cost_idx_calib_yoy,full,cost_plus_ppi,K12_pdl,90,0.3173
cost_idx_calib_yoy,7,-0.0004063,0.01034,-0.08229,0.08505,cost_idx_calib_yoy,full,cost_plus_ppi,K12_pdl,90,0.3173
cost_idx_calib_yoy,8,-0.008885,0.01031,-0.09118,0.09357,cost_idx_calib_yoy,full,cost_plus_ppi,K12_pdl,90,0.3173
cost_idx_calib_yoy,9,-0.01414,0.01074,-0.1053,0.1019,cost_idx_calib_yoy,full,cost_plus_ppi,K12_pdl,90,0.3173
cost_idx_calib_yoy,10,-0.01339,0.01258,-0.1187,0.1106,cost_idx_calib_yoy,full,cost_plus_ppi,K12_pdl,90,0.3173
cost_idx_calib_yoy,11,-0.003834,0.01827,-0.1226,0.1208,cost_idx_calib_yoy,full,cost_plus_ppi,K12_pdl,90,0.3173
cost_idx_calib_yoy,12,0.01733,0.02963,-0.1052,0.1365,cost_idx_calib_yoy,full,cost_plus_ppi,K12_pdl,90,0.3173
w_food_ppi_yoy,0,0.0274,0.04445,0.0274,0.04445,cost_idx_calib_yoy,full,cost_plus_ppi,K12_pdl,90,0.3173
w_food_ppi_yoy,1,-0.007911,0.02244,0.01949,0.06566,cost_idx_calib_yoy,full,cost_plus_ppi,K12_pdl,90,0.3173
w_food_ppi_yoy,2,-0.02467,0.01464,-0.005181,0.07453,cost_idx_calib_yoy,full,cost_plus_ppi,K12_pdl,90,0.3173
w_food_ppi_yoy,3,-0.02697,0.01439,-0.03216,0.07921,cost_idx_calib_yoy,full,cost_plus_ppi,K12_pdl,90,0.3173
w_food_ppi_yoy,4,-0.0189,0.01343,-0.05106,0.0843,cost_idx_calib_yoy,full,cost_plus_ppi,K12_pdl,90,0.3173
w_food_ppi_yoy,5,-0.004547,0.01152,-0.05561,0.09133,cost_idx_calib_yoy,full,cost_plus_ppi,K12_pdl,90,0.3173
w_food_ppi_yoy,6,0.012,0.0122,-0.0436,0.1007,cost_idx_calib_yoy,full,cost_plus_ppi,K12_pdl,90,0.3173
w_food_ppi_yoy,7,0.02666,0.01626,-0.01695,0.1129,cost_idx_calib_yoy,full,cost_plus_ppi,K12_pdl,90,0.3173
w_food_ppi_yoy,8,0.03532,0.02039,0.01837,0.1282,cost_idx_calib_yoy,full,cost_plus_ppi,K12_pdl,90,0.3173
w_food_ppi_yoy,9,0.03392,0.02167,0.05229,0.1451,cost_idx_calib_yoy,full,cost_plus_ppi,K12_pdl,90,0.3173
w_food_ppi_yoy,10,0.01835,0.01839,0.07064,0.1599,cost_idx_calib_yoy,full,cost_plus_ppi,K12_pdl,90,0.3173
w_food_ppi_yoy,11,-0.01548,0.01319,0.05516,0.1671,cost_idx_calib_yoy,full,cost_plus_ppi,K12_pdl,90,0.3173
w_food_ppi_yoy,12,-0.07165,0.02546,-0.01649,0.1623,cost_idx_calib_yoy,full,cost_plus_ppi,K12_pdl,90,0.3173
cost_idx_calib_yoy,0,-0.1889,0.07,-0.1889,0.07,cost_idx_calib_yoy,ex_infl,cost_only,K6_unres,86,0.1953
cost_idx_calib_yoy,1,0.1247,0.06429,-0.06415,0.05084,cost_idx_calib_yoy,ex_infl,cost_only,K6_unres,86,0.1953
cost_idx_calib_yoy,2,-0.01382,0.07439,-0.07797,0.05114,cost_idx_calib_yoy,ex_infl,cost_only,K6_unres,86,0.1953
cost_idx_calib_yoy,3,0.06223,0.0491,-0.01574,0.04197,cost_idx_calib_yoy,ex_infl,cost_only,K6_unres,86,0.1953
cost_idx_calib_yoy,4,-0.1058,0.05743,-0.1215,0.06055,cost_idx_calib_yoy,ex_infl,cost_only,K6_unres,86,0.1953
cost_idx_calib_yoy,5,-0.005842,0.06062,-0.1274,0.0651,cost_idx_calib_yoy,ex_infl,cost_only,K6_unres,86,0.1953
cost_idx_calib_yoy,6,0.05355,0.04802,-0.07382,0.06382,cost_idx_calib_yoy,ex_infl,cost_only,K6_unres,86,0.1953
cost_idx_calib_yoy,0,-0.05543,0.03084,-0.05543,0.03084,cost_idx_calib_yoy,ex_infl,cost_only,K6_pdl,86,0.1108
cost_idx_calib_yoy,1,-0.02384,0.01239,-0.07927,0.04203,cost_idx_calib_yoy,ex_infl,cost_only,K6_pdl,86,0.1108
cost_idx_calib_yoy,2,-0.001935,0.009614,-0.08121,0.04265,cost_idx_calib_yoy,ex_infl,cost_only,K6_pdl,86,0.1108
cost_idx_calib_yoy,3,0.0103,0.01221,-0.07091,0.04144,cost_idx_calib_yoy,ex_infl,cost_only,K6_pdl,86,0.1108
cost_idx_calib_yoy,4,0.01285,0.009975,-0.05806,0.04361,cost_idx_calib_yoy,ex_infl,cost_only,K6_pdl,86,0.1108
cost_idx_calib_yoy,5,0.005728,0.01075,-0.05233,0.05058,cost_idx_calib_yoy,ex_infl,cost_only,K6_pdl,86,0.1108
cost_idx_calib_yoy,6,-0.01107,0.02765,-0.06341,0.06964,cost_idx_calib_yoy,ex_infl,cost_only,K6_pdl,86,0.1108
cost_idx_calib_yoy,0,-0.112,0.04762,-0.112,0.04762,cost_idx_calib_yoy,ex_infl,cost_only,K6_ridge,86,0.1721
cost_idx_calib_yoy,1,0.01201,0.01499,-0.1,0.04485,cost_idx_calib_yoy,ex_infl,cost_only,K6_ridge,86,0.1721
cost_idx_calib_yoy,2,0.04392,0.02706,-0.05611,0.03579,cost_idx_calib_yoy,ex_infl,cost_only,K6_ridge,86,0.1721
cost_idx_calib_yoy,3,0.01282,0.01325,-0.04329,0.03669,cost_idx_calib_yoy,ex_infl,cost_only,K6_ridge,86,0.1721
cost_idx_calib_yoy,4,-0.0348,0.02277,-0.07809,0.0437,cost_idx_calib_yoy,ex_infl,cost_only,K6_ridge,86,0.1721
cost_idx_calib_yoy,5,-0.02713,0.02213,-0.1052,0.05846,cost_idx_calib_yoy,ex_infl,cost_only,K6_ridge,86,0.1721
cost_idx_calib_yoy,6,0.04103,0.02822,-0.06419,0.0648,cost_idx_calib_yoy,ex_infl,cost_only,K6_ridge,86,0.1721
cost_idx_calib_yoy,0,-0.03933,0.01942,-0.03933,0.01942,cost_idx_calib_yoy,ex_infl,cost_only,K12_pdl,80,0.1601
cost_idx_calib_yoy,1,-0.01815,0.01146,-0.05748,0.03042,cost_idx_calib_yoy,ex_infl,cost_only,K12_pdl,80,0.1601
cost_idx_calib_yoy,2,-0.002995,0.00792,-0.06048,0.03657,cost_idx_calib_yoy,ex_infl,cost_only,K12_pdl,80,0.1601
cost_idx_calib_yoy,3,0.007002,0.007143,-0.05347,0.04052,cost_idx_calib_yoy,ex_infl,cost_only,K12_pdl,80,0.1601
cost_idx_calib_yoy,4,0.0127,0.006848,-0.04077,0.04385,cost_idx_calib_yoy,ex_infl,cost_only,K12_pdl,80,0.1601
cost_idx_calib_yoy,5,0.01496,0.006285,-0.02581,0.04727,cost_idx_calib_yoy,ex_infl,cost_only,K12_pdl,80,0.1601
cost_idx_calib_yoy,6,0.01465,0.005715,-0.01116,0.05088,cost_idx_calib_yoy,ex_infl,cost_only,K12_pdl,80,0.1601
cost_idx_calib_yoy,7,0.01262,0.005473,0.001453,0.05459,cost_idx_calib_yoy,ex_infl,cost_only,K12_pdl,80,0.1601
cost_idx_calib_yoy,8,0.009735,0.00537,0.01119,0.05817,cost_idx_calib_yoy,ex_infl,cost_only,K12_pdl,80,0.1601
cost_idx_calib_yoy,9,0.00686,0.004854,0.01805,0.06113,cost_idx_calib_yoy,ex_infl,cost_only,K12_pdl,80,0.1601
cost_idx_calib_yoy,10,0.004855,0.00412,0.0229,0.06259,cost_idx_calib_yoy,ex_infl,cost_only,K12_pdl,80,0.1601
cost_idx_calib_yoy,11,0.00458,0.006432,0.02748,0.06167,cost_idx_calib_yoy,ex_infl,cost_only,K12_pdl,80,0.1601
cost_idx_calib_yoy,12,0.006897,0.01371,0.03438,0.05876,cost_idx_calib_yoy,ex_infl,cost_only,K12_pdl,80,0.1601
cost_idx_calib_yoy,0,-0.1779,0.0609,-0.1779,0.0609,cost_idx_calib_yoy,ex_infl,cost_plus_cpi,K6_unres,86,0.3352
cost_idx_calib_yoy,1,0.1109,0.06153,-0.06701,0.04265,cost_idx_calib_yoy,ex_infl,cost_plus_cpi,K6_unres,86,0.3352
cost_idx_calib_yoy,2,-0.04114,0.05677,-0.1082,0.04707,cost_idx_calib_yoy,ex_infl,cost_plus_cpi,K6_unres,86,0.3352
cost_idx_calib_yoy,3,0.06411,0.04665,-0.04404,0.03557,cost_idx_calib_yoy,ex_infl,cost_plus_cpi,K6_unres,86,0.3352
cost_idx_calib_yoy,4,-0.06634,0.0542,-0.1104,0.04906,cost_idx_calib_yoy,ex_infl,cost_plus_cpi,K6_unres,86,0.3352
cost_idx_calib_yoy,5,0.03777,0.05278,-0.07261,0.05031,cost_idx_calib_yoy,ex_infl,cost_plus_cpi,K6_unres,86,0.3352
cost_idx_calib_yoy,6,0.009847,0.05558,-0.06277,0.06697,cost_idx_calib_yoy,ex_infl,cost_plus_cpi,K6_unres,86,0.3352
w_food_cpi_xvat_yoy,0,-0.05754,0.1673,-0.05754,0.1673,cost_idx_calib_yoy,ex_infl,cost_plus_cpi,K6_unres,86,0.3352
w_food_cpi_xvat_yoy,1,0.3147,0.2585,0.2572,0.1907,cost_idx_calib_yoy,ex_infl,cost_plus_cpi,K6_unres,86,0.3352
w_food_cpi_xvat_yoy,2,-0.1947,0.1373,0.06241,0.1207,cost_idx_calib_yoy,ex_infl,cost_plus_cpi,K6_unres,86,0.3352
w_food_cpi_xvat_yoy,3,-0.1039,0.2046,-0.04146,0.1691,cost_idx_calib_yoy,ex_infl,cost_plus_cpi,K6_unres,86,0.3352
w_food_cpi_xvat_yoy,4,-0.3665,0.157,-0.4079,0.185,cost_idx_calib_yoy,ex_infl,cost_plus_cpi,K6_unres,86,0.3352
w_food_cpi_xvat_yoy,5,0.5208,0.1744,0.1129,0.2164,cost_idx_calib_yoy,ex_infl,cost_plus_cpi,K6_unres,86,0.3352
w_food_cpi_xvat_yoy,6,-0.06784,0.1454,0.04503,0.1339,cost_idx_calib_yoy,ex_infl,cost_plus_cpi,K6_unres,86,0.3352
cost_idx_calib_yoy,0,-0.0791,0.02927,-0.0791,0.02927,cost_idx_calib_yoy,ex_infl,cost_plus_cpi,K6_pdl,86,0.2568
cost_idx_calib_yoy,1,-0.02952,0.01029,-0.1086,0.03748,cost_idx_calib_yoy,ex_infl,cost_plus_cpi,K6_pdl,86,0.2568
cost_idx_calib_yoy,2,0.004476,0.01094,-0.1041,0.0352,cost_idx_calib_yoy,ex_infl,cost_plus_cpi,K6_pdl,86,0.2568
cost_idx_calib_yoy,3,0.02289,0.01289,-0.08125,0.03156,cost_idx_calib_yoy,ex_infl,cost_plus_cpi,K6_pdl,86,0.2568
cost_idx_calib_yoy,4,0.02573,0.009406,-0.05551,0.02954,cost_idx_calib_yoy,ex_infl,cost_plus_cpi,K6_pdl,86,0.2568
cost_idx_calib_yoy,5,0.01299,0.01745,-0.04252,0.03255,cost_idx_calib_yoy,ex_infl,cost_plus_cpi,K6_pdl,86,0.2568
cost_idx_calib_yoy,6,-0.01532,0.04251,-0.05785,0.064,cost_idx_calib_yoy,ex_infl,cost_plus_cpi,K6_pdl,86,0.2568
w_food_cpi_xvat_yoy,0,0.1334,0.08593,0.1334,0.08593,cost_idx_calib_yoy,ex_infl,cost_plus_cpi,K6_pdl,86,0.2568
w_food_cpi_xvat_yoy,1,0.00322,0.0335,0.1366,0.1097,cost_idx_calib_yoy,ex_infl,cost_plus_cpi,K6_pdl,86,0.2568
w_food_cpi_xvat_yoy,2,-0.07227,0.04583,0.06434,0.1079,cost_idx_calib_yoy,ex_infl,cost_plus_cpi,K6_pdl,86,0.2568
w_food_cpi_xvat_yoy,3,-0.09309,0.05831,-0.02874,0.117,cost_idx_calib_yoy,ex_infl,cost_plus_cpi,K6_pdl,86,0.2568
w_food_cpi_xvat_yoy,4,-0.05922,0.04818,-0.08796,0.1393,cost_idx_calib_yoy,ex_infl,cost_plus_cpi,K6_pdl,86,0.2568
w_food_cpi_xvat_yoy,5,0.02933,0.01955,-0.05863,0.1474,cost_idx_calib_yoy,ex_infl,cost_plus_cpi,K6_pdl,86,0.2568
w_food_cpi_xvat_yoy,6,0.1726,0.05763,0.1139,0.1323,cost_idx_calib_yoy,ex_infl,cost_plus_cpi,K6_pdl,86,0.2568
cost_idx_calib_yoy,0,-0.092,0.03404,-0.092,0.03404,cost_idx_calib_yoy,ex_infl,cost_plus_cpi,K6_ridge,86,0.2646
cost_idx_calib_yoy,1,-0.01481,0.008715,-0.1068,0.03855,cost_idx_calib_yoy,ex_infl,cost_plus_cpi,K6_ridge,86,0.2646
cost_idx_calib_yoy,2,0.02236,0.01453,-0.08445,0.03175,cost_idx_calib_yoy,ex_infl,cost_plus_cpi,K6_ridge,86,0.2646
cost_idx_calib_yoy,3,0.02434,0.01359,-0.06011,0.02857,cost_idx_calib_yoy,ex_infl,cost_plus_cpi,K6_ridge,86,0.2646
cost_idx_calib_yoy,4,0.007325,0.01027,-0.05278,0.03089,cost_idx_calib_yoy,ex_infl,cost_plus_cpi,K6_ridge,86,0.2646
cost_idx_calib_yoy,5,-0.002326,0.0189,-0.05511,0.0384,cost_idx_calib_yoy,ex_infl,cost_plus_cpi,K6_ridge,86,0.2646
cost_idx_calib_yoy,6,7.821e-05,0.03878,-0.05503,0.064,cost_idx_calib_yoy,ex_infl,cost_plus_cpi,K6_ridge,86,0.2646
w_food_cpi_xvat_yoy,0,0.0738,0.05852,0.0738,0.05852,cost_idx_calib_yoy,ex_infl,cost_plus_cpi,K6_ridge,86,0.2646
w_food_cpi_xvat_yoy,1,0.0015,0.03368,0.0753,0.08801,cost_idx_calib_yoy,ex_infl,cost_plus_cpi,K6_ridge,86,0.2646
w_food_cpi_xvat_yoy,2,-0.05183,0.03548,0.02347,0.1025,cost_idx_calib_yoy,ex_infl,cost_plus_cpi,K6_ridge,86,0.2646
w_food_cpi_xvat_yoy,3,-0.06561,0.04429,-0.04214,0.1201,cost_idx_calib_yoy,ex_infl,cost_plus_cpi,K6_ridge,86,0.2646
w_food_cpi_xvat_yoy,4,-0.03238,0.03712,-0.07452,0.1404,cost_idx_calib_yoy,ex_infl,cost_plus_cpi,K6_ridge,86,0.2646
w_food_cpi_xvat_yoy,5,0.04025,0.01761,-0.03427,0.147,cost_idx_calib_yoy,ex_infl,cost_plus_cpi,K6_ridge,86,0.2646
w_food_cpi_xvat_yoy,6,0.1225,0.03423,0.08825,0.1341,cost_idx_calib_yoy,ex_infl,cost_plus_cpi,K6_ridge,86,0.2646
cost_idx_calib_yoy,0,-0.0448,0.02252,-0.0448,0.02252,cost_idx_calib_yoy,ex_infl,cost_plus_cpi,K12_pdl,80,0.21
cost_idx_calib_yoy,1,-0.023,0.01127,-0.0678,0.03336,cost_idx_calib_yoy,ex_infl,cost_plus_cpi,K12_pdl,80,0.21
cost_idx_calib_yoy,2,-0.007256,0.007004,-0.07506,0.03743,cost_idx_calib_yoy,ex_infl,cost_plus_cpi,K12_pdl,80,0.21
cost_idx_calib_yoy,3,0.003188,0.0085,-0.07187,0.03918,cost_idx_calib_yoy,ex_infl,cost_plus_cpi,K12_pdl,80,0.21
cost_idx_calib_yoy,4,0.009086,0.01054,-0.06278,0.04225,cost_idx_calib_yoy,ex_infl,cost_plus_cpi,K12_pdl,80,0.21
cost_idx_calib_yoy,5,0.01119,0.01192,-0.05159,0.04854,cost_idx_calib_yoy,ex_infl,cost_plus_cpi,K12_pdl,80,0.21
cost_idx_calib_yoy,6,0.01027,0.01285,-0.04132,0.05798,cost_idx_calib_yoy,ex_infl,cost_plus_cpi,K12_pdl,80,0.21
cost_idx_calib_yoy,7,0.007066,0.01345,-0.03425,0.06944,cost_idx_calib_yoy,ex_infl,cost_plus_cpi,K12_pdl,80,0.21
cost_idx_calib_yoy,8,0.002339,0.01352,-0.03191,0.08159,cost_idx_calib_yoy,ex_infl,cost_plus_cpi,K12_pdl,80,0.21
cost_idx_calib_yoy,9,-0.003156,0.01279,-0.03507,0.09292,cost_idx_calib_yoy,ex_infl,cost_plus_cpi,K12_pdl,80,0.21
cost_idx_calib_yoy,10,-0.008662,0.01175,-0.04373,0.1018,cost_idx_calib_yoy,ex_infl,cost_plus_cpi,K12_pdl,80,0.21
cost_idx_calib_yoy,11,-0.01342,0.01343,-0.05716,0.107,cost_idx_calib_yoy,ex_infl,cost_plus_cpi,K12_pdl,80,0.21
cost_idx_calib_yoy,12,-0.01669,0.02182,-0.07385,0.1087,cost_idx_calib_yoy,ex_infl,cost_plus_cpi,K12_pdl,80,0.21
w_food_cpi_xvat_yoy,0,0.06819,0.06353,0.06819,0.06353,cost_idx_calib_yoy,ex_infl,cost_plus_cpi,K12_pdl,80,0.21
w_food_cpi_xvat_yoy,1,0.02268,0.04082,0.09087,0.1027,cost_idx_calib_yoy,ex_infl,cost_plus_cpi,K12_pdl,80,0.21
w_food_cpi_xvat_yoy,2,-0.002503,0.03015,0.08837,0.1276,cost_idx_calib_yoy,ex_infl,cost_plus_cpi,K12_pdl,80,0.21
w_food_cpi_xvat_yoy,3,-0.01154,0.02578,0.07682,0.1449,cost_idx_calib_yoy,ex_infl,cost_plus_cpi,K12_pdl,80,0.21
w_food_cpi_xvat_yoy,4,-0.008618,0.02244,0.06821,0.1584,cost_idx_calib_yoy,ex_infl,cost_plus_cpi,K12_pdl,80,0.21
w_food_cpi_xvat_yoy,5,0.002081,0.01887,0.07029,0.1692,cost_idx_calib_yoy,ex_infl,cost_plus_cpi,K12_pdl,80,0.21
w_food_cpi_xvat_yoy,6,0.01637,0.01666,0.08666,0.1781,cost_idx_calib_yoy,ex_infl,cost_plus_cpi,K12_pdl,80,0.21
w_food_cpi_xvat_yoy,7,0.03008,0.01738,0.1167,0.1857,cost_idx_calib_yoy,ex_infl,cost_plus_cpi,K12_pdl,80,0.21
w_food_cpi_xvat_yoy,8,0.03901,0.01942,0.1558,0.1926,cost_idx_calib_yoy,ex_infl,cost_plus_cpi,K12_pdl,80,0.21
w_food_cpi_xvat_yoy,9,0.03899,0.01967,0.1947,0.1987,cost_idx_calib_yoy,ex_infl,cost_plus_cpi,K12_pdl,80,0.21
w_food_cpi_xvat_yoy,10,0.02582,0.01597,0.2206,0.2021,cost_idx_calib_yoy,ex_infl,cost_plus_cpi,K12_pdl,80,0.21
w_food_cpi_xvat_yoy,11,-0.004666,0.01162,0.2159,0.1989,cost_idx_calib_yoy,ex_infl,cost_plus_cpi,K12_pdl,80,0.21
w_food_cpi_xvat_yoy,12,-0.05666,0.02611,0.1592,0.1858,cost_idx_calib_yoy,ex_infl,cost_plus_cpi,K12_pdl,80,0.21
cost_idx_calib_yoy,0,-0.2361,0.07573,-0.2361,0.07573,cost_idx_calib_yoy,ex_infl,cost_plus_ppi,K6_unres,86,0.3857
cost_idx_calib_yoy,1,0.1178,0.0646,-0.1183,0.0576,cost_idx_calib_yoy,ex_infl,cost_plus_ppi,K6_unres,86,0.3857
cost_idx_calib_yoy,2,-0.1124,0.07572,-0.2307,0.08162,cost_idx_calib_yoy,ex_infl,cost_plus_ppi,K6_unres,86,0.3857
cost_idx_calib_yoy,3,0.1334,0.05943,-0.09726,0.04521,cost_idx_calib_yoy,ex_infl,cost_plus_ppi,K6_unres,86,0.3857
cost_idx_calib_yoy,4,-0.08073,0.05095,-0.178,0.06223,cost_idx_calib_yoy,ex_infl,cost_plus_ppi,K6_unres,86,0.3857
cost_idx_calib_yoy,5,0.05477,0.06066,-0.1232,0.06456,cost_idx_calib_yoy,ex_infl,cost_plus_ppi,K6_unres,86,0.3857
cost_idx_calib_yoy,6,-0.08399,0.04212,-0.2072,0.07697,cost_idx_calib_yoy,ex_infl,cost_plus_ppi,K6_unres,86,0.3857
w_food_ppi_yoy,0,0.2754,0.2808,0.2754,0.2808,cost_idx_calib_yoy,ex_infl,cost_plus_ppi,K6_unres,86,0.3857
w_food_ppi_yoy,1,0.3758,0.2902,0.6511,0.2262,cost_idx_calib_yoy,ex_infl,cost_plus_ppi,K6_unres,86,0.3857
w_food_ppi_yoy,2,-0.649,0.2621,0.002084,0.1415,cost_idx_calib_yoy,ex_infl,cost_plus_ppi,K6_unres,86,0.3857
w_food_ppi_yoy,3,0.05952,0.2681,0.0616,0.2116,cost_idx_calib_yoy,ex_infl,cost_plus_ppi,K6_unres,86,0.3857
w_food_ppi_yoy,4,-0.2117,0.2371,-0.1502,0.1231,cost_idx_calib_yoy,ex_infl,cost_plus_ppi,K6_unres,86,0.3857
w_food_ppi_yoy,5,0.6176,0.1793,0.4675,0.1798,cost_idx_calib_yoy,ex_infl,cost_plus_ppi,K6_unres,86,0.3857
w_food_ppi_yoy,6,-0.2085,0.1099,0.259,0.115,cost_idx_calib_yoy,ex_infl,cost_plus_ppi,K6_unres,86,0.3857
cost_idx_calib_yoy,0,-0.1105,0.03595,-0.1105,0.03595,cost_idx_calib_yoy,ex_infl,cost_plus_ppi,K6_pdl,86,0.2759
cost_idx_calib_yoy,1,-0.03853,0.01267,-0.149,0.04768,cost_idx_calib_yoy,ex_infl,cost_plus_ppi,K6_pdl,86,0.2759
cost_idx_calib_yoy,2,0.00847,0.009159,-0.1406,0.04552,cost_idx_calib_yoy,ex_infl,cost_plus_ppi,K6_pdl,86,0.2759
cost_idx_calib_yoy,3,0.03051,0.01391,-0.11,0.04016,cost_idx_calib_yoy,ex_infl,cost_plus_ppi,K6_pdl,86,0.2759
cost_idx_calib_yoy,4,0.02759,0.01395,-0.08245,0.04102,cost_idx_calib_yoy,ex_infl,cost_plus_ppi,K6_pdl,86,0.2759
cost_idx_calib_yoy,5,-0.0002911,0.01913,-0.08274,0.05384,cost_idx_calib_yoy,ex_infl,cost_plus_ppi,K6_pdl,86,0.2759
cost_idx_calib_yoy,6,-0.05313,0.0395,-0.1359,0.08718,cost_idx_calib_yoy,ex_infl,cost_plus_ppi,K6_pdl,86,0.2759
w_food_ppi_yoy,0,0.1695,0.07446,0.1695,0.07446,cost_idx_calib_yoy,ex_infl,cost_plus_ppi,K6_pdl,86,0.2759
w_food_ppi_yoy,1,0.03515,0.03283,0.2046,0.0998,cost_idx_calib_yoy,ex_infl,cost_plus_ppi,K6_pdl,86,0.2759
w_food_ppi_yoy,2,-0.04605,0.03834,0.1586,0.1049,cost_idx_calib_yoy,ex_infl,cost_plus_ppi,K6_pdl,86,0.2759
w_food_ppi_yoy,3,-0.0741,0.04641,0.08447,0.1151,cost_idx_calib_yoy,ex_infl,cost_plus_ppi,K6_pdl,86,0.2759
w_food_ppi_yoy,4,-0.04902,0.03713,0.03545,0.132,cost_idx_calib_yoy,ex_infl,cost_plus_ppi,K6_pdl,86,0.2759
w_food_ppi_yoy,5,0.0292,0.01435,0.06466,0.1395,cost_idx_calib_yoy,ex_infl,cost_plus_ppi,K6_pdl,86,0.2759
w_food_ppi_yoy,6,0.1606,0.0501,0.2252,0.1361,cost_idx_calib_yoy,ex_infl,cost_plus_ppi,K6_pdl,86,0.2759
cost_idx_calib_yoy,0,-0.08467,0.0319,-0.08467,0.0319,cost_idx_calib_yoy,ex_infl,cost_plus_ppi,K6_ridge,86,0.2489
cost_idx_calib_yoy,1,-0.02635,0.01099,-0.111,0.04193,cost_idx_calib_yoy,ex_infl,cost_plus_ppi,K6_ridge,86,0.2489
cost_idx_calib_yoy,2,0.01187,0.009166,-0.09915,0.03942,cost_idx_calib_yoy,ex_infl,cost_plus_ppi,K6_ridge,86,0.2489
cost_idx_calib_yoy,3,0.02386,0.01174,-0.0753,0.03687,cost_idx_calib_yoy,ex_infl,cost_plus_ppi,K6_ridge,86,0.2489
cost_idx_calib_yoy,4,0.01175,0.01175,-0.06354,0.04228,cost_idx_calib_yoy,ex_infl,cost_plus_ppi,K6_ridge,86,0.2489
cost_idx_calib_yoy,5,-0.01165,0.02017,-0.07519,0.05805,cost_idx_calib_yoy,ex_infl,cost_plus_ppi,K6_ridge,86,0.2489
cost_idx_calib_yoy,6,-0.03677,0.03404,-0.112,0.0871,cost_idx_calib_yoy,ex_infl,cost_plus_ppi,K6_ridge,86,0.2489
w_food_ppi_yoy,0,0.06568,0.04756,0.06568,0.04756,cost_idx_calib_yoy,ex_infl,cost_plus_ppi,K6_ridge,86,0.2489
w_food_ppi_yoy,1,0.02163,0.03391,0.0873,0.07879,cost_idx_calib_yoy,ex_infl,cost_plus_ppi,K6_ridge,86,0.2489
w_food_ppi_yoy,2,-0.01169,0.03139,0.07562,0.1013,cost_idx_calib_yoy,ex_infl,cost_plus_ppi,K6_ridge,86,0.2489
w_food_ppi_yoy,3,-0.02126,0.02985,0.05435,0.1202,cost_idx_calib_yoy,ex_infl,cost_plus_ppi,K6_ridge,86,0.2489
w_food_ppi_yoy,4,-0.002497,0.02127,0.05186,0.1343,cost_idx_calib_yoy,ex_infl,cost_plus_ppi,K6_ridge,86,0.2489
w_food_ppi_yoy,5,0.03751,0.01158,0.08937,0.1406,cost_idx_calib_yoy,ex_infl,cost_plus_ppi,K6_ridge,86,0.2489
w_food_ppi_yoy,6,0.08536,0.02046,0.1747,0.1404,cost_idx_calib_yoy,ex_infl,cost_plus_ppi,K6_ridge,86,0.2489
cost_idx_calib_yoy,0,-0.07713,0.0329,-0.07713,0.0329,cost_idx_calib_yoy,ex_infl,cost_plus_ppi,K12_pdl,80,0.2214
cost_idx_calib_yoy,1,-0.04345,0.02042,-0.1206,0.05249,cost_idx_calib_yoy,ex_infl,cost_plus_ppi,K12_pdl,80,0.2214
cost_idx_calib_yoy,2,-0.02047,0.0152,-0.141,0.06503,cost_idx_calib_yoy,ex_infl,cost_plus_ppi,K12_pdl,80,0.2214
cost_idx_calib_yoy,3,-0.006497,0.01362,-0.1475,0.0748,cost_idx_calib_yoy,ex_infl,cost_plus_ppi,K12_pdl,80,0.2214
cost_idx_calib_yoy,4,0.0001682,0.01254,-0.1474,0.08408,cost_idx_calib_yoy,ex_infl,cost_plus_ppi,K12_pdl,80,0.2214
cost_idx_calib_yoy,5,0.001222,0.01152,-0.1462,0.09377,cost_idx_calib_yoy,ex_infl,cost_plus_ppi,K12_pdl,80,0.2214
cost_idx_calib_yoy,6,-0.00164,0.01143,-0.1478,0.1041,cost_idx_calib_yoy,ex_infl,cost_plus_ppi,K12_pdl,80,0.2214
cost_idx_calib_yoy,7,-0.006722,0.01257,-0.1545,0.1154,cost_idx_calib_yoy,ex_infl,cost_plus_ppi,K12_pdl,80,0.2214
cost_idx_calib_yoy,8,-0.01233,0.01394,-0.1668,0.1273,cost_idx_calib_yoy,ex_infl,cost_plus_ppi,K12_pdl,80,0.2214
cost_idx_calib_yoy,9,-0.01676,0.01441,-0.1836,0.1393,cost_idx_calib_yoy,ex_infl,cost_plus_ppi,K12_pdl,80,0.2214
cost_idx_calib_yoy,10,-0.01833,0.01415,-0.2019,0.15,cost_idx_calib_yoy,ex_infl,cost_plus_ppi,K12_pdl,80,0.2214
cost_idx_calib_yoy,11,-0.01533,0.01688,-0.2173,0.158,cost_idx_calib_yoy,ex_infl,cost_plus_ppi,K12_pdl,80,0.2214
cost_idx_calib_yoy,12,-0.006072,0.02817,-0.2233,0.1637,cost_idx_calib_yoy,ex_infl,cost_plus_ppi,K12_pdl,80,0.2214
w_food_ppi_yoy,0,0.1365,0.09012,0.1365,0.09012,cost_idx_calib_yoy,ex_infl,cost_plus_ppi,K12_pdl,80,0.2214
w_food_ppi_yoy,1,0.06402,0.04958,0.2006,0.1393,cost_idx_calib_yoy,ex_infl,cost_plus_ppi,K12_pdl,80,0.2214
w_food_ppi_yoy,2,0.02017,0.02481,0.2207,0.1623,cost_idx_calib_yoy,ex_infl,cost_plus_ppi,K12_pdl,80,0.2214
w_food_ppi_yoy,3,-0.000629,0.01349,0.2201,0.1709,cost_idx_calib_yoy,ex_infl,cost_plus_ppi,K12_pdl,80,0.2214
w_food_ppi_yoy,4,-0.003962,0.01035,0.2161,0.1739,cost_idx_calib_yoy,ex_infl,cost_plus_ppi,K12_pdl,80,0.2214
w_food_ppi_yoy,5,0.004577,0.009831,0.2207,0.1771,cost_idx_calib_yoy,ex_infl,cost_plus_ppi,K12_pdl,80,0.2214
w_food_ppi_yoy,6,0.0194,0.01278,0.2401,0.1843,cost_idx_calib_yoy,ex_infl,cost_plus_ppi,K12_pdl,80,0.2214
w_food_ppi_yoy,7,0.0349,0.01834,0.275,0.1971,cost_idx_calib_yoy,ex_infl,cost_plus_ppi,K12_pdl,80,0.2214
w_food_ppi_yoy,8,0.04551,0.02297,0.3205,0.2148,cost_idx_calib_yoy,ex_infl,cost_plus_ppi,K12_pdl,80,0.2214
w_food_ppi_yoy,9,0.04561,0.02359,0.3661,0.2337,cost_idx_calib_yoy,ex_infl,cost_plus_ppi,K12_pdl,80,0.2214
w_food_ppi_yoy,10,0.02963,0.01817,0.3958,0.2472,cost_idx_calib_yoy,ex_infl,cost_plus_ppi,K12_pdl,80,0.2214
w_food_ppi_yoy,11,-0.008033,0.01359,0.3877,0.2462,cost_idx_calib_yoy,ex_infl,cost_plus_ppi,K12_pdl,80,0.2214
w_food_ppi_yoy,12,-0.07297,0.03717,0.3148,0.2204,cost_idx_calib_yoy,ex_infl,cost_plus_ppi,K12_pdl,80,0.2214
packaging_eu_yoy,0,-0.2826,0.1327,-0.2826,0.1327,packaging_eu_yoy,full,cost_only,K6_unres,96,0.3008
packaging_eu_yoy,1,0.2393,0.2218,-0.04326,0.1067,packaging_eu_yoy,full,cost_only,K6_unres,96,0.3008
packaging_eu_yoy,2,-0.1613,0.1876,-0.2045,0.117,packaging_eu_yoy,full,cost_only,K6_unres,96,0.3008
packaging_eu_yoy,3,0.2819,0.21,0.07742,0.1142,packaging_eu_yoy,full,cost_only,K6_unres,96,0.3008
packaging_eu_yoy,4,-0.5321,0.2016,-0.4547,0.128,packaging_eu_yoy,full,cost_only,K6_unres,96,0.3008
packaging_eu_yoy,5,0.3596,0.2037,-0.09503,0.09925,packaging_eu_yoy,full,cost_only,K6_unres,96,0.3008
packaging_eu_yoy,6,-0.04428,0.1005,-0.1393,0.0295,packaging_eu_yoy,full,cost_only,K6_unres,96,0.3008
packaging_eu_yoy,0,-0.08495,0.02103,-0.08495,0.02103,packaging_eu_yoy,full,cost_only,K6_pdl,96,0.2655
packaging_eu_yoy,1,-0.04983,0.006269,-0.1348,0.02557,packaging_eu_yoy,full,cost_only,K6_pdl,96,0.2655
packaging_eu_yoy,2,-0.02236,0.009461,-0.1571,0.02167,packaging_eu_yoy,full,cost_only,K6_pdl,96,0.2655
packaging_eu_yoy,3,-0.002526,0.01287,-0.1597,0.01868,packaging_eu_yoy,full,cost_only,K6_pdl,96,0.2655
packaging_eu_yoy,4,0.009662,0.01085,-0.15,0.02034,packaging_eu_yoy,full,cost_only,K6_pdl,96,0.2655
packaging_eu_yoy,5,0.01421,0.008587,-0.1358,0.02028,packaging_eu_yoy,full,cost_only,K6_pdl,96,0.2655
packaging_eu_yoy,6,0.01111,0.02095,-0.1247,0.02457,packaging_eu_yoy,full,cost_only,K6_pdl,96,0.2655
packaging_eu_yoy,0,-0.2118,0.09513,-0.2118,0.09513,packaging_eu_yoy,full,cost_only,K6_ridge,96,0.2935
packaging_eu_yoy,1,0.05071,0.1188,-0.161,0.0465,packaging_eu_yoy,full,cost_only,K6_ridge,96,0.2935
packaging_eu_yoy,2,0.08344,0.07063,-0.07761,0.07134,packaging_eu_yoy,full,cost_only,K6_ridge,96,0.2935
packaging_eu_yoy,3,0.003717,0.1039,-0.07389,0.0618,packaging_eu_yoy,full,cost_only,K6_ridge,96,0.2935
packaging_eu_yoy,4,-0.1909,0.07639,-0.2648,0.06338,packaging_eu_yoy,full,cost_only,K6_ridge,96,0.2935
packaging_eu_yoy,5,0.075,0.1072,-0.1898,0.07534,packaging_eu_yoy,full,cost_only,K6_ridge,96,0.2935
packaging_eu_yoy,6,0.06074,0.07029,-0.129,0.02717,packaging_eu_yoy,full,cost_only,K6_ridge,96,0.2935
packaging_eu_yoy,0,-0.08574,0.01751,-0.08574,0.01751,packaging_eu_yoy,full,cost_only,K12_pdl,90,0.2791
packaging_eu_yoy,1,-0.04999,0.006261,-0.1357,0.02288,packaging_eu_yoy,full,cost_only,K12_pdl,90,0.2791
packaging_eu_yoy,2,-0.02379,0.005725,-0.1595,0.02183,packaging_eu_yoy,full,cost_only,K12_pdl,90,0.2791
packaging_eu_yoy,3,-0.005898,0.008037,-0.1654,0.01931,packaging_eu_yoy,full,cost_only,K12_pdl,90,0.2791
packaging_eu_yoy,4,0.004953,0.008091,-0.1605,0.01852,packaging_eu_yoy,full,cost_only,K12_pdl,90,0.2791
packaging_eu_yoy,5,0.01002,0.006518,-0.1504,0.01942,packaging_eu_yoy,full,cost_only,K12_pdl,90,0.2791
packaging_eu_yoy,6,0.01057,0.004872,-0.1399,0.02035,packaging_eu_yoy,full,cost_only,K12_pdl,90,0.2791
packaging_eu_yoy,7,0.007848,0.005017,-0.132,0.02089,packaging_eu_yoy,full,cost_only,K12_pdl,90,0.2791
packaging_eu_yoy,8,0.003127,0.006304,-0.1289,0.02207,packaging_eu_yoy,full,cost_only,K12_pdl,90,0.2791
packaging_eu_yoy,9,-0.002339,0.006977,-0.1312,0.02483,packaging_eu_yoy,full,cost_only,K12_pdl,90,0.2791
packaging_eu_yoy,10,-0.007288,0.007417,-0.1385,0.02883,packaging_eu_yoy,full,cost_only,K12_pdl,90,0.2791
packaging_eu_yoy,11,-0.01046,0.0118,-0.149,0.03469,packaging_eu_yoy,full,cost_only,K12_pdl,90,0.2791
packaging_eu_yoy,12,-0.0106,0.02317,-0.1596,0.04875,packaging_eu_yoy,full,cost_only,K12_pdl,90,0.2791
packaging_eu_yoy,0,-0.2796,0.1276,-0.2796,0.1276,packaging_eu_yoy,full,cost_plus_cpi,K6_unres,96,0.3917
packaging_eu_yoy,1,0.1964,0.2143,-0.08313,0.1164,packaging_eu_yoy,full,cost_plus_cpi,K6_unres,96,0.3917
packaging_eu_yoy,2,-0.1442,0.1692,-0.2273,0.1054,packaging_eu_yoy,full,cost_plus_cpi,K6_unres,96,0.3917
packaging_eu_yoy,3,0.235,0.1854,0.007634,0.1268,packaging_eu_yoy,full,cost_plus_cpi,K6_unres,96,0.3917
packaging_eu_yoy,4,-0.4422,0.217,-0.4345,0.1474,packaging_eu_yoy,full,cost_plus_cpi,K6_unres,96,0.3917
packaging_eu_yoy,5,0.5057,0.2734,0.07112,0.1856,packaging_eu_yoy,full,cost_plus_cpi,K6_unres,96,0.3917
packaging_eu_yoy,6,-0.1506,0.1786,-0.07945,0.09794,packaging_eu_yoy,full,cost_plus_cpi,K6_unres,96,0.3917
w_food_cpi_xvat_yoy,0,-0.1351,0.1271,-0.1351,0.1271,packaging_eu_yoy,full,cost_plus_cpi,K6_unres,96,0.3917
w_food_cpi_xvat_yoy,1,0.1505,0.2371,0.01547,0.2017,packaging_eu_yoy,full,cost_plus_cpi,K6_unres,96,0.3917
w_food_cpi_xvat_yoy,2,0.04447,0.1728,0.05994,0.107,packaging_eu_yoy,full,cost_plus_cpi,K6_unres,96,0.3917
w_food_cpi_xvat_yoy,3,0.06511,0.1709,0.125,0.1403,packaging_eu_yoy,full,cost_plus_cpi,K6_unres,96,0.3917
w_food_cpi_xvat_yoy,4,-0.6405,0.1627,-0.5154,0.1804,packaging_eu_yoy,full,cost_plus_cpi,K6_unres,96,0.3917
w_food_cpi_xvat_yoy,5,0.4139,0.188,-0.1016,0.2262,packaging_eu_yoy,full,cost_plus_cpi,K6_unres,96,0.3917
w_food_cpi_xvat_yoy,6,0.04192,0.1528,-0.05964,0.1235,packaging_eu_yoy,full,cost_plus_cpi,K6_unres,96,0.3917
packaging_eu_yoy,0,-0.1555,0.03893,-0.1555,0.03893,packaging_eu_yoy,full,cost_plus_cpi,K6_pdl,96,0.3149
packaging_eu_yoy,1,-0.0735,0.01401,-0.229,0.04538,packaging_eu_yoy,full,cost_plus_cpi,K6_pdl,96,0.3149
packaging_eu_yoy,2,-0.0135,0.02637,-0.2425,0.04131,packaging_eu_yoy,full,cost_plus_cpi,K6_pdl,96,0.3149
packaging_eu_yoy,3,0.02452,0.03392,-0.218,0.05094,packaging_eu_yoy,full,cost_plus_cpi,K6_pdl,96,0.3149
packaging_eu_yoy,4,0.04057,0.03034,-0.1774,0.0689,packaging_eu_yoy,full,cost_plus_cpi,K6_pdl,96,0.3149
packaging_eu_yoy,5,0.03464,0.02421,-0.1427,0.07729,packaging_eu_yoy,full,cost_plus_cpi,K6_pdl,96,0.3149
packaging_eu_yoy,6,0.006744,0.04418,-0.136,0.07646,packaging_eu_yoy,full,cost_plus_cpi,K6_pdl,96,0.3149
w_food_cpi_xvat_yoy,0,0.1094,0.05152,0.1094,0.05152,packaging_eu_yoy,full,cost_plus_cpi,K6_pdl,96,0.3149
w_food_cpi_xvat_yoy,1,0.003686,0.03045,0.113,0.07458,packaging_eu_yoy,full,cost_plus_cpi,K6_pdl,96,0.3149
w_food_cpi_xvat_yoy,2,-0.06071,0.03572,0.05233,0.08955,packaging_eu_yoy,full,cost_plus_cpi,K6_pdl,96,0.3149
w_food_cpi_xvat_yoy,3,-0.08382,0.03977,-0.03149,0.1077,packaging_eu_yoy,full,cost_plus_cpi,K6_pdl,96,0.3149
w_food_cpi_xvat_yoy,4,-0.06566,0.03357,-0.09715,0.1242,packaging_eu_yoy,full,cost_plus_cpi,K6_pdl,96,0.3149
w_food_cpi_xvat_yoy,5,-0.006226,0.02435,-0.1034,0.1269,packaging_eu_yoy,full,cost_plus_cpi,K6_pdl,96,0.3149
w_food_cpi_xvat_yoy,6,0.09449,0.04541,-0.00889,0.1111,packaging_eu_yoy,full,cost_plus_cpi,K6_pdl,96,0.3149
packaging_eu_yoy,0,-0.1031,0.02004,-0.1031,0.02004,packaging_eu_yoy,full,cost_plus_cpi,K6_ridge,96,0.301
packaging_eu_yoy,1,-0.06343,0.01151,-0.1666,0.02792,packaging_eu_yoy,full,cost_plus_cpi,K6_ridge,96,0.301
packaging_eu_yoy,2,-0.03014,0.01746,-0.1967,0.0337,packaging_eu_yoy,full,cost_plus_cpi,K6_ridge,96,0.301
packaging_eu_yoy,3,-0.006884,0.02223,-0.2036,0.04554,packaging_eu_yoy,full,cost_plus_cpi,K6_ridge,96,0.301
packaging_eu_yoy,4,0.009176,0.02186,-0.1944,0.05912,packaging_eu_yoy,full,cost_plus_cpi,K6_ridge,96,0.301
packaging_eu_yoy,5,0.02371,0.02335,-0.1707,0.0693,packaging_eu_yoy,full,cost_plus_cpi,K6_ridge,96,0.301
packaging_eu_yoy,6,0.03815,0.03477,-0.1325,0.08167,packaging_eu_yoy,full,cost_plus_cpi,K6_ridge,96,0.301
w_food_cpi_xvat_yoy,0,0.05741,0.0411,0.05741,0.0411,packaging_eu_yoy,full,cost_plus_cpi,K6_ridge,96,0.301
w_food_cpi_xvat_yoy,1,0.01664,0.02776,0.07406,0.06675,packaging_eu_yoy,full,cost_plus_cpi,K6_ridge,96,0.301
w_food_cpi_xvat_yoy,2,-0.01894,0.02596,0.05512,0.08393,packaging_eu_yoy,full,cost_plus_cpi,K6_ridge,96,0.301
w_food_cpi_xvat_yoy,3,-0.04005,0.02851,0.01507,0.09951,packaging_eu_yoy,full,cost_plus_cpi,K6_ridge,96,0.301
w_food_cpi_xvat_yoy,4,-0.03807,0.02596,-0.023,0.1132,packaging_eu_yoy,full,cost_plus_cpi,K6_ridge,96,0.301
w_food_cpi_xvat_yoy,5,-0.01157,0.02123,-0.03456,0.12,packaging_eu_yoy,full,cost_plus_cpi,K6_ridge,96,0.301
w_food_cpi_xvat_yoy,6,0.02542,0.02609,-0.009141,0.1186,packaging_eu_yoy,full,cost_plus_cpi,K6_ridge,96,0.301
packaging_eu_yoy,0,-0.1524,0.0299,-0.1524,0.0299,packaging_eu_yoy,full,cost_plus_cpi,K12_pdl,90,0.3999
packaging_eu_yoy,1,-0.08663,0.01529,-0.239,0.03987,packaging_eu_yoy,full,cost_plus_cpi,K12_pdl,90,0.3999
packaging_eu_yoy,2,-0.03794,0.0199,-0.2769,0.04484,packaging_eu_yoy,full,cost_plus_cpi,K12_pdl,90,0.3999
packaging_eu_yoy,3,-0.004548,0.02385,-0.2815,0.05431,packaging_eu_yoy,full,cost_plus_cpi,K12_pdl,90,0.3999
packaging_eu_yoy,4,0.01526,0.0243,-0.2662,0.06817,packaging_eu_yoy,full,cost_plus_cpi,K12_pdl,90,0.3999
packaging_eu_yoy,5,0.0232,0.02387,-0.243,0.08307,packaging_eu_yoy,full,cost_plus_cpi,K12_pdl,90,0.3999
packaging_eu_yoy,6,0.021,0.02507,-0.222,0.09787,packaging_eu_yoy,full,cost_plus_cpi,K12_pdl,90,0.3999
packaging_eu_yoy,7,0.01038,0.0277,-0.2116,0.1134,packaging_eu_yoy,full,cost_plus_cpi,K12_pdl,90,0.3999
packaging_eu_yoy,8,-0.006956,0.02923,-0.2186,0.1304,packaging_eu_yoy,full,cost_plus_cpi,K12_pdl,90,0.3999
packaging_eu_yoy,9,-0.02927,0.02714,-0.2479,0.1469,packaging_eu_yoy,full,cost_plus_cpi,K12_pdl,90,0.3999
packaging_eu_yoy,10,-0.05486,0.02172,-0.3027,0.159,packaging_eu_yoy,full,cost_plus_cpi,K12_pdl,90,0.3999
packaging_eu_yoy,11,-0.08199,0.02623,-0.3847,0.1631,packaging_eu_yoy,full,cost_plus_cpi,K12_pdl,90,0.3999
packaging_eu_yoy,12,-0.1089,0.05532,-0.4937,0.1662,packaging_eu_yoy,full,cost_plus_cpi,K12_pdl,90,0.3999
w_food_cpi_xvat_yoy,0,0.1086,0.05196,0.1086,0.05196,packaging_eu_yoy,full,cost_plus_cpi,K12_pdl,90,0.3999
w_food_cpi_xvat_yoy,1,0.02232,0.03369,0.1309,0.08219,packaging_eu_yoy,full,cost_plus_cpi,K12_pdl,90,0.3999
w_food_cpi_xvat_yoy,2,-0.02507,0.03067,0.1059,0.103,packaging_eu_yoy,full,cost_plus_cpi,K12_pdl,90,0.3999
w_food_cpi_xvat_yoy,3,-0.0412,0.03157,0.06466,0.1216,packaging_eu_yoy,full,cost_plus_cpi,K12_pdl,90,0.3999
w_food_cpi_xvat_yoy,4,-0.0337,0.03064,0.03095,0.1398,packaging_eu_yoy,full,cost_plus_cpi,K12_pdl,90,0.3999
w_food_cpi_xvat_yoy,5,-0.01021,0.02805,0.02074,0.1567,packaging_eu_yoy,full,cost_plus_cpi,K12_pdl,90,0.3999
w_food_cpi_xvat_yoy,6,0.02165,0.02603,0.0424,0.1709,packaging_eu_yoy,full,cost_plus_cpi,K12_pdl,90,0.3999
w_food_cpi_xvat_yoy,7,0.05426,0.02633,0.09665,0.182,packaging_eu_yoy,full,cost_plus_cpi,K12_pdl,90,0.3999
w_food_cpi_xvat_yoy,8,0.07997,0.0282,0.1766,0.1903,packaging_eu_yoy,full,cost_plus_cpi,K12_pdl,90,0.3999
w_food_cpi_xvat_yoy,9,0.09116,0.02935,0.2678,0.1957,packaging_eu_yoy,full,cost_plus_cpi,K12_pdl,90,0.3999
w_food_cpi_xvat_yoy,10,0.08021,0.02867,0.348,0.196,packaging_eu_yoy,full,cost_plus_cpi,K12_pdl,90,0.3999
w_food_cpi_xvat_yoy,11,0.03948,0.02996,0.3875,0.1874,packaging_eu_yoy,full,cost_plus_cpi,K12_pdl,90,0.3999
w_food_cpi_xvat_yoy,12,-0.03866,0.04404,0.3488,0.1667,packaging_eu_yoy,full,cost_plus_cpi,K12_pdl,90,0.3999
packaging_eu_yoy,0,-0.2952,0.1353,-0.2952,0.1353,packaging_eu_yoy,full,cost_plus_ppi,K6_unres,96,0.3315
packaging_eu_yoy,1,0.2017,0.2283,-0.09351,0.1229,packaging_eu_yoy,full,cost_plus_ppi,K6_unres,96,0.3315
packaging_eu_yoy,2,-0.1791,0.1938,-0.2726,0.1281,packaging_eu_yoy,full,cost_plus_ppi,K6_unres,96,0.3315
packaging_eu_yoy,3,0.3097,0.2176,0.03712,0.1419,packaging_eu_yoy,full,cost_plus_ppi,K6_unres,96,0.3315
packaging_eu_yoy,4,-0.4206,0.1952,-0.3835,0.1665,packaging_eu_yoy,full,cost_plus_ppi,K6_unres,96,0.3315
packaging_eu_yoy,5,0.2285,0.2561,-0.155,0.1673,packaging_eu_yoy,full,cost_plus_ppi,K6_unres,96,0.3315
packaging_eu_yoy,6,0.00351,0.1769,-0.1515,0.09795,packaging_eu_yoy,full,cost_plus_ppi,K6_unres,96,0.3315
w_food_ppi_yoy,0,-0.1267,0.155,-0.1267,0.155,packaging_eu_yoy,full,cost_plus_ppi,K6_unres,96,0.3315
w_food_ppi_yoy,1,0.4206,0.27,0.2938,0.1695,packaging_eu_yoy,full,cost_plus_ppi,K6_unres,96,0.3315
w_food_ppi_yoy,2,-0.3697,0.1882,-0.07592,0.1271,packaging_eu_yoy,full,cost_plus_ppi,K6_unres,96,0.3315
w_food_ppi_yoy,3,0.1831,0.1896,0.1072,0.1714,packaging_eu_yoy,full,cost_plus_ppi,K6_unres,96,0.3315
w_food_ppi_yoy,4,-0.3688,0.1718,-0.2616,0.1599,packaging_eu_yoy,full,cost_plus_ppi,K6_unres,96,0.3315
w_food_ppi_yoy,5,0.3979,0.2433,0.1362,0.1649,packaging_eu_yoy,full,cost_plus_ppi,K6_unres,96,0.3315
w_food_ppi_yoy,6,-0.141,0.1476,-0.004733,0.09577,packaging_eu_yoy,full,cost_plus_ppi,K6_unres,96,0.3315
packaging_eu_yoy,0,-0.1346,0.03956,-0.1346,0.03956,packaging_eu_yoy,full,cost_plus_ppi,K6_pdl,96,0.2863
packaging_eu_yoy,1,-0.07402,0.0216,-0.2086,0.048,packaging_eu_yoy,full,cost_plus_ppi,K6_pdl,96,0.2863
packaging_eu_yoy,2,-0.028,0.03789,-0.2366,0.05925,packaging_eu_yoy,full,cost_plus_ppi,K6_pdl,96,0.2863
packaging_eu_yoy,3,0.003477,0.04432,-0.2331,0.08878,packaging_eu_yoy,full,cost_plus_ppi,K6_pdl,96,0.2863
packaging_eu_yoy,4,0.02042,0.03578,-0.2127,0.1186,packaging_eu_yoy,full,cost_plus_ppi,K6_pdl,96,0.2863
packaging_eu_yoy,5,0.02282,0.01852,-0.1899,0.1301,packaging_eu_yoy,full,cost_plus_ppi,K6_pdl,96,0.2863
packaging_eu_yoy,6,0.01069,0.04298,-0.1792,0.1172,packaging_eu_yoy,full,cost_plus_ppi,K6_pdl,96,0.2863
w_food_ppi_yoy,0,0.07986,0.0502,0.07986,0.0502,packaging_eu_yoy,full,cost_plus_ppi,K6_pdl,96,0.2863
w_food_ppi_yoy,1,0.02299,0.035,0.1029,0.07998,packaging_eu_yoy,full,cost_plus_ppi,K6_pdl,96,0.2863
w_food_ppi_yoy,2,-0.01459,0.03502,0.08826,0.1026,packaging_eu_yoy,full,cost_plus_ppi,K6_pdl,96,0.2863
w_food_ppi_yoy,3,-0.03288,0.033,0.05539,0.1222,packaging_eu_yoy,full,cost_plus_ppi,K6_pdl,96,0.2863
w_food_ppi_yoy,4,-0.03187,0.02224,0.02352,0.1332,packaging_eu_yoy,full,cost_plus_ppi,K6_pdl,96,0.2863
w_food_ppi_yoy,5,-0.01157,0.01555,0.01195,0.1267,packaging_eu_yoy,full,cost_plus_ppi,K6_pdl,96,0.2863
w_food_ppi_yoy,6,0.02803,0.04741,0.03997,0.1026,packaging_eu_yoy,full,cost_plus_ppi,K6_pdl,96,0.2863
packaging_eu_yoy,0,-0.09469,0.0198,-0.09469,0.0198,packaging_eu_yoy,full,cost_plus_ppi,K6_ridge,96,0.2794
packaging_eu_yoy,1,-0.06804,0.02032,-0.1627,0.0393,packaging_eu_yoy,full,cost_plus_ppi,K6_ridge,96,0.2794
packaging_eu_yoy,2,-0.04346,0.02251,-0.2062,0.06008,packaging_eu_yoy,full,cost_plus_ppi,K6_ridge,96,0.2794
packaging_eu_yoy,3,-0.02171,0.02337,-0.2279,0.08128,packaging_eu_yoy,full,cost_plus_ppi,K6_ridge,96,0.2794
packaging_eu_yoy,4,-0.001337,0.02176,-0.2292,0.1003,packaging_eu_yoy,full,cost_plus_ppi,K6_ridge,96,0.2794
packaging_eu_yoy,5,0.01971,0.01966,-0.2095,0.1148,packaging_eu_yoy,full,cost_plus_ppi,K6_ridge,96,0.2794
packaging_eu_yoy,6,0.04146,0.02113,-0.1681,0.125,packaging_eu_yoy,full,cost_plus_ppi,K6_ridge,96,0.2794
w_food_ppi_yoy,0,0.04393,0.04216,0.04393,0.04216,packaging_eu_yoy,full,cost_plus_ppi,K6_ridge,96,0.2794
w_food_ppi_yoy,1,0.02521,0.03198,0.06915,0.07375,packaging_eu_yoy,full,cost_plus_ppi,K6_ridge,96,0.2794
w_food_ppi_yoy,2,0.007712,0.0235,0.07686,0.09571,packaging_eu_yoy,full,cost_plus_ppi,K6_ridge,96,0.2794
w_food_ppi_yoy,3,-0.005692,0.01678,0.07117,0.1091,packaging_eu_yoy,full,cost_plus_ppi,K6_ridge,96,0.2794
w_food_ppi_yoy,4,-0.01303,0.01196,0.05813,0.1148,packaging_eu_yoy,full,cost_plus_ppi,K6_ridge,96,0.2794
w_food_ppi_yoy,5,-0.01475,0.01237,0.04339,0.1139,packaging_eu_yoy,full,cost_plus_ppi,K6_ridge,96,0.2794
w_food_ppi_yoy,6,-0.01387,0.0185,0.02951,0.1083,packaging_eu_yoy,full,cost_plus_ppi,K6_ridge,96,0.2794
packaging_eu_yoy,0,-0.1649,0.04591,-0.1649,0.04591,packaging_eu_yoy,full,cost_plus_ppi,K12_pdl,90,0.3898
packaging_eu_yoy,1,-0.09951,0.02955,-0.2644,0.07297,packaging_eu_yoy,full,cost_plus_ppi,K12_pdl,90,0.3898
packaging_eu_yoy,2,-0.05141,0.02585,-0.3158,0.09242,packaging_eu_yoy,full,cost_plus_ppi,K12_pdl,90,0.3898
packaging_eu_yoy,3,-0.01886,0.02499,-0.3347,0.1103,packaging_eu_yoy,full,cost_plus_ppi,K12_pdl,90,0.3898
packaging_eu_yoy,4,-0.0001058,0.02285,-0.3348,0.1283,packaging_eu_yoy,full,cost_plus_ppi,K12_pdl,90,0.3898
packaging_eu_yoy,5,0.006593,0.02086,-0.3282,0.146,packaging_eu_yoy,full,cost_plus_ppi,K12_pdl,90,0.3898
packaging_eu_yoy,6,0.00298,0.02199,-0.3252,0.1637,packaging_eu_yoy,full,cost_plus_ppi,K12_pdl,90,0.3898
packaging_eu_yoy,7,-0.009199,0.02634,-0.3344,0.1824,packaging_eu_yoy,full,cost_plus_ppi,K12_pdl,90,0.3898
packaging_eu_yoy,8,-0.0282,0.03106,-0.3626,0.2029,packaging_eu_yoy,full,cost_plus_ppi,K12_pdl,90,0.3898
packaging_eu_yoy,9,-0.05228,0.03377,-0.4149,0.2249,packaging_eu_yoy,full,cost_plus_ppi,K12_pdl,90,0.3898
packaging_eu_yoy,10,-0.0797,0.03449,-0.4946,0.2457,packaging_eu_yoy,full,cost_plus_ppi,K12_pdl,90,0.3898
packaging_eu_yoy,11,-0.1087,0.03866,-0.6033,0.2624,packaging_eu_yoy,full,cost_plus_ppi,K12_pdl,90,0.3898
packaging_eu_yoy,12,-0.1376,0.05691,-0.7409,0.2756,packaging_eu_yoy,full,cost_plus_ppi,K12_pdl,90,0.3898
w_food_ppi_yoy,0,0.1109,0.06857,0.1109,0.06857,packaging_eu_yoy,full,cost_plus_ppi,K12_pdl,90,0.3898
w_food_ppi_yoy,1,0.03971,0.03977,0.1506,0.1072,packaging_eu_yoy,full,cost_plus_ppi,K12_pdl,90,0.3898
w_food_ppi_yoy,2,-0.001123,0.02449,0.1495,0.1279,packaging_eu_yoy,full,cost_plus_ppi,K12_pdl,90,0.3898
w_food_ppi_yoy,3,-0.0173,0.01807,0.1322,0.139,packaging_eu_yoy,full,cost_plus_ppi,K12_pdl,90,0.3898
w_food_ppi_yoy,4,-0.01451,0.01573,0.1177,0.1462,packaging_eu_yoy,full,cost_plus_ppi,K12_pdl,90,0.3898
w_food_ppi_yoy,5,0.001559,0.01719,0.1192,0.1531,packaging_eu_yoy,full,cost_plus_ppi,K12_pdl,90,0.3898
w_food_ppi_yoy,6,0.02522,0.02274,0.1444,0.1629,packaging_eu_yoy,full,cost_plus_ppi,K12_pdl,90,0.3898
w_food_ppi_yoy,7,0.05078,0.02963,0.1952,0.1778,packaging_eu_yoy,full,cost_plus_ppi,K12_pdl,90,0.3898
w_food_ppi_yoy,8,0.07256,0.03466,0.2678,0.1979,packaging_eu_yoy,full,cost_plus_ppi,K12_pdl,90,0.3898
w_food_ppi_yoy,9,0.08486,0.03534,0.3526,0.2197,packaging_eu_yoy,full,cost_plus_ppi,K12_pdl,90,0.3898
w_food_ppi_yoy,10,0.08201,0.03048,0.4346,0.2362,packaging_eu_yoy,full,cost_plus_ppi,K12_pdl,90,0.3898
w_food_ppi_yoy,11,0.0583,0.02556,0.4929,0.2376,packaging_eu_yoy,full,cost_plus_ppi,K12_pdl,90,0.3898
w_food_ppi_yoy,12,0.008052,0.04264,0.501,0.2138,packaging_eu_yoy,full,cost_plus_ppi,K12_pdl,90,0.3898
packaging_eu_yoy,0,-0.2541,0.1795,-0.2541,0.1795,packaging_eu_yoy,ex_infl,cost_only,K6_unres,86,0.1681
packaging_eu_yoy,1,0.1065,0.2493,-0.1476,0.1491,packaging_eu_yoy,ex_infl,cost_only,K6_unres,86,0.1681
packaging_eu_yoy,2,-0.04886,0.2153,-0.1965,0.1405,packaging_eu_yoy,ex_infl,cost_only,K6_unres,86,0.1681
packaging_eu_yoy,3,0.3074,0.2522,0.111,0.1774,packaging_eu_yoy,ex_infl,cost_only,K6_unres,86,0.1681
packaging_eu_yoy,4,-0.5566,0.2213,-0.4457,0.2296,packaging_eu_yoy,ex_infl,cost_only,K6_unres,86,0.1681
packaging_eu_yoy,5,0.3593,0.2471,-0.08634,0.1341,packaging_eu_yoy,ex_infl,cost_only,K6_unres,86,0.1681
packaging_eu_yoy,6,-0.02177,0.1532,-0.1081,0.157,packaging_eu_yoy,ex_infl,cost_only,K6_unres,86,0.1681
packaging_eu_yoy,0,-0.08842,0.05471,-0.08842,0.05471,packaging_eu_yoy,ex_infl,cost_only,K6_pdl,86,0.1294
packaging_eu_yoy,1,-0.05171,0.02795,-0.1401,0.08074,packaging_eu_yoy,ex_infl,cost_only,K6_pdl,86,0.1294
packaging_eu_yoy,2,-0.02225,0.02066,-0.1624,0.0911,packaging_eu_yoy,ex_infl,cost_only,K6_pdl,86,0.1294
packaging_eu_yoy,3,-2.846e-05,0.02338,-0.1624,0.0979,packaging_eu_yoy,ex_infl,cost_only,K6_pdl,86,0.1294
packaging_eu_yoy,4,0.01495,0.02229,-0.1475,0.1085,packaging_eu_yoy,ex_infl,cost_only,K6_pdl,86,0.1294
packaging_eu_yoy,5,0.0227,0.01922,-0.1248,0.1244,packaging_eu_yoy,ex_infl,cost_only,K6_pdl,86,0.1294
packaging_eu_yoy,6,0.0232,0.03156,-0.1016,0.1486,packaging_eu_yoy,ex_infl,cost_only,K6_pdl,86,0.1294
packaging_eu_yoy,0,-0.07006,0.03114,-0.07006,0.03114,packaging_eu_yoy,ex_infl,cost_only,K6_ridge,86,0.1283
packaging_eu_yoy,1,-0.04647,0.02405,-0.1165,0.05471,packaging_eu_yoy,ex_infl,cost_only,K6_ridge,86,0.1283
packaging_eu_yoy,2,-0.025,0.02013,-0.1415,0.07308,packaging_eu_yoy,ex_infl,cost_only,K6_ridge,86,0.1283
packaging_eu_yoy,3,-0.007071,0.01901,-0.1486,0.08907,packaging_eu_yoy,ex_infl,cost_only,K6_ridge,86,0.1283
packaging_eu_yoy,4,0.008017,0.01883,-0.1406,0.1046,packaging_eu_yoy,ex_infl,cost_only,K6_ridge,86,0.1283
packaging_eu_yoy,5,0.02228,0.01933,-0.1183,0.1208,packaging_eu_yoy,ex_infl,cost_only,K6_ridge,86,0.1283
packaging_eu_yoy,6,0.03639,0.02126,-0.08191,0.1383,packaging_eu_yoy,ex_infl,cost_only,K6_ridge,86,0.1283
packaging_eu_yoy,0,-0.1026,0.04809,-0.1026,0.04809,packaging_eu_yoy,ex_infl,cost_only,K12_pdl,80,0.1417
packaging_eu_yoy,1,-0.0575,0.03202,-0.1601,0.07893,packaging_eu_yoy,ex_infl,cost_only,K12_pdl,80,0.1417
packaging_eu_yoy,2,-0.02496,0.02454,-0.1851,0.09981,packaging_eu_yoy,ex_infl,cost_only,K12_pdl,80,0.1417
packaging_eu_yoy,3,-0.00324,0.02151,-0.1883,0.1157,packaging_eu_yoy,ex_infl,cost_only,K12_pdl,80,0.1417
packaging_eu_yoy,4,0.009399,0.01904,-0.1789,0.1291,packaging_eu_yoy,ex_infl,cost_only,K12_pdl,80,0.1417
packaging_eu_yoy,5,0.01469,0.01575,-0.1642,0.1408,packaging_eu_yoy,ex_infl,cost_only,K12_pdl,80,0.1417
packaging_eu_yoy,6,0.01438,0.0121,-0.1498,0.151,packaging_eu_yoy,ex_infl,cost_only,K12_pdl,80,0.1417
packaging_eu_yoy,7,0.01019,0.009505,-0.1397,0.1597,packaging_eu_yoy,ex_infl,cost_only,K12_pdl,80,0.1417
packaging_eu_yoy,8,0.003862,0.009044,-0.1358,0.167,packaging_eu_yoy,ex_infl,cost_only,K12_pdl,80,0.1417
packaging_eu_yoy,9,-0.002861,0.009485,-0.1387,0.1731,packaging_eu_yoy,ex_infl,cost_only,K12_pdl,80,0.1417
packaging_eu_yoy,10,-0.008245,0.009259,-0.1469,0.1779,packaging_eu_yoy,ex_infl,cost_only,K12_pdl,80,0.1417
packaging_eu_yoy,11,-0.01055,0.01059,-0.1575,0.1808,packaging_eu_yoy,ex_infl,cost_only,K12_pdl,80,0.1417
packaging_eu_yoy,12,-0.00805,0.01977,-0.1655,0.182,packaging_eu_yoy,ex_infl,cost_only,K12_pdl,80,0.1417
packaging_eu_yoy,0,-0.2723,0.1819,-0.2723,0.1819,packaging_eu_yoy,ex_infl,cost_plus_cpi,K6_unres,86,0.2784
packaging_eu_yoy,1,0.1944,0.2704,-0.07797,0.1653,packaging_eu_yoy,ex_infl,cost_plus_cpi,K6_unres,86,0.2784
packaging_eu_yoy,2,-0.1387,0.2099,-0.2167,0.1368,packaging_eu_yoy,ex_infl,cost_plus_cpi,K6_unres,86,0.2784
packaging_eu_yoy,3,0.2276,0.1788,0.01091,0.1657,packaging_eu_yoy,ex_infl,cost_plus_cpi,K6_unres,86,0.2784
packaging_eu_yoy,4,-0.5127,0.2129,-0.5018,0.2025,packaging_eu_yoy,ex_infl,cost_plus_cpi,K6_unres,86,0.2784
packaging_eu_yoy,5,0.6228,0.2813,0.1211,0.2353,packaging_eu_yoy,ex_infl,cost_plus_cpi,K6_unres,86,0.2784
packaging_eu_yoy,6,-0.2,0.1994,-0.07897,0.1738,packaging_eu_yoy,ex_infl,cost_plus_cpi,K6_unres,86,0.2784
w_food_cpi_xvat_yoy,0,-0.136,0.1789,-0.136,0.1789,packaging_eu_yoy,ex_infl,cost_plus_cpi,K6_unres,86,0.2784
w_food_cpi_xvat_yoy,1,0.3466,0.2748,0.2106,0.1974,packaging_eu_yoy,ex_infl,cost_plus_cpi,K6_unres,86,0.2784
w_food_cpi_xvat_yoy,2,-0.08672,0.1752,0.1239,0.1548,packaging_eu_yoy,ex_infl,cost_plus_cpi,K6_unres,86,0.2784
w_food_cpi_xvat_yoy,3,-0.002738,0.1888,0.1212,0.1755,packaging_eu_yoy,ex_infl,cost_plus_cpi,K6_unres,86,0.2784
w_food_cpi_xvat_yoy,4,-0.5942,0.1805,-0.473,0.2085,packaging_eu_yoy,ex_infl,cost_plus_cpi,K6_unres,86,0.2784
w_food_cpi_xvat_yoy,5,0.4763,0.2133,0.003304,0.2186,packaging_eu_yoy,ex_infl,cost_plus_cpi,K6_unres,86,0.2784
w_food_cpi_xvat_yoy,6,-0.008406,0.1792,-0.005102,0.1504,packaging_eu_yoy,ex_infl,cost_plus_cpi,K6_unres,86,0.2784
packaging_eu_yoy,0,-0.1456,0.06751,-0.1456,0.06751,packaging_eu_yoy,ex_infl,cost_plus_cpi,K6_pdl,86,0.2043
packaging_eu_yoy,1,-0.06903,0.03576,-0.2146,0.09869,packaging_eu_yoy,ex_infl,cost_plus_cpi,K6_pdl,86,0.2043
packaging_eu_yoy,2,-0.01197,0.03207,-0.2266,0.112,packaging_eu_yoy,ex_infl,cost_plus_cpi,K6_pdl,86,0.2043
packaging_eu_yoy,3,0.02557,0.03558,-0.201,0.1218,packaging_eu_yoy,ex_infl,cost_plus_cpi,K6_pdl,86,0.2043
packaging_eu_yoy,4,0.04361,0.03098,-0.1574,0.1317,packaging_eu_yoy,ex_infl,cost_plus_cpi,K6_pdl,86,0.2043
packaging_eu_yoy,5,0.04213,0.02425,-0.1153,0.1373,packaging_eu_yoy,ex_infl,cost_plus_cpi,K6_pdl,86,0.2043
packaging_eu_yoy,6,0.02114,0.04627,-0.09415,0.1421,packaging_eu_yoy,ex_infl,cost_plus_cpi,K6_pdl,86,0.2043
w_food_cpi_xvat_yoy,0,0.1474,0.07565,0.1474,0.07565,packaging_eu_yoy,ex_infl,cost_plus_cpi,K6_pdl,86,0.2043
w_food_cpi_xvat_yoy,1,0.0127,0.03958,0.1601,0.1095,packaging_eu_yoy,ex_infl,cost_plus_cpi,K6_pdl,86,0.2043
w_food_cpi_xvat_yoy,2,-0.07016,0.03739,0.08997,0.1228,packaging_eu_yoy,ex_infl,cost_plus_cpi,K6_pdl,86,0.2043
w_food_cpi_xvat_yoy,3,-0.1011,0.04361,-0.01117,0.1328,packaging_eu_yoy,ex_infl,cost_plus_cpi,K6_pdl,86,0.2043
w_food_cpi_xvat_yoy,4,-0.08024,0.04006,-0.09141,0.1437,packaging_eu_yoy,ex_infl,cost_plus_cpi,K6_pdl,86,0.2043
w_food_cpi_xvat_yoy,5,-0.007461,0.02952,-0.09887,0.1473,packaging_eu_yoy,ex_infl,cost_plus_cpi,K6_pdl,86,0.2043
w_food_cpi_xvat_yoy,6,0.1172,0.04369,0.01833,0.1381,packaging_eu_yoy,ex_infl,cost_plus_cpi,K6_pdl,86,0.2043
packaging_eu_yoy,0,-0.07972,0.04827,-0.07972,0.04827,packaging_eu_yoy,ex_infl,cost_plus_cpi,K6_ridge,86,0.153
packaging_eu_yoy,1,-0.05435,0.03655,-0.1341,0.08436,packaging_eu_yoy,ex_infl,cost_plus_cpi,K6_ridge,86,0.153
packaging_eu_yoy,2,-0.03071,0.02801,-0.1648,0.1103,packaging_eu_yoy,ex_infl,cost_plus_cpi,K6_ridge,86,0.153
packaging_eu_yoy,3,-0.009991,0.02315,-0.1748,0.1286,packaging_eu_yoy,ex_infl,cost_plus_cpi,K6_ridge,86,0.153
packaging_eu_yoy,4,0.00843,0.02121,-0.1663,0.1406,packaging_eu_yoy,ex_infl,cost_plus_cpi,K6_ridge,86,0.153
packaging_eu_yoy,5,0.02624,0.02372,-0.1401,0.1474,packaging_eu_yoy,ex_infl,cost_plus_cpi,K6_ridge,86,0.153
packaging_eu_yoy,6,0.04389,0.03192,-0.09623,0.152,packaging_eu_yoy,ex_infl,cost_plus_cpi,K6_ridge,86,0.153
w_food_cpi_xvat_yoy,0,0.03729,0.05137,0.03729,0.05137,packaging_eu_yoy,ex_infl,cost_plus_cpi,K6_ridge,86,0.153
w_food_cpi_xvat_yoy,1,0.01295,0.03698,0.05024,0.08757,packaging_eu_yoy,ex_infl,cost_plus_cpi,K6_ridge,86,0.153
w_food_cpi_xvat_yoy,2,-0.0075,0.02784,0.04274,0.1116,packaging_eu_yoy,ex_infl,cost_plus_cpi,K6_ridge,86,0.153
w_food_cpi_xvat_yoy,3,-0.01894,0.02515,0.02379,0.1274,packaging_eu_yoy,ex_infl,cost_plus_cpi,K6_ridge,86,0.153
w_food_cpi_xvat_yoy,4,-0.01842,0.02534,0.005376,0.1381,packaging_eu_yoy,ex_infl,cost_plus_cpi,K6_ridge,86,0.153
w_food_cpi_xvat_yoy,5,-0.006955,0.02671,-0.001579,0.1455,packaging_eu_yoy,ex_infl,cost_plus_cpi,K6_ridge,86,0.153
w_food_cpi_xvat_yoy,6,0.009201,0.03085,0.007622,0.1514,packaging_eu_yoy,ex_infl,cost_plus_cpi,K6_ridge,86,0.153
packaging_eu_yoy,0,-0.1772,0.06016,-0.1772,0.06016,packaging_eu_yoy,ex_infl,cost_plus_cpi,K12_pdl,80,0.3487
packaging_eu_yoy,1,-0.09375,0.03425,-0.271,0.09254,packaging_eu_yoy,ex_infl,cost_plus_cpi,K12_pdl,80,0.3487
packaging_eu_yoy,2,-0.03286,0.02208,-0.3038,0.1076,packaging_eu_yoy,ex_infl,cost_plus_cpi,K12_pdl,80,0.3487
packaging_eu_yoy,3,0.0079,0.01917,-0.2959,0.1127,packaging_eu_yoy,ex_infl,cost_plus_cpi,K12_pdl,80,0.3487
packaging_eu_yoy,4,0.03094,0.01967,-0.265,0.1127,packaging_eu_yoy,ex_infl,cost_plus_cpi,K12_pdl,80,0.3487
packaging_eu_yoy,5,0.03867,0.02177,-0.2263,0.1112,packaging_eu_yoy,ex_infl,cost_plus_cpi,K12_pdl,80,0.3487
packaging_eu_yoy,6,0.03352,0.02511,-0.1928,0.1123,packaging_eu_yoy,ex_infl,cost_plus_cpi,K12_pdl,80,0.3487
packaging_eu_yoy,7,0.01791,0.02813,-0.1749,0.1194,packaging_eu_yoy,ex_infl,cost_plus_cpi,K12_pdl,80,0.3487
packaging_eu_yoy,8,-0.005754,0.02853,-0.1806,0.1331,packaging_eu_yoy,ex_infl,cost_plus_cpi,K12_pdl,80,0.3487
packaging_eu_yoy,9,-0.03505,0.0247,-0.2157,0.1494,packaging_eu_yoy,ex_infl,cost_plus_cpi,K12_pdl,80,0.3487
packaging_eu_yoy,10,-0.06755,0.02017,-0.2832,0.1627,packaging_eu_yoy,ex_infl,cost_plus_cpi,K12_pdl,80,0.3487
packaging_eu_yoy,11,-0.1009,0.03391,-0.3841,0.1707,packaging_eu_yoy,ex_infl,cost_plus_cpi,K12_pdl,80,0.3487
packaging_eu_yoy,12,-0.1325,0.07096,-0.5166,0.1877,packaging_eu_yoy,ex_infl,cost_plus_cpi,K12_pdl,80,0.3487
w_food_cpi_xvat_yoy,0,0.1906,0.07224,0.1906,0.07224,packaging_eu_yoy,ex_infl,cost_plus_cpi,K12_pdl,80,0.3487
w_food_cpi_xvat_yoy,1,0.05808,0.03711,0.2487,0.106,packaging_eu_yoy,ex_infl,cost_plus_cpi,K12_pdl,80,0.3487
w_food_cpi_xvat_yoy,2,-0.01854,0.0292,0.2301,0.1199,packaging_eu_yoy,ex_infl,cost_plus_cpi,K12_pdl,80,0.3487
w_food_cpi_xvat_yoy,3,-0.04989,0.03344,0.1802,0.1286,packaging_eu_yoy,ex_infl,cost_plus_cpi,K12_pdl,80,0.3487
w_food_cpi_xvat_yoy,4,-0.04661,0.03442,0.1336,0.14,packaging_eu_yoy,ex_infl,cost_plus_cpi,K12_pdl,80,0.3487
w_food_cpi_xvat_yoy,5,-0.01934,0.03057,0.1143,0.1545,packaging_eu_yoy,ex_infl,cost_plus_cpi,K12_pdl,80,0.3487
w_food_cpi_xvat_yoy,6,0.0213,0.02492,0.1356,0.1691,packaging_eu_yoy,ex_infl,cost_plus_cpi,K12_pdl,80,0.3487
w_food_cpi_xvat_yoy,7,0.06466,0.02261,0.2002,0.1817,packaging_eu_yoy,ex_infl,cost_plus_cpi,K12_pdl,80,0.3487
w_food_cpi_xvat_yoy,8,0.1001,0.0263,0.3004,0.1923,packaging_eu_yoy,ex_infl,cost_plus_cpi,K12_pdl,80,0.3487
w_food_cpi_xvat_yoy,9,0.117,0.03204,0.4174,0.2022,packaging_eu_yoy,ex_infl,cost_plus_cpi,K12_pdl,80,0.3487
w_food_cpi_xvat_yoy,10,0.1048,0.03569,0.5222,0.2115,packaging_eu_yoy,ex_infl,cost_plus_cpi,K12_pdl,80,0.3487
w_food_cpi_xvat_yoy,11,0.05271,0.03676,0.5749,0.2175,packaging_eu_yoy,ex_infl,cost_plus_cpi,K12_pdl,80,0.3487
w_food_cpi_xvat_yoy,12,-0.04979,0.04199,0.5251,0.2153,packaging_eu_yoy,ex_infl,cost_plus_cpi,K12_pdl,80,0.3487
packaging_eu_yoy,0,-0.3575,0.1818,-0.3575,0.1818,packaging_eu_yoy,ex_infl,cost_plus_ppi,K6_unres,86,0.219
packaging_eu_yoy,1,0.2873,0.3002,-0.07022,0.1751,packaging_eu_yoy,ex_infl,cost_plus_ppi,K6_unres,86,0.219
packaging_eu_yoy,2,-0.1726,0.2632,-0.2428,0.1442,packaging_eu_yoy,ex_infl,cost_plus_ppi,K6_unres,86,0.219
packaging_eu_yoy,3,0.2584,0.2452,0.01566,0.1873,packaging_eu_yoy,ex_infl,cost_plus_ppi,K6_unres,86,0.219
packaging_eu_yoy,4,-0.3991,0.1957,-0.3835,0.2232,packaging_eu_yoy,ex_infl,cost_plus_ppi,K6_unres,86,0.219
packaging_eu_yoy,5,0.2684,0.2767,-0.1151,0.1633,packaging_eu_yoy,ex_infl,cost_plus_ppi,K6_unres,86,0.219
packaging_eu_yoy,6,-0.02835,0.1909,-0.1434,0.1506,packaging_eu_yoy,ex_infl,cost_plus_ppi,K6_unres,86,0.219
w_food_ppi_yoy,0,-0.2281,0.2683,-0.2281,0.2683,packaging_eu_yoy,ex_infl,cost_plus_ppi,K6_unres,86,0.219
w_food_ppi_yoy,1,0.6571,0.3582,0.429,0.1952,packaging_eu_yoy,ex_infl,cost_plus_ppi,K6_unres,86,0.219
w_food_ppi_yoy,2,-0.4198,0.2526,0.009182,0.1526,packaging_eu_yoy,ex_infl,cost_plus_ppi,K6_unres,86,0.219
w_food_ppi_yoy,3,0.08139,0.2073,0.09057,0.1664,packaging_eu_yoy,ex_infl,cost_plus_ppi,K6_unres,86,0.219
w_food_ppi_yoy,4,-0.432,0.2401,-0.3414,0.1621,packaging_eu_yoy,ex_infl,cost_plus_ppi,K6_unres,86,0.219
w_food_ppi_yoy,5,0.5683,0.2589,0.2269,0.2004,packaging_eu_yoy,ex_infl,cost_plus_ppi,K6_unres,86,0.219
w_food_ppi_yoy,6,-0.1956,0.155,0.0313,0.09532,packaging_eu_yoy,ex_infl,cost_plus_ppi,K6_unres,86,0.219
packaging_eu_yoy,0,-0.1325,0.05998,-0.1325,0.05998,packaging_eu_yoy,ex_infl,cost_plus_ppi,K6_pdl,86,0.1556
packaging_eu_yoy,1,-0.06792,0.04243,-0.2004,0.09435,packaging_eu_yoy,ex_infl,cost_plus_ppi,K6_pdl,86,0.1556
packaging_eu_yoy,2,-0.01955,0.04779,-0.2199,0.1244,packaging_eu_yoy,ex_infl,cost_plus_ppi,K6_pdl,86,0.1556
packaging_eu_yoy,3,0.01266,0.04939,-0.2073,0.1574,packaging_eu_yoy,ex_infl,cost_plus_ppi,K6_pdl,86,0.1556
packaging_eu_yoy,4,0.0287,0.0381,-0.1786,0.1854,packaging_eu_yoy,ex_infl,cost_plus_ppi,K6_pdl,86,0.1556
packaging_eu_yoy,5,0.02857,0.01707,-0.15,0.1956,packaging_eu_yoy,ex_infl,cost_plus_ppi,K6_pdl,86,0.1556
packaging_eu_yoy,6,0.01227,0.04152,-0.1377,0.1817,packaging_eu_yoy,ex_infl,cost_plus_ppi,K6_pdl,86,0.1556
w_food_ppi_yoy,0,0.09406,0.06034,0.09406,0.06034,packaging_eu_yoy,ex_infl,cost_plus_ppi,K6_pdl,86,0.1556
w_food_ppi_yoy,1,0.02459,0.03788,0.1186,0.09357,packaging_eu_yoy,ex_infl,cost_plus_ppi,K6_pdl,86,0.1556
w_food_ppi_yoy,2,-0.0203,0.03386,0.09835,0.1136,packaging_eu_yoy,ex_infl,cost_plus_ppi,K6_pdl,86,0.1556
w_food_ppi_yoy,3,-0.04059,0.0317,0.05776,0.1272,packaging_eu_yoy,ex_infl,cost_plus_ppi,K6_pdl,86,0.1556
w_food_ppi_yoy,4,-0.03629,0.02279,0.02147,0.132,packaging_eu_yoy,ex_infl,cost_plus_ppi,K6_pdl,86,0.1556
w_food_ppi_yoy,5,-0.007398,0.02185,0.01407,0.1211,packaging_eu_yoy,ex_infl,cost_plus_ppi,K6_pdl,86,0.1556
w_food_ppi_yoy,6,0.04608,0.0543,0.06016,0.09995,packaging_eu_yoy,ex_infl,cost_plus_ppi,K6_pdl,86,0.1556
packaging_eu_yoy,0,-0.08997,0.05114,-0.08997,0.05114,packaging_eu_yoy,ex_infl,cost_plus_ppi,K6_ridge,86,0.1418
packaging_eu_yoy,1,-0.06328,0.04279,-0.1533,0.09352,packaging_eu_yoy,ex_infl,cost_plus_ppi,K6_ridge,86,0.1418
packaging_eu_yoy,2,-0.03828,0.0363,-0.1915,0.1284,packaging_eu_yoy,ex_infl,cost_plus_ppi,K6_ridge,86,0.1418
packaging_eu_yoy,3,-0.01594,0.03061,-0.2075,0.1565,packaging_eu_yoy,ex_infl,cost_plus_ppi,K6_ridge,86,0.1418
packaging_eu_yoy,4,0.004588,0.02428,-0.2029,0.1767,packaging_eu_yoy,ex_infl,cost_plus_ppi,K6_ridge,86,0.1418
packaging_eu_yoy,5,0.02511,0.01883,-0.1778,0.1878,packaging_eu_yoy,ex_infl,cost_plus_ppi,K6_ridge,86,0.1418
packaging_eu_yoy,6,0.04588,0.01997,-0.1319,0.1897,packaging_eu_yoy,ex_infl,cost_plus_ppi,K6_ridge,86,0.1418
w_food_ppi_yoy,0,0.04122,0.04997,0.04122,0.04997,packaging_eu_yoy,ex_infl,cost_plus_ppi,K6_ridge,86,0.1418
w_food_ppi_yoy,1,0.02263,0.03705,0.06385,0.08675,packaging_eu_yoy,ex_infl,cost_plus_ppi,K6_ridge,86,0.1418
w_food_ppi_yoy,2,0.005998,0.02538,0.06985,0.1109,packaging_eu_yoy,ex_infl,cost_plus_ppi,K6_ridge,86,0.1418
w_food_ppi_yoy,3,-0.005686,0.01604,0.06416,0.1233,packaging_eu_yoy,ex_infl,cost_plus_ppi,K6_ridge,86,0.1418
w_food_ppi_yoy,4,-0.01071,0.0131,0.05345,0.1251,packaging_eu_yoy,ex_infl,cost_plus_ppi,K6_ridge,86,0.1418
w_food_ppi_yoy,5,-0.01001,0.01958,0.04344,0.1186,packaging_eu_yoy,ex_infl,cost_plus_ppi,K6_ridge,86,0.1418
w_food_ppi_yoy,6,-0.006964,0.03009,0.03648,0.1083,packaging_eu_yoy,ex_infl,cost_plus_ppi,K6_ridge,86,0.1418
packaging_eu_yoy,0,-0.1698,0.06462,-0.1698,0.06462,packaging_eu_yoy,ex_infl,cost_plus_ppi,K12_pdl,80,0.2965
packaging_eu_yoy,1,-0.09493,0.0408,-0.2647,0.1038,packaging_eu_yoy,ex_infl,cost_plus_ppi,K12_pdl,80,0.2965
packaging_eu_yoy,2,-0.04086,0.02967,-0.3056,0.1284,packaging_eu_yoy,ex_infl,cost_plus_ppi,K12_pdl,80,0.2965
packaging_eu_yoy,3,-0.005324,0.02491,-0.3109,0.1458,packaging_eu_yoy,ex_infl,cost_plus_ppi,K12_pdl,80,0.2965
packaging_eu_yoy,4,0.01397,0.02141,-0.297,0.1599,packaging_eu_yoy,ex_infl,cost_plus_ppi,K12_pdl,80,0.2965
packaging_eu_yoy,5,0.01929,0.01893,-0.2777,0.1726,packaging_eu_yoy,ex_infl,cost_plus_ppi,K12_pdl,80,0.2965
packaging_eu_yoy,6,0.01293,0.01998,-0.2647,0.1855,packaging_eu_yoy,ex_infl,cost_plus_ppi,K12_pdl,80,0.2965
packaging_eu_yoy,7,-0.002843,0.02465,-0.2676,0.2,packaging_eu_yoy,ex_infl,cost_plus_ppi,K12_pdl,80,0.2965
packaging_eu_yoy,8,-0.02573,0.02994,-0.2933,0.2177,packaging_eu_yoy,ex_infl,cost_plus_ppi,K12_pdl,80,0.2965
packaging_eu_yoy,9,-0.05347,0.03335,-0.3468,0.2382,packaging_eu_yoy,ex_infl,cost_plus_ppi,K12_pdl,80,0.2965
packaging_eu_yoy,10,-0.08376,0.03459,-0.4306,0.2591,packaging_eu_yoy,ex_infl,cost_plus_ppi,K12_pdl,80,0.2965
packaging_eu_yoy,11,-0.1143,0.03798,-0.5449,0.277,packaging_eu_yoy,ex_infl,cost_plus_ppi,K12_pdl,80,0.2965
packaging_eu_yoy,12,-0.1429,0.05361,-0.6878,0.291,packaging_eu_yoy,ex_infl,cost_plus_ppi,K12_pdl,80,0.2965
w_food_ppi_yoy,0,0.1178,0.08709,0.1178,0.08709,packaging_eu_yoy,ex_infl,cost_plus_ppi,K12_pdl,80,0.2965
w_food_ppi_yoy,1,0.04141,0.04822,0.1592,0.1344,packaging_eu_yoy,ex_infl,cost_plus_ppi,K12_pdl,80,0.2965
w_food_ppi_yoy,2,-0.002576,0.02621,0.1567,0.1565,packaging_eu_yoy,ex_infl,cost_plus_ppi,K12_pdl,80,0.2965
w_food_ppi_yoy,3,-0.02015,0.01832,0.1365,0.1647,packaging_eu_yoy,ex_infl,cost_plus_ppi,K12_pdl,80,0.2965
w_food_ppi_yoy,4,-0.01736,0.01741,0.1191,0.1673,packaging_eu_yoy,ex_infl,cost_plus_ppi,K12_pdl,80,0.2965
w_food_ppi_yoy,5,-0.0002162,0.01887,0.1189,0.1698,packaging_eu_yoy,ex_infl,cost_plus_ppi,K12_pdl,80,0.2965
w_food_ppi_yoy,6,0.02523,0.02308,0.1442,0.1764,packaging_eu_yoy,ex_infl,cost_plus_ppi,K12_pdl,80,0.2965
w_food_ppi_yoy,7,0.05296,0.02911,0.1971,0.1896,packaging_eu_yoy,ex_infl,cost_plus_ppi,K12_pdl,80,0.2965
w_food_ppi_yoy,8,0.07694,0.03413,0.2741,0.2094,packaging_eu_yoy,ex_infl,cost_plus_ppi,K12_pdl,80,0.2965
w_food_ppi_yoy,9,0.09112,0.03524,0.3652,0.2322,packaging_eu_yoy,ex_infl,cost_plus_ppi,K12_pdl,80,0.2965
w_food_ppi_yoy,10,0.0895,0.03061,0.4547,0.251,packaging_eu_yoy,ex_infl,cost_plus_ppi,K12_pdl,80,0.2965
w_food_ppi_yoy,11,0.06602,0.02423,0.5207,0.2558,packaging_eu_yoy,ex_infl,cost_plus_ppi,K12_pdl,80,0.2965
w_food_ppi_yoy,12,0.01465,0.03948,0.5354,0.2361,packaging_eu_yoy,ex_infl,cost_plus_ppi,K12_pdl,80,0.2965
w_food_ppi_yoy,0,-0.5017,0.1144,-0.5017,0.1144,w_food_ppi_yoy,full,cost_only,K6_unres,96,0.2454
w_food_ppi_yoy,1,0.6668,0.2333,0.165,0.1427,w_food_ppi_yoy,full,cost_only,K6_unres,96,0.2454
w_food_ppi_yoy,2,-0.281,0.1636,-0.116,0.106,w_food_ppi_yoy,full,cost_only,K6_unres,96,0.2454
w_food_ppi_yoy,3,0.1512,0.1867,0.03522,0.1171,w_food_ppi_yoy,full,cost_only,K6_unres,96,0.2454
w_food_ppi_yoy,4,-0.5017,0.1779,-0.4665,0.1109,w_food_ppi_yoy,full,cost_only,K6_unres,96,0.2454
w_food_ppi_yoy,5,0.5037,0.2373,0.03714,0.1545,w_food_ppi_yoy,full,cost_only,K6_unres,96,0.2454
w_food_ppi_yoy,6,-0.09664,0.1452,-0.0595,0.03191,w_food_ppi_yoy,full,cost_only,K6_unres,96,0.2454
w_food_ppi_yoy,0,-0.0788,0.04046,-0.0788,0.04046,w_food_ppi_yoy,full,cost_only,K6_pdl,96,0.1622
w_food_ppi_yoy,1,-0.03502,0.01141,-0.1138,0.05061,w_food_ppi_yoy,full,cost_only,K6_pdl,96,0.1622
w_food_ppi_yoy,2,-0.002781,0.01287,-0.1166,0.04303,w_food_ppi_yoy,full,cost_only,K6_pdl,96,0.1622
w_food_ppi_yoy,3,0.01792,0.01978,-0.09868,0.03174,w_food_ppi_yoy,full,cost_only,K6_pdl,96,0.1622
w_food_ppi_yoy,4,0.02709,0.01639,-0.07159,0.02824,w_food_ppi_yoy,full,cost_only,K6_pdl,96,0.1622
w_food_ppi_yoy,5,0.02472,0.008505,-0.04687,0.02859,w_food_ppi_yoy,full,cost_only,K6_pdl,96,0.1622
w_food_ppi_yoy,6,0.01081,0.02986,-0.03607,0.042,w_food_ppi_yoy,full,cost_only,K6_pdl,96,0.1622
w_food_ppi_yoy,0,-0.06326,0.027,-0.06326,0.027,w_food_ppi_yoy,full,cost_only,K6_ridge,96,0.1598
w_food_ppi_yoy,1,-0.03266,0.01187,-0.09592,0.03823,w_food_ppi_yoy,full,cost_only,K6_ridge,96,0.1598
w_food_ppi_yoy,2,-0.007805,0.007307,-0.1037,0.03787,w_food_ppi_yoy,full,cost_only,K6_ridge,96,0.1598
w_food_ppi_yoy,3,0.00869,0.011,-0.09504,0.03302,w_food_ppi_yoy,full,cost_only,K6_ridge,96,0.1598
w_food_ppi_yoy,4,0.01839,0.01024,-0.07664,0.0297,w_food_ppi_yoy,full,cost_only,K6_ridge,96,0.1598
w_food_ppi_yoy,5,0.02479,0.008743,-0.05185,0.02981,w_food_ppi_yoy,full,cost_only,K6_ridge,96,0.1598
w_food_ppi_yoy,6,0.03013,0.01385,-0.02172,0.03559,w_food_ppi_yoy,full,cost_only,K6_ridge,96,0.1598
w_food_ppi_yoy,0,-0.07854,0.02801,-0.07854,0.02801,w_food_ppi_yoy,full,cost_only,K12_pdl,90,0.1685
w_food_ppi_yoy,1,-0.03268,0.01063,-0.1112,0.03814,w_food_ppi_yoy,full,cost_only,K12_pdl,90,0.1685
w_food_ppi_yoy,2,-0.002077,0.005864,-0.1133,0.0378,w_food_ppi_yoy,full,cost_only,K12_pdl,90,0.1685
w_food_ppi_yoy,3,0.01577,0.009428,-0.09752,0.03337,w_food_ppi_yoy,full,cost_only,K12_pdl,90,0.1685
w_food_ppi_yoy,4,0.02338,0.01029,-0.07414,0.02982,w_food_ppi_yoy,full,cost_only,K12_pdl,90,0.1685
w_food_ppi_yoy,5,0.02324,0.008449,-0.0509,0.02926,w_food_ppi_yoy,full,cost_only,K12_pdl,90,0.1685
w_food_ppi_yoy,6,0.01787,0.005542,-0.03302,0.0307,w_food_ppi_yoy,full,cost_only,K12_pdl,90,0.1685
w_food_ppi_yoy,7,0.009768,0.004756,-0.02326,0.03288,w_food_ppi_yoy,full,cost_only,K12_pdl,90,0.1685
w_food_ppi_yoy,8,0.001437,0.006941,-0.02182,0.03597,w_food_ppi_yoy,full,cost_only,K12_pdl,90,0.1685
w_food_ppi_yoy,9,-0.004615,0.00852,-0.02643,0.04031,w_food_ppi_yoy,full,cost_only,K12_pdl,90,0.1685
w_food_ppi_yoy,10,-0.005884,0.007776,-0.03232,0.04464,w_food_ppi_yoy,full,cost_only,K12_pdl,90,0.1685
w_food_ppi_yoy,11,0.0001347,0.006676,-0.03218,0.04627,w_food_ppi_yoy,full,cost_only,K12_pdl,90,0.1685
w_food_ppi_yoy,12,0.01595,0.0151,-0.01624,0.04454,w_food_ppi_yoy,full,cost_only,K12_pdl,90,0.1685
w_food_ppi_yoy,0,-0.4051,0.3127,-0.4051,0.3127,w_food_ppi_yoy,ex_infl,cost_only,K6_unres,86,0.1443
w_food_ppi_yoy,1,0.7987,0.3727,0.3936,0.1882,w_food_ppi_yoy,ex_infl,cost_only,K6_unres,86,0.1443
w_food_ppi_yoy,2,-0.3422,0.2554,0.05132,0.153,w_food_ppi_yoy,ex_infl,cost_only,K6_unres,86,0.1443
w_food_ppi_yoy,3,-0.00465,0.2019,0.04667,0.1635,w_food_ppi_yoy,ex_infl,cost_only,K6_unres,86,0.1443
w_food_ppi_yoy,4,-0.4238,0.235,-0.3772,0.1606,w_food_ppi_yoy,ex_infl,cost_only,K6_unres,86,0.1443
w_food_ppi_yoy,5,0.6347,0.2218,0.2575,0.1997,w_food_ppi_yoy,ex_infl,cost_only,K6_unres,86,0.1443
w_food_ppi_yoy,6,-0.1779,0.1559,0.07967,0.09823,w_food_ppi_yoy,ex_infl,cost_only,K6_unres,86,0.1443
w_food_ppi_yoy,0,0.03228,0.05443,0.03228,0.05443,w_food_ppi_yoy,ex_infl,cost_only,K6_pdl,86,0.08792
w_food_ppi_yoy,1,0.008037,0.02778,0.04031,0.0806,w_food_ppi_yoy,ex_infl,cost_only,K6_pdl,86,0.08792
w_food_ppi_yoy,2,-0.004527,0.01812,0.03579,0.08963,w_food_ppi_yoy,ex_infl,cost_only,K6_pdl,86,0.08792
w_food_ppi_yoy,3,-0.005414,0.01942,0.03037,0.09153,w_food_ppi_yoy,ex_infl,cost_only,K6_pdl,86,0.08792
w_food_ppi_yoy,4,0.005377,0.01716,0.03575,0.09259,w_food_ppi_yoy,ex_infl,cost_only,K6_pdl,86,0.08792
w_food_ppi_yoy,5,0.02784,0.009273,0.0636,0.09422,w_food_ppi_yoy,ex_infl,cost_only,K6_pdl,86,0.08792
w_food_ppi_yoy,6,0.06199,0.01969,0.1256,0.09914,w_food_ppi_yoy,ex_infl,cost_only,K6_pdl,86,0.08792
w_food_ppi_yoy,0,0.003534,0.03652,0.003534,0.03652,w_food_ppi_yoy,ex_infl,cost_only,K6_ridge,86,0.08473
w_food_ppi_yoy,1,0.003184,0.02605,0.006719,0.06222,w_food_ppi_yoy,ex_infl,cost_only,K6_ridge,86,0.08473
w_food_ppi_yoy,2,0.003716,0.01816,0.01043,0.07886,w_food_ppi_yoy,ex_infl,cost_only,K6_ridge,86,0.08473
w_food_ppi_yoy,3,0.007383,0.01352,0.01782,0.08884,w_food_ppi_yoy,ex_infl,cost_only,K6_ridge,86,0.08473
w_food_ppi_yoy,4,0.01591,0.01076,0.03372,0.09428,w_food_ppi_yoy,ex_infl,cost_only,K6_ridge,86,0.08473
w_food_ppi_yoy,5,0.02881,0.009011,0.06253,0.09628,w_food_ppi_yoy,ex_infl,cost_only,K6_ridge,86,0.08473
w_food_ppi_yoy,6,0.04341,0.01055,0.1059,0.09542,w_food_ppi_yoy,ex_infl,cost_only,K6_ridge,86,0.08473
w_food_ppi_yoy,0,-0.01015,0.04727,-0.01015,0.04727,w_food_ppi_yoy,ex_infl,cost_only,K12_pdl,80,0.08189
w_food_ppi_yoy,1,0.006279,0.02675,-0.003876,0.07345,w_food_ppi_yoy,ex_infl,cost_only,K12_pdl,80,0.08189
w_food_ppi_yoy,2,0.01684,0.0153,0.01297,0.08609,w_food_ppi_yoy,ex_infl,cost_only,K12_pdl,80,0.08189
w_food_ppi_yoy,3,0.02245,0.01148,0.03542,0.09114,w_food_ppi_yoy,ex_infl,cost_only,K12_pdl,80,0.08189
w_food_ppi_yoy,4,0.02401,0.01041,0.05942,0.09271,w_food_ppi_yoy,ex_infl,cost_only,K12_pdl,80,0.08189
w_food_ppi_yoy,5,0.02243,0.008534,0.08185,0.09319,w_food_ppi_yoy,ex_infl,cost_only,K12_pdl,80,0.08189
w_food_ppi_yoy,6,0.01862,0.00575,0.1005,0.0936,w_food_ppi_yoy,ex_infl,cost_only,K12_pdl,80,0.08189
w_food_ppi_yoy,7,0.0135,0.004201,0.114,0.09439,w_food_ppi_yoy,ex_infl,cost_only,K12_pdl,80,0.08189
w_food_ppi_yoy,8,0.007968,0.005731,0.1219,0.09576,w_food_ppi_yoy,ex_infl,cost_only,K12_pdl,80,0.08189
w_food_ppi_yoy,9,0.002945,0.007324,0.1249,0.09754,w_food_ppi_yoy,ex_infl,cost_only,K12_pdl,80,0.08189
w_food_ppi_yoy,10,-0.0006624,0.007013,0.1242,0.09864,w_food_ppi_yoy,ex_infl,cost_only,K12_pdl,80,0.08189
w_food_ppi_yoy,11,-0.001944,0.006524,0.1223,0.09676,w_food_ppi_yoy,ex_infl,cost_only,K12_pdl,80,0.08189
w_food_ppi_yoy,12,1.218e-05,0.01431,0.1223,0.08948,w_food_ppi_yoy,ex_infl,cost_only,K12_pdl,80,0.08189
