target,h,model,period,pred
d_margin,0,prevailing mean,2010Q1,0.01111
d_margin,0,prevailing mean,2010Q2,0.04778
d_margin,0,prevailing mean,2010Q3,0.06855
d_margin,0,prevailing mean,2010Q4,0.07441
d_margin,0,prevailing mean,2011Q1,0.0764
d_margin,0,prevailing mean,2011Q2,0.06346
d_margin,0,prevailing mean,2011Q3,0.04517
d_margin,0,prevailing mean,2011Q4,0.0184
d_margin,0,prevailing mean,2012Q1,0.02909
d_margin,0,prevailing mean,2012Q2,0.05776
d_margin,0,prevailing mean,2012Q3,0.07757
d_margin,0,prevailing mean,2012Q4,0.1441
d_margin,0,prevailing mean,2013Q1,0.2039
d_margin,0,prevailing mean,2013Q2,0.2222
d_margin,0,prevailing mean,2013Q3,0.1682
d_margin,0,prevailing mean,2013Q4,0.1297
d_margin,0,prevailing mean,2014Q1,0.08044
d_margin,0,prevailing mean,2014Q2,0.07574
d_margin,0,prevailing mean,2014Q3,0.1041
d_margin,0,prevailing mean,2014Q4,0.09424
d_margin,0,prevailing mean,2015Q1,0.1071
d_margin,0,prevailing mean,2015Q2,0.1051
d_margin,0,prevailing mean,2015Q3,0.1163
d_margin,0,prevailing mean,2015Q4,0.1286
d_margin,0,prevailing mean,2016Q1,0.1407
d_margin,0,prevailing mean,2016Q2,0.1459
d_margin,0,prevailing mean,2016Q3,0.1308
d_margin,0,prevailing mean,2016Q4,0.128
d_margin,0,prevailing mean,2017Q1,0.1266
d_margin,0,prevailing mean,2017Q2,0.1154
d_margin,0,prevailing mean,2017Q3,0.1022
d_margin,0,prevailing mean,2017Q4,0.1061
d_margin,0,prevailing mean,2018Q1,0.1193
d_margin,0,prevailing mean,2018Q2,0.1169
d_margin,0,prevailing mean,2018Q3,0.1224
d_margin,0,prevailing mean,2018Q4,0.1305
d_margin,0,prevailing mean,2019Q1,0.1175
d_margin,0,prevailing mean,2019Q2,0.1251
d_margin,0,prevailing mean,2019Q3,0.1338
d_margin,0,prevailing mean,2019Q4,0.1412
d_margin,0,prevailing mean,2020Q1,0.1499
d_margin,0,prevailing mean,2020Q2,0.1548
d_margin,0,prevailing mean,2020Q3,0.1756
d_margin,0,prevailing mean,2020Q4,0.1785
d_margin,0,prevailing mean,2021Q1,0.1896
d_margin,0,prevailing mean,2021Q2,0.1898
d_margin,0,prevailing mean,2021Q3,0.1583
d_margin,0,prevailing mean,2021Q4,0.1506
d_margin,0,prevailing mean,2022Q1,0.118
d_margin,0,prevailing mean,2022Q2,0.1084
d_margin,0,prevailing mean,2022Q3,0.08506
d_margin,0,prevailing mean,2022Q4,0.04959
d_margin,0,prevailing mean,2023Q1,0.01672
d_margin,0,prevailing mean,2023Q2,0.00909
d_margin,0,prevailing mean,2023Q3,0.02141
d_margin,0,prevailing mean,2023Q4,0.02009
d_margin,0,prevailing mean,2024Q1,0.01876
d_margin,0,prevailing mean,2024Q2,0.02562
d_margin,0,prevailing mean,2024Q3,0.04486
d_margin,0,prevailing mean,2024Q4,0.05922
d_margin,0,prevailing mean,2025Q1,0.06729
d_margin,0,prevailing mean,2025Q2,0.07415
d_margin,0,prevailing mean,2025Q3,0.07024
d_margin,0,prevailing mean,2025Q4,0.07174
d_margin,0,prevailing mean,2026Q1,0.07478
d_margin,0,prevailing mean,2026Q2,0.07543
d_margin,0,AR + Easter (benchmark),2010Q1,0.4011
d_margin,0,AR + Easter (benchmark),2010Q2,0.6526
d_margin,0,AR + Easter (benchmark),2010Q3,0.4768
d_margin,0,AR + Easter (benchmark),2010Q4,0.172
d_margin,0,AR + Easter (benchmark),2011Q1,-0.01101
d_margin,0,AR + Easter (benchmark),2011Q2,-0.1423
d_margin,0,AR + Easter (benchmark),2011Q3,-0.4095
d_margin,0,AR + Easter (benchmark),2011Q4,-0.6623
d_margin,0,AR + Easter (benchmark),2012Q1,0.2574
d_margin,0,AR + Easter (benchmark),2012Q2,0.7434
d_margin,0,AR + Easter (benchmark),2012Q3,0.5609
d_margin,0,AR + Easter (benchmark),2012Q4,2.01
d_margin,0,AR + Easter (benchmark),2013Q1,2.28
d_margin,0,AR + Easter (benchmark),2013Q2,0.5981
d_margin,0,AR + Easter (benchmark),2013Q3,-1.386
d_margin,0,AR + Easter (benchmark),2013Q4,-1.035
d_margin,0,AR + Easter (benchmark),2014Q1,-1.847
d_margin,0,AR + Easter (benchmark),2014Q2,0.1609
d_margin,0,AR + Easter (benchmark),2014Q3,0.9469
d_margin,0,AR + Easter (benchmark),2014Q4,-0.2176
d_margin,0,AR + Easter (benchmark),2015Q1,0.5933
d_margin,0,AR + Easter (benchmark),2015Q2,-0.09294
d_margin,0,AR + Easter (benchmark),2015Q3,0.4408
d_margin,0,AR + Easter (benchmark),2015Q4,0.4985
d_margin,0,AR + Easter (benchmark),2016Q1,0.7326
d_margin,0,AR + Easter (benchmark),2016Q2,0.07918
d_margin,0,AR + Easter (benchmark),2016Q3,-0.3803
d_margin,0,AR + Easter (benchmark),2016Q4,0.01965
d_margin,0,AR + Easter (benchmark),2017Q1,-0.2943
d_margin,0,AR + Easter (benchmark),2017Q2,0.09876
d_margin,0,AR + Easter (benchmark),2017Q3,-0.3799
d_margin,0,AR + Easter (benchmark),2017Q4,0.2285
d_margin,0,AR + Easter (benchmark),2018Q1,0.8311
d_margin,0,AR + Easter (benchmark),2018Q2,-0.216
d_margin,0,AR + Easter (benchmark),2018Q3,0.3094
d_margin,0,AR + Easter (benchmark),2018Q4,0.4158
d_margin,0,AR + Easter (benchmark),2019Q1,-0.5848
d_margin,0,AR + Easter (benchmark),2019Q2,0.5629
d_margin,0,AR + Easter (benchmark),2019Q3,0.4449
d_margin,0,AR + Easter (benchmark),2019Q4,0.4082
d_margin,0,AR + Easter (benchmark),2020Q1,0.4716
d_margin,0,AR + Easter (benchmark),2020Q2,0.3341
d_margin,0,AR + Easter (benchmark),2020Q3,1.001
d_margin,0,AR + Easter (benchmark),2020Q4,0.2819
d_margin,0,AR + Easter (benchmark),2021Q1,0.7252
d_margin,0,AR + Easter (benchmark),2021Q2,0.09023
d_margin,0,AR + Easter (benchmark),2021Q3,-1.144
d_margin,0,AR + Easter (benchmark),2021Q4,-0.1721
d_margin,0,AR + Easter (benchmark),2022Q1,-1.378
d_margin,0,AR + Easter (benchmark),2022Q2,-0.1845
d_margin,0,AR + Easter (benchmark),2022Q3,-0.9232
d_margin,0,AR + Easter (benchmark),2022Q4,-1.604
d_margin,0,AR + Easter (benchmark),2023Q1,-1.62
d_margin,0,AR + Easter (benchmark),2023Q2,-0.3711
d_margin,0,AR + Easter (benchmark),2023Q3,0.6006
d_margin,0,AR + Easter (benchmark),2023Q4,-0.05608
d_margin,0,AR + Easter (benchmark),2024Q1,0.1308
d_margin,0,AR + Easter (benchmark),2024Q2,0.1398
d_margin,0,AR + Easter (benchmark),2024Q3,1.004
d_margin,0,AR + Easter (benchmark),2024Q4,0.7868
d_margin,0,AR + Easter (benchmark),2025Q1,0.3291
d_margin,0,AR + Easter (benchmark),2025Q2,0.5604
d_margin,0,AR + Easter (benchmark),2025Q3,-0.1485
d_margin,0,AR + Easter (benchmark),2025Q4,0.1406
d_margin,0,AR + Easter (benchmark),2026Q1,0.2682
d_margin,0,AR + Easter (benchmark),2026Q2,0.0604
d_margin,0,"raw materials local ccy, PDL L0-6",2010Q1,0.8128
d_margin,0,"raw materials local ccy, PDL L0-6",2010Q2,1.353
d_margin,0,"raw materials local ccy, PDL L0-6",2010Q3,0.791
d_margin,0,"raw materials local ccy, PDL L0-6",2010Q4,0.3845
d_margin,0,"raw materials local ccy, PDL L0-6",2011Q1,0.2766
d_margin,0,"raw materials local ccy, PDL L0-6",2011Q2,-0.147
d_margin,0,"raw materials local ccy, PDL L0-6",2011Q3,-0.5609
d_margin,0,"raw materials local ccy, PDL L0-6",2011Q4,-1.136
d_margin,0,"raw materials local ccy, PDL L0-6",2012Q1,0.2378
d_margin,0,"raw materials local ccy, PDL L0-6",2012Q2,1.09
d_margin,0,"raw materials local ccy, PDL L0-6",2012Q3,0.918
d_margin,0,"raw materials local ccy, PDL L0-6",2012Q4,3.076
d_margin,0,"raw materials local ccy, PDL L0-6",2013Q1,3.036
d_margin,0,"raw materials local ccy, PDL L0-6",2013Q2,0.8801
d_margin,0,"raw materials local ccy, PDL L0-6",2013Q3,-1.508
d_margin,0,"raw materials local ccy, PDL L0-6",2013Q4,-1.178
d_margin,0,"raw materials local ccy, PDL L0-6",2014Q1,-2.042
d_margin,0,"raw materials local ccy, PDL L0-6",2014Q2,0.1108
d_margin,0,"raw materials local ccy, PDL L0-6",2014Q3,1.021
d_margin,0,"raw materials local ccy, PDL L0-6",2014Q4,-0.2575
d_margin,0,"raw materials local ccy, PDL L0-6",2015Q1,0.6439
d_margin,0,"raw materials local ccy, PDL L0-6",2015Q2,-0.1376
d_margin,0,"raw materials local ccy, PDL L0-6",2015Q3,0.3967
d_margin,0,"raw materials local ccy, PDL L0-6",2015Q4,0.4126
d_margin,0,"raw materials local ccy, PDL L0-6",2016Q1,0.574
d_margin,0,"raw materials local ccy, PDL L0-6",2016Q2,-0.1046
d_margin,0,"raw materials local ccy, PDL L0-6",2016Q3,-0.6624
d_margin,0,"raw materials local ccy, PDL L0-6",2016Q4,-0.1674
d_margin,0,"raw materials local ccy, PDL L0-6",2017Q1,-0.4237
d_margin,0,"raw materials local ccy, PDL L0-6",2017Q2,-0.03404
d_margin,0,"raw materials local ccy, PDL L0-6",2017Q3,-0.4426
d_margin,0,"raw materials local ccy, PDL L0-6",2017Q4,0.3034
d_margin,0,"raw materials local ccy, PDL L0-6",2018Q1,1.058
d_margin,0,"raw materials local ccy, PDL L0-6",2018Q2,0.007074
d_margin,0,"raw materials local ccy, PDL L0-6",2018Q3,0.5626
d_margin,0,"raw materials local ccy, PDL L0-6",2018Q4,0.615
d_margin,0,"raw materials local ccy, PDL L0-6",2019Q1,-0.5715
d_margin,0,"raw materials local ccy, PDL L0-6",2019Q2,0.5172
d_margin,0,"raw materials local ccy, PDL L0-6",2019Q3,0.3511
d_margin,0,"raw materials local ccy, PDL L0-6",2019Q4,0.3085
d_margin,0,"raw materials local ccy, PDL L0-6",2020Q1,0.444
d_margin,0,"raw materials local ccy, PDL L0-6",2020Q2,0.3533
d_margin,0,"raw materials local ccy, PDL L0-6",2020Q3,1.119
d_margin,0,"raw materials local ccy, PDL L0-6",2020Q4,0.3884
d_margin,0,"raw materials local ccy, PDL L0-6",2021Q1,0.837
d_margin,0,"raw materials local ccy, PDL L0-6",2021Q2,0.2174
d_margin,0,"raw materials local ccy, PDL L0-6",2021Q3,-1.041
d_margin,0,"raw materials local ccy, PDL L0-6",2021Q4,0.05176
d_margin,0,"raw materials local ccy, PDL L0-6",2022Q1,-1.473
d_margin,0,"raw materials local ccy, PDL L0-6",2022Q2,-0.1773
d_margin,0,"raw materials local ccy, PDL L0-6",2022Q3,-1.022
d_margin,0,"raw materials local ccy, PDL L0-6",2022Q4,-1.789
d_margin,0,"raw materials local ccy, PDL L0-6",2023Q1,-1.785
d_margin,0,"raw materials local ccy, PDL L0-6",2023Q2,-0.1509
d_margin,0,"raw materials local ccy, PDL L0-6",2023Q3,1.246
d_margin,0,"raw materials local ccy, PDL L0-6",2023Q4,0.41
d_margin,0,"raw materials local ccy, PDL L0-6",2024Q1,0.3304
d_margin,0,"raw materials local ccy, PDL L0-6",2024Q2,0.1688
d_margin,0,"raw materials local ccy, PDL L0-6",2024Q3,1.043
d_margin,0,"raw materials local ccy, PDL L0-6",2024Q4,0.7079
d_margin,0,"raw materials local ccy, PDL L0-6",2025Q1,0.1931
d_margin,0,"raw materials local ccy, PDL L0-6",2025Q2,0.4074
d_margin,0,"raw materials local ccy, PDL L0-6",2025Q3,-0.1985
d_margin,0,"raw materials local ccy, PDL L0-6",2025Q4,0.1724
d_margin,0,"raw materials local ccy, PDL L0-6",2026Q1,0.4294
d_margin,0,"raw materials local ccy, PDL L0-6",2026Q2,0.2989
d_margin,0,"FAO food index local ccy, PDL L0-6",2010Q1,0.1265
d_margin,0,"FAO food index local ccy, PDL L0-6",2010Q2,0.6973
d_margin,0,"FAO food index local ccy, PDL L0-6",2010Q3,0.6238
d_margin,0,"FAO food index local ccy, PDL L0-6",2010Q4,0.2812
d_margin,0,"FAO food index local ccy, PDL L0-6",2011Q1,0.1057
d_margin,0,"FAO food index local ccy, PDL L0-6",2011Q2,-0.08419
d_margin,0,"FAO food index local ccy, PDL L0-6",2011Q3,-0.3907
d_margin,0,"FAO food index local ccy, PDL L0-6",2011Q4,-0.6937
d_margin,0,"FAO food index local ccy, PDL L0-6",2012Q1,0.2086
d_margin,0,"FAO food index local ccy, PDL L0-6",2012Q2,0.6355
d_margin,0,"FAO food index local ccy, PDL L0-6",2012Q3,0.443
d_margin,0,"FAO food index local ccy, PDL L0-6",2012Q4,2.12
d_margin,0,"FAO food index local ccy, PDL L0-6",2013Q1,2.308
d_margin,0,"FAO food index local ccy, PDL L0-6",2013Q2,0.5251
d_margin,0,"FAO food index local ccy, PDL L0-6",2013Q3,-1.583
d_margin,0,"FAO food index local ccy, PDL L0-6",2013Q4,-1.167
d_margin,0,"FAO food index local ccy, PDL L0-6",2014Q1,-1.962
d_margin,0,"FAO food index local ccy, PDL L0-6",2014Q2,0.05556
d_margin,0,"FAO food index local ccy, PDL L0-6",2014Q3,0.8463
d_margin,0,"FAO food index local ccy, PDL L0-6",2014Q4,-0.319
d_margin,0,"FAO food index local ccy, PDL L0-6",2015Q1,0.4646
d_margin,0,"FAO food index local ccy, PDL L0-6",2015Q2,-0.192
d_margin,0,"FAO food index local ccy, PDL L0-6",2015Q3,0.3718
d_margin,0,"FAO food index local ccy, PDL L0-6",2015Q4,0.4294
d_margin,0,"FAO food index local ccy, PDL L0-6",2016Q1,0.672
d_margin,0,"FAO food index local ccy, PDL L0-6",2016Q2,0.05363
d_margin,0,"FAO food index local ccy, PDL L0-6",2016Q3,-0.3702
d_margin,0,"FAO food index local ccy, PDL L0-6",2016Q4,0.01986
d_margin,0,"FAO food index local ccy, PDL L0-6",2017Q1,-0.3013
d_margin,0,"FAO food index local ccy, PDL L0-6",2017Q2,-1.489e-05
d_margin,0,"FAO food index local ccy, PDL L0-6",2017Q3,-0.5505
d_margin,0,"FAO food index local ccy, PDL L0-6",2017Q4,0.1618
d_margin,0,"FAO food index local ccy, PDL L0-6",2018Q1,0.8759
d_margin,0,"FAO food index local ccy, PDL L0-6",2018Q2,-0.1268
d_margin,0,"FAO food index local ccy, PDL L0-6",2018Q3,0.428
d_margin,0,"FAO food index local ccy, PDL L0-6",2018Q4,0.4563
d_margin,0,"FAO food index local ccy, PDL L0-6",2019Q1,-0.6498
d_margin,0,"FAO food index local ccy, PDL L0-6",2019Q2,0.4604
d_margin,0,"FAO food index local ccy, PDL L0-6",2019Q3,0.3255
d_margin,0,"FAO food index local ccy, PDL L0-6",2019Q4,0.3575
d_margin,0,"FAO food index local ccy, PDL L0-6",2020Q1,0.4519
d_margin,0,"FAO food index local ccy, PDL L0-6",2020Q2,0.3142
d_margin,0,"FAO food index local ccy, PDL L0-6",2020Q3,1.005
d_margin,0,"FAO food index local ccy, PDL L0-6",2020Q4,0.2915
d_margin,0,"FAO food index local ccy, PDL L0-6",2021Q1,0.7805
d_margin,0,"FAO food index local ccy, PDL L0-6",2021Q2,0.1828
d_margin,0,"FAO food index local ccy, PDL L0-6",2021Q3,-1.226
d_margin,0,"FAO food index local ccy, PDL L0-6",2021Q4,-0.2402
d_margin,0,"FAO food index local ccy, PDL L0-6",2022Q1,-1.532
d_margin,0,"FAO food index local ccy, PDL L0-6",2022Q2,-0.3351
d_margin,0,"FAO food index local ccy, PDL L0-6",2022Q3,-1.079
d_margin,0,"FAO food index local ccy, PDL L0-6",2022Q4,-1.715
d_margin,0,"FAO food index local ccy, PDL L0-6",2023Q1,-1.561
d_margin,0,"FAO food index local ccy, PDL L0-6",2023Q2,-0.0637
d_margin,0,"FAO food index local ccy, PDL L0-6",2023Q3,0.9553
d_margin,0,"FAO food index local ccy, PDL L0-6",2023Q4,0.1913
d_margin,0,"FAO food index local ccy, PDL L0-6",2024Q1,0.2855
d_margin,0,"FAO food index local ccy, PDL L0-6",2024Q2,0.1762
d_margin,0,"FAO food index local ccy, PDL L0-6",2024Q3,1.013
d_margin,0,"FAO food index local ccy, PDL L0-6",2024Q4,0.7507
d_margin,0,"FAO food index local ccy, PDL L0-6",2025Q1,0.2272
d_margin,0,"FAO food index local ccy, PDL L0-6",2025Q2,0.564
d_margin,0,"FAO food index local ccy, PDL L0-6",2025Q3,-0.04706
d_margin,0,"FAO food index local ccy, PDL L0-6",2025Q4,0.3546
d_margin,0,"FAO food index local ccy, PDL L0-6",2026Q1,0.554
d_margin,0,"FAO food index local ccy, PDL L0-6",2026Q2,0.2526
d_margin,0,"calibrated cost index, PDL L0-6",2010Q1,0.8079
d_margin,0,"calibrated cost index, PDL L0-6",2010Q2,1.582
d_margin,0,"calibrated cost index, PDL L0-6",2010Q3,0.9302
d_margin,0,"calibrated cost index, PDL L0-6",2010Q4,0.3309
d_margin,0,"calibrated cost index, PDL L0-6",2011Q1,0.1587
d_margin,0,"calibrated cost index, PDL L0-6",2011Q2,-0.3866
d_margin,0,"calibrated cost index, PDL L0-6",2011Q3,-0.7389
d_margin,0,"calibrated cost index, PDL L0-6",2011Q4,-1.132
d_margin,0,"calibrated cost index, PDL L0-6",2012Q1,0.1891
d_margin,0,"calibrated cost index, PDL L0-6",2012Q2,1.091
d_margin,0,"calibrated cost index, PDL L0-6",2012Q3,0.9355
d_margin,0,"calibrated cost index, PDL L0-6",2012Q4,3.02
d_margin,0,"calibrated cost index, PDL L0-6",2013Q1,3.068
d_margin,0,"calibrated cost index, PDL L0-6",2013Q2,0.8652
d_margin,0,"calibrated cost index, PDL L0-6",2013Q3,-1.57
d_margin,0,"calibrated cost index, PDL L0-6",2013Q4,-1.263
d_margin,0,"calibrated cost index, PDL L0-6",2014Q1,-2.155
d_margin,0,"calibrated cost index, PDL L0-6",2014Q2,0.04063
d_margin,0,"calibrated cost index, PDL L0-6",2014Q3,0.9827
d_margin,0,"calibrated cost index, PDL L0-6",2014Q4,-0.2776
d_margin,0,"calibrated cost index, PDL L0-6",2015Q1,0.6338
d_margin,0,"calibrated cost index, PDL L0-6",2015Q2,-0.144
d_margin,0,"calibrated cost index, PDL L0-6",2015Q3,0.3913
d_margin,0,"calibrated cost index, PDL L0-6",2015Q4,0.4056
d_margin,0,"calibrated cost index, PDL L0-6",2016Q1,0.5495
d_margin,0,"calibrated cost index, PDL L0-6",2016Q2,-0.1491
d_margin,0,"calibrated cost index, PDL L0-6",2016Q3,-0.7271
d_margin,0,"calibrated cost index, PDL L0-6",2016Q4,-0.2249
d_margin,0,"calibrated cost index, PDL L0-6",2017Q1,-0.4686
d_margin,0,"calibrated cost index, PDL L0-6",2017Q2,-0.07804
d_margin,0,"calibrated cost index, PDL L0-6",2017Q3,-0.4661
d_margin,0,"calibrated cost index, PDL L0-6",2017Q4,0.2548
d_margin,0,"calibrated cost index, PDL L0-6",2018Q1,1.01
d_margin,0,"calibrated cost index, PDL L0-6",2018Q2,0.008998
d_margin,0,"calibrated cost index, PDL L0-6",2018Q3,0.5815
d_margin,0,"calibrated cost index, PDL L0-6",2018Q4,0.651
d_margin,0,"calibrated cost index, PDL L0-6",2019Q1,-0.5212
d_margin,0,"calibrated cost index, PDL L0-6",2019Q2,0.533
d_margin,0,"calibrated cost index, PDL L0-6",2019Q3,0.3459
d_margin,0,"calibrated cost index, PDL L0-6",2019Q4,0.2976
d_margin,0,"calibrated cost index, PDL L0-6",2020Q1,0.4374
d_margin,0,"calibrated cost index, PDL L0-6",2020Q2,0.3399
d_margin,0,"calibrated cost index, PDL L0-6",2020Q3,1.092
d_margin,0,"calibrated cost index, PDL L0-6",2020Q4,0.3721
d_margin,0,"calibrated cost index, PDL L0-6",2021Q1,0.8166
d_margin,0,"calibrated cost index, PDL L0-6",2021Q2,0.2061
d_margin,0,"calibrated cost index, PDL L0-6",2021Q3,-1.041
d_margin,0,"calibrated cost index, PDL L0-6",2021Q4,0.02758
d_margin,0,"calibrated cost index, PDL L0-6",2022Q1,-1.507
d_margin,0,"calibrated cost index, PDL L0-6",2022Q2,-0.2104
d_margin,0,"calibrated cost index, PDL L0-6",2022Q3,-1.05
d_margin,0,"calibrated cost index, PDL L0-6",2022Q4,-1.829
d_margin,0,"calibrated cost index, PDL L0-6",2023Q1,-1.795
d_margin,0,"calibrated cost index, PDL L0-6",2023Q2,-0.09341
d_margin,0,"calibrated cost index, PDL L0-6",2023Q3,1.368
d_margin,0,"calibrated cost index, PDL L0-6",2023Q4,0.557
d_margin,0,"calibrated cost index, PDL L0-6",2024Q1,0.4435
d_margin,0,"calibrated cost index, PDL L0-6",2024Q2,0.2373
d_margin,0,"calibrated cost index, PDL L0-6",2024Q3,1.056
d_margin,0,"calibrated cost index, PDL L0-6",2024Q4,0.689
d_margin,0,"calibrated cost index, PDL L0-6",2025Q1,0.1601
d_margin,0,"calibrated cost index, PDL L0-6",2025Q2,0.3556
d_margin,0,"calibrated cost index, PDL L0-6",2025Q3,-0.2247
d_margin,0,"calibrated cost index, PDL L0-6",2025Q4,0.1508
d_margin,0,"calibrated cost index, PDL L0-6",2026Q1,0.4337
d_margin,0,"calibrated cost index, PDL L0-6",2026Q2,0.3274
d_margin,0,"packaging EU, PDL L0-6",2010Q1,0.6757
d_margin,0,"packaging EU, PDL L0-6",2010Q2,0.8013
d_margin,0,"packaging EU, PDL L0-6",2010Q3,0.1534
d_margin,0,"packaging EU, PDL L0-6",2010Q4,-0.4336
d_margin,0,"packaging EU, PDL L0-6",2011Q1,-0.4803
d_margin,0,"packaging EU, PDL L0-6",2011Q2,-0.6582
d_margin,0,"packaging EU, PDL L0-6",2011Q3,-0.7682
d_margin,0,"packaging EU, PDL L0-6",2011Q4,-0.8564
d_margin,0,"packaging EU, PDL L0-6",2012Q1,0.4215
d_margin,0,"packaging EU, PDL L0-6",2012Q2,1.227
d_margin,0,"packaging EU, PDL L0-6",2012Q3,1.063
d_margin,0,"packaging EU, PDL L0-6",2012Q4,2.773
d_margin,0,"packaging EU, PDL L0-6",2013Q1,2.743
d_margin,0,"packaging EU, PDL L0-6",2013Q2,0.9828
d_margin,0,"packaging EU, PDL L0-6",2013Q3,-1.382
d_margin,0,"packaging EU, PDL L0-6",2013Q4,-1.071
d_margin,0,"packaging EU, PDL L0-6",2014Q1,-1.851
d_margin,0,"packaging EU, PDL L0-6",2014Q2,0.07713
d_margin,0,"packaging EU, PDL L0-6",2014Q3,0.9773
d_margin,0,"packaging EU, PDL L0-6",2014Q4,-0.2117
d_margin,0,"packaging EU, PDL L0-6",2015Q1,0.6803
d_margin,0,"packaging EU, PDL L0-6",2015Q2,0.09752
d_margin,0,"packaging EU, PDL L0-6",2015Q3,0.5714
d_margin,0,"packaging EU, PDL L0-6",2015Q4,0.4934
d_margin,0,"packaging EU, PDL L0-6",2016Q1,0.6095
d_margin,0,"packaging EU, PDL L0-6",2016Q2,0.02829
d_margin,0,"packaging EU, PDL L0-6",2016Q3,-0.3924
d_margin,0,"packaging EU, PDL L0-6",2016Q4,0.1995
d_margin,0,"packaging EU, PDL L0-6",2017Q1,-0.02853
d_margin,0,"packaging EU, PDL L0-6",2017Q2,0.1219
d_margin,0,"packaging EU, PDL L0-6",2017Q3,-0.4334
d_margin,0,"packaging EU, PDL L0-6",2017Q4,0.07927
d_margin,0,"packaging EU, PDL L0-6",2018Q1,0.6322
d_margin,0,"packaging EU, PDL L0-6",2018Q2,-0.3039
d_margin,0,"packaging EU, PDL L0-6",2018Q3,0.2575
d_margin,0,"packaging EU, PDL L0-6",2018Q4,0.4352
d_margin,0,"packaging EU, PDL L0-6",2019Q1,-0.469
d_margin,0,"packaging EU, PDL L0-6",2019Q2,0.6853
d_margin,0,"packaging EU, PDL L0-6",2019Q3,0.6807
d_margin,0,"packaging EU, PDL L0-6",2019Q4,0.6723
d_margin,0,"packaging EU, PDL L0-6",2020Q1,0.7327
d_margin,0,"packaging EU, PDL L0-6",2020Q2,0.5429
d_margin,0,"packaging EU, PDL L0-6",2020Q3,1.143
d_margin,0,"packaging EU, PDL L0-6",2020Q4,0.3312
d_margin,0,"packaging EU, PDL L0-6",2021Q1,0.6373
d_margin,0,"packaging EU, PDL L0-6",2021Q2,-0.1302
d_margin,0,"packaging EU, PDL L0-6",2021Q3,-1.774
d_margin,0,"packaging EU, PDL L0-6",2021Q4,-0.9583
d_margin,0,"packaging EU, PDL L0-6",2022Q1,-2.485
d_margin,0,"packaging EU, PDL L0-6",2022Q2,-0.8956
d_margin,0,"packaging EU, PDL L0-6",2022Q3,-1.626
d_margin,0,"packaging EU, PDL L0-6",2022Q4,-2.123
d_margin,0,"packaging EU, PDL L0-6",2023Q1,-1.666
d_margin,0,"packaging EU, PDL L0-6",2023Q2,0.7108
d_margin,0,"packaging EU, PDL L0-6",2023Q3,2.922
d_margin,0,"packaging EU, PDL L0-6",2023Q4,1.79
d_margin,0,"packaging EU, PDL L0-6",2024Q1,0.9503
d_margin,0,"packaging EU, PDL L0-6",2024Q2,0.3364
d_margin,0,"packaging EU, PDL L0-6",2024Q3,1
d_margin,0,"packaging EU, PDL L0-6",2024Q4,0.4827
d_margin,0,"packaging EU, PDL L0-6",2025Q1,0.01846
d_margin,0,"packaging EU, PDL L0-6",2025Q2,0.1915
d_margin,0,"packaging EU, PDL L0-6",2025Q3,-0.2876
d_margin,0,"packaging EU, PDL L0-6",2025Q4,0.1645
d_margin,0,"packaging EU, PDL L0-6",2026Q1,0.4017
d_margin,0,"packaging EU, PDL L0-6",2026Q2,0.2737
d_margin,0,"cost index + food CPI ex VAT, PDL",2010Q1,1.39
d_margin,0,"cost index + food CPI ex VAT, PDL",2010Q2,2.082
d_margin,0,"cost index + food CPI ex VAT, PDL",2010Q3,1.18
d_margin,0,"cost index + food CPI ex VAT, PDL",2010Q4,0.5666
d_margin,0,"cost index + food CPI ex VAT, PDL",2011Q1,0.182
d_margin,0,"cost index + food CPI ex VAT, PDL",2011Q2,-0.2626
d_margin,0,"cost index + food CPI ex VAT, PDL",2011Q3,-0.6542
d_margin,0,"cost index + food CPI ex VAT, PDL",2011Q4,-1.303
d_margin,0,"cost index + food CPI ex VAT, PDL",2012Q1,-0.259
d_margin,0,"cost index + food CPI ex VAT, PDL",2012Q2,0.2797
d_margin,0,"cost index + food CPI ex VAT, PDL",2012Q3,-0.05674
d_margin,0,"cost index + food CPI ex VAT, PDL",2012Q4,2.9
d_margin,0,"cost index + food CPI ex VAT, PDL",2013Q1,2.937
d_margin,0,"cost index + food CPI ex VAT, PDL",2013Q2,0.6073
d_margin,0,"cost index + food CPI ex VAT, PDL",2013Q3,-2.095
d_margin,0,"cost index + food CPI ex VAT, PDL",2013Q4,-1.64
d_margin,0,"cost index + food CPI ex VAT, PDL",2014Q1,-2.331
d_margin,0,"cost index + food CPI ex VAT, PDL",2014Q2,-0.1305
d_margin,0,"cost index + food CPI ex VAT, PDL",2014Q3,0.8924
d_margin,0,"cost index + food CPI ex VAT, PDL",2014Q4,-0.2573
d_margin,0,"cost index + food CPI ex VAT, PDL",2015Q1,0.6801
d_margin,0,"cost index + food CPI ex VAT, PDL",2015Q2,-0.1652
d_margin,0,"cost index + food CPI ex VAT, PDL",2015Q3,0.0536
d_margin,0,"cost index + food CPI ex VAT, PDL",2015Q4,-0.07995
d_margin,0,"cost index + food CPI ex VAT, PDL",2016Q1,-0.0724
d_margin,0,"cost index + food CPI ex VAT, PDL",2016Q2,-0.7991
d_margin,0,"cost index + food CPI ex VAT, PDL",2016Q3,-1.19
d_margin,0,"cost index + food CPI ex VAT, PDL",2016Q4,-0.5698
d_margin,0,"cost index + food CPI ex VAT, PDL",2017Q1,-0.6096
d_margin,0,"cost index + food CPI ex VAT, PDL",2017Q2,-0.05412
d_margin,0,"cost index + food CPI ex VAT, PDL",2017Q3,-0.4052
d_margin,0,"cost index + food CPI ex VAT, PDL",2017Q4,0.3038
d_margin,0,"cost index + food CPI ex VAT, PDL",2018Q1,1.09
d_margin,0,"cost index + food CPI ex VAT, PDL",2018Q2,0.07188
d_margin,0,"cost index + food CPI ex VAT, PDL",2018Q3,0.5065
d_margin,0,"cost index + food CPI ex VAT, PDL",2018Q4,0.4996
d_margin,0,"cost index + food CPI ex VAT, PDL",2019Q1,-0.7237
d_margin,0,"cost index + food CPI ex VAT, PDL",2019Q2,0.3556
d_margin,0,"cost index + food CPI ex VAT, PDL",2019Q3,0.2817
d_margin,0,"cost index + food CPI ex VAT, PDL",2019Q4,0.2867
d_margin,0,"cost index + food CPI ex VAT, PDL",2020Q1,0.4396
d_margin,0,"cost index + food CPI ex VAT, PDL",2020Q2,0.361
d_margin,0,"cost index + food CPI ex VAT, PDL",2020Q3,1.069
d_margin,0,"cost index + food CPI ex VAT, PDL",2020Q4,0.4094
d_margin,0,"cost index + food CPI ex VAT, PDL",2021Q1,0.8595
d_margin,0,"cost index + food CPI ex VAT, PDL",2021Q2,0.3189
d_margin,0,"cost index + food CPI ex VAT, PDL",2021Q3,-1.065
d_margin,0,"cost index + food CPI ex VAT, PDL",2021Q4,0.2022
d_margin,0,"cost index + food CPI ex VAT, PDL",2022Q1,-1.208
d_margin,0,"cost index + food CPI ex VAT, PDL",2022Q2,0.1775
d_margin,0,"cost index + food CPI ex VAT, PDL",2022Q3,-0.7245
d_margin,0,"cost index + food CPI ex VAT, PDL",2022Q4,-2.212
d_margin,0,"cost index + food CPI ex VAT, PDL",2023Q1,-2.266
d_margin,0,"cost index + food CPI ex VAT, PDL",2023Q2,0.3185
d_margin,0,"cost index + food CPI ex VAT, PDL",2023Q3,2.49
d_margin,0,"cost index + food CPI ex VAT, PDL",2023Q4,0.9343
d_margin,0,"cost index + food CPI ex VAT, PDL",2024Q1,0.6227
d_margin,0,"cost index + food CPI ex VAT, PDL",2024Q2,0.5847
d_margin,0,"cost index + food CPI ex VAT, PDL",2024Q3,1.912
d_margin,0,"cost index + food CPI ex VAT, PDL",2024Q4,1.436
d_margin,0,"cost index + food CPI ex VAT, PDL",2025Q1,0.629
d_margin,0,"cost index + food CPI ex VAT, PDL",2025Q2,0.6835
d_margin,0,"cost index + food CPI ex VAT, PDL",2025Q3,-0.08866
d_margin,0,"cost index + food CPI ex VAT, PDL",2025Q4,0.182
d_margin,0,"cost index + food CPI ex VAT, PDL",2026Q1,0.4747
d_margin,0,"cost index + food CPI ex VAT, PDL",2026Q2,0.3597
d_margin,0,"gap: CPI ex VAT - cost index, PDL",2010Q1,0.8122
d_margin,0,"gap: CPI ex VAT - cost index, PDL",2010Q2,1.62
d_margin,0,"gap: CPI ex VAT - cost index, PDL",2010Q3,0.9483
d_margin,0,"gap: CPI ex VAT - cost index, PDL",2010Q4,0.3321
d_margin,0,"gap: CPI ex VAT - cost index, PDL",2011Q1,0.1085
d_margin,0,"gap: CPI ex VAT - cost index, PDL",2011Q2,-0.4079
d_margin,0,"gap: CPI ex VAT - cost index, PDL",2011Q3,-0.6617
d_margin,0,"gap: CPI ex VAT - cost index, PDL",2011Q4,-1.033
d_margin,0,"gap: CPI ex VAT - cost index, PDL",2012Q1,0.3235
d_margin,0,"gap: CPI ex VAT - cost index, PDL",2012Q2,1.24
d_margin,0,"gap: CPI ex VAT - cost index, PDL",2012Q3,0.9908
d_margin,0,"gap: CPI ex VAT - cost index, PDL",2012Q4,3.369
d_margin,0,"gap: CPI ex VAT - cost index, PDL",2013Q1,3.273
d_margin,0,"gap: CPI ex VAT - cost index, PDL",2013Q2,1.029
d_margin,0,"gap: CPI ex VAT - cost index, PDL",2013Q3,-1.506
d_margin,0,"gap: CPI ex VAT - cost index, PDL",2013Q4,-1.192
d_margin,0,"gap: CPI ex VAT - cost index, PDL",2014Q1,-2.067
d_margin,0,"gap: CPI ex VAT - cost index, PDL",2014Q2,0.0984
d_margin,0,"gap: CPI ex VAT - cost index, PDL",2014Q3,1.043
d_margin,0,"gap: CPI ex VAT - cost index, PDL",2014Q4,-0.1771
d_margin,0,"gap: CPI ex VAT - cost index, PDL",2015Q1,0.7107
d_margin,0,"gap: CPI ex VAT - cost index, PDL",2015Q2,-0.03126
d_margin,0,"gap: CPI ex VAT - cost index, PDL",2015Q3,0.5224
d_margin,0,"gap: CPI ex VAT - cost index, PDL",2015Q4,0.5418
d_margin,0,"gap: CPI ex VAT - cost index, PDL",2016Q1,0.6984
d_margin,0,"gap: CPI ex VAT - cost index, PDL",2016Q2,0.03935
d_margin,0,"gap: CPI ex VAT - cost index, PDL",2016Q3,-0.5203
d_margin,0,"gap: CPI ex VAT - cost index, PDL",2016Q4,-0.1134
d_margin,0,"gap: CPI ex VAT - cost index, PDL",2017Q1,-0.4234
d_margin,0,"gap: CPI ex VAT - cost index, PDL",2017Q2,-0.07505
d_margin,0,"gap: CPI ex VAT - cost index, PDL",2017Q3,-0.4931
d_margin,0,"gap: CPI ex VAT - cost index, PDL",2017Q4,0.2737
d_margin,0,"gap: CPI ex VAT - cost index, PDL",2018Q1,1.053
d_margin,0,"gap: CPI ex VAT - cost index, PDL",2018Q2,0.02714
d_margin,0,"gap: CPI ex VAT - cost index, PDL",2018Q3,0.5596
d_margin,0,"gap: CPI ex VAT - cost index, PDL",2018Q4,0.6025
d_margin,0,"gap: CPI ex VAT - cost index, PDL",2019Q1,-0.5746
d_margin,0,"gap: CPI ex VAT - cost index, PDL",2019Q2,0.5225
d_margin,0,"gap: CPI ex VAT - cost index, PDL",2019Q3,0.3789
d_margin,0,"gap: CPI ex VAT - cost index, PDL",2019Q4,0.3503
d_margin,0,"gap: CPI ex VAT - cost index, PDL",2020Q1,0.438
d_margin,0,"gap: CPI ex VAT - cost index, PDL",2020Q2,0.3199
d_margin,0,"gap: CPI ex VAT - cost index, PDL",2020Q3,1.087
d_margin,0,"gap: CPI ex VAT - cost index, PDL",2020Q4,0.365
d_margin,0,"gap: CPI ex VAT - cost index, PDL",2021Q1,0.8198
d_margin,0,"gap: CPI ex VAT - cost index, PDL",2021Q2,0.1654
d_margin,0,"gap: CPI ex VAT - cost index, PDL",2021Q3,-1.223
d_margin,0,"gap: CPI ex VAT - cost index, PDL",2021Q4,-0.1626
d_margin,0,"gap: CPI ex VAT - cost index, PDL",2022Q1,-1.61
d_margin,0,"gap: CPI ex VAT - cost index, PDL",2022Q2,-0.2835
d_margin,0,"gap: CPI ex VAT - cost index, PDL",2022Q3,-0.9877
d_margin,0,"gap: CPI ex VAT - cost index, PDL",2022Q4,-1.551
d_margin,0,"gap: CPI ex VAT - cost index, PDL",2023Q1,-1.468
d_margin,0,"gap: CPI ex VAT - cost index, PDL",2023Q2,0.1204
d_margin,0,"gap: CPI ex VAT - cost index, PDL",2023Q3,1.391
d_margin,0,"gap: CPI ex VAT - cost index, PDL",2023Q4,0.4581
d_margin,0,"gap: CPI ex VAT - cost index, PDL",2024Q1,0.3484
d_margin,0,"gap: CPI ex VAT - cost index, PDL",2024Q2,0.1696
d_margin,0,"gap: CPI ex VAT - cost index, PDL",2024Q3,0.9823
d_margin,0,"gap: CPI ex VAT - cost index, PDL",2024Q4,0.7132
d_margin,0,"gap: CPI ex VAT - cost index, PDL",2025Q1,0.2628
d_margin,0,"gap: CPI ex VAT - cost index, PDL",2025Q2,0.5271
d_margin,0,"gap: CPI ex VAT - cost index, PDL",2025Q3,-0.1113
d_margin,0,"gap: CPI ex VAT - cost index, PDL",2025Q4,0.247
d_margin,0,"gap: CPI ex VAT - cost index, PDL",2026Q1,0.4946
d_margin,0,"gap: CPI ex VAT - cost index, PDL",2026Q2,0.3506
d_margin,0,"gap: CPI - agri basket (panel), avg L0-2",2010Q1,0.4213
d_margin,0,"gap: CPI - agri basket (panel), avg L0-2",2010Q2,0.7866
d_margin,0,"gap: CPI - agri basket (panel), avg L0-2",2010Q3,0.5781
d_margin,0,"gap: CPI - agri basket (panel), avg L0-2",2010Q4,0.2197
d_margin,0,"gap: CPI - agri basket (panel), avg L0-2",2011Q1,0.0159
d_margin,0,"gap: CPI - agri basket (panel), avg L0-2",2011Q2,-0.1862
d_margin,0,"gap: CPI - agri basket (panel), avg L0-2",2011Q3,-0.5041
d_margin,0,"gap: CPI - agri basket (panel), avg L0-2",2011Q4,-0.805
d_margin,0,"gap: CPI - agri basket (panel), avg L0-2",2012Q1,0.2715
d_margin,0,"gap: CPI - agri basket (panel), avg L0-2",2012Q2,0.882
d_margin,0,"gap: CPI - agri basket (panel), avg L0-2",2012Q3,0.6607
d_margin,0,"gap: CPI - agri basket (panel), avg L0-2",2012Q4,2.324
d_margin,0,"gap: CPI - agri basket (panel), avg L0-2",2013Q1,2.547
d_margin,0,"gap: CPI - agri basket (panel), avg L0-2",2013Q2,0.7033
d_margin,0,"gap: CPI - agri basket (panel), avg L0-2",2013Q3,-1.489
d_margin,0,"gap: CPI - agri basket (panel), avg L0-2",2013Q4,-1.091
d_margin,0,"gap: CPI - agri basket (panel), avg L0-2",2014Q1,-1.944
d_margin,0,"gap: CPI - agri basket (panel), avg L0-2",2014Q2,0.1699
d_margin,0,"gap: CPI - agri basket (panel), avg L0-2",2014Q3,1.031
d_margin,0,"gap: CPI - agri basket (panel), avg L0-2",2014Q4,-0.2408
d_margin,0,"gap: CPI - agri basket (panel), avg L0-2",2015Q1,0.6409
d_margin,0,"gap: CPI - agri basket (panel), avg L0-2",2015Q2,-0.1263
d_margin,0,"gap: CPI - agri basket (panel), avg L0-2",2015Q3,0.5317
d_margin,0,"gap: CPI - agri basket (panel), avg L0-2",2015Q4,0.6105
d_margin,0,"gap: CPI - agri basket (panel), avg L0-2",2016Q1,0.8286
d_margin,0,"gap: CPI - agri basket (panel), avg L0-2",2016Q2,0.1457
d_margin,0,"gap: CPI - agri basket (panel), avg L0-2",2016Q3,-0.3788
d_margin,0,"gap: CPI - agri basket (panel), avg L0-2",2016Q4,0.03908
d_margin,0,"gap: CPI - agri basket (panel), avg L0-2",2017Q1,-0.2859
d_margin,0,"gap: CPI - agri basket (panel), avg L0-2",2017Q2,0.05407
d_margin,0,"gap: CPI - agri basket (panel), avg L0-2",2017Q3,-0.4627
d_margin,0,"gap: CPI - agri basket (panel), avg L0-2",2017Q4,0.2097
d_margin,0,"gap: CPI - agri basket (panel), avg L0-2",2018Q1,0.88
d_margin,0,"gap: CPI - agri basket (panel), avg L0-2",2018Q2,-0.2081
d_margin,0,"gap: CPI - agri basket (panel), avg L0-2",2018Q3,0.3452
d_margin,0,"gap: CPI - agri basket (panel), avg L0-2",2018Q4,0.4666
d_margin,0,"gap: CPI - agri basket (panel), avg L0-2",2019Q1,-0.6011
d_margin,0,"gap: CPI - agri basket (panel), avg L0-2",2019Q2,0.6059
d_margin,0,"gap: CPI - agri basket (panel), avg L0-2",2019Q3,0.4817
d_margin,0,"gap: CPI - agri basket (panel), avg L0-2",2019Q4,0.4366
d_margin,0,"gap: CPI - agri basket (panel), avg L0-2",2020Q1,0.4968
d_margin,0,"gap: CPI - agri basket (panel), avg L0-2",2020Q2,0.3461
d_margin,0,"gap: CPI - agri basket (panel), avg L0-2",2020Q3,1.06
d_margin,0,"gap: CPI - agri basket (panel), avg L0-2",2020Q4,0.3021
d_margin,0,"gap: CPI - agri basket (panel), avg L0-2",2021Q1,0.7699
d_margin,0,"gap: CPI - agri basket (panel), avg L0-2",2021Q2,0.1119
d_margin,0,"gap: CPI - agri basket (panel), avg L0-2",2021Q3,-1.212
d_margin,0,"gap: CPI - agri basket (panel), avg L0-2",2021Q4,-0.181
d_margin,0,"gap: CPI - agri basket (panel), avg L0-2",2022Q1,-1.472
d_margin,0,"gap: CPI - agri basket (panel), avg L0-2",2022Q2,-0.2274
d_margin,0,"gap: CPI - agri basket (panel), avg L0-2",2022Q3,-1.068
d_margin,0,"gap: CPI - agri basket (panel), avg L0-2",2022Q4,-1.83
d_margin,0,"gap: CPI - agri basket (panel), avg L0-2",2023Q1,-1.813
d_margin,0,"gap: CPI - agri basket (panel), avg L0-2",2023Q2,-0.4652
d_margin,0,"gap: CPI - agri basket (panel), avg L0-2",2023Q3,0.6184
d_margin,0,"gap: CPI - agri basket (panel), avg L0-2",2023Q4,0.05684
d_margin,0,"gap: CPI - agri basket (panel), avg L0-2",2024Q1,0.2682
d_margin,0,"gap: CPI - agri basket (panel), avg L0-2",2024Q2,0.232
d_margin,0,"gap: CPI - agri basket (panel), avg L0-2",2024Q3,1.026
d_margin,0,"gap: CPI - agri basket (panel), avg L0-2",2024Q4,0.7542
d_margin,0,"gap: CPI - agri basket (panel), avg L0-2",2025Q1,0.2837
d_margin,0,"gap: CPI - agri basket (panel), avg L0-2",2025Q2,0.5409
d_margin,0,"gap: CPI - agri basket (panel), avg L0-2",2025Q3,-0.1347
d_margin,0,"gap: CPI - agri basket (panel), avg L0-2",2025Q4,0.1687
d_margin,0,"gap: CPI - agri basket (panel), avg L0-2",2026Q1,0.3309
d_margin,0,"gap: CPI - agri basket (panel), avg L0-2",2026Q2,0.1706
d_margin,0,cost-index acceleration (avg L0-3 - L4-7),2010Q1,0.4372
d_margin,0,cost-index acceleration (avg L0-3 - L4-7),2010Q2,0.8797
d_margin,0,cost-index acceleration (avg L0-3 - L4-7),2010Q3,0.6044
d_margin,0,cost-index acceleration (avg L0-3 - L4-7),2010Q4,0.2256
d_margin,0,cost-index acceleration (avg L0-3 - L4-7),2011Q1,0.02571
d_margin,0,cost-index acceleration (avg L0-3 - L4-7),2011Q2,-0.2398
d_margin,0,cost-index acceleration (avg L0-3 - L4-7),2011Q3,-0.5441
d_margin,0,cost-index acceleration (avg L0-3 - L4-7),2011Q4,-0.7976
d_margin,0,cost-index acceleration (avg L0-3 - L4-7),2012Q1,0.3323
d_margin,0,cost-index acceleration (avg L0-3 - L4-7),2012Q2,0.9304
d_margin,0,cost-index acceleration (avg L0-3 - L4-7),2012Q3,0.7607
d_margin,0,cost-index acceleration (avg L0-3 - L4-7),2012Q4,2.427
d_margin,0,cost-index acceleration (avg L0-3 - L4-7),2013Q1,2.552
d_margin,0,cost-index acceleration (avg L0-3 - L4-7),2013Q2,0.8433
d_margin,0,cost-index acceleration (avg L0-3 - L4-7),2013Q3,-1.401
d_margin,0,cost-index acceleration (avg L0-3 - L4-7),2013Q4,-1.075
d_margin,0,cost-index acceleration (avg L0-3 - L4-7),2014Q1,-1.903
d_margin,0,cost-index acceleration (avg L0-3 - L4-7),2014Q2,0.1051
d_margin,0,cost-index acceleration (avg L0-3 - L4-7),2014Q3,1.023
d_margin,0,cost-index acceleration (avg L0-3 - L4-7),2014Q4,-0.1741
d_margin,0,cost-index acceleration (avg L0-3 - L4-7),2015Q1,0.6906
d_margin,0,cost-index acceleration (avg L0-3 - L4-7),2015Q2,0.03352
d_margin,0,cost-index acceleration (avg L0-3 - L4-7),2015Q3,0.5897
d_margin,0,cost-index acceleration (avg L0-3 - L4-7),2015Q4,0.6376
d_margin,0,cost-index acceleration (avg L0-3 - L4-7),2016Q1,0.806
d_margin,0,cost-index acceleration (avg L0-3 - L4-7),2016Q2,0.1626
d_margin,0,cost-index acceleration (avg L0-3 - L4-7),2016Q3,-0.3767
d_margin,0,cost-index acceleration (avg L0-3 - L4-7),2016Q4,0.0005299
d_margin,0,cost-index acceleration (avg L0-3 - L4-7),2017Q1,-0.2988
d_margin,0,cost-index acceleration (avg L0-3 - L4-7),2017Q2,-0.02272
d_margin,0,cost-index acceleration (avg L0-3 - L4-7),2017Q3,-0.5198
d_margin,0,cost-index acceleration (avg L0-3 - L4-7),2017Q4,0.1497
d_margin,0,cost-index acceleration (avg L0-3 - L4-7),2018Q1,0.8144
d_margin,0,cost-index acceleration (avg L0-3 - L4-7),2018Q2,-0.1332
d_margin,0,cost-index acceleration (avg L0-3 - L4-7),2018Q3,0.4515
d_margin,0,cost-index acceleration (avg L0-3 - L4-7),2018Q4,0.5966
d_margin,0,cost-index acceleration (avg L0-3 - L4-7),2019Q1,-0.469
d_margin,0,cost-index acceleration (avg L0-3 - L4-7),2019Q2,0.6261
d_margin,0,cost-index acceleration (avg L0-3 - L4-7),2019Q3,0.4795
d_margin,0,cost-index acceleration (avg L0-3 - L4-7),2019Q4,0.4052
d_margin,0,cost-index acceleration (avg L0-3 - L4-7),2020Q1,0.4482
d_margin,0,cost-index acceleration (avg L0-3 - L4-7),2020Q2,0.3182
d_margin,0,cost-index acceleration (avg L0-3 - L4-7),2020Q3,1.033
d_margin,0,cost-index acceleration (avg L0-3 - L4-7),2020Q4,0.3035
d_margin,0,cost-index acceleration (avg L0-3 - L4-7),2021Q1,0.7835
d_margin,0,cost-index acceleration (avg L0-3 - L4-7),2021Q2,0.1829
d_margin,0,cost-index acceleration (avg L0-3 - L4-7),2021Q3,-1.152
d_margin,0,cost-index acceleration (avg L0-3 - L4-7),2021Q4,-0.1682
d_margin,0,cost-index acceleration (avg L0-3 - L4-7),2022Q1,-1.456
d_margin,0,cost-index acceleration (avg L0-3 - L4-7),2022Q2,-0.2865
d_margin,0,cost-index acceleration (avg L0-3 - L4-7),2022Q3,-1.112
d_margin,0,cost-index acceleration (avg L0-3 - L4-7),2022Q4,-1.828
d_margin,0,cost-index acceleration (avg L0-3 - L4-7),2023Q1,-1.776
d_margin,0,cost-index acceleration (avg L0-3 - L4-7),2023Q2,-0.3851
d_margin,0,cost-index acceleration (avg L0-3 - L4-7),2023Q3,0.7687
d_margin,0,cost-index acceleration (avg L0-3 - L4-7),2023Q4,0.2887
d_margin,0,cost-index acceleration (avg L0-3 - L4-7),2024Q1,0.5311
d_margin,0,cost-index acceleration (avg L0-3 - L4-7),2024Q2,0.5709
d_margin,0,cost-index acceleration (avg L0-3 - L4-7),2024Q3,1.297
d_margin,0,cost-index acceleration (avg L0-3 - L4-7),2024Q4,0.887
d_margin,0,cost-index acceleration (avg L0-3 - L4-7),2025Q1,0.2796
d_margin,0,cost-index acceleration (avg L0-3 - L4-7),2025Q2,0.3927
d_margin,0,cost-index acceleration (avg L0-3 - L4-7),2025Q3,-0.2635
d_margin,0,cost-index acceleration (avg L0-3 - L4-7),2025Q4,0.06905
d_margin,0,cost-index acceleration (avg L0-3 - L4-7),2026Q1,0.3015
d_margin,0,cost-index acceleration (avg L0-3 - L4-7),2026Q2,0.2279
d_margin,0,packaging acceleration,2010Q1,1.05
d_margin,0,packaging acceleration,2010Q2,1.253
d_margin,0,packaging acceleration,2010Q3,0.6559
d_margin,0,packaging acceleration,2010Q4,-0.0426
d_margin,0,packaging acceleration,2011Q1,-0.4974
d_margin,0,packaging acceleration,2011Q2,-0.7801
d_margin,0,packaging acceleration,2011Q3,-0.942
d_margin,0,packaging acceleration,2011Q4,-1.032
d_margin,0,packaging acceleration,2012Q1,0.1364
d_margin,0,packaging acceleration,2012Q2,0.8073
d_margin,0,packaging acceleration,2012Q3,0.7443
d_margin,0,packaging acceleration,2012Q4,2.315
d_margin,0,packaging acceleration,2013Q1,2.549
d_margin,0,packaging acceleration,2013Q2,0.9699
d_margin,0,packaging acceleration,2013Q3,-1.292
d_margin,0,packaging acceleration,2013Q4,-1.008
d_margin,0,packaging acceleration,2014Q1,-1.887
d_margin,0,packaging acceleration,2014Q2,0.1677
d_margin,0,packaging acceleration,2014Q3,1.03
d_margin,0,packaging acceleration,2014Q4,-0.1917
d_margin,0,packaging acceleration,2015Q1,0.6417
d_margin,0,packaging acceleration,2015Q2,-0.03223
d_margin,0,packaging acceleration,2015Q3,0.5177
d_margin,0,packaging acceleration,2015Q4,0.5799
d_margin,0,packaging acceleration,2016Q1,0.7856
d_margin,0,packaging acceleration,2016Q2,0.1433
d_margin,0,packaging acceleration,2016Q3,-0.3748
d_margin,0,packaging acceleration,2016Q4,0.04293
d_margin,0,packaging acceleration,2017Q1,-0.2317
d_margin,0,packaging acceleration,2017Q2,0.1227
d_margin,0,packaging acceleration,2017Q3,-0.3373
d_margin,0,packaging acceleration,2017Q4,0.2723
d_margin,0,packaging acceleration,2018Q1,0.8387
d_margin,0,packaging acceleration,2018Q2,-0.2134
d_margin,0,packaging acceleration,2018Q3,0.2866
d_margin,0,packaging acceleration,2018Q4,0.4043
d_margin,0,packaging acceleration,2019Q1,-0.5935
d_margin,0,packaging acceleration,2019Q2,0.5519
d_margin,0,packaging acceleration,2019Q3,0.4949
d_margin,0,packaging acceleration,2019Q4,0.4909
d_margin,0,packaging acceleration,2020Q1,0.5869
d_margin,0,packaging acceleration,2020Q2,0.4632
d_margin,0,packaging acceleration,2020Q3,1.167
d_margin,0,packaging acceleration,2020Q4,0.4176
d_margin,0,packaging acceleration,2021Q1,0.8243
d_margin,0,packaging acceleration,2021Q2,0.1625
d_margin,0,packaging acceleration,2021Q3,-1.19
d_margin,0,packaging acceleration,2021Q4,-0.3193
d_margin,0,packaging acceleration,2022Q1,-1.795
d_margin,0,packaging acceleration,2022Q2,-0.7079
d_margin,0,packaging acceleration,2022Q3,-1.778
d_margin,0,packaging acceleration,2022Q4,-2.584
d_margin,0,packaging acceleration,2023Q1,-2.388
d_margin,0,packaging acceleration,2023Q2,-0.7781
d_margin,0,packaging acceleration,2023Q3,0.6678
d_margin,0,packaging acceleration,2023Q4,0.6985
d_margin,0,packaging acceleration,2024Q1,1.204
d_margin,0,packaging acceleration,2024Q2,1.28
d_margin,0,packaging acceleration,2024Q3,1.983
d_margin,0,packaging acceleration,2024Q4,1.362
d_margin,0,packaging acceleration,2025Q1,0.5425
d_margin,0,packaging acceleration,2025Q2,0.4218
d_margin,0,packaging acceleration,2025Q3,-0.3744
d_margin,0,packaging acceleration,2025Q4,-0.1166
d_margin,0,packaging acceleration,2026Q1,0.08622
d_margin,0,packaging acceleration,2026Q2,0.01673
d_margin,0,"EUR/SEK, PDL L0-6",2010Q1,0.3616
d_margin,0,"EUR/SEK, PDL L0-6",2010Q2,0.5787
d_margin,0,"EUR/SEK, PDL L0-6",2010Q3,0.1442
d_margin,0,"EUR/SEK, PDL L0-6",2010Q4,-0.2702
d_margin,0,"EUR/SEK, PDL L0-6",2011Q1,-0.3813
d_margin,0,"EUR/SEK, PDL L0-6",2011Q2,-0.4961
d_margin,0,"EUR/SEK, PDL L0-6",2011Q3,-0.692
d_margin,0,"EUR/SEK, PDL L0-6",2011Q4,-0.9454
d_margin,0,"EUR/SEK, PDL L0-6",2012Q1,0.2508
d_margin,0,"EUR/SEK, PDL L0-6",2012Q2,0.9846
d_margin,0,"EUR/SEK, PDL L0-6",2012Q3,0.8861
d_margin,0,"EUR/SEK, PDL L0-6",2012Q4,2.29
d_margin,0,"EUR/SEK, PDL L0-6",2013Q1,2.181
d_margin,0,"EUR/SEK, PDL L0-6",2013Q2,0.5618
d_margin,0,"EUR/SEK, PDL L0-6",2013Q3,-1.516
d_margin,0,"EUR/SEK, PDL L0-6",2013Q4,-1.037
d_margin,0,"EUR/SEK, PDL L0-6",2014Q1,-1.418
d_margin,0,"EUR/SEK, PDL L0-6",2014Q2,0.3171
d_margin,0,"EUR/SEK, PDL L0-6",2014Q3,1.075
d_margin,0,"EUR/SEK, PDL L0-6",2014Q4,0.03556
d_margin,0,"EUR/SEK, PDL L0-6",2015Q1,0.4405
d_margin,0,"EUR/SEK, PDL L0-6",2015Q2,-0.07642
d_margin,0,"EUR/SEK, PDL L0-6",2015Q3,0.3223
d_margin,0,"EUR/SEK, PDL L0-6",2015Q4,0.3416
d_margin,0,"EUR/SEK, PDL L0-6",2016Q1,0.5238
d_margin,0,"EUR/SEK, PDL L0-6",2016Q2,-0.09081
d_margin,0,"EUR/SEK, PDL L0-6",2016Q3,-0.6337
d_margin,0,"EUR/SEK, PDL L0-6",2016Q4,-0.294
d_margin,0,"EUR/SEK, PDL L0-6",2017Q1,-0.42
d_margin,0,"EUR/SEK, PDL L0-6",2017Q2,0.05843
d_margin,0,"EUR/SEK, PDL L0-6",2017Q3,-0.1368
d_margin,0,"EUR/SEK, PDL L0-6",2017Q4,0.3986
d_margin,0,"EUR/SEK, PDL L0-6",2018Q1,0.6228
d_margin,0,"EUR/SEK, PDL L0-6",2018Q2,-0.5721
d_margin,0,"EUR/SEK, PDL L0-6",2018Q3,0.003089
d_margin,0,"EUR/SEK, PDL L0-6",2018Q4,0.2922
d_margin,0,"EUR/SEK, PDL L0-6",2019Q1,-0.2588
d_margin,0,"EUR/SEK, PDL L0-6",2019Q2,0.7595
d_margin,0,"EUR/SEK, PDL L0-6",2019Q3,0.3803
d_margin,0,"EUR/SEK, PDL L0-6",2019Q4,0.1269
d_margin,0,"EUR/SEK, PDL L0-6",2020Q1,0.112
d_margin,0,"EUR/SEK, PDL L0-6",2020Q2,0.2005
d_margin,0,"EUR/SEK, PDL L0-6",2020Q3,0.9343
d_margin,0,"EUR/SEK, PDL L0-6",2020Q4,0.3397
d_margin,0,"EUR/SEK, PDL L0-6",2021Q1,0.6631
d_margin,0,"EUR/SEK, PDL L0-6",2021Q2,-0.04302
d_margin,0,"EUR/SEK, PDL L0-6",2021Q3,-1.325
d_margin,0,"EUR/SEK, PDL L0-6",2021Q4,-0.3799
d_margin,0,"EUR/SEK, PDL L0-6",2022Q1,-1.378
d_margin,0,"EUR/SEK, PDL L0-6",2022Q2,-0.1801
d_margin,0,"EUR/SEK, PDL L0-6",2022Q3,-0.608
d_margin,0,"EUR/SEK, PDL L0-6",2022Q4,-1.262
d_margin,0,"EUR/SEK, PDL L0-6",2023Q1,-1.335
d_margin,0,"EUR/SEK, PDL L0-6",2023Q2,-0.2076
d_margin,0,"EUR/SEK, PDL L0-6",2023Q3,0.5906
d_margin,0,"EUR/SEK, PDL L0-6",2023Q4,0.2019
d_margin,0,"EUR/SEK, PDL L0-6",2024Q1,0.4399
d_margin,0,"EUR/SEK, PDL L0-6",2024Q2,0.3347
d_margin,0,"EUR/SEK, PDL L0-6",2024Q3,1.019
d_margin,0,"EUR/SEK, PDL L0-6",2024Q4,0.4263
d_margin,0,"EUR/SEK, PDL L0-6",2025Q1,-0.08633
d_margin,0,"EUR/SEK, PDL L0-6",2025Q2,0.3593
d_margin,0,"EUR/SEK, PDL L0-6",2025Q3,-0.1697
d_margin,0,"EUR/SEK, PDL L0-6",2025Q4,0.1182
d_margin,0,"EUR/SEK, PDL L0-6",2026Q1,0.2326
d_margin,0,"EUR/SEK, PDL L0-6",2026Q2,-0.2137
d_margin,0,"raw materials + packaging + EUR/SEK, PDL",2010Q1,-0.4682
d_margin,0,"raw materials + packaging + EUR/SEK, PDL",2010Q2,0.7567
d_margin,0,"raw materials + packaging + EUR/SEK, PDL",2010Q3,-0.2289
d_margin,0,"raw materials + packaging + EUR/SEK, PDL",2010Q4,-1.272
d_margin,0,"raw materials + packaging + EUR/SEK, PDL",2011Q1,-1.083
d_margin,0,"raw materials + packaging + EUR/SEK, PDL",2011Q2,-1.115
d_margin,0,"raw materials + packaging + EUR/SEK, PDL",2011Q3,-0.7741
d_margin,0,"raw materials + packaging + EUR/SEK, PDL",2011Q4,-1.125
d_margin,0,"raw materials + packaging + EUR/SEK, PDL",2012Q1,0.9921
d_margin,0,"raw materials + packaging + EUR/SEK, PDL",2012Q2,2.187
d_margin,0,"raw materials + packaging + EUR/SEK, PDL",2012Q3,1.364
d_margin,0,"raw materials + packaging + EUR/SEK, PDL",2012Q4,4.237
d_margin,0,"raw materials + packaging + EUR/SEK, PDL",2013Q1,3.843
d_margin,0,"raw materials + packaging + EUR/SEK, PDL",2013Q2,1.676
d_margin,0,"raw materials + packaging + EUR/SEK, PDL",2013Q3,-1.949
d_margin,0,"raw materials + packaging + EUR/SEK, PDL",2013Q4,-1.245
d_margin,0,"raw materials + packaging + EUR/SEK, PDL",2014Q1,-1.688
d_margin,0,"raw materials + packaging + EUR/SEK, PDL",2014Q2,0.4732
d_margin,0,"raw materials + packaging + EUR/SEK, PDL",2014Q3,1.595
d_margin,0,"raw materials + packaging + EUR/SEK, PDL",2014Q4,0.2177
d_margin,0,"raw materials + packaging + EUR/SEK, PDL",2015Q1,0.6724
d_margin,0,"raw materials + packaging + EUR/SEK, PDL",2015Q2,0.07394
d_margin,0,"raw materials + packaging + EUR/SEK, PDL",2015Q3,0.4728
d_margin,0,"raw materials + packaging + EUR/SEK, PDL",2015Q4,0.4589
d_margin,0,"raw materials + packaging + EUR/SEK, PDL",2016Q1,0.593
d_margin,0,"raw materials + packaging + EUR/SEK, PDL",2016Q2,-0.01922
d_margin,0,"raw materials + packaging + EUR/SEK, PDL",2016Q3,-0.7349
d_margin,0,"raw materials + packaging + EUR/SEK, PDL",2016Q4,-0.2901
d_margin,0,"raw materials + packaging + EUR/SEK, PDL",2017Q1,-0.3514
d_margin,0,"raw materials + packaging + EUR/SEK, PDL",2017Q2,0.00385
d_margin,0,"raw materials + packaging + EUR/SEK, PDL",2017Q3,-0.1642
d_margin,0,"raw materials + packaging + EUR/SEK, PDL",2017Q4,0.5336
d_margin,0,"raw materials + packaging + EUR/SEK, PDL",2018Q1,0.8527
d_margin,0,"raw materials + packaging + EUR/SEK, PDL",2018Q2,-0.3844
d_margin,0,"raw materials + packaging + EUR/SEK, PDL",2018Q3,0.2634
d_margin,0,"raw materials + packaging + EUR/SEK, PDL",2018Q4,0.6348
d_margin,0,"raw materials + packaging + EUR/SEK, PDL",2019Q1,-0.1529
d_margin,0,"raw materials + packaging + EUR/SEK, PDL",2019Q2,0.9744
d_margin,0,"raw materials + packaging + EUR/SEK, PDL",2019Q3,0.5406
d_margin,0,"raw materials + packaging + EUR/SEK, PDL",2019Q4,0.243
d_margin,0,"raw materials + packaging + EUR/SEK, PDL",2020Q1,0.1939
d_margin,0,"raw materials + packaging + EUR/SEK, PDL",2020Q2,0.2846
d_margin,0,"raw materials + packaging + EUR/SEK, PDL",2020Q3,1.201
d_margin,0,"raw materials + packaging + EUR/SEK, PDL",2020Q4,0.5037
d_margin,0,"raw materials + packaging + EUR/SEK, PDL",2021Q1,0.8066
d_margin,0,"raw materials + packaging + EUR/SEK, PDL",2021Q2,-0.1213
d_margin,0,"raw materials + packaging + EUR/SEK, PDL",2021Q3,-1.961
d_margin,0,"raw materials + packaging + EUR/SEK, PDL",2021Q4,-0.5772
d_margin,0,"raw materials + packaging + EUR/SEK, PDL",2022Q1,-1.965
d_margin,0,"raw materials + packaging + EUR/SEK, PDL",2022Q2,0.04087
d_margin,0,"raw materials + packaging + EUR/SEK, PDL",2022Q3,-0.6975
d_margin,0,"raw materials + packaging + EUR/SEK, PDL",2022Q4,-1.81
d_margin,0,"raw materials + packaging + EUR/SEK, PDL",2023Q1,-1.843
d_margin,0,"raw materials + packaging + EUR/SEK, PDL",2023Q2,0.4423
d_margin,0,"raw materials + packaging + EUR/SEK, PDL",2023Q3,2.438
d_margin,0,"raw materials + packaging + EUR/SEK, PDL",2023Q4,1.383
d_margin,0,"raw materials + packaging + EUR/SEK, PDL",2024Q1,0.6041
d_margin,0,"raw materials + packaging + EUR/SEK, PDL",2024Q2,-0.02123
d_margin,0,"raw materials + packaging + EUR/SEK, PDL",2024Q3,0.8989
d_margin,0,"raw materials + packaging + EUR/SEK, PDL",2024Q4,0.2378
d_margin,0,"raw materials + packaging + EUR/SEK, PDL",2025Q1,-0.155
d_margin,0,"raw materials + packaging + EUR/SEK, PDL",2025Q2,0.2306
d_margin,0,"raw materials + packaging + EUR/SEK, PDL",2025Q3,-0.1536
d_margin,0,"raw materials + packaging + EUR/SEK, PDL",2025Q4,0.2015
d_margin,0,"raw materials + packaging + EUR/SEK, PDL",2026Q1,0.3808
d_margin,0,"raw materials + packaging + EUR/SEK, PDL",2026Q2,-0.05793
d_margin,1,prevailing mean,2010Q1,-0.006171
d_margin,1,prevailing mean,2010Q2,0.01111
d_margin,1,prevailing mean,2010Q3,0.04778
d_margin,1,prevailing mean,2010Q4,0.06855
d_margin,1,prevailing mean,2011Q1,0.07441
d_margin,1,prevailing mean,2011Q2,0.0764
d_margin,1,prevailing mean,2011Q3,0.06346
d_margin,1,prevailing mean,2011Q4,0.04517
d_margin,1,prevailing mean,2012Q1,0.0184
d_margin,1,prevailing mean,2012Q2,0.02909
d_margin,1,prevailing mean,2012Q3,0.05776
d_margin,1,prevailing mean,2012Q4,0.07757
d_margin,1,prevailing mean,2013Q1,0.1441
d_margin,1,prevailing mean,2013Q2,0.2039
d_margin,1,prevailing mean,2013Q3,0.2222
d_margin,1,prevailing mean,2013Q4,0.1682
d_margin,1,prevailing mean,2014Q1,0.1297
d_margin,1,prevailing mean,2014Q2,0.08044
d_margin,1,prevailing mean,2014Q3,0.07574
d_margin,1,prevailing mean,2014Q4,0.1041
d_margin,1,prevailing mean,2015Q1,0.09424
d_margin,1,prevailing mean,2015Q2,0.1071
d_margin,1,prevailing mean,2015Q3,0.1051
d_margin,1,prevailing mean,2015Q4,0.1163
d_margin,1,prevailing mean,2016Q1,0.1286
d_margin,1,prevailing mean,2016Q2,0.1407
d_margin,1,prevailing mean,2016Q3,0.1459
d_margin,1,prevailing mean,2016Q4,0.1308
d_margin,1,prevailing mean,2017Q1,0.128
d_margin,1,prevailing mean,2017Q2,0.1266
d_margin,1,prevailing mean,2017Q3,0.1154
d_margin,1,prevailing mean,2017Q4,0.1022
d_margin,1,prevailing mean,2018Q1,0.1061
d_margin,1,prevailing mean,2018Q2,0.1193
d_margin,1,prevailing mean,2018Q3,0.1169
d_margin,1,prevailing mean,2018Q4,0.1224
d_margin,1,prevailing mean,2019Q1,0.1305
d_margin,1,prevailing mean,2019Q2,0.1175
d_margin,1,prevailing mean,2019Q3,0.1251
d_margin,1,prevailing mean,2019Q4,0.1338
d_margin,1,prevailing mean,2020Q1,0.1412
d_margin,1,prevailing mean,2020Q2,0.1499
d_margin,1,prevailing mean,2020Q3,0.1548
d_margin,1,prevailing mean,2020Q4,0.1756
d_margin,1,prevailing mean,2021Q1,0.1785
d_margin,1,prevailing mean,2021Q2,0.1896
d_margin,1,prevailing mean,2021Q3,0.1898
d_margin,1,prevailing mean,2021Q4,0.1583
d_margin,1,prevailing mean,2022Q1,0.1506
d_margin,1,prevailing mean,2022Q2,0.118
d_margin,1,prevailing mean,2022Q3,0.1084
d_margin,1,prevailing mean,2022Q4,0.08506
d_margin,1,prevailing mean,2023Q1,0.04959
d_margin,1,prevailing mean,2023Q2,0.01672
d_margin,1,prevailing mean,2023Q3,0.00909
d_margin,1,prevailing mean,2023Q4,0.02141
d_margin,1,prevailing mean,2024Q1,0.02009
d_margin,1,prevailing mean,2024Q2,0.01876
d_margin,1,prevailing mean,2024Q3,0.02562
d_margin,1,prevailing mean,2024Q4,0.04486
d_margin,1,prevailing mean,2025Q1,0.05922
d_margin,1,prevailing mean,2025Q2,0.06729
d_margin,1,prevailing mean,2025Q3,0.07415
d_margin,1,prevailing mean,2025Q4,0.07024
d_margin,1,prevailing mean,2026Q1,0.07174
d_margin,1,prevailing mean,2026Q2,0.07478
d_margin,1,AR + Easter (benchmark),2010Q1,0.2194
d_margin,1,AR + Easter (benchmark),2010Q2,0.1014
d_margin,1,AR + Easter (benchmark),2010Q3,0.4402
d_margin,1,AR + Easter (benchmark),2010Q4,0.3162
d_margin,1,AR + Easter (benchmark),2011Q1,0.05989
d_margin,1,AR + Easter (benchmark),2011Q2,0.1976
d_margin,1,AR + Easter (benchmark),2011Q3,-0.07963
d_margin,1,AR + Easter (benchmark),2011Q4,-0.1711
d_margin,1,AR + Easter (benchmark),2012Q1,-0.3217
d_margin,1,AR + Easter (benchmark),2012Q2,0.1565
d_margin,1,AR + Easter (benchmark),2012Q3,0.3778
d_margin,1,AR + Easter (benchmark),2012Q4,0.3179
d_margin,1,AR + Easter (benchmark),2013Q1,1.342
d_margin,1,AR + Easter (benchmark),2013Q2,1.112
d_margin,1,AR + Easter (benchmark),2013Q3,0.5614
d_margin,1,AR + Easter (benchmark),2013Q4,-0.374
d_margin,1,AR + Easter (benchmark),2014Q1,-0.5663
d_margin,1,AR + Easter (benchmark),2014Q2,-0.2141
d_margin,1,AR + Easter (benchmark),2014Q3,0.0154
d_margin,1,AR + Easter (benchmark),2014Q4,0.393
d_margin,1,AR + Easter (benchmark),2015Q1,0.1554
d_margin,1,AR + Easter (benchmark),2015Q2,0.09706
d_margin,1,AR + Easter (benchmark),2015Q3,0.0872
d_margin,1,AR + Easter (benchmark),2015Q4,0.2508
d_margin,1,AR + Easter (benchmark),2016Q1,0.5772
d_margin,1,AR + Easter (benchmark),2016Q2,0.0006882
d_margin,1,AR + Easter (benchmark),2016Q3,0.2128
d_margin,1,AR + Easter (benchmark),2016Q4,-0.04755
d_margin,1,AR + Easter (benchmark),2017Q1,-0.3739
d_margin,1,AR + Easter (benchmark),2017Q2,0.5827
d_margin,1,AR + Easter (benchmark),2017Q3,-0.01529
d_margin,1,AR + Easter (benchmark),2017Q4,-0.06708
d_margin,1,AR + Easter (benchmark),2018Q1,0.4754
d_margin,1,AR + Easter (benchmark),2018Q2,-0.02834
d_margin,1,AR + Easter (benchmark),2018Q3,0.08895
d_margin,1,AR + Easter (benchmark),2018Q4,0.198
d_margin,1,AR + Easter (benchmark),2019Q1,-0.0414
d_margin,1,AR + Easter (benchmark),2019Q2,0.2372
d_margin,1,AR + Easter (benchmark),2019Q3,0.2322
d_margin,1,AR + Easter (benchmark),2019Q4,0.2545
d_margin,1,AR + Easter (benchmark),2020Q1,0.2477
d_margin,1,AR + Easter (benchmark),2020Q2,0.2776
d_margin,1,AR + Easter (benchmark),2020Q3,0.2316
d_margin,1,AR + Easter (benchmark),2020Q4,0.5018
d_margin,1,AR + Easter (benchmark),2021Q1,0.3926
d_margin,1,AR + Easter (benchmark),2021Q2,0.2175
d_margin,1,AR + Easter (benchmark),2021Q3,0.1993
d_margin,1,AR + Easter (benchmark),2021Q4,-0.315
d_margin,1,AR + Easter (benchmark),2022Q1,-0.1505
d_margin,1,AR + Easter (benchmark),2022Q2,-0.35
d_margin,1,AR + Easter (benchmark),2022Q3,-0.09345
d_margin,1,AR + Easter (benchmark),2022Q4,-0.4722
d_margin,1,AR + Easter (benchmark),2023Q1,-0.8763
d_margin,1,AR + Easter (benchmark),2023Q2,-0.9687
d_margin,1,AR + Easter (benchmark),2023Q3,-0.2237
d_margin,1,AR + Easter (benchmark),2023Q4,0.3362
d_margin,1,AR + Easter (benchmark),2024Q1,0.3539
d_margin,1,AR + Easter (benchmark),2024Q2,-0.3778
d_margin,1,AR + Easter (benchmark),2024Q3,0.2017
d_margin,1,AR + Easter (benchmark),2024Q4,0.5471
d_margin,1,AR + Easter (benchmark),2025Q1,0.1526
d_margin,1,AR + Easter (benchmark),2025Q2,0.5921
d_margin,1,AR + Easter (benchmark),2025Q3,0.2739
d_margin,1,AR + Easter (benchmark),2025Q4,-0.03426
d_margin,1,AR + Easter (benchmark),2026Q1,0.2082
d_margin,1,AR + Easter (benchmark),2026Q2,0.0692
d_margin,1,"raw materials local ccy, PDL L0-6",2010Q2,1.355
d_margin,1,"raw materials local ccy, PDL L0-6",2010Q3,1.658
d_margin,1,"raw materials local ccy, PDL L0-6",2010Q4,0.8101
d_margin,1,"raw materials local ccy, PDL L0-6",2011Q1,0.3353
d_margin,1,"raw materials local ccy, PDL L0-6",2011Q2,0.4336
d_margin,1,"raw materials local ccy, PDL L0-6",2011Q3,-0.196
d_margin,1,"raw materials local ccy, PDL L0-6",2011Q4,-0.5247
d_margin,1,"raw materials local ccy, PDL L0-6",2012Q1,-1.179
d_margin,1,"raw materials local ccy, PDL L0-6",2012Q2,-0.2259
d_margin,1,"raw materials local ccy, PDL L0-6",2012Q3,0.7695
d_margin,1,"raw materials local ccy, PDL L0-6",2012Q4,0.9667
d_margin,1,"raw materials local ccy, PDL L0-6",2013Q1,2.805
d_margin,1,"raw materials local ccy, PDL L0-6",2013Q2,2.702
d_margin,1,"raw materials local ccy, PDL L0-6",2013Q3,1.002
d_margin,1,"raw materials local ccy, PDL L0-6",2013Q4,-0.3039
d_margin,1,"raw materials local ccy, PDL L0-6",2014Q1,-0.6056
d_margin,1,"raw materials local ccy, PDL L0-6",2014Q2,-0.3738
d_margin,1,"raw materials local ccy, PDL L0-6",2014Q3,-0.04357
d_margin,1,"raw materials local ccy, PDL L0-6",2014Q4,0.3518
d_margin,1,"raw materials local ccy, PDL L0-6",2015Q1,0.1436
d_margin,1,"raw materials local ccy, PDL L0-6",2015Q2,0.07779
d_margin,1,"raw materials local ccy, PDL L0-6",2015Q3,-0.02111
d_margin,1,"raw materials local ccy, PDL L0-6",2015Q4,0.06559
d_margin,1,"raw materials local ccy, PDL L0-6",2016Q1,0.3125
d_margin,1,"raw materials local ccy, PDL L0-6",2016Q2,-0.34
d_margin,1,"raw materials local ccy, PDL L0-6",2016Q3,-0.1936
d_margin,1,"raw materials local ccy, PDL L0-6",2016Q4,-0.4449
d_margin,1,"raw materials local ccy, PDL L0-6",2017Q1,-0.7072
d_margin,1,"raw materials local ccy, PDL L0-6",2017Q2,0.2822
d_margin,1,"raw materials local ccy, PDL L0-6",2017Q3,-0.1635
d_margin,1,"raw materials local ccy, PDL L0-6",2017Q4,-0.1093
d_margin,1,"raw materials local ccy, PDL L0-6",2018Q1,0.5315
d_margin,1,"raw materials local ccy, PDL L0-6",2018Q2,0.2327
d_margin,1,"raw materials local ccy, PDL L0-6",2018Q3,0.4589
d_margin,1,"raw materials local ccy, PDL L0-6",2018Q4,0.5781
d_margin,1,"raw materials local ccy, PDL L0-6",2019Q1,0.2464
d_margin,1,"raw materials local ccy, PDL L0-6",2019Q2,0.3383
d_margin,1,"raw materials local ccy, PDL L0-6",2019Q3,0.139
d_margin,1,"raw materials local ccy, PDL L0-6",2019Q4,0.02754
d_margin,1,"raw materials local ccy, PDL L0-6",2020Q1,-0.0002135
d_margin,1,"raw materials local ccy, PDL L0-6",2020Q2,0.167
d_margin,1,"raw materials local ccy, PDL L0-6",2020Q3,0.2338
d_margin,1,"raw materials local ccy, PDL L0-6",2020Q4,0.5608
d_margin,1,"raw materials local ccy, PDL L0-6",2021Q1,0.5236
d_margin,1,"raw materials local ccy, PDL L0-6",2021Q2,0.3425
d_margin,1,"raw materials local ccy, PDL L0-6",2021Q3,0.3623
d_margin,1,"raw materials local ccy, PDL L0-6",2021Q4,0.09231
d_margin,1,"raw materials local ccy, PDL L0-6",2022Q1,0.3081
d_margin,1,"raw materials local ccy, PDL L0-6",2022Q2,-0.145
d_margin,1,"raw materials local ccy, PDL L0-6",2022Q3,0.1319
d_margin,1,"raw materials local ccy, PDL L0-6",2022Q4,-0.2188
d_margin,1,"raw materials local ccy, PDL L0-6",2023Q1,-0.7401
d_margin,1,"raw materials local ccy, PDL L0-6",2023Q2,-0.9016
d_margin,1,"raw materials local ccy, PDL L0-6",2023Q3,0.153
d_margin,1,"raw materials local ccy, PDL L0-6",2023Q4,1.172
d_margin,1,"raw materials local ccy, PDL L0-6",2024Q1,1.134
d_margin,1,"raw materials local ccy, PDL L0-6",2024Q2,0.007222
d_margin,1,"raw materials local ccy, PDL L0-6",2024Q3,0.2485
d_margin,1,"raw materials local ccy, PDL L0-6",2024Q4,0.4943
d_margin,1,"raw materials local ccy, PDL L0-6",2025Q1,-0.02996
d_margin,1,"raw materials local ccy, PDL L0-6",2025Q2,0.2824
d_margin,1,"raw materials local ccy, PDL L0-6",2025Q3,0.004935
d_margin,1,"raw materials local ccy, PDL L0-6",2025Q4,-0.1542
d_margin,1,"raw materials local ccy, PDL L0-6",2026Q1,0.1841
d_margin,1,"raw materials local ccy, PDL L0-6",2026Q2,0.2319
d_margin,1,"FAO food index local ccy, PDL L0-6",2010Q1,-0.1321
d_margin,1,"FAO food index local ccy, PDL L0-6",2010Q2,0.256
d_margin,1,"FAO food index local ccy, PDL L0-6",2010Q3,0.8767
d_margin,1,"FAO food index local ccy, PDL L0-6",2010Q4,0.7828
d_margin,1,"FAO food index local ccy, PDL L0-6",2011Q1,0.5262
d_margin,1,"FAO food index local ccy, PDL L0-6",2011Q2,0.5514
d_margin,1,"FAO food index local ccy, PDL L0-6",2011Q3,-0.02204
d_margin,1,"FAO food index local ccy, PDL L0-6",2011Q4,-0.3741
d_margin,1,"FAO food index local ccy, PDL L0-6",2012Q1,-0.7383
d_margin,1,"FAO food index local ccy, PDL L0-6",2012Q2,0.0465
d_margin,1,"FAO food index local ccy, PDL L0-6",2012Q3,0.459
d_margin,1,"FAO food index local ccy, PDL L0-6",2012Q4,0.46
d_margin,1,"FAO food index local ccy, PDL L0-6",2013Q1,1.756
d_margin,1,"FAO food index local ccy, PDL L0-6",2013Q2,1.277
d_margin,1,"FAO food index local ccy, PDL L0-6",2013Q3,0.3629
d_margin,1,"FAO food index local ccy, PDL L0-6",2013Q4,-0.7508
d_margin,1,"FAO food index local ccy, PDL L0-6",2014Q1,-0.8903
d_margin,1,"FAO food index local ccy, PDL L0-6",2014Q2,-0.4812
d_margin,1,"FAO food index local ccy, PDL L0-6",2014Q3,-0.2061
d_margin,1,"FAO food index local ccy, PDL L0-6",2014Q4,0.1751
d_margin,1,"FAO food index local ccy, PDL L0-6",2015Q1,-0.04836
d_margin,1,"FAO food index local ccy, PDL L0-6",2015Q2,-0.1572
d_margin,1,"FAO food index local ccy, PDL L0-6",2015Q3,-0.1201
d_margin,1,"FAO food index local ccy, PDL L0-6",2015Q4,0.09935
d_margin,1,"FAO food index local ccy, PDL L0-6",2016Q1,0.4121
d_margin,1,"FAO food index local ccy, PDL L0-6",2016Q2,-0.1705
d_margin,1,"FAO food index local ccy, PDL L0-6",2016Q3,0.1182
d_margin,1,"FAO food index local ccy, PDL L0-6",2016Q4,-0.04132
d_margin,1,"FAO food index local ccy, PDL L0-6",2017Q1,-0.3467
d_margin,1,"FAO food index local ccy, PDL L0-6",2017Q2,0.6235
d_margin,1,"FAO food index local ccy, PDL L0-6",2017Q3,-0.1489
d_margin,1,"FAO food index local ccy, PDL L0-6",2017Q4,-0.3584
d_margin,1,"FAO food index local ccy, PDL L0-6",2018Q1,0.2871
d_margin,1,"FAO food index local ccy, PDL L0-6",2018Q2,-0.04449
d_margin,1,"FAO food index local ccy, PDL L0-6",2018Q3,0.2108
d_margin,1,"FAO food index local ccy, PDL L0-6",2018Q4,0.3891
d_margin,1,"FAO food index local ccy, PDL L0-6",2019Q1,0.01307
d_margin,1,"FAO food index local ccy, PDL L0-6",2019Q2,0.1329
d_margin,1,"FAO food index local ccy, PDL L0-6",2019Q3,0.04058
d_margin,1,"FAO food index local ccy, PDL L0-6",2019Q4,0.03682
d_margin,1,"FAO food index local ccy, PDL L0-6",2020Q1,0.1871
d_margin,1,"FAO food index local ccy, PDL L0-6",2020Q2,0.2914
d_margin,1,"FAO food index local ccy, PDL L0-6",2020Q3,0.2257
d_margin,1,"FAO food index local ccy, PDL L0-6",2020Q4,0.5158
d_margin,1,"FAO food index local ccy, PDL L0-6",2021Q1,0.4019
d_margin,1,"FAO food index local ccy, PDL L0-6",2021Q2,0.3331
d_margin,1,"FAO food index local ccy, PDL L0-6",2021Q3,0.4877
d_margin,1,"FAO food index local ccy, PDL L0-6",2021Q4,-0.04885
d_margin,1,"FAO food index local ccy, PDL L0-6",2022Q1,-0.02841
d_margin,1,"FAO food index local ccy, PDL L0-6",2022Q2,-0.345
d_margin,1,"FAO food index local ccy, PDL L0-6",2022Q3,-0.07687
d_margin,1,"FAO food index local ccy, PDL L0-6",2022Q4,-0.4278
d_margin,1,"FAO food index local ccy, PDL L0-6",2023Q1,-0.8485
d_margin,1,"FAO food index local ccy, PDL L0-6",2023Q2,-0.8107
d_margin,1,"FAO food index local ccy, PDL L0-6",2023Q3,0.1559
d_margin,1,"FAO food index local ccy, PDL L0-6",2023Q4,0.8605
d_margin,1,"FAO food index local ccy, PDL L0-6",2024Q1,0.8412
d_margin,1,"FAO food index local ccy, PDL L0-6",2024Q2,-0.08355
d_margin,1,"FAO food index local ccy, PDL L0-6",2024Q3,0.2813
d_margin,1,"FAO food index local ccy, PDL L0-6",2024Q4,0.4809
d_margin,1,"FAO food index local ccy, PDL L0-6",2025Q1,-0.04786
d_margin,1,"FAO food index local ccy, PDL L0-6",2025Q2,0.3554
d_margin,1,"FAO food index local ccy, PDL L0-6",2025Q3,0.1232
d_margin,1,"FAO food index local ccy, PDL L0-6",2025Q4,-0.04969
d_margin,1,"FAO food index local ccy, PDL L0-6",2026Q1,0.3396
d_margin,1,"FAO food index local ccy, PDL L0-6",2026Q2,0.335
d_margin,1,"calibrated cost index, PDL L0-6",2010Q2,1.261
d_margin,1,"calibrated cost index, PDL L0-6",2010Q3,2.077
d_margin,1,"calibrated cost index, PDL L0-6",2010Q4,1.171
d_margin,1,"calibrated cost index, PDL L0-6",2011Q1,0.2216
d_margin,1,"calibrated cost index, PDL L0-6",2011Q2,0.173
d_margin,1,"calibrated cost index, PDL L0-6",2011Q3,-0.7065
d_margin,1,"calibrated cost index, PDL L0-6",2011Q4,-0.8794
d_margin,1,"calibrated cost index, PDL L0-6",2012Q1,-1.109
d_margin,1,"calibrated cost index, PDL L0-6",2012Q2,-0.2216
d_margin,1,"calibrated cost index, PDL L0-6",2012Q3,0.7594
d_margin,1,"calibrated cost index, PDL L0-6",2012Q4,0.95
d_margin,1,"calibrated cost index, PDL L0-6",2013Q1,2.575
d_margin,1,"calibrated cost index, PDL L0-6",2013Q2,2.514
d_margin,1,"calibrated cost index, PDL L0-6",2013Q3,0.9582
d_margin,1,"calibrated cost index, PDL L0-6",2013Q4,-0.4108
d_margin,1,"calibrated cost index, PDL L0-6",2014Q1,-0.7437
d_margin,1,"calibrated cost index, PDL L0-6",2014Q2,-0.5414
d_margin,1,"calibrated cost index, PDL L0-6",2014Q3,-0.1648
d_margin,1,"calibrated cost index, PDL L0-6",2014Q4,0.2856
d_margin,1,"calibrated cost index, PDL L0-6",2015Q1,0.124
d_margin,1,"calibrated cost index, PDL L0-6",2015Q2,0.08407
d_margin,1,"calibrated cost index, PDL L0-6",2015Q3,-0.01952
d_margin,1,"calibrated cost index, PDL L0-6",2015Q4,0.05093
d_margin,1,"calibrated cost index, PDL L0-6",2016Q1,0.2775
d_margin,1,"calibrated cost index, PDL L0-6",2016Q2,-0.3851
d_margin,1,"calibrated cost index, PDL L0-6",2016Q3,-0.2766
d_margin,1,"calibrated cost index, PDL L0-6",2016Q4,-0.553
d_margin,1,"calibrated cost index, PDL L0-6",2017Q1,-0.8035
d_margin,1,"calibrated cost index, PDL L0-6",2017Q2,0.1753
d_margin,1,"calibrated cost index, PDL L0-6",2017Q3,-0.2364
d_margin,1,"calibrated cost index, PDL L0-6",2017Q4,-0.1566
d_margin,1,"calibrated cost index, PDL L0-6",2018Q1,0.461
d_margin,1,"calibrated cost index, PDL L0-6",2018Q2,0.1992
d_margin,1,"calibrated cost index, PDL L0-6",2018Q3,0.4711
d_margin,1,"calibrated cost index, PDL L0-6",2018Q4,0.6116
d_margin,1,"calibrated cost index, PDL L0-6",2019Q1,0.3021
d_margin,1,"calibrated cost index, PDL L0-6",2019Q2,0.3888
d_margin,1,"calibrated cost index, PDL L0-6",2019Q3,0.1595
d_margin,1,"calibrated cost index, PDL L0-6",2019Q4,0.01777
d_margin,1,"calibrated cost index, PDL L0-6",2020Q1,-0.01561
d_margin,1,"calibrated cost index, PDL L0-6",2020Q2,0.1603
d_margin,1,"calibrated cost index, PDL L0-6",2020Q3,0.2133
d_margin,1,"calibrated cost index, PDL L0-6",2020Q4,0.5231
d_margin,1,"calibrated cost index, PDL L0-6",2021Q1,0.495
d_margin,1,"calibrated cost index, PDL L0-6",2021Q2,0.308
d_margin,1,"calibrated cost index, PDL L0-6",2021Q3,0.3435
d_margin,1,"calibrated cost index, PDL L0-6",2021Q4,0.1187
d_margin,1,"calibrated cost index, PDL L0-6",2022Q1,0.3066
d_margin,1,"calibrated cost index, PDL L0-6",2022Q2,-0.162
d_margin,1,"calibrated cost index, PDL L0-6",2022Q3,0.1303
d_margin,1,"calibrated cost index, PDL L0-6",2022Q4,-0.1734
d_margin,1,"calibrated cost index, PDL L0-6",2023Q1,-0.6858
d_margin,1,"calibrated cost index, PDL L0-6",2023Q2,-0.8247
d_margin,1,"calibrated cost index, PDL L0-6",2023Q3,0.2972
d_margin,1,"calibrated cost index, PDL L0-6",2023Q4,1.402
d_margin,1,"calibrated cost index, PDL L0-6",2024Q1,1.395
d_margin,1,"calibrated cost index, PDL L0-6",2024Q2,0.2463
d_margin,1,"calibrated cost index, PDL L0-6",2024Q3,0.3851
d_margin,1,"calibrated cost index, PDL L0-6",2024Q4,0.5389
d_margin,1,"calibrated cost index, PDL L0-6",2025Q1,-0.04881
d_margin,1,"calibrated cost index, PDL L0-6",2025Q2,0.2206
d_margin,1,"calibrated cost index, PDL L0-6",2025Q3,-0.07143
d_margin,1,"calibrated cost index, PDL L0-6",2025Q4,-0.2036
d_margin,1,"calibrated cost index, PDL L0-6",2026Q1,0.1452
d_margin,1,"calibrated cost index, PDL L0-6",2026Q2,0.2276
d_margin,1,"packaging EU, PDL L0-6",2010Q2,0.6636
d_margin,1,"packaging EU, PDL L0-6",2010Q3,0.03576
d_margin,1,"packaging EU, PDL L0-6",2010Q4,-0.8201
d_margin,1,"packaging EU, PDL L0-6",2011Q1,-1.286
d_margin,1,"packaging EU, PDL L0-6",2011Q2,-0.9758
d_margin,1,"packaging EU, PDL L0-6",2011Q3,-0.8277
d_margin,1,"packaging EU, PDL L0-6",2011Q4,-0.6165
d_margin,1,"packaging EU, PDL L0-6",2012Q1,-0.4375
d_margin,1,"packaging EU, PDL L0-6",2012Q2,0.3028
d_margin,1,"packaging EU, PDL L0-6",2012Q3,0.9001
d_margin,1,"packaging EU, PDL L0-6",2012Q4,1.05
d_margin,1,"packaging EU, PDL L0-6",2013Q1,2.1
d_margin,1,"packaging EU, PDL L0-6",2013Q2,1.819
d_margin,1,"packaging EU, PDL L0-6",2013Q3,0.8308
d_margin,1,"packaging EU, PDL L0-6",2013Q4,-0.07257
d_margin,1,"packaging EU, PDL L0-6",2014Q1,-0.3672
d_margin,1,"packaging EU, PDL L0-6",2014Q2,-0.2735
d_margin,1,"packaging EU, PDL L0-6",2014Q3,0.01908
d_margin,1,"packaging EU, PDL L0-6",2014Q4,0.3111
d_margin,1,"packaging EU, PDL L0-6",2015Q1,0.1523
d_margin,1,"packaging EU, PDL L0-6",2015Q2,0.2779
d_margin,1,"packaging EU, PDL L0-6",2015Q3,0.3777
d_margin,1,"packaging EU, PDL L0-6",2015Q4,0.4048
d_margin,1,"packaging EU, PDL L0-6",2016Q1,0.4186
d_margin,1,"packaging EU, PDL L0-6",2016Q2,-0.1203
d_margin,1,"packaging EU, PDL L0-6",2016Q3,0.00161
d_margin,1,"packaging EU, PDL L0-6",2016Q4,-0.001807
d_margin,1,"packaging EU, PDL L0-6",2017Q1,0.06975
d_margin,1,"packaging EU, PDL L0-6",2017Q2,0.8179
d_margin,1,"packaging EU, PDL L0-6",2017Q3,0.1373
d_margin,1,"packaging EU, PDL L0-6",2017Q4,-0.1448
d_margin,1,"packaging EU, PDL L0-6",2018Q1,0.1073
d_margin,1,"packaging EU, PDL L0-6",2018Q2,-0.2813
d_margin,1,"packaging EU, PDL L0-6",2018Q3,-0.08452
d_margin,1,"packaging EU, PDL L0-6",2018Q4,0.1349
d_margin,1,"packaging EU, PDL L0-6",2019Q1,0.06425
d_margin,1,"packaging EU, PDL L0-6",2019Q2,0.3644
d_margin,1,"packaging EU, PDL L0-6",2019Q3,0.491
d_margin,1,"packaging EU, PDL L0-6",2019Q4,0.5894
d_margin,1,"packaging EU, PDL L0-6",2020Q1,0.5978
d_margin,1,"packaging EU, PDL L0-6",2020Q2,0.592
d_margin,1,"packaging EU, PDL L0-6",2020Q3,0.454
d_margin,1,"packaging EU, PDL L0-6",2020Q4,0.5343
d_margin,1,"packaging EU, PDL L0-6",2021Q1,0.3234
d_margin,1,"packaging EU, PDL L0-6",2021Q2,0.03501
d_margin,1,"packaging EU, PDL L0-6",2021Q3,-0.2405
d_margin,1,"packaging EU, PDL L0-6",2021Q4,-1.135
d_margin,1,"packaging EU, PDL L0-6",2022Q1,-1.339
d_margin,1,"packaging EU, PDL L0-6",2022Q2,-1.579
d_margin,1,"packaging EU, PDL L0-6",2022Q3,-0.9335
d_margin,1,"packaging EU, PDL L0-6",2022Q4,-0.8371
d_margin,1,"packaging EU, PDL L0-6",2023Q1,-0.9466
d_margin,1,"packaging EU, PDL L0-6",2023Q2,-0.4116
d_margin,1,"packaging EU, PDL L0-6",2023Q3,1.811
d_margin,1,"packaging EU, PDL L0-6",2023Q4,4.304
d_margin,1,"packaging EU, PDL L0-6",2024Q1,3.769
d_margin,1,"packaging EU, PDL L0-6",2024Q2,1.153
d_margin,1,"packaging EU, PDL L0-6",2024Q3,-0.301
d_margin,1,"packaging EU, PDL L0-6",2024Q4,-0.6702
d_margin,1,"packaging EU, PDL L0-6",2025Q1,-1.061
d_margin,1,"packaging EU, PDL L0-6",2025Q2,-0.3931
d_margin,1,"packaging EU, PDL L0-6",2025Q3,-0.3112
d_margin,1,"packaging EU, PDL L0-6",2025Q4,-0.1806
d_margin,1,"packaging EU, PDL L0-6",2026Q1,0.314
d_margin,1,"packaging EU, PDL L0-6",2026Q2,0.4046
d_margin,1,"cost index + food CPI ex VAT, PDL",2010Q2,2.414
d_margin,1,"cost index + food CPI ex VAT, PDL",2010Q3,2.702
d_margin,1,"cost index + food CPI ex VAT, PDL",2010Q4,1.451
d_margin,1,"cost index + food CPI ex VAT, PDL",2011Q1,0.3887
d_margin,1,"cost index + food CPI ex VAT, PDL",2011Q2,-0.04479
d_margin,1,"cost index + food CPI ex VAT, PDL",2011Q3,-0.6814
d_margin,1,"cost index + food CPI ex VAT, PDL",2011Q4,-0.9911
d_margin,1,"cost index + food CPI ex VAT, PDL",2012Q1,-1.569
d_margin,1,"cost index + food CPI ex VAT, PDL",2012Q2,-1.134
d_margin,1,"cost index + food CPI ex VAT, PDL",2012Q3,-0.7716
d_margin,1,"cost index + food CPI ex VAT, PDL",2012Q4,-0.8409
d_margin,1,"cost index + food CPI ex VAT, PDL",2013Q1,1.867
d_margin,1,"cost index + food CPI ex VAT, PDL",2013Q2,2.75
d_margin,1,"cost index + food CPI ex VAT, PDL",2013Q3,0.742
d_margin,1,"cost index + food CPI ex VAT, PDL",2013Q4,-1.181
d_margin,1,"cost index + food CPI ex VAT, PDL",2014Q1,-1.578
d_margin,1,"cost index + food CPI ex VAT, PDL",2014Q2,-0.9672
d_margin,1,"cost index + food CPI ex VAT, PDL",2014Q3,-0.3879
d_margin,1,"cost index + food CPI ex VAT, PDL",2014Q4,0.251
d_margin,1,"cost index + food CPI ex VAT, PDL",2015Q1,0.2937
d_margin,1,"cost index + food CPI ex VAT, PDL",2015Q2,0.06403
d_margin,1,"cost index + food CPI ex VAT, PDL",2015Q3,-0.2409
d_margin,1,"cost index + food CPI ex VAT, PDL",2015Q4,-0.7988
d_margin,1,"cost index + food CPI ex VAT, PDL",2016Q1,-0.9457
d_margin,1,"cost index + food CPI ex VAT, PDL",2016Q2,-1.733
d_margin,1,"cost index + food CPI ex VAT, PDL",2016Q3,-1.365
d_margin,1,"cost index + food CPI ex VAT, PDL",2016Q4,-1.258
d_margin,1,"cost index + food CPI ex VAT, PDL",2017Q1,-1.226
d_margin,1,"cost index + food CPI ex VAT, PDL",2017Q2,0.09529
d_margin,1,"cost index + food CPI ex VAT, PDL",2017Q3,-0.2112
d_margin,1,"cost index + food CPI ex VAT, PDL",2017Q4,-0.008288
d_margin,1,"cost index + food CPI ex VAT, PDL",2018Q1,0.6251
d_margin,1,"cost index + food CPI ex VAT, PDL",2018Q2,0.3329
d_margin,1,"cost index + food CPI ex VAT, PDL",2018Q3,0.4827
d_margin,1,"cost index + food CPI ex VAT, PDL",2018Q4,0.4008
d_margin,1,"cost index + food CPI ex VAT, PDL",2019Q1,-0.005161
d_margin,1,"cost index + food CPI ex VAT, PDL",2019Q2,0.05262
d_margin,1,"cost index + food CPI ex VAT, PDL",2019Q3,-0.09402
d_margin,1,"cost index + food CPI ex VAT, PDL",2019Q4,-0.07412
d_margin,1,"cost index + food CPI ex VAT, PDL",2020Q1,-0.05292
d_margin,1,"cost index + food CPI ex VAT, PDL",2020Q2,0.1984
d_margin,1,"cost index + food CPI ex VAT, PDL",2020Q3,0.2671
d_margin,1,"cost index + food CPI ex VAT, PDL",2020Q4,0.4535
d_margin,1,"cost index + food CPI ex VAT, PDL",2021Q1,0.5345
d_margin,1,"cost index + food CPI ex VAT, PDL",2021Q2,0.4301
d_margin,1,"cost index + food CPI ex VAT, PDL",2021Q3,0.6455
d_margin,1,"cost index + food CPI ex VAT, PDL",2021Q4,0.5965
d_margin,1,"cost index + food CPI ex VAT, PDL",2022Q1,0.7872
d_margin,1,"cost index + food CPI ex VAT, PDL",2022Q2,0.3778
d_margin,1,"cost index + food CPI ex VAT, PDL",2022Q3,0.5543
d_margin,1,"cost index + food CPI ex VAT, PDL",2022Q4,0.2461
d_margin,1,"cost index + food CPI ex VAT, PDL",2023Q1,-0.5915
d_margin,1,"cost index + food CPI ex VAT, PDL",2023Q2,-1.152
d_margin,1,"cost index + food CPI ex VAT, PDL",2023Q3,1.138
d_margin,1,"cost index + food CPI ex VAT, PDL",2023Q4,3.408
d_margin,1,"cost index + food CPI ex VAT, PDL",2024Q1,2.849
d_margin,1,"cost index + food CPI ex VAT, PDL",2024Q2,0.7765
d_margin,1,"cost index + food CPI ex VAT, PDL",2024Q3,0.7438
d_margin,1,"cost index + food CPI ex VAT, PDL",2024Q4,1.465
d_margin,1,"cost index + food CPI ex VAT, PDL",2025Q1,0.8078
d_margin,1,"cost index + food CPI ex VAT, PDL",2025Q2,0.7446
d_margin,1,"cost index + food CPI ex VAT, PDL",2025Q3,0.2702
d_margin,1,"cost index + food CPI ex VAT, PDL",2025Q4,-0.07963
d_margin,1,"cost index + food CPI ex VAT, PDL",2026Q1,0.2022
d_margin,1,"cost index + food CPI ex VAT, PDL",2026Q2,0.288
d_margin,1,"gap: CPI ex VAT - cost index, PDL",2010Q2,1.197
d_margin,1,"gap: CPI ex VAT - cost index, PDL",2010Q3,1.969
d_margin,1,"gap: CPI ex VAT - cost index, PDL",2010Q4,1.076
d_margin,1,"gap: CPI ex VAT - cost index, PDL",2011Q1,0.137
d_margin,1,"gap: CPI ex VAT - cost index, PDL",2011Q2,-0.03724
d_margin,1,"gap: CPI ex VAT - cost index, PDL",2011Q3,-0.752
d_margin,1,"gap: CPI ex VAT - cost index, PDL",2011Q4,-0.7358
d_margin,1,"gap: CPI ex VAT - cost index, PDL",2012Q1,-0.9074
d_margin,1,"gap: CPI ex VAT - cost index, PDL",2012Q2,0.118
d_margin,1,"gap: CPI ex VAT - cost index, PDL",2012Q3,1.08
d_margin,1,"gap: CPI ex VAT - cost index, PDL",2012Q4,1.159
d_margin,1,"gap: CPI ex VAT - cost index, PDL",2013Q1,3.307
d_margin,1,"gap: CPI ex VAT - cost index, PDL",2013Q2,3.445
d_margin,1,"gap: CPI ex VAT - cost index, PDL",2013Q3,1.355
d_margin,1,"gap: CPI ex VAT - cost index, PDL",2013Q4,-0.2871
d_margin,1,"gap: CPI ex VAT - cost index, PDL",2014Q1,-0.6192
d_margin,1,"gap: CPI ex VAT - cost index, PDL",2014Q2,-0.4131
d_margin,1,"gap: CPI ex VAT - cost index, PDL",2014Q3,-0.0693
d_margin,1,"gap: CPI ex VAT - cost index, PDL",2014Q4,0.3852
d_margin,1,"gap: CPI ex VAT - cost index, PDL",2015Q1,0.2365
d_margin,1,"gap: CPI ex VAT - cost index, PDL",2015Q2,0.1965
d_margin,1,"gap: CPI ex VAT - cost index, PDL",2015Q3,0.1433
d_margin,1,"gap: CPI ex VAT - cost index, PDL",2015Q4,0.2729
d_margin,1,"gap: CPI ex VAT - cost index, PDL",2016Q1,0.5313
d_margin,1,"gap: CPI ex VAT - cost index, PDL",2016Q2,-0.1175
d_margin,1,"gap: CPI ex VAT - cost index, PDL",2016Q3,0.03538
d_margin,1,"gap: CPI ex VAT - cost index, PDL",2016Q4,-0.2433
d_margin,1,"gap: CPI ex VAT - cost index, PDL",2017Q1,-0.6091
d_margin,1,"gap: CPI ex VAT - cost index, PDL",2017Q2,0.2894
d_margin,1,"gap: CPI ex VAT - cost index, PDL",2017Q3,-0.2148
d_margin,1,"gap: CPI ex VAT - cost index, PDL",2017Q4,-0.192
d_margin,1,"gap: CPI ex VAT - cost index, PDL",2018Q1,0.4758
d_margin,1,"gap: CPI ex VAT - cost index, PDL",2018Q2,0.2147
d_margin,1,"gap: CPI ex VAT - cost index, PDL",2018Q3,0.4758
d_margin,1,"gap: CPI ex VAT - cost index, PDL",2018Q4,0.5749
d_margin,1,"gap: CPI ex VAT - cost index, PDL",2019Q1,0.2332
d_margin,1,"gap: CPI ex VAT - cost index, PDL",2019Q2,0.3501
d_margin,1,"gap: CPI ex VAT - cost index, PDL",2019Q3,0.1573
d_margin,1,"gap: CPI ex VAT - cost index, PDL",2019Q4,0.07369
d_margin,1,"gap: CPI ex VAT - cost index, PDL",2020Q1,0.05792
d_margin,1,"gap: CPI ex VAT - cost index, PDL",2020Q2,0.1631
d_margin,1,"gap: CPI ex VAT - cost index, PDL",2020Q3,0.1751
d_margin,1,"gap: CPI ex VAT - cost index, PDL",2020Q4,0.5024
d_margin,1,"gap: CPI ex VAT - cost index, PDL",2021Q1,0.4703
d_margin,1,"gap: CPI ex VAT - cost index, PDL",2021Q2,0.2962
d_margin,1,"gap: CPI ex VAT - cost index, PDL",2021Q3,0.2894
d_margin,1,"gap: CPI ex VAT - cost index, PDL",2021Q4,-0.06357
d_margin,1,"gap: CPI ex VAT - cost index, PDL",2022Q1,0.04871
d_margin,1,"gap: CPI ex VAT - cost index, PDL",2022Q2,-0.3597
d_margin,1,"gap: CPI ex VAT - cost index, PDL",2022Q3,-0.04357
d_margin,1,"gap: CPI ex VAT - cost index, PDL",2022Q4,-0.2857
d_margin,1,"gap: CPI ex VAT - cost index, PDL",2023Q1,-0.5248
d_margin,1,"gap: CPI ex VAT - cost index, PDL",2023Q2,-0.4673
d_margin,1,"gap: CPI ex VAT - cost index, PDL",2023Q3,0.5244
d_margin,1,"gap: CPI ex VAT - cost index, PDL",2023Q4,1.383
d_margin,1,"gap: CPI ex VAT - cost index, PDL",2024Q1,1.163
d_margin,1,"gap: CPI ex VAT - cost index, PDL",2024Q2,-0.0181
d_margin,1,"gap: CPI ex VAT - cost index, PDL",2024Q3,0.1508
d_margin,1,"gap: CPI ex VAT - cost index, PDL",2024Q4,0.3104
d_margin,1,"gap: CPI ex VAT - cost index, PDL",2025Q1,-0.2004
d_margin,1,"gap: CPI ex VAT - cost index, PDL",2025Q2,0.1765
d_margin,1,"gap: CPI ex VAT - cost index, PDL",2025Q3,0.03113
d_margin,1,"gap: CPI ex VAT - cost index, PDL",2025Q4,-0.1059
d_margin,1,"gap: CPI ex VAT - cost index, PDL",2026Q1,0.2604
d_margin,1,"gap: CPI ex VAT - cost index, PDL",2026Q2,0.3306
d_margin,1,"gap: CPI - agri basket (panel), avg L0-2",2010Q1,-0.2222
d_margin,1,"gap: CPI - agri basket (panel), avg L0-2",2010Q2,-0.06948
d_margin,1,"gap: CPI - agri basket (panel), avg L0-2",2010Q3,0.4478
d_margin,1,"gap: CPI - agri basket (panel), avg L0-2",2010Q4,0.3205
d_margin,1,"gap: CPI - agri basket (panel), avg L0-2",2011Q1,0.05783
d_margin,1,"gap: CPI - agri basket (panel), avg L0-2",2011Q2,0.1858
d_margin,1,"gap: CPI - agri basket (panel), avg L0-2",2011Q3,-0.1301
d_margin,1,"gap: CPI - agri basket (panel), avg L0-2",2011Q4,-0.2802
d_margin,1,"gap: CPI - agri basket (panel), avg L0-2",2012Q1,-0.4692
d_margin,1,"gap: CPI - agri basket (panel), avg L0-2",2012Q2,0.03083
d_margin,1,"gap: CPI - agri basket (panel), avg L0-2",2012Q3,0.3389
d_margin,1,"gap: CPI - agri basket (panel), avg L0-2",2012Q4,0.3265
d_margin,1,"gap: CPI - agri basket (panel), avg L0-2",2013Q1,1.504
d_margin,1,"gap: CPI - agri basket (panel), avg L0-2",2013Q2,1.269
d_margin,1,"gap: CPI - agri basket (panel), avg L0-2",2013Q3,0.6586
d_margin,1,"gap: CPI - agri basket (panel), avg L0-2",2013Q4,-0.3465
d_margin,1,"gap: CPI - agri basket (panel), avg L0-2",2014Q1,-0.5278
d_margin,1,"gap: CPI - agri basket (panel), avg L0-2",2014Q2,-0.1974
d_margin,1,"gap: CPI - agri basket (panel), avg L0-2",2014Q3,0.03726
d_margin,1,"gap: CPI - agri basket (panel), avg L0-2",2014Q4,0.4102
d_margin,1,"gap: CPI - agri basket (panel), avg L0-2",2015Q1,0.08438
d_margin,1,"gap: CPI - agri basket (panel), avg L0-2",2015Q2,-0.03286
d_margin,1,"gap: CPI - agri basket (panel), avg L0-2",2015Q3,-0.104
d_margin,1,"gap: CPI - agri basket (panel), avg L0-2",2015Q4,0.1321
d_margin,1,"gap: CPI - agri basket (panel), avg L0-2",2016Q1,0.5603
d_margin,1,"gap: CPI - agri basket (panel), avg L0-2",2016Q2,0.02553
d_margin,1,"gap: CPI - agri basket (panel), avg L0-2",2016Q3,0.2242
d_margin,1,"gap: CPI - agri basket (panel), avg L0-2",2016Q4,-0.05571
d_margin,1,"gap: CPI - agri basket (panel), avg L0-2",2017Q1,-0.3808
d_margin,1,"gap: CPI - agri basket (panel), avg L0-2",2017Q2,0.5863
d_margin,1,"gap: CPI - agri basket (panel), avg L0-2",2017Q3,-0.005331
d_margin,1,"gap: CPI - agri basket (panel), avg L0-2",2017Q4,-0.06708
d_margin,1,"gap: CPI - agri basket (panel), avg L0-2",2018Q1,0.4919
d_margin,1,"gap: CPI - agri basket (panel), avg L0-2",2018Q2,0.02643
d_margin,1,"gap: CPI - agri basket (panel), avg L0-2",2018Q3,0.09132
d_margin,1,"gap: CPI - agri basket (panel), avg L0-2",2018Q4,0.1805
d_margin,1,"gap: CPI - agri basket (panel), avg L0-2",2019Q1,-0.07274
d_margin,1,"gap: CPI - agri basket (panel), avg L0-2",2019Q2,0.1855
d_margin,1,"gap: CPI - agri basket (panel), avg L0-2",2019Q3,0.215
d_margin,1,"gap: CPI - agri basket (panel), avg L0-2",2019Q4,0.2526
d_margin,1,"gap: CPI - agri basket (panel), avg L0-2",2020Q1,0.2493
d_margin,1,"gap: CPI - agri basket (panel), avg L0-2",2020Q2,0.2829
d_margin,1,"gap: CPI - agri basket (panel), avg L0-2",2020Q3,0.2393
d_margin,1,"gap: CPI - agri basket (panel), avg L0-2",2020Q4,0.5191
d_margin,1,"gap: CPI - agri basket (panel), avg L0-2",2021Q1,0.3942
d_margin,1,"gap: CPI - agri basket (panel), avg L0-2",2021Q2,0.2082
d_margin,1,"gap: CPI - agri basket (panel), avg L0-2",2021Q3,0.1874
d_margin,1,"gap: CPI - agri basket (panel), avg L0-2",2021Q4,-0.3349
d_margin,1,"gap: CPI - agri basket (panel), avg L0-2",2022Q1,-0.1207
d_margin,1,"gap: CPI - agri basket (panel), avg L0-2",2022Q2,-0.2961
d_margin,1,"gap: CPI - agri basket (panel), avg L0-2",2022Q3,-0.001063
d_margin,1,"gap: CPI - agri basket (panel), avg L0-2",2022Q4,-0.4162
d_margin,1,"gap: CPI - agri basket (panel), avg L0-2",2023Q1,-0.9455
d_margin,1,"gap: CPI - agri basket (panel), avg L0-2",2023Q2,-1.087
d_margin,1,"gap: CPI - agri basket (panel), avg L0-2",2023Q3,-0.296
d_margin,1,"gap: CPI - agri basket (panel), avg L0-2",2023Q4,0.3254
d_margin,1,"gap: CPI - agri basket (panel), avg L0-2",2024Q1,0.4056
d_margin,1,"gap: CPI - agri basket (panel), avg L0-2",2024Q2,-0.3068
d_margin,1,"gap: CPI - agri basket (panel), avg L0-2",2024Q3,0.2398
d_margin,1,"gap: CPI - agri basket (panel), avg L0-2",2024Q4,0.5245
d_margin,1,"gap: CPI - agri basket (panel), avg L0-2",2025Q1,0.08662
d_margin,1,"gap: CPI - agri basket (panel), avg L0-2",2025Q2,0.5222
d_margin,1,"gap: CPI - agri basket (panel), avg L0-2",2025Q3,0.2278
d_margin,1,"gap: CPI - agri basket (panel), avg L0-2",2025Q4,-0.02439
d_margin,1,"gap: CPI - agri basket (panel), avg L0-2",2026Q1,0.2205
d_margin,1,"gap: CPI - agri basket (panel), avg L0-2",2026Q2,0.1136
d_margin,1,cost-index acceleration (avg L0-3 - L4-7),2010Q3,0.6364
d_margin,1,cost-index acceleration (avg L0-3 - L4-7),2010Q4,0.3749
d_margin,1,cost-index acceleration (avg L0-3 - L4-7),2011Q1,0.02703
d_margin,1,cost-index acceleration (avg L0-3 - L4-7),2011Q2,-0.0874
d_margin,1,cost-index acceleration (avg L0-3 - L4-7),2011Q3,-0.3321
d_margin,1,cost-index acceleration (avg L0-3 - L4-7),2011Q4,-0.4593
d_margin,1,cost-index acceleration (avg L0-3 - L4-7),2012Q1,-0.4907
d_margin,1,cost-index acceleration (avg L0-3 - L4-7),2012Q2,0.1675
d_margin,1,cost-index acceleration (avg L0-3 - L4-7),2012Q3,0.505
d_margin,1,cost-index acceleration (avg L0-3 - L4-7),2012Q4,0.5658
d_margin,1,cost-index acceleration (avg L0-3 - L4-7),2013Q1,1.433
d_margin,1,cost-index acceleration (avg L0-3 - L4-7),2013Q2,1.515
d_margin,1,cost-index acceleration (avg L0-3 - L4-7),2013Q3,0.7743
d_margin,1,cost-index acceleration (avg L0-3 - L4-7),2013Q4,-0.1227
d_margin,1,cost-index acceleration (avg L0-3 - L4-7),2014Q1,-0.3575
d_margin,1,cost-index acceleration (avg L0-3 - L4-7),2014Q2,-0.2207
d_margin,1,cost-index acceleration (avg L0-3 - L4-7),2014Q3,-0.007353
d_margin,1,cost-index acceleration (avg L0-3 - L4-7),2014Q4,0.3644
d_margin,1,cost-index acceleration (avg L0-3 - L4-7),2015Q1,0.2165
d_margin,1,cost-index acceleration (avg L0-3 - L4-7),2015Q2,0.206
d_margin,1,cost-index acceleration (avg L0-3 - L4-7),2015Q3,0.2424
d_margin,1,cost-index acceleration (avg L0-3 - L4-7),2015Q4,0.3937
d_margin,1,cost-index acceleration (avg L0-3 - L4-7),2016Q1,0.6635
d_margin,1,cost-index acceleration (avg L0-3 - L4-7),2016Q2,0.1264
d_margin,1,cost-index acceleration (avg L0-3 - L4-7),2016Q3,0.2625
d_margin,1,cost-index acceleration (avg L0-3 - L4-7),2016Q4,0.001854
d_margin,1,cost-index acceleration (avg L0-3 - L4-7),2017Q1,-0.3356
d_margin,1,cost-index acceleration (avg L0-3 - L4-7),2017Q2,0.47
d_margin,1,cost-index acceleration (avg L0-3 - L4-7),2017Q3,-0.1011
d_margin,1,cost-index acceleration (avg L0-3 - L4-7),2017Q4,-0.2102
d_margin,1,cost-index acceleration (avg L0-3 - L4-7),2018Q1,0.276
d_margin,1,cost-index acceleration (avg L0-3 - L4-7),2018Q2,-0.05083
d_margin,1,cost-index acceleration (avg L0-3 - L4-7),2018Q3,0.1706
d_margin,1,cost-index acceleration (avg L0-3 - L4-7),2018Q4,0.348
d_margin,1,cost-index acceleration (avg L0-3 - L4-7),2019Q1,0.1939
d_margin,1,cost-index acceleration (avg L0-3 - L4-7),2019Q2,0.377
d_margin,1,cost-index acceleration (avg L0-3 - L4-7),2019Q3,0.2993
d_margin,1,cost-index acceleration (avg L0-3 - L4-7),2019Q4,0.2579
d_margin,1,cost-index acceleration (avg L0-3 - L4-7),2020Q1,0.2054
d_margin,1,cost-index acceleration (avg L0-3 - L4-7),2020Q2,0.1993
d_margin,1,cost-index acceleration (avg L0-3 - L4-7),2020Q3,0.1804
d_margin,1,cost-index acceleration (avg L0-3 - L4-7),2020Q4,0.4465
d_margin,1,cost-index acceleration (avg L0-3 - L4-7),2021Q1,0.3794
d_margin,1,cost-index acceleration (avg L0-3 - L4-7),2021Q2,0.2795
d_margin,1,cost-index acceleration (avg L0-3 - L4-7),2021Q3,0.287
d_margin,1,cost-index acceleration (avg L0-3 - L4-7),2021Q4,-0.189
d_margin,1,cost-index acceleration (avg L0-3 - L4-7),2022Q1,-0.09964
d_margin,1,cost-index acceleration (avg L0-3 - L4-7),2022Q2,-0.3393
d_margin,1,cost-index acceleration (avg L0-3 - L4-7),2022Q3,-0.1212
d_margin,1,cost-index acceleration (avg L0-3 - L4-7),2022Q4,-0.5221
d_margin,1,cost-index acceleration (avg L0-3 - L4-7),2023Q1,-0.9999
d_margin,1,cost-index acceleration (avg L0-3 - L4-7),2023Q2,-1.072
d_margin,1,cost-index acceleration (avg L0-3 - L4-7),2023Q3,-0.2298
d_margin,1,cost-index acceleration (avg L0-3 - L4-7),2023Q4,0.4718
d_margin,1,cost-index acceleration (avg L0-3 - L4-7),2024Q1,0.6892
d_margin,1,cost-index acceleration (avg L0-3 - L4-7),2024Q2,0.1401
d_margin,1,cost-index acceleration (avg L0-3 - L4-7),2024Q3,0.624
d_margin,1,cost-index acceleration (avg L0-3 - L4-7),2024Q4,0.8565
d_margin,1,cost-index acceleration (avg L0-3 - L4-7),2025Q1,0.285
d_margin,1,cost-index acceleration (avg L0-3 - L4-7),2025Q2,0.4236
d_margin,1,cost-index acceleration (avg L0-3 - L4-7),2025Q3,0.02794
d_margin,1,cost-index acceleration (avg L0-3 - L4-7),2025Q4,-0.1871
d_margin,1,cost-index acceleration (avg L0-3 - L4-7),2026Q1,0.07805
d_margin,1,cost-index acceleration (avg L0-3 - L4-7),2026Q2,0.1156
d_margin,1,packaging acceleration,2010Q3,1.384
d_margin,1,packaging acceleration,2010Q4,0.5171
d_margin,1,packaging acceleration,2011Q1,-0.2687
d_margin,1,packaging acceleration,2011Q2,-0.8692
d_margin,1,packaging acceleration,2011Q3,-1.16
d_margin,1,packaging acceleration,2011Q4,-1.083
d_margin,1,packaging acceleration,2012Q1,-0.8579
d_margin,1,packaging acceleration,2012Q2,-0.153
d_margin,1,packaging acceleration,2012Q3,0.2667
d_margin,1,packaging acceleration,2012Q4,0.4574
d_margin,1,packaging acceleration,2013Q1,1.265
d_margin,1,packaging acceleration,2013Q2,1.415
d_margin,1,packaging acceleration,2013Q3,0.8799
d_margin,1,packaging acceleration,2013Q4,0.1047
d_margin,1,packaging acceleration,2014Q1,-0.2467
d_margin,1,packaging acceleration,2014Q2,-0.202
d_margin,1,packaging acceleration,2014Q3,0.0642
d_margin,1,packaging acceleration,2014Q4,0.4125
d_margin,1,packaging acceleration,2015Q1,0.194
d_margin,1,packaging acceleration,2015Q2,0.1463
d_margin,1,packaging acceleration,2015Q3,0.1397
d_margin,1,packaging acceleration,2015Q4,0.2965
d_margin,1,packaging acceleration,2016Q1,0.5926
d_margin,1,packaging acceleration,2016Q2,0.07601
d_margin,1,packaging acceleration,2016Q3,0.2521
d_margin,1,packaging acceleration,2016Q4,0.004051
d_margin,1,packaging acceleration,2017Q1,-0.2948
d_margin,1,packaging acceleration,2017Q2,0.5862
d_margin,1,packaging acceleration,2017Q3,0.04462
d_margin,1,packaging acceleration,2017Q4,-0.001474
d_margin,1,packaging acceleration,2018Q1,0.4781
d_margin,1,packaging acceleration,2018Q2,0.01474
d_margin,1,packaging acceleration,2018Q3,0.1002
d_margin,1,packaging acceleration,2018Q4,0.1918
d_margin,1,packaging acceleration,2019Q1,-0.005888
d_margin,1,packaging acceleration,2019Q2,0.2225
d_margin,1,packaging acceleration,2019Q3,0.2454
d_margin,1,packaging acceleration,2019Q4,0.2829
d_margin,1,packaging acceleration,2020Q1,0.2938
d_margin,1,packaging acceleration,2020Q2,0.335
d_margin,1,packaging acceleration,2020Q3,0.3037
d_margin,1,packaging acceleration,2020Q4,0.5642
d_margin,1,packaging acceleration,2021Q1,0.4612
d_margin,1,packaging acceleration,2021Q2,0.3013
d_margin,1,packaging acceleration,2021Q3,0.2497
d_margin,1,packaging acceleration,2021Q4,-0.2501
d_margin,1,packaging acceleration,2022Q1,-0.1447
d_margin,1,packaging acceleration,2022Q2,-0.3933
d_margin,1,packaging acceleration,2022Q3,-0.2448
d_margin,1,packaging acceleration,2022Q4,-0.875
d_margin,1,packaging acceleration,2023Q1,-1.768
d_margin,1,packaging acceleration,2023Q2,-1.845
d_margin,1,packaging acceleration,2023Q3,-0.6926
d_margin,1,packaging acceleration,2023Q4,0.366
d_margin,1,packaging acceleration,2024Q1,1.022
d_margin,1,packaging acceleration,2024Q2,0.8883
d_margin,1,packaging acceleration,2024Q3,1.479
d_margin,1,packaging acceleration,2024Q4,1.782
d_margin,1,packaging acceleration,2025Q1,0.9375
d_margin,1,packaging acceleration,2025Q2,0.7803
d_margin,1,packaging acceleration,2025Q3,0.08161
d_margin,1,packaging acceleration,2025Q4,-0.2984
d_margin,1,packaging acceleration,2026Q1,-0.1311
d_margin,1,packaging acceleration,2026Q2,-0.1576
d_margin,1,"EUR/SEK, PDL L0-6",2010Q1,-0.4044
d_margin,1,"EUR/SEK, PDL L0-6",2010Q2,-1.013
d_margin,1,"EUR/SEK, PDL L0-6",2010Q3,-0.5361
d_margin,1,"EUR/SEK, PDL L0-6",2010Q4,-0.4512
d_margin,1,"EUR/SEK, PDL L0-6",2011Q1,-0.5673
d_margin,1,"EUR/SEK, PDL L0-6",2011Q2,-0.301
d_margin,1,"EUR/SEK, PDL L0-6",2011Q3,-0.4269
d_margin,1,"EUR/SEK, PDL L0-6",2011Q4,-0.432
d_margin,1,"EUR/SEK, PDL L0-6",2012Q1,-0.5839
d_margin,1,"EUR/SEK, PDL L0-6",2012Q2,0.2074
d_margin,1,"EUR/SEK, PDL L0-6",2012Q3,0.7411
d_margin,1,"EUR/SEK, PDL L0-6",2012Q4,0.6469
d_margin,1,"EUR/SEK, PDL L0-6",2013Q1,1.634
d_margin,1,"EUR/SEK, PDL L0-6",2013Q2,1.172
d_margin,1,"EUR/SEK, PDL L0-6",2013Q3,0.5178
d_margin,1,"EUR/SEK, PDL L0-6",2013Q4,-0.3902
d_margin,1,"EUR/SEK, PDL L0-6",2014Q1,-0.3762
d_margin,1,"EUR/SEK, PDL L0-6",2014Q2,0.4194
d_margin,1,"EUR/SEK, PDL L0-6",2014Q3,0.4288
d_margin,1,"EUR/SEK, PDL L0-6",2014Q4,0.7098
d_margin,1,"EUR/SEK, PDL L0-6",2015Q1,0.4741
d_margin,1,"EUR/SEK, PDL L0-6",2015Q2,-0.02558
d_margin,1,"EUR/SEK, PDL L0-6",2015Q3,0.01239
d_margin,1,"EUR/SEK, PDL L0-6",2015Q4,0.02739
d_margin,1,"EUR/SEK, PDL L0-6",2016Q1,0.2443
d_margin,1,"EUR/SEK, PDL L0-6",2016Q2,-0.3028
d_margin,1,"EUR/SEK, PDL L0-6",2016Q3,-0.1166
d_margin,1,"EUR/SEK, PDL L0-6",2016Q4,-0.4113
d_margin,1,"EUR/SEK, PDL L0-6",2017Q1,-0.6219
d_margin,1,"EUR/SEK, PDL L0-6",2017Q2,0.4035
d_margin,1,"EUR/SEK, PDL L0-6",2017Q3,0.05798
d_margin,1,"EUR/SEK, PDL L0-6",2017Q4,0.1795
d_margin,1,"EUR/SEK, PDL L0-6",2018Q1,0.5746
d_margin,1,"EUR/SEK, PDL L0-6",2018Q2,-0.1512
d_margin,1,"EUR/SEK, PDL L0-6",2018Q3,-0.2527
d_margin,1,"EUR/SEK, PDL L0-6",2018Q4,0.001562
d_margin,1,"EUR/SEK, PDL L0-6",2019Q1,-0.04021
d_margin,1,"EUR/SEK, PDL L0-6",2019Q2,0.4959
d_margin,1,"EUR/SEK, PDL L0-6",2019Q3,0.4026
d_margin,1,"EUR/SEK, PDL L0-6",2019Q4,0.07333
d_margin,1,"EUR/SEK, PDL L0-6",2020Q1,-0.151
d_margin,1,"EUR/SEK, PDL L0-6",2020Q2,-0.1858
d_margin,1,"EUR/SEK, PDL L0-6",2020Q3,0.006886
d_margin,1,"EUR/SEK, PDL L0-6",2020Q4,0.3324
d_margin,1,"EUR/SEK, PDL L0-6",2021Q1,0.2577
d_margin,1,"EUR/SEK, PDL L0-6",2021Q2,0.02838
d_margin,1,"EUR/SEK, PDL L0-6",2021Q3,-0.1143
d_margin,1,"EUR/SEK, PDL L0-6",2021Q4,-0.6069
d_margin,1,"EUR/SEK, PDL L0-6",2022Q1,-0.3163
d_margin,1,"EUR/SEK, PDL L0-6",2022Q2,-0.2994
d_margin,1,"EUR/SEK, PDL L0-6",2022Q3,0.1256
d_margin,1,"EUR/SEK, PDL L0-6",2022Q4,-0.02049
d_margin,1,"EUR/SEK, PDL L0-6",2023Q1,-0.3709
d_margin,1,"EUR/SEK, PDL L0-6",2023Q2,-0.5627
d_margin,1,"EUR/SEK, PDL L0-6",2023Q3,0.1047
d_margin,1,"EUR/SEK, PDL L0-6",2023Q4,0.5515
d_margin,1,"EUR/SEK, PDL L0-6",2024Q1,0.6269
d_margin,1,"EUR/SEK, PDL L0-6",2024Q2,-0.07877
d_margin,1,"EUR/SEK, PDL L0-6",2024Q3,0.183
d_margin,1,"EUR/SEK, PDL L0-6",2024Q4,0.3779
d_margin,1,"EUR/SEK, PDL L0-6",2025Q1,-0.2866
d_margin,1,"EUR/SEK, PDL L0-6",2025Q2,-0.01233
d_margin,1,"EUR/SEK, PDL L0-6",2025Q3,0.004628
d_margin,1,"EUR/SEK, PDL L0-6",2025Q4,-0.1789
d_margin,1,"EUR/SEK, PDL L0-6",2026Q1,0.03865
d_margin,1,"EUR/SEK, PDL L0-6",2026Q2,-0.0635
d_margin,1,"raw materials + packaging + EUR/SEK, PDL",2010Q2,-0.4785
d_margin,1,"raw materials + packaging + EUR/SEK, PDL",2010Q3,-1.435
d_margin,1,"raw materials + packaging + EUR/SEK, PDL",2010Q4,-1.888
d_margin,1,"raw materials + packaging + EUR/SEK, PDL",2011Q1,-1.957
d_margin,1,"raw materials + packaging + EUR/SEK, PDL",2011Q2,-1.064
d_margin,1,"raw materials + packaging + EUR/SEK, PDL",2011Q3,-0.7585
d_margin,1,"raw materials + packaging + EUR/SEK, PDL",2011Q4,-0.2201
d_margin,1,"raw materials + packaging + EUR/SEK, PDL",2012Q1,-0.3496
d_margin,1,"raw materials + packaging + EUR/SEK, PDL",2012Q2,1.52
d_margin,1,"raw materials + packaging + EUR/SEK, PDL",2012Q3,3.64
d_margin,1,"raw materials + packaging + EUR/SEK, PDL",2012Q4,2.951
d_margin,1,"raw materials + packaging + EUR/SEK, PDL",2013Q1,5.543
d_margin,1,"raw materials + packaging + EUR/SEK, PDL",2013Q2,6.451
d_margin,1,"raw materials + packaging + EUR/SEK, PDL",2013Q3,3.588
d_margin,1,"raw materials + packaging + EUR/SEK, PDL",2013Q4,0.9915
d_margin,1,"raw materials + packaging + EUR/SEK, PDL",2014Q1,0.01876
d_margin,1,"raw materials + packaging + EUR/SEK, PDL",2014Q2,0.3922
d_margin,1,"raw materials + packaging + EUR/SEK, PDL",2014Q3,0.8069
d_margin,1,"raw materials + packaging + EUR/SEK, PDL",2014Q4,1.336
d_margin,1,"raw materials + packaging + EUR/SEK, PDL",2015Q1,0.8235
d_margin,1,"raw materials + packaging + EUR/SEK, PDL",2015Q2,0.2698
d_margin,1,"raw materials + packaging + EUR/SEK, PDL",2015Q3,0.1832
d_margin,1,"raw materials + packaging + EUR/SEK, PDL",2015Q4,0.1845
d_margin,1,"raw materials + packaging + EUR/SEK, PDL",2016Q1,0.3753
d_margin,1,"raw materials + packaging + EUR/SEK, PDL",2016Q2,-0.1792
d_margin,1,"raw materials + packaging + EUR/SEK, PDL",2016Q3,-0.1949
d_margin,1,"raw materials + packaging + EUR/SEK, PDL",2016Q4,-0.6226
d_margin,1,"raw materials + packaging + EUR/SEK, PDL",2017Q1,-0.6551
d_margin,1,"raw materials + packaging + EUR/SEK, PDL",2017Q2,0.34
d_margin,1,"raw materials + packaging + EUR/SEK, PDL",2017Q3,0.1048
d_margin,1,"raw materials + packaging + EUR/SEK, PDL",2017Q4,0.2427
d_margin,1,"raw materials + packaging + EUR/SEK, PDL",2018Q1,0.5702
d_margin,1,"raw materials + packaging + EUR/SEK, PDL",2018Q2,-0.007596
d_margin,1,"raw materials + packaging + EUR/SEK, PDL",2018Q3,-0.05934
d_margin,1,"raw materials + packaging + EUR/SEK, PDL",2018Q4,0.51
d_margin,1,"raw materials + packaging + EUR/SEK, PDL",2019Q1,0.6531
d_margin,1,"raw materials + packaging + EUR/SEK, PDL",2019Q2,0.9848
d_margin,1,"raw materials + packaging + EUR/SEK, PDL",2019Q3,0.7776
d_margin,1,"raw materials + packaging + EUR/SEK, PDL",2019Q4,0.08722
d_margin,1,"raw materials + packaging + EUR/SEK, PDL",2020Q1,-0.3633
d_margin,1,"raw materials + packaging + EUR/SEK, PDL",2020Q2,-0.3277
d_margin,1,"raw materials + packaging + EUR/SEK, PDL",2020Q3,-0.01679
d_margin,1,"raw materials + packaging + EUR/SEK, PDL",2020Q4,0.4527
d_margin,1,"raw materials + packaging + EUR/SEK, PDL",2021Q1,0.3857
d_margin,1,"raw materials + packaging + EUR/SEK, PDL",2021Q2,0.138
d_margin,1,"raw materials + packaging + EUR/SEK, PDL",2021Q3,-0.1959
d_margin,1,"raw materials + packaging + EUR/SEK, PDL",2021Q4,-0.9281
d_margin,1,"raw materials + packaging + EUR/SEK, PDL",2022Q1,-0.4861
d_margin,1,"raw materials + packaging + EUR/SEK, PDL",2022Q2,-0.4424
d_margin,1,"raw materials + packaging + EUR/SEK, PDL",2022Q3,0.6454
d_margin,1,"raw materials + packaging + EUR/SEK, PDL",2022Q4,0.4937
d_margin,1,"raw materials + packaging + EUR/SEK, PDL",2023Q1,-0.5391
d_margin,1,"raw materials + packaging + EUR/SEK, PDL",2023Q2,-0.809
d_margin,1,"raw materials + packaging + EUR/SEK, PDL",2023Q3,1.257
d_margin,1,"raw materials + packaging + EUR/SEK, PDL",2023Q4,3.7
d_margin,1,"raw materials + packaging + EUR/SEK, PDL",2024Q1,3.041
d_margin,1,"raw materials + packaging + EUR/SEK, PDL",2024Q2,0.8367
d_margin,1,"raw materials + packaging + EUR/SEK, PDL",2024Q3,-0.4426
d_margin,1,"raw materials + packaging + EUR/SEK, PDL",2024Q4,-0.5629
d_margin,1,"raw materials + packaging + EUR/SEK, PDL",2025Q1,-1.087
d_margin,1,"raw materials + packaging + EUR/SEK, PDL",2025Q2,-0.6371
d_margin,1,"raw materials + packaging + EUR/SEK, PDL",2025Q3,-0.2784
d_margin,1,"raw materials + packaging + EUR/SEK, PDL",2025Q4,-0.2175
d_margin,1,"raw materials + packaging + EUR/SEK, PDL",2026Q1,0.1263
d_margin,1,"raw materials + packaging + EUR/SEK, PDL",2026Q2,0.1515
d_margin,2,prevailing mean,2010Q1,-0.02094
d_margin,2,prevailing mean,2010Q2,-0.006171
d_margin,2,prevailing mean,2010Q3,0.01111
d_margin,2,prevailing mean,2010Q4,0.04778
d_margin,2,prevailing mean,2011Q1,0.06855
d_margin,2,prevailing mean,2011Q2,0.07441
d_margin,2,prevailing mean,2011Q3,0.0764
d_margin,2,prevailing mean,2011Q4,0.06346
d_margin,2,prevailing mean,2012Q1,0.04517
d_margin,2,prevailing mean,2012Q2,0.0184
d_margin,2,prevailing mean,2012Q3,0.02909
d_margin,2,prevailing mean,2012Q4,0.05776
d_margin,2,prevailing mean,2013Q1,0.07757
d_margin,2,prevailing mean,2013Q2,0.1441
d_margin,2,prevailing mean,2013Q3,0.2039
d_margin,2,prevailing mean,2013Q4,0.2222
d_margin,2,prevailing mean,2014Q1,0.1682
d_margin,2,prevailing mean,2014Q2,0.1297
d_margin,2,prevailing mean,2014Q3,0.08044
d_margin,2,prevailing mean,2014Q4,0.07574
d_margin,2,prevailing mean,2015Q1,0.1041
d_margin,2,prevailing mean,2015Q2,0.09424
d_margin,2,prevailing mean,2015Q3,0.1071
d_margin,2,prevailing mean,2015Q4,0.1051
d_margin,2,prevailing mean,2016Q1,0.1163
d_margin,2,prevailing mean,2016Q2,0.1286
d_margin,2,prevailing mean,2016Q3,0.1407
d_margin,2,prevailing mean,2016Q4,0.1459
d_margin,2,prevailing mean,2017Q1,0.1308
d_margin,2,prevailing mean,2017Q2,0.128
d_margin,2,prevailing mean,2017Q3,0.1266
d_margin,2,prevailing mean,2017Q4,0.1154
d_margin,2,prevailing mean,2018Q1,0.1022
d_margin,2,prevailing mean,2018Q2,0.1061
d_margin,2,prevailing mean,2018Q3,0.1193
d_margin,2,prevailing mean,2018Q4,0.1169
d_margin,2,prevailing mean,2019Q1,0.1224
d_margin,2,prevailing mean,2019Q2,0.1305
d_margin,2,prevailing mean,2019Q3,0.1175
d_margin,2,prevailing mean,2019Q4,0.1251
d_margin,2,prevailing mean,2020Q1,0.1338
d_margin,2,prevailing mean,2020Q2,0.1412
d_margin,2,prevailing mean,2020Q3,0.1499
d_margin,2,prevailing mean,2020Q4,0.1548
d_margin,2,prevailing mean,2021Q1,0.1756
d_margin,2,prevailing mean,2021Q2,0.1785
d_margin,2,prevailing mean,2021Q3,0.1896
d_margin,2,prevailing mean,2021Q4,0.1898
d_margin,2,prevailing mean,2022Q1,0.1583
d_margin,2,prevailing mean,2022Q2,0.1506
d_margin,2,prevailing mean,2022Q3,0.118
d_margin,2,prevailing mean,2022Q4,0.1084
d_margin,2,prevailing mean,2023Q1,0.08506
d_margin,2,prevailing mean,2023Q2,0.04959
d_margin,2,prevailing mean,2023Q3,0.01672
d_margin,2,prevailing mean,2023Q4,0.00909
d_margin,2,prevailing mean,2024Q1,0.02141
d_margin,2,prevailing mean,2024Q2,0.02009
d_margin,2,prevailing mean,2024Q3,0.01876
d_margin,2,prevailing mean,2024Q4,0.02562
d_margin,2,prevailing mean,2025Q1,0.04486
d_margin,2,prevailing mean,2025Q2,0.05922
d_margin,2,prevailing mean,2025Q3,0.06729
d_margin,2,prevailing mean,2025Q4,0.07415
d_margin,2,prevailing mean,2026Q1,0.07024
d_margin,2,prevailing mean,2026Q2,0.07174
d_margin,2,AR + Easter (benchmark),2010Q1,-0.02264
d_margin,2,AR + Easter (benchmark),2010Q2,-0.09975
d_margin,2,AR + Easter (benchmark),2010Q3,-0.0188
d_margin,2,AR + Easter (benchmark),2010Q4,0.02854
d_margin,2,AR + Easter (benchmark),2011Q1,-0.004998
d_margin,2,AR + Easter (benchmark),2011Q2,0.145
d_margin,2,AR + Easter (benchmark),2011Q3,0.07558
d_margin,2,AR + Easter (benchmark),2011Q4,0.06409
d_margin,2,AR + Easter (benchmark),2012Q1,0.04739
d_margin,2,AR + Easter (benchmark),2012Q2,0.0241
d_margin,2,AR + Easter (benchmark),2012Q3,0.01803
d_margin,2,AR + Easter (benchmark),2012Q4,0.009532
d_margin,2,AR + Easter (benchmark),2013Q1,0.142
d_margin,2,AR + Easter (benchmark),2013Q2,-0.06
d_margin,2,AR + Easter (benchmark),2013Q3,0.354
d_margin,2,AR + Easter (benchmark),2013Q4,0.2908
d_margin,2,AR + Easter (benchmark),2014Q1,0.04184
d_margin,2,AR + Easter (benchmark),2014Q2,0.6972
d_margin,2,AR + Easter (benchmark),2014Q3,0.5388
d_margin,2,AR + Easter (benchmark),2014Q4,0.1336
d_margin,2,AR + Easter (benchmark),2015Q1,-0.02749
d_margin,2,AR + Easter (benchmark),2015Q2,0.03952
d_margin,2,AR + Easter (benchmark),2015Q3,-0.002366
d_margin,2,AR + Easter (benchmark),2015Q4,0.1199
d_margin,2,AR + Easter (benchmark),2016Q1,0.2669
d_margin,2,AR + Easter (benchmark),2016Q2,-0.2304
d_margin,2,AR + Easter (benchmark),2016Q3,0.03192
d_margin,2,AR + Easter (benchmark),2016Q4,0.09426
d_margin,2,AR + Easter (benchmark),2017Q1,-0.1357
d_margin,2,AR + Easter (benchmark),2017Q2,0.5646
d_margin,2,AR + Easter (benchmark),2017Q3,0.1446
d_margin,2,AR + Easter (benchmark),2017Q4,0.2303
d_margin,2,AR + Easter (benchmark),2018Q1,0.5123
d_margin,2,AR + Easter (benchmark),2018Q2,-0.2085
d_margin,2,AR + Easter (benchmark),2018Q3,-0.01429
d_margin,2,AR + Easter (benchmark),2018Q4,0.136
d_margin,2,AR + Easter (benchmark),2019Q1,-0.1753
d_margin,2,AR + Easter (benchmark),2019Q2,0.2926
d_margin,2,AR + Easter (benchmark),2019Q3,0.2461
d_margin,2,AR + Easter (benchmark),2019Q4,0.05464
d_margin,2,AR + Easter (benchmark),2020Q1,0.05097
d_margin,2,AR + Easter (benchmark),2020Q2,0.06527
d_margin,2,AR + Easter (benchmark),2020Q3,0.06286
d_margin,2,AR + Easter (benchmark),2020Q4,0.1063
d_margin,2,AR + Easter (benchmark),2021Q1,0.1157
d_margin,2,AR + Easter (benchmark),2021Q2,0.01868
d_margin,2,AR + Easter (benchmark),2021Q3,0.08994
d_margin,2,AR + Easter (benchmark),2021Q4,0.1882
d_margin,2,AR + Easter (benchmark),2022Q1,0.305
d_margin,2,AR + Easter (benchmark),2022Q2,0.3911
d_margin,2,AR + Easter (benchmark),2022Q3,0.4585
d_margin,2,AR + Easter (benchmark),2022Q4,0.1959
d_margin,2,AR + Easter (benchmark),2023Q1,0.261
d_margin,2,AR + Easter (benchmark),2023Q2,0.0722
d_margin,2,AR + Easter (benchmark),2023Q3,-0.02328
d_margin,2,AR + Easter (benchmark),2023Q4,-0.01136
d_margin,2,AR + Easter (benchmark),2024Q1,0.3118
d_margin,2,AR + Easter (benchmark),2024Q2,-0.2802
d_margin,2,AR + Easter (benchmark),2024Q3,0.01639
d_margin,2,AR + Easter (benchmark),2024Q4,0.02087
d_margin,2,AR + Easter (benchmark),2025Q1,-0.1952
d_margin,2,AR + Easter (benchmark),2025Q2,0.2927
d_margin,2,AR + Easter (benchmark),2025Q3,0.06779
d_margin,2,AR + Easter (benchmark),2025Q4,0.08434
d_margin,2,AR + Easter (benchmark),2026Q1,0.1378
d_margin,2,AR + Easter (benchmark),2026Q2,0.001456
d_margin,2,"raw materials local ccy, PDL L0-6",2010Q4,1.144
d_margin,2,"raw materials local ccy, PDL L0-6",2011Q1,0.3202
d_margin,2,"raw materials local ccy, PDL L0-6",2011Q2,0.09348
d_margin,2,"raw materials local ccy, PDL L0-6",2011Q3,0.05461
d_margin,2,"raw materials local ccy, PDL L0-6",2011Q4,-0.2646
d_margin,2,"raw materials local ccy, PDL L0-6",2012Q1,-0.3334
d_margin,2,"raw materials local ccy, PDL L0-6",2012Q2,-0.6034
d_margin,2,"raw materials local ccy, PDL L0-6",2012Q3,-0.1508
d_margin,2,"raw materials local ccy, PDL L0-6",2012Q4,0.5424
d_margin,2,"raw materials local ccy, PDL L0-6",2013Q1,0.8535
d_margin,2,"raw materials local ccy, PDL L0-6",2013Q2,1.304
d_margin,2,"raw materials local ccy, PDL L0-6",2013Q3,1.435
d_margin,2,"raw materials local ccy, PDL L0-6",2013Q4,0.7294
d_margin,2,"raw materials local ccy, PDL L0-6",2014Q1,0.2578
d_margin,2,"raw materials local ccy, PDL L0-6",2014Q2,0.6196
d_margin,2,"raw materials local ccy, PDL L0-6",2014Q3,0.7272
d_margin,2,"raw materials local ccy, PDL L0-6",2014Q4,0.1941
d_margin,2,"raw materials local ccy, PDL L0-6",2015Q1,-0.04264
d_margin,2,"raw materials local ccy, PDL L0-6",2015Q2,0.2474
d_margin,2,"raw materials local ccy, PDL L0-6",2015Q3,0.09165
d_margin,2,"raw materials local ccy, PDL L0-6",2015Q4,0.1381
d_margin,2,"raw materials local ccy, PDL L0-6",2016Q1,0.046
d_margin,2,"raw materials local ccy, PDL L0-6",2016Q2,-0.477
d_margin,2,"raw materials local ccy, PDL L0-6",2016Q3,-0.424
d_margin,2,"raw materials local ccy, PDL L0-6",2016Q4,-0.3009
d_margin,2,"raw materials local ccy, PDL L0-6",2017Q1,-0.304
d_margin,2,"raw materials local ccy, PDL L0-6",2017Q2,0.09452
d_margin,2,"raw materials local ccy, PDL L0-6",2017Q3,-0.2134
d_margin,2,"raw materials local ccy, PDL L0-6",2017Q4,0.001817
d_margin,2,"raw materials local ccy, PDL L0-6",2018Q1,0.3936
d_margin,2,"raw materials local ccy, PDL L0-6",2018Q2,0.0644
d_margin,2,"raw materials local ccy, PDL L0-6",2018Q3,0.4168
d_margin,2,"raw materials local ccy, PDL L0-6",2018Q4,0.7841
d_margin,2,"raw materials local ccy, PDL L0-6",2019Q1,0.3774
d_margin,2,"raw materials local ccy, PDL L0-6",2019Q2,0.4356
d_margin,2,"raw materials local ccy, PDL L0-6",2019Q3,0.3449
d_margin,2,"raw materials local ccy, PDL L0-6",2019Q4,-0.1362
d_margin,2,"raw materials local ccy, PDL L0-6",2020Q1,-0.2264
d_margin,2,"raw materials local ccy, PDL L0-6",2020Q2,-0.1814
d_margin,2,"raw materials local ccy, PDL L0-6",2020Q3,-0.07685
d_margin,2,"raw materials local ccy, PDL L0-6",2020Q4,0.1051
d_margin,2,"raw materials local ccy, PDL L0-6",2021Q1,0.158
d_margin,2,"raw materials local ccy, PDL L0-6",2021Q2,0.274
d_margin,2,"raw materials local ccy, PDL L0-6",2021Q3,0.2799
d_margin,2,"raw materials local ccy, PDL L0-6",2021Q4,0.4065
d_margin,2,"raw materials local ccy, PDL L0-6",2022Q1,0.7105
d_margin,2,"raw materials local ccy, PDL L0-6",2022Q2,0.7117
d_margin,2,"raw materials local ccy, PDL L0-6",2022Q3,0.8457
d_margin,2,"raw materials local ccy, PDL L0-6",2022Q4,0.568
d_margin,2,"raw materials local ccy, PDL L0-6",2023Q1,0.5974
d_margin,2,"raw materials local ccy, PDL L0-6",2023Q2,0.4183
d_margin,2,"raw materials local ccy, PDL L0-6",2023Q3,0.2327
d_margin,2,"raw materials local ccy, PDL L0-6",2023Q4,0.539
d_margin,2,"raw materials local ccy, PDL L0-6",2024Q1,1.199
d_margin,2,"raw materials local ccy, PDL L0-6",2024Q2,0.5668
d_margin,2,"raw materials local ccy, PDL L0-6",2024Q3,0.2737
d_margin,2,"raw materials local ccy, PDL L0-6",2024Q4,-0.208
d_margin,2,"raw materials local ccy, PDL L0-6",2025Q1,-0.6957
d_margin,2,"raw materials local ccy, PDL L0-6",2025Q2,-0.2273
d_margin,2,"raw materials local ccy, PDL L0-6",2025Q3,-0.2718
d_margin,2,"raw materials local ccy, PDL L0-6",2025Q4,-0.1862
d_margin,2,"raw materials local ccy, PDL L0-6",2026Q1,0.1546
d_margin,2,"raw materials local ccy, PDL L0-6",2026Q2,0.1735
d_margin,2,"FAO food index local ccy, PDL L0-6",2010Q1,0.09453
d_margin,2,"FAO food index local ccy, PDL L0-6",2010Q2,0.7334
d_margin,2,"FAO food index local ccy, PDL L0-6",2010Q3,0.9933
d_margin,2,"FAO food index local ccy, PDL L0-6",2010Q4,0.8341
d_margin,2,"FAO food index local ccy, PDL L0-6",2011Q1,0.4552
d_margin,2,"FAO food index local ccy, PDL L0-6",2011Q2,0.5511
d_margin,2,"FAO food index local ccy, PDL L0-6",2011Q3,0.225
d_margin,2,"FAO food index local ccy, PDL L0-6",2011Q4,-0.1512
d_margin,2,"FAO food index local ccy, PDL L0-6",2012Q1,-0.4921
d_margin,2,"FAO food index local ccy, PDL L0-6",2012Q2,-0.7458
d_margin,2,"FAO food index local ccy, PDL L0-6",2012Q3,0.04566
d_margin,2,"FAO food index local ccy, PDL L0-6",2012Q4,0.6851
d_margin,2,"FAO food index local ccy, PDL L0-6",2013Q1,0.8352
d_margin,2,"FAO food index local ccy, PDL L0-6",2013Q2,0.7668
d_margin,2,"FAO food index local ccy, PDL L0-6",2013Q3,0.686
d_margin,2,"FAO food index local ccy, PDL L0-6",2013Q4,-0.005602
d_margin,2,"FAO food index local ccy, PDL L0-6",2014Q1,-0.3729
d_margin,2,"FAO food index local ccy, PDL L0-6",2014Q2,0.3424
d_margin,2,"FAO food index local ccy, PDL L0-6",2014Q3,0.2431
d_margin,2,"FAO food index local ccy, PDL L0-6",2014Q4,-0.1417
d_margin,2,"FAO food index local ccy, PDL L0-6",2015Q1,-0.3419
d_margin,2,"FAO food index local ccy, PDL L0-6",2015Q2,-0.2076
d_margin,2,"FAO food index local ccy, PDL L0-6",2015Q3,-0.3369
d_margin,2,"FAO food index local ccy, PDL L0-6",2015Q4,-0.1183
d_margin,2,"FAO food index local ccy, PDL L0-6",2016Q1,0.04932
d_margin,2,"FAO food index local ccy, PDL L0-6",2016Q2,-0.3709
d_margin,2,"FAO food index local ccy, PDL L0-6",2016Q3,-0.1257
d_margin,2,"FAO food index local ccy, PDL L0-6",2016Q4,0.003952
d_margin,2,"FAO food index local ccy, PDL L0-6",2017Q1,-0.1164
d_margin,2,"FAO food index local ccy, PDL L0-6",2017Q2,0.4548
d_margin,2,"FAO food index local ccy, PDL L0-6",2017Q3,0.06687
d_margin,2,"FAO food index local ccy, PDL L0-6",2017Q4,0.02149
d_margin,2,"FAO food index local ccy, PDL L0-6",2018Q1,0.2058
d_margin,2,"FAO food index local ccy, PDL L0-6",2018Q2,-0.3161
d_margin,2,"FAO food index local ccy, PDL L0-6",2018Q3,0.02096
d_margin,2,"FAO food index local ccy, PDL L0-6",2018Q4,0.333
d_margin,2,"FAO food index local ccy, PDL L0-6",2019Q1,0.06952
d_margin,2,"FAO food index local ccy, PDL L0-6",2019Q2,0.3043
d_margin,2,"FAO food index local ccy, PDL L0-6",2019Q3,0.09234
d_margin,2,"FAO food index local ccy, PDL L0-6",2019Q4,-0.219
d_margin,2,"FAO food index local ccy, PDL L0-6",2020Q1,-0.2553
d_margin,2,"FAO food index local ccy, PDL L0-6",2020Q2,-0.05231
d_margin,2,"FAO food index local ccy, PDL L0-6",2020Q3,0.04134
d_margin,2,"FAO food index local ccy, PDL L0-6",2020Q4,0.08475
d_margin,2,"FAO food index local ccy, PDL L0-6",2021Q1,0.1277
d_margin,2,"FAO food index local ccy, PDL L0-6",2021Q2,0.05453
d_margin,2,"FAO food index local ccy, PDL L0-6",2021Q3,0.2377
d_margin,2,"FAO food index local ccy, PDL L0-6",2021Q4,0.5084
d_margin,2,"FAO food index local ccy, PDL L0-6",2022Q1,0.6761
d_margin,2,"FAO food index local ccy, PDL L0-6",2022Q2,0.5844
d_margin,2,"FAO food index local ccy, PDL L0-6",2022Q3,0.5015
d_margin,2,"FAO food index local ccy, PDL L0-6",2022Q4,0.2571
d_margin,2,"FAO food index local ccy, PDL L0-6",2023Q1,0.3522
d_margin,2,"FAO food index local ccy, PDL L0-6",2023Q2,0.2672
d_margin,2,"FAO food index local ccy, PDL L0-6",2023Q3,0.3925
d_margin,2,"FAO food index local ccy, PDL L0-6",2023Q4,0.6529
d_margin,2,"FAO food index local ccy, PDL L0-6",2024Q1,1.04
d_margin,2,"FAO food index local ccy, PDL L0-6",2024Q2,0.3716
d_margin,2,"FAO food index local ccy, PDL L0-6",2024Q3,0.4574
d_margin,2,"FAO food index local ccy, PDL L0-6",2024Q4,0.1598
d_margin,2,"FAO food index local ccy, PDL L0-6",2025Q1,-0.3551
d_margin,2,"FAO food index local ccy, PDL L0-6",2025Q2,-0.05101
d_margin,2,"FAO food index local ccy, PDL L0-6",2025Q3,-0.3142
d_margin,2,"FAO food index local ccy, PDL L0-6",2025Q4,-0.1991
d_margin,2,"FAO food index local ccy, PDL L0-6",2026Q1,0.04902
d_margin,2,"FAO food index local ccy, PDL L0-6",2026Q2,0.1034
d_margin,2,"calibrated cost index, PDL L0-6",2010Q4,1.379
d_margin,2,"calibrated cost index, PDL L0-6",2011Q1,0.519
d_margin,2,"calibrated cost index, PDL L0-6",2011Q2,-0.07559
d_margin,2,"calibrated cost index, PDL L0-6",2011Q3,-0.2395
d_margin,2,"calibrated cost index, PDL L0-6",2011Q4,-0.7253
d_margin,2,"calibrated cost index, PDL L0-6",2012Q1,-0.6126
d_margin,2,"calibrated cost index, PDL L0-6",2012Q2,-0.5064
d_margin,2,"calibrated cost index, PDL L0-6",2012Q3,-0.0787
d_margin,2,"calibrated cost index, PDL L0-6",2012Q4,0.5543
d_margin,2,"calibrated cost index, PDL L0-6",2013Q1,0.7983
d_margin,2,"calibrated cost index, PDL L0-6",2013Q2,1.029
d_margin,2,"calibrated cost index, PDL L0-6",2013Q3,1.124
d_margin,2,"calibrated cost index, PDL L0-6",2013Q4,0.5336
d_margin,2,"calibrated cost index, PDL L0-6",2014Q1,0.1443
d_margin,2,"calibrated cost index, PDL L0-6",2014Q2,0.473
d_margin,2,"calibrated cost index, PDL L0-6",2014Q3,0.6206
d_margin,2,"calibrated cost index, PDL L0-6",2014Q4,0.1424
d_margin,2,"calibrated cost index, PDL L0-6",2015Q1,-0.05798
d_margin,2,"calibrated cost index, PDL L0-6",2015Q2,0.286
d_margin,2,"calibrated cost index, PDL L0-6",2015Q3,0.1328
d_margin,2,"calibrated cost index, PDL L0-6",2015Q4,0.1825
d_margin,2,"calibrated cost index, PDL L0-6",2016Q1,0.05365
d_margin,2,"calibrated cost index, PDL L0-6",2016Q2,-0.4703
d_margin,2,"calibrated cost index, PDL L0-6",2016Q3,-0.4701
d_margin,2,"calibrated cost index, PDL L0-6",2016Q4,-0.3701
d_margin,2,"calibrated cost index, PDL L0-6",2017Q1,-0.3766
d_margin,2,"calibrated cost index, PDL L0-6",2017Q2,-0.03132
d_margin,2,"calibrated cost index, PDL L0-6",2017Q3,-0.314
d_margin,2,"calibrated cost index, PDL L0-6",2017Q4,-0.08929
d_margin,2,"calibrated cost index, PDL L0-6",2018Q1,0.3266
d_margin,2,"calibrated cost index, PDL L0-6",2018Q2,0.05013
d_margin,2,"calibrated cost index, PDL L0-6",2018Q3,0.4434
d_margin,2,"calibrated cost index, PDL L0-6",2018Q4,0.8406
d_margin,2,"calibrated cost index, PDL L0-6",2019Q1,0.4147
d_margin,2,"calibrated cost index, PDL L0-6",2019Q2,0.439
d_margin,2,"calibrated cost index, PDL L0-6",2019Q3,0.3588
d_margin,2,"calibrated cost index, PDL L0-6",2019Q4,-0.1488
d_margin,2,"calibrated cost index, PDL L0-6",2020Q1,-0.231
d_margin,2,"calibrated cost index, PDL L0-6",2020Q2,-0.1698
d_margin,2,"calibrated cost index, PDL L0-6",2020Q3,-0.0799
d_margin,2,"calibrated cost index, PDL L0-6",2020Q4,0.08813
d_margin,2,"calibrated cost index, PDL L0-6",2021Q1,0.139
d_margin,2,"calibrated cost index, PDL L0-6",2021Q2,0.2817
d_margin,2,"calibrated cost index, PDL L0-6",2021Q3,0.2649
d_margin,2,"calibrated cost index, PDL L0-6",2021Q4,0.3685
d_margin,2,"calibrated cost index, PDL L0-6",2022Q1,0.665
d_margin,2,"calibrated cost index, PDL L0-6",2022Q2,0.6351
d_margin,2,"calibrated cost index, PDL L0-6",2022Q3,0.8131
d_margin,2,"calibrated cost index, PDL L0-6",2022Q4,0.5683
d_margin,2,"calibrated cost index, PDL L0-6",2023Q1,0.6552
d_margin,2,"calibrated cost index, PDL L0-6",2023Q2,0.5029
d_margin,2,"calibrated cost index, PDL L0-6",2023Q3,0.3534
d_margin,2,"calibrated cost index, PDL L0-6",2023Q4,0.7507
d_margin,2,"calibrated cost index, PDL L0-6",2024Q1,1.51
d_margin,2,"calibrated cost index, PDL L0-6",2024Q2,0.9052
d_margin,2,"calibrated cost index, PDL L0-6",2024Q3,0.4927
d_margin,2,"calibrated cost index, PDL L0-6",2024Q4,-0.1451
d_margin,2,"calibrated cost index, PDL L0-6",2025Q1,-0.7445
d_margin,2,"calibrated cost index, PDL L0-6",2025Q2,-0.314
d_margin,2,"calibrated cost index, PDL L0-6",2025Q3,-0.3543
d_margin,2,"calibrated cost index, PDL L0-6",2025Q4,-0.2696
d_margin,2,"calibrated cost index, PDL L0-6",2026Q1,0.1147
d_margin,2,"calibrated cost index, PDL L0-6",2026Q2,0.1467
d_margin,2,"packaging EU, PDL L0-6",2010Q4,-0.4001
d_margin,2,"packaging EU, PDL L0-6",2011Q1,-1.511
d_margin,2,"packaging EU, PDL L0-6",2011Q2,-1.976
d_margin,2,"packaging EU, PDL L0-6",2011Q3,-1.582
d_margin,2,"packaging EU, PDL L0-6",2011Q4,-1.04
d_margin,2,"packaging EU, PDL L0-6",2012Q1,-0.4296
d_margin,2,"packaging EU, PDL L0-6",2012Q2,0.06041
d_margin,2,"packaging EU, PDL L0-6",2012Q3,0.3293
d_margin,2,"packaging EU, PDL L0-6",2012Q4,0.6348
d_margin,2,"packaging EU, PDL L0-6",2013Q1,0.795
d_margin,2,"packaging EU, PDL L0-6",2013Q2,1.116
d_margin,2,"packaging EU, PDL L0-6",2013Q3,1.041
d_margin,2,"packaging EU, PDL L0-6",2013Q4,0.5308
d_margin,2,"packaging EU, PDL L0-6",2014Q1,0.4059
d_margin,2,"packaging EU, PDL L0-6",2014Q2,0.6551
d_margin,2,"packaging EU, PDL L0-6",2014Q3,0.689
d_margin,2,"packaging EU, PDL L0-6",2014Q4,0.1791
d_margin,2,"packaging EU, PDL L0-6",2015Q1,-0.1422
d_margin,2,"packaging EU, PDL L0-6",2015Q2,0.1412
d_margin,2,"packaging EU, PDL L0-6",2015Q3,0.1892
d_margin,2,"packaging EU, PDL L0-6",2015Q4,0.4545
d_margin,2,"packaging EU, PDL L0-6",2016Q1,0.3519
d_margin,2,"packaging EU, PDL L0-6",2016Q2,-0.2317
d_margin,2,"packaging EU, PDL L0-6",2016Q3,-0.1668
d_margin,2,"packaging EU, PDL L0-6",2016Q4,-0.1152
d_margin,2,"packaging EU, PDL L0-6",2017Q1,0.08439
d_margin,2,"packaging EU, PDL L0-6",2017Q2,0.8426
d_margin,2,"packaging EU, PDL L0-6",2017Q3,0.5334
d_margin,2,"packaging EU, PDL L0-6",2017Q4,0.4045
d_margin,2,"packaging EU, PDL L0-6",2018Q1,0.327
d_margin,2,"packaging EU, PDL L0-6",2018Q2,-0.42
d_margin,2,"packaging EU, PDL L0-6",2018Q3,-0.324
d_margin,2,"packaging EU, PDL L0-6",2018Q4,0.01891
d_margin,2,"packaging EU, PDL L0-6",2019Q1,-0.05064
d_margin,2,"packaging EU, PDL L0-6",2019Q2,0.3142
d_margin,2,"packaging EU, PDL L0-6",2019Q3,0.5285
d_margin,2,"packaging EU, PDL L0-6",2019Q4,0.3958
d_margin,2,"packaging EU, PDL L0-6",2020Q1,0.4443
d_margin,2,"packaging EU, PDL L0-6",2020Q2,0.4375
d_margin,2,"packaging EU, PDL L0-6",2020Q3,0.3679
d_margin,2,"packaging EU, PDL L0-6",2020Q4,0.2816
d_margin,2,"packaging EU, PDL L0-6",2021Q1,0.01812
d_margin,2,"packaging EU, PDL L0-6",2021Q2,-0.02944
d_margin,2,"packaging EU, PDL L0-6",2021Q3,-0.2096
d_margin,2,"packaging EU, PDL L0-6",2021Q4,-0.3084
d_margin,2,"packaging EU, PDL L0-6",2022Q1,-0.4698
d_margin,2,"packaging EU, PDL L0-6",2022Q2,-0.7912
d_margin,2,"packaging EU, PDL L0-6",2022Q3,-0.4272
d_margin,2,"packaging EU, PDL L0-6",2022Q4,-0.3169
d_margin,2,"packaging EU, PDL L0-6",2023Q1,0.215
d_margin,2,"packaging EU, PDL L0-6",2023Q2,0.5045
d_margin,2,"packaging EU, PDL L0-6",2023Q3,1.107
d_margin,2,"packaging EU, PDL L0-6",2023Q4,2.836
d_margin,2,"packaging EU, PDL L0-6",2024Q1,4.942
d_margin,2,"packaging EU, PDL L0-6",2024Q2,4.126
d_margin,2,"packaging EU, PDL L0-6",2024Q3,1.861
d_margin,2,"packaging EU, PDL L0-6",2024Q4,-0.602
d_margin,2,"packaging EU, PDL L0-6",2025Q1,-2.535
d_margin,2,"packaging EU, PDL L0-6",2025Q2,-2.469
d_margin,2,"packaging EU, PDL L0-6",2025Q3,-1.449
d_margin,2,"packaging EU, PDL L0-6",2025Q4,-0.6115
d_margin,2,"packaging EU, PDL L0-6",2026Q1,0.08412
d_margin,2,"packaging EU, PDL L0-6",2026Q2,0.3487
d_margin,2,"cost index + food CPI ex VAT, PDL",2010Q4,0.955
d_margin,2,"cost index + food CPI ex VAT, PDL",2011Q1,0.07502
d_margin,2,"cost index + food CPI ex VAT, PDL",2011Q2,-0.615
d_margin,2,"cost index + food CPI ex VAT, PDL",2011Q3,-0.7278
d_margin,2,"cost index + food CPI ex VAT, PDL",2011Q4,-1.068
d_margin,2,"cost index + food CPI ex VAT, PDL",2012Q1,-1.24
d_margin,2,"cost index + food CPI ex VAT, PDL",2012Q2,-1.544
d_margin,2,"cost index + food CPI ex VAT, PDL",2012Q3,-1.752
d_margin,2,"cost index + food CPI ex VAT, PDL",2012Q4,-1.723
d_margin,2,"cost index + food CPI ex VAT, PDL",2013Q1,-1.769
d_margin,2,"cost index + food CPI ex VAT, PDL",2013Q2,-0.8145
d_margin,2,"cost index + food CPI ex VAT, PDL",2013Q3,0.8635
d_margin,2,"cost index + food CPI ex VAT, PDL",2013Q4,0.5761
d_margin,2,"cost index + food CPI ex VAT, PDL",2014Q1,-0.4789
d_margin,2,"cost index + food CPI ex VAT, PDL",2014Q2,-0.04867
d_margin,2,"cost index + food CPI ex VAT, PDL",2014Q3,0.1188
d_margin,2,"cost index + food CPI ex VAT, PDL",2014Q4,0.07633
d_margin,2,"cost index + food CPI ex VAT, PDL",2015Q1,0.3086
d_margin,2,"cost index + food CPI ex VAT, PDL",2015Q2,0.5119
d_margin,2,"cost index + food CPI ex VAT, PDL",2015Q3,-0.09533
d_margin,2,"cost index + food CPI ex VAT, PDL",2015Q4,-0.4122
d_margin,2,"cost index + food CPI ex VAT, PDL",2016Q1,-1.06
d_margin,2,"cost index + food CPI ex VAT, PDL",2016Q2,-2.031
d_margin,2,"cost index + food CPI ex VAT, PDL",2016Q3,-1.796
d_margin,2,"cost index + food CPI ex VAT, PDL",2016Q4,-1.238
d_margin,2,"cost index + food CPI ex VAT, PDL",2017Q1,-0.8337
d_margin,2,"cost index + food CPI ex VAT, PDL",2017Q2,-0.02408
d_margin,2,"cost index + food CPI ex VAT, PDL",2017Q3,-0.1524
d_margin,2,"cost index + food CPI ex VAT, PDL",2017Q4,-0.01383
d_margin,2,"cost index + food CPI ex VAT, PDL",2018Q1,0.5279
d_margin,2,"cost index + food CPI ex VAT, PDL",2018Q2,0.308
d_margin,2,"cost index + food CPI ex VAT, PDL",2018Q3,0.5092
d_margin,2,"cost index + food CPI ex VAT, PDL",2018Q4,0.587
d_margin,2,"cost index + food CPI ex VAT, PDL",2019Q1,0.0001773
d_margin,2,"cost index + food CPI ex VAT, PDL",2019Q2,0.02448
d_margin,2,"cost index + food CPI ex VAT, PDL",2019Q3,0.06718
d_margin,2,"cost index + food CPI ex VAT, PDL",2019Q4,-0.2261
d_margin,2,"cost index + food CPI ex VAT, PDL",2020Q1,-0.177
d_margin,2,"cost index + food CPI ex VAT, PDL",2020Q2,-0.1438
d_margin,2,"cost index + food CPI ex VAT, PDL",2020Q3,0.08966
d_margin,2,"cost index + food CPI ex VAT, PDL",2020Q4,0.238
d_margin,2,"cost index + food CPI ex VAT, PDL",2021Q1,0.1459
d_margin,2,"cost index + food CPI ex VAT, PDL",2021Q2,0.3542
d_margin,2,"cost index + food CPI ex VAT, PDL",2021Q3,0.4967
d_margin,2,"cost index + food CPI ex VAT, PDL",2021Q4,0.8217
d_margin,2,"cost index + food CPI ex VAT, PDL",2022Q1,1.363
d_margin,2,"cost index + food CPI ex VAT, PDL",2022Q2,1.153
d_margin,2,"cost index + food CPI ex VAT, PDL",2022Q3,0.9392
d_margin,2,"cost index + food CPI ex VAT, PDL",2022Q4,0.4798
d_margin,2,"cost index + food CPI ex VAT, PDL",2023Q1,0.7363
d_margin,2,"cost index + food CPI ex VAT, PDL",2023Q2,0.8778
d_margin,2,"cost index + food CPI ex VAT, PDL",2023Q3,1.367
d_margin,2,"cost index + food CPI ex VAT, PDL",2023Q4,3
d_margin,2,"cost index + food CPI ex VAT, PDL",2024Q1,4.861
d_margin,2,"cost index + food CPI ex VAT, PDL",2024Q2,3.763
d_margin,2,"cost index + food CPI ex VAT, PDL",2024Q3,1.994
d_margin,2,"cost index + food CPI ex VAT, PDL",2024Q4,0.2339
d_margin,2,"cost index + food CPI ex VAT, PDL",2025Q1,-0.7216
d_margin,2,"cost index + food CPI ex VAT, PDL",2025Q2,-0.5082
d_margin,2,"cost index + food CPI ex VAT, PDL",2025Q3,-0.4545
d_margin,2,"cost index + food CPI ex VAT, PDL",2025Q4,-0.1499
d_margin,2,"cost index + food CPI ex VAT, PDL",2026Q1,0.1517
d_margin,2,"cost index + food CPI ex VAT, PDL",2026Q2,0.2404
d_margin,2,"gap: CPI ex VAT - cost index, PDL",2010Q4,1.147
d_margin,2,"gap: CPI ex VAT - cost index, PDL",2011Q1,0.3523
d_margin,2,"gap: CPI ex VAT - cost index, PDL",2011Q2,-0.2731
d_margin,2,"gap: CPI ex VAT - cost index, PDL",2011Q3,-0.4972
d_margin,2,"gap: CPI ex VAT - cost index, PDL",2011Q4,-0.8582
d_margin,2,"gap: CPI ex VAT - cost index, PDL",2012Q1,-0.6142
d_margin,2,"gap: CPI ex VAT - cost index, PDL",2012Q2,-0.452
d_margin,2,"gap: CPI ex VAT - cost index, PDL",2012Q3,0.0765
d_margin,2,"gap: CPI ex VAT - cost index, PDL",2012Q4,0.6869
d_margin,2,"gap: CPI ex VAT - cost index, PDL",2013Q1,0.886
d_margin,2,"gap: CPI ex VAT - cost index, PDL",2013Q2,1.669
d_margin,2,"gap: CPI ex VAT - cost index, PDL",2013Q3,2.024
d_margin,2,"gap: CPI ex VAT - cost index, PDL",2013Q4,1.077
d_margin,2,"gap: CPI ex VAT - cost index, PDL",2014Q1,0.2856
d_margin,2,"gap: CPI ex VAT - cost index, PDL",2014Q2,0.6147
d_margin,2,"gap: CPI ex VAT - cost index, PDL",2014Q3,0.8071
d_margin,2,"gap: CPI ex VAT - cost index, PDL",2014Q4,0.2148
d_margin,2,"gap: CPI ex VAT - cost index, PDL",2015Q1,-0.05549
d_margin,2,"gap: CPI ex VAT - cost index, PDL",2015Q2,0.3406
d_margin,2,"gap: CPI ex VAT - cost index, PDL",2015Q3,0.2343
d_margin,2,"gap: CPI ex VAT - cost index, PDL",2015Q4,0.367
d_margin,2,"gap: CPI ex VAT - cost index, PDL",2016Q1,0.3241
d_margin,2,"gap: CPI ex VAT - cost index, PDL",2016Q2,-0.1195
d_margin,2,"gap: CPI ex VAT - cost index, PDL",2016Q3,-0.1205
d_margin,2,"gap: CPI ex VAT - cost index, PDL",2016Q4,-0.0354
d_margin,2,"gap: CPI ex VAT - cost index, PDL",2017Q1,-0.08178
d_margin,2,"gap: CPI ex VAT - cost index, PDL",2017Q2,0.1478
d_margin,2,"gap: CPI ex VAT - cost index, PDL",2017Q3,-0.2235
d_margin,2,"gap: CPI ex VAT - cost index, PDL",2017Q4,-0.05816
d_margin,2,"gap: CPI ex VAT - cost index, PDL",2018Q1,0.2705
d_margin,2,"gap: CPI ex VAT - cost index, PDL",2018Q2,-0.03195
d_margin,2,"gap: CPI ex VAT - cost index, PDL",2018Q3,0.3847
d_margin,2,"gap: CPI ex VAT - cost index, PDL",2018Q4,0.8119
d_margin,2,"gap: CPI ex VAT - cost index, PDL",2019Q1,0.3937
d_margin,2,"gap: CPI ex VAT - cost index, PDL",2019Q2,0.4372
d_margin,2,"gap: CPI ex VAT - cost index, PDL",2019Q3,0.3764
d_margin,2,"gap: CPI ex VAT - cost index, PDL",2019Q4,-0.1107
d_margin,2,"gap: CPI ex VAT - cost index, PDL",2020Q1,-0.1702
d_margin,2,"gap: CPI ex VAT - cost index, PDL",2020Q2,-0.106
d_margin,2,"gap: CPI ex VAT - cost index, PDL",2020Q3,-0.08881
d_margin,2,"gap: CPI ex VAT - cost index, PDL",2020Q4,0.03493
d_margin,2,"gap: CPI ex VAT - cost index, PDL",2021Q1,0.1042
d_margin,2,"gap: CPI ex VAT - cost index, PDL",2021Q2,0.2367
d_margin,2,"gap: CPI ex VAT - cost index, PDL",2021Q3,0.2289
d_margin,2,"gap: CPI ex VAT - cost index, PDL",2021Q4,0.2893
d_margin,2,"gap: CPI ex VAT - cost index, PDL",2022Q1,0.5132
d_margin,2,"gap: CPI ex VAT - cost index, PDL",2022Q2,0.4487
d_margin,2,"gap: CPI ex VAT - cost index, PDL",2022Q3,0.578
d_margin,2,"gap: CPI ex VAT - cost index, PDL",2022Q4,0.3271
d_margin,2,"gap: CPI ex VAT - cost index, PDL",2023Q1,0.5524
d_margin,2,"gap: CPI ex VAT - cost index, PDL",2023Q2,0.7037
d_margin,2,"gap: CPI ex VAT - cost index, PDL",2023Q3,0.8674
d_margin,2,"gap: CPI ex VAT - cost index, PDL",2023Q4,1.15
d_margin,2,"gap: CPI ex VAT - cost index, PDL",2024Q1,1.531
d_margin,2,"gap: CPI ex VAT - cost index, PDL",2024Q2,0.6803
d_margin,2,"gap: CPI ex VAT - cost index, PDL",2024Q3,0.3102
d_margin,2,"gap: CPI ex VAT - cost index, PDL",2024Q4,-0.1838
d_margin,2,"gap: CPI ex VAT - cost index, PDL",2025Q1,-0.6195
d_margin,2,"gap: CPI ex VAT - cost index, PDL",2025Q2,-0.1785
d_margin,2,"gap: CPI ex VAT - cost index, PDL",2025Q3,-0.2132
d_margin,2,"gap: CPI ex VAT - cost index, PDL",2025Q4,-0.06707
d_margin,2,"gap: CPI ex VAT - cost index, PDL",2026Q1,0.2669
d_margin,2,"gap: CPI ex VAT - cost index, PDL",2026Q2,0.274
d_margin,2,"gap: CPI - agri basket (panel), avg L0-2",2010Q1,-0.9337
d_margin,2,"gap: CPI - agri basket (panel), avg L0-2",2010Q2,-0.6969
d_margin,2,"gap: CPI - agri basket (panel), avg L0-2",2010Q3,-0.1632
d_margin,2,"gap: CPI - agri basket (panel), avg L0-2",2010Q4,0.03578
d_margin,2,"gap: CPI - agri basket (panel), avg L0-2",2011Q1,-0.09038
d_margin,2,"gap: CPI - agri basket (panel), avg L0-2",2011Q2,0.003095
d_margin,2,"gap: CPI - agri basket (panel), avg L0-2",2011Q3,-0.07773
d_margin,2,"gap: CPI - agri basket (panel), avg L0-2",2011Q4,-0.09832
d_margin,2,"gap: CPI - agri basket (panel), avg L0-2",2012Q1,-0.1553
d_margin,2,"gap: CPI - agri basket (panel), avg L0-2",2012Q2,-0.2132
d_margin,2,"gap: CPI - agri basket (panel), avg L0-2",2012Q3,-0.2402
d_margin,2,"gap: CPI - agri basket (panel), avg L0-2",2012Q4,-0.1579
d_margin,2,"gap: CPI - agri basket (panel), avg L0-2",2013Q1,0.07669
d_margin,2,"gap: CPI - agri basket (panel), avg L0-2",2013Q2,-0.02499
d_margin,2,"gap: CPI - agri basket (panel), avg L0-2",2013Q3,0.5241
d_margin,2,"gap: CPI - agri basket (panel), avg L0-2",2013Q4,0.4225
d_margin,2,"gap: CPI - agri basket (panel), avg L0-2",2014Q1,0.05526
d_margin,2,"gap: CPI - agri basket (panel), avg L0-2",2014Q2,0.8527
d_margin,2,"gap: CPI - agri basket (panel), avg L0-2",2014Q3,0.612
d_margin,2,"gap: CPI - agri basket (panel), avg L0-2",2014Q4,0.1775
d_margin,2,"gap: CPI - agri basket (panel), avg L0-2",2015Q1,0.004646
d_margin,2,"gap: CPI - agri basket (panel), avg L0-2",2015Q2,-0.01584
d_margin,2,"gap: CPI - agri basket (panel), avg L0-2",2015Q3,-0.1044
d_margin,2,"gap: CPI - agri basket (panel), avg L0-2",2015Q4,-0.02771
d_margin,2,"gap: CPI - agri basket (panel), avg L0-2",2016Q1,0.1871
d_margin,2,"gap: CPI - agri basket (panel), avg L0-2",2016Q2,-0.2853
d_margin,2,"gap: CPI - agri basket (panel), avg L0-2",2016Q3,0.06609
d_margin,2,"gap: CPI - agri basket (panel), avg L0-2",2016Q4,0.1271
d_margin,2,"gap: CPI - agri basket (panel), avg L0-2",2017Q1,-0.1532
d_margin,2,"gap: CPI - agri basket (panel), avg L0-2",2017Q2,0.6217
d_margin,2,"gap: CPI - agri basket (panel), avg L0-2",2017Q3,0.1601
d_margin,2,"gap: CPI - agri basket (panel), avg L0-2",2017Q4,0.2613
d_margin,2,"gap: CPI - agri basket (panel), avg L0-2",2018Q1,0.5849
d_margin,2,"gap: CPI - agri basket (panel), avg L0-2",2018Q2,-0.1894
d_margin,2,"gap: CPI - agri basket (panel), avg L0-2",2018Q3,0.03972
d_margin,2,"gap: CPI - agri basket (panel), avg L0-2",2018Q4,0.151
d_margin,2,"gap: CPI - agri basket (panel), avg L0-2",2019Q1,-0.2124
d_margin,2,"gap: CPI - agri basket (panel), avg L0-2",2019Q2,0.276
d_margin,2,"gap: CPI - agri basket (panel), avg L0-2",2019Q3,0.2008
d_margin,2,"gap: CPI - agri basket (panel), avg L0-2",2019Q4,0.03716
d_margin,2,"gap: CPI - agri basket (panel), avg L0-2",2020Q1,0.05303
d_margin,2,"gap: CPI - agri basket (panel), avg L0-2",2020Q2,0.07415
d_margin,2,"gap: CPI - agri basket (panel), avg L0-2",2020Q3,0.07512
d_margin,2,"gap: CPI - agri basket (panel), avg L0-2",2020Q4,0.1232
d_margin,2,"gap: CPI - agri basket (panel), avg L0-2",2021Q1,0.1421
d_margin,2,"gap: CPI - agri basket (panel), avg L0-2",2021Q2,0.01462
d_margin,2,"gap: CPI - agri basket (panel), avg L0-2",2021Q3,0.08513
d_margin,2,"gap: CPI - agri basket (panel), avg L0-2",2021Q4,0.186
d_margin,2,"gap: CPI - agri basket (panel), avg L0-2",2022Q1,0.3088
d_margin,2,"gap: CPI - agri basket (panel), avg L0-2",2022Q2,0.4431
d_margin,2,"gap: CPI - agri basket (panel), avg L0-2",2022Q3,0.5382
d_margin,2,"gap: CPI - agri basket (panel), avg L0-2",2022Q4,0.3105
d_margin,2,"gap: CPI - agri basket (panel), avg L0-2",2023Q1,0.3447
d_margin,2,"gap: CPI - agri basket (panel), avg L0-2",2023Q2,0.07044
d_margin,2,"gap: CPI - agri basket (panel), avg L0-2",2023Q3,-0.1133
d_margin,2,"gap: CPI - agri basket (panel), avg L0-2",2023Q4,-0.0875
d_margin,2,"gap: CPI - agri basket (panel), avg L0-2",2024Q1,0.3112
d_margin,2,"gap: CPI - agri basket (panel), avg L0-2",2024Q2,-0.2048
d_margin,2,"gap: CPI - agri basket (panel), avg L0-2",2024Q3,0.1217
d_margin,2,"gap: CPI - agri basket (panel), avg L0-2",2024Q4,0.07602
d_margin,2,"gap: CPI - agri basket (panel), avg L0-2",2025Q1,-0.23
d_margin,2,"gap: CPI - agri basket (panel), avg L0-2",2025Q2,0.2249
d_margin,2,"gap: CPI - agri basket (panel), avg L0-2",2025Q3,-0.01099
d_margin,2,"gap: CPI - agri basket (panel), avg L0-2",2025Q4,0.02843
d_margin,2,"gap: CPI - agri basket (panel), avg L0-2",2026Q1,0.1621
d_margin,2,"gap: CPI - agri basket (panel), avg L0-2",2026Q2,0.01956
d_margin,2,cost-index acceleration (avg L0-3 - L4-7),2011Q1,0.1634
d_margin,2,cost-index acceleration (avg L0-3 - L4-7),2011Q2,-0.1876
d_margin,2,cost-index acceleration (avg L0-3 - L4-7),2011Q3,-0.302
d_margin,2,cost-index acceleration (avg L0-3 - L4-7),2011Q4,-0.3299
d_margin,2,cost-index acceleration (avg L0-3 - L4-7),2012Q1,-0.3518
d_margin,2,cost-index acceleration (avg L0-3 - L4-7),2012Q2,-0.2255
d_margin,2,cost-index acceleration (avg L0-3 - L4-7),2012Q3,-0.01088
d_margin,2,cost-index acceleration (avg L0-3 - L4-7),2012Q4,0.118
d_margin,2,cost-index acceleration (avg L0-3 - L4-7),2013Q1,0.1332
d_margin,2,cost-index acceleration (avg L0-3 - L4-7),2013Q2,0.3219
d_margin,2,cost-index acceleration (avg L0-3 - L4-7),2013Q3,0.5148
d_margin,2,cost-index acceleration (avg L0-3 - L4-7),2013Q4,0.4717
d_margin,2,cost-index acceleration (avg L0-3 - L4-7),2014Q1,0.4503
d_margin,2,cost-index acceleration (avg L0-3 - L4-7),2014Q2,0.6927
d_margin,2,cost-index acceleration (avg L0-3 - L4-7),2014Q3,0.702
d_margin,2,cost-index acceleration (avg L0-3 - L4-7),2014Q4,0.146
d_margin,2,cost-index acceleration (avg L0-3 - L4-7),2015Q1,-0.1004
d_margin,2,cost-index acceleration (avg L0-3 - L4-7),2015Q2,0.156
d_margin,2,cost-index acceleration (avg L0-3 - L4-7),2015Q3,0.05543
d_margin,2,cost-index acceleration (avg L0-3 - L4-7),2015Q4,0.2336
d_margin,2,cost-index acceleration (avg L0-3 - L4-7),2016Q1,0.2812
d_margin,2,cost-index acceleration (avg L0-3 - L4-7),2016Q2,-0.06247
d_margin,2,cost-index acceleration (avg L0-3 - L4-7),2016Q3,0.09074
d_margin,2,cost-index acceleration (avg L0-3 - L4-7),2016Q4,0.1418
d_margin,2,cost-index acceleration (avg L0-3 - L4-7),2017Q1,0.03422
d_margin,2,cost-index acceleration (avg L0-3 - L4-7),2017Q2,0.4663
d_margin,2,cost-index acceleration (avg L0-3 - L4-7),2017Q3,0.1334
d_margin,2,cost-index acceleration (avg L0-3 - L4-7),2017Q4,0.2037
d_margin,2,cost-index acceleration (avg L0-3 - L4-7),2018Q1,0.3762
d_margin,2,cost-index acceleration (avg L0-3 - L4-7),2018Q2,-0.216
d_margin,2,cost-index acceleration (avg L0-3 - L4-7),2018Q3,-0.05614
d_margin,2,cost-index acceleration (avg L0-3 - L4-7),2018Q4,0.2033
d_margin,2,cost-index acceleration (avg L0-3 - L4-7),2019Q1,-0.001755
d_margin,2,cost-index acceleration (avg L0-3 - L4-7),2019Q2,0.3082
d_margin,2,cost-index acceleration (avg L0-3 - L4-7),2019Q3,0.3652
d_margin,2,cost-index acceleration (avg L0-3 - L4-7),2019Q4,0.1002
d_margin,2,cost-index acceleration (avg L0-3 - L4-7),2020Q1,0.06127
d_margin,2,cost-index acceleration (avg L0-3 - L4-7),2020Q2,0.04622
d_margin,2,cost-index acceleration (avg L0-3 - L4-7),2020Q3,0.01484
d_margin,2,cost-index acceleration (avg L0-3 - L4-7),2020Q4,0.07894
d_margin,2,cost-index acceleration (avg L0-3 - L4-7),2021Q1,0.02951
d_margin,2,cost-index acceleration (avg L0-3 - L4-7),2021Q2,0.08169
d_margin,2,cost-index acceleration (avg L0-3 - L4-7),2021Q3,0.116
d_margin,2,cost-index acceleration (avg L0-3 - L4-7),2021Q4,0.252
d_margin,2,cost-index acceleration (avg L0-3 - L4-7),2022Q1,0.4704
d_margin,2,cost-index acceleration (avg L0-3 - L4-7),2022Q2,0.3933
d_margin,2,cost-index acceleration (avg L0-3 - L4-7),2022Q3,0.5284
d_margin,2,cost-index acceleration (avg L0-3 - L4-7),2022Q4,0.2229
d_margin,2,cost-index acceleration (avg L0-3 - L4-7),2023Q1,0.289
d_margin,2,cost-index acceleration (avg L0-3 - L4-7),2023Q2,0.05911
d_margin,2,cost-index acceleration (avg L0-3 - L4-7),2023Q3,-0.08594
d_margin,2,cost-index acceleration (avg L0-3 - L4-7),2023Q4,-0.0161
d_margin,2,cost-index acceleration (avg L0-3 - L4-7),2024Q1,0.3357
d_margin,2,cost-index acceleration (avg L0-3 - L4-7),2024Q2,0.08072
d_margin,2,cost-index acceleration (avg L0-3 - L4-7),2024Q3,0.3981
d_margin,2,cost-index acceleration (avg L0-3 - L4-7),2024Q4,0.3699
d_margin,2,cost-index acceleration (avg L0-3 - L4-7),2025Q1,0.1259
d_margin,2,cost-index acceleration (avg L0-3 - L4-7),2025Q2,0.3124
d_margin,2,cost-index acceleration (avg L0-3 - L4-7),2025Q3,-0.04057
d_margin,2,cost-index acceleration (avg L0-3 - L4-7),2025Q4,-0.1511
d_margin,2,cost-index acceleration (avg L0-3 - L4-7),2026Q1,-0.02555
d_margin,2,cost-index acceleration (avg L0-3 - L4-7),2026Q2,-0.08702
d_margin,2,packaging acceleration,2011Q1,0.3136
d_margin,2,packaging acceleration,2011Q2,-0.2692
d_margin,2,packaging acceleration,2011Q3,-0.5711
d_margin,2,packaging acceleration,2011Q4,-0.6246
d_margin,2,packaging acceleration,2012Q1,-0.6299
d_margin,2,packaging acceleration,2012Q2,-0.4552
d_margin,2,packaging acceleration,2012Q3,-0.2336
d_margin,2,packaging acceleration,2012Q4,-0.05693
d_margin,2,packaging acceleration,2013Q1,-0.02747
d_margin,2,packaging acceleration,2013Q2,0.157
d_margin,2,packaging acceleration,2013Q3,0.3484
d_margin,2,packaging acceleration,2013Q4,0.3352
d_margin,2,packaging acceleration,2014Q1,0.3088
d_margin,2,packaging acceleration,2014Q2,0.6299
d_margin,2,packaging acceleration,2014Q3,0.5544
d_margin,2,packaging acceleration,2014Q4,0.1629
d_margin,2,packaging acceleration,2015Q1,-0.01051
d_margin,2,packaging acceleration,2015Q2,0.1363
d_margin,2,packaging acceleration,2015Q3,0.05585
d_margin,2,packaging acceleration,2015Q4,0.155
d_margin,2,packaging acceleration,2016Q1,0.2038
d_margin,2,packaging acceleration,2016Q2,-0.1231
d_margin,2,packaging acceleration,2016Q3,0.0623
d_margin,2,packaging acceleration,2016Q4,0.157
d_margin,2,packaging acceleration,2017Q1,0.04935
d_margin,2,packaging acceleration,2017Q2,0.515
d_margin,2,packaging acceleration,2017Q3,0.195
d_margin,2,packaging acceleration,2017Q4,0.2429
d_margin,2,packaging acceleration,2018Q1,0.4288
d_margin,2,packaging acceleration,2018Q2,-0.0855
d_margin,2,packaging acceleration,2018Q3,0.05948
d_margin,2,packaging acceleration,2018Q4,0.2407
d_margin,2,packaging acceleration,2019Q1,0.03798
d_margin,2,packaging acceleration,2019Q2,0.3403
d_margin,2,packaging acceleration,2019Q3,0.3409
d_margin,2,packaging acceleration,2019Q4,0.1296
d_margin,2,packaging acceleration,2020Q1,0.08956
d_margin,2,packaging acceleration,2020Q2,0.05442
d_margin,2,packaging acceleration,2020Q3,0.005719
d_margin,2,packaging acceleration,2020Q4,0.01689
d_margin,2,packaging acceleration,2021Q1,-0.006605
d_margin,2,packaging acceleration,2021Q2,-0.006306
d_margin,2,packaging acceleration,2021Q3,0.06527
d_margin,2,packaging acceleration,2021Q4,0.2094
d_margin,2,packaging acceleration,2022Q1,0.4277
d_margin,2,packaging acceleration,2022Q2,0.6223
d_margin,2,packaging acceleration,2022Q3,0.8868
d_margin,2,packaging acceleration,2022Q4,0.8509
d_margin,2,packaging acceleration,2023Q1,0.6744
d_margin,2,packaging acceleration,2023Q2,-0.08388
d_margin,2,packaging acceleration,2023Q3,-0.6389
d_margin,2,packaging acceleration,2023Q4,-0.3845
d_margin,2,packaging acceleration,2024Q1,0.2615
d_margin,2,packaging acceleration,2024Q2,0.2947
d_margin,2,packaging acceleration,2024Q3,0.8469
d_margin,2,packaging acceleration,2024Q4,0.9589
d_margin,2,packaging acceleration,2025Q1,0.8639
d_margin,2,packaging acceleration,2025Q2,0.9379
d_margin,2,packaging acceleration,2025Q3,0.2952
d_margin,2,packaging acceleration,2025Q4,-0.08221
d_margin,2,packaging acceleration,2026Q1,-0.09734
d_margin,2,packaging acceleration,2026Q2,-0.2549
d_margin,2,"EUR/SEK, PDL L0-6",2010Q1,0.2219
d_margin,2,"EUR/SEK, PDL L0-6",2010Q2,-0.9363
d_margin,2,"EUR/SEK, PDL L0-6",2010Q3,-1.671
d_margin,2,"EUR/SEK, PDL L0-6",2010Q4,-1.258
d_margin,2,"EUR/SEK, PDL L0-6",2011Q1,-0.5495
d_margin,2,"EUR/SEK, PDL L0-6",2011Q2,-0.2905
d_margin,2,"EUR/SEK, PDL L0-6",2011Q3,-0.3427
d_margin,2,"EUR/SEK, PDL L0-6",2011Q4,-0.5103
d_margin,2,"EUR/SEK, PDL L0-6",2012Q1,-0.5995
d_margin,2,"EUR/SEK, PDL L0-6",2012Q2,-0.5903
d_margin,2,"EUR/SEK, PDL L0-6",2012Q3,-0.2254
d_margin,2,"EUR/SEK, PDL L0-6",2012Q4,0.06838
d_margin,2,"EUR/SEK, PDL L0-6",2013Q1,0.02852
d_margin,2,"EUR/SEK, PDL L0-6",2013Q2,0.1819
d_margin,2,"EUR/SEK, PDL L0-6",2013Q3,0.5564
d_margin,2,"EUR/SEK, PDL L0-6",2013Q4,0.4013
d_margin,2,"EUR/SEK, PDL L0-6",2014Q1,0.2336
d_margin,2,"EUR/SEK, PDL L0-6",2014Q2,1.018
d_margin,2,"EUR/SEK, PDL L0-6",2014Q3,1.078
d_margin,2,"EUR/SEK, PDL L0-6",2014Q4,0.5723
d_margin,2,"EUR/SEK, PDL L0-6",2015Q1,0.3346
d_margin,2,"EUR/SEK, PDL L0-6",2015Q2,0.2237
d_margin,2,"EUR/SEK, PDL L0-6",2015Q3,0.00103
d_margin,2,"EUR/SEK, PDL L0-6",2015Q4,0.00949
d_margin,2,"EUR/SEK, PDL L0-6",2016Q1,0.05175
d_margin,2,"EUR/SEK, PDL L0-6",2016Q2,-0.4762
d_margin,2,"EUR/SEK, PDL L0-6",2016Q3,-0.2629
d_margin,2,"EUR/SEK, PDL L0-6",2016Q4,-0.1774
d_margin,2,"EUR/SEK, PDL L0-6",2017Q1,-0.361
d_margin,2,"EUR/SEK, PDL L0-6",2017Q2,0.4973
d_margin,2,"EUR/SEK, PDL L0-6",2017Q3,0.1711
d_margin,2,"EUR/SEK, PDL L0-6",2017Q4,0.3481
d_margin,2,"EUR/SEK, PDL L0-6",2018Q1,0.5609
d_margin,2,"EUR/SEK, PDL L0-6",2018Q2,-0.1834
d_margin,2,"EUR/SEK, PDL L0-6",2018Q3,-0.03754
d_margin,2,"EUR/SEK, PDL L0-6",2018Q4,0.1057
d_margin,2,"EUR/SEK, PDL L0-6",2019Q1,-0.01013
d_margin,2,"EUR/SEK, PDL L0-6",2019Q2,0.3955
d_margin,2,"EUR/SEK, PDL L0-6",2019Q3,0.3701
d_margin,2,"EUR/SEK, PDL L0-6",2019Q4,0.05059
d_margin,2,"EUR/SEK, PDL L0-6",2020Q1,-0.1499
d_margin,2,"EUR/SEK, PDL L0-6",2020Q2,-0.1947
d_margin,2,"EUR/SEK, PDL L0-6",2020Q3,-0.1946
d_margin,2,"EUR/SEK, PDL L0-6",2020Q4,-0.0706
d_margin,2,"EUR/SEK, PDL L0-6",2021Q1,-0.08523
d_margin,2,"EUR/SEK, PDL L0-6",2021Q2,-0.2259
d_margin,2,"EUR/SEK, PDL L0-6",2021Q3,-0.2299
d_margin,2,"EUR/SEK, PDL L0-6",2021Q4,-0.1629
d_margin,2,"EUR/SEK, PDL L0-6",2022Q1,0.02386
d_margin,2,"EUR/SEK, PDL L0-6",2022Q2,0.2866
d_margin,2,"EUR/SEK, PDL L0-6",2022Q3,0.5529
d_margin,2,"EUR/SEK, PDL L0-6",2022Q4,0.4963
d_margin,2,"EUR/SEK, PDL L0-6",2023Q1,0.6091
d_margin,2,"EUR/SEK, PDL L0-6",2023Q2,0.4745
d_margin,2,"EUR/SEK, PDL L0-6",2023Q3,0.3411
d_margin,2,"EUR/SEK, PDL L0-6",2023Q4,0.4199
d_margin,2,"EUR/SEK, PDL L0-6",2024Q1,0.7753
d_margin,2,"EUR/SEK, PDL L0-6",2024Q2,0.07361
d_margin,2,"EUR/SEK, PDL L0-6",2024Q3,0.0677
d_margin,2,"EUR/SEK, PDL L0-6",2024Q4,-0.108
d_margin,2,"EUR/SEK, PDL L0-6",2025Q1,-0.4092
d_margin,2,"EUR/SEK, PDL L0-6",2025Q2,-0.03416
d_margin,2,"EUR/SEK, PDL L0-6",2025Q3,-0.2084
d_margin,2,"EUR/SEK, PDL L0-6",2025Q4,-0.2078
d_margin,2,"EUR/SEK, PDL L0-6",2026Q1,-0.1635
d_margin,2,"EUR/SEK, PDL L0-6",2026Q2,-0.3226
d_margin,2,"raw materials + packaging + EUR/SEK, PDL",2010Q4,-6.65
d_margin,2,"raw materials + packaging + EUR/SEK, PDL",2011Q1,-9.887
d_margin,2,"raw materials + packaging + EUR/SEK, PDL",2011Q2,-6.902
d_margin,2,"raw materials + packaging + EUR/SEK, PDL",2011Q3,0.6565
d_margin,2,"raw materials + packaging + EUR/SEK, PDL",2011Q4,2.202
d_margin,2,"raw materials + packaging + EUR/SEK, PDL",2012Q1,3.3
d_margin,2,"raw materials + packaging + EUR/SEK, PDL",2012Q2,2.13
d_margin,2,"raw materials + packaging + EUR/SEK, PDL",2012Q3,3.359
d_margin,2,"raw materials + packaging + EUR/SEK, PDL",2012Q4,4.675
d_margin,2,"raw materials + packaging + EUR/SEK, PDL",2013Q1,4.448
d_margin,2,"raw materials + packaging + EUR/SEK, PDL",2013Q2,6.967
d_margin,2,"raw materials + packaging + EUR/SEK, PDL",2013Q3,6.48
d_margin,2,"raw materials + packaging + EUR/SEK, PDL",2013Q4,4.523
d_margin,2,"raw materials + packaging + EUR/SEK, PDL",2014Q1,2.855
d_margin,2,"raw materials + packaging + EUR/SEK, PDL",2014Q2,2.325
d_margin,2,"raw materials + packaging + EUR/SEK, PDL",2014Q3,1.561
d_margin,2,"raw materials + packaging + EUR/SEK, PDL",2014Q4,0.7987
d_margin,2,"raw materials + packaging + EUR/SEK, PDL",2015Q1,0.5524
d_margin,2,"raw materials + packaging + EUR/SEK, PDL",2015Q2,0.3816
d_margin,2,"raw materials + packaging + EUR/SEK, PDL",2015Q3,0.2812
d_margin,2,"raw materials + packaging + EUR/SEK, PDL",2015Q4,0.3387
d_margin,2,"raw materials + packaging + EUR/SEK, PDL",2016Q1,0.2066
d_margin,2,"raw materials + packaging + EUR/SEK, PDL",2016Q2,-0.4063
d_margin,2,"raw materials + packaging + EUR/SEK, PDL",2016Q3,-0.3996
d_margin,2,"raw materials + packaging + EUR/SEK, PDL",2016Q4,-0.3585
d_margin,2,"raw materials + packaging + EUR/SEK, PDL",2017Q1,-0.2821
d_margin,2,"raw materials + packaging + EUR/SEK, PDL",2017Q2,0.541
d_margin,2,"raw materials + packaging + EUR/SEK, PDL",2017Q3,0.2853
d_margin,2,"raw materials + packaging + EUR/SEK, PDL",2017Q4,0.3904
d_margin,2,"raw materials + packaging + EUR/SEK, PDL",2018Q1,0.5065
d_margin,2,"raw materials + packaging + EUR/SEK, PDL",2018Q2,-0.1132
d_margin,2,"raw materials + packaging + EUR/SEK, PDL",2018Q3,0.1348
d_margin,2,"raw materials + packaging + EUR/SEK, PDL",2018Q4,0.5184
d_margin,2,"raw materials + packaging + EUR/SEK, PDL",2019Q1,0.4852
d_margin,2,"raw materials + packaging + EUR/SEK, PDL",2019Q2,0.6193
d_margin,2,"raw materials + packaging + EUR/SEK, PDL",2019Q3,0.5982
d_margin,2,"raw materials + packaging + EUR/SEK, PDL",2019Q4,0.1212
d_margin,2,"raw materials + packaging + EUR/SEK, PDL",2020Q1,-0.2303
d_margin,2,"raw materials + packaging + EUR/SEK, PDL",2020Q2,-0.3497
d_margin,2,"raw materials + packaging + EUR/SEK, PDL",2020Q3,-0.2378
d_margin,2,"raw materials + packaging + EUR/SEK, PDL",2020Q4,-0.002875
d_margin,2,"raw materials + packaging + EUR/SEK, PDL",2021Q1,0.01111
d_margin,2,"raw materials + packaging + EUR/SEK, PDL",2021Q2,-0.0248
d_margin,2,"raw materials + packaging + EUR/SEK, PDL",2021Q3,-0.1498
d_margin,2,"raw materials + packaging + EUR/SEK, PDL",2021Q4,-0.24
d_margin,2,"raw materials + packaging + EUR/SEK, PDL",2022Q1,-0.3234
d_margin,2,"raw materials + packaging + EUR/SEK, PDL",2022Q2,-0.123
d_margin,2,"raw materials + packaging + EUR/SEK, PDL",2022Q3,0.6149
d_margin,2,"raw materials + packaging + EUR/SEK, PDL",2022Q4,1.141
d_margin,2,"raw materials + packaging + EUR/SEK, PDL",2023Q1,1.395
d_margin,2,"raw materials + packaging + EUR/SEK, PDL",2023Q2,0.9928
d_margin,2,"raw materials + packaging + EUR/SEK, PDL",2023Q3,1.211
d_margin,2,"raw materials + packaging + EUR/SEK, PDL",2023Q4,3.131
d_margin,2,"raw materials + packaging + EUR/SEK, PDL",2024Q1,5.391
d_margin,2,"raw materials + packaging + EUR/SEK, PDL",2024Q2,3.959
d_margin,2,"raw materials + packaging + EUR/SEK, PDL",2024Q3,1.6
d_margin,2,"raw materials + packaging + EUR/SEK, PDL",2024Q4,-0.4554
d_margin,2,"raw materials + packaging + EUR/SEK, PDL",2025Q1,-1.979
d_margin,2,"raw materials + packaging + EUR/SEK, PDL",2025Q2,-1.867
d_margin,2,"raw materials + packaging + EUR/SEK, PDL",2025Q3,-1.147
d_margin,2,"raw materials + packaging + EUR/SEK, PDL",2025Q4,-0.6472
d_margin,2,"raw materials + packaging + EUR/SEK, PDL",2026Q1,-0.2097
d_margin,2,"raw materials + packaging + EUR/SEK, PDL",2026Q2,-0.1348
d_margin,4,prevailing mean,2010Q1,-0.06006
d_margin,4,prevailing mean,2010Q2,-0.04273
d_margin,4,prevailing mean,2010Q3,-0.02094
d_margin,4,prevailing mean,2010Q4,-0.006171
d_margin,4,prevailing mean,2011Q1,0.01111
d_margin,4,prevailing mean,2011Q2,0.04778
d_margin,4,prevailing mean,2011Q3,0.06855
d_margin,4,prevailing mean,2011Q4,0.07441
d_margin,4,prevailing mean,2012Q1,0.0764
d_margin,4,prevailing mean,2012Q2,0.06346
d_margin,4,prevailing mean,2012Q3,0.04517
d_margin,4,prevailing mean,2012Q4,0.0184
d_margin,4,prevailing mean,2013Q1,0.02909
d_margin,4,prevailing mean,2013Q2,0.05776
d_margin,4,prevailing mean,2013Q3,0.07757
d_margin,4,prevailing mean,2013Q4,0.1441
d_margin,4,prevailing mean,2014Q1,0.2039
d_margin,4,prevailing mean,2014Q2,0.2222
d_margin,4,prevailing mean,2014Q3,0.1682
d_margin,4,prevailing mean,2014Q4,0.1297
d_margin,4,prevailing mean,2015Q1,0.08044
d_margin,4,prevailing mean,2015Q2,0.07574
d_margin,4,prevailing mean,2015Q3,0.1041
d_margin,4,prevailing mean,2015Q4,0.09424
d_margin,4,prevailing mean,2016Q1,0.1071
d_margin,4,prevailing mean,2016Q2,0.1051
d_margin,4,prevailing mean,2016Q3,0.1163
d_margin,4,prevailing mean,2016Q4,0.1286
d_margin,4,prevailing mean,2017Q1,0.1407
d_margin,4,prevailing mean,2017Q2,0.1459
d_margin,4,prevailing mean,2017Q3,0.1308
d_margin,4,prevailing mean,2017Q4,0.128
d_margin,4,prevailing mean,2018Q1,0.1266
d_margin,4,prevailing mean,2018Q2,0.1154
d_margin,4,prevailing mean,2018Q3,0.1022
d_margin,4,prevailing mean,2018Q4,0.1061
d_margin,4,prevailing mean,2019Q1,0.1193
d_margin,4,prevailing mean,2019Q2,0.1169
d_margin,4,prevailing mean,2019Q3,0.1224
d_margin,4,prevailing mean,2019Q4,0.1305
d_margin,4,prevailing mean,2020Q1,0.1175
d_margin,4,prevailing mean,2020Q2,0.1251
d_margin,4,prevailing mean,2020Q3,0.1338
d_margin,4,prevailing mean,2020Q4,0.1412
d_margin,4,prevailing mean,2021Q1,0.1499
d_margin,4,prevailing mean,2021Q2,0.1548
d_margin,4,prevailing mean,2021Q3,0.1756
d_margin,4,prevailing mean,2021Q4,0.1785
d_margin,4,prevailing mean,2022Q1,0.1896
d_margin,4,prevailing mean,2022Q2,0.1898
d_margin,4,prevailing mean,2022Q3,0.1583
d_margin,4,prevailing mean,2022Q4,0.1506
d_margin,4,prevailing mean,2023Q1,0.118
d_margin,4,prevailing mean,2023Q2,0.1084
d_margin,4,prevailing mean,2023Q3,0.08506
d_margin,4,prevailing mean,2023Q4,0.04959
d_margin,4,prevailing mean,2024Q1,0.01672
d_margin,4,prevailing mean,2024Q2,0.00909
d_margin,4,prevailing mean,2024Q3,0.02141
d_margin,4,prevailing mean,2024Q4,0.02009
d_margin,4,prevailing mean,2025Q1,0.01876
d_margin,4,prevailing mean,2025Q2,0.02562
d_margin,4,prevailing mean,2025Q3,0.04486
d_margin,4,prevailing mean,2025Q4,0.05922
d_margin,4,prevailing mean,2026Q1,0.06729
d_margin,4,prevailing mean,2026Q2,0.07415
d_margin,4,AR + Easter (benchmark),2010Q2,-0.3809
d_margin,4,AR + Easter (benchmark),2010Q3,-0.4159
d_margin,4,AR + Easter (benchmark),2010Q4,-0.2401
d_margin,4,AR + Easter (benchmark),2011Q1,-0.2455
d_margin,4,AR + Easter (benchmark),2011Q2,-0.1912
d_margin,4,AR + Easter (benchmark),2011Q3,-0.1147
d_margin,4,AR + Easter (benchmark),2011Q4,0.0169
d_margin,4,AR + Easter (benchmark),2012Q1,0.05279
d_margin,4,AR + Easter (benchmark),2012Q2,0.1738
d_margin,4,AR + Easter (benchmark),2012Q3,0.2247
d_margin,4,AR + Easter (benchmark),2012Q4,0.3113
d_margin,4,AR + Easter (benchmark),2013Q1,0.05865
d_margin,4,AR + Easter (benchmark),2013Q2,-0.3697
d_margin,4,AR + Easter (benchmark),2013Q3,-0.1422
d_margin,4,AR + Easter (benchmark),2013Q4,-0.7853
d_margin,4,AR + Easter (benchmark),2014Q1,-0.9807
d_margin,4,AR + Easter (benchmark),2014Q2,0.06349
d_margin,4,AR + Easter (benchmark),2014Q3,1.199
d_margin,4,AR + Easter (benchmark),2014Q4,0.9465
d_margin,4,AR + Easter (benchmark),2015Q1,1.468
d_margin,4,AR + Easter (benchmark),2015Q2,0.1638
d_margin,4,AR + Easter (benchmark),2015Q3,-0.4472
d_margin,4,AR + Easter (benchmark),2015Q4,0.3192
d_margin,4,AR + Easter (benchmark),2016Q1,0.1392
d_margin,4,AR + Easter (benchmark),2016Q2,-0.1022
d_margin,4,AR + Easter (benchmark),2016Q3,-0.08719
d_margin,4,AR + Easter (benchmark),2016Q4,-0.07887
d_margin,4,AR + Easter (benchmark),2017Q1,-0.4339
d_margin,4,AR + Easter (benchmark),2017Q2,0.4256
d_margin,4,AR + Easter (benchmark),2017Q3,0.4123
d_margin,4,AR + Easter (benchmark),2017Q4,0.1901
d_margin,4,AR + Easter (benchmark),2018Q1,0.4822
d_margin,4,AR + Easter (benchmark),2018Q2,0.03557
d_margin,4,AR + Easter (benchmark),2018Q3,0.3888
d_margin,4,AR + Easter (benchmark),2018Q4,0.0454
d_margin,4,AR + Easter (benchmark),2019Q1,-0.4009
d_margin,4,AR + Easter (benchmark),2019Q2,0.4256
d_margin,4,AR + Easter (benchmark),2019Q3,0.01238
d_margin,4,AR + Easter (benchmark),2019Q4,-0.04442
d_margin,4,AR + Easter (benchmark),2020Q1,0.4156
d_margin,4,AR + Easter (benchmark),2020Q2,-0.032
d_margin,4,AR + Easter (benchmark),2020Q3,-0.05585
d_margin,4,AR + Easter (benchmark),2020Q4,-0.01993
d_margin,4,AR + Easter (benchmark),2021Q1,0.08445
d_margin,4,AR + Easter (benchmark),2021Q2,-0.08024
d_margin,4,AR + Easter (benchmark),2021Q3,-0.2922
d_margin,4,AR + Easter (benchmark),2021Q4,0.1138
d_margin,4,AR + Easter (benchmark),2022Q1,-0.1819
d_margin,4,AR + Easter (benchmark),2022Q2,0.3122
d_margin,4,AR + Easter (benchmark),2022Q3,0.9037
d_margin,4,AR + Easter (benchmark),2022Q4,0.3536
d_margin,4,AR + Easter (benchmark),2023Q1,0.9493
d_margin,4,AR + Easter (benchmark),2023Q2,0.387
d_margin,4,AR + Easter (benchmark),2023Q3,0.7235
d_margin,4,AR + Easter (benchmark),2023Q4,0.7174
d_margin,4,AR + Easter (benchmark),2024Q1,0.87
d_margin,4,AR + Easter (benchmark),2024Q2,-0.1425
d_margin,4,AR + Easter (benchmark),2024Q3,-0.1479
d_margin,4,AR + Easter (benchmark),2024Q4,0.05246
d_margin,4,AR + Easter (benchmark),2025Q1,-0.2403
d_margin,4,AR + Easter (benchmark),2025Q2,0.213
d_margin,4,AR + Easter (benchmark),2025Q3,-0.2436
d_margin,4,AR + Easter (benchmark),2025Q4,-0.1415
d_margin,4,AR + Easter (benchmark),2026Q1,0.03037
d_margin,4,AR + Easter (benchmark),2026Q2,-0.09536
d_margin,4,"raw materials local ccy, PDL L0-6",2011Q4,-0.6115
d_margin,4,"raw materials local ccy, PDL L0-6",2012Q1,-0.5035
d_margin,4,"raw materials local ccy, PDL L0-6",2012Q2,-0.1736
d_margin,4,"raw materials local ccy, PDL L0-6",2012Q3,0.2059
d_margin,4,"raw materials local ccy, PDL L0-6",2012Q4,0.6484
d_margin,4,"raw materials local ccy, PDL L0-6",2013Q1,0.3631
d_margin,4,"raw materials local ccy, PDL L0-6",2013Q2,0.4127
d_margin,4,"raw materials local ccy, PDL L0-6",2013Q3,0.3117
d_margin,4,"raw materials local ccy, PDL L0-6",2013Q4,-0.6438
d_margin,4,"raw materials local ccy, PDL L0-6",2014Q1,-0.9493
d_margin,4,"raw materials local ccy, PDL L0-6",2014Q2,-0.4591
d_margin,4,"raw materials local ccy, PDL L0-6",2014Q3,1.133
d_margin,4,"raw materials local ccy, PDL L0-6",2014Q4,1.052
d_margin,4,"raw materials local ccy, PDL L0-6",2015Q1,1.741
d_margin,4,"raw materials local ccy, PDL L0-6",2015Q2,0.423
d_margin,4,"raw materials local ccy, PDL L0-6",2015Q3,-0.2738
d_margin,4,"raw materials local ccy, PDL L0-6",2015Q4,0.5147
d_margin,4,"raw materials local ccy, PDL L0-6",2016Q1,0.05207
d_margin,4,"raw materials local ccy, PDL L0-6",2016Q2,-0.1192
d_margin,4,"raw materials local ccy, PDL L0-6",2016Q3,-0.3564
d_margin,4,"raw materials local ccy, PDL L0-6",2016Q4,-0.4737
d_margin,4,"raw materials local ccy, PDL L0-6",2017Q1,-0.6145
d_margin,4,"raw materials local ccy, PDL L0-6",2017Q2,0.05942
d_margin,4,"raw materials local ccy, PDL L0-6",2017Q3,0.3042
d_margin,4,"raw materials local ccy, PDL L0-6",2017Q4,0.06413
d_margin,4,"raw materials local ccy, PDL L0-6",2018Q1,0.2825
d_margin,4,"raw materials local ccy, PDL L0-6",2018Q2,0.1775
d_margin,4,"raw materials local ccy, PDL L0-6",2018Q3,0.5981
d_margin,4,"raw materials local ccy, PDL L0-6",2018Q4,0.5715
d_margin,4,"raw materials local ccy, PDL L0-6",2019Q1,0.3541
d_margin,4,"raw materials local ccy, PDL L0-6",2019Q2,0.7557
d_margin,4,"raw materials local ccy, PDL L0-6",2019Q3,0.08175
d_margin,4,"raw materials local ccy, PDL L0-6",2019Q4,-0.2978
d_margin,4,"raw materials local ccy, PDL L0-6",2020Q1,0.06785
d_margin,4,"raw materials local ccy, PDL L0-6",2020Q2,-0.3778
d_margin,4,"raw materials local ccy, PDL L0-6",2020Q3,-0.1935
d_margin,4,"raw materials local ccy, PDL L0-6",2020Q4,0.01487
d_margin,4,"raw materials local ccy, PDL L0-6",2021Q1,0.05157
d_margin,4,"raw materials local ccy, PDL L0-6",2021Q2,0.08828
d_margin,4,"raw materials local ccy, PDL L0-6",2021Q3,-0.08314
d_margin,4,"raw materials local ccy, PDL L0-6",2021Q4,0.3176
d_margin,4,"raw materials local ccy, PDL L0-6",2022Q1,0.05113
d_margin,4,"raw materials local ccy, PDL L0-6",2022Q2,0.3444
d_margin,4,"raw materials local ccy, PDL L0-6",2022Q3,0.8656
d_margin,4,"raw materials local ccy, PDL L0-6",2022Q4,0.2943
d_margin,4,"raw materials local ccy, PDL L0-6",2023Q1,1.108
d_margin,4,"raw materials local ccy, PDL L0-6",2023Q2,0.6915
d_margin,4,"raw materials local ccy, PDL L0-6",2023Q3,1.188
d_margin,4,"raw materials local ccy, PDL L0-6",2023Q4,1.092
d_margin,4,"raw materials local ccy, PDL L0-6",2024Q1,0.8659
d_margin,4,"raw materials local ccy, PDL L0-6",2024Q2,0.3735
d_margin,4,"raw materials local ccy, PDL L0-6",2024Q3,0.36
d_margin,4,"raw materials local ccy, PDL L0-6",2024Q4,0.1176
d_margin,4,"raw materials local ccy, PDL L0-6",2025Q1,-0.6992
d_margin,4,"raw materials local ccy, PDL L0-6",2025Q2,-0.8759
d_margin,4,"raw materials local ccy, PDL L0-6",2025Q3,-1.269
d_margin,4,"raw materials local ccy, PDL L0-6",2025Q4,-0.7385
d_margin,4,"raw materials local ccy, PDL L0-6",2026Q1,-0.1351
d_margin,4,"raw materials local ccy, PDL L0-6",2026Q2,-0.04686
d_margin,4,"FAO food index local ccy, PDL L0-6",2010Q2,0.4533
d_margin,4,"FAO food index local ccy, PDL L0-6",2010Q3,1.283
d_margin,4,"FAO food index local ccy, PDL L0-6",2010Q4,1.481
d_margin,4,"FAO food index local ccy, PDL L0-6",2011Q1,0.8562
d_margin,4,"FAO food index local ccy, PDL L0-6",2011Q2,0.07969
d_margin,4,"FAO food index local ccy, PDL L0-6",2011Q3,-0.5942
d_margin,4,"FAO food index local ccy, PDL L0-6",2011Q4,-0.479
d_margin,4,"FAO food index local ccy, PDL L0-6",2012Q1,-0.5811
d_margin,4,"FAO food index local ccy, PDL L0-6",2012Q2,-0.3181
d_margin,4,"FAO food index local ccy, PDL L0-6",2012Q3,-0.06397
d_margin,4,"FAO food index local ccy, PDL L0-6",2012Q4,0.2554
d_margin,4,"FAO food index local ccy, PDL L0-6",2013Q1,0.6945
d_margin,4,"FAO food index local ccy, PDL L0-6",2013Q2,0.55
d_margin,4,"FAO food index local ccy, PDL L0-6",2013Q3,0.7642
d_margin,4,"FAO food index local ccy, PDL L0-6",2013Q4,-0.2126
d_margin,4,"FAO food index local ccy, PDL L0-6",2014Q1,-0.936
d_margin,4,"FAO food index local ccy, PDL L0-6",2014Q2,-0.2389
d_margin,4,"FAO food index local ccy, PDL L0-6",2014Q3,0.954
d_margin,4,"FAO food index local ccy, PDL L0-6",2014Q4,0.8258
d_margin,4,"FAO food index local ccy, PDL L0-6",2015Q1,1.299
d_margin,4,"FAO food index local ccy, PDL L0-6",2015Q2,-0.0159
d_margin,4,"FAO food index local ccy, PDL L0-6",2015Q3,-0.6282
d_margin,4,"FAO food index local ccy, PDL L0-6",2015Q4,0.1221
d_margin,4,"FAO food index local ccy, PDL L0-6",2016Q1,-0.03354
d_margin,4,"FAO food index local ccy, PDL L0-6",2016Q2,-0.1902
d_margin,4,"FAO food index local ccy, PDL L0-6",2016Q3,-0.1652
d_margin,4,"FAO food index local ccy, PDL L0-6",2016Q4,-0.1216
d_margin,4,"FAO food index local ccy, PDL L0-6",2017Q1,-0.4279
d_margin,4,"FAO food index local ccy, PDL L0-6",2017Q2,0.3016
d_margin,4,"FAO food index local ccy, PDL L0-6",2017Q3,0.2163
d_margin,4,"FAO food index local ccy, PDL L0-6",2017Q4,-0.04313
d_margin,4,"FAO food index local ccy, PDL L0-6",2018Q1,0.254
d_margin,4,"FAO food index local ccy, PDL L0-6",2018Q2,-0.007212
d_margin,4,"FAO food index local ccy, PDL L0-6",2018Q3,0.5195
d_margin,4,"FAO food index local ccy, PDL L0-6",2018Q4,0.2557
d_margin,4,"FAO food index local ccy, PDL L0-6",2019Q1,-0.2275
d_margin,4,"FAO food index local ccy, PDL L0-6",2019Q2,0.4521
d_margin,4,"FAO food index local ccy, PDL L0-6",2019Q3,-0.1234
d_margin,4,"FAO food index local ccy, PDL L0-6",2019Q4,-0.2558
d_margin,4,"FAO food index local ccy, PDL L0-6",2020Q1,0.2058
d_margin,4,"FAO food index local ccy, PDL L0-6",2020Q2,-0.1965
d_margin,4,"FAO food index local ccy, PDL L0-6",2020Q3,-0.1502
d_margin,4,"FAO food index local ccy, PDL L0-6",2020Q4,-0.08739
d_margin,4,"FAO food index local ccy, PDL L0-6",2021Q1,0.06802
d_margin,4,"FAO food index local ccy, PDL L0-6",2021Q2,-0.02187
d_margin,4,"FAO food index local ccy, PDL L0-6",2021Q3,-0.182
d_margin,4,"FAO food index local ccy, PDL L0-6",2021Q4,0.2253
d_margin,4,"FAO food index local ccy, PDL L0-6",2022Q1,-0.1201
d_margin,4,"FAO food index local ccy, PDL L0-6",2022Q2,0.3032
d_margin,4,"FAO food index local ccy, PDL L0-6",2022Q3,0.8751
d_margin,4,"FAO food index local ccy, PDL L0-6",2022Q4,0.3926
d_margin,4,"FAO food index local ccy, PDL L0-6",2023Q1,1.11
d_margin,4,"FAO food index local ccy, PDL L0-6",2023Q2,0.6427
d_margin,4,"FAO food index local ccy, PDL L0-6",2023Q3,1.004
d_margin,4,"FAO food index local ccy, PDL L0-6",2023Q4,1.008
d_margin,4,"FAO food index local ccy, PDL L0-6",2024Q1,1.379
d_margin,4,"FAO food index local ccy, PDL L0-6",2024Q2,0.6703
d_margin,4,"FAO food index local ccy, PDL L0-6",2024Q3,0.2113
d_margin,4,"FAO food index local ccy, PDL L0-6",2024Q4,0.03101
d_margin,4,"FAO food index local ccy, PDL L0-6",2025Q1,-0.4447
d_margin,4,"FAO food index local ccy, PDL L0-6",2025Q2,-0.1912
d_margin,4,"FAO food index local ccy, PDL L0-6",2025Q3,-0.4849
d_margin,4,"FAO food index local ccy, PDL L0-6",2025Q4,-0.3211
d_margin,4,"FAO food index local ccy, PDL L0-6",2026Q1,-0.2214
d_margin,4,"FAO food index local ccy, PDL L0-6",2026Q2,-0.05554
d_margin,4,"calibrated cost index, PDL L0-6",2011Q4,-0.811
d_margin,4,"calibrated cost index, PDL L0-6",2012Q1,-0.6492
d_margin,4,"calibrated cost index, PDL L0-6",2012Q2,-0.2493
d_margin,4,"calibrated cost index, PDL L0-6",2012Q3,0.19
d_margin,4,"calibrated cost index, PDL L0-6",2012Q4,0.6622
d_margin,4,"calibrated cost index, PDL L0-6",2013Q1,0.4087
d_margin,4,"calibrated cost index, PDL L0-6",2013Q2,0.4199
d_margin,4,"calibrated cost index, PDL L0-6",2013Q3,0.2703
d_margin,4,"calibrated cost index, PDL L0-6",2013Q4,-0.7595
d_margin,4,"calibrated cost index, PDL L0-6",2014Q1,-1.065
d_margin,4,"calibrated cost index, PDL L0-6",2014Q2,-0.5938
d_margin,4,"calibrated cost index, PDL L0-6",2014Q3,1.019
d_margin,4,"calibrated cost index, PDL L0-6",2014Q4,1.001
d_margin,4,"calibrated cost index, PDL L0-6",2015Q1,1.728
d_margin,4,"calibrated cost index, PDL L0-6",2015Q2,0.4724
d_margin,4,"calibrated cost index, PDL L0-6",2015Q3,-0.2197
d_margin,4,"calibrated cost index, PDL L0-6",2015Q4,0.4992
d_margin,4,"calibrated cost index, PDL L0-6",2016Q1,0.04938
d_margin,4,"calibrated cost index, PDL L0-6",2016Q2,-0.1539
d_margin,4,"calibrated cost index, PDL L0-6",2016Q3,-0.3855
d_margin,4,"calibrated cost index, PDL L0-6",2016Q4,-0.5016
d_margin,4,"calibrated cost index, PDL L0-6",2017Q1,-0.6685
d_margin,4,"calibrated cost index, PDL L0-6",2017Q2,-0.01334
d_margin,4,"calibrated cost index, PDL L0-6",2017Q3,0.205
d_margin,4,"calibrated cost index, PDL L0-6",2017Q4,0.01097
d_margin,4,"calibrated cost index, PDL L0-6",2018Q1,0.276
d_margin,4,"calibrated cost index, PDL L0-6",2018Q2,0.1892
d_margin,4,"calibrated cost index, PDL L0-6",2018Q3,0.6174
d_margin,4,"calibrated cost index, PDL L0-6",2018Q4,0.6058
d_margin,4,"calibrated cost index, PDL L0-6",2019Q1,0.3845
d_margin,4,"calibrated cost index, PDL L0-6",2019Q2,0.754
d_margin,4,"calibrated cost index, PDL L0-6",2019Q3,0.07787
d_margin,4,"calibrated cost index, PDL L0-6",2019Q4,-0.2998
d_margin,4,"calibrated cost index, PDL L0-6",2020Q1,0.05953
d_margin,4,"calibrated cost index, PDL L0-6",2020Q2,-0.3586
d_margin,4,"calibrated cost index, PDL L0-6",2020Q3,-0.1577
d_margin,4,"calibrated cost index, PDL L0-6",2020Q4,0.04605
d_margin,4,"calibrated cost index, PDL L0-6",2021Q1,0.07254
d_margin,4,"calibrated cost index, PDL L0-6",2021Q2,0.1045
d_margin,4,"calibrated cost index, PDL L0-6",2021Q3,-0.06922
d_margin,4,"calibrated cost index, PDL L0-6",2021Q4,0.2947
d_margin,4,"calibrated cost index, PDL L0-6",2022Q1,0.01816
d_margin,4,"calibrated cost index, PDL L0-6",2022Q2,0.29
d_margin,4,"calibrated cost index, PDL L0-6",2022Q3,0.7872
d_margin,4,"calibrated cost index, PDL L0-6",2022Q4,0.283
d_margin,4,"calibrated cost index, PDL L0-6",2023Q1,1.177
d_margin,4,"calibrated cost index, PDL L0-6",2023Q2,0.8511
d_margin,4,"calibrated cost index, PDL L0-6",2023Q3,1.393
d_margin,4,"calibrated cost index, PDL L0-6",2023Q4,1.268
d_margin,4,"calibrated cost index, PDL L0-6",2024Q1,1.023
d_margin,4,"calibrated cost index, PDL L0-6",2024Q2,0.5364
d_margin,4,"calibrated cost index, PDL L0-6",2024Q3,0.5723
d_margin,4,"calibrated cost index, PDL L0-6",2024Q4,0.23
d_margin,4,"calibrated cost index, PDL L0-6",2025Q1,-0.7543
d_margin,4,"calibrated cost index, PDL L0-6",2025Q2,-1.035
d_margin,4,"calibrated cost index, PDL L0-6",2025Q3,-1.434
d_margin,4,"calibrated cost index, PDL L0-6",2025Q4,-0.8532
d_margin,4,"calibrated cost index, PDL L0-6",2026Q1,-0.185
d_margin,4,"calibrated cost index, PDL L0-6",2026Q2,-0.07133
d_margin,4,"packaging EU, PDL L0-6",2011Q4,-0.7925
d_margin,4,"packaging EU, PDL L0-6",2012Q1,-0.6419
d_margin,4,"packaging EU, PDL L0-6",2012Q2,-0.1814
d_margin,4,"packaging EU, PDL L0-6",2012Q3,0.2679
d_margin,4,"packaging EU, PDL L0-6",2012Q4,0.7807
d_margin,4,"packaging EU, PDL L0-6",2013Q1,0.6109
d_margin,4,"packaging EU, PDL L0-6",2013Q2,0.6699
d_margin,4,"packaging EU, PDL L0-6",2013Q3,0.4199
d_margin,4,"packaging EU, PDL L0-6",2013Q4,-0.09296
d_margin,4,"packaging EU, PDL L0-6",2014Q1,-0.1657
d_margin,4,"packaging EU, PDL L0-6",2014Q2,-0.3182
d_margin,4,"packaging EU, PDL L0-6",2014Q3,0.4622
d_margin,4,"packaging EU, PDL L0-6",2014Q4,0.4608
d_margin,4,"packaging EU, PDL L0-6",2015Q1,1.001
d_margin,4,"packaging EU, PDL L0-6",2015Q2,0.2019
d_margin,4,"packaging EU, PDL L0-6",2015Q3,-0.3066
d_margin,4,"packaging EU, PDL L0-6",2015Q4,0.2595
d_margin,4,"packaging EU, PDL L0-6",2016Q1,0.1117
d_margin,4,"packaging EU, PDL L0-6",2016Q2,-0.06612
d_margin,4,"packaging EU, PDL L0-6",2016Q3,-0.1557
d_margin,4,"packaging EU, PDL L0-6",2016Q4,-0.1396
d_margin,4,"packaging EU, PDL L0-6",2017Q1,-0.2673
d_margin,4,"packaging EU, PDL L0-6",2017Q2,0.2759
d_margin,4,"packaging EU, PDL L0-6",2017Q3,0.4121
d_margin,4,"packaging EU, PDL L0-6",2017Q4,0.2646
d_margin,4,"packaging EU, PDL L0-6",2018Q1,0.3242
d_margin,4,"packaging EU, PDL L0-6",2018Q2,-0.02234
d_margin,4,"packaging EU, PDL L0-6",2018Q3,0.1907
d_margin,4,"packaging EU, PDL L0-6",2018Q4,0.004218
d_margin,4,"packaging EU, PDL L0-6",2019Q1,-0.1152
d_margin,4,"packaging EU, PDL L0-6",2019Q2,0.5548
d_margin,4,"packaging EU, PDL L0-6",2019Q3,0.3802
d_margin,4,"packaging EU, PDL L0-6",2019Q4,0.3479
d_margin,4,"packaging EU, PDL L0-6",2020Q1,0.6267
d_margin,4,"packaging EU, PDL L0-6",2020Q2,0.2157
d_margin,4,"packaging EU, PDL L0-6",2020Q3,0.06409
d_margin,4,"packaging EU, PDL L0-6",2020Q4,-0.08255
d_margin,4,"packaging EU, PDL L0-6",2021Q1,-0.1851
d_margin,4,"packaging EU, PDL L0-6",2021Q2,-0.3601
d_margin,4,"packaging EU, PDL L0-6",2021Q3,-0.5962
d_margin,4,"packaging EU, PDL L0-6",2021Q4,-0.3062
d_margin,4,"packaging EU, PDL L0-6",2022Q1,-0.3933
d_margin,4,"packaging EU, PDL L0-6",2022Q2,0.06306
d_margin,4,"packaging EU, PDL L0-6",2022Q3,0.8391
d_margin,4,"packaging EU, PDL L0-6",2022Q4,1.021
d_margin,4,"packaging EU, PDL L0-6",2023Q1,2.216
d_margin,4,"packaging EU, PDL L0-6",2023Q2,2.686
d_margin,4,"packaging EU, PDL L0-6",2023Q3,3.715
d_margin,4,"packaging EU, PDL L0-6",2023Q4,3.792
d_margin,4,"packaging EU, PDL L0-6",2024Q1,3.164
d_margin,4,"packaging EU, PDL L0-6",2024Q2,2.414
d_margin,4,"packaging EU, PDL L0-6",2024Q3,2.472
d_margin,4,"packaging EU, PDL L0-6",2024Q4,1.01
d_margin,4,"packaging EU, PDL L0-6",2025Q1,-1.437
d_margin,4,"packaging EU, PDL L0-6",2025Q2,-2.798
d_margin,4,"packaging EU, PDL L0-6",2025Q3,-3.861
d_margin,4,"packaging EU, PDL L0-6",2025Q4,-3.397
d_margin,4,"packaging EU, PDL L0-6",2026Q1,-1.602
d_margin,4,"packaging EU, PDL L0-6",2026Q2,-0.363
d_margin,4,"cost index + food CPI ex VAT, PDL",2011Q4,0.2994
d_margin,4,"cost index + food CPI ex VAT, PDL",2012Q1,0.08363
d_margin,4,"cost index + food CPI ex VAT, PDL",2012Q2,-0.1475
d_margin,4,"cost index + food CPI ex VAT, PDL",2012Q3,-0.68
d_margin,4,"cost index + food CPI ex VAT, PDL",2012Q4,-0.5459
d_margin,4,"cost index + food CPI ex VAT, PDL",2013Q1,-1.94
d_margin,4,"cost index + food CPI ex VAT, PDL",2013Q2,-1.431
d_margin,4,"cost index + food CPI ex VAT, PDL",2013Q3,-1.12
d_margin,4,"cost index + food CPI ex VAT, PDL",2013Q4,-4.059
d_margin,4,"cost index + food CPI ex VAT, PDL",2014Q1,-4.383
d_margin,4,"cost index + food CPI ex VAT, PDL",2014Q2,-2.97
d_margin,4,"cost index + food CPI ex VAT, PDL",2014Q3,0.8478
d_margin,4,"cost index + food CPI ex VAT, PDL",2014Q4,1.302
d_margin,4,"cost index + food CPI ex VAT, PDL",2015Q1,2.12
d_margin,4,"cost index + food CPI ex VAT, PDL",2015Q2,0.5004
d_margin,4,"cost index + food CPI ex VAT, PDL",2015Q3,-0.5299
d_margin,4,"cost index + food CPI ex VAT, PDL",2015Q4,0.2702
d_margin,4,"cost index + food CPI ex VAT, PDL",2016Q1,-0.208
d_margin,4,"cost index + food CPI ex VAT, PDL",2016Q2,-0.2186
d_margin,4,"cost index + food CPI ex VAT, PDL",2016Q3,-0.6048
d_margin,4,"cost index + food CPI ex VAT, PDL",2016Q4,-0.7664
d_margin,4,"cost index + food CPI ex VAT, PDL",2017Q1,-0.9255
d_margin,4,"cost index + food CPI ex VAT, PDL",2017Q2,-0.3983
d_margin,4,"cost index + food CPI ex VAT, PDL",2017Q3,-0.009785
d_margin,4,"cost index + food CPI ex VAT, PDL",2017Q4,-0.211
d_margin,4,"cost index + food CPI ex VAT, PDL",2018Q1,0.1294
d_margin,4,"cost index + food CPI ex VAT, PDL",2018Q2,0.2845
d_margin,4,"cost index + food CPI ex VAT, PDL",2018Q3,0.6139
d_margin,4,"cost index + food CPI ex VAT, PDL",2018Q4,0.5317
d_margin,4,"cost index + food CPI ex VAT, PDL",2019Q1,0.3564
d_margin,4,"cost index + food CPI ex VAT, PDL",2019Q2,0.6571
d_margin,4,"cost index + food CPI ex VAT, PDL",2019Q3,-0.1017
d_margin,4,"cost index + food CPI ex VAT, PDL",2019Q4,-0.5171
d_margin,4,"cost index + food CPI ex VAT, PDL",2020Q1,-0.1123
d_margin,4,"cost index + food CPI ex VAT, PDL",2020Q2,-0.4524
d_margin,4,"cost index + food CPI ex VAT, PDL",2020Q3,-0.03543
d_margin,4,"cost index + food CPI ex VAT, PDL",2020Q4,0.3168
d_margin,4,"cost index + food CPI ex VAT, PDL",2021Q1,0.1522
d_margin,4,"cost index + food CPI ex VAT, PDL",2021Q2,0.2905
d_margin,4,"cost index + food CPI ex VAT, PDL",2021Q3,0.224
d_margin,4,"cost index + food CPI ex VAT, PDL",2021Q4,0.5172
d_margin,4,"cost index + food CPI ex VAT, PDL",2022Q1,0.108
d_margin,4,"cost index + food CPI ex VAT, PDL",2022Q2,0.05113
d_margin,4,"cost index + food CPI ex VAT, PDL",2022Q3,0.2824
d_margin,4,"cost index + food CPI ex VAT, PDL",2022Q4,-0.1666
d_margin,4,"cost index + food CPI ex VAT, PDL",2023Q1,1.113
d_margin,4,"cost index + food CPI ex VAT, PDL",2023Q2,1.008
d_margin,4,"cost index + food CPI ex VAT, PDL",2023Q3,2.474
d_margin,4,"cost index + food CPI ex VAT, PDL",2023Q4,4.465
d_margin,4,"cost index + food CPI ex VAT, PDL",2024Q1,5.449
d_margin,4,"cost index + food CPI ex VAT, PDL",2024Q2,4.684
d_margin,4,"cost index + food CPI ex VAT, PDL",2024Q3,2.938
d_margin,4,"cost index + food CPI ex VAT, PDL",2024Q4,1.198
d_margin,4,"cost index + food CPI ex VAT, PDL",2025Q1,-0.22
d_margin,4,"cost index + food CPI ex VAT, PDL",2025Q2,-0.888
d_margin,4,"cost index + food CPI ex VAT, PDL",2025Q3,-1.247
d_margin,4,"cost index + food CPI ex VAT, PDL",2025Q4,-0.5197
d_margin,4,"cost index + food CPI ex VAT, PDL",2026Q1,0.2118
d_margin,4,"cost index + food CPI ex VAT, PDL",2026Q2,0.486
d_margin,4,"gap: CPI ex VAT - cost index, PDL",2011Q4,-0.873
d_margin,4,"gap: CPI ex VAT - cost index, PDL",2012Q1,-0.741
d_margin,4,"gap: CPI ex VAT - cost index, PDL",2012Q2,-0.1662
d_margin,4,"gap: CPI ex VAT - cost index, PDL",2012Q3,0.1486
d_margin,4,"gap: CPI ex VAT - cost index, PDL",2012Q4,0.6607
d_margin,4,"gap: CPI ex VAT - cost index, PDL",2013Q1,0.2268
d_margin,4,"gap: CPI ex VAT - cost index, PDL",2013Q2,0.1428
d_margin,4,"gap: CPI ex VAT - cost index, PDL",2013Q3,0.009225
d_margin,4,"gap: CPI ex VAT - cost index, PDL",2013Q4,-1.418
d_margin,4,"gap: CPI ex VAT - cost index, PDL",2014Q1,-1.589
d_margin,4,"gap: CPI ex VAT - cost index, PDL",2014Q2,-0.9002
d_margin,4,"gap: CPI ex VAT - cost index, PDL",2014Q3,1.258
d_margin,4,"gap: CPI ex VAT - cost index, PDL",2014Q4,1.454
d_margin,4,"gap: CPI ex VAT - cost index, PDL",2015Q1,2.241
d_margin,4,"gap: CPI ex VAT - cost index, PDL",2015Q2,0.6388
d_margin,4,"gap: CPI ex VAT - cost index, PDL",2015Q3,-0.2362
d_margin,4,"gap: CPI ex VAT - cost index, PDL",2015Q4,0.7097
d_margin,4,"gap: CPI ex VAT - cost index, PDL",2016Q1,0.28
d_margin,4,"gap: CPI ex VAT - cost index, PDL",2016Q2,0.2565
d_margin,4,"gap: CPI ex VAT - cost index, PDL",2016Q3,-0.01179
d_margin,4,"gap: CPI ex VAT - cost index, PDL",2016Q4,-0.1733
d_margin,4,"gap: CPI ex VAT - cost index, PDL",2017Q1,-0.4066
d_margin,4,"gap: CPI ex VAT - cost index, PDL",2017Q2,0.2034
d_margin,4,"gap: CPI ex VAT - cost index, PDL",2017Q3,0.5137
d_margin,4,"gap: CPI ex VAT - cost index, PDL",2017Q4,0.09008
d_margin,4,"gap: CPI ex VAT - cost index, PDL",2018Q1,0.2161
d_margin,4,"gap: CPI ex VAT - cost index, PDL",2018Q2,0.1016
d_margin,4,"gap: CPI ex VAT - cost index, PDL",2018Q3,0.4675
d_margin,4,"gap: CPI ex VAT - cost index, PDL",2018Q4,0.5402
d_margin,4,"gap: CPI ex VAT - cost index, PDL",2019Q1,0.4823
d_margin,4,"gap: CPI ex VAT - cost index, PDL",2019Q2,0.9457
d_margin,4,"gap: CPI ex VAT - cost index, PDL",2019Q3,0.1238
d_margin,4,"gap: CPI ex VAT - cost index, PDL",2019Q4,-0.3742
d_margin,4,"gap: CPI ex VAT - cost index, PDL",2020Q1,-0.04436
d_margin,4,"gap: CPI ex VAT - cost index, PDL",2020Q2,-0.52
d_margin,4,"gap: CPI ex VAT - cost index, PDL",2020Q3,-0.1668
d_margin,4,"gap: CPI ex VAT - cost index, PDL",2020Q4,0.1439
d_margin,4,"gap: CPI ex VAT - cost index, PDL",2021Q1,-0.01702
d_margin,4,"gap: CPI ex VAT - cost index, PDL",2021Q2,0.0133
d_margin,4,"gap: CPI ex VAT - cost index, PDL",2021Q3,-0.1069
d_margin,4,"gap: CPI ex VAT - cost index, PDL",2021Q4,0.3344
d_margin,4,"gap: CPI ex VAT - cost index, PDL",2022Q1,0.06346
d_margin,4,"gap: CPI ex VAT - cost index, PDL",2022Q2,0.2097
d_margin,4,"gap: CPI ex VAT - cost index, PDL",2022Q3,0.483
d_margin,4,"gap: CPI ex VAT - cost index, PDL",2022Q4,-0.1174
d_margin,4,"gap: CPI ex VAT - cost index, PDL",2023Q1,0.9825
d_margin,4,"gap: CPI ex VAT - cost index, PDL",2023Q2,0.5972
d_margin,4,"gap: CPI ex VAT - cost index, PDL",2023Q3,1.11
d_margin,4,"gap: CPI ex VAT - cost index, PDL",2023Q4,1.318
d_margin,4,"gap: CPI ex VAT - cost index, PDL",2024Q1,1.403
d_margin,4,"gap: CPI ex VAT - cost index, PDL",2024Q2,0.9486
d_margin,4,"gap: CPI ex VAT - cost index, PDL",2024Q3,0.5569
d_margin,4,"gap: CPI ex VAT - cost index, PDL",2024Q4,0.03337
d_margin,4,"gap: CPI ex VAT - cost index, PDL",2025Q1,-0.8162
d_margin,4,"gap: CPI ex VAT - cost index, PDL",2025Q2,-0.9001
d_margin,4,"gap: CPI ex VAT - cost index, PDL",2025Q3,-1.057
d_margin,4,"gap: CPI ex VAT - cost index, PDL",2025Q4,-0.1625
d_margin,4,"gap: CPI ex VAT - cost index, PDL",2026Q1,0.511
d_margin,4,"gap: CPI ex VAT - cost index, PDL",2026Q2,0.4926
d_margin,4,"gap: CPI - agri basket (panel), avg L0-2",2010Q4,-0.5086
d_margin,4,"gap: CPI - agri basket (panel), avg L0-2",2011Q1,-0.3334
d_margin,4,"gap: CPI - agri basket (panel), avg L0-2",2011Q2,-0.1531
d_margin,4,"gap: CPI - agri basket (panel), avg L0-2",2011Q3,-0.2204
d_margin,4,"gap: CPI - agri basket (panel), avg L0-2",2011Q4,-0.1842
d_margin,4,"gap: CPI - agri basket (panel), avg L0-2",2012Q1,-0.1652
d_margin,4,"gap: CPI - agri basket (panel), avg L0-2",2012Q2,-0.006208
d_margin,4,"gap: CPI - agri basket (panel), avg L0-2",2012Q3,0.05261
d_margin,4,"gap: CPI - agri basket (panel), avg L0-2",2012Q4,0.1148
d_margin,4,"gap: CPI - agri basket (panel), avg L0-2",2013Q1,-0.1875
d_margin,4,"gap: CPI - agri basket (panel), avg L0-2",2013Q2,-0.3922
d_margin,4,"gap: CPI - agri basket (panel), avg L0-2",2013Q3,-0.1398
d_margin,4,"gap: CPI - agri basket (panel), avg L0-2",2013Q4,-0.664
d_margin,4,"gap: CPI - agri basket (panel), avg L0-2",2014Q1,-0.7317
d_margin,4,"gap: CPI - agri basket (panel), avg L0-2",2014Q2,0.1694
d_margin,4,"gap: CPI - agri basket (panel), avg L0-2",2014Q3,1.279
d_margin,4,"gap: CPI - agri basket (panel), avg L0-2",2014Q4,1.041
d_margin,4,"gap: CPI - agri basket (panel), avg L0-2",2015Q1,1.55
d_margin,4,"gap: CPI - agri basket (panel), avg L0-2",2015Q2,0.2329
d_margin,4,"gap: CPI - agri basket (panel), avg L0-2",2015Q3,-0.4266
d_margin,4,"gap: CPI - agri basket (panel), avg L0-2",2015Q4,0.2938
d_margin,4,"gap: CPI - agri basket (panel), avg L0-2",2016Q1,0.03875
d_margin,4,"gap: CPI - agri basket (panel), avg L0-2",2016Q2,-0.1788
d_margin,4,"gap: CPI - agri basket (panel), avg L0-2",2016Q3,-0.2058
d_margin,4,"gap: CPI - agri basket (panel), avg L0-2",2016Q4,-0.1934
d_margin,4,"gap: CPI - agri basket (panel), avg L0-2",2017Q1,-0.456
d_margin,4,"gap: CPI - agri basket (panel), avg L0-2",2017Q2,0.376
d_margin,4,"gap: CPI - agri basket (panel), avg L0-2",2017Q3,0.3709
d_margin,4,"gap: CPI - agri basket (panel), avg L0-2",2017Q4,0.1823
d_margin,4,"gap: CPI - agri basket (panel), avg L0-2",2018Q1,0.4974
d_margin,4,"gap: CPI - agri basket (panel), avg L0-2",2018Q2,0.1449
d_margin,4,"gap: CPI - agri basket (panel), avg L0-2",2018Q3,0.5408
d_margin,4,"gap: CPI - agri basket (panel), avg L0-2",2018Q4,0.2278
d_margin,4,"gap: CPI - agri basket (panel), avg L0-2",2019Q1,-0.241
d_margin,4,"gap: CPI - agri basket (panel), avg L0-2",2019Q2,0.4426
d_margin,4,"gap: CPI - agri basket (panel), avg L0-2",2019Q3,-0.009401
d_margin,4,"gap: CPI - agri basket (panel), avg L0-2",2019Q4,-0.103
d_margin,4,"gap: CPI - agri basket (panel), avg L0-2",2020Q1,0.3772
d_margin,4,"gap: CPI - agri basket (panel), avg L0-2",2020Q2,-0.05956
d_margin,4,"gap: CPI - agri basket (panel), avg L0-2",2020Q3,-0.0498
d_margin,4,"gap: CPI - agri basket (panel), avg L0-2",2020Q4,0.002652
d_margin,4,"gap: CPI - agri basket (panel), avg L0-2",2021Q1,0.1096
d_margin,4,"gap: CPI - agri basket (panel), avg L0-2",2021Q2,-0.02203
d_margin,4,"gap: CPI - agri basket (panel), avg L0-2",2021Q3,-0.2565
d_margin,4,"gap: CPI - agri basket (panel), avg L0-2",2021Q4,0.133
d_margin,4,"gap: CPI - agri basket (panel), avg L0-2",2022Q1,-0.1652
d_margin,4,"gap: CPI - agri basket (panel), avg L0-2",2022Q2,0.3032
d_margin,4,"gap: CPI - agri basket (panel), avg L0-2",2022Q3,0.9302
d_margin,4,"gap: CPI - agri basket (panel), avg L0-2",2022Q4,0.3846
d_margin,4,"gap: CPI - agri basket (panel), avg L0-2",2023Q1,0.9966
d_margin,4,"gap: CPI - agri basket (panel), avg L0-2",2023Q2,0.4369
d_margin,4,"gap: CPI - agri basket (panel), avg L0-2",2023Q3,0.8083
d_margin,4,"gap: CPI - agri basket (panel), avg L0-2",2023Q4,0.8353
d_margin,4,"gap: CPI - agri basket (panel), avg L0-2",2024Q1,0.9003
d_margin,4,"gap: CPI - agri basket (panel), avg L0-2",2024Q2,-0.1023
d_margin,4,"gap: CPI - agri basket (panel), avg L0-2",2024Q3,-0.1319
d_margin,4,"gap: CPI - agri basket (panel), avg L0-2",2024Q4,0.04668
d_margin,4,"gap: CPI - agri basket (panel), avg L0-2",2025Q1,-0.2118
d_margin,4,"gap: CPI - agri basket (panel), avg L0-2",2025Q2,0.2006
d_margin,4,"gap: CPI - agri basket (panel), avg L0-2",2025Q3,-0.225
d_margin,4,"gap: CPI - agri basket (panel), avg L0-2",2025Q4,-0.1106
d_margin,4,"gap: CPI - agri basket (panel), avg L0-2",2026Q1,0.04382
d_margin,4,"gap: CPI - agri basket (panel), avg L0-2",2026Q2,-0.07268
d_margin,4,cost-index acceleration (avg L0-3 - L4-7),2012Q1,-0.2189
d_margin,4,cost-index acceleration (avg L0-3 - L4-7),2012Q2,-0.0486
d_margin,4,cost-index acceleration (avg L0-3 - L4-7),2012Q3,0.03291
d_margin,4,cost-index acceleration (avg L0-3 - L4-7),2012Q4,0.1763
d_margin,4,cost-index acceleration (avg L0-3 - L4-7),2013Q1,-0.1683
d_margin,4,cost-index acceleration (avg L0-3 - L4-7),2013Q2,-0.1024
d_margin,4,cost-index acceleration (avg L0-3 - L4-7),2013Q3,-0.1407
d_margin,4,cost-index acceleration (avg L0-3 - L4-7),2013Q4,-0.898
d_margin,4,cost-index acceleration (avg L0-3 - L4-7),2014Q1,-0.8624
d_margin,4,cost-index acceleration (avg L0-3 - L4-7),2014Q2,-0.2428
d_margin,4,cost-index acceleration (avg L0-3 - L4-7),2014Q3,1.152
d_margin,4,cost-index acceleration (avg L0-3 - L4-7),2014Q4,1.006
d_margin,4,cost-index acceleration (avg L0-3 - L4-7),2015Q1,1.475
d_margin,4,cost-index acceleration (avg L0-3 - L4-7),2015Q2,0.4204
d_margin,4,cost-index acceleration (avg L0-3 - L4-7),2015Q3,-0.2887
d_margin,4,cost-index acceleration (avg L0-3 - L4-7),2015Q4,0.2894
d_margin,4,cost-index acceleration (avg L0-3 - L4-7),2016Q1,-0.05398
d_margin,4,cost-index acceleration (avg L0-3 - L4-7),2016Q2,-0.2069
d_margin,4,cost-index acceleration (avg L0-3 - L4-7),2016Q3,-0.2974
d_margin,4,cost-index acceleration (avg L0-3 - L4-7),2016Q4,-0.2638
d_margin,4,cost-index acceleration (avg L0-3 - L4-7),2017Q1,-0.3197
d_margin,4,cost-index acceleration (avg L0-3 - L4-7),2017Q2,0.2641
d_margin,4,cost-index acceleration (avg L0-3 - L4-7),2017Q3,0.4439
d_margin,4,cost-index acceleration (avg L0-3 - L4-7),2017Q4,0.3606
d_margin,4,cost-index acceleration (avg L0-3 - L4-7),2018Q1,0.5792
d_margin,4,cost-index acceleration (avg L0-3 - L4-7),2018Q2,0.4668
d_margin,4,cost-index acceleration (avg L0-3 - L4-7),2018Q3,0.7682
d_margin,4,cost-index acceleration (avg L0-3 - L4-7),2018Q4,0.4409
d_margin,4,cost-index acceleration (avg L0-3 - L4-7),2019Q1,0.007747
d_margin,4,cost-index acceleration (avg L0-3 - L4-7),2019Q2,0.2483
d_margin,4,cost-index acceleration (avg L0-3 - L4-7),2019Q3,-0.2273
d_margin,4,cost-index acceleration (avg L0-3 - L4-7),2019Q4,-0.3708
d_margin,4,cost-index acceleration (avg L0-3 - L4-7),2020Q1,0.0883
d_margin,4,cost-index acceleration (avg L0-3 - L4-7),2020Q2,-0.1076
d_margin,4,cost-index acceleration (avg L0-3 - L4-7),2020Q3,0.009794
d_margin,4,cost-index acceleration (avg L0-3 - L4-7),2020Q4,0.1369
d_margin,4,cost-index acceleration (avg L0-3 - L4-7),2021Q1,0.2431
d_margin,4,cost-index acceleration (avg L0-3 - L4-7),2021Q2,0.1485
d_margin,4,cost-index acceleration (avg L0-3 - L4-7),2021Q3,-0.1026
d_margin,4,cost-index acceleration (avg L0-3 - L4-7),2021Q4,0.199
d_margin,4,cost-index acceleration (avg L0-3 - L4-7),2022Q1,-0.1155
d_margin,4,cost-index acceleration (avg L0-3 - L4-7),2022Q2,0.161
d_margin,4,cost-index acceleration (avg L0-3 - L4-7),2022Q3,0.7916
d_margin,4,cost-index acceleration (avg L0-3 - L4-7),2022Q4,0.4032
d_margin,4,cost-index acceleration (avg L0-3 - L4-7),2023Q1,1.056
d_margin,4,cost-index acceleration (avg L0-3 - L4-7),2023Q2,0.6667
d_margin,4,cost-index acceleration (avg L0-3 - L4-7),2023Q3,1.033
d_margin,4,cost-index acceleration (avg L0-3 - L4-7),2023Q4,1.016
d_margin,4,cost-index acceleration (avg L0-3 - L4-7),2024Q1,0.9574
d_margin,4,cost-index acceleration (avg L0-3 - L4-7),2024Q2,0.003309
d_margin,4,cost-index acceleration (avg L0-3 - L4-7),2024Q3,-0.319
d_margin,4,cost-index acceleration (avg L0-3 - L4-7),2024Q4,-0.4163
d_margin,4,cost-index acceleration (avg L0-3 - L4-7),2025Q1,-0.7464
d_margin,4,cost-index acceleration (avg L0-3 - L4-7),2025Q2,-0.4153
d_margin,4,cost-index acceleration (avg L0-3 - L4-7),2025Q3,-0.5168
d_margin,4,cost-index acceleration (avg L0-3 - L4-7),2025Q4,-0.2017
d_margin,4,cost-index acceleration (avg L0-3 - L4-7),2026Q1,0.06996
d_margin,4,cost-index acceleration (avg L0-3 - L4-7),2026Q2,0.05157
d_margin,4,packaging acceleration,2012Q1,-0.05539
d_margin,4,packaging acceleration,2012Q2,0.2422
d_margin,4,packaging acceleration,2012Q3,0.3615
d_margin,4,packaging acceleration,2012Q4,0.4104
d_margin,4,packaging acceleration,2013Q1,-0.04021
d_margin,4,packaging acceleration,2013Q2,0.03751
d_margin,4,packaging acceleration,2013Q3,-0.1734
d_margin,4,packaging acceleration,2013Q4,-0.7611
d_margin,4,packaging acceleration,2014Q1,-0.837
d_margin,4,packaging acceleration,2014Q2,-0.6563
d_margin,4,packaging acceleration,2014Q3,0.4208
d_margin,4,packaging acceleration,2014Q4,0.4126
d_margin,4,packaging acceleration,2015Q1,0.9171
d_margin,4,packaging acceleration,2015Q2,0.1539
d_margin,4,packaging acceleration,2015Q3,-0.2329
d_margin,4,packaging acceleration,2015Q4,0.3032
d_margin,4,packaging acceleration,2016Q1,0.1286
d_margin,4,packaging acceleration,2016Q2,-0.01585
d_margin,4,packaging acceleration,2016Q3,-0.09908
d_margin,4,packaging acceleration,2016Q4,-0.1062
d_margin,4,packaging acceleration,2017Q1,-0.2442
d_margin,4,packaging acceleration,2017Q2,0.3395
d_margin,4,packaging acceleration,2017Q3,0.4482
d_margin,4,packaging acceleration,2017Q4,0.2689
d_margin,4,packaging acceleration,2018Q1,0.3856
d_margin,4,packaging acceleration,2018Q2,0.02351
d_margin,4,packaging acceleration,2018Q3,0.2136
d_margin,4,packaging acceleration,2018Q4,0.07465
d_margin,4,packaging acceleration,2019Q1,-0.06609
d_margin,4,packaging acceleration,2019Q2,0.5497
d_margin,4,packaging acceleration,2019Q3,0.3827
d_margin,4,packaging acceleration,2019Q4,0.3368
d_margin,4,packaging acceleration,2020Q1,0.5992
d_margin,4,packaging acceleration,2020Q2,0.1654
d_margin,4,packaging acceleration,2020Q3,0.01575
d_margin,4,packaging acceleration,2020Q4,-0.1208
d_margin,4,packaging acceleration,2021Q1,-0.2321
d_margin,4,packaging acceleration,2021Q2,-0.3719
d_margin,4,packaging acceleration,2021Q3,-0.5847
d_margin,4,packaging acceleration,2021Q4,-0.27
d_margin,4,packaging acceleration,2022Q1,-0.3097
d_margin,4,packaging acceleration,2022Q2,0.1776
d_margin,4,packaging acceleration,2022Q3,0.9361
d_margin,4,packaging acceleration,2022Q4,1.097
d_margin,4,packaging acceleration,2023Q1,2.126
d_margin,4,packaging acceleration,2023Q2,2.436
d_margin,4,packaging acceleration,2023Q3,3.076
d_margin,4,packaging acceleration,2023Q4,2.952
d_margin,4,packaging acceleration,2024Q1,2.192
d_margin,4,packaging acceleration,2024Q2,0.7037
d_margin,4,packaging acceleration,2024Q3,-0.1919
d_margin,4,packaging acceleration,2024Q4,-0.8145
d_margin,4,packaging acceleration,2025Q1,-1.325
d_margin,4,packaging acceleration,2025Q2,-1.171
d_margin,4,packaging acceleration,2025Q3,-1.41
d_margin,4,packaging acceleration,2025Q4,-0.9032
d_margin,4,packaging acceleration,2026Q1,-0.2265
d_margin,4,packaging acceleration,2026Q2,0.03404
d_margin,4,"EUR/SEK, PDL L0-6",2010Q2,-0.0769
d_margin,4,"EUR/SEK, PDL L0-6",2010Q3,-0.6113
d_margin,4,"EUR/SEK, PDL L0-6",2010Q4,-0.8281
d_margin,4,"EUR/SEK, PDL L0-6",2011Q1,-0.9976
d_margin,4,"EUR/SEK, PDL L0-6",2011Q2,-0.1936
d_margin,4,"EUR/SEK, PDL L0-6",2011Q3,0.8359
d_margin,4,"EUR/SEK, PDL L0-6",2011Q4,1.055
d_margin,4,"EUR/SEK, PDL L0-6",2012Q1,0.3739
d_margin,4,"EUR/SEK, PDL L0-6",2012Q2,-0.3229
d_margin,4,"EUR/SEK, PDL L0-6",2012Q3,-0.8762
d_margin,4,"EUR/SEK, PDL L0-6",2012Q4,-0.6908
d_margin,4,"EUR/SEK, PDL L0-6",2013Q1,-0.8757
d_margin,4,"EUR/SEK, PDL L0-6",2013Q2,-1.393
d_margin,4,"EUR/SEK, PDL L0-6",2013Q3,-1.364
d_margin,4,"EUR/SEK, PDL L0-6",2013Q4,-0.8476
d_margin,4,"EUR/SEK, PDL L0-6",2014Q1,-0.5536
d_margin,4,"EUR/SEK, PDL L0-6",2014Q2,0.5103
d_margin,4,"EUR/SEK, PDL L0-6",2014Q3,1.527
d_margin,4,"EUR/SEK, PDL L0-6",2014Q4,1.216
d_margin,4,"EUR/SEK, PDL L0-6",2015Q1,1.235
d_margin,4,"EUR/SEK, PDL L0-6",2015Q2,0.1118
d_margin,4,"EUR/SEK, PDL L0-6",2015Q3,-0.4589
d_margin,4,"EUR/SEK, PDL L0-6",2015Q4,-0.04851
d_margin,4,"EUR/SEK, PDL L0-6",2016Q1,0.1852
d_margin,4,"EUR/SEK, PDL L0-6",2016Q2,-0.3287
d_margin,4,"EUR/SEK, PDL L0-6",2016Q3,-0.1488
d_margin,4,"EUR/SEK, PDL L0-6",2016Q4,-0.09952
d_margin,4,"EUR/SEK, PDL L0-6",2017Q1,-0.4404
d_margin,4,"EUR/SEK, PDL L0-6",2017Q2,0.5294
d_margin,4,"EUR/SEK, PDL L0-6",2017Q3,0.5602
d_margin,4,"EUR/SEK, PDL L0-6",2017Q4,0.5653
d_margin,4,"EUR/SEK, PDL L0-6",2018Q1,0.7341
d_margin,4,"EUR/SEK, PDL L0-6",2018Q2,0.05489
d_margin,4,"EUR/SEK, PDL L0-6",2018Q3,0.08786
d_margin,4,"EUR/SEK, PDL L0-6",2018Q4,-0.1987
d_margin,4,"EUR/SEK, PDL L0-6",2019Q1,-0.2509
d_margin,4,"EUR/SEK, PDL L0-6",2019Q2,0.8064
d_margin,4,"EUR/SEK, PDL L0-6",2019Q3,0.4347
d_margin,4,"EUR/SEK, PDL L0-6",2019Q4,0.1599
d_margin,4,"EUR/SEK, PDL L0-6",2020Q1,0.03251
d_margin,4,"EUR/SEK, PDL L0-6",2020Q2,-0.3828
d_margin,4,"EUR/SEK, PDL L0-6",2020Q3,-0.1571
d_margin,4,"EUR/SEK, PDL L0-6",2020Q4,0.1343
d_margin,4,"EUR/SEK, PDL L0-6",2021Q1,0.3943
d_margin,4,"EUR/SEK, PDL L0-6",2021Q2,-0.009566
d_margin,4,"EUR/SEK, PDL L0-6",2021Q3,-0.2909
d_margin,4,"EUR/SEK, PDL L0-6",2021Q4,-0.1043
d_margin,4,"EUR/SEK, PDL L0-6",2022Q1,-0.2935
d_margin,4,"EUR/SEK, PDL L0-6",2022Q2,0.3032
d_margin,4,"EUR/SEK, PDL L0-6",2022Q3,0.9174
d_margin,4,"EUR/SEK, PDL L0-6",2022Q4,0.5644
d_margin,4,"EUR/SEK, PDL L0-6",2023Q1,1.049
d_margin,4,"EUR/SEK, PDL L0-6",2023Q2,0.5523
d_margin,4,"EUR/SEK, PDL L0-6",2023Q3,0.5587
d_margin,4,"EUR/SEK, PDL L0-6",2023Q4,0.5622
d_margin,4,"EUR/SEK, PDL L0-6",2024Q1,0.7736
d_margin,4,"EUR/SEK, PDL L0-6",2024Q2,0.02883
d_margin,4,"EUR/SEK, PDL L0-6",2024Q3,0.414
d_margin,4,"EUR/SEK, PDL L0-6",2024Q4,0.06959
d_margin,4,"EUR/SEK, PDL L0-6",2025Q1,-0.5898
d_margin,4,"EUR/SEK, PDL L0-6",2025Q2,0.01583
d_margin,4,"EUR/SEK, PDL L0-6",2025Q3,-0.3838
d_margin,4,"EUR/SEK, PDL L0-6",2025Q4,0.1695
d_margin,4,"EUR/SEK, PDL L0-6",2026Q1,0.4905
d_margin,4,"EUR/SEK, PDL L0-6",2026Q2,-0.1747
d_margin,4,"raw materials + packaging + EUR/SEK, PDL",2011Q4,-2.689
d_margin,4,"raw materials + packaging + EUR/SEK, PDL",2012Q1,1.757
d_margin,4,"raw materials + packaging + EUR/SEK, PDL",2012Q2,5.563
d_margin,4,"raw materials + packaging + EUR/SEK, PDL",2012Q3,5.862
d_margin,4,"raw materials + packaging + EUR/SEK, PDL",2012Q4,6.134
d_margin,4,"raw materials + packaging + EUR/SEK, PDL",2013Q1,6.936
d_margin,4,"raw materials + packaging + EUR/SEK, PDL",2013Q2,5.956
d_margin,4,"raw materials + packaging + EUR/SEK, PDL",2013Q3,4.483
d_margin,4,"raw materials + packaging + EUR/SEK, PDL",2013Q4,5.891
d_margin,4,"raw materials + packaging + EUR/SEK, PDL",2014Q1,5.066
d_margin,4,"raw materials + packaging + EUR/SEK, PDL",2014Q2,2.544
d_margin,4,"raw materials + packaging + EUR/SEK, PDL",2014Q3,1.576
d_margin,4,"raw materials + packaging + EUR/SEK, PDL",2014Q4,0.8579
d_margin,4,"raw materials + packaging + EUR/SEK, PDL",2015Q1,0.5792
d_margin,4,"raw materials + packaging + EUR/SEK, PDL",2015Q2,-0.3619
d_margin,4,"raw materials + packaging + EUR/SEK, PDL",2015Q3,-1.173
d_margin,4,"raw materials + packaging + EUR/SEK, PDL",2015Q4,-0.5825
d_margin,4,"raw materials + packaging + EUR/SEK, PDL",2016Q1,0.07375
d_margin,4,"raw materials + packaging + EUR/SEK, PDL",2016Q2,-0.2116
d_margin,4,"raw materials + packaging + EUR/SEK, PDL",2016Q3,-0.3482
d_margin,4,"raw materials + packaging + EUR/SEK, PDL",2016Q4,-0.6015
d_margin,4,"raw materials + packaging + EUR/SEK, PDL",2017Q1,-0.8565
d_margin,4,"raw materials + packaging + EUR/SEK, PDL",2017Q2,-0.1863
d_margin,4,"raw materials + packaging + EUR/SEK, PDL",2017Q3,0.2347
d_margin,4,"raw materials + packaging + EUR/SEK, PDL",2017Q4,0.5233
d_margin,4,"raw materials + packaging + EUR/SEK, PDL",2018Q1,0.6192
d_margin,4,"raw materials + packaging + EUR/SEK, PDL",2018Q2,0.1344
d_margin,4,"raw materials + packaging + EUR/SEK, PDL",2018Q3,0.1139
d_margin,4,"raw materials + packaging + EUR/SEK, PDL",2018Q4,0.06694
d_margin,4,"raw materials + packaging + EUR/SEK, PDL",2019Q1,0.4988
d_margin,4,"raw materials + packaging + EUR/SEK, PDL",2019Q2,1.504
d_margin,4,"raw materials + packaging + EUR/SEK, PDL",2019Q3,0.8364
d_margin,4,"raw materials + packaging + EUR/SEK, PDL",2019Q4,0.0725
d_margin,4,"raw materials + packaging + EUR/SEK, PDL",2020Q1,-0.5581
d_margin,4,"raw materials + packaging + EUR/SEK, PDL",2020Q2,-1.119
d_margin,4,"raw materials + packaging + EUR/SEK, PDL",2020Q3,-0.6381
d_margin,4,"raw materials + packaging + EUR/SEK, PDL",2020Q4,-0.07305
d_margin,4,"raw materials + packaging + EUR/SEK, PDL",2021Q1,0.3648
d_margin,4,"raw materials + packaging + EUR/SEK, PDL",2021Q2,0.1521
d_margin,4,"raw materials + packaging + EUR/SEK, PDL",2021Q3,-0.1728
d_margin,4,"raw materials + packaging + EUR/SEK, PDL",2021Q4,-0.02323
d_margin,4,"raw materials + packaging + EUR/SEK, PDL",2022Q1,-0.1303
d_margin,4,"raw materials + packaging + EUR/SEK, PDL",2022Q2,0.312
d_margin,4,"raw materials + packaging + EUR/SEK, PDL",2022Q3,0.9959
d_margin,4,"raw materials + packaging + EUR/SEK, PDL",2022Q4,0.9875
d_margin,4,"raw materials + packaging + EUR/SEK, PDL",2023Q1,2.183
d_margin,4,"raw materials + packaging + EUR/SEK, PDL",2023Q2,2.526
d_margin,4,"raw materials + packaging + EUR/SEK, PDL",2023Q3,3.535
d_margin,4,"raw materials + packaging + EUR/SEK, PDL",2023Q4,4.143
d_margin,4,"raw materials + packaging + EUR/SEK, PDL",2024Q1,4.343
d_margin,4,"raw materials + packaging + EUR/SEK, PDL",2024Q2,4.818
d_margin,4,"raw materials + packaging + EUR/SEK, PDL",2024Q3,5.637
d_margin,4,"raw materials + packaging + EUR/SEK, PDL",2024Q4,3.262
d_margin,4,"raw materials + packaging + EUR/SEK, PDL",2025Q1,-0.218
d_margin,4,"raw materials + packaging + EUR/SEK, PDL",2025Q2,-1.941
d_margin,4,"raw materials + packaging + EUR/SEK, PDL",2025Q3,-3.175
d_margin,4,"raw materials + packaging + EUR/SEK, PDL",2025Q4,-2.25
d_margin,4,"raw materials + packaging + EUR/SEK, PDL",2026Q1,-0.7148
d_margin,4,"raw materials + packaging + EUR/SEK, PDL",2026Q2,-0.4692
og,0,prevailing mean,2010Q1,0.6306
og,0,prevailing mean,2010Q2,0.5243
og,0,prevailing mean,2010Q3,0.3526
og,0,prevailing mean,2010Q4,0.241
og,0,prevailing mean,2011Q1,0.16
og,0,prevailing mean,2011Q2,0.1317
og,0,prevailing mean,2011Q3,0.1333
og,0,prevailing mean,2011Q4,0.107
og,0,prevailing mean,2012Q1,0.08182
og,0,prevailing mean,2012Q2,0.1911
og,0,prevailing mean,2012Q3,0.1196
og,0,prevailing mean,2012Q4,0.2021
og,0,prevailing mean,2013Q1,0.1729
og,0,prevailing mean,2013Q2,0.1694
og,0,prevailing mean,2013Q3,0.082
og,0,prevailing mean,2013Q4,0.01176
og,0,prevailing mean,2014Q1,-0.1038
og,0,prevailing mean,2014Q2,-0.1528
og,0,prevailing mean,2014Q3,-0.2352
og,0,prevailing mean,2014Q4,-0.2927
og,0,prevailing mean,2015Q1,-0.2482
og,0,prevailing mean,2015Q2,-0.1719
og,0,prevailing mean,2015Q3,-0.1362
og,0,prevailing mean,2015Q4,-0.06271
og,0,prevailing mean,2016Q1,0.025
og,0,prevailing mean,2016Q2,0.07869
og,0,prevailing mean,2016Q3,0.1403
og,0,prevailing mean,2016Q4,0.1905
og,0,prevailing mean,2017Q1,0.1781
og,0,prevailing mean,2017Q2,0.1923
og,0,prevailing mean,2017Q3,0.1955
og,0,prevailing mean,2017Q4,0.2358
og,0,prevailing mean,2018Q1,0.2515
og,0,prevailing mean,2018Q2,0.271
og,0,prevailing mean,2018Q3,0.2729
og,0,prevailing mean,2018Q4,0.2845
og,0,prevailing mean,2019Q1,0.3181
og,0,prevailing mean,2019Q2,0.337
og,0,prevailing mean,2019Q3,0.3743
og,0,prevailing mean,2019Q4,0.38
og,0,prevailing mean,2020Q1,0.3947
og,0,prevailing mean,2020Q2,0.5299
og,0,prevailing mean,2020Q3,0.5141
og,0,prevailing mean,2020Q4,0.5544
og,0,prevailing mean,2021Q1,0.5688
og,0,prevailing mean,2021Q2,0.5037
og,0,prevailing mean,2021Q3,0.5341
og,0,prevailing mean,2021Q4,0.5843
og,0,prevailing mean,2022Q1,0.6262
og,0,prevailing mean,2022Q2,0.7035
og,0,prevailing mean,2022Q3,0.8302
og,0,prevailing mean,2022Q4,0.869
og,0,prevailing mean,2023Q1,0.9409
og,0,prevailing mean,2023Q2,1.046
og,0,prevailing mean,2023Q3,1.112
og,0,prevailing mean,2023Q4,1.148
og,0,prevailing mean,2024Q1,1.191
og,0,prevailing mean,2024Q2,1.213
og,0,prevailing mean,2024Q3,1.207
og,0,prevailing mean,2024Q4,1.223
og,0,prevailing mean,2025Q1,1.222
og,0,prevailing mean,2025Q2,1.179
og,0,prevailing mean,2025Q3,1.178
og,0,prevailing mean,2025Q4,1.174
og,0,prevailing mean,2026Q1,1.166
og,0,prevailing mean,2026Q2,1.189
og,0,AR + Easter (benchmark),2010Q1,0.7249
og,0,AR + Easter (benchmark),2010Q2,-2.224
og,0,AR + Easter (benchmark),2010Q3,-3.37
og,0,AR + Easter (benchmark),2010Q4,-2.347
og,0,AR + Easter (benchmark),2011Q1,-2.641
og,0,AR + Easter (benchmark),2011Q2,0.163
og,0,AR + Easter (benchmark),2011Q3,0.05262
og,0,AR + Easter (benchmark),2011Q4,-0.6396
og,0,AR + Easter (benchmark),2012Q1,-0.6494
og,0,AR + Easter (benchmark),2012Q2,2.726
og,0,AR + Easter (benchmark),2012Q3,-1.484
og,0,AR + Easter (benchmark),2012Q4,1.664
og,0,AR + Easter (benchmark),2013Q1,0.9545
og,0,AR + Easter (benchmark),2013Q2,-1.375
og,0,AR + Easter (benchmark),2013Q3,-1.689
og,0,AR + Easter (benchmark),2013Q4,-1.531
og,0,AR + Easter (benchmark),2014Q1,-4.435
og,0,AR + Easter (benchmark),2014Q2,0.1582
og,0,AR + Easter (benchmark),2014Q3,-2.286
og,0,AR + Easter (benchmark),2014Q4,-1.813
og,0,AR + Easter (benchmark),2015Q1,1.168
og,0,AR + Easter (benchmark),2015Q2,1.156
og,0,AR + Easter (benchmark),2015Q3,0.6962
og,0,AR + Easter (benchmark),2015Q4,1.843
og,0,AR + Easter (benchmark),2016Q1,3.478
og,0,AR + Easter (benchmark),2016Q2,0.6023
og,0,AR + Easter (benchmark),2016Q3,1.98
og,0,AR + Easter (benchmark),2016Q4,1.728
og,0,AR + Easter (benchmark),2017Q1,-1.615
og,0,AR + Easter (benchmark),2017Q2,1.755
og,0,AR + Easter (benchmark),2017Q3,0.2233
og,0,AR + Easter (benchmark),2017Q4,1.491
og,0,AR + Easter (benchmark),2018Q1,1.55
og,0,AR + Easter (benchmark),2018Q2,0.0007016
og,0,AR + Easter (benchmark),2018Q3,0.2676
og,0,AR + Easter (benchmark),2018Q4,0.6232
og,0,AR + Easter (benchmark),2019Q1,0.607
og,0,AR + Easter (benchmark),2019Q2,1.777
og,0,AR + Easter (benchmark),2019Q3,1.696
og,0,AR + Easter (benchmark),2019Q4,0.5292
og,0,AR + Easter (benchmark),2020Q1,0.8909
og,0,AR + Easter (benchmark),2020Q2,5.837
og,0,AR + Easter (benchmark),2020Q3,-0.06353
og,0,AR + Easter (benchmark),2020Q4,1.823
og,0,AR + Easter (benchmark),2021Q1,1.457
og,0,AR + Easter (benchmark),2021Q2,-2.098
og,0,AR + Easter (benchmark),2021Q3,1.4
og,0,AR + Easter (benchmark),2021Q4,2.112
og,0,AR + Easter (benchmark),2022Q1,1.585
og,0,AR + Easter (benchmark),2022Q2,3.686
og,0,AR + Easter (benchmark),2022Q3,5.963
og,0,AR + Easter (benchmark),2022Q4,2.357
og,0,AR + Easter (benchmark),2023Q1,3.885
og,0,AR + Easter (benchmark),2023Q2,5.795
og,0,AR + Easter (benchmark),2023Q3,4.179
og,0,AR + Easter (benchmark),2023Q4,2.827
og,0,AR + Easter (benchmark),2024Q1,4.032
og,0,AR + Easter (benchmark),2024Q2,1.464
og,0,AR + Easter (benchmark),2024Q3,0.8969
og,0,AR + Easter (benchmark),2024Q4,1.967
og,0,AR + Easter (benchmark),2025Q1,0.3332
og,0,AR + Easter (benchmark),2025Q2,-0.1228
og,0,AR + Easter (benchmark),2025Q3,1.045
og,0,AR + Easter (benchmark),2025Q4,0.938
og,0,AR + Easter (benchmark),2026Q1,1.071
og,0,AR + Easter (benchmark),2026Q2,2.003
og,0,food CPI ex VAT NO+SE (lag-0 data),2010Q1,-0.08527
og,0,food CPI ex VAT NO+SE (lag-0 data),2010Q2,-1.983
og,0,food CPI ex VAT NO+SE (lag-0 data),2010Q3,-2.603
og,0,food CPI ex VAT NO+SE (lag-0 data),2010Q4,-2.276
og,0,food CPI ex VAT NO+SE (lag-0 data),2011Q1,-3.329
og,0,food CPI ex VAT NO+SE (lag-0 data),2011Q2,-1.716
og,0,food CPI ex VAT NO+SE (lag-0 data),2011Q3,-1.261
og,0,food CPI ex VAT NO+SE (lag-0 data),2011Q4,-1.834
og,0,food CPI ex VAT NO+SE (lag-0 data),2012Q1,-1.268
og,0,food CPI ex VAT NO+SE (lag-0 data),2012Q2,1.051
og,0,food CPI ex VAT NO+SE (lag-0 data),2012Q3,-1.295
og,0,food CPI ex VAT NO+SE (lag-0 data),2012Q4,-0.02875
og,0,food CPI ex VAT NO+SE (lag-0 data),2013Q1,0.1146
og,0,food CPI ex VAT NO+SE (lag-0 data),2013Q2,-1.192
og,0,food CPI ex VAT NO+SE (lag-0 data),2013Q3,0.04245
og,0,food CPI ex VAT NO+SE (lag-0 data),2013Q4,-0.5594
og,0,food CPI ex VAT NO+SE (lag-0 data),2014Q1,-2.808
og,0,food CPI ex VAT NO+SE (lag-0 data),2014Q2,0.3533
og,0,food CPI ex VAT NO+SE (lag-0 data),2014Q3,-1.82
og,0,food CPI ex VAT NO+SE (lag-0 data),2014Q4,-1.493
og,0,food CPI ex VAT NO+SE (lag-0 data),2015Q1,0.4946
og,0,food CPI ex VAT NO+SE (lag-0 data),2015Q2,0.784
og,0,food CPI ex VAT NO+SE (lag-0 data),2015Q3,0.9283
og,0,food CPI ex VAT NO+SE (lag-0 data),2015Q4,1.713
og,0,food CPI ex VAT NO+SE (lag-0 data),2016Q1,2.886
og,0,food CPI ex VAT NO+SE (lag-0 data),2016Q2,0.319
og,0,food CPI ex VAT NO+SE (lag-0 data),2016Q3,1.555
og,0,food CPI ex VAT NO+SE (lag-0 data),2016Q4,1.142
og,0,food CPI ex VAT NO+SE (lag-0 data),2017Q1,-1.646
og,0,food CPI ex VAT NO+SE (lag-0 data),2017Q2,0.9933
og,0,food CPI ex VAT NO+SE (lag-0 data),2017Q3,-0.5021
og,0,food CPI ex VAT NO+SE (lag-0 data),2017Q4,0.8521
og,0,food CPI ex VAT NO+SE (lag-0 data),2018Q1,1.643
og,0,food CPI ex VAT NO+SE (lag-0 data),2018Q2,0.06158
og,0,food CPI ex VAT NO+SE (lag-0 data),2018Q3,0.6275
og,0,food CPI ex VAT NO+SE (lag-0 data),2018Q4,0.9439
og,0,food CPI ex VAT NO+SE (lag-0 data),2019Q1,0.5629
og,0,food CPI ex VAT NO+SE (lag-0 data),2019Q2,1.681
og,0,food CPI ex VAT NO+SE (lag-0 data),2019Q3,1.555
og,0,food CPI ex VAT NO+SE (lag-0 data),2019Q4,0.1859
og,0,food CPI ex VAT NO+SE (lag-0 data),2020Q1,1.028
og,0,food CPI ex VAT NO+SE (lag-0 data),2020Q2,5.598
og,0,food CPI ex VAT NO+SE (lag-0 data),2020Q3,0.3746
og,0,food CPI ex VAT NO+SE (lag-0 data),2020Q4,1.733
og,0,food CPI ex VAT NO+SE (lag-0 data),2021Q1,0.7062
og,0,food CPI ex VAT NO+SE (lag-0 data),2021Q2,-3.135
og,0,food CPI ex VAT NO+SE (lag-0 data),2021Q3,-0.2484
og,0,food CPI ex VAT NO+SE (lag-0 data),2021Q4,0.904
og,0,food CPI ex VAT NO+SE (lag-0 data),2022Q1,1.402
og,0,food CPI ex VAT NO+SE (lag-0 data),2022Q2,4.495
og,0,food CPI ex VAT NO+SE (lag-0 data),2022Q3,9.045
og,0,food CPI ex VAT NO+SE (lag-0 data),2022Q4,5.19
og,0,food CPI ex VAT NO+SE (lag-0 data),2023Q1,7.087
og,0,food CPI ex VAT NO+SE (lag-0 data),2023Q2,8.506
og,0,food CPI ex VAT NO+SE (lag-0 data),2023Q3,5.493
og,0,food CPI ex VAT NO+SE (lag-0 data),2023Q4,4.045
og,0,food CPI ex VAT NO+SE (lag-0 data),2024Q1,3.865
og,0,food CPI ex VAT NO+SE (lag-0 data),2024Q2,1.365
og,0,food CPI ex VAT NO+SE (lag-0 data),2024Q3,1.085
og,0,food CPI ex VAT NO+SE (lag-0 data),2024Q4,1.72
og,0,food CPI ex VAT NO+SE (lag-0 data),2025Q1,1.272
og,0,food CPI ex VAT NO+SE (lag-0 data),2025Q2,1.182
og,0,food CPI ex VAT NO+SE (lag-0 data),2025Q3,1.728
og,0,food CPI ex VAT NO+SE (lag-0 data),2025Q4,1.436
og,0,food CPI ex VAT NO+SE (lag-0 data),2026Q1,0.8978
og,0,food CPI ex VAT NO+SE (lag-0 data),2026Q2,1.216
og,0,food CPI ex VAT Orkla-wtd,2010Q1,-0.2018
og,0,food CPI ex VAT Orkla-wtd,2010Q2,-3.145
og,0,food CPI ex VAT Orkla-wtd,2010Q3,-3.452
og,0,food CPI ex VAT Orkla-wtd,2010Q4,-2.826
og,0,food CPI ex VAT Orkla-wtd,2011Q1,-2.618
og,0,food CPI ex VAT Orkla-wtd,2011Q2,-0.5766
og,0,food CPI ex VAT Orkla-wtd,2011Q3,-1.109
og,0,food CPI ex VAT Orkla-wtd,2011Q4,-1.136
og,0,food CPI ex VAT Orkla-wtd,2012Q1,-1.437
og,0,food CPI ex VAT Orkla-wtd,2012Q2,0.7955
og,0,food CPI ex VAT Orkla-wtd,2012Q3,-1.032
og,0,food CPI ex VAT Orkla-wtd,2012Q4,0.1018
og,0,food CPI ex VAT Orkla-wtd,2013Q1,1.163
og,0,food CPI ex VAT Orkla-wtd,2013Q2,-2.173
og,0,food CPI ex VAT Orkla-wtd,2013Q3,-0.3769
og,0,food CPI ex VAT Orkla-wtd,2013Q4,-0.1057
og,0,food CPI ex VAT Orkla-wtd,2014Q1,-3.261
og,0,food CPI ex VAT Orkla-wtd,2014Q2,0.8975
og,0,food CPI ex VAT Orkla-wtd,2014Q3,-2.079
og,0,food CPI ex VAT Orkla-wtd,2014Q4,-1.884
og,0,food CPI ex VAT Orkla-wtd,2015Q1,0.1514
og,0,food CPI ex VAT Orkla-wtd,2015Q2,-0.3275
og,0,food CPI ex VAT Orkla-wtd,2015Q3,0.2035
og,0,food CPI ex VAT Orkla-wtd,2015Q4,1.251
og,0,food CPI ex VAT Orkla-wtd,2016Q1,2.952
og,0,food CPI ex VAT Orkla-wtd,2016Q2,-0.1723
og,0,food CPI ex VAT Orkla-wtd,2016Q3,1.285
og,0,food CPI ex VAT Orkla-wtd,2016Q4,1.233
og,0,food CPI ex VAT Orkla-wtd,2017Q1,-1.954
og,0,food CPI ex VAT Orkla-wtd,2017Q2,1.7
og,0,food CPI ex VAT Orkla-wtd,2017Q3,-0.005947
og,0,food CPI ex VAT Orkla-wtd,2017Q4,1.214
og,0,food CPI ex VAT Orkla-wtd,2018Q1,1.596
og,0,food CPI ex VAT Orkla-wtd,2018Q2,0.01692
og,0,food CPI ex VAT Orkla-wtd,2018Q3,0.3653
og,0,food CPI ex VAT Orkla-wtd,2018Q4,0.6176
og,0,food CPI ex VAT Orkla-wtd,2019Q1,0.3855
og,0,food CPI ex VAT Orkla-wtd,2019Q2,1.749
og,0,food CPI ex VAT Orkla-wtd,2019Q3,1.573
og,0,food CPI ex VAT Orkla-wtd,2019Q4,0.6818
og,0,food CPI ex VAT Orkla-wtd,2020Q1,0.8089
og,0,food CPI ex VAT Orkla-wtd,2020Q2,5.489
og,0,food CPI ex VAT Orkla-wtd,2020Q3,0.6376
og,0,food CPI ex VAT Orkla-wtd,2020Q4,1.776
og,0,food CPI ex VAT Orkla-wtd,2021Q1,1.401
og,0,food CPI ex VAT Orkla-wtd,2021Q2,-2.362
og,0,food CPI ex VAT Orkla-wtd,2021Q3,0.264
og,0,food CPI ex VAT Orkla-wtd,2021Q4,1.39
og,0,food CPI ex VAT Orkla-wtd,2022Q1,1.202
og,0,food CPI ex VAT Orkla-wtd,2022Q2,3.842
og,0,food CPI ex VAT Orkla-wtd,2022Q3,6.955
og,0,food CPI ex VAT Orkla-wtd,2022Q4,4.045
og,0,food CPI ex VAT Orkla-wtd,2023Q1,7.269
og,0,food CPI ex VAT Orkla-wtd,2023Q2,9.647
og,0,food CPI ex VAT Orkla-wtd,2023Q3,6.65
og,0,food CPI ex VAT Orkla-wtd,2023Q4,3.952
og,0,food CPI ex VAT Orkla-wtd,2024Q1,4.298
og,0,food CPI ex VAT Orkla-wtd,2024Q2,0.9786
og,0,food CPI ex VAT Orkla-wtd,2024Q3,0.5874
og,0,food CPI ex VAT Orkla-wtd,2024Q4,1.5
og,0,food CPI ex VAT Orkla-wtd,2025Q1,0.2681
og,0,food CPI ex VAT Orkla-wtd,2025Q2,0.8321
og,0,food CPI ex VAT Orkla-wtd,2025Q3,1.426
og,0,food CPI ex VAT Orkla-wtd,2025Q4,1.383
og,0,food CPI ex VAT Orkla-wtd,2026Q1,1.277
og,0,food CPI ex VAT Orkla-wtd,2026Q2,1.401
og,0,food PPI Orkla-wtd,2010Q1,-0.2841
og,0,food PPI Orkla-wtd,2010Q2,-2.703
og,0,food PPI Orkla-wtd,2010Q3,-2.984
og,0,food PPI Orkla-wtd,2010Q4,-1.898
og,0,food PPI Orkla-wtd,2011Q1,-1.494
og,0,food PPI Orkla-wtd,2011Q2,1.47
og,0,food PPI Orkla-wtd,2011Q3,1.577
og,0,food PPI Orkla-wtd,2011Q4,0.9174
og,0,food PPI Orkla-wtd,2012Q1,0.04553
og,0,food PPI Orkla-wtd,2012Q2,1.923
og,0,food PPI Orkla-wtd,2012Q3,-0.9222
og,0,food PPI Orkla-wtd,2012Q4,0.9068
og,0,food PPI Orkla-wtd,2013Q1,1.613
og,0,food PPI Orkla-wtd,2013Q2,-0.6661
og,0,food PPI Orkla-wtd,2013Q3,-0.6815
og,0,food PPI Orkla-wtd,2013Q4,-0.9318
og,0,food PPI Orkla-wtd,2014Q1,-4.204
og,0,food PPI Orkla-wtd,2014Q2,-0.4551
og,0,food PPI Orkla-wtd,2014Q3,-2.528
og,0,food PPI Orkla-wtd,2014Q4,-2.257
og,0,food PPI Orkla-wtd,2015Q1,0.1674
og,0,food PPI Orkla-wtd,2015Q2,0.2997
og,0,food PPI Orkla-wtd,2015Q3,0.1838
og,0,food PPI Orkla-wtd,2015Q4,1.086
og,0,food PPI Orkla-wtd,2016Q1,2.87
og,0,food PPI Orkla-wtd,2016Q2,0.00611
og,0,food PPI Orkla-wtd,2016Q3,1.415
og,0,food PPI Orkla-wtd,2016Q4,1.33
og,0,food PPI Orkla-wtd,2017Q1,-1.727
og,0,food PPI Orkla-wtd,2017Q2,1.617
og,0,food PPI Orkla-wtd,2017Q3,0.2739
og,0,food PPI Orkla-wtd,2017Q4,1.293
og,0,food PPI Orkla-wtd,2018Q1,1.31
og,0,food PPI Orkla-wtd,2018Q2,-0.359
og,0,food PPI Orkla-wtd,2018Q3,-0.1141
og,0,food PPI Orkla-wtd,2018Q4,0.1122
og,0,food PPI Orkla-wtd,2019Q1,0.2714
og,0,food PPI Orkla-wtd,2019Q2,1.619
og,0,food PPI Orkla-wtd,2019Q3,1.574
og,0,food PPI Orkla-wtd,2019Q4,0.7019
og,0,food PPI Orkla-wtd,2020Q1,0.9817
og,0,food PPI Orkla-wtd,2020Q2,5.465
og,0,food PPI Orkla-wtd,2020Q3,0.1336
og,0,food PPI Orkla-wtd,2020Q4,1.535
og,0,food PPI Orkla-wtd,2021Q1,1.175
og,0,food PPI Orkla-wtd,2021Q2,-2.283
og,0,food PPI Orkla-wtd,2021Q3,0.9993
og,0,food PPI Orkla-wtd,2021Q4,2.044
og,0,food PPI Orkla-wtd,2022Q1,2.139
og,0,food PPI Orkla-wtd,2022Q2,5.393
og,0,food PPI Orkla-wtd,2022Q3,10.38
og,0,food PPI Orkla-wtd,2022Q4,6.76
og,0,food PPI Orkla-wtd,2023Q1,8.327
og,0,food PPI Orkla-wtd,2023Q2,9.647
og,0,food PPI Orkla-wtd,2023Q3,5.859
og,0,food PPI Orkla-wtd,2023Q4,3.002
og,0,food PPI Orkla-wtd,2024Q1,3.015
og,0,food PPI Orkla-wtd,2024Q2,0.09843
og,0,food PPI Orkla-wtd,2024Q3,0.03181
og,0,food PPI Orkla-wtd,2024Q4,1.041
og,0,food PPI Orkla-wtd,2025Q1,0.1094
og,0,food PPI Orkla-wtd,2025Q2,0.412
og,0,food PPI Orkla-wtd,2025Q3,1.152
og,0,food PPI Orkla-wtd,2025Q4,1.151
og,0,food PPI Orkla-wtd,2026Q1,1.09
og,0,food PPI Orkla-wtd,2026Q2,1.403
og,0,food CPI NO+SE + relative food price,2010Q1,-0.3609
og,0,food CPI NO+SE + relative food price,2010Q2,-0.8804
og,0,food CPI NO+SE + relative food price,2010Q3,-2.173
og,0,food CPI NO+SE + relative food price,2010Q4,-2.094
og,0,food CPI NO+SE + relative food price,2011Q1,-3.317
og,0,food CPI NO+SE + relative food price,2011Q2,-1.761
og,0,food CPI NO+SE + relative food price,2011Q3,-1.119
og,0,food CPI NO+SE + relative food price,2011Q4,-1.805
og,0,food CPI NO+SE + relative food price,2012Q1,-1.169
og,0,food CPI NO+SE + relative food price,2012Q2,1.041
og,0,food CPI NO+SE + relative food price,2012Q3,-1.541
og,0,food CPI NO+SE + relative food price,2012Q4,-0.1861
og,0,food CPI NO+SE + relative food price,2013Q1,-0.1807
og,0,food CPI NO+SE + relative food price,2013Q2,-1.19
og,0,food CPI NO+SE + relative food price,2013Q3,-0.04024
og,0,food CPI NO+SE + relative food price,2013Q4,-0.7296
og,0,food CPI NO+SE + relative food price,2014Q1,-2.773
og,0,food CPI NO+SE + relative food price,2014Q2,-0.09141
og,0,food CPI NO+SE + relative food price,2014Q3,-1.901
og,0,food CPI NO+SE + relative food price,2014Q4,-1.473
og,0,food CPI NO+SE + relative food price,2015Q1,0.3988
og,0,food CPI NO+SE + relative food price,2015Q2,1.146
og,0,food CPI NO+SE + relative food price,2015Q3,1.095
og,0,food CPI NO+SE + relative food price,2015Q4,1.607
og,0,food CPI NO+SE + relative food price,2016Q1,2.639
og,0,food CPI NO+SE + relative food price,2016Q2,0.6951
og,0,food CPI NO+SE + relative food price,2016Q3,1.984
og,0,food CPI NO+SE + relative food price,2016Q4,1.429
og,0,food CPI NO+SE + relative food price,2017Q1,-1.085
og,0,food CPI NO+SE + relative food price,2017Q2,0.6408
og,0,food CPI NO+SE + relative food price,2017Q3,-0.6248
og,0,food CPI NO+SE + relative food price,2017Q4,0.7727
og,0,food CPI NO+SE + relative food price,2018Q1,1.618
og,0,food CPI NO+SE + relative food price,2018Q2,0.04098
og,0,food CPI NO+SE + relative food price,2018Q3,0.9106
og,0,food CPI NO+SE + relative food price,2018Q4,1.506
og,0,food CPI NO+SE + relative food price,2019Q1,1.066
og,0,food CPI NO+SE + relative food price,2019Q2,1.827
og,0,food CPI NO+SE + relative food price,2019Q3,1.731
og,0,food CPI NO+SE + relative food price,2019Q4,-0.4069
og,0,food CPI NO+SE + relative food price,2020Q1,1.304
og,0,food CPI NO+SE + relative food price,2020Q2,5.589
og,0,food CPI NO+SE + relative food price,2020Q3,-0.8803
og,0,food CPI NO+SE + relative food price,2020Q4,1.533
og,0,food CPI NO+SE + relative food price,2021Q1,0.09897
og,0,food CPI NO+SE + relative food price,2021Q2,-2.979
og,0,food CPI NO+SE + relative food price,2021Q3,0.7746
og,0,food CPI NO+SE + relative food price,2021Q4,1.902
og,0,food CPI NO+SE + relative food price,2022Q1,3.847
og,0,food CPI NO+SE + relative food price,2022Q2,8.053
og,0,food CPI NO+SE + relative food price,2022Q3,14.04
og,0,food CPI NO+SE + relative food price,2022Q4,6.059
og,0,food CPI NO+SE + relative food price,2023Q1,6.046
og,0,food CPI NO+SE + relative food price,2023Q2,7.001
og,0,food CPI NO+SE + relative food price,2023Q3,3.84
og,0,food CPI NO+SE + relative food price,2023Q4,4.155
og,0,food CPI NO+SE + relative food price,2024Q1,3.698
og,0,food CPI NO+SE + relative food price,2024Q2,2.727
og,0,food CPI NO+SE + relative food price,2024Q3,2.245
og,0,food CPI NO+SE + relative food price,2024Q4,2.174
og,0,food CPI NO+SE + relative food price,2025Q1,2.078
og,0,food CPI NO+SE + relative food price,2025Q2,0.8468
og,0,food CPI NO+SE + relative food price,2025Q3,1.277
og,0,food CPI NO+SE + relative food price,2025Q4,0.9951
og,0,food CPI NO+SE + relative food price,2026Q1,0.2392
og,0,food CPI NO+SE + relative food price,2026Q2,1.1
og,0,food CPI NO+SE + confidence d4,2010Q1,-0.6064
og,0,food CPI NO+SE + confidence d4,2010Q2,-2.505
og,0,food CPI NO+SE + confidence d4,2010Q3,-2.633
og,0,food CPI NO+SE + confidence d4,2010Q4,-2.123
og,0,food CPI NO+SE + confidence d4,2011Q1,-3.073
og,0,food CPI NO+SE + confidence d4,2011Q2,-0.9856
og,0,food CPI NO+SE + confidence d4,2011Q3,-0.1055
og,0,food CPI NO+SE + confidence d4,2011Q4,-0.4392
og,0,food CPI NO+SE + confidence d4,2012Q1,-0.421
og,0,food CPI NO+SE + confidence d4,2012Q2,1.137
og,0,food CPI NO+SE + confidence d4,2012Q3,-1.243
og,0,food CPI NO+SE + confidence d4,2012Q4,-0.7051
og,0,food CPI NO+SE + confidence d4,2013Q1,0.1058
og,0,food CPI NO+SE + confidence d4,2013Q2,-1.313
og,0,food CPI NO+SE + confidence d4,2013Q3,0.09427
og,0,food CPI NO+SE + confidence d4,2013Q4,-0.6242
og,0,food CPI NO+SE + confidence d4,2014Q1,-2.633
og,0,food CPI NO+SE + confidence d4,2014Q2,0.6029
og,0,food CPI NO+SE + confidence d4,2014Q3,-1.552
og,0,food CPI NO+SE + confidence d4,2014Q4,-1.078
og,0,food CPI NO+SE + confidence d4,2015Q1,0.7784
og,0,food CPI NO+SE + confidence d4,2015Q2,0.9062
og,0,food CPI NO+SE + confidence d4,2015Q3,1.363
og,0,food CPI NO+SE + confidence d4,2015Q4,2.127
og,0,food CPI NO+SE + confidence d4,2016Q1,3.216
og,0,food CPI NO+SE + confidence d4,2016Q2,0.3861
og,0,food CPI NO+SE + confidence d4,2016Q3,1.187
og,0,food CPI NO+SE + confidence d4,2016Q4,0.2933
og,0,food CPI NO+SE + confidence d4,2017Q1,-2.574
og,0,food CPI NO+SE + confidence d4,2017Q2,0.323
og,0,food CPI NO+SE + confidence d4,2017Q3,-0.9956
og,0,food CPI NO+SE + confidence d4,2017Q4,0.2975
og,0,food CPI NO+SE + confidence d4,2018Q1,1.211
og,0,food CPI NO+SE + confidence d4,2018Q2,-0.2143
og,0,food CPI NO+SE + confidence d4,2018Q3,0.5141
og,0,food CPI NO+SE + confidence d4,2018Q4,1.149
og,0,food CPI NO+SE + confidence d4,2019Q1,0.8298
og,0,food CPI NO+SE + confidence d4,2019Q2,2.016
og,0,food CPI NO+SE + confidence d4,2019Q3,1.666
og,0,food CPI NO+SE + confidence d4,2019Q4,0.4449
og,0,food CPI NO+SE + confidence d4,2020Q1,1.192
og,0,food CPI NO+SE + confidence d4,2020Q2,6.013
og,0,food CPI NO+SE + confidence d4,2020Q3,0.8871
og,0,food CPI NO+SE + confidence d4,2020Q4,2.056
og,0,food CPI NO+SE + confidence d4,2021Q1,0.8616
og,0,food CPI NO+SE + confidence d4,2021Q2,-3.927
og,0,food CPI NO+SE + confidence d4,2021Q3,-0.8814
og,0,food CPI NO+SE + confidence d4,2021Q4,0.6013
og,0,food CPI NO+SE + confidence d4,2022Q1,1.654
og,0,food CPI NO+SE + confidence d4,2022Q2,5.518
og,0,food CPI NO+SE + confidence d4,2022Q3,9.86
og,0,food CPI NO+SE + confidence d4,2022Q4,5.344
og,0,food CPI NO+SE + confidence d4,2023Q1,5.741
og,0,food CPI NO+SE + confidence d4,2023Q2,6.509
og,0,food CPI NO+SE + confidence d4,2023Q3,3.903
og,0,food CPI NO+SE + confidence d4,2023Q4,2.669
og,0,food CPI NO+SE + confidence d4,2024Q1,2.916
og,0,food CPI NO+SE + confidence d4,2024Q2,0.5485
og,0,food CPI NO+SE + confidence d4,2024Q3,0.3331
og,0,food CPI NO+SE + confidence d4,2024Q4,1.045
og,0,food CPI NO+SE + confidence d4,2025Q1,0.8996
og,0,food CPI NO+SE + confidence d4,2025Q2,1.35
og,0,food CPI NO+SE + confidence d4,2025Q3,1.705
og,0,food CPI NO+SE + confidence d4,2025Q4,1.345
og,0,food CPI NO+SE + confidence d4,2026Q1,0.886
og,0,food CPI NO+SE + confidence d4,2026Q2,1.205
og,0,food CPI NO+SE + real wage,2010Q1,0.156
og,0,food CPI NO+SE + real wage,2010Q2,-1.848
og,0,food CPI NO+SE + real wage,2010Q3,-2.617
og,0,food CPI NO+SE + real wage,2010Q4,-2.309
og,0,food CPI NO+SE + real wage,2011Q1,-3.331
og,0,food CPI NO+SE + real wage,2011Q2,-1.583
og,0,food CPI NO+SE + real wage,2011Q3,-0.9849
og,0,food CPI NO+SE + real wage,2011Q4,-1.649
og,0,food CPI NO+SE + real wage,2012Q1,-0.8813
og,0,food CPI NO+SE + real wage,2012Q2,1.942
og,0,food CPI NO+SE + real wage,2012Q3,-0.8421
og,0,food CPI NO+SE + real wage,2012Q4,0.5289
og,0,food CPI NO+SE + real wage,2013Q1,0.3265
og,0,food CPI NO+SE + real wage,2013Q2,-1.168
og,0,food CPI NO+SE + real wage,2013Q3,-0.01301
og,0,food CPI NO+SE + real wage,2013Q4,-0.3886
og,0,food CPI NO+SE + real wage,2014Q1,-2.886
og,0,food CPI NO+SE + real wage,2014Q2,-0.339
og,0,food CPI NO+SE + real wage,2014Q3,-2.432
og,0,food CPI NO+SE + real wage,2014Q4,-1.987
og,0,food CPI NO+SE + real wage,2015Q1,-0.2134
og,0,food CPI NO+SE + real wage,2015Q2,0.7903
og,0,food CPI NO+SE + real wage,2015Q3,1.124
og,0,food CPI NO+SE + real wage,2015Q4,1.754
og,0,food CPI NO+SE + real wage,2016Q1,2.746
og,0,food CPI NO+SE + real wage,2016Q2,0.6685
og,0,food CPI NO+SE + real wage,2016Q3,1.798
og,0,food CPI NO+SE + real wage,2016Q4,1.3
og,0,food CPI NO+SE + real wage,2017Q1,-0.9903
og,0,food CPI NO+SE + real wage,2017Q2,0.5997
og,0,food CPI NO+SE + real wage,2017Q3,-0.2729
og,0,food CPI NO+SE + real wage,2017Q4,0.5769
og,0,food CPI NO+SE + real wage,2018Q1,1.41
og,0,food CPI NO+SE + real wage,2018Q2,0.5255
og,0,food CPI NO+SE + real wage,2018Q3,0.4943
og,0,food CPI NO+SE + real wage,2018Q4,1.506
og,0,food CPI NO+SE + real wage,2019Q1,1.139
og,0,food CPI NO+SE + real wage,2019Q2,1.72
og,0,food CPI NO+SE + real wage,2019Q3,1.553
og,0,food CPI NO+SE + real wage,2019Q4,-0.008998
og,0,food CPI NO+SE + real wage,2020Q1,0.9277
og,0,food CPI NO+SE + real wage,2020Q2,4.809
og,0,food CPI NO+SE + real wage,2020Q3,-0.04506
og,0,food CPI NO+SE + real wage,2020Q4,2.001
og,0,food CPI NO+SE + real wage,2021Q1,0.1712
og,0,food CPI NO+SE + real wage,2021Q2,-2.65
og,0,food CPI NO+SE + real wage,2021Q3,0.2692
og,0,food CPI NO+SE + real wage,2021Q4,1.173
og,0,food CPI NO+SE + real wage,2022Q1,3.281
og,0,food CPI NO+SE + real wage,2022Q2,7.332
og,0,food CPI NO+SE + real wage,2022Q3,13.95
og,0,food CPI NO+SE + real wage,2022Q4,8.135
og,0,food CPI NO+SE + real wage,2023Q1,8.841
og,0,food CPI NO+SE + real wage,2023Q2,9.997
og,0,food CPI NO+SE + real wage,2023Q3,6.01
og,0,food CPI NO+SE + real wage,2023Q4,3.859
og,0,food CPI NO+SE + real wage,2024Q1,3.524
og,0,food CPI NO+SE + real wage,2024Q2,1.16
og,0,food CPI NO+SE + real wage,2024Q3,0.5998
og,0,food CPI NO+SE + real wage,2024Q4,0.9871
og,0,food CPI NO+SE + real wage,2025Q1,0.4208
og,0,food CPI NO+SE + real wage,2025Q2,0.0009282
og,0,food CPI NO+SE + real wage,2025Q3,0.5721
og,0,food CPI NO+SE + real wage,2025Q4,1.223
og,0,food CPI NO+SE + real wage,2026Q1,0.7898
og,0,food CPI NO+SE + real wage,2026Q2,1.18
og,0,food mfr selling-price expectations (EC),2010Q1,-0.5316
og,0,food mfr selling-price expectations (EC),2010Q2,-2.229
og,0,food mfr selling-price expectations (EC),2010Q3,-2.506
og,0,food mfr selling-price expectations (EC),2010Q4,-1.049
og,0,food mfr selling-price expectations (EC),2011Q1,-1.204
og,0,food mfr selling-price expectations (EC),2011Q2,1.269
og,0,food mfr selling-price expectations (EC),2011Q3,0.8363
og,0,food mfr selling-price expectations (EC),2011Q4,-0.188
og,0,food mfr selling-price expectations (EC),2012Q1,0.1148
og,0,food mfr selling-price expectations (EC),2012Q2,2.718
og,0,food mfr selling-price expectations (EC),2012Q3,-0.6743
og,0,food mfr selling-price expectations (EC),2012Q4,1.875
og,0,food mfr selling-price expectations (EC),2013Q1,1.773
og,0,food mfr selling-price expectations (EC),2013Q2,-1.152
og,0,food mfr selling-price expectations (EC),2013Q3,-1.301
og,0,food mfr selling-price expectations (EC),2013Q4,-1.374
og,0,food mfr selling-price expectations (EC),2014Q1,-4.244
og,0,food mfr selling-price expectations (EC),2014Q2,-0.1755
og,0,food mfr selling-price expectations (EC),2014Q3,-2.204
og,0,food mfr selling-price expectations (EC),2014Q4,-2.07
og,0,food mfr selling-price expectations (EC),2015Q1,-0.01547
og,0,food mfr selling-price expectations (EC),2015Q2,0.5595
og,0,food mfr selling-price expectations (EC),2015Q3,0.3097
og,0,food mfr selling-price expectations (EC),2015Q4,1.208
og,0,food mfr selling-price expectations (EC),2016Q1,3.295
og,0,food mfr selling-price expectations (EC),2016Q2,0.1577
og,0,food mfr selling-price expectations (EC),2016Q3,1.612
og,0,food mfr selling-price expectations (EC),2016Q4,1.562
og,0,food mfr selling-price expectations (EC),2017Q1,-1.363
og,0,food mfr selling-price expectations (EC),2017Q2,1.797
og,0,food mfr selling-price expectations (EC),2017Q3,0.4645
og,0,food mfr selling-price expectations (EC),2017Q4,1.312
og,0,food mfr selling-price expectations (EC),2018Q1,1.331
og,0,food mfr selling-price expectations (EC),2018Q2,-0.4315
og,0,food mfr selling-price expectations (EC),2018Q3,0.2537
og,0,food mfr selling-price expectations (EC),2018Q4,1.096
og,0,food mfr selling-price expectations (EC),2019Q1,0.9754
og,0,food mfr selling-price expectations (EC),2019Q2,2.086
og,0,food mfr selling-price expectations (EC),2019Q3,2.062
og,0,food mfr selling-price expectations (EC),2019Q4,0.3511
og,0,food mfr selling-price expectations (EC),2020Q1,0.8953
og,0,food mfr selling-price expectations (EC),2020Q2,5.825
og,0,food mfr selling-price expectations (EC),2020Q3,-0.4501
og,0,food mfr selling-price expectations (EC),2020Q4,1.543
og,0,food mfr selling-price expectations (EC),2021Q1,1.089
og,0,food mfr selling-price expectations (EC),2021Q2,-1.859
og,0,food mfr selling-price expectations (EC),2021Q3,1.827
og,0,food mfr selling-price expectations (EC),2021Q4,2.863
og,0,food mfr selling-price expectations (EC),2022Q1,3.308
og,0,food mfr selling-price expectations (EC),2022Q2,6.549
og,0,food mfr selling-price expectations (EC),2022Q3,9.021
og,0,food mfr selling-price expectations (EC),2022Q4,5.013
og,0,food mfr selling-price expectations (EC),2023Q1,5.649
og,0,food mfr selling-price expectations (EC),2023Q2,5.261
og,0,food mfr selling-price expectations (EC),2023Q3,2.54
og,0,food mfr selling-price expectations (EC),2023Q4,1.625
og,0,food mfr selling-price expectations (EC),2024Q1,2.857
og,0,food mfr selling-price expectations (EC),2024Q2,1.131
og,0,food mfr selling-price expectations (EC),2024Q3,1.093
og,0,food mfr selling-price expectations (EC),2024Q4,1.643
og,0,food mfr selling-price expectations (EC),2025Q1,1.039
og,0,food mfr selling-price expectations (EC),2025Q2,1.358
og,0,food mfr selling-price expectations (EC),2025Q3,1.741
og,0,food mfr selling-price expectations (EC),2025Q4,1.065
og,0,food mfr selling-price expectations (EC),2026Q1,1.184
og,0,food mfr selling-price expectations (EC),2026Q2,1.516
og,1,prevailing mean,2010Q1,0.6629
og,1,prevailing mean,2010Q2,0.6306
og,1,prevailing mean,2010Q3,0.5243
og,1,prevailing mean,2010Q4,0.3526
og,1,prevailing mean,2011Q1,0.241
og,1,prevailing mean,2011Q2,0.16
og,1,prevailing mean,2011Q3,0.1317
og,1,prevailing mean,2011Q4,0.1333
og,1,prevailing mean,2012Q1,0.107
og,1,prevailing mean,2012Q2,0.08182
og,1,prevailing mean,2012Q3,0.1911
og,1,prevailing mean,2012Q4,0.1196
og,1,prevailing mean,2013Q1,0.2021
og,1,prevailing mean,2013Q2,0.1729
og,1,prevailing mean,2013Q3,0.1694
og,1,prevailing mean,2013Q4,0.082
og,1,prevailing mean,2014Q1,0.01176
og,1,prevailing mean,2014Q2,-0.1038
og,1,prevailing mean,2014Q3,-0.1528
og,1,prevailing mean,2014Q4,-0.2352
og,1,prevailing mean,2015Q1,-0.2927
og,1,prevailing mean,2015Q2,-0.2482
og,1,prevailing mean,2015Q3,-0.1719
og,1,prevailing mean,2015Q4,-0.1362
og,1,prevailing mean,2016Q1,-0.06271
og,1,prevailing mean,2016Q2,0.025
og,1,prevailing mean,2016Q3,0.07869
og,1,prevailing mean,2016Q4,0.1403
og,1,prevailing mean,2017Q1,0.1905
og,1,prevailing mean,2017Q2,0.1781
og,1,prevailing mean,2017Q3,0.1923
og,1,prevailing mean,2017Q4,0.1955
og,1,prevailing mean,2018Q1,0.2358
og,1,prevailing mean,2018Q2,0.2515
og,1,prevailing mean,2018Q3,0.271
og,1,prevailing mean,2018Q4,0.2729
og,1,prevailing mean,2019Q1,0.2845
og,1,prevailing mean,2019Q2,0.3181
og,1,prevailing mean,2019Q3,0.337
og,1,prevailing mean,2019Q4,0.3743
og,1,prevailing mean,2020Q1,0.38
og,1,prevailing mean,2020Q2,0.3947
og,1,prevailing mean,2020Q3,0.5299
og,1,prevailing mean,2020Q4,0.5141
og,1,prevailing mean,2021Q1,0.5544
og,1,prevailing mean,2021Q2,0.5688
og,1,prevailing mean,2021Q3,0.5037
og,1,prevailing mean,2021Q4,0.5341
og,1,prevailing mean,2022Q1,0.5843
og,1,prevailing mean,2022Q2,0.6262
og,1,prevailing mean,2022Q3,0.7035
og,1,prevailing mean,2022Q4,0.8302
og,1,prevailing mean,2023Q1,0.869
og,1,prevailing mean,2023Q2,0.9409
og,1,prevailing mean,2023Q3,1.046
og,1,prevailing mean,2023Q4,1.112
og,1,prevailing mean,2024Q1,1.148
og,1,prevailing mean,2024Q2,1.191
og,1,prevailing mean,2024Q3,1.213
og,1,prevailing mean,2024Q4,1.207
og,1,prevailing mean,2025Q1,1.223
og,1,prevailing mean,2025Q2,1.222
og,1,prevailing mean,2025Q3,1.179
og,1,prevailing mean,2025Q4,1.178
og,1,prevailing mean,2026Q1,1.174
og,1,prevailing mean,2026Q2,1.166
og,1,AR + Easter (benchmark),2010Q1,0.387
og,1,AR + Easter (benchmark),2010Q2,-0.3375
og,1,AR + Easter (benchmark),2010Q3,-0.8211
og,1,AR + Easter (benchmark),2010Q4,-2.037
og,1,AR + Easter (benchmark),2011Q1,-2.227
og,1,AR + Easter (benchmark),2011Q2,-0.6795
og,1,AR + Easter (benchmark),2011Q3,-0.4201
og,1,AR + Easter (benchmark),2011Q4,0.0652
og,1,AR + Easter (benchmark),2012Q1,-0.4082
og,1,AR + Easter (benchmark),2012Q2,-0.433
og,1,AR + Easter (benchmark),2012Q3,1.894
og,1,AR + Easter (benchmark),2012Q4,-1.143
og,1,AR + Easter (benchmark),2013Q1,2.866
og,1,AR + Easter (benchmark),2013Q2,-1.631
og,1,AR + Easter (benchmark),2013Q3,0.002737
og,1,AR + Easter (benchmark),2013Q4,-1.662
og,1,AR + Easter (benchmark),2014Q1,-2.657
og,1,AR + Easter (benchmark),2014Q2,-1.615
og,1,AR + Easter (benchmark),2014Q3,-1.369
og,1,AR + Easter (benchmark),2014Q4,-2.419
og,1,AR + Easter (benchmark),2015Q1,-1.545
og,1,AR + Easter (benchmark),2015Q2,0.3545
og,1,AR + Easter (benchmark),2015Q3,1.507
og,1,AR + Easter (benchmark),2015Q4,0.6711
og,1,AR + Easter (benchmark),2016Q1,2.572
og,1,AR + Easter (benchmark),2016Q2,1.535
og,1,AR + Easter (benchmark),2016Q3,1.529
og,1,AR + Easter (benchmark),2016Q4,1.923
og,1,AR + Easter (benchmark),2017Q1,0.5319
og,1,AR + Easter (benchmark),2017Q2,0.9409
og,1,AR + Easter (benchmark),2017Q3,0.5867
og,1,AR + Easter (benchmark),2017Q4,0.2497
og,1,AR + Easter (benchmark),2018Q1,2.325
og,1,AR + Easter (benchmark),2018Q2,-0.1257
og,1,AR + Easter (benchmark),2018Q3,0.8552
og,1,AR + Easter (benchmark),2018Q4,0.298
og,1,AR + Easter (benchmark),2019Q1,-0.1823
og,1,AR + Easter (benchmark),2019Q2,2.237
og,1,AR + Easter (benchmark),2019Q3,0.9777
og,1,AR + Easter (benchmark),2019Q4,1.664
og,1,AR + Easter (benchmark),2020Q1,0.5622
og,1,AR + Easter (benchmark),2020Q2,0.8935
og,1,AR + Easter (benchmark),2020Q3,5.538
og,1,AR + Easter (benchmark),2020Q4,-0.04599
og,1,AR + Easter (benchmark),2021Q1,2.412
og,1,AR + Easter (benchmark),2021Q2,0.6276
og,1,AR + Easter (benchmark),2021Q3,-1.746
og,1,AR + Easter (benchmark),2021Q4,1.535
og,1,AR + Easter (benchmark),2022Q1,1.8
og,1,AR + Easter (benchmark),2022Q2,2.336
og,1,AR + Easter (benchmark),2022Q3,3.433
og,1,AR + Easter (benchmark),2022Q4,5.822
og,1,AR + Easter (benchmark),2023Q1,2.455
og,1,AR + Easter (benchmark),2023Q2,3.947
og,1,AR + Easter (benchmark),2023Q3,5.762
og,1,AR + Easter (benchmark),2023Q4,4.243
og,1,AR + Easter (benchmark),2024Q1,3.629
og,1,AR + Easter (benchmark),2024Q2,2.417
og,1,AR + Easter (benchmark),2024Q3,2.237
og,1,AR + Easter (benchmark),2024Q4,0.9469
og,1,AR + Easter (benchmark),2025Q1,1.121
og,1,AR + Easter (benchmark),2025Q2,1.996
og,1,AR + Easter (benchmark),2025Q3,-0.8877
og,1,AR + Easter (benchmark),2025Q4,1.054
og,1,AR + Easter (benchmark),2026Q1,1.324
og,1,AR + Easter (benchmark),2026Q2,0.4179
og,1,food CPI ex VAT NO+SE (lag-0 data),2010Q1,1.136
og,1,food CPI ex VAT NO+SE (lag-0 data),2010Q2,-1.199
og,1,food CPI ex VAT NO+SE (lag-0 data),2010Q3,-0.9626
og,1,food CPI ex VAT NO+SE (lag-0 data),2010Q4,-1.437
og,1,food CPI ex VAT NO+SE (lag-0 data),2011Q1,-2.355
og,1,food CPI ex VAT NO+SE (lag-0 data),2011Q2,-1.512
og,1,food CPI ex VAT NO+SE (lag-0 data),2011Q3,-2.336
og,1,food CPI ex VAT NO+SE (lag-0 data),2011Q4,-1.541
og,1,food CPI ex VAT NO+SE (lag-0 data),2012Q1,-1.822
og,1,food CPI ex VAT NO+SE (lag-0 data),2012Q2,-1.203
og,1,food CPI ex VAT NO+SE (lag-0 data),2012Q3,0.2499
og,1,food CPI ex VAT NO+SE (lag-0 data),2012Q4,-0.9804
og,1,food CPI ex VAT NO+SE (lag-0 data),2013Q1,2.01
og,1,food CPI ex VAT NO+SE (lag-0 data),2013Q2,-2.2
og,1,food CPI ex VAT NO+SE (lag-0 data),2013Q3,-0.05393
og,1,food CPI ex VAT NO+SE (lag-0 data),2013Q4,-0.4366
og,1,food CPI ex VAT NO+SE (lag-0 data),2014Q1,-2.063
og,1,food CPI ex VAT NO+SE (lag-0 data),2014Q2,-0.3612
og,1,food CPI ex VAT NO+SE (lag-0 data),2014Q3,-1.128
og,1,food CPI ex VAT NO+SE (lag-0 data),2014Q4,-2.18
og,1,food CPI ex VAT NO+SE (lag-0 data),2015Q1,-1.336
og,1,food CPI ex VAT NO+SE (lag-0 data),2015Q2,-0.04445
og,1,food CPI ex VAT NO+SE (lag-0 data),2015Q3,1.238
og,1,food CPI ex VAT NO+SE (lag-0 data),2015Q4,0.8107
og,1,food CPI ex VAT NO+SE (lag-0 data),2016Q1,2.586
og,1,food CPI ex VAT NO+SE (lag-0 data),2016Q2,1.115
og,1,food CPI ex VAT NO+SE (lag-0 data),2016Q3,1.324
og,1,food CPI ex VAT NO+SE (lag-0 data),2016Q4,1.674
og,1,food CPI ex VAT NO+SE (lag-0 data),2017Q1,0.09632
og,1,food CPI ex VAT NO+SE (lag-0 data),2017Q2,0.9959
og,1,food CPI ex VAT NO+SE (lag-0 data),2017Q3,0.1822
og,1,food CPI ex VAT NO+SE (lag-0 data),2017Q4,-0.1573
og,1,food CPI ex VAT NO+SE (lag-0 data),2018Q1,2.032
og,1,food CPI ex VAT NO+SE (lag-0 data),2018Q2,-0.1305
og,1,food CPI ex VAT NO+SE (lag-0 data),2018Q3,0.8874
og,1,food CPI ex VAT NO+SE (lag-0 data),2018Q4,0.4805
og,1,food CPI ex VAT NO+SE (lag-0 data),2019Q1,-0.0711
og,1,food CPI ex VAT NO+SE (lag-0 data),2019Q2,2.277
og,1,food CPI ex VAT NO+SE (lag-0 data),2019Q3,0.9268
og,1,food CPI ex VAT NO+SE (lag-0 data),2019Q4,1.589
og,1,food CPI ex VAT NO+SE (lag-0 data),2020Q1,0.3752
og,1,food CPI ex VAT NO+SE (lag-0 data),2020Q2,0.9672
og,1,food CPI ex VAT NO+SE (lag-0 data),2020Q3,5.45
og,1,food CPI ex VAT NO+SE (lag-0 data),2020Q4,0.1146
og,1,food CPI ex VAT NO+SE (lag-0 data),2021Q1,2.408
og,1,food CPI ex VAT NO+SE (lag-0 data),2021Q2,0.3111
og,1,food CPI ex VAT NO+SE (lag-0 data),2021Q3,-2.103
og,1,food CPI ex VAT NO+SE (lag-0 data),2021Q4,0.9889
og,1,food CPI ex VAT NO+SE (lag-0 data),2022Q1,1.541
og,1,food CPI ex VAT NO+SE (lag-0 data),2022Q2,2.329
og,1,food CPI ex VAT NO+SE (lag-0 data),2022Q3,3.167
og,1,food CPI ex VAT NO+SE (lag-0 data),2022Q4,4.846
og,1,food CPI ex VAT NO+SE (lag-0 data),2023Q1,1.171
og,1,food CPI ex VAT NO+SE (lag-0 data),2023Q2,3.489
og,1,food CPI ex VAT NO+SE (lag-0 data),2023Q3,7.467
og,1,food CPI ex VAT NO+SE (lag-0 data),2023Q4,5.179
og,1,food CPI ex VAT NO+SE (lag-0 data),2024Q1,4.327
og,1,food CPI ex VAT NO+SE (lag-0 data),2024Q2,2.333
og,1,food CPI ex VAT NO+SE (lag-0 data),2024Q3,2.171
og,1,food CPI ex VAT NO+SE (lag-0 data),2024Q4,1.042
og,1,food CPI ex VAT NO+SE (lag-0 data),2025Q1,0.9939
og,1,food CPI ex VAT NO+SE (lag-0 data),2025Q2,2.455
og,1,food CPI ex VAT NO+SE (lag-0 data),2025Q3,-0.1692
og,1,food CPI ex VAT NO+SE (lag-0 data),2025Q4,1.421
og,1,food CPI ex VAT NO+SE (lag-0 data),2026Q1,1.597
og,1,food CPI ex VAT NO+SE (lag-0 data),2026Q2,0.3401
og,1,food CPI ex VAT Orkla-wtd,2010Q1,0.5401
og,1,food CPI ex VAT Orkla-wtd,2010Q2,-0.7315
og,1,food CPI ex VAT Orkla-wtd,2010Q3,-1.111
og,1,food CPI ex VAT Orkla-wtd,2010Q4,-2.114
og,1,food CPI ex VAT Orkla-wtd,2011Q1,-2.47
og,1,food CPI ex VAT Orkla-wtd,2011Q2,-0.6615
og,1,food CPI ex VAT Orkla-wtd,2011Q3,-0.7998
og,1,food CPI ex VAT Orkla-wtd,2011Q4,-0.5277
og,1,food CPI ex VAT Orkla-wtd,2012Q1,-0.6722
og,1,food CPI ex VAT Orkla-wtd,2012Q2,-0.8492
og,1,food CPI ex VAT Orkla-wtd,2012Q3,0.8846
og,1,food CPI ex VAT Orkla-wtd,2012Q4,-0.8947
og,1,food CPI ex VAT Orkla-wtd,2013Q1,2.354
og,1,food CPI ex VAT Orkla-wtd,2013Q2,-1.61
og,1,food CPI ex VAT Orkla-wtd,2013Q3,-0.241
og,1,food CPI ex VAT Orkla-wtd,2013Q4,-1.19
og,1,food CPI ex VAT Orkla-wtd,2014Q1,-2.062
og,1,food CPI ex VAT Orkla-wtd,2014Q2,-1.08
og,1,food CPI ex VAT Orkla-wtd,2014Q3,-1.131
og,1,food CPI ex VAT Orkla-wtd,2014Q4,-2.349
og,1,food CPI ex VAT Orkla-wtd,2015Q1,-1.553
og,1,food CPI ex VAT Orkla-wtd,2015Q2,0.03591
og,1,food CPI ex VAT Orkla-wtd,2015Q3,1.034
og,1,food CPI ex VAT Orkla-wtd,2015Q4,0.5134
og,1,food CPI ex VAT Orkla-wtd,2016Q1,2.471
og,1,food CPI ex VAT Orkla-wtd,2016Q2,1.471
og,1,food CPI ex VAT Orkla-wtd,2016Q3,1.467
og,1,food CPI ex VAT Orkla-wtd,2016Q4,1.906
og,1,food CPI ex VAT Orkla-wtd,2017Q1,0.5534
og,1,food CPI ex VAT Orkla-wtd,2017Q2,0.9238
og,1,food CPI ex VAT Orkla-wtd,2017Q3,0.5809
og,1,food CPI ex VAT Orkla-wtd,2017Q4,0.2359
og,1,food CPI ex VAT Orkla-wtd,2018Q1,2.313
og,1,food CPI ex VAT Orkla-wtd,2018Q2,-0.126
og,1,food CPI ex VAT Orkla-wtd,2018Q3,0.8575
og,1,food CPI ex VAT Orkla-wtd,2018Q4,0.302
og,1,food CPI ex VAT Orkla-wtd,2019Q1,-0.1832
og,1,food CPI ex VAT Orkla-wtd,2019Q2,2.227
og,1,food CPI ex VAT Orkla-wtd,2019Q3,0.9738
og,1,food CPI ex VAT Orkla-wtd,2019Q4,1.659
og,1,food CPI ex VAT Orkla-wtd,2020Q1,0.5694
og,1,food CPI ex VAT Orkla-wtd,2020Q2,0.8896
og,1,food CPI ex VAT Orkla-wtd,2020Q3,5.475
og,1,food CPI ex VAT Orkla-wtd,2020Q4,0.06827
og,1,food CPI ex VAT Orkla-wtd,2021Q1,2.407
og,1,food CPI ex VAT Orkla-wtd,2021Q2,0.6043
og,1,food CPI ex VAT Orkla-wtd,2021Q3,-1.803
og,1,food CPI ex VAT Orkla-wtd,2021Q4,1.253
og,1,food CPI ex VAT Orkla-wtd,2022Q1,1.624
og,1,food CPI ex VAT Orkla-wtd,2022Q2,2.323
og,1,food CPI ex VAT Orkla-wtd,2022Q3,3.372
og,1,food CPI ex VAT Orkla-wtd,2022Q4,5.047
og,1,food CPI ex VAT Orkla-wtd,2023Q1,0.6207
og,1,food CPI ex VAT Orkla-wtd,2023Q2,2.451
og,1,food CPI ex VAT Orkla-wtd,2023Q3,8.327
og,1,food CPI ex VAT Orkla-wtd,2023Q4,6.172
og,1,food CPI ex VAT Orkla-wtd,2024Q1,4.266
og,1,food CPI ex VAT Orkla-wtd,2024Q2,2.561
og,1,food CPI ex VAT Orkla-wtd,2024Q3,2.001
og,1,food CPI ex VAT Orkla-wtd,2024Q4,0.7964
og,1,food CPI ex VAT Orkla-wtd,2025Q1,0.9105
og,1,food CPI ex VAT Orkla-wtd,2025Q2,1.941
og,1,food CPI ex VAT Orkla-wtd,2025Q3,-0.3966
og,1,food CPI ex VAT Orkla-wtd,2025Q4,1.252
og,1,food CPI ex VAT Orkla-wtd,2026Q1,1.554
og,1,food CPI ex VAT Orkla-wtd,2026Q2,0.5463
og,1,food PPI Orkla-wtd,2010Q1,0.1134
og,1,food PPI Orkla-wtd,2010Q2,-1.131
og,1,food PPI Orkla-wtd,2010Q3,-1.255
og,1,food PPI Orkla-wtd,2010Q4,-1.801
og,1,food PPI Orkla-wtd,2011Q1,-1.828
og,1,food PPI Orkla-wtd,2011Q2,0.3814
og,1,food PPI Orkla-wtd,2011Q3,0.8286
og,1,food PPI Orkla-wtd,2011Q4,1.544
og,1,food PPI Orkla-wtd,2012Q1,1.168
og,1,food PPI Orkla-wtd,2012Q2,0.2773
og,1,food PPI Orkla-wtd,2012Q3,1.061
og,1,food PPI Orkla-wtd,2012Q4,-0.6435
og,1,food PPI Orkla-wtd,2013Q1,2.333
og,1,food PPI Orkla-wtd,2013Q2,-1.162
og,1,food PPI Orkla-wtd,2013Q3,0.4942
og,1,food PPI Orkla-wtd,2013Q4,-0.8729
og,1,food PPI Orkla-wtd,2014Q1,-2.246
og,1,food PPI Orkla-wtd,2014Q2,-1.365
og,1,food PPI Orkla-wtd,2014Q3,-1.78
og,1,food PPI Orkla-wtd,2014Q4,-2.589
og,1,food PPI Orkla-wtd,2015Q1,-1.811
og,1,food PPI Orkla-wtd,2015Q2,-0.3333
og,1,food PPI Orkla-wtd,2015Q3,0.9226
og,1,food PPI Orkla-wtd,2015Q4,0.3342
og,1,food PPI Orkla-wtd,2016Q1,2.162
og,1,food PPI Orkla-wtd,2016Q2,1.135
og,1,food PPI Orkla-wtd,2016Q3,1.212
og,1,food PPI Orkla-wtd,2016Q4,1.63
og,1,food PPI Orkla-wtd,2017Q1,0.3019
og,1,food PPI Orkla-wtd,2017Q2,0.9335
og,1,food PPI Orkla-wtd,2017Q3,0.504
og,1,food PPI Orkla-wtd,2017Q4,0.2742
og,1,food PPI Orkla-wtd,2018Q1,2.249
og,1,food PPI Orkla-wtd,2018Q2,-0.273
og,1,food PPI Orkla-wtd,2018Q3,0.6916
og,1,food PPI Orkla-wtd,2018Q4,0.1095
og,1,food PPI Orkla-wtd,2019Q1,-0.4531
og,1,food PPI Orkla-wtd,2019Q2,2.097
og,1,food PPI Orkla-wtd,2019Q3,0.9075
og,1,food PPI Orkla-wtd,2019Q4,1.616
og,1,food PPI Orkla-wtd,2020Q1,0.6285
og,1,food PPI Orkla-wtd,2020Q2,0.9294
og,1,food PPI Orkla-wtd,2020Q3,5.354
og,1,food PPI Orkla-wtd,2020Q4,0.03858
og,1,food PPI Orkla-wtd,2021Q1,2.294
og,1,food PPI Orkla-wtd,2021Q2,0.483
og,1,food PPI Orkla-wtd,2021Q3,-1.833
og,1,food PPI Orkla-wtd,2021Q4,1.338
og,1,food PPI Orkla-wtd,2022Q1,1.756
og,1,food PPI Orkla-wtd,2022Q2,2.582
og,1,food PPI Orkla-wtd,2022Q3,4.031
og,1,food PPI Orkla-wtd,2022Q4,7.813
og,1,food PPI Orkla-wtd,2023Q1,5.29
og,1,food PPI Orkla-wtd,2023Q2,6.53
og,1,food PPI Orkla-wtd,2023Q3,9.589
og,1,food PPI Orkla-wtd,2023Q4,5.95
og,1,food PPI Orkla-wtd,2024Q1,3.792
og,1,food PPI Orkla-wtd,2024Q2,1.688
og,1,food PPI Orkla-wtd,2024Q3,1.24
og,1,food PPI Orkla-wtd,2024Q4,0.2878
og,1,food PPI Orkla-wtd,2025Q1,0.4524
og,1,food PPI Orkla-wtd,2025Q2,1.776
og,1,food PPI Orkla-wtd,2025Q3,-0.4532
og,1,food PPI Orkla-wtd,2025Q4,1.141
og,1,food PPI Orkla-wtd,2026Q1,1.474
og,1,food PPI Orkla-wtd,2026Q2,0.4661
og,1,food CPI NO+SE + relative food price,2010Q1,-0.1559
og,1,food CPI NO+SE + relative food price,2010Q2,-1.704
og,1,food CPI NO+SE + relative food price,2010Q3,0.8327
og,1,food CPI NO+SE + relative food price,2010Q4,0.5312
og,1,food CPI NO+SE + relative food price,2011Q1,-1.495
og,1,food CPI NO+SE + relative food price,2011Q2,-1.49
og,1,food CPI NO+SE + relative food price,2011Q3,-2.365
og,1,food CPI NO+SE + relative food price,2011Q4,-0.6958
og,1,food CPI NO+SE + relative food price,2012Q1,-1.606
og,1,food CPI NO+SE + relative food price,2012Q2,-0.6575
og,1,food CPI NO+SE + relative food price,2012Q3,0.3564
og,1,food CPI NO+SE + relative food price,2012Q4,-1.917
og,1,food CPI NO+SE + relative food price,2013Q1,1.389
og,1,food CPI NO+SE + relative food price,2013Q2,-3.896
og,1,food CPI NO+SE + relative food price,2013Q3,-0.3813
og,1,food CPI NO+SE + relative food price,2013Q4,-0.9722
og,1,food CPI NO+SE + relative food price,2014Q1,-3.294
og,1,food CPI NO+SE + relative food price,2014Q2,-0.3898
og,1,food CPI NO+SE + relative food price,2014Q3,-2.342
og,1,food CPI NO+SE + relative food price,2014Q4,-2.445
og,1,food CPI NO+SE + relative food price,2015Q1,-1.215
og,1,food CPI NO+SE + relative food price,2015Q2,-0.2668
og,1,food CPI NO+SE + relative food price,2015Q3,2.026
og,1,food CPI NO+SE + relative food price,2015Q4,1.242
og,1,food CPI NO+SE + relative food price,2016Q1,2.582
og,1,food CPI NO+SE + relative food price,2016Q2,0.512
og,1,food CPI NO+SE + relative food price,2016Q3,2.057
og,1,food CPI NO+SE + relative food price,2016Q4,2.622
og,1,food CPI NO+SE + relative food price,2017Q1,0.462
og,1,food CPI NO+SE + relative food price,2017Q2,2.186
og,1,food CPI NO+SE + relative food price,2017Q3,-0.3222
og,1,food CPI NO+SE + relative food price,2017Q4,-0.403
og,1,food CPI NO+SE + relative food price,2018Q1,2.032
og,1,food CPI NO+SE + relative food price,2018Q2,-0.2463
og,1,food CPI NO+SE + relative food price,2018Q3,0.7821
og,1,food CPI NO+SE + relative food price,2018Q4,0.9834
og,1,food CPI NO+SE + relative food price,2019Q1,0.7865
og,1,food CPI NO+SE + relative food price,2019Q2,3.229
og,1,food CPI NO+SE + relative food price,2019Q3,1.246
og,1,food CPI NO+SE + relative food price,2019Q4,1.894
og,1,food CPI NO+SE + relative food price,2020Q1,-0.6263
og,1,food CPI NO+SE + relative food price,2020Q2,1.457
og,1,food CPI NO+SE + relative food price,2020Q3,5.468
og,1,food CPI NO+SE + relative food price,2020Q4,-1.303
og,1,food CPI NO+SE + relative food price,2021Q1,2.159
og,1,food CPI NO+SE + relative food price,2021Q2,-0.5203
og,1,food CPI NO+SE + relative food price,2021Q3,-1.979
og,1,food CPI NO+SE + relative food price,2021Q4,1.948
og,1,food CPI NO+SE + relative food price,2022Q1,2.426
og,1,food CPI NO+SE + relative food price,2022Q2,4.495
og,1,food CPI NO+SE + relative food price,2022Q3,6.149
og,1,food CPI NO+SE + relative food price,2022Q4,10.7
og,1,food CPI NO+SE + relative food price,2023Q1,3.92
og,1,food CPI NO+SE + relative food price,2023Q2,2.691
og,1,food CPI NO+SE + relative food price,2023Q3,5.307
og,1,food CPI NO+SE + relative food price,2023Q4,2.946
og,1,food CPI NO+SE + relative food price,2024Q1,4.425
og,1,food CPI NO+SE + relative food price,2024Q2,2.118
og,1,food CPI NO+SE + relative food price,2024Q3,3.772
og,1,food CPI NO+SE + relative food price,2024Q4,2.534
og,1,food CPI NO+SE + relative food price,2025Q1,1.52
og,1,food CPI NO+SE + relative food price,2025Q2,3.5
og,1,food CPI NO+SE + relative food price,2025Q3,-0.6158
og,1,food CPI NO+SE + relative food price,2025Q4,0.8558
og,1,food CPI NO+SE + relative food price,2026Q1,1.064
og,1,food CPI NO+SE + relative food price,2026Q2,-0.4942
og,1,food CPI NO+SE + confidence d4,2010Q1,0.1284
og,1,food CPI NO+SE + confidence d4,2010Q2,-1.986
og,1,food CPI NO+SE + confidence d4,2010Q3,-1.704
og,1,food CPI NO+SE + confidence d4,2010Q4,-1.493
og,1,food CPI NO+SE + confidence d4,2011Q1,-1.918
og,1,food CPI NO+SE + confidence d4,2011Q2,-1.004
og,1,food CPI NO+SE + confidence d4,2011Q3,-1.197
og,1,food CPI NO+SE + confidence d4,2011Q4,0.4152
og,1,food CPI NO+SE + confidence d4,2012Q1,0.736
og,1,food CPI NO+SE + confidence d4,2012Q2,0.356
og,1,food CPI NO+SE + confidence d4,2012Q3,0.4322
og,1,food CPI NO+SE + confidence d4,2012Q4,-0.886
og,1,food CPI NO+SE + confidence d4,2013Q1,0.8807
og,1,food CPI NO+SE + confidence d4,2013Q2,-2.243
og,1,food CPI NO+SE + confidence d4,2013Q3,-0.06161
og,1,food CPI NO+SE + confidence d4,2013Q4,-0.3403
og,1,food CPI NO+SE + confidence d4,2014Q1,-2.035
og,1,food CPI NO+SE + confidence d4,2014Q2,-0.04182
og,1,food CPI NO+SE + confidence d4,2014Q3,-0.9229
og,1,food CPI NO+SE + confidence d4,2014Q4,-1.776
og,1,food CPI NO+SE + confidence d4,2015Q1,-0.7479
og,1,food CPI NO+SE + confidence d4,2015Q2,0.3343
og,1,food CPI NO+SE + confidence d4,2015Q3,1.478
og,1,food CPI NO+SE + confidence d4,2015Q4,1.434
og,1,food CPI NO+SE + confidence d4,2016Q1,3.071
og,1,food CPI NO+SE + confidence d4,2016Q2,1.573
og,1,food CPI NO+SE + confidence d4,2016Q3,1.544
og,1,food CPI NO+SE + confidence d4,2016Q4,1.158
og,1,food CPI NO+SE + confidence d4,2017Q1,-1.002
og,1,food CPI NO+SE + confidence d4,2017Q2,-0.3243
og,1,food CPI NO+SE + confidence d4,2017Q3,-0.9497
og,1,food CPI NO+SE + confidence d4,2017Q4,-0.9292
og,1,food CPI NO+SE + confidence d4,2018Q1,1.068
og,1,food CPI NO+SE + confidence d4,2018Q2,-0.804
og,1,food CPI NO+SE + confidence d4,2018Q3,0.5864
og,1,food CPI NO+SE + confidence d4,2018Q4,0.3019
og,1,food CPI NO+SE + confidence d4,2019Q1,0.3172
og,1,food CPI NO+SE + confidence d4,2019Q2,2.685
og,1,food CPI NO+SE + confidence d4,2019Q3,1.295
og,1,food CPI NO+SE + confidence d4,2019Q4,1.75
og,1,food CPI NO+SE + confidence d4,2020Q1,0.7564
og,1,food CPI NO+SE + confidence d4,2020Q2,1.201
og,1,food CPI NO+SE + confidence d4,2020Q3,6.03
og,1,food CPI NO+SE + confidence d4,2020Q4,0.9038
og,1,food CPI NO+SE + confidence d4,2021Q1,2.818
og,1,food CPI NO+SE + confidence d4,2021Q2,0.5494
og,1,food CPI NO+SE + confidence d4,2021Q3,-3.154
og,1,food CPI NO+SE + confidence d4,2021Q4,-0.1615
og,1,food CPI NO+SE + confidence d4,2022Q1,0.9469
og,1,food CPI NO+SE + confidence d4,2022Q2,2.763
og,1,food CPI NO+SE + confidence d4,2022Q3,4.712
og,1,food CPI NO+SE + confidence d4,2022Q4,6.191
og,1,food CPI NO+SE + confidence d4,2023Q1,1.719
og,1,food CPI NO+SE + confidence d4,2023Q2,1.683
og,1,food CPI NO+SE + confidence d4,2023Q3,3.588
og,1,food CPI NO+SE + confidence d4,2023Q4,2.177
og,1,food CPI NO+SE + confidence d4,2024Q1,1.701
og,1,food CPI NO+SE + confidence d4,2024Q2,0.6452
og,1,food CPI NO+SE + confidence d4,2024Q3,0.8292
og,1,food CPI NO+SE + confidence d4,2024Q4,-0.2814
og,1,food CPI NO+SE + confidence d4,2025Q1,-0.2078
og,1,food CPI NO+SE + confidence d4,2025Q2,1.764
og,1,food CPI NO+SE + confidence d4,2025Q3,0.07971
og,1,food CPI NO+SE + confidence d4,2025Q4,1.39
og,1,food CPI NO+SE + confidence d4,2026Q1,1.406
og,1,food CPI NO+SE + confidence d4,2026Q2,0.342
og,1,food CPI NO+SE + real wage,2010Q1,0.1658
og,1,food CPI NO+SE + real wage,2010Q2,-2.584
og,1,food CPI NO+SE + real wage,2010Q3,0.1036
og,1,food CPI NO+SE + real wage,2010Q4,-0.3012
og,1,food CPI NO+SE + real wage,2011Q1,-1.488
og,1,food CPI NO+SE + real wage,2011Q2,-1.322
og,1,food CPI NO+SE + real wage,2011Q3,-4.399
og,1,food CPI NO+SE + real wage,2011Q4,-3.238
og,1,food CPI NO+SE + real wage,2012Q1,-2.675
og,1,food CPI NO+SE + real wage,2012Q2,-2.497
og,1,food CPI NO+SE + real wage,2012Q3,-0.5955
og,1,food CPI NO+SE + real wage,2012Q4,-1.599
og,1,food CPI NO+SE + real wage,2013Q1,1.545
og,1,food CPI NO+SE + real wage,2013Q2,-2.438
og,1,food CPI NO+SE + real wage,2013Q3,0.1332
og,1,food CPI NO+SE + real wage,2013Q4,-0.3403
og,1,food CPI NO+SE + real wage,2014Q1,-2.072
og,1,food CPI NO+SE + real wage,2014Q2,-0.1647
og,1,food CPI NO+SE + real wage,2014Q3,-0.7671
og,1,food CPI NO+SE + real wage,2014Q4,-1.872
og,1,food CPI NO+SE + real wage,2015Q1,-1.167
og,1,food CPI NO+SE + real wage,2015Q2,0.3398
og,1,food CPI NO+SE + real wage,2015Q3,1.31
og,1,food CPI NO+SE + real wage,2015Q4,0.5886
og,1,food CPI NO+SE + real wage,2016Q1,2.427
og,1,food CPI NO+SE + real wage,2016Q2,1.153
og,1,food CPI NO+SE + real wage,2016Q3,1.148
og,1,food CPI NO+SE + real wage,2016Q4,1.463
og,1,food CPI NO+SE + real wage,2017Q1,0.06916
og,1,food CPI NO+SE + real wage,2017Q2,0.563
og,1,food CPI NO+SE + real wage,2017Q3,0.2883
og,1,food CPI NO+SE + real wage,2017Q4,-0.3111
og,1,food CPI NO+SE + real wage,2018Q1,2.145
og,1,food CPI NO+SE + real wage,2018Q2,-0.01818
og,1,food CPI NO+SE + real wage,2018Q3,0.6797
og,1,food CPI NO+SE + real wage,2018Q4,0.5654
og,1,food CPI NO+SE + real wage,2019Q1,-0.3925
og,1,food CPI NO+SE + real wage,2019Q2,1.908
og,1,food CPI NO+SE + real wage,2019Q3,0.8095
og,1,food CPI NO+SE + real wage,2019Q4,1.584
og,1,food CPI NO+SE + real wage,2020Q1,0.4889
og,1,food CPI NO+SE + real wage,2020Q2,1.023
og,1,food CPI NO+SE + real wage,2020Q3,6.009
og,1,food CPI NO+SE + real wage,2020Q4,0.3562
og,1,food CPI NO+SE + real wage,2021Q1,2.221
og,1,food CPI NO+SE + real wage,2021Q2,0.6116
og,1,food CPI NO+SE + real wage,2021Q3,-2.32
og,1,food CPI NO+SE + real wage,2021Q4,0.677
og,1,food CPI NO+SE + real wage,2022Q1,1.425
og,1,food CPI NO+SE + real wage,2022Q2,1.496
og,1,food CPI NO+SE + real wage,2022Q3,2.072
og,1,food CPI NO+SE + real wage,2022Q4,4.845
og,1,food CPI NO+SE + real wage,2023Q1,1.327
og,1,food CPI NO+SE + real wage,2023Q2,3.859
og,1,food CPI NO+SE + real wage,2023Q3,8.204
og,1,food CPI NO+SE + real wage,2023Q4,5.455
og,1,food CPI NO+SE + real wage,2024Q1,4.286
og,1,food CPI NO+SE + real wage,2024Q2,2.265
og,1,food CPI NO+SE + real wage,2024Q3,2.045
og,1,food CPI NO+SE + real wage,2024Q4,0.874
og,1,food CPI NO+SE + real wage,2025Q1,0.7286
og,1,food CPI NO+SE + real wage,2025Q2,2.114
og,1,food CPI NO+SE + real wage,2025Q3,-0.5468
og,1,food CPI NO+SE + real wage,2025Q4,0.9448
og,1,food CPI NO+SE + real wage,2026Q1,1.514
og,1,food CPI NO+SE + real wage,2026Q2,0.3154
og,1,food mfr selling-price expectations (EC),2010Q1,-0.7077
og,1,food mfr selling-price expectations (EC),2010Q2,-2.287
og,1,food mfr selling-price expectations (EC),2010Q3,-1.139
og,1,food mfr selling-price expectations (EC),2010Q4,-0.8522
og,1,food mfr selling-price expectations (EC),2011Q1,-0.1597
og,1,food mfr selling-price expectations (EC),2011Q2,1.881
og,1,food mfr selling-price expectations (EC),2011Q3,1.568
og,1,food mfr selling-price expectations (EC),2011Q4,1.409
og,1,food mfr selling-price expectations (EC),2012Q1,0.3546
og,1,food mfr selling-price expectations (EC),2012Q2,0.8028
og,1,food mfr selling-price expectations (EC),2012Q3,1.931
og,1,food mfr selling-price expectations (EC),2012Q4,-0.05637
og,1,food mfr selling-price expectations (EC),2013Q1,3.332
og,1,food mfr selling-price expectations (EC),2013Q2,-0.6822
og,1,food mfr selling-price expectations (EC),2013Q3,0.1094
og,1,food mfr selling-price expectations (EC),2013Q4,-1.216
og,1,food mfr selling-price expectations (EC),2014Q1,-2.657
og,1,food mfr selling-price expectations (EC),2014Q2,-1.358
og,1,food mfr selling-price expectations (EC),2014Q3,-1.623
og,1,food mfr selling-price expectations (EC),2014Q4,-2.352
og,1,food mfr selling-price expectations (EC),2015Q1,-1.778
og,1,food mfr selling-price expectations (EC),2015Q2,-1.066
og,1,food mfr selling-price expectations (EC),2015Q3,0.6438
og,1,food mfr selling-price expectations (EC),2015Q4,0.1679
og,1,food mfr selling-price expectations (EC),2016Q1,1.878
og,1,food mfr selling-price expectations (EC),2016Q2,1.226
og,1,food mfr selling-price expectations (EC),2016Q3,0.908
og,1,food mfr selling-price expectations (EC),2016Q4,1.413
og,1,food mfr selling-price expectations (EC),2017Q1,0.1535
og,1,food mfr selling-price expectations (EC),2017Q2,1.342
og,1,food mfr selling-price expectations (EC),2017Q3,0.7175
og,1,food mfr selling-price expectations (EC),2017Q4,0.5626
og,1,food mfr selling-price expectations (EC),2018Q1,2.195
og,1,food mfr selling-price expectations (EC),2018Q2,-0.4352
og,1,food mfr selling-price expectations (EC),2018Q3,0.2553
og,1,food mfr selling-price expectations (EC),2018Q4,0.2716
og,1,food mfr selling-price expectations (EC),2019Q1,0.3397
og,1,food mfr selling-price expectations (EC),2019Q2,2.718
og,1,food mfr selling-price expectations (EC),2019Q3,1.419
og,1,food mfr selling-price expectations (EC),2019Q4,2.126
og,1,food mfr selling-price expectations (EC),2020Q1,0.3499
og,1,food mfr selling-price expectations (EC),2020Q2,0.898
og,1,food mfr selling-price expectations (EC),2020Q3,5.542
og,1,food mfr selling-price expectations (EC),2020Q4,-0.4903
og,1,food mfr selling-price expectations (EC),2021Q1,2.109
og,1,food mfr selling-price expectations (EC),2021Q2,0.1742
og,1,food mfr selling-price expectations (EC),2021Q3,-1.508
og,1,food mfr selling-price expectations (EC),2021Q4,1.984
og,1,food mfr selling-price expectations (EC),2022Q1,2.565
og,1,food mfr selling-price expectations (EC),2022Q2,4.194
og,1,food mfr selling-price expectations (EC),2022Q3,6.313
og,1,food mfr selling-price expectations (EC),2022Q4,9.319
og,1,food mfr selling-price expectations (EC),2023Q1,5.349
og,1,food mfr selling-price expectations (EC),2023Q2,5.666
og,1,food mfr selling-price expectations (EC),2023Q3,5.37
og,1,food mfr selling-price expectations (EC),2023Q4,2.54
og,1,food mfr selling-price expectations (EC),2024Q1,2.394
og,1,food mfr selling-price expectations (EC),2024Q2,1.182
og,1,food mfr selling-price expectations (EC),2024Q3,1.801
og,1,food mfr selling-price expectations (EC),2024Q4,1.15
og,1,food mfr selling-price expectations (EC),2025Q1,0.7081
og,1,food mfr selling-price expectations (EC),2025Q2,2.733
og,1,food mfr selling-price expectations (EC),2025Q3,0.7901
og,1,food mfr selling-price expectations (EC),2025Q4,1.828
og,1,food mfr selling-price expectations (EC),2026Q1,1.484
og,1,food mfr selling-price expectations (EC),2026Q2,0.5643
og,2,prevailing mean,2010Q1,0.7412
og,2,prevailing mean,2010Q2,0.6629
og,2,prevailing mean,2010Q3,0.6306
og,2,prevailing mean,2010Q4,0.5243
og,2,prevailing mean,2011Q1,0.3526
og,2,prevailing mean,2011Q2,0.241
og,2,prevailing mean,2011Q3,0.16
og,2,prevailing mean,2011Q4,0.1317
og,2,prevailing mean,2012Q1,0.1333
og,2,prevailing mean,2012Q2,0.107
og,2,prevailing mean,2012Q3,0.08182
og,2,prevailing mean,2012Q4,0.1911
og,2,prevailing mean,2013Q1,0.1196
og,2,prevailing mean,2013Q2,0.2021
og,2,prevailing mean,2013Q3,0.1729
og,2,prevailing mean,2013Q4,0.1694
og,2,prevailing mean,2014Q1,0.082
og,2,prevailing mean,2014Q2,0.01176
og,2,prevailing mean,2014Q3,-0.1038
og,2,prevailing mean,2014Q4,-0.1528
og,2,prevailing mean,2015Q1,-0.2352
og,2,prevailing mean,2015Q2,-0.2927
og,2,prevailing mean,2015Q3,-0.2482
og,2,prevailing mean,2015Q4,-0.1719
og,2,prevailing mean,2016Q1,-0.1362
og,2,prevailing mean,2016Q2,-0.06271
og,2,prevailing mean,2016Q3,0.025
og,2,prevailing mean,2016Q4,0.07869
og,2,prevailing mean,2017Q1,0.1403
og,2,prevailing mean,2017Q2,0.1905
og,2,prevailing mean,2017Q3,0.1781
og,2,prevailing mean,2017Q4,0.1923
og,2,prevailing mean,2018Q1,0.1955
og,2,prevailing mean,2018Q2,0.2358
og,2,prevailing mean,2018Q3,0.2515
og,2,prevailing mean,2018Q4,0.271
og,2,prevailing mean,2019Q1,0.2729
og,2,prevailing mean,2019Q2,0.2845
og,2,prevailing mean,2019Q3,0.3181
og,2,prevailing mean,2019Q4,0.337
og,2,prevailing mean,2020Q1,0.3743
og,2,prevailing mean,2020Q2,0.38
og,2,prevailing mean,2020Q3,0.3947
og,2,prevailing mean,2020Q4,0.5299
og,2,prevailing mean,2021Q1,0.5141
og,2,prevailing mean,2021Q2,0.5544
og,2,prevailing mean,2021Q3,0.5688
og,2,prevailing mean,2021Q4,0.5037
og,2,prevailing mean,2022Q1,0.5341
og,2,prevailing mean,2022Q2,0.5843
og,2,prevailing mean,2022Q3,0.6262
og,2,prevailing mean,2022Q4,0.7035
og,2,prevailing mean,2023Q1,0.8302
og,2,prevailing mean,2023Q2,0.869
og,2,prevailing mean,2023Q3,0.9409
og,2,prevailing mean,2023Q4,1.046
og,2,prevailing mean,2024Q1,1.112
og,2,prevailing mean,2024Q2,1.148
og,2,prevailing mean,2024Q3,1.191
og,2,prevailing mean,2024Q4,1.213
og,2,prevailing mean,2025Q1,1.207
og,2,prevailing mean,2025Q2,1.223
og,2,prevailing mean,2025Q3,1.222
og,2,prevailing mean,2025Q4,1.179
og,2,prevailing mean,2026Q1,1.178
og,2,prevailing mean,2026Q2,1.174
og,2,AR + Easter (benchmark),2010Q1,1.05
og,2,AR + Easter (benchmark),2010Q2,-0.2373
og,2,AR + Easter (benchmark),2010Q3,0.382
og,2,AR + Easter (benchmark),2010Q4,-0.05743
og,2,AR + Easter (benchmark),2011Q1,-1.506
og,2,AR + Easter (benchmark),2011Q2,-0.2435
og,2,AR + Easter (benchmark),2011Q3,-0.7985
og,2,AR + Easter (benchmark),2011Q4,-0.2829
og,2,AR + Easter (benchmark),2012Q1,-0.02097
og,2,AR + Easter (benchmark),2012Q2,-0.2718
og,2,AR + Easter (benchmark),2012Q3,-0.2925
og,2,AR + Easter (benchmark),2012Q4,1.06
og,2,AR + Easter (benchmark),2013Q1,0.4048
og,2,AR + Easter (benchmark),2013Q2,-0.2429
og,2,AR + Easter (benchmark),2013Q3,-0.1876
og,2,AR + Easter (benchmark),2013Q4,0.003599
og,2,AR + Easter (benchmark),2014Q1,-1.94
og,2,AR + Easter (benchmark),2014Q2,0.6109
og,2,AR + Easter (benchmark),2014Q3,-1.192
og,2,AR + Easter (benchmark),2014Q4,-0.7052
og,2,AR + Easter (benchmark),2015Q1,-0.8936
og,2,AR + Easter (benchmark),2015Q2,-1.571
og,2,AR + Easter (benchmark),2015Q3,0.1085
og,2,AR + Easter (benchmark),2015Q4,0.3966
og,2,AR + Easter (benchmark),2016Q1,0.8557
og,2,AR + Easter (benchmark),2016Q2,-0.2712
og,2,AR + Easter (benchmark),2016Q3,0.9973
og,2,AR + Easter (benchmark),2016Q4,0.6851
og,2,AR + Easter (benchmark),2017Q1,-0.1863
og,2,AR + Easter (benchmark),2017Q2,2.136
og,2,AR + Easter (benchmark),2017Q3,-0.08259
og,2,AR + Easter (benchmark),2017Q4,0.3673
og,2,AR + Easter (benchmark),2018Q1,0.9559
og,2,AR + Easter (benchmark),2018Q2,0.01589
og,2,AR + Easter (benchmark),2018Q3,0.4391
og,2,AR + Easter (benchmark),2018Q4,0.5215
og,2,AR + Easter (benchmark),2019Q1,-0.5687
og,2,AR + Easter (benchmark),2019Q2,1.22
og,2,AR + Easter (benchmark),2019Q3,0.8546
og,2,AR + Easter (benchmark),2019Q4,0.6323
og,2,AR + Easter (benchmark),2020Q1,1.02
og,2,AR + Easter (benchmark),2020Q2,0.4334
og,2,AR + Easter (benchmark),2020Q3,0.6248
og,2,AR + Easter (benchmark),2020Q4,3.591
og,2,AR + Easter (benchmark),2021Q1,0.5948
og,2,AR + Easter (benchmark),2021Q2,1.035
og,2,AR + Easter (benchmark),2021Q3,0.8344
og,2,AR + Easter (benchmark),2021Q4,-1.037
og,2,AR + Easter (benchmark),2022Q1,0.7962
og,2,AR + Easter (benchmark),2022Q2,2.154
og,2,AR + Easter (benchmark),2022Q3,1.516
og,2,AR + Easter (benchmark),2022Q4,2.527
og,2,AR + Easter (benchmark),2023Q1,4.456
og,2,AR + Easter (benchmark),2023Q2,2.053
og,2,AR + Easter (benchmark),2023Q3,3.338
og,2,AR + Easter (benchmark),2023Q4,5.132
og,2,AR + Easter (benchmark),2024Q1,4.767
og,2,AR + Easter (benchmark),2024Q2,1.763
og,2,AR + Easter (benchmark),2024Q3,2.993
og,2,AR + Easter (benchmark),2024Q4,2.101
og,2,AR + Easter (benchmark),2025Q1,0.0817
og,2,AR + Easter (benchmark),2025Q2,2.761
og,2,AR + Easter (benchmark),2025Q3,1.146
og,2,AR + Easter (benchmark),2025Q4,-0.644
og,2,AR + Easter (benchmark),2026Q1,1.405
og,2,AR + Easter (benchmark),2026Q2,0.6105
og,2,food CPI ex VAT NO+SE (lag-0 data),2010Q1,1.594
og,2,food CPI ex VAT NO+SE (lag-0 data),2010Q2,0.2582
og,2,food CPI ex VAT NO+SE (lag-0 data),2010Q3,-0.000169
og,2,food CPI ex VAT NO+SE (lag-0 data),2010Q4,-0.09963
og,2,food CPI ex VAT NO+SE (lag-0 data),2011Q1,-1.251
og,2,food CPI ex VAT NO+SE (lag-0 data),2011Q2,-0.1987
og,2,food CPI ex VAT NO+SE (lag-0 data),2011Q3,-1.275
og,2,food CPI ex VAT NO+SE (lag-0 data),2011Q4,-1.296
og,2,food CPI ex VAT NO+SE (lag-0 data),2012Q1,-0.9117
og,2,food CPI ex VAT NO+SE (lag-0 data),2012Q2,-1.109
og,2,food CPI ex VAT NO+SE (lag-0 data),2012Q3,-0.7496
og,2,food CPI ex VAT NO+SE (lag-0 data),2012Q4,0.2969
og,2,food CPI ex VAT NO+SE (lag-0 data),2013Q1,0.512
og,2,food CPI ex VAT NO+SE (lag-0 data),2013Q2,-0.9183
og,2,food CPI ex VAT NO+SE (lag-0 data),2013Q3,-0.4234
og,2,food CPI ex VAT NO+SE (lag-0 data),2013Q4,-0.04119
og,2,food CPI ex VAT NO+SE (lag-0 data),2014Q1,-1.05
og,2,food CPI ex VAT NO+SE (lag-0 data),2014Q2,1.23
og,2,food CPI ex VAT NO+SE (lag-0 data),2014Q3,-0.02656
og,2,food CPI ex VAT NO+SE (lag-0 data),2014Q4,-0.464
og,2,food CPI ex VAT NO+SE (lag-0 data),2015Q1,-0.5854
og,2,food CPI ex VAT NO+SE (lag-0 data),2015Q2,-1.42
og,2,food CPI ex VAT NO+SE (lag-0 data),2015Q3,-0.1782
og,2,food CPI ex VAT NO+SE (lag-0 data),2015Q4,0.1711
og,2,food CPI ex VAT NO+SE (lag-0 data),2016Q1,0.9772
og,2,food CPI ex VAT NO+SE (lag-0 data),2016Q2,-0.3391
og,2,food CPI ex VAT NO+SE (lag-0 data),2016Q3,0.7654
og,2,food CPI ex VAT NO+SE (lag-0 data),2016Q4,0.5367
og,2,food CPI ex VAT NO+SE (lag-0 data),2017Q1,-0.3889
og,2,food CPI ex VAT NO+SE (lag-0 data),2017Q2,1.882
og,2,food CPI ex VAT NO+SE (lag-0 data),2017Q3,-0.1153
og,2,food CPI ex VAT NO+SE (lag-0 data),2017Q4,0.07684
og,2,food CPI ex VAT NO+SE (lag-0 data),2018Q1,0.6514
og,2,food CPI ex VAT NO+SE (lag-0 data),2018Q2,-0.284
og,2,food CPI ex VAT NO+SE (lag-0 data),2018Q3,0.467
og,2,food CPI ex VAT NO+SE (lag-0 data),2018Q4,0.5416
og,2,food CPI ex VAT NO+SE (lag-0 data),2019Q1,-0.4347
og,2,food CPI ex VAT NO+SE (lag-0 data),2019Q2,1.348
og,2,food CPI ex VAT NO+SE (lag-0 data),2019Q3,0.8435
og,2,food CPI ex VAT NO+SE (lag-0 data),2019Q4,0.5949
og,2,food CPI ex VAT NO+SE (lag-0 data),2020Q1,0.9588
og,2,food CPI ex VAT NO+SE (lag-0 data),2020Q2,0.2851
og,2,food CPI ex VAT NO+SE (lag-0 data),2020Q3,0.6809
og,2,food CPI ex VAT NO+SE (lag-0 data),2020Q4,3.505
og,2,food CPI ex VAT NO+SE (lag-0 data),2021Q1,0.7554
og,2,food CPI ex VAT NO+SE (lag-0 data),2021Q2,0.997
og,2,food CPI ex VAT NO+SE (lag-0 data),2021Q3,0.5578
og,2,food CPI ex VAT NO+SE (lag-0 data),2021Q4,-1.308
og,2,food CPI ex VAT NO+SE (lag-0 data),2022Q1,0.2983
og,2,food CPI ex VAT NO+SE (lag-0 data),2022Q2,1.824
og,2,food CPI ex VAT NO+SE (lag-0 data),2022Q3,1.49
og,2,food CPI ex VAT NO+SE (lag-0 data),2022Q4,2.248
og,2,food CPI ex VAT NO+SE (lag-0 data),2023Q1,2.204
og,2,food CPI ex VAT NO+SE (lag-0 data),2023Q2,-1.346
og,2,food CPI ex VAT NO+SE (lag-0 data),2023Q3,0.951
og,2,food CPI ex VAT NO+SE (lag-0 data),2023Q4,5.104
og,2,food CPI ex VAT NO+SE (lag-0 data),2024Q1,5.399
og,2,food CPI ex VAT NO+SE (lag-0 data),2024Q2,2.229
og,2,food CPI ex VAT NO+SE (lag-0 data),2024Q3,2.975
og,2,food CPI ex VAT NO+SE (lag-0 data),2024Q4,2.072
og,2,food CPI ex VAT NO+SE (lag-0 data),2025Q1,0.1344
og,2,food CPI ex VAT NO+SE (lag-0 data),2025Q2,2.694
og,2,food CPI ex VAT NO+SE (lag-0 data),2025Q3,1.355
og,2,food CPI ex VAT NO+SE (lag-0 data),2025Q4,-0.3379
og,2,food CPI ex VAT NO+SE (lag-0 data),2026Q1,1.573
og,2,food CPI ex VAT NO+SE (lag-0 data),2026Q2,0.7355
og,2,food CPI ex VAT Orkla-wtd,2010Q1,1.518
og,2,food CPI ex VAT Orkla-wtd,2010Q2,-0.06744
og,2,food CPI ex VAT Orkla-wtd,2010Q3,0.1787
og,2,food CPI ex VAT Orkla-wtd,2010Q4,-0.1409
og,2,food CPI ex VAT Orkla-wtd,2011Q1,-1.513
og,2,food CPI ex VAT Orkla-wtd,2011Q2,-0.3316
og,2,food CPI ex VAT Orkla-wtd,2011Q3,-0.7927
og,2,food CPI ex VAT Orkla-wtd,2011Q4,-0.4376
og,2,food CPI ex VAT Orkla-wtd,2012Q1,-0.2461
og,2,food CPI ex VAT Orkla-wtd,2012Q2,-0.3751
og,2,food CPI ex VAT Orkla-wtd,2012Q3,-0.4595
og,2,food CPI ex VAT Orkla-wtd,2012Q4,0.9486
og,2,food CPI ex VAT Orkla-wtd,2013Q1,0.4405
og,2,food CPI ex VAT Orkla-wtd,2013Q2,-0.2471
og,2,food CPI ex VAT Orkla-wtd,2013Q3,-0.1803
og,2,food CPI ex VAT Orkla-wtd,2013Q4,-0.05791
og,2,food CPI ex VAT Orkla-wtd,2014Q1,-1.684
og,2,food CPI ex VAT Orkla-wtd,2014Q2,0.8501
og,2,food CPI ex VAT Orkla-wtd,2014Q3,-0.7776
og,2,food CPI ex VAT Orkla-wtd,2014Q4,-0.5244
og,2,food CPI ex VAT Orkla-wtd,2015Q1,-0.8517
og,2,food CPI ex VAT Orkla-wtd,2015Q2,-1.569
og,2,food CPI ex VAT Orkla-wtd,2015Q3,-0.02714
og,2,food CPI ex VAT Orkla-wtd,2015Q4,0.1507
og,2,food CPI ex VAT Orkla-wtd,2016Q1,0.7405
og,2,food CPI ex VAT Orkla-wtd,2016Q2,-0.3013
og,2,food CPI ex VAT Orkla-wtd,2016Q3,1.122
og,2,food CPI ex VAT Orkla-wtd,2016Q4,0.8641
og,2,food CPI ex VAT Orkla-wtd,2017Q1,0.06984
og,2,food CPI ex VAT Orkla-wtd,2017Q2,2.418
og,2,food CPI ex VAT Orkla-wtd,2017Q3,0.01971
og,2,food CPI ex VAT Orkla-wtd,2017Q4,0.4217
og,2,food CPI ex VAT Orkla-wtd,2018Q1,1.056
og,2,food CPI ex VAT Orkla-wtd,2018Q2,0.1206
og,2,food CPI ex VAT Orkla-wtd,2018Q3,0.4416
og,2,food CPI ex VAT Orkla-wtd,2018Q4,0.4992
og,2,food CPI ex VAT Orkla-wtd,2019Q1,-0.631
og,2,food CPI ex VAT Orkla-wtd,2019Q2,1.241
og,2,food CPI ex VAT Orkla-wtd,2019Q3,0.9348
og,2,food CPI ex VAT Orkla-wtd,2019Q4,0.6616
og,2,food CPI ex VAT Orkla-wtd,2020Q1,1.077
og,2,food CPI ex VAT Orkla-wtd,2020Q2,0.37
og,2,food CPI ex VAT Orkla-wtd,2020Q3,0.6604
og,2,food CPI ex VAT Orkla-wtd,2020Q4,3.79
og,2,food CPI ex VAT Orkla-wtd,2021Q1,0.2602
og,2,food CPI ex VAT Orkla-wtd,2021Q2,1.057
og,2,food CPI ex VAT Orkla-wtd,2021Q3,0.8653
og,2,food CPI ex VAT Orkla-wtd,2021Q4,-0.9052
og,2,food CPI ex VAT Orkla-wtd,2022Q1,1.485
og,2,food CPI ex VAT Orkla-wtd,2022Q2,2.8
og,2,food CPI ex VAT Orkla-wtd,2022Q3,1.958
og,2,food CPI ex VAT Orkla-wtd,2022Q4,2.298
og,2,food CPI ex VAT Orkla-wtd,2023Q1,2.138
og,2,food CPI ex VAT Orkla-wtd,2023Q2,-3.847
og,2,food CPI ex VAT Orkla-wtd,2023Q3,-3.334
og,2,food CPI ex VAT Orkla-wtd,2023Q4,1.082
og,2,food CPI ex VAT Orkla-wtd,2024Q1,4.493
og,2,food CPI ex VAT Orkla-wtd,2024Q2,1.728
og,2,food CPI ex VAT Orkla-wtd,2024Q3,2.98
og,2,food CPI ex VAT Orkla-wtd,2024Q4,2.147
og,2,food CPI ex VAT Orkla-wtd,2025Q1,0.1061
og,2,food CPI ex VAT Orkla-wtd,2025Q2,2.835
og,2,food CPI ex VAT Orkla-wtd,2025Q3,1.157
og,2,food CPI ex VAT Orkla-wtd,2025Q4,-0.7452
og,2,food CPI ex VAT Orkla-wtd,2026Q1,1.376
og,2,food CPI ex VAT Orkla-wtd,2026Q2,0.5696
og,2,food PPI Orkla-wtd,2010Q1,1.031
og,2,food PPI Orkla-wtd,2010Q2,-0.3804
og,2,food PPI Orkla-wtd,2010Q3,-0.08433
og,2,food PPI Orkla-wtd,2010Q4,-0.3211
og,2,food PPI Orkla-wtd,2011Q1,-1.368
og,2,food PPI Orkla-wtd,2011Q2,-0.0267
og,2,food PPI Orkla-wtd,2011Q3,-0.04391
og,2,food PPI Orkla-wtd,2011Q4,0.6103
og,2,food PPI Orkla-wtd,2012Q1,1.057
og,2,food PPI Orkla-wtd,2012Q2,0.9078
og,2,food PPI Orkla-wtd,2012Q3,0.2654
og,2,food PPI Orkla-wtd,2012Q4,0.4006
og,2,food PPI Orkla-wtd,2013Q1,0.6723
og,2,food PPI Orkla-wtd,2013Q2,-0.6612
og,2,food PPI Orkla-wtd,2013Q3,0.2578
og,2,food PPI Orkla-wtd,2013Q4,0.3926
og,2,food PPI Orkla-wtd,2014Q1,-1.073
og,2,food PPI Orkla-wtd,2014Q2,0.9509
og,2,food PPI Orkla-wtd,2014Q3,-0.9758
og,2,food PPI Orkla-wtd,2014Q4,-1.045
og,2,food PPI Orkla-wtd,2015Q1,-1.039
og,2,food PPI Orkla-wtd,2015Q2,-1.775
og,2,food PPI Orkla-wtd,2015Q3,-0.3509
og,2,food PPI Orkla-wtd,2015Q4,-0.01521
og,2,food PPI Orkla-wtd,2016Q1,0.5609
og,2,food PPI Orkla-wtd,2016Q2,-0.5189
og,2,food PPI Orkla-wtd,2016Q3,0.8512
og,2,food PPI Orkla-wtd,2016Q4,0.5863
og,2,food PPI Orkla-wtd,2017Q1,-0.2099
og,2,food PPI Orkla-wtd,2017Q2,2.149
og,2,food PPI Orkla-wtd,2017Q3,-0.08487
og,2,food PPI Orkla-wtd,2017Q4,0.3693
og,2,food PPI Orkla-wtd,2018Q1,0.9553
og,2,food PPI Orkla-wtd,2018Q2,0.01221
og,2,food PPI Orkla-wtd,2018Q3,0.4347
og,2,food PPI Orkla-wtd,2018Q4,0.5162
og,2,food PPI Orkla-wtd,2019Q1,-0.573
og,2,food PPI Orkla-wtd,2019Q2,1.219
og,2,food PPI Orkla-wtd,2019Q3,0.8709
og,2,food PPI Orkla-wtd,2019Q4,0.651
og,2,food PPI Orkla-wtd,2020Q1,1.045
og,2,food PPI Orkla-wtd,2020Q2,0.4036
og,2,food PPI Orkla-wtd,2020Q3,0.608
og,2,food PPI Orkla-wtd,2020Q4,3.694
og,2,food PPI Orkla-wtd,2021Q1,0.552
og,2,food PPI Orkla-wtd,2021Q2,1.099
og,2,food PPI Orkla-wtd,2021Q3,0.8894
og,2,food PPI Orkla-wtd,2021Q4,-1.003
og,2,food PPI Orkla-wtd,2022Q1,0.8884
og,2,food PPI Orkla-wtd,2022Q2,2.192
og,2,food PPI Orkla-wtd,2022Q3,1.314
og,2,food PPI Orkla-wtd,2022Q4,1.813
og,2,food PPI Orkla-wtd,2023Q1,2.85
og,2,food PPI Orkla-wtd,2023Q2,-0.04671
og,2,food PPI Orkla-wtd,2023Q3,2.71
og,2,food PPI Orkla-wtd,2023Q4,6.534
og,2,food PPI Orkla-wtd,2024Q1,5.971
og,2,food PPI Orkla-wtd,2024Q2,1.99
og,2,food PPI Orkla-wtd,2024Q3,2.608
og,2,food PPI Orkla-wtd,2024Q4,1.601
og,2,food PPI Orkla-wtd,2025Q1,-0.1787
og,2,food PPI Orkla-wtd,2025Q2,2.34
og,2,food PPI Orkla-wtd,2025Q3,1.044
og,2,food PPI Orkla-wtd,2025Q4,-0.4173
og,2,food PPI Orkla-wtd,2026Q1,1.427
og,2,food PPI Orkla-wtd,2026Q2,0.7281
og,2,food CPI NO+SE + relative food price,2010Q1,0.9528
og,2,food CPI NO+SE + relative food price,2010Q2,-0.5911
og,2,food CPI NO+SE + relative food price,2010Q3,-0.1913
og,2,food CPI NO+SE + relative food price,2010Q4,1.039
og,2,food CPI NO+SE + relative food price,2011Q1,0.2946
og,2,food CPI NO+SE + relative food price,2011Q2,0.9134
og,2,food CPI NO+SE + relative food price,2011Q3,-1.246
og,2,food CPI NO+SE + relative food price,2011Q4,-1.218
og,2,food CPI NO+SE + relative food price,2012Q1,-0.1536
og,2,food CPI NO+SE + relative food price,2012Q2,-0.8625
og,2,food CPI NO+SE + relative food price,2012Q3,-0.2198
og,2,food CPI NO+SE + relative food price,2012Q4,0.4865
og,2,food CPI NO+SE + relative food price,2013Q1,-0.3938
og,2,food CPI NO+SE + relative food price,2013Q2,-1.801
og,2,food CPI NO+SE + relative food price,2013Q3,-1.787
og,2,food CPI NO+SE + relative food price,2013Q4,-0.3751
og,2,food CPI NO+SE + relative food price,2014Q1,-1.657
og,2,food CPI NO+SE + relative food price,2014Q2,0.1557
og,2,food CPI NO+SE + relative food price,2014Q3,-0.5656
og,2,food CPI NO+SE + relative food price,2014Q4,-1.845
og,2,food CPI NO+SE + relative food price,2015Q1,-0.9491
og,2,food CPI NO+SE + relative food price,2015Q2,-1.452
og,2,food CPI NO+SE + relative food price,2015Q3,-0.2898
og,2,food CPI NO+SE + relative food price,2015Q4,0.9868
og,2,food CPI NO+SE + relative food price,2016Q1,1.397
og,2,food CPI NO+SE + relative food price,2016Q2,-0.4822
og,2,food CPI NO+SE + relative food price,2016Q3,0.3737
og,2,food CPI NO+SE + relative food price,2016Q4,1.298
og,2,food CPI NO+SE + relative food price,2017Q1,0.6402
og,2,food CPI NO+SE + relative food price,2017Q2,2.526
og,2,food CPI NO+SE + relative food price,2017Q3,0.8835
og,2,food CPI NO+SE + relative food price,2017Q4,-0.4243
og,2,food CPI NO+SE + relative food price,2018Q1,0.3915
og,2,food CPI NO+SE + relative food price,2018Q2,-0.448
og,2,food CPI NO+SE + relative food price,2018Q3,0.495
og,2,food CPI NO+SE + relative food price,2018Q4,0.4168
og,2,food CPI NO+SE + relative food price,2019Q1,0.1497
og,2,food CPI NO+SE + relative food price,2019Q2,2.459
og,2,food CPI NO+SE + relative food price,2019Q3,1.744
og,2,food CPI NO+SE + relative food price,2019Q4,0.9629
og,2,food CPI NO+SE + relative food price,2020Q1,1.322
og,2,food CPI NO+SE + relative food price,2020Q2,-0.8182
og,2,food CPI NO+SE + relative food price,2020Q3,1.23
og,2,food CPI NO+SE + relative food price,2020Q4,3.483
og,2,food CPI NO+SE + relative food price,2021Q1,-1.525
og,2,food CPI NO+SE + relative food price,2021Q2,0.5129
og,2,food CPI NO+SE + relative food price,2021Q3,-0.9174
og,2,food CPI NO+SE + relative food price,2021Q4,-1.028
og,2,food CPI NO+SE + relative food price,2022Q1,2.373
og,2,food CPI NO+SE + relative food price,2022Q2,3.624
og,2,food CPI NO+SE + relative food price,2022Q3,5.386
og,2,food CPI NO+SE + relative food price,2022Q4,7.405
og,2,food CPI NO+SE + relative food price,2023Q1,10.38
og,2,food CPI NO+SE + relative food price,2023Q2,3.782
og,2,food CPI NO+SE + relative food price,2023Q3,2.161
og,2,food CPI NO+SE + relative food price,2023Q4,2.277
og,2,food CPI NO+SE + relative food price,2024Q1,1.554
og,2,food CPI NO+SE + relative food price,2024Q2,2.102
og,2,food CPI NO+SE + relative food price,2024Q3,2.641
og,2,food CPI NO+SE + relative food price,2024Q4,4.546
og,2,food CPI NO+SE + relative food price,2025Q1,2.37
og,2,food CPI NO+SE + relative food price,2025Q2,3.68
og,2,food CPI NO+SE + relative food price,2025Q3,2.916
og,2,food CPI NO+SE + relative food price,2025Q4,-1.006
og,2,food CPI NO+SE + relative food price,2026Q1,0.7714
og,2,food CPI NO+SE + relative food price,2026Q2,-0.1282
og,2,food CPI NO+SE + confidence d4,2010Q1,0.5711
og,2,food CPI NO+SE + confidence d4,2010Q2,-0.6695
og,2,food CPI NO+SE + confidence d4,2010Q3,-0.855
og,2,food CPI NO+SE + confidence d4,2010Q4,-1.032
og,2,food CPI NO+SE + confidence d4,2011Q1,-1.374
og,2,food CPI NO+SE + confidence d4,2011Q2,0.02323
og,2,food CPI NO+SE + confidence d4,2011Q3,-0.5294
og,2,food CPI NO+SE + confidence d4,2011Q4,0.09223
og,2,food CPI NO+SE + confidence d4,2012Q1,1.494
og,2,food CPI NO+SE + confidence d4,2012Q2,2.094
og,2,food CPI NO+SE + confidence d4,2012Q3,1.338
og,2,food CPI NO+SE + confidence d4,2012Q4,0.7268
og,2,food CPI NO+SE + confidence d4,2013Q1,0.5565
og,2,food CPI NO+SE + confidence d4,2013Q2,-1.916
og,2,food CPI NO+SE + confidence d4,2013Q3,-0.6373
og,2,food CPI NO+SE + confidence d4,2013Q4,-0.07417
og,2,food CPI NO+SE + confidence d4,2014Q1,-0.7388
og,2,food CPI NO+SE + confidence d4,2014Q2,1.025
og,2,food CPI NO+SE + confidence d4,2014Q3,0.5187
og,2,food CPI NO+SE + confidence d4,2014Q4,-0.2247
og,2,food CPI NO+SE + confidence d4,2015Q1,-0.09411
og,2,food CPI NO+SE + confidence d4,2015Q2,-0.6221
og,2,food CPI NO+SE + confidence d4,2015Q3,0.1818
og,2,food CPI NO+SE + confidence d4,2015Q4,0.4093
og,2,food CPI NO+SE + confidence d4,2016Q1,1.591
og,2,food CPI NO+SE + confidence d4,2016Q2,0.4244
og,2,food CPI NO+SE + confidence d4,2016Q3,1.172
og,2,food CPI NO+SE + confidence d4,2016Q4,0.798
og,2,food CPI NO+SE + confidence d4,2017Q1,-0.8105
og,2,food CPI NO+SE + confidence d4,2017Q2,0.2941
og,2,food CPI NO+SE + confidence d4,2017Q3,-1.424
og,2,food CPI NO+SE + confidence d4,2017Q4,-1.283
og,2,food CPI NO+SE + confidence d4,2018Q1,-0.3409
og,2,food CPI NO+SE + confidence d4,2018Q2,-1.264
og,2,food CPI NO+SE + confidence d4,2018Q3,-0.4266
og,2,food CPI NO+SE + confidence d4,2018Q4,0.1844
og,2,food CPI NO+SE + confidence d4,2019Q1,-0.583
og,2,food CPI NO+SE + confidence d4,2019Q2,1.615
og,2,food CPI NO+SE + confidence d4,2019Q3,1.392
og,2,food CPI NO+SE + confidence d4,2019Q4,0.9997
og,2,food CPI NO+SE + confidence d4,2020Q1,1.145
og,2,food CPI NO+SE + confidence d4,2020Q2,0.7013
og,2,food CPI NO+SE + confidence d4,2020Q3,0.9412
og,2,food CPI NO+SE + confidence d4,2020Q4,4.113
og,2,food CPI NO+SE + confidence d4,2021Q1,1.549
og,2,food CPI NO+SE + confidence d4,2021Q2,1.572
og,2,food CPI NO+SE + confidence d4,2021Q3,0.7375
og,2,food CPI NO+SE + confidence d4,2021Q4,-2.39
og,2,food CPI NO+SE + confidence d4,2022Q1,-0.8487
og,2,food CPI NO+SE + confidence d4,2022Q2,0.9596
og,2,food CPI NO+SE + confidence d4,2022Q3,2
og,2,food CPI NO+SE + confidence d4,2022Q4,3.902
og,2,food CPI NO+SE + confidence d4,2023Q1,3.371
og,2,food CPI NO+SE + confidence d4,2023Q2,-0.5012
og,2,food CPI NO+SE + confidence d4,2023Q3,-0.4151
og,2,food CPI NO+SE + confidence d4,2023Q4,1.065
og,2,food CPI NO+SE + confidence d4,2024Q1,1.547
og,2,food CPI NO+SE + confidence d4,2024Q2,-0.8256
og,2,food CPI NO+SE + confidence d4,2024Q3,0.8622
og,2,food CPI NO+SE + confidence d4,2024Q4,0.4887
og,2,food CPI NO+SE + confidence d4,2025Q1,-1.305
og,2,food CPI NO+SE + confidence d4,2025Q2,1.216
og,2,food CPI NO+SE + confidence d4,2025Q3,0.6177
og,2,food CPI NO+SE + confidence d4,2025Q4,-0.05965
og,2,food CPI NO+SE + confidence d4,2026Q1,1.506
og,2,food CPI NO+SE + confidence d4,2026Q2,0.5824
og,2,food CPI NO+SE + real wage,2010Q1,0.4883
og,2,food CPI NO+SE + real wage,2010Q2,-0.2249
og,2,food CPI NO+SE + real wage,2010Q3,-1.05
og,2,food CPI NO+SE + real wage,2010Q4,0.7886
og,2,food CPI NO+SE + real wage,2011Q1,-0.3102
og,2,food CPI NO+SE + real wage,2011Q2,0.9925
og,2,food CPI NO+SE + real wage,2011Q3,-0.9126
og,2,food CPI NO+SE + real wage,2011Q4,-3.697
og,2,food CPI NO+SE + real wage,2012Q1,-2.873
og,2,food CPI NO+SE + real wage,2012Q2,-2.649
og,2,food CPI NO+SE + real wage,2012Q3,-2.627
og,2,food CPI NO+SE + real wage,2012Q4,-0.8747
og,2,food CPI NO+SE + real wage,2013Q1,-0.2376
og,2,food CPI NO+SE + real wage,2013Q2,-1.44
og,2,food CPI NO+SE + real wage,2013Q3,-0.8177
og,2,food CPI NO+SE + real wage,2013Q4,0.1391
og,2,food CPI NO+SE + real wage,2014Q1,-0.9535
og,2,food CPI NO+SE + real wage,2014Q2,1.149
og,2,food CPI NO+SE + real wage,2014Q3,0.3811
og,2,food CPI NO+SE + real wage,2014Q4,0.02152
og,2,food CPI NO+SE + real wage,2015Q1,-0.01608
og,2,food CPI NO+SE + real wage,2015Q2,-1.061
og,2,food CPI NO+SE + real wage,2015Q3,0.3211
og,2,food CPI NO+SE + real wage,2015Q4,0.2627
og,2,food CPI NO+SE + real wage,2016Q1,0.7322
og,2,food CPI NO+SE + real wage,2016Q2,-0.4829
og,2,food CPI NO+SE + real wage,2016Q3,0.6805
og,2,food CPI NO+SE + real wage,2016Q4,0.2136
og,2,food CPI NO+SE + real wage,2017Q1,-0.8194
og,2,food CPI NO+SE + real wage,2017Q2,1.703
og,2,food CPI NO+SE + real wage,2017Q3,-0.6704
og,2,food CPI NO+SE + real wage,2017Q4,0.2403
og,2,food CPI NO+SE + real wage,2018Q1,0.4256
og,2,food CPI NO+SE + real wage,2018Q2,-0.05313
og,2,food CPI NO+SE + real wage,2018Q3,0.5326
og,2,food CPI NO+SE + real wage,2018Q4,0.2373
og,2,food CPI NO+SE + real wage,2019Q1,-0.355
og,2,food CPI NO+SE + real wage,2019Q2,0.8131
og,2,food CPI NO+SE + real wage,2019Q3,0.4275
og,2,food CPI NO+SE + real wage,2019Q4,0.4085
og,2,food CPI NO+SE + real wage,2020Q1,0.9464
og,2,food CPI NO+SE + real wage,2020Q2,0.4531
og,2,food CPI NO+SE + real wage,2020Q3,0.7705
og,2,food CPI NO+SE + real wage,2020Q4,4.24
og,2,food CPI NO+SE + real wage,2021Q1,1.102
og,2,food CPI NO+SE + real wage,2021Q2,0.7851
og,2,food CPI NO+SE + real wage,2021Q3,0.8817
og,2,food CPI NO+SE + real wage,2021Q4,-1.515
og,2,food CPI NO+SE + real wage,2022Q1,0.03751
og,2,food CPI NO+SE + real wage,2022Q2,1.679
og,2,food CPI NO+SE + real wage,2022Q3,0.7011
og,2,food CPI NO+SE + real wage,2022Q4,1.374
og,2,food CPI NO+SE + real wage,2023Q1,0.9816
og,2,food CPI NO+SE + real wage,2023Q2,-2.286
og,2,food CPI NO+SE + real wage,2023Q3,1.246
og,2,food CPI NO+SE + real wage,2023Q4,6.11
og,2,food CPI NO+SE + real wage,2024Q1,5.804
og,2,food CPI NO+SE + real wage,2024Q2,2.257
og,2,food CPI NO+SE + real wage,2024Q3,2.906
og,2,food CPI NO+SE + real wage,2024Q4,1.912
og,2,food CPI NO+SE + real wage,2025Q1,-0.02046
og,2,food CPI NO+SE + real wage,2025Q2,2.318
og,2,food CPI NO+SE + real wage,2025Q3,0.9014
og,2,food CPI NO+SE + real wage,2025Q4,-0.774
og,2,food CPI NO+SE + real wage,2026Q1,0.9934
og,2,food CPI NO+SE + real wage,2026Q2,0.6366
og,2,food mfr selling-price expectations (EC),2010Q1,0.3876
og,2,food mfr selling-price expectations (EC),2010Q2,-1.555
og,2,food mfr selling-price expectations (EC),2010Q3,-1.459
og,2,food mfr selling-price expectations (EC),2010Q4,-0.4431
og,2,food mfr selling-price expectations (EC),2011Q1,-0.4996
og,2,food mfr selling-price expectations (EC),2011Q2,2.012
og,2,food mfr selling-price expectations (EC),2011Q3,1.893
og,2,food mfr selling-price expectations (EC),2011Q4,1.907
og,2,food mfr selling-price expectations (EC),2012Q1,1.469
og,2,food mfr selling-price expectations (EC),2012Q2,0.5834
og,2,food mfr selling-price expectations (EC),2012Q3,1.011
og,2,food mfr selling-price expectations (EC),2012Q4,1.092
og,2,food mfr selling-price expectations (EC),2013Q1,1.688
og,2,food mfr selling-price expectations (EC),2013Q2,0.003718
og,2,food mfr selling-price expectations (EC),2013Q3,1.175
og,2,food mfr selling-price expectations (EC),2013Q4,0.1368
og,2,food mfr selling-price expectations (EC),2014Q1,-1.362
og,2,food mfr selling-price expectations (EC),2014Q2,0.8372
og,2,food mfr selling-price expectations (EC),2014Q3,-1.08
og,2,food mfr selling-price expectations (EC),2014Q4,-0.9985
og,2,food mfr selling-price expectations (EC),2015Q1,-0.8038
og,2,food mfr selling-price expectations (EC),2015Q2,-1.927
og,2,food mfr selling-price expectations (EC),2015Q3,-1.389
og,2,food mfr selling-price expectations (EC),2015Q4,-0.5886
og,2,food mfr selling-price expectations (EC),2016Q1,0.2038
og,2,food mfr selling-price expectations (EC),2016Q2,-1.222
og,2,food mfr selling-price expectations (EC),2016Q3,0.7407
og,2,food mfr selling-price expectations (EC),2016Q4,-0.02173
og,2,food mfr selling-price expectations (EC),2017Q1,-0.7163
og,2,food mfr selling-price expectations (EC),2017Q2,1.873
og,2,food mfr selling-price expectations (EC),2017Q3,0.1685
og,2,food mfr selling-price expectations (EC),2017Q4,0.4908
og,2,food mfr selling-price expectations (EC),2018Q1,1.277
og,2,food mfr selling-price expectations (EC),2018Q2,-0.2042
og,2,food mfr selling-price expectations (EC),2018Q3,0.2085
og,2,food mfr selling-price expectations (EC),2018Q4,-0.1083
og,2,food mfr selling-price expectations (EC),2019Q1,-0.5777
og,2,food mfr selling-price expectations (EC),2019Q2,1.82
og,2,food mfr selling-price expectations (EC),2019Q3,1.256
og,2,food mfr selling-price expectations (EC),2019Q4,1.072
og,2,food mfr selling-price expectations (EC),2020Q1,1.487
og,2,food mfr selling-price expectations (EC),2020Q2,0.2259
og,2,food mfr selling-price expectations (EC),2020Q3,0.6357
og,2,food mfr selling-price expectations (EC),2020Q4,3.571
og,2,food mfr selling-price expectations (EC),2021Q1,0.02255
og,2,food mfr selling-price expectations (EC),2021Q2,0.6298
og,2,food mfr selling-price expectations (EC),2021Q3,0.2981
og,2,food mfr selling-price expectations (EC),2021Q4,-0.7219
og,2,food mfr selling-price expectations (EC),2022Q1,1.392
og,2,food mfr selling-price expectations (EC),2022Q2,3.067
og,2,food mfr selling-price expectations (EC),2022Q3,3.657
og,2,food mfr selling-price expectations (EC),2022Q4,5.857
og,2,food mfr selling-price expectations (EC),2023Q1,8.102
og,2,food mfr selling-price expectations (EC),2023Q2,5.476
og,2,food mfr selling-price expectations (EC),2023Q3,5.674
og,2,food mfr selling-price expectations (EC),2023Q4,4.834
og,2,food mfr selling-price expectations (EC),2024Q1,2.849
og,2,food mfr selling-price expectations (EC),2024Q2,0.4499
og,2,food mfr selling-price expectations (EC),2024Q3,1.637
og,2,food mfr selling-price expectations (EC),2024Q4,1.591
og,2,food mfr selling-price expectations (EC),2025Q1,0.3938
og,2,food mfr selling-price expectations (EC),2025Q2,2.285
og,2,food mfr selling-price expectations (EC),2025Q3,1.879
og,2,food mfr selling-price expectations (EC),2025Q4,1.171
og,2,food mfr selling-price expectations (EC),2026Q1,2.238
og,2,food mfr selling-price expectations (EC),2026Q2,0.8169
og,4,prevailing mean,2010Q1,0.85
og,4,prevailing mean,2010Q2,0.7636
og,4,prevailing mean,2010Q3,0.7412
og,4,prevailing mean,2010Q4,0.6629
og,4,prevailing mean,2011Q1,0.6306
og,4,prevailing mean,2011Q2,0.5243
og,4,prevailing mean,2011Q3,0.3526
og,4,prevailing mean,2011Q4,0.241
og,4,prevailing mean,2012Q1,0.16
og,4,prevailing mean,2012Q2,0.1317
og,4,prevailing mean,2012Q3,0.1333
og,4,prevailing mean,2012Q4,0.107
og,4,prevailing mean,2013Q1,0.08182
og,4,prevailing mean,2013Q2,0.1911
og,4,prevailing mean,2013Q3,0.1196
og,4,prevailing mean,2013Q4,0.2021
og,4,prevailing mean,2014Q1,0.1729
og,4,prevailing mean,2014Q2,0.1694
og,4,prevailing mean,2014Q3,0.082
og,4,prevailing mean,2014Q4,0.01176
og,4,prevailing mean,2015Q1,-0.1038
og,4,prevailing mean,2015Q2,-0.1528
og,4,prevailing mean,2015Q3,-0.2352
og,4,prevailing mean,2015Q4,-0.2927
og,4,prevailing mean,2016Q1,-0.2482
og,4,prevailing mean,2016Q2,-0.1719
og,4,prevailing mean,2016Q3,-0.1362
og,4,prevailing mean,2016Q4,-0.06271
og,4,prevailing mean,2017Q1,0.025
og,4,prevailing mean,2017Q2,0.07869
og,4,prevailing mean,2017Q3,0.1403
og,4,prevailing mean,2017Q4,0.1905
og,4,prevailing mean,2018Q1,0.1781
og,4,prevailing mean,2018Q2,0.1923
og,4,prevailing mean,2018Q3,0.1955
og,4,prevailing mean,2018Q4,0.2358
og,4,prevailing mean,2019Q1,0.2515
og,4,prevailing mean,2019Q2,0.271
og,4,prevailing mean,2019Q3,0.2729
og,4,prevailing mean,2019Q4,0.2845
og,4,prevailing mean,2020Q1,0.3181
og,4,prevailing mean,2020Q2,0.337
og,4,prevailing mean,2020Q3,0.3743
og,4,prevailing mean,2020Q4,0.38
og,4,prevailing mean,2021Q1,0.3947
og,4,prevailing mean,2021Q2,0.5299
og,4,prevailing mean,2021Q3,0.5141
og,4,prevailing mean,2021Q4,0.5544
og,4,prevailing mean,2022Q1,0.5688
og,4,prevailing mean,2022Q2,0.5037
og,4,prevailing mean,2022Q3,0.5341
og,4,prevailing mean,2022Q4,0.5843
og,4,prevailing mean,2023Q1,0.6262
og,4,prevailing mean,2023Q2,0.7035
og,4,prevailing mean,2023Q3,0.8302
og,4,prevailing mean,2023Q4,0.869
og,4,prevailing mean,2024Q1,0.9409
og,4,prevailing mean,2024Q2,1.046
og,4,prevailing mean,2024Q3,1.112
og,4,prevailing mean,2024Q4,1.148
og,4,prevailing mean,2025Q1,1.191
og,4,prevailing mean,2025Q2,1.213
og,4,prevailing mean,2025Q3,1.207
og,4,prevailing mean,2025Q4,1.223
og,4,prevailing mean,2026Q1,1.222
og,4,prevailing mean,2026Q2,1.179
og,4,AR + Easter (benchmark),2010Q2,0.2399
og,4,AR + Easter (benchmark),2010Q3,0.4718
og,4,AR + Easter (benchmark),2010Q4,0.7594
og,4,AR + Easter (benchmark),2011Q1,0.1006
og,4,AR + Easter (benchmark),2011Q2,1.421
og,4,AR + Easter (benchmark),2011Q3,0.9523
og,4,AR + Easter (benchmark),2011Q4,0.486
og,4,AR + Easter (benchmark),2012Q1,0.1308
og,4,AR + Easter (benchmark),2012Q2,-0.06441
og,4,AR + Easter (benchmark),2012Q3,-0.1822
og,4,AR + Easter (benchmark),2012Q4,-0.1582
og,4,AR + Easter (benchmark),2013Q1,0.6721
og,4,AR + Easter (benchmark),2013Q2,-1.434
og,4,AR + Easter (benchmark),2013Q3,0.06402
og,4,AR + Easter (benchmark),2013Q4,-0.3924
og,4,AR + Easter (benchmark),2014Q1,-0.9021
og,4,AR + Easter (benchmark),2014Q2,0.6979
og,4,AR + Easter (benchmark),2014Q3,0.274
og,4,AR + Easter (benchmark),2014Q4,-0.0008317
og,4,AR + Easter (benchmark),2015Q1,0.7806
og,4,AR + Easter (benchmark),2015Q2,-0.4575
og,4,AR + Easter (benchmark),2015Q3,0.06787
og,4,AR + Easter (benchmark),2015Q4,-0.2816
og,4,AR + Easter (benchmark),2016Q1,-0.2061
og,4,AR + Easter (benchmark),2016Q2,-1.734
og,4,AR + Easter (benchmark),2016Q3,-0.7556
og,4,AR + Easter (benchmark),2016Q4,-1.24
og,4,AR + Easter (benchmark),2017Q1,-2.386
og,4,AR + Easter (benchmark),2017Q2,0.06976
og,4,AR + Easter (benchmark),2017Q3,-0.7962
og,4,AR + Easter (benchmark),2017Q4,-0.5742
og,4,AR + Easter (benchmark),2018Q1,0.6772
og,4,AR + Easter (benchmark),2018Q2,-0.666
og,4,AR + Easter (benchmark),2018Q3,-0.05477
og,4,AR + Easter (benchmark),2018Q4,-0.2734
og,4,AR + Easter (benchmark),2019Q1,-0.5956
og,4,AR + Easter (benchmark),2019Q2,0.4915
og,4,AR + Easter (benchmark),2019Q3,0.06341
og,4,AR + Easter (benchmark),2019Q4,0.007316
og,4,AR + Easter (benchmark),2020Q1,-0.08181
og,4,AR + Easter (benchmark),2020Q2,0.04155
og,4,AR + Easter (benchmark),2020Q3,-0.02109
og,4,AR + Easter (benchmark),2020Q4,0.1714
og,4,AR + Easter (benchmark),2021Q1,0.4577
og,4,AR + Easter (benchmark),2021Q2,-0.3216
og,4,AR + Easter (benchmark),2021Q3,0.4027
og,4,AR + Easter (benchmark),2021Q4,0.336
og,4,AR + Easter (benchmark),2022Q1,0.06176
og,4,AR + Easter (benchmark),2022Q2,0.8005
og,4,AR + Easter (benchmark),2022Q3,0.4235
og,4,AR + Easter (benchmark),2022Q4,0.4705
og,4,AR + Easter (benchmark),2023Q1,0.5693
og,4,AR + Easter (benchmark),2023Q2,0.7741
og,4,AR + Easter (benchmark),2023Q3,0.2547
og,4,AR + Easter (benchmark),2023Q4,0.6475
og,4,AR + Easter (benchmark),2024Q1,1.483
og,4,AR + Easter (benchmark),2024Q2,0.7585
og,4,AR + Easter (benchmark),2024Q3,1.601
og,4,AR + Easter (benchmark),2024Q4,1.485
og,4,AR + Easter (benchmark),2025Q1,0.9536
og,4,AR + Easter (benchmark),2025Q2,2.16
og,4,AR + Easter (benchmark),2025Q3,1.08
og,4,AR + Easter (benchmark),2025Q4,1.352
og,4,AR + Easter (benchmark),2026Q1,1.421
og,4,AR + Easter (benchmark),2026Q2,0.2832
og,4,food CPI ex VAT NO+SE (lag-0 data),2010Q2,1.421
og,4,food CPI ex VAT NO+SE (lag-0 data),2010Q3,0.8278
og,4,food CPI ex VAT NO+SE (lag-0 data),2010Q4,0.9789
og,4,food CPI ex VAT NO+SE (lag-0 data),2011Q1,-0.07054
og,4,food CPI ex VAT NO+SE (lag-0 data),2011Q2,1.448
og,4,food CPI ex VAT NO+SE (lag-0 data),2011Q3,0.8372
og,4,food CPI ex VAT NO+SE (lag-0 data),2011Q4,0.4681
og,4,food CPI ex VAT NO+SE (lag-0 data),2012Q1,0.3813
og,4,food CPI ex VAT NO+SE (lag-0 data),2012Q2,0.4098
og,4,food CPI ex VAT NO+SE (lag-0 data),2012Q3,0.2361
og,4,food CPI ex VAT NO+SE (lag-0 data),2012Q4,0.277
og,4,food CPI ex VAT NO+SE (lag-0 data),2013Q1,0.9181
og,4,food CPI ex VAT NO+SE (lag-0 data),2013Q2,-0.4771
og,4,food CPI ex VAT NO+SE (lag-0 data),2013Q3,0.03676
og,4,food CPI ex VAT NO+SE (lag-0 data),2013Q4,0.3419
og,4,food CPI ex VAT NO+SE (lag-0 data),2014Q1,-0.687
og,4,food CPI ex VAT NO+SE (lag-0 data),2014Q2,0.7111
og,4,food CPI ex VAT NO+SE (lag-0 data),2014Q3,0.004831
og,4,food CPI ex VAT NO+SE (lag-0 data),2014Q4,-0.1999
og,4,food CPI ex VAT NO+SE (lag-0 data),2015Q1,0.8327
og,4,food CPI ex VAT NO+SE (lag-0 data),2015Q2,-0.434
og,4,food CPI ex VAT NO+SE (lag-0 data),2015Q3,0.1179
og,4,food CPI ex VAT NO+SE (lag-0 data),2015Q4,-0.3187
og,4,food CPI ex VAT NO+SE (lag-0 data),2016Q1,-0.1992
og,4,food CPI ex VAT NO+SE (lag-0 data),2016Q2,-1.791
og,4,food CPI ex VAT NO+SE (lag-0 data),2016Q3,-0.7214
og,4,food CPI ex VAT NO+SE (lag-0 data),2016Q4,-1.277
og,4,food CPI ex VAT NO+SE (lag-0 data),2017Q1,-2.538
og,4,food CPI ex VAT NO+SE (lag-0 data),2017Q2,-0.0007624
og,4,food CPI ex VAT NO+SE (lag-0 data),2017Q3,-0.8562
og,4,food CPI ex VAT NO+SE (lag-0 data),2017Q4,-0.6801
og,4,food CPI ex VAT NO+SE (lag-0 data),2018Q1,0.6596
og,4,food CPI ex VAT NO+SE (lag-0 data),2018Q2,-0.7453
og,4,food CPI ex VAT NO+SE (lag-0 data),2018Q3,-0.1357
og,4,food CPI ex VAT NO+SE (lag-0 data),2018Q4,-0.3143
og,4,food CPI ex VAT NO+SE (lag-0 data),2019Q1,-0.594
og,4,food CPI ex VAT NO+SE (lag-0 data),2019Q2,0.4916
og,4,food CPI ex VAT NO+SE (lag-0 data),2019Q3,0.06096
og,4,food CPI ex VAT NO+SE (lag-0 data),2019Q4,-0.003617
og,4,food CPI ex VAT NO+SE (lag-0 data),2020Q1,-0.07872
og,4,food CPI ex VAT NO+SE (lag-0 data),2020Q2,0.04989
og,4,food CPI ex VAT NO+SE (lag-0 data),2020Q3,-0.008743
og,4,food CPI ex VAT NO+SE (lag-0 data),2020Q4,0.1997
og,4,food CPI ex VAT NO+SE (lag-0 data),2021Q1,0.4507
og,4,food CPI ex VAT NO+SE (lag-0 data),2021Q2,-0.3022
og,4,food CPI ex VAT NO+SE (lag-0 data),2021Q3,0.3709
og,4,food CPI ex VAT NO+SE (lag-0 data),2021Q4,0.3453
og,4,food CPI ex VAT NO+SE (lag-0 data),2022Q1,0.1357
og,4,food CPI ex VAT NO+SE (lag-0 data),2022Q2,0.9116
og,4,food CPI ex VAT NO+SE (lag-0 data),2022Q3,0.6673
og,4,food CPI ex VAT NO+SE (lag-0 data),2022Q4,0.609
og,4,food CPI ex VAT NO+SE (lag-0 data),2023Q1,0.6053
og,4,food CPI ex VAT NO+SE (lag-0 data),2023Q2,0.4753
og,4,food CPI ex VAT NO+SE (lag-0 data),2023Q3,-1.668
og,4,food CPI ex VAT NO+SE (lag-0 data),2023Q4,-3.004
og,4,food CPI ex VAT NO+SE (lag-0 data),2024Q1,-3.248
og,4,food CPI ex VAT NO+SE (lag-0 data),2024Q2,-3.53
og,4,food CPI ex VAT NO+SE (lag-0 data),2024Q3,-0.3106
og,4,food CPI ex VAT NO+SE (lag-0 data),2024Q4,0.6342
og,4,food CPI ex VAT NO+SE (lag-0 data),2025Q1,0.9472
og,4,food CPI ex VAT NO+SE (lag-0 data),2025Q2,2.157
og,4,food CPI ex VAT NO+SE (lag-0 data),2025Q3,1.074
og,4,food CPI ex VAT NO+SE (lag-0 data),2025Q4,1.355
og,4,food CPI ex VAT NO+SE (lag-0 data),2026Q1,1.405
og,4,food CPI ex VAT NO+SE (lag-0 data),2026Q2,0.2561
og,4,food CPI ex VAT Orkla-wtd,2010Q2,2.543
og,4,food CPI ex VAT Orkla-wtd,2010Q3,1.353
og,4,food CPI ex VAT Orkla-wtd,2010Q4,1.005
og,4,food CPI ex VAT Orkla-wtd,2011Q1,-0.2488
og,4,food CPI ex VAT Orkla-wtd,2011Q2,1.22
og,4,food CPI ex VAT Orkla-wtd,2011Q3,1.004
og,4,food CPI ex VAT Orkla-wtd,2011Q4,0.7136
og,4,food CPI ex VAT Orkla-wtd,2012Q1,0.1762
og,4,food CPI ex VAT Orkla-wtd,2012Q2,0.2609
og,4,food CPI ex VAT Orkla-wtd,2012Q3,0.2563
og,4,food CPI ex VAT Orkla-wtd,2012Q4,0.04802
og,4,food CPI ex VAT Orkla-wtd,2013Q1,1.063
og,4,food CPI ex VAT Orkla-wtd,2013Q2,-0.7442
og,4,food CPI ex VAT Orkla-wtd,2013Q3,-0.05184
og,4,food CPI ex VAT Orkla-wtd,2013Q4,0.2455
og,4,food CPI ex VAT Orkla-wtd,2014Q1,-1.012
og,4,food CPI ex VAT Orkla-wtd,2014Q2,0.985
og,4,food CPI ex VAT Orkla-wtd,2014Q3,0.03477
og,4,food CPI ex VAT Orkla-wtd,2014Q4,-0.3295
og,4,food CPI ex VAT Orkla-wtd,2015Q1,0.6972
og,4,food CPI ex VAT Orkla-wtd,2015Q2,-0.5181
og,4,food CPI ex VAT Orkla-wtd,2015Q3,0.08133
og,4,food CPI ex VAT Orkla-wtd,2015Q4,-0.288
og,4,food CPI ex VAT Orkla-wtd,2016Q1,-0.2221
og,4,food CPI ex VAT Orkla-wtd,2016Q2,-1.9
og,4,food CPI ex VAT Orkla-wtd,2016Q3,-0.8563
og,4,food CPI ex VAT Orkla-wtd,2016Q4,-1.396
og,4,food CPI ex VAT Orkla-wtd,2017Q1,-2.523
og,4,food CPI ex VAT Orkla-wtd,2017Q2,0.00291
og,4,food CPI ex VAT Orkla-wtd,2017Q3,-0.6081
og,4,food CPI ex VAT Orkla-wtd,2017Q4,-0.3667
og,4,food CPI ex VAT Orkla-wtd,2018Q1,0.8054
og,4,food CPI ex VAT Orkla-wtd,2018Q2,-0.6457
og,4,food CPI ex VAT Orkla-wtd,2018Q3,0.05033
og,4,food CPI ex VAT Orkla-wtd,2018Q4,-0.09704
og,4,food CPI ex VAT Orkla-wtd,2019Q1,-0.6298
og,4,food CPI ex VAT Orkla-wtd,2019Q2,0.5001
og,4,food CPI ex VAT Orkla-wtd,2019Q3,0.005742
og,4,food CPI ex VAT Orkla-wtd,2019Q4,0.01463
og,4,food CPI ex VAT Orkla-wtd,2020Q1,0.04895
og,4,food CPI ex VAT Orkla-wtd,2020Q2,0.09073
og,4,food CPI ex VAT Orkla-wtd,2020Q3,0.07443
og,4,food CPI ex VAT Orkla-wtd,2020Q4,0.0684
og,4,food CPI ex VAT Orkla-wtd,2021Q1,0.5431
og,4,food CPI ex VAT Orkla-wtd,2021Q2,-0.0101
og,4,food CPI ex VAT Orkla-wtd,2021Q3,-0.1459
og,4,food CPI ex VAT Orkla-wtd,2021Q4,0.3891
og,4,food CPI ex VAT Orkla-wtd,2022Q1,0.1002
og,4,food CPI ex VAT Orkla-wtd,2022Q2,0.9431
og,4,food CPI ex VAT Orkla-wtd,2022Q3,1.28
og,4,food CPI ex VAT Orkla-wtd,2022Q4,1.025
og,4,food CPI ex VAT Orkla-wtd,2023Q1,0.9338
og,4,food CPI ex VAT Orkla-wtd,2023Q2,0.6583
og,4,food CPI ex VAT Orkla-wtd,2023Q3,-0.8638
og,4,food CPI ex VAT Orkla-wtd,2023Q4,-2.957
og,4,food CPI ex VAT Orkla-wtd,2024Q1,-3.997
og,4,food CPI ex VAT Orkla-wtd,2024Q2,-5.85
og,4,food CPI ex VAT Orkla-wtd,2024Q3,-3.226
og,4,food CPI ex VAT Orkla-wtd,2024Q4,-0.5356
og,4,food CPI ex VAT Orkla-wtd,2025Q1,0.738
og,4,food CPI ex VAT Orkla-wtd,2025Q2,2.246
og,4,food CPI ex VAT Orkla-wtd,2025Q3,1.134
og,4,food CPI ex VAT Orkla-wtd,2025Q4,1.415
og,4,food CPI ex VAT Orkla-wtd,2026Q1,1.441
og,4,food CPI ex VAT Orkla-wtd,2026Q2,0.1117
og,4,food PPI Orkla-wtd,2010Q2,1.212
og,4,food PPI Orkla-wtd,2010Q3,0.5588
og,4,food PPI Orkla-wtd,2010Q4,0.5637
og,4,food PPI Orkla-wtd,2011Q1,-0.3005
og,4,food PPI Orkla-wtd,2011Q2,1.281
og,4,food PPI Orkla-wtd,2011Q3,0.9511
og,4,food PPI Orkla-wtd,2011Q4,0.4852
og,4,food PPI Orkla-wtd,2012Q1,0.1789
og,4,food PPI Orkla-wtd,2012Q2,0.01645
og,4,food PPI Orkla-wtd,2012Q3,-0.07366
og,4,food PPI Orkla-wtd,2012Q4,-0.0551
og,4,food PPI Orkla-wtd,2013Q1,0.714
og,4,food PPI Orkla-wtd,2013Q2,-1.602
og,4,food PPI Orkla-wtd,2013Q3,0.1199
og,4,food PPI Orkla-wtd,2013Q4,-0.585
og,4,food PPI Orkla-wtd,2014Q1,-0.7756
og,4,food PPI Orkla-wtd,2014Q2,0.7764
og,4,food PPI Orkla-wtd,2014Q3,0.4977
og,4,food PPI Orkla-wtd,2014Q4,0.1141
og,4,food PPI Orkla-wtd,2015Q1,0.8699
og,4,food PPI Orkla-wtd,2015Q2,-0.5755
og,4,food PPI Orkla-wtd,2015Q3,0.04414
og,4,food PPI Orkla-wtd,2015Q4,-0.3173
og,4,food PPI Orkla-wtd,2016Q1,-0.3406
og,4,food PPI Orkla-wtd,2016Q2,-1.86
og,4,food PPI Orkla-wtd,2016Q3,-0.8248
og,4,food PPI Orkla-wtd,2016Q4,-1.327
og,4,food PPI Orkla-wtd,2017Q1,-2.412
og,4,food PPI Orkla-wtd,2017Q2,0.1437
og,4,food PPI Orkla-wtd,2017Q3,-0.5897
og,4,food PPI Orkla-wtd,2017Q4,-0.3652
og,4,food PPI Orkla-wtd,2018Q1,0.7397
og,4,food PPI Orkla-wtd,2018Q2,-0.6026
og,4,food PPI Orkla-wtd,2018Q3,-0.06855
og,4,food PPI Orkla-wtd,2018Q4,-0.1464
og,4,food PPI Orkla-wtd,2019Q1,-0.4506
og,4,food PPI Orkla-wtd,2019Q2,0.7264
og,4,food PPI Orkla-wtd,2019Q3,0.3177
og,4,food PPI Orkla-wtd,2019Q4,0.3587
og,4,food PPI Orkla-wtd,2020Q1,0.1809
og,4,food PPI Orkla-wtd,2020Q2,0.201
og,4,food PPI Orkla-wtd,2020Q3,0.1125
og,4,food PPI Orkla-wtd,2020Q4,0.02941
og,4,food PPI Orkla-wtd,2021Q1,0.3959
og,4,food PPI Orkla-wtd,2021Q2,0.09634
og,4,food PPI Orkla-wtd,2021Q3,0.2068
og,4,food PPI Orkla-wtd,2021Q4,0.633
og,4,food PPI Orkla-wtd,2022Q1,0.336
og,4,food PPI Orkla-wtd,2022Q2,0.9347
og,4,food PPI Orkla-wtd,2022Q3,0.831
og,4,food PPI Orkla-wtd,2022Q4,0.5654
og,4,food PPI Orkla-wtd,2023Q1,-0.01504
og,4,food PPI Orkla-wtd,2023Q2,-0.941
og,4,food PPI Orkla-wtd,2023Q3,-3.467
og,4,food PPI Orkla-wtd,2023Q4,-5.371
og,4,food PPI Orkla-wtd,2024Q1,-4.795
og,4,food PPI Orkla-wtd,2024Q2,-3.664
og,4,food PPI Orkla-wtd,2024Q3,0.311
og,4,food PPI Orkla-wtd,2024Q4,1.369
og,4,food PPI Orkla-wtd,2025Q1,0.8399
og,4,food PPI Orkla-wtd,2025Q2,1.877
og,4,food PPI Orkla-wtd,2025Q3,0.9732
og,4,food PPI Orkla-wtd,2025Q4,1.218
og,4,food PPI Orkla-wtd,2026Q1,1.373
og,4,food PPI Orkla-wtd,2026Q2,0.3916
og,4,food CPI NO+SE + relative food price,2010Q2,2.199
og,4,food CPI NO+SE + relative food price,2010Q3,1.393
og,4,food CPI NO+SE + relative food price,2010Q4,1.461
og,4,food CPI NO+SE + relative food price,2011Q1,0.0716
og,4,food CPI NO+SE + relative food price,2011Q2,1.224
og,4,food CPI NO+SE + relative food price,2011Q3,1.243
og,4,food CPI NO+SE + relative food price,2011Q4,0.9376
og,4,food CPI NO+SE + relative food price,2012Q1,0.4651
og,4,food CPI NO+SE + relative food price,2012Q2,0.5324
og,4,food CPI NO+SE + relative food price,2012Q3,0.7026
og,4,food CPI NO+SE + relative food price,2012Q4,0.4157
og,4,food CPI NO+SE + relative food price,2013Q1,1.25
og,4,food CPI NO+SE + relative food price,2013Q2,-0.4319
og,4,food CPI NO+SE + relative food price,2013Q3,-0.3079
og,4,food CPI NO+SE + relative food price,2013Q4,-0.06936
og,4,food CPI NO+SE + relative food price,2014Q1,-1.382
og,4,food CPI NO+SE + relative food price,2014Q2,0.6157
og,4,food CPI NO+SE + relative food price,2014Q3,-0.2587
og,4,food CPI NO+SE + relative food price,2014Q4,-0.6754
og,4,food CPI NO+SE + relative food price,2015Q1,0.5356
og,4,food CPI NO+SE + relative food price,2015Q2,-1.258
og,4,food CPI NO+SE + relative food price,2015Q3,-0.1633
og,4,food CPI NO+SE + relative food price,2015Q4,-0.3993
og,4,food CPI NO+SE + relative food price,2016Q1,-0.2228
og,4,food CPI NO+SE + relative food price,2016Q2,-1.346
og,4,food CPI NO+SE + relative food price,2016Q3,-0.5062
og,4,food CPI NO+SE + relative food price,2016Q4,-1.352
og,4,food CPI NO+SE + relative food price,2017Q1,-2.713
og,4,food CPI NO+SE + relative food price,2017Q2,0.3923
og,4,food CPI NO+SE + relative food price,2017Q3,-0.3361
og,4,food CPI NO+SE + relative food price,2017Q4,-0.307
og,4,food CPI NO+SE + relative food price,2018Q1,1.276
og,4,food CPI NO+SE + relative food price,2018Q2,-1.014
og,4,food CPI NO+SE + relative food price,2018Q3,-0.2413
og,4,food CPI NO+SE + relative food price,2018Q4,-0.399
og,4,food CPI NO+SE + relative food price,2019Q1,-0.5753
og,4,food CPI NO+SE + relative food price,2019Q2,0.3886
og,4,food CPI NO+SE + relative food price,2019Q3,0.4018
og,4,food CPI NO+SE + relative food price,2019Q4,0.6744
og,4,food CPI NO+SE + relative food price,2020Q1,0.4553
og,4,food CPI NO+SE + relative food price,2020Q2,0.2684
og,4,food CPI NO+SE + relative food price,2020Q3,0.2149
og,4,food CPI NO+SE + relative food price,2020Q4,-0.4333
og,4,food CPI NO+SE + relative food price,2021Q1,0.7793
og,4,food CPI NO+SE + relative food price,2021Q2,-0.2764
og,4,food CPI NO+SE + relative food price,2021Q3,-1.226
og,4,food CPI NO+SE + relative food price,2021Q4,-0.02118
og,4,food CPI NO+SE + relative food price,2022Q1,-0.8365
og,4,food CPI NO+SE + relative food price,2022Q2,1.041
og,4,food CPI NO+SE + relative food price,2022Q3,1.874
og,4,food CPI NO+SE + relative food price,2022Q4,1.395
og,4,food CPI NO+SE + relative food price,2023Q1,2.256
og,4,food CPI NO+SE + relative food price,2023Q2,1.826
og,4,food CPI NO+SE + relative food price,2023Q3,0.3631
og,4,food CPI NO+SE + relative food price,2023Q4,-1.46
og,4,food CPI NO+SE + relative food price,2024Q1,-2.308
og,4,food CPI NO+SE + relative food price,2024Q2,-2.999
og,4,food CPI NO+SE + relative food price,2024Q3,-1.828
og,4,food CPI NO+SE + relative food price,2024Q4,0.5052
og,4,food CPI NO+SE + relative food price,2025Q1,0.6541
og,4,food CPI NO+SE + relative food price,2025Q2,3.932
og,4,food CPI NO+SE + relative food price,2025Q3,2.852
og,4,food CPI NO+SE + relative food price,2025Q4,2.034
og,4,food CPI NO+SE + relative food price,2026Q1,2.574
og,4,food CPI NO+SE + relative food price,2026Q2,-0.1792
og,4,food CPI NO+SE + confidence d4,2010Q2,1.054
og,4,food CPI NO+SE + confidence d4,2010Q3,-0.3762
og,4,food CPI NO+SE + confidence d4,2010Q4,0.247
og,4,food CPI NO+SE + confidence d4,2011Q1,-0.468
og,4,food CPI NO+SE + confidence d4,2011Q2,1.349
og,4,food CPI NO+SE + confidence d4,2011Q3,0.6742
og,4,food CPI NO+SE + confidence d4,2011Q4,0.423
og,4,food CPI NO+SE + confidence d4,2012Q1,0.6804
og,4,food CPI NO+SE + confidence d4,2012Q2,1.156
og,4,food CPI NO+SE + confidence d4,2012Q3,1.58
og,4,food CPI NO+SE + confidence d4,2012Q4,2.107
og,4,food CPI NO+SE + confidence d4,2013Q1,2.102
og,4,food CPI NO+SE + confidence d4,2013Q2,0.06168
og,4,food CPI NO+SE + confidence d4,2013Q3,0.1784
og,4,food CPI NO+SE + confidence d4,2013Q4,-0.1893
og,4,food CPI NO+SE + confidence d4,2014Q1,-0.7069
og,4,food CPI NO+SE + confidence d4,2014Q2,0.6057
og,4,food CPI NO+SE + confidence d4,2014Q3,0.1023
og,4,food CPI NO+SE + confidence d4,2014Q4,-0.1948
og,4,food CPI NO+SE + confidence d4,2015Q1,1.052
og,4,food CPI NO+SE + confidence d4,2015Q2,-0.2779
og,4,food CPI NO+SE + confidence d4,2015Q3,0.3879
og,4,food CPI NO+SE + confidence d4,2015Q4,0.06853
og,4,food CPI NO+SE + confidence d4,2016Q1,-0.1035
og,4,food CPI NO+SE + confidence d4,2016Q2,-1.611
og,4,food CPI NO+SE + confidence d4,2016Q3,-0.3712
og,4,food CPI NO+SE + confidence d4,2016Q4,-0.9409
og,4,food CPI NO+SE + confidence d4,2017Q1,-2.179
og,4,food CPI NO+SE + confidence d4,2017Q2,0.02788
og,4,food CPI NO+SE + confidence d4,2017Q3,-1.151
og,4,food CPI NO+SE + confidence d4,2017Q4,-1.486
og,4,food CPI NO+SE + confidence d4,2018Q1,-0.2073
og,4,food CPI NO+SE + confidence d4,2018Q2,-1.483
og,4,food CPI NO+SE + confidence d4,2018Q3,-0.7361
og,4,food CPI NO+SE + confidence d4,2018Q4,-1.011
og,4,food CPI NO+SE + confidence d4,2019Q1,-1.068
og,4,food CPI NO+SE + confidence d4,2019Q2,0.2141
og,4,food CPI NO+SE + confidence d4,2019Q3,-0.06313
og,4,food CPI NO+SE + confidence d4,2019Q4,0.1649
og,4,food CPI NO+SE + confidence d4,2020Q1,0.193
og,4,food CPI NO+SE + confidence d4,2020Q2,0.2435
og,4,food CPI NO+SE + confidence d4,2020Q3,0.07839
og,4,food CPI NO+SE + confidence d4,2020Q4,0.4009
og,4,food CPI NO+SE + confidence d4,2021Q1,0.5492
og,4,food CPI NO+SE + confidence d4,2021Q2,0.07956
og,4,food CPI NO+SE + confidence d4,2021Q3,0.8327
og,4,food CPI NO+SE + confidence d4,2021Q4,0.6431
og,4,food CPI NO+SE + confidence d4,2022Q1,0.287
og,4,food CPI NO+SE + confidence d4,2022Q2,0.2105
og,4,food CPI NO+SE + confidence d4,2022Q3,-0.06931
og,4,food CPI NO+SE + confidence d4,2022Q4,0.07694
og,4,food CPI NO+SE + confidence d4,2023Q1,0.9936
og,4,food CPI NO+SE + confidence d4,2023Q2,2.049
og,4,food CPI NO+SE + confidence d4,2023Q3,-0.6973
og,4,food CPI NO+SE + confidence d4,2023Q4,-2.396
og,4,food CPI NO+SE + confidence d4,2024Q1,-3.767
og,4,food CPI NO+SE + confidence d4,2024Q2,-5.269
og,4,food CPI NO+SE + confidence d4,2024Q3,-2.868
og,4,food CPI NO+SE + confidence d4,2024Q4,-2.101
og,4,food CPI NO+SE + confidence d4,2025Q1,-1.179
og,4,food CPI NO+SE + confidence d4,2025Q2,0.5739
og,4,food CPI NO+SE + confidence d4,2025Q3,-0.2305
og,4,food CPI NO+SE + confidence d4,2025Q4,0.2546
og,4,food CPI NO+SE + confidence d4,2026Q1,0.8389
og,4,food CPI NO+SE + confidence d4,2026Q2,0.5145
og,4,food CPI NO+SE + real wage,2010Q2,-2.48
og,4,food CPI NO+SE + real wage,2010Q3,-3.073
og,4,food CPI NO+SE + real wage,2010Q4,-1.889
og,4,food CPI NO+SE + real wage,2011Q1,-3.65
og,4,food CPI NO+SE + real wage,2011Q2,2.609
og,4,food CPI NO+SE + real wage,2011Q3,1.999
og,4,food CPI NO+SE + real wage,2011Q4,1.844
og,4,food CPI NO+SE + real wage,2012Q1,1.011
og,4,food CPI NO+SE + real wage,2012Q2,-3.285
og,4,food CPI NO+SE + real wage,2012Q3,-2.702
og,4,food CPI NO+SE + real wage,2012Q4,-1.893
og,4,food CPI NO+SE + real wage,2013Q1,-2.761
og,4,food CPI NO+SE + real wage,2013Q2,-4.107
og,4,food CPI NO+SE + real wage,2013Q3,-2.105
og,4,food CPI NO+SE + real wage,2013Q4,-1.848
og,4,food CPI NO+SE + real wage,2014Q1,-2.028
og,4,food CPI NO+SE + real wage,2014Q2,1.156
og,4,food CPI NO+SE + real wage,2014Q3,0.403
og,4,food CPI NO+SE + real wage,2014Q4,-0.4093
og,4,food CPI NO+SE + real wage,2015Q1,2.154
og,4,food CPI NO+SE + real wage,2015Q2,1.397
og,4,food CPI NO+SE + real wage,2015Q3,1.937
og,4,food CPI NO+SE + real wage,2015Q4,1.113
og,4,food CPI NO+SE + real wage,2016Q1,1.03
og,4,food CPI NO+SE + real wage,2016Q2,-1.409
og,4,food CPI NO+SE + real wage,2016Q3,-1.414
og,4,food CPI NO+SE + real wage,2016Q4,-1.473
og,4,food CPI NO+SE + real wage,2017Q1,-2.316
og,4,food CPI NO+SE + real wage,2017Q2,-1.223
og,4,food CPI NO+SE + real wage,2017Q3,-1.829
og,4,food CPI NO+SE + real wage,2017Q4,-1.339
og,4,food CPI NO+SE + real wage,2018Q1,-0.9818
og,4,food CPI NO+SE + real wage,2018Q2,-0.1271
og,4,food CPI NO+SE + real wage,2018Q3,-0.8426
og,4,food CPI NO+SE + real wage,2018Q4,0.3193
og,4,food CPI NO+SE + real wage,2019Q1,-0.2223
og,4,food CPI NO+SE + real wage,2019Q2,-0.444
og,4,food CPI NO+SE + real wage,2019Q3,0.3906
og,4,food CPI NO+SE + real wage,2019Q4,-1.438
og,4,food CPI NO+SE + real wage,2020Q1,-1.185
og,4,food CPI NO+SE + real wage,2020Q2,-0.4558
og,4,food CPI NO+SE + real wage,2020Q3,-0.08087
og,4,food CPI NO+SE + real wage,2020Q4,0.6154
og,4,food CPI NO+SE + real wage,2021Q1,0.5893
og,4,food CPI NO+SE + real wage,2021Q2,1.381
og,4,food CPI NO+SE + real wage,2021Q3,1.11
og,4,food CPI NO+SE + real wage,2021Q4,-0.06734
og,4,food CPI NO+SE + real wage,2022Q1,1.089
og,4,food CPI NO+SE + real wage,2022Q2,0.1548
og,4,food CPI NO+SE + real wage,2022Q3,-0.1724
og,4,food CPI NO+SE + real wage,2022Q4,0.1027
og,4,food CPI NO+SE + real wage,2023Q1,-2.051
og,4,food CPI NO+SE + real wage,2023Q2,-3.479
og,4,food CPI NO+SE + real wage,2023Q3,-7.528
og,4,food CPI NO+SE + real wage,2023Q4,-9.86
og,4,food CPI NO+SE + real wage,2024Q1,-10.07
og,4,food CPI NO+SE + real wage,2024Q2,-7.654
og,4,food CPI NO+SE + real wage,2024Q3,-1.35
og,4,food CPI NO+SE + real wage,2024Q4,0.5316
og,4,food CPI NO+SE + real wage,2025Q1,0.9454
og,4,food CPI NO+SE + real wage,2025Q2,2.137
og,4,food CPI NO+SE + real wage,2025Q3,1.058
og,4,food CPI NO+SE + real wage,2025Q4,1.324
og,4,food CPI NO+SE + real wage,2026Q1,1.36
og,4,food CPI NO+SE + real wage,2026Q2,0.2021
og,4,food mfr selling-price expectations (EC),2010Q2,-0.7519
og,4,food mfr selling-price expectations (EC),2010Q3,0.04387
og,4,food mfr selling-price expectations (EC),2010Q4,0.08554
og,4,food mfr selling-price expectations (EC),2011Q1,-0.9379
og,4,food mfr selling-price expectations (EC),2011Q2,1.206
og,4,food mfr selling-price expectations (EC),2011Q3,1.504
og,4,food mfr selling-price expectations (EC),2011Q4,1.739
og,4,food mfr selling-price expectations (EC),2012Q1,1.848
og,4,food mfr selling-price expectations (EC),2012Q2,1.373
og,4,food mfr selling-price expectations (EC),2012Q3,0.8659
og,4,food mfr selling-price expectations (EC),2012Q4,0.534
og,4,food mfr selling-price expectations (EC),2013Q1,1.689
og,4,food mfr selling-price expectations (EC),2013Q2,-1.458
og,4,food mfr selling-price expectations (EC),2013Q3,0.8972
og,4,food mfr selling-price expectations (EC),2013Q4,-0.1722
og,4,food mfr selling-price expectations (EC),2014Q1,-0.05285
og,4,food mfr selling-price expectations (EC),2014Q2,0.8074
og,4,food mfr selling-price expectations (EC),2014Q3,0.6937
og,4,food mfr selling-price expectations (EC),2014Q4,0.1631
og,4,food mfr selling-price expectations (EC),2015Q1,0.8836
og,4,food mfr selling-price expectations (EC),2015Q2,-0.6293
og,4,food mfr selling-price expectations (EC),2015Q3,0.1414
og,4,food mfr selling-price expectations (EC),2015Q4,-0.4688
og,4,food mfr selling-price expectations (EC),2016Q1,-1.033
og,4,food mfr selling-price expectations (EC),2016Q2,-2.321
og,4,food mfr selling-price expectations (EC),2016Q3,-1.13
og,4,food mfr selling-price expectations (EC),2016Q4,-1.89
og,4,food mfr selling-price expectations (EC),2017Q1,-2.663
og,4,food mfr selling-price expectations (EC),2017Q2,-0.3111
og,4,food mfr selling-price expectations (EC),2017Q3,-1.092
og,4,food mfr selling-price expectations (EC),2017Q4,-0.7165
og,4,food mfr selling-price expectations (EC),2018Q1,0.812
og,4,food mfr selling-price expectations (EC),2018Q2,-0.6391
og,4,food mfr selling-price expectations (EC),2018Q3,0.08324
og,4,food mfr selling-price expectations (EC),2018Q4,-0.3578
og,4,food mfr selling-price expectations (EC),2019Q1,-0.7031
og,4,food mfr selling-price expectations (EC),2019Q2,0.2843
og,4,food mfr selling-price expectations (EC),2019Q3,0.05274
og,4,food mfr selling-price expectations (EC),2019Q4,0.245
og,4,food mfr selling-price expectations (EC),2020Q1,0.06866
og,4,food mfr selling-price expectations (EC),2020Q2,0.1999
og,4,food mfr selling-price expectations (EC),2020Q3,0.1307
og,4,food mfr selling-price expectations (EC),2020Q4,0.1117
og,4,food mfr selling-price expectations (EC),2021Q1,0.4809
og,4,food mfr selling-price expectations (EC),2021Q2,-0.3168
og,4,food mfr selling-price expectations (EC),2021Q3,0.1866
og,4,food mfr selling-price expectations (EC),2021Q4,0.1514
og,4,food mfr selling-price expectations (EC),2022Q1,-0.1832
og,4,food mfr selling-price expectations (EC),2022Q2,0.9333
og,4,food mfr selling-price expectations (EC),2022Q3,0.6493
og,4,food mfr selling-price expectations (EC),2022Q4,0.8076
og,4,food mfr selling-price expectations (EC),2023Q1,1.248
og,4,food mfr selling-price expectations (EC),2023Q2,1.489
og,4,food mfr selling-price expectations (EC),2023Q3,1.187
og,4,food mfr selling-price expectations (EC),2023Q4,1.65
og,4,food mfr selling-price expectations (EC),2024Q1,2.537
og,4,food mfr selling-price expectations (EC),2024Q2,0.9994
og,4,food mfr selling-price expectations (EC),2024Q3,0.6137
og,4,food mfr selling-price expectations (EC),2024Q4,0.5466
og,4,food mfr selling-price expectations (EC),2025Q1,-0.05019
og,4,food mfr selling-price expectations (EC),2025Q2,1.686
og,4,food mfr selling-price expectations (EC),2025Q3,1.219
og,4,food mfr selling-price expectations (EC),2025Q4,1.043
og,4,food mfr selling-price expectations (EC),2026Q1,1.921
og,4,food mfr selling-price expectations (EC),2026Q2,1.69
d_og,0,prevailing mean,2010Q1,-0.5219
d_og,0,prevailing mean,2010Q2,-0.5455
d_og,0,prevailing mean,2010Q3,-0.7059
d_og,0,prevailing mean,2010Q4,-0.7429
d_og,0,prevailing mean,2011Q1,-0.7917
d_og,0,prevailing mean,2011Q2,-0.7081
d_og,0,prevailing mean,2011Q3,-0.5263
d_og,0,prevailing mean,2011Q4,-0.4359
d_og,0,prevailing mean,2012Q1,-0.375
d_og,0,prevailing mean,2012Q2,-0.2195
d_og,0,prevailing mean,2012Q3,-0.2929
d_og,0,prevailing mean,2012Q4,-0.1698
d_og,0,prevailing mean,2013Q1,-0.1705
d_og,0,prevailing mean,2013Q2,-0.2778
d_og,0,prevailing mean,2013Q3,-0.2957
d_og,0,prevailing mean,2013Q4,-0.4489
d_og,0,prevailing mean,2014Q1,-0.5396
d_og,0,prevailing mean,2014Q2,-0.5837
d_og,0,prevailing mean,2014Q3,-0.58
d_og,0,prevailing mean,2014Q4,-0.5667
d_og,0,prevailing mean,2015Q1,-0.3981
d_og,0,prevailing mean,2015Q2,-0.2623
d_og,0,prevailing mean,2015Q3,-0.137
d_og,0,prevailing mean,2015Q4,0.003636
d_og,0,prevailing mean,2016Q1,0.05714
d_og,0,prevailing mean,2016Q2,0.04211
d_og,0,prevailing mean,2016Q3,0.07586
d_og,0,prevailing mean,2016Q4,0.05932
d_og,0,prevailing mean,2017Q1,-0.03833
d_og,0,prevailing mean,2017Q2,-0.07377
d_og,0,prevailing mean,2017Q3,-0.129
d_og,0,prevailing mean,2017Q4,-0.1333
d_og,0,prevailing mean,2018Q1,-0.1016
d_og,0,prevailing mean,2018Q2,-0.09231
d_og,0,prevailing mean,2018Q3,-0.09091
d_og,0,prevailing mean,2018Q4,-0.1164
d_og,0,prevailing mean,2019Q1,-0.09412
d_og,0,prevailing mean,2019Q2,-0.0913
d_og,0,prevailing mean,2019Q3,-0.05143
d_og,0,prevailing mean,2019Q4,-0.05493
d_og,0,prevailing mean,2020Q1,-0.07083
d_og,0,prevailing mean,2020Q2,0.05479
d_og,0,prevailing mean,2020Q3,0.002703
d_og,0,prevailing mean,2020Q4,0.04133
d_og,0,prevailing mean,2021Q1,0.04342
d_og,0,prevailing mean,2021Q2,-0.1584
d_og,0,prevailing mean,2021Q3,-0.109
d_og,0,prevailing mean,2021Q4,-0.09494
d_og,0,prevailing mean,2022Q1,-0.06375
d_og,0,prevailing mean,2022Q2,0.08395
d_og,0,prevailing mean,2022Q3,0.1878
d_og,0,prevailing mean,2022Q4,0.1795
d_og,0,prevailing mean,2023Q1,0.2167
d_og,0,prevailing mean,2023Q2,0.2494
d_og,0,prevailing mean,2023Q3,0.207
d_og,0,prevailing mean,2023Q4,0.2069
d_og,0,prevailing mean,2024Q1,0.1807
d_og,0,prevailing mean,2024Q2,0.09888
d_og,0,prevailing mean,2024Q3,0.02778
d_og,0,prevailing mean,2024Q4,0.008791
d_og,0,prevailing mean,2025Q1,-0.03478
d_og,0,prevailing mean,2025Q2,-0.1
d_og,0,prevailing mean,2025Q3,-0.09574
d_og,0,prevailing mean,2025Q4,-0.1147
d_og,0,prevailing mean,2026Q1,-0.1208
d_og,0,prevailing mean,2026Q2,-0.05361
d_og,0,AR + Easter (benchmark),2010Q1,-1.566
d_og,0,AR + Easter (benchmark),2010Q2,-1.305
d_og,0,AR + Easter (benchmark),2010Q3,-2.822
d_og,0,AR + Easter (benchmark),2010Q4,-1.203
d_og,0,AR + Easter (benchmark),2011Q1,-2.016
d_og,0,AR + Easter (benchmark),2011Q2,0.9833
d_og,0,AR + Easter (benchmark),2011Q3,2.331
d_og,0,AR + Easter (benchmark),2011Q4,1.074
d_og,0,AR + Easter (benchmark),2012Q1,0.6964
d_og,0,AR + Easter (benchmark),2012Q2,2.646
d_og,0,AR + Easter (benchmark),2012Q3,-1.427
d_og,0,AR + Easter (benchmark),2012Q4,1.751
d_og,0,AR + Easter (benchmark),2013Q1,1.022
d_og,0,AR + Easter (benchmark),2013Q2,-2.603
d_og,0,AR + Easter (benchmark),2013Q3,-0.5273
d_og,0,AR + Easter (benchmark),2013Q4,-2.772
d_og,0,AR + Easter (benchmark),2014Q1,-2.673
d_og,0,AR + Easter (benchmark),2014Q2,-0.6351
d_og,0,AR + Easter (benchmark),2014Q3,-0.4945
d_og,0,AR + Easter (benchmark),2014Q4,-0.3102
d_og,0,AR + Easter (benchmark),2015Q1,2.969
d_og,0,AR + Easter (benchmark),2015Q2,2.282
d_og,0,AR + Easter (benchmark),2015Q3,2.75
d_og,0,AR + Easter (benchmark),2015Q4,3.565
d_og,0,AR + Easter (benchmark),2016Q1,1.99
d_og,0,AR + Easter (benchmark),2016Q2,-0.7779
d_og,0,AR + Easter (benchmark),2016Q3,0.9661
d_og,0,AR + Easter (benchmark),2016Q4,-0.3401
d_og,0,AR + Easter (benchmark),2017Q1,-3.17
d_og,0,AR + Easter (benchmark),2017Q2,-0.4769
d_og,0,AR + Easter (benchmark),2017Q3,-1.626
d_og,0,AR + Easter (benchmark),2017Q4,-0.2335
d_og,0,AR + Easter (benchmark),2018Q1,1.07
d_og,0,AR + Easter (benchmark),2018Q2,-0.05716
d_og,0,AR + Easter (benchmark),2018Q3,-0.03232
d_og,0,AR + Easter (benchmark),2018Q4,-0.846
d_og,0,AR + Easter (benchmark),2019Q1,0.3402
d_og,0,AR + Easter (benchmark),2019Q2,0.2624
d_og,0,AR + Easter (benchmark),2019Q3,1.179
d_og,0,AR + Easter (benchmark),2019Q4,-0.1431
d_og,0,AR + Easter (benchmark),2020Q1,-0.5455
d_og,0,AR + Easter (benchmark),2020Q2,3.932
d_og,0,AR + Easter (benchmark),2020Q3,-1.373
d_og,0,AR + Easter (benchmark),2020Q4,1.069
d_og,0,AR + Easter (benchmark),2021Q1,0.3008
d_og,0,AR + Easter (benchmark),2021Q2,-5.516
d_og,0,AR + Easter (benchmark),2021Q3,0.8536
d_og,0,AR + Easter (benchmark),2021Q4,0.1895
d_og,0,AR + Easter (benchmark),2022Q1,0.6164
d_og,0,AR + Easter (benchmark),2022Q2,3.149
d_og,0,AR + Easter (benchmark),2022Q3,2.821
d_og,0,AR + Easter (benchmark),2022Q4,-0.009036
d_og,0,AR + Easter (benchmark),2023Q1,1.133
d_og,0,AR + Easter (benchmark),2023Q2,1.078
d_og,0,AR + Easter (benchmark),2023Q3,-0.8252
d_og,0,AR + Easter (benchmark),2023Q4,0.2165
d_og,0,AR + Easter (benchmark),2024Q1,-0.676
d_og,0,AR + Easter (benchmark),2024Q2,-1.574
d_og,0,AR + Easter (benchmark),2024Q3,-1.957
d_og,0,AR + Easter (benchmark),2024Q4,-0.5198
d_og,0,AR + Easter (benchmark),2025Q1,-0.9856
d_og,0,AR + Easter (benchmark),2025Q2,-2.187
d_og,0,AR + Easter (benchmark),2025Q3,0.03925
d_og,0,AR + Easter (benchmark),2025Q4,-0.6724
d_og,0,AR + Easter (benchmark),2026Q1,-0.3136
d_og,0,AR + Easter (benchmark),2026Q2,1.972
d_og,0,d food CPI ex VAT NO+SE (dyoy),2010Q1,-4.503
d_og,0,d food CPI ex VAT NO+SE (dyoy),2010Q2,-3.957
d_og,0,d food CPI ex VAT NO+SE (dyoy),2010Q3,-3.139
d_og,0,d food CPI ex VAT NO+SE (dyoy),2010Q4,-1.875
d_og,0,d food CPI ex VAT NO+SE (dyoy),2011Q1,-2.295
d_og,0,d food CPI ex VAT NO+SE (dyoy),2011Q2,-1.19
d_og,0,d food CPI ex VAT NO+SE (dyoy),2011Q3,0.5033
d_og,0,d food CPI ex VAT NO+SE (dyoy),2011Q4,-0.1577
d_og,0,d food CPI ex VAT NO+SE (dyoy),2012Q1,1.05
d_og,0,d food CPI ex VAT NO+SE (dyoy),2012Q2,2.819
d_og,0,d food CPI ex VAT NO+SE (dyoy),2012Q3,0.1588
d_og,0,d food CPI ex VAT NO+SE (dyoy),2012Q4,1.898
d_og,0,d food CPI ex VAT NO+SE (dyoy),2013Q1,1.198
d_og,0,d food CPI ex VAT NO+SE (dyoy),2013Q2,-0.3463
d_og,0,d food CPI ex VAT NO+SE (dyoy),2013Q3,1.45
d_og,0,d food CPI ex VAT NO+SE (dyoy),2013Q4,-0.4615
d_og,0,d food CPI ex VAT NO+SE (dyoy),2014Q1,-0.7746
d_og,0,d food CPI ex VAT NO+SE (dyoy),2014Q2,-0.2957
d_og,0,d food CPI ex VAT NO+SE (dyoy),2014Q3,-1.115
d_og,0,d food CPI ex VAT NO+SE (dyoy),2014Q4,-0.6283
d_og,0,d food CPI ex VAT NO+SE (dyoy),2015Q1,1.537
d_og,0,d food CPI ex VAT NO+SE (dyoy),2015Q2,2.082
d_og,0,d food CPI ex VAT NO+SE (dyoy),2015Q3,2.939
d_og,0,d food CPI ex VAT NO+SE (dyoy),2015Q4,3.57
d_og,0,d food CPI ex VAT NO+SE (dyoy),2016Q1,2.234
d_og,0,d food CPI ex VAT NO+SE (dyoy),2016Q2,-0.7778
d_og,0,d food CPI ex VAT NO+SE (dyoy),2016Q3,0.4737
d_og,0,d food CPI ex VAT NO+SE (dyoy),2016Q4,-0.8133
d_og,0,d food CPI ex VAT NO+SE (dyoy),2017Q1,-2.995
d_og,0,d food CPI ex VAT NO+SE (dyoy),2017Q2,-0.8576
d_og,0,d food CPI ex VAT NO+SE (dyoy),2017Q3,-2.003
d_og,0,d food CPI ex VAT NO+SE (dyoy),2017Q4,-0.2937
d_og,0,d food CPI ex VAT NO+SE (dyoy),2018Q1,1.414
d_og,0,d food CPI ex VAT NO+SE (dyoy),2018Q2,0.6902
d_og,0,d food CPI ex VAT NO+SE (dyoy),2018Q3,1.073
d_og,0,d food CPI ex VAT NO+SE (dyoy),2018Q4,0.05567
d_og,0,d food CPI ex VAT NO+SE (dyoy),2019Q1,0.1964
d_og,0,d food CPI ex VAT NO+SE (dyoy),2019Q2,0.2297
d_og,0,d food CPI ex VAT NO+SE (dyoy),2019Q3,0.7872
d_og,0,d food CPI ex VAT NO+SE (dyoy),2019Q4,-0.766
d_og,0,d food CPI ex VAT NO+SE (dyoy),2020Q1,-0.3721
d_og,0,d food CPI ex VAT NO+SE (dyoy),2020Q2,4.053
d_og,0,d food CPI ex VAT NO+SE (dyoy),2020Q3,-0.9057
d_og,0,d food CPI ex VAT NO+SE (dyoy),2020Q4,1.411
d_og,0,d food CPI ex VAT NO+SE (dyoy),2021Q1,-0.4526
d_og,0,d food CPI ex VAT NO+SE (dyoy),2021Q2,-6.81
d_og,0,d food CPI ex VAT NO+SE (dyoy),2021Q3,-1.19
d_og,0,d food CPI ex VAT NO+SE (dyoy),2021Q4,-1.151
d_og,0,d food CPI ex VAT NO+SE (dyoy),2022Q1,0.9872
d_og,0,d food CPI ex VAT NO+SE (dyoy),2022Q2,5.419
d_og,0,d food CPI ex VAT NO+SE (dyoy),2022Q3,8.465
d_og,0,d food CPI ex VAT NO+SE (dyoy),2022Q4,3.62
d_og,0,d food CPI ex VAT NO+SE (dyoy),2023Q1,3.828
d_og,0,d food CPI ex VAT NO+SE (dyoy),2023Q2,2.42
d_og,0,d food CPI ex VAT NO+SE (dyoy),2023Q3,-1.284
d_og,0,d food CPI ex VAT NO+SE (dyoy),2023Q4,-1.021
d_og,0,d food CPI ex VAT NO+SE (dyoy),2024Q1,-2.447
d_og,0,d food CPI ex VAT NO+SE (dyoy),2024Q2,-3.49
d_og,0,d food CPI ex VAT NO+SE (dyoy),2024Q3,-2.913
d_og,0,d food CPI ex VAT NO+SE (dyoy),2024Q4,-1.565
d_og,0,d food CPI ex VAT NO+SE (dyoy),2025Q1,-0.4279
d_og,0,d food CPI ex VAT NO+SE (dyoy),2025Q2,-1.253
d_og,0,d food CPI ex VAT NO+SE (dyoy),2025Q3,0.4411
d_og,0,d food CPI ex VAT NO+SE (dyoy),2025Q4,-0.192
d_og,0,d food CPI ex VAT NO+SE (dyoy),2026Q1,-1.025
d_og,0,d food CPI ex VAT NO+SE (dyoy),2026Q2,0.7763
d_og,0,d food CPI ex VAT Orkla-wtd (dyoy),2010Q1,-4.732
d_og,0,d food CPI ex VAT Orkla-wtd (dyoy),2010Q2,-4.827
d_og,0,d food CPI ex VAT Orkla-wtd (dyoy),2010Q3,-4.002
d_og,0,d food CPI ex VAT Orkla-wtd (dyoy),2010Q4,-2.077
d_og,0,d food CPI ex VAT Orkla-wtd (dyoy),2011Q1,-1.162
d_og,0,d food CPI ex VAT Orkla-wtd (dyoy),2011Q2,1.389
d_og,0,d food CPI ex VAT Orkla-wtd (dyoy),2011Q3,1.375
d_og,0,d food CPI ex VAT Orkla-wtd (dyoy),2011Q4,1.135
d_og,0,d food CPI ex VAT Orkla-wtd (dyoy),2012Q1,-0.122
d_og,0,d food CPI ex VAT Orkla-wtd (dyoy),2012Q2,1.683
d_og,0,d food CPI ex VAT Orkla-wtd (dyoy),2012Q3,0.2025
d_og,0,d food CPI ex VAT Orkla-wtd (dyoy),2012Q4,1.095
d_og,0,d food CPI ex VAT Orkla-wtd (dyoy),2013Q1,2.686
d_og,0,d food CPI ex VAT Orkla-wtd (dyoy),2013Q2,-1.791
d_og,0,d food CPI ex VAT Orkla-wtd (dyoy),2013Q3,0.2143
d_og,0,d food CPI ex VAT Orkla-wtd (dyoy),2013Q4,-0.4406
d_og,0,d food CPI ex VAT Orkla-wtd (dyoy),2014Q1,-2.051
d_og,0,d food CPI ex VAT Orkla-wtd (dyoy),2014Q2,0.7194
d_og,0,d food CPI ex VAT Orkla-wtd (dyoy),2014Q3,-1.052
d_og,0,d food CPI ex VAT Orkla-wtd (dyoy),2014Q4,-1.298
d_og,0,d food CPI ex VAT Orkla-wtd (dyoy),2015Q1,1.602
d_og,0,d food CPI ex VAT Orkla-wtd (dyoy),2015Q2,1.016
d_og,0,d food CPI ex VAT Orkla-wtd (dyoy),2015Q3,2.526
d_og,0,d food CPI ex VAT Orkla-wtd (dyoy),2015Q4,3.404
d_og,0,d food CPI ex VAT Orkla-wtd (dyoy),2016Q1,2.245
d_og,0,d food CPI ex VAT Orkla-wtd (dyoy),2016Q2,-0.6373
d_og,0,d food CPI ex VAT Orkla-wtd (dyoy),2016Q3,0.7454
d_og,0,d food CPI ex VAT Orkla-wtd (dyoy),2016Q4,-0.3862
d_og,0,d food CPI ex VAT Orkla-wtd (dyoy),2017Q1,-3.177
d_og,0,d food CPI ex VAT Orkla-wtd (dyoy),2017Q2,0.09873
d_og,0,d food CPI ex VAT Orkla-wtd (dyoy),2017Q3,-1.315
d_og,0,d food CPI ex VAT Orkla-wtd (dyoy),2017Q4,-0.06129
d_og,0,d food CPI ex VAT Orkla-wtd (dyoy),2018Q1,1.402
d_og,0,d food CPI ex VAT Orkla-wtd (dyoy),2018Q2,-0.03197
d_og,0,d food CPI ex VAT Orkla-wtd (dyoy),2018Q3,0.22
d_og,0,d food CPI ex VAT Orkla-wtd (dyoy),2018Q4,-0.6451
d_og,0,d food CPI ex VAT Orkla-wtd (dyoy),2019Q1,0.07787
d_og,0,d food CPI ex VAT Orkla-wtd (dyoy),2019Q2,0.2663
d_og,0,d food CPI ex VAT Orkla-wtd (dyoy),2019Q3,1.009
d_og,0,d food CPI ex VAT Orkla-wtd (dyoy),2019Q4,-0.0006562
d_og,0,d food CPI ex VAT Orkla-wtd (dyoy),2020Q1,-0.4602
d_og,0,d food CPI ex VAT Orkla-wtd (dyoy),2020Q2,3.689
d_og,0,d food CPI ex VAT Orkla-wtd (dyoy),2020Q3,-0.653
d_og,0,d food CPI ex VAT Orkla-wtd (dyoy),2020Q4,0.8565
d_og,0,d food CPI ex VAT Orkla-wtd (dyoy),2021Q1,0.3693
d_og,0,d food CPI ex VAT Orkla-wtd (dyoy),2021Q2,-5.49
d_og,0,d food CPI ex VAT Orkla-wtd (dyoy),2021Q3,-0.8226
d_og,0,d food CPI ex VAT Orkla-wtd (dyoy),2021Q4,-0.5378
d_og,0,d food CPI ex VAT Orkla-wtd (dyoy),2022Q1,0.1956
d_og,0,d food CPI ex VAT Orkla-wtd (dyoy),2022Q2,3.491
d_og,0,d food CPI ex VAT Orkla-wtd (dyoy),2022Q3,4.527
d_og,0,d food CPI ex VAT Orkla-wtd (dyoy),2022Q4,1.496
d_og,0,d food CPI ex VAT Orkla-wtd (dyoy),2023Q1,3.446
d_og,0,d food CPI ex VAT Orkla-wtd (dyoy),2023Q2,2.793
d_og,0,d food CPI ex VAT Orkla-wtd (dyoy),2023Q3,-0.4952
d_og,0,d food CPI ex VAT Orkla-wtd (dyoy),2023Q4,-0.2189
d_og,0,d food CPI ex VAT Orkla-wtd (dyoy),2024Q1,-1.556
d_og,0,d food CPI ex VAT Orkla-wtd (dyoy),2024Q2,-3.474
d_og,0,d food CPI ex VAT Orkla-wtd (dyoy),2024Q3,-3.66
d_og,0,d food CPI ex VAT Orkla-wtd (dyoy),2024Q4,-1.447
d_og,0,d food CPI ex VAT Orkla-wtd (dyoy),2025Q1,-1.341
d_og,0,d food CPI ex VAT Orkla-wtd (dyoy),2025Q2,-1.363
d_og,0,d food CPI ex VAT Orkla-wtd (dyoy),2025Q3,0.4944
d_og,0,d food CPI ex VAT Orkla-wtd (dyoy),2025Q4,-0.1448
d_og,0,d food CPI ex VAT Orkla-wtd (dyoy),2026Q1,-0.1298
d_og,0,d food CPI ex VAT Orkla-wtd (dyoy),2026Q2,1.107
d_og,0,d food PPI (dyoy),2010Q1,-4.697
d_og,0,d food PPI (dyoy),2010Q2,-3.373
d_og,0,d food PPI (dyoy),2010Q3,-2.106
d_og,0,d food PPI (dyoy),2010Q4,0.1017
d_og,0,d food PPI (dyoy),2011Q1,1.207
d_og,0,d food PPI (dyoy),2011Q2,3.594
d_og,0,d food PPI (dyoy),2011Q3,4.101
d_og,0,d food PPI (dyoy),2011Q4,2.998
d_og,0,d food PPI (dyoy),2012Q1,0.2765
d_og,0,d food PPI (dyoy),2012Q2,-1.077
d_og,0,d food PPI (dyoy),2012Q3,-2.704
d_og,0,d food PPI (dyoy),2012Q4,-2.161
d_og,0,d food PPI (dyoy),2013Q1,0.722
d_og,0,d food PPI (dyoy),2013Q2,-0.344
d_og,0,d food PPI (dyoy),2013Q3,0.1695
d_og,0,d food PPI (dyoy),2013Q4,-0.7124
d_og,0,d food PPI (dyoy),2014Q1,-3.007
d_og,0,d food PPI (dyoy),2014Q2,-1.983
d_og,0,d food PPI (dyoy),2014Q3,-1.864
d_og,0,d food PPI (dyoy),2014Q4,-1.561
d_og,0,d food PPI (dyoy),2015Q1,1.369
d_og,0,d food PPI (dyoy),2015Q2,1.81
d_og,0,d food PPI (dyoy),2015Q3,2.326
d_og,0,d food PPI (dyoy),2015Q4,3.003
d_og,0,d food PPI (dyoy),2016Q1,2.089
d_og,0,d food PPI (dyoy),2016Q2,-0.5252
d_og,0,d food PPI (dyoy),2016Q3,0.8179
d_og,0,d food PPI (dyoy),2016Q4,0.1125
d_og,0,d food PPI (dyoy),2017Q1,-2.24
d_og,0,d food PPI (dyoy),2017Q2,0.3086
d_og,0,d food PPI (dyoy),2017Q3,-0.5859
d_og,0,d food PPI (dyoy),2017Q4,0.132
d_og,0,d food PPI (dyoy),2018Q1,0.8611
d_og,0,d food PPI (dyoy),2018Q2,-0.4263
d_og,0,d food PPI (dyoy),2018Q3,-0.6871
d_og,0,d food PPI (dyoy),2018Q4,-1.304
d_og,0,d food PPI (dyoy),2019Q1,0.02481
d_og,0,d food PPI (dyoy),2019Q2,0.5419
d_og,0,d food PPI (dyoy),2019Q3,1.439
d_og,0,d food PPI (dyoy),2019Q4,0.973
d_og,0,d food PPI (dyoy),2020Q1,0.1776
d_og,0,d food PPI (dyoy),2020Q2,3.168
d_og,0,d food PPI (dyoy),2020Q3,-0.6321
d_og,0,d food PPI (dyoy),2020Q4,0.103
d_og,0,d food PPI (dyoy),2021Q1,-0.2864
d_og,0,d food PPI (dyoy),2021Q2,-4.31
d_og,0,d food PPI (dyoy),2021Q3,-0.4426
d_og,0,d food PPI (dyoy),2021Q4,0.5557
d_og,0,d food PPI (dyoy),2022Q1,2.127
d_og,0,d food PPI (dyoy),2022Q2,6.224
d_og,0,d food PPI (dyoy),2022Q3,9.791
d_og,0,d food PPI (dyoy),2022Q4,7.326
d_og,0,d food PPI (dyoy),2023Q1,6.19
d_og,0,d food PPI (dyoy),2023Q2,3.871
d_og,0,d food PPI (dyoy),2023Q3,-1.365
d_og,0,d food PPI (dyoy),2023Q4,-3.434
d_og,0,d food PPI (dyoy),2024Q1,-4.929
d_og,0,d food PPI (dyoy),2024Q2,-6.231
d_og,0,d food PPI (dyoy),2024Q3,-4.439
d_og,0,d food PPI (dyoy),2024Q4,-1.574
d_og,0,d food PPI (dyoy),2025Q1,-0.5433
d_og,0,d food PPI (dyoy),2025Q2,-0.5076
d_og,0,d food PPI (dyoy),2025Q3,0.9119
d_og,0,d food PPI (dyoy),2025Q4,0.2957
d_og,0,d food PPI (dyoy),2026Q1,-0.07009
d_og,0,d food PPI (dyoy),2026Q2,1.049
d_og,1,prevailing mean,2010Q1,-0.3935
d_og,1,prevailing mean,2010Q2,-0.5219
d_og,1,prevailing mean,2010Q3,-0.5455
d_og,1,prevailing mean,2010Q4,-0.7059
d_og,1,prevailing mean,2011Q1,-0.7429
d_og,1,prevailing mean,2011Q2,-0.7917
d_og,1,prevailing mean,2011Q3,-0.7081
d_og,1,prevailing mean,2011Q4,-0.5263
d_og,1,prevailing mean,2012Q1,-0.4359
d_og,1,prevailing mean,2012Q2,-0.375
d_og,1,prevailing mean,2012Q3,-0.2195
d_og,1,prevailing mean,2012Q4,-0.2929
d_og,1,prevailing mean,2013Q1,-0.1698
d_og,1,prevailing mean,2013Q2,-0.1705
d_og,1,prevailing mean,2013Q3,-0.2778
d_og,1,prevailing mean,2013Q4,-0.2957
d_og,1,prevailing mean,2014Q1,-0.4489
d_og,1,prevailing mean,2014Q2,-0.5396
d_og,1,prevailing mean,2014Q3,-0.5837
d_og,1,prevailing mean,2014Q4,-0.58
d_og,1,prevailing mean,2015Q1,-0.5667
d_og,1,prevailing mean,2015Q2,-0.3981
d_og,1,prevailing mean,2015Q3,-0.2623
d_og,1,prevailing mean,2015Q4,-0.137
d_og,1,prevailing mean,2016Q1,0.003636
d_og,1,prevailing mean,2016Q2,0.05714
d_og,1,prevailing mean,2016Q3,0.04211
d_og,1,prevailing mean,2016Q4,0.07586
d_og,1,prevailing mean,2017Q1,0.05932
d_og,1,prevailing mean,2017Q2,-0.03833
d_og,1,prevailing mean,2017Q3,-0.07377
d_og,1,prevailing mean,2017Q4,-0.129
d_og,1,prevailing mean,2018Q1,-0.1333
d_og,1,prevailing mean,2018Q2,-0.1016
d_og,1,prevailing mean,2018Q3,-0.09231
d_og,1,prevailing mean,2018Q4,-0.09091
d_og,1,prevailing mean,2019Q1,-0.1164
d_og,1,prevailing mean,2019Q2,-0.09412
d_og,1,prevailing mean,2019Q3,-0.0913
d_og,1,prevailing mean,2019Q4,-0.05143
d_og,1,prevailing mean,2020Q1,-0.05493
d_og,1,prevailing mean,2020Q2,-0.07083
d_og,1,prevailing mean,2020Q3,0.05479
d_og,1,prevailing mean,2020Q4,0.002703
d_og,1,prevailing mean,2021Q1,0.04133
d_og,1,prevailing mean,2021Q2,0.04342
d_og,1,prevailing mean,2021Q3,-0.1584
d_og,1,prevailing mean,2021Q4,-0.109
d_og,1,prevailing mean,2022Q1,-0.09494
d_og,1,prevailing mean,2022Q2,-0.06375
d_og,1,prevailing mean,2022Q3,0.08395
d_og,1,prevailing mean,2022Q4,0.1878
d_og,1,prevailing mean,2023Q1,0.1795
d_og,1,prevailing mean,2023Q2,0.2167
d_og,1,prevailing mean,2023Q3,0.2494
d_og,1,prevailing mean,2023Q4,0.207
d_og,1,prevailing mean,2024Q1,0.2069
d_og,1,prevailing mean,2024Q2,0.1807
d_og,1,prevailing mean,2024Q3,0.09888
d_og,1,prevailing mean,2024Q4,0.02778
d_og,1,prevailing mean,2025Q1,0.008791
d_og,1,prevailing mean,2025Q2,-0.03478
d_og,1,prevailing mean,2025Q3,-0.1
d_og,1,prevailing mean,2025Q4,-0.09574
d_og,1,prevailing mean,2026Q1,-0.1147
d_og,1,prevailing mean,2026Q2,-0.1208
d_og,1,AR + Easter (benchmark),2010Q1,-1.037
d_og,1,AR + Easter (benchmark),2010Q2,-1.779
d_og,1,AR + Easter (benchmark),2010Q3,-0.7952
d_og,1,AR + Easter (benchmark),2010Q4,-1.931
d_og,1,AR + Easter (benchmark),2011Q1,-1.662
d_og,1,AR + Easter (benchmark),2011Q2,-0.7352
d_og,1,AR + Easter (benchmark),2011Q3,-0.1582
d_og,1,AR + Easter (benchmark),2011Q4,0.7009
d_og,1,AR + Easter (benchmark),2012Q1,0.2513
d_og,1,AR + Easter (benchmark),2012Q2,0.11
d_og,1,AR + Easter (benchmark),2012Q3,1.32
d_og,1,AR + Easter (benchmark),2012Q4,-1.022
d_og,1,AR + Easter (benchmark),2013Q1,2.401
d_og,1,AR + Easter (benchmark),2013Q2,-1.392
d_og,1,AR + Easter (benchmark),2013Q3,-1.342
d_og,1,AR + Easter (benchmark),2013Q4,-0.534
d_og,1,AR + Easter (benchmark),2014Q1,-2.986
d_og,1,AR + Easter (benchmark),2014Q2,-1.039
d_og,1,AR + Easter (benchmark),2014Q3,-1.185
d_og,1,AR + Easter (benchmark),2014Q4,-0.599
d_og,1,AR + Easter (benchmark),2015Q1,-0.1879
d_og,1,AR + Easter (benchmark),2015Q2,1.44
d_og,1,AR + Easter (benchmark),2015Q3,1.538
d_og,1,AR + Easter (benchmark),2015Q4,1.892
d_og,1,AR + Easter (benchmark),2016Q1,3.242
d_og,1,AR + Easter (benchmark),2016Q2,0.5469
d_og,1,AR + Easter (benchmark),2016Q3,-0.2447
d_og,1,AR + Easter (benchmark),2016Q4,0.6775
d_og,1,AR + Easter (benchmark),2017Q1,-0.8752
d_og,1,AR + Easter (benchmark),2017Q2,-1.275
d_og,1,AR + Easter (benchmark),2017Q3,-0.7904
d_og,1,AR + Easter (benchmark),2017Q4,-1.273
d_og,1,AR + Easter (benchmark),2018Q1,0.1642
d_og,1,AR + Easter (benchmark),2018Q2,0.07756
d_og,1,AR + Easter (benchmark),2018Q3,0.07296
d_og,1,AR + Easter (benchmark),2018Q4,-0.08399
d_og,1,AR + Easter (benchmark),2019Q1,-1.111
d_og,1,AR + Easter (benchmark),2019Q2,0.7842
d_og,1,AR + Easter (benchmark),2019Q3,-0.04218
d_og,1,AR + Easter (benchmark),2019Q4,0.7968
d_og,1,AR + Easter (benchmark),2020Q1,-0.1418
d_og,1,AR + Easter (benchmark),2020Q2,-0.4449
d_og,1,AR + Easter (benchmark),2020Q3,2.824
d_og,1,AR + Easter (benchmark),2020Q4,-1.165
d_og,1,AR + Easter (benchmark),2021Q1,1.165
d_og,1,AR + Easter (benchmark),2021Q2,-0.1775
d_og,1,AR + Easter (benchmark),2021Q3,-4.285
d_og,1,AR + Easter (benchmark),2021Q4,0.8359
d_og,1,AR + Easter (benchmark),2022Q1,0.0783
d_og,1,AR + Easter (benchmark),2022Q2,0.4997
d_og,1,AR + Easter (benchmark),2022Q3,2.722
d_og,1,AR + Easter (benchmark),2022Q4,2.212
d_og,1,AR + Easter (benchmark),2023Q1,0.0443
d_og,1,AR + Easter (benchmark),2023Q2,0.878
d_og,1,AR + Easter (benchmark),2023Q3,0.8453
d_og,1,AR + Easter (benchmark),2023Q4,-0.5544
d_og,1,AR + Easter (benchmark),2024Q1,0.2074
d_og,1,AR + Easter (benchmark),2024Q2,-0.3376
d_og,1,AR + Easter (benchmark),2024Q3,-1.44
d_og,1,AR + Easter (benchmark),2024Q4,-1.396
d_og,1,AR + Easter (benchmark),2025Q1,-0.3727
d_og,1,AR + Easter (benchmark),2025Q2,-0.9912
d_og,1,AR + Easter (benchmark),2025Q3,-1.534
d_og,1,AR + Easter (benchmark),2025Q4,-0.03613
d_og,1,AR + Easter (benchmark),2026Q1,-0.4679
d_og,1,AR + Easter (benchmark),2026Q2,-0.358
d_og,1,d food CPI ex VAT NO+SE (dyoy),2010Q1,-2.768
d_og,1,d food CPI ex VAT NO+SE (dyoy),2010Q2,-4.916
d_og,1,d food CPI ex VAT NO+SE (dyoy),2010Q3,-3.516
d_og,1,d food CPI ex VAT NO+SE (dyoy),2010Q4,-2.454
d_og,1,d food CPI ex VAT NO+SE (dyoy),2011Q1,-2.647
d_og,1,d food CPI ex VAT NO+SE (dyoy),2011Q2,-0.8371
d_og,1,d food CPI ex VAT NO+SE (dyoy),2011Q3,-1.762
d_og,1,d food CPI ex VAT NO+SE (dyoy),2011Q4,-1.057
d_og,1,d food CPI ex VAT NO+SE (dyoy),2012Q1,-0.9292
d_og,1,d food CPI ex VAT NO+SE (dyoy),2012Q2,0.4196
d_og,1,d food CPI ex VAT NO+SE (dyoy),2012Q3,1.538
d_og,1,d food CPI ex VAT NO+SE (dyoy),2012Q4,0.1505
d_og,1,d food CPI ex VAT NO+SE (dyoy),2013Q1,3.032
d_og,1,d food CPI ex VAT NO+SE (dyoy),2013Q2,-1.602
d_og,1,d food CPI ex VAT NO+SE (dyoy),2013Q3,-0.07768
d_og,1,d food CPI ex VAT NO+SE (dyoy),2013Q4,0.7642
d_og,1,d food CPI ex VAT NO+SE (dyoy),2014Q1,-1.904
d_og,1,d food CPI ex VAT NO+SE (dyoy),2014Q2,0.2011
d_og,1,d food CPI ex VAT NO+SE (dyoy),2014Q3,-1.006
d_og,1,d food CPI ex VAT NO+SE (dyoy),2014Q4,-0.9163
d_og,1,d food CPI ex VAT NO+SE (dyoy),2015Q1,-0.2966
d_og,1,d food CPI ex VAT NO+SE (dyoy),2015Q2,0.7578
d_og,1,d food CPI ex VAT NO+SE (dyoy),2015Q3,1.402
d_og,1,d food CPI ex VAT NO+SE (dyoy),2015Q4,1.938
d_og,1,d food CPI ex VAT NO+SE (dyoy),2016Q1,3.286
d_og,1,d food CPI ex VAT NO+SE (dyoy),2016Q2,0.5481
d_og,1,d food CPI ex VAT NO+SE (dyoy),2016Q3,-0.2354
d_og,1,d food CPI ex VAT NO+SE (dyoy),2016Q4,0.5774
d_og,1,d food CPI ex VAT NO+SE (dyoy),2017Q1,-1.023
d_og,1,d food CPI ex VAT NO+SE (dyoy),2017Q2,-1.125
d_og,1,d food CPI ex VAT NO+SE (dyoy),2017Q3,-0.9294
d_og,1,d food CPI ex VAT NO+SE (dyoy),2017Q4,-1.377
d_og,1,d food CPI ex VAT NO+SE (dyoy),2018Q1,0.1892
d_og,1,d food CPI ex VAT NO+SE (dyoy),2018Q2,0.09915
d_og,1,d food CPI ex VAT NO+SE (dyoy),2018Q3,0.2643
d_og,1,d food CPI ex VAT NO+SE (dyoy),2018Q4,0.1787
d_og,1,d food CPI ex VAT NO+SE (dyoy),2019Q1,-0.9529
d_og,1,d food CPI ex VAT NO+SE (dyoy),2019Q2,0.8105
d_og,1,d food CPI ex VAT NO+SE (dyoy),2019Q3,-0.07341
d_og,1,d food CPI ex VAT NO+SE (dyoy),2019Q4,0.6912
d_og,1,d food CPI ex VAT NO+SE (dyoy),2020Q1,-0.3099
d_og,1,d food CPI ex VAT NO+SE (dyoy),2020Q2,-0.3986
d_og,1,d food CPI ex VAT NO+SE (dyoy),2020Q3,2.838
d_og,1,d food CPI ex VAT NO+SE (dyoy),2020Q4,-1.119
d_og,1,d food CPI ex VAT NO+SE (dyoy),2021Q1,1.209
d_og,1,d food CPI ex VAT NO+SE (dyoy),2021Q2,-0.2801
d_og,1,d food CPI ex VAT NO+SE (dyoy),2021Q3,-4.218
d_og,1,d food CPI ex VAT NO+SE (dyoy),2021Q4,1.126
d_og,1,d food CPI ex VAT NO+SE (dyoy),2022Q1,0.4555
d_og,1,d food CPI ex VAT NO+SE (dyoy),2022Q2,0.3328
d_og,1,d food CPI ex VAT NO+SE (dyoy),2022Q3,1.216
d_og,1,d food CPI ex VAT NO+SE (dyoy),2022Q4,-0.7419
d_og,1,d food CPI ex VAT NO+SE (dyoy),2023Q1,-4.381
d_og,1,d food CPI ex VAT NO+SE (dyoy),2023Q2,-0.9723
d_og,1,d food CPI ex VAT NO+SE (dyoy),2023Q3,0.6862
d_og,1,d food CPI ex VAT NO+SE (dyoy),2023Q4,-0.3257
d_og,1,d food CPI ex VAT NO+SE (dyoy),2024Q1,0.827
d_og,1,d food CPI ex VAT NO+SE (dyoy),2024Q2,0.5237
d_og,1,d food CPI ex VAT NO+SE (dyoy),2024Q3,-1.291
d_og,1,d food CPI ex VAT NO+SE (dyoy),2024Q4,-1.608
d_og,1,d food CPI ex VAT NO+SE (dyoy),2025Q1,-0.5937
d_og,1,d food CPI ex VAT NO+SE (dyoy),2025Q2,-0.842
d_og,1,d food CPI ex VAT NO+SE (dyoy),2025Q3,-1.252
d_og,1,d food CPI ex VAT NO+SE (dyoy),2025Q4,0.1002
d_og,1,d food CPI ex VAT NO+SE (dyoy),2026Q1,-0.3111
d_og,1,d food CPI ex VAT NO+SE (dyoy),2026Q2,-0.5924
d_og,1,d food CPI ex VAT Orkla-wtd (dyoy),2010Q1,-0.842
d_og,1,d food CPI ex VAT Orkla-wtd (dyoy),2010Q2,-1.825
d_og,1,d food CPI ex VAT Orkla-wtd (dyoy),2010Q3,-0.8363
d_og,1,d food CPI ex VAT Orkla-wtd (dyoy),2010Q4,-2.192
d_og,1,d food CPI ex VAT Orkla-wtd (dyoy),2011Q1,-1.866
d_og,1,d food CPI ex VAT Orkla-wtd (dyoy),2011Q2,-0.495
d_og,1,d food CPI ex VAT Orkla-wtd (dyoy),2011Q3,-0.1385
d_og,1,d food CPI ex VAT Orkla-wtd (dyoy),2011Q4,0.4158
d_og,1,d food CPI ex VAT Orkla-wtd (dyoy),2012Q1,0.2307
d_og,1,d food CPI ex VAT Orkla-wtd (dyoy),2012Q2,-0.1114
d_og,1,d food CPI ex VAT Orkla-wtd (dyoy),2012Q3,1.02
d_og,1,d food CPI ex VAT Orkla-wtd (dyoy),2012Q4,-0.5355
d_og,1,d food CPI ex VAT Orkla-wtd (dyoy),2013Q1,2.204
d_og,1,d food CPI ex VAT Orkla-wtd (dyoy),2013Q2,-1.119
d_og,1,d food CPI ex VAT Orkla-wtd (dyoy),2013Q3,-0.9378
d_og,1,d food CPI ex VAT Orkla-wtd (dyoy),2013Q4,-0.295
d_og,1,d food CPI ex VAT Orkla-wtd (dyoy),2014Q1,-2.434
d_og,1,d food CPI ex VAT Orkla-wtd (dyoy),2014Q2,-0.7918
d_og,1,d food CPI ex VAT Orkla-wtd (dyoy),2014Q3,-0.9739
d_og,1,d food CPI ex VAT Orkla-wtd (dyoy),2014Q4,-0.7251
d_og,1,d food CPI ex VAT Orkla-wtd (dyoy),2015Q1,-0.4357
d_og,1,d food CPI ex VAT Orkla-wtd (dyoy),2015Q2,1.14
d_og,1,d food CPI ex VAT Orkla-wtd (dyoy),2015Q3,1.455
d_og,1,d food CPI ex VAT Orkla-wtd (dyoy),2015Q4,1.944
d_og,1,d food CPI ex VAT Orkla-wtd (dyoy),2016Q1,3.322
d_og,1,d food CPI ex VAT Orkla-wtd (dyoy),2016Q2,0.5039
d_og,1,d food CPI ex VAT Orkla-wtd (dyoy),2016Q3,-0.3596
d_og,1,d food CPI ex VAT Orkla-wtd (dyoy),2016Q4,0.7707
d_og,1,d food CPI ex VAT Orkla-wtd (dyoy),2017Q1,-0.8398
d_og,1,d food CPI ex VAT Orkla-wtd (dyoy),2017Q2,-1.348
d_og,1,d food CPI ex VAT Orkla-wtd (dyoy),2017Q3,-0.9125
d_og,1,d food CPI ex VAT Orkla-wtd (dyoy),2017Q4,-1.397
d_og,1,d food CPI ex VAT Orkla-wtd (dyoy),2018Q1,0.09536
d_og,1,d food CPI ex VAT Orkla-wtd (dyoy),2018Q2,0.01781
d_og,1,d food CPI ex VAT Orkla-wtd (dyoy),2018Q3,0.0341
d_og,1,d food CPI ex VAT Orkla-wtd (dyoy),2018Q4,-0.1583
d_og,1,d food CPI ex VAT Orkla-wtd (dyoy),2019Q1,-1.173
d_og,1,d food CPI ex VAT Orkla-wtd (dyoy),2019Q2,0.826
d_og,1,d food CPI ex VAT Orkla-wtd (dyoy),2019Q3,-0.01609
d_og,1,d food CPI ex VAT Orkla-wtd (dyoy),2019Q4,0.8463
d_og,1,d food CPI ex VAT Orkla-wtd (dyoy),2020Q1,-0.1807
d_og,1,d food CPI ex VAT Orkla-wtd (dyoy),2020Q2,-0.4672
d_og,1,d food CPI ex VAT Orkla-wtd (dyoy),2020Q3,2.864
d_og,1,d food CPI ex VAT Orkla-wtd (dyoy),2020Q4,-1.285
d_og,1,d food CPI ex VAT Orkla-wtd (dyoy),2021Q1,1.194
d_og,1,d food CPI ex VAT Orkla-wtd (dyoy),2021Q2,-0.1749
d_og,1,d food CPI ex VAT Orkla-wtd (dyoy),2021Q3,-4.283
d_og,1,d food CPI ex VAT Orkla-wtd (dyoy),2021Q4,0.807
d_og,1,d food CPI ex VAT Orkla-wtd (dyoy),2022Q1,0.04903
d_og,1,d food CPI ex VAT Orkla-wtd (dyoy),2022Q2,0.5322
d_og,1,d food CPI ex VAT Orkla-wtd (dyoy),2022Q3,2.51
d_og,1,d food CPI ex VAT Orkla-wtd (dyoy),2022Q4,0.8412
d_og,1,d food CPI ex VAT Orkla-wtd (dyoy),2023Q1,-2.66
d_og,1,d food CPI ex VAT Orkla-wtd (dyoy),2023Q2,-1.048
d_og,1,d food CPI ex VAT Orkla-wtd (dyoy),2023Q3,0.8223
d_og,1,d food CPI ex VAT Orkla-wtd (dyoy),2023Q4,-1.001
d_og,1,d food CPI ex VAT Orkla-wtd (dyoy),2024Q1,0.7095
d_og,1,d food CPI ex VAT Orkla-wtd (dyoy),2024Q2,0.6534
d_og,1,d food CPI ex VAT Orkla-wtd (dyoy),2024Q3,-0.9378
d_og,1,d food CPI ex VAT Orkla-wtd (dyoy),2024Q4,-1.728
d_og,1,d food CPI ex VAT Orkla-wtd (dyoy),2025Q1,-0.5461
d_og,1,d food CPI ex VAT Orkla-wtd (dyoy),2025Q2,-1.084
d_og,1,d food CPI ex VAT Orkla-wtd (dyoy),2025Q3,-1.228
d_og,1,d food CPI ex VAT Orkla-wtd (dyoy),2025Q4,0.1382
d_og,1,d food CPI ex VAT Orkla-wtd (dyoy),2026Q1,-0.2749
d_og,1,d food CPI ex VAT Orkla-wtd (dyoy),2026Q2,-0.2852
d_og,1,d food PPI (dyoy),2010Q1,-2.628
d_og,1,d food PPI (dyoy),2010Q2,-3.49
d_og,1,d food PPI (dyoy),2010Q3,-1.865
d_og,1,d food PPI (dyoy),2010Q4,-1.609
d_og,1,d food PPI (dyoy),2011Q1,-0.959
d_og,1,d food PPI (dyoy),2011Q2,1.038
d_og,1,d food PPI (dyoy),2011Q3,1.414
d_og,1,d food PPI (dyoy),2011Q4,2.086
d_og,1,d food PPI (dyoy),2012Q1,1.759
d_og,1,d food PPI (dyoy),2012Q2,-0.1305
d_og,1,d food PPI (dyoy),2012Q3,-1.72
d_og,1,d food PPI (dyoy),2012Q4,-2.015
d_og,1,d food PPI (dyoy),2013Q1,-0.1451
d_og,1,d food PPI (dyoy),2013Q2,-1.556
d_og,1,d food PPI (dyoy),2013Q3,0.3377
d_og,1,d food PPI (dyoy),2013Q4,0.0672
d_og,1,d food PPI (dyoy),2014Q1,-1.675
d_og,1,d food PPI (dyoy),2014Q2,-1.016
d_og,1,d food PPI (dyoy),2014Q3,-2.169
d_og,1,d food PPI (dyoy),2014Q4,-1.614
d_og,1,d food PPI (dyoy),2015Q1,-1.027
d_og,1,d food PPI (dyoy),2015Q2,0.2609
d_og,1,d food PPI (dyoy),2015Q3,1.177
d_og,1,d food PPI (dyoy),2015Q4,1.652
d_og,1,d food PPI (dyoy),2016Q1,3.018
d_og,1,d food PPI (dyoy),2016Q2,0.464
d_og,1,d food PPI (dyoy),2016Q3,-0.0708
d_og,1,d food PPI (dyoy),2016Q4,0.6017
d_og,1,d food PPI (dyoy),2017Q1,-0.772
d_og,1,d food PPI (dyoy),2017Q2,-0.5567
d_og,1,d food PPI (dyoy),2017Q3,-0.4443
d_og,1,d food PPI (dyoy),2017Q4,-0.7368
d_og,1,d food PPI (dyoy),2018Q1,0.4246
d_og,1,d food PPI (dyoy),2018Q2,-0.1632
d_og,1,d food PPI (dyoy),2018Q3,-0.07479
d_og,1,d food PPI (dyoy),2018Q4,-0.4481
d_og,1,d food PPI (dyoy),2019Q1,-1.427
d_og,1,d food PPI (dyoy),2019Q2,0.7154
d_og,1,d food PPI (dyoy),2019Q3,0.0578
d_og,1,d food PPI (dyoy),2019Q4,0.9332
d_og,1,d food PPI (dyoy),2020Q1,0.4421
d_og,1,d food PPI (dyoy),2020Q2,-0.05103
d_og,1,d food PPI (dyoy),2020Q3,2.346
d_og,1,d food PPI (dyoy),2020Q4,-0.7559
d_og,1,d food PPI (dyoy),2021Q1,0.6919
d_og,1,d food PPI (dyoy),2021Q2,-0.5569
d_og,1,d food PPI (dyoy),2021Q3,-3.488
d_og,1,d food PPI (dyoy),2021Q4,0.08952
d_og,1,d food PPI (dyoy),2022Q1,0.2451
d_og,1,d food PPI (dyoy),2022Q2,1.469
d_og,1,d food PPI (dyoy),2022Q3,4.381
d_og,1,d food PPI (dyoy),2022Q4,6.565
d_og,1,d food PPI (dyoy),2023Q1,5.555
d_og,1,d food PPI (dyoy),2023Q2,4.951
d_og,1,d food PPI (dyoy),2023Q3,3.109
d_og,1,d food PPI (dyoy),2023Q4,-0.8482
d_og,1,d food PPI (dyoy),2024Q1,-1.613
d_og,1,d food PPI (dyoy),2024Q2,-2.74
d_og,1,d food PPI (dyoy),2024Q3,-4.658
d_og,1,d food PPI (dyoy),2024Q4,-3.571
d_og,1,d food PPI (dyoy),2025Q1,-1.196
d_og,1,d food PPI (dyoy),2025Q2,-0.5959
d_og,1,d food PPI (dyoy),2025Q3,-0.2854
d_og,1,d food PPI (dyoy),2025Q4,0.6652
d_og,1,d food PPI (dyoy),2026Q1,0.2864
d_og,1,d food PPI (dyoy),2026Q2,-0.1619
d_og,2,prevailing mean,2010Q1,-0.1733
d_og,2,prevailing mean,2010Q2,-0.3935
d_og,2,prevailing mean,2010Q3,-0.5219
d_og,2,prevailing mean,2010Q4,-0.5455
d_og,2,prevailing mean,2011Q1,-0.7059
d_og,2,prevailing mean,2011Q2,-0.7429
d_og,2,prevailing mean,2011Q3,-0.7917
d_og,2,prevailing mean,2011Q4,-0.7081
d_og,2,prevailing mean,2012Q1,-0.5263
d_og,2,prevailing mean,2012Q2,-0.4359
d_og,2,prevailing mean,2012Q3,-0.375
d_og,2,prevailing mean,2012Q4,-0.2195
d_og,2,prevailing mean,2013Q1,-0.2929
d_og,2,prevailing mean,2013Q2,-0.1698
d_og,2,prevailing mean,2013Q3,-0.1705
d_og,2,prevailing mean,2013Q4,-0.2778
d_og,2,prevailing mean,2014Q1,-0.2957
d_og,2,prevailing mean,2014Q2,-0.4489
d_og,2,prevailing mean,2014Q3,-0.5396
d_og,2,prevailing mean,2014Q4,-0.5837
d_og,2,prevailing mean,2015Q1,-0.58
d_og,2,prevailing mean,2015Q2,-0.5667
d_og,2,prevailing mean,2015Q3,-0.3981
d_og,2,prevailing mean,2015Q4,-0.2623
d_og,2,prevailing mean,2016Q1,-0.137
d_og,2,prevailing mean,2016Q2,0.003636
d_og,2,prevailing mean,2016Q3,0.05714
d_og,2,prevailing mean,2016Q4,0.04211
d_og,2,prevailing mean,2017Q1,0.07586
d_og,2,prevailing mean,2017Q2,0.05932
d_og,2,prevailing mean,2017Q3,-0.03833
d_og,2,prevailing mean,2017Q4,-0.07377
d_og,2,prevailing mean,2018Q1,-0.129
d_og,2,prevailing mean,2018Q2,-0.1333
d_og,2,prevailing mean,2018Q3,-0.1016
d_og,2,prevailing mean,2018Q4,-0.09231
d_og,2,prevailing mean,2019Q1,-0.09091
d_og,2,prevailing mean,2019Q2,-0.1164
d_og,2,prevailing mean,2019Q3,-0.09412
d_og,2,prevailing mean,2019Q4,-0.0913
d_og,2,prevailing mean,2020Q1,-0.05143
d_og,2,prevailing mean,2020Q2,-0.05493
d_og,2,prevailing mean,2020Q3,-0.07083
d_og,2,prevailing mean,2020Q4,0.05479
d_og,2,prevailing mean,2021Q1,0.002703
d_og,2,prevailing mean,2021Q2,0.04133
d_og,2,prevailing mean,2021Q3,0.04342
d_og,2,prevailing mean,2021Q4,-0.1584
d_og,2,prevailing mean,2022Q1,-0.109
d_og,2,prevailing mean,2022Q2,-0.09494
d_og,2,prevailing mean,2022Q3,-0.06375
d_og,2,prevailing mean,2022Q4,0.08395
d_og,2,prevailing mean,2023Q1,0.1878
d_og,2,prevailing mean,2023Q2,0.1795
d_og,2,prevailing mean,2023Q3,0.2167
d_og,2,prevailing mean,2023Q4,0.2494
d_og,2,prevailing mean,2024Q1,0.207
d_og,2,prevailing mean,2024Q2,0.2069
d_og,2,prevailing mean,2024Q3,0.1807
d_og,2,prevailing mean,2024Q4,0.09888
d_og,2,prevailing mean,2025Q1,0.02778
d_og,2,prevailing mean,2025Q2,0.008791
d_og,2,prevailing mean,2025Q3,-0.03478
d_og,2,prevailing mean,2025Q4,-0.1
d_og,2,prevailing mean,2026Q1,-0.09574
d_og,2,prevailing mean,2026Q2,-0.1147
d_og,2,AR + Easter (benchmark),2010Q2,0.9777
d_og,2,AR + Easter (benchmark),2010Q3,0.00379
d_og,2,AR + Easter (benchmark),2010Q4,-0.4765
d_og,2,AR + Easter (benchmark),2011Q1,-1.021
d_og,2,AR + Easter (benchmark),2011Q2,-0.3166
d_og,2,AR + Easter (benchmark),2011Q3,-0.8155
d_og,2,AR + Easter (benchmark),2011Q4,-0.9288
d_og,2,AR + Easter (benchmark),2012Q1,-1.069
d_og,2,AR + Easter (benchmark),2012Q2,-0.7838
d_og,2,AR + Easter (benchmark),2012Q3,-0.5871
d_og,2,AR + Easter (benchmark),2012Q4,-0.1749
d_og,2,AR + Easter (benchmark),2013Q1,0.7409
d_og,2,AR + Easter (benchmark),2013Q2,-1.146
d_og,2,AR + Easter (benchmark),2013Q3,-0.1803
d_og,2,AR + Easter (benchmark),2013Q4,-0.4759
d_og,2,AR + Easter (benchmark),2014Q1,-1.001
d_og,2,AR + Easter (benchmark),2014Q2,-0.06417
d_og,2,AR + Easter (benchmark),2014Q3,-0.8487
d_og,2,AR + Easter (benchmark),2014Q4,-0.7557
d_og,2,AR + Easter (benchmark),2015Q1,-0.3289
d_og,2,AR + Easter (benchmark),2015Q2,-0.8433
d_og,2,AR + Easter (benchmark),2015Q3,-0.1176
d_og,2,AR + Easter (benchmark),2015Q4,0.005576
d_og,2,AR + Easter (benchmark),2016Q1,0.7013
d_og,2,AR + Easter (benchmark),2016Q2,0.3386
d_og,2,AR + Easter (benchmark),2016Q3,0.4971
d_og,2,AR + Easter (benchmark),2016Q4,-0.0402
d_og,2,AR + Easter (benchmark),2017Q1,-0.3966
d_og,2,AR + Easter (benchmark),2017Q2,0.6741
d_og,2,AR + Easter (benchmark),2017Q3,-0.7835
d_og,2,AR + Easter (benchmark),2017Q4,-0.3484
d_og,2,AR + Easter (benchmark),2018Q1,-0.125
d_og,2,AR + Easter (benchmark),2018Q2,-0.6368
d_og,2,AR + Easter (benchmark),2018Q3,0.1288
d_og,2,AR + Easter (benchmark),2018Q4,-0.02904
d_og,2,AR + Easter (benchmark),2019Q1,-0.5254
d_og,2,AR + Easter (benchmark),2019Q2,0.1322
d_og,2,AR + Easter (benchmark),2019Q3,0.07264
d_og,2,AR + Easter (benchmark),2019Q4,-0.06591
d_og,2,AR + Easter (benchmark),2020Q1,0.2611
d_og,2,AR + Easter (benchmark),2020Q2,-0.07867
d_og,2,AR + Easter (benchmark),2020Q3,-0.1949
d_og,2,AR + Easter (benchmark),2020Q4,1.277
d_og,2,AR + Easter (benchmark),2021Q1,-0.1987
d_og,2,AR + Easter (benchmark),2021Q2,0.1358
d_og,2,AR + Easter (benchmark),2021Q3,0.06438
d_og,2,AR + Easter (benchmark),2021Q4,-2.732
d_og,2,AR + Easter (benchmark),2022Q1,0.3901
d_og,2,AR + Easter (benchmark),2022Q2,0.1966
d_og,2,AR + Easter (benchmark),2022Q3,0.2332
d_og,2,AR + Easter (benchmark),2022Q4,1.803
d_og,2,AR + Easter (benchmark),2023Q1,1.522
d_og,2,AR + Easter (benchmark),2023Q2,0.1218
d_og,2,AR + Easter (benchmark),2023Q3,0.742
d_og,2,AR + Easter (benchmark),2023Q4,0.7312
d_og,2,AR + Easter (benchmark),2024Q1,-0.1971
d_og,2,AR + Easter (benchmark),2024Q2,0.02132
d_og,2,AR + Easter (benchmark),2024Q3,-0.1959
d_og,2,AR + Easter (benchmark),2024Q4,-1.162
d_og,2,AR + Easter (benchmark),2025Q1,-1.31
d_og,2,AR + Easter (benchmark),2025Q2,-0.1437
d_og,2,AR + Easter (benchmark),2025Q3,-0.8174
d_og,2,AR + Easter (benchmark),2025Q4,-1.383
d_og,2,AR + Easter (benchmark),2026Q1,0.1099
d_og,2,AR + Easter (benchmark),2026Q2,-0.6597
d_og,2,d food CPI ex VAT NO+SE (dyoy),2010Q2,0.0609
d_og,2,d food CPI ex VAT NO+SE (dyoy),2010Q3,-1.161
d_og,2,d food CPI ex VAT NO+SE (dyoy),2010Q4,-1.72
d_og,2,d food CPI ex VAT NO+SE (dyoy),2011Q1,-1.379
d_og,2,d food CPI ex VAT NO+SE (dyoy),2011Q2,-0.7016
d_og,2,d food CPI ex VAT NO+SE (dyoy),2011Q3,-1.074
d_og,2,d food CPI ex VAT NO+SE (dyoy),2011Q4,-1.911
d_og,2,d food CPI ex VAT NO+SE (dyoy),2012Q1,-2.076
d_og,2,d food CPI ex VAT NO+SE (dyoy),2012Q2,-1.541
d_og,2,d food CPI ex VAT NO+SE (dyoy),2012Q3,-0.4735
d_og,2,d food CPI ex VAT NO+SE (dyoy),2012Q4,-0.1266
d_og,2,d food CPI ex VAT NO+SE (dyoy),2013Q1,1.331
d_og,2,d food CPI ex VAT NO+SE (dyoy),2013Q2,-1.095
d_og,2,d food CPI ex VAT NO+SE (dyoy),2013Q3,-0.03179
d_og,2,d food CPI ex VAT NO+SE (dyoy),2013Q4,0.02185
d_og,2,d food CPI ex VAT NO+SE (dyoy),2014Q1,-0.4832
d_og,2,d food CPI ex VAT NO+SE (dyoy),2014Q2,0.5819
d_og,2,d food CPI ex VAT NO+SE (dyoy),2014Q3,-0.5028
d_og,2,d food CPI ex VAT NO+SE (dyoy),2014Q4,-0.7034
d_og,2,d food CPI ex VAT NO+SE (dyoy),2015Q1,-0.4001
d_og,2,d food CPI ex VAT NO+SE (dyoy),2015Q2,-0.8903
d_og,2,d food CPI ex VAT NO+SE (dyoy),2015Q3,-0.4311
d_og,2,d food CPI ex VAT NO+SE (dyoy),2015Q4,-0.0335
d_og,2,d food CPI ex VAT NO+SE (dyoy),2016Q1,0.7048
d_og,2,d food CPI ex VAT NO+SE (dyoy),2016Q2,0.3375
d_og,2,d food CPI ex VAT NO+SE (dyoy),2016Q3,0.4564
d_og,2,d food CPI ex VAT NO+SE (dyoy),2016Q4,-0.05142
d_og,2,d food CPI ex VAT NO+SE (dyoy),2017Q1,-0.2895
d_og,2,d food CPI ex VAT NO+SE (dyoy),2017Q2,0.7895
d_og,2,d food CPI ex VAT NO+SE (dyoy),2017Q3,-0.8369
d_og,2,d food CPI ex VAT NO+SE (dyoy),2017Q4,-0.2551
d_og,2,d food CPI ex VAT NO+SE (dyoy),2018Q1,-0.07287
d_og,2,d food CPI ex VAT NO+SE (dyoy),2018Q2,-0.6288
d_og,2,d food CPI ex VAT NO+SE (dyoy),2018Q3,0.08881
d_og,2,d food CPI ex VAT NO+SE (dyoy),2018Q4,-0.1657
d_og,2,d food CPI ex VAT NO+SE (dyoy),2019Q1,-0.7155
d_og,2,d food CPI ex VAT NO+SE (dyoy),2019Q2,-0.05123
d_og,2,d food CPI ex VAT NO+SE (dyoy),2019Q3,0.07687
d_og,2,d food CPI ex VAT NO+SE (dyoy),2019Q4,-0.05179
d_og,2,d food CPI ex VAT NO+SE (dyoy),2020Q1,0.2846
d_og,2,d food CPI ex VAT NO+SE (dyoy),2020Q2,-0.04214
d_og,2,d food CPI ex VAT NO+SE (dyoy),2020Q3,-0.2034
d_og,2,d food CPI ex VAT NO+SE (dyoy),2020Q4,1.261
d_og,2,d food CPI ex VAT NO+SE (dyoy),2021Q1,-0.2368
d_og,2,d food CPI ex VAT NO+SE (dyoy),2021Q2,0.1135
d_og,2,d food CPI ex VAT NO+SE (dyoy),2021Q3,0.1185
d_og,2,d food CPI ex VAT NO+SE (dyoy),2021Q4,-2.495
d_og,2,d food CPI ex VAT NO+SE (dyoy),2022Q1,0.7986
d_og,2,d food CPI ex VAT NO+SE (dyoy),2022Q2,0.5241
d_og,2,d food CPI ex VAT NO+SE (dyoy),2022Q3,0.09678
d_og,2,d food CPI ex VAT NO+SE (dyoy),2022Q4,0.05019
d_og,2,d food CPI ex VAT NO+SE (dyoy),2023Q1,-3.724
d_og,2,d food CPI ex VAT NO+SE (dyoy),2023Q2,-6.706
d_og,2,d food CPI ex VAT NO+SE (dyoy),2023Q3,-3.898
d_og,2,d food CPI ex VAT NO+SE (dyoy),2023Q4,-0.6905
d_og,2,d food CPI ex VAT NO+SE (dyoy),2024Q1,0.4064
d_og,2,d food CPI ex VAT NO+SE (dyoy),2024Q2,1.395
d_og,2,d food CPI ex VAT NO+SE (dyoy),2024Q3,1.909
d_og,2,d food CPI ex VAT NO+SE (dyoy),2024Q4,0.3219
d_og,2,d food CPI ex VAT NO+SE (dyoy),2025Q1,-0.8497
d_og,2,d food CPI ex VAT NO+SE (dyoy),2025Q2,0.2894
d_og,2,d food CPI ex VAT NO+SE (dyoy),2025Q3,-0.9652
d_og,2,d food CPI ex VAT NO+SE (dyoy),2025Q4,-1.55
d_og,2,d food CPI ex VAT NO+SE (dyoy),2026Q1,0.03564
d_og,2,d food CPI ex VAT NO+SE (dyoy),2026Q2,-0.7697
d_og,2,d food CPI ex VAT Orkla-wtd (dyoy),2010Q2,1.413
d_og,2,d food CPI ex VAT Orkla-wtd (dyoy),2010Q3,1.217
d_og,2,d food CPI ex VAT Orkla-wtd (dyoy),2010Q4,0.6163
d_og,2,d food CPI ex VAT Orkla-wtd (dyoy),2011Q1,-0.9146
d_og,2,d food CPI ex VAT Orkla-wtd (dyoy),2011Q2,-0.3178
d_og,2,d food CPI ex VAT Orkla-wtd (dyoy),2011Q3,-0.7308
d_og,2,d food CPI ex VAT Orkla-wtd (dyoy),2011Q4,-0.9255
d_og,2,d food CPI ex VAT Orkla-wtd (dyoy),2012Q1,-1.018
d_og,2,d food CPI ex VAT Orkla-wtd (dyoy),2012Q2,-0.7839
d_og,2,d food CPI ex VAT Orkla-wtd (dyoy),2012Q3,-0.5909
d_og,2,d food CPI ex VAT Orkla-wtd (dyoy),2012Q4,-0.08237
d_og,2,d food CPI ex VAT Orkla-wtd (dyoy),2013Q1,0.6254
d_og,2,d food CPI ex VAT Orkla-wtd (dyoy),2013Q2,-1.07
d_og,2,d food CPI ex VAT Orkla-wtd (dyoy),2013Q3,-0.3139
d_og,2,d food CPI ex VAT Orkla-wtd (dyoy),2013Q4,-0.7735
d_og,2,d food CPI ex VAT Orkla-wtd (dyoy),2014Q1,-1.252
d_og,2,d food CPI ex VAT Orkla-wtd (dyoy),2014Q2,-0.7988
d_og,2,d food CPI ex VAT Orkla-wtd (dyoy),2014Q3,-1.378
d_og,2,d food CPI ex VAT Orkla-wtd (dyoy),2014Q4,-1.249
d_og,2,d food CPI ex VAT Orkla-wtd (dyoy),2015Q1,-0.03876
d_og,2,d food CPI ex VAT Orkla-wtd (dyoy),2015Q2,-0.4543
d_og,2,d food CPI ex VAT Orkla-wtd (dyoy),2015Q3,0.4181
d_og,2,d food CPI ex VAT Orkla-wtd (dyoy),2015Q4,0.7032
d_og,2,d food CPI ex VAT Orkla-wtd (dyoy),2016Q1,1.155
d_og,2,d food CPI ex VAT Orkla-wtd (dyoy),2016Q2,0.5686
d_og,2,d food CPI ex VAT Orkla-wtd (dyoy),2016Q3,0.376
d_og,2,d food CPI ex VAT Orkla-wtd (dyoy),2016Q4,-0.3885
d_og,2,d food CPI ex VAT Orkla-wtd (dyoy),2017Q1,-0.2741
d_og,2,d food CPI ex VAT Orkla-wtd (dyoy),2017Q2,0.9019
d_og,2,d food CPI ex VAT Orkla-wtd (dyoy),2017Q3,-1.056
d_og,2,d food CPI ex VAT Orkla-wtd (dyoy),2017Q4,-0.8606
d_og,2,d food CPI ex VAT Orkla-wtd (dyoy),2018Q1,-0.4787
d_og,2,d food CPI ex VAT Orkla-wtd (dyoy),2018Q2,-1.025
d_og,2,d food CPI ex VAT Orkla-wtd (dyoy),2018Q3,-0.1562
d_og,2,d food CPI ex VAT Orkla-wtd (dyoy),2018Q4,-0.2099
d_og,2,d food CPI ex VAT Orkla-wtd (dyoy),2019Q1,-0.9798
d_og,2,d food CPI ex VAT Orkla-wtd (dyoy),2019Q2,-0.03949
d_og,2,d food CPI ex VAT Orkla-wtd (dyoy),2019Q3,0.2834
d_og,2,d food CPI ex VAT Orkla-wtd (dyoy),2019Q4,0.05996
d_og,2,d food CPI ex VAT Orkla-wtd (dyoy),2020Q1,0.4956
d_og,2,d food CPI ex VAT Orkla-wtd (dyoy),2020Q2,-0.2528
d_og,2,d food CPI ex VAT Orkla-wtd (dyoy),2020Q3,-0.3045
d_og,2,d food CPI ex VAT Orkla-wtd (dyoy),2020Q4,1.619
d_og,2,d food CPI ex VAT Orkla-wtd (dyoy),2021Q1,-1.022
d_og,2,d food CPI ex VAT Orkla-wtd (dyoy),2021Q2,0.3165
d_og,2,d food CPI ex VAT Orkla-wtd (dyoy),2021Q3,0.0627
d_og,2,d food CPI ex VAT Orkla-wtd (dyoy),2021Q4,-2.95
d_og,2,d food CPI ex VAT Orkla-wtd (dyoy),2022Q1,2.873
d_og,2,d food CPI ex VAT Orkla-wtd (dyoy),2022Q2,1.593
d_og,2,d food CPI ex VAT Orkla-wtd (dyoy),2022Q3,0.9937
d_og,2,d food CPI ex VAT Orkla-wtd (dyoy),2022Q4,0.8792
d_og,2,d food CPI ex VAT Orkla-wtd (dyoy),2023Q1,-4.136
d_og,2,d food CPI ex VAT Orkla-wtd (dyoy),2023Q2,-10.03
d_og,2,d food CPI ex VAT Orkla-wtd (dyoy),2023Q3,-10.01
d_og,2,d food CPI ex VAT Orkla-wtd (dyoy),2023Q4,-5.941
d_og,2,d food CPI ex VAT Orkla-wtd (dyoy),2024Q1,-2.301
d_og,2,d food CPI ex VAT Orkla-wtd (dyoy),2024Q2,1.831
d_og,2,d food CPI ex VAT Orkla-wtd (dyoy),2024Q3,3.242
d_og,2,d food CPI ex VAT Orkla-wtd (dyoy),2024Q4,3.339
d_og,2,d food CPI ex VAT Orkla-wtd (dyoy),2025Q1,1.546
d_og,2,d food CPI ex VAT Orkla-wtd (dyoy),2025Q2,1.629
d_og,2,d food CPI ex VAT Orkla-wtd (dyoy),2025Q3,-0.4409
d_og,2,d food CPI ex VAT Orkla-wtd (dyoy),2025Q4,-1.993
d_og,2,d food CPI ex VAT Orkla-wtd (dyoy),2026Q1,-0.1815
d_og,2,d food CPI ex VAT Orkla-wtd (dyoy),2026Q2,-1.133
d_og,2,d food PPI (dyoy),2010Q2,1.068
d_og,2,d food PPI (dyoy),2010Q3,-0.1704
d_og,2,d food PPI (dyoy),2010Q4,-0.7672
d_og,2,d food PPI (dyoy),2011Q1,-0.8319
d_og,2,d food PPI (dyoy),2011Q2,0.05678
d_og,2,d food PPI (dyoy),2011Q3,0.4123
d_og,2,d food PPI (dyoy),2011Q4,0.1588
d_og,2,d food PPI (dyoy),2012Q1,-0.1721
d_og,2,d food PPI (dyoy),2012Q2,0.3393
d_og,2,d food PPI (dyoy),2012Q3,-0.7139
d_og,2,d food PPI (dyoy),2012Q4,-2.493
d_og,2,d food PPI (dyoy),2013Q1,-0.1655
d_og,2,d food PPI (dyoy),2013Q2,-3.281
d_og,2,d food PPI (dyoy),2013Q3,-0.3344
d_og,2,d food PPI (dyoy),2013Q4,0.8227
d_og,2,d food PPI (dyoy),2014Q1,-0.3262
d_og,2,d food PPI (dyoy),2014Q2,1.009
d_og,2,d food PPI (dyoy),2014Q3,-0.9136
d_og,2,d food PPI (dyoy),2014Q4,-1.426
d_og,2,d food PPI (dyoy),2015Q1,-1.125
d_og,2,d food PPI (dyoy),2015Q2,-1.446
d_og,2,d food PPI (dyoy),2015Q3,-0.9087
d_og,2,d food PPI (dyoy),2015Q4,-0.2233
d_og,2,d food PPI (dyoy),2016Q1,0.4672
d_og,2,d food PPI (dyoy),2016Q2,0.2883
d_og,2,d food PPI (dyoy),2016Q3,0.4929
d_og,2,d food PPI (dyoy),2016Q4,-0.001181
d_og,2,d food PPI (dyoy),2017Q1,-0.3802
d_og,2,d food PPI (dyoy),2017Q2,0.6903
d_og,2,d food PPI (dyoy),2017Q3,-0.697
d_og,2,d food PPI (dyoy),2017Q4,-0.2998
d_og,2,d food PPI (dyoy),2018Q1,-0.0639
d_og,2,d food PPI (dyoy),2018Q2,-0.5906
d_og,2,d food PPI (dyoy),2018Q3,0.09867
d_og,2,d food PPI (dyoy),2018Q4,-0.05654
d_og,2,d food PPI (dyoy),2019Q1,-0.5748
d_og,2,d food PPI (dyoy),2019Q2,0.04913
d_og,2,d food PPI (dyoy),2019Q3,0.04421
d_og,2,d food PPI (dyoy),2019Q4,-0.0463
d_og,2,d food PPI (dyoy),2020Q1,0.2805
d_og,2,d food PPI (dyoy),2020Q2,0.01367
d_og,2,d food PPI (dyoy),2020Q3,-0.134
d_og,2,d food PPI (dyoy),2020Q4,1.19
d_og,2,d food PPI (dyoy),2021Q1,-0.176
d_og,2,d food PPI (dyoy),2021Q2,0.07801
d_og,2,d food PPI (dyoy),2021Q3,0.01509
d_og,2,d food PPI (dyoy),2021Q4,-2.782
d_og,2,d food PPI (dyoy),2022Q1,0.4647
d_og,2,d food PPI (dyoy),2022Q2,0.1854
d_og,2,d food PPI (dyoy),2022Q3,0.2099
d_og,2,d food PPI (dyoy),2022Q4,1.478
d_og,2,d food PPI (dyoy),2023Q1,0.836
d_og,2,d food PPI (dyoy),2023Q2,-1.002
d_og,2,d food PPI (dyoy),2023Q3,0.007615
d_og,2,d food PPI (dyoy),2023Q4,0.6103
d_og,2,d food PPI (dyoy),2024Q1,0.01979
d_og,2,d food PPI (dyoy),2024Q2,0.9922
d_og,2,d food PPI (dyoy),2024Q3,1.424
d_og,2,d food PPI (dyoy),2024Q4,0.07223
d_og,2,d food PPI (dyoy),2025Q1,-1.345
d_og,2,d food PPI (dyoy),2025Q2,-0.2485
d_og,2,d food PPI (dyoy),2025Q3,-0.7444
d_og,2,d food PPI (dyoy),2025Q4,-1.036
d_og,2,d food PPI (dyoy),2026Q1,0.2671
d_og,2,d food PPI (dyoy),2026Q2,-0.4211
d_og,4,prevailing mean,2010Q1,0.2429
d_og,4,prevailing mean,2010Q2,-0.04138
d_og,4,prevailing mean,2010Q3,-0.1733
d_og,4,prevailing mean,2010Q4,-0.3935
d_og,4,prevailing mean,2011Q1,-0.5219
d_og,4,prevailing mean,2011Q2,-0.5455
d_og,4,prevailing mean,2011Q3,-0.7059
d_og,4,prevailing mean,2011Q4,-0.7429
d_og,4,prevailing mean,2012Q1,-0.7917
d_og,4,prevailing mean,2012Q2,-0.7081
d_og,4,prevailing mean,2012Q3,-0.5263
d_og,4,prevailing mean,2012Q4,-0.4359
d_og,4,prevailing mean,2013Q1,-0.375
d_og,4,prevailing mean,2013Q2,-0.2195
d_og,4,prevailing mean,2013Q3,-0.2929
d_og,4,prevailing mean,2013Q4,-0.1698
d_og,4,prevailing mean,2014Q1,-0.1705
d_og,4,prevailing mean,2014Q2,-0.2778
d_og,4,prevailing mean,2014Q3,-0.2957
d_og,4,prevailing mean,2014Q4,-0.4489
d_og,4,prevailing mean,2015Q1,-0.5396
d_og,4,prevailing mean,2015Q2,-0.5837
d_og,4,prevailing mean,2015Q3,-0.58
d_og,4,prevailing mean,2015Q4,-0.5667
d_og,4,prevailing mean,2016Q1,-0.3981
d_og,4,prevailing mean,2016Q2,-0.2623
d_og,4,prevailing mean,2016Q3,-0.137
d_og,4,prevailing mean,2016Q4,0.003636
d_og,4,prevailing mean,2017Q1,0.05714
d_og,4,prevailing mean,2017Q2,0.04211
d_og,4,prevailing mean,2017Q3,0.07586
d_og,4,prevailing mean,2017Q4,0.05932
d_og,4,prevailing mean,2018Q1,-0.03833
d_og,4,prevailing mean,2018Q2,-0.07377
d_og,4,prevailing mean,2018Q3,-0.129
d_og,4,prevailing mean,2018Q4,-0.1333
d_og,4,prevailing mean,2019Q1,-0.1016
d_og,4,prevailing mean,2019Q2,-0.09231
d_og,4,prevailing mean,2019Q3,-0.09091
d_og,4,prevailing mean,2019Q4,-0.1164
d_og,4,prevailing mean,2020Q1,-0.09412
d_og,4,prevailing mean,2020Q2,-0.0913
d_og,4,prevailing mean,2020Q3,-0.05143
d_og,4,prevailing mean,2020Q4,-0.05493
d_og,4,prevailing mean,2021Q1,-0.07083
d_og,4,prevailing mean,2021Q2,0.05479
d_og,4,prevailing mean,2021Q3,0.002703
d_og,4,prevailing mean,2021Q4,0.04133
d_og,4,prevailing mean,2022Q1,0.04342
d_og,4,prevailing mean,2022Q2,-0.1584
d_og,4,prevailing mean,2022Q3,-0.109
d_og,4,prevailing mean,2022Q4,-0.09494
d_og,4,prevailing mean,2023Q1,-0.06375
d_og,4,prevailing mean,2023Q2,0.08395
d_og,4,prevailing mean,2023Q3,0.1878
d_og,4,prevailing mean,2023Q4,0.1795
d_og,4,prevailing mean,2024Q1,0.2167
d_og,4,prevailing mean,2024Q2,0.2494
d_og,4,prevailing mean,2024Q3,0.207
d_og,4,prevailing mean,2024Q4,0.2069
d_og,4,prevailing mean,2025Q1,0.1807
d_og,4,prevailing mean,2025Q2,0.09888
d_og,4,prevailing mean,2025Q3,0.02778
d_og,4,prevailing mean,2025Q4,0.008791
d_og,4,prevailing mean,2026Q1,-0.03478
d_og,4,prevailing mean,2026Q2,-0.1
d_og,4,AR + Easter (benchmark),2011Q2,0.3739
d_og,4,AR + Easter (benchmark),2011Q3,1.051
d_og,4,AR + Easter (benchmark),2011Q4,-0.1314
d_og,4,AR + Easter (benchmark),2012Q1,-0.2267
d_og,4,AR + Easter (benchmark),2012Q2,-1.138
d_og,4,AR + Easter (benchmark),2012Q3,-1.856
d_og,4,AR + Easter (benchmark),2012Q4,-1.155
d_og,4,AR + Easter (benchmark),2013Q1,-0.2503
d_og,4,AR + Easter (benchmark),2013Q2,-2.434
d_og,4,AR + Easter (benchmark),2013Q3,0.627
d_og,4,AR + Easter (benchmark),2013Q4,-1.079
d_og,4,AR + Easter (benchmark),2014Q1,-0.5993
d_og,4,AR + Easter (benchmark),2014Q2,1.117
d_og,4,AR + Easter (benchmark),2014Q3,0.07345
d_og,4,AR + Easter (benchmark),2014Q4,0.9644
d_og,4,AR + Easter (benchmark),2015Q1,0.6077
d_og,4,AR + Easter (benchmark),2015Q2,-0.0592
d_og,4,AR + Easter (benchmark),2015Q3,-0.4222
d_og,4,AR + Easter (benchmark),2015Q4,-0.5102
d_og,4,AR + Easter (benchmark),2016Q1,-2.328
d_og,4,AR + Easter (benchmark),2016Q2,-2.489
d_og,4,AR + Easter (benchmark),2016Q3,-2.148
d_og,4,AR + Easter (benchmark),2016Q4,-2.321
d_og,4,AR + Easter (benchmark),2017Q1,-1.033
d_og,4,AR + Easter (benchmark),2017Q2,0.5927
d_og,4,AR + Easter (benchmark),2017Q3,-0.3303
d_og,4,AR + Easter (benchmark),2017Q4,0.4283
d_og,4,AR + Easter (benchmark),2018Q1,1.831
d_og,4,AR + Easter (benchmark),2018Q2,0.611
d_og,4,AR + Easter (benchmark),2018Q3,1.04
d_og,4,AR + Easter (benchmark),2018Q4,0.1517
d_og,4,AR + Easter (benchmark),2019Q1,-0.4134
d_og,4,AR + Easter (benchmark),2019Q2,-0.2034
d_og,4,AR + Easter (benchmark),2019Q3,0.03322
d_og,4,AR + Easter (benchmark),2019Q4,0.4785
d_og,4,AR + Easter (benchmark),2020Q1,-0.3719
d_og,4,AR + Easter (benchmark),2020Q2,-0.009244
d_og,4,AR + Easter (benchmark),2020Q3,-0.664
d_og,4,AR + Easter (benchmark),2020Q4,0.1364
d_og,4,AR + Easter (benchmark),2021Q1,0.3536
d_og,4,AR + Easter (benchmark),2021Q2,-2.138
d_og,4,AR + Easter (benchmark),2021Q3,1.077
d_og,4,AR + Easter (benchmark),2021Q4,-0.5475
d_og,4,AR + Easter (benchmark),2022Q1,0.1051
d_og,4,AR + Easter (benchmark),2022Q2,3.409
d_og,4,AR + Easter (benchmark),2022Q3,-0.6811
d_og,4,AR + Easter (benchmark),2022Q4,-0.163
d_og,4,AR + Easter (benchmark),2023Q1,-0.376
d_og,4,AR + Easter (benchmark),2023Q2,-2.007
d_og,4,AR + Easter (benchmark),2023Q3,-1.844
d_og,4,AR + Easter (benchmark),2023Q4,0.4133
d_og,4,AR + Easter (benchmark),2024Q1,-1.067
d_og,4,AR + Easter (benchmark),2024Q2,0.2378
d_og,4,AR + Easter (benchmark),2024Q3,1.199
d_og,4,AR + Easter (benchmark),2024Q4,0.3359
d_og,4,AR + Easter (benchmark),2025Q1,1.424
d_og,4,AR + Easter (benchmark),2025Q2,1.234
d_og,4,AR + Easter (benchmark),2025Q3,1.827
d_og,4,AR + Easter (benchmark),2025Q4,0.6013
d_og,4,AR + Easter (benchmark),2026Q1,0.9171
d_og,4,AR + Easter (benchmark),2026Q2,1.594
d_og,4,d food CPI ex VAT NO+SE (dyoy),2011Q2,0.8251
d_og,4,d food CPI ex VAT NO+SE (dyoy),2011Q3,1.251
d_og,4,d food CPI ex VAT NO+SE (dyoy),2011Q4,-0.02229
d_og,4,d food CPI ex VAT NO+SE (dyoy),2012Q1,-0.2052
d_og,4,d food CPI ex VAT NO+SE (dyoy),2012Q2,-0.9639
d_og,4,d food CPI ex VAT NO+SE (dyoy),2012Q3,-1.287
d_og,4,d food CPI ex VAT NO+SE (dyoy),2012Q4,-0.6934
d_og,4,d food CPI ex VAT NO+SE (dyoy),2013Q1,-0.2096
d_og,4,d food CPI ex VAT NO+SE (dyoy),2013Q2,-2.511
d_og,4,d food CPI ex VAT NO+SE (dyoy),2013Q3,0.127
d_og,4,d food CPI ex VAT NO+SE (dyoy),2013Q4,-1.143
d_og,4,d food CPI ex VAT NO+SE (dyoy),2014Q1,-0.9223
d_og,4,d food CPI ex VAT NO+SE (dyoy),2014Q2,0.3735
d_og,4,d food CPI ex VAT NO+SE (dyoy),2014Q3,-0.8121
d_og,4,d food CPI ex VAT NO+SE (dyoy),2014Q4,-0.7466
d_og,4,d food CPI ex VAT NO+SE (dyoy),2015Q1,-1.039
d_og,4,d food CPI ex VAT NO+SE (dyoy),2015Q2,-0.5346
d_og,4,d food CPI ex VAT NO+SE (dyoy),2015Q3,0.02939
d_og,4,d food CPI ex VAT NO+SE (dyoy),2015Q4,-0.2861
d_og,4,d food CPI ex VAT NO+SE (dyoy),2016Q1,-1.442
d_og,4,d food CPI ex VAT NO+SE (dyoy),2016Q2,-2.435
d_og,4,d food CPI ex VAT NO+SE (dyoy),2016Q3,-2.16
d_og,4,d food CPI ex VAT NO+SE (dyoy),2016Q4,-2.267
d_og,4,d food CPI ex VAT NO+SE (dyoy),2017Q1,-1.171
d_og,4,d food CPI ex VAT NO+SE (dyoy),2017Q2,0.6347
d_og,4,d food CPI ex VAT NO+SE (dyoy),2017Q3,-0.1027
d_og,4,d food CPI ex VAT NO+SE (dyoy),2017Q4,0.6456
d_og,4,d food CPI ex VAT NO+SE (dyoy),2018Q1,1.779
d_og,4,d food CPI ex VAT NO+SE (dyoy),2018Q2,0.7717
d_og,4,d food CPI ex VAT NO+SE (dyoy),2018Q3,1.202
d_og,4,d food CPI ex VAT NO+SE (dyoy),2018Q4,0.1844
d_og,4,d food CPI ex VAT NO+SE (dyoy),2019Q1,-0.5687
d_og,4,d food CPI ex VAT NO+SE (dyoy),2019Q2,-0.5202
d_og,4,d food CPI ex VAT NO+SE (dyoy),2019Q3,-0.4649
d_og,4,d food CPI ex VAT NO+SE (dyoy),2019Q4,0.05352
d_og,4,d food CPI ex VAT NO+SE (dyoy),2020Q1,-0.3671
d_og,4,d food CPI ex VAT NO+SE (dyoy),2020Q2,0.02585
d_og,4,d food CPI ex VAT NO+SE (dyoy),2020Q3,-0.5253
d_og,4,d food CPI ex VAT NO+SE (dyoy),2020Q4,0.3617
d_og,4,d food CPI ex VAT NO+SE (dyoy),2021Q1,0.3183
d_og,4,d food CPI ex VAT NO+SE (dyoy),2021Q2,-2.198
d_og,4,d food CPI ex VAT NO+SE (dyoy),2021Q3,0.8939
d_og,4,d food CPI ex VAT NO+SE (dyoy),2021Q4,-0.6852
d_og,4,d food CPI ex VAT NO+SE (dyoy),2022Q1,0.3982
d_og,4,d food CPI ex VAT NO+SE (dyoy),2022Q2,3.861
d_og,4,d food CPI ex VAT NO+SE (dyoy),2022Q3,0.1374
d_og,4,d food CPI ex VAT NO+SE (dyoy),2022Q4,0.4377
d_og,4,d food CPI ex VAT NO+SE (dyoy),2023Q1,-0.5437
d_og,4,d food CPI ex VAT NO+SE (dyoy),2023Q2,-3.37
d_og,4,d food CPI ex VAT NO+SE (dyoy),2023Q3,-5.511
d_og,4,d food CPI ex VAT NO+SE (dyoy),2023Q4,-4.077
d_og,4,d food CPI ex VAT NO+SE (dyoy),2024Q1,-4.954
d_og,4,d food CPI ex VAT NO+SE (dyoy),2024Q2,-2.014
d_og,4,d food CPI ex VAT NO+SE (dyoy),2024Q3,1.909
d_og,4,d food CPI ex VAT NO+SE (dyoy),2024Q4,1.347
d_og,4,d food CPI ex VAT NO+SE (dyoy),2025Q1,2.926
d_og,4,d food CPI ex VAT NO+SE (dyoy),2025Q2,3.227
d_og,4,d food CPI ex VAT NO+SE (dyoy),2025Q3,3
d_og,4,d food CPI ex VAT NO+SE (dyoy),2025Q4,1.79
d_og,4,d food CPI ex VAT NO+SE (dyoy),2026Q1,0.5699
d_og,4,d food CPI ex VAT NO+SE (dyoy),2026Q2,1.212
d_og,4,d food CPI ex VAT Orkla-wtd (dyoy),2011Q2,-0.2664
d_og,4,d food CPI ex VAT Orkla-wtd (dyoy),2011Q3,1.228
d_og,4,d food CPI ex VAT Orkla-wtd (dyoy),2011Q4,-0.1051
d_og,4,d food CPI ex VAT Orkla-wtd (dyoy),2012Q1,-0.1374
d_og,4,d food CPI ex VAT Orkla-wtd (dyoy),2012Q2,-1.138
d_og,4,d food CPI ex VAT Orkla-wtd (dyoy),2012Q3,-1.538
d_og,4,d food CPI ex VAT Orkla-wtd (dyoy),2012Q4,-1.139
d_og,4,d food CPI ex VAT Orkla-wtd (dyoy),2013Q1,0.2056
d_og,4,d food CPI ex VAT Orkla-wtd (dyoy),2013Q2,-2.188
d_og,4,d food CPI ex VAT Orkla-wtd (dyoy),2013Q3,0.1575
d_og,4,d food CPI ex VAT Orkla-wtd (dyoy),2013Q4,-0.7956
d_og,4,d food CPI ex VAT Orkla-wtd (dyoy),2014Q1,-1.083
d_og,4,d food CPI ex VAT Orkla-wtd (dyoy),2014Q2,0.7893
d_og,4,d food CPI ex VAT Orkla-wtd (dyoy),2014Q3,-0.1734
d_og,4,d food CPI ex VAT Orkla-wtd (dyoy),2014Q4,-0.252
d_og,4,d food CPI ex VAT Orkla-wtd (dyoy),2015Q1,0.02122
d_og,4,d food CPI ex VAT Orkla-wtd (dyoy),2015Q2,-0.7031
d_og,4,d food CPI ex VAT Orkla-wtd (dyoy),2015Q3,-0.155
d_og,4,d food CPI ex VAT Orkla-wtd (dyoy),2015Q4,0.02491
d_og,4,d food CPI ex VAT Orkla-wtd (dyoy),2016Q1,-1.756
d_og,4,d food CPI ex VAT Orkla-wtd (dyoy),2016Q2,-2.175
d_og,4,d food CPI ex VAT Orkla-wtd (dyoy),2016Q3,-2.095
d_og,4,d food CPI ex VAT Orkla-wtd (dyoy),2016Q4,-2.215
d_og,4,d food CPI ex VAT Orkla-wtd (dyoy),2017Q1,-1.084
d_og,4,d food CPI ex VAT Orkla-wtd (dyoy),2017Q2,0.5119
d_og,4,d food CPI ex VAT Orkla-wtd (dyoy),2017Q3,-0.1864
d_og,4,d food CPI ex VAT Orkla-wtd (dyoy),2017Q4,0.4558
d_og,4,d food CPI ex VAT Orkla-wtd (dyoy),2018Q1,1.767
d_og,4,d food CPI ex VAT Orkla-wtd (dyoy),2018Q2,0.3452
d_og,4,d food CPI ex VAT Orkla-wtd (dyoy),2018Q3,0.8141
d_og,4,d food CPI ex VAT Orkla-wtd (dyoy),2018Q4,0.02525
d_og,4,d food CPI ex VAT Orkla-wtd (dyoy),2019Q1,-0.6165
d_og,4,d food CPI ex VAT Orkla-wtd (dyoy),2019Q2,-0.2485
d_og,4,d food CPI ex VAT Orkla-wtd (dyoy),2019Q3,-0.1531
d_og,4,d food CPI ex VAT Orkla-wtd (dyoy),2019Q4,0.3111
d_og,4,d food CPI ex VAT Orkla-wtd (dyoy),2020Q1,-0.2608
d_og,4,d food CPI ex VAT Orkla-wtd (dyoy),2020Q2,0.05572
d_og,4,d food CPI ex VAT Orkla-wtd (dyoy),2020Q3,-0.5407
d_og,4,d food CPI ex VAT Orkla-wtd (dyoy),2020Q4,0.03725
d_og,4,d food CPI ex VAT Orkla-wtd (dyoy),2021Q1,0.3166
d_og,4,d food CPI ex VAT Orkla-wtd (dyoy),2021Q2,-1.958
d_og,4,d food CPI ex VAT Orkla-wtd (dyoy),2021Q3,0.5629
d_og,4,d food CPI ex VAT Orkla-wtd (dyoy),2021Q4,-0.4028
d_og,4,d food CPI ex VAT Orkla-wtd (dyoy),2022Q1,0.07736
d_og,4,d food CPI ex VAT Orkla-wtd (dyoy),2022Q2,3.295
d_og,4,d food CPI ex VAT Orkla-wtd (dyoy),2022Q3,0.6241
d_og,4,d food CPI ex VAT Orkla-wtd (dyoy),2022Q4,0.4716
d_og,4,d food CPI ex VAT Orkla-wtd (dyoy),2023Q1,0.01208
d_og,4,d food CPI ex VAT Orkla-wtd (dyoy),2023Q2,-2.3
d_og,4,d food CPI ex VAT Orkla-wtd (dyoy),2023Q3,-3.649
d_og,4,d food CPI ex VAT Orkla-wtd (dyoy),2023Q4,-2.646
d_og,4,d food CPI ex VAT Orkla-wtd (dyoy),2024Q1,-4.713
d_og,4,d food CPI ex VAT Orkla-wtd (dyoy),2024Q2,-3.013
d_og,4,d food CPI ex VAT Orkla-wtd (dyoy),2024Q3,-0.209
d_og,4,d food CPI ex VAT Orkla-wtd (dyoy),2024Q4,1.334
d_og,4,d food CPI ex VAT Orkla-wtd (dyoy),2025Q1,3.316
d_og,4,d food CPI ex VAT Orkla-wtd (dyoy),2025Q2,4.699
d_og,4,d food CPI ex VAT Orkla-wtd (dyoy),2025Q3,5.029
d_og,4,d food CPI ex VAT Orkla-wtd (dyoy),2025Q4,2.641
d_og,4,d food CPI ex VAT Orkla-wtd (dyoy),2026Q1,1.667
d_og,4,d food CPI ex VAT Orkla-wtd (dyoy),2026Q2,0.9545
d_og,4,d food PPI (dyoy),2011Q2,1.884
d_og,4,d food PPI (dyoy),2011Q3,1.153
d_og,4,d food PPI (dyoy),2011Q4,-0.3935
d_og,4,d food PPI (dyoy),2012Q1,-0.5054
d_og,4,d food PPI (dyoy),2012Q2,-1.561
d_og,4,d food PPI (dyoy),2012Q3,-2.447
d_og,4,d food PPI (dyoy),2012Q4,-1.8
d_og,4,d food PPI (dyoy),2013Q1,-0.2194
d_og,4,d food PPI (dyoy),2013Q2,-2.265
d_og,4,d food PPI (dyoy),2013Q3,0.756
d_og,4,d food PPI (dyoy),2013Q4,-1.051
d_og,4,d food PPI (dyoy),2014Q1,-0.5997
d_og,4,d food PPI (dyoy),2014Q2,1.16
d_og,4,d food PPI (dyoy),2014Q3,0.0752
d_og,4,d food PPI (dyoy),2014Q4,1.162
d_og,4,d food PPI (dyoy),2015Q1,0.5825
d_og,4,d food PPI (dyoy),2015Q2,-0.274
d_og,4,d food PPI (dyoy),2015Q3,-0.6507
d_og,4,d food PPI (dyoy),2015Q4,-0.7345
d_og,4,d food PPI (dyoy),2016Q1,-2.967
d_og,4,d food PPI (dyoy),2016Q2,-2.643
d_og,4,d food PPI (dyoy),2016Q3,-2.315
d_og,4,d food PPI (dyoy),2016Q4,-2.428
d_og,4,d food PPI (dyoy),2017Q1,-1.02
d_og,4,d food PPI (dyoy),2017Q2,0.598
d_og,4,d food PPI (dyoy),2017Q3,-0.3356
d_og,4,d food PPI (dyoy),2017Q4,0.4402
d_og,4,d food PPI (dyoy),2018Q1,1.889
d_og,4,d food PPI (dyoy),2018Q2,0.6576
d_og,4,d food PPI (dyoy),2018Q3,1.098
d_og,4,d food PPI (dyoy),2018Q4,0.1737
d_og,4,d food PPI (dyoy),2019Q1,-0.4218
d_og,4,d food PPI (dyoy),2019Q2,-0.2222
d_og,4,d food PPI (dyoy),2019Q3,0.01076
d_og,4,d food PPI (dyoy),2019Q4,0.4862
d_og,4,d food PPI (dyoy),2020Q1,-0.3698
d_og,4,d food PPI (dyoy),2020Q2,-0.0109
d_og,4,d food PPI (dyoy),2020Q3,-0.6711
d_og,4,d food PPI (dyoy),2020Q4,0.1076
d_og,4,d food PPI (dyoy),2021Q1,0.345
d_og,4,d food PPI (dyoy),2021Q2,-2.107
d_og,4,d food PPI (dyoy),2021Q3,1.034
d_og,4,d food PPI (dyoy),2021Q4,-0.5092
d_og,4,d food PPI (dyoy),2022Q1,0.1265
d_og,4,d food PPI (dyoy),2022Q2,3.172
d_og,4,d food PPI (dyoy),2022Q3,-0.4053
d_og,4,d food PPI (dyoy),2022Q4,-0.2263
d_og,4,d food PPI (dyoy),2023Q1,-0.7199
d_og,4,d food PPI (dyoy),2023Q2,-2.708
d_og,4,d food PPI (dyoy),2023Q3,-3.257
d_og,4,d food PPI (dyoy),2023Q4,-1.679
d_og,4,d food PPI (dyoy),2024Q1,-2.758
d_og,4,d food PPI (dyoy),2024Q2,-0.7167
d_og,4,d food PPI (dyoy),2024Q3,1.373
d_og,4,d food PPI (dyoy),2024Q4,0.9009
d_og,4,d food PPI (dyoy),2025Q1,2.801
d_og,4,d food PPI (dyoy),2025Q2,3.867
d_og,4,d food PPI (dyoy),2025Q3,3.816
d_og,4,d food PPI (dyoy),2025Q4,1.527
d_og,4,d food PPI (dyoy),2026Q1,0.8302
d_og,4,d food PPI (dyoy),2026Q2,1.507
